  0
SECTION
  2
HEADER
  9
$ACADVER
  1
AC1027
  9
$ACADMAINTVER
 70
105
  9
$DWGCODEPAGE
  3
ANSI_1252
  9
$LASTSAVEDBY
  1
ezdxf
  9
$REQUIREDVERSIONS
160
0
  9
$INSBASE
 10
0.0
 20
0.0
 30
0.0
  9
$EXTMIN
 10
1e+20
 20
1e+20
 30
1e+20
  9
$EXTMAX
 10
-1e+20
 20
-1e+20
 30
-1e+20
  9
$LIMMIN
 10
0.0
 20
0.0
  9
$LIMMAX
 10
420.0
 20
297.0
  9
$ORTHOMODE
 70
0
  9
$REGENMODE
 70
1
  9
$FILLMODE
 70
1
  9
$QTEXTMODE
 70
0
  9
$MIRRTEXT
 70
1
  9
$LTSCALE
 40
1.0
  9
$ATTMODE
 70
1
  9
$TEXTSIZE
 40
2.5
  9
$TRACEWID
 40
1.0
  9
$TEXTSTYLE
  7
Standard
  9
$CLAYER
  8
0
  9
$CELTYPE
  6
ByLayer
  9
$CECOLOR
 62
256
  9
$CELTSCALE
 40
1.0
  9
$DISPSILH
 70
0
  9
$DIMSCALE
 40
1.0
  9
$DIMASZ
 40
2.5
  9
$DIMEXO
 40
0.625
  9
$DIMDLI
 40
3.75
  9
$DIMRND
 40
0.0
  9
$DIMDLE
 40
0.0
  9
$DIMEXE
 40
1.25
  9
$DIMTP
 40
0.0
  9
$DIMTM
 40
0.0
  9
$DIMTXT
 40
2.5
  9
$DIMCEN
 40
2.5
  9
$DIMTSZ
 40
0.0
  9
$DIMTOL
 70
0
  9
$DIMLIM
 70
0
  9
$DIMTIH
 70
0
  9
$DIMTOH
 70
0
  9
$DIMSE1
 70
0
  9
$DIMSE2
 70
0
  9
$DIMTAD
 70
1
  9
$DIMZIN
 70
8
  9
$DIMBLK
  1

  9
$DIMASO
 70
1
  9
$DIMSHO
 70
1
  9
$DIMPOST
  1

  9
$DIMAPOST
  1

  9
$DIMALT
 70
0
  9
$DIMALTD
 70
3
  9
$DIMALTF
 40
0.03937007874
  9
$DIMLFAC
 40
1.0
  9
$DIMTOFL
 70
1
  9
$DIMTVP
 40
0.0
  9
$DIMTIX
 70
0
  9
$DIMSOXD
 70
0
  9
$DIMSAH
 70
0
  9
$DIMBLK1
  1

  9
$DIMBLK2
  1

  9
$DIMSTYLE
  2
ISO-25
  9
$DIMCLRD
 70
0
  9
$DIMCLRE
 70
0
  9
$DIMCLRT
 70
0
  9
$DIMTFAC
 40
1.0
  9
$DIMGAP
 40
0.625
  9
$DIMJUST
 70
0
  9
$DIMSD1
 70
0
  9
$DIMSD2
 70
0
  9
$DIMTOLJ
 70
0
  9
$DIMTZIN
 70
8
  9
$DIMALTZ
 70
0
  9
$DIMALTTZ
 70
0
  9
$DIMUPT
 70
0
  9
$DIMDEC
 70
2
  9
$DIMTDEC
 70
2
  9
$DIMALTU
 70
2
  9
$DIMALTTD
 70
3
  9
$DIMTXSTY
  7
Standard
  9
$DIMAUNIT
 70
0
  9
$DIMADEC
 70
0
  9
$DIMALTRND
 40
0.0
  9
$DIMAZIN
 70
0
  9
$DIMDSEP
 70
44
  9
$DIMATFIT
 70
3
  9
$DIMFRAC
 70
0
  9
$DIMLDRBLK
  1

  9
$DIMLUNIT
 70
2
  9
$DIMLWD
 70
-2
  9
$DIMLWE
 70
-2
  9
$DIMTMOVE
 70
0
  9
$DIMFXL
 40
1.0
  9
$DIMFXLON
 70
0
  9
$DIMJOGANG
 40
0.785398163397
  9
$DIMTFILL
 70
0
  9
$DIMTFILLCLR
 70
0
  9
$DIMARCSYM
 70
0
  9
$DIMLTYPE
  6

  9
$DIMLTEX1
  6

  9
$DIMLTEX2
  6

  9
$DIMTXTDIRECTION
 70
0
  9
$LUNITS
 70
2
  9
$LUPREC
 70
4
  9
$SKETCHINC
 40
1.0
  9
$FILLETRAD
 40
10.0
  9
$AUNITS
 70
0
  9
$AUPREC
 70
2
  9
$MENU
  1
.
  9
$ELEVATION
 40
0.0
  9
$PELEVATION
 40
0.0
  9
$THICKNESS
 40
0.0
  9
$LIMCHECK
 70
0
  9
$CHAMFERA
 40
0.0
  9
$CHAMFERB
 40
0.0
  9
$CHAMFERC
 40
0.0
  9
$CHAMFERD
 40
0.0
  9
$SKPOLY
 70
0
  9
$TDCREATE
 40
2461286.700324074
  9
$TDUCREATE
 40
2458532.153996898
  9
$TDUPDATE
 40
2461286.700324074
  9
$TDUUPDATE
 40
2458532.1544311
  9
$TDINDWG
 40
0.0
  9
$TDUSRTIMER
 40
0.0
  9
$USRTIMER
 70
1
  9
$ANGBASE
 50
0.0
  9
$ANGDIR
 70
0
  9
$PDMODE
 70
0
  9
$PDSIZE
 40
0.0
  9
$PLINEWID
 40
0.0
  9
$SPLFRAME
 70
0
  9
$SPLINETYPE
 70
6
  9
$SPLINESEGS
 70
8
  9
$HANDSEED
  5
E83
  9
$SURFTAB1
 70
6
  9
$SURFTAB2
 70
6
  9
$SURFTYPE
 70
6
  9
$SURFU
 70
6
  9
$SURFV
 70
6
  9
$UCSBASE
  2

  9
$UCSNAME
  2

  9
$UCSORG
 10
0.0
 20
0.0
 30
0.0
  9
$UCSXDIR
 10
1.0
 20
0.0
 30
0.0
  9
$UCSYDIR
 10
0.0
 20
1.0
 30
0.0
  9
$UCSORTHOREF
  2

  9
$UCSORTHOVIEW
 70
0
  9
$UCSORGTOP
 10
0.0
 20
0.0
 30
0.0
  9
$UCSORGBOTTOM
 10
0.0
 20
0.0
 30
0.0
  9
$UCSORGLEFT
 10
0.0
 20
0.0
 30
0.0
  9
$UCSORGRIGHT
 10
0.0
 20
0.0
 30
0.0
  9
$UCSORGFRONT
 10
0.0
 20
0.0
 30
0.0
  9
$UCSORGBACK
 10
0.0
 20
0.0
 30
0.0
  9
$PUCSBASE
  2

  9
$PUCSNAME
  2

  9
$PUCSORG
 10
0.0
 20
0.0
 30
0.0
  9
$PUCSXDIR
 10
1.0
 20
0.0
 30
0.0
  9
$PUCSYDIR
 10
0.0
 20
1.0
 30
0.0
  9
$PUCSORTHOREF
  2

  9
$PUCSORTHOVIEW
 70
0
  9
$PUCSORGTOP
 10
0.0
 20
0.0
 30
0.0
  9
$PUCSORGBOTTOM
 10
0.0
 20
0.0
 30
0.0
  9
$PUCSORGLEFT
 10
0.0
 20
0.0
 30
0.0
  9
$PUCSORGRIGHT
 10
0.0
 20
0.0
 30
0.0
  9
$PUCSORGFRONT
 10
0.0
 20
0.0
 30
0.0
  9
$PUCSORGBACK
 10
0.0
 20
0.0
 30
0.0
  9
$USERI1
 70
0
  9
$USERI2
 70
0
  9
$USERI3
 70
0
  9
$USERI4
 70
0
  9
$USERI5
 70
0
  9
$USERR1
 40
0.0
  9
$USERR2
 40
0.0
  9
$USERR3
 40
0.0
  9
$USERR4
 40
0.0
  9
$USERR5
 40
0.0
  9
$WORLDVIEW
 70
1
  9
$SHADEDGE
 70
3
  9
$SHADEDIF
 70
70
  9
$TILEMODE
 70
1
  9
$MAXACTVP
 70
64
  9
$PINSBASE
 10
0.0
 20
0.0
 30
0.0
  9
$PLIMCHECK
 70
0
  9
$PEXTMIN
 10
1e+20
 20
1e+20
 30
1e+20
  9
$PEXTMAX
 10
-1e+20
 20
-1e+20
 30
-1e+20
  9
$PLIMMIN
 10
0.0
 20
0.0
  9
$PLIMMAX
 10
420.0
 20
297.0
  9
$UNITMODE
 70
0
  9
$VISRETAIN
 70
1
  9
$PLINEGEN
 70
0
  9
$PSLTSCALE
 70
1
  9
$TREEDEPTH
 70
3020
  9
$CMLSTYLE
  2
Standard
  9
$CMLJUST
 70
0
  9
$CMLSCALE
 40
20.0
  9
$PROXYGRAPHICS
 70
1
  9
$MEASUREMENT
 70
1
  9
$CELWEIGHT
370
-1
  9
$ENDCAPS
280
0
  9
$JOINSTYLE
280
0
  9
$LWDISPLAY
290
0
  9
$INSUNITS
 70
4
  9
$HYPERLINKBASE
  1

  9
$STYLESHEET
  1

  9
$XEDIT
290
1
  9
$CEPSNTYPE
380
0
  9
$PSTYLEMODE
290
1
  9
$FINGERPRINTGUID
  2
{F608344A-0BEA-4821-AC32-FA3BE3F225F7}
  9
$VERSIONGUID
  2
{67B9F0B8-B328-4038-85BD-2FD410423DC2}
  9
$EXTNAMES
290
1
  9
$PSVPSCALE
 40
0.0
  9
$OLESTARTUP
290
0
  9
$SORTENTS
280
127
  9
$INDEXCTL
280
0
  9
$HIDETEXT
280
1
  9
$XCLIPFRAME
280
1
  9
$HALOGAP
280
0
  9
$OBSCOLOR
 70
257
  9
$OBSLTYPE
280
0
  9
$INTERSECTIONDISPLAY
280
0
  9
$INTERSECTIONCOLOR
 70
257
  9
$DIMASSOC
280
2
  9
$PROJECTNAME
  1

  9
$CAMERADISPLAY
290
0
  9
$LENSLENGTH
 40
50.0
  9
$CAMERAHEIGHT
 40
0.0
  9
$STEPSPERSEC
 40
24.0
  9
$STEPSIZE
 40
100.0
  9
$3DDWFPREC
 40
2.0
  9
$PSOLWIDTH
 40
0.005
  9
$PSOLHEIGHT
 40
0.08
  9
$LOFTANG1
 40
1.570796326795
  9
$LOFTANG2
 40
1.570796326795
  9
$LOFTMAG1
 40
0.0
  9
$LOFTMAG2
 40
0.0
  9
$LOFTPARAM
 70
7
  9
$LOFTNORMALS
280
1
  9
$LATITUDE
 40
37.795
  9
$LONGITUDE
 40
-122.394
  9
$NORTHDIRECTION
 40
0.0
  9
$TIMEZONE
 70
-8000
  9
$LIGHTGLYPHDISPLAY
280
1
  9
$TILEMODELIGHTSYNCH
280
1
  9
$CMATERIAL
347
20
  9
$SOLIDHIST
280
0
  9
$SHOWHIST
280
1
  9
$DWFFRAME
280
2
  9
$DGNFRAME
280
2
  9
$REALWORLDSCALE
290
1
  9
$INTERFERECOLOR
 62
256
  9
$CSHADOW
280
0
  9
$SHADOWPLANELOCATION
 40
0.0
  0
ENDSEC
  0
SECTION
  2
CLASSES
  0
CLASS
  1
ACDBDICTIONARYWDFLT
  2
AcDbDictionaryWithDefault
  3
ObjectDBX Classes
 90
0
 91
0
280
0
281
0
  0
CLASS
  1
SUN
  2
AcDbSun
  3
SCENEOE
 90
1153
 91
0
280
0
281
0
  0
CLASS
  1
VISUALSTYLE
  2
AcDbVisualStyle
  3
ObjectDBX Classes
 90
4095
 91
0
280
0
281
0
  0
CLASS
  1
MATERIAL
  2
AcDbMaterial
  3
ObjectDBX Classes
 90
1153
 91
0
280
0
281
0
  0
CLASS
  1
SCALE
  2
AcDbScale
  3
ObjectDBX Classes
 90
1153
 91
0
280
0
281
0
  0
CLASS
  1
TABLESTYLE
  2
AcDbTableStyle
  3
ObjectDBX Classes
 90
4095
 91
0
280
0
281
0
  0
CLASS
  1
MLEADERSTYLE
  2
AcDbMLeaderStyle
  3
ACDB_MLEADERSTYLE_CLASS
 90
4095
 91
0
280
0
281
0
  0
CLASS
  1
DICTIONARYVAR
  2
AcDbDictionaryVar
  3
ObjectDBX Classes
 90
0
 91
0
280
0
281
0
  0
CLASS
  1
CELLSTYLEMAP
  2
AcDbCellStyleMap
  3
ObjectDBX Classes
 90
1152
 91
0
280
0
281
0
  0
CLASS
  1
MENTALRAYRENDERSETTINGS
  2
AcDbMentalRayRenderSettings
  3
SCENEOE
 90
1024
 91
0
280
0
281
0
  0
CLASS
  1
ACDBDETAILVIEWSTYLE
  2
AcDbDetailViewStyle
  3
ObjectDBX Classes
 90
1025
 91
0
280
0
281
0
  0
CLASS
  1
ACDBSECTIONVIEWSTYLE
  2
AcDbSectionViewStyle
  3
ObjectDBX Classes
 90
1025
 91
0
280
0
281
0
  0
CLASS
  1
RASTERVARIABLES
  2
AcDbRasterVariables
  3
ISM
 90
0
 91
0
280
0
281
0
  0
CLASS
  1
LAYOUT
  2
AcDbLayout
  3
ObjectDBX Classes
 90
0
 91
0
280
0
281
0
  0
CLASS
  1
ACDBPLACEHOLDER
  2
AcDbPlaceHolder
  3
ObjectDBX Classes
 90
0
 91
0
280
0
281
0
  0
ENDSEC
  0
SECTION
  2
TABLES
  0
TABLE
  2
VPORT
  5
8
330
0
100
AcDbSymbolTable
 70
1
  0
VPORT
  5
E7F
330
8
100
AcDbSymbolTableRecord
100
AcDbViewportTableRecord
  2
*Active
 70
0
 10
0.0
 20
0.0
 11
1.0
 21
1.0
 12
-0.9170699999999989
 22
0.43394000000000155
 13
0.0
 23
0.0
 14
0.5
 24
0.5
 15
0.5
 25
0.5
 16
0.0
 26
0.0
 36
1.0
 17
0.0
 27
0.0
 37
0.0
 40
27.59814
 41
1.34
 42
50.0
 43
0.0
 44
0.0
 50
0.0
 51
0.0
 71
0
 72
1000
 73
1
 74
3
 75
0
 76
0
 77
0
 78
0
281
0
 65
1
110
0.0
120
0.0
130
0.0
111
1.0
121
0.0
131
0.0
112
0.0
122
1.0
132
0.0
 79
0
146
0.0
  0
ENDTAB
  0
TABLE
  2
LTYPE
  5
2
330
0
100
AcDbSymbolTable
 70
3
  0
LTYPE
  5
24
330
2
100
AcDbSymbolTableRecord
100
AcDbLinetypeTableRecord
  2
ByBlock
 70
0
  3

 72
65
 73
0
 40
0.0
  0
LTYPE
  5
25
330
2
100
AcDbSymbolTableRecord
100
AcDbLinetypeTableRecord
  2
ByLayer
 70
0
  3

 72
65
 73
0
 40
0.0
  0
LTYPE
  5
26
330
2
100
AcDbSymbolTableRecord
100
AcDbLinetypeTableRecord
  2
Continuous
 70
0
  3

 72
65
 73
0
 40
0.0
  0
ENDTAB
  0
TABLE
  2
LAYER
  5
1
330
0
100
AcDbSymbolTable
 70
2
  0
LAYER
  5
27
330
1
100
AcDbSymbolTableRecord
100
AcDbLayerTableRecord
  2
0
 70
0
 62
7
  6
Continuous
370
-3
390
13
347
21
  0
LAYER
  5
28
330
1
100
AcDbSymbolTableRecord
100
AcDbLayerTableRecord
  2
Defpoints
 70
0
 62
7
  6
Continuous
290
0
370
-3
390
13
347
21
  0
ENDTAB
  0
TABLE
  2
STYLE
  5
5
330
0
100
AcDbSymbolTable
 70
1
  0
STYLE
  5
29
330
5
100
AcDbSymbolTableRecord
100
AcDbTextStyleTableRecord
  2
Standard
 70
0
 40
0.0
 41
1.0
 50
0.0
 71
0
 42
2.5
  3
txt
  4

  0
ENDTAB
  0
TABLE
  2
VIEW
  5
7
330
0
100
AcDbSymbolTable
 70
0
  0
ENDTAB
  0
TABLE
  2
UCS
  5
6
330
0
100
AcDbSymbolTable
 70
0
  0
ENDTAB
  0
TABLE
  2
APPID
  5
3
330
0
100
AcDbSymbolTable
 70
3
  0
APPID
  5
2A
330
3
100
AcDbSymbolTableRecord
100
AcDbRegAppTableRecord
  2
ACAD
 70
0
  0
APPID
  5
E80
330
3
100
AcDbSymbolTableRecord
100
AcDbRegAppTableRecord
  2
HATCHBACKGROUNDCOLOR
 70
0
  0
APPID
  5
E81
330
3
100
AcDbSymbolTableRecord
100
AcDbRegAppTableRecord
  2
EZDXF
 70
0
  0
ENDTAB
  0
TABLE
  2
DIMSTYLE
  5
4
330
0
100
AcDbSymbolTable
 70
1
100
AcDbDimStyleTable
  0
DIMSTYLE
105
2B
330
4
100
AcDbSymbolTableRecord
100
AcDbDimStyleTableRecord
  2
Standard
 70
0
 40
1.0
 41
2.5
 42
0.625
 43
3.75
 44
1.25
 45
0.0
 46
0.0
 47
0.0
 48
0.0
 49
2.5
140
2.5
141
2.5
142
0.0
143
0.03937007874
144
1.0
145
0.0
146
1.0
147
0.625
148
0.0
 69
0
 70
0
 71
0
 72
0
 73
0
 74
0
 75
0
 76
0
 77
1
 78
8
 79
3
170
0
171
3
172
1
173
0
174
0
175
0
176
0
177
0
178
0
179
2
271
2
272
2
273
2
274
3
275
0
276
0
277
2
278
44
279
0
280
0
281
0
282
0
283
0
284
8
285
0
286
0
288
0
289
3
290
0
371
-2
372
-2
  0
ENDTAB
  0
TABLE
  2
BLOCK_RECORD
  5
9
330
0
100
AcDbSymbolTable
 70
2
  0
BLOCK_RECORD
  5
17
330
9
100
AcDbSymbolTableRecord
100
AcDbBlockTableRecord
  2
*Model_Space
340
1A
 70
0
280
1
281
0
  0
BLOCK_RECORD
  5
1B
330
9
100
AcDbSymbolTableRecord
100
AcDbBlockTableRecord
  2
*Paper_Space
340
1E
 70
0
280
1
281
0
  0
ENDTAB
  0
ENDSEC
  0
SECTION
  2
BLOCKS
  0
BLOCK
  5
18
330
17
100
AcDbEntity
  8
0
100
AcDbBlockBegin
  2
*Model_Space
 70
0
 10
0.0
 20
0.0
 30
0.0
  3
*Model_Space
  1

  0
ENDBLK
  5
19
330
17
100
AcDbEntity
  8
0
100
AcDbBlockEnd
  0
BLOCK
  5
1C
330
1B
100
AcDbEntity
  8
0
100
AcDbBlockBegin
  2
*Paper_Space
 70
0
 10
0.0
 20
0.0
 30
0.0
  3
*Paper_Space
  1

  0
ENDBLK
  5
1D
330
1B
100
AcDbEntity
  8
0
100
AcDbBlockEnd
  0
ENDSEC
  0
SECTION
  2
ENTITIES
  0
LINE
  5
2F
330
17
100
AcDbEntity
  8
0
100
AcDbLine
 10
-3.6758300000000004
 20
4.7715700000000005
 30
0.0
 11
-3.2417499999999997
 21
4.93887
 31
0.0
  0
LINE
  5
30
330
17
100
AcDbEntity
  8
0
100
AcDbLine
 10
-3.2417499999999997
 20
4.93887
 30
0.0
 11
-2.82653
 21
5.148630000000001
 31
0.0
  0
LINE
  5
31
330
17
100
AcDbEntity
  8
0
100
AcDbLine
 10
-2.82653
 20
5.148630000000001
 30
0.0
 11
-2.43431
 21
5.39876
 31
0.0
  0
LINE
  5
32
330
17
100
AcDbEntity
  8
0
100
AcDbLine
 10
-2.43431
 20
5.39876
 30
0.0
 11
-2.29126
 21
5.50667
 31
0.0
  0
LINE
  5
33
330
17
100
AcDbEntity
  8
0
100
AcDbLine
 10
-2.29126
 20
5.50667
 30
0.0
 11
-2.15463
 21
5.6226
 31
0.0
  0
LINE
  5
34
330
17
100
AcDbEntity
  8
0
100
AcDbLine
 10
-2.15463
 20
5.6226
 30
0.0
 11
-1.82961
 21
5.93258
 31
0.0
  0
LINE
  5
35
330
17
100
AcDbEntity
  8
0
100
AcDbLine
 10
-1.82961
 20
5.93258
 30
0.0
 11
-1.5208400000000002
 21
6.263859999999999
 31
0.0
  0
LINE
  5
36
330
17
100
AcDbEntity
  8
0
100
AcDbLine
 10
-1.5208400000000002
 20
6.263859999999999
 30
0.0
 11
-1.29097
 21
6.55528
 31
0.0
  0
LINE
  5
37
330
17
100
AcDbEntity
  8
0
100
AcDbLine
 10
-1.29097
 20
6.55528
 30
0.0
 11
-0.97339
 21
7.05985
 31
0.0
  0
LINE
  5
38
330
17
100
AcDbEntity
  8
0
100
AcDbLine
 10
-0.97339
 20
7.05985
 30
0.0
 11
-0.7033200000000001
 21
7.60639
 31
0.0
  0
LINE
  5
39
330
17
100
AcDbEntity
  8
0
100
AcDbLine
 10
-0.7033200000000001
 20
7.60639
 30
0.0
 11
-0.49058999999999997
 21
8.172820000000002
 31
0.0
  0
LINE
  5
3A
330
17
100
AcDbEntity
  8
0
100
AcDbLine
 10
-0.49058999999999997
 20
8.172820000000002
 30
0.0
 11
-0.40970999999999996
 21
8.45283
 31
0.0
  0
LINE
  5
3B
330
17
100
AcDbEntity
  8
0
100
AcDbLine
 10
-0.40970999999999996
 20
8.45283
 30
0.0
 11
-0.34462000000000004
 21
8.736930000000001
 31
0.0
  0
LINE
  5
3C
330
17
100
AcDbEntity
  8
0
100
AcDbLine
 10
-0.34462000000000004
 20
8.736930000000001
 30
0.0
 11
-0.31877
 21
8.8896
 31
0.0
  0
LINE
  5
3D
330
17
100
AcDbEntity
  8
0
100
AcDbLine
 10
-0.31877
 20
8.8896
 30
0.0
 11
-0.30195
 21
9.04352
 31
0.0
  0
LINE
  5
3E
330
17
100
AcDbEntity
  8
0
100
AcDbLine
 10
-0.30195
 20
9.04352
 30
0.0
 11
-0.27845000000000003
 21
9.46591
 31
0.0
  0
LINE
  5
3F
330
17
100
AcDbEntity
  8
0
100
AcDbLine
 10
-0.27845000000000003
 20
9.46591
 30
0.0
 11
-0.27497
 21
9.88675
 31
0.0
  0
LINE
  5
40
330
17
100
AcDbEntity
  8
0
100
AcDbLine
 10
-0.27497
 20
9.88675
 30
0.0
 11
-0.28200000000000003
 21
10.036669999999999
 31
0.0
  0
LINE
  5
41
330
17
100
AcDbEntity
  8
0
100
AcDbLine
 10
-0.28200000000000003
 20
10.036669999999999
 30
0.0
 11
-0.29845
 21
10.18585
 31
0.0
  0
LINE
  5
42
330
17
100
AcDbEntity
  8
0
100
AcDbLine
 10
-0.29845
 20
10.18585
 30
0.0
 11
-0.3703
 21
10.57997
 31
0.0
  0
LINE
  5
43
330
17
100
AcDbEntity
  8
0
100
AcDbLine
 10
-0.3703
 20
10.57997
 30
0.0
 11
-0.47266
 21
10.9673
 31
0.0
  0
LINE
  5
44
330
17
100
AcDbEntity
  8
0
100
AcDbLine
 10
-0.47266
 20
10.9673
 30
0.0
 11
-0.6017
 21
11.330689999999999
 31
0.0
  0
LINE
  5
45
330
17
100
AcDbEntity
  8
0
100
AcDbLine
 10
-0.6017
 20
11.330689999999999
 30
0.0
 11
-0.762
 21
11.68141
 31
0.0
  0
LINE
  5
46
330
17
100
AcDbEntity
  8
0
100
AcDbLine
 10
-0.762
 20
11.68141
 30
0.0
 11
-0.95082
 21
12.01375
 31
0.0
  0
LINE
  5
47
330
17
100
AcDbEntity
  8
0
100
AcDbLine
 10
-0.95082
 20
12.01375
 30
0.0
 11
-1.16825
 21
12.32812
 31
0.0
  0
LINE
  5
48
330
17
100
AcDbEntity
  8
0
100
AcDbLine
 10
-1.16825
 20
12.32812
 30
0.0
 11
-1.41724
 21
12.62941
 31
0.0
  0
LINE
  5
49
330
17
100
AcDbEntity
  8
0
100
AcDbLine
 10
-1.41724
 20
12.62941
 30
0.0
 11
-1.69026
 21
12.90911
 31
0.0
  0
LINE
  5
4A
330
17
100
AcDbEntity
  8
0
100
AcDbLine
 10
-1.69026
 20
12.90911
 30
0.0
 11
-1.9440499999999998
 21
13.13226
 31
0.0
  0
LINE
  5
4B
330
17
100
AcDbEntity
  8
0
100
AcDbLine
 10
-1.9440499999999998
 20
13.13226
 30
0.0
 11
-2.21276
 21
13.33719
 31
0.0
  0
LINE
  5
4C
330
17
100
AcDbEntity
  8
0
100
AcDbLine
 10
-2.21276
 20
13.33719
 30
0.0
 11
-2.48856
 21
13.51752
 31
0.0
  0
LINE
  5
4D
330
17
100
AcDbEntity
  8
0
100
AcDbLine
 10
-2.48856
 20
13.51752
 30
0.0
 11
-2.77711
 21
13.67662
 31
0.0
  0
LINE
  5
4E
330
17
100
AcDbEntity
  8
0
100
AcDbLine
 10
-2.77711
 20
13.67662
 30
0.0
 11
-3.07586
 21
13.81311
 31
0.0
  0
LINE
  5
4F
330
17
100
AcDbEntity
  8
0
100
AcDbLine
 10
-3.07586
 20
13.81311
 30
0.0
 11
-3.38405
 21
13.92669
 31
0.0
  0
LINE
  5
50
330
17
100
AcDbEntity
  8
0
100
AcDbLine
 10
-3.38405
 20
13.92669
 30
0.0
 11
-3.70586
 21
14.01914
 31
0.0
  0
LINE
  5
51
330
17
100
AcDbEntity
  8
0
100
AcDbLine
 10
-3.70586
 20
14.01914
 30
0.0
 11
-4.03344
 21
14.08845
 31
0.0
  0
LINE
  5
52
330
17
100
AcDbEntity
  8
0
100
AcDbLine
 10
-4.03344
 20
14.08845
 30
0.0
 11
-4.229240000000001
 21
14.11617
 31
0.0
  0
LINE
  5
53
330
17
100
AcDbEntity
  8
0
100
AcDbLine
 10
-4.229240000000001
 20
14.11617
 30
0.0
 11
-4.42642
 21
14.13121
 31
0.0
  0
LINE
  5
54
330
17
100
AcDbEntity
  8
0
100
AcDbLine
 10
-4.42642
 20
14.13121
 30
0.0
 11
-4.93583
 21
14.137979999999999
 31
0.0
  0
LINE
  5
55
330
17
100
AcDbEntity
  8
0
100
AcDbLine
 10
-4.93583
 20
14.137979999999999
 30
0.0
 11
-5.43883
 21
14.11394
 31
0.0
  0
LINE
  5
56
330
17
100
AcDbEntity
  8
0
100
AcDbLine
 10
-5.43883
 20
14.11394
 30
0.0
 11
-5.62395
 21
14.09258
 31
0.0
  0
LINE
  5
57
330
17
100
AcDbEntity
  8
0
100
AcDbLine
 10
-5.62395
 20
14.09258
 30
0.0
 11
-5.80701
 21
14.05772
 31
0.0
  0
LINE
  5
58
330
17
100
AcDbEntity
  8
0
100
AcDbLine
 10
-5.80701
 20
14.05772
 30
0.0
 11
-6.35266
 21
13.90662
 31
0.0
  0
LINE
  5
59
330
17
100
AcDbEntity
  8
0
100
AcDbLine
 10
-6.35266
 20
13.90662
 30
0.0
 11
-6.6004499999999995
 21
13.817960000000001
 31
0.0
  0
LINE
  5
5A
330
17
100
AcDbEntity
  8
0
100
AcDbLine
 10
-6.6004499999999995
 20
13.817960000000001
 30
0.0
 11
-6.84285
 21
13.715480000000001
 31
0.0
  0
LINE
  5
5B
330
17
100
AcDbEntity
  8
0
100
AcDbLine
 10
-6.84285
 20
13.715480000000001
 30
0.0
 11
-7.07096
 21
13.603169999999999
 31
0.0
  0
LINE
  5
5C
330
17
100
AcDbEntity
  8
0
100
AcDbLine
 10
-7.07096
 20
13.603169999999999
 30
0.0
 11
-7.2921000000000005
 21
13.47769
 31
0.0
  0
LINE
  5
5D
330
17
100
AcDbEntity
  8
0
100
AcDbLine
 10
-7.2921000000000005
 20
13.47769
 30
0.0
 11
-7.50765
 21
13.338330000000001
 31
0.0
  0
LINE
  5
5E
330
17
100
AcDbEntity
  8
0
100
AcDbLine
 10
-7.50765
 20
13.338330000000001
 30
0.0
 11
-7.714910000000001
 21
13.18691
 31
0.0
  0
LINE
  5
5F
330
17
100
AcDbEntity
  8
0
100
AcDbLine
 10
-7.714910000000001
 20
13.18691
 30
0.0
 11
-8.164390000000001
 21
12.825970000000002
 31
0.0
  0
LINE
  5
60
330
17
100
AcDbEntity
  8
0
100
AcDbLine
 10
-8.164390000000001
 20
12.825970000000002
 30
0.0
 11
-8.52101
 21
12.51064
 31
0.0
  0
LINE
  5
61
330
17
100
AcDbEntity
  8
0
100
AcDbLine
 10
-8.52101
 20
12.51064
 30
0.0
 11
-8.81183
 21
12.21712
 31
0.0
  0
LINE
  5
62
330
17
100
AcDbEntity
  8
0
100
AcDbLine
 10
-8.81183
 20
12.21712
 30
0.0
 11
-9.059050000000001
 21
11.923869999999999
 31
0.0
  0
LINE
  5
63
330
17
100
AcDbEntity
  8
0
100
AcDbLine
 10
-9.059050000000001
 20
11.923869999999999
 30
0.0
 11
-9.31836
 21
11.54785
 31
0.0
  0
LINE
  5
64
330
17
100
AcDbEntity
  8
0
100
AcDbLine
 10
-9.31836
 20
11.54785
 30
0.0
 11
-9.537149999999999
 21
11.146889999999999
 31
0.0
  0
LINE
  5
65
330
17
100
AcDbEntity
  8
0
100
AcDbLine
 10
-9.537149999999999
 20
11.146889999999999
 30
0.0
 11
-9.710669999999999
 21
10.729199999999999
 31
0.0
  0
LINE
  5
66
330
17
100
AcDbEntity
  8
0
100
AcDbLine
 10
-9.710669999999999
 20
10.729199999999999
 30
0.0
 11
-9.83845
 21
10.29533
 31
0.0
  0
LINE
  5
67
330
17
100
AcDbEntity
  8
0
100
AcDbLine
 10
-9.83845
 20
10.29533
 30
0.0
 11
-9.92099
 21
9.8423
 31
0.0
  0
LINE
  5
68
330
17
100
AcDbEntity
  8
0
100
AcDbLine
 10
-9.92099
 20
9.8423
 30
0.0
 11
-9.955530000000001
 21
9.38312
 31
0.0
  0
LINE
  5
69
330
17
100
AcDbEntity
  8
0
100
AcDbLine
 10
-9.955530000000001
 20
9.38312
 30
0.0
 11
-9.94404
 21
8.9033
 31
0.0
  0
LINE
  5
6A
330
17
100
AcDbEntity
  8
0
100
AcDbLine
 10
-9.94404
 20
8.9033
 30
0.0
 11
-9.888110000000001
 21
8.42662
 31
0.0
  0
LINE
  5
6B
330
17
100
AcDbEntity
  8
0
100
AcDbLine
 10
-9.888110000000001
 20
8.42662
 30
0.0
 11
-9.78206
 21
7.94694
 31
0.0
  0
LINE
  5
6C
330
17
100
AcDbEntity
  8
0
100
AcDbLine
 10
-9.78206
 20
7.94694
 30
0.0
 11
-9.624590000000001
 21
7.48161
 31
0.0
  0
LINE
  5
6D
330
17
100
AcDbEntity
  8
0
100
AcDbLine
 10
-9.624590000000001
 20
7.48161
 30
0.0
 11
-9.41584
 21
7.02999
 31
0.0
  0
LINE
  5
6E
330
17
100
AcDbEntity
  8
0
100
AcDbLine
 10
-9.41584
 20
7.02999
 30
0.0
 11
-9.161050000000001
 21
6.60266
 31
0.0
  0
LINE
  5
6F
330
17
100
AcDbEntity
  8
0
100
AcDbLine
 10
-9.161050000000001
 20
6.60266
 30
0.0
 11
-8.863029999999998
 21
6.20431
 31
0.0
  0
LINE
  5
70
330
17
100
AcDbEntity
  8
0
100
AcDbLine
 10
-8.863029999999998
 20
6.20431
 30
0.0
 11
-8.52502
 21
5.83927
 31
0.0
  0
LINE
  5
71
330
17
100
AcDbEntity
  8
0
100
AcDbLine
 10
-8.52502
 20
5.83927
 30
0.0
 11
-8.15483
 21
5.51648
 31
0.0
  0
LINE
  5
72
330
17
100
AcDbEntity
  8
0
100
AcDbLine
 10
-8.15483
 20
5.51648
 30
0.0
 11
-7.75179
 21
5.23578
 31
0.0
  0
LINE
  5
73
330
17
100
AcDbEntity
  8
0
100
AcDbLine
 10
-7.75179
 20
5.23578
 30
0.0
 11
-7.343299999999999
 21
5.01031
 31
0.0
  0
LINE
  5
74
330
17
100
AcDbEntity
  8
0
100
AcDbLine
 10
-7.343299999999999
 20
5.01031
 30
0.0
 11
-6.91449
 21
4.82642
 31
0.0
  0
LINE
  5
75
330
17
100
AcDbEntity
  8
0
100
AcDbLine
 10
-6.91449
 20
4.82642
 30
0.0
 11
-6.46956
 21
4.685919999999999
 31
0.0
  0
LINE
  5
76
330
17
100
AcDbEntity
  8
0
100
AcDbLine
 10
-6.46956
 20
4.685919999999999
 30
0.0
 11
-6.0074000000000005
 21
4.58817
 31
0.0
  0
LINE
  5
77
330
17
100
AcDbEntity
  8
0
100
AcDbLine
 10
-6.0074000000000005
 20
4.58817
 30
0.0
 11
-5.53802
 21
4.53499
 31
0.0
  0
LINE
  5
78
330
17
100
AcDbEntity
  8
0
100
AcDbLine
 10
-5.53802
 20
4.53499
 30
0.0
 11
-5.06571
 21
4.52687
 31
0.0
  0
LINE
  5
79
330
17
100
AcDbEntity
  8
0
100
AcDbLine
 10
-5.06571
 20
4.52687
 30
0.0
 11
-4.5953
 21
4.56389
 31
0.0
  0
LINE
  5
7A
330
17
100
AcDbEntity
  8
0
100
AcDbLine
 10
-4.5953
 20
4.56389
 30
0.0
 11
-4.13059
 21
4.6457
 31
0.0
  0
LINE
  5
7B
330
17
100
AcDbEntity
  8
0
100
AcDbLine
 10
-4.13059
 20
4.6457
 30
0.0
 11
-3.6758300000000004
 21
4.7715700000000005
 31
0.0
  0
LINE
  5
7C
330
17
100
AcDbEntity
  8
0
100
AcDbLine
 10
-4.68804
 20
11.06574
 30
0.0
 11
-4.49182
 21
10.99248
 31
0.0
  0
LINE
  5
7D
330
17
100
AcDbEntity
  8
0
100
AcDbLine
 10
-4.49182
 20
10.99248
 30
0.0
 11
-4.30086
 21
10.9052
 31
0.0
  0
LINE
  5
7E
330
17
100
AcDbEntity
  8
0
100
AcDbLine
 10
-4.30086
 20
10.9052
 30
0.0
 11
-4.22363
 21
10.863529999999999
 31
0.0
  0
LINE
  5
7F
330
17
100
AcDbEntity
  8
0
100
AcDbLine
 10
-4.22363
 20
10.863529999999999
 30
0.0
 11
-4.14907
 21
10.81724
 31
0.0
  0
LINE
  5
80
330
17
100
AcDbEntity
  8
0
100
AcDbLine
 10
-4.14907
 20
10.81724
 30
0.0
 11
-3.97708
 21
10.68944
 31
0.0
  0
LINE
  5
81
330
17
100
AcDbEntity
  8
0
100
AcDbLine
 10
-3.97708
 20
10.68944
 30
0.0
 11
-3.8196
 21
10.544130000000001
 31
0.0
  0
LINE
  5
82
330
17
100
AcDbEntity
  8
0
100
AcDbLine
 10
-3.8196
 20
10.544130000000001
 30
0.0
 11
-3.6784
 21
10.382950000000001
 31
0.0
  0
LINE
  5
83
330
17
100
AcDbEntity
  8
0
100
AcDbLine
 10
-3.6784
 20
10.382950000000001
 30
0.0
 11
-3.55507
 21
10.20773
 31
0.0
  0
LINE
  5
84
330
17
100
AcDbEntity
  8
0
100
AcDbLine
 10
-3.55507
 20
10.20773
 30
0.0
 11
-3.45128
 21
10.02078
 31
0.0
  0
LINE
  5
85
330
17
100
AcDbEntity
  8
0
100
AcDbLine
 10
-3.45128
 20
10.02078
 30
0.0
 11
-3.36801
 21
9.823830000000001
 31
0.0
  0
LINE
  5
86
330
17
100
AcDbEntity
  8
0
100
AcDbLine
 10
-3.36801
 20
9.823830000000001
 30
0.0
 11
-3.30621
 21
9.61912
 31
0.0
  0
LINE
  5
87
330
17
100
AcDbEntity
  8
0
100
AcDbLine
 10
-3.30621
 20
9.61912
 30
0.0
 11
-3.2665900000000003
 21
9.409
 31
0.0
  0
LINE
  5
88
330
17
100
AcDbEntity
  8
0
100
AcDbLine
 10
-3.2665900000000003
 20
9.409
 30
0.0
 11
-3.2518
 21
9.2428
 31
0.0
  0
LINE
  5
89
330
17
100
AcDbEntity
  8
0
100
AcDbLine
 10
-3.2518
 20
9.2428
 30
0.0
 11
-3.25174
 21
9.075949999999999
 31
0.0
  0
LINE
  5
8A
330
17
100
AcDbEntity
  8
0
100
AcDbLine
 10
-3.25174
 20
9.075949999999999
 30
0.0
 11
-3.2664
 21
8.909749999999999
 31
0.0
  0
LINE
  5
8B
330
17
100
AcDbEntity
  8
0
100
AcDbLine
 10
-3.2664
 20
8.909749999999999
 30
0.0
 11
-3.2956700000000003
 21
8.74548
 31
0.0
  0
LINE
  5
8C
330
17
100
AcDbEntity
  8
0
100
AcDbLine
 10
-3.2956700000000003
 20
8.74548
 30
0.0
 11
-3.3393300000000004
 21
8.58444
 31
0.0
  0
LINE
  5
8D
330
17
100
AcDbEntity
  8
0
100
AcDbLine
 10
-3.3393300000000004
 20
8.58444
 30
0.0
 11
-3.3959799999999998
 21
8.43258
 31
0.0
  0
LINE
  5
8E
330
17
100
AcDbEntity
  8
0
100
AcDbLine
 10
-3.3959799999999998
 20
8.43258
 30
0.0
 11
-3.46699
 21
8.28687
 31
0.0
  0
LINE
  5
8F
330
17
100
AcDbEntity
  8
0
100
AcDbLine
 10
-3.46699
 20
8.28687
 30
0.0
 11
-3.5516900000000002
 21
8.148670000000001
 31
0.0
  0
LINE
  5
90
330
17
100
AcDbEntity
  8
0
100
AcDbLine
 10
-3.5516900000000002
 20
8.148670000000001
 30
0.0
 11
-3.6492899999999997
 21
8.019260000000001
 31
0.0
  0
LINE
  5
91
330
17
100
AcDbEntity
  8
0
100
AcDbLine
 10
-3.6492899999999997
 20
8.019260000000001
 30
0.0
 11
-3.75888
 21
7.89984
 31
0.0
  0
LINE
  5
92
330
17
100
AcDbEntity
  8
0
100
AcDbLine
 10
-3.75888
 20
7.89984
 30
0.0
 11
-3.8493899999999996
 21
7.81599
 31
0.0
  0
LINE
  5
93
330
17
100
AcDbEntity
  8
0
100
AcDbLine
 10
-3.8493899999999996
 20
7.81599
 30
0.0
 11
-3.9452000000000003
 21
7.738250000000001
 31
0.0
  0
LINE
  5
94
330
17
100
AcDbEntity
  8
0
100
AcDbLine
 10
-3.9452000000000003
 20
7.738250000000001
 30
0.0
 11
-4.031479999999999
 21
7.67991
 31
0.0
  0
LINE
  5
95
330
17
100
AcDbEntity
  8
0
100
AcDbLine
 10
-4.031479999999999
 20
7.67991
 30
0.0
 11
-4.12358
 21
7.63126
 31
0.0
  0
LINE
  5
96
330
17
100
AcDbEntity
  8
0
100
AcDbLine
 10
-4.12358
 20
7.63126
 30
0.0
 11
-4.2221400000000004
 21
7.59201
 31
0.0
  0
LINE
  5
97
330
17
100
AcDbEntity
  8
0
100
AcDbLine
 10
-4.2221400000000004
 20
7.59201
 30
0.0
 11
-4.3242899999999995
 21
7.56337
 31
0.0
  0
LINE
  5
98
330
17
100
AcDbEntity
  8
0
100
AcDbLine
 10
-4.3242899999999995
 20
7.56337
 30
0.0
 11
-4.4513799999999994
 21
7.53877
 31
0.0
  0
LINE
  5
99
330
17
100
AcDbEntity
  8
0
100
AcDbLine
 10
-4.4513799999999994
 20
7.53877
 30
0.0
 11
-4.57969
 21
7.52165
 31
0.0
  0
LINE
  5
9A
330
17
100
AcDbEntity
  8
0
100
AcDbLine
 10
-4.57969
 20
7.52165
 30
0.0
 11
-4.736630000000001
 21
7.511570000000001
 31
0.0
  0
LINE
  5
9B
330
17
100
AcDbEntity
  8
0
100
AcDbLine
 10
-4.736630000000001
 20
7.511570000000001
 30
0.0
 11
-4.89387
 21
7.5138
 31
0.0
  0
LINE
  5
9C
330
17
100
AcDbEntity
  8
0
100
AcDbLine
 10
-4.89387
 20
7.5138
 30
0.0
 11
-5.0504299999999995
 21
7.52834
 31
0.0
  0
LINE
  5
9D
330
17
100
AcDbEntity
  8
0
100
AcDbLine
 10
-5.0504299999999995
 20
7.52834
 30
0.0
 11
-5.20537
 21
7.555090000000001
 31
0.0
  0
LINE
  5
9E
330
17
100
AcDbEntity
  8
0
100
AcDbLine
 10
-5.20537
 20
7.555090000000001
 30
0.0
 11
-5.36023
 21
7.59442
 31
0.0
  0
LINE
  5
9F
330
17
100
AcDbEntity
  8
0
100
AcDbLine
 10
-5.36023
 20
7.59442
 30
0.0
 11
-5.5116000000000005
 21
7.64555
 31
0.0
  0
LINE
  5
A0
330
17
100
AcDbEntity
  8
0
100
AcDbLine
 10
-5.5116000000000005
 20
7.64555
 30
0.0
 11
-5.663279999999999
 21
7.70958
 31
0.0
  0
LINE
  5
A1
330
17
100
AcDbEntity
  8
0
100
AcDbLine
 10
-5.663279999999999
 20
7.70958
 30
0.0
 11
-5.81007
 21
7.78413
 31
0.0
  0
LINE
  5
A2
330
17
100
AcDbEntity
  8
0
100
AcDbLine
 10
-5.81007
 20
7.78413
 30
0.0
 11
-5.97319
 21
7.88382
 31
0.0
  0
LINE
  5
A3
330
17
100
AcDbEntity
  8
0
100
AcDbLine
 10
-5.97319
 20
7.88382
 30
0.0
 11
-6.1270500000000006
 21
7.997280000000001
 31
0.0
  0
LINE
  5
A4
330
17
100
AcDbEntity
  8
0
100
AcDbLine
 10
-6.1270500000000006
 20
7.997280000000001
 30
0.0
 11
-6.27048
 21
8.12366
 31
0.0
  0
LINE
  5
A5
330
17
100
AcDbEntity
  8
0
100
AcDbLine
 10
-6.27048
 20
8.12366
 30
0.0
 11
-6.40298
 21
8.26248
 31
0.0
  0
LINE
  5
A6
330
17
100
AcDbEntity
  8
0
100
AcDbLine
 10
-6.40298
 20
8.26248
 30
0.0
 11
-6.52309
 21
8.41215
 31
0.0
  0
LINE
  5
A7
330
17
100
AcDbEntity
  8
0
100
AcDbLine
 10
-6.52309
 20
8.41215
 30
0.0
 11
-6.62992
 21
8.571570000000001
 31
0.0
  0
LINE
  5
A8
330
17
100
AcDbEntity
  8
0
100
AcDbLine
 10
-6.62992
 20
8.571570000000001
 30
0.0
 11
-6.72151
 21
8.73766
 31
0.0
  0
LINE
  5
A9
330
17
100
AcDbEntity
  8
0
100
AcDbLine
 10
-6.72151
 20
8.73766
 30
0.0
 11
-6.79832
 21
8.91108
 31
0.0
  0
LINE
  5
AA
330
17
100
AcDbEntity
  8
0
100
AcDbLine
 10
-6.79832
 20
8.91108
 30
0.0
 11
-6.85977
 21
9.09052
 31
0.0
  0
LINE
  5
AB
330
17
100
AcDbEntity
  8
0
100
AcDbLine
 10
-6.85977
 20
9.09052
 30
0.0
 11
-6.90371
 21
9.27036
 31
0.0
  0
LINE
  5
AC
330
17
100
AcDbEntity
  8
0
100
AcDbLine
 10
-6.90371
 20
9.27036
 30
0.0
 11
-6.93067
 21
9.45351
 31
0.0
  0
LINE
  5
AD
330
17
100
AcDbEntity
  8
0
100
AcDbLine
 10
-6.93067
 20
9.45351
 30
0.0
 11
-6.9404
 21
9.63838
 31
0.0
  0
LINE
  5
AE
330
17
100
AcDbEntity
  8
0
100
AcDbLine
 10
-6.9404
 20
9.63838
 30
0.0
 11
-6.9379100000000005
 21
9.76554
 31
0.0
  0
LINE
  5
AF
330
17
100
AcDbEntity
  8
0
100
AcDbLine
 10
-6.9379100000000005
 20
9.76554
 30
0.0
 11
-6.92897
 21
9.90679
 31
0.0
  0
LINE
  5
B0
330
17
100
AcDbEntity
  8
0
100
AcDbLine
 10
-6.92897
 20
9.90679
 30
0.0
 11
-6.91552
 21
10.040610000000001
 31
0.0
  0
LINE
  5
B1
330
17
100
AcDbEntity
  8
0
100
AcDbLine
 10
-6.91552
 20
10.040610000000001
 30
0.0
 11
-6.89914
 21
10.14287
 31
0.0
  0
LINE
  5
B2
330
17
100
AcDbEntity
  8
0
100
AcDbLine
 10
-6.89914
 20
10.14287
 30
0.0
 11
-6.86719
 21
10.27452
 31
0.0
  0
LINE
  5
B3
330
17
100
AcDbEntity
  8
0
100
AcDbLine
 10
-6.86719
 20
10.27452
 30
0.0
 11
-6.85791
 21
10.30235
 31
0.0
  0
LINE
  5
B4
330
17
100
AcDbEntity
  8
0
100
AcDbLine
 10
-6.85791
 20
10.30235
 30
0.0
 11
-6.84619
 21
10.32925
 31
0.0
  0
LINE
  5
B5
330
17
100
AcDbEntity
  8
0
100
AcDbLine
 10
-6.84619
 20
10.32925
 30
0.0
 11
-6.83211
 21
10.354989999999999
 31
0.0
  0
LINE
  5
B6
330
17
100
AcDbEntity
  8
0
100
AcDbLine
 10
-6.83211
 20
10.354989999999999
 30
0.0
 11
-6.804679999999999
 21
10.39519
 31
0.0
  0
LINE
  5
B7
330
17
100
AcDbEntity
  8
0
100
AcDbLine
 10
-6.804679999999999
 20
10.39519
 30
0.0
 11
-6.77311
 21
10.432220000000001
 31
0.0
  0
LINE
  5
B8
330
17
100
AcDbEntity
  8
0
100
AcDbLine
 10
-6.77311
 20
10.432220000000001
 30
0.0
 11
-6.64464
 21
10.56249
 31
0.0
  0
LINE
  5
B9
330
17
100
AcDbEntity
  8
0
100
AcDbLine
 10
-6.64464
 20
10.56249
 30
0.0
 11
-6.5460400000000005
 21
10.65144
 31
0.0
  0
LINE
  5
BA
330
17
100
AcDbEntity
  8
0
100
AcDbLine
 10
-6.5460400000000005
 20
10.65144
 30
0.0
 11
-6.44073
 21
10.73235
 31
0.0
  0
LINE
  5
BB
330
17
100
AcDbEntity
  8
0
100
AcDbLine
 10
-6.44073
 20
10.73235
 30
0.0
 11
-6.3183
 21
10.8137
 31
0.0
  0
LINE
  5
BC
330
17
100
AcDbEntity
  8
0
100
AcDbLine
 10
-6.3183
 20
10.8137
 30
0.0
 11
-6.19134
 21
10.88778
 31
0.0
  0
LINE
  5
BD
330
17
100
AcDbEntity
  8
0
100
AcDbLine
 10
-6.19134
 20
10.88778
 30
0.0
 11
-6.0598600000000005
 21
10.95456
 31
0.0
  0
LINE
  5
BE
330
17
100
AcDbEntity
  8
0
100
AcDbLine
 10
-6.0598600000000005
 20
10.95456
 30
0.0
 11
-5.924729999999999
 21
11.013580000000001
 31
0.0
  0
LINE
  5
BF
330
17
100
AcDbEntity
  8
0
100
AcDbLine
 10
-5.924729999999999
 20
11.013580000000001
 30
0.0
 11
-5.7984
 21
11.05887
 31
0.0
  0
LINE
  5
C0
330
17
100
AcDbEntity
  8
0
100
AcDbLine
 10
-5.7984
 20
11.05887
 30
0.0
 11
-5.66896
 21
11.094289999999999
 31
0.0
  0
LINE
  5
C1
330
17
100
AcDbEntity
  8
0
100
AcDbLine
 10
-5.66896
 20
11.094289999999999
 30
0.0
 11
-5.57912
 21
11.11196
 31
0.0
  0
LINE
  5
C2
330
17
100
AcDbEntity
  8
0
100
AcDbLine
 10
-5.57912
 20
11.11196
 30
0.0
 11
-5.48829
 21
11.12342
 31
0.0
  0
LINE
  5
C3
330
17
100
AcDbEntity
  8
0
100
AcDbLine
 10
-5.48829
 20
11.12342
 30
0.0
 11
-5.2600299999999995
 21
11.13608
 31
0.0
  0
LINE
  5
C4
330
17
100
AcDbEntity
  8
0
100
AcDbLine
 10
-5.2600299999999995
 20
11.13608
 30
0.0
 11
-5.0328100000000004
 21
11.13245
 31
0.0
  0
LINE
  5
C5
330
17
100
AcDbEntity
  8
0
100
AcDbLine
 10
-5.0328100000000004
 20
11.13245
 30
0.0
 11
-4.944
 21
11.12461
 31
0.0
  0
LINE
  5
C6
330
17
100
AcDbEntity
  8
0
100
AcDbLine
 10
-4.944
 20
11.12461
 30
0.0
 11
-4.856
 21
11.11032
 31
0.0
  0
LINE
  5
C7
330
17
100
AcDbEntity
  8
0
100
AcDbLine
 10
-4.856
 20
11.11032
 30
0.0
 11
-4.77133
 21
11.09064
 31
0.0
  0
LINE
  5
C8
330
17
100
AcDbEntity
  8
0
100
AcDbLine
 10
-4.77133
 20
11.09064
 30
0.0
 11
-4.68804
 21
11.06574
 31
0.0
  0
LINE
  5
C9
330
17
100
AcDbEntity
  8
0
100
AcDbLine
 10
-7.898759999999999
 20
-7.7877600000000005
 30
0.0
 11
-7.793729999999999
 21
-8.00269
 31
0.0
  0
LINE
  5
CA
330
17
100
AcDbEntity
  8
0
100
AcDbLine
 10
-7.793729999999999
 20
-8.00269
 30
0.0
 11
-7.60865
 21
-8.3694
 31
0.0
  0
LINE
  5
CB
330
17
100
AcDbEntity
  8
0
100
AcDbLine
 10
-7.60865
 20
-8.3694
 30
0.0
 11
-7.917179999999999
 21
-8.3694
 31
0.0
  0
LINE
  5
CC
330
17
100
AcDbEntity
  8
0
100
AcDbLine
 10
-7.917179999999999
 20
-8.3694
 30
0.0
 11
-8.14181
 21
-8.376619999999999
 31
0.0
  0
LINE
  5
CD
330
17
100
AcDbEntity
  8
0
100
AcDbLine
 10
-8.14181
 20
-8.376619999999999
 30
0.0
 11
-8.149
 21
-8.37685
 31
0.0
  0
LINE
  5
CE
330
17
100
AcDbEntity
  8
0
100
AcDbLine
 10
-8.149
 20
-8.37685
 30
0.0
 11
-8.17835
 21
-8.380230000000001
 31
0.0
  0
LINE
  5
CF
330
17
100
AcDbEntity
  8
0
100
AcDbLine
 10
-8.17835
 20
-8.380230000000001
 30
0.0
 11
-8.2072
 21
-8.386569999999999
 31
0.0
  0
LINE
  5
D0
330
17
100
AcDbEntity
  8
0
100
AcDbLine
 10
-8.2072
 20
-8.386569999999999
 30
0.0
 11
-8.235249999999999
 21
-8.3958
 31
0.0
  0
LINE
  5
D1
330
17
100
AcDbEntity
  8
0
100
AcDbLine
 10
-8.235249999999999
 20
-8.3958
 30
0.0
 11
-8.26224
 21
-8.40782
 31
0.0
  0
LINE
  5
D2
330
17
100
AcDbEntity
  8
0
100
AcDbLine
 10
-8.26224
 20
-8.40782
 30
0.0
 11
-8.273000000000001
 21
-8.41404
 31
0.0
  0
LINE
  5
D3
330
17
100
AcDbEntity
  8
0
100
AcDbLine
 10
-8.273000000000001
 20
-8.41404
 30
0.0
 11
-8.28302
 21
-8.42138
 31
0.0
  0
LINE
  5
D4
330
17
100
AcDbEntity
  8
0
100
AcDbLine
 10
-8.28302
 20
-8.42138
 30
0.0
 11
-8.2922
 21
-8.42975
 31
0.0
  0
LINE
  5
D5
330
17
100
AcDbEntity
  8
0
100
AcDbLine
 10
-8.2922
 20
-8.42975
 30
0.0
 11
-8.300429999999999
 21
-8.43907
 31
0.0
  0
LINE
  5
D6
330
17
100
AcDbEntity
  8
0
100
AcDbLine
 10
-8.300429999999999
 20
-8.43907
 30
0.0
 11
-8.3076
 21
-8.44922
 31
0.0
  0
LINE
  5
D7
330
17
100
AcDbEntity
  8
0
100
AcDbLine
 10
-8.3076
 20
-8.44922
 30
0.0
 11
-8.313640000000001
 21
-8.46008
 31
0.0
  0
LINE
  5
D8
330
17
100
AcDbEntity
  8
0
100
AcDbLine
 10
-8.313640000000001
 20
-8.46008
 30
0.0
 11
-8.31847
 21
-8.47153
 31
0.0
  0
LINE
  5
D9
330
17
100
AcDbEntity
  8
0
100
AcDbLine
 10
-8.31847
 20
-8.47153
 30
0.0
 11
-8.326929999999999
 21
-8.49867
 31
0.0
  0
LINE
  5
DA
330
17
100
AcDbEntity
  8
0
100
AcDbLine
 10
-8.326929999999999
 20
-8.49867
 30
0.0
 11
-8.33302
 21
-8.52644
 31
0.0
  0
LINE
  5
DB
330
17
100
AcDbEntity
  8
0
100
AcDbLine
 10
-8.33302
 20
-8.52644
 30
0.0
 11
-8.33669
 21
-8.554630000000001
 31
0.0
  0
LINE
  5
DC
330
17
100
AcDbEntity
  8
0
100
AcDbLine
 10
-8.33669
 20
-8.554630000000001
 30
0.0
 11
-8.33792
 21
-8.58303
 31
0.0
  0
LINE
  5
DD
330
17
100
AcDbEntity
  8
0
100
AcDbLine
 10
-8.33792
 20
-8.58303
 30
0.0
 11
-8.33565
 21
-8.62745
 31
0.0
  0
LINE
  5
DE
330
17
100
AcDbEntity
  8
0
100
AcDbLine
 10
-8.33565
 20
-8.62745
 30
0.0
 11
-8.32886
 21
-8.671399999999998
 31
0.0
  0
LINE
  5
DF
330
17
100
AcDbEntity
  8
0
100
AcDbLine
 10
-8.32886
 20
-8.671399999999998
 30
0.0
 11
-8.327599999999999
 21
-8.67623
 31
0.0
  0
LINE
  5
E0
330
17
100
AcDbEntity
  8
0
100
AcDbLine
 10
-8.327599999999999
 20
-8.67623
 30
0.0
 11
-8.31762
 21
-8.71443
 31
0.0
  0
LINE
  5
E1
330
17
100
AcDbEntity
  8
0
100
AcDbLine
 10
-8.31762
 20
-8.71443
 30
0.0
 11
-8.313509999999999
 21
-8.72533
 31
0.0
  0
LINE
  5
E2
330
17
100
AcDbEntity
  8
0
100
AcDbLine
 10
-8.313509999999999
 20
-8.72533
 30
0.0
 11
-8.308259999999999
 21
-8.73572
 31
0.0
  0
LINE
  5
E3
330
17
100
AcDbEntity
  8
0
100
AcDbLine
 10
-8.308259999999999
 20
-8.73572
 30
0.0
 11
-8.30191
 21
-8.74549
 31
0.0
  0
LINE
  5
E4
330
17
100
AcDbEntity
  8
0
100
AcDbLine
 10
-8.30191
 20
-8.74549
 30
0.0
 11
-8.294559999999999
 21
-8.75451
 31
0.0
  0
LINE
  5
E5
330
17
100
AcDbEntity
  8
0
100
AcDbLine
 10
-8.294559999999999
 20
-8.75451
 30
0.0
 11
-8.28628
 21
-8.7627
 31
0.0
  0
LINE
  5
E6
330
17
100
AcDbEntity
  8
0
100
AcDbLine
 10
-8.28628
 20
-8.7627
 30
0.0
 11
-8.27716
 21
-8.76994
 31
0.0
  0
LINE
  5
E7
330
17
100
AcDbEntity
  8
0
100
AcDbLine
 10
-8.27716
 20
-8.76994
 30
0.0
 11
-8.26732
 21
-8.776159999999999
 31
0.0
  0
LINE
  5
E8
330
17
100
AcDbEntity
  8
0
100
AcDbLine
 10
-8.26732
 20
-8.776159999999999
 30
0.0
 11
-8.25686
 21
-8.78129
 31
0.0
  0
LINE
  5
E9
330
17
100
AcDbEntity
  8
0
100
AcDbLine
 10
-8.25686
 20
-8.78129
 30
0.0
 11
-8.22499
 21
-8.79322
 31
0.0
  0
LINE
  5
EA
330
17
100
AcDbEntity
  8
0
100
AcDbLine
 10
-8.22499
 20
-8.79322
 30
0.0
 11
-8.19218
 21
-8.8023
 31
0.0
  0
LINE
  5
EB
330
17
100
AcDbEntity
  8
0
100
AcDbLine
 10
-8.19218
 20
-8.8023
 30
0.0
 11
-8.15871
 21
-8.80846
 31
0.0
  0
LINE
  5
EC
330
17
100
AcDbEntity
  8
0
100
AcDbLine
 10
-8.15871
 20
-8.80846
 30
0.0
 11
-8.14181
 21
-8.81005
 31
0.0
  0
LINE
  5
ED
330
17
100
AcDbEntity
  8
0
100
AcDbLine
 10
-8.14181
 20
-8.81005
 30
0.0
 11
-8.12482
 21
-8.81164
 31
0.0
  0
LINE
  5
EE
330
17
100
AcDbEntity
  8
0
100
AcDbLine
 10
-8.12482
 20
-8.81164
 30
0.0
 11
-7.77116
 21
-8.82408
 31
0.0
  0
LINE
  5
EF
330
17
100
AcDbEntity
  8
0
100
AcDbLine
 10
-7.77116
 20
-8.82408
 30
0.0
 11
-7.29135
 21
-8.83393
 31
0.0
  0
LINE
  5
F0
330
17
100
AcDbEntity
  8
0
100
AcDbLine
 10
-7.29135
 20
-8.83393
 30
0.0
 11
-7.09753
 21
-9.09665
 31
0.0
  0
LINE
  5
F1
330
17
100
AcDbEntity
  8
0
100
AcDbLine
 10
-7.09753
 20
-9.09665
 30
0.0
 11
-6.9890300000000005
 21
-9.24371
 31
0.0
  0
LINE
  5
F2
330
17
100
AcDbEntity
  8
0
100
AcDbLine
 10
-6.9890300000000005
 20
-9.24371
 30
0.0
 11
-6.98868
 21
-9.70387
 31
0.0
  0
LINE
  5
F3
330
17
100
AcDbEntity
  8
0
100
AcDbLine
 10
-6.98868
 20
-9.70387
 30
0.0
 11
-6.99047
 21
-9.96589
 31
0.0
  0
LINE
  5
F4
330
17
100
AcDbEntity
  8
0
100
AcDbLine
 10
-6.99047
 20
-9.96589
 30
0.0
 11
-6.998670000000001
 21
-10.101759999999999
 31
0.0
  0
LINE
  5
F5
330
17
100
AcDbEntity
  8
0
100
AcDbLine
 10
-6.998670000000001
 20
-10.101759999999999
 30
0.0
 11
-7.00543
 21
-10.146189999999999
 31
0.0
  0
LINE
  5
F6
330
17
100
AcDbEntity
  8
0
100
AcDbLine
 10
-7.00543
 20
-10.146189999999999
 30
0.0
 11
-7.01614
 21
-10.18984
 31
0.0
  0
LINE
  5
F7
330
17
100
AcDbEntity
  8
0
100
AcDbLine
 10
-7.01614
 20
-10.18984
 30
0.0
 11
-7.02468
 21
-10.21482
 31
0.0
  0
LINE
  5
F8
330
17
100
AcDbEntity
  8
0
100
AcDbLine
 10
-7.02468
 20
-10.21482
 30
0.0
 11
-7.03536
 21
-10.23896
 31
0.0
  0
LINE
  5
F9
330
17
100
AcDbEntity
  8
0
100
AcDbLine
 10
-7.03536
 20
-10.23896
 30
0.0
 11
-7.048109999999999
 21
-10.26208
 31
0.0
  0
LINE
  5
FA
330
17
100
AcDbEntity
  8
0
100
AcDbLine
 10
-7.048109999999999
 20
-10.26208
 30
0.0
 11
-7.06183
 21
-10.28227
 31
0.0
  0
LINE
  5
FB
330
17
100
AcDbEntity
  8
0
100
AcDbLine
 10
-7.06183
 20
-10.28227
 30
0.0
 11
-7.077459999999999
 21
-10.301029999999999
 31
0.0
  0
LINE
  5
FC
330
17
100
AcDbEntity
  8
0
100
AcDbLine
 10
-7.077459999999999
 20
-10.301029999999999
 30
0.0
 11
-7.09486
 21
-10.31816
 31
0.0
  0
LINE
  5
FD
330
17
100
AcDbEntity
  8
0
100
AcDbLine
 10
-7.09486
 20
-10.31816
 30
0.0
 11
-7.11386
 21
-10.333490000000001
 31
0.0
  0
LINE
  5
FE
330
17
100
AcDbEntity
  8
0
100
AcDbLine
 10
-7.11386
 20
-10.333490000000001
 30
0.0
 11
-7.13427
 21
-10.346889999999998
 31
0.0
  0
LINE
  5
FF
330
17
100
AcDbEntity
  8
0
100
AcDbLine
 10
-7.13427
 20
-10.346889999999998
 30
0.0
 11
-7.1559
 21
-10.358229999999999
 31
0.0
  0
LINE
  5
100
330
17
100
AcDbEntity
  8
0
100
AcDbLine
 10
-7.1559
 20
-10.358229999999999
 30
0.0
 11
-7.184819999999999
 21
-10.36993
 31
0.0
  0
LINE
  5
101
330
17
100
AcDbEntity
  8
0
100
AcDbLine
 10
-7.184819999999999
 20
-10.36993
 30
0.0
 11
-7.2147499999999996
 21
-10.378760000000002
 31
0.0
  0
LINE
  5
102
330
17
100
AcDbEntity
  8
0
100
AcDbLine
 10
-7.2147499999999996
 20
-10.378760000000002
 30
0.0
 11
-7.2454
 21
-10.384630000000001
 31
0.0
  0
LINE
  5
103
330
17
100
AcDbEntity
  8
0
100
AcDbLine
 10
-7.2454
 20
-10.384630000000001
 30
0.0
 11
-7.27648
 21
-10.38748
 31
0.0
  0
LINE
  5
104
330
17
100
AcDbEntity
  8
0
100
AcDbLine
 10
-7.27648
 20
-10.38748
 30
0.0
 11
-7.30768
 21
-10.38728
 31
0.0
  0
LINE
  5
105
330
17
100
AcDbEntity
  8
0
100
AcDbLine
 10
-7.30768
 20
-10.38728
 30
0.0
 11
-7.3579300000000005
 21
-10.38238
 31
0.0
  0
LINE
  5
106
330
17
100
AcDbEntity
  8
0
100
AcDbLine
 10
-7.3579300000000005
 20
-10.38238
 30
0.0
 11
-7.40758
 21
-10.3733
 31
0.0
  0
LINE
  5
107
330
17
100
AcDbEntity
  8
0
100
AcDbLine
 10
-7.40758
 20
-10.3733
 30
0.0
 11
-7.45631
 21
-10.36008
 31
0.0
  0
LINE
  5
108
330
17
100
AcDbEntity
  8
0
100
AcDbLine
 10
-7.45631
 20
-10.36008
 30
0.0
 11
-7.50375
 21
-10.34284
 31
0.0
  0
LINE
  5
109
330
17
100
AcDbEntity
  8
0
100
AcDbLine
 10
-7.50375
 20
-10.34284
 30
0.0
 11
-7.62428
 21
-10.28779
 31
0.0
  0
LINE
  5
10A
330
17
100
AcDbEntity
  8
0
100
AcDbLine
 10
-7.62428
 20
-10.28779
 30
0.0
 11
-7.7403200000000005
 21
-10.22381
 31
0.0
  0
LINE
  5
10B
330
17
100
AcDbEntity
  8
0
100
AcDbLine
 10
-7.7403200000000005
 20
-10.22381
 30
0.0
 11
-7.960470000000001
 21
-10.08641
 31
0.0
  0
LINE
  5
10C
330
17
100
AcDbEntity
  8
0
100
AcDbLine
 10
-7.960470000000001
 20
-10.08641
 30
0.0
 11
-7.99561
 21
-10.0618
 31
0.0
  0
LINE
  5
10D
330
17
100
AcDbEntity
  8
0
100
AcDbLine
 10
-7.99561
 20
-10.0618
 30
0.0
 11
-8.02886
 21
-10.0347
 31
0.0
  0
LINE
  5
10E
330
17
100
AcDbEntity
  8
0
100
AcDbLine
 10
-8.02886
 20
-10.0347
 30
0.0
 11
-8.060039999999999
 21
-10.00524
 31
0.0
  0
LINE
  5
10F
330
17
100
AcDbEntity
  8
0
100
AcDbLine
 10
-8.060039999999999
 20
-10.00524
 30
0.0
 11
-8.07198
 21
-9.99199
 31
0.0
  0
LINE
  5
110
330
17
100
AcDbEntity
  8
0
100
AcDbLine
 10
-8.07198
 20
-9.99199
 30
0.0
 11
-8.08271
 21
-9.97774
 31
0.0
  0
LINE
  5
111
330
17
100
AcDbEntity
  8
0
100
AcDbLine
 10
-8.08271
 20
-9.97774
 30
0.0
 11
-8.09215
 21
-9.96261
 31
0.0
  0
LINE
  5
112
330
17
100
AcDbEntity
  8
0
100
AcDbLine
 10
-8.09215
 20
-9.96261
 30
0.0
 11
-8.10022
 21
-9.94671
 31
0.0
  0
LINE
  5
113
330
17
100
AcDbEntity
  8
0
100
AcDbLine
 10
-8.10022
 20
-9.94671
 30
0.0
 11
-8.10687
 21
-9.93016
 31
0.0
  0
LINE
  5
114
330
17
100
AcDbEntity
  8
0
100
AcDbLine
 10
-8.10687
 20
-9.93016
 30
0.0
 11
-8.11397
 21
-9.90689
 31
0.0
  0
LINE
  5
115
330
17
100
AcDbEntity
  8
0
100
AcDbLine
 10
-8.11397
 20
-9.90689
 30
0.0
 11
-8.11907
 21
-9.8831
 31
0.0
  0
LINE
  5
116
330
17
100
AcDbEntity
  8
0
100
AcDbLine
 10
-8.11907
 20
-9.8831
 30
0.0
 11
-8.12215
 21
-9.85896
 31
0.0
  0
LINE
  5
117
330
17
100
AcDbEntity
  8
0
100
AcDbLine
 10
-8.12215
 20
-9.85896
 30
0.0
 11
-8.12317
 21
-9.83465
 31
0.0
  0
LINE
  5
118
330
17
100
AcDbEntity
  8
0
100
AcDbLine
 10
-8.12317
 20
-9.83465
 30
0.0
 11
-8.12639
 21
-9.76024
 31
0.0
  0
LINE
  5
119
330
17
100
AcDbEntity
  8
0
100
AcDbLine
 10
-8.12639
 20
-9.76024
 30
0.0
 11
-8.13603
 21
-9.68639
 31
0.0
  0
LINE
  5
11A
330
17
100
AcDbEntity
  8
0
100
AcDbLine
 10
-8.13603
 20
-9.68639
 30
0.0
 11
-8.14181
 21
-9.659600000000001
 31
0.0
  0
LINE
  5
11B
330
17
100
AcDbEntity
  8
0
100
AcDbLine
 10
-8.14181
 20
-9.659600000000001
 30
0.0
 11
-8.17702
 21
-9.49645
 31
0.0
  0
LINE
  5
11C
330
17
100
AcDbEntity
  8
0
100
AcDbLine
 10
-8.17702
 20
-9.49645
 30
0.0
 11
-8.236880000000001
 21
-9.29638
 31
0.0
  0
LINE
  5
11D
330
17
100
AcDbEntity
  8
0
100
AcDbLine
 10
-8.236880000000001
 20
-9.29638
 30
0.0
 11
-8.3088
 21
-9.11418
 31
0.0
  0
LINE
  5
11E
330
17
100
AcDbEntity
  8
0
100
AcDbLine
 10
-8.3088
 20
-9.11418
 30
0.0
 11
-8.31768
 21
-9.09665
 31
0.0
  0
LINE
  5
11F
330
17
100
AcDbEntity
  8
0
100
AcDbLine
 10
-8.31768
 20
-9.09665
 30
0.0
 11
-8.350710000000001
 21
-9.03147
 31
0.0
  0
LINE
  5
120
330
17
100
AcDbEntity
  8
0
100
AcDbLine
 10
-8.350710000000001
 20
-9.03147
 30
0.0
 11
-8.40008
 21
-8.95299
 31
0.0
  0
LINE
  5
121
330
17
100
AcDbEntity
  8
0
100
AcDbLine
 10
-8.40008
 20
-8.95299
 30
0.0
 11
-8.46122
 21
-8.87133
 31
0.0
  0
LINE
  5
122
330
17
100
AcDbEntity
  8
0
100
AcDbLine
 10
-8.46122
 20
-8.87133
 30
0.0
 11
-8.52789
 21
-8.794130000000001
 31
0.0
  0
LINE
  5
123
330
17
100
AcDbEntity
  8
0
100
AcDbLine
 10
-8.52789
 20
-8.794130000000001
 30
0.0
 11
-8.59771
 21
-8.72392
 31
0.0
  0
LINE
  5
124
330
17
100
AcDbEntity
  8
0
100
AcDbLine
 10
-8.59771
 20
-8.72392
 30
0.0
 11
-8.652379999999999
 21
-8.67623
 31
0.0
  0
LINE
  5
125
330
17
100
AcDbEntity
  8
0
100
AcDbLine
 10
-8.652379999999999
 20
-8.67623
 30
0.0
 11
-8.67233
 21
-8.65883
 31
0.0
  0
LINE
  5
126
330
17
100
AcDbEntity
  8
0
100
AcDbLine
 10
-8.67233
 20
-8.65883
 30
0.0
 11
-8.716990000000001
 21
-8.62538
 31
0.0
  0
LINE
  5
127
330
17
100
AcDbEntity
  8
0
100
AcDbLine
 10
-8.716990000000001
 20
-8.62538
 30
0.0
 11
-8.76411
 21
-8.59551
 31
0.0
  0
LINE
  5
128
330
17
100
AcDbEntity
  8
0
100
AcDbLine
 10
-8.76411
 20
-8.59551
 30
0.0
 11
-8.81342
 21
-8.56939
 31
0.0
  0
LINE
  5
129
330
17
100
AcDbEntity
  8
0
100
AcDbLine
 10
-8.81342
 20
-8.56939
 30
0.0
 11
-8.85722
 21
-8.55061
 31
0.0
  0
LINE
  5
12A
330
17
100
AcDbEntity
  8
0
100
AcDbLine
 10
-8.85722
 20
-8.55061
 30
0.0
 11
-8.90247
 21
-8.53564
 31
0.0
  0
LINE
  5
12B
330
17
100
AcDbEntity
  8
0
100
AcDbLine
 10
-8.90247
 20
-8.53564
 30
0.0
 11
-8.948839999999999
 21
-8.524610000000001
 31
0.0
  0
LINE
  5
12C
330
17
100
AcDbEntity
  8
0
100
AcDbLine
 10
-8.948839999999999
 20
-8.524610000000001
 30
0.0
 11
-9.04108
 21
-8.50959
 31
0.0
  0
LINE
  5
12D
330
17
100
AcDbEntity
  8
0
100
AcDbLine
 10
-9.04108
 20
-8.50959
 30
0.0
 11
-9.134039999999999
 21
-8.5
 31
0.0
  0
LINE
  5
12E
330
17
100
AcDbEntity
  8
0
100
AcDbLine
 10
-9.134039999999999
 20
-8.5
 30
0.0
 11
-9.22682
 21
-8.495890000000001
 31
0.0
  0
LINE
  5
12F
330
17
100
AcDbEntity
  8
0
100
AcDbLine
 10
-9.22682
 20
-8.495890000000001
 30
0.0
 11
-9.31967
 21
-8.497209999999999
 31
0.0
  0
LINE
  5
130
330
17
100
AcDbEntity
  8
0
100
AcDbLine
 10
-9.31967
 20
-8.497209999999999
 30
0.0
 11
-9.365689999999999
 21
-8.501339999999999
 31
0.0
  0
LINE
  5
131
330
17
100
AcDbEntity
  8
0
100
AcDbLine
 10
-9.365689999999999
 20
-8.501339999999999
 30
0.0
 11
-9.41114
 21
-8.50966
 31
0.0
  0
LINE
  5
132
330
17
100
AcDbEntity
  8
0
100
AcDbLine
 10
-9.41114
 20
-8.50966
 30
0.0
 11
-9.45563
 21
-8.52212
 31
0.0
  0
LINE
  5
133
330
17
100
AcDbEntity
  8
0
100
AcDbLine
 10
-9.45563
 20
-8.52212
 30
0.0
 11
-9.508310000000002
 21
-8.54228
 31
0.0
  0
LINE
  5
134
330
17
100
AcDbEntity
  8
0
100
AcDbLine
 10
-9.508310000000002
 20
-8.54228
 30
0.0
 11
-9.558860000000001
 21
-8.56728
 31
0.0
  0
LINE
  5
135
330
17
100
AcDbEntity
  8
0
100
AcDbLine
 10
-9.558860000000001
 20
-8.56728
 30
0.0
 11
-9.60686
 21
-8.5969
 31
0.0
  0
LINE
  5
136
330
17
100
AcDbEntity
  8
0
100
AcDbLine
 10
-9.60686
 20
-8.5969
 30
0.0
 11
-9.65188
 21
-8.630880000000001
 31
0.0
  0
LINE
  5
137
330
17
100
AcDbEntity
  8
0
100
AcDbLine
 10
-9.65188
 20
-8.630880000000001
 30
0.0
 11
-9.693520000000001
 21
-8.66892
 31
0.0
  0
LINE
  5
138
330
17
100
AcDbEntity
  8
0
100
AcDbLine
 10
-9.693520000000001
 20
-8.66892
 30
0.0
 11
-9.70019
 21
-8.67623
 31
0.0
  0
LINE
  5
139
330
17
100
AcDbEntity
  8
0
100
AcDbLine
 10
-9.70019
 20
-8.67623
 30
0.0
 11
-9.73222
 21
-8.71135
 31
0.0
  0
LINE
  5
13A
330
17
100
AcDbEntity
  8
0
100
AcDbLine
 10
-9.73222
 20
-8.71135
 30
0.0
 11
-9.767
 21
-8.75704
 31
0.0
  0
LINE
  5
13B
330
17
100
AcDbEntity
  8
0
100
AcDbLine
 10
-9.767
 20
-8.75704
 30
0.0
 11
-9.79759
 21
-8.80564
 31
0.0
  0
LINE
  5
13C
330
17
100
AcDbEntity
  8
0
100
AcDbLine
 10
-9.79759
 20
-8.80564
 30
0.0
 11
-9.82376
 21
-8.85675
 31
0.0
  0
LINE
  5
13D
330
17
100
AcDbEntity
  8
0
100
AcDbLine
 10
-9.82376
 20
-8.85675
 30
0.0
 11
-9.84529
 21
-8.909989999999999
 31
0.0
  0
LINE
  5
13E
330
17
100
AcDbEntity
  8
0
100
AcDbLine
 10
-9.84529
 20
-8.909989999999999
 30
0.0
 11
-9.86672
 21
-8.9823
 31
0.0
  0
LINE
  5
13F
330
17
100
AcDbEntity
  8
0
100
AcDbLine
 10
-9.86672
 20
-8.9823
 30
0.0
 11
-9.88054
 21
-9.05644
 31
0.0
  0
LINE
  5
140
330
17
100
AcDbEntity
  8
0
100
AcDbLine
 10
-9.88054
 20
-9.05644
 30
0.0
 11
-9.88379
 21
-9.09665
 31
0.0
  0
LINE
  5
141
330
17
100
AcDbEntity
  8
0
100
AcDbLine
 10
-9.88379
 20
-9.09665
 30
0.0
 11
-9.88662
 21
-9.13161
 31
0.0
  0
LINE
  5
142
330
17
100
AcDbEntity
  8
0
100
AcDbLine
 10
-9.88662
 20
-9.13161
 30
0.0
 11
-9.88488
 21
-9.20701
 31
0.0
  0
LINE
  5
143
330
17
100
AcDbEntity
  8
0
100
AcDbLine
 10
-9.88488
 20
-9.20701
 30
0.0
 11
-9.875399999999999
 21
-9.28529
 31
0.0
  0
LINE
  5
144
330
17
100
AcDbEntity
  8
0
100
AcDbLine
 10
-9.875399999999999
 20
-9.28529
 30
0.0
 11
-9.858870000000001
 21
-9.36238
 31
0.0
  0
LINE
  5
145
330
17
100
AcDbEntity
  8
0
100
AcDbLine
 10
-9.858870000000001
 20
-9.36238
 30
0.0
 11
-9.83541
 21
-9.437660000000001
 31
0.0
  0
LINE
  5
146
330
17
100
AcDbEntity
  8
0
100
AcDbLine
 10
-9.83541
 20
-9.437660000000001
 30
0.0
 11
-9.80522
 21
-9.5105
 31
0.0
  0
LINE
  5
147
330
17
100
AcDbEntity
  8
0
100
AcDbLine
 10
-9.80522
 20
-9.5105
 30
0.0
 11
-9.76648
 21
-9.58476
 31
0.0
  0
LINE
  5
148
330
17
100
AcDbEntity
  8
0
100
AcDbLine
 10
-9.76648
 20
-9.58476
 30
0.0
 11
-9.72157
 21
-9.65546
 31
0.0
  0
LINE
  5
149
330
17
100
AcDbEntity
  8
0
100
AcDbLine
 10
-9.72157
 20
-9.65546
 30
0.0
 11
-9.67081
 21
-9.72209
 31
0.0
  0
LINE
  5
14A
330
17
100
AcDbEntity
  8
0
100
AcDbLine
 10
-9.67081
 20
-9.72209
 30
0.0
 11
-9.575709999999999
 21
-9.82654
 31
0.0
  0
LINE
  5
14B
330
17
100
AcDbEntity
  8
0
100
AcDbLine
 10
-9.575709999999999
 20
-9.82654
 30
0.0
 11
-9.47162
 21
-9.92202
 31
0.0
  0
LINE
  5
14C
330
17
100
AcDbEntity
  8
0
100
AcDbLine
 10
-9.47162
 20
-9.92202
 30
0.0
 11
-9.35902
 21
-10.008059999999999
 31
0.0
  0
LINE
  5
14D
330
17
100
AcDbEntity
  8
0
100
AcDbLine
 10
-9.35902
 20
-10.008059999999999
 30
0.0
 11
-9.23917
 21
-10.08367
 31
0.0
  0
LINE
  5
14E
330
17
100
AcDbEntity
  8
0
100
AcDbLine
 10
-9.23917
 20
-10.08367
 30
0.0
 11
-9.16394
 21
-10.12248
 31
0.0
  0
LINE
  5
14F
330
17
100
AcDbEntity
  8
0
100
AcDbLine
 10
-9.16394
 20
-10.12248
 30
0.0
 11
-9.08576
 21
-10.15491
 31
0.0
  0
LINE
  5
150
330
17
100
AcDbEntity
  8
0
100
AcDbLine
 10
-9.08576
 20
-10.15491
 30
0.0
 11
-9.00516
 21
-10.18075
 31
0.0
  0
LINE
  5
151
330
17
100
AcDbEntity
  8
0
100
AcDbLine
 10
-9.00516
 20
-10.18075
 30
0.0
 11
-8.96244
 21
-10.19381
 31
0.0
  0
LINE
  5
152
330
17
100
AcDbEntity
  8
0
100
AcDbLine
 10
-8.96244
 20
-10.19381
 30
0.0
 11
-8.92051
 21
-10.20923
 31
0.0
  0
LINE
  5
153
330
17
100
AcDbEntity
  8
0
100
AcDbLine
 10
-8.92051
 20
-10.20923
 30
0.0
 11
-8.91694
 21
-10.21087
 31
0.0
  0
LINE
  5
154
330
17
100
AcDbEntity
  8
0
100
AcDbLine
 10
-8.91694
 20
-10.21087
 30
0.0
 11
-8.913549999999999
 21
-10.212850000000001
 31
0.0
  0
LINE
  5
155
330
17
100
AcDbEntity
  8
0
100
AcDbLine
 10
-8.913549999999999
 20
-10.212850000000001
 30
0.0
 11
-8.91038
 21
-10.21516
 31
0.0
  0
LINE
  5
156
330
17
100
AcDbEntity
  8
0
100
AcDbLine
 10
-8.91038
 20
-10.21516
 30
0.0
 11
-8.90745
 21
-10.21777
 31
0.0
  0
LINE
  5
157
330
17
100
AcDbEntity
  8
0
100
AcDbLine
 10
-8.90745
 20
-10.21777
 30
0.0
 11
-8.904789999999998
 21
-10.220659999999999
 31
0.0
  0
LINE
  5
158
330
17
100
AcDbEntity
  8
0
100
AcDbLine
 10
-8.904789999999998
 20
-10.220659999999999
 30
0.0
 11
-8.902429999999999
 21
-10.2238
 31
0.0
  0
LINE
  5
159
330
17
100
AcDbEntity
  8
0
100
AcDbLine
 10
-8.902429999999999
 20
-10.2238
 30
0.0
 11
-8.90039
 21
-10.22715
 31
0.0
  0
LINE
  5
15A
330
17
100
AcDbEntity
  8
0
100
AcDbLine
 10
-8.90039
 20
-10.22715
 30
0.0
 11
-8.8987
 21
-10.230690000000001
 31
0.0
  0
LINE
  5
15B
330
17
100
AcDbEntity
  8
0
100
AcDbLine
 10
-8.8987
 20
-10.230690000000001
 30
0.0
 11
-8.89736
 21
-10.23439
 31
0.0
  0
LINE
  5
15C
330
17
100
AcDbEntity
  8
0
100
AcDbLine
 10
-8.89736
 20
-10.23439
 30
0.0
 11
-8.8964
 21
-10.23819
 31
0.0
  0
LINE
  5
15D
330
17
100
AcDbEntity
  8
0
100
AcDbLine
 10
-8.8964
 20
-10.23819
 30
0.0
 11
-8.89582
 21
-10.242080000000001
 31
0.0
  0
LINE
  5
15E
330
17
100
AcDbEntity
  8
0
100
AcDbLine
 10
-8.89582
 20
-10.242080000000001
 30
0.0
 11
-8.89562
 21
-10.24601
 31
0.0
  0
LINE
  5
15F
330
17
100
AcDbEntity
  8
0
100
AcDbLine
 10
-8.89562
 20
-10.24601
 30
0.0
 11
-8.89581
 21
-10.24993
 31
0.0
  0
LINE
  5
160
330
17
100
AcDbEntity
  8
0
100
AcDbLine
 10
-8.89581
 20
-10.24993
 30
0.0
 11
-8.89639
 21
-10.253820000000001
 31
0.0
  0
LINE
  5
161
330
17
100
AcDbEntity
  8
0
100
AcDbLine
 10
-8.89639
 20
-10.253820000000001
 30
0.0
 11
-8.89736
 21
-10.25763
 31
0.0
  0
LINE
  5
162
330
17
100
AcDbEntity
  8
0
100
AcDbLine
 10
-8.89736
 20
-10.25763
 30
0.0
 11
-8.89869
 21
-10.261330000000001
 31
0.0
  0
LINE
  5
163
330
17
100
AcDbEntity
  8
0
100
AcDbLine
 10
-8.89869
 20
-10.261330000000001
 30
0.0
 11
-8.90038
 21
-10.26488
 31
0.0
  0
LINE
  5
164
330
17
100
AcDbEntity
  8
0
100
AcDbLine
 10
-8.90038
 20
-10.26488
 30
0.0
 11
-8.90242
 21
-10.26824
 31
0.0
  0
LINE
  5
165
330
17
100
AcDbEntity
  8
0
100
AcDbLine
 10
-8.90242
 20
-10.26824
 30
0.0
 11
-8.90477
 21
-10.27138
 31
0.0
  0
LINE
  5
166
330
17
100
AcDbEntity
  8
0
100
AcDbLine
 10
-8.90477
 20
-10.27138
 30
0.0
 11
-8.90743
 21
-10.274280000000001
 31
0.0
  0
LINE
  5
167
330
17
100
AcDbEntity
  8
0
100
AcDbLine
 10
-8.90743
 20
-10.274280000000001
 30
0.0
 11
-8.94013
 21
-10.304839999999999
 31
0.0
  0
LINE
  5
168
330
17
100
AcDbEntity
  8
0
100
AcDbLine
 10
-8.94013
 20
-10.304839999999999
 30
0.0
 11
-8.97448
 21
-10.333540000000001
 31
0.0
  0
LINE
  5
169
330
17
100
AcDbEntity
  8
0
100
AcDbLine
 10
-8.97448
 20
-10.333540000000001
 30
0.0
 11
-8.99822
 21
-10.35034
 31
0.0
  0
LINE
  5
16A
330
17
100
AcDbEntity
  8
0
100
AcDbLine
 10
-8.99822
 20
-10.35034
 30
0.0
 11
-9.023579999999999
 21
-10.36459
 31
0.0
  0
LINE
  5
16B
330
17
100
AcDbEntity
  8
0
100
AcDbLine
 10
-9.023579999999999
 20
-10.36459
 30
0.0
 11
-9.05029
 21
-10.376130000000002
 31
0.0
  0
LINE
  5
16C
330
17
100
AcDbEntity
  8
0
100
AcDbLine
 10
-9.05029
 20
-10.376130000000002
 30
0.0
 11
-9.078050000000001
 21
-10.38483
 31
0.0
  0
LINE
  5
16D
330
17
100
AcDbEntity
  8
0
100
AcDbLine
 10
-9.078050000000001
 20
-10.38483
 30
0.0
 11
-9.10656
 21
-10.39059
 31
0.0
  0
LINE
  5
16E
330
17
100
AcDbEntity
  8
0
100
AcDbLine
 10
-9.10656
 20
-10.39059
 30
0.0
 11
-9.13552
 21
-10.393360000000001
 31
0.0
  0
LINE
  5
16F
330
17
100
AcDbEntity
  8
0
100
AcDbLine
 10
-9.13552
 20
-10.393360000000001
 30
0.0
 11
-9.16461
 21
-10.3931
 31
0.0
  0
LINE
  5
170
330
17
100
AcDbEntity
  8
0
100
AcDbLine
 10
-9.16461
 20
-10.3931
 30
0.0
 11
-9.26102
 21
-10.38301
 31
0.0
  0
LINE
  5
171
330
17
100
AcDbEntity
  8
0
100
AcDbLine
 10
-9.26102
 20
-10.38301
 30
0.0
 11
-9.3562
 21
-10.36459
 31
0.0
  0
LINE
  5
172
330
17
100
AcDbEntity
  8
0
100
AcDbLine
 10
-9.3562
 20
-10.36459
 30
0.0
 11
-9.44942
 21
-10.33799
 31
0.0
  0
LINE
  5
173
330
17
100
AcDbEntity
  8
0
100
AcDbLine
 10
-9.44942
 20
-10.33799
 30
0.0
 11
-9.62085
 21
-10.270760000000001
 31
0.0
  0
LINE
  5
174
330
17
100
AcDbEntity
  8
0
100
AcDbLine
 10
-9.62085
 20
-10.270760000000001
 30
0.0
 11
-9.78431
 21
-10.186
 31
0.0
  0
LINE
  5
175
330
17
100
AcDbEntity
  8
0
100
AcDbLine
 10
-9.78431
 20
-10.186
 30
0.0
 11
-9.96088
 21
-10.07372
 31
0.0
  0
LINE
  5
176
330
17
100
AcDbEntity
  8
0
100
AcDbLine
 10
-9.96088
 20
-10.07372
 30
0.0
 11
-9.99281
 21
-10.050049999999999
 31
0.0
  0
LINE
  5
177
330
17
100
AcDbEntity
  8
0
100
AcDbLine
 10
-9.99281
 20
-10.050049999999999
 30
0.0
 11
-10.128979999999999
 21
-9.949110000000001
 31
0.0
  0
LINE
  5
178
330
17
100
AcDbEntity
  8
0
100
AcDbLine
 10
-10.128979999999999
 20
-9.949110000000001
 30
0.0
 11
-10.21154
 21
-9.88452
 31
0.0
  0
LINE
  5
179
330
17
100
AcDbEntity
  8
0
100
AcDbLine
 10
-10.21154
 20
-9.88452
 30
0.0
 11
-10.28477
 21
-9.83008
 31
0.0
  0
LINE
  5
17A
330
17
100
AcDbEntity
  8
0
100
AcDbLine
 10
-10.28477
 20
-9.83008
 30
0.0
 11
-10.34778
 21
-9.78531
 31
0.0
  0
LINE
  5
17B
330
17
100
AcDbEntity
  8
0
100
AcDbLine
 10
-10.34778
 20
-9.78531
 30
0.0
 11
-10.35004
 21
-9.78389
 31
0.0
  0
LINE
  5
17C
330
17
100
AcDbEntity
  8
0
100
AcDbLine
 10
-10.35004
 20
-9.78389
 30
0.0
 11
-10.35243
 21
-9.78271
 31
0.0
  0
LINE
  5
17D
330
17
100
AcDbEntity
  8
0
100
AcDbLine
 10
-10.35243
 20
-9.78271
 30
0.0
 11
-10.35493
 21
-9.78178
 31
0.0
  0
LINE
  5
17E
330
17
100
AcDbEntity
  8
0
100
AcDbLine
 10
-10.35493
 20
-9.78178
 30
0.0
 11
-10.357520000000001
 21
-9.78111
 31
0.0
  0
LINE
  5
17F
330
17
100
AcDbEntity
  8
0
100
AcDbLine
 10
-10.357520000000001
 20
-9.78111
 30
0.0
 11
-10.36016
 21
-9.7807
 31
0.0
  0
LINE
  5
180
330
17
100
AcDbEntity
  8
0
100
AcDbLine
 10
-10.36016
 20
-9.7807
 30
0.0
 11
-10.36282
 21
-9.78057
 31
0.0
  0
LINE
  5
181
330
17
100
AcDbEntity
  8
0
100
AcDbLine
 10
-10.36282
 20
-9.78057
 30
0.0
 11
-10.36496
 21
-9.78068
 31
0.0
  0
LINE
  5
182
330
17
100
AcDbEntity
  8
0
100
AcDbLine
 10
-10.36496
 20
-9.78068
 30
0.0
 11
-10.36707
 21
-9.781
 31
0.0
  0
LINE
  5
183
330
17
100
AcDbEntity
  8
0
100
AcDbLine
 10
-10.36707
 20
-9.781
 30
0.0
 11
-10.36914
 21
-9.78154
 31
0.0
  0
LINE
  5
184
330
17
100
AcDbEntity
  8
0
100
AcDbLine
 10
-10.36914
 20
-9.78154
 30
0.0
 11
-10.371139999999999
 21
-9.782290000000001
 31
0.0
  0
LINE
  5
185
330
17
100
AcDbEntity
  8
0
100
AcDbLine
 10
-10.371139999999999
 20
-9.782290000000001
 30
0.0
 11
-10.37306
 21
-9.78323
 31
0.0
  0
LINE
  5
186
330
17
100
AcDbEntity
  8
0
100
AcDbLine
 10
-10.37306
 20
-9.78323
 30
0.0
 11
-10.37487
 21
-9.784370000000001
 31
0.0
  0
LINE
  5
187
330
17
100
AcDbEntity
  8
0
100
AcDbLine
 10
-10.37487
 20
-9.784370000000001
 30
0.0
 11
-10.37655
 21
-9.785689999999999
 31
0.0
  0
LINE
  5
188
330
17
100
AcDbEntity
  8
0
100
AcDbLine
 10
-10.37655
 20
-9.785689999999999
 30
0.0
 11
-10.416039999999999
 21
-9.820920000000001
 31
0.0
  0
LINE
  5
189
330
17
100
AcDbEntity
  8
0
100
AcDbLine
 10
-10.416039999999999
 20
-9.820920000000001
 30
0.0
 11
-10.46196
 21
-9.865300000000001
 31
0.0
  0
LINE
  5
18A
330
17
100
AcDbEntity
  8
0
100
AcDbLine
 10
-10.46196
 20
-9.865300000000001
 30
0.0
 11
-10.512129999999999
 21
-9.91793
 31
0.0
  0
LINE
  5
18B
330
17
100
AcDbEntity
  8
0
100
AcDbLine
 10
-10.512129999999999
 20
-9.91793
 30
0.0
 11
-10.55186
 21
-9.96466
 31
0.0
  0
LINE
  5
18C
330
17
100
AcDbEntity
  8
0
100
AcDbLine
 10
-10.55186
 20
-9.96466
 30
0.0
 11
-10.58773
 21
-10.014429999999999
 31
0.0
  0
LINE
  5
18D
330
17
100
AcDbEntity
  8
0
100
AcDbLine
 10
-10.58773
 20
-10.014429999999999
 30
0.0
 11
-10.6195
 21
-10.0669
 31
0.0
  0
LINE
  5
18E
330
17
100
AcDbEntity
  8
0
100
AcDbLine
 10
-10.6195
 20
-10.0669
 30
0.0
 11
-10.62593
 21
-10.080179999999999
 31
0.0
  0
LINE
  5
18F
330
17
100
AcDbEntity
  8
0
100
AcDbLine
 10
-10.62593
 20
-10.080179999999999
 30
0.0
 11
-10.630930000000001
 21
-10.09406
 31
0.0
  0
LINE
  5
190
330
17
100
AcDbEntity
  8
0
100
AcDbLine
 10
-10.630930000000001
 20
-10.09406
 30
0.0
 11
-10.63442
 21
-10.1084
 31
0.0
  0
LINE
  5
191
330
17
100
AcDbEntity
  8
0
100
AcDbLine
 10
-10.63442
 20
-10.1084
 30
0.0
 11
-10.63639
 21
-10.12302
 31
0.0
  0
LINE
  5
192
330
17
100
AcDbEntity
  8
0
100
AcDbLine
 10
-10.63639
 20
-10.12302
 30
0.0
 11
-10.63679
 21
-10.137770000000002
 31
0.0
  0
LINE
  5
193
330
17
100
AcDbEntity
  8
0
100
AcDbLine
 10
-10.63679
 20
-10.137770000000002
 30
0.0
 11
-10.63563
 21
-10.15248
 31
0.0
  0
LINE
  5
194
330
17
100
AcDbEntity
  8
0
100
AcDbLine
 10
-10.63563
 20
-10.15248
 30
0.0
 11
-10.63292
 21
-10.16699
 31
0.0
  0
LINE
  5
195
330
17
100
AcDbEntity
  8
0
100
AcDbLine
 10
-10.63292
 20
-10.16699
 30
0.0
 11
-10.628689999999999
 21
-10.18112
 31
0.0
  0
LINE
  5
196
330
17
100
AcDbEntity
  8
0
100
AcDbLine
 10
-10.628689999999999
 20
-10.18112
 30
0.0
 11
-10.617130000000001
 21
-10.20914
 31
0.0
  0
LINE
  5
197
330
17
100
AcDbEntity
  8
0
100
AcDbLine
 10
-10.617130000000001
 20
-10.20914
 30
0.0
 11
-10.60295
 21
-10.23592
 31
0.0
  0
LINE
  5
198
330
17
100
AcDbEntity
  8
0
100
AcDbLine
 10
-10.60295
 20
-10.23592
 30
0.0
 11
-10.58628
 21
-10.26123
 31
0.0
  0
LINE
  5
199
330
17
100
AcDbEntity
  8
0
100
AcDbLine
 10
-10.58628
 20
-10.26123
 30
0.0
 11
-10.56727
 21
-10.28483
 31
0.0
  0
LINE
  5
19A
330
17
100
AcDbEntity
  8
0
100
AcDbLine
 10
-10.56727
 20
-10.28483
 30
0.0
 11
-10.54609
 21
-10.30651
 31
0.0
  0
LINE
  5
19B
330
17
100
AcDbEntity
  8
0
100
AcDbLine
 10
-10.54609
 20
-10.30651
 30
0.0
 11
-10.30213
 21
-10.520909999999999
 31
0.0
  0
LINE
  5
19C
330
17
100
AcDbEntity
  8
0
100
AcDbLine
 10
-10.30213
 20
-10.520909999999999
 30
0.0
 11
-10.293719999999999
 21
-10.528300000000002
 31
0.0
  0
LINE
  5
19D
330
17
100
AcDbEntity
  8
0
100
AcDbLine
 10
-10.293719999999999
 20
-10.528300000000002
 30
0.0
 11
-10.26447
 21
-10.549990000000001
 31
0.0
  0
LINE
  5
19E
330
17
100
AcDbEntity
  8
0
100
AcDbLine
 10
-10.26447
 20
-10.549990000000001
 30
0.0
 11
-10.10846
 21
-10.665700000000001
 31
0.0
  0
LINE
  5
19F
330
17
100
AcDbEntity
  8
0
100
AcDbLine
 10
-10.10846
 20
-10.665700000000001
 30
0.0
 11
-9.99281
 21
-10.73513
 31
0.0
  0
LINE
  5
1A0
330
17
100
AcDbEntity
  8
0
100
AcDbLine
 10
-9.99281
 20
-10.73513
 30
0.0
 11
-9.894490000000001
 21
-10.79416
 31
0.0
  0
LINE
  5
1A1
330
17
100
AcDbEntity
  8
0
100
AcDbLine
 10
-9.894490000000001
 20
-10.79416
 30
0.0
 11
-9.67858
 21
-10.89944
 31
0.0
  0
LINE
  5
1A2
330
17
100
AcDbEntity
  8
0
100
AcDbLine
 10
-9.67858
 20
-10.89944
 30
0.0
 11
-9.58469
 21
-10.936160000000001
 31
0.0
  0
LINE
  5
1A3
330
17
100
AcDbEntity
  8
0
100
AcDbLine
 10
-9.58469
 20
-10.936160000000001
 30
0.0
 11
-9.48833
 21
-10.96584
 31
0.0
  0
LINE
  5
1A4
330
17
100
AcDbEntity
  8
0
100
AcDbLine
 10
-9.48833
 20
-10.96584
 30
0.0
 11
-9.39586
 21
-10.98654
 31
0.0
  0
LINE
  5
1A5
330
17
100
AcDbEntity
  8
0
100
AcDbLine
 10
-9.39586
 20
-10.98654
 30
0.0
 11
-9.30199
 21
-10.99948
 31
0.0
  0
LINE
  5
1A6
330
17
100
AcDbEntity
  8
0
100
AcDbLine
 10
-9.30199
 20
-10.99948
 30
0.0
 11
-9.197560000000001
 21
-11.00622
 31
0.0
  0
LINE
  5
1A7
330
17
100
AcDbEntity
  8
0
100
AcDbLine
 10
-9.197560000000001
 20
-11.00622
 30
0.0
 11
-9.092920000000001
 21
-11.006490000000001
 31
0.0
  0
LINE
  5
1A8
330
17
100
AcDbEntity
  8
0
100
AcDbLine
 10
-9.092920000000001
 20
-11.006490000000001
 30
0.0
 11
-8.99112
 21
-11.0004
 31
0.0
  0
LINE
  5
1A9
330
17
100
AcDbEntity
  8
0
100
AcDbLine
 10
-8.99112
 20
-11.0004
 30
0.0
 11
-8.889899999999999
 21
-10.98792
 31
0.0
  0
LINE
  5
1AA
330
17
100
AcDbEntity
  8
0
100
AcDbLine
 10
-8.889899999999999
 20
-10.98792
 30
0.0
 11
-8.80508
 21
-10.97028
 31
0.0
  0
LINE
  5
1AB
330
17
100
AcDbEntity
  8
0
100
AcDbLine
 10
-8.80508
 20
-10.97028
 30
0.0
 11
-8.7225
 21
-10.9441
 31
0.0
  0
LINE
  5
1AC
330
17
100
AcDbEntity
  8
0
100
AcDbLine
 10
-8.7225
 20
-10.9441
 30
0.0
 11
-8.677890000000001
 21
-10.925880000000001
 31
0.0
  0
LINE
  5
1AD
330
17
100
AcDbEntity
  8
0
100
AcDbLine
 10
-8.677890000000001
 20
-10.925880000000001
 30
0.0
 11
-8.63443
 21
-10.90505
 31
0.0
  0
LINE
  5
1AE
330
17
100
AcDbEntity
  8
0
100
AcDbLine
 10
-8.63443
 20
-10.90505
 30
0.0
 11
-8.59554
 21
-10.88309
 31
0.0
  0
LINE
  5
1AF
330
17
100
AcDbEntity
  8
0
100
AcDbLine
 10
-8.59554
 20
-10.88309
 30
0.0
 11
-8.5584
 21
-10.8583
 31
0.0
  0
LINE
  5
1B0
330
17
100
AcDbEntity
  8
0
100
AcDbLine
 10
-8.5584
 20
-10.8583
 30
0.0
 11
-8.52116
 21
-10.82938
 31
0.0
  0
LINE
  5
1B1
330
17
100
AcDbEntity
  8
0
100
AcDbLine
 10
-8.52116
 20
-10.82938
 30
0.0
 11
-8.48601
 21
-10.79794
 31
0.0
  0
LINE
  5
1B2
330
17
100
AcDbEntity
  8
0
100
AcDbLine
 10
-8.48601
 20
-10.79794
 30
0.0
 11
-8.40871
 21
-10.71734
 31
0.0
  0
LINE
  5
1B3
330
17
100
AcDbEntity
  8
0
100
AcDbLine
 10
-8.40871
 20
-10.71734
 30
0.0
 11
-8.26483
 21
-10.55415
 31
0.0
  0
LINE
  5
1B4
330
17
100
AcDbEntity
  8
0
100
AcDbLine
 10
-8.26483
 20
-10.55415
 30
0.0
 11
-8.15106
 21
-10.62597
 31
0.0
  0
LINE
  5
1B5
330
17
100
AcDbEntity
  8
0
100
AcDbLine
 10
-8.15106
 20
-10.62597
 30
0.0
 11
-8.14181
 21
-10.63133
 31
0.0
  0
LINE
  5
1B6
330
17
100
AcDbEntity
  8
0
100
AcDbLine
 10
-8.14181
 20
-10.63133
 30
0.0
 11
-7.95464
 21
-10.73973
 31
0.0
  0
LINE
  5
1B7
330
17
100
AcDbEntity
  8
0
100
AcDbLine
 10
-7.95464
 20
-10.73973
 30
0.0
 11
-7.714
 21
-10.860140000000001
 31
0.0
  0
LINE
  5
1B8
330
17
100
AcDbEntity
  8
0
100
AcDbLine
 10
-7.714
 20
-10.860140000000001
 30
0.0
 11
-7.48399
 21
-10.96278
 31
0.0
  0
LINE
  5
1B9
330
17
100
AcDbEntity
  8
0
100
AcDbLine
 10
-7.48399
 20
-10.96278
 30
0.0
 11
-7.41347
 21
-10.98878
 31
0.0
  0
LINE
  5
1BA
330
17
100
AcDbEntity
  8
0
100
AcDbLine
 10
-7.41347
 20
-10.98878
 30
0.0
 11
-7.34089
 21
-11.00829
 31
0.0
  0
LINE
  5
1BB
330
17
100
AcDbEntity
  8
0
100
AcDbLine
 10
-7.34089
 20
-11.00829
 30
0.0
 11
-7.27395
 21
-11.019879999999999
 31
0.0
  0
LINE
  5
1BC
330
17
100
AcDbEntity
  8
0
100
AcDbLine
 10
-7.27395
 20
-11.019879999999999
 30
0.0
 11
-7.20622
 21
-11.02528
 31
0.0
  0
LINE
  5
1BD
330
17
100
AcDbEntity
  8
0
100
AcDbLine
 10
-7.20622
 20
-11.02528
 30
0.0
 11
-7.1382900000000005
 21
-11.02444
 31
0.0
  0
LINE
  5
1BE
330
17
100
AcDbEntity
  8
0
100
AcDbLine
 10
-7.1382900000000005
 20
-11.02444
 30
0.0
 11
-7.07373
 21
-11.017249999999999
 31
0.0
  0
LINE
  5
1BF
330
17
100
AcDbEntity
  8
0
100
AcDbLine
 10
-7.07373
 20
-11.017249999999999
 30
0.0
 11
-7.0102899999999995
 21
-11.00332
 31
0.0
  0
LINE
  5
1C0
330
17
100
AcDbEntity
  8
0
100
AcDbLine
 10
-7.0102899999999995
 20
-11.00332
 30
0.0
 11
-6.94865
 21
-10.98282
 31
0.0
  0
LINE
  5
1C1
330
17
100
AcDbEntity
  8
0
100
AcDbLine
 10
-6.94865
 20
-10.98282
 30
0.0
 11
-6.89012
 21
-10.95619
 31
0.0
  0
LINE
  5
1C2
330
17
100
AcDbEntity
  8
0
100
AcDbLine
 10
-6.89012
 20
-10.95619
 30
0.0
 11
-6.83475
 21
-10.92349
 31
0.0
  0
LINE
  5
1C3
330
17
100
AcDbEntity
  8
0
100
AcDbLine
 10
-6.83475
 20
-10.92349
 30
0.0
 11
-6.78317
 21
-10.88508
 31
0.0
  0
LINE
  5
1C4
330
17
100
AcDbEntity
  8
0
100
AcDbLine
 10
-6.78317
 20
-10.88508
 30
0.0
 11
-6.73435
 21
-10.840340000000001
 31
0.0
  0
LINE
  5
1C5
330
17
100
AcDbEntity
  8
0
100
AcDbLine
 10
-6.73435
 20
-10.840340000000001
 30
0.0
 11
-6.69012
 21
-10.79105
 31
0.0
  0
LINE
  5
1C6
330
17
100
AcDbEntity
  8
0
100
AcDbLine
 10
-6.69012
 20
-10.79105
 30
0.0
 11
-6.6509100000000005
 21
-10.737689999999999
 31
0.0
  0
LINE
  5
1C7
330
17
100
AcDbEntity
  8
0
100
AcDbLine
 10
-6.6509100000000005
 20
-10.737689999999999
 30
0.0
 11
-6.61593
 21
-10.6836
 31
0.0
  0
LINE
  5
1C8
330
17
100
AcDbEntity
  8
0
100
AcDbLine
 10
-6.61593
 20
-10.6836
 30
0.0
 11
-6.58449
 21
-10.632290000000001
 31
0.0
  0
LINE
  5
1C9
330
17
100
AcDbEntity
  8
0
100
AcDbLine
 10
-6.58449
 20
-10.632290000000001
 30
0.0
 11
-6.5591800000000005
 21
-10.58859
 31
0.0
  0
LINE
  5
1CA
330
17
100
AcDbEntity
  8
0
100
AcDbLine
 10
-6.5591800000000005
 20
-10.58859
 30
0.0
 11
-6.55403
 21
-10.57837
 31
0.0
  0
LINE
  5
1CB
330
17
100
AcDbEntity
  8
0
100
AcDbLine
 10
-6.55403
 20
-10.57837
 30
0.0
 11
-6.54987
 21
-10.567699999999999
 31
0.0
  0
LINE
  5
1CC
330
17
100
AcDbEntity
  8
0
100
AcDbLine
 10
-6.54987
 20
-10.567699999999999
 30
0.0
 11
-6.5495
 21
-10.56676
 31
0.0
  0
LINE
  5
1CD
330
17
100
AcDbEntity
  8
0
100
AcDbLine
 10
-6.5495
 20
-10.56676
 30
0.0
 11
-6.54903
 21
-10.56586
 31
0.0
  0
LINE
  5
1CE
330
17
100
AcDbEntity
  8
0
100
AcDbLine
 10
-6.54903
 20
-10.56586
 30
0.0
 11
-6.54847
 21
-10.565019999999999
 31
0.0
  0
LINE
  5
1CF
330
17
100
AcDbEntity
  8
0
100
AcDbLine
 10
-6.54847
 20
-10.565019999999999
 30
0.0
 11
-6.54783
 21
-10.564240000000002
 31
0.0
  0
LINE
  5
1D0
330
17
100
AcDbEntity
  8
0
100
AcDbLine
 10
-6.54783
 20
-10.564240000000002
 30
0.0
 11
-6.54711
 21
-10.56353
 31
0.0
  0
LINE
  5
1D1
330
17
100
AcDbEntity
  8
0
100
AcDbLine
 10
-6.54711
 20
-10.56353
 30
0.0
 11
-6.54632
 21
-10.5629
 31
0.0
  0
LINE
  5
1D2
330
17
100
AcDbEntity
  8
0
100
AcDbLine
 10
-6.54632
 20
-10.5629
 30
0.0
 11
-6.54546
 21
-10.56236
 31
0.0
  0
LINE
  5
1D3
330
17
100
AcDbEntity
  8
0
100
AcDbLine
 10
-6.54546
 20
-10.56236
 30
0.0
 11
-6.54456
 21
-10.561910000000001
 31
0.0
  0
LINE
  5
1D4
330
17
100
AcDbEntity
  8
0
100
AcDbLine
 10
-6.54456
 20
-10.561910000000001
 30
0.0
 11
-6.54361
 21
-10.561549999999999
 31
0.0
  0
LINE
  5
1D5
330
17
100
AcDbEntity
  8
0
100
AcDbLine
 10
-6.54361
 20
-10.561549999999999
 30
0.0
 11
-6.54264
 21
-10.5613
 31
0.0
  0
LINE
  5
1D6
330
17
100
AcDbEntity
  8
0
100
AcDbLine
 10
-6.54264
 20
-10.5613
 30
0.0
 11
-6.541639999999999
 21
-10.56114
 31
0.0
  0
LINE
  5
1D7
330
17
100
AcDbEntity
  8
0
100
AcDbLine
 10
-6.541639999999999
 20
-10.56114
 30
0.0
 11
-6.54063
 21
-10.56109
 31
0.0
  0
LINE
  5
1D8
330
17
100
AcDbEntity
  8
0
100
AcDbLine
 10
-6.54063
 20
-10.56109
 30
0.0
 11
-6.53962
 21
-10.56115
 31
0.0
  0
LINE
  5
1D9
330
17
100
AcDbEntity
  8
0
100
AcDbLine
 10
-6.53962
 20
-10.56115
 30
0.0
 11
-6.53862
 21
-10.56131
 31
0.0
  0
LINE
  5
1DA
330
17
100
AcDbEntity
  8
0
100
AcDbLine
 10
-6.53862
 20
-10.56131
 30
0.0
 11
-6.53764
 21
-10.56158
 31
0.0
  0
LINE
  5
1DB
330
17
100
AcDbEntity
  8
0
100
AcDbLine
 10
-6.53764
 20
-10.56158
 30
0.0
 11
-6.536700000000001
 21
-10.56194
 31
0.0
  0
LINE
  5
1DC
330
17
100
AcDbEntity
  8
0
100
AcDbLine
 10
-6.536700000000001
 20
-10.56194
 30
0.0
 11
-6.535799999999999
 21
-10.5624
 31
0.0
  0
LINE
  5
1DD
330
17
100
AcDbEntity
  8
0
100
AcDbLine
 10
-6.535799999999999
 20
-10.5624
 30
0.0
 11
-6.48511
 21
-10.594660000000001
 31
0.0
  0
LINE
  5
1DE
330
17
100
AcDbEntity
  8
0
100
AcDbLine
 10
-6.48511
 20
-10.594660000000001
 30
0.0
 11
-6.4206
 21
-10.643939999999999
 31
0.0
  0
LINE
  5
1DF
330
17
100
AcDbEntity
  8
0
100
AcDbLine
 10
-6.4206
 20
-10.643939999999999
 30
0.0
 11
-6.34622
 21
-10.70938
 31
0.0
  0
LINE
  5
1E0
330
17
100
AcDbEntity
  8
0
100
AcDbLine
 10
-6.34622
 20
-10.70938
 30
0.0
 11
-6.19163
 21
-10.83918
 31
0.0
  0
LINE
  5
1E1
330
17
100
AcDbEntity
  8
0
100
AcDbLine
 10
-6.19163
 20
-10.83918
 30
0.0
 11
-6.10199
 21
-10.90088
 31
0.0
  0
LINE
  5
1E2
330
17
100
AcDbEntity
  8
0
100
AcDbLine
 10
-6.10199
 20
-10.90088
 30
0.0
 11
-6.0253499999999995
 21
-10.95363
 31
0.0
  0
LINE
  5
1E3
330
17
100
AcDbEntity
  8
0
100
AcDbLine
 10
-6.0253499999999995
 20
-10.95363
 30
0.0
 11
-5.9585
 21
-10.990210000000001
 31
0.0
  0
LINE
  5
1E4
330
17
100
AcDbEntity
  8
0
100
AcDbLine
 10
-5.9585
 20
-10.990210000000001
 30
0.0
 11
-5.888059999999999
 21
-11.01932
 31
0.0
  0
LINE
  5
1E5
330
17
100
AcDbEntity
  8
0
100
AcDbLine
 10
-5.888059999999999
 20
-11.01932
 30
0.0
 11
-5.814889999999999
 21
-11.0406
 31
0.0
  0
LINE
  5
1E6
330
17
100
AcDbEntity
  8
0
100
AcDbLine
 10
-5.814889999999999
 20
-11.0406
 30
0.0
 11
-5.73984
 21
-11.05382
 31
0.0
  0
LINE
  5
1E7
330
17
100
AcDbEntity
  8
0
100
AcDbLine
 10
-5.73984
 20
-11.05382
 30
0.0
 11
-5.6982
 21
-11.056750000000001
 31
0.0
  0
LINE
  5
1E8
330
17
100
AcDbEntity
  8
0
100
AcDbLine
 10
-5.6982
 20
-11.056750000000001
 30
0.0
 11
-5.65648
 21
-11.05555
 31
0.0
  0
LINE
  5
1E9
330
17
100
AcDbEntity
  8
0
100
AcDbLine
 10
-5.65648
 20
-11.05555
 30
0.0
 11
-5.61508
 21
-11.05021
 31
0.0
  0
LINE
  5
1EA
330
17
100
AcDbEntity
  8
0
100
AcDbLine
 10
-5.61508
 20
-11.05021
 30
0.0
 11
-5.57442
 21
-11.04081
 31
0.0
  0
LINE
  5
1EB
330
17
100
AcDbEntity
  8
0
100
AcDbLine
 10
-5.57442
 20
-11.04081
 30
0.0
 11
-5.53489
 21
-11.02742
 31
0.0
  0
LINE
  5
1EC
330
17
100
AcDbEntity
  8
0
100
AcDbLine
 10
-5.53489
 20
-11.02742
 30
0.0
 11
-5.49687
 21
-11.01018
 31
0.0
  0
LINE
  5
1ED
330
17
100
AcDbEntity
  8
0
100
AcDbLine
 10
-5.49687
 20
-11.01018
 30
0.0
 11
-5.45069
 21
-10.983460000000001
 31
0.0
  0
LINE
  5
1EE
330
17
100
AcDbEntity
  8
0
100
AcDbLine
 10
-5.45069
 20
-10.983460000000001
 30
0.0
 11
-5.40736
 21
-10.95232
 31
0.0
  0
LINE
  5
1EF
330
17
100
AcDbEntity
  8
0
100
AcDbLine
 10
-5.40736
 20
-10.95232
 30
0.0
 11
-5.36731
 21
-10.91706
 31
0.0
  0
LINE
  5
1F0
330
17
100
AcDbEntity
  8
0
100
AcDbLine
 10
-5.36731
 20
-10.91706
 30
0.0
 11
-5.33091
 21
-10.87804
 31
0.0
  0
LINE
  5
1F1
330
17
100
AcDbEntity
  8
0
100
AcDbLine
 10
-5.33091
 20
-10.87804
 30
0.0
 11
-5.29854
 21
-10.83562
 31
0.0
  0
LINE
  5
1F2
330
17
100
AcDbEntity
  8
0
100
AcDbLine
 10
-5.29854
 20
-10.83562
 30
0.0
 11
-5.20698
 21
-10.70255
 31
0.0
  0
LINE
  5
1F3
330
17
100
AcDbEntity
  8
0
100
AcDbLine
 10
-5.20698
 20
-10.70255
 30
0.0
 11
-5.00729
 21
-10.83926
 31
0.0
  0
LINE
  5
1F4
330
17
100
AcDbEntity
  8
0
100
AcDbLine
 10
-5.00729
 20
-10.83926
 30
0.0
 11
-4.86582
 21
-10.92569
 31
0.0
  0
LINE
  5
1F5
330
17
100
AcDbEntity
  8
0
100
AcDbLine
 10
-4.86582
 20
-10.92569
 30
0.0
 11
-4.7161599999999995
 21
-10.997
 31
0.0
  0
LINE
  5
1F6
330
17
100
AcDbEntity
  8
0
100
AcDbLine
 10
-4.7161599999999995
 20
-10.997
 30
0.0
 11
-4.65093
 21
-11.02071
 31
0.0
  0
LINE
  5
1F7
330
17
100
AcDbEntity
  8
0
100
AcDbLine
 10
-4.65093
 20
-11.02071
 30
0.0
 11
-4.583880000000001
 21
-11.0386
 31
0.0
  0
LINE
  5
1F8
330
17
100
AcDbEntity
  8
0
100
AcDbLine
 10
-4.583880000000001
 20
-11.0386
 30
0.0
 11
-4.515510000000001
 21
-11.05053
 31
0.0
  0
LINE
  5
1F9
330
17
100
AcDbEntity
  8
0
100
AcDbLine
 10
-4.515510000000001
 20
-11.05053
 30
0.0
 11
-4.44636
 21
-11.0564
 31
0.0
  0
LINE
  5
1FA
330
17
100
AcDbEntity
  8
0
100
AcDbLine
 10
-4.44636
 20
-11.0564
 30
0.0
 11
-4.38501
 21
-11.05569
 31
0.0
  0
LINE
  5
1FB
330
17
100
AcDbEntity
  8
0
100
AcDbLine
 10
-4.38501
 20
-11.05569
 30
0.0
 11
-4.32407
 21
-11.04857
 31
0.0
  0
LINE
  5
1FC
330
17
100
AcDbEntity
  8
0
100
AcDbLine
 10
-4.32407
 20
-11.04857
 30
0.0
 11
-4.26421
 21
-11.03513
 31
0.0
  0
LINE
  5
1FD
330
17
100
AcDbEntity
  8
0
100
AcDbLine
 10
-4.26421
 20
-11.03513
 30
0.0
 11
-4.20608
 21
-11.0155
 31
0.0
  0
LINE
  5
1FE
330
17
100
AcDbEntity
  8
0
100
AcDbLine
 10
-4.20608
 20
-11.0155
 30
0.0
 11
-4.14978
 21
-10.989749999999999
 31
0.0
  0
LINE
  5
1FF
330
17
100
AcDbEntity
  8
0
100
AcDbLine
 10
-4.14978
 20
-10.989749999999999
 30
0.0
 11
-4.09638
 21
-10.95841
 31
0.0
  0
LINE
  5
200
330
17
100
AcDbEntity
  8
0
100
AcDbLine
 10
-4.09638
 20
-10.95841
 30
0.0
 11
-4.04645
 21
-10.921800000000001
 31
0.0
  0
LINE
  5
201
330
17
100
AcDbEntity
  8
0
100
AcDbLine
 10
-4.04645
 20
-10.921800000000001
 30
0.0
 11
-4.00049
 21
-10.880310000000001
 31
0.0
  0
LINE
  5
202
330
17
100
AcDbEntity
  8
0
100
AcDbLine
 10
-4.00049
 20
-10.880310000000001
 30
0.0
 11
-3.9316400000000002
 21
-10.81442
 31
0.0
  0
LINE
  5
203
330
17
100
AcDbEntity
  8
0
100
AcDbLine
 10
-3.9316400000000002
 20
-10.81442
 30
0.0
 11
-3.91971
 21
-10.80457
 31
0.0
  0
LINE
  5
204
330
17
100
AcDbEntity
  8
0
100
AcDbLine
 10
-3.91971
 20
-10.80457
 30
0.0
 11
-3.9068300000000002
 21
-10.796
 31
0.0
  0
LINE
  5
205
330
17
100
AcDbEntity
  8
0
100
AcDbLine
 10
-3.9068300000000002
 20
-10.796
 30
0.0
 11
-3.89314
 21
-10.788789999999999
 31
0.0
  0
LINE
  5
206
330
17
100
AcDbEntity
  8
0
100
AcDbLine
 10
-3.89314
 20
-10.788789999999999
 30
0.0
 11
-3.8890499999999997
 21
-10.78714
 31
0.0
  0
LINE
  5
207
330
17
100
AcDbEntity
  8
0
100
AcDbLine
 10
-3.8890499999999997
 20
-10.78714
 30
0.0
 11
-3.8848200000000004
 21
-10.78589
 31
0.0
  0
LINE
  5
208
330
17
100
AcDbEntity
  8
0
100
AcDbLine
 10
-3.8848200000000004
 20
-10.78589
 30
0.0
 11
-3.88049
 21
-10.785060000000001
 31
0.0
  0
LINE
  5
209
330
17
100
AcDbEntity
  8
0
100
AcDbLine
 10
-3.88049
 20
-10.785060000000001
 30
0.0
 11
-3.87609
 21
-10.78466
 31
0.0
  0
LINE
  5
20A
330
17
100
AcDbEntity
  8
0
100
AcDbLine
 10
-3.87609
 20
-10.78466
 30
0.0
 11
-3.87168
 21
-10.784699999999999
 31
0.0
  0
LINE
  5
20B
330
17
100
AcDbEntity
  8
0
100
AcDbLine
 10
-3.87168
 20
-10.784699999999999
 30
0.0
 11
-3.8673
 21
-10.78516
 31
0.0
  0
LINE
  5
20C
330
17
100
AcDbEntity
  8
0
100
AcDbLine
 10
-3.8673
 20
-10.78516
 30
0.0
 11
-3.86298
 21
-10.78604
 31
0.0
  0
LINE
  5
20D
330
17
100
AcDbEntity
  8
0
100
AcDbLine
 10
-3.86298
 20
-10.78604
 30
0.0
 11
-3.85616
 21
-10.78812
 31
0.0
  0
LINE
  5
20E
330
17
100
AcDbEntity
  8
0
100
AcDbLine
 10
-3.85616
 20
-10.78812
 30
0.0
 11
-3.84957
 21
-10.790799999999999
 31
0.0
  0
LINE
  5
20F
330
17
100
AcDbEntity
  8
0
100
AcDbLine
 10
-3.84957
 20
-10.790799999999999
 30
0.0
 11
-3.8432399999999998
 21
-10.79407
 31
0.0
  0
LINE
  5
210
330
17
100
AcDbEntity
  8
0
100
AcDbLine
 10
-3.8432399999999998
 20
-10.79407
 30
0.0
 11
-3.83723
 21
-10.79788
 31
0.0
  0
LINE
  5
211
330
17
100
AcDbEntity
  8
0
100
AcDbLine
 10
-3.83723
 20
-10.79788
 30
0.0
 11
-3.8315799999999998
 21
-10.80222
 31
0.0
  0
LINE
  5
212
330
17
100
AcDbEntity
  8
0
100
AcDbLine
 10
-3.8315799999999998
 20
-10.80222
 30
0.0
 11
-3.7644800000000003
 21
-10.85298
 31
0.0
  0
LINE
  5
213
330
17
100
AcDbEntity
  8
0
100
AcDbLine
 10
-3.7644800000000003
 20
-10.85298
 30
0.0
 11
-3.69243
 21
-10.89644
 31
0.0
  0
LINE
  5
214
330
17
100
AcDbEntity
  8
0
100
AcDbLine
 10
-3.69243
 20
-10.89644
 30
0.0
 11
-3.59909
 21
-10.942969999999999
 31
0.0
  0
LINE
  5
215
330
17
100
AcDbEntity
  8
0
100
AcDbLine
 10
-3.59909
 20
-10.942969999999999
 30
0.0
 11
-3.5033
 21
-10.98425
 31
0.0
  0
LINE
  5
216
330
17
100
AcDbEntity
  8
0
100
AcDbLine
 10
-3.5033
 20
-10.98425
 30
0.0
 11
-3.40772
 21
-11.01929
 31
0.0
  0
LINE
  5
217
330
17
100
AcDbEntity
  8
0
100
AcDbLine
 10
-3.40772
 20
-11.01929
 30
0.0
 11
-3.31036
 21
-11.04898
 31
0.0
  0
LINE
  5
218
330
17
100
AcDbEntity
  8
0
100
AcDbLine
 10
-3.31036
 20
-11.04898
 30
0.0
 11
-3.26148
 21
-11.06009
 31
0.0
  0
LINE
  5
219
330
17
100
AcDbEntity
  8
0
100
AcDbLine
 10
-3.26148
 20
-11.06009
 30
0.0
 11
-3.21181
 21
-11.06679
 31
0.0
  0
LINE
  5
21A
330
17
100
AcDbEntity
  8
0
100
AcDbLine
 10
-3.21181
 20
-11.06679
 30
0.0
 11
-3.16174
 21
-11.06903
 31
0.0
  0
LINE
  5
21B
330
17
100
AcDbEntity
  8
0
100
AcDbLine
 10
-3.16174
 20
-11.06903
 30
0.0
 11
-3.12308
 21
-11.06727
 31
0.0
  0
LINE
  5
21C
330
17
100
AcDbEntity
  8
0
100
AcDbLine
 10
-3.12308
 20
-11.06727
 30
0.0
 11
-3.08474
 21
-11.061990000000002
 31
0.0
  0
LINE
  5
21D
330
17
100
AcDbEntity
  8
0
100
AcDbLine
 10
-3.08474
 20
-11.061990000000002
 30
0.0
 11
-3.04703
 21
-11.05325
 31
0.0
  0
LINE
  5
21E
330
17
100
AcDbEntity
  8
0
100
AcDbLine
 10
-3.04703
 20
-11.05325
 30
0.0
 11
-3.0102800000000003
 21
-11.04111
 31
0.0
  0
LINE
  5
21F
330
17
100
AcDbEntity
  8
0
100
AcDbLine
 10
-3.0102800000000003
 20
-11.04111
 30
0.0
 11
-2.9853
 21
-11.03002
 31
0.0
  0
LINE
  5
220
330
17
100
AcDbEntity
  8
0
100
AcDbLine
 10
-2.9853
 20
-11.03002
 30
0.0
 11
-2.96162
 21
-11.016369999999998
 31
0.0
  0
LINE
  5
221
330
17
100
AcDbEntity
  8
0
100
AcDbLine
 10
-2.96162
 20
-11.016369999999998
 30
0.0
 11
-2.9395100000000003
 21
-11.00029
 31
0.0
  0
LINE
  5
222
330
17
100
AcDbEntity
  8
0
100
AcDbLine
 10
-2.9395100000000003
 20
-11.00029
 30
0.0
 11
-2.91923
 21
-10.98197
 31
0.0
  0
LINE
  5
223
330
17
100
AcDbEntity
  8
0
100
AcDbLine
 10
-2.91923
 20
-10.98197
 30
0.0
 11
-2.90099
 21
-10.96161
 31
0.0
  0
LINE
  5
224
330
17
100
AcDbEntity
  8
0
100
AcDbLine
 10
-2.90099
 20
-10.96161
 30
0.0
 11
-2.8758500000000002
 21
-10.92728
 31
0.0
  0
LINE
  5
225
330
17
100
AcDbEntity
  8
0
100
AcDbLine
 10
-2.8758500000000002
 20
-10.92728
 30
0.0
 11
-2.85393
 21
-10.890820000000001
 31
0.0
  0
LINE
  5
226
330
17
100
AcDbEntity
  8
0
100
AcDbLine
 10
-2.85393
 20
-10.890820000000001
 30
0.0
 11
-2.83542
 21
-10.852509999999999
 31
0.0
  0
LINE
  5
227
330
17
100
AcDbEntity
  8
0
100
AcDbLine
 10
-2.83542
 20
-10.852509999999999
 30
0.0
 11
-2.8204599999999997
 21
-10.81268
 31
0.0
  0
LINE
  5
228
330
17
100
AcDbEntity
  8
0
100
AcDbLine
 10
-2.8204599999999997
 20
-10.81268
 30
0.0
 11
-2.78396
 21
-10.68867
 31
0.0
  0
LINE
  5
229
330
17
100
AcDbEntity
  8
0
100
AcDbLine
 10
-2.78396
 20
-10.68867
 30
0.0
 11
-2.75434
 21
-10.562850000000001
 31
0.0
  0
LINE
  5
22A
330
17
100
AcDbEntity
  8
0
100
AcDbLine
 10
-2.75434
 20
-10.562850000000001
 30
0.0
 11
-2.75224
 21
-10.549990000000001
 31
0.0
  0
LINE
  5
22B
330
17
100
AcDbEntity
  8
0
100
AcDbLine
 10
-2.75224
 20
-10.549990000000001
 30
0.0
 11
-2.74748
 21
-10.520909999999999
 31
0.0
  0
LINE
  5
22C
330
17
100
AcDbEntity
  8
0
100
AcDbLine
 10
-2.74748
 20
-10.520909999999999
 30
0.0
 11
-2.74136
 21
-10.48348
 31
0.0
  0
LINE
  5
22D
330
17
100
AcDbEntity
  8
0
100
AcDbLine
 10
-2.74136
 20
-10.48348
 30
0.0
 11
-2.7350299999999996
 21
-10.403300000000002
 31
0.0
  0
LINE
  5
22E
330
17
100
AcDbEntity
  8
0
100
AcDbLine
 10
-2.7350299999999996
 20
-10.403300000000002
 30
0.0
 11
-2.73377
 21
-10.178460000000001
 31
0.0
  0
LINE
  5
22F
330
17
100
AcDbEntity
  8
0
100
AcDbLine
 10
-2.73377
 20
-10.178460000000001
 30
0.0
 11
-2.7474000000000003
 21
-9.94193
 31
0.0
  0
LINE
  5
230
330
17
100
AcDbEntity
  8
0
100
AcDbLine
 10
-2.7474000000000003
 20
-9.94193
 30
0.0
 11
-2.77563
 21
-9.73953
 31
0.0
  0
LINE
  5
231
330
17
100
AcDbEntity
  8
0
100
AcDbLine
 10
-2.77563
 20
-9.73953
 30
0.0
 11
-2.78144
 21
-9.703399999999998
 31
0.0
  0
LINE
  5
232
330
17
100
AcDbEntity
  8
0
100
AcDbLine
 10
-2.78144
 20
-9.703399999999998
 30
0.0
 11
-2.78278
 21
-9.689680000000001
 31
0.0
  0
LINE
  5
233
330
17
100
AcDbEntity
  8
0
100
AcDbLine
 10
-2.78278
 20
-9.689680000000001
 30
0.0
 11
-2.7832299999999996
 21
-9.675899999999999
 31
0.0
  0
LINE
  5
234
330
17
100
AcDbEntity
  8
0
100
AcDbLine
 10
-2.7832299999999996
 20
-9.675899999999999
 30
0.0
 11
-2.78299
 21
-9.67079
 31
0.0
  0
LINE
  5
235
330
17
100
AcDbEntity
  8
0
100
AcDbLine
 10
-2.78299
 20
-9.67079
 30
0.0
 11
-2.7822799999999996
 21
-9.665719999999999
 31
0.0
  0
LINE
  5
236
330
17
100
AcDbEntity
  8
0
100
AcDbLine
 10
-2.7822799999999996
 20
-9.665719999999999
 30
0.0
 11
-2.7811
 21
-9.660739999999999
 31
0.0
  0
LINE
  5
237
330
17
100
AcDbEntity
  8
0
100
AcDbLine
 10
-2.7811
 20
-9.660739999999999
 30
0.0
 11
-2.78099
 21
-9.6604
 31
0.0
  0
LINE
  5
238
330
17
100
AcDbEntity
  8
0
100
AcDbLine
 10
-2.78099
 20
-9.6604
 30
0.0
 11
-2.7808300000000004
 21
-9.66007
 31
0.0
  0
LINE
  5
239
330
17
100
AcDbEntity
  8
0
100
AcDbLine
 10
-2.7808300000000004
 20
-9.66007
 30
0.0
 11
-2.78065
 21
-9.65977
 31
0.0
  0
LINE
  5
23A
330
17
100
AcDbEntity
  8
0
100
AcDbLine
 10
-2.78065
 20
-9.65977
 30
0.0
 11
-2.78043
 21
-9.65948
 31
0.0
  0
LINE
  5
23B
330
17
100
AcDbEntity
  8
0
100
AcDbLine
 10
-2.78043
 20
-9.65948
 30
0.0
 11
-2.78018
 21
-9.65922
 31
0.0
  0
LINE
  5
23C
330
17
100
AcDbEntity
  8
0
100
AcDbLine
 10
-2.78018
 20
-9.65922
 30
0.0
 11
-2.77991
 21
-9.65898
 31
0.0
  0
LINE
  5
23D
330
17
100
AcDbEntity
  8
0
100
AcDbLine
 10
-2.77991
 20
-9.65898
 30
0.0
 11
-2.77961
 21
-9.65878
 31
0.0
  0
LINE
  5
23E
330
17
100
AcDbEntity
  8
0
100
AcDbLine
 10
-2.77961
 20
-9.65878
 30
0.0
 11
-2.7792899999999996
 21
-9.65861
 31
0.0
  0
LINE
  5
23F
330
17
100
AcDbEntity
  8
0
100
AcDbLine
 10
-2.7792899999999996
 20
-9.65861
 30
0.0
 11
-2.77896
 21
-9.658470000000001
 31
0.0
  0
LINE
  5
240
330
17
100
AcDbEntity
  8
0
100
AcDbLine
 10
-2.77896
 20
-9.658470000000001
 30
0.0
 11
-2.77861
 21
-9.65837
 31
0.0
  0
LINE
  5
241
330
17
100
AcDbEntity
  8
0
100
AcDbLine
 10
-2.77861
 20
-9.65837
 30
0.0
 11
-2.77826
 21
-9.65831
 31
0.0
  0
LINE
  5
242
330
17
100
AcDbEntity
  8
0
100
AcDbLine
 10
-2.77826
 20
-9.65831
 30
0.0
 11
-2.7779
 21
-9.65829
 31
0.0
  0
LINE
  5
243
330
17
100
AcDbEntity
  8
0
100
AcDbLine
 10
-2.7779
 20
-9.65829
 30
0.0
 11
-2.7775399999999997
 21
-9.6583
 31
0.0
  0
LINE
  5
244
330
17
100
AcDbEntity
  8
0
100
AcDbLine
 10
-2.7775399999999997
 20
-9.6583
 30
0.0
 11
-2.77718
 21
-9.65835
 31
0.0
  0
LINE
  5
245
330
17
100
AcDbEntity
  8
0
100
AcDbLine
 10
-2.77718
 20
-9.65835
 30
0.0
 11
-2.77683
 21
-9.65844
 31
0.0
  0
LINE
  5
246
330
17
100
AcDbEntity
  8
0
100
AcDbLine
 10
-2.77683
 20
-9.65844
 30
0.0
 11
-2.77649
 21
-9.65857
 31
0.0
  0
LINE
  5
247
330
17
100
AcDbEntity
  8
0
100
AcDbLine
 10
-2.77649
 20
-9.65857
 30
0.0
 11
-2.77617
 21
-9.65873
 31
0.0
  0
LINE
  5
248
330
17
100
AcDbEntity
  8
0
100
AcDbLine
 10
-2.77617
 20
-9.65873
 30
0.0
 11
-2.7758700000000003
 21
-9.65893
 31
0.0
  0
LINE
  5
249
330
17
100
AcDbEntity
  8
0
100
AcDbLine
 10
-2.7758700000000003
 20
-9.65893
 30
0.0
 11
-2.7755900000000002
 21
-9.65916
 31
0.0
  0
LINE
  5
24A
330
17
100
AcDbEntity
  8
0
100
AcDbLine
 10
-2.7755900000000002
 20
-9.65916
 30
0.0
 11
-2.7721500000000003
 21
-9.662550000000001
 31
0.0
  0
LINE
  5
24B
330
17
100
AcDbEntity
  8
0
100
AcDbLine
 10
-2.7721500000000003
 20
-9.662550000000001
 30
0.0
 11
-2.76904
 21
-9.66624
 31
0.0
  0
LINE
  5
24C
330
17
100
AcDbEntity
  8
0
100
AcDbLine
 10
-2.76904
 20
-9.66624
 30
0.0
 11
-2.76628
 21
-9.6702
 31
0.0
  0
LINE
  5
24D
330
17
100
AcDbEntity
  8
0
100
AcDbLine
 10
-2.76628
 20
-9.6702
 30
0.0
 11
-2.7638900000000004
 21
-9.674389999999999
 31
0.0
  0
LINE
  5
24E
330
17
100
AcDbEntity
  8
0
100
AcDbLine
 10
-2.7638900000000004
 20
-9.674389999999999
 30
0.0
 11
-2.6673
 21
-9.86427
 31
0.0
  0
LINE
  5
24F
330
17
100
AcDbEntity
  8
0
100
AcDbLine
 10
-2.6673
 20
-9.86427
 30
0.0
 11
-2.5585199999999997
 21
-10.08052
 31
0.0
  0
LINE
  5
250
330
17
100
AcDbEntity
  8
0
100
AcDbLine
 10
-2.5585199999999997
 20
-10.08052
 30
0.0
 11
-2.44674
 21
-10.30616
 31
0.0
  0
LINE
  5
251
330
17
100
AcDbEntity
  8
0
100
AcDbLine
 10
-2.44674
 20
-10.30616
 30
0.0
 11
-2.43291
 21
-10.334060000000001
 31
0.0
  0
LINE
  5
252
330
17
100
AcDbEntity
  8
0
100
AcDbLine
 10
-2.43291
 20
-10.334060000000001
 30
0.0
 11
-2.33903
 21
-10.520909999999999
 31
0.0
  0
LINE
  5
253
330
17
100
AcDbEntity
  8
0
100
AcDbLine
 10
-2.33903
 20
-10.520909999999999
 30
0.0
 11
-2.32442
 21
-10.549990000000001
 31
0.0
  0
LINE
  5
254
330
17
100
AcDbEntity
  8
0
100
AcDbLine
 10
-2.32442
 20
-10.549990000000001
 30
0.0
 11
-2.30481
 21
-10.58902
 31
0.0
  0
LINE
  5
255
330
17
100
AcDbEntity
  8
0
100
AcDbLine
 10
-2.30481
 20
-10.58902
 30
0.0
 11
-2.18825
 21
-10.80995
 31
0.0
  0
LINE
  5
256
330
17
100
AcDbEntity
  8
0
100
AcDbLine
 10
-2.18825
 20
-10.80995
 30
0.0
 11
-2.0861400000000003
 21
-10.99553
 31
0.0
  0
LINE
  5
257
330
17
100
AcDbEntity
  8
0
100
AcDbLine
 10
-2.0861400000000003
 20
-10.99553
 30
0.0
 11
-2.0812600000000003
 21
-11.00343
 31
0.0
  0
LINE
  5
258
330
17
100
AcDbEntity
  8
0
100
AcDbLine
 10
-2.0812600000000003
 20
-11.00343
 30
0.0
 11
-2.0756799999999997
 21
-11.010860000000001
 31
0.0
  0
LINE
  5
259
330
17
100
AcDbEntity
  8
0
100
AcDbLine
 10
-2.0756799999999997
 20
-11.010860000000001
 30
0.0
 11
-2.0694500000000002
 21
-11.017759999999999
 31
0.0
  0
LINE
  5
25A
330
17
100
AcDbEntity
  8
0
100
AcDbLine
 10
-2.0694500000000002
 20
-11.017759999999999
 30
0.0
 11
-2.06262
 21
-11.02406
 31
0.0
  0
LINE
  5
25B
330
17
100
AcDbEntity
  8
0
100
AcDbLine
 10
-2.06262
 20
-11.02406
 30
0.0
 11
-2.05526
 21
-11.029729999999999
 31
0.0
  0
LINE
  5
25C
330
17
100
AcDbEntity
  8
0
100
AcDbLine
 10
-2.05526
 20
-11.029729999999999
 30
0.0
 11
-2.04171
 21
-11.0382
 31
0.0
  0
LINE
  5
25D
330
17
100
AcDbEntity
  8
0
100
AcDbLine
 10
-2.04171
 20
-11.0382
 30
0.0
 11
-2.0273600000000003
 21
-11.04525
 31
0.0
  0
LINE
  5
25E
330
17
100
AcDbEntity
  8
0
100
AcDbLine
 10
-2.0273600000000003
 20
-11.04525
 30
0.0
 11
-1.98613
 21
-11.061
 31
0.0
  0
LINE
  5
25F
330
17
100
AcDbEntity
  8
0
100
AcDbLine
 10
-1.98613
 20
-11.061
 30
0.0
 11
-1.93982
 21
-11.07459
 31
0.0
  0
LINE
  5
260
330
17
100
AcDbEntity
  8
0
100
AcDbLine
 10
-1.93982
 20
-11.07459
 30
0.0
 11
-1.8950200000000001
 21
-11.083680000000001
 31
0.0
  0
LINE
  5
261
330
17
100
AcDbEntity
  8
0
100
AcDbLine
 10
-1.8950200000000001
 20
-11.083680000000001
 30
0.0
 11
-1.87004
 21
-11.08638
 31
0.0
  0
LINE
  5
262
330
17
100
AcDbEntity
  8
0
100
AcDbLine
 10
-1.87004
 20
-11.08638
 30
0.0
 11
-1.84492
 21
-11.08677
 31
0.0
  0
LINE
  5
263
330
17
100
AcDbEntity
  8
0
100
AcDbLine
 10
-1.84492
 20
-11.08677
 30
0.0
 11
-1.8198699999999999
 21
-11.08484
 31
0.0
  0
LINE
  5
264
330
17
100
AcDbEntity
  8
0
100
AcDbLine
 10
-1.8198699999999999
 20
-11.08484
 30
0.0
 11
-1.79511
 21
-11.080599999999999
 31
0.0
  0
LINE
  5
265
330
17
100
AcDbEntity
  8
0
100
AcDbLine
 10
-1.79511
 20
-11.080599999999999
 30
0.0
 11
-1.76019
 21
-11.07115
 31
0.0
  0
LINE
  5
266
330
17
100
AcDbEntity
  8
0
100
AcDbLine
 10
-1.76019
 20
-11.07115
 30
0.0
 11
-1.72636
 21
-11.05833
 31
0.0
  0
LINE
  5
267
330
17
100
AcDbEntity
  8
0
100
AcDbLine
 10
-1.72636
 20
-11.05833
 30
0.0
 11
-1.69394
 21
-11.04227
 31
0.0
  0
LINE
  5
268
330
17
100
AcDbEntity
  8
0
100
AcDbLine
 10
-1.69394
 20
-11.04227
 30
0.0
 11
-1.66479
 21
-11.02398
 31
0.0
  0
LINE
  5
269
330
17
100
AcDbEntity
  8
0
100
AcDbLine
 10
-1.66479
 20
-11.02398
 30
0.0
 11
-1.63766
 21
-11.002790000000001
 31
0.0
  0
LINE
  5
26A
330
17
100
AcDbEntity
  8
0
100
AcDbLine
 10
-1.63766
 20
-11.002790000000001
 30
0.0
 11
-1.6128500000000001
 21
-10.97894
 31
0.0
  0
LINE
  5
26B
330
17
100
AcDbEntity
  8
0
100
AcDbLine
 10
-1.6128500000000001
 20
-10.97894
 30
0.0
 11
-1.6015700000000002
 21
-10.96563
 31
0.0
  0
LINE
  5
26C
330
17
100
AcDbEntity
  8
0
100
AcDbLine
 10
-1.6015700000000002
 20
-10.96563
 30
0.0
 11
-1.5917
 21
-10.951239999999999
 31
0.0
  0
LINE
  5
26D
330
17
100
AcDbEntity
  8
0
100
AcDbLine
 10
-1.5917
 20
-10.951239999999999
 30
0.0
 11
-1.58334
 21
-10.93592
 31
0.0
  0
LINE
  5
26E
330
17
100
AcDbEntity
  8
0
100
AcDbLine
 10
-1.58334
 20
-10.93592
 30
0.0
 11
-1.57657
 21
-10.91984
 31
0.0
  0
LINE
  5
26F
330
17
100
AcDbEntity
  8
0
100
AcDbLine
 10
-1.57657
 20
-10.91984
 30
0.0
 11
-1.57147
 21
-10.90315
 31
0.0
  0
LINE
  5
270
330
17
100
AcDbEntity
  8
0
100
AcDbLine
 10
-1.57147
 20
-10.90315
 30
0.0
 11
-1.5690700000000002
 21
-10.89515
 31
0.0
  0
LINE
  5
271
330
17
100
AcDbEntity
  8
0
100
AcDbLine
 10
-1.5690700000000002
 20
-10.89515
 30
0.0
 11
-1.56595
 21
-10.8874
 31
0.0
  0
LINE
  5
272
330
17
100
AcDbEntity
  8
0
100
AcDbLine
 10
-1.56595
 20
-10.8874
 30
0.0
 11
-1.56215
 21
-10.879959999999999
 31
0.0
  0
LINE
  5
273
330
17
100
AcDbEntity
  8
0
100
AcDbLine
 10
-1.56215
 20
-10.879959999999999
 30
0.0
 11
-1.5576800000000002
 21
-10.8729
 31
0.0
  0
LINE
  5
274
330
17
100
AcDbEntity
  8
0
100
AcDbLine
 10
-1.5576800000000002
 20
-10.8729
 30
0.0
 11
-1.5526
 21
-10.866280000000001
 31
0.0
  0
LINE
  5
275
330
17
100
AcDbEntity
  8
0
100
AcDbLine
 10
-1.5526
 20
-10.866280000000001
 30
0.0
 11
-1.55094
 21
-10.864510000000001
 31
0.0
  0
LINE
  5
276
330
17
100
AcDbEntity
  8
0
100
AcDbLine
 10
-1.55094
 20
-10.864510000000001
 30
0.0
 11
-1.54911
 21
-10.862919999999999
 31
0.0
  0
LINE
  5
277
330
17
100
AcDbEntity
  8
0
100
AcDbLine
 10
-1.54911
 20
-10.862919999999999
 30
0.0
 11
-1.5471199999999998
 21
-10.86154
 31
0.0
  0
LINE
  5
278
330
17
100
AcDbEntity
  8
0
100
AcDbLine
 10
-1.5471199999999998
 20
-10.86154
 30
0.0
 11
-1.545
 21
-10.86037
 31
0.0
  0
LINE
  5
279
330
17
100
AcDbEntity
  8
0
100
AcDbLine
 10
-1.545
 20
-10.86037
 30
0.0
 11
-1.54277
 21
-10.85943
 31
0.0
  0
LINE
  5
27A
330
17
100
AcDbEntity
  8
0
100
AcDbLine
 10
-1.54277
 20
-10.85943
 30
0.0
 11
-1.54045
 21
-10.858730000000001
 31
0.0
  0
LINE
  5
27B
330
17
100
AcDbEntity
  8
0
100
AcDbLine
 10
-1.54045
 20
-10.858730000000001
 30
0.0
 11
-1.53807
 21
-10.858279999999999
 31
0.0
  0
LINE
  5
27C
330
17
100
AcDbEntity
  8
0
100
AcDbLine
 10
-1.53807
 20
-10.858279999999999
 30
0.0
 11
-1.53565
 21
-10.858080000000001
 31
0.0
  0
LINE
  5
27D
330
17
100
AcDbEntity
  8
0
100
AcDbLine
 10
-1.53565
 20
-10.858080000000001
 30
0.0
 11
-1.53323
 21
-10.858130000000001
 31
0.0
  0
LINE
  5
27E
330
17
100
AcDbEntity
  8
0
100
AcDbLine
 10
-1.53323
 20
-10.858130000000001
 30
0.0
 11
-1.53083
 21
-10.85843
 31
0.0
  0
LINE
  5
27F
330
17
100
AcDbEntity
  8
0
100
AcDbLine
 10
-1.53083
 20
-10.85843
 30
0.0
 11
-1.52847
 21
-10.85899
 31
0.0
  0
LINE
  5
280
330
17
100
AcDbEntity
  8
0
100
AcDbLine
 10
-1.52847
 20
-10.85899
 30
0.0
 11
-1.52619
 21
-10.859789999999998
 31
0.0
  0
LINE
  5
281
330
17
100
AcDbEntity
  8
0
100
AcDbLine
 10
-1.52619
 20
-10.859789999999998
 30
0.0
 11
-1.5093
 21
-10.8676
 31
0.0
  0
LINE
  5
282
330
17
100
AcDbEntity
  8
0
100
AcDbLine
 10
-1.5093
 20
-10.8676
 30
0.0
 11
-1.49316
 21
-10.87686
 31
0.0
  0
LINE
  5
283
330
17
100
AcDbEntity
  8
0
100
AcDbLine
 10
-1.49316
 20
-10.87686
 30
0.0
 11
-1.47791
 21
-10.887509999999999
 31
0.0
  0
LINE
  5
284
330
17
100
AcDbEntity
  8
0
100
AcDbLine
 10
-1.47791
 20
-10.887509999999999
 30
0.0
 11
-1.33049
 21
-11.001900000000001
 31
0.0
  0
LINE
  5
285
330
17
100
AcDbEntity
  8
0
100
AcDbLine
 10
-1.33049
 20
-11.001900000000001
 30
0.0
 11
-1.23553
 21
-11.0756
 31
0.0
  0
LINE
  5
286
330
17
100
AcDbEntity
  8
0
100
AcDbLine
 10
-1.23553
 20
-11.0756
 30
0.0
 11
-1.13374
 21
-11.152759999999999
 31
0.0
  0
LINE
  5
287
330
17
100
AcDbEntity
  8
0
100
AcDbLine
 10
-1.13374
 20
-11.152759999999999
 30
0.0
 11
-1.10954
 21
-11.1707
 31
0.0
  0
LINE
  5
288
330
17
100
AcDbEntity
  8
0
100
AcDbLine
 10
-1.10954
 20
-11.1707
 30
0.0
 11
-1.03983
 21
-11.2224
 31
0.0
  0
LINE
  5
289
330
17
100
AcDbEntity
  8
0
100
AcDbLine
 10
-1.03983
 20
-11.2224
 30
0.0
 11
-0.97238
 21
-11.27042
 31
0.0
  0
LINE
  5
28A
330
17
100
AcDbEntity
  8
0
100
AcDbLine
 10
-0.97238
 20
-11.27042
 30
0.0
 11
-0.83623
 21
-11.36443
 31
0.0
  0
LINE
  5
28B
330
17
100
AcDbEntity
  8
0
100
AcDbLine
 10
-0.83623
 20
-11.36443
 30
0.0
 11
-0.7994
 21
-11.74592
 31
0.0
  0
LINE
  5
28C
330
17
100
AcDbEntity
  8
0
100
AcDbLine
 10
-0.7994
 20
-11.74592
 30
0.0
 11
-0.7369
 21
-12.197370000000001
 31
0.0
  0
LINE
  5
28D
330
17
100
AcDbEntity
  8
0
100
AcDbLine
 10
-0.7369
 20
-12.197370000000001
 30
0.0
 11
-0.69661
 21
-12.38186
 31
0.0
  0
LINE
  5
28E
330
17
100
AcDbEntity
  8
0
100
AcDbLine
 10
-0.69661
 20
-12.38186
 30
0.0
 11
-0.6431199999999999
 21
-12.56298
 31
0.0
  0
LINE
  5
28F
330
17
100
AcDbEntity
  8
0
100
AcDbLine
 10
-0.6431199999999999
 20
-12.56298
 30
0.0
 11
-0.58568
 21
-12.71247
 31
0.0
  0
LINE
  5
290
330
17
100
AcDbEntity
  8
0
100
AcDbLine
 10
-0.58568
 20
-12.71247
 30
0.0
 11
-0.5154299999999999
 21
-12.8564
 31
0.0
  0
LINE
  5
291
330
17
100
AcDbEntity
  8
0
100
AcDbLine
 10
-0.5154299999999999
 20
-12.8564
 30
0.0
 11
-0.46668000000000004
 21
-12.93796
 31
0.0
  0
LINE
  5
292
330
17
100
AcDbEntity
  8
0
100
AcDbLine
 10
-0.46668000000000004
 20
-12.93796
 30
0.0
 11
-0.41137999999999997
 21
-13.01522
 31
0.0
  0
LINE
  5
293
330
17
100
AcDbEntity
  8
0
100
AcDbLine
 10
-0.41137999999999997
 20
-13.01522
 30
0.0
 11
-0.34991
 21
-13.08768
 31
0.0
  0
LINE
  5
294
330
17
100
AcDbEntity
  8
0
100
AcDbLine
 10
-0.34991
 20
-13.08768
 30
0.0
 11
-0.29728000000000004
 21
-13.140469999999999
 31
0.0
  0
LINE
  5
295
330
17
100
AcDbEntity
  8
0
100
AcDbLine
 10
-0.29728000000000004
 20
-13.140469999999999
 30
0.0
 11
-0.28767000000000004
 21
-13.15011
 31
0.0
  0
LINE
  5
296
330
17
100
AcDbEntity
  8
0
100
AcDbLine
 10
-0.28767000000000004
 20
-13.15011
 30
0.0
 11
-0.22073
 21
-13.207460000000001
 31
0.0
  0
LINE
  5
297
330
17
100
AcDbEntity
  8
0
100
AcDbLine
 10
-0.22073
 20
-13.207460000000001
 30
0.0
 11
-0.17911000000000002
 21
-13.23783
 31
0.0
  0
LINE
  5
298
330
17
100
AcDbEntity
  8
0
100
AcDbLine
 10
-0.17911000000000002
 20
-13.23783
 30
0.0
 11
-0.13527999999999998
 21
-13.264899999999999
 31
0.0
  0
LINE
  5
299
330
17
100
AcDbEntity
  8
0
100
AcDbLine
 10
-0.13527999999999998
 20
-13.264899999999999
 30
0.0
 11
-0.08948
 21
-13.28848
 31
0.0
  0
LINE
  5
29A
330
17
100
AcDbEntity
  8
0
100
AcDbLine
 10
-0.08948
 20
-13.28848
 30
0.0
 11
-0.04133
 21
-13.308779999999999
 31
0.0
  0
LINE
  5
29B
330
17
100
AcDbEntity
  8
0
100
AcDbLine
 10
-0.04133
 20
-13.308779999999999
 30
0.0
 11
0.008210000000000002
 21
-13.32536
 31
0.0
  0
LINE
  5
29C
330
17
100
AcDbEntity
  8
0
100
AcDbLine
 10
0.008209999999999999
 20
-13.32536
 30
0.0
 11
0.05886999999999999
 21
-13.33814
 31
0.0
  0
LINE
  5
29D
330
17
100
AcDbEntity
  8
0
100
AcDbLine
 10
0.05887
 20
-13.33814
 30
0.0
 11
0.14896
 21
-13.35389
 31
0.0
  0
LINE
  5
29E
330
17
100
AcDbEntity
  8
0
100
AcDbLine
 10
0.14896
 20
-13.35389
 30
0.0
 11
0.23995
 21
-13.363130000000002
 31
0.0
  0
LINE
  5
29F
330
17
100
AcDbEntity
  8
0
100
AcDbLine
 10
0.23995
 20
-13.363130000000002
 30
0.0
 11
0.36163
 21
-13.365129999999999
 31
0.0
  0
LINE
  5
2A0
330
17
100
AcDbEntity
  8
0
100
AcDbLine
 10
0.36163
 20
-13.365129999999999
 30
0.0
 11
0.48292
 21
-13.35527
 31
0.0
  0
LINE
  5
2A1
330
17
100
AcDbEntity
  8
0
100
AcDbLine
 10
0.48292
 20
-13.35527
 30
0.0
 11
0.5323800000000001
 21
-13.34663
 31
0.0
  0
LINE
  5
2A2
330
17
100
AcDbEntity
  8
0
100
AcDbLine
 10
0.5323800000000001
 20
-13.34663
 30
0.0
 11
0.58092
 21
-13.33376
 31
0.0
  0
LINE
  5
2A3
330
17
100
AcDbEntity
  8
0
100
AcDbLine
 10
0.58092
 20
-13.33376
 30
0.0
 11
0.62817
 21
-13.31676
 31
0.0
  0
LINE
  5
2A4
330
17
100
AcDbEntity
  8
0
100
AcDbLine
 10
0.62817
 20
-13.31676
 30
0.0
 11
0.67378
 21
-13.29575
 31
0.0
  0
LINE
  5
2A5
330
17
100
AcDbEntity
  8
0
100
AcDbLine
 10
0.67378
 20
-13.29575
 30
0.0
 11
0.71324
 21
-13.27293
 31
0.0
  0
LINE
  5
2A6
330
17
100
AcDbEntity
  8
0
100
AcDbLine
 10
0.71324
 20
-13.27293
 30
0.0
 11
0.75024
 21
-13.24632
 31
0.0
  0
LINE
  5
2A7
330
17
100
AcDbEntity
  8
0
100
AcDbLine
 10
0.75024
 20
-13.24632
 30
0.0
 11
0.7844300000000001
 21
-13.21618
 31
0.0
  0
LINE
  5
2A8
330
17
100
AcDbEntity
  8
0
100
AcDbLine
 10
0.7844300000000001
 20
-13.21618
 30
0.0
 11
0.81547
 21
-13.1828
 31
0.0
  0
LINE
  5
2A9
330
17
100
AcDbEntity
  8
0
100
AcDbLine
 10
0.81547
 20
-13.1828
 30
0.0
 11
0.8449599999999999
 21
-13.14462
 31
0.0
  0
LINE
  5
2AA
330
17
100
AcDbEntity
  8
0
100
AcDbLine
 10
0.8449599999999999
 20
-13.14462
 30
0.0
 11
0.87115
 21
-13.10411
 31
0.0
  0
LINE
  5
2AB
330
17
100
AcDbEntity
  8
0
100
AcDbLine
 10
0.87115
 20
-13.10411
 30
0.0
 11
0.8938699999999999
 21
-13.06156
 31
0.0
  0
LINE
  5
2AC
330
17
100
AcDbEntity
  8
0
100
AcDbLine
 10
0.8938699999999999
 20
-13.06156
 30
0.0
 11
0.91295
 21
-13.017249999999999
 31
0.0
  0
LINE
  5
2AD
330
17
100
AcDbEntity
  8
0
100
AcDbLine
 10
0.91295
 20
-13.017249999999999
 30
0.0
 11
0.93378
 21
-12.95313
 31
0.0
  0
LINE
  5
2AE
330
17
100
AcDbEntity
  8
0
100
AcDbLine
 10
0.93378
 20
-12.95313
 30
0.0
 11
0.94801
 21
-12.887229999999999
 31
0.0
  0
LINE
  5
2AF
330
17
100
AcDbEntity
  8
0
100
AcDbLine
 10
0.94801
 20
-12.887229999999999
 30
0.0
 11
0.9555
 21
-12.82022
 31
0.0
  0
LINE
  5
2B0
330
17
100
AcDbEntity
  8
0
100
AcDbLine
 10
0.9555
 20
-12.82022
 30
0.0
 11
0.95618
 21
-12.75281
 31
0.0
  0
LINE
  5
2B1
330
17
100
AcDbEntity
  8
0
100
AcDbLine
 10
0.95618
 20
-12.75281
 30
0.0
 11
0.95002
 21
-12.68567
 31
0.0
  0
LINE
  5
2B2
330
17
100
AcDbEntity
  8
0
100
AcDbLine
 10
0.95002
 20
-12.68567
 30
0.0
 11
0.9244
 21
-12.55377
 31
0.0
  0
LINE
  5
2B3
330
17
100
AcDbEntity
  8
0
100
AcDbLine
 10
0.9244
 20
-12.55377
 30
0.0
 11
0.88581
 21
-12.42507
 31
0.0
  0
LINE
  5
2B4
330
17
100
AcDbEntity
  8
0
100
AcDbLine
 10
0.88581
 20
-12.42507
 30
0.0
 11
0.8346399999999999
 21
-12.30084
 31
0.0
  0
LINE
  5
2B5
330
17
100
AcDbEntity
  8
0
100
AcDbLine
 10
0.8346399999999999
 20
-12.30084
 30
0.0
 11
0.7558699999999999
 21
-12.14859
 31
0.0
  0
LINE
  5
2B6
330
17
100
AcDbEntity
  8
0
100
AcDbLine
 10
0.7558699999999999
 20
-12.14859
 30
0.0
 11
0.6660900000000001
 21
-12.00257
 31
0.0
  0
LINE
  5
2B7
330
17
100
AcDbEntity
  8
0
100
AcDbLine
 10
0.6660900000000001
 20
-12.00257
 30
0.0
 11
0.56578
 21
-11.863570000000001
 31
0.0
  0
LINE
  5
2B8
330
17
100
AcDbEntity
  8
0
100
AcDbLine
 10
0.56578
 20
-11.863570000000001
 30
0.0
 11
0.35869
 21
-11.61252
 31
0.0
  0
LINE
  5
2B9
330
17
100
AcDbEntity
  8
0
100
AcDbLine
 10
0.35869
 20
-11.61252
 30
0.0
 11
0.13804
 21
-11.373299999999999
 31
0.0
  0
LINE
  5
2BA
330
17
100
AcDbEntity
  8
0
100
AcDbLine
 10
0.13804
 20
-11.373299999999999
 30
0.0
 11
-0.0527
 21
-11.1707
 31
0.0
  0
LINE
  5
2BB
330
17
100
AcDbEntity
  8
0
100
AcDbLine
 10
-0.0527
 20
-11.1707
 30
0.0
 11
-0.08948
 21
-11.131639999999999
 31
0.0
  0
LINE
  5
2BC
330
17
100
AcDbEntity
  8
0
100
AcDbLine
 10
-0.08948
 20
-11.131639999999999
 30
0.0
 11
-0.14611
 21
-11.062940000000001
 31
0.0
  0
LINE
  5
2BD
330
17
100
AcDbEntity
  8
0
100
AcDbLine
 10
-0.14611
 20
-11.062940000000001
 30
0.0
 11
-0.19582
 21
-10.98907
 31
0.0
  0
LINE
  5
2BE
330
17
100
AcDbEntity
  8
0
100
AcDbLine
 10
-0.19582
 20
-10.98907
 30
0.0
 11
-0.1968
 21
-10.98724
 31
0.0
  0
LINE
  5
2BF
330
17
100
AcDbEntity
  8
0
100
AcDbLine
 10
-0.1968
 20
-10.98724
 30
0.0
 11
-0.19757999999999998
 21
-10.98532
 31
0.0
  0
LINE
  5
2C0
330
17
100
AcDbEntity
  8
0
100
AcDbLine
 10
-0.19757999999999998
 20
-10.98532
 30
0.0
 11
-0.19815
 21
-10.983319999999999
 31
0.0
  0
LINE
  5
2C1
330
17
100
AcDbEntity
  8
0
100
AcDbLine
 10
-0.19815
 20
-10.983319999999999
 30
0.0
 11
-0.1985
 21
-10.98127
 31
0.0
  0
LINE
  5
2C2
330
17
100
AcDbEntity
  8
0
100
AcDbLine
 10
-0.1985
 20
-10.98127
 30
0.0
 11
-0.19862999999999997
 21
-10.97919
 31
0.0
  0
LINE
  5
2C3
330
17
100
AcDbEntity
  8
0
100
AcDbLine
 10
-0.19862999999999997
 20
-10.97919
 30
0.0
 11
-0.19854
 21
-10.97712
 31
0.0
  0
LINE
  5
2C4
330
17
100
AcDbEntity
  8
0
100
AcDbLine
 10
-0.19854
 20
-10.97712
 30
0.0
 11
-0.19823000000000002
 21
-10.97506
 31
0.0
  0
LINE
  5
2C5
330
17
100
AcDbEntity
  8
0
100
AcDbLine
 10
-0.19823000000000002
 20
-10.97506
 30
0.0
 11
-0.19770000000000001
 21
-10.97306
 31
0.0
  0
LINE
  5
2C6
330
17
100
AcDbEntity
  8
0
100
AcDbLine
 10
-0.19770000000000001
 20
-10.97306
 30
0.0
 11
-0.19696000000000002
 21
-10.97111
 31
0.0
  0
LINE
  5
2C7
330
17
100
AcDbEntity
  8
0
100
AcDbLine
 10
-0.19696000000000002
 20
-10.97111
 30
0.0
 11
-0.19601
 21
-10.96926
 31
0.0
  0
LINE
  5
2C8
330
17
100
AcDbEntity
  8
0
100
AcDbLine
 10
-0.19601
 20
-10.96926
 30
0.0
 11
-0.19488
 21
-10.96752
 31
0.0
  0
LINE
  5
2C9
330
17
100
AcDbEntity
  8
0
100
AcDbLine
 10
-0.19488
 20
-10.96752
 30
0.0
 11
-0.19356
 21
-10.965910000000001
 31
0.0
  0
LINE
  5
2CA
330
17
100
AcDbEntity
  8
0
100
AcDbLine
 10
-0.19356
 20
-10.965910000000001
 30
0.0
 11
-0.19208
 21
-10.964450000000001
 31
0.0
  0
LINE
  5
2CB
330
17
100
AcDbEntity
  8
0
100
AcDbLine
 10
-0.19208
 20
-10.964450000000001
 30
0.0
 11
-0.19046
 21
-10.96316
 31
0.0
  0
LINE
  5
2CC
330
17
100
AcDbEntity
  8
0
100
AcDbLine
 10
-0.19046
 20
-10.96316
 30
0.0
 11
-0.1887
 21
-10.96205
 31
0.0
  0
LINE
  5
2CD
330
17
100
AcDbEntity
  8
0
100
AcDbLine
 10
-0.1887
 20
-10.96205
 30
0.0
 11
-0.18684
 21
-10.961129999999999
 31
0.0
  0
LINE
  5
2CE
330
17
100
AcDbEntity
  8
0
100
AcDbLine
 10
-0.18684
 20
-10.961129999999999
 30
0.0
 11
-0.18489
 21
-10.96041
 31
0.0
  0
LINE
  5
2CF
330
17
100
AcDbEntity
  8
0
100
AcDbLine
 10
-0.18489
 20
-10.96041
 30
0.0
 11
-0.18286999999999998
 21
-10.959909999999999
 31
0.0
  0
LINE
  5
2D0
330
17
100
AcDbEntity
  8
0
100
AcDbLine
 10
-0.18286999999999998
 20
-10.959909999999999
 30
0.0
 11
-0.18081
 21
-10.959629999999999
 31
0.0
  0
LINE
  5
2D1
330
17
100
AcDbEntity
  8
0
100
AcDbLine
 10
-0.18081
 20
-10.959629999999999
 30
0.0
 11
-0.17874
 21
-10.95956
 31
0.0
  0
LINE
  5
2D2
330
17
100
AcDbEntity
  8
0
100
AcDbLine
 10
-0.17874
 20
-10.95956
 30
0.0
 11
-0.17667
 21
-10.959719999999999
 31
0.0
  0
LINE
  5
2D3
330
17
100
AcDbEntity
  8
0
100
AcDbLine
 10
-0.17667
 20
-10.959719999999999
 30
0.0
 11
-0.159
 21
-10.96285
 31
0.0
  0
LINE
  5
2D4
330
17
100
AcDbEntity
  8
0
100
AcDbLine
 10
-0.159
 20
-10.96285
 30
0.0
 11
-0.14168
 21
-10.967559999999999
 31
0.0
  0
LINE
  5
2D5
330
17
100
AcDbEntity
  8
0
100
AcDbLine
 10
-0.14168
 20
-10.967559999999999
 30
0.0
 11
-0.12487
 21
-10.97383
 31
0.0
  0
LINE
  5
2D6
330
17
100
AcDbEntity
  8
0
100
AcDbLine
 10
-0.12487
 20
-10.97383
 30
0.0
 11
-0.1087
 21
-10.981599999999998
 31
0.0
  0
LINE
  5
2D7
330
17
100
AcDbEntity
  8
0
100
AcDbLine
 10
-0.1087
 20
-10.981599999999998
 30
0.0
 11
-0.09330000000000001
 21
-10.9908
 31
0.0
  0
LINE
  5
2D8
330
17
100
AcDbEntity
  8
0
100
AcDbLine
 10
-0.09330000000000001
 20
-10.9908
 30
0.0
 11
-0.046400000000000004
 21
-11.01881
 31
0.0
  0
LINE
  5
2D9
330
17
100
AcDbEntity
  8
0
100
AcDbLine
 10
-0.046400000000000004
 20
-11.01881
 30
0.0
 11
0.002829999999999999
 21
-11.042430000000001
 31
0.0
  0
LINE
  5
2DA
330
17
100
AcDbEntity
  8
0
100
AcDbLine
 10
0.00283
 20
-11.042430000000001
 30
0.0
 11
0.05403
 21
-11.06147
 31
0.0
  0
LINE
  5
2DB
330
17
100
AcDbEntity
  8
0
100
AcDbLine
 10
0.05403
 20
-11.06147
 30
0.0
 11
0.10674
 21
-11.07578
 31
0.0
  0
LINE
  5
2DC
330
17
100
AcDbEntity
  8
0
100
AcDbLine
 10
0.10674
 20
-11.07578
 30
0.0
 11
0.18255
 21
-11.088610000000001
 31
0.0
  0
LINE
  5
2DD
330
17
100
AcDbEntity
  8
0
100
AcDbLine
 10
0.18255
 20
-11.088610000000001
 30
0.0
 11
0.25929
 21
-11.09357
 31
0.0
  0
LINE
  5
2DE
330
17
100
AcDbEntity
  8
0
100
AcDbLine
 10
0.25929
 20
-11.09357
 30
0.0
 11
0.33612
 21
-11.09059
 31
0.0
  0
LINE
  5
2DF
330
17
100
AcDbEntity
  8
0
100
AcDbLine
 10
0.33612
 20
-11.09059
 30
0.0
 11
0.41104999999999997
 21
-11.0798
 31
0.0
  0
LINE
  5
2E0
330
17
100
AcDbEntity
  8
0
100
AcDbLine
 10
0.41104999999999997
 20
-11.0798
 30
0.0
 11
0.48442999999999997
 21
-11.06123
 31
0.0
  0
LINE
  5
2E1
330
17
100
AcDbEntity
  8
0
100
AcDbLine
 10
0.48442999999999997
 20
-11.06123
 30
0.0
 11
0.5554600000000001
 21
-11.03506
 31
0.0
  0
LINE
  5
2E2
330
17
100
AcDbEntity
  8
0
100
AcDbLine
 10
0.5554600000000001
 20
-11.03506
 30
0.0
 11
0.60248
 21
-11.012020000000001
 31
0.0
  0
LINE
  5
2E3
330
17
100
AcDbEntity
  8
0
100
AcDbLine
 10
0.60248
 20
-11.012020000000001
 30
0.0
 11
0.64696
 21
-10.98438
 31
0.0
  0
LINE
  5
2E4
330
17
100
AcDbEntity
  8
0
100
AcDbLine
 10
0.64696
 20
-10.98438
 30
0.0
 11
0.68844
 21
-10.952430000000001
 31
0.0
  0
LINE
  5
2E5
330
17
100
AcDbEntity
  8
0
100
AcDbLine
 10
0.68844
 20
-10.952430000000001
 30
0.0
 11
0.72652
 21
-10.91648
 31
0.0
  0
LINE
  5
2E6
330
17
100
AcDbEntity
  8
0
100
AcDbLine
 10
0.72652
 20
-10.91648
 30
0.0
 11
0.81284
 21
-10.82638
 31
0.0
  0
LINE
  5
2E7
330
17
100
AcDbEntity
  8
0
100
AcDbLine
 10
0.81284
 20
-10.82638
 30
0.0
 11
0.93798
 21
-10.9335
 31
0.0
  0
LINE
  5
2E8
330
17
100
AcDbEntity
  8
0
100
AcDbLine
 10
0.93798
 20
-10.9335
 30
0.0
 11
0.97735
 21
-10.964720000000002
 31
0.0
  0
LINE
  5
2E9
330
17
100
AcDbEntity
  8
0
100
AcDbLine
 10
0.97735
 20
-10.964720000000002
 30
0.0
 11
1.01893
 21
-10.99291
 31
0.0
  0
LINE
  5
2EA
330
17
100
AcDbEntity
  8
0
100
AcDbLine
 10
1.01893
 20
-10.99291
 30
0.0
 11
1.0625
 21
-11.01792
 31
0.0
  0
LINE
  5
2EB
330
17
100
AcDbEntity
  8
0
100
AcDbLine
 10
1.0625
 20
-11.01792
 30
0.0
 11
1.13777
 21
-11.053550000000001
 31
0.0
  0
LINE
  5
2EC
330
17
100
AcDbEntity
  8
0
100
AcDbLine
 10
1.13777
 20
-11.053550000000001
 30
0.0
 11
1.15269
 21
-11.05915
 31
0.0
  0
LINE
  5
2ED
330
17
100
AcDbEntity
  8
0
100
AcDbLine
 10
1.15269
 20
-11.05915
 30
0.0
 11
1.21574
 21
-11.0828
 31
0.0
  0
LINE
  5
2EE
330
17
100
AcDbEntity
  8
0
100
AcDbLine
 10
1.21574
 20
-11.0828
 30
0.0
 11
1.2920399999999999
 21
-11.104299999999999
 31
0.0
  0
LINE
  5
2EF
330
17
100
AcDbEntity
  8
0
100
AcDbLine
 10
1.2920399999999999
 20
-11.104299999999999
 30
0.0
 11
1.3699000000000001
 21
-11.119209999999999
 31
0.0
  0
LINE
  5
2F0
330
17
100
AcDbEntity
  8
0
100
AcDbLine
 10
1.3699000000000001
 20
-11.119209999999999
 30
0.0
 11
1.40138
 21
-11.122530000000001
 31
0.0
  0
LINE
  5
2F1
330
17
100
AcDbEntity
  8
0
100
AcDbLine
 10
1.40138
 20
-11.122530000000001
 30
0.0
 11
1.43303
 21
-11.12323
 31
0.0
  0
LINE
  5
2F2
330
17
100
AcDbEntity
  8
0
100
AcDbLine
 10
1.43303
 20
-11.12323
 30
0.0
 11
1.46462
 21
-11.121300000000002
 31
0.0
  0
LINE
  5
2F3
330
17
100
AcDbEntity
  8
0
100
AcDbLine
 10
1.46462
 20
-11.121300000000002
 30
0.0
 11
1.4959500000000001
 21
-11.11676
 31
0.0
  0
LINE
  5
2F4
330
17
100
AcDbEntity
  8
0
100
AcDbLine
 10
1.4959500000000001
 20
-11.11676
 30
0.0
 11
1.5288000000000002
 21
-11.10895
 31
0.0
  0
LINE
  5
2F5
330
17
100
AcDbEntity
  8
0
100
AcDbLine
 10
1.5288000000000002
 20
-11.10895
 30
0.0
 11
1.56075
 21
-11.09802
 31
0.0
  0
LINE
  5
2F6
330
17
100
AcDbEntity
  8
0
100
AcDbLine
 10
1.56075
 20
-11.09802
 30
0.0
 11
1.5915000000000001
 21
-11.08409
 31
0.0
  0
LINE
  5
2F7
330
17
100
AcDbEntity
  8
0
100
AcDbLine
 10
1.5915000000000001
 20
-11.08409
 30
0.0
 11
1.63999
 21
-11.05591
 31
0.0
  0
LINE
  5
2F8
330
17
100
AcDbEntity
  8
0
100
AcDbLine
 10
1.63999
 20
-11.05591
 30
0.0
 11
1.68523
 21
-11.02276
 31
0.0
  0
LINE
  5
2F9
330
17
100
AcDbEntity
  8
0
100
AcDbLine
 10
1.68523
 20
-11.02276
 30
0.0
 11
1.72685
 21
-10.98488
 31
0.0
  0
LINE
  5
2FA
330
17
100
AcDbEntity
  8
0
100
AcDbLine
 10
1.72685
 20
-10.98488
 30
0.0
 11
1.76424
 21
-10.942810000000001
 31
0.0
  0
LINE
  5
2FB
330
17
100
AcDbEntity
  8
0
100
AcDbLine
 10
1.76424
 20
-10.942810000000001
 30
0.0
 11
1.78426
 21
-10.91518
 31
0.0
  0
LINE
  5
2FC
330
17
100
AcDbEntity
  8
0
100
AcDbLine
 10
1.78426
 20
-10.91518
 30
0.0
 11
1.8016
 21
-10.88579
 31
0.0
  0
LINE
  5
2FD
330
17
100
AcDbEntity
  8
0
100
AcDbLine
 10
1.8016
 20
-10.88579
 30
0.0
 11
1.81612
 21
-10.85491
 31
0.0
  0
LINE
  5
2FE
330
17
100
AcDbEntity
  8
0
100
AcDbLine
 10
1.81612
 20
-10.85491
 30
0.0
 11
1.83193
 21
-10.8194
 31
0.0
  0
LINE
  5
2FF
330
17
100
AcDbEntity
  8
0
100
AcDbLine
 10
1.83193
 20
-10.8194
 30
0.0
 11
1.8477000000000001
 21
-10.789470000000001
 31
0.0
  0
LINE
  5
300
330
17
100
AcDbEntity
  8
0
100
AcDbLine
 10
1.8477000000000001
 20
-10.789470000000001
 30
0.0
 11
1.8620100000000002
 21
-10.7664
 31
0.0
  0
LINE
  5
301
330
17
100
AcDbEntity
  8
0
100
AcDbLine
 10
1.8620100000000002
 20
-10.7664
 30
0.0
 11
1.86255
 21
-10.76567
 31
0.0
  0
LINE
  5
302
330
17
100
AcDbEntity
  8
0
100
AcDbLine
 10
1.86255
 20
-10.76567
 30
0.0
 11
1.86316
 21
-10.764990000000001
 31
0.0
  0
LINE
  5
303
330
17
100
AcDbEntity
  8
0
100
AcDbLine
 10
1.86316
 20
-10.764990000000001
 30
0.0
 11
1.8638400000000002
 21
-10.764370000000001
 31
0.0
  0
LINE
  5
304
330
17
100
AcDbEntity
  8
0
100
AcDbLine
 10
1.8638400000000002
 20
-10.764370000000001
 30
0.0
 11
1.86457
 21
-10.76383
 31
0.0
  0
LINE
  5
305
330
17
100
AcDbEntity
  8
0
100
AcDbLine
 10
1.86457
 20
-10.76383
 30
0.0
 11
1.86535
 21
-10.763359999999999
 31
0.0
  0
LINE
  5
306
330
17
100
AcDbEntity
  8
0
100
AcDbLine
 10
1.86535
 20
-10.763359999999999
 30
0.0
 11
1.86618
 21
-10.76296
 31
0.0
  0
LINE
  5
307
330
17
100
AcDbEntity
  8
0
100
AcDbLine
 10
1.86618
 20
-10.76296
 30
0.0
 11
1.86704
 21
-10.76266
 31
0.0
  0
LINE
  5
308
330
17
100
AcDbEntity
  8
0
100
AcDbLine
 10
1.86704
 20
-10.76266
 30
0.0
 11
1.8679199999999998
 21
-10.76243
 31
0.0
  0
LINE
  5
309
330
17
100
AcDbEntity
  8
0
100
AcDbLine
 10
1.8679199999999998
 20
-10.76243
 30
0.0
 11
1.86883
 21
-10.762300000000002
 31
0.0
  0
LINE
  5
30A
330
17
100
AcDbEntity
  8
0
100
AcDbLine
 10
1.86883
 20
-10.762300000000002
 30
0.0
 11
1.86974
 21
-10.76225
 31
0.0
  0
LINE
  5
30B
330
17
100
AcDbEntity
  8
0
100
AcDbLine
 10
1.86974
 20
-10.76225
 30
0.0
 11
1.87146
 21
-10.76234
 31
0.0
  0
LINE
  5
30C
330
17
100
AcDbEntity
  8
0
100
AcDbLine
 10
1.87146
 20
-10.76234
 30
0.0
 11
1.87316
 21
-10.76262
 31
0.0
  0
LINE
  5
30D
330
17
100
AcDbEntity
  8
0
100
AcDbLine
 10
1.87316
 20
-10.76262
 30
0.0
 11
1.87483
 21
-10.76306
 31
0.0
  0
LINE
  5
30E
330
17
100
AcDbEntity
  8
0
100
AcDbLine
 10
1.87483
 20
-10.76306
 30
0.0
 11
1.8764299999999998
 21
-10.763689999999999
 31
0.0
  0
LINE
  5
30F
330
17
100
AcDbEntity
  8
0
100
AcDbLine
 10
1.8764299999999998
 20
-10.763689999999999
 30
0.0
 11
1.8779700000000001
 21
-10.76447
 31
0.0
  0
LINE
  5
310
330
17
100
AcDbEntity
  8
0
100
AcDbLine
 10
1.8779700000000001
 20
-10.76447
 30
0.0
 11
1.87941
 21
-10.76541
 31
0.0
  0
LINE
  5
311
330
17
100
AcDbEntity
  8
0
100
AcDbLine
 10
1.87941
 20
-10.76541
 30
0.0
 11
1.91131
 21
-10.78931
 31
0.0
  0
LINE
  5
312
330
17
100
AcDbEntity
  8
0
100
AcDbLine
 10
1.91131
 20
-10.78931
 30
0.0
 11
1.94856
 21
-10.81906
 31
0.0
  0
LINE
  5
313
330
17
100
AcDbEntity
  8
0
100
AcDbLine
 10
1.94856
 20
-10.81906
 30
0.0
 11
1.98986
 21
-10.85434
 31
0.0
  0
LINE
  5
314
330
17
100
AcDbEntity
  8
0
100
AcDbLine
 10
1.98986
 20
-10.85434
 30
0.0
 11
2.0503299999999998
 21
-10.90339
 31
0.0
  0
LINE
  5
315
330
17
100
AcDbEntity
  8
0
100
AcDbLine
 10
2.0503299999999998
 20
-10.90339
 30
0.0
 11
2.11444
 21
-10.947560000000001
 31
0.0
  0
LINE
  5
316
330
17
100
AcDbEntity
  8
0
100
AcDbLine
 10
2.11444
 20
-10.947560000000001
 30
0.0
 11
2.1874
 21
-10.99071
 31
0.0
  0
LINE
  5
317
330
17
100
AcDbEntity
  8
0
100
AcDbLine
 10
2.1874
 20
-10.99071
 30
0.0
 11
2.26285
 21
-11.02935
 31
0.0
  0
LINE
  5
318
330
17
100
AcDbEntity
  8
0
100
AcDbLine
 10
2.26285
 20
-11.02935
 30
0.0
 11
2.3380300000000003
 21
-11.06222
 31
0.0
  0
LINE
  5
319
330
17
100
AcDbEntity
  8
0
100
AcDbLine
 10
2.3380300000000003
 20
-11.06222
 30
0.0
 11
2.4151
 21
-11.090390000000001
 31
0.0
  0
LINE
  5
31A
330
17
100
AcDbEntity
  8
0
100
AcDbLine
 10
2.4151
 20
-11.090390000000001
 30
0.0
 11
2.4821999999999997
 21
-11.10889
 31
0.0
  0
LINE
  5
31B
330
17
100
AcDbEntity
  8
0
100
AcDbLine
 10
2.4821999999999997
 20
-11.10889
 30
0.0
 11
2.5508100000000002
 21
-11.12055
 31
0.0
  0
LINE
  5
31C
330
17
100
AcDbEntity
  8
0
100
AcDbLine
 10
2.5508100000000002
 20
-11.12055
 30
0.0
 11
2.6187300000000002
 21
-11.12513
 31
0.0
  0
LINE
  5
31D
330
17
100
AcDbEntity
  8
0
100
AcDbLine
 10
2.6187300000000002
 20
-11.12513
 30
0.0
 11
2.6867699999999997
 21
-11.12285
 31
0.0
  0
LINE
  5
31E
330
17
100
AcDbEntity
  8
0
100
AcDbLine
 10
2.6867699999999997
 20
-11.12285
 30
0.0
 11
2.7294799999999997
 21
-11.11755
 31
0.0
  0
LINE
  5
31F
330
17
100
AcDbEntity
  8
0
100
AcDbLine
 10
2.7294799999999997
 20
-11.11755
 30
0.0
 11
2.77165
 21
-11.1089
 31
0.0
  0
LINE
  5
320
330
17
100
AcDbEntity
  8
0
100
AcDbLine
 10
2.77165
 20
-11.1089
 30
0.0
 11
2.813
 21
-11.09695
 31
0.0
  0
LINE
  5
321
330
17
100
AcDbEntity
  8
0
100
AcDbLine
 10
2.813
 20
-11.09695
 30
0.0
 11
2.85397
 21
-11.081570000000001
 31
0.0
  0
LINE
  5
322
330
17
100
AcDbEntity
  8
0
100
AcDbLine
 10
2.85397
 20
-11.081570000000001
 30
0.0
 11
2.89362
 21
-11.06306
 31
0.0
  0
LINE
  5
323
330
17
100
AcDbEntity
  8
0
100
AcDbLine
 10
2.89362
 20
-11.06306
 30
0.0
 11
2.93173
 21
-11.04155
 31
0.0
  0
LINE
  5
324
330
17
100
AcDbEntity
  8
0
100
AcDbLine
 10
2.93173
 20
-11.04155
 30
0.0
 11
2.99052
 21
-11.0015
 31
0.0
  0
LINE
  5
325
330
17
100
AcDbEntity
  8
0
100
AcDbLine
 10
2.99052
 20
-11.0015
 30
0.0
 11
3.04542
 21
-10.95626
 31
0.0
  0
LINE
  5
326
330
17
100
AcDbEntity
  8
0
100
AcDbLine
 10
3.04542
 20
-10.95626
 30
0.0
 11
3.16205
 21
-10.8509
 31
0.0
  0
LINE
  5
327
330
17
100
AcDbEntity
  8
0
100
AcDbLine
 10
3.16205
 20
-10.8509
 30
0.0
 11
3.2918499999999997
 21
-10.944930000000001
 31
0.0
  0
LINE
  5
328
330
17
100
AcDbEntity
  8
0
100
AcDbLine
 10
3.2918499999999997
 20
-10.944930000000001
 30
0.0
 11
3.3731
 21
-10.99786
 31
0.0
  0
LINE
  5
329
330
17
100
AcDbEntity
  8
0
100
AcDbLine
 10
3.3731
 20
-10.99786
 30
0.0
 11
3.45919
 21
-11.0425
 31
0.0
  0
LINE
  5
32A
330
17
100
AcDbEntity
  8
0
100
AcDbLine
 10
3.45919
 20
-11.0425
 30
0.0
 11
3.54926
 21
-11.07841
 31
0.0
  0
LINE
  5
32B
330
17
100
AcDbEntity
  8
0
100
AcDbLine
 10
3.54926
 20
-11.07841
 30
0.0
 11
3.64245
 21
-11.10524
 31
0.0
  0
LINE
  5
32C
330
17
100
AcDbEntity
  8
0
100
AcDbLine
 10
3.64245
 20
-11.10524
 30
0.0
 11
3.73489
 21
-11.12171
 31
0.0
  0
LINE
  5
32D
330
17
100
AcDbEntity
  8
0
100
AcDbLine
 10
3.73489
 20
-11.12171
 30
0.0
 11
3.8285799999999997
 21
-11.12803
 31
0.0
  0
LINE
  5
32E
330
17
100
AcDbEntity
  8
0
100
AcDbLine
 10
3.8285799999999997
 20
-11.12803
 30
0.0
 11
3.9223900000000005
 21
-11.12411
 31
0.0
  0
LINE
  5
32F
330
17
100
AcDbEntity
  8
0
100
AcDbLine
 10
3.9223900000000005
 20
-11.12411
 30
0.0
 11
4.01523
 21
-11.11002
 31
0.0
  0
LINE
  5
330
330
17
100
AcDbEntity
  8
0
100
AcDbLine
 10
4.01523
 20
-11.11002
 30
0.0
 11
4.0821700000000005
 21
-11.092640000000001
 31
0.0
  0
LINE
  5
331
330
17
100
AcDbEntity
  8
0
100
AcDbLine
 10
4.0821700000000005
 20
-11.092640000000001
 30
0.0
 11
4.14708
 21
-11.0688
 31
0.0
  0
LINE
  5
332
330
17
100
AcDbEntity
  8
0
100
AcDbLine
 10
4.14708
 20
-11.0688
 30
0.0
 11
4.20937
 21
-11.03874
 31
0.0
  0
LINE
  5
333
330
17
100
AcDbEntity
  8
0
100
AcDbLine
 10
4.20937
 20
-11.03874
 30
0.0
 11
4.26841
 21
-11.002740000000001
 31
0.0
  0
LINE
  5
334
330
17
100
AcDbEntity
  8
0
100
AcDbLine
 10
4.26841
 20
-11.002740000000001
 30
0.0
 11
4.32366
 21
-10.96115
 31
0.0
  0
LINE
  5
335
330
17
100
AcDbEntity
  8
0
100
AcDbLine
 10
4.32366
 20
-10.96115
 30
0.0
 11
4.36356
 21
-10.92449
 31
0.0
  0
LINE
  5
336
330
17
100
AcDbEntity
  8
0
100
AcDbLine
 10
4.36356
 20
-10.92449
 30
0.0
 11
4.3996699999999995
 21
-10.8841
 31
0.0
  0
LINE
  5
337
330
17
100
AcDbEntity
  8
0
100
AcDbLine
 10
4.3996699999999995
 20
-10.8841
 30
0.0
 11
4.43166
 21
-10.84037
 31
0.0
  0
LINE
  5
338
330
17
100
AcDbEntity
  8
0
100
AcDbLine
 10
4.43166
 20
-10.84037
 30
0.0
 11
4.45922
 21
-10.79373
 31
0.0
  0
LINE
  5
339
330
17
100
AcDbEntity
  8
0
100
AcDbLine
 10
4.45922
 20
-10.79373
 30
0.0
 11
4.48208
 21
-10.74461
 31
0.0
  0
LINE
  5
33A
330
17
100
AcDbEntity
  8
0
100
AcDbLine
 10
4.48208
 20
-10.74461
 30
0.0
 11
4.500030000000001
 21
-10.69349
 31
0.0
  0
LINE
  5
33B
330
17
100
AcDbEntity
  8
0
100
AcDbLine
 10
4.500030000000001
 20
-10.69349
 30
0.0
 11
4.52014
 21
-10.615450000000001
 31
0.0
  0
LINE
  5
33C
330
17
100
AcDbEntity
  8
0
100
AcDbLine
 10
4.52014
 20
-10.615450000000001
 30
0.0
 11
4.531999999999999
 21
-10.549990000000001
 31
0.0
  0
LINE
  5
33D
330
17
100
AcDbEntity
  8
0
100
AcDbLine
 10
4.531999999999999
 20
-10.549990000000001
 30
0.0
 11
4.53451
 21
-10.536159999999999
 31
0.0
  0
LINE
  5
33E
330
17
100
AcDbEntity
  8
0
100
AcDbLine
 10
4.53451
 20
-10.536159999999999
 30
0.0
 11
4.5361400000000005
 21
-10.520909999999999
 31
0.0
  0
LINE
  5
33F
330
17
100
AcDbEntity
  8
0
100
AcDbLine
 10
4.5361400000000005
 20
-10.520909999999999
 30
0.0
 11
4.54306
 21
-10.45602
 31
0.0
  0
LINE
  5
340
330
17
100
AcDbEntity
  8
0
100
AcDbLine
 10
4.54306
 20
-10.45602
 30
0.0
 11
4.5466999999999995
 21
-10.32426
 31
0.0
  0
LINE
  5
341
330
17
100
AcDbEntity
  8
0
100
AcDbLine
 10
4.5466999999999995
 20
-10.32426
 30
0.0
 11
4.53922
 21
-10.19266
 31
0.0
  0
LINE
  5
342
330
17
100
AcDbEntity
  8
0
100
AcDbLine
 10
4.53922
 20
-10.19266
 30
0.0
 11
4.48332
 21
-9.79903
 31
0.0
  0
LINE
  5
343
330
17
100
AcDbEntity
  8
0
100
AcDbLine
 10
4.48332
 20
-9.79903
 30
0.0
 11
4.3485499999999995
 21
-9.09665
 31
0.0
  0
LINE
  5
344
330
17
100
AcDbEntity
  8
0
100
AcDbLine
 10
4.3485499999999995
 20
-9.09665
 30
0.0
 11
4.33375
 21
-9.01951
 31
0.0
  0
LINE
  5
345
330
17
100
AcDbEntity
  8
0
100
AcDbLine
 10
4.33375
 20
-9.01951
 30
0.0
 11
4.27578
 21
-8.67623
 31
0.0
  0
LINE
  5
346
330
17
100
AcDbEntity
  8
0
100
AcDbLine
 10
4.27578
 20
-8.67623
 30
0.0
 11
4.23269
 21
-8.421069999999999
 31
0.0
  0
LINE
  5
347
330
17
100
AcDbEntity
  8
0
100
AcDbLine
 10
4.23269
 20
-8.421069999999999
 30
0.0
 11
4.20958
 21
-8.198810000000002
 31
0.0
  0
LINE
  5
348
330
17
100
AcDbEntity
  8
0
100
AcDbLine
 10
4.20958
 20
-8.198810000000002
 30
0.0
 11
4.20207
 21
-7.97548
 31
0.0
  0
LINE
  5
349
330
17
100
AcDbEntity
  8
0
100
AcDbLine
 10
4.20207
 20
-7.97548
 30
0.0
 11
4.20965
 21
-7.822819999999999
 31
0.0
  0
LINE
  5
34A
330
17
100
AcDbEntity
  8
0
100
AcDbLine
 10
4.20965
 20
-7.822819999999999
 30
0.0
 11
4.23189
 21
-7.6716
 31
0.0
  0
LINE
  5
34B
330
17
100
AcDbEntity
  8
0
100
AcDbLine
 10
4.23189
 20
-7.6716
 30
0.0
 11
4.2359
 21
-7.655740000000001
 31
0.0
  0
LINE
  5
34C
330
17
100
AcDbEntity
  8
0
100
AcDbLine
 10
4.2359
 20
-7.655740000000001
 30
0.0
 11
4.2415899999999995
 21
-7.64039
 31
0.0
  0
LINE
  5
34D
330
17
100
AcDbEntity
  8
0
100
AcDbLine
 10
4.2415899999999995
 20
-7.64039
 30
0.0
 11
4.24887
 21
-7.6257399999999995
 31
0.0
  0
LINE
  5
34E
330
17
100
AcDbEntity
  8
0
100
AcDbLine
 10
4.24887
 20
-7.6257399999999995
 30
0.0
 11
4.25768
 21
-7.61195
 31
0.0
  0
LINE
  5
34F
330
17
100
AcDbEntity
  8
0
100
AcDbLine
 10
4.25768
 20
-7.61195
 30
0.0
 11
4.26791
 21
-7.59918
 31
0.0
  0
LINE
  5
350
330
17
100
AcDbEntity
  8
0
100
AcDbLine
 10
4.26791
 20
-7.59918
 30
0.0
 11
4.27945
 21
-7.58757
 31
0.0
  0
LINE
  5
351
330
17
100
AcDbEntity
  8
0
100
AcDbLine
 10
4.27945
 20
-7.58757
 30
0.0
 11
4.29216
 21
-7.57726
 31
0.0
  0
LINE
  5
352
330
17
100
AcDbEntity
  8
0
100
AcDbLine
 10
4.29216
 20
-7.57726
 30
0.0
 11
4.30589
 21
-7.56837
 31
0.0
  0
LINE
  5
353
330
17
100
AcDbEntity
  8
0
100
AcDbLine
 10
4.30589
 20
-7.56837
 30
0.0
 11
4.3205
 21
-7.56099
 31
0.0
  0
LINE
  5
354
330
17
100
AcDbEntity
  8
0
100
AcDbLine
 10
4.3205
 20
-7.56099
 30
0.0
 11
4.3358099999999995
 21
-7.55521
 31
0.0
  0
LINE
  5
355
330
17
100
AcDbEntity
  8
0
100
AcDbLine
 10
4.3358099999999995
 20
-7.55521
 30
0.0
 11
4.35258
 21
-7.55082
 31
0.0
  0
LINE
  5
356
330
17
100
AcDbEntity
  8
0
100
AcDbLine
 10
4.35258
 20
-7.55082
 30
0.0
 11
4.36972
 21
-7.54816
 31
0.0
  0
LINE
  5
357
330
17
100
AcDbEntity
  8
0
100
AcDbLine
 10
4.36972
 20
-7.54816
 30
0.0
 11
4.38703
 21
-7.54726
 31
0.0
  0
LINE
  5
358
330
17
100
AcDbEntity
  8
0
100
AcDbLine
 10
4.38703
 20
-7.54726
 30
0.0
 11
4.40435
 21
-7.5481300000000005
 31
0.0
  0
LINE
  5
359
330
17
100
AcDbEntity
  8
0
100
AcDbLine
 10
4.40435
 20
-7.5481300000000005
 30
0.0
 11
4.42149
 21
-7.55076
 31
0.0
  0
LINE
  5
35A
330
17
100
AcDbEntity
  8
0
100
AcDbLine
 10
4.42149
 20
-7.55076
 30
0.0
 11
4.43827
 21
-7.55513
 31
0.0
  0
LINE
  5
35B
330
17
100
AcDbEntity
  8
0
100
AcDbLine
 10
4.43827
 20
-7.55513
 30
0.0
 11
4.45451
 21
-7.56119
 31
0.0
  0
LINE
  5
35C
330
17
100
AcDbEntity
  8
0
100
AcDbLine
 10
4.45451
 20
-7.56119
 30
0.0
 11
4.470059999999999
 21
-7.56887
 31
0.0
  0
LINE
  5
35D
330
17
100
AcDbEntity
  8
0
100
AcDbLine
 10
4.470059999999999
 20
-7.56887
 30
0.0
 11
4.53205
 21
-7.60671
 31
0.0
  0
LINE
  5
35E
330
17
100
AcDbEntity
  8
0
100
AcDbLine
 10
4.53205
 20
-7.60671
 30
0.0
 11
4.590999999999999
 21
-7.64912
 31
0.0
  0
LINE
  5
35F
330
17
100
AcDbEntity
  8
0
100
AcDbLine
 10
4.590999999999999
 20
-7.64912
 30
0.0
 11
4.64658
 21
-7.695869999999999
 31
0.0
  0
LINE
  5
360
330
17
100
AcDbEntity
  8
0
100
AcDbLine
 10
4.64658
 20
-7.695869999999999
 30
0.0
 11
4.740119999999999
 21
-7.78974
 31
0.0
  0
LINE
  5
361
330
17
100
AcDbEntity
  8
0
100
AcDbLine
 10
4.740119999999999
 20
-7.78974
 30
0.0
 11
4.82383
 21
-7.89248
 31
0.0
  0
LINE
  5
362
330
17
100
AcDbEntity
  8
0
100
AcDbLine
 10
4.82383
 20
-7.89248
 30
0.0
 11
4.8999999999999995
 21
-8.006559999999999
 31
0.0
  0
LINE
  5
363
330
17
100
AcDbEntity
  8
0
100
AcDbLine
 10
4.8999999999999995
 20
-8.006559999999999
 30
0.0
 11
4.965599999999999
 21
-8.127040000000001
 31
0.0
  0
LINE
  5
364
330
17
100
AcDbEntity
  8
0
100
AcDbLine
 10
4.965599999999999
 20
-8.127040000000001
 30
0.0
 11
5.045380000000001
 21
-8.30779
 31
0.0
  0
LINE
  5
365
330
17
100
AcDbEntity
  8
0
100
AcDbLine
 10
5.045380000000001
 20
-8.30779
 30
0.0
 11
5.11123
 21
-8.49406
 31
0.0
  0
LINE
  5
366
330
17
100
AcDbEntity
  8
0
100
AcDbLine
 10
5.11123
 20
-8.49406
 30
0.0
 11
5.1631
 21
-8.67623
 31
0.0
  0
LINE
  5
367
330
17
100
AcDbEntity
  8
0
100
AcDbLine
 10
5.1631
 20
-8.67623
 30
0.0
 11
5.2714
 21
-9.05658
 31
0.0
  0
LINE
  5
368
330
17
100
AcDbEntity
  8
0
100
AcDbLine
 10
5.2714
 20
-9.05658
 30
0.0
 11
5.2807699999999995
 21
-9.09665
 31
0.0
  0
LINE
  5
369
330
17
100
AcDbEntity
  8
0
100
AcDbLine
 10
5.2807699999999995
 20
-9.09665
 30
0.0
 11
5.42648
 21
-9.720130000000001
 31
0.0
  0
LINE
  5
36A
330
17
100
AcDbEntity
  8
0
100
AcDbLine
 10
5.42648
 20
-9.720130000000001
 30
0.0
 11
5.5593200000000005
 21
-10.4248
 31
0.0
  0
LINE
  5
36B
330
17
100
AcDbEntity
  8
0
100
AcDbLine
 10
5.5593200000000005
 20
-10.4248
 30
0.0
 11
5.57612
 21
-10.520909999999999
 31
0.0
  0
LINE
  5
36C
330
17
100
AcDbEntity
  8
0
100
AcDbLine
 10
5.57612
 20
-10.520909999999999
 30
0.0
 11
5.58121
 21
-10.549990000000001
 31
0.0
  0
LINE
  5
36D
330
17
100
AcDbEntity
  8
0
100
AcDbLine
 10
5.58121
 20
-10.549990000000001
 30
0.0
 11
5.58626
 21
-10.578890000000001
 31
0.0
  0
LINE
  5
36E
330
17
100
AcDbEntity
  8
0
100
AcDbLine
 10
5.58626
 20
-10.578890000000001
 30
0.0
 11
5.61397
 21
-10.72476
 31
0.0
  0
LINE
  5
36F
330
17
100
AcDbEntity
  8
0
100
AcDbLine
 10
5.61397
 20
-10.72476
 30
0.0
 11
5.63922
 21
-10.8477
 31
0.0
  0
LINE
  5
370
330
17
100
AcDbEntity
  8
0
100
AcDbLine
 10
5.63922
 20
-10.8477
 30
0.0
 11
5.65494
 21
-10.90746
 31
0.0
  0
LINE
  5
371
330
17
100
AcDbEntity
  8
0
100
AcDbLine
 10
5.65494
 20
-10.90746
 30
0.0
 11
5.665
 21
-10.93476
 31
0.0
  0
LINE
  5
372
330
17
100
AcDbEntity
  8
0
100
AcDbLine
 10
5.665
 20
-10.93476
 30
0.0
 11
5.67762
 21
-10.96099
 31
0.0
  0
LINE
  5
373
330
17
100
AcDbEntity
  8
0
100
AcDbLine
 10
5.67762
 20
-10.96099
 30
0.0
 11
5.69268
 21
-10.98589
 31
0.0
  0
LINE
  5
374
330
17
100
AcDbEntity
  8
0
100
AcDbLine
 10
5.69268
 20
-10.98589
 30
0.0
 11
5.710050000000001
 21
-11.00924
 31
0.0
  0
LINE
  5
375
330
17
100
AcDbEntity
  8
0
100
AcDbLine
 10
5.710050000000001
 20
-11.00924
 30
0.0
 11
5.72957
 21
-11.03082
 31
0.0
  0
LINE
  5
376
330
17
100
AcDbEntity
  8
0
100
AcDbLine
 10
5.72957
 20
-11.03082
 30
0.0
 11
5.75106
 21
-11.05045
 31
0.0
  0
LINE
  5
377
330
17
100
AcDbEntity
  8
0
100
AcDbLine
 10
5.75106
 20
-11.05045
 30
0.0
 11
5.77432
 21
-11.06793
 31
0.0
  0
LINE
  5
378
330
17
100
AcDbEntity
  8
0
100
AcDbLine
 10
5.77432
 20
-11.06793
 30
0.0
 11
5.81267
 21
-11.09126
 31
0.0
  0
LINE
  5
379
330
17
100
AcDbEntity
  8
0
100
AcDbLine
 10
5.81267
 20
-11.09126
 30
0.0
 11
5.853149999999999
 21
-11.11063
 31
0.0
  0
LINE
  5
37A
330
17
100
AcDbEntity
  8
0
100
AcDbLine
 10
5.853149999999999
 20
-11.11063
 30
0.0
 11
5.89538
 21
-11.12584
 31
0.0
  0
LINE
  5
37B
330
17
100
AcDbEntity
  8
0
100
AcDbLine
 10
5.89538
 20
-11.12584
 30
0.0
 11
5.938910000000001
 21
-11.136750000000001
 31
0.0
  0
LINE
  5
37C
330
17
100
AcDbEntity
  8
0
100
AcDbLine
 10
5.938910000000001
 20
-11.136750000000001
 30
0.0
 11
5.98332
 21
-11.14325
 31
0.0
  0
LINE
  5
37D
330
17
100
AcDbEntity
  8
0
100
AcDbLine
 10
5.98332
 20
-11.14325
 30
0.0
 11
6.02815
 21
-11.14526
 31
0.0
  0
LINE
  5
37E
330
17
100
AcDbEntity
  8
0
100
AcDbLine
 10
6.02815
 20
-11.14526
 30
0.0
 11
6.072959999999999
 21
-11.14277
 31
0.0
  0
LINE
  5
37F
330
17
100
AcDbEntity
  8
0
100
AcDbLine
 10
6.072959999999999
 20
-11.14277
 30
0.0
 11
6.1173
 21
-11.1358
 31
0.0
  0
LINE
  5
380
330
17
100
AcDbEntity
  8
0
100
AcDbLine
 10
6.1173
 20
-11.1358
 30
0.0
 11
6.1607199999999995
 21
-11.12443
 31
0.0
  0
LINE
  5
381
330
17
100
AcDbEntity
  8
0
100
AcDbLine
 10
6.1607199999999995
 20
-11.12443
 30
0.0
 11
6.20277
 21
-11.10877
 31
0.0
  0
LINE
  5
382
330
17
100
AcDbEntity
  8
0
100
AcDbLine
 10
6.20277
 20
-11.10877
 30
0.0
 11
6.22892
 21
-11.09599
 31
0.0
  0
LINE
  5
383
330
17
100
AcDbEntity
  8
0
100
AcDbLine
 10
6.22892
 20
-11.09599
 30
0.0
 11
6.25373
 21
-11.08078
 31
0.0
  0
LINE
  5
384
330
17
100
AcDbEntity
  8
0
100
AcDbLine
 10
6.25373
 20
-11.08078
 30
0.0
 11
6.2769699999999995
 21
-11.06327
 31
0.0
  0
LINE
  5
385
330
17
100
AcDbEntity
  8
0
100
AcDbLine
 10
6.2769699999999995
 20
-11.06327
 30
0.0
 11
6.29843
 21
-11.04362
 31
0.0
  0
LINE
  5
386
330
17
100
AcDbEntity
  8
0
100
AcDbLine
 10
6.29843
 20
-11.04362
 30
0.0
 11
6.3179300000000005
 21
-11.02201
 31
0.0
  0
LINE
  5
387
330
17
100
AcDbEntity
  8
0
100
AcDbLine
 10
6.3179300000000005
 20
-11.02201
 30
0.0
 11
6.3352699999999995
 21
-10.99865
 31
0.0
  0
LINE
  5
388
330
17
100
AcDbEntity
  8
0
100
AcDbLine
 10
6.3352699999999995
 20
-10.99865
 30
0.0
 11
6.3503
 21
-10.97373
 31
0.0
  0
LINE
  5
389
330
17
100
AcDbEntity
  8
0
100
AcDbLine
 10
6.3503
 20
-10.97373
 30
0.0
 11
6.36028
 21
-10.95293
 31
0.0
  0
LINE
  5
38A
330
17
100
AcDbEntity
  8
0
100
AcDbLine
 10
6.36028
 20
-10.95293
 30
0.0
 11
6.36821
 21
-10.93127
 31
0.0
  0
LINE
  5
38B
330
17
100
AcDbEntity
  8
0
100
AcDbLine
 10
6.36821
 20
-10.93127
 30
0.0
 11
6.37404
 21
-10.90895
 31
0.0
  0
LINE
  5
38C
330
17
100
AcDbEntity
  8
0
100
AcDbLine
 10
6.37404
 20
-10.90895
 30
0.0
 11
6.3777099999999995
 21
-10.88617
 31
0.0
  0
LINE
  5
38D
330
17
100
AcDbEntity
  8
0
100
AcDbLine
 10
6.3777099999999995
 20
-10.88617
 30
0.0
 11
6.37917
 21
-10.863150000000001
 31
0.0
  0
LINE
  5
38E
330
17
100
AcDbEntity
  8
0
100
AcDbLine
 10
6.37917
 20
-10.863150000000001
 30
0.0
 11
6.37843
 21
-10.8401
 31
0.0
  0
LINE
  5
38F
330
17
100
AcDbEntity
  8
0
100
AcDbLine
 10
6.37843
 20
-10.8401
 30
0.0
 11
6.34399
 21
-10.549990000000001
 31
0.0
  0
LINE
  5
390
330
17
100
AcDbEntity
  8
0
100
AcDbLine
 10
6.34399
 20
-10.549990000000001
 30
0.0
 11
6.3438799999999995
 21
-10.54906
 31
0.0
  0
LINE
  5
391
330
17
100
AcDbEntity
  8
0
100
AcDbLine
 10
6.3438799999999995
 20
-10.54906
 30
0.0
 11
6.338769999999999
 21
-10.520909999999999
 31
0.0
  0
LINE
  5
392
330
17
100
AcDbEntity
  8
0
100
AcDbLine
 10
6.338769999999999
 20
-10.520909999999999
 30
0.0
 11
6.25667
 21
-10.0683
 31
0.0
  0
LINE
  5
393
330
17
100
AcDbEntity
  8
0
100
AcDbLine
 10
6.25667
 20
-10.0683
 30
0.0
 11
6.05845
 21
-9.121
 31
0.0
  0
LINE
  5
394
330
17
100
AcDbEntity
  8
0
100
AcDbLine
 10
6.05845
 20
-9.121
 30
0.0
 11
6.054259999999999
 21
-9.09665
 31
0.0
  0
LINE
  5
395
330
17
100
AcDbEntity
  8
0
100
AcDbLine
 10
6.054259999999999
 20
-9.09665
 30
0.0
 11
6.03222
 21
-8.968580000000001
 31
0.0
  0
LINE
  5
396
330
17
100
AcDbEntity
  8
0
100
AcDbLine
 10
6.03222
 20
-8.968580000000001
 30
0.0
 11
6.01809
 21
-8.814570000000002
 31
0.0
  0
LINE
  5
397
330
17
100
AcDbEntity
  8
0
100
AcDbLine
 10
6.01809
 20
-8.814570000000002
 30
0.0
 11
6.0137599999999996
 21
-8.67623
 31
0.0
  0
LINE
  5
398
330
17
100
AcDbEntity
  8
0
100
AcDbLine
 10
6.0137599999999996
 20
-8.67623
 30
0.0
 11
6.00262
 21
-8.31989
 31
0.0
  0
LINE
  5
399
330
17
100
AcDbEntity
  8
0
100
AcDbLine
 10
6.00262
 20
-8.31989
 30
0.0
 11
6.00361
 21
-7.816820000000001
 31
0.0
  0
LINE
  5
39A
330
17
100
AcDbEntity
  8
0
100
AcDbLine
 10
6.00361
 20
-7.816820000000001
 30
0.0
 11
6.00558
 21
-7.786440000000001
 31
0.0
  0
LINE
  5
39B
330
17
100
AcDbEntity
  8
0
100
AcDbLine
 10
6.00558
 20
-7.786440000000001
 30
0.0
 11
6.010599999999999
 21
-7.75642
 31
0.0
  0
LINE
  5
39C
330
17
100
AcDbEntity
  8
0
100
AcDbLine
 10
6.010599999999999
 20
-7.75642
 30
0.0
 11
6.018619999999999
 21
-7.72705
 31
0.0
  0
LINE
  5
39D
330
17
100
AcDbEntity
  8
0
100
AcDbLine
 10
6.018619999999999
 20
-7.72705
 30
0.0
 11
6.02956
 21
-7.698639999999999
 31
0.0
  0
LINE
  5
39E
330
17
100
AcDbEntity
  8
0
100
AcDbLine
 10
6.02956
 20
-7.698639999999999
 30
0.0
 11
6.04331
 21
-7.67148
 31
0.0
  0
LINE
  5
39F
330
17
100
AcDbEntity
  8
0
100
AcDbLine
 10
6.04331
 20
-7.67148
 30
0.0
 11
6.04941
 21
-7.6619399999999995
 31
0.0
  0
LINE
  5
3A0
330
17
100
AcDbEntity
  8
0
100
AcDbLine
 10
6.04941
 20
-7.6619399999999995
 30
0.0
 11
6.056439999999999
 21
-7.65307
 31
0.0
  0
LINE
  5
3A1
330
17
100
AcDbEntity
  8
0
100
AcDbLine
 10
6.056439999999999
 20
-7.65307
 30
0.0
 11
6.06433
 21
-7.644950000000001
 31
0.0
  0
LINE
  5
3A2
330
17
100
AcDbEntity
  8
0
100
AcDbLine
 10
6.06433
 20
-7.644950000000001
 30
0.0
 11
6.073
 21
-7.63767
 31
0.0
  0
LINE
  5
3A3
330
17
100
AcDbEntity
  8
0
100
AcDbLine
 10
6.073
 20
-7.63767
 30
0.0
 11
6.08235
 21
-7.63129
 31
0.0
  0
LINE
  5
3A4
330
17
100
AcDbEntity
  8
0
100
AcDbLine
 10
6.08235
 20
-7.63129
 30
0.0
 11
6.0923
 21
-7.62589
 31
0.0
  0
LINE
  5
3A5
330
17
100
AcDbEntity
  8
0
100
AcDbLine
 10
6.0923
 20
-7.62589
 30
0.0
 11
6.1027499999999995
 21
-7.621519999999999
 31
0.0
  0
LINE
  5
3A6
330
17
100
AcDbEntity
  8
0
100
AcDbLine
 10
6.1027499999999995
 20
-7.621519999999999
 30
0.0
 11
6.113580000000001
 21
-7.61822
 31
0.0
  0
LINE
  5
3A7
330
17
100
AcDbEntity
  8
0
100
AcDbLine
 10
6.113580000000001
 20
-7.61822
 30
0.0
 11
6.124680000000001
 21
-7.61603
 31
0.0
  0
LINE
  5
3A8
330
17
100
AcDbEntity
  8
0
100
AcDbLine
 10
6.124680000000001
 20
-7.61603
 30
0.0
 11
6.13595
 21
-7.6149700000000005
 31
0.0
  0
LINE
  5
3A9
330
17
100
AcDbEntity
  8
0
100
AcDbLine
 10
6.13595
 20
-7.6149700000000005
 30
0.0
 11
6.14727
 21
-7.61505
 31
0.0
  0
LINE
  5
3AA
330
17
100
AcDbEntity
  8
0
100
AcDbLine
 10
6.14727
 20
-7.61505
 30
0.0
 11
6.17294
 21
-7.61779
 31
0.0
  0
LINE
  5
3AB
330
17
100
AcDbEntity
  8
0
100
AcDbLine
 10
6.17294
 20
-7.61779
 30
0.0
 11
6.19821
 21
-7.62306
 31
0.0
  0
LINE
  5
3AC
330
17
100
AcDbEntity
  8
0
100
AcDbLine
 10
6.19821
 20
-7.62306
 30
0.0
 11
6.22283
 21
-7.6308
 31
0.0
  0
LINE
  5
3AD
330
17
100
AcDbEntity
  8
0
100
AcDbLine
 10
6.22283
 20
-7.6308
 30
0.0
 11
6.24657
 21
-7.64093
 31
0.0
  0
LINE
  5
3AE
330
17
100
AcDbEntity
  8
0
100
AcDbLine
 10
6.24657
 20
-7.64093
 30
0.0
 11
6.26919
 21
-7.65335
 31
0.0
  0
LINE
  5
3AF
330
17
100
AcDbEntity
  8
0
100
AcDbLine
 10
6.26919
 20
-7.65335
 30
0.0
 11
6.2904800000000005
 21
-7.66794
 31
0.0
  0
LINE
  5
3B0
330
17
100
AcDbEntity
  8
0
100
AcDbLine
 10
6.2904800000000005
 20
-7.66794
 30
0.0
 11
6.35273
 21
-7.72047
 31
0.0
  0
LINE
  5
3B1
330
17
100
AcDbEntity
  8
0
100
AcDbLine
 10
6.35273
 20
-7.72047
 30
0.0
 11
6.4093800000000005
 21
-7.779
 31
0.0
  0
LINE
  5
3B2
330
17
100
AcDbEntity
  8
0
100
AcDbLine
 10
6.4093800000000005
 20
-7.779
 30
0.0
 11
6.45984
 21
-7.84293
 31
0.0
  0
LINE
  5
3B3
330
17
100
AcDbEntity
  8
0
100
AcDbLine
 10
6.45984
 20
-7.84293
 30
0.0
 11
6.54761
 21
-7.975980000000001
 31
0.0
  0
LINE
  5
3B4
330
17
100
AcDbEntity
  8
0
100
AcDbLine
 10
6.54761
 20
-7.975980000000001
 30
0.0
 11
6.62594
 21
-8.114790000000001
 31
0.0
  0
LINE
  5
3B5
330
17
100
AcDbEntity
  8
0
100
AcDbLine
 10
6.62594
 20
-8.114790000000001
 30
0.0
 11
6.761170000000001
 21
-8.394300000000001
 31
0.0
  0
LINE
  5
3B6
330
17
100
AcDbEntity
  8
0
100
AcDbLine
 10
6.761170000000001
 20
-8.394300000000001
 30
0.0
 11
6.87831
 21
-8.67623
 31
0.0
  0
LINE
  5
3B7
330
17
100
AcDbEntity
  8
0
100
AcDbLine
 10
6.87831
 20
-8.67623
 30
0.0
 11
6.88031
 21
-8.68104
 31
0.0
  0
LINE
  5
3B8
330
17
100
AcDbEntity
  8
0
100
AcDbLine
 10
6.88031
 20
-8.68104
 30
0.0
 11
7.02633
 21
-9.09665
 31
0.0
  0
LINE
  5
3B9
330
17
100
AcDbEntity
  8
0
100
AcDbLine
 10
7.02633
 20
-9.09665
 30
0.0
 11
7.1438999999999995
 21
-9.43127
 31
0.0
  0
LINE
  5
3BA
330
17
100
AcDbEntity
  8
0
100
AcDbLine
 10
7.1438999999999995
 20
-9.43127
 30
0.0
 11
7.36951
 21
-10.207189999999999
 31
0.0
  0
LINE
  5
3BB
330
17
100
AcDbEntity
  8
0
100
AcDbLine
 10
7.36951
 20
-10.207189999999999
 30
0.0
 11
7.435309999999999
 21
-10.520909999999999
 31
0.0
  0
LINE
  5
3BC
330
17
100
AcDbEntity
  8
0
100
AcDbLine
 10
7.435309999999999
 20
-10.520909999999999
 30
0.0
 11
7.44141
 21
-10.549990000000001
 31
0.0
  0
LINE
  5
3BD
330
17
100
AcDbEntity
  8
0
100
AcDbLine
 10
7.44141
 20
-10.549990000000001
 30
0.0
 11
7.5062
 21
-10.858839999999999
 31
0.0
  0
LINE
  5
3BE
330
17
100
AcDbEntity
  8
0
100
AcDbLine
 10
7.5062
 20
-10.858839999999999
 30
0.0
 11
7.5136400000000005
 21
-10.89555
 31
0.0
  0
LINE
  5
3BF
330
17
100
AcDbEntity
  8
0
100
AcDbLine
 10
7.5136400000000005
 20
-10.89555
 30
0.0
 11
7.52412
 21
-10.9315
 31
0.0
  0
LINE
  5
3C0
330
17
100
AcDbEntity
  8
0
100
AcDbLine
 10
7.52412
 20
-10.9315
 30
0.0
 11
7.5375700000000005
 21
-10.96645
 31
0.0
  0
LINE
  5
3C1
330
17
100
AcDbEntity
  8
0
100
AcDbLine
 10
7.5375700000000005
 20
-10.96645
 30
0.0
 11
7.54874
 21
-10.989550000000001
 31
0.0
  0
LINE
  5
3C2
330
17
100
AcDbEntity
  8
0
100
AcDbLine
 10
7.54874
 20
-10.989550000000001
 30
0.0
 11
7.56177
 21
-11.01165
 31
0.0
  0
LINE
  5
3C3
330
17
100
AcDbEntity
  8
0
100
AcDbLine
 10
7.56177
 20
-11.01165
 30
0.0
 11
7.57657
 21
-11.0326
 31
0.0
  0
LINE
  5
3C4
330
17
100
AcDbEntity
  8
0
100
AcDbLine
 10
7.57657
 20
-11.0326
 30
0.0
 11
7.59305
 21
-11.05227
 31
0.0
  0
LINE
  5
3C5
330
17
100
AcDbEntity
  8
0
100
AcDbLine
 10
7.59305
 20
-11.05227
 30
0.0
 11
7.61769
 21
-11.07655
 31
0.0
  0
LINE
  5
3C6
330
17
100
AcDbEntity
  8
0
100
AcDbLine
 10
7.61769
 20
-11.07655
 30
0.0
 11
7.6448100000000005
 21
-11.09804
 31
0.0
  0
LINE
  5
3C7
330
17
100
AcDbEntity
  8
0
100
AcDbLine
 10
7.6448100000000005
 20
-11.09804
 30
0.0
 11
7.67408
 21
-11.11647
 31
0.0
  0
LINE
  5
3C8
330
17
100
AcDbEntity
  8
0
100
AcDbLine
 10
7.67408
 20
-11.11647
 30
0.0
 11
7.70847
 21
-11.133890000000001
 31
0.0
  0
LINE
  5
3C9
330
17
100
AcDbEntity
  8
0
100
AcDbLine
 10
7.70847
 20
-11.133890000000001
 30
0.0
 11
7.74411
 21
-11.14856
 31
0.0
  0
LINE
  5
3CA
330
17
100
AcDbEntity
  8
0
100
AcDbLine
 10
7.74411
 20
-11.14856
 30
0.0
 11
7.7807900000000005
 21
-11.16039
 31
0.0
  0
LINE
  5
3CB
330
17
100
AcDbEntity
  8
0
100
AcDbLine
 10
7.7807900000000005
 20
-11.16039
 30
0.0
 11
7.82633
 21
-11.1707
 31
0.0
  0
LINE
  5
3CC
330
17
100
AcDbEntity
  8
0
100
AcDbLine
 10
7.82633
 20
-11.1707
 30
0.0
 11
7.843559999999999
 21
-11.1746
 31
0.0
  0
LINE
  5
3CD
330
17
100
AcDbEntity
  8
0
100
AcDbLine
 10
7.843559999999999
 20
-11.1746
 30
0.0
 11
7.90743
 21
-11.18242
 31
0.0
  0
LINE
  5
3CE
330
17
100
AcDbEntity
  8
0
100
AcDbLine
 10
7.90743
 20
-11.18242
 30
0.0
 11
7.947569999999999
 21
-11.18365
 31
0.0
  0
LINE
  5
3CF
330
17
100
AcDbEntity
  8
0
100
AcDbLine
 10
7.947569999999999
 20
-11.18365
 30
0.0
 11
7.9876700000000005
 21
-11.18158
 31
0.0
  0
LINE
  5
3D0
330
17
100
AcDbEntity
  8
0
100
AcDbLine
 10
7.9876700000000005
 20
-11.18158
 30
0.0
 11
8.02746
 21
-11.17624
 31
0.0
  0
LINE
  5
3D1
330
17
100
AcDbEntity
  8
0
100
AcDbLine
 10
8.02746
 20
-11.17624
 30
0.0
 11
8.05233
 21
-11.1707
 31
0.0
  0
LINE
  5
3D2
330
17
100
AcDbEntity
  8
0
100
AcDbLine
 10
8.05233
 20
-11.1707
 30
0.0
 11
8.063519999999999
 21
-11.16821
 31
0.0
  0
LINE
  5
3D3
330
17
100
AcDbEntity
  8
0
100
AcDbLine
 10
8.063519999999999
 20
-11.16821
 30
0.0
 11
8.09871
 21
-11.15696
 31
0.0
  0
LINE
  5
3D4
330
17
100
AcDbEntity
  8
0
100
AcDbLine
 10
8.09871
 20
-11.15696
 30
0.0
 11
8.13274
 21
-11.142600000000002
 31
0.0
  0
LINE
  5
3D5
330
17
100
AcDbEntity
  8
0
100
AcDbLine
 10
8.13274
 20
-11.142600000000002
 30
0.0
 11
8.15539
 21
-11.1306
 31
0.0
  0
LINE
  5
3D6
330
17
100
AcDbEntity
  8
0
100
AcDbLine
 10
8.15539
 20
-11.1306
 30
0.0
 11
8.17694
 21
-11.11673
 31
0.0
  0
LINE
  5
3D7
330
17
100
AcDbEntity
  8
0
100
AcDbLine
 10
8.17694
 20
-11.11673
 30
0.0
 11
8.19722
 21
-11.101059999999999
 31
0.0
  0
LINE
  5
3D8
330
17
100
AcDbEntity
  8
0
100
AcDbLine
 10
8.19722
 20
-11.101059999999999
 30
0.0
 11
8.2161
 21
-11.08373
 31
0.0
  0
LINE
  5
3D9
330
17
100
AcDbEntity
  8
0
100
AcDbLine
 10
8.2161
 20
-11.08373
 30
0.0
 11
8.23009
 21
-11.06828
 31
0.0
  0
LINE
  5
3DA
330
17
100
AcDbEntity
  8
0
100
AcDbLine
 10
8.23009
 20
-11.06828
 30
0.0
 11
8.24249
 21
-11.05153
 31
0.0
  0
LINE
  5
3DB
330
17
100
AcDbEntity
  8
0
100
AcDbLine
 10
8.24249
 20
-11.05153
 30
0.0
 11
8.253160000000001
 21
-11.033629999999999
 31
0.0
  0
LINE
  5
3DC
330
17
100
AcDbEntity
  8
0
100
AcDbLine
 10
8.253160000000001
 20
-11.033629999999999
 30
0.0
 11
8.26202
 21
-11.01477
 31
0.0
  0
LINE
  5
3DD
330
17
100
AcDbEntity
  8
0
100
AcDbLine
 10
8.26202
 20
-11.01477
 30
0.0
 11
8.268970000000001
 21
-10.99512
 31
0.0
  0
LINE
  5
3DE
330
17
100
AcDbEntity
  8
0
100
AcDbLine
 10
8.268970000000001
 20
-10.99512
 30
0.0
 11
8.27924
 21
-10.95403
 31
0.0
  0
LINE
  5
3DF
330
17
100
AcDbEntity
  8
0
100
AcDbLine
 10
8.27924
 20
-10.95403
 30
0.0
 11
8.28569
 21
-10.91217
 31
0.0
  0
LINE
  5
3E0
330
17
100
AcDbEntity
  8
0
100
AcDbLine
 10
8.28569
 20
-10.91217
 30
0.0
 11
8.28828
 21
-10.86989
 31
0.0
  0
LINE
  5
3E1
330
17
100
AcDbEntity
  8
0
100
AcDbLine
 10
8.28828
 20
-10.86989
 30
0.0
 11
8.285789999999999
 21
-10.78004
 31
0.0
  0
LINE
  5
3E2
330
17
100
AcDbEntity
  8
0
100
AcDbLine
 10
8.285789999999999
 20
-10.78004
 30
0.0
 11
8.27559
 21
-10.69074
 31
0.0
  0
LINE
  5
3E3
330
17
100
AcDbEntity
  8
0
100
AcDbLine
 10
8.27559
 20
-10.69074
 30
0.0
 11
8.24947
 21
-10.549990000000001
 31
0.0
  0
LINE
  5
3E4
330
17
100
AcDbEntity
  8
0
100
AcDbLine
 10
8.24947
 20
-10.549990000000001
 30
0.0
 11
8.244069999999999
 21
-10.520909999999999
 31
0.0
  0
LINE
  5
3E5
330
17
100
AcDbEntity
  8
0
100
AcDbLine
 10
8.244069999999999
 20
-10.520909999999999
 30
0.0
 11
8.22623
 21
-10.4248
 31
0.0
  0
LINE
  5
3E6
330
17
100
AcDbEntity
  8
0
100
AcDbLine
 10
8.22623
 20
-10.4248
 30
0.0
 11
8.05028
 21
-9.556379999999999
 31
0.0
  0
LINE
  5
3E7
330
17
100
AcDbEntity
  8
0
100
AcDbLine
 10
8.05028
 20
-9.556379999999999
 30
0.0
 11
7.974270000000001
 21
-9.09665
 31
0.0
  0
LINE
  5
3E8
330
17
100
AcDbEntity
  8
0
100
AcDbLine
 10
7.974270000000001
 20
-9.09665
 30
0.0
 11
7.94484
 21
-8.918709999999999
 31
0.0
  0
LINE
  5
3E9
330
17
100
AcDbEntity
  8
0
100
AcDbLine
 10
7.94484
 20
-8.918709999999999
 30
0.0
 11
7.91966
 21
-8.67623
 31
0.0
  0
LINE
  5
3EA
330
17
100
AcDbEntity
  8
0
100
AcDbLine
 10
7.91966
 20
-8.67623
 30
0.0
 11
7.892120000000001
 21
-8.411059999999999
 31
0.0
  0
LINE
  5
3EB
330
17
100
AcDbEntity
  8
0
100
AcDbLine
 10
7.892120000000001
 20
-8.411059999999999
 30
0.0
 11
7.88408
 21
-7.96292
 31
0.0
  0
LINE
  5
3EC
330
17
100
AcDbEntity
  8
0
100
AcDbLine
 10
7.88408
 20
-7.96292
 30
0.0
 11
7.891159999999999
 21
-7.79448
 31
0.0
  0
LINE
  5
3ED
330
17
100
AcDbEntity
  8
0
100
AcDbLine
 10
7.891159999999999
 20
-7.79448
 30
0.0
 11
7.89303
 21
-7.77365
 31
0.0
  0
LINE
  5
3EE
330
17
100
AcDbEntity
  8
0
100
AcDbLine
 10
7.89303
 20
-7.77365
 30
0.0
 11
7.896520000000001
 21
-7.75304
 31
0.0
  0
LINE
  5
3EF
330
17
100
AcDbEntity
  8
0
100
AcDbLine
 10
7.896520000000001
 20
-7.75304
 30
0.0
 11
7.90159
 21
-7.73276
 31
0.0
  0
LINE
  5
3F0
330
17
100
AcDbEntity
  8
0
100
AcDbLine
 10
7.90159
 20
-7.73276
 30
0.0
 11
7.903300000000001
 21
-7.72789
 31
0.0
  0
LINE
  5
3F1
330
17
100
AcDbEntity
  8
0
100
AcDbLine
 10
7.903300000000001
 20
-7.72789
 30
0.0
 11
7.905529999999999
 21
-7.7232400000000005
 31
0.0
  0
LINE
  5
3F2
330
17
100
AcDbEntity
  8
0
100
AcDbLine
 10
7.905529999999999
 20
-7.7232400000000005
 30
0.0
 11
7.90826
 21
-7.71886
 31
0.0
  0
LINE
  5
3F3
330
17
100
AcDbEntity
  8
0
100
AcDbLine
 10
7.90826
 20
-7.71886
 30
0.0
 11
7.911440000000001
 21
-7.7148
 31
0.0
  0
LINE
  5
3F4
330
17
100
AcDbEntity
  8
0
100
AcDbLine
 10
7.911440000000001
 20
-7.7148
 30
0.0
 11
7.91504
 21
-7.711110000000001
 31
0.0
  0
LINE
  5
3F5
330
17
100
AcDbEntity
  8
0
100
AcDbLine
 10
7.91504
 20
-7.711110000000001
 30
0.0
 11
7.91903
 21
-7.7078299999999995
 31
0.0
  0
LINE
  5
3F6
330
17
100
AcDbEntity
  8
0
100
AcDbLine
 10
7.91903
 20
-7.7078299999999995
 30
0.0
 11
7.92334
 21
-7.705
 31
0.0
  0
LINE
  5
3F7
330
17
100
AcDbEntity
  8
0
100
AcDbLine
 10
7.92334
 20
-7.705
 30
0.0
 11
7.930629999999999
 21
-7.70127
 31
0.0
  0
LINE
  5
3F8
330
17
100
AcDbEntity
  8
0
100
AcDbLine
 10
7.930629999999999
 20
-7.70127
 30
0.0
 11
7.938270000000001
 21
-7.6983299999999995
 31
0.0
  0
LINE
  5
3F9
330
17
100
AcDbEntity
  8
0
100
AcDbLine
 10
7.938270000000001
 20
-7.6983299999999995
 30
0.0
 11
7.946180000000001
 21
-7.6962
 31
0.0
  0
LINE
  5
3FA
330
17
100
AcDbEntity
  8
0
100
AcDbLine
 10
7.946180000000001
 20
-7.6962
 30
0.0
 11
7.95426
 21
-7.69492
 31
0.0
  0
LINE
  5
3FB
330
17
100
AcDbEntity
  8
0
100
AcDbLine
 10
7.95426
 20
-7.69492
 30
0.0
 11
7.962439999999999
 21
-7.69449
 31
0.0
  0
LINE
  5
3FC
330
17
100
AcDbEntity
  8
0
100
AcDbLine
 10
7.962439999999999
 20
-7.69449
 30
0.0
 11
7.982869999999999
 21
-7.69548
 31
0.0
  0
LINE
  5
3FD
330
17
100
AcDbEntity
  8
0
100
AcDbLine
 10
7.982869999999999
 20
-7.69548
 30
0.0
 11
8.003110000000001
 21
-7.69844
 31
0.0
  0
LINE
  5
3FE
330
17
100
AcDbEntity
  8
0
100
AcDbLine
 10
8.003110000000001
 20
-7.69844
 30
0.0
 11
8.022960000000001
 21
-7.70335
 31
0.0
  0
LINE
  5
3FF
330
17
100
AcDbEntity
  8
0
100
AcDbLine
 10
8.022960000000001
 20
-7.70335
 30
0.0
 11
8.042250000000001
 21
-7.71015
 31
0.0
  0
LINE
  5
400
330
17
100
AcDbEntity
  8
0
100
AcDbLine
 10
8.042250000000001
 20
-7.71015
 30
0.0
 11
8.0608
 21
-7.718789999999999
 31
0.0
  0
LINE
  5
401
330
17
100
AcDbEntity
  8
0
100
AcDbLine
 10
8.0608
 20
-7.718789999999999
 30
0.0
 11
8.12736
 21
-7.757090000000001
 31
0.0
  0
LINE
  5
402
330
17
100
AcDbEntity
  8
0
100
AcDbLine
 10
8.12736
 20
-7.757090000000001
 30
0.0
 11
8.190859999999999
 21
-7.8003
 31
0.0
  0
LINE
  5
403
330
17
100
AcDbEntity
  8
0
100
AcDbLine
 10
8.190859999999999
 20
-7.8003
 30
0.0
 11
8.26182
 21
-7.85655
 31
0.0
  0
LINE
  5
404
330
17
100
AcDbEntity
  8
0
100
AcDbLine
 10
8.26182
 20
-7.85655
 30
0.0
 11
8.32869
 21
-7.917610000000001
 31
0.0
  0
LINE
  5
405
330
17
100
AcDbEntity
  8
0
100
AcDbLine
 10
8.32869
 20
-7.917610000000001
 30
0.0
 11
8.39411
 21
-7.98574
 31
0.0
  0
LINE
  5
406
330
17
100
AcDbEntity
  8
0
100
AcDbLine
 10
8.39411
 20
-7.98574
 30
0.0
 11
8.455219999999999
 21
-8.057770000000001
 31
0.0
  0
LINE
  5
407
330
17
100
AcDbEntity
  8
0
100
AcDbLine
 10
8.455219999999999
 20
-8.057770000000001
 30
0.0
 11
8.536119999999999
 21
-8.15462
 31
0.0
  0
LINE
  5
408
330
17
100
AcDbEntity
  8
0
100
AcDbLine
 10
8.536119999999999
 20
-8.15462
 30
0.0
 11
8.56327
 21
-8.18297
 31
0.0
  0
LINE
  5
409
330
17
100
AcDbEntity
  8
0
100
AcDbLine
 10
8.56327
 20
-8.18297
 30
0.0
 11
8.59282
 21
-8.2088
 31
0.0
  0
LINE
  5
40A
330
17
100
AcDbEntity
  8
0
100
AcDbLine
 10
8.59282
 20
-8.2088
 30
0.0
 11
8.60805
 21
-8.219769999999999
 31
0.0
  0
LINE
  5
40B
330
17
100
AcDbEntity
  8
0
100
AcDbLine
 10
8.60805
 20
-8.219769999999999
 30
0.0
 11
8.62427
 21
-8.2292
 31
0.0
  0
LINE
  5
40C
330
17
100
AcDbEntity
  8
0
100
AcDbLine
 10
8.62427
 20
-8.2292
 30
0.0
 11
8.641340000000001
 21
-8.236989999999999
 31
0.0
  0
LINE
  5
40D
330
17
100
AcDbEntity
  8
0
100
AcDbLine
 10
8.641340000000001
 20
-8.236989999999999
 30
0.0
 11
8.65358
 21
-8.241200000000001
 31
0.0
  0
LINE
  5
40E
330
17
100
AcDbEntity
  8
0
100
AcDbLine
 10
8.65358
 20
-8.241200000000001
 30
0.0
 11
8.66616
 21
-8.24424
 31
0.0
  0
LINE
  5
40F
330
17
100
AcDbEntity
  8
0
100
AcDbLine
 10
8.66616
 20
-8.24424
 30
0.0
 11
8.67897
 21
-8.24607
 31
0.0
  0
LINE
  5
410
330
17
100
AcDbEntity
  8
0
100
AcDbLine
 10
8.67897
 20
-8.24607
 30
0.0
 11
8.69189
 21
-8.24669
 31
0.0
  0
LINE
  5
411
330
17
100
AcDbEntity
  8
0
100
AcDbLine
 10
8.69189
 20
-8.24669
 30
0.0
 11
8.706180000000002
 21
-8.24601
 31
0.0
  0
LINE
  5
412
330
17
100
AcDbEntity
  8
0
100
AcDbLine
 10
8.706180000000002
 20
-8.24601
 30
0.0
 11
8.72035
 21
-8.24401
 31
0.0
  0
LINE
  5
413
330
17
100
AcDbEntity
  8
0
100
AcDbLine
 10
8.72035
 20
-8.24401
 30
0.0
 11
8.73426
 21
-8.240680000000001
 31
0.0
  0
LINE
  5
414
330
17
100
AcDbEntity
  8
0
100
AcDbLine
 10
8.73426
 20
-8.240680000000001
 30
0.0
 11
8.74781
 21
-8.23607
 31
0.0
  0
LINE
  5
415
330
17
100
AcDbEntity
  8
0
100
AcDbLine
 10
8.74781
 20
-8.23607
 30
0.0
 11
8.760860000000001
 21
-8.23021
 31
0.0
  0
LINE
  5
416
330
17
100
AcDbEntity
  8
0
100
AcDbLine
 10
8.760860000000001
 20
-8.23021
 30
0.0
 11
8.77061
 21
-8.22467
 31
0.0
  0
LINE
  5
417
330
17
100
AcDbEntity
  8
0
100
AcDbLine
 10
8.77061
 20
-8.22467
 30
0.0
 11
8.77979
 21
-8.21825
 31
0.0
  0
LINE
  5
418
330
17
100
AcDbEntity
  8
0
100
AcDbLine
 10
8.77979
 20
-8.21825
 30
0.0
 11
8.78834
 21
-8.211
 31
0.0
  0
LINE
  5
419
330
17
100
AcDbEntity
  8
0
100
AcDbLine
 10
8.78834
 20
-8.211
 30
0.0
 11
8.79616
 21
-8.20297
 31
0.0
  0
LINE
  5
41A
330
17
100
AcDbEntity
  8
0
100
AcDbLine
 10
8.79616
 20
-8.20297
 30
0.0
 11
8.8032
 21
-8.19425
 31
0.0
  0
LINE
  5
41B
330
17
100
AcDbEntity
  8
0
100
AcDbLine
 10
8.8032
 20
-8.19425
 30
0.0
 11
8.80938
 21
-8.1849
 31
0.0
  0
LINE
  5
41C
330
17
100
AcDbEntity
  8
0
100
AcDbLine
 10
8.80938
 20
-8.1849
 30
0.0
 11
8.81651
 21
-8.17155
 31
0.0
  0
LINE
  5
41D
330
17
100
AcDbEntity
  8
0
100
AcDbLine
 10
8.81651
 20
-8.17155
 30
0.0
 11
8.82235
 21
-8.157589999999999
 31
0.0
  0
LINE
  5
41E
330
17
100
AcDbEntity
  8
0
100
AcDbLine
 10
8.82235
 20
-8.157589999999999
 30
0.0
 11
8.82686
 21
-8.14315
 31
0.0
  0
LINE
  5
41F
330
17
100
AcDbEntity
  8
0
100
AcDbLine
 10
8.82686
 20
-8.14315
 30
0.0
 11
8.829979999999999
 21
-8.12834
 31
0.0
  0
LINE
  5
420
330
17
100
AcDbEntity
  8
0
100
AcDbLine
 10
8.829979999999999
 20
-8.12834
 30
0.0
 11
8.83171
 21
-8.11331
 31
0.0
  0
LINE
  5
421
330
17
100
AcDbEntity
  8
0
100
AcDbLine
 10
8.83171
 20
-8.11331
 30
0.0
 11
8.83238
 21
-8.08289
 31
0.0
  0
LINE
  5
422
330
17
100
AcDbEntity
  8
0
100
AcDbLine
 10
8.83238
 20
-8.08289
 30
0.0
 11
8.830319999999999
 21
-8.05253
 31
0.0
  0
LINE
  5
423
330
17
100
AcDbEntity
  8
0
100
AcDbLine
 10
8.830319999999999
 20
-8.05253
 30
0.0
 11
8.82554
 21
-8.02247
 31
0.0
  0
LINE
  5
424
330
17
100
AcDbEntity
  8
0
100
AcDbLine
 10
8.82554
 20
-8.02247
 30
0.0
 11
8.8189
 21
-7.99535
 31
0.0
  0
LINE
  5
425
330
17
100
AcDbEntity
  8
0
100
AcDbLine
 10
8.8189
 20
-7.99535
 30
0.0
 11
8.81025
 21
-7.9688
 31
0.0
  0
LINE
  5
426
330
17
100
AcDbEntity
  8
0
100
AcDbLine
 10
8.81025
 20
-7.9688
 30
0.0
 11
8.774809999999999
 21
-7.876869999999999
 31
0.0
  0
LINE
  5
427
330
17
100
AcDbEntity
  8
0
100
AcDbLine
 10
8.774809999999999
 20
-7.876869999999999
 30
0.0
 11
8.730160000000001
 21
-7.77111
 31
0.0
  0
LINE
  5
428
330
17
100
AcDbEntity
  8
0
100
AcDbLine
 10
8.730160000000001
 20
-7.77111
 30
0.0
 11
8.681090000000001
 21
-7.66427
 31
0.0
  0
LINE
  5
429
330
17
100
AcDbEntity
  8
0
100
AcDbLine
 10
8.681090000000001
 20
-7.66427
 30
0.0
 11
8.615120000000001
 21
-7.53855
 31
0.0
  0
LINE
  5
42A
330
17
100
AcDbEntity
  8
0
100
AcDbLine
 10
8.615120000000001
 20
-7.53855
 30
0.0
 11
8.539909999999999
 21
-7.41812
 31
0.0
  0
LINE
  5
42B
330
17
100
AcDbEntity
  8
0
100
AcDbLine
 10
8.539909999999999
 20
-7.41812
 30
0.0
 11
8.46034
 21
-7.31156
 31
0.0
  0
LINE
  5
42C
330
17
100
AcDbEntity
  8
0
100
AcDbLine
 10
8.46034
 20
-7.31156
 30
0.0
 11
8.37139
 21
-7.2127
 31
0.0
  0
LINE
  5
42D
330
17
100
AcDbEntity
  8
0
100
AcDbLine
 10
8.37139
 20
-7.2127
 30
0.0
 11
8.28314
 21
-7.13183
 31
0.0
  0
LINE
  5
42E
330
17
100
AcDbEntity
  8
0
100
AcDbLine
 10
8.28314
 20
-7.13183
 30
0.0
 11
8.18716
 21
-7.06029
 31
0.0
  0
LINE
  5
42F
330
17
100
AcDbEntity
  8
0
100
AcDbLine
 10
8.18716
 20
-7.06029
 30
0.0
 11
8.12758
 21
-7.02468
 31
0.0
  0
LINE
  5
430
330
17
100
AcDbEntity
  8
0
100
AcDbLine
 10
8.12758
 20
-7.02468
 30
0.0
 11
8.06467
 21
-6.99534
 31
0.0
  0
LINE
  5
431
330
17
100
AcDbEntity
  8
0
100
AcDbLine
 10
8.06467
 20
-6.99534
 30
0.0
 11
7.999090000000001
 21
-6.97258
 31
0.0
  0
LINE
  5
432
330
17
100
AcDbEntity
  8
0
100
AcDbLine
 10
7.999090000000001
 20
-6.97258
 30
0.0
 11
7.933479999999999
 21
-6.9563999999999995
 31
0.0
  0
LINE
  5
433
330
17
100
AcDbEntity
  8
0
100
AcDbLine
 10
7.933479999999999
 20
-6.9563999999999995
 30
0.0
 11
7.866770000000001
 21
-6.94567
 31
0.0
  0
LINE
  5
434
330
17
100
AcDbEntity
  8
0
100
AcDbLine
 10
7.866770000000001
 20
-6.94567
 30
0.0
 11
7.79941
 21
-6.94046
 31
0.0
  0
LINE
  5
435
330
17
100
AcDbEntity
  8
0
100
AcDbLine
 10
7.79941
 20
-6.94046
 30
0.0
 11
7.73184
 21
-6.940810000000001
 31
0.0
  0
LINE
  5
436
330
17
100
AcDbEntity
  8
0
100
AcDbLine
 10
7.73184
 20
-6.940810000000001
 30
0.0
 11
7.68616
 21
-6.9453700000000005
 31
0.0
  0
LINE
  5
437
330
17
100
AcDbEntity
  8
0
100
AcDbLine
 10
7.68616
 20
-6.9453700000000005
 30
0.0
 11
7.641229999999999
 21
-6.95479
 31
0.0
  0
LINE
  5
438
330
17
100
AcDbEntity
  8
0
100
AcDbLine
 10
7.641229999999999
 20
-6.95479
 30
0.0
 11
7.597569999999999
 21
-6.96894
 31
0.0
  0
LINE
  5
439
330
17
100
AcDbEntity
  8
0
100
AcDbLine
 10
7.597569999999999
 20
-6.96894
 30
0.0
 11
7.55566
 21
-6.987679999999999
 31
0.0
  0
LINE
  5
43A
330
17
100
AcDbEntity
  8
0
100
AcDbLine
 10
7.55566
 20
-6.987679999999999
 30
0.0
 11
7.51599
 21
-7.01077
 31
0.0
  0
LINE
  5
43B
330
17
100
AcDbEntity
  8
0
100
AcDbLine
 10
7.51599
 20
-7.01077
 30
0.0
 11
7.47872
 21
-7.03815
 31
0.0
  0
LINE
  5
43C
330
17
100
AcDbEntity
  8
0
100
AcDbLine
 10
7.47872
 20
-7.03815
 30
0.0
 11
7.44454
 21
-7.0693
 31
0.0
  0
LINE
  5
43D
330
17
100
AcDbEntity
  8
0
100
AcDbLine
 10
7.44454
 20
-7.0693
 30
0.0
 11
7.4138399999999995
 21
-7.10389
 31
0.0
  0
LINE
  5
43E
330
17
100
AcDbEntity
  8
0
100
AcDbLine
 10
7.4138399999999995
 20
-7.10389
 30
0.0
 11
7.386959999999999
 21
-7.14152
 31
0.0
  0
LINE
  5
43F
330
17
100
AcDbEntity
  8
0
100
AcDbLine
 10
7.386959999999999
 20
-7.14152
 30
0.0
 11
7.36419
 21
-7.181769999999999
 31
0.0
  0
LINE
  5
440
330
17
100
AcDbEntity
  8
0
100
AcDbLine
 10
7.36419
 20
-7.181769999999999
 30
0.0
 11
7.32782
 21
-7.26569
 31
0.0
  0
LINE
  5
441
330
17
100
AcDbEntity
  8
0
100
AcDbLine
 10
7.32782
 20
-7.26569
 30
0.0
 11
7.30053
 21
-7.35299
 31
0.0
  0
LINE
  5
442
330
17
100
AcDbEntity
  8
0
100
AcDbLine
 10
7.30053
 20
-7.35299
 30
0.0
 11
7.28262
 21
-7.44269
 31
0.0
  0
LINE
  5
443
330
17
100
AcDbEntity
  8
0
100
AcDbLine
 10
7.28262
 20
-7.44269
 30
0.0
 11
7.27461
 21
-7.51807
 31
0.0
  0
LINE
  5
444
330
17
100
AcDbEntity
  8
0
100
AcDbLine
 10
7.27461
 20
-7.51807
 30
0.0
 11
7.27239
 21
-7.59384
 31
0.0
  0
LINE
  5
445
330
17
100
AcDbEntity
  8
0
100
AcDbLine
 10
7.27239
 20
-7.59384
 30
0.0
 11
7.27892
 21
-7.86444
 31
0.0
  0
LINE
  5
446
330
17
100
AcDbEntity
  8
0
100
AcDbLine
 10
7.27892
 20
-7.86444
 30
0.0
 11
7.29516
 21
-8.15102
 31
0.0
  0
LINE
  5
447
330
17
100
AcDbEntity
  8
0
100
AcDbLine
 10
7.29516
 20
-8.15102
 30
0.0
 11
7.31976
 21
-8.38473
 31
0.0
  0
LINE
  5
448
330
17
100
AcDbEntity
  8
0
100
AcDbLine
 10
7.31976
 20
-8.38473
 30
0.0
 11
7.32932
 21
-8.467870000000001
 31
0.0
  0
LINE
  5
449
330
17
100
AcDbEntity
  8
0
100
AcDbLine
 10
7.32932
 20
-8.467870000000001
 30
0.0
 11
7.32934
 21
-8.46833
 31
0.0
  0
LINE
  5
44A
330
17
100
AcDbEntity
  8
0
100
AcDbLine
 10
7.32934
 20
-8.46833
 30
0.0
 11
7.32931
 21
-8.4688
 31
0.0
  0
LINE
  5
44B
330
17
100
AcDbEntity
  8
0
100
AcDbLine
 10
7.32931
 20
-8.4688
 30
0.0
 11
7.32923
 21
-8.469249999999999
 31
0.0
  0
LINE
  5
44C
330
17
100
AcDbEntity
  8
0
100
AcDbLine
 10
7.32923
 20
-8.469249999999999
 30
0.0
 11
7.3290999999999995
 21
-8.4697
 31
0.0
  0
LINE
  5
44D
330
17
100
AcDbEntity
  8
0
100
AcDbLine
 10
7.3290999999999995
 20
-8.4697
 30
0.0
 11
7.32893
 21
-8.47013
 31
0.0
  0
LINE
  5
44E
330
17
100
AcDbEntity
  8
0
100
AcDbLine
 10
7.32893
 20
-8.47013
 30
0.0
 11
7.32871
 21
-8.47054
 31
0.0
  0
LINE
  5
44F
330
17
100
AcDbEntity
  8
0
100
AcDbLine
 10
7.32871
 20
-8.47054
 30
0.0
 11
7.32845
 21
-8.47093
 31
0.0
  0
LINE
  5
450
330
17
100
AcDbEntity
  8
0
100
AcDbLine
 10
7.32845
 20
-8.47093
 30
0.0
 11
7.32815
 21
-8.47128
 31
0.0
  0
LINE
  5
451
330
17
100
AcDbEntity
  8
0
100
AcDbLine
 10
7.32815
 20
-8.47128
 30
0.0
 11
7.3278099999999995
 21
-8.471599999999999
 31
0.0
  0
LINE
  5
452
330
17
100
AcDbEntity
  8
0
100
AcDbLine
 10
7.3278099999999995
 20
-8.471599999999999
 30
0.0
 11
7.32744
 21
-8.47189
 31
0.0
  0
LINE
  5
453
330
17
100
AcDbEntity
  8
0
100
AcDbLine
 10
7.32744
 20
-8.47189
 30
0.0
 11
7.32705
 21
-8.47213
 31
0.0
  0
LINE
  5
454
330
17
100
AcDbEntity
  8
0
100
AcDbLine
 10
7.32705
 20
-8.47213
 30
0.0
 11
7.32663
 21
-8.47233
 31
0.0
  0
LINE
  5
455
330
17
100
AcDbEntity
  8
0
100
AcDbLine
 10
7.32663
 20
-8.47233
 30
0.0
 11
7.3261899999999995
 21
-8.472489999999999
 31
0.0
  0
LINE
  5
456
330
17
100
AcDbEntity
  8
0
100
AcDbLine
 10
7.3261899999999995
 20
-8.472489999999999
 30
0.0
 11
7.32574
 21
-8.4726
 31
0.0
  0
LINE
  5
457
330
17
100
AcDbEntity
  8
0
100
AcDbLine
 10
7.32574
 20
-8.4726
 30
0.0
 11
7.32528
 21
-8.47266
 31
0.0
  0
LINE
  5
458
330
17
100
AcDbEntity
  8
0
100
AcDbLine
 10
7.32528
 20
-8.47266
 30
0.0
 11
7.32481
 21
-8.472669999999999
 31
0.0
  0
LINE
  5
459
330
17
100
AcDbEntity
  8
0
100
AcDbLine
 10
7.32481
 20
-8.472669999999999
 30
0.0
 11
7.32435
 21
-8.47263
 31
0.0
  0
LINE
  5
45A
330
17
100
AcDbEntity
  8
0
100
AcDbLine
 10
7.32435
 20
-8.47263
 30
0.0
 11
7.32389
 21
-8.47254
 31
0.0
  0
LINE
  5
45B
330
17
100
AcDbEntity
  8
0
100
AcDbLine
 10
7.32389
 20
-8.47254
 30
0.0
 11
7.323449999999999
 21
-8.47241
 31
0.0
  0
LINE
  5
45C
330
17
100
AcDbEntity
  8
0
100
AcDbLine
 10
7.323449999999999
 20
-8.47241
 30
0.0
 11
7.3230200000000005
 21
-8.472230000000001
 31
0.0
  0
LINE
  5
45D
330
17
100
AcDbEntity
  8
0
100
AcDbLine
 10
7.3230200000000005
 20
-8.472230000000001
 30
0.0
 11
7.32261
 21
-8.472
 31
0.0
  0
LINE
  5
45E
330
17
100
AcDbEntity
  8
0
100
AcDbLine
 10
7.32261
 20
-8.472
 30
0.0
 11
7.32223
 21
-8.47174
 31
0.0
  0
LINE
  5
45F
330
17
100
AcDbEntity
  8
0
100
AcDbLine
 10
7.32223
 20
-8.47174
 30
0.0
 11
7.32188
 21
-8.47143
 31
0.0
  0
LINE
  5
460
330
17
100
AcDbEntity
  8
0
100
AcDbLine
 10
7.32188
 20
-8.47143
 30
0.0
 11
7.321560000000001
 21
-8.47109
 31
0.0
  0
LINE
  5
461
330
17
100
AcDbEntity
  8
0
100
AcDbLine
 10
7.321560000000001
 20
-8.47109
 30
0.0
 11
7.32129
 21
-8.47072
 31
0.0
  0
LINE
  5
462
330
17
100
AcDbEntity
  8
0
100
AcDbLine
 10
7.32129
 20
-8.47072
 30
0.0
 11
7.3142
 21
-8.45919
 31
0.0
  0
LINE
  5
463
330
17
100
AcDbEntity
  8
0
100
AcDbLine
 10
7.3142
 20
-8.45919
 30
0.0
 11
7.30799
 21
-8.44716
 31
0.0
  0
LINE
  5
464
330
17
100
AcDbEntity
  8
0
100
AcDbLine
 10
7.30799
 20
-8.44716
 30
0.0
 11
7.302720000000001
 21
-8.4347
 31
0.0
  0
LINE
  5
465
330
17
100
AcDbEntity
  8
0
100
AcDbLine
 10
7.302720000000001
 20
-8.4347
 30
0.0
 11
7.23769
 21
-8.26196
 31
0.0
  0
LINE
  5
466
330
17
100
AcDbEntity
  8
0
100
AcDbLine
 10
7.23769
 20
-8.26196
 30
0.0
 11
7.119140000000001
 21
-7.975080000000001
 31
0.0
  0
LINE
  5
467
330
17
100
AcDbEntity
  8
0
100
AcDbLine
 10
7.119140000000001
 20
-7.975080000000001
 30
0.0
 11
6.980980000000001
 21
-7.6971
 31
0.0
  0
LINE
  5
468
330
17
100
AcDbEntity
  8
0
100
AcDbLine
 10
6.980980000000001
 20
-7.6971
 30
0.0
 11
6.89386
 21
-7.55082
 31
0.0
  0
LINE
  5
469
330
17
100
AcDbEntity
  8
0
100
AcDbLine
 10
6.89386
 20
-7.55082
 30
0.0
 11
6.79498
 21
-7.4121999999999995
 31
0.0
  0
LINE
  5
46A
330
17
100
AcDbEntity
  8
0
100
AcDbLine
 10
6.79498
 20
-7.4121999999999995
 30
0.0
 11
6.68502
 21
-7.28221
 31
0.0
  0
LINE
  5
46B
330
17
100
AcDbEntity
  8
0
100
AcDbLine
 10
6.68502
 20
-7.28221
 30
0.0
 11
6.58387
 21
-7.18304
 31
0.0
  0
LINE
  5
46C
330
17
100
AcDbEntity
  8
0
100
AcDbLine
 10
6.58387
 20
-7.18304
 30
0.0
 11
6.47298
 21
-7.09489
 31
0.0
  0
LINE
  5
46D
330
17
100
AcDbEntity
  8
0
100
AcDbLine
 10
6.47298
 20
-7.09489
 30
0.0
 11
6.353540000000001
 21
-7.01872
 31
0.0
  0
LINE
  5
46E
330
17
100
AcDbEntity
  8
0
100
AcDbLine
 10
6.353540000000001
 20
-7.01872
 30
0.0
 11
6.26785
 21
-6.976000000000001
 31
0.0
  0
LINE
  5
46F
330
17
100
AcDbEntity
  8
0
100
AcDbLine
 10
6.26785
 20
-6.976000000000001
 30
0.0
 11
6.17812
 21
-6.9426000000000005
 31
0.0
  0
LINE
  5
470
330
17
100
AcDbEntity
  8
0
100
AcDbLine
 10
6.17812
 20
-6.9426000000000005
 30
0.0
 11
6.08535
 21
-6.91892
 31
0.0
  0
LINE
  5
471
330
17
100
AcDbEntity
  8
0
100
AcDbLine
 10
6.08535
 20
-6.91892
 30
0.0
 11
5.990589999999999
 21
-6.90522
 31
0.0
  0
LINE
  5
472
330
17
100
AcDbEntity
  8
0
100
AcDbLine
 10
5.990589999999999
 20
-6.90522
 30
0.0
 11
5.91513
 21
-6.90238
 31
0.0
  0
LINE
  5
473
330
17
100
AcDbEntity
  8
0
100
AcDbLine
 10
5.91513
 20
-6.90238
 30
0.0
 11
5.8398
 21
-6.9075
 31
0.0
  0
LINE
  5
474
330
17
100
AcDbEntity
  8
0
100
AcDbLine
 10
5.8398
 20
-6.9075
 30
0.0
 11
5.80845
 21
-6.9127
 31
0.0
  0
LINE
  5
475
330
17
100
AcDbEntity
  8
0
100
AcDbLine
 10
5.80845
 20
-6.9127
 30
0.0
 11
5.77768
 21
-6.92065
 31
0.0
  0
LINE
  5
476
330
17
100
AcDbEntity
  8
0
100
AcDbLine
 10
5.77768
 20
-6.92065
 30
0.0
 11
5.747730000000001
 21
-6.93127
 31
0.0
  0
LINE
  5
477
330
17
100
AcDbEntity
  8
0
100
AcDbLine
 10
5.747730000000001
 20
-6.93127
 30
0.0
 11
5.7188300000000005
 21
-6.94448
 31
0.0
  0
LINE
  5
478
330
17
100
AcDbEntity
  8
0
100
AcDbLine
 10
5.7188300000000005
 20
-6.94448
 30
0.0
 11
5.69157
 21
-6.96001
 31
0.0
  0
LINE
  5
479
330
17
100
AcDbEntity
  8
0
100
AcDbLine
 10
5.69157
 20
-6.96001
 30
0.0
 11
5.6658100000000005
 21
-6.97792
 31
0.0
  0
LINE
  5
47A
330
17
100
AcDbEntity
  8
0
100
AcDbLine
 10
5.6658100000000005
 20
-6.97792
 30
0.0
 11
5.64176
 21
-6.99807
 31
0.0
  0
LINE
  5
47B
330
17
100
AcDbEntity
  8
0
100
AcDbLine
 10
5.64176
 20
-6.99807
 30
0.0
 11
5.61961
 21
-7.02029
 31
0.0
  0
LINE
  5
47C
330
17
100
AcDbEntity
  8
0
100
AcDbLine
 10
5.61961
 20
-7.02029
 30
0.0
 11
5.58812
 21
-7.0576
 31
0.0
  0
LINE
  5
47D
330
17
100
AcDbEntity
  8
0
100
AcDbLine
 10
5.58812
 20
-7.0576
 30
0.0
 11
5.55954
 21
-7.09717
 31
0.0
  0
LINE
  5
47E
330
17
100
AcDbEntity
  8
0
100
AcDbLine
 10
5.55954
 20
-7.09717
 30
0.0
 11
5.53403
 21
-7.13879
 31
0.0
  0
LINE
  5
47F
330
17
100
AcDbEntity
  8
0
100
AcDbLine
 10
5.53403
 20
-7.13879
 30
0.0
 11
5.50886
 21
-7.188820000000001
 31
0.0
  0
LINE
  5
480
330
17
100
AcDbEntity
  8
0
100
AcDbLine
 10
5.50886
 20
-7.188820000000001
 30
0.0
 11
5.4884
 21
-7.240950000000001
 31
0.0
  0
LINE
  5
481
330
17
100
AcDbEntity
  8
0
100
AcDbLine
 10
5.4884
 20
-7.240950000000001
 30
0.0
 11
5.472799999999999
 21
-7.29474
 31
0.0
  0
LINE
  5
482
330
17
100
AcDbEntity
  8
0
100
AcDbLine
 10
5.472799999999999
 20
-7.29474
 30
0.0
 11
5.448899999999999
 21
-7.40752
 31
0.0
  0
LINE
  5
483
330
17
100
AcDbEntity
  8
0
100
AcDbLine
 10
5.448899999999999
 20
-7.40752
 30
0.0
 11
5.43122
 21
-7.52145
 31
0.0
  0
LINE
  5
484
330
17
100
AcDbEntity
  8
0
100
AcDbLine
 10
5.43122
 20
-7.52145
 30
0.0
 11
5.419379999999999
 21
-7.64069
 31
0.0
  0
LINE
  5
485
330
17
100
AcDbEntity
  8
0
100
AcDbLine
 10
5.419379999999999
 20
-7.64069
 30
0.0
 11
5.41411
 21
-7.7604
 31
0.0
  0
LINE
  5
486
330
17
100
AcDbEntity
  8
0
100
AcDbLine
 10
5.41411
 20
-7.7604
 30
0.0
 11
5.41718
 21
-7.8603000000000005
 31
0.0
  0
LINE
  5
487
330
17
100
AcDbEntity
  8
0
100
AcDbLine
 10
5.41718
 20
-7.8603000000000005
 30
0.0
 11
5.42963
 21
-7.95947
 31
0.0
  0
LINE
  5
488
330
17
100
AcDbEntity
  8
0
100
AcDbLine
 10
5.42963
 20
-7.95947
 30
0.0
 11
5.44097
 21
-8.029079999999999
 31
0.0
  0
LINE
  5
489
330
17
100
AcDbEntity
  8
0
100
AcDbLine
 10
5.44097
 20
-8.029079999999999
 30
0.0
 11
5.44909
 21
-8.089239999999998
 31
0.0
  0
LINE
  5
48A
330
17
100
AcDbEntity
  8
0
100
AcDbLine
 10
5.44909
 20
-8.089239999999998
 30
0.0
 11
5.4548000000000005
 21
-8.140450000000001
 31
0.0
  0
LINE
  5
48B
330
17
100
AcDbEntity
  8
0
100
AcDbLine
 10
5.4548000000000005
 20
-8.140450000000001
 30
0.0
 11
5.45486
 21
-8.141570000000002
 31
0.0
  0
LINE
  5
48C
330
17
100
AcDbEntity
  8
0
100
AcDbLine
 10
5.45486
 20
-8.141570000000002
 30
0.0
 11
5.45479
 21
-8.14269
 31
0.0
  0
LINE
  5
48D
330
17
100
AcDbEntity
  8
0
100
AcDbLine
 10
5.45479
 20
-8.14269
 30
0.0
 11
5.454610000000001
 21
-8.143799999999999
 31
0.0
  0
LINE
  5
48E
330
17
100
AcDbEntity
  8
0
100
AcDbLine
 10
5.454610000000001
 20
-8.143799999999999
 30
0.0
 11
5.45431
 21
-8.14488
 31
0.0
  0
LINE
  5
48F
330
17
100
AcDbEntity
  8
0
100
AcDbLine
 10
5.45431
 20
-8.14488
 30
0.0
 11
5.45389
 21
-8.145919999999998
 31
0.0
  0
LINE
  5
490
330
17
100
AcDbEntity
  8
0
100
AcDbLine
 10
5.45389
 20
-8.145919999999998
 30
0.0
 11
5.45336
 21
-8.14691
 31
0.0
  0
LINE
  5
491
330
17
100
AcDbEntity
  8
0
100
AcDbLine
 10
5.45336
 20
-8.14691
 30
0.0
 11
5.45273
 21
-8.14784
 31
0.0
  0
LINE
  5
492
330
17
100
AcDbEntity
  8
0
100
AcDbLine
 10
5.45273
 20
-8.14784
 30
0.0
 11
5.4520100000000005
 21
-8.1487
 31
0.0
  0
LINE
  5
493
330
17
100
AcDbEntity
  8
0
100
AcDbLine
 10
5.4520100000000005
 20
-8.1487
 30
0.0
 11
5.45177
 21
-8.14893
 31
0.0
  0
LINE
  5
494
330
17
100
AcDbEntity
  8
0
100
AcDbLine
 10
5.45177
 20
-8.14893
 30
0.0
 11
5.45151
 21
-8.14912
 31
0.0
  0
LINE
  5
495
330
17
100
AcDbEntity
  8
0
100
AcDbLine
 10
5.45151
 20
-8.14912
 30
0.0
 11
5.45123
 21
-8.1493
 31
0.0
  0
LINE
  5
496
330
17
100
AcDbEntity
  8
0
100
AcDbLine
 10
5.45123
 20
-8.1493
 30
0.0
 11
5.450939999999999
 21
-8.14944
 31
0.0
  0
LINE
  5
497
330
17
100
AcDbEntity
  8
0
100
AcDbLine
 10
5.450939999999999
 20
-8.14944
 30
0.0
 11
5.450629999999999
 21
-8.14955
 31
0.0
  0
LINE
  5
498
330
17
100
AcDbEntity
  8
0
100
AcDbLine
 10
5.450629999999999
 20
-8.14955
 30
0.0
 11
5.45031
 21
-8.14963
 31
0.0
  0
LINE
  5
499
330
17
100
AcDbEntity
  8
0
100
AcDbLine
 10
5.45031
 20
-8.14963
 30
0.0
 11
5.44999
 21
-8.149669999999999
 31
0.0
  0
LINE
  5
49A
330
17
100
AcDbEntity
  8
0
100
AcDbLine
 10
5.44999
 20
-8.149669999999999
 30
0.0
 11
5.449660000000001
 21
-8.14968
 31
0.0
  0
LINE
  5
49B
330
17
100
AcDbEntity
  8
0
100
AcDbLine
 10
5.449660000000001
 20
-8.14968
 30
0.0
 11
5.44934
 21
-8.149659999999999
 31
0.0
  0
LINE
  5
49C
330
17
100
AcDbEntity
  8
0
100
AcDbLine
 10
5.44934
 20
-8.149659999999999
 30
0.0
 11
5.4490099999999995
 21
-8.1496
 31
0.0
  0
LINE
  5
49D
330
17
100
AcDbEntity
  8
0
100
AcDbLine
 10
5.4490099999999995
 20
-8.1496
 30
0.0
 11
5.4487
 21
-8.149510000000001
 31
0.0
  0
LINE
  5
49E
330
17
100
AcDbEntity
  8
0
100
AcDbLine
 10
5.4487
 20
-8.149510000000001
 30
0.0
 11
5.4484
 21
-8.149379999999999
 31
0.0
  0
LINE
  5
49F
330
17
100
AcDbEntity
  8
0
100
AcDbLine
 10
5.4484
 20
-8.149379999999999
 30
0.0
 11
5.44811
 21
-8.149230000000001
 31
0.0
  0
LINE
  5
4A0
330
17
100
AcDbEntity
  8
0
100
AcDbLine
 10
5.44811
 20
-8.149230000000001
 30
0.0
 11
5.44784
 21
-8.14904
 31
0.0
  0
LINE
  5
4A1
330
17
100
AcDbEntity
  8
0
100
AcDbLine
 10
5.44784
 20
-8.14904
 30
0.0
 11
5.447590000000001
 21
-8.148829999999998
 31
0.0
  0
LINE
  5
4A2
330
17
100
AcDbEntity
  8
0
100
AcDbLine
 10
5.447590000000001
 20
-8.148829999999998
 30
0.0
 11
5.44736
 21
-8.1486
 31
0.0
  0
LINE
  5
4A3
330
17
100
AcDbEntity
  8
0
100
AcDbLine
 10
5.44736
 20
-8.1486
 30
0.0
 11
5.44716
 21
-8.148340000000001
 31
0.0
  0
LINE
  5
4A4
330
17
100
AcDbEntity
  8
0
100
AcDbLine
 10
5.44716
 20
-8.148340000000001
 30
0.0
 11
5.4469899999999996
 21
-8.148060000000001
 31
0.0
  0
LINE
  5
4A5
330
17
100
AcDbEntity
  8
0
100
AcDbLine
 10
5.4469899999999996
 20
-8.148060000000001
 30
0.0
 11
5.4468499999999995
 21
-8.14776
 31
0.0
  0
LINE
  5
4A6
330
17
100
AcDbEntity
  8
0
100
AcDbLine
 10
5.4468499999999995
 20
-8.14776
 30
0.0
 11
5.426740000000001
 21
-8.09905
 31
0.0
  0
LINE
  5
4A7
330
17
100
AcDbEntity
  8
0
100
AcDbLine
 10
5.426740000000001
 20
-8.09905
 30
0.0
 11
5.40389
 21
-8.03932
 31
0.0
  0
LINE
  5
4A8
330
17
100
AcDbEntity
  8
0
100
AcDbLine
 10
5.40389
 20
-8.03932
 30
0.0
 11
5.37844
 21
-7.9665099999999995
 31
0.0
  0
LINE
  5
4A9
330
17
100
AcDbEntity
  8
0
100
AcDbLine
 10
5.37844
 20
-7.9665099999999995
 30
0.0
 11
5.33959
 21
-7.86274
 31
0.0
  0
LINE
  5
4AA
330
17
100
AcDbEntity
  8
0
100
AcDbLine
 10
5.33959
 20
-7.86274
 30
0.0
 11
5.29406
 21
-7.76171
 31
0.0
  0
LINE
  5
4AB
330
17
100
AcDbEntity
  8
0
100
AcDbLine
 10
5.29406
 20
-7.76171
 30
0.0
 11
5.1752899999999995
 21
-7.54612
 31
0.0
  0
LINE
  5
4AC
330
17
100
AcDbEntity
  8
0
100
AcDbLine
 10
5.1752899999999995
 20
-7.54612
 30
0.0
 11
5.03903
 21
-7.3466
 31
0.0
  0
LINE
  5
4AD
330
17
100
AcDbEntity
  8
0
100
AcDbLine
 10
5.03903
 20
-7.3466
 30
0.0
 11
4.97335
 21
-7.26621
 31
0.0
  0
LINE
  5
4AE
330
17
100
AcDbEntity
  8
0
100
AcDbLine
 10
4.97335
 20
-7.26621
 30
0.0
 11
4.901789999999999
 21
-7.19101
 31
0.0
  0
LINE
  5
4AF
330
17
100
AcDbEntity
  8
0
100
AcDbLine
 10
4.901789999999999
 20
-7.19101
 30
0.0
 11
4.82221
 21
-7.11925
 31
0.0
  0
LINE
  5
4B0
330
17
100
AcDbEntity
  8
0
100
AcDbLine
 10
4.82221
 20
-7.11925
 30
0.0
 11
4.73733
 21
-7.053850000000001
 31
0.0
  0
LINE
  5
4B1
330
17
100
AcDbEntity
  8
0
100
AcDbLine
 10
4.73733
 20
-7.053850000000001
 30
0.0
 11
4.65546
 21
-7.001860000000001
 31
0.0
  0
LINE
  5
4B2
330
17
100
AcDbEntity
  8
0
100
AcDbLine
 10
4.65546
 20
-7.001860000000001
 30
0.0
 11
4.56863
 21
-6.95867
 31
0.0
  0
LINE
  5
4B3
330
17
100
AcDbEntity
  8
0
100
AcDbLine
 10
4.56863
 20
-6.95867
 30
0.0
 11
4.48056
 21
-6.92597
 31
0.0
  0
LINE
  5
4B4
330
17
100
AcDbEntity
  8
0
100
AcDbLine
 10
4.48056
 20
-6.92597
 30
0.0
 11
4.389460000000001
 21
-6.9030000000000005
 31
0.0
  0
LINE
  5
4B5
330
17
100
AcDbEntity
  8
0
100
AcDbLine
 10
4.389460000000001
 20
-6.9030000000000005
 30
0.0
 11
4.29214
 21
-6.88872
 31
0.0
  0
LINE
  5
4B6
330
17
100
AcDbEntity
  8
0
100
AcDbLine
 10
4.29214
 20
-6.88872
 30
0.0
 11
4.1939
 21
-6.88368
 31
0.0
  0
LINE
  5
4B7
330
17
100
AcDbEntity
  8
0
100
AcDbLine
 10
4.1939
 20
-6.88368
 30
0.0
 11
4.10744
 21
-6.886340000000001
 31
0.0
  0
LINE
  5
4B8
330
17
100
AcDbEntity
  8
0
100
AcDbLine
 10
4.10744
 20
-6.886340000000001
 30
0.0
 11
4.02138
 21
-6.8950000000000005
 31
0.0
  0
LINE
  5
4B9
330
17
100
AcDbEntity
  8
0
100
AcDbLine
 10
4.02138
 20
-6.8950000000000005
 30
0.0
 11
3.97746
 21
-6.90319
 31
0.0
  0
LINE
  5
4BA
330
17
100
AcDbEntity
  8
0
100
AcDbLine
 10
3.97746
 20
-6.90319
 30
0.0
 11
3.93455
 21
-6.915649999999999
 31
0.0
  0
LINE
  5
4BB
330
17
100
AcDbEntity
  8
0
100
AcDbLine
 10
3.93455
 20
-6.915649999999999
 30
0.0
 11
3.8930700000000003
 21
-6.93225
 31
0.0
  0
LINE
  5
4BC
330
17
100
AcDbEntity
  8
0
100
AcDbLine
 10
3.8930700000000003
 20
-6.93225
 30
0.0
 11
3.85563
 21
-6.951910000000001
 31
0.0
  0
LINE
  5
4BD
330
17
100
AcDbEntity
  8
0
100
AcDbLine
 10
3.85563
 20
-6.951910000000001
 30
0.0
 11
3.8205
 21
-6.97545
 31
0.0
  0
LINE
  5
4BE
330
17
100
AcDbEntity
  8
0
100
AcDbLine
 10
3.8205
 20
-6.97545
 30
0.0
 11
3.78809
 21
-7.002610000000001
 31
0.0
  0
LINE
  5
4BF
330
17
100
AcDbEntity
  8
0
100
AcDbLine
 10
3.78809
 20
-7.002610000000001
 30
0.0
 11
3.73558
 21
-7.05659
 31
0.0
  0
LINE
  5
4C0
330
17
100
AcDbEntity
  8
0
100
AcDbLine
 10
3.73558
 20
-7.05659
 30
0.0
 11
3.68851
 21
-7.11538
 31
0.0
  0
LINE
  5
4C1
330
17
100
AcDbEntity
  8
0
100
AcDbLine
 10
3.68851
 20
-7.11538
 30
0.0
 11
3.6365
 21
-7.1956
 31
0.0
  0
LINE
  5
4C2
330
17
100
AcDbEntity
  8
0
100
AcDbLine
 10
3.6365
 20
-7.1956
 30
0.0
 11
3.59305
 21
-7.28076
 31
0.0
  0
LINE
  5
4C3
330
17
100
AcDbEntity
  8
0
100
AcDbLine
 10
3.59305
 20
-7.28076
 30
0.0
 11
3.55849
 21
-7.37017
 31
0.0
  0
LINE
  5
4C4
330
17
100
AcDbEntity
  8
0
100
AcDbLine
 10
3.55849
 20
-7.37017
 30
0.0
 11
3.53327
 21
-7.46265
 31
0.0
  0
LINE
  5
4C5
330
17
100
AcDbEntity
  8
0
100
AcDbLine
 10
3.53327
 20
-7.46265
 30
0.0
 11
3.51286
 21
-7.57736
 31
0.0
  0
LINE
  5
4C6
330
17
100
AcDbEntity
  8
0
100
AcDbLine
 10
3.51286
 20
-7.57736
 30
0.0
 11
3.5014
 21
-7.6933
 31
0.0
  0
LINE
  5
4C7
330
17
100
AcDbEntity
  8
0
100
AcDbLine
 10
3.5014
 20
-7.6933
 30
0.0
 11
3.49176
 21
-8.0166
 31
0.0
  0
LINE
  5
4C8
330
17
100
AcDbEntity
  8
0
100
AcDbLine
 10
3.49176
 20
-8.0166
 30
0.0
 11
3.50339
 21
-8.3471
 31
0.0
  0
LINE
  5
4C9
330
17
100
AcDbEntity
  8
0
100
AcDbLine
 10
3.50339
 20
-8.3471
 30
0.0
 11
3.53832
 21
-8.65311
 31
0.0
  0
LINE
  5
4CA
330
17
100
AcDbEntity
  8
0
100
AcDbLine
 10
3.53832
 20
-8.65311
 30
0.0
 11
3.5426300000000004
 21
-8.67623
 31
0.0
  0
LINE
  5
4CB
330
17
100
AcDbEntity
  8
0
100
AcDbLine
 10
3.5426300000000004
 20
-8.67623
 30
0.0
 11
3.61204
 21
-9.048179999999999
 31
0.0
  0
LINE
  5
4CC
330
17
100
AcDbEntity
  8
0
100
AcDbLine
 10
3.61204
 20
-9.048179999999999
 30
0.0
 11
3.62277
 21
-9.09665
 31
0.0
  0
LINE
  5
4CD
330
17
100
AcDbEntity
  8
0
100
AcDbLine
 10
3.62277
 20
-9.09665
 30
0.0
 11
3.76341
 21
-9.73226
 31
0.0
  0
LINE
  5
4CE
330
17
100
AcDbEntity
  8
0
100
AcDbLine
 10
3.76341
 20
-9.73226
 30
0.0
 11
3.83792
 21
-10.07395
 31
0.0
  0
LINE
  5
4CF
330
17
100
AcDbEntity
  8
0
100
AcDbLine
 10
3.83792
 20
-10.07395
 30
0.0
 11
3.85374
 21
-10.16188
 31
0.0
  0
LINE
  5
4D0
330
17
100
AcDbEntity
  8
0
100
AcDbLine
 10
3.85374
 20
-10.16188
 30
0.0
 11
3.86464
 21
-10.25056
 31
0.0
  0
LINE
  5
4D1
330
17
100
AcDbEntity
  8
0
100
AcDbLine
 10
3.86464
 20
-10.25056
 30
0.0
 11
3.8666899999999997
 21
-10.287239999999999
 31
0.0
  0
LINE
  5
4D2
330
17
100
AcDbEntity
  8
0
100
AcDbLine
 10
3.8666899999999997
 20
-10.287239999999999
 30
0.0
 11
3.8658799999999998
 21
-10.32396
 31
0.0
  0
LINE
  5
4D3
330
17
100
AcDbEntity
  8
0
100
AcDbLine
 10
3.8658799999999998
 20
-10.32396
 30
0.0
 11
3.8622199999999998
 21
-10.36052
 31
0.0
  0
LINE
  5
4D4
330
17
100
AcDbEntity
  8
0
100
AcDbLine
 10
3.8622199999999998
 20
-10.36052
 30
0.0
 11
3.85902
 21
-10.377310000000001
 31
0.0
  0
LINE
  5
4D5
330
17
100
AcDbEntity
  8
0
100
AcDbLine
 10
3.85902
 20
-10.377310000000001
 30
0.0
 11
3.8542
 21
-10.3937
 31
0.0
  0
LINE
  5
4D6
330
17
100
AcDbEntity
  8
0
100
AcDbLine
 10
3.8542
 20
-10.3937
 30
0.0
 11
3.8477799999999998
 21
-10.40954
 31
0.0
  0
LINE
  5
4D7
330
17
100
AcDbEntity
  8
0
100
AcDbLine
 10
3.8477799999999998
 20
-10.40954
 30
0.0
 11
3.8398299999999996
 21
-10.42467
 31
0.0
  0
LINE
  5
4D8
330
17
100
AcDbEntity
  8
0
100
AcDbLine
 10
3.8398299999999996
 20
-10.42467
 30
0.0
 11
3.83044
 21
-10.43894
 31
0.0
  0
LINE
  5
4D9
330
17
100
AcDbEntity
  8
0
100
AcDbLine
 10
3.83044
 20
-10.43894
 30
0.0
 11
3.82415
 21
-10.44672
 31
0.0
  0
LINE
  5
4DA
330
17
100
AcDbEntity
  8
0
100
AcDbLine
 10
3.82415
 20
-10.44672
 30
0.0
 11
3.81713
 21
-10.453850000000001
 31
0.0
  0
LINE
  5
4DB
330
17
100
AcDbEntity
  8
0
100
AcDbLine
 10
3.81713
 20
-10.453850000000001
 30
0.0
 11
3.80945
 21
-10.46026
 31
0.0
  0
LINE
  5
4DC
330
17
100
AcDbEntity
  8
0
100
AcDbLine
 10
3.80945
 20
-10.46026
 30
0.0
 11
3.80119
 21
-10.46589
 31
0.0
  0
LINE
  5
4DD
330
17
100
AcDbEntity
  8
0
100
AcDbLine
 10
3.80119
 20
-10.46589
 30
0.0
 11
3.79242
 21
-10.470699999999999
 31
0.0
  0
LINE
  5
4DE
330
17
100
AcDbEntity
  8
0
100
AcDbLine
 10
3.79242
 20
-10.470699999999999
 30
0.0
 11
3.78322
 21
-10.474630000000001
 31
0.0
  0
LINE
  5
4DF
330
17
100
AcDbEntity
  8
0
100
AcDbLine
 10
3.78322
 20
-10.474630000000001
 30
0.0
 11
3.77368
 21
-10.47764
 31
0.0
  0
LINE
  5
4E0
330
17
100
AcDbEntity
  8
0
100
AcDbLine
 10
3.77368
 20
-10.47764
 30
0.0
 11
3.7638900000000004
 21
-10.47972
 31
0.0
  0
LINE
  5
4E1
330
17
100
AcDbEntity
  8
0
100
AcDbLine
 10
3.7638900000000004
 20
-10.47972
 30
0.0
 11
3.73728
 21
-10.48288
 31
0.0
  0
LINE
  5
4E2
330
17
100
AcDbEntity
  8
0
100
AcDbLine
 10
3.73728
 20
-10.48288
 30
0.0
 11
3.7104999999999997
 21
-10.48383
 31
0.0
  0
LINE
  5
4E3
330
17
100
AcDbEntity
  8
0
100
AcDbLine
 10
3.7104999999999997
 20
-10.48383
 30
0.0
 11
3.68373
 21
-10.48255
 31
0.0
  0
LINE
  5
4E4
330
17
100
AcDbEntity
  8
0
100
AcDbLine
 10
3.68373
 20
-10.48255
 30
0.0
 11
3.65716
 21
-10.47905
 31
0.0
  0
LINE
  5
4E5
330
17
100
AcDbEntity
  8
0
100
AcDbLine
 10
3.65716
 20
-10.47905
 30
0.0
 11
3.61464
 21
-10.46965
 31
0.0
  0
LINE
  5
4E6
330
17
100
AcDbEntity
  8
0
100
AcDbLine
 10
3.61464
 20
-10.46965
 30
0.0
 11
3.57314
 21
-10.45646
 31
0.0
  0
LINE
  5
4E7
330
17
100
AcDbEntity
  8
0
100
AcDbLine
 10
3.57314
 20
-10.45646
 30
0.0
 11
3.5329900000000003
 21
-10.4396
 31
0.0
  0
LINE
  5
4E8
330
17
100
AcDbEntity
  8
0
100
AcDbLine
 10
3.5329900000000003
 20
-10.4396
 30
0.0
 11
3.49207
 21
-10.41827
 31
0.0
  0
LINE
  5
4E9
330
17
100
AcDbEntity
  8
0
100
AcDbLine
 10
3.49207
 20
-10.41827
 30
0.0
 11
3.4528800000000004
 21
-10.393899999999999
 31
0.0
  0
LINE
  5
4EA
330
17
100
AcDbEntity
  8
0
100
AcDbLine
 10
3.4528800000000004
 20
-10.393899999999999
 30
0.0
 11
3.4156500000000003
 21
-10.36664
 31
0.0
  0
LINE
  5
4EB
330
17
100
AcDbEntity
  8
0
100
AcDbLine
 10
3.4156500000000003
 20
-10.36664
 30
0.0
 11
3.35365
 21
-10.311839999999998
 31
0.0
  0
LINE
  5
4EC
330
17
100
AcDbEntity
  8
0
100
AcDbLine
 10
3.35365
 20
-10.311839999999998
 30
0.0
 11
3.3395400000000004
 21
-10.29673
 31
0.0
  0
LINE
  5
4ED
330
17
100
AcDbEntity
  8
0
100
AcDbLine
 10
3.3395400000000004
 20
-10.29673
 30
0.0
 11
3.32674
 21
-10.28049
 31
0.0
  0
LINE
  5
4EE
330
17
100
AcDbEntity
  8
0
100
AcDbLine
 10
3.32674
 20
-10.28049
 30
0.0
 11
3.31535
 21
-10.26325
 31
0.0
  0
LINE
  5
4EF
330
17
100
AcDbEntity
  8
0
100
AcDbLine
 10
3.31535
 20
-10.26325
 30
0.0
 11
3.3057600000000003
 21
-10.245610000000001
 31
0.0
  0
LINE
  5
4F0
330
17
100
AcDbEntity
  8
0
100
AcDbLine
 10
3.3057600000000003
 20
-10.245610000000001
 30
0.0
 11
3.29776
 21
-10.227210000000001
 31
0.0
  0
LINE
  5
4F1
330
17
100
AcDbEntity
  8
0
100
AcDbLine
 10
3.29776
 20
-10.227210000000001
 30
0.0
 11
3.2914
 21
-10.20817
 31
0.0
  0
LINE
  5
4F2
330
17
100
AcDbEntity
  8
0
100
AcDbLine
 10
3.2914
 20
-10.20817
 30
0.0
 11
3.28207
 21
-10.171
 31
0.0
  0
LINE
  5
4F3
330
17
100
AcDbEntity
  8
0
100
AcDbLine
 10
3.28207
 20
-10.171
 30
0.0
 11
3.27516
 21
-10.133289999999999
 31
0.0
  0
LINE
  5
4F4
330
17
100
AcDbEntity
  8
0
100
AcDbLine
 10
3.27516
 20
-10.133289999999999
 30
0.0
 11
3.26219
 21
-10.065330000000001
 31
0.0
  0
LINE
  5
4F5
330
17
100
AcDbEntity
  8
0
100
AcDbLine
 10
3.26219
 20
-10.065330000000001
 30
0.0
 11
3.23908
 21
-9.9725
 31
0.0
  0
LINE
  5
4F6
330
17
100
AcDbEntity
  8
0
100
AcDbLine
 10
3.23908
 20
-9.9725
 30
0.0
 11
3.21093
 21
-9.87265
 31
0.0
  0
LINE
  5
4F7
330
17
100
AcDbEntity
  8
0
100
AcDbLine
 10
3.21093
 20
-9.87265
 30
0.0
 11
3.1814899999999997
 21
-9.78044
 31
0.0
  0
LINE
  5
4F8
330
17
100
AcDbEntity
  8
0
100
AcDbLine
 10
3.1814899999999997
 20
-9.78044
 30
0.0
 11
3.08764
 21
-9.54525
 31
0.0
  0
LINE
  5
4F9
330
17
100
AcDbEntity
  8
0
100
AcDbLine
 10
3.08764
 20
-9.54525
 30
0.0
 11
2.96994
 21
-9.321029999999999
 31
0.0
  0
LINE
  5
4FA
330
17
100
AcDbEntity
  8
0
100
AcDbLine
 10
2.96994
 20
-9.321029999999999
 30
0.0
 11
2.8838000000000004
 21
-9.18886
 31
0.0
  0
LINE
  5
4FB
330
17
100
AcDbEntity
  8
0
100
AcDbLine
 10
2.8838000000000004
 20
-9.18886
 30
0.0
 11
2.8119
 21
-9.09665
 31
0.0
  0
LINE
  5
4FC
330
17
100
AcDbEntity
  8
0
100
AcDbLine
 10
2.8119
 20
-9.09665
 30
0.0
 11
2.78679
 21
-9.06445
 31
0.0
  0
LINE
  5
4FD
330
17
100
AcDbEntity
  8
0
100
AcDbLine
 10
2.78679
 20
-9.06445
 30
0.0
 11
2.67959
 21
-8.948690000000001
 31
0.0
  0
LINE
  5
4FE
330
17
100
AcDbEntity
  8
0
100
AcDbLine
 10
2.67959
 20
-8.948690000000001
 30
0.0
 11
2.57451
 21
-8.85395
 31
0.0
  0
LINE
  5
4FF
330
17
100
AcDbEntity
  8
0
100
AcDbLine
 10
2.57451
 20
-8.85395
 30
0.0
 11
2.46087
 21
-8.76966
 31
0.0
  0
LINE
  5
500
330
17
100
AcDbEntity
  8
0
100
AcDbLine
 10
2.46087
 20
-8.76966
 30
0.0
 11
2.33971
 21
-8.6966
 31
0.0
  0
LINE
  5
501
330
17
100
AcDbEntity
  8
0
100
AcDbLine
 10
2.33971
 20
-8.6966
 30
0.0
 11
2.29681
 21
-8.67623
 31
0.0
  0
LINE
  5
502
330
17
100
AcDbEntity
  8
0
100
AcDbLine
 10
2.29681
 20
-8.67623
 30
0.0
 11
2.2548500000000002
 21
-8.6563
 31
0.0
  0
LINE
  5
503
330
17
100
AcDbEntity
  8
0
100
AcDbLine
 10
2.2548500000000002
 20
-8.6563
 30
0.0
 11
2.1663
 21
-8.624939999999999
 31
0.0
  0
LINE
  5
504
330
17
100
AcDbEntity
  8
0
100
AcDbLine
 10
2.1663
 20
-8.624939999999999
 30
0.0
 11
2.07499
 21
-8.60286
 31
0.0
  0
LINE
  5
505
330
17
100
AcDbEntity
  8
0
100
AcDbLine
 10
2.07499
 20
-8.60286
 30
0.0
 11
1.98189
 21
-8.59028
 31
0.0
  0
LINE
  5
506
330
17
100
AcDbEntity
  8
0
100
AcDbLine
 10
1.98189
 20
-8.59028
 30
0.0
 11
1.88684
 21
-8.58615
 31
0.0
  0
LINE
  5
507
330
17
100
AcDbEntity
  8
0
100
AcDbLine
 10
1.88684
 20
-8.58615
 30
0.0
 11
1.87292
 21
-8.586709999999998
 31
0.0
  0
LINE
  5
508
330
17
100
AcDbEntity
  8
0
100
AcDbLine
 10
1.87292
 20
-8.586709999999998
 30
0.0
 11
1.8591
 21
-8.5885
 31
0.0
  0
LINE
  5
509
330
17
100
AcDbEntity
  8
0
100
AcDbLine
 10
1.8591
 20
-8.5885
 30
0.0
 11
1.8455
 21
-8.5915
 31
0.0
  0
LINE
  5
50A
330
17
100
AcDbEntity
  8
0
100
AcDbLine
 10
1.8455
 20
-8.5915
 30
0.0
 11
1.83221
 21
-8.59568
 31
0.0
  0
LINE
  5
50B
330
17
100
AcDbEntity
  8
0
100
AcDbLine
 10
1.83221
 20
-8.59568
 30
0.0
 11
1.8193899999999998
 21
-8.601009999999999
 31
0.0
  0
LINE
  5
50C
330
17
100
AcDbEntity
  8
0
100
AcDbLine
 10
1.8193899999999998
 20
-8.601009999999999
 30
0.0
 11
1.80708
 21
-8.607460000000001
 31
0.0
  0
LINE
  5
50D
330
17
100
AcDbEntity
  8
0
100
AcDbLine
 10
1.80708
 20
-8.607460000000001
 30
0.0
 11
1.7953999999999999
 21
-8.61498
 31
0.0
  0
LINE
  5
50E
330
17
100
AcDbEntity
  8
0
100
AcDbLine
 10
1.7953999999999999
 20
-8.61498
 30
0.0
 11
1.78443
 21
-8.6235
 31
0.0
  0
LINE
  5
50F
330
17
100
AcDbEntity
  8
0
100
AcDbLine
 10
1.78443
 20
-8.6235
 30
0.0
 11
1.7272800000000001
 21
-8.67623
 31
0.0
  0
LINE
  5
510
330
17
100
AcDbEntity
  8
0
100
AcDbLine
 10
1.7272800000000001
 20
-8.67623
 30
0.0
 11
1.71508
 21
-8.68749
 31
0.0
  0
LINE
  5
511
330
17
100
AcDbEntity
  8
0
100
AcDbLine
 10
1.71508
 20
-8.68749
 30
0.0
 11
1.64853
 21
-8.74854
 31
0.0
  0
LINE
  5
512
330
17
100
AcDbEntity
  8
0
100
AcDbLine
 10
1.64853
 20
-8.74854
 30
0.0
 11
1.63322
 21
-8.76013
 31
0.0
  0
LINE
  5
513
330
17
100
AcDbEntity
  8
0
100
AcDbLine
 10
1.63322
 20
-8.76013
 30
0.0
 11
1.6168
 21
-8.77008
 31
0.0
  0
LINE
  5
514
330
17
100
AcDbEntity
  8
0
100
AcDbLine
 10
1.6168
 20
-8.77008
 30
0.0
 11
1.59944
 21
-8.778279999999999
 31
0.0
  0
LINE
  5
515
330
17
100
AcDbEntity
  8
0
100
AcDbLine
 10
1.59944
 20
-8.778279999999999
 30
0.0
 11
1.58631
 21
-8.78306
 31
0.0
  0
LINE
  5
516
330
17
100
AcDbEntity
  8
0
100
AcDbLine
 10
1.58631
 20
-8.78306
 30
0.0
 11
1.5728300000000002
 21
-8.78674
 31
0.0
  0
LINE
  5
517
330
17
100
AcDbEntity
  8
0
100
AcDbLine
 10
1.5728300000000002
 20
-8.78674
 30
0.0
 11
1.5591
 21
-8.78931
 31
0.0
  0
LINE
  5
518
330
17
100
AcDbEntity
  8
0
100
AcDbLine
 10
1.5591
 20
-8.78931
 30
0.0
 11
1.54521
 21
-8.79074
 31
0.0
  0
LINE
  5
519
330
17
100
AcDbEntity
  8
0
100
AcDbLine
 10
1.54521
 20
-8.79074
 30
0.0
 11
1.4621
 21
-8.79148
 31
0.0
  0
LINE
  5
51A
330
17
100
AcDbEntity
  8
0
100
AcDbLine
 10
1.4621
 20
-8.79148
 30
0.0
 11
1.4361599999999999
 21
-8.79166
 31
0.0
  0
LINE
  5
51B
330
17
100
AcDbEntity
  8
0
100
AcDbLine
 10
1.4361599999999999
 20
-8.79166
 30
0.0
 11
1.41037
 21
-8.79442
 31
0.0
  0
LINE
  5
51C
330
17
100
AcDbEntity
  8
0
100
AcDbLine
 10
1.41037
 20
-8.79442
 30
0.0
 11
1.38498
 21
-8.799760000000001
 31
0.0
  0
LINE
  5
51D
330
17
100
AcDbEntity
  8
0
100
AcDbLine
 10
1.38498
 20
-8.799760000000001
 30
0.0
 11
1.36026
 21
-8.80761
 31
0.0
  0
LINE
  5
51E
330
17
100
AcDbEntity
  8
0
100
AcDbLine
 10
1.36026
 20
-8.80761
 30
0.0
 11
1.3364399999999999
 21
-8.8179
 31
0.0
  0
LINE
  5
51F
330
17
100
AcDbEntity
  8
0
100
AcDbLine
 10
1.3364399999999999
 20
-8.8179
 30
0.0
 11
1.3137800000000002
 21
-8.83052
 31
0.0
  0
LINE
  5
520
330
17
100
AcDbEntity
  8
0
100
AcDbLine
 10
1.3137800000000002
 20
-8.83052
 30
0.0
 11
1.29975
 21
-8.84038
 31
0.0
  0
LINE
  5
521
330
17
100
AcDbEntity
  8
0
100
AcDbLine
 10
1.29975
 20
-8.84038
 30
0.0
 11
1.2868700000000002
 21
-8.85171
 31
0.0
  0
LINE
  5
522
330
17
100
AcDbEntity
  8
0
100
AcDbLine
 10
1.2868700000000002
 20
-8.85171
 30
0.0
 11
1.27531
 21
-8.86436
 31
0.0
  0
LINE
  5
523
330
17
100
AcDbEntity
  8
0
100
AcDbLine
 10
1.27531
 20
-8.86436
 30
0.0
 11
1.26518
 21
-8.87821
 31
0.0
  0
LINE
  5
524
330
17
100
AcDbEntity
  8
0
100
AcDbLine
 10
1.26518
 20
-8.87821
 30
0.0
 11
1.2566199999999998
 21
-8.89307
 31
0.0
  0
LINE
  5
525
330
17
100
AcDbEntity
  8
0
100
AcDbLine
 10
1.2566199999999998
 20
-8.89307
 30
0.0
 11
1.2497299999999998
 21
-8.90877
 31
0.0
  0
LINE
  5
526
330
17
100
AcDbEntity
  8
0
100
AcDbLine
 10
1.2497299999999998
 20
-8.90877
 30
0.0
 11
1.24459
 21
-8.92513
 31
0.0
  0
LINE
  5
527
330
17
100
AcDbEntity
  8
0
100
AcDbLine
 10
1.24459
 20
-8.92513
 30
0.0
 11
1.24125
 21
-8.94195
 31
0.0
  0
LINE
  5
528
330
17
100
AcDbEntity
  8
0
100
AcDbLine
 10
1.24125
 20
-8.94195
 30
0.0
 11
1.23368
 21
-9.021899999999999
 31
0.0
  0
LINE
  5
529
330
17
100
AcDbEntity
  8
0
100
AcDbLine
 10
1.23368
 20
-9.021899999999999
 30
0.0
 11
1.23365
 21
-9.09665
 31
0.0
  0
LINE
  5
52A
330
17
100
AcDbEntity
  8
0
100
AcDbLine
 10
1.23365
 20
-9.09665
 30
0.0
 11
1.23365
 21
-9.1022
 31
0.0
  0
LINE
  5
52B
330
17
100
AcDbEntity
  8
0
100
AcDbLine
 10
1.23365
 20
-9.1022
 30
0.0
 11
1.24116
 21
-9.18215
 31
0.0
  0
LINE
  5
52C
330
17
100
AcDbEntity
  8
0
100
AcDbLine
 10
1.24116
 20
-9.18215
 30
0.0
 11
1.32788
 21
-9.73455
 31
0.0
  0
LINE
  5
52D
330
17
100
AcDbEntity
  8
0
100
AcDbLine
 10
1.32788
 20
-9.73455
 30
0.0
 11
1.3748099999999999
 21
-10.018569999999999
 31
0.0
  0
LINE
  5
52E
330
17
100
AcDbEntity
  8
0
100
AcDbLine
 10
1.3748099999999999
 20
-10.018569999999999
 30
0.0
 11
1.39684
 21
-10.19061
 31
0.0
  0
LINE
  5
52F
330
17
100
AcDbEntity
  8
0
100
AcDbLine
 10
1.39684
 20
-10.19061
 30
0.0
 11
1.40277
 21
-10.30393
 31
0.0
  0
LINE
  5
530
330
17
100
AcDbEntity
  8
0
100
AcDbLine
 10
1.40277
 20
-10.30393
 30
0.0
 11
1.4020700000000001
 21
-10.32109
 31
0.0
  0
LINE
  5
531
330
17
100
AcDbEntity
  8
0
100
AcDbLine
 10
1.4020700000000001
 20
-10.32109
 30
0.0
 11
1.39977
 21
-10.338099999999999
 31
0.0
  0
LINE
  5
532
330
17
100
AcDbEntity
  8
0
100
AcDbLine
 10
1.39977
 20
-10.338099999999999
 30
0.0
 11
1.39588
 21
-10.35483
 31
0.0
  0
LINE
  5
533
330
17
100
AcDbEntity
  8
0
100
AcDbLine
 10
1.39588
 20
-10.35483
 30
0.0
 11
1.39043
 21
-10.37111
 31
0.0
  0
LINE
  5
534
330
17
100
AcDbEntity
  8
0
100
AcDbLine
 10
1.39043
 20
-10.37111
 30
0.0
 11
1.38441
 21
-10.38462
 31
0.0
  0
LINE
  5
535
330
17
100
AcDbEntity
  8
0
100
AcDbLine
 10
1.38441
 20
-10.38462
 30
0.0
 11
1.37707
 21
-10.39746
 31
0.0
  0
LINE
  5
536
330
17
100
AcDbEntity
  8
0
100
AcDbLine
 10
1.37707
 20
-10.39746
 30
0.0
 11
1.36849
 21
-10.409510000000001
 31
0.0
  0
LINE
  5
537
330
17
100
AcDbEntity
  8
0
100
AcDbLine
 10
1.36849
 20
-10.409510000000001
 30
0.0
 11
1.3587600000000002
 21
-10.42065
 31
0.0
  0
LINE
  5
538
330
17
100
AcDbEntity
  8
0
100
AcDbLine
 10
1.3587600000000002
 20
-10.42065
 30
0.0
 11
1.34797
 21
-10.43077
 31
0.0
  0
LINE
  5
539
330
17
100
AcDbEntity
  8
0
100
AcDbLine
 10
1.34797
 20
-10.43077
 30
0.0
 11
1.34052
 21
-10.43646
 31
0.0
  0
LINE
  5
53A
330
17
100
AcDbEntity
  8
0
100
AcDbLine
 10
1.34052
 20
-10.43646
 30
0.0
 11
1.33253
 21
-10.441370000000001
 31
0.0
  0
LINE
  5
53B
330
17
100
AcDbEntity
  8
0
100
AcDbLine
 10
1.33253
 20
-10.441370000000001
 30
0.0
 11
1.32409
 21
-10.44544
 31
0.0
  0
LINE
  5
53C
330
17
100
AcDbEntity
  8
0
100
AcDbLine
 10
1.32409
 20
-10.44544
 30
0.0
 11
1.31528
 21
-10.448640000000001
 31
0.0
  0
LINE
  5
53D
330
17
100
AcDbEntity
  8
0
100
AcDbLine
 10
1.31528
 20
-10.448640000000001
 30
0.0
 11
1.30619
 21
-10.450940000000001
 31
0.0
  0
LINE
  5
53E
330
17
100
AcDbEntity
  8
0
100
AcDbLine
 10
1.30619
 20
-10.450940000000001
 30
0.0
 11
1.29692
 21
-10.4523
 31
0.0
  0
LINE
  5
53F
330
17
100
AcDbEntity
  8
0
100
AcDbLine
 10
1.29692
 20
-10.4523
 30
0.0
 11
1.28755
 21
-10.45271
 31
0.0
  0
LINE
  5
540
330
17
100
AcDbEntity
  8
0
100
AcDbLine
 10
1.28755
 20
-10.45271
 30
0.0
 11
1.2705
 21
-10.45184
 31
0.0
  0
LINE
  5
541
330
17
100
AcDbEntity
  8
0
100
AcDbLine
 10
1.2705
 20
-10.45184
 30
0.0
 11
1.2535999999999998
 21
-10.44942
 31
0.0
  0
LINE
  5
542
330
17
100
AcDbEntity
  8
0
100
AcDbLine
 10
1.2535999999999998
 20
-10.44942
 30
0.0
 11
1.23699
 21
-10.44549
 31
0.0
  0
LINE
  5
543
330
17
100
AcDbEntity
  8
0
100
AcDbLine
 10
1.23699
 20
-10.44549
 30
0.0
 11
1.22081
 21
-10.44008
 31
0.0
  0
LINE
  5
544
330
17
100
AcDbEntity
  8
0
100
AcDbLine
 10
1.22081
 20
-10.44008
 30
0.0
 11
1.20517
 21
-10.43322
 31
0.0
  0
LINE
  5
545
330
17
100
AcDbEntity
  8
0
100
AcDbLine
 10
1.20517
 20
-10.43322
 30
0.0
 11
1.15269
 21
-10.4049
 31
0.0
  0
LINE
  5
546
330
17
100
AcDbEntity
  8
0
100
AcDbLine
 10
1.15269
 20
-10.4049
 30
0.0
 11
1.14962
 21
-10.403239999999998
 31
0.0
  0
LINE
  5
547
330
17
100
AcDbEntity
  8
0
100
AcDbLine
 10
1.14962
 20
-10.403239999999998
 30
0.0
 11
1.0964099999999999
 21
-10.36926
 31
0.0
  0
LINE
  5
548
330
17
100
AcDbEntity
  8
0
100
AcDbLine
 10
1.0964099999999999
 20
-10.36926
 30
0.0
 11
1.06535
 21
-10.34645
 31
0.0
  0
LINE
  5
549
330
17
100
AcDbEntity
  8
0
100
AcDbLine
 10
1.06535
 20
-10.34645
 30
0.0
 11
1.03565
 21
-10.32189
 31
0.0
  0
LINE
  5
54A
330
17
100
AcDbEntity
  8
0
100
AcDbLine
 10
1.03565
 20
-10.32189
 30
0.0
 11
1.02102
 21
-10.308029999999999
 31
0.0
  0
LINE
  5
54B
330
17
100
AcDbEntity
  8
0
100
AcDbLine
 10
1.02102
 20
-10.308029999999999
 30
0.0
 11
1.0075100000000001
 21
-10.29307
 31
0.0
  0
LINE
  5
54C
330
17
100
AcDbEntity
  8
0
100
AcDbLine
 10
1.0075100000000001
 20
-10.29307
 30
0.0
 11
0.99522
 21
-10.27711
 31
0.0
  0
LINE
  5
54D
330
17
100
AcDbEntity
  8
0
100
AcDbLine
 10
0.99522
 20
-10.27711
 30
0.0
 11
0.9848800000000001
 21
-10.26115
 31
0.0
  0
LINE
  5
54E
330
17
100
AcDbEntity
  8
0
100
AcDbLine
 10
0.9848800000000001
 20
-10.26115
 30
0.0
 11
0.97594
 21
-10.24437
 31
0.0
  0
LINE
  5
54F
330
17
100
AcDbEntity
  8
0
100
AcDbLine
 10
0.97594
 20
-10.24437
 30
0.0
 11
0.96847
 21
-10.226880000000001
 31
0.0
  0
LINE
  5
550
330
17
100
AcDbEntity
  8
0
100
AcDbLine
 10
0.96847
 20
-10.226880000000001
 30
0.0
 11
0.95801
 21
-10.19542
 31
0.0
  0
LINE
  5
551
330
17
100
AcDbEntity
  8
0
100
AcDbLine
 10
0.95801
 20
-10.19542
 30
0.0
 11
0.95016
 21
-10.163210000000001
 31
0.0
  0
LINE
  5
552
330
17
100
AcDbEntity
  8
0
100
AcDbLine
 10
0.95016
 20
-10.163210000000001
 30
0.0
 11
0.93845
 21
-10.105609999999999
 31
0.0
  0
LINE
  5
553
330
17
100
AcDbEntity
  8
0
100
AcDbLine
 10
0.93845
 20
-10.105609999999999
 30
0.0
 11
0.92327
 21
-10.032070000000001
 31
0.0
  0
LINE
  5
554
330
17
100
AcDbEntity
  8
0
100
AcDbLine
 10
0.92327
 20
-10.032070000000001
 30
0.0
 11
0.90732
 21
-9.95556
 31
0.0
  0
LINE
  5
555
330
17
100
AcDbEntity
  8
0
100
AcDbLine
 10
0.90732
 20
-9.95556
 30
0.0
 11
0.8930400000000001
 21
-9.88794
 31
0.0
  0
LINE
  5
556
330
17
100
AcDbEntity
  8
0
100
AcDbLine
 10
0.8930400000000001
 20
-9.88794
 30
0.0
 11
0.88311
 21
-9.8478
 31
0.0
  0
LINE
  5
557
330
17
100
AcDbEntity
  8
0
100
AcDbLine
 10
0.88311
 20
-9.8478
 30
0.0
 11
0.87055
 21
-9.8084
 31
0.0
  0
LINE
  5
558
330
17
100
AcDbEntity
  8
0
100
AcDbLine
 10
0.87055
 20
-9.8084
 30
0.0
 11
0.82491
 21
-9.687249999999999
 31
0.0
  0
LINE
  5
559
330
17
100
AcDbEntity
  8
0
100
AcDbLine
 10
0.82491
 20
-9.687249999999999
 30
0.0
 11
0.76806
 21
-9.55176
 31
0.0
  0
LINE
  5
55A
330
17
100
AcDbEntity
  8
0
100
AcDbLine
 10
0.76806
 20
-9.55176
 30
0.0
 11
0.7068899999999999
 21
-9.42012
 31
0.0
  0
LINE
  5
55B
330
17
100
AcDbEntity
  8
0
100
AcDbLine
 10
0.7068899999999999
 20
-9.42012
 30
0.0
 11
0.60766
 21
-9.23822
 31
0.0
  0
LINE
  5
55C
330
17
100
AcDbEntity
  8
0
100
AcDbLine
 10
0.60766
 20
-9.23822
 30
0.0
 11
0.51292
 21
-9.09665
 31
0.0
  0
LINE
  5
55D
330
17
100
AcDbEntity
  8
0
100
AcDbLine
 10
0.51292
 20
-9.09665
 30
0.0
 11
0.49242
 21
-9.066009999999999
 31
0.0
  0
LINE
  5
55E
330
17
100
AcDbEntity
  8
0
100
AcDbLine
 10
0.49242
 20
-9.066009999999999
 30
0.0
 11
0.4152
 21
-8.969980000000001
 31
0.0
  0
LINE
  5
55F
330
17
100
AcDbEntity
  8
0
100
AcDbLine
 10
0.4152
 20
-8.969980000000001
 30
0.0
 11
0.33014
 21
-8.88083
 31
0.0
  0
LINE
  5
560
330
17
100
AcDbEntity
  8
0
100
AcDbLine
 10
0.33014
 20
-8.88083
 30
0.0
 11
0.23782999999999999
 21
-8.7992
 31
0.0
  0
LINE
  5
561
330
17
100
AcDbEntity
  8
0
100
AcDbLine
 10
0.23782999999999999
 20
-8.7992
 30
0.0
 11
0.14956999999999998
 21
-8.73444
 31
0.0
  0
LINE
  5
562
330
17
100
AcDbEntity
  8
0
100
AcDbLine
 10
0.14956999999999998
 20
-8.73444
 30
0.0
 11
0.05542
 21
-8.67858
 31
0.0
  0
LINE
  5
563
330
17
100
AcDbEntity
  8
0
100
AcDbLine
 10
0.055420000000000004
 20
-8.67858
 30
0.0
 11
0.05039
 21
-8.67623
 31
0.0
  0
LINE
  5
564
330
17
100
AcDbEntity
  8
0
100
AcDbLine
 10
0.05039
 20
-8.67623
 30
0.0
 11
-0.043699999999999996
 21
-8.632159999999999
 31
0.0
  0
LINE
  5
565
330
17
100
AcDbEntity
  8
0
100
AcDbLine
 10
-0.043699999999999996
 20
-8.632159999999999
 30
0.0
 11
-0.11488999999999999
 21
-8.60679
 31
0.0
  0
LINE
  5
566
330
17
100
AcDbEntity
  8
0
100
AcDbLine
 10
-0.11489
 20
-8.60679
 30
0.0
 11
-0.18814
 21
-8.5882
 31
0.0
  0
LINE
  5
567
330
17
100
AcDbEntity
  8
0
100
AcDbLine
 10
-0.18814
 20
-8.5882
 30
0.0
 11
-0.2628
 21
-8.576540000000001
 31
0.0
  0
LINE
  5
568
330
17
100
AcDbEntity
  8
0
100
AcDbLine
 10
-0.2628
 20
-8.576540000000001
 30
0.0
 11
-0.29728000000000004
 21
-8.57443
 31
0.0
  0
LINE
  5
569
330
17
100
AcDbEntity
  8
0
100
AcDbLine
 10
-0.29728000000000004
 20
-8.57443
 30
0.0
 11
-0.33823000000000003
 21
-8.57192
 31
0.0
  0
LINE
  5
56A
330
17
100
AcDbEntity
  8
0
100
AcDbLine
 10
-0.33823000000000003
 20
-8.57192
 30
0.0
 11
-0.44247
 21
-8.57372
 31
0.0
  0
LINE
  5
56B
330
17
100
AcDbEntity
  8
0
100
AcDbLine
 10
-0.44247
 20
-8.57372
 30
0.0
 11
-0.46225
 21
-8.57568
 31
0.0
  0
LINE
  5
56C
330
17
100
AcDbEntity
  8
0
100
AcDbLine
 10
-0.46225
 20
-8.57568
 30
0.0
 11
-0.48174
 21
-8.5796
 31
0.0
  0
LINE
  5
56D
330
17
100
AcDbEntity
  8
0
100
AcDbLine
 10
-0.48174
 20
-8.5796
 30
0.0
 11
-0.50075
 21
-8.58545
 31
0.0
  0
LINE
  5
56E
330
17
100
AcDbEntity
  8
0
100
AcDbLine
 10
-0.50075
 20
-8.58545
 30
0.0
 11
-0.51329
 21
-8.59066
 31
0.0
  0
LINE
  5
56F
330
17
100
AcDbEntity
  8
0
100
AcDbLine
 10
-0.51329
 20
-8.59066
 30
0.0
 11
-0.5253
 21
-8.59699
 31
0.0
  0
LINE
  5
570
330
17
100
AcDbEntity
  8
0
100
AcDbLine
 10
-0.5253
 20
-8.59699
 30
0.0
 11
-0.53669
 21
-8.60439
 31
0.0
  0
LINE
  5
571
330
17
100
AcDbEntity
  8
0
100
AcDbLine
 10
-0.53669
 20
-8.60439
 30
0.0
 11
-0.54736
 21
-8.61279
 31
0.0
  0
LINE
  5
572
330
17
100
AcDbEntity
  8
0
100
AcDbLine
 10
-0.54736
 20
-8.61279
 30
0.0
 11
-0.57697
 21
-8.63995
 31
0.0
  0
LINE
  5
573
330
17
100
AcDbEntity
  8
0
100
AcDbLine
 10
-0.57697
 20
-8.63995
 30
0.0
 11
-0.6049300000000001
 21
-8.66881
 31
0.0
  0
LINE
  5
574
330
17
100
AcDbEntity
  8
0
100
AcDbLine
 10
-0.6049300000000001
 20
-8.66881
 30
0.0
 11
-0.61212
 21
-8.67623
 31
0.0
  0
LINE
  5
575
330
17
100
AcDbEntity
  8
0
100
AcDbLine
 10
-0.61212
 20
-8.67623
 30
0.0
 11
-0.63112
 21
-8.69585
 31
0.0
  0
LINE
  5
576
330
17
100
AcDbEntity
  8
0
100
AcDbLine
 10
-0.63112
 20
-8.69585
 30
0.0
 11
-0.65884
 21
-8.721309999999999
 31
0.0
  0
LINE
  5
577
330
17
100
AcDbEntity
  8
0
100
AcDbLine
 10
-0.65884
 20
-8.721309999999999
 30
0.0
 11
-0.67305
 21
-8.73241
 31
0.0
  0
LINE
  5
578
330
17
100
AcDbEntity
  8
0
100
AcDbLine
 10
-0.67305
 20
-8.73241
 30
0.0
 11
-0.68831
 21
-8.74201
 31
0.0
  0
LINE
  5
579
330
17
100
AcDbEntity
  8
0
100
AcDbLine
 10
-0.68831
 20
-8.74201
 30
0.0
 11
-0.70447
 21
-8.750010000000001
 31
0.0
  0
LINE
  5
57A
330
17
100
AcDbEntity
  8
0
100
AcDbLine
 10
-0.70447
 20
-8.750010000000001
 30
0.0
 11
-0.72153
 21
-8.756409999999999
 31
0.0
  0
LINE
  5
57B
330
17
100
AcDbEntity
  8
0
100
AcDbLine
 10
-0.72153
 20
-8.756409999999999
 30
0.0
 11
-0.73913
 21
-8.76108
 31
0.0
  0
LINE
  5
57C
330
17
100
AcDbEntity
  8
0
100
AcDbLine
 10
-0.73913
 20
-8.76108
 30
0.0
 11
-0.75712
 21
-8.763969999999999
 31
0.0
  0
LINE
  5
57D
330
17
100
AcDbEntity
  8
0
100
AcDbLine
 10
-0.75712
 20
-8.763969999999999
 30
0.0
 11
-0.79565
 21
-8.767149999999999
 31
0.0
  0
LINE
  5
57E
330
17
100
AcDbEntity
  8
0
100
AcDbLine
 10
-0.79565
 20
-8.767149999999999
 30
0.0
 11
-0.8342999999999999
 21
-8.76821
 31
0.0
  0
LINE
  5
57F
330
17
100
AcDbEntity
  8
0
100
AcDbLine
 10
-0.8342999999999999
 20
-8.76821
 30
0.0
 11
-0.8622299999999999
 21
-8.76954
 31
0.0
  0
LINE
  5
580
330
17
100
AcDbEntity
  8
0
100
AcDbLine
 10
-0.8622299999999999
 20
-8.76954
 30
0.0
 11
-0.8899
 21
-8.77352
 31
0.0
  0
LINE
  5
581
330
17
100
AcDbEntity
  8
0
100
AcDbLine
 10
-0.8899
 20
-8.77352
 30
0.0
 11
-0.9170699999999999
 21
-8.78013
 31
0.0
  0
LINE
  5
582
330
17
100
AcDbEntity
  8
0
100
AcDbLine
 10
-0.9170699999999999
 20
-8.78013
 30
0.0
 11
-0.94348
 21
-8.78929
 31
0.0
  0
LINE
  5
583
330
17
100
AcDbEntity
  8
0
100
AcDbLine
 10
-0.94348
 20
-8.78929
 30
0.0
 11
-0.96891
 21
-8.80092
 31
0.0
  0
LINE
  5
584
330
17
100
AcDbEntity
  8
0
100
AcDbLine
 10
-0.96891
 20
-8.80092
 30
0.0
 11
-0.9931
 21
-8.81492
 31
0.0
  0
LINE
  5
585
330
17
100
AcDbEntity
  8
0
100
AcDbLine
 10
-0.9931
 20
-8.81492
 30
0.0
 11
-1.01101
 21
-8.82783
 31
0.0
  0
LINE
  5
586
330
17
100
AcDbEntity
  8
0
100
AcDbLine
 10
-1.01101
 20
-8.82783
 30
0.0
 11
-1.0274699999999999
 21
-8.84252
 31
0.0
  0
LINE
  5
587
330
17
100
AcDbEntity
  8
0
100
AcDbLine
 10
-1.0274699999999999
 20
-8.84252
 30
0.0
 11
-1.04232
 21
-8.85885
 31
0.0
  0
LINE
  5
588
330
17
100
AcDbEntity
  8
0
100
AcDbLine
 10
-1.04232
 20
-8.85885
 30
0.0
 11
-1.05538
 21
-8.87664
 31
0.0
  0
LINE
  5
589
330
17
100
AcDbEntity
  8
0
100
AcDbLine
 10
-1.05538
 20
-8.87664
 30
0.0
 11
-1.0665200000000001
 21
-8.89569
 31
0.0
  0
LINE
  5
58A
330
17
100
AcDbEntity
  8
0
100
AcDbLine
 10
-1.0665200000000001
 20
-8.89569
 30
0.0
 11
-1.07561
 21
-8.915799999999999
 31
0.0
  0
LINE
  5
58B
330
17
100
AcDbEntity
  8
0
100
AcDbLine
 10
-1.07561
 20
-8.915799999999999
 30
0.0
 11
-1.08256
 21
-8.93675
 31
0.0
  0
LINE
  5
58C
330
17
100
AcDbEntity
  8
0
100
AcDbLine
 10
-1.08256
 20
-8.93675
 30
0.0
 11
-1.0952600000000001
 21
-8.992750000000001
 31
0.0
  0
LINE
  5
58D
330
17
100
AcDbEntity
  8
0
100
AcDbLine
 10
-1.0952600000000001
 20
-8.992750000000001
 30
0.0
 11
-1.10286
 21
-9.049669999999999
 31
0.0
  0
LINE
  5
58E
330
17
100
AcDbEntity
  8
0
100
AcDbLine
 10
-1.10286
 20
-9.049669999999999
 30
0.0
 11
-1.10485
 21
-9.09665
 31
0.0
  0
LINE
  5
58F
330
17
100
AcDbEntity
  8
0
100
AcDbLine
 10
-1.10485
 20
-9.09665
 30
0.0
 11
-1.10529
 21
-9.107050000000001
 31
0.0
  0
LINE
  5
590
330
17
100
AcDbEntity
  8
0
100
AcDbLine
 10
-1.10529
 20
-9.107050000000001
 30
0.0
 11
-1.10253
 21
-9.16441
 31
0.0
  0
LINE
  5
591
330
17
100
AcDbEntity
  8
0
100
AcDbLine
 10
-1.10253
 20
-9.16441
 30
0.0
 11
-1.05029
 21
-9.554139999999999
 31
0.0
  0
LINE
  5
592
330
17
100
AcDbEntity
  8
0
100
AcDbLine
 10
-1.05029
 20
-9.554139999999999
 30
0.0
 11
-0.9999799999999999
 21
-9.862680000000001
 31
0.0
  0
LINE
  5
593
330
17
100
AcDbEntity
  8
0
100
AcDbLine
 10
-0.9999799999999999
 20
-9.862680000000001
 30
0.0
 11
-0.94339
 21
-10.25295
 31
0.0
  0
LINE
  5
594
330
17
100
AcDbEntity
  8
0
100
AcDbLine
 10
-0.94339
 20
-10.25295
 30
0.0
 11
-0.9063199999999999
 21
-10.520909999999999
 31
0.0
  0
LINE
  5
595
330
17
100
AcDbEntity
  8
0
100
AcDbLine
 10
-0.9063199999999999
 20
-10.520909999999999
 30
0.0
 11
-0.90229
 21
-10.549990000000001
 31
0.0
  0
LINE
  5
596
330
17
100
AcDbEntity
  8
0
100
AcDbLine
 10
-0.90229
 20
-10.549990000000001
 30
0.0
 11
-0.88574
 21
-10.669659999999999
 31
0.0
  0
LINE
  5
597
330
17
100
AcDbEntity
  8
0
100
AcDbLine
 10
-0.88574
 20
-10.669659999999999
 30
0.0
 11
-0.88553
 21
-10.672080000000001
 31
0.0
  0
LINE
  5
598
330
17
100
AcDbEntity
  8
0
100
AcDbLine
 10
-0.88553
 20
-10.672080000000001
 30
0.0
 11
-0.88557
 21
-10.67451
 31
0.0
  0
LINE
  5
599
330
17
100
AcDbEntity
  8
0
100
AcDbLine
 10
-0.88557
 20
-10.67451
 30
0.0
 11
-0.88586
 21
-10.676919999999999
 31
0.0
  0
LINE
  5
59A
330
17
100
AcDbEntity
  8
0
100
AcDbLine
 10
-0.88586
 20
-10.676919999999999
 30
0.0
 11
-0.88639
 21
-10.67929
 31
0.0
  0
LINE
  5
59B
330
17
100
AcDbEntity
  8
0
100
AcDbLine
 10
-0.88639
 20
-10.67929
 30
0.0
 11
-0.8871699999999999
 21
-10.68159
 31
0.0
  0
LINE
  5
59C
330
17
100
AcDbEntity
  8
0
100
AcDbLine
 10
-0.8871699999999999
 20
-10.68159
 30
0.0
 11
-0.88817
 21
-10.6838
 31
0.0
  0
LINE
  5
59D
330
17
100
AcDbEntity
  8
0
100
AcDbLine
 10
-0.88817
 20
-10.6838
 30
0.0
 11
-0.8894000000000001
 21
-10.6859
 31
0.0
  0
LINE
  5
59E
330
17
100
AcDbEntity
  8
0
100
AcDbLine
 10
-0.8894000000000001
 20
-10.6859
 30
0.0
 11
-0.89083
 21
-10.68786
 31
0.0
  0
LINE
  5
59F
330
17
100
AcDbEntity
  8
0
100
AcDbLine
 10
-0.89083
 20
-10.68786
 30
0.0
 11
-0.89246
 21
-10.68966
 31
0.0
  0
LINE
  5
5A0
330
17
100
AcDbEntity
  8
0
100
AcDbLine
 10
-0.89246
 20
-10.68966
 30
0.0
 11
-0.8941
 21
-10.69114
 31
0.0
  0
LINE
  5
5A1
330
17
100
AcDbEntity
  8
0
100
AcDbLine
 10
-0.8941
 20
-10.69114
 30
0.0
 11
-0.89589
 21
-10.69243
 31
0.0
  0
LINE
  5
5A2
330
17
100
AcDbEntity
  8
0
100
AcDbLine
 10
-0.89589
 20
-10.69243
 30
0.0
 11
-0.89781
 21
-10.69352
 31
0.0
  0
LINE
  5
5A3
330
17
100
AcDbEntity
  8
0
100
AcDbLine
 10
-0.89781
 20
-10.69352
 30
0.0
 11
-0.89984
 21
-10.69441
 31
0.0
  0
LINE
  5
5A4
330
17
100
AcDbEntity
  8
0
100
AcDbLine
 10
-0.89984
 20
-10.69441
 30
0.0
 11
-0.90194
 21
-10.69507
 31
0.0
  0
LINE
  5
5A5
330
17
100
AcDbEntity
  8
0
100
AcDbLine
 10
-0.90194
 20
-10.69507
 30
0.0
 11
-0.90411
 21
-10.695500000000001
 31
0.0
  0
LINE
  5
5A6
330
17
100
AcDbEntity
  8
0
100
AcDbLine
 10
-0.90411
 20
-10.695500000000001
 30
0.0
 11
-0.9063
 21
-10.6957
 31
0.0
  0
LINE
  5
5A7
330
17
100
AcDbEntity
  8
0
100
AcDbLine
 10
-0.9063
 20
-10.6957
 30
0.0
 11
-0.9085099999999999
 21
-10.69567
 31
0.0
  0
LINE
  5
5A8
330
17
100
AcDbEntity
  8
0
100
AcDbLine
 10
-0.9085099999999999
 20
-10.69567
 30
0.0
 11
-0.9107
 21
-10.695400000000001
 31
0.0
  0
LINE
  5
5A9
330
17
100
AcDbEntity
  8
0
100
AcDbLine
 10
-0.9107
 20
-10.695400000000001
 30
0.0
 11
-0.9128499999999999
 21
-10.6949
 31
0.0
  0
LINE
  5
5AA
330
17
100
AcDbEntity
  8
0
100
AcDbLine
 10
-0.9128499999999999
 20
-10.6949
 30
0.0
 11
-0.9149400000000001
 21
-10.69417
 31
0.0
  0
LINE
  5
5AB
330
17
100
AcDbEntity
  8
0
100
AcDbLine
 10
-0.9149400000000001
 20
-10.69417
 30
0.0
 11
-0.91693
 21
-10.69322
 31
0.0
  0
LINE
  5
5AC
330
17
100
AcDbEntity
  8
0
100
AcDbLine
 10
-0.91693
 20
-10.69322
 30
0.0
 11
-0.91881
 21
-10.69206
 31
0.0
  0
LINE
  5
5AD
330
17
100
AcDbEntity
  8
0
100
AcDbLine
 10
-0.91881
 20
-10.69206
 30
0.0
 11
-0.9205599999999999
 21
-10.69072
 31
0.0
  0
LINE
  5
5AE
330
17
100
AcDbEntity
  8
0
100
AcDbLine
 10
-0.9205599999999999
 20
-10.69072
 30
0.0
 11
-1.08213
 21
-10.549990000000001
 31
0.0
  0
LINE
  5
5AF
330
17
100
AcDbEntity
  8
0
100
AcDbLine
 10
-1.08213
 20
-10.549990000000001
 30
0.0
 11
-1.1076599999999999
 21
-10.527750000000001
 31
0.0
  0
LINE
  5
5B0
330
17
100
AcDbEntity
  8
0
100
AcDbLine
 10
-1.1076599999999999
 20
-10.527750000000001
 30
0.0
 11
-1.11511
 21
-10.520909999999999
 31
0.0
  0
LINE
  5
5B1
330
17
100
AcDbEntity
  8
0
100
AcDbLine
 10
-1.11511
 20
-10.520909999999999
 30
0.0
 11
-1.28428
 21
-10.36548
 31
0.0
  0
LINE
  5
5B2
330
17
100
AcDbEntity
  8
0
100
AcDbLine
 10
-1.28428
 20
-10.36548
 30
0.0
 11
-1.40754
 21
-10.23555
 31
0.0
  0
LINE
  5
5B3
330
17
100
AcDbEntity
  8
0
100
AcDbLine
 10
-1.40754
 20
-10.23555
 30
0.0
 11
-1.49178
 21
-10.131039999999999
 31
0.0
  0
LINE
  5
5B4
330
17
100
AcDbEntity
  8
0
100
AcDbLine
 10
-1.49178
 20
-10.131039999999999
 30
0.0
 11
-1.5071100000000002
 21
-10.10871
 31
0.0
  0
LINE
  5
5B5
330
17
100
AcDbEntity
  8
0
100
AcDbLine
 10
-1.5071100000000002
 20
-10.10871
 30
0.0
 11
-1.52039
 21
-10.085099999999999
 31
0.0
  0
LINE
  5
5B6
330
17
100
AcDbEntity
  8
0
100
AcDbLine
 10
-1.52039
 20
-10.085099999999999
 30
0.0
 11
-1.5315299999999998
 21
-10.060400000000001
 31
0.0
  0
LINE
  5
5B7
330
17
100
AcDbEntity
  8
0
100
AcDbLine
 10
-1.5315299999999998
 20
-10.060400000000001
 30
0.0
 11
-1.5409300000000001
 21
-10.033719999999999
 31
0.0
  0
LINE
  5
5B8
330
17
100
AcDbEntity
  8
0
100
AcDbLine
 10
-1.5409300000000001
 20
-10.033719999999999
 30
0.0
 11
-1.5481500000000001
 21
-10.00637
 31
0.0
  0
LINE
  5
5B9
330
17
100
AcDbEntity
  8
0
100
AcDbLine
 10
-1.5481500000000001
 20
-10.00637
 30
0.0
 11
-1.55314
 21
-9.97852
 31
0.0
  0
LINE
  5
5BA
330
17
100
AcDbEntity
  8
0
100
AcDbLine
 10
-1.55314
 20
-9.97852
 30
0.0
 11
-1.57043
 21
-9.82658
 31
0.0
  0
LINE
  5
5BB
330
17
100
AcDbEntity
  8
0
100
AcDbLine
 10
-1.57043
 20
-9.82658
 30
0.0
 11
-1.60739
 21
-9.5082
 31
0.0
  0
LINE
  5
5BC
330
17
100
AcDbEntity
  8
0
100
AcDbLine
 10
-1.60739
 20
-9.5082
 30
0.0
 11
-1.66269
 21
-9.172130000000001
 31
0.0
  0
LINE
  5
5BD
330
17
100
AcDbEntity
  8
0
100
AcDbLine
 10
-1.66269
 20
-9.172130000000001
 30
0.0
 11
-1.67822
 21
-9.09665
 31
0.0
  0
LINE
  5
5BE
330
17
100
AcDbEntity
  8
0
100
AcDbLine
 10
-1.67822
 20
-9.09665
 30
0.0
 11
-1.7239200000000001
 21
-8.87448
 31
0.0
  0
LINE
  5
5BF
330
17
100
AcDbEntity
  8
0
100
AcDbLine
 10
-1.7239200000000001
 20
-8.87448
 30
0.0
 11
-1.7368299999999999
 21
-8.826469999999999
 31
0.0
  0
LINE
  5
5C0
330
17
100
AcDbEntity
  8
0
100
AcDbLine
 10
-1.7368299999999999
 20
-8.826469999999999
 30
0.0
 11
-1.7537099999999999
 21
-8.7797
 31
0.0
  0
LINE
  5
5C1
330
17
100
AcDbEntity
  8
0
100
AcDbLine
 10
-1.7537099999999999
 20
-8.7797
 30
0.0
 11
-1.77444
 21
-8.734509999999998
 31
0.0
  0
LINE
  5
5C2
330
17
100
AcDbEntity
  8
0
100
AcDbLine
 10
-1.77444
 20
-8.734509999999998
 30
0.0
 11
-1.78861
 21
-8.70962
 31
0.0
  0
LINE
  5
5C3
330
17
100
AcDbEntity
  8
0
100
AcDbLine
 10
-1.78861
 20
-8.70962
 30
0.0
 11
-1.805
 21
-8.68613
 31
0.0
  0
LINE
  5
5C4
330
17
100
AcDbEntity
  8
0
100
AcDbLine
 10
-1.805
 20
-8.68613
 30
0.0
 11
-1.81335
 21
-8.67623
 31
0.0
  0
LINE
  5
5C5
330
17
100
AcDbEntity
  8
0
100
AcDbLine
 10
-1.81335
 20
-8.67623
 30
0.0
 11
-1.82347
 21
-8.66424
 31
0.0
  0
LINE
  5
5C6
330
17
100
AcDbEntity
  8
0
100
AcDbLine
 10
-1.82347
 20
-8.66424
 30
0.0
 11
-1.8438700000000001
 21
-8.64413
 31
0.0
  0
LINE
  5
5C7
330
17
100
AcDbEntity
  8
0
100
AcDbLine
 10
-1.8438700000000001
 20
-8.64413
 30
0.0
 11
-1.86629
 21
-8.62569
 31
0.0
  0
LINE
  5
5C8
330
17
100
AcDbEntity
  8
0
100
AcDbLine
 10
-1.86629
 20
-8.62569
 30
0.0
 11
-1.89025
 21
-8.60928
 31
0.0
  0
LINE
  5
5C9
330
17
100
AcDbEntity
  8
0
100
AcDbLine
 10
-1.89025
 20
-8.60928
 30
0.0
 11
-1.91555
 21
-8.59504
 31
0.0
  0
LINE
  5
5CA
330
17
100
AcDbEntity
  8
0
100
AcDbLine
 10
-1.91555
 20
-8.59504
 30
0.0
 11
-1.94201
 21
-8.58308
 31
0.0
  0
LINE
  5
5CB
330
17
100
AcDbEntity
  8
0
100
AcDbLine
 10
-1.94201
 20
-8.58308
 30
0.0
 11
-1.9701100000000002
 21
-8.57321
 31
0.0
  0
LINE
  5
5CC
330
17
100
AcDbEntity
  8
0
100
AcDbLine
 10
-1.9701100000000002
 20
-8.57321
 30
0.0
 11
-1.99894
 21
-8.56577
 31
0.0
  0
LINE
  5
5CD
330
17
100
AcDbEntity
  8
0
100
AcDbLine
 10
-1.99894
 20
-8.56577
 30
0.0
 11
-2.0282999999999998
 21
-8.56081
 31
0.0
  0
LINE
  5
5CE
330
17
100
AcDbEntity
  8
0
100
AcDbLine
 10
-2.0282999999999998
 20
-8.56081
 30
0.0
 11
-2.05798
 21
-8.558359999999999
 31
0.0
  0
LINE
  5
5CF
330
17
100
AcDbEntity
  8
0
100
AcDbLine
 10
-2.05798
 20
-8.558359999999999
 30
0.0
 11
-2.09864
 21
-8.55891
 31
0.0
  0
LINE
  5
5D0
330
17
100
AcDbEntity
  8
0
100
AcDbLine
 10
-2.09864
 20
-8.55891
 30
0.0
 11
-2.1390200000000004
 21
-8.563740000000001
 31
0.0
  0
LINE
  5
5D1
330
17
100
AcDbEntity
  8
0
100
AcDbLine
 10
-2.1390200000000004
 20
-8.563740000000001
 30
0.0
 11
-2.17866
 21
-8.57281
 31
0.0
  0
LINE
  5
5D2
330
17
100
AcDbEntity
  8
0
100
AcDbLine
 10
-2.17866
 20
-8.57281
 30
0.0
 11
-2.20544
 21
-8.58188
 31
0.0
  0
LINE
  5
5D3
330
17
100
AcDbEntity
  8
0
100
AcDbLine
 10
-2.20544
 20
-8.58188
 30
0.0
 11
-2.23122
 21
-8.59351
 31
0.0
  0
LINE
  5
5D4
330
17
100
AcDbEntity
  8
0
100
AcDbLine
 10
-2.23122
 20
-8.59351
 30
0.0
 11
-2.24128
 21
-8.599219999999999
 31
0.0
  0
LINE
  5
5D5
330
17
100
AcDbEntity
  8
0
100
AcDbLine
 10
-2.24128
 20
-8.599219999999999
 30
0.0
 11
-2.25081
 21
-8.6058
 31
0.0
  0
LINE
  5
5D6
330
17
100
AcDbEntity
  8
0
100
AcDbLine
 10
-2.25081
 20
-8.6058
 30
0.0
 11
-2.2597199999999997
 21
-8.61319
 31
0.0
  0
LINE
  5
5D7
330
17
100
AcDbEntity
  8
0
100
AcDbLine
 10
-2.2597199999999997
 20
-8.61319
 30
0.0
 11
-2.26795
 21
-8.62133
 31
0.0
  0
LINE
  5
5D8
330
17
100
AcDbEntity
  8
0
100
AcDbLine
 10
-2.26795
 20
-8.62133
 30
0.0
 11
-2.27882
 21
-8.63434
 31
0.0
  0
LINE
  5
5D9
330
17
100
AcDbEntity
  8
0
100
AcDbLine
 10
-2.27882
 20
-8.63434
 30
0.0
 11
-2.2883500000000003
 21
-8.648380000000001
 31
0.0
  0
LINE
  5
5DA
330
17
100
AcDbEntity
  8
0
100
AcDbLine
 10
-2.2883500000000003
 20
-8.648380000000001
 30
0.0
 11
-2.29642
 21
-8.66329
 31
0.0
  0
LINE
  5
5DB
330
17
100
AcDbEntity
  8
0
100
AcDbLine
 10
-2.29642
 20
-8.66329
 30
0.0
 11
-2.3021700000000003
 21
-8.67623
 31
0.0
  0
LINE
  5
5DC
330
17
100
AcDbEntity
  8
0
100
AcDbLine
 10
-2.3021700000000003
 20
-8.67623
 30
0.0
 11
-2.311
 21
-8.6961
 31
0.0
  0
LINE
  5
5DD
330
17
100
AcDbEntity
  8
0
100
AcDbLine
 10
-2.311
 20
-8.6961
 30
0.0
 11
-2.32374
 21
-8.72966
 31
0.0
  0
LINE
  5
5DE
330
17
100
AcDbEntity
  8
0
100
AcDbLine
 10
-2.32374
 20
-8.72966
 30
0.0
 11
-2.33595
 21
-8.769020000000001
 31
0.0
  0
LINE
  5
5DF
330
17
100
AcDbEntity
  8
0
100
AcDbLine
 10
-2.33595
 20
-8.769020000000001
 30
0.0
 11
-2.34541
 21
-8.80912
 31
0.0
  0
LINE
  5
5E0
330
17
100
AcDbEntity
  8
0
100
AcDbLine
 10
-2.34541
 20
-8.80912
 30
0.0
 11
-2.35102
 21
-8.846029999999999
 31
0.0
  0
LINE
  5
5E1
330
17
100
AcDbEntity
  8
0
100
AcDbLine
 10
-2.35102
 20
-8.846029999999999
 30
0.0
 11
-2.3531899999999997
 21
-8.8833
 31
0.0
  0
LINE
  5
5E2
330
17
100
AcDbEntity
  8
0
100
AcDbLine
 10
-2.3531899999999997
 20
-8.8833
 30
0.0
 11
-2.35225
 21
-8.93
 31
0.0
  0
LINE
  5
5E3
330
17
100
AcDbEntity
  8
0
100
AcDbLine
 10
-2.35225
 20
-8.93
 30
0.0
 11
-2.34836
 21
-8.97654
 31
0.0
  0
LINE
  5
5E4
330
17
100
AcDbEntity
  8
0
100
AcDbLine
 10
-2.34836
 20
-8.97654
 30
0.0
 11
-2.33251
 21
-9.09665
 31
0.0
  0
LINE
  5
5E5
330
17
100
AcDbEntity
  8
0
100
AcDbLine
 10
-2.33251
 20
-9.09665
 30
0.0
 11
-2.32844
 21
-9.12749
 31
0.0
  0
LINE
  5
5E6
330
17
100
AcDbEntity
  8
0
100
AcDbLine
 10
-2.32844
 20
-9.12749
 30
0.0
 11
-2.2701000000000002
 21
-9.525789999999999
 31
0.0
  0
LINE
  5
5E7
330
17
100
AcDbEntity
  8
0
100
AcDbLine
 10
-2.2701000000000002
 20
-9.525789999999999
 30
0.0
 11
-2.26986
 21
-9.52853
 31
0.0
  0
LINE
  5
5E8
330
17
100
AcDbEntity
  8
0
100
AcDbLine
 10
-2.26986
 20
-9.52853
 30
0.0
 11
-2.26991
 21
-9.531279999999999
 31
0.0
  0
LINE
  5
5E9
330
17
100
AcDbEntity
  8
0
100
AcDbLine
 10
-2.26991
 20
-9.531279999999999
 30
0.0
 11
-2.27026
 21
-9.53401
 31
0.0
  0
LINE
  5
5EA
330
17
100
AcDbEntity
  8
0
100
AcDbLine
 10
-2.27026
 20
-9.53401
 30
0.0
 11
-2.2709
 21
-9.53669
 31
0.0
  0
LINE
  5
5EB
330
17
100
AcDbEntity
  8
0
100
AcDbLine
 10
-2.2709
 20
-9.53669
 30
0.0
 11
-2.2718399999999996
 21
-9.539280000000002
 31
0.0
  0
LINE
  5
5EC
330
17
100
AcDbEntity
  8
0
100
AcDbLine
 10
-2.2718399999999996
 20
-9.539280000000002
 30
0.0
 11
-2.27304
 21
-9.54175
 31
0.0
  0
LINE
  5
5ED
330
17
100
AcDbEntity
  8
0
100
AcDbLine
 10
-2.27304
 20
-9.54175
 30
0.0
 11
-2.27451
 21
-9.54408
 31
0.0
  0
LINE
  5
5EE
330
17
100
AcDbEntity
  8
0
100
AcDbLine
 10
-2.27451
 20
-9.54408
 30
0.0
 11
-2.27622
 21
-9.54623
 31
0.0
  0
LINE
  5
5EF
330
17
100
AcDbEntity
  8
0
100
AcDbLine
 10
-2.27622
 20
-9.54623
 30
0.0
 11
-2.27816
 21
-9.54819
 31
0.0
  0
LINE
  5
5F0
330
17
100
AcDbEntity
  8
0
100
AcDbLine
 10
-2.27816
 20
-9.54819
 30
0.0
 11
-2.28029
 21
-9.54992
 31
0.0
  0
LINE
  5
5F1
330
17
100
AcDbEntity
  8
0
100
AcDbLine
 10
-2.28029
 20
-9.54992
 30
0.0
 11
-2.2826
 21
-9.55142
 31
0.0
  0
LINE
  5
5F2
330
17
100
AcDbEntity
  8
0
100
AcDbLine
 10
-2.2826
 20
-9.55142
 30
0.0
 11
-2.2841799999999997
 21
-9.55221
 31
0.0
  0
LINE
  5
5F3
330
17
100
AcDbEntity
  8
0
100
AcDbLine
 10
-2.2841799999999997
 20
-9.55221
 30
0.0
 11
-2.28583
 21
-9.55283
 31
0.0
  0
LINE
  5
5F4
330
17
100
AcDbEntity
  8
0
100
AcDbLine
 10
-2.28583
 20
-9.55283
 30
0.0
 11
-2.28754
 21
-9.55326
 31
0.0
  0
LINE
  5
5F5
330
17
100
AcDbEntity
  8
0
100
AcDbLine
 10
-2.28754
 20
-9.55326
 30
0.0
 11
-2.28929
 21
-9.55351
 31
0.0
  0
LINE
  5
5F6
330
17
100
AcDbEntity
  8
0
100
AcDbLine
 10
-2.28929
 20
-9.55351
 30
0.0
 11
-2.2910500000000003
 21
-9.55356
 31
0.0
  0
LINE
  5
5F7
330
17
100
AcDbEntity
  8
0
100
AcDbLine
 10
-2.2910500000000003
 20
-9.55356
 30
0.0
 11
-2.2928100000000002
 21
-9.55343
 31
0.0
  0
LINE
  5
5F8
330
17
100
AcDbEntity
  8
0
100
AcDbLine
 10
-2.2928100000000002
 20
-9.55343
 30
0.0
 11
-2.2945499999999996
 21
-9.55311
 31
0.0
  0
LINE
  5
5F9
330
17
100
AcDbEntity
  8
0
100
AcDbLine
 10
-2.2945499999999996
 20
-9.55311
 30
0.0
 11
-2.29623
 21
-9.5526
 31
0.0
  0
LINE
  5
5FA
330
17
100
AcDbEntity
  8
0
100
AcDbLine
 10
-2.29623
 20
-9.5526
 30
0.0
 11
-2.29786
 21
-9.55192
 31
0.0
  0
LINE
  5
5FB
330
17
100
AcDbEntity
  8
0
100
AcDbLine
 10
-2.29786
 20
-9.55192
 30
0.0
 11
-2.2994
 21
-9.55106
 31
0.0
  0
LINE
  5
5FC
330
17
100
AcDbEntity
  8
0
100
AcDbLine
 10
-2.2994
 20
-9.55106
 30
0.0
 11
-2.30084
 21
-9.55004
 31
0.0
  0
LINE
  5
5FD
330
17
100
AcDbEntity
  8
0
100
AcDbLine
 10
-2.30084
 20
-9.55004
 30
0.0
 11
-2.30216
 21
-9.548869999999999
 31
0.0
  0
LINE
  5
5FE
330
17
100
AcDbEntity
  8
0
100
AcDbLine
 10
-2.30216
 20
-9.548869999999999
 30
0.0
 11
-2.30335
 21
-9.54756
 31
0.0
  0
LINE
  5
5FF
330
17
100
AcDbEntity
  8
0
100
AcDbLine
 10
-2.30335
 20
-9.54756
 30
0.0
 11
-2.3043899999999997
 21
-9.54614
 31
0.0
  0
LINE
  5
600
330
17
100
AcDbEntity
  8
0
100
AcDbLine
 10
-2.3043899999999997
 20
-9.54614
 30
0.0
 11
-2.3052699999999997
 21
-9.54461
 31
0.0
  0
LINE
  5
601
330
17
100
AcDbEntity
  8
0
100
AcDbLine
 10
-2.3052699999999997
 20
-9.54461
 30
0.0
 11
-2.44674
 21
-9.26305
 31
0.0
  0
LINE
  5
602
330
17
100
AcDbEntity
  8
0
100
AcDbLine
 10
-2.44674
 20
-9.26305
 30
0.0
 11
-2.47325
 21
-9.21027
 31
0.0
  0
LINE
  5
603
330
17
100
AcDbEntity
  8
0
100
AcDbLine
 10
-2.47325
 20
-9.21027
 30
0.0
 11
-2.53384
 21
-9.09665
 31
0.0
  0
LINE
  5
604
330
17
100
AcDbEntity
  8
0
100
AcDbLine
 10
-2.53384
 20
-9.09665
 30
0.0
 11
-2.63519
 21
-8.90657
 31
0.0
  0
LINE
  5
605
330
17
100
AcDbEntity
  8
0
100
AcDbLine
 10
-2.63519
 20
-8.90657
 30
0.0
 11
-2.6941
 21
-8.81321
 31
0.0
  0
LINE
  5
606
330
17
100
AcDbEntity
  8
0
100
AcDbLine
 10
-2.6941
 20
-8.81321
 30
0.0
 11
-2.7614699999999996
 21
-8.725760000000001
 31
0.0
  0
LINE
  5
607
330
17
100
AcDbEntity
  8
0
100
AcDbLine
 10
-2.7614699999999996
 20
-8.725760000000001
 30
0.0
 11
-2.79815
 21
-8.686630000000001
 31
0.0
  0
LINE
  5
608
330
17
100
AcDbEntity
  8
0
100
AcDbLine
 10
-2.79815
 20
-8.686630000000001
 30
0.0
 11
-2.81006
 21
-8.67623
 31
0.0
  0
LINE
  5
609
330
17
100
AcDbEntity
  8
0
100
AcDbLine
 10
-2.81006
 20
-8.67623
 30
0.0
 11
-2.83855
 21
-8.65135
 31
0.0
  0
LINE
  5
60A
330
17
100
AcDbEntity
  8
0
100
AcDbLine
 10
-2.83855
 20
-8.65135
 30
0.0
 11
-2.88226
 21
-8.62027
 31
0.0
  0
LINE
  5
60B
330
17
100
AcDbEntity
  8
0
100
AcDbLine
 10
-2.88226
 20
-8.62027
 30
0.0
 11
-2.9144200000000002
 21
-8.60184
 31
0.0
  0
LINE
  5
60C
330
17
100
AcDbEntity
  8
0
100
AcDbLine
 10
-2.9144200000000002
 20
-8.60184
 30
0.0
 11
-2.9482000000000004
 21
-8.58657
 31
0.0
  0
LINE
  5
60D
330
17
100
AcDbEntity
  8
0
100
AcDbLine
 10
-2.9482000000000004
 20
-8.58657
 30
0.0
 11
-2.98328
 21
-8.5746
 31
0.0
  0
LINE
  5
60E
330
17
100
AcDbEntity
  8
0
100
AcDbLine
 10
-2.98328
 20
-8.5746
 30
0.0
 11
-3.01934
 21
-8.566030000000001
 31
0.0
  0
LINE
  5
60F
330
17
100
AcDbEntity
  8
0
100
AcDbLine
 10
-3.01934
 20
-8.566030000000001
 30
0.0
 11
-3.06976
 21
-8.55937
 31
0.0
  0
LINE
  5
610
330
17
100
AcDbEntity
  8
0
100
AcDbLine
 10
-3.06976
 20
-8.55937
 30
0.0
 11
-3.1206
 21
-8.5582
 31
0.0
  0
LINE
  5
611
330
17
100
AcDbEntity
  8
0
100
AcDbLine
 10
-3.1206
 20
-8.5582
 30
0.0
 11
-3.15033
 21
-8.560709999999998
 31
0.0
  0
LINE
  5
612
330
17
100
AcDbEntity
  8
0
100
AcDbLine
 10
-3.15033
 20
-8.560709999999998
 30
0.0
 11
-3.17963
 21
-8.56635
 31
0.0
  0
LINE
  5
613
330
17
100
AcDbEntity
  8
0
100
AcDbLine
 10
-3.17963
 20
-8.56635
 30
0.0
 11
-3.20816
 21
-8.575040000000001
 31
0.0
  0
LINE
  5
614
330
17
100
AcDbEntity
  8
0
100
AcDbLine
 10
-3.20816
 20
-8.575040000000001
 30
0.0
 11
-3.2283199999999996
 21
-8.58332
 31
0.0
  0
LINE
  5
615
330
17
100
AcDbEntity
  8
0
100
AcDbLine
 10
-3.2283199999999996
 20
-8.58332
 30
0.0
 11
-3.24773
 21
-8.59323
 31
0.0
  0
LINE
  5
616
330
17
100
AcDbEntity
  8
0
100
AcDbLine
 10
-3.24773
 20
-8.59323
 30
0.0
 11
-3.26626
 21
-8.6047
 31
0.0
  0
LINE
  5
617
330
17
100
AcDbEntity
  8
0
100
AcDbLine
 10
-3.26626
 20
-8.6047
 30
0.0
 11
-3.28378
 21
-8.617659999999999
 31
0.0
  0
LINE
  5
618
330
17
100
AcDbEntity
  8
0
100
AcDbLine
 10
-3.28378
 20
-8.617659999999999
 30
0.0
 11
-3.30764
 21
-8.63859
 31
0.0
  0
LINE
  5
619
330
17
100
AcDbEntity
  8
0
100
AcDbLine
 10
-3.30764
 20
-8.63859
 30
0.0
 11
-3.32965
 21
-8.66146
 31
0.0
  0
LINE
  5
61A
330
17
100
AcDbEntity
  8
0
100
AcDbLine
 10
-3.32965
 20
-8.66146
 30
0.0
 11
-3.34165
 21
-8.67623
 31
0.0
  0
LINE
  5
61B
330
17
100
AcDbEntity
  8
0
100
AcDbLine
 10
-3.34165
 20
-8.67623
 30
0.0
 11
-3.34966
 21
-8.68609
 31
0.0
  0
LINE
  5
61C
330
17
100
AcDbEntity
  8
0
100
AcDbLine
 10
-3.34966
 20
-8.68609
 30
0.0
 11
-3.36331
 21
-8.70632
 31
0.0
  0
LINE
  5
61D
330
17
100
AcDbEntity
  8
0
100
AcDbLine
 10
-3.36331
 20
-8.70632
 30
0.0
 11
-3.37501
 21
-8.72773
 31
0.0
  0
LINE
  5
61E
330
17
100
AcDbEntity
  8
0
100
AcDbLine
 10
-3.37501
 20
-8.72773
 30
0.0
 11
-3.38466
 21
-8.75014
 31
0.0
  0
LINE
  5
61F
330
17
100
AcDbEntity
  8
0
100
AcDbLine
 10
-3.38466
 20
-8.75014
 30
0.0
 11
-3.39219
 21
-8.773359999999998
 31
0.0
  0
LINE
  5
620
330
17
100
AcDbEntity
  8
0
100
AcDbLine
 10
-3.39219
 20
-8.773359999999998
 30
0.0
 11
-3.39751
 21
-8.79717
 31
0.0
  0
LINE
  5
621
330
17
100
AcDbEntity
  8
0
100
AcDbLine
 10
-3.39751
 20
-8.79717
 30
0.0
 11
-3.4088399999999996
 21
-8.883000000000001
 31
0.0
  0
LINE
  5
622
330
17
100
AcDbEntity
  8
0
100
AcDbLine
 10
-3.4088399999999996
 20
-8.883000000000001
 30
0.0
 11
-3.41288
 21
-8.96949
 31
0.0
  0
LINE
  5
623
330
17
100
AcDbEntity
  8
0
100
AcDbLine
 10
-3.41288
 20
-8.96949
 30
0.0
 11
-3.40958
 21
-9.08047
 31
0.0
  0
LINE
  5
624
330
17
100
AcDbEntity
  8
0
100
AcDbLine
 10
-3.40958
 20
-9.08047
 30
0.0
 11
-3.40799
 21
-9.09665
 31
0.0
  0
LINE
  5
625
330
17
100
AcDbEntity
  8
0
100
AcDbLine
 10
-3.40799
 20
-9.09665
 30
0.0
 11
-3.39874
 21
-9.19097
 31
0.0
  0
LINE
  5
626
330
17
100
AcDbEntity
  8
0
100
AcDbLine
 10
-3.39874
 20
-9.19097
 30
0.0
 11
-3.35299
 21
-9.458450000000001
 31
0.0
  0
LINE
  5
627
330
17
100
AcDbEntity
  8
0
100
AcDbLine
 10
-3.35299
 20
-9.458450000000001
 30
0.0
 11
-3.3109699999999997
 21
-9.73035
 31
0.0
  0
LINE
  5
628
330
17
100
AcDbEntity
  8
0
100
AcDbLine
 10
-3.3109699999999997
 20
-9.73035
 30
0.0
 11
-3.2930699999999997
 21
-10.032070000000001
 31
0.0
  0
LINE
  5
629
330
17
100
AcDbEntity
  8
0
100
AcDbLine
 10
-3.2930699999999997
 20
-10.032070000000001
 30
0.0
 11
-3.2962
 21
-10.305119999999999
 31
0.0
  0
LINE
  5
62A
330
17
100
AcDbEntity
  8
0
100
AcDbLine
 10
-3.2962
 20
-10.305119999999999
 30
0.0
 11
-3.29797
 21
-10.32347
 31
0.0
  0
LINE
  5
62B
330
17
100
AcDbEntity
  8
0
100
AcDbLine
 10
-3.29797
 20
-10.32347
 30
0.0
 11
-3.3017
 21
-10.34152
 31
0.0
  0
LINE
  5
62C
330
17
100
AcDbEntity
  8
0
100
AcDbLine
 10
-3.3017
 20
-10.34152
 30
0.0
 11
-3.30737
 21
-10.35906
 31
0.0
  0
LINE
  5
62D
330
17
100
AcDbEntity
  8
0
100
AcDbLine
 10
-3.30737
 20
-10.35906
 30
0.0
 11
-3.3149
 21
-10.37589
 31
0.0
  0
LINE
  5
62E
330
17
100
AcDbEntity
  8
0
100
AcDbLine
 10
-3.3149
 20
-10.37589
 30
0.0
 11
-3.3242100000000003
 21
-10.3918
 31
0.0
  0
LINE
  5
62F
330
17
100
AcDbEntity
  8
0
100
AcDbLine
 10
-3.3242100000000003
 20
-10.3918
 30
0.0
 11
-3.3351800000000003
 21
-10.40661
 31
0.0
  0
LINE
  5
630
330
17
100
AcDbEntity
  8
0
100
AcDbLine
 10
-3.3351800000000003
 20
-10.40661
 30
0.0
 11
-3.34257
 21
-10.4146
 31
0.0
  0
LINE
  5
631
330
17
100
AcDbEntity
  8
0
100
AcDbLine
 10
-3.34257
 20
-10.4146
 30
0.0
 11
-3.35078
 21
-10.42174
 31
0.0
  0
LINE
  5
632
330
17
100
AcDbEntity
  8
0
100
AcDbLine
 10
-3.35078
 20
-10.42174
 30
0.0
 11
-3.35971
 21
-10.42796
 31
0.0
  0
LINE
  5
633
330
17
100
AcDbEntity
  8
0
100
AcDbLine
 10
-3.35971
 20
-10.42796
 30
0.0
 11
-3.3692599999999997
 21
-10.43317
 31
0.0
  0
LINE
  5
634
330
17
100
AcDbEntity
  8
0
100
AcDbLine
 10
-3.3692599999999997
 20
-10.43317
 30
0.0
 11
-3.37932
 21
-10.43731
 31
0.0
  0
LINE
  5
635
330
17
100
AcDbEntity
  8
0
100
AcDbLine
 10
-3.37932
 20
-10.43731
 30
0.0
 11
-3.3897799999999996
 21
-10.44033
 31
0.0
  0
LINE
  5
636
330
17
100
AcDbEntity
  8
0
100
AcDbLine
 10
-3.3897799999999996
 20
-10.44033
 30
0.0
 11
-3.40049
 21
-10.442210000000001
 31
0.0
  0
LINE
  5
637
330
17
100
AcDbEntity
  8
0
100
AcDbLine
 10
-3.40049
 20
-10.442210000000001
 30
0.0
 11
-3.41135
 21
-10.442919999999999
 31
0.0
  0
LINE
  5
638
330
17
100
AcDbEntity
  8
0
100
AcDbLine
 10
-3.41135
 20
-10.442919999999999
 30
0.0
 11
-3.4222200000000003
 21
-10.442440000000001
 31
0.0
  0
LINE
  5
639
330
17
100
AcDbEntity
  8
0
100
AcDbLine
 10
-3.4222200000000003
 20
-10.442440000000001
 30
0.0
 11
-3.43298
 21
-10.44079
 31
0.0
  0
LINE
  5
63A
330
17
100
AcDbEntity
  8
0
100
AcDbLine
 10
-3.43298
 20
-10.44079
 30
0.0
 11
-3.47289
 21
-10.43066
 31
0.0
  0
LINE
  5
63B
330
17
100
AcDbEntity
  8
0
100
AcDbLine
 10
-3.47289
 20
-10.43066
 30
0.0
 11
-3.51182
 21
-10.41722
 31
0.0
  0
LINE
  5
63C
330
17
100
AcDbEntity
  8
0
100
AcDbLine
 10
-3.51182
 20
-10.41722
 30
0.0
 11
-3.54948
 21
-10.40056
 31
0.0
  0
LINE
  5
63D
330
17
100
AcDbEntity
  8
0
100
AcDbLine
 10
-3.54948
 20
-10.40056
 30
0.0
 11
-3.58562
 21
-10.38081
 31
0.0
  0
LINE
  5
63E
330
17
100
AcDbEntity
  8
0
100
AcDbLine
 10
-3.58562
 20
-10.38081
 30
0.0
 11
-3.63462
 21
-10.34776
 31
0.0
  0
LINE
  5
63F
330
17
100
AcDbEntity
  8
0
100
AcDbLine
 10
-3.63462
 20
-10.34776
 30
0.0
 11
-3.6799799999999996
 21
-10.30988
 31
0.0
  0
LINE
  5
640
330
17
100
AcDbEntity
  8
0
100
AcDbLine
 10
-3.6799799999999996
 20
-10.30988
 30
0.0
 11
-3.72125
 21
-10.267570000000001
 31
0.0
  0
LINE
  5
641
330
17
100
AcDbEntity
  8
0
100
AcDbLine
 10
-3.72125
 20
-10.267570000000001
 30
0.0
 11
-3.73298
 21
-10.25277
 31
0.0
  0
LINE
  5
642
330
17
100
AcDbEntity
  8
0
100
AcDbLine
 10
-3.73298
 20
-10.25277
 30
0.0
 11
-3.74313
 21
-10.23684
 31
0.0
  0
LINE
  5
643
330
17
100
AcDbEntity
  8
0
100
AcDbLine
 10
-3.74313
 20
-10.23684
 30
0.0
 11
-3.75158
 21
-10.21995
 31
0.0
  0
LINE
  5
644
330
17
100
AcDbEntity
  8
0
100
AcDbLine
 10
-3.75158
 20
-10.21995
 30
0.0
 11
-3.75825
 21
-10.20228
 31
0.0
  0
LINE
  5
645
330
17
100
AcDbEntity
  8
0
100
AcDbLine
 10
-3.75825
 20
-10.20228
 30
0.0
 11
-3.76306
 21
-10.18401
 31
0.0
  0
LINE
  5
646
330
17
100
AcDbEntity
  8
0
100
AcDbLine
 10
-3.76306
 20
-10.18401
 30
0.0
 11
-3.76597
 21
-10.16535
 31
0.0
  0
LINE
  5
647
330
17
100
AcDbEntity
  8
0
100
AcDbLine
 10
-3.76597
 20
-10.16535
 30
0.0
 11
-3.76695
 21
-10.14649
 31
0.0
  0
LINE
  5
648
330
17
100
AcDbEntity
  8
0
100
AcDbLine
 10
-3.76695
 20
-10.14649
 30
0.0
 11
-3.7682700000000002
 21
-10.12077
 31
0.0
  0
LINE
  5
649
330
17
100
AcDbEntity
  8
0
100
AcDbLine
 10
-3.7682700000000002
 20
-10.12077
 30
0.0
 11
-3.77223
 21
-10.09531
 31
0.0
  0
LINE
  5
64A
330
17
100
AcDbEntity
  8
0
100
AcDbLine
 10
-3.77223
 20
-10.09531
 30
0.0
 11
-3.79408
 21
-9.998850000000001
 31
0.0
  0
LINE
  5
64B
330
17
100
AcDbEntity
  8
0
100
AcDbLine
 10
-3.79408
 20
-9.998850000000001
 30
0.0
 11
-3.82396
 21
-9.88594
 31
0.0
  0
LINE
  5
64C
330
17
100
AcDbEntity
  8
0
100
AcDbLine
 10
-3.82396
 20
-9.88594
 30
0.0
 11
-3.85933
 21
-9.76899
 31
0.0
  0
LINE
  5
64D
330
17
100
AcDbEntity
  8
0
100
AcDbLine
 10
-3.85933
 20
-9.76899
 30
0.0
 11
-3.9183200000000005
 21
-9.60663
 31
0.0
  0
LINE
  5
64E
330
17
100
AcDbEntity
  8
0
100
AcDbLine
 10
-3.9183200000000005
 20
-9.60663
 30
0.0
 11
-3.98962
 21
-9.449290000000001
 31
0.0
  0
LINE
  5
64F
330
17
100
AcDbEntity
  8
0
100
AcDbLine
 10
-3.98962
 20
-9.449290000000001
 30
0.0
 11
-4.07281
 21
-9.2979
 31
0.0
  0
LINE
  5
650
330
17
100
AcDbEntity
  8
0
100
AcDbLine
 10
-4.07281
 20
-9.2979
 30
0.0
 11
-4.164969999999999
 21
-9.15824
 31
0.0
  0
LINE
  5
651
330
17
100
AcDbEntity
  8
0
100
AcDbLine
 10
-4.164969999999999
 20
-9.15824
 30
0.0
 11
-4.21356
 21
-9.09665
 31
0.0
  0
LINE
  5
652
330
17
100
AcDbEntity
  8
0
100
AcDbLine
 10
-4.21356
 20
-9.09665
 30
0.0
 11
-4.26861
 21
-9.026879999999998
 31
0.0
  0
LINE
  5
653
330
17
100
AcDbEntity
  8
0
100
AcDbLine
 10
-4.26861
 20
-9.026879999999998
 30
0.0
 11
-4.3829899999999995
 21
-8.90475
 31
0.0
  0
LINE
  5
654
330
17
100
AcDbEntity
  8
0
100
AcDbLine
 10
-4.3829899999999995
 20
-8.90475
 30
0.0
 11
-4.49498
 21
-8.80485
 31
0.0
  0
LINE
  5
655
330
17
100
AcDbEntity
  8
0
100
AcDbLine
 10
-4.49498
 20
-8.80485
 30
0.0
 11
-4.61591
 21
-8.71597
 31
0.0
  0
LINE
  5
656
330
17
100
AcDbEntity
  8
0
100
AcDbLine
 10
-4.61591
 20
-8.71597
 30
0.0
 11
-4.6823500000000005
 21
-8.67623
 31
0.0
  0
LINE
  5
657
330
17
100
AcDbEntity
  8
0
100
AcDbLine
 10
-4.6823500000000005
 20
-8.67623
 30
0.0
 11
-4.7447
 21
-8.63893
 31
0.0
  0
LINE
  5
658
330
17
100
AcDbEntity
  8
0
100
AcDbLine
 10
-4.7447
 20
-8.63893
 30
0.0
 11
-4.81349
 21
-8.606110000000001
 31
0.0
  0
LINE
  5
659
330
17
100
AcDbEntity
  8
0
100
AcDbLine
 10
-4.81349
 20
-8.606110000000001
 30
0.0
 11
-4.88503
 21
-8.57984
 31
0.0
  0
LINE
  5
65A
330
17
100
AcDbEntity
  8
0
100
AcDbLine
 10
-4.88503
 20
-8.57984
 30
0.0
 11
-4.95871
 21
-8.56034
 31
0.0
  0
LINE
  5
65B
330
17
100
AcDbEntity
  8
0
100
AcDbLine
 10
-4.95871
 20
-8.56034
 30
0.0
 11
-5.03388
 21
-8.54778
 31
0.0
  0
LINE
  5
65C
330
17
100
AcDbEntity
  8
0
100
AcDbLine
 10
-5.03388
 20
-8.54778
 30
0.0
 11
-5.10989
 21
-8.54228
 31
0.0
  0
LINE
  5
65D
330
17
100
AcDbEntity
  8
0
100
AcDbLine
 10
-5.10989
 20
-8.54228
 30
0.0
 11
-5.20596
 21
-8.54309
 31
0.0
  0
LINE
  5
65E
330
17
100
AcDbEntity
  8
0
100
AcDbLine
 10
-5.20596
 20
-8.54309
 30
0.0
 11
-5.21944
 21
-8.54423
 31
0.0
  0
LINE
  5
65F
330
17
100
AcDbEntity
  8
0
100
AcDbLine
 10
-5.21944
 20
-8.54423
 30
0.0
 11
-5.23278
 21
-8.5465
 31
0.0
  0
LINE
  5
660
330
17
100
AcDbEntity
  8
0
100
AcDbLine
 10
-5.23278
 20
-8.5465
 30
0.0
 11
-5.245889999999999
 21
-8.54988
 31
0.0
  0
LINE
  5
661
330
17
100
AcDbEntity
  8
0
100
AcDbLine
 10
-5.245889999999999
 20
-8.54988
 30
0.0
 11
-5.25866
 21
-8.55436
 31
0.0
  0
LINE
  5
662
330
17
100
AcDbEntity
  8
0
100
AcDbLine
 10
-5.25866
 20
-8.55436
 30
0.0
 11
-5.26993
 21
-8.55952
 31
0.0
  0
LINE
  5
663
330
17
100
AcDbEntity
  8
0
100
AcDbLine
 10
-5.26993
 20
-8.55952
 30
0.0
 11
-5.28062
 21
-8.5658
 31
0.0
  0
LINE
  5
664
330
17
100
AcDbEntity
  8
0
100
AcDbLine
 10
-5.28062
 20
-8.5658
 30
0.0
 11
-5.2906200000000005
 21
-8.57312
 31
0.0
  0
LINE
  5
665
330
17
100
AcDbEntity
  8
0
100
AcDbLine
 10
-5.2906200000000005
 20
-8.57312
 30
0.0
 11
-5.29983
 21
-8.58142
 31
0.0
  0
LINE
  5
666
330
17
100
AcDbEntity
  8
0
100
AcDbLine
 10
-5.29983
 20
-8.58142
 30
0.0
 11
-5.32571
 21
-8.60886
 31
0.0
  0
LINE
  5
667
330
17
100
AcDbEntity
  8
0
100
AcDbLine
 10
-5.32571
 20
-8.60886
 30
0.0
 11
-5.349869999999999
 21
-8.63782
 31
0.0
  0
LINE
  5
668
330
17
100
AcDbEntity
  8
0
100
AcDbLine
 10
-5.349869999999999
 20
-8.63782
 30
0.0
 11
-5.3732
 21
-8.66576
 31
0.0
  0
LINE
  5
669
330
17
100
AcDbEntity
  8
0
100
AcDbLine
 10
-5.3732
 20
-8.66576
 30
0.0
 11
-5.3831
 21
-8.67623
 31
0.0
  0
LINE
  5
66A
330
17
100
AcDbEntity
  8
0
100
AcDbLine
 10
-5.3831
 20
-8.67623
 30
0.0
 11
-5.39821
 21
-8.692200000000001
 31
0.0
  0
LINE
  5
66B
330
17
100
AcDbEntity
  8
0
100
AcDbLine
 10
-5.39821
 20
-8.692200000000001
 30
0.0
 11
-5.4075299999999995
 21
-8.70064
 31
0.0
  0
LINE
  5
66C
330
17
100
AcDbEntity
  8
0
100
AcDbLine
 10
-5.4075299999999995
 20
-8.70064
 30
0.0
 11
-5.41756
 21
-8.70821
 31
0.0
  0
LINE
  5
66D
330
17
100
AcDbEntity
  8
0
100
AcDbLine
 10
-5.41756
 20
-8.70821
 30
0.0
 11
-5.42824
 21
-8.71484
 31
0.0
  0
LINE
  5
66E
330
17
100
AcDbEntity
  8
0
100
AcDbLine
 10
-5.42824
 20
-8.71484
 30
0.0
 11
-5.43948
 21
-8.720469999999999
 31
0.0
  0
LINE
  5
66F
330
17
100
AcDbEntity
  8
0
100
AcDbLine
 10
-5.43948
 20
-8.720469999999999
 30
0.0
 11
-5.45175
 21
-8.72535
 31
0.0
  0
LINE
  5
670
330
17
100
AcDbEntity
  8
0
100
AcDbLine
 10
-5.45175
 20
-8.72535
 30
0.0
 11
-5.464379999999999
 21
-8.72921
 31
0.0
  0
LINE
  5
671
330
17
100
AcDbEntity
  8
0
100
AcDbLine
 10
-5.464379999999999
 20
-8.72921
 30
0.0
 11
-5.47729
 21
-8.73202
 31
0.0
  0
LINE
  5
672
330
17
100
AcDbEntity
  8
0
100
AcDbLine
 10
-5.47729
 20
-8.73202
 30
0.0
 11
-5.49038
 21
-8.73376
 31
0.0
  0
LINE
  5
673
330
17
100
AcDbEntity
  8
0
100
AcDbLine
 10
-5.49038
 20
-8.73376
 30
0.0
 11
-5.57329
 21
-8.73753
 31
0.0
  0
LINE
  5
674
330
17
100
AcDbEntity
  8
0
100
AcDbLine
 10
-5.57329
 20
-8.73753
 30
0.0
 11
-5.63287
 21
-8.74043
 31
0.0
  0
LINE
  5
675
330
17
100
AcDbEntity
  8
0
100
AcDbLine
 10
-5.63287
 20
-8.74043
 30
0.0
 11
-5.69174
 21
-8.74911
 31
0.0
  0
LINE
  5
676
330
17
100
AcDbEntity
  8
0
100
AcDbLine
 10
-5.69174
 20
-8.74911
 30
0.0
 11
-5.7421
 21
-8.76174
 31
0.0
  0
LINE
  5
677
330
17
100
AcDbEntity
  8
0
100
AcDbLine
 10
-5.7421
 20
-8.76174
 30
0.0
 11
-5.75015
 21
-8.764569999999999
 31
0.0
  0
LINE
  5
678
330
17
100
AcDbEntity
  8
0
100
AcDbLine
 10
-5.75015
 20
-8.764569999999999
 30
0.0
 11
-5.75794
 21
-8.76807
 31
0.0
  0
LINE
  5
679
330
17
100
AcDbEntity
  8
0
100
AcDbLine
 10
-5.75794
 20
-8.76807
 30
0.0
 11
-5.76541
 21
-8.772210000000001
 31
0.0
  0
LINE
  5
67A
330
17
100
AcDbEntity
  8
0
100
AcDbLine
 10
-5.76541
 20
-8.772210000000001
 30
0.0
 11
-5.7725
 21
-8.776950000000001
 31
0.0
  0
LINE
  5
67B
330
17
100
AcDbEntity
  8
0
100
AcDbLine
 10
-5.7725
 20
-8.776950000000001
 30
0.0
 11
-5.78241
 21
-8.78496
 31
0.0
  0
LINE
  5
67C
330
17
100
AcDbEntity
  8
0
100
AcDbLine
 10
-5.78241
 20
-8.78496
 30
0.0
 11
-5.79149
 21
-8.7939
 31
0.0
  0
LINE
  5
67D
330
17
100
AcDbEntity
  8
0
100
AcDbLine
 10
-5.79149
 20
-8.7939
 30
0.0
 11
-5.79966
 21
-8.80367
 31
0.0
  0
LINE
  5
67E
330
17
100
AcDbEntity
  8
0
100
AcDbLine
 10
-5.79966
 20
-8.80367
 30
0.0
 11
-5.80685
 21
-8.81419
 31
0.0
  0
LINE
  5
67F
330
17
100
AcDbEntity
  8
0
100
AcDbLine
 10
-5.80685
 20
-8.81419
 30
0.0
 11
-5.81297
 21
-8.825360000000002
 31
0.0
  0
LINE
  5
680
330
17
100
AcDbEntity
  8
0
100
AcDbLine
 10
-5.81297
 20
-8.825360000000002
 30
0.0
 11
-5.81799
 21
-8.83707
 31
0.0
  0
LINE
  5
681
330
17
100
AcDbEntity
  8
0
100
AcDbLine
 10
-5.81799
 20
-8.83707
 30
0.0
 11
-5.82184
 21
-8.849219999999999
 31
0.0
  0
LINE
  5
682
330
17
100
AcDbEntity
  8
0
100
AcDbLine
 10
-5.82184
 20
-8.849219999999999
 30
0.0
 11
-5.83132
 21
-8.89153
 31
0.0
  0
LINE
  5
683
330
17
100
AcDbEntity
  8
0
100
AcDbLine
 10
-5.83132
 20
-8.89153
 30
0.0
 11
-5.837529999999999
 21
-8.93444
 31
0.0
  0
LINE
  5
684
330
17
100
AcDbEntity
  8
0
100
AcDbLine
 10
-5.837529999999999
 20
-8.93444
 30
0.0
 11
-5.84044
 21
-8.97769
 31
0.0
  0
LINE
  5
685
330
17
100
AcDbEntity
  8
0
100
AcDbLine
 10
-5.84044
 20
-8.97769
 30
0.0
 11
-5.83966
 21
-9.07282
 31
0.0
  0
LINE
  5
686
330
17
100
AcDbEntity
  8
0
100
AcDbLine
 10
-5.83966
 20
-9.07282
 30
0.0
 11
-5.83769
 21
-9.09665
 31
0.0
  0
LINE
  5
687
330
17
100
AcDbEntity
  8
0
100
AcDbLine
 10
-5.83769
 20
-9.09665
 30
0.0
 11
-5.83182
 21
-9.16762
 31
0.0
  0
LINE
  5
688
330
17
100
AcDbEntity
  8
0
100
AcDbLine
 10
-5.83182
 20
-9.16762
 30
0.0
 11
-5.79176
 21
-9.443109999999999
 31
0.0
  0
LINE
  5
689
330
17
100
AcDbEntity
  8
0
100
AcDbLine
 10
-5.79176
 20
-9.443109999999999
 30
0.0
 11
-5.7022699999999995
 21
-9.97203
 31
0.0
  0
LINE
  5
68A
330
17
100
AcDbEntity
  8
0
100
AcDbLine
 10
-5.7022699999999995
 20
-9.97203
 30
0.0
 11
-5.677770000000001
 21
-10.147319999999999
 31
0.0
  0
LINE
  5
68B
330
17
100
AcDbEntity
  8
0
100
AcDbLine
 10
-5.677770000000001
 20
-10.147319999999999
 30
0.0
 11
-5.67448
 21
-10.19552
 31
0.0
  0
LINE
  5
68C
330
17
100
AcDbEntity
  8
0
100
AcDbLine
 10
-5.67448
 20
-10.19552
 30
0.0
 11
-5.67544
 21
-10.243820000000001
 31
0.0
  0
LINE
  5
68D
330
17
100
AcDbEntity
  8
0
100
AcDbLine
 10
-5.67544
 20
-10.243820000000001
 30
0.0
 11
-5.677490000000001
 21
-10.262550000000001
 31
0.0
  0
LINE
  5
68E
330
17
100
AcDbEntity
  8
0
100
AcDbLine
 10
-5.677490000000001
 20
-10.262550000000001
 30
0.0
 11
-5.68123
 21
-10.28103
 31
0.0
  0
LINE
  5
68F
330
17
100
AcDbEntity
  8
0
100
AcDbLine
 10
-5.68123
 20
-10.28103
 30
0.0
 11
-5.68664
 21
-10.29908
 31
0.0
  0
LINE
  5
690
330
17
100
AcDbEntity
  8
0
100
AcDbLine
 10
-5.68664
 20
-10.29908
 30
0.0
 11
-5.69367
 21
-10.31657
 31
0.0
  0
LINE
  5
691
330
17
100
AcDbEntity
  8
0
100
AcDbLine
 10
-5.69367
 20
-10.31657
 30
0.0
 11
-5.7024
 21
-10.33327
 31
0.0
  0
LINE
  5
692
330
17
100
AcDbEntity
  8
0
100
AcDbLine
 10
-5.7024
 20
-10.33327
 30
0.0
 11
-5.7129
 21
-10.34893
 31
0.0
  0
LINE
  5
693
330
17
100
AcDbEntity
  8
0
100
AcDbLine
 10
-5.7129
 20
-10.34893
 30
0.0
 11
-5.72029
 21
-10.35786
 31
0.0
  0
LINE
  5
694
330
17
100
AcDbEntity
  8
0
100
AcDbLine
 10
-5.72029
 20
-10.35786
 30
0.0
 11
-5.72848
 21
-10.36608
 31
0.0
  0
LINE
  5
695
330
17
100
AcDbEntity
  8
0
100
AcDbLine
 10
-5.72848
 20
-10.36608
 30
0.0
 11
-5.73739
 21
-10.373510000000001
 31
0.0
  0
LINE
  5
696
330
17
100
AcDbEntity
  8
0
100
AcDbLine
 10
-5.73739
 20
-10.373510000000001
 30
0.0
 11
-5.74627
 21
-10.37956
 31
0.0
  0
LINE
  5
697
330
17
100
AcDbEntity
  8
0
100
AcDbLine
 10
-5.74627
 20
-10.37956
 30
0.0
 11
-5.75571
 21
-10.38469
 31
0.0
  0
LINE
  5
698
330
17
100
AcDbEntity
  8
0
100
AcDbLine
 10
-5.75571
 20
-10.38469
 30
0.0
 11
-5.76563
 21
-10.38884
 31
0.0
  0
LINE
  5
699
330
17
100
AcDbEntity
  8
0
100
AcDbLine
 10
-5.76563
 20
-10.38884
 30
0.0
 11
-5.77299
 21
-10.39114
 31
0.0
  0
LINE
  5
69A
330
17
100
AcDbEntity
  8
0
100
AcDbLine
 10
-5.77299
 20
-10.39114
 30
0.0
 11
-5.78053
 21
-10.392790000000002
 31
0.0
  0
LINE
  5
69B
330
17
100
AcDbEntity
  8
0
100
AcDbLine
 10
-5.78053
 20
-10.392790000000002
 30
0.0
 11
-5.78819
 21
-10.39379
 31
0.0
  0
LINE
  5
69C
330
17
100
AcDbEntity
  8
0
100
AcDbLine
 10
-5.78819
 20
-10.39379
 30
0.0
 11
-5.7959
 21
-10.39412
 31
0.0
  0
LINE
  5
69D
330
17
100
AcDbEntity
  8
0
100
AcDbLine
 10
-5.7959
 20
-10.39412
 30
0.0
 11
-5.81003
 21
-10.39347
 31
0.0
  0
LINE
  5
69E
330
17
100
AcDbEntity
  8
0
100
AcDbLine
 10
-5.81003
 20
-10.39347
 30
0.0
 11
-5.82403
 21
-10.391499999999999
 31
0.0
  0
LINE
  5
69F
330
17
100
AcDbEntity
  8
0
100
AcDbLine
 10
-5.82403
 20
-10.391499999999999
 30
0.0
 11
-5.8378
 21
-10.38825
 31
0.0
  0
LINE
  5
6A0
330
17
100
AcDbEntity
  8
0
100
AcDbLine
 10
-5.8378
 20
-10.38825
 30
0.0
 11
-5.85121
 21
-10.383740000000001
 31
0.0
  0
LINE
  5
6A1
330
17
100
AcDbEntity
  8
0
100
AcDbLine
 10
-5.85121
 20
-10.383740000000001
 30
0.0
 11
-5.86414
 21
-10.378
 31
0.0
  0
LINE
  5
6A2
330
17
100
AcDbEntity
  8
0
100
AcDbLine
 10
-5.86414
 20
-10.378
 30
0.0
 11
-5.87648
 21
-10.371089999999999
 31
0.0
  0
LINE
  5
6A3
330
17
100
AcDbEntity
  8
0
100
AcDbLine
 10
-5.87648
 20
-10.371089999999999
 30
0.0
 11
-6.0210799999999995
 21
-10.273010000000001
 31
0.0
  0
LINE
  5
6A4
330
17
100
AcDbEntity
  8
0
100
AcDbLine
 10
-6.0210799999999995
 20
-10.273010000000001
 30
0.0
 11
-6.10199
 21
-10.20723
 31
0.0
  0
LINE
  5
6A5
330
17
100
AcDbEntity
  8
0
100
AcDbLine
 10
-6.10199
 20
-10.20723
 30
0.0
 11
-6.16648
 21
-10.15481
 31
0.0
  0
LINE
  5
6A6
330
17
100
AcDbEntity
  8
0
100
AcDbLine
 10
-6.16648
 20
-10.15481
 30
0.0
 11
-6.2218100000000005
 21
-10.10097
 31
0.0
  0
LINE
  5
6A7
330
17
100
AcDbEntity
  8
0
100
AcDbLine
 10
-6.2218100000000005
 20
-10.10097
 30
0.0
 11
-6.27244
 21
-10.0427
 31
0.0
  0
LINE
  5
6A8
330
17
100
AcDbEntity
  8
0
100
AcDbLine
 10
-6.27244
 20
-10.0427
 30
0.0
 11
-6.357
 21
-9.936729999999999
 31
0.0
  0
LINE
  5
6A9
330
17
100
AcDbEntity
  8
0
100
AcDbLine
 10
-6.357
 20
-9.936729999999999
 30
0.0
 11
-6.35855
 21
-9.09665
 31
0.0
  0
LINE
  5
6AA
330
17
100
AcDbEntity
  8
0
100
AcDbLine
 10
-6.35855
 20
-9.09665
 30
0.0
 11
-6.35921
 21
-8.741499999999998
 31
0.0
  0
LINE
  5
6AB
330
17
100
AcDbEntity
  8
0
100
AcDbLine
 10
-6.35921
 20
-8.741499999999998
 30
0.0
 11
-6.26718
 21
-8.72473
 31
0.0
  0
LINE
  5
6AC
330
17
100
AcDbEntity
  8
0
100
AcDbLine
 10
-6.26718
 20
-8.72473
 30
0.0
 11
-6.22323
 21
-8.717
 31
0.0
  0
LINE
  5
6AD
330
17
100
AcDbEntity
  8
0
100
AcDbLine
 10
-6.22323
 20
-8.717
 30
0.0
 11
-6.16613
 21
-8.7075
 31
0.0
  0
LINE
  5
6AE
330
17
100
AcDbEntity
  8
0
100
AcDbLine
 10
-6.16613
 20
-8.7075
 30
0.0
 11
-6.106140000000001
 21
-8.69787
 31
0.0
  0
LINE
  5
6AF
330
17
100
AcDbEntity
  8
0
100
AcDbLine
 10
-6.106140000000001
 20
-8.69787
 30
0.0
 11
-6.10199
 21
-8.697230000000001
 31
0.0
  0
LINE
  5
6B0
330
17
100
AcDbEntity
  8
0
100
AcDbLine
 10
-6.10199
 20
-8.697230000000001
 30
0.0
 11
-6.05243
 21
-8.689630000000001
 31
0.0
  0
LINE
  5
6B1
330
17
100
AcDbEntity
  8
0
100
AcDbLine
 10
-6.05243
 20
-8.689630000000001
 30
0.0
 11
-5.9885
 21
-8.67765
 31
0.0
  0
LINE
  5
6B2
330
17
100
AcDbEntity
  8
0
100
AcDbLine
 10
-5.9885
 20
-8.67765
 30
0.0
 11
-5.98313
 21
-8.67623
 31
0.0
  0
LINE
  5
6B3
330
17
100
AcDbEntity
  8
0
100
AcDbLine
 10
-5.98313
 20
-8.67623
 30
0.0
 11
-5.92562
 21
-8.661
 31
0.0
  0
LINE
  5
6B4
330
17
100
AcDbEntity
  8
0
100
AcDbLine
 10
-5.92562
 20
-8.661
 30
0.0
 11
-5.90433
 21
-8.65327
 31
0.0
  0
LINE
  5
6B5
330
17
100
AcDbEntity
  8
0
100
AcDbLine
 10
-5.90433
 20
-8.65327
 30
0.0
 11
-5.88397
 21
-8.64335
 31
0.0
  0
LINE
  5
6B6
330
17
100
AcDbEntity
  8
0
100
AcDbLine
 10
-5.88397
 20
-8.64335
 30
0.0
 11
-5.86477
 21
-8.63135
 31
0.0
  0
LINE
  5
6B7
330
17
100
AcDbEntity
  8
0
100
AcDbLine
 10
-5.86477
 20
-8.63135
 30
0.0
 11
-5.84693
 21
-8.6174
 31
0.0
  0
LINE
  5
6B8
330
17
100
AcDbEntity
  8
0
100
AcDbLine
 10
-5.84693
 20
-8.6174
 30
0.0
 11
-5.8378
 21
-8.60867
 31
0.0
  0
LINE
  5
6B9
330
17
100
AcDbEntity
  8
0
100
AcDbLine
 10
-5.8378
 20
-8.60867
 30
0.0
 11
-5.82953
 21
-8.59911
 31
0.0
  0
LINE
  5
6BA
330
17
100
AcDbEntity
  8
0
100
AcDbLine
 10
-5.82953
 20
-8.59911
 30
0.0
 11
-5.8222
 21
-8.58882
 31
0.0
  0
LINE
  5
6BB
330
17
100
AcDbEntity
  8
0
100
AcDbLine
 10
-5.8222
 20
-8.58882
 30
0.0
 11
-5.81588
 21
-8.57788
 31
0.0
  0
LINE
  5
6BC
330
17
100
AcDbEntity
  8
0
100
AcDbLine
 10
-5.81588
 20
-8.57788
 30
0.0
 11
-5.81062
 21
-8.56639
 31
0.0
  0
LINE
  5
6BD
330
17
100
AcDbEntity
  8
0
100
AcDbLine
 10
-5.81062
 20
-8.56639
 30
0.0
 11
-5.80647
 21
-8.55446
 31
0.0
  0
LINE
  5
6BE
330
17
100
AcDbEntity
  8
0
100
AcDbLine
 10
-5.80647
 20
-8.55446
 30
0.0
 11
-5.80124
 21
-8.53324
 31
0.0
  0
LINE
  5
6BF
330
17
100
AcDbEntity
  8
0
100
AcDbLine
 10
-5.80124
 20
-8.53324
 30
0.0
 11
-5.7980100000000006
 21
-8.511619999999999
 31
0.0
  0
LINE
  5
6C0
330
17
100
AcDbEntity
  8
0
100
AcDbLine
 10
-5.7980100000000006
 20
-8.511619999999999
 30
0.0
 11
-5.79679
 21
-8.4898
 31
0.0
  0
LINE
  5
6C1
330
17
100
AcDbEntity
  8
0
100
AcDbLine
 10
-5.79679
 20
-8.4898
 30
0.0
 11
-5.7976
 21
-8.46796
 31
0.0
  0
LINE
  5
6C2
330
17
100
AcDbEntity
  8
0
100
AcDbLine
 10
-5.7976
 20
-8.46796
 30
0.0
 11
-5.8001
 21
-8.448409999999999
 31
0.0
  0
LINE
  5
6C3
330
17
100
AcDbEntity
  8
0
100
AcDbLine
 10
-5.8001
 20
-8.448409999999999
 30
0.0
 11
-5.8043000000000005
 21
-8.42915
 31
0.0
  0
LINE
  5
6C4
330
17
100
AcDbEntity
  8
0
100
AcDbLine
 10
-5.8043000000000005
 20
-8.42915
 30
0.0
 11
-5.81016
 21
-8.41034
 31
0.0
  0
LINE
  5
6C5
330
17
100
AcDbEntity
  8
0
100
AcDbLine
 10
-5.81016
 20
-8.41034
 30
0.0
 11
-5.8176499999999995
 21
-8.392109999999999
 31
0.0
  0
LINE
  5
6C6
330
17
100
AcDbEntity
  8
0
100
AcDbLine
 10
-5.8176499999999995
 20
-8.392109999999999
 30
0.0
 11
-5.8267
 21
-8.374609999999999
 31
0.0
  0
LINE
  5
6C7
330
17
100
AcDbEntity
  8
0
100
AcDbLine
 10
-5.8267
 20
-8.374609999999999
 30
0.0
 11
-5.83461
 21
-8.36233
 31
0.0
  0
LINE
  5
6C8
330
17
100
AcDbEntity
  8
0
100
AcDbLine
 10
-5.83461
 20
-8.36233
 30
0.0
 11
-5.84375
 21
-8.35094
 31
0.0
  0
LINE
  5
6C9
330
17
100
AcDbEntity
  8
0
100
AcDbLine
 10
-5.84375
 20
-8.35094
 30
0.0
 11
-5.85401
 21
-8.34055
 31
0.0
  0
LINE
  5
6CA
330
17
100
AcDbEntity
  8
0
100
AcDbLine
 10
-5.85401
 20
-8.34055
 30
0.0
 11
-5.86529
 21
-8.33127
 31
0.0
  0
LINE
  5
6CB
330
17
100
AcDbEntity
  8
0
100
AcDbLine
 10
-5.86529
 20
-8.33127
 30
0.0
 11
-5.87746
 21
-8.32321
 31
0.0
  0
LINE
  5
6CC
330
17
100
AcDbEntity
  8
0
100
AcDbLine
 10
-5.87746
 20
-8.32321
 30
0.0
 11
-5.8904
 21
-8.31645
 31
0.0
  0
LINE
  5
6CD
330
17
100
AcDbEntity
  8
0
100
AcDbLine
 10
-5.8904
 20
-8.31645
 30
0.0
 11
-5.9183200000000005
 21
-8.3051
 31
0.0
  0
LINE
  5
6CE
330
17
100
AcDbEntity
  8
0
100
AcDbLine
 10
-5.9183200000000005
 20
-8.3051
 30
0.0
 11
-5.94712
 21
-8.29624
 31
0.0
  0
LINE
  5
6CF
330
17
100
AcDbEntity
  8
0
100
AcDbLine
 10
-5.94712
 20
-8.29624
 30
0.0
 11
-5.976579999999999
 21
-8.289919999999999
 31
0.0
  0
LINE
  5
6D0
330
17
100
AcDbEntity
  8
0
100
AcDbLine
 10
-5.976579999999999
 20
-8.289919999999999
 30
0.0
 11
-6.00648
 21
-8.28621
 31
0.0
  0
LINE
  5
6D1
330
17
100
AcDbEntity
  8
0
100
AcDbLine
 10
-6.00648
 20
-8.28621
 30
0.0
 11
-6.10199
 21
-8.282309999999999
 31
0.0
  0
LINE
  5
6D2
330
17
100
AcDbEntity
  8
0
100
AcDbLine
 10
-6.10199
 20
-8.282309999999999
 30
0.0
 11
-6.21231
 21
-8.27781
 31
0.0
  0
LINE
  5
6D3
330
17
100
AcDbEntity
  8
0
100
AcDbLine
 10
-6.21231
 20
-8.27781
 30
0.0
 11
-6.46422
 21
-8.27736
 31
0.0
  0
LINE
  5
6D4
330
17
100
AcDbEntity
  8
0
100
AcDbLine
 10
-6.46422
 20
-8.27736
 30
0.0
 11
-6.49742
 21
-8.14698
 31
0.0
  0
LINE
  5
6D5
330
17
100
AcDbEntity
  8
0
100
AcDbLine
 10
-6.49742
 20
-8.14698
 30
0.0
 11
-6.66243
 21
-7.59692
 31
0.0
  0
LINE
  5
6D6
330
17
100
AcDbEntity
  8
0
100
AcDbLine
 10
-6.66243
 20
-7.59692
 30
0.0
 11
-6.74991
 21
-7.37007
 31
0.0
  0
LINE
  5
6D7
330
17
100
AcDbEntity
  8
0
100
AcDbLine
 10
-6.74991
 20
-7.37007
 30
0.0
 11
-6.85282
 21
-7.149800000000001
 31
0.0
  0
LINE
  5
6D8
330
17
100
AcDbEntity
  8
0
100
AcDbLine
 10
-6.85282
 20
-7.149800000000001
 30
0.0
 11
-6.9495
 21
-6.978289999999999
 31
0.0
  0
LINE
  5
6D9
330
17
100
AcDbEntity
  8
0
100
AcDbLine
 10
-6.9495
 20
-6.978289999999999
 30
0.0
 11
-7.02183
 21
-6.87186
 31
0.0
  0
LINE
  5
6DA
330
17
100
AcDbEntity
  8
0
100
AcDbLine
 10
-7.02183
 20
-6.87186
 30
0.0
 11
-7.06017
 21
-6.81545
 31
0.0
  0
LINE
  5
6DB
330
17
100
AcDbEntity
  8
0
100
AcDbLine
 10
-7.06017
 20
-6.81545
 30
0.0
 11
-7.10711
 21
-6.75819
 31
0.0
  0
LINE
  5
6DC
330
17
100
AcDbEntity
  8
0
100
AcDbLine
 10
-7.10711
 20
-6.75819
 30
0.0
 11
-7.15934
 21
-6.705690000000001
 31
0.0
  0
LINE
  5
6DD
330
17
100
AcDbEntity
  8
0
100
AcDbLine
 10
-7.15934
 20
-6.705690000000001
 30
0.0
 11
-7.21636
 21
-6.65846
 31
0.0
  0
LINE
  5
6DE
330
17
100
AcDbEntity
  8
0
100
AcDbLine
 10
-7.21636
 20
-6.65846
 30
0.0
 11
-7.27766
 21
-6.61691
 31
0.0
  0
LINE
  5
6DF
330
17
100
AcDbEntity
  8
0
100
AcDbLine
 10
-7.27766
 20
-6.61691
 30
0.0
 11
-7.30045
 21
-6.60446
 31
0.0
  0
LINE
  5
6E0
330
17
100
AcDbEntity
  8
0
100
AcDbLine
 10
-7.30045
 20
-6.60446
 30
0.0
 11
-7.32431
 21
-6.59422
 31
0.0
  0
LINE
  5
6E1
330
17
100
AcDbEntity
  8
0
100
AcDbLine
 10
-7.32431
 20
-6.59422
 30
0.0
 11
-7.3536
 21
-6.58421
 31
0.0
  0
LINE
  5
6E2
330
17
100
AcDbEntity
  8
0
100
AcDbLine
 10
-7.3536
 20
-6.58421
 30
0.0
 11
-7.38341
 21
-6.5758600000000005
 31
0.0
  0
LINE
  5
6E3
330
17
100
AcDbEntity
  8
0
100
AcDbLine
 10
-7.38341
 20
-6.5758600000000005
 30
0.0
 11
-7.415
 21
-6.56888
 31
0.0
  0
LINE
  5
6E4
330
17
100
AcDbEntity
  8
0
100
AcDbLine
 10
-7.415
 20
-6.56888
 30
0.0
 11
-7.44692
 21
-6.56364
 31
0.0
  0
LINE
  5
6E5
330
17
100
AcDbEntity
  8
0
100
AcDbLine
 10
-7.44692
 20
-6.56364
 30
0.0
 11
-7.477
 21
-6.56057
 31
0.0
  0
LINE
  5
6E6
330
17
100
AcDbEntity
  8
0
100
AcDbLine
 10
-7.477
 20
-6.56057
 30
0.0
 11
-7.507210000000001
 21
-6.55953
 31
0.0
  0
LINE
  5
6E7
330
17
100
AcDbEntity
  8
0
100
AcDbLine
 10
-7.507210000000001
 20
-6.55953
 30
0.0
 11
-7.54686
 21
-6.5608200000000005
 31
0.0
  0
LINE
  5
6E8
330
17
100
AcDbEntity
  8
0
100
AcDbLine
 10
-7.54686
 20
-6.5608200000000005
 30
0.0
 11
-7.586329999999999
 21
-6.5647400000000005
 31
0.0
  0
LINE
  5
6E9
330
17
100
AcDbEntity
  8
0
100
AcDbLine
 10
-7.586329999999999
 20
-6.5647400000000005
 30
0.0
 11
-7.60057
 21
-6.56724
 31
0.0
  0
LINE
  5
6EA
330
17
100
AcDbEntity
  8
0
100
AcDbLine
 10
-7.60057
 20
-6.56724
 30
0.0
 11
-7.61456
 21
-6.57093
 31
0.0
  0
LINE
  5
6EB
330
17
100
AcDbEntity
  8
0
100
AcDbLine
 10
-7.61456
 20
-6.57093
 30
0.0
 11
-7.62818
 21
-6.5757699999999994
 31
0.0
  0
LINE
  5
6EC
330
17
100
AcDbEntity
  8
0
100
AcDbLine
 10
-7.62818
 20
-6.5757699999999994
 30
0.0
 11
-7.64136
 21
-6.58173
 31
0.0
  0
LINE
  5
6ED
330
17
100
AcDbEntity
  8
0
100
AcDbLine
 10
-7.64136
 20
-6.58173
 30
0.0
 11
-7.66003
 21
-6.59223
 31
0.0
  0
LINE
  5
6EE
330
17
100
AcDbEntity
  8
0
100
AcDbLine
 10
-7.66003
 20
-6.59223
 30
0.0
 11
-7.67767
 21
-6.60438
 31
0.0
  0
LINE
  5
6EF
330
17
100
AcDbEntity
  8
0
100
AcDbLine
 10
-7.67767
 20
-6.60438
 30
0.0
 11
-7.69414
 21
-6.61808
 31
0.0
  0
LINE
  5
6F0
330
17
100
AcDbEntity
  8
0
100
AcDbLine
 10
-7.69414
 20
-6.61808
 30
0.0
 11
-7.769640000000001
 21
-6.69174
 31
0.0
  0
LINE
  5
6F1
330
17
100
AcDbEntity
  8
0
100
AcDbLine
 10
-7.769640000000001
 20
-6.69174
 30
0.0
 11
-7.8100000000000005
 21
-6.7372
 31
0.0
  0
LINE
  5
6F2
330
17
100
AcDbEntity
  8
0
100
AcDbLine
 10
-7.8100000000000005
 20
-6.7372
 30
0.0
 11
-7.846779999999999
 21
-6.78559
 31
0.0
  0
LINE
  5
6F3
330
17
100
AcDbEntity
  8
0
100
AcDbLine
 10
-7.846779999999999
 20
-6.78559
 30
0.0
 11
-7.879789999999999
 21
-6.83664
 31
0.0
  0
LINE
  5
6F4
330
17
100
AcDbEntity
  8
0
100
AcDbLine
 10
-7.879789999999999
 20
-6.83664
 30
0.0
 11
-7.8989
 21
-6.87186
 31
0.0
  0
LINE
  5
6F5
330
17
100
AcDbEntity
  8
0
100
AcDbLine
 10
-7.8989
 20
-6.87186
 30
0.0
 11
-7.90858
 21
-6.8897
 31
0.0
  0
LINE
  5
6F6
330
17
100
AcDbEntity
  8
0
100
AcDbLine
 10
-7.90858
 20
-6.8897
 30
0.0
 11
-7.93317
 21
-6.94484
 31
0.0
  0
LINE
  5
6F7
330
17
100
AcDbEntity
  8
0
100
AcDbLine
 10
-7.93317
 20
-6.94484
 30
0.0
 11
-7.953409999999999
 21
-7.001720000000001
 31
0.0
  0
LINE
  5
6F8
330
17
100
AcDbEntity
  8
0
100
AcDbLine
 10
-7.953409999999999
 20
-7.001720000000001
 30
0.0
 11
-7.9772300000000005
 21
-7.095289999999999
 31
0.0
  0
LINE
  5
6F9
330
17
100
AcDbEntity
  8
0
100
AcDbLine
 10
-7.9772300000000005
 20
-7.095289999999999
 30
0.0
 11
-7.990880000000001
 21
-7.1908900000000004
 31
0.0
  0
LINE
  5
6FA
330
17
100
AcDbEntity
  8
0
100
AcDbLine
 10
-7.990880000000001
 20
-7.1908900000000004
 30
0.0
 11
-7.9963
 21
-7.299189999999999
 31
0.0
  0
LINE
  5
6FB
330
17
100
AcDbEntity
  8
0
100
AcDbLine
 10
-7.9963
 20
-7.299189999999999
 30
0.0
 11
-7.993470000000001
 21
-7.407590000000001
 31
0.0
  0
LINE
  5
6FC
330
17
100
AcDbEntity
  8
0
100
AcDbLine
 10
-7.993470000000001
 20
-7.407590000000001
 30
0.0
 11
-7.97801
 21
-7.547199999999999
 31
0.0
  0
LINE
  5
6FD
330
17
100
AcDbEntity
  8
0
100
AcDbLine
 10
-7.97801
 20
-7.547199999999999
 30
0.0
 11
-7.966670000000001
 21
-7.6035900000000005
 31
0.0
  0
LINE
  5
6FE
330
17
100
AcDbEntity
  8
0
100
AcDbLine
 10
-7.966670000000001
 20
-7.6035900000000005
 30
0.0
 11
-7.95066
 21
-7.65884
 31
0.0
  0
LINE
  5
6FF
330
17
100
AcDbEntity
  8
0
100
AcDbLine
 10
-7.95066
 20
-7.65884
 30
0.0
 11
-7.92661
 21
-7.72406
 31
0.0
  0
LINE
  5
700
330
17
100
AcDbEntity
  8
0
100
AcDbLine
 10
-7.92661
 20
-7.72406
 30
0.0
 11
-7.898759999999999
 21
-7.7877600000000005
 31
0.0
  0
LINE
  5
701
330
17
100
AcDbEntity
  8
0
100
AcDbLine
 10
-5.16707
 20
-9.08851
 30
0.0
 11
-5.16592
 21
-9.08692
 31
0.0
  0
LINE
  5
702
330
17
100
AcDbEntity
  8
0
100
AcDbLine
 10
-5.16592
 20
-9.08692
 30
0.0
 11
-5.16461
 21
-9.08546
 31
0.0
  0
LINE
  5
703
330
17
100
AcDbEntity
  8
0
100
AcDbLine
 10
-5.16461
 20
-9.08546
 30
0.0
 11
-5.1631599999999995
 21
-9.08414
 31
0.0
  0
LINE
  5
704
330
17
100
AcDbEntity
  8
0
100
AcDbLine
 10
-5.1631599999999995
 20
-9.08414
 30
0.0
 11
-5.1615899999999995
 21
-9.08297
 31
0.0
  0
LINE
  5
705
330
17
100
AcDbEntity
  8
0
100
AcDbLine
 10
-5.1615899999999995
 20
-9.08297
 30
0.0
 11
-5.1599
 21
-9.08197
 31
0.0
  0
LINE
  5
706
330
17
100
AcDbEntity
  8
0
100
AcDbLine
 10
-5.1599
 20
-9.08197
 30
0.0
 11
-5.15811
 21
-9.081159999999999
 31
0.0
  0
LINE
  5
707
330
17
100
AcDbEntity
  8
0
100
AcDbLine
 10
-5.15811
 20
-9.081159999999999
 30
0.0
 11
-5.1562600000000005
 21
-9.08052
 31
0.0
  0
LINE
  5
708
330
17
100
AcDbEntity
  8
0
100
AcDbLine
 10
-5.1562600000000005
 20
-9.08052
 30
0.0
 11
-5.15434
 21
-9.08009
 31
0.0
  0
LINE
  5
709
330
17
100
AcDbEntity
  8
0
100
AcDbLine
 10
-5.15434
 20
-9.08009
 30
0.0
 11
-5.1524
 21
-9.07985
 31
0.0
  0
LINE
  5
70A
330
17
100
AcDbEntity
  8
0
100
AcDbLine
 10
-5.1524
 20
-9.07985
 30
0.0
 11
-5.15043
 21
-9.07982
 31
0.0
  0
LINE
  5
70B
330
17
100
AcDbEntity
  8
0
100
AcDbLine
 10
-5.15043
 20
-9.07982
 30
0.0
 11
-5.14848
 21
-9.079979999999999
 31
0.0
  0
LINE
  5
70C
330
17
100
AcDbEntity
  8
0
100
AcDbLine
 10
-5.14848
 20
-9.079979999999999
 30
0.0
 11
-5.13497
 21
-9.08255
 31
0.0
  0
LINE
  5
70D
330
17
100
AcDbEntity
  8
0
100
AcDbLine
 10
-5.13497
 20
-9.08255
 30
0.0
 11
-5.12179
 21
-9.08648
 31
0.0
  0
LINE
  5
70E
330
17
100
AcDbEntity
  8
0
100
AcDbLine
 10
-5.12179
 20
-9.08648
 30
0.0
 11
-5.1090800000000005
 21
-9.09173
 31
0.0
  0
LINE
  5
70F
330
17
100
AcDbEntity
  8
0
100
AcDbLine
 10
-5.1090800000000005
 20
-9.09173
 30
0.0
 11
-5.09995
 21
-9.09665
 31
0.0
  0
LINE
  5
710
330
17
100
AcDbEntity
  8
0
100
AcDbLine
 10
-5.09995
 20
-9.09665
 30
0.0
 11
-5.09697
 21
-9.09825
 31
0.0
  0
LINE
  5
711
330
17
100
AcDbEntity
  8
0
100
AcDbLine
 10
-5.09697
 20
-9.09825
 30
0.0
 11
-4.985060000000001
 21
-9.16918
 31
0.0
  0
LINE
  5
712
330
17
100
AcDbEntity
  8
0
100
AcDbLine
 10
-4.985060000000001
 20
-9.16918
 30
0.0
 11
-4.931900000000001
 21
-9.20762
 31
0.0
  0
LINE
  5
713
330
17
100
AcDbEntity
  8
0
100
AcDbLine
 10
-4.931900000000001
 20
-9.20762
 30
0.0
 11
-4.88207
 21
-9.25027
 31
0.0
  0
LINE
  5
714
330
17
100
AcDbEntity
  8
0
100
AcDbLine
 10
-4.88207
 20
-9.25027
 30
0.0
 11
-4.83589
 21
-9.29686
 31
0.0
  0
LINE
  5
715
330
17
100
AcDbEntity
  8
0
100
AcDbLine
 10
-4.83589
 20
-9.29686
 30
0.0
 11
-4.79368
 21
-9.34706
 31
0.0
  0
LINE
  5
716
330
17
100
AcDbEntity
  8
0
100
AcDbLine
 10
-4.79368
 20
-9.34706
 30
0.0
 11
-4.70394
 21
-9.47552
 31
0.0
  0
LINE
  5
717
330
17
100
AcDbEntity
  8
0
100
AcDbLine
 10
-4.70394
 20
-9.47552
 30
0.0
 11
-4.627
 21
-9.61204
 31
0.0
  0
LINE
  5
718
330
17
100
AcDbEntity
  8
0
100
AcDbLine
 10
-4.627
 20
-9.61204
 30
0.0
 11
-4.56201
 21
-9.758650000000001
 31
0.0
  0
LINE
  5
719
330
17
100
AcDbEntity
  8
0
100
AcDbLine
 10
-4.56201
 20
-9.758650000000001
 30
0.0
 11
-4.5112499999999995
 21
-9.910779999999999
 31
0.0
  0
LINE
  5
71A
330
17
100
AcDbEntity
  8
0
100
AcDbLine
 10
-4.5112499999999995
 20
-9.910779999999999
 30
0.0
 11
-4.489800000000001
 21
-10.00292
 31
0.0
  0
LINE
  5
71B
330
17
100
AcDbEntity
  8
0
100
AcDbLine
 10
-4.489800000000001
 20
-10.00292
 30
0.0
 11
-4.47686
 21
-10.096620000000001
 31
0.0
  0
LINE
  5
71C
330
17
100
AcDbEntity
  8
0
100
AcDbLine
 10
-4.47686
 20
-10.096620000000001
 30
0.0
 11
-4.47253
 21
-10.19112
 31
0.0
  0
LINE
  5
71D
330
17
100
AcDbEntity
  8
0
100
AcDbLine
 10
-4.47253
 20
-10.19112
 30
0.0
 11
-4.47497
 21
-10.24674
 31
0.0
  0
LINE
  5
71E
330
17
100
AcDbEntity
  8
0
100
AcDbLine
 10
-4.47497
 20
-10.24674
 30
0.0
 11
-4.48227
 21
-10.30193
 31
0.0
  0
LINE
  5
71F
330
17
100
AcDbEntity
  8
0
100
AcDbLine
 10
-4.48227
 20
-10.30193
 30
0.0
 11
-4.4943800000000005
 21
-10.35627
 31
0.0
  0
LINE
  5
720
330
17
100
AcDbEntity
  8
0
100
AcDbLine
 10
-4.4943800000000005
 20
-10.35627
 30
0.0
 11
-4.500889999999999
 21
-10.37646
 31
0.0
  0
LINE
  5
721
330
17
100
AcDbEntity
  8
0
100
AcDbLine
 10
-4.500889999999999
 20
-10.37646
 30
0.0
 11
-4.50932
 21
-10.39593
 31
0.0
  0
LINE
  5
722
330
17
100
AcDbEntity
  8
0
100
AcDbLine
 10
-4.50932
 20
-10.39593
 30
0.0
 11
-4.5196000000000005
 21
-10.414480000000001
 31
0.0
  0
LINE
  5
723
330
17
100
AcDbEntity
  8
0
100
AcDbLine
 10
-4.5196000000000005
 20
-10.414480000000001
 30
0.0
 11
-4.53163
 21
-10.43195
 31
0.0
  0
LINE
  5
724
330
17
100
AcDbEntity
  8
0
100
AcDbLine
 10
-4.53163
 20
-10.43195
 30
0.0
 11
-4.545310000000001
 21
-10.448179999999999
 31
0.0
  0
LINE
  5
725
330
17
100
AcDbEntity
  8
0
100
AcDbLine
 10
-4.545310000000001
 20
-10.448179999999999
 30
0.0
 11
-4.560490000000001
 21
-10.46299
 31
0.0
  0
LINE
  5
726
330
17
100
AcDbEntity
  8
0
100
AcDbLine
 10
-4.560490000000001
 20
-10.46299
 30
0.0
 11
-4.5706
 21
-10.47105
 31
0.0
  0
LINE
  5
727
330
17
100
AcDbEntity
  8
0
100
AcDbLine
 10
-4.5706
 20
-10.47105
 30
0.0
 11
-4.581499999999999
 21
-10.478019999999999
 31
0.0
  0
LINE
  5
728
330
17
100
AcDbEntity
  8
0
100
AcDbLine
 10
-4.581499999999999
 20
-10.478019999999999
 30
0.0
 11
-4.59306
 21
-10.48382
 31
0.0
  0
LINE
  5
729
330
17
100
AcDbEntity
  8
0
100
AcDbLine
 10
-4.59306
 20
-10.48382
 30
0.0
 11
-4.60516
 21
-10.48839
 31
0.0
  0
LINE
  5
72A
330
17
100
AcDbEntity
  8
0
100
AcDbLine
 10
-4.60516
 20
-10.48839
 30
0.0
 11
-4.6176699999999995
 21
-10.49169
 31
0.0
  0
LINE
  5
72B
330
17
100
AcDbEntity
  8
0
100
AcDbLine
 10
-4.6176699999999995
 20
-10.49169
 30
0.0
 11
-4.630450000000001
 21
-10.49367
 31
0.0
  0
LINE
  5
72C
330
17
100
AcDbEntity
  8
0
100
AcDbLine
 10
-4.630450000000001
 20
-10.49367
 30
0.0
 11
-4.64337
 21
-10.49431
 31
0.0
  0
LINE
  5
72D
330
17
100
AcDbEntity
  8
0
100
AcDbLine
 10
-4.64337
 20
-10.49431
 30
0.0
 11
-4.65628
 21
-10.49361
 31
0.0
  0
LINE
  5
72E
330
17
100
AcDbEntity
  8
0
100
AcDbLine
 10
-4.65628
 20
-10.49361
 30
0.0
 11
-4.67577
 21
-10.490609999999998
 31
0.0
  0
LINE
  5
72F
330
17
100
AcDbEntity
  8
0
100
AcDbLine
 10
-4.67577
 20
-10.490609999999998
 30
0.0
 11
-4.69489
 21
-10.4858
 31
0.0
  0
LINE
  5
730
330
17
100
AcDbEntity
  8
0
100
AcDbLine
 10
-4.69489
 20
-10.4858
 30
0.0
 11
-4.71347
 21
-10.47924
 31
0.0
  0
LINE
  5
731
330
17
100
AcDbEntity
  8
0
100
AcDbLine
 10
-4.71347
 20
-10.47924
 30
0.0
 11
-4.73137
 21
-10.47097
 31
0.0
  0
LINE
  5
732
330
17
100
AcDbEntity
  8
0
100
AcDbLine
 10
-4.73137
 20
-10.47097
 30
0.0
 11
-4.74841
 21
-10.46106
 31
0.0
  0
LINE
  5
733
330
17
100
AcDbEntity
  8
0
100
AcDbLine
 10
-4.74841
 20
-10.46106
 30
0.0
 11
-4.76446
 21
-10.44961
 31
0.0
  0
LINE
  5
734
330
17
100
AcDbEntity
  8
0
100
AcDbLine
 10
-4.76446
 20
-10.44961
 30
0.0
 11
-4.792730000000001
 21
-10.42517
 31
0.0
  0
LINE
  5
735
330
17
100
AcDbEntity
  8
0
100
AcDbLine
 10
-4.792730000000001
 20
-10.42517
 30
0.0
 11
-4.8186100000000005
 21
-10.39822
 31
0.0
  0
LINE
  5
736
330
17
100
AcDbEntity
  8
0
100
AcDbLine
 10
-4.8186100000000005
 20
-10.39822
 30
0.0
 11
-4.84188
 21
-10.36899
 31
0.0
  0
LINE
  5
737
330
17
100
AcDbEntity
  8
0
100
AcDbLine
 10
-4.84188
 20
-10.36899
 30
0.0
 11
-4.862349999999999
 21
-10.33773
 31
0.0
  0
LINE
  5
738
330
17
100
AcDbEntity
  8
0
100
AcDbLine
 10
-4.862349999999999
 20
-10.33773
 30
0.0
 11
-4.9051
 21
-10.25626
 31
0.0
  0
LINE
  5
739
330
17
100
AcDbEntity
  8
0
100
AcDbLine
 10
-4.9051
 20
-10.25626
 30
0.0
 11
-4.93949
 21
-10.17092
 31
0.0
  0
LINE
  5
73A
330
17
100
AcDbEntity
  8
0
100
AcDbLine
 10
-4.93949
 20
-10.17092
 30
0.0
 11
-4.9798
 21
-10.042219999999999
 31
0.0
  0
LINE
  5
73B
330
17
100
AcDbEntity
  8
0
100
AcDbLine
 10
-4.9798
 20
-10.042219999999999
 30
0.0
 11
-5.012499999999999
 21
-9.91139
 31
0.0
  0
LINE
  5
73C
330
17
100
AcDbEntity
  8
0
100
AcDbLine
 10
-5.012499999999999
 20
-9.91139
 30
0.0
 11
-5.101859999999999
 21
-9.47379
 31
0.0
  0
LINE
  5
73D
330
17
100
AcDbEntity
  8
0
100
AcDbLine
 10
-5.101859999999999
 20
-9.47379
 30
0.0
 11
-5.1220099999999995
 21
-9.3689
 31
0.0
  0
LINE
  5
73E
330
17
100
AcDbEntity
  8
0
100
AcDbLine
 10
-5.1220099999999995
 20
-9.3689
 30
0.0
 11
-5.14168
 21
-9.269350000000001
 31
0.0
  0
LINE
  5
73F
330
17
100
AcDbEntity
  8
0
100
AcDbLine
 10
-5.14168
 20
-9.269350000000001
 30
0.0
 11
-5.15878
 21
-9.18525
 31
0.0
  0
LINE
  5
740
330
17
100
AcDbEntity
  8
0
100
AcDbLine
 10
-5.15878
 20
-9.18525
 30
0.0
 11
-5.16803
 21
-9.14401
 31
0.0
  0
LINE
  5
741
330
17
100
AcDbEntity
  8
0
100
AcDbLine
 10
-5.16803
 20
-9.14401
 30
0.0
 11
-5.1702900000000005
 21
-9.13208
 31
0.0
  0
LINE
  5
742
330
17
100
AcDbEntity
  8
0
100
AcDbLine
 10
-5.1702900000000005
 20
-9.13208
 30
0.0
 11
-5.17136
 21
-9.11999
 31
0.0
  0
LINE
  5
743
330
17
100
AcDbEntity
  8
0
100
AcDbLine
 10
-5.17136
 20
-9.11999
 30
0.0
 11
-5.17122
 21
-9.107850000000001
 31
0.0
  0
LINE
  5
744
330
17
100
AcDbEntity
  8
0
100
AcDbLine
 10
-5.17122
 20
-9.107850000000001
 30
0.0
 11
-5.16997
 21
-9.09665
 31
0.0
  0
LINE
  5
745
330
17
100
AcDbEntity
  8
0
100
AcDbLine
 10
-5.16997
 20
-9.09665
 30
0.0
 11
-5.16987
 21
-9.09578
 31
0.0
  0
LINE
  5
746
330
17
100
AcDbEntity
  8
0
100
AcDbLine
 10
-5.16987
 20
-9.09578
 30
0.0
 11
-5.16945
 21
-9.09387
 31
0.0
  0
LINE
  5
747
330
17
100
AcDbEntity
  8
0
100
AcDbLine
 10
-5.16945
 20
-9.09387
 30
0.0
 11
-5.16884
 21
-9.091999999999999
 31
0.0
  0
LINE
  5
748
330
17
100
AcDbEntity
  8
0
100
AcDbLine
 10
-5.16884
 20
-9.091999999999999
 30
0.0
 11
-5.1680399999999995
 21
-9.090209999999999
 31
0.0
  0
LINE
  5
749
330
17
100
AcDbEntity
  8
0
100
AcDbLine
 10
-5.1680399999999995
 20
-9.090209999999999
 30
0.0
 11
-5.16707
 21
-9.08851
 31
0.0
  0
LINE
  5
74A
330
17
100
AcDbEntity
  8
0
100
AcDbLine
 10
-7.47954
 20
-7.21218
 30
0.0
 11
-7.47538
 21
-7.205279999999999
 31
0.0
  0
LINE
  5
74B
330
17
100
AcDbEntity
  8
0
100
AcDbLine
 10
-7.47538
 20
-7.205279999999999
 30
0.0
 11
-7.470540000000001
 21
-7.19884
 31
0.0
  0
LINE
  5
74C
330
17
100
AcDbEntity
  8
0
100
AcDbLine
 10
-7.470540000000001
 20
-7.19884
 30
0.0
 11
-7.46507
 21
-7.19292
 31
0.0
  0
LINE
  5
74D
330
17
100
AcDbEntity
  8
0
100
AcDbLine
 10
-7.46507
 20
-7.19292
 30
0.0
 11
-7.46265
 21
-7.19079
 31
0.0
  0
LINE
  5
74E
330
17
100
AcDbEntity
  8
0
100
AcDbLine
 10
-7.46265
 20
-7.19079
 30
0.0
 11
-7.46002
 21
-7.1889199999999995
 31
0.0
  0
LINE
  5
74F
330
17
100
AcDbEntity
  8
0
100
AcDbLine
 10
-7.46002
 20
-7.1889199999999995
 30
0.0
 11
-7.457199999999999
 21
-7.18735
 31
0.0
  0
LINE
  5
750
330
17
100
AcDbEntity
  8
0
100
AcDbLine
 10
-7.457199999999999
 20
-7.18735
 30
0.0
 11
-7.45424
 21
-7.1860800000000005
 31
0.0
  0
LINE
  5
751
330
17
100
AcDbEntity
  8
0
100
AcDbLine
 10
-7.45424
 20
-7.1860800000000005
 30
0.0
 11
-7.45116
 21
-7.1851199999999995
 31
0.0
  0
LINE
  5
752
330
17
100
AcDbEntity
  8
0
100
AcDbLine
 10
-7.45116
 20
-7.1851199999999995
 30
0.0
 11
-7.44799
 21
-7.1845
 31
0.0
  0
LINE
  5
753
330
17
100
AcDbEntity
  8
0
100
AcDbLine
 10
-7.44799
 20
-7.1845
 30
0.0
 11
-7.44478
 21
-7.18421
 31
0.0
  0
LINE
  5
754
330
17
100
AcDbEntity
  8
0
100
AcDbLine
 10
-7.44478
 20
-7.18421
 30
0.0
 11
-7.44156
 21
-7.184259999999999
 31
0.0
  0
LINE
  5
755
330
17
100
AcDbEntity
  8
0
100
AcDbLine
 10
-7.44156
 20
-7.184259999999999
 30
0.0
 11
-7.438359999999999
 21
-7.18464
 31
0.0
  0
LINE
  5
756
330
17
100
AcDbEntity
  8
0
100
AcDbLine
 10
-7.438359999999999
 20
-7.18464
 30
0.0
 11
-7.4352100000000005
 21
-7.18537
 31
0.0
  0
LINE
  5
757
330
17
100
AcDbEntity
  8
0
100
AcDbLine
 10
-7.4352100000000005
 20
-7.18537
 30
0.0
 11
-7.4321600000000005
 21
-7.18642
 31
0.0
  0
LINE
  5
758
330
17
100
AcDbEntity
  8
0
100
AcDbLine
 10
-7.4321600000000005
 20
-7.18642
 30
0.0
 11
-7.42924
 21
-7.18778
 31
0.0
  0
LINE
  5
759
330
17
100
AcDbEntity
  8
0
100
AcDbLine
 10
-7.42924
 20
-7.18778
 30
0.0
 11
-7.42647
 21
-7.18944
 31
0.0
  0
LINE
  5
75A
330
17
100
AcDbEntity
  8
0
100
AcDbLine
 10
-7.42647
 20
-7.18944
 30
0.0
 11
-7.40519
 21
-7.20512
 31
0.0
  0
LINE
  5
75B
330
17
100
AcDbEntity
  8
0
100
AcDbLine
 10
-7.40519
 20
-7.20512
 30
0.0
 11
-7.385260000000001
 21
-7.22248
 31
0.0
  0
LINE
  5
75C
330
17
100
AcDbEntity
  8
0
100
AcDbLine
 10
-7.385260000000001
 20
-7.22248
 30
0.0
 11
-7.3668
 21
-7.2414000000000005
 31
0.0
  0
LINE
  5
75D
330
17
100
AcDbEntity
  8
0
100
AcDbLine
 10
-7.3668
 20
-7.2414000000000005
 30
0.0
 11
-7.34543
 21
-7.2672300000000005
 31
0.0
  0
LINE
  5
75E
330
17
100
AcDbEntity
  8
0
100
AcDbLine
 10
-7.34543
 20
-7.2672300000000005
 30
0.0
 11
-7.32625
 21
-7.29471
 31
0.0
  0
LINE
  5
75F
330
17
100
AcDbEntity
  8
0
100
AcDbLine
 10
-7.32625
 20
-7.29471
 30
0.0
 11
-7.30938
 21
-7.3236799999999995
 31
0.0
  0
LINE
  5
760
330
17
100
AcDbEntity
  8
0
100
AcDbLine
 10
-7.30938
 20
-7.3236799999999995
 30
0.0
 11
-7.28085
 21
-7.3816999999999995
 31
0.0
  0
LINE
  5
761
330
17
100
AcDbEntity
  8
0
100
AcDbLine
 10
-7.28085
 20
-7.3816999999999995
 30
0.0
 11
-7.25576
 21
-7.4413
 31
0.0
  0
LINE
  5
762
330
17
100
AcDbEntity
  8
0
100
AcDbLine
 10
-7.25576
 20
-7.4413
 30
0.0
 11
-7.199190000000001
 21
-7.60754
 31
0.0
  0
LINE
  5
763
330
17
100
AcDbEntity
  8
0
100
AcDbLine
 10
-7.199190000000001
 20
-7.60754
 30
0.0
 11
-7.1314400000000004
 21
-7.84997
 31
0.0
  0
LINE
  5
764
330
17
100
AcDbEntity
  8
0
100
AcDbLine
 10
-7.1314400000000004
 20
-7.84997
 30
0.0
 11
-7.05338
 21
-8.14936
 31
0.0
  0
LINE
  5
765
330
17
100
AcDbEntity
  8
0
100
AcDbLine
 10
-7.05338
 20
-8.14936
 30
0.0
 11
-7.03347
 21
-8.24753
 31
0.0
  0
LINE
  5
766
330
17
100
AcDbEntity
  8
0
100
AcDbLine
 10
-7.03347
 20
-8.24753
 30
0.0
 11
-7.03262
 21
-8.256269999999999
 31
0.0
  0
LINE
  5
767
330
17
100
AcDbEntity
  8
0
100
AcDbLine
 10
-7.03262
 20
-8.256269999999999
 30
0.0
 11
-7.03267
 21
-8.265049999999999
 31
0.0
  0
LINE
  5
768
330
17
100
AcDbEntity
  8
0
100
AcDbLine
 10
-7.03267
 20
-8.265049999999999
 30
0.0
 11
-7.03361
 21
-8.27378
 31
0.0
  0
LINE
  5
769
330
17
100
AcDbEntity
  8
0
100
AcDbLine
 10
-7.03361
 20
-8.27378
 30
0.0
 11
-7.03543
 21
-8.28237
 31
0.0
  0
LINE
  5
76A
330
17
100
AcDbEntity
  8
0
100
AcDbLine
 10
-7.03543
 20
-8.28237
 30
0.0
 11
-7.03812
 21
-8.29073
 31
0.0
  0
LINE
  5
76B
330
17
100
AcDbEntity
  8
0
100
AcDbLine
 10
-7.03812
 20
-8.29073
 30
0.0
 11
-7.0392
 21
-8.2932
 31
0.0
  0
LINE
  5
76C
330
17
100
AcDbEntity
  8
0
100
AcDbLine
 10
-7.0392
 20
-8.2932
 30
0.0
 11
-7.04052
 21
-8.29555
 31
0.0
  0
LINE
  5
76D
330
17
100
AcDbEntity
  8
0
100
AcDbLine
 10
-7.04052
 20
-8.29555
 30
0.0
 11
-7.04208
 21
-8.29776
 31
0.0
  0
LINE
  5
76E
330
17
100
AcDbEntity
  8
0
100
AcDbLine
 10
-7.04208
 20
-8.29776
 30
0.0
 11
-7.04385
 21
-8.2998
 31
0.0
  0
LINE
  5
76F
330
17
100
AcDbEntity
  8
0
100
AcDbLine
 10
-7.04385
 20
-8.2998
 30
0.0
 11
-7.0458099999999995
 21
-8.30165
 31
0.0
  0
LINE
  5
770
330
17
100
AcDbEntity
  8
0
100
AcDbLine
 10
-7.0458099999999995
 20
-8.30165
 30
0.0
 11
-7.04795
 21
-8.30329
 31
0.0
  0
LINE
  5
771
330
17
100
AcDbEntity
  8
0
100
AcDbLine
 10
-7.04795
 20
-8.30329
 30
0.0
 11
-7.05025
 21
-8.30471
 31
0.0
  0
LINE
  5
772
330
17
100
AcDbEntity
  8
0
100
AcDbLine
 10
-7.05025
 20
-8.30471
 30
0.0
 11
-7.05267
 21
-8.30589
 31
0.0
  0
LINE
  5
773
330
17
100
AcDbEntity
  8
0
100
AcDbLine
 10
-7.05267
 20
-8.30589
 30
0.0
 11
-7.05521
 21
-8.30683
 31
0.0
  0
LINE
  5
774
330
17
100
AcDbEntity
  8
0
100
AcDbLine
 10
-7.05521
 20
-8.30683
 30
0.0
 11
-7.05782
 21
-8.307500000000001
 31
0.0
  0
LINE
  5
775
330
17
100
AcDbEntity
  8
0
100
AcDbLine
 10
-7.05782
 20
-8.307500000000001
 30
0.0
 11
-7.06049
 21
-8.3079
 31
0.0
  0
LINE
  5
776
330
17
100
AcDbEntity
  8
0
100
AcDbLine
 10
-7.06049
 20
-8.3079
 30
0.0
 11
-7.06319
 21
-8.308039999999998
 31
0.0
  0
LINE
  5
777
330
17
100
AcDbEntity
  8
0
100
AcDbLine
 10
-7.06319
 20
-8.308039999999998
 30
0.0
 11
-7.066669999999999
 21
-8.30785
 31
0.0
  0
LINE
  5
778
330
17
100
AcDbEntity
  8
0
100
AcDbLine
 10
-7.066669999999999
 20
-8.30785
 30
0.0
 11
-7.07012
 21
-8.30729
 31
0.0
  0
LINE
  5
779
330
17
100
AcDbEntity
  8
0
100
AcDbLine
 10
-7.07012
 20
-8.30729
 30
0.0
 11
-7.07348
 21
-8.30635
 31
0.0
  0
LINE
  5
77A
330
17
100
AcDbEntity
  8
0
100
AcDbLine
 10
-7.07348
 20
-8.30635
 30
0.0
 11
-7.0767299999999995
 21
-8.30506
 31
0.0
  0
LINE
  5
77B
330
17
100
AcDbEntity
  8
0
100
AcDbLine
 10
-7.0767299999999995
 20
-8.30506
 30
0.0
 11
-7.07981
 21
-8.30343
 31
0.0
  0
LINE
  5
77C
330
17
100
AcDbEntity
  8
0
100
AcDbLine
 10
-7.07981
 20
-8.30343
 30
0.0
 11
-7.08271
 21
-8.30147
 31
0.0
  0
LINE
  5
77D
330
17
100
AcDbEntity
  8
0
100
AcDbLine
 10
-7.08271
 20
-8.30147
 30
0.0
 11
-7.085369999999999
 21
-8.29921
 31
0.0
  0
LINE
  5
77E
330
17
100
AcDbEntity
  8
0
100
AcDbLine
 10
-7.085369999999999
 20
-8.29921
 30
0.0
 11
-7.08777
 21
-8.29667
 31
0.0
  0
LINE
  5
77F
330
17
100
AcDbEntity
  8
0
100
AcDbLine
 10
-7.08777
 20
-8.29667
 30
0.0
 11
-7.08989
 21
-8.29389
 31
0.0
  0
LINE
  5
780
330
17
100
AcDbEntity
  8
0
100
AcDbLine
 10
-7.08989
 20
-8.29389
 30
0.0
 11
-7.14861
 21
-8.20313
 31
0.0
  0
LINE
  5
781
330
17
100
AcDbEntity
  8
0
100
AcDbLine
 10
-7.14861
 20
-8.20313
 30
0.0
 11
-7.2187600000000005
 21
-8.08117
 31
0.0
  0
LINE
  5
782
330
17
100
AcDbEntity
  8
0
100
AcDbLine
 10
-7.2187600000000005
 20
-8.08117
 30
0.0
 11
-7.30086
 21
-7.92227
 31
0.0
  0
LINE
  5
783
330
17
100
AcDbEntity
  8
0
100
AcDbLine
 10
-7.30086
 20
-7.92227
 30
0.0
 11
-7.406549999999999
 21
-7.70384
 31
0.0
  0
LINE
  5
784
330
17
100
AcDbEntity
  8
0
100
AcDbLine
 10
-7.406549999999999
 20
-7.70384
 30
0.0
 11
-7.45921
 21
-7.57433
 31
0.0
  0
LINE
  5
785
330
17
100
AcDbEntity
  8
0
100
AcDbLine
 10
-7.45921
 20
-7.57433
 30
0.0
 11
-7.47417
 21
-7.52421
 31
0.0
  0
LINE
  5
786
330
17
100
AcDbEntity
  8
0
100
AcDbLine
 10
-7.47417
 20
-7.52421
 30
0.0
 11
-7.48475
 21
-7.472989999999999
 31
0.0
  0
LINE
  5
787
330
17
100
AcDbEntity
  8
0
100
AcDbLine
 10
-7.48475
 20
-7.472989999999999
 30
0.0
 11
-7.49129
 21
-7.41934
 31
0.0
  0
LINE
  5
788
330
17
100
AcDbEntity
  8
0
100
AcDbLine
 10
-7.49129
 20
-7.41934
 30
0.0
 11
-7.49362
 21
-7.365349999999999
 31
0.0
  0
LINE
  5
789
330
17
100
AcDbEntity
  8
0
100
AcDbLine
 10
-7.49362
 20
-7.365349999999999
 30
0.0
 11
-7.488650000000001
 21
-7.24289
 31
0.0
  0
LINE
  5
78A
330
17
100
AcDbEntity
  8
0
100
AcDbLine
 10
-7.488650000000001
 20
-7.24289
 30
0.0
 11
-7.48756
 21
-7.2349
 31
0.0
  0
LINE
  5
78B
330
17
100
AcDbEntity
  8
0
100
AcDbLine
 10
-7.48756
 20
-7.2349
 30
0.0
 11
-7.48566
 21
-7.22707
 31
0.0
  0
LINE
  5
78C
330
17
100
AcDbEntity
  8
0
100
AcDbLine
 10
-7.48566
 20
-7.22707
 30
0.0
 11
-7.48298
 21
-7.21947
 31
0.0
  0
LINE
  5
78D
330
17
100
AcDbEntity
  8
0
100
AcDbLine
 10
-7.48298
 20
-7.21947
 30
0.0
 11
-7.47954
 21
-7.21218
 31
0.0
  0
LINE
  5
78E
330
17
100
AcDbEntity
  8
0
100
AcDbLine
 10
0.39751000000000003
 20
-12.617700000000001
 30
0.0
 11
0.40003
 21
-12.636289999999999
 31
0.0
  0
LINE
  5
78F
330
17
100
AcDbEntity
  8
0
100
AcDbLine
 10
0.40003
 20
-12.636289999999999
 30
0.0
 11
0.40064
 21
-12.65503
 31
0.0
  0
LINE
  5
790
330
17
100
AcDbEntity
  8
0
100
AcDbLine
 10
0.40064
 20
-12.65503
 30
0.0
 11
0.39934
 21
-12.673739999999999
 31
0.0
  0
LINE
  5
791
330
17
100
AcDbEntity
  8
0
100
AcDbLine
 10
0.39934
 20
-12.673739999999999
 30
0.0
 11
0.39614
 21
-12.69222
 31
0.0
  0
LINE
  5
792
330
17
100
AcDbEntity
  8
0
100
AcDbLine
 10
0.39614
 20
-12.69222
 30
0.0
 11
0.39108
 21
-12.71028
 31
0.0
  0
LINE
  5
793
330
17
100
AcDbEntity
  8
0
100
AcDbLine
 10
0.39108
 20
-12.71028
 30
0.0
 11
0.38420000000000004
 21
-12.72773
 31
0.0
  0
LINE
  5
794
330
17
100
AcDbEntity
  8
0
100
AcDbLine
 10
0.38420000000000004
 20
-12.72773
 30
0.0
 11
0.37988
 21
-12.736080000000001
 31
0.0
  0
LINE
  5
795
330
17
100
AcDbEntity
  8
0
100
AcDbLine
 10
0.37988
 20
-12.736080000000001
 30
0.0
 11
0.37472
 21
-12.74395
 31
0.0
  0
LINE
  5
796
330
17
100
AcDbEntity
  8
0
100
AcDbLine
 10
0.37472
 20
-12.74395
 30
0.0
 11
0.36878
 21
-12.751240000000001
 31
0.0
  0
LINE
  5
797
330
17
100
AcDbEntity
  8
0
100
AcDbLine
 10
0.36878
 20
-12.751240000000001
 30
0.0
 11
0.36213
 21
-12.75788
 31
0.0
  0
LINE
  5
798
330
17
100
AcDbEntity
  8
0
100
AcDbLine
 10
0.36213
 20
-12.75788
 30
0.0
 11
0.35481999999999997
 21
-12.763810000000001
 31
0.0
  0
LINE
  5
799
330
17
100
AcDbEntity
  8
0
100
AcDbLine
 10
0.35481999999999997
 20
-12.763810000000001
 30
0.0
 11
0.34695
 21
-12.76896
 31
0.0
  0
LINE
  5
79A
330
17
100
AcDbEntity
  8
0
100
AcDbLine
 10
0.34695
 20
-12.76896
 30
0.0
 11
0.33859
 21
-12.77326
 31
0.0
  0
LINE
  5
79B
330
17
100
AcDbEntity
  8
0
100
AcDbLine
 10
0.33859
 20
-12.77326
 30
0.0
 11
0.32982999999999996
 21
-12.77669
 31
0.0
  0
LINE
  5
79C
330
17
100
AcDbEntity
  8
0
100
AcDbLine
 10
0.32982999999999996
 20
-12.77669
 30
0.0
 11
0.32077
 21
-12.7792
 31
0.0
  0
LINE
  5
79D
330
17
100
AcDbEntity
  8
0
100
AcDbLine
 10
0.32077
 20
-12.7792
 30
0.0
 11
0.3115
 21
-12.78077
 31
0.0
  0
LINE
  5
79E
330
17
100
AcDbEntity
  8
0
100
AcDbLine
 10
0.3115
 20
-12.78077
 30
0.0
 11
0.29406
 21
-12.78195
 31
0.0
  0
LINE
  5
79F
330
17
100
AcDbEntity
  8
0
100
AcDbLine
 10
0.29406
 20
-12.78195
 30
0.0
 11
0.2766
 21
-12.78145
 31
0.0
  0
LINE
  5
7A0
330
17
100
AcDbEntity
  8
0
100
AcDbLine
 10
0.2766
 20
-12.78145
 30
0.0
 11
0.25926
 21
-12.77927
 31
0.0
  0
LINE
  5
7A1
330
17
100
AcDbEntity
  8
0
100
AcDbLine
 10
0.25926
 20
-12.77927
 30
0.0
 11
0.24221
 21
-12.775419999999999
 31
0.0
  0
LINE
  5
7A2
330
17
100
AcDbEntity
  8
0
100
AcDbLine
 10
0.24221
 20
-12.775419999999999
 30
0.0
 11
0.22561
 21
-12.769960000000001
 31
0.0
  0
LINE
  5
7A3
330
17
100
AcDbEntity
  8
0
100
AcDbLine
 10
0.22561
 20
-12.769960000000001
 30
0.0
 11
0.20962
 21
-12.762920000000001
 31
0.0
  0
LINE
  5
7A4
330
17
100
AcDbEntity
  8
0
100
AcDbLine
 10
0.20962
 20
-12.762920000000001
 30
0.0
 11
0.19438
 21
-12.75437
 31
0.0
  0
LINE
  5
7A5
330
17
100
AcDbEntity
  8
0
100
AcDbLine
 10
0.19438
 20
-12.75437
 30
0.0
 11
0.18003
 21
-12.74439
 31
0.0
  0
LINE
  5
7A6
330
17
100
AcDbEntity
  8
0
100
AcDbLine
 10
0.18003
 20
-12.74439
 30
0.0
 11
0.14485
 21
-12.71481
 31
0.0
  0
LINE
  5
7A7
330
17
100
AcDbEntity
  8
0
100
AcDbLine
 10
0.14485
 20
-12.71481
 30
0.0
 11
0.11236
 21
-12.68229
 31
0.0
  0
LINE
  5
7A8
330
17
100
AcDbEntity
  8
0
100
AcDbLine
 10
0.11236
 20
-12.68229
 30
0.0
 11
0.08281
 21
-12.64707
 31
0.0
  0
LINE
  5
7A9
330
17
100
AcDbEntity
  8
0
100
AcDbLine
 10
0.08281
 20
-12.64707
 30
0.0
 11
0.05642
 21
-12.60943
 31
0.0
  0
LINE
  5
7AA
330
17
100
AcDbEntity
  8
0
100
AcDbLine
 10
0.05642
 20
-12.60943
 30
0.0
 11
0.014840000000000006
 21
-12.53808
 31
0.0
  0
LINE
  5
7AB
330
17
100
AcDbEntity
  8
0
100
AcDbLine
 10
0.01484
 20
-12.53808
 30
0.0
 11
-0.02085
 21
-12.46361
 31
0.0
  0
LINE
  5
7AC
330
17
100
AcDbEntity
  8
0
100
AcDbLine
 10
-0.020849999999999997
 20
-12.46361
 30
0.0
 11
-0.05041000000000001
 21
-12.3865
 31
0.0
  0
LINE
  5
7AD
330
17
100
AcDbEntity
  8
0
100
AcDbLine
 10
-0.05041
 20
-12.3865
 30
0.0
 11
-0.09525
 21
-12.23855
 31
0.0
  0
LINE
  5
7AE
330
17
100
AcDbEntity
  8
0
100
AcDbLine
 10
-0.09525
 20
-12.23855
 30
0.0
 11
-0.13066999999999998
 21
-12.088059999999999
 31
0.0
  0
LINE
  5
7AF
330
17
100
AcDbEntity
  8
0
100
AcDbLine
 10
-0.13066999999999998
 20
-12.088059999999999
 30
0.0
 11
-0.14956
 21
-11.98826
 31
0.0
  0
LINE
  5
7B0
330
17
100
AcDbEntity
  8
0
100
AcDbLine
 10
-0.14956
 20
-11.98826
 30
0.0
 11
-0.16368
 21
-11.89867
 31
0.0
  0
LINE
  5
7B1
330
17
100
AcDbEntity
  8
0
100
AcDbLine
 10
-0.16368
 20
-11.89867
 30
0.0
 11
-0.17326
 21
-11.82362
 31
0.0
  0
LINE
  5
7B2
330
17
100
AcDbEntity
  8
0
100
AcDbLine
 10
-0.17326
 20
-11.82362
 30
0.0
 11
-0.1736
 21
-11.81887
 31
0.0
  0
LINE
  5
7B3
330
17
100
AcDbEntity
  8
0
100
AcDbLine
 10
-0.1736
 20
-11.81887
 30
0.0
 11
-0.17352
 21
-11.81411
 31
0.0
  0
LINE
  5
7B4
330
17
100
AcDbEntity
  8
0
100
AcDbLine
 10
-0.17352
 20
-11.81411
 30
0.0
 11
-0.17303
 21
-11.809379999999999
 31
0.0
  0
LINE
  5
7B5
330
17
100
AcDbEntity
  8
0
100
AcDbLine
 10
-0.17303
 20
-11.809379999999999
 30
0.0
 11
-0.17213
 21
-11.8047
 31
0.0
  0
LINE
  5
7B6
330
17
100
AcDbEntity
  8
0
100
AcDbLine
 10
-0.17213
 20
-11.8047
 30
0.0
 11
-0.17082
 21
-11.800120000000001
 31
0.0
  0
LINE
  5
7B7
330
17
100
AcDbEntity
  8
0
100
AcDbLine
 10
-0.17082
 20
-11.800120000000001
 30
0.0
 11
-0.17018
 21
-11.79849
 31
0.0
  0
LINE
  5
7B8
330
17
100
AcDbEntity
  8
0
100
AcDbLine
 10
-0.17018
 20
-11.79849
 30
0.0
 11
-0.16935999999999998
 21
-11.796930000000001
 31
0.0
  0
LINE
  5
7B9
330
17
100
AcDbEntity
  8
0
100
AcDbLine
 10
-0.16935999999999998
 20
-11.796930000000001
 30
0.0
 11
-0.16838
 21
-11.79547
 31
0.0
  0
LINE
  5
7BA
330
17
100
AcDbEntity
  8
0
100
AcDbLine
 10
-0.16838
 20
-11.79547
 30
0.0
 11
-0.16725
 21
-11.79412
 31
0.0
  0
LINE
  5
7BB
330
17
100
AcDbEntity
  8
0
100
AcDbLine
 10
-0.16725
 20
-11.79412
 30
0.0
 11
-0.16599
 21
-11.7929
 31
0.0
  0
LINE
  5
7BC
330
17
100
AcDbEntity
  8
0
100
AcDbLine
 10
-0.16599
 20
-11.7929
 30
0.0
 11
-0.16459
 21
-11.79183
 31
0.0
  0
LINE
  5
7BD
330
17
100
AcDbEntity
  8
0
100
AcDbLine
 10
-0.16459
 20
-11.79183
 30
0.0
 11
-0.1631
 21
-11.79091
 31
0.0
  0
LINE
  5
7BE
330
17
100
AcDbEntity
  8
0
100
AcDbLine
 10
-0.1631
 20
-11.79091
 30
0.0
 11
-0.16151
 21
-11.790149999999999
 31
0.0
  0
LINE
  5
7BF
330
17
100
AcDbEntity
  8
0
100
AcDbLine
 10
-0.16151
 20
-11.790149999999999
 30
0.0
 11
-0.15985000000000002
 21
-11.789579999999999
 31
0.0
  0
LINE
  5
7C0
330
17
100
AcDbEntity
  8
0
100
AcDbLine
 10
-0.15985000000000002
 20
-11.789579999999999
 30
0.0
 11
-0.15814
 21
-11.78918
 31
0.0
  0
LINE
  5
7C1
330
17
100
AcDbEntity
  8
0
100
AcDbLine
 10
-0.15814
 20
-11.78918
 30
0.0
 11
-0.15639
 21
-11.78896
 31
0.0
  0
LINE
  5
7C2
330
17
100
AcDbEntity
  8
0
100
AcDbLine
 10
-0.15639
 20
-11.78896
 30
0.0
 11
-0.15463
 21
-11.78894
 31
0.0
  0
LINE
  5
7C3
330
17
100
AcDbEntity
  8
0
100
AcDbLine
 10
-0.15463
 20
-11.78894
 30
0.0
 11
-0.15288000000000002
 21
-11.7891
 31
0.0
  0
LINE
  5
7C4
330
17
100
AcDbEntity
  8
0
100
AcDbLine
 10
-0.15288000000000002
 20
-11.7891
 30
0.0
 11
-0.15116000000000002
 21
-11.78946
 31
0.0
  0
LINE
  5
7C5
330
17
100
AcDbEntity
  8
0
100
AcDbLine
 10
-0.15116000000000002
 20
-11.78946
 30
0.0
 11
-0.14948
 21
-11.78999
 31
0.0
  0
LINE
  5
7C6
330
17
100
AcDbEntity
  8
0
100
AcDbLine
 10
-0.14948
 20
-11.78999
 30
0.0
 11
-0.14788
 21
-11.7907
 31
0.0
  0
LINE
  5
7C7
330
17
100
AcDbEntity
  8
0
100
AcDbLine
 10
-0.14788
 20
-11.7907
 30
0.0
 11
-0.14635
 21
-11.79158
 31
0.0
  0
LINE
  5
7C8
330
17
100
AcDbEntity
  8
0
100
AcDbLine
 10
-0.14635
 20
-11.79158
 30
0.0
 11
-0.14493
 21
-11.79261
 31
0.0
  0
LINE
  5
7C9
330
17
100
AcDbEntity
  8
0
100
AcDbLine
 10
-0.14493
 20
-11.79261
 30
0.0
 11
-0.14363
 21
-11.793800000000001
 31
0.0
  0
LINE
  5
7CA
330
17
100
AcDbEntity
  8
0
100
AcDbLine
 10
-0.14363
 20
-11.793800000000001
 30
0.0
 11
-0.032240000000000005
 21
-11.91241
 31
0.0
  0
LINE
  5
7CB
330
17
100
AcDbEntity
  8
0
100
AcDbLine
 10
-0.032240000000000005
 20
-11.91241
 30
0.0
 11
0.09158999999999999
 21
-12.0618
 31
0.0
  0
LINE
  5
7CC
330
17
100
AcDbEntity
  8
0
100
AcDbLine
 10
0.09158999999999999
 20
-12.0618
 30
0.0
 11
0.20677
 21
-12.22292
 31
0.0
  0
LINE
  5
7CD
330
17
100
AcDbEntity
  8
0
100
AcDbLine
 10
0.20677
 20
-12.22292
 30
0.0
 11
0.33816999999999997
 21
-12.44582
 31
0.0
  0
LINE
  5
7CE
330
17
100
AcDbEntity
  8
0
100
AcDbLine
 10
0.33816999999999997
 20
-12.44582
 30
0.0
 11
0.36352999999999996
 21
-12.50108
 31
0.0
  0
LINE
  5
7CF
330
17
100
AcDbEntity
  8
0
100
AcDbLine
 10
0.36352999999999996
 20
-12.50108
 30
0.0
 11
0.38338
 21
-12.55856
 31
0.0
  0
LINE
  5
7D0
330
17
100
AcDbEntity
  8
0
100
AcDbLine
 10
0.38338
 20
-12.55856
 30
0.0
 11
0.39751000000000003
 21
-12.617700000000001
 31
0.0
  0
LINE
  5
7D1
330
17
100
AcDbEntity
  8
0
100
AcDbLine
 10
0.09681000000000001
 20
-10.54659
 30
0.0
 11
0.07988999999999999
 21
-10.547509999999999
 31
0.0
  0
LINE
  5
7D2
330
17
100
AcDbEntity
  8
0
100
AcDbLine
 10
0.07988999999999999
 20
-10.547509999999999
 30
0.0
 11
0.0626
 21
-10.54663
 31
0.0
  0
LINE
  5
7D3
330
17
100
AcDbEntity
  8
0
100
AcDbLine
 10
0.0626
 20
-10.54663
 30
0.0
 11
0.0455
 21
-10.543999999999999
 31
0.0
  0
LINE
  5
7D4
330
17
100
AcDbEntity
  8
0
100
AcDbLine
 10
0.0455
 20
-10.543999999999999
 30
0.0
 11
0.02875
 21
-10.53965
 31
0.0
  0
LINE
  5
7D5
330
17
100
AcDbEntity
  8
0
100
AcDbLine
 10
0.02875
 20
-10.53965
 30
0.0
 11
0.01252
 21
-10.53363
 31
0.0
  0
LINE
  5
7D6
330
17
100
AcDbEntity
  8
0
100
AcDbLine
 10
0.01252
 20
-10.53363
 30
0.0
 11
-0.002999999999999999
 21
-10.52599
 31
0.0
  0
LINE
  5
7D7
330
17
100
AcDbEntity
  8
0
100
AcDbLine
 10
-0.003
 20
-10.52599
 30
0.0
 11
-0.011119999999999998
 21
-10.520909999999999
 31
0.0
  0
LINE
  5
7D8
330
17
100
AcDbEntity
  8
0
100
AcDbLine
 10
-0.01112
 20
-10.520909999999999
 30
0.0
 11
-0.017669999999999998
 21
-10.51681
 31
0.0
  0
LINE
  5
7D9
330
17
100
AcDbEntity
  8
0
100
AcDbLine
 10
-0.017669999999999998
 20
-10.51681
 30
0.0
 11
-0.03134
 21
-10.5062
 31
0.0
  0
LINE
  5
7DA
330
17
100
AcDbEntity
  8
0
100
AcDbLine
 10
-0.03134
 20
-10.5062
 30
0.0
 11
-0.043859999999999996
 21
-10.494250000000001
 31
0.0
  0
LINE
  5
7DB
330
17
100
AcDbEntity
  8
0
100
AcDbLine
 10
-0.043859999999999996
 20
-10.494250000000001
 30
0.0
 11
-0.07408
 21
-10.459359999999998
 31
0.0
  0
LINE
  5
7DC
330
17
100
AcDbEntity
  8
0
100
AcDbLine
 10
-0.07408
 20
-10.459359999999998
 30
0.0
 11
-0.10113
 21
-10.421959999999999
 31
0.0
  0
LINE
  5
7DD
330
17
100
AcDbEntity
  8
0
100
AcDbLine
 10
-0.10113
 20
-10.421959999999999
 30
0.0
 11
-0.12479
 21
-10.38232
 31
0.0
  0
LINE
  5
7DE
330
17
100
AcDbEntity
  8
0
100
AcDbLine
 10
-0.12479
 20
-10.38232
 30
0.0
 11
-0.14487
 21
-10.34076
 31
0.0
  0
LINE
  5
7DF
330
17
100
AcDbEntity
  8
0
100
AcDbLine
 10
-0.14487
 20
-10.34076
 30
0.0
 11
-0.19804
 21
-10.200610000000001
 31
0.0
  0
LINE
  5
7E0
330
17
100
AcDbEntity
  8
0
100
AcDbLine
 10
-0.19804
 20
-10.200610000000001
 30
0.0
 11
-0.23879
 21
-10.05637
 31
0.0
  0
LINE
  5
7E1
330
17
100
AcDbEntity
  8
0
100
AcDbLine
 10
-0.23879
 20
-10.05637
 30
0.0
 11
-0.29728000000000004
 21
-9.784839999999999
 31
0.0
  0
LINE
  5
7E2
330
17
100
AcDbEntity
  8
0
100
AcDbLine
 10
-0.29728000000000004
 20
-9.784839999999999
 30
0.0
 11
-0.34654999999999997
 21
-9.55612
 31
0.0
  0
LINE
  5
7E3
330
17
100
AcDbEntity
  8
0
100
AcDbLine
 10
-0.34654999999999997
 20
-9.55612
 30
0.0
 11
-0.37737
 21
-9.392759999999999
 31
0.0
  0
LINE
  5
7E4
330
17
100
AcDbEntity
  8
0
100
AcDbLine
 10
-0.37737
 20
-9.392759999999999
 30
0.0
 11
-0.40138
 21
-9.25321
 31
0.0
  0
LINE
  5
7E5
330
17
100
AcDbEntity
  8
0
100
AcDbLine
 10
-0.40138
 20
-9.25321
 30
0.0
 11
-0.42078
 21
-9.13145
 31
0.0
  0
LINE
  5
7E6
330
17
100
AcDbEntity
  8
0
100
AcDbLine
 10
-0.42078
 20
-9.13145
 30
0.0
 11
-0.42091999999999996
 21
-9.130090000000001
 31
0.0
  0
LINE
  5
7E7
330
17
100
AcDbEntity
  8
0
100
AcDbLine
 10
-0.42091999999999996
 20
-9.130090000000001
 30
0.0
 11
-0.42091999999999996
 21
-9.12871
 31
0.0
  0
LINE
  5
7E8
330
17
100
AcDbEntity
  8
0
100
AcDbLine
 10
-0.42091999999999996
 20
-9.12871
 30
0.0
 11
-0.42078
 21
-9.12735
 31
0.0
  0
LINE
  5
7E9
330
17
100
AcDbEntity
  8
0
100
AcDbLine
 10
-0.42078
 20
-9.12735
 30
0.0
 11
-0.42049
 21
-9.126000000000001
 31
0.0
  0
LINE
  5
7EA
330
17
100
AcDbEntity
  8
0
100
AcDbLine
 10
-0.42049
 20
-9.126000000000001
 30
0.0
 11
-0.42006
 21
-9.124699999999999
 31
0.0
  0
LINE
  5
7EB
330
17
100
AcDbEntity
  8
0
100
AcDbLine
 10
-0.42006
 20
-9.124699999999999
 30
0.0
 11
-0.4195
 21
-9.12344
 31
0.0
  0
LINE
  5
7EC
330
17
100
AcDbEntity
  8
0
100
AcDbLine
 10
-0.4195
 20
-9.12344
 30
0.0
 11
-0.41881999999999997
 21
-9.12225
 31
0.0
  0
LINE
  5
7ED
330
17
100
AcDbEntity
  8
0
100
AcDbLine
 10
-0.41881999999999997
 20
-9.12225
 30
0.0
 11
-0.41801
 21
-9.12114
 31
0.0
  0
LINE
  5
7EE
330
17
100
AcDbEntity
  8
0
100
AcDbLine
 10
-0.41801
 20
-9.12114
 30
0.0
 11
-0.41709
 21
-9.12012
 31
0.0
  0
LINE
  5
7EF
330
17
100
AcDbEntity
  8
0
100
AcDbLine
 10
-0.41709
 20
-9.12012
 30
0.0
 11
-0.41536
 21
-9.118559999999999
 31
0.0
  0
LINE
  5
7F0
330
17
100
AcDbEntity
  8
0
100
AcDbLine
 10
-0.41536
 20
-9.118559999999999
 30
0.0
 11
-0.41347999999999996
 21
-9.117180000000001
 31
0.0
  0
LINE
  5
7F1
330
17
100
AcDbEntity
  8
0
100
AcDbLine
 10
-0.41347999999999996
 20
-9.117180000000001
 30
0.0
 11
-0.41146
 21
-9.116010000000001
 31
0.0
  0
LINE
  5
7F2
330
17
100
AcDbEntity
  8
0
100
AcDbLine
 10
-0.41146
 20
-9.116010000000001
 30
0.0
 11
-0.40934
 21
-9.11505
 31
0.0
  0
LINE
  5
7F3
330
17
100
AcDbEntity
  8
0
100
AcDbLine
 10
-0.40934
 20
-9.11505
 30
0.0
 11
-0.40713
 21
-9.11431
 31
0.0
  0
LINE
  5
7F4
330
17
100
AcDbEntity
  8
0
100
AcDbLine
 10
-0.40713
 20
-9.11431
 30
0.0
 11
-0.40485
 21
-9.1138
 31
0.0
  0
LINE
  5
7F5
330
17
100
AcDbEntity
  8
0
100
AcDbLine
 10
-0.40485
 20
-9.1138
 30
0.0
 11
-0.40254
 21
-9.113529999999999
 31
0.0
  0
LINE
  5
7F6
330
17
100
AcDbEntity
  8
0
100
AcDbLine
 10
-0.40254
 20
-9.113529999999999
 30
0.0
 11
-0.4002
 21
-9.1135
 31
0.0
  0
LINE
  5
7F7
330
17
100
AcDbEntity
  8
0
100
AcDbLine
 10
-0.4002
 20
-9.1135
 30
0.0
 11
-0.39787999999999996
 21
-9.113710000000001
 31
0.0
  0
LINE
  5
7F8
330
17
100
AcDbEntity
  8
0
100
AcDbLine
 10
-0.39787999999999996
 20
-9.113710000000001
 30
0.0
 11
-0.39559000000000005
 21
-9.11416
 31
0.0
  0
LINE
  5
7F9
330
17
100
AcDbEntity
  8
0
100
AcDbLine
 10
-0.39559000000000005
 20
-9.11416
 30
0.0
 11
-0.39336
 21
-9.114840000000001
 31
0.0
  0
LINE
  5
7FA
330
17
100
AcDbEntity
  8
0
100
AcDbLine
 10
-0.39336
 20
-9.114840000000001
 30
0.0
 11
-0.39122
 21
-9.11575
 31
0.0
  0
LINE
  5
7FB
330
17
100
AcDbEntity
  8
0
100
AcDbLine
 10
-0.39122
 20
-9.11575
 30
0.0
 11
-0.30759
 21
-9.159260000000002
 31
0.0
  0
LINE
  5
7FC
330
17
100
AcDbEntity
  8
0
100
AcDbLine
 10
-0.30759
 20
-9.159260000000002
 30
0.0
 11
-0.29728000000000004
 21
-9.16566
 31
0.0
  0
LINE
  5
7FD
330
17
100
AcDbEntity
  8
0
100
AcDbLine
 10
-0.29728000000000004
 20
-9.16566
 30
0.0
 11
-0.22137
 21
-9.21282
 31
0.0
  0
LINE
  5
7FE
330
17
100
AcDbEntity
  8
0
100
AcDbLine
 10
-0.22137
 20
-9.21282
 30
0.0
 11
-0.1867
 21
-9.23864
 31
0.0
  0
LINE
  5
7FF
330
17
100
AcDbEntity
  8
0
100
AcDbLine
 10
-0.1867
 20
-9.23864
 30
0.0
 11
-0.15406
 21
-9.26699
 31
0.0
  0
LINE
  5
800
330
17
100
AcDbEntity
  8
0
100
AcDbLine
 10
-0.15406
 20
-9.26699
 30
0.0
 11
-0.08249000000000001
 21
-9.34073
 31
0.0
  0
LINE
  5
801
330
17
100
AcDbEntity
  8
0
100
AcDbLine
 10
-0.08249000000000001
 20
-9.34073
 30
0.0
 11
-0.018229999999999996
 21
-9.42094
 31
0.0
  0
LINE
  5
802
330
17
100
AcDbEntity
  8
0
100
AcDbLine
 10
-0.01823
 20
-9.42094
 30
0.0
 11
0.03810999999999999
 21
-9.50689
 31
0.0
  0
LINE
  5
803
330
17
100
AcDbEntity
  8
0
100
AcDbLine
 10
0.03811
 20
-9.50689
 30
0.0
 11
0.08605
 21
-9.59779
 31
0.0
  0
LINE
  5
804
330
17
100
AcDbEntity
  8
0
100
AcDbLine
 10
0.08605
 20
-9.59779
 30
0.0
 11
0.14618
 21
-9.74202
 31
0.0
  0
LINE
  5
805
330
17
100
AcDbEntity
  8
0
100
AcDbLine
 10
0.14618
 20
-9.74202
 30
0.0
 11
0.19373
 21
-9.89087
 31
0.0
  0
LINE
  5
806
330
17
100
AcDbEntity
  8
0
100
AcDbLine
 10
0.19373
 20
-9.89087
 30
0.0
 11
0.22837000000000002
 21
-10.04324
 31
0.0
  0
LINE
  5
807
330
17
100
AcDbEntity
  8
0
100
AcDbLine
 10
0.22837000000000002
 20
-10.04324
 30
0.0
 11
0.24133
 21
-10.13587
 31
0.0
  0
LINE
  5
808
330
17
100
AcDbEntity
  8
0
100
AcDbLine
 10
0.24133
 20
-10.13587
 30
0.0
 11
0.24653000000000003
 21
-10.22927
 31
0.0
  0
LINE
  5
809
330
17
100
AcDbEntity
  8
0
100
AcDbLine
 10
0.24653000000000003
 20
-10.22927
 30
0.0
 11
0.24393
 21
-10.32277
 31
0.0
  0
LINE
  5
80A
330
17
100
AcDbEntity
  8
0
100
AcDbLine
 10
0.24393
 20
-10.32277
 30
0.0
 11
0.23355
 21
-10.41572
 31
0.0
  0
LINE
  5
80B
330
17
100
AcDbEntity
  8
0
100
AcDbLine
 10
0.23355
 20
-10.41572
 30
0.0
 11
0.23005
 21
-10.432310000000001
 31
0.0
  0
LINE
  5
80C
330
17
100
AcDbEntity
  8
0
100
AcDbLine
 10
0.23005
 20
-10.432310000000001
 30
0.0
 11
0.22478
 21
-10.44841
 31
0.0
  0
LINE
  5
80D
330
17
100
AcDbEntity
  8
0
100
AcDbLine
 10
0.22478
 20
-10.44841
 30
0.0
 11
0.21778
 21
-10.46385
 31
0.0
  0
LINE
  5
80E
330
17
100
AcDbEntity
  8
0
100
AcDbLine
 10
0.21778
 20
-10.46385
 30
0.0
 11
0.20914
 21
-10.478430000000001
 31
0.0
  0
LINE
  5
80F
330
17
100
AcDbEntity
  8
0
100
AcDbLine
 10
0.20914
 20
-10.478430000000001
 30
0.0
 11
0.19897
 21
-10.49199
 31
0.0
  0
LINE
  5
810
330
17
100
AcDbEntity
  8
0
100
AcDbLine
 10
0.19897
 20
-10.49199
 30
0.0
 11
0.18738000000000002
 21
-10.50436
 31
0.0
  0
LINE
  5
811
330
17
100
AcDbEntity
  8
0
100
AcDbLine
 10
0.18738000000000002
 20
-10.50436
 30
0.0
 11
0.17452
 21
-10.51539
 31
0.0
  0
LINE
  5
812
330
17
100
AcDbEntity
  8
0
100
AcDbLine
 10
0.17452
 20
-10.51539
 30
0.0
 11
0.16645000000000001
 21
-10.520909999999999
 31
0.0
  0
LINE
  5
813
330
17
100
AcDbEntity
  8
0
100
AcDbLine
 10
0.16645000000000001
 20
-10.520909999999999
 30
0.0
 11
0.16053
 21
-10.52496
 31
0.0
  0
LINE
  5
814
330
17
100
AcDbEntity
  8
0
100
AcDbLine
 10
0.16053
 20
-10.52496
 30
0.0
 11
0.14558
 21
-10.53295
 31
0.0
  0
LINE
  5
815
330
17
100
AcDbEntity
  8
0
100
AcDbLine
 10
0.14558
 20
-10.53295
 30
0.0
 11
0.12985000000000002
 21
-10.53926
 31
0.0
  0
LINE
  5
816
330
17
100
AcDbEntity
  8
0
100
AcDbLine
 10
0.12985000000000002
 20
-10.53926
 30
0.0
 11
0.11353
 21
-10.54383
 31
0.0
  0
LINE
  5
817
330
17
100
AcDbEntity
  8
0
100
AcDbLine
 10
0.11353
 20
-10.54383
 30
0.0
 11
0.09681000000000001
 21
-10.54659
 31
0.0
  0
LINE
  5
818
330
17
100
AcDbEntity
  8
0
100
AcDbLine
 10
2.4146699999999996
 20
-9.61552
 30
0.0
 11
2.4634
 21
-9.71787
 31
0.0
  0
LINE
  5
819
330
17
100
AcDbEntity
  8
0
100
AcDbLine
 10
2.4634
 20
-9.71787
 30
0.0
 11
2.50631
 21
-9.822799999999999
 31
0.0
  0
LINE
  5
81A
330
17
100
AcDbEntity
  8
0
100
AcDbLine
 10
2.50631
 20
-9.822799999999999
 30
0.0
 11
2.5586699999999998
 21
-9.9842
 31
0.0
  0
LINE
  5
81B
330
17
100
AcDbEntity
  8
0
100
AcDbLine
 10
2.5586699999999998
 20
-9.9842
 30
0.0
 11
2.5959
 21
-10.149750000000001
 31
0.0
  0
LINE
  5
81C
330
17
100
AcDbEntity
  8
0
100
AcDbLine
 10
2.5959
 20
-10.149750000000001
 30
0.0
 11
2.6040099999999997
 21
-10.21437
 31
0.0
  0
LINE
  5
81D
330
17
100
AcDbEntity
  8
0
100
AcDbLine
 10
2.6040099999999997
 20
-10.21437
 30
0.0
 11
2.6055900000000003
 21
-10.279480000000001
 31
0.0
  0
LINE
  5
81E
330
17
100
AcDbEntity
  8
0
100
AcDbLine
 10
2.6055900000000003
 20
-10.279480000000001
 30
0.0
 11
2.60062
 21
-10.34442
 31
0.0
  0
LINE
  5
81F
330
17
100
AcDbEntity
  8
0
100
AcDbLine
 10
2.60062
 20
-10.34442
 30
0.0
 11
2.58917
 21
-10.408529999999999
 31
0.0
  0
LINE
  5
820
330
17
100
AcDbEntity
  8
0
100
AcDbLine
 10
2.58917
 20
-10.408529999999999
 30
0.0
 11
2.58353
 21
-10.428099999999999
 31
0.0
  0
LINE
  5
821
330
17
100
AcDbEntity
  8
0
100
AcDbLine
 10
2.58353
 20
-10.428099999999999
 30
0.0
 11
2.5758199999999998
 21
-10.44695
 31
0.0
  0
LINE
  5
822
330
17
100
AcDbEntity
  8
0
100
AcDbLine
 10
2.5758199999999998
 20
-10.44695
 30
0.0
 11
2.5661400000000003
 21
-10.46487
 31
0.0
  0
LINE
  5
823
330
17
100
AcDbEntity
  8
0
100
AcDbLine
 10
2.5661400000000003
 20
-10.46487
 30
0.0
 11
2.5545899999999997
 21
-10.48164
 31
0.0
  0
LINE
  5
824
330
17
100
AcDbEntity
  8
0
100
AcDbLine
 10
2.5545899999999997
 20
-10.48164
 30
0.0
 11
2.54131
 21
-10.49708
 31
0.0
  0
LINE
  5
825
330
17
100
AcDbEntity
  8
0
100
AcDbLine
 10
2.54131
 20
-10.49708
 30
0.0
 11
2.5264599999999997
 21
-10.511009999999999
 31
0.0
  0
LINE
  5
826
330
17
100
AcDbEntity
  8
0
100
AcDbLine
 10
2.5264599999999997
 20
-10.511009999999999
 30
0.0
 11
2.5133199999999998
 21
-10.520909999999999
 31
0.0
  0
LINE
  5
827
330
17
100
AcDbEntity
  8
0
100
AcDbLine
 10
2.5133199999999998
 20
-10.520909999999999
 30
0.0
 11
2.5101899999999997
 21
-10.52327
 31
0.0
  0
LINE
  5
828
330
17
100
AcDbEntity
  8
0
100
AcDbLine
 10
2.5101899999999997
 20
-10.52327
 30
0.0
 11
2.4927099999999998
 21
-10.53371
 31
0.0
  0
LINE
  5
829
330
17
100
AcDbEntity
  8
0
100
AcDbLine
 10
2.4927099999999998
 20
-10.53371
 30
0.0
 11
2.4769
 21
-10.54099
 31
0.0
  0
LINE
  5
82A
330
17
100
AcDbEntity
  8
0
100
AcDbLine
 10
2.4769
 20
-10.54099
 30
0.0
 11
2.4604000000000004
 21
-10.54653
 31
0.0
  0
LINE
  5
82B
330
17
100
AcDbEntity
  8
0
100
AcDbLine
 10
2.4604000000000004
 20
-10.54653
 30
0.0
 11
2.44474
 21
-10.549990000000001
 31
0.0
  0
LINE
  5
82C
330
17
100
AcDbEntity
  8
0
100
AcDbLine
 10
2.44474
 20
-10.549990000000001
 30
0.0
 11
2.4434
 21
-10.55029
 31
0.0
  0
LINE
  5
82D
330
17
100
AcDbEntity
  8
0
100
AcDbLine
 10
2.4434
 20
-10.55029
 30
0.0
 11
2.4261
 21
-10.552209999999999
 31
0.0
  0
LINE
  5
82E
330
17
100
AcDbEntity
  8
0
100
AcDbLine
 10
2.4261
 20
-10.552209999999999
 30
0.0
 11
2.4087
 21
-10.552280000000001
 31
0.0
  0
LINE
  5
82F
330
17
100
AcDbEntity
  8
0
100
AcDbLine
 10
2.4087
 20
-10.552280000000001
 30
0.0
 11
2.3913900000000003
 21
-10.550479999999999
 31
0.0
  0
LINE
  5
830
330
17
100
AcDbEntity
  8
0
100
AcDbLine
 10
2.3913900000000003
 20
-10.550479999999999
 30
0.0
 11
2.38909
 21
-10.549990000000001
 31
0.0
  0
LINE
  5
831
330
17
100
AcDbEntity
  8
0
100
AcDbLine
 10
2.38909
 20
-10.549990000000001
 30
0.0
 11
2.37436
 21
-10.54685
 31
0.0
  0
LINE
  5
832
330
17
100
AcDbEntity
  8
0
100
AcDbLine
 10
2.37436
 20
-10.54685
 30
0.0
 11
2.35783
 21
-10.54143
 31
0.0
  0
LINE
  5
833
330
17
100
AcDbEntity
  8
0
100
AcDbLine
 10
2.35783
 20
-10.54143
 30
0.0
 11
2.3419600000000003
 21
-10.53427
 31
0.0
  0
LINE
  5
834
330
17
100
AcDbEntity
  8
0
100
AcDbLine
 10
2.3419600000000003
 20
-10.53427
 30
0.0
 11
2.3229800000000003
 21
-10.52337
 31
0.0
  0
LINE
  5
835
330
17
100
AcDbEntity
  8
0
100
AcDbLine
 10
2.3229800000000003
 20
-10.52337
 30
0.0
 11
2.3194600000000003
 21
-10.520909999999999
 31
0.0
  0
LINE
  5
836
330
17
100
AcDbEntity
  8
0
100
AcDbLine
 10
2.3194600000000003
 20
-10.520909999999999
 30
0.0
 11
2.30504
 21
-10.51084
 31
0.0
  0
LINE
  5
837
330
17
100
AcDbEntity
  8
0
100
AcDbLine
 10
2.30504
 20
-10.51084
 30
0.0
 11
2.2882599999999997
 21
-10.496780000000001
 31
0.0
  0
LINE
  5
838
330
17
100
AcDbEntity
  8
0
100
AcDbLine
 10
2.2882599999999997
 20
-10.496780000000001
 30
0.0
 11
2.2727899999999996
 21
-10.481300000000001
 31
0.0
  0
LINE
  5
839
330
17
100
AcDbEntity
  8
0
100
AcDbLine
 10
2.2727899999999996
 20
-10.481300000000001
 30
0.0
 11
2.25874
 21
-10.46451
 31
0.0
  0
LINE
  5
83A
330
17
100
AcDbEntity
  8
0
100
AcDbLine
 10
2.25874
 20
-10.46451
 30
0.0
 11
2.21929
 21
-10.406749999999999
 31
0.0
  0
LINE
  5
83B
330
17
100
AcDbEntity
  8
0
100
AcDbLine
 10
2.21929
 20
-10.406749999999999
 30
0.0
 11
2.18623
 21
-10.34511
 31
0.0
  0
LINE
  5
83C
330
17
100
AcDbEntity
  8
0
100
AcDbLine
 10
2.18623
 20
-10.34511
 30
0.0
 11
2.1503
 21
-10.2601
 31
0.0
  0
LINE
  5
83D
330
17
100
AcDbEntity
  8
0
100
AcDbLine
 10
2.1503
 20
-10.2601
 30
0.0
 11
2.1210999999999998
 21
-10.172550000000001
 31
0.0
  0
LINE
  5
83E
330
17
100
AcDbEntity
  8
0
100
AcDbLine
 10
2.1210999999999998
 20
-10.172550000000001
 30
0.0
 11
2.06085
 21
-9.935400000000001
 31
0.0
  0
LINE
  5
83F
330
17
100
AcDbEntity
  8
0
100
AcDbLine
 10
2.06085
 20
-9.935400000000001
 30
0.0
 11
2.03241
 21
-9.80485
 31
0.0
  0
LINE
  5
840
330
17
100
AcDbEntity
  8
0
100
AcDbLine
 10
2.03241
 20
-9.80485
 30
0.0
 11
1.9996200000000002
 21
-9.654209999999999
 31
0.0
  0
LINE
  5
841
330
17
100
AcDbEntity
  8
0
100
AcDbLine
 10
1.9996200000000002
 20
-9.654209999999999
 30
0.0
 11
1.9676799999999999
 21
-9.50734
 31
0.0
  0
LINE
  5
842
330
17
100
AcDbEntity
  8
0
100
AcDbLine
 10
1.9676799999999999
 20
-9.50734
 30
0.0
 11
1.94207
 21
-9.38943
 31
0.0
  0
LINE
  5
843
330
17
100
AcDbEntity
  8
0
100
AcDbLine
 10
1.94207
 20
-9.38943
 30
0.0
 11
1.90631
 21
-9.210080000000001
 31
0.0
  0
LINE
  5
844
330
17
100
AcDbEntity
  8
0
100
AcDbLine
 10
1.90631
 20
-9.210080000000001
 30
0.0
 11
1.90503
 21
-9.2003
 31
0.0
  0
LINE
  5
845
330
17
100
AcDbEntity
  8
0
100
AcDbLine
 10
1.90503
 20
-9.2003
 30
0.0
 11
1.90473
 21
-9.190439999999999
 31
0.0
  0
LINE
  5
846
330
17
100
AcDbEntity
  8
0
100
AcDbLine
 10
1.90473
 20
-9.190439999999999
 30
0.0
 11
1.90542
 21
-9.1806
 31
0.0
  0
LINE
  5
847
330
17
100
AcDbEntity
  8
0
100
AcDbLine
 10
1.90542
 20
-9.1806
 30
0.0
 11
1.90707
 21
-9.170869999999999
 31
0.0
  0
LINE
  5
848
330
17
100
AcDbEntity
  8
0
100
AcDbLine
 10
1.90707
 20
-9.170869999999999
 30
0.0
 11
1.9096899999999999
 21
-9.16136
 31
0.0
  0
LINE
  5
849
330
17
100
AcDbEntity
  8
0
100
AcDbLine
 10
1.9096899999999999
 20
-9.16136
 30
0.0
 11
1.91324
 21
-9.15216
 31
0.0
  0
LINE
  5
84A
330
17
100
AcDbEntity
  8
0
100
AcDbLine
 10
1.91324
 20
-9.15216
 30
0.0
 11
1.91445
 21
-9.14978
 31
0.0
  0
LINE
  5
84B
330
17
100
AcDbEntity
  8
0
100
AcDbLine
 10
1.91445
 20
-9.14978
 30
0.0
 11
1.91591
 21
-9.14754
 31
0.0
  0
LINE
  5
84C
330
17
100
AcDbEntity
  8
0
100
AcDbLine
 10
1.91591
 20
-9.14754
 30
0.0
 11
1.9175900000000001
 21
-9.14547
 31
0.0
  0
LINE
  5
84D
330
17
100
AcDbEntity
  8
0
100
AcDbLine
 10
1.9175900000000001
 20
-9.14547
 30
0.0
 11
1.91948
 21
-9.14359
 31
0.0
  0
LINE
  5
84E
330
17
100
AcDbEntity
  8
0
100
AcDbLine
 10
1.91948
 20
-9.14359
 30
0.0
 11
1.9215499999999999
 21
-9.141919999999999
 31
0.0
  0
LINE
  5
84F
330
17
100
AcDbEntity
  8
0
100
AcDbLine
 10
1.9215499999999999
 20
-9.141919999999999
 30
0.0
 11
1.9238
 21
-9.14048
 31
0.0
  0
LINE
  5
850
330
17
100
AcDbEntity
  8
0
100
AcDbLine
 10
1.9238
 20
-9.14048
 30
0.0
 11
1.92618
 21
-9.13928
 31
0.0
  0
LINE
  5
851
330
17
100
AcDbEntity
  8
0
100
AcDbLine
 10
1.92618
 20
-9.13928
 30
0.0
 11
1.9286699999999999
 21
-9.13833
 31
0.0
  0
LINE
  5
852
330
17
100
AcDbEntity
  8
0
100
AcDbLine
 10
1.9286699999999999
 20
-9.13833
 30
0.0
 11
1.9312500000000001
 21
-9.13766
 31
0.0
  0
LINE
  5
853
330
17
100
AcDbEntity
  8
0
100
AcDbLine
 10
1.9312500000000001
 20
-9.13766
 30
0.0
 11
1.9338899999999999
 21
-9.13726
 31
0.0
  0
LINE
  5
854
330
17
100
AcDbEntity
  8
0
100
AcDbLine
 10
1.9338899999999999
 20
-9.13726
 30
0.0
 11
1.9365599999999998
 21
-9.13715
 31
0.0
  0
LINE
  5
855
330
17
100
AcDbEntity
  8
0
100
AcDbLine
 10
1.9365599999999998
 20
-9.13715
 30
0.0
 11
1.93922
 21
-9.13731
 31
0.0
  0
LINE
  5
856
330
17
100
AcDbEntity
  8
0
100
AcDbLine
 10
1.93922
 20
-9.13731
 30
0.0
 11
1.9418499999999999
 21
-9.13775
 31
0.0
  0
LINE
  5
857
330
17
100
AcDbEntity
  8
0
100
AcDbLine
 10
1.9418499999999999
 20
-9.13775
 30
0.0
 11
1.94442
 21
-9.13847
 31
0.0
  0
LINE
  5
858
330
17
100
AcDbEntity
  8
0
100
AcDbLine
 10
1.94442
 20
-9.13847
 30
0.0
 11
1.94689
 21
-9.13945
 31
0.0
  0
LINE
  5
859
330
17
100
AcDbEntity
  8
0
100
AcDbLine
 10
1.94689
 20
-9.13945
 30
0.0
 11
1.99037
 21
-9.161570000000001
 31
0.0
  0
LINE
  5
85A
330
17
100
AcDbEntity
  8
0
100
AcDbLine
 10
1.99037
 20
-9.161570000000001
 30
0.0
 11
2.0319700000000003
 21
-9.18706
 31
0.0
  0
LINE
  5
85B
330
17
100
AcDbEntity
  8
0
100
AcDbLine
 10
2.0319700000000003
 20
-9.18706
 30
0.0
 11
2.11092
 21
-9.24454
 31
0.0
  0
LINE
  5
85C
330
17
100
AcDbEntity
  8
0
100
AcDbLine
 10
2.11092
 20
-9.24454
 30
0.0
 11
2.1850300000000002
 21
-9.30814
 31
0.0
  0
LINE
  5
85D
330
17
100
AcDbEntity
  8
0
100
AcDbLine
 10
2.1850300000000002
 20
-9.30814
 30
0.0
 11
2.2507099999999998
 21
-9.37502
 31
0.0
  0
LINE
  5
85E
330
17
100
AcDbEntity
  8
0
100
AcDbLine
 10
2.2507099999999998
 20
-9.37502
 30
0.0
 11
2.3101
 21
-9.44754
 31
0.0
  0
LINE
  5
85F
330
17
100
AcDbEntity
  8
0
100
AcDbLine
 10
2.3101
 20
-9.44754
 30
0.0
 11
2.36593
 21
-9.529330000000002
 31
0.0
  0
LINE
  5
860
330
17
100
AcDbEntity
  8
0
100
AcDbLine
 10
2.36593
 20
-9.529330000000002
 30
0.0
 11
2.4146699999999996
 21
-9.61552
 31
0.0
  0
LINE
  5
861
330
17
100
AcDbEntity
  8
0
100
AcDbLine
 10
-9.2101
 20
-9.04637
 30
0.0
 11
-9.20495
 21
-9.04528
 31
0.0
  0
LINE
  5
862
330
17
100
AcDbEntity
  8
0
100
AcDbLine
 10
-9.20495
 20
-9.04528
 30
0.0
 11
-9.199729999999999
 21
-9.04463
 31
0.0
  0
LINE
  5
863
330
17
100
AcDbEntity
  8
0
100
AcDbLine
 10
-9.199729999999999
 20
-9.04463
 30
0.0
 11
-9.19448
 21
-9.044419999999999
 31
0.0
  0
LINE
  5
864
330
17
100
AcDbEntity
  8
0
100
AcDbLine
 10
-9.19448
 20
-9.044419999999999
 30
0.0
 11
-9.17975
 21
-9.04516
 31
0.0
  0
LINE
  5
865
330
17
100
AcDbEntity
  8
0
100
AcDbLine
 10
-9.17975
 20
-9.04516
 30
0.0
 11
-9.16516
 21
-9.04731
 31
0.0
  0
LINE
  5
866
330
17
100
AcDbEntity
  8
0
100
AcDbLine
 10
-9.16516
 20
-9.04731
 30
0.0
 11
-9.15085
 21
-9.050839999999999
 31
0.0
  0
LINE
  5
867
330
17
100
AcDbEntity
  8
0
100
AcDbLine
 10
-9.15085
 20
-9.050839999999999
 30
0.0
 11
-9.13694
 21
-9.055719999999999
 31
0.0
  0
LINE
  5
868
330
17
100
AcDbEntity
  8
0
100
AcDbLine
 10
-9.13694
 20
-9.055719999999999
 30
0.0
 11
-9.12355
 21
-9.06191
 31
0.0
  0
LINE
  5
869
330
17
100
AcDbEntity
  8
0
100
AcDbLine
 10
-9.12355
 20
-9.06191
 30
0.0
 11
-9.07991
 21
-9.0874
 31
0.0
  0
LINE
  5
86A
330
17
100
AcDbEntity
  8
0
100
AcDbLine
 10
-9.07991
 20
-9.0874
 30
0.0
 11
-9.06707
 21
-9.09665
 31
0.0
  0
LINE
  5
86B
330
17
100
AcDbEntity
  8
0
100
AcDbLine
 10
-9.06707
 20
-9.09665
 30
0.0
 11
-9.0389
 21
-9.11693
 31
0.0
  0
LINE
  5
86C
330
17
100
AcDbEntity
  8
0
100
AcDbLine
 10
-9.0389
 20
-9.11693
 30
0.0
 11
-8.99817
 21
-9.15252
 31
0.0
  0
LINE
  5
86D
330
17
100
AcDbEntity
  8
0
100
AcDbLine
 10
-8.99817
 20
-9.15252
 30
0.0
 11
-8.960920000000002
 21
-9.19173
 31
0.0
  0
LINE
  5
86E
330
17
100
AcDbEntity
  8
0
100
AcDbLine
 10
-8.960920000000002
 20
-9.19173
 30
0.0
 11
-8.94121
 21
-9.2167
 31
0.0
  0
LINE
  5
86F
330
17
100
AcDbEntity
  8
0
100
AcDbLine
 10
-8.94121
 20
-9.2167
 30
0.0
 11
-8.923820000000001
 21
-9.24335
 31
0.0
  0
LINE
  5
870
330
17
100
AcDbEntity
  8
0
100
AcDbLine
 10
-8.923820000000001
 20
-9.24335
 30
0.0
 11
-8.90891
 21
-9.27145
 31
0.0
  0
LINE
  5
871
330
17
100
AcDbEntity
  8
0
100
AcDbLine
 10
-8.90891
 20
-9.27145
 30
0.0
 11
-8.88486
 21
-9.32744
 31
0.0
  0
LINE
  5
872
330
17
100
AcDbEntity
  8
0
100
AcDbLine
 10
-8.88486
 20
-9.32744
 30
0.0
 11
-8.865079999999999
 21
-9.38509
 31
0.0
  0
LINE
  5
873
330
17
100
AcDbEntity
  8
0
100
AcDbLine
 10
-8.865079999999999
 20
-9.38509
 30
0.0
 11
-8.82375
 21
-9.54054
 31
0.0
  0
LINE
  5
874
330
17
100
AcDbEntity
  8
0
100
AcDbLine
 10
-8.82375
 20
-9.54054
 30
0.0
 11
-8.79076
 21
-9.695870000000001
 31
0.0
  0
LINE
  5
875
330
17
100
AcDbEntity
  8
0
100
AcDbLine
 10
-8.79076
 20
-9.695870000000001
 30
0.0
 11
-8.790140000000001
 21
-9.70039
 31
0.0
  0
LINE
  5
876
330
17
100
AcDbEntity
  8
0
100
AcDbLine
 10
-8.790140000000001
 20
-9.70039
 30
0.0
 11
-8.79
 21
-9.70496
 31
0.0
  0
LINE
  5
877
330
17
100
AcDbEntity
  8
0
100
AcDbLine
 10
-8.79
 20
-9.70496
 30
0.0
 11
-8.790370000000001
 21
-9.70952
 31
0.0
  0
LINE
  5
878
330
17
100
AcDbEntity
  8
0
100
AcDbLine
 10
-8.790370000000001
 20
-9.70952
 30
0.0
 11
-8.791220000000001
 21
-9.71401
 31
0.0
  0
LINE
  5
879
330
17
100
AcDbEntity
  8
0
100
AcDbLine
 10
-8.791220000000001
 20
-9.71401
 30
0.0
 11
-8.79256
 21
-9.71838
 31
0.0
  0
LINE
  5
87A
330
17
100
AcDbEntity
  8
0
100
AcDbLine
 10
-8.79256
 20
-9.71838
 30
0.0
 11
-8.79436
 21
-9.722579999999999
 31
0.0
  0
LINE
  5
87B
330
17
100
AcDbEntity
  8
0
100
AcDbLine
 10
-8.79436
 20
-9.722579999999999
 30
0.0
 11
-8.79661
 21
-9.726560000000001
 31
0.0
  0
LINE
  5
87C
330
17
100
AcDbEntity
  8
0
100
AcDbLine
 10
-8.79661
 20
-9.726560000000001
 30
0.0
 11
-8.79927
 21
-9.730279999999999
 31
0.0
  0
LINE
  5
87D
330
17
100
AcDbEntity
  8
0
100
AcDbLine
 10
-8.79927
 20
-9.730279999999999
 30
0.0
 11
-8.802330000000001
 21
-9.73368
 31
0.0
  0
LINE
  5
87E
330
17
100
AcDbEntity
  8
0
100
AcDbLine
 10
-8.802330000000001
 20
-9.73368
 30
0.0
 11
-8.805250000000001
 21
-9.73631
 31
0.0
  0
LINE
  5
87F
330
17
100
AcDbEntity
  8
0
100
AcDbLine
 10
-8.805250000000001
 20
-9.73631
 30
0.0
 11
-8.80845
 21
-9.73861
 31
0.0
  0
LINE
  5
880
330
17
100
AcDbEntity
  8
0
100
AcDbLine
 10
-8.80845
 20
-9.73861
 30
0.0
 11
-8.81186
 21
-9.74056
 31
0.0
  0
LINE
  5
881
330
17
100
AcDbEntity
  8
0
100
AcDbLine
 10
-8.81186
 20
-9.74056
 30
0.0
 11
-8.815470000000001
 21
-9.74212
 31
0.0
  0
LINE
  5
882
330
17
100
AcDbEntity
  8
0
100
AcDbLine
 10
-8.815470000000001
 20
-9.74212
 30
0.0
 11
-8.819230000000001
 21
-9.7433
 31
0.0
  0
LINE
  5
883
330
17
100
AcDbEntity
  8
0
100
AcDbLine
 10
-8.819230000000001
 20
-9.7433
 30
0.0
 11
-8.82309
 21
-9.744060000000001
 31
0.0
  0
LINE
  5
884
330
17
100
AcDbEntity
  8
0
100
AcDbLine
 10
-8.82309
 20
-9.744060000000001
 30
0.0
 11
-8.82701
 21
-9.74441
 31
0.0
  0
LINE
  5
885
330
17
100
AcDbEntity
  8
0
100
AcDbLine
 10
-8.82701
 20
-9.74441
 30
0.0
 11
-8.83094
 21
-9.744330000000001
 31
0.0
  0
LINE
  5
886
330
17
100
AcDbEntity
  8
0
100
AcDbLine
 10
-8.83094
 20
-9.744330000000001
 30
0.0
 11
-8.83484
 21
-9.74384
 31
0.0
  0
LINE
  5
887
330
17
100
AcDbEntity
  8
0
100
AcDbLine
 10
-8.83484
 20
-9.74384
 30
0.0
 11
-8.83867
 21
-9.742930000000001
 31
0.0
  0
LINE
  5
888
330
17
100
AcDbEntity
  8
0
100
AcDbLine
 10
-8.83867
 20
-9.742930000000001
 30
0.0
 11
-8.93564
 21
-9.709529999999999
 31
0.0
  0
LINE
  5
889
330
17
100
AcDbEntity
  8
0
100
AcDbLine
 10
-8.93564
 20
-9.709529999999999
 30
0.0
 11
-8.988919999999998
 21
-9.6867
 31
0.0
  0
LINE
  5
88A
330
17
100
AcDbEntity
  8
0
100
AcDbLine
 10
-8.988919999999998
 20
-9.6867
 30
0.0
 11
-9.040799999999999
 21
-9.660870000000001
 31
0.0
  0
LINE
  5
88B
330
17
100
AcDbEntity
  8
0
100
AcDbLine
 10
-9.040799999999999
 20
-9.660870000000001
 30
0.0
 11
-9.0867
 21
-9.63412
 31
0.0
  0
LINE
  5
88C
330
17
100
AcDbEntity
  8
0
100
AcDbLine
 10
-9.0867
 20
-9.63412
 30
0.0
 11
-9.13048
 21
-9.604049999999999
 31
0.0
  0
LINE
  5
88D
330
17
100
AcDbEntity
  8
0
100
AcDbLine
 10
-9.13048
 20
-9.604049999999999
 30
0.0
 11
-9.17634
 21
-9.56656
 31
0.0
  0
LINE
  5
88E
330
17
100
AcDbEntity
  8
0
100
AcDbLine
 10
-9.17634
 20
-9.56656
 30
0.0
 11
-9.21854
 21
-9.525
 31
0.0
  0
LINE
  5
88F
330
17
100
AcDbEntity
  8
0
100
AcDbLine
 10
-9.21854
 20
-9.525
 30
0.0
 11
-9.25671
 21
-9.479700000000001
 31
0.0
  0
LINE
  5
890
330
17
100
AcDbEntity
  8
0
100
AcDbLine
 10
-9.25671
 20
-9.479700000000001
 30
0.0
 11
-9.280470000000001
 21
-9.445780000000001
 31
0.0
  0
LINE
  5
891
330
17
100
AcDbEntity
  8
0
100
AcDbLine
 10
-9.280470000000001
 20
-9.445780000000001
 30
0.0
 11
-9.301250000000001
 21
-9.40996
 31
0.0
  0
LINE
  5
892
330
17
100
AcDbEntity
  8
0
100
AcDbLine
 10
-9.301250000000001
 20
-9.40996
 30
0.0
 11
-9.31888
 21
-9.372480000000001
 31
0.0
  0
LINE
  5
893
330
17
100
AcDbEntity
  8
0
100
AcDbLine
 10
-9.31888
 20
-9.372480000000001
 30
0.0
 11
-9.33324
 21
-9.333630000000001
 31
0.0
  0
LINE
  5
894
330
17
100
AcDbEntity
  8
0
100
AcDbLine
 10
-9.33324
 20
-9.333630000000001
 30
0.0
 11
-9.34207
 21
-9.30009
 31
0.0
  0
LINE
  5
895
330
17
100
AcDbEntity
  8
0
100
AcDbLine
 10
-9.34207
 20
-9.30009
 30
0.0
 11
-9.34727
 21
-9.265789999999999
 31
0.0
  0
LINE
  5
896
330
17
100
AcDbEntity
  8
0
100
AcDbLine
 10
-9.34727
 20
-9.265789999999999
 30
0.0
 11
-9.348759999999999
 21
-9.23113
 31
0.0
  0
LINE
  5
897
330
17
100
AcDbEntity
  8
0
100
AcDbLine
 10
-9.348759999999999
 20
-9.23113
 30
0.0
 11
-9.346540000000001
 21
-9.19651
 31
0.0
  0
LINE
  5
898
330
17
100
AcDbEntity
  8
0
100
AcDbLine
 10
-9.346540000000001
 20
-9.19651
 30
0.0
 11
-9.34374
 21
-9.1801
 31
0.0
  0
LINE
  5
899
330
17
100
AcDbEntity
  8
0
100
AcDbLine
 10
-9.34374
 20
-9.1801
 30
0.0
 11
-9.33927
 21
-9.16405
 31
0.0
  0
LINE
  5
89A
330
17
100
AcDbEntity
  8
0
100
AcDbLine
 10
-9.33927
 20
-9.16405
 30
0.0
 11
-9.33319
 21
-9.14855
 31
0.0
  0
LINE
  5
89B
330
17
100
AcDbEntity
  8
0
100
AcDbLine
 10
-9.33319
 20
-9.14855
 30
0.0
 11
-9.32555
 21
-9.13375
 31
0.0
  0
LINE
  5
89C
330
17
100
AcDbEntity
  8
0
100
AcDbLine
 10
-9.32555
 20
-9.13375
 30
0.0
 11
-9.31643
 21
-9.119800000000001
 31
0.0
  0
LINE
  5
89D
330
17
100
AcDbEntity
  8
0
100
AcDbLine
 10
-9.31643
 20
-9.119800000000001
 30
0.0
 11
-9.30594
 21
-9.106869999999999
 31
0.0
  0
LINE
  5
89E
330
17
100
AcDbEntity
  8
0
100
AcDbLine
 10
-9.30594
 20
-9.106869999999999
 30
0.0
 11
-9.29575
 21
-9.09665
 31
0.0
  0
LINE
  5
89F
330
17
100
AcDbEntity
  8
0
100
AcDbLine
 10
-9.29575
 20
-9.09665
 30
0.0
 11
-9.29418
 21
-9.09508
 31
0.0
  0
LINE
  5
8A0
330
17
100
AcDbEntity
  8
0
100
AcDbLine
 10
-9.29418
 20
-9.09508
 30
0.0
 11
-9.282169999999999
 21
-9.08494
 31
0.0
  0
LINE
  5
8A1
330
17
100
AcDbEntity
  8
0
100
AcDbLine
 10
-9.282169999999999
 20
-9.08494
 30
0.0
 11
-9.26949
 21
-9.07565
 31
0.0
  0
LINE
  5
8A2
330
17
100
AcDbEntity
  8
0
100
AcDbLine
 10
-9.26949
 20
-9.07565
 30
0.0
 11
-9.25588
 21
-9.06701
 31
0.0
  0
LINE
  5
8A3
330
17
100
AcDbEntity
  8
0
100
AcDbLine
 10
-9.25588
 20
-9.06701
 30
0.0
 11
-9.24175
 21
-9.05925
 31
0.0
  0
LINE
  5
8A4
330
17
100
AcDbEntity
  8
0
100
AcDbLine
 10
-9.24175
 20
-9.05925
 30
0.0
 11
-9.228629999999999
 21
-9.05313
 31
0.0
  0
LINE
  5
8A5
330
17
100
AcDbEntity
  8
0
100
AcDbLine
 10
-9.228629999999999
 20
-9.05313
 30
0.0
 11
-9.21513
 21
-9.047899999999998
 31
0.0
  0
LINE
  5
8A6
330
17
100
AcDbEntity
  8
0
100
AcDbLine
 10
-9.21513
 20
-9.047899999999998
 30
0.0
 11
-9.2101
 21
-9.04637
 31
0.0
  0
LINE
  5
8A7
330
17
100
AcDbEntity
  8
0
100
AcDbLine
 10
14.45923
 20
7.77836
 30
0.0
 11
14.46222
 21
7.77311
 31
0.0
  0
LINE
  5
8A8
330
17
100
AcDbEntity
  8
0
100
AcDbLine
 10
14.46222
 20
7.77311
 30
0.0
 11
14.46466
 21
7.76757
 31
0.0
  0
LINE
  5
8A9
330
17
100
AcDbEntity
  8
0
100
AcDbLine
 10
14.46466
 20
7.76757
 30
0.0
 11
14.466520000000001
 21
7.76182
 31
0.0
  0
LINE
  5
8AA
330
17
100
AcDbEntity
  8
0
100
AcDbLine
 10
14.466520000000001
 20
7.76182
 30
0.0
 11
14.46777
 21
7.75591
 31
0.0
  0
LINE
  5
8AB
330
17
100
AcDbEntity
  8
0
100
AcDbLine
 10
14.46777
 20
7.75591
 30
0.0
 11
14.46842
 21
7.749899999999999
 31
0.0
  0
LINE
  5
8AC
330
17
100
AcDbEntity
  8
0
100
AcDbLine
 10
14.46842
 20
7.749899999999999
 30
0.0
 11
14.478100000000001
 21
7.53288
 31
0.0
  0
LINE
  5
8AD
330
17
100
AcDbEntity
  8
0
100
AcDbLine
 10
14.478100000000001
 20
7.53288
 30
0.0
 11
14.48457
 21
7.20847
 31
0.0
  0
LINE
  5
8AE
330
17
100
AcDbEntity
  8
0
100
AcDbLine
 10
14.48457
 20
7.20847
 30
0.0
 11
14.486260000000001
 21
6.6442000000000005
 31
0.0
  0
LINE
  5
8AF
330
17
100
AcDbEntity
  8
0
100
AcDbLine
 10
14.486260000000001
 20
6.6442000000000005
 30
0.0
 11
14.48785
 21
5.9575000000000005
 31
0.0
  0
LINE
  5
8B0
330
17
100
AcDbEntity
  8
0
100
AcDbLine
 10
14.48785
 20
5.9575000000000005
 30
0.0
 11
14.49571
 21
5.66427
 31
0.0
  0
LINE
  5
8B1
330
17
100
AcDbEntity
  8
0
100
AcDbLine
 10
14.49571
 20
5.66427
 30
0.0
 11
14.514040000000001
 21
5.484850000000001
 31
0.0
  0
LINE
  5
8B2
330
17
100
AcDbEntity
  8
0
100
AcDbLine
 10
14.514040000000001
 20
5.484850000000001
 30
0.0
 11
14.529179999999998
 21
5.40829
 31
0.0
  0
LINE
  5
8B3
330
17
100
AcDbEntity
  8
0
100
AcDbLine
 10
14.529179999999998
 20
5.40829
 30
0.0
 11
14.550479999999999
 21
5.333209999999999
 31
0.0
  0
LINE
  5
8B4
330
17
100
AcDbEntity
  8
0
100
AcDbLine
 10
14.550479999999999
 20
5.333209999999999
 30
0.0
 11
14.58249
 21
5.24726
 31
0.0
  0
LINE
  5
8B5
330
17
100
AcDbEntity
  8
0
100
AcDbLine
 10
14.58249
 20
5.24726
 30
0.0
 11
14.62116
 21
5.16409
 31
0.0
  0
LINE
  5
8B6
330
17
100
AcDbEntity
  8
0
100
AcDbLine
 10
14.62116
 20
5.16409
 30
0.0
 11
14.66623
 21
5.08421
 31
0.0
  0
LINE
  5
8B7
330
17
100
AcDbEntity
  8
0
100
AcDbLine
 10
14.66623
 20
5.08421
 30
0.0
 11
14.71761
 21
5.0078
 31
0.0
  0
LINE
  5
8B8
330
17
100
AcDbEntity
  8
0
100
AcDbLine
 10
14.71761
 20
5.0078
 30
0.0
 11
14.774759999999999
 21
4.9356
 31
0.0
  0
LINE
  5
8B9
330
17
100
AcDbEntity
  8
0
100
AcDbLine
 10
14.774759999999999
 20
4.9356
 30
0.0
 11
14.83734
 21
4.86807
 31
0.0
  0
LINE
  5
8BA
330
17
100
AcDbEntity
  8
0
100
AcDbLine
 10
14.83734
 20
4.86807
 30
0.0
 11
14.90426
 21
4.80631
 31
0.0
  0
LINE
  5
8BB
330
17
100
AcDbEntity
  8
0
100
AcDbLine
 10
14.90426
 20
4.80631
 30
0.0
 11
14.97583
 21
4.75
 31
0.0
  0
LINE
  5
8BC
330
17
100
AcDbEntity
  8
0
100
AcDbLine
 10
14.97583
 20
4.75
 30
0.0
 11
15.0516
 21
4.699479999999999
 31
0.0
  0
LINE
  5
8BD
330
17
100
AcDbEntity
  8
0
100
AcDbLine
 10
15.0516
 20
4.699479999999999
 30
0.0
 11
15.12937
 21
4.65635
 31
0.0
  0
LINE
  5
8BE
330
17
100
AcDbEntity
  8
0
100
AcDbLine
 10
15.12937
 20
4.65635
 30
0.0
 11
15.21049
 21
4.61993
 31
0.0
  0
LINE
  5
8BF
330
17
100
AcDbEntity
  8
0
100
AcDbLine
 10
15.21049
 20
4.61993
 30
0.0
 11
15.2944
 21
4.59047
 31
0.0
  0
LINE
  5
8C0
330
17
100
AcDbEntity
  8
0
100
AcDbLine
 10
15.2944
 20
4.59047
 30
0.0
 11
15.39071
 21
4.56533
 31
0.0
  0
LINE
  5
8C1
330
17
100
AcDbEntity
  8
0
100
AcDbLine
 10
15.39071
 20
4.56533
 30
0.0
 11
15.488729999999999
 21
4.5479400000000005
 31
0.0
  0
LINE
  5
8C2
330
17
100
AcDbEntity
  8
0
100
AcDbLine
 10
15.488729999999999
 20
4.5479400000000005
 30
0.0
 11
15.73544
 21
4.52475
 31
0.0
  0
LINE
  5
8C3
330
17
100
AcDbEntity
  8
0
100
AcDbLine
 10
15.73544
 20
4.52475
 30
0.0
 11
15.98279
 21
4.5222500000000005
 31
0.0
  0
LINE
  5
8C4
330
17
100
AcDbEntity
  8
0
100
AcDbLine
 10
15.98279
 20
4.5222500000000005
 30
0.0
 11
16.0813
 21
4.52939
 31
0.0
  0
LINE
  5
8C5
330
17
100
AcDbEntity
  8
0
100
AcDbLine
 10
16.0813
 20
4.52939
 30
0.0
 11
16.1789
 21
4.5445
 31
0.0
  0
LINE
  5
8C6
330
17
100
AcDbEntity
  8
0
100
AcDbLine
 10
16.1789
 20
4.5445
 30
0.0
 11
16.30095
 21
4.57408
 31
0.0
  0
LINE
  5
8C7
330
17
100
AcDbEntity
  8
0
100
AcDbLine
 10
16.30095
 20
4.57408
 30
0.0
 11
16.41996
 21
4.61414
 31
0.0
  0
LINE
  5
8C8
330
17
100
AcDbEntity
  8
0
100
AcDbLine
 10
16.41996
 20
4.61414
 30
0.0
 11
16.535040000000002
 21
4.66439
 31
0.0
  0
LINE
  5
8C9
330
17
100
AcDbEntity
  8
0
100
AcDbLine
 10
16.535040000000002
 20
4.66439
 30
0.0
 11
16.61135
 21
4.70576
 31
0.0
  0
LINE
  5
8CA
330
17
100
AcDbEntity
  8
0
100
AcDbLine
 10
16.61135
 20
4.70576
 30
0.0
 11
16.68395
 21
4.75333
 31
0.0
  0
LINE
  5
8CB
330
17
100
AcDbEntity
  8
0
100
AcDbLine
 10
16.68395
 20
4.75333
 30
0.0
 11
16.75235
 21
4.80678
 31
0.0
  0
LINE
  5
8CC
330
17
100
AcDbEntity
  8
0
100
AcDbLine
 10
16.75235
 20
4.80678
 30
0.0
 11
16.81606
 21
4.86573
 31
0.0
  0
LINE
  5
8CD
330
17
100
AcDbEntity
  8
0
100
AcDbLine
 10
16.81606
 20
4.86573
 30
0.0
 11
16.904519999999998
 21
4.96324
 31
0.0
  0
LINE
  5
8CE
330
17
100
AcDbEntity
  8
0
100
AcDbLine
 10
16.904519999999998
 20
4.96324
 30
0.0
 11
16.983700000000002
 21
5.06841
 31
0.0
  0
LINE
  5
8CF
330
17
100
AcDbEntity
  8
0
100
AcDbLine
 10
16.983700000000002
 20
5.06841
 30
0.0
 11
17.05294
 21
5.18038
 31
0.0
  0
LINE
  5
8D0
330
17
100
AcDbEntity
  8
0
100
AcDbLine
 10
17.05294
 20
5.18038
 30
0.0
 11
17.172810000000002
 21
5.41191
 31
0.0
  0
LINE
  5
8D1
330
17
100
AcDbEntity
  8
0
100
AcDbLine
 10
17.172810000000002
 20
5.41191
 30
0.0
 11
17.27839
 21
5.65029
 31
0.0
  0
LINE
  5
8D2
330
17
100
AcDbEntity
  8
0
100
AcDbLine
 10
17.27839
 20
5.65029
 30
0.0
 11
17.329819999999998
 21
5.799259999999999
 31
0.0
  0
LINE
  5
8D3
330
17
100
AcDbEntity
  8
0
100
AcDbLine
 10
17.329819999999998
 20
5.799259999999999
 30
0.0
 11
17.36487
 21
5.9529
 31
0.0
  0
LINE
  5
8D4
330
17
100
AcDbEntity
  8
0
100
AcDbLine
 10
17.36487
 20
5.9529
 30
0.0
 11
17.39182
 21
6.14365
 31
0.0
  0
LINE
  5
8D5
330
17
100
AcDbEntity
  8
0
100
AcDbLine
 10
17.39182
 20
6.14365
 30
0.0
 11
17.407329999999998
 21
6.33566
 31
0.0
  0
LINE
  5
8D6
330
17
100
AcDbEntity
  8
0
100
AcDbLine
 10
17.407329999999998
 20
6.33566
 30
0.0
 11
17.42774
 21
7.01027
 31
0.0
  0
LINE
  5
8D7
330
17
100
AcDbEntity
  8
0
100
AcDbLine
 10
17.42774
 20
7.01027
 30
0.0
 11
17.4435
 21
8.90212
 31
0.0
  0
LINE
  5
8D8
330
17
100
AcDbEntity
  8
0
100
AcDbLine
 10
17.4435
 20
8.90212
 30
0.0
 11
17.45203
 21
9.979190000000001
 31
0.0
  0
LINE
  5
8D9
330
17
100
AcDbEntity
  8
0
100
AcDbLine
 10
17.45203
 20
9.979190000000001
 30
0.0
 11
17.46216
 21
10.969629999999999
 31
0.0
  0
LINE
  5
8DA
330
17
100
AcDbEntity
  8
0
100
AcDbLine
 10
17.46216
 20
10.969629999999999
 30
0.0
 11
17.47257
 21
11.79997
 31
0.0
  0
LINE
  5
8DB
330
17
100
AcDbEntity
  8
0
100
AcDbLine
 10
17.47257
 20
11.79997
 30
0.0
 11
17.48072
 21
12.12795
 31
0.0
  0
LINE
  5
8DC
330
17
100
AcDbEntity
  8
0
100
AcDbLine
 10
17.48072
 20
12.12795
 30
0.0
 11
17.481070000000003
 21
12.69915
 31
0.0
  0
LINE
  5
8DD
330
17
100
AcDbEntity
  8
0
100
AcDbLine
 10
17.481070000000003
 20
12.69915
 30
0.0
 11
17.46424
 21
12.9009
 31
0.0
  0
LINE
  5
8DE
330
17
100
AcDbEntity
  8
0
100
AcDbLine
 10
17.46424
 20
12.9009
 30
0.0
 11
17.42803
 21
13.10008
 31
0.0
  0
LINE
  5
8DF
330
17
100
AcDbEntity
  8
0
100
AcDbLine
 10
17.42803
 20
13.10008
 30
0.0
 11
17.39947
 21
13.20195
 31
0.0
  0
LINE
  5
8E0
330
17
100
AcDbEntity
  8
0
100
AcDbLine
 10
17.39947
 20
13.20195
 30
0.0
 11
17.36178
 21
13.30081
 31
0.0
  0
LINE
  5
8E1
330
17
100
AcDbEntity
  8
0
100
AcDbLine
 10
17.36178
 20
13.30081
 30
0.0
 11
17.31529
 21
13.395850000000001
 31
0.0
  0
LINE
  5
8E2
330
17
100
AcDbEntity
  8
0
100
AcDbLine
 10
17.31529
 20
13.395850000000001
 30
0.0
 11
17.26283
 21
13.48054
 31
0.0
  0
LINE
  5
8E3
330
17
100
AcDbEntity
  8
0
100
AcDbLine
 10
17.26283
 20
13.48054
 30
0.0
 11
17.20149
 21
13.55905
 31
0.0
  0
LINE
  5
8E4
330
17
100
AcDbEntity
  8
0
100
AcDbLine
 10
17.20149
 20
13.55905
 30
0.0
 11
17.13201
 21
13.630460000000001
 31
0.0
  0
LINE
  5
8E5
330
17
100
AcDbEntity
  8
0
100
AcDbLine
 10
17.13201
 20
13.630460000000001
 30
0.0
 11
17.07128
 21
13.68246
 31
0.0
  0
LINE
  5
8E6
330
17
100
AcDbEntity
  8
0
100
AcDbLine
 10
17.07128
 20
13.68246
 30
0.0
 11
17.00691
 21
13.72988
 31
0.0
  0
LINE
  5
8E7
330
17
100
AcDbEntity
  8
0
100
AcDbLine
 10
17.00691
 20
13.72988
 30
0.0
 11
16.940630000000002
 21
13.77137
 31
0.0
  0
LINE
  5
8E8
330
17
100
AcDbEntity
  8
0
100
AcDbLine
 10
16.940630000000002
 20
13.77137
 30
0.0
 11
16.87131
 21
13.80756
 31
0.0
  0
LINE
  5
8E9
330
17
100
AcDbEntity
  8
0
100
AcDbLine
 10
16.87131
 20
13.80756
 30
0.0
 11
16.80074
 21
13.837570000000001
 31
0.0
  0
LINE
  5
8EA
330
17
100
AcDbEntity
  8
0
100
AcDbLine
 10
16.80074
 20
13.837570000000001
 30
0.0
 11
16.72801
 21
13.86186
 31
0.0
  0
LINE
  5
8EB
330
17
100
AcDbEntity
  8
0
100
AcDbLine
 10
16.72801
 20
13.86186
 30
0.0
 11
16.654619999999998
 21
13.87988
 31
0.0
  0
LINE
  5
8EC
330
17
100
AcDbEntity
  8
0
100
AcDbLine
 10
16.654619999999998
 20
13.87988
 30
0.0
 11
16.579980000000003
 21
13.89172
 31
0.0
  0
LINE
  5
8ED
330
17
100
AcDbEntity
  8
0
100
AcDbLine
 10
16.579980000000003
 20
13.89172
 30
0.0
 11
16.4736
 21
13.89965
 31
0.0
  0
LINE
  5
8EE
330
17
100
AcDbEntity
  8
0
100
AcDbLine
 10
16.4736
 20
13.89965
 30
0.0
 11
15.98145
 21
13.91546
 31
0.0
  0
LINE
  5
8EF
330
17
100
AcDbEntity
  8
0
100
AcDbLine
 10
15.98145
 20
13.91546
 30
0.0
 11
15.404110000000001
 21
13.932170000000001
 31
0.0
  0
LINE
  5
8F0
330
17
100
AcDbEntity
  8
0
100
AcDbLine
 10
15.404110000000001
 20
13.932170000000001
 30
0.0
 11
14.74702
 21
13.94878
 31
0.0
  0
LINE
  5
8F1
330
17
100
AcDbEntity
  8
0
100
AcDbLine
 10
14.74702
 20
13.94878
 30
0.0
 11
14.06728
 21
13.96365
 31
0.0
  0
LINE
  5
8F2
330
17
100
AcDbEntity
  8
0
100
AcDbLine
 10
14.06728
 20
13.96365
 30
0.0
 11
13.42021
 21
13.97514
 31
0.0
  0
LINE
  5
8F3
330
17
100
AcDbEntity
  8
0
100
AcDbLine
 10
13.42021
 20
13.97514
 30
0.0
 11
12.872309999999999
 21
13.98256
 31
0.0
  0
LINE
  5
8F4
330
17
100
AcDbEntity
  8
0
100
AcDbLine
 10
12.872309999999999
 20
13.98256
 30
0.0
 11
12.599580000000001
 21
13.98213
 31
0.0
  0
LINE
  5
8F5
330
17
100
AcDbEntity
  8
0
100
AcDbLine
 10
12.599580000000001
 20
13.98213
 30
0.0
 11
12.32382
 21
13.97578
 31
0.0
  0
LINE
  5
8F6
330
17
100
AcDbEntity
  8
0
100
AcDbLine
 10
12.32382
 20
13.97578
 30
0.0
 11
12.1845
 21
13.96407
 31
0.0
  0
LINE
  5
8F7
330
17
100
AcDbEntity
  8
0
100
AcDbLine
 10
12.1845
 20
13.96407
 30
0.0
 11
12.13293
 21
13.95457
 31
0.0
  0
LINE
  5
8F8
330
17
100
AcDbEntity
  8
0
100
AcDbLine
 10
12.13293
 20
13.95457
 30
0.0
 11
12.08244
 21
13.94041
 31
0.0
  0
LINE
  5
8F9
330
17
100
AcDbEntity
  8
0
100
AcDbLine
 10
12.08244
 20
13.94041
 30
0.0
 11
12.025889999999999
 21
13.919789999999999
 31
0.0
  0
LINE
  5
8FA
330
17
100
AcDbEntity
  8
0
100
AcDbLine
 10
12.025889999999999
 20
13.919789999999999
 30
0.0
 11
11.970690000000001
 21
13.89579
 31
0.0
  0
LINE
  5
8FB
330
17
100
AcDbEntity
  8
0
100
AcDbLine
 10
11.970690000000001
 20
13.89579
 30
0.0
 11
11.89371
 21
13.86058
 31
0.0
  0
LINE
  5
8FC
330
17
100
AcDbEntity
  8
0
100
AcDbLine
 10
11.89371
 20
13.86058
 30
0.0
 11
11.80132
 21
13.82036
 31
0.0
  0
LINE
  5
8FD
330
17
100
AcDbEntity
  8
0
100
AcDbLine
 10
11.80132
 20
13.82036
 30
0.0
 11
11.70869
 21
13.78154
 31
0.0
  0
LINE
  5
8FE
330
17
100
AcDbEntity
  8
0
100
AcDbLine
 10
11.70869
 20
13.78154
 30
0.0
 11
11.63106
 21
13.75071
 31
0.0
  0
LINE
  5
8FF
330
17
100
AcDbEntity
  8
0
100
AcDbLine
 10
11.63106
 20
13.75071
 30
0.0
 11
11.54388
 21
13.712729999999999
 31
0.0
  0
LINE
  5
900
330
17
100
AcDbEntity
  8
0
100
AcDbLine
 10
11.54388
 20
13.712729999999999
 30
0.0
 11
11.46044
 21
13.667119999999999
 31
0.0
  0
LINE
  5
901
330
17
100
AcDbEntity
  8
0
100
AcDbLine
 10
11.46044
 20
13.667119999999999
 30
0.0
 11
11.3814
 21
13.614239999999999
 31
0.0
  0
LINE
  5
902
330
17
100
AcDbEntity
  8
0
100
AcDbLine
 10
11.3814
 20
13.614239999999999
 30
0.0
 11
11.26113
 21
13.51577
 31
0.0
  0
LINE
  5
903
330
17
100
AcDbEntity
  8
0
100
AcDbLine
 10
11.26113
 20
13.51577
 30
0.0
 11
11.15169
 21
13.40538
 31
0.0
  0
LINE
  5
904
330
17
100
AcDbEntity
  8
0
100
AcDbLine
 10
11.15169
 20
13.40538
 30
0.0
 11
11.051
 21
13.28061
 31
0.0
  0
LINE
  5
905
330
17
100
AcDbEntity
  8
0
100
AcDbLine
 10
11.051
 20
13.28061
 30
0.0
 11
10.96335
 21
13.14635
 31
0.0
  0
LINE
  5
906
330
17
100
AcDbEntity
  8
0
100
AcDbLine
 10
10.96335
 20
13.14635
 30
0.0
 11
10.892000000000001
 21
13.00723
 31
0.0
  0
LINE
  5
907
330
17
100
AcDbEntity
  8
0
100
AcDbLine
 10
10.892000000000001
 20
13.00723
 30
0.0
 11
10.83615
 21
12.8612
 31
0.0
  0
LINE
  5
908
330
17
100
AcDbEntity
  8
0
100
AcDbLine
 10
10.83615
 20
12.8612
 30
0.0
 11
10.80048
 21
12.73338
 31
0.0
  0
LINE
  5
909
330
17
100
AcDbEntity
  8
0
100
AcDbLine
 10
10.80048
 20
12.73338
 30
0.0
 11
10.78943
 21
12.67892
 31
0.0
  0
LINE
  5
90A
330
17
100
AcDbEntity
  8
0
100
AcDbLine
 10
10.78943
 20
12.67892
 30
0.0
 11
10.782
 21
12.62386
 31
0.0
  0
LINE
  5
90B
330
17
100
AcDbEntity
  8
0
100
AcDbLine
 10
10.782
 20
12.62386
 30
0.0
 11
10.775730000000001
 21
12.49619
 31
0.0
  0
LINE
  5
90C
330
17
100
AcDbEntity
  8
0
100
AcDbLine
 10
10.775730000000001
 20
12.49619
 30
0.0
 11
10.77934
 21
12.30119
 31
0.0
  0
LINE
  5
90D
330
17
100
AcDbEntity
  8
0
100
AcDbLine
 10
10.77934
 20
12.30119
 30
0.0
 11
10.78954
 21
12.094819999999999
 31
0.0
  0
LINE
  5
90E
330
17
100
AcDbEntity
  8
0
100
AcDbLine
 10
10.78954
 20
12.094819999999999
 30
0.0
 11
10.795539999999999
 21
12.03417
 31
0.0
  0
LINE
  5
90F
330
17
100
AcDbEntity
  8
0
100
AcDbLine
 10
10.795539999999999
 20
12.03417
 30
0.0
 11
10.80562
 21
11.97406
 31
0.0
  0
LINE
  5
910
330
17
100
AcDbEntity
  8
0
100
AcDbLine
 10
10.80562
 20
11.97406
 30
0.0
 11
10.81869
 21
11.92117
 31
0.0
  0
LINE
  5
911
330
17
100
AcDbEntity
  8
0
100
AcDbLine
 10
10.81869
 20
11.92117
 30
0.0
 11
10.83617
 21
11.86958
 31
0.0
  0
LINE
  5
912
330
17
100
AcDbEntity
  8
0
100
AcDbLine
 10
10.83617
 20
11.86958
 30
0.0
 11
10.894829999999999
 21
11.73165
 31
0.0
  0
LINE
  5
913
330
17
100
AcDbEntity
  8
0
100
AcDbLine
 10
10.894829999999999
 20
11.73165
 30
0.0
 11
10.94219
 21
11.63941
 31
0.0
  0
LINE
  5
914
330
17
100
AcDbEntity
  8
0
100
AcDbLine
 10
10.94219
 20
11.63941
 30
0.0
 11
10.99657
 21
11.55112
 31
0.0
  0
LINE
  5
915
330
17
100
AcDbEntity
  8
0
100
AcDbLine
 10
10.99657
 20
11.55112
 30
0.0
 11
11.05434
 21
11.473270000000001
 31
0.0
  0
LINE
  5
916
330
17
100
AcDbEntity
  8
0
100
AcDbLine
 10
11.05434
 20
11.473270000000001
 30
0.0
 11
11.119240000000001
 21
11.40125
 31
0.0
  0
LINE
  5
917
330
17
100
AcDbEntity
  8
0
100
AcDbLine
 10
11.119240000000001
 20
11.40125
 30
0.0
 11
11.1902
 21
11.33619
 31
0.0
  0
LINE
  5
918
330
17
100
AcDbEntity
  8
0
100
AcDbLine
 10
11.1902
 20
11.33619
 30
0.0
 11
11.26707
 21
11.27823
 31
0.0
  0
LINE
  5
919
330
17
100
AcDbEntity
  8
0
100
AcDbLine
 10
11.26707
 20
11.27823
 30
0.0
 11
11.35339
 21
11.224400000000001
 31
0.0
  0
LINE
  5
91A
330
17
100
AcDbEntity
  8
0
100
AcDbLine
 10
11.35339
 20
11.224400000000001
 30
0.0
 11
11.44379
 21
11.17776
 31
0.0
  0
LINE
  5
91B
330
17
100
AcDbEntity
  8
0
100
AcDbLine
 10
11.44379
 20
11.17776
 30
0.0
 11
11.617890000000001
 21
11.09672
 31
0.0
  0
LINE
  5
91C
330
17
100
AcDbEntity
  8
0
100
AcDbLine
 10
11.617890000000001
 20
11.09672
 30
0.0
 11
13.0276
 21
11.07258
 31
0.0
  0
LINE
  5
91D
330
17
100
AcDbEntity
  8
0
100
AcDbLine
 10
13.0276
 20
11.07258
 30
0.0
 11
13.72147
 21
11.05898
 31
0.0
  0
LINE
  5
91E
330
17
100
AcDbEntity
  8
0
100
AcDbLine
 10
13.72147
 20
11.05898
 30
0.0
 11
14.135629999999999
 21
11.04546
 31
0.0
  0
LINE
  5
91F
330
17
100
AcDbEntity
  8
0
100
AcDbLine
 10
14.135629999999999
 20
11.04546
 30
0.0
 11
14.425830000000001
 21
11.0314
 31
0.0
  0
LINE
  5
920
330
17
100
AcDbEntity
  8
0
100
AcDbLine
 10
14.425830000000001
 20
11.0314
 30
0.0
 11
14.43054
 21
11.030899999999999
 31
0.0
  0
LINE
  5
921
330
17
100
AcDbEntity
  8
0
100
AcDbLine
 10
14.43054
 20
11.030899999999999
 30
0.0
 11
14.43518
 21
11.0299
 31
0.0
  0
LINE
  5
922
330
17
100
AcDbEntity
  8
0
100
AcDbLine
 10
14.43518
 20
11.0299
 30
0.0
 11
14.43969
 21
11.02842
 31
0.0
  0
LINE
  5
923
330
17
100
AcDbEntity
  8
0
100
AcDbLine
 10
14.43969
 20
11.02842
 30
0.0
 11
14.44401
 21
11.02647
 31
0.0
  0
LINE
  5
924
330
17
100
AcDbEntity
  8
0
100
AcDbLine
 10
14.44401
 20
11.02647
 30
0.0
 11
14.4481
 21
11.02408
 31
0.0
  0
LINE
  5
925
330
17
100
AcDbEntity
  8
0
100
AcDbLine
 10
14.4481
 20
11.02408
 30
0.0
 11
14.45192
 21
11.02126
 31
0.0
  0
LINE
  5
926
330
17
100
AcDbEntity
  8
0
100
AcDbLine
 10
14.45192
 20
11.02126
 30
0.0
 11
14.45542
 21
11.01806
 31
0.0
  0
LINE
  5
927
330
17
100
AcDbEntity
  8
0
100
AcDbLine
 10
14.45542
 20
11.01806
 30
0.0
 11
14.45856
 21
11.01451
 31
0.0
  0
LINE
  5
928
330
17
100
AcDbEntity
  8
0
100
AcDbLine
 10
14.45856
 20
11.01451
 30
0.0
 11
14.46131
 21
11.01065
 31
0.0
  0
LINE
  5
929
330
17
100
AcDbEntity
  8
0
100
AcDbLine
 10
14.46131
 20
11.01065
 30
0.0
 11
14.46446
 21
11.00516
 31
0.0
  0
LINE
  5
92A
330
17
100
AcDbEntity
  8
0
100
AcDbLine
 10
14.46446
 20
11.00516
 30
0.0
 11
14.467080000000001
 21
10.9994
 31
0.0
  0
LINE
  5
92B
330
17
100
AcDbEntity
  8
0
100
AcDbLine
 10
14.467080000000001
 20
10.9994
 30
0.0
 11
14.46916
 21
10.99342
 31
0.0
  0
LINE
  5
92C
330
17
100
AcDbEntity
  8
0
100
AcDbLine
 10
14.46916
 20
10.99342
 30
0.0
 11
14.47067
 21
10.98728
 31
0.0
  0
LINE
  5
92D
330
17
100
AcDbEntity
  8
0
100
AcDbLine
 10
14.47067
 20
10.98728
 30
0.0
 11
14.4784
 21
10.94043
 31
0.0
  0
LINE
  5
92E
330
17
100
AcDbEntity
  8
0
100
AcDbLine
 10
14.4784
 20
10.94043
 30
0.0
 11
14.48385
 21
10.88418
 31
0.0
  0
LINE
  5
92F
330
17
100
AcDbEntity
  8
0
100
AcDbLine
 10
14.48385
 20
10.88418
 30
0.0
 11
14.48579
 21
10.82467
 31
0.0
  0
LINE
  5
930
330
17
100
AcDbEntity
  8
0
100
AcDbLine
 10
14.48579
 20
10.82467
 30
0.0
 11
14.486260000000001
 21
10.67648
 31
0.0
  0
LINE
  5
931
330
17
100
AcDbEntity
  8
0
100
AcDbLine
 10
14.486260000000001
 20
10.67648
 30
0.0
 11
12.630260000000002
 21
10.69676
 31
0.0
  0
LINE
  5
932
330
17
100
AcDbEntity
  8
0
100
AcDbLine
 10
12.630260000000002
 20
10.69676
 30
0.0
 11
12.384839999999999
 21
10.59577
 31
0.0
  0
LINE
  5
933
330
17
100
AcDbEntity
  8
0
100
AcDbLine
 10
12.384839999999999
 20
10.59577
 30
0.0
 11
12.08318
 21
10.46847
 31
0.0
  0
LINE
  5
934
330
17
100
AcDbEntity
  8
0
100
AcDbLine
 10
12.08318
 20
10.46847
 30
0.0
 11
11.91881
 21
10.388430000000001
 31
0.0
  0
LINE
  5
935
330
17
100
AcDbEntity
  8
0
100
AcDbLine
 10
11.91881
 20
10.388430000000001
 30
0.0
 11
11.86024
 21
10.353670000000001
 31
0.0
  0
LINE
  5
936
330
17
100
AcDbEntity
  8
0
100
AcDbLine
 10
11.86024
 20
10.353670000000001
 30
0.0
 11
11.80443
 21
10.31464
 31
0.0
  0
LINE
  5
937
330
17
100
AcDbEntity
  8
0
100
AcDbLine
 10
11.80443
 20
10.31464
 30
0.0
 11
11.74886
 21
10.2697
 31
0.0
  0
LINE
  5
938
330
17
100
AcDbEntity
  8
0
100
AcDbLine
 10
11.74886
 20
10.2697
 30
0.0
 11
11.69632
 21
10.22126
 31
0.0
  0
LINE
  5
939
330
17
100
AcDbEntity
  8
0
100
AcDbLine
 10
11.69632
 20
10.22126
 30
0.0
 11
11.61142
 21
10.12906
 31
0.0
  0
LINE
  5
93A
330
17
100
AcDbEntity
  8
0
100
AcDbLine
 10
11.61142
 20
10.12906
 30
0.0
 11
11.536050000000001
 21
10.02892
 31
0.0
  0
LINE
  5
93B
330
17
100
AcDbEntity
  8
0
100
AcDbLine
 10
11.536050000000001
 20
10.02892
 30
0.0
 11
11.47094
 21
9.92182
 31
0.0
  0
LINE
  5
93C
330
17
100
AcDbEntity
  8
0
100
AcDbLine
 10
11.47094
 20
9.92182
 30
0.0
 11
11.41169
 21
9.8012
 31
0.0
  0
LINE
  5
93D
330
17
100
AcDbEntity
  8
0
100
AcDbLine
 10
11.41169
 20
9.8012
 30
0.0
 11
11.36232
 21
9.676219999999999
 31
0.0
  0
LINE
  5
93E
330
17
100
AcDbEntity
  8
0
100
AcDbLine
 10
11.36232
 20
9.676219999999999
 30
0.0
 11
11.32314
 21
9.54767
 31
0.0
  0
LINE
  5
93F
330
17
100
AcDbEntity
  8
0
100
AcDbLine
 10
11.32314
 20
9.54767
 30
0.0
 11
11.293600000000001
 21
9.41334
 31
0.0
  0
LINE
  5
940
330
17
100
AcDbEntity
  8
0
100
AcDbLine
 10
11.293600000000001
 20
9.41334
 30
0.0
 11
11.27469
 21
9.27711
 31
0.0
  0
LINE
  5
941
330
17
100
AcDbEntity
  8
0
100
AcDbLine
 10
11.27469
 20
9.27711
 30
0.0
 11
11.26652
 21
9.13982
 31
0.0
  0
LINE
  5
942
330
17
100
AcDbEntity
  8
0
100
AcDbLine
 10
11.26652
 20
9.13982
 30
0.0
 11
11.2695
 21
9.005880000000001
 31
0.0
  0
LINE
  5
943
330
17
100
AcDbEntity
  8
0
100
AcDbLine
 10
11.2695
 20
9.005880000000001
 30
0.0
 11
11.28383
 21
8.87268
 31
0.0
  0
LINE
  5
944
330
17
100
AcDbEntity
  8
0
100
AcDbLine
 10
11.28383
 20
8.87268
 30
0.0
 11
11.309410000000002
 21
8.74118
 31
0.0
  0
LINE
  5
945
330
17
100
AcDbEntity
  8
0
100
AcDbLine
 10
11.309410000000002
 20
8.74118
 30
0.0
 11
11.34878
 21
8.60353
 31
0.0
  0
LINE
  5
946
330
17
100
AcDbEntity
  8
0
100
AcDbLine
 10
11.34878
 20
8.60353
 30
0.0
 11
11.40009
 21
8.469859999999999
 31
0.0
  0
LINE
  5
947
330
17
100
AcDbEntity
  8
0
100
AcDbLine
 10
11.40009
 20
8.469859999999999
 30
0.0
 11
11.437050000000001
 21
8.39386
 31
0.0
  0
LINE
  5
948
330
17
100
AcDbEntity
  8
0
100
AcDbLine
 10
11.437050000000001
 20
8.39386
 30
0.0
 11
11.48028
 21
8.321250000000001
 31
0.0
  0
LINE
  5
949
330
17
100
AcDbEntity
  8
0
100
AcDbLine
 10
11.48028
 20
8.321250000000001
 30
0.0
 11
11.52947
 21
8.25254
 31
0.0
  0
LINE
  5
94A
330
17
100
AcDbEntity
  8
0
100
AcDbLine
 10
11.52947
 20
8.25254
 30
0.0
 11
11.58305
 21
8.189820000000001
 31
0.0
  0
LINE
  5
94B
330
17
100
AcDbEntity
  8
0
100
AcDbLine
 10
11.58305
 20
8.189820000000001
 30
0.0
 11
11.6419
 21
8.13199
 31
0.0
  0
LINE
  5
94C
330
17
100
AcDbEntity
  8
0
100
AcDbLine
 10
11.6419
 20
8.13199
 30
0.0
 11
11.705540000000001
 21
8.079509999999999
 31
0.0
  0
LINE
  5
94D
330
17
100
AcDbEntity
  8
0
100
AcDbLine
 10
11.705540000000001
 20
8.079509999999999
 30
0.0
 11
11.81691
 21
8.00411
 31
0.0
  0
LINE
  5
94E
330
17
100
AcDbEntity
  8
0
100
AcDbLine
 10
11.81691
 20
8.00411
 30
0.0
 11
11.93537
 21
7.94041
 31
0.0
  0
LINE
  5
94F
330
17
100
AcDbEntity
  8
0
100
AcDbLine
 10
11.93537
 20
7.94041
 30
0.0
 11
12.13941
 21
7.84374
 31
0.0
  0
LINE
  5
950
330
17
100
AcDbEntity
  8
0
100
AcDbLine
 10
12.13941
 20
7.84374
 30
0.0
 11
13.27384
 21
7.8340000000000005
 31
0.0
  0
LINE
  5
951
330
17
100
AcDbEntity
  8
0
100
AcDbLine
 10
13.27384
 20
7.8340000000000005
 30
0.0
 11
13.76753
 21
7.827840000000001
 31
0.0
  0
LINE
  5
952
330
17
100
AcDbEntity
  8
0
100
AcDbLine
 10
13.76753
 20
7.827840000000001
 30
0.0
 11
14.12718
 21
7.8184499999999995
 31
0.0
  0
LINE
  5
953
330
17
100
AcDbEntity
  8
0
100
AcDbLine
 10
14.12718
 20
7.8184499999999995
 30
0.0
 11
14.407390000000001
 21
7.8072799999999996
 31
0.0
  0
LINE
  5
954
330
17
100
AcDbEntity
  8
0
100
AcDbLine
 10
14.407390000000001
 20
7.8072799999999996
 30
0.0
 11
14.41461
 21
7.80657
 31
0.0
  0
LINE
  5
955
330
17
100
AcDbEntity
  8
0
100
AcDbLine
 10
14.41461
 20
7.80657
 30
0.0
 11
14.421700000000001
 21
7.80509
 31
0.0
  0
LINE
  5
956
330
17
100
AcDbEntity
  8
0
100
AcDbLine
 10
14.421700000000001
 20
7.80509
 30
0.0
 11
14.42859
 21
7.80285
 31
0.0
  0
LINE
  5
957
330
17
100
AcDbEntity
  8
0
100
AcDbLine
 10
14.42859
 20
7.80285
 30
0.0
 11
14.4352
 21
7.79988
 31
0.0
  0
LINE
  5
958
330
17
100
AcDbEntity
  8
0
100
AcDbLine
 10
14.4352
 20
7.79988
 30
0.0
 11
14.44145
 21
7.796209999999999
 31
0.0
  0
LINE
  5
959
330
17
100
AcDbEntity
  8
0
100
AcDbLine
 10
14.44145
 20
7.796209999999999
 30
0.0
 11
14.44727
 21
7.79189
 31
0.0
  0
LINE
  5
95A
330
17
100
AcDbEntity
  8
0
100
AcDbLine
 10
14.44727
 20
7.79189
 30
0.0
 11
14.45171
 21
7.7878
 31
0.0
  0
LINE
  5
95B
330
17
100
AcDbEntity
  8
0
100
AcDbLine
 10
14.45171
 20
7.7878
 30
0.0
 11
14.45571
 21
7.78327
 31
0.0
  0
LINE
  5
95C
330
17
100
AcDbEntity
  8
0
100
AcDbLine
 10
14.45571
 20
7.78327
 30
0.0
 11
14.45923
 21
7.77836
 31
0.0
  0
LINE
  5
95D
330
17
100
AcDbEntity
  8
0
100
AcDbLine
 10
-5.3262
 20
-0.69509
 30
0.0
 11
-5.87952
 21
-2.37324
 31
0.0
  0
LINE
  5
95E
330
17
100
AcDbEntity
  8
0
100
AcDbLine
 10
-5.87952
 20
-2.37324
 30
0.0
 11
-6.3812299999999995
 21
-3.9288600000000002
 31
0.0
  0
LINE
  5
95F
330
17
100
AcDbEntity
  8
0
100
AcDbLine
 10
-6.3812299999999995
 20
-3.9288600000000002
 30
0.0
 11
-6.42389
 21
-4.08573
 31
0.0
  0
LINE
  5
960
330
17
100
AcDbEntity
  8
0
100
AcDbLine
 10
-6.42389
 20
-4.08573
 30
0.0
 11
-6.45238
 21
-4.24578
 31
0.0
  0
LINE
  5
961
330
17
100
AcDbEntity
  8
0
100
AcDbLine
 10
-6.45238
 20
-4.24578
 30
0.0
 11
-6.45699
 21
-4.29517
 31
0.0
  0
LINE
  5
962
330
17
100
AcDbEntity
  8
0
100
AcDbLine
 10
-6.45699
 20
-4.29517
 30
0.0
 11
-6.45778
 21
-4.34478
 31
0.0
  0
LINE
  5
963
330
17
100
AcDbEntity
  8
0
100
AcDbLine
 10
-6.45778
 20
-4.34478
 30
0.0
 11
-6.454739999999999
 21
-4.394290000000001
 31
0.0
  0
LINE
  5
964
330
17
100
AcDbEntity
  8
0
100
AcDbLine
 10
-6.454739999999999
 20
-4.394290000000001
 30
0.0
 11
-6.442769999999999
 21
-4.48506
 31
0.0
  0
LINE
  5
965
330
17
100
AcDbEntity
  8
0
100
AcDbLine
 10
-6.442769999999999
 20
-4.48506
 30
0.0
 11
-6.42514
 21
-4.5748999999999995
 31
0.0
  0
LINE
  5
966
330
17
100
AcDbEntity
  8
0
100
AcDbLine
 10
-6.42514
 20
-4.5748999999999995
 30
0.0
 11
-6.40015
 21
-4.67085
 31
0.0
  0
LINE
  5
967
330
17
100
AcDbEntity
  8
0
100
AcDbLine
 10
-6.40015
 20
-4.67085
 30
0.0
 11
-6.36951
 21
-4.76515
 31
0.0
  0
LINE
  5
968
330
17
100
AcDbEntity
  8
0
100
AcDbLine
 10
-6.36951
 20
-4.76515
 30
0.0
 11
-6.3338
 21
-4.8558200000000005
 31
0.0
  0
LINE
  5
969
330
17
100
AcDbEntity
  8
0
100
AcDbLine
 10
-6.3338
 20
-4.8558200000000005
 30
0.0
 11
-6.292490000000001
 21
-4.94408
 31
0.0
  0
LINE
  5
96A
330
17
100
AcDbEntity
  8
0
100
AcDbLine
 10
-6.292490000000001
 20
-4.94408
 30
0.0
 11
-6.23956
 21
-5.03743
 31
0.0
  0
LINE
  5
96B
330
17
100
AcDbEntity
  8
0
100
AcDbLine
 10
-6.23956
 20
-5.03743
 30
0.0
 11
-6.1781500000000005
 21
-5.12542
 31
0.0
  0
LINE
  5
96C
330
17
100
AcDbEntity
  8
0
100
AcDbLine
 10
-6.1781500000000005
 20
-5.12542
 30
0.0
 11
-6.10878
 21
-5.2072899999999995
 31
0.0
  0
LINE
  5
96D
330
17
100
AcDbEntity
  8
0
100
AcDbLine
 10
-6.10878
 20
-5.2072899999999995
 30
0.0
 11
-6.0320599999999995
 21
-5.28232
 31
0.0
  0
LINE
  5
96E
330
17
100
AcDbEntity
  8
0
100
AcDbLine
 10
-6.0320599999999995
 20
-5.28232
 30
0.0
 11
-5.91113
 21
-5.37988
 31
0.0
  0
LINE
  5
96F
330
17
100
AcDbEntity
  8
0
100
AcDbLine
 10
-5.91113
 20
-5.37988
 30
0.0
 11
-5.78128
 21
-5.4652
 31
0.0
  0
LINE
  5
970
330
17
100
AcDbEntity
  8
0
100
AcDbLine
 10
-5.78128
 20
-5.4652
 30
0.0
 11
-5.64374
 21
-5.53748
 31
0.0
  0
LINE
  5
971
330
17
100
AcDbEntity
  8
0
100
AcDbLine
 10
-5.64374
 20
-5.53748
 30
0.0
 11
-5.4961
 21
-5.597770000000001
 31
0.0
  0
LINE
  5
972
330
17
100
AcDbEntity
  8
0
100
AcDbLine
 10
-5.4961
 20
-5.597770000000001
 30
0.0
 11
-5.34342
 21
-5.64381
 31
0.0
  0
LINE
  5
973
330
17
100
AcDbEntity
  8
0
100
AcDbLine
 10
-5.34342
 20
-5.64381
 30
0.0
 11
-5.187060000000001
 21
-5.67519
 31
0.0
  0
LINE
  5
974
330
17
100
AcDbEntity
  8
0
100
AcDbLine
 10
-5.187060000000001
 20
-5.67519
 30
0.0
 11
-5.03412
 21
-5.690180000000001
 31
0.0
  0
LINE
  5
975
330
17
100
AcDbEntity
  8
0
100
AcDbLine
 10
-5.03412
 20
-5.690180000000001
 30
0.0
 11
-4.88045
 21
-5.68892
 31
0.0
  0
LINE
  5
976
330
17
100
AcDbEntity
  8
0
100
AcDbLine
 10
-4.88045
 20
-5.68892
 30
0.0
 11
-4.7277700000000005
 21
-5.67142
 31
0.0
  0
LINE
  5
977
330
17
100
AcDbEntity
  8
0
100
AcDbLine
 10
-4.7277700000000005
 20
-5.67142
 30
0.0
 11
-4.63083
 21
-5.65173
 31
0.0
  0
LINE
  5
978
330
17
100
AcDbEntity
  8
0
100
AcDbLine
 10
-4.63083
 20
-5.65173
 30
0.0
 11
-4.5354
 21
-5.62565
 31
0.0
  0
LINE
  5
979
330
17
100
AcDbEntity
  8
0
100
AcDbLine
 10
-4.5354
 20
-5.62565
 30
0.0
 11
-4.43844
 21
-5.59246
 31
0.0
  0
LINE
  5
97A
330
17
100
AcDbEntity
  8
0
100
AcDbLine
 10
-4.43844
 20
-5.59246
 30
0.0
 11
-4.34363
 21
-5.55352
 31
0.0
  0
LINE
  5
97B
330
17
100
AcDbEntity
  8
0
100
AcDbLine
 10
-4.34363
 20
-5.55352
 30
0.0
 11
-4.254840000000001
 21
-5.5106
 31
0.0
  0
LINE
  5
97C
330
17
100
AcDbEntity
  8
0
100
AcDbLine
 10
-4.254840000000001
 20
-5.5106
 30
0.0
 11
-4.16885
 21
-5.46228
 31
0.0
  0
LINE
  5
97D
330
17
100
AcDbEntity
  8
0
100
AcDbLine
 10
-4.16885
 20
-5.46228
 30
0.0
 11
-4.09605
 21
-5.41387
 31
0.0
  0
LINE
  5
97E
330
17
100
AcDbEntity
  8
0
100
AcDbLine
 10
-4.09605
 20
-5.41387
 30
0.0
 11
-4.0278
 21
-5.35923
 31
0.0
  0
LINE
  5
97F
330
17
100
AcDbEntity
  8
0
100
AcDbLine
 10
-4.0278
 20
-5.35923
 30
0.0
 11
-3.9742900000000003
 21
-5.30767
 31
0.0
  0
LINE
  5
980
330
17
100
AcDbEntity
  8
0
100
AcDbLine
 10
-3.9742900000000003
 20
-5.30767
 30
0.0
 11
-3.92594
 21
-5.25124
 31
0.0
  0
LINE
  5
981
330
17
100
AcDbEntity
  8
0
100
AcDbLine
 10
-3.92594
 20
-5.25124
 30
0.0
 11
-3.7782
 21
-5.05211
 31
0.0
  0
LINE
  5
982
330
17
100
AcDbEntity
  8
0
100
AcDbLine
 10
-3.7782
 20
-5.05211
 30
0.0
 11
-3.6347
 21
-4.8434
 31
0.0
  0
LINE
  5
983
330
17
100
AcDbEntity
  8
0
100
AcDbLine
 10
-3.6347
 20
-4.8434
 30
0.0
 11
-3.6283700000000003
 21
-4.83284
 31
0.0
  0
LINE
  5
984
330
17
100
AcDbEntity
  8
0
100
AcDbLine
 10
-3.6283700000000003
 20
-4.83284
 30
0.0
 11
-3.62311
 21
-4.8217099999999995
 31
0.0
  0
LINE
  5
985
330
17
100
AcDbEntity
  8
0
100
AcDbLine
 10
-3.62311
 20
-4.8217099999999995
 30
0.0
 11
-3.61896
 21
-4.81011
 31
0.0
  0
LINE
  5
986
330
17
100
AcDbEntity
  8
0
100
AcDbLine
 10
-3.61896
 20
-4.81011
 30
0.0
 11
-3.61597
 21
-4.79817
 31
0.0
  0
LINE
  5
987
330
17
100
AcDbEntity
  8
0
100
AcDbLine
 10
-3.61597
 20
-4.79817
 30
0.0
 11
-3.61416
 21
-4.78599
 31
0.0
  0
LINE
  5
988
330
17
100
AcDbEntity
  8
0
100
AcDbLine
 10
-3.61416
 20
-4.78599
 30
0.0
 11
-3.61356
 21
-4.773689999999999
 31
0.0
  0
LINE
  5
989
330
17
100
AcDbEntity
  8
0
100
AcDbLine
 10
-3.61356
 20
-4.773689999999999
 30
0.0
 11
-3.61331
 21
-4.768739999999999
 31
0.0
  0
LINE
  5
98A
330
17
100
AcDbEntity
  8
0
100
AcDbLine
 10
-3.61331
 20
-4.768739999999999
 30
0.0
 11
-3.61258
 21
-4.76384
 31
0.0
  0
LINE
  5
98B
330
17
100
AcDbEntity
  8
0
100
AcDbLine
 10
-3.61258
 20
-4.76384
 30
0.0
 11
-3.61137
 21
-4.75903
 31
0.0
  0
LINE
  5
98C
330
17
100
AcDbEntity
  8
0
100
AcDbLine
 10
-3.61137
 20
-4.75903
 30
0.0
 11
-3.6097
 21
-4.75437
 31
0.0
  0
LINE
  5
98D
330
17
100
AcDbEntity
  8
0
100
AcDbLine
 10
-3.6097
 20
-4.75437
 30
0.0
 11
-3.58345
 21
-4.692950000000001
 31
0.0
  0
LINE
  5
98E
330
17
100
AcDbEntity
  8
0
100
AcDbLine
 10
-3.58345
 20
-4.692950000000001
 30
0.0
 11
-3.55032
 21
-4.62038
 31
0.0
  0
LINE
  5
98F
330
17
100
AcDbEntity
  8
0
100
AcDbLine
 10
-3.55032
 20
-4.62038
 30
0.0
 11
-3.51105
 21
-4.53987
 31
0.0
  0
LINE
  5
990
330
17
100
AcDbEntity
  8
0
100
AcDbLine
 10
-3.51105
 20
-4.53987
 30
0.0
 11
-3.46775
 21
-4.44922
 31
0.0
  0
LINE
  5
991
330
17
100
AcDbEntity
  8
0
100
AcDbLine
 10
-3.46775
 20
-4.44922
 30
0.0
 11
-3.42238
 21
-4.34582
 31
0.0
  0
LINE
  5
992
330
17
100
AcDbEntity
  8
0
100
AcDbLine
 10
-3.42238
 20
-4.34582
 30
0.0
 11
-3.3816200000000003
 21
-4.24574
 31
0.0
  0
LINE
  5
993
330
17
100
AcDbEntity
  8
0
100
AcDbLine
 10
-3.3816200000000003
 20
-4.24574
 30
0.0
 11
-3.3531400000000002
 21
-4.16656
 31
0.0
  0
LINE
  5
994
330
17
100
AcDbEntity
  8
0
100
AcDbLine
 10
-3.3531400000000002
 20
-4.16656
 30
0.0
 11
-3.32945
 21
-4.100300000000001
 31
0.0
  0
LINE
  5
995
330
17
100
AcDbEntity
  8
0
100
AcDbLine
 10
-3.32945
 20
-4.100300000000001
 30
0.0
 11
-3.3040700000000003
 21
-4.04077
 31
0.0
  0
LINE
  5
996
330
17
100
AcDbEntity
  8
0
100
AcDbLine
 10
-3.3040700000000003
 20
-4.04077
 30
0.0
 11
-3.28007
 21
-3.99302
 31
0.0
  0
LINE
  5
997
330
17
100
AcDbEntity
  8
0
100
AcDbLine
 10
-3.28007
 20
-3.99302
 30
0.0
 11
-3.2775600000000003
 21
-3.9888700000000004
 31
0.0
  0
LINE
  5
998
330
17
100
AcDbEntity
  8
0
100
AcDbLine
 10
-3.2775600000000003
 20
-3.9888700000000004
 30
0.0
 11
-3.27466
 21
-3.98499
 31
0.0
  0
LINE
  5
999
330
17
100
AcDbEntity
  8
0
100
AcDbLine
 10
-3.27466
 20
-3.98499
 30
0.0
 11
-3.2714
 21
-3.9814100000000003
 31
0.0
  0
LINE
  5
99A
330
17
100
AcDbEntity
  8
0
100
AcDbLine
 10
-3.2714
 20
-3.9814100000000003
 30
0.0
 11
-3.2678
 21
-3.9781699999999995
 31
0.0
  0
LINE
  5
99B
330
17
100
AcDbEntity
  8
0
100
AcDbLine
 10
-3.2678
 20
-3.9781699999999995
 30
0.0
 11
-3.26391
 21
-3.97529
 31
0.0
  0
LINE
  5
99C
330
17
100
AcDbEntity
  8
0
100
AcDbLine
 10
-3.26391
 20
-3.97529
 30
0.0
 11
-3.2594600000000002
 21
-3.9726199999999996
 31
0.0
  0
LINE
  5
99D
330
17
100
AcDbEntity
  8
0
100
AcDbLine
 10
-3.2594600000000002
 20
-3.9726199999999996
 30
0.0
 11
-3.2547800000000002
 21
-3.97038
 31
0.0
  0
LINE
  5
99E
330
17
100
AcDbEntity
  8
0
100
AcDbLine
 10
-3.2547800000000002
 20
-3.97038
 30
0.0
 11
-3.24991
 21
-3.9686
 31
0.0
  0
LINE
  5
99F
330
17
100
AcDbEntity
  8
0
100
AcDbLine
 10
-3.24991
 20
-3.9686
 30
0.0
 11
-3.24489
 21
-3.96728
 31
0.0
  0
LINE
  5
9A0
330
17
100
AcDbEntity
  8
0
100
AcDbLine
 10
-3.24489
 20
-3.96728
 30
0.0
 11
-3.23977
 21
-3.96645
 31
0.0
  0
LINE
  5
9A1
330
17
100
AcDbEntity
  8
0
100
AcDbLine
 10
-3.23977
 20
-3.96645
 30
0.0
 11
-3.2346
 21
-3.9661
 31
0.0
  0
LINE
  5
9A2
330
17
100
AcDbEntity
  8
0
100
AcDbLine
 10
-3.2346
 20
-3.9661
 30
0.0
 11
-2.8693999999999997
 21
-3.9592300000000002
 31
0.0
  0
LINE
  5
9A3
330
17
100
AcDbEntity
  8
0
100
AcDbLine
 10
-2.8693999999999997
 20
-3.9592300000000002
 30
0.0
 11
-2.45451
 21
-3.9540900000000003
 31
0.0
  0
LINE
  5
9A4
330
17
100
AcDbEntity
  8
0
100
AcDbLine
 10
-2.45451
 20
-3.9540900000000003
 30
0.0
 11
-1.96839
 21
-3.95228
 31
0.0
  0
LINE
  5
9A5
330
17
100
AcDbEntity
  8
0
100
AcDbLine
 10
-1.96839
 20
-3.95228
 30
0.0
 11
-1.33295
 21
-3.95372
 31
0.0
  0
LINE
  5
9A6
330
17
100
AcDbEntity
  8
0
100
AcDbLine
 10
-1.33295
 20
-3.95372
 30
0.0
 11
-0.96621
 21
-3.95999
 31
0.0
  0
LINE
  5
9A7
330
17
100
AcDbEntity
  8
0
100
AcDbLine
 10
-0.96621
 20
-3.95999
 30
0.0
 11
-0.7173
 21
-3.96926
 31
0.0
  0
LINE
  5
9A8
330
17
100
AcDbEntity
  8
0
100
AcDbLine
 10
-0.7173
 20
-3.96926
 30
0.0
 11
-0.7114699999999999
 21
-3.9698399999999996
 31
0.0
  0
LINE
  5
9A9
330
17
100
AcDbEntity
  8
0
100
AcDbLine
 10
-0.7114699999999999
 20
-3.9698399999999996
 30
0.0
 11
-0.7057399999999999
 21
-3.9710400000000003
 31
0.0
  0
LINE
  5
9AA
330
17
100
AcDbEntity
  8
0
100
AcDbLine
 10
-0.7057399999999999
 20
-3.9710400000000003
 30
0.0
 11
-0.70018
 21
-3.97286
 31
0.0
  0
LINE
  5
9AB
330
17
100
AcDbEntity
  8
0
100
AcDbLine
 10
-0.70018
 20
-3.97286
 30
0.0
 11
-0.69485
 21
-3.9752700000000005
 31
0.0
  0
LINE
  5
9AC
330
17
100
AcDbEntity
  8
0
100
AcDbLine
 10
-0.69485
 20
-3.9752700000000005
 30
0.0
 11
-0.68981
 21
-3.97824
 31
0.0
  0
LINE
  5
9AD
330
17
100
AcDbEntity
  8
0
100
AcDbLine
 10
-0.68981
 20
-3.97824
 30
0.0
 11
-0.68512
 21
-3.9817400000000003
 31
0.0
  0
LINE
  5
9AE
330
17
100
AcDbEntity
  8
0
100
AcDbLine
 10
-0.68512
 20
-3.9817400000000003
 30
0.0
 11
-0.68083
 21
-3.9857299999999998
 31
0.0
  0
LINE
  5
9AF
330
17
100
AcDbEntity
  8
0
100
AcDbLine
 10
-0.68083
 20
-3.9857299999999998
 30
0.0
 11
-0.6769999999999999
 21
-3.9901600000000004
 31
0.0
  0
LINE
  5
9B0
330
17
100
AcDbEntity
  8
0
100
AcDbLine
 10
-0.6769999999999999
 20
-3.9901600000000004
 30
0.0
 11
-0.67052
 21
-3.99943
 31
0.0
  0
LINE
  5
9B1
330
17
100
AcDbEntity
  8
0
100
AcDbLine
 10
-0.67052
 20
-3.99943
 30
0.0
 11
-0.6649499999999999
 21
-4.00929
 31
0.0
  0
LINE
  5
9B2
330
17
100
AcDbEntity
  8
0
100
AcDbLine
 10
-0.6649499999999999
 20
-4.00929
 30
0.0
 11
-0.66037
 21
-4.019629999999999
 31
0.0
  0
LINE
  5
9B3
330
17
100
AcDbEntity
  8
0
100
AcDbLine
 10
-0.66037
 20
-4.019629999999999
 30
0.0
 11
-0.61434
 21
-4.1407099999999994
 31
0.0
  0
LINE
  5
9B4
330
17
100
AcDbEntity
  8
0
100
AcDbLine
 10
-0.61434
 20
-4.1407099999999994
 30
0.0
 11
-0.5619200000000001
 21
-4.285
 31
0.0
  0
LINE
  5
9B5
330
17
100
AcDbEntity
  8
0
100
AcDbLine
 10
-0.5619200000000001
 20
-4.285
 30
0.0
 11
-0.50538
 21
-4.44882
 31
0.0
  0
LINE
  5
9B6
330
17
100
AcDbEntity
  8
0
100
AcDbLine
 10
-0.50538
 20
-4.44882
 30
0.0
 11
-0.3793
 21
-4.80733
 31
0.0
  0
LINE
  5
9B7
330
17
100
AcDbEntity
  8
0
100
AcDbLine
 10
-0.3793
 20
-4.80733
 30
0.0
 11
-0.28999
 21
-5.016299999999999
 31
0.0
  0
LINE
  5
9B8
330
17
100
AcDbEntity
  8
0
100
AcDbLine
 10
-0.28999
 20
-5.016299999999999
 30
0.0
 11
-0.24738000000000002
 21
-5.09482
 31
0.0
  0
LINE
  5
9B9
330
17
100
AcDbEntity
  8
0
100
AcDbLine
 10
-0.24738000000000002
 20
-5.09482
 30
0.0
 11
-0.19862999999999997
 21
-5.16969
 31
0.0
  0
LINE
  5
9BA
330
17
100
AcDbEntity
  8
0
100
AcDbLine
 10
-0.19862999999999997
 20
-5.16969
 30
0.0
 11
-0.13976
 21
-5.24745
 31
0.0
  0
LINE
  5
9BB
330
17
100
AcDbEntity
  8
0
100
AcDbLine
 10
-0.13976
 20
-5.24745
 30
0.0
 11
-0.07621
 21
-5.32143
 31
0.0
  0
LINE
  5
9BC
330
17
100
AcDbEntity
  8
0
100
AcDbLine
 10
-0.07621
 20
-5.32143
 30
0.0
 11
0.023819999999999994
 21
-5.41978
 31
0.0
  0
LINE
  5
9BD
330
17
100
AcDbEntity
  8
0
100
AcDbLine
 10
0.023819999999999997
 20
-5.41978
 30
0.0
 11
0.13378
 21
-5.50689
 31
0.0
  0
LINE
  5
9BE
330
17
100
AcDbEntity
  8
0
100
AcDbLine
 10
0.13378
 20
-5.50689
 30
0.0
 11
0.20874
 21
-5.5555200000000005
 31
0.0
  0
LINE
  5
9BF
330
17
100
AcDbEntity
  8
0
100
AcDbLine
 10
0.20874
 20
-5.5555200000000005
 30
0.0
 11
0.28742
 21
-5.59788
 31
0.0
  0
LINE
  5
9C0
330
17
100
AcDbEntity
  8
0
100
AcDbLine
 10
0.28742
 20
-5.59788
 30
0.0
 11
0.36929999999999996
 21
-5.633660000000001
 31
0.0
  0
LINE
  5
9C1
330
17
100
AcDbEntity
  8
0
100
AcDbLine
 10
0.36929999999999996
 20
-5.633660000000001
 30
0.0
 11
0.45927
 21
-5.66483
 31
0.0
  0
LINE
  5
9C2
330
17
100
AcDbEntity
  8
0
100
AcDbLine
 10
0.45927
 20
-5.66483
 30
0.0
 11
0.55132
 21
-5.68916
 31
0.0
  0
LINE
  5
9C3
330
17
100
AcDbEntity
  8
0
100
AcDbLine
 10
0.55132
 20
-5.68916
 30
0.0
 11
0.64495
 21
-5.7065
 31
0.0
  0
LINE
  5
9C4
330
17
100
AcDbEntity
  8
0
100
AcDbLine
 10
0.64495
 20
-5.7065
 30
0.0
 11
0.80984
 21
-5.72462
 31
0.0
  0
LINE
  5
9C5
330
17
100
AcDbEntity
  8
0
100
AcDbLine
 10
0.80984
 20
-5.72462
 30
0.0
 11
0.97561
 21
-5.73078
 31
0.0
  0
LINE
  5
9C6
330
17
100
AcDbEntity
  8
0
100
AcDbLine
 10
0.97561
 20
-5.73078
 30
0.0
 11
1.16376
 21
-5.72215
 31
0.0
  0
LINE
  5
9C7
330
17
100
AcDbEntity
  8
0
100
AcDbLine
 10
1.16376
 20
-5.72215
 30
0.0
 11
1.35028
 21
-5.69593
 31
0.0
  0
LINE
  5
9C8
330
17
100
AcDbEntity
  8
0
100
AcDbLine
 10
1.35028
 20
-5.69593
 30
0.0
 11
1.45906
 21
-5.67035
 31
0.0
  0
LINE
  5
9C9
330
17
100
AcDbEntity
  8
0
100
AcDbLine
 10
1.45906
 20
-5.67035
 30
0.0
 11
1.56515
 21
-5.63524
 31
0.0
  0
LINE
  5
9CA
330
17
100
AcDbEntity
  8
0
100
AcDbLine
 10
1.56515
 20
-5.63524
 30
0.0
 11
1.6677199999999999
 21
-5.59088
 31
0.0
  0
LINE
  5
9CB
330
17
100
AcDbEntity
  8
0
100
AcDbLine
 10
1.6677199999999999
 20
-5.59088
 30
0.0
 11
1.7621799999999999
 21
-5.53939
 31
0.0
  0
LINE
  5
9CC
330
17
100
AcDbEntity
  8
0
100
AcDbLine
 10
1.7621799999999999
 20
-5.53939
 30
0.0
 11
1.85144
 21
-5.47934
 31
0.0
  0
LINE
  5
9CD
330
17
100
AcDbEntity
  8
0
100
AcDbLine
 10
1.85144
 20
-5.47934
 30
0.0
 11
1.93472
 21
-5.41124
 31
0.0
  0
LINE
  5
9CE
330
17
100
AcDbEntity
  8
0
100
AcDbLine
 10
1.93472
 20
-5.41124
 30
0.0
 11
2.01632
 21
-5.33189
 31
0.0
  0
LINE
  5
9CF
330
17
100
AcDbEntity
  8
0
100
AcDbLine
 10
2.01632
 20
-5.33189
 30
0.0
 11
2.09144
 21
-5.246370000000001
 31
0.0
  0
LINE
  5
9D0
330
17
100
AcDbEntity
  8
0
100
AcDbLine
 10
2.09144
 20
-5.246370000000001
 30
0.0
 11
2.1595899999999997
 21
-5.15521
 31
0.0
  0
LINE
  5
9D1
330
17
100
AcDbEntity
  8
0
100
AcDbLine
 10
2.1595899999999997
 20
-5.15521
 30
0.0
 11
2.1975800000000003
 21
-5.0955
 31
0.0
  0
LINE
  5
9D2
330
17
100
AcDbEntity
  8
0
100
AcDbLine
 10
2.1975800000000003
 20
-5.0955
 30
0.0
 11
2.23118
 21
-5.03323
 31
0.0
  0
LINE
  5
9D3
330
17
100
AcDbEntity
  8
0
100
AcDbLine
 10
2.23118
 20
-5.03323
 30
0.0
 11
2.33044
 21
-4.822970000000001
 31
0.0
  0
LINE
  5
9D4
330
17
100
AcDbEntity
  8
0
100
AcDbLine
 10
2.33044
 20
-4.822970000000001
 30
0.0
 11
2.43834
 21
-4.57179
 31
0.0
  0
LINE
  5
9D5
330
17
100
AcDbEntity
  8
0
100
AcDbLine
 10
2.43834
 20
-4.57179
 30
0.0
 11
2.54287
 21
-4.30461
 31
0.0
  0
LINE
  5
9D6
330
17
100
AcDbEntity
  8
0
100
AcDbLine
 10
2.54287
 20
-4.30461
 30
0.0
 11
2.56338
 21
-4.23908
 31
0.0
  0
LINE
  5
9D7
330
17
100
AcDbEntity
  8
0
100
AcDbLine
 10
2.56338
 20
-4.23908
 30
0.0
 11
2.5766500000000003
 21
-4.1717200000000005
 31
0.0
  0
LINE
  5
9D8
330
17
100
AcDbEntity
  8
0
100
AcDbLine
 10
2.5766500000000003
 20
-4.1717200000000005
 30
0.0
 11
2.58252
 21
-4.10332
 31
0.0
  0
LINE
  5
9D9
330
17
100
AcDbEntity
  8
0
100
AcDbLine
 10
2.58252
 20
-4.10332
 30
0.0
 11
2.58046
 21
-3.98031
 31
0.0
  0
LINE
  5
9DA
330
17
100
AcDbEntity
  8
0
100
AcDbLine
 10
2.58046
 20
-3.98031
 30
0.0
 11
2.56658
 21
-3.8580799999999997
 31
0.0
  0
LINE
  5
9DB
330
17
100
AcDbEntity
  8
0
100
AcDbLine
 10
2.56658
 20
-3.8580799999999997
 30
0.0
 11
2.5333
 21
-3.68535
 31
0.0
  0
LINE
  5
9DC
330
17
100
AcDbEntity
  8
0
100
AcDbLine
 10
2.5333
 20
-3.68535
 30
0.0
 11
2.49002
 21
-3.5148599999999997
 31
0.0
  0
LINE
  5
9DD
330
17
100
AcDbEntity
  8
0
100
AcDbLine
 10
2.49002
 20
-3.5148599999999997
 30
0.0
 11
2.32586
 21
-2.97013
 31
0.0
  0
LINE
  5
9DE
330
17
100
AcDbEntity
  8
0
100
AcDbLine
 10
2.32586
 20
-2.97013
 30
0.0
 11
2.21388
 21
-2.61761
 31
0.0
  0
LINE
  5
9DF
330
17
100
AcDbEntity
  8
0
100
AcDbLine
 10
2.21388
 20
-2.61761
 30
0.0
 11
2.0728500000000003
 21
-2.17347
 31
0.0
  0
LINE
  5
9E0
330
17
100
AcDbEntity
  8
0
100
AcDbLine
 10
2.0728500000000003
 20
-2.17347
 30
0.0
 11
1.92723
 21
-1.7148
 31
0.0
  0
LINE
  5
9E1
330
17
100
AcDbEntity
  8
0
100
AcDbLine
 10
1.92723
 20
-1.7148
 30
0.0
 11
1.79988
 21
-1.31353
 31
0.0
  0
LINE
  5
9E2
330
17
100
AcDbEntity
  8
0
100
AcDbLine
 10
1.79988
 20
-1.31353
 30
0.0
 11
1.3383
 21
0.10755000000000003
 31
0.0
  0
LINE
  5
9E3
330
17
100
AcDbEntity
  8
0
100
AcDbLine
 10
1.3383
 20
0.10754999999999999
 30
0.0
 11
0.90659
 21
1.3662699999999999
 31
0.0
  0
LINE
  5
9E4
330
17
100
AcDbEntity
  8
0
100
AcDbLine
 10
0.90659
 20
1.3662699999999999
 30
0.0
 11
0.53547
 21
2.38687
 31
0.0
  0
LINE
  5
9E5
330
17
100
AcDbEntity
  8
0
100
AcDbLine
 10
0.53547
 20
2.38687
 30
0.0
 11
0.43553
 21
2.63101
 31
0.0
  0
LINE
  5
9E6
330
17
100
AcDbEntity
  8
0
100
AcDbLine
 10
0.43553
 20
2.63101
 30
0.0
 11
0.32063
 21
2.86848
 31
0.0
  0
LINE
  5
9E7
330
17
100
AcDbEntity
  8
0
100
AcDbLine
 10
0.32063
 20
2.86848
 30
0.0
 11
0.26433
 21
2.9684
 31
0.0
  0
LINE
  5
9E8
330
17
100
AcDbEntity
  8
0
100
AcDbLine
 10
0.26433
 20
2.9684
 30
0.0
 11
0.20185999999999998
 21
3.06458
 31
0.0
  0
LINE
  5
9E9
330
17
100
AcDbEntity
  8
0
100
AcDbLine
 10
0.20185999999999998
 20
3.06458
 30
0.0
 11
0.1349
 21
3.15427
 31
0.0
  0
LINE
  5
9EA
330
17
100
AcDbEntity
  8
0
100
AcDbLine
 10
0.1349
 20
3.15427
 30
0.0
 11
0.06203
 21
3.2392100000000004
 31
0.0
  0
LINE
  5
9EB
330
17
100
AcDbEntity
  8
0
100
AcDbLine
 10
0.06203
 20
3.2392100000000004
 30
0.0
 11
-0.01736
 21
3.32008
 31
0.0
  0
LINE
  5
9EC
330
17
100
AcDbEntity
  8
0
100
AcDbLine
 10
-0.01736
 20
3.32008
 30
0.0
 11
-0.10198
 21
3.39547
 31
0.0
  0
LINE
  5
9ED
330
17
100
AcDbEntity
  8
0
100
AcDbLine
 10
-0.10198
 20
3.39547
 30
0.0
 11
-0.19546
 21
3.4688499999999998
 31
0.0
  0
LINE
  5
9EE
330
17
100
AcDbEntity
  8
0
100
AcDbLine
 10
-0.19546
 20
3.4688499999999998
 30
0.0
 11
-0.29302
 21
3.5366999999999997
 31
0.0
  0
LINE
  5
9EF
330
17
100
AcDbEntity
  8
0
100
AcDbLine
 10
-0.29302
 20
3.5366999999999997
 30
0.0
 11
-0.46027999999999997
 21
3.63619
 31
0.0
  0
LINE
  5
9F0
330
17
100
AcDbEntity
  8
0
100
AcDbLine
 10
-0.46027999999999997
 20
3.63619
 30
0.0
 11
-0.53991
 21
3.67637
 31
0.0
  0
LINE
  5
9F1
330
17
100
AcDbEntity
  8
0
100
AcDbLine
 10
-0.53991
 20
3.67637
 30
0.0
 11
-0.62161
 21
3.71215
 31
0.0
  0
LINE
  5
9F2
330
17
100
AcDbEntity
  8
0
100
AcDbLine
 10
-0.62161
 20
3.71215
 30
0.0
 11
-0.79663
 21
3.7728
 31
0.0
  0
LINE
  5
9F3
330
17
100
AcDbEntity
  8
0
100
AcDbLine
 10
-0.79663
 20
3.7728
 30
0.0
 11
-1.0059500000000001
 21
3.82599
 31
0.0
  0
LINE
  5
9F4
330
17
100
AcDbEntity
  8
0
100
AcDbLine
 10
-1.0059500000000001
 20
3.82599
 30
0.0
 11
-1.10676
 21
3.8440700000000003
 31
0.0
  0
LINE
  5
9F5
330
17
100
AcDbEntity
  8
0
100
AcDbLine
 10
-1.10676
 20
3.8440700000000003
 30
0.0
 11
-1.20866
 21
3.85434
 31
0.0
  0
LINE
  5
9F6
330
17
100
AcDbEntity
  8
0
100
AcDbLine
 10
-1.20866
 20
3.85434
 30
0.0
 11
-1.51126
 21
3.8655299999999997
 31
0.0
  0
LINE
  5
9F7
330
17
100
AcDbEntity
  8
0
100
AcDbLine
 10
-1.51126
 20
3.8655299999999997
 30
0.0
 11
-1.81938
 21
3.86132
 31
0.0
  0
LINE
  5
9F8
330
17
100
AcDbEntity
  8
0
100
AcDbLine
 10
-1.81938
 20
3.86132
 30
0.0
 11
-1.93372
 21
3.8533399999999998
 31
0.0
  0
LINE
  5
9F9
330
17
100
AcDbEntity
  8
0
100
AcDbLine
 10
-1.93372
 20
3.8533399999999998
 30
0.0
 11
-2.0473700000000004
 21
3.83843
 31
0.0
  0
LINE
  5
9FA
330
17
100
AcDbEntity
  8
0
100
AcDbLine
 10
-2.0473700000000004
 20
3.83843
 30
0.0
 11
-2.2836000000000003
 21
3.78762
 31
0.0
  0
LINE
  5
9FB
330
17
100
AcDbEntity
  8
0
100
AcDbLine
 10
-2.2836000000000003
 20
3.78762
 30
0.0
 11
-2.5224100000000003
 21
3.7115
 31
0.0
  0
LINE
  5
9FC
330
17
100
AcDbEntity
  8
0
100
AcDbLine
 10
-2.5224100000000003
 20
3.7115
 30
0.0
 11
-2.74325
 21
3.61774
 31
0.0
  0
LINE
  5
9FD
330
17
100
AcDbEntity
  8
0
100
AcDbLine
 10
-2.74325
 20
3.61774
 30
0.0
 11
-2.83583
 21
3.5690399999999998
 31
0.0
  0
LINE
  5
9FE
330
17
100
AcDbEntity
  8
0
100
AcDbLine
 10
-2.83583
 20
3.5690399999999998
 30
0.0
 11
-2.92473
 21
3.5139
 31
0.0
  0
LINE
  5
9FF
330
17
100
AcDbEntity
  8
0
100
AcDbLine
 10
-2.92473
 20
3.5139
 30
0.0
 11
-3.00239
 21
3.46263
 31
0.0
  0
LINE
  5
A00
330
17
100
AcDbEntity
  8
0
100
AcDbLine
 10
-3.00239
 20
3.46263
 30
0.0
 11
-3.07055
 21
3.41943
 31
0.0
  0
LINE
  5
A01
330
17
100
AcDbEntity
  8
0
100
AcDbLine
 10
-3.07055
 20
3.41943
 30
0.0
 11
-3.12941
 21
3.3834
 31
0.0
  0
LINE
  5
A02
330
17
100
AcDbEntity
  8
0
100
AcDbLine
 10
-3.12941
 20
3.3834
 30
0.0
 11
-3.13157
 21
3.38225
 31
0.0
  0
LINE
  5
A03
330
17
100
AcDbEntity
  8
0
100
AcDbLine
 10
-3.13157
 20
3.38225
 30
0.0
 11
-3.1338500000000002
 21
3.38133
 31
0.0
  0
LINE
  5
A04
330
17
100
AcDbEntity
  8
0
100
AcDbLine
 10
-3.1338500000000002
 20
3.38133
 30
0.0
 11
-3.13621
 21
3.3806700000000003
 31
0.0
  0
LINE
  5
A05
330
17
100
AcDbEntity
  8
0
100
AcDbLine
 10
-3.13621
 20
3.3806700000000003
 30
0.0
 11
-3.13863
 21
3.38027
 31
0.0
  0
LINE
  5
A06
330
17
100
AcDbEntity
  8
0
100
AcDbLine
 10
-3.13863
 20
3.38027
 30
0.0
 11
-3.14108
 21
3.38014
 31
0.0
  0
LINE
  5
A07
330
17
100
AcDbEntity
  8
0
100
AcDbLine
 10
-3.14108
 20
3.38014
 30
0.0
 11
-3.15192
 21
3.37959
 31
0.0
  0
LINE
  5
A08
330
17
100
AcDbEntity
  8
0
100
AcDbLine
 10
-3.15192
 20
3.37959
 30
0.0
 11
-3.16266
 21
3.37795
 31
0.0
  0
LINE
  5
A09
330
17
100
AcDbEntity
  8
0
100
AcDbLine
 10
-3.16266
 20
3.37795
 30
0.0
 11
-3.17317
 21
3.37524
 31
0.0
  0
LINE
  5
A0A
330
17
100
AcDbEntity
  8
0
100
AcDbLine
 10
-3.17317
 20
3.37524
 30
0.0
 11
-3.18336
 21
3.37148
 31
0.0
  0
LINE
  5
A0B
330
17
100
AcDbEntity
  8
0
100
AcDbLine
 10
-3.18336
 20
3.37148
 30
0.0
 11
-3.19311
 21
3.36672
 31
0.0
  0
LINE
  5
A0C
330
17
100
AcDbEntity
  8
0
100
AcDbLine
 10
-3.19311
 20
3.36672
 30
0.0
 11
-3.20234
 21
3.3609899999999997
 31
0.0
  0
LINE
  5
A0D
330
17
100
AcDbEntity
  8
0
100
AcDbLine
 10
-3.20234
 20
3.3609899999999997
 30
0.0
 11
-3.4053500000000003
 21
3.21702
 31
0.0
  0
LINE
  5
A0E
330
17
100
AcDbEntity
  8
0
100
AcDbLine
 10
-3.4053500000000003
 20
3.21702
 30
0.0
 11
-3.60222
 21
3.06748
 31
0.0
  0
LINE
  5
A0F
330
17
100
AcDbEntity
  8
0
100
AcDbLine
 10
-3.60222
 20
3.06748
 30
0.0
 11
-3.67014
 21
3.0102800000000003
 31
0.0
  0
LINE
  5
A10
330
17
100
AcDbEntity
  8
0
100
AcDbLine
 10
-3.67014
 20
3.0102800000000003
 30
0.0
 11
-3.73469
 21
2.9493
 31
0.0
  0
LINE
  5
A11
330
17
100
AcDbEntity
  8
0
100
AcDbLine
 10
-3.73469
 20
2.9493
 30
0.0
 11
-3.88576
 21
2.78661
 31
0.0
  0
LINE
  5
A12
330
17
100
AcDbEntity
  8
0
100
AcDbLine
 10
-3.88576
 20
2.78661
 30
0.0
 11
-4.02438
 21
2.6131800000000003
 31
0.0
  0
LINE
  5
A13
330
17
100
AcDbEntity
  8
0
100
AcDbLine
 10
-4.02438
 20
2.6131800000000003
 30
0.0
 11
-4.14593
 21
2.43441
 31
0.0
  0
LINE
  5
A14
330
17
100
AcDbEntity
  8
0
100
AcDbLine
 10
-4.14593
 20
2.43441
 30
0.0
 11
-4.25277
 21
2.24648
 31
0.0
  0
LINE
  5
A15
330
17
100
AcDbEntity
  8
0
100
AcDbLine
 10
-4.25277
 20
2.24648
 30
0.0
 11
-4.37129
 21
2.00045
 31
0.0
  0
LINE
  5
A16
330
17
100
AcDbEntity
  8
0
100
AcDbLine
 10
-4.37129
 20
2.00045
 30
0.0
 11
-4.47592
 21
1.74819
 31
0.0
  0
LINE
  5
A17
330
17
100
AcDbEntity
  8
0
100
AcDbLine
 10
-4.47592
 20
1.74819
 30
0.0
 11
-4.76406
 21
0.9566
 31
0.0
  0
LINE
  5
A18
330
17
100
AcDbEntity
  8
0
100
AcDbLine
 10
-4.76406
 20
0.9566
 30
0.0
 11
-5.3262
 21
-0.6950899999999999
 31
0.0
  0
LINE
  5
A19
330
17
100
AcDbEntity
  8
0
100
AcDbLine
 10
-2.44562
 20
-1.21668
 30
0.0
 11
-2.4459
 21
-1.21653
 31
0.0
  0
LINE
  5
A1A
330
17
100
AcDbEntity
  8
0
100
AcDbLine
 10
-2.4459
 20
-1.21653
 30
0.0
 11
-2.4461600000000003
 21
-1.21635
 31
0.0
  0
LINE
  5
A1B
330
17
100
AcDbEntity
  8
0
100
AcDbLine
 10
-2.4461600000000003
 20
-1.21635
 30
0.0
 11
-2.4464
 21
-1.21614
 31
0.0
  0
LINE
  5
A1C
330
17
100
AcDbEntity
  8
0
100
AcDbLine
 10
-2.4464
 20
-1.21614
 30
0.0
 11
-2.44661
 21
-1.2159
 31
0.0
  0
LINE
  5
A1D
330
17
100
AcDbEntity
  8
0
100
AcDbLine
 10
-2.44661
 20
-1.2159
 30
0.0
 11
-2.4467999999999996
 21
-1.21565
 31
0.0
  0
LINE
  5
A1E
330
17
100
AcDbEntity
  8
0
100
AcDbLine
 10
-2.4467999999999996
 20
-1.21565
 30
0.0
 11
-2.4469600000000002
 21
-1.2153699999999998
 31
0.0
  0
LINE
  5
A1F
330
17
100
AcDbEntity
  8
0
100
AcDbLine
 10
-2.4469600000000002
 20
-1.2153699999999998
 30
0.0
 11
-2.4470899999999998
 21
-1.21508
 31
0.0
  0
LINE
  5
A20
330
17
100
AcDbEntity
  8
0
100
AcDbLine
 10
-2.4470899999999998
 20
-1.21508
 30
0.0
 11
-2.44719
 21
-1.21478
 31
0.0
  0
LINE
  5
A21
330
17
100
AcDbEntity
  8
0
100
AcDbLine
 10
-2.44719
 20
-1.21478
 30
0.0
 11
-2.4472500000000004
 21
-1.21446
 31
0.0
  0
LINE
  5
A22
330
17
100
AcDbEntity
  8
0
100
AcDbLine
 10
-2.4472500000000004
 20
-1.21446
 30
0.0
 11
-2.44728
 21
-1.21415
 31
0.0
  0
LINE
  5
A23
330
17
100
AcDbEntity
  8
0
100
AcDbLine
 10
-2.44728
 20
-1.21415
 30
0.0
 11
-2.44728
 21
-1.21383
 31
0.0
  0
LINE
  5
A24
330
17
100
AcDbEntity
  8
0
100
AcDbLine
 10
-2.44728
 20
-1.21383
 30
0.0
 11
-2.4470400000000003
 21
-1.21178
 31
0.0
  0
LINE
  5
A25
330
17
100
AcDbEntity
  8
0
100
AcDbLine
 10
-2.4470400000000003
 20
-1.21178
 30
0.0
 11
-2.4466200000000002
 21
-1.20976
 31
0.0
  0
LINE
  5
A26
330
17
100
AcDbEntity
  8
0
100
AcDbLine
 10
-2.4466200000000002
 20
-1.20976
 30
0.0
 11
-2.4460100000000002
 21
-1.2077900000000001
 31
0.0
  0
LINE
  5
A27
330
17
100
AcDbEntity
  8
0
100
AcDbLine
 10
-2.4460100000000002
 20
-1.2077900000000001
 30
0.0
 11
-2.38315
 21
-1.0326899999999999
 31
0.0
  0
LINE
  5
A28
330
17
100
AcDbEntity
  8
0
100
AcDbLine
 10
-2.38315
 20
-1.0326899999999999
 30
0.0
 11
-2.31297
 21
-0.8378599999999999
 31
0.0
  0
LINE
  5
A29
330
17
100
AcDbEntity
  8
0
100
AcDbLine
 10
-2.31297
 20
-0.8378599999999999
 30
0.0
 11
-2.22972
 21
-0.60795
 31
0.0
  0
LINE
  5
A2A
330
17
100
AcDbEntity
  8
0
100
AcDbLine
 10
-2.22972
 20
-0.60795
 30
0.0
 11
-2.1454
 21
-0.37374
 31
0.0
  0
LINE
  5
A2B
330
17
100
AcDbEntity
  8
0
100
AcDbLine
 10
-2.1454
 20
-0.37374
 30
0.0
 11
-2.07171
 21
-0.16518
 31
0.0
  0
LINE
  5
A2C
330
17
100
AcDbEntity
  8
0
100
AcDbLine
 10
-2.07171
 20
-0.16518
 30
0.0
 11
-2.01039
 21
0.011410000000000003
 31
0.0
  0
LINE
  5
A2D
330
17
100
AcDbEntity
  8
0
100
AcDbLine
 10
-2.01039
 20
0.01141
 30
0.0
 11
-1.9965899999999999
 21
0.05928
 31
0.0
  0
LINE
  5
A2E
330
17
100
AcDbEntity
  8
0
100
AcDbLine
 10
-1.9965899999999999
 20
0.05928
 30
0.0
 11
-1.9929700000000001
 21
0.07264
 31
0.0
  0
LINE
  5
A2F
330
17
100
AcDbEntity
  8
0
100
AcDbLine
 10
-1.9929700000000001
 20
0.07264
 30
0.0
 11
-1.9884299999999997
 21
0.08571000000000001
 31
0.0
  0
LINE
  5
A30
330
17
100
AcDbEntity
  8
0
100
AcDbLine
 10
-1.9884299999999997
 20
0.08571000000000001
 30
0.0
 11
-1.98338
 21
0.09713999999999999
 31
0.0
  0
LINE
  5
A31
330
17
100
AcDbEntity
  8
0
100
AcDbLine
 10
-1.98338
 20
0.09713999999999999
 30
0.0
 11
-1.9772600000000002
 21
0.10802999999999999
 31
0.0
  0
LINE
  5
A32
330
17
100
AcDbEntity
  8
0
100
AcDbLine
 10
-1.9772600000000002
 20
0.10802999999999999
 30
0.0
 11
-1.9735400000000003
 21
0.11349999999999999
 31
0.0
  0
LINE
  5
A33
330
17
100
AcDbEntity
  8
0
100
AcDbLine
 10
-1.9735400000000003
 20
0.11349999999999999
 30
0.0
 11
-1.96942
 21
0.11868
 31
0.0
  0
LINE
  5
A34
330
17
100
AcDbEntity
  8
0
100
AcDbLine
 10
-1.96942
 20
0.11868
 30
0.0
 11
-1.9649200000000002
 21
0.12353
 31
0.0
  0
LINE
  5
A35
330
17
100
AcDbEntity
  8
0
100
AcDbLine
 10
-1.9649200000000002
 20
0.12353
 30
0.0
 11
-1.9637399999999998
 21
0.12459999999999999
 31
0.0
  0
LINE
  5
A36
330
17
100
AcDbEntity
  8
0
100
AcDbLine
 10
-1.9637399999999998
 20
0.12459999999999999
 30
0.0
 11
-1.96245
 21
0.12556
 31
0.0
  0
LINE
  5
A37
330
17
100
AcDbEntity
  8
0
100
AcDbLine
 10
-1.96245
 20
0.12556
 30
0.0
 11
-1.96108
 21
0.12638
 31
0.0
  0
LINE
  5
A38
330
17
100
AcDbEntity
  8
0
100
AcDbLine
 10
-1.96108
 20
0.12638
 30
0.0
 11
-1.95963
 21
0.12707
 31
0.0
  0
LINE
  5
A39
330
17
100
AcDbEntity
  8
0
100
AcDbLine
 10
-1.95963
 20
0.12707
 30
0.0
 11
-1.9581199999999999
 21
0.12760000000000002
 31
0.0
  0
LINE
  5
A3A
330
17
100
AcDbEntity
  8
0
100
AcDbLine
 10
-1.9581199999999999
 20
0.12760000000000002
 30
0.0
 11
-1.95657
 21
0.12799
 31
0.0
  0
LINE
  5
A3B
330
17
100
AcDbEntity
  8
0
100
AcDbLine
 10
-1.95657
 20
0.12799
 30
0.0
 11
-1.9549900000000002
 21
0.12823
 31
0.0
  0
LINE
  5
A3C
330
17
100
AcDbEntity
  8
0
100
AcDbLine
 10
-1.9549900000000002
 20
0.12823
 30
0.0
 11
-1.9533900000000002
 21
0.12831
 31
0.0
  0
LINE
  5
A3D
330
17
100
AcDbEntity
  8
0
100
AcDbLine
 10
-1.9533900000000002
 20
0.12831
 30
0.0
 11
-1.94818
 21
0.12811
 31
0.0
  0
LINE
  5
A3E
330
17
100
AcDbEntity
  8
0
100
AcDbLine
 10
-1.94818
 20
0.12811
 30
0.0
 11
-1.94301
 21
0.12753
 31
0.0
  0
LINE
  5
A3F
330
17
100
AcDbEntity
  8
0
100
AcDbLine
 10
-1.94301
 20
0.12753
 30
0.0
 11
-1.94003
 21
0.12697
 31
0.0
  0
LINE
  5
A40
330
17
100
AcDbEntity
  8
0
100
AcDbLine
 10
-1.94003
 20
0.12697
 30
0.0
 11
-1.9371099999999999
 21
0.12619
 31
0.0
  0
LINE
  5
A41
330
17
100
AcDbEntity
  8
0
100
AcDbLine
 10
-1.9371099999999999
 20
0.12619
 30
0.0
 11
-1.93425
 21
0.1252
 31
0.0
  0
LINE
  5
A42
330
17
100
AcDbEntity
  8
0
100
AcDbLine
 10
-1.93425
 20
0.1252
 30
0.0
 11
-1.93214
 21
0.12425000000000001
 31
0.0
  0
LINE
  5
A43
330
17
100
AcDbEntity
  8
0
100
AcDbLine
 10
-1.93214
 20
0.12425000000000001
 30
0.0
 11
-1.93014
 21
0.12311000000000001
 31
0.0
  0
LINE
  5
A44
330
17
100
AcDbEntity
  8
0
100
AcDbLine
 10
-1.93014
 20
0.12311000000000001
 30
0.0
 11
-1.92826
 21
0.12178
 31
0.0
  0
LINE
  5
A45
330
17
100
AcDbEntity
  8
0
100
AcDbLine
 10
-1.92826
 20
0.12178
 30
0.0
 11
-1.92787
 21
0.12144
 31
0.0
  0
LINE
  5
A46
330
17
100
AcDbEntity
  8
0
100
AcDbLine
 10
-1.92787
 20
0.12144
 30
0.0
 11
-1.9275099999999998
 21
0.12106
 31
0.0
  0
LINE
  5
A47
330
17
100
AcDbEntity
  8
0
100
AcDbLine
 10
-1.9275099999999998
 20
0.12106
 30
0.0
 11
-1.9272
 21
0.12065000000000001
 31
0.0
  0
LINE
  5
A48
330
17
100
AcDbEntity
  8
0
100
AcDbLine
 10
-1.9272
 20
0.12065000000000001
 30
0.0
 11
-1.92692
 21
0.12021
 31
0.0
  0
LINE
  5
A49
330
17
100
AcDbEntity
  8
0
100
AcDbLine
 10
-1.92692
 20
0.12021
 30
0.0
 11
-1.9266999999999999
 21
0.11974
 31
0.0
  0
LINE
  5
A4A
330
17
100
AcDbEntity
  8
0
100
AcDbLine
 10
-1.9266999999999999
 20
0.11974
 30
0.0
 11
-1.92652
 21
0.11925
 31
0.0
  0
LINE
  5
A4B
330
17
100
AcDbEntity
  8
0
100
AcDbLine
 10
-1.92652
 20
0.11925
 30
0.0
 11
-1.92639
 21
0.11875
 31
0.0
  0
LINE
  5
A4C
330
17
100
AcDbEntity
  8
0
100
AcDbLine
 10
-1.92639
 20
0.11875
 30
0.0
 11
-1.9263100000000002
 21
0.11824000000000001
 31
0.0
  0
LINE
  5
A4D
330
17
100
AcDbEntity
  8
0
100
AcDbLine
 10
-1.9263100000000002
 20
0.11824000000000001
 30
0.0
 11
-1.92629
 21
0.11772
 31
0.0
  0
LINE
  5
A4E
330
17
100
AcDbEntity
  8
0
100
AcDbLine
 10
-1.92629
 20
0.11772
 30
0.0
 11
-1.9261300000000001
 21
0.11491
 31
0.0
  0
LINE
  5
A4F
330
17
100
AcDbEntity
  8
0
100
AcDbLine
 10
-1.9261300000000001
 20
0.11491
 30
0.0
 11
-1.9256799999999998
 21
0.11213999999999999
 31
0.0
  0
LINE
  5
A50
330
17
100
AcDbEntity
  8
0
100
AcDbLine
 10
-1.9256799999999998
 20
0.11213999999999999
 30
0.0
 11
-1.9249200000000002
 21
0.10943
 31
0.0
  0
LINE
  5
A51
330
17
100
AcDbEntity
  8
0
100
AcDbLine
 10
-1.9249200000000002
 20
0.10943
 30
0.0
 11
-1.86863
 21
-0.05693000000000001
 31
0.0
  0
LINE
  5
A52
330
17
100
AcDbEntity
  8
0
100
AcDbLine
 10
-1.86863
 20
-0.05693
 30
0.0
 11
-1.8052599999999999
 21
-0.24303
 31
0.0
  0
LINE
  5
A53
330
17
100
AcDbEntity
  8
0
100
AcDbLine
 10
-1.8052599999999999
 20
-0.24303
 30
0.0
 11
-1.7300099999999998
 21
-0.462
 31
0.0
  0
LINE
  5
A54
330
17
100
AcDbEntity
  8
0
100
AcDbLine
 10
-1.7300099999999998
 20
-0.462
 30
0.0
 11
-1.65331
 21
-0.6869299999999999
 31
0.0
  0
LINE
  5
A55
330
17
100
AcDbEntity
  8
0
100
AcDbLine
 10
-1.65331
 20
-0.6869299999999999
 30
0.0
 11
-1.58525
 21
-0.89191
 31
0.0
  0
LINE
  5
A56
330
17
100
AcDbEntity
  8
0
100
AcDbLine
 10
-1.58525
 20
-0.89191
 30
0.0
 11
-1.52955
 21
-1.06419
 31
0.0
  0
LINE
  5
A57
330
17
100
AcDbEntity
  8
0
100
AcDbLine
 10
-1.52955
 20
-1.06419
 30
0.0
 11
-1.51283
 21
-1.1263200000000002
 31
0.0
  0
LINE
  5
A58
330
17
100
AcDbEntity
  8
0
100
AcDbLine
 10
-1.51283
 20
-1.1263200000000002
 30
0.0
 11
-1.4919200000000001
 21
-1.2215
 31
0.0
  0
LINE
  5
A59
330
17
100
AcDbEntity
  8
0
100
AcDbLine
 10
-1.4919200000000001
 20
-1.2215
 30
0.0
 11
-1.96986
 21
-1.2215
 31
0.0
  0
LINE
  5
A5A
330
17
100
AcDbEntity
  8
0
100
AcDbLine
 10
-1.96986
 20
-1.2215
 30
0.0
 11
-2.1531
 21
-1.22095
 31
0.0
  0
LINE
  5
A5B
330
17
100
AcDbEntity
  8
0
100
AcDbLine
 10
-2.1531
 20
-1.22095
 30
0.0
 11
-2.3072600000000003
 21
-1.2192500000000002
 31
0.0
  0
LINE
  5
A5C
330
17
100
AcDbEntity
  8
0
100
AcDbLine
 10
-2.3072600000000003
 20
-1.2192500000000002
 30
0.0
 11
-2.44439
 21
-1.2169699999999999
 31
0.0
  0
LINE
  5
A5D
330
17
100
AcDbEntity
  8
0
100
AcDbLine
 10
-2.44439
 20
-1.2169699999999999
 30
0.0
 11
-2.44471
 21
-1.21695
 31
0.0
  0
LINE
  5
A5E
330
17
100
AcDbEntity
  8
0
100
AcDbLine
 10
-2.44471
 20
-1.21695
 30
0.0
 11
-2.44502
 21
-1.21689
 31
0.0
  0
LINE
  5
A5F
330
17
100
AcDbEntity
  8
0
100
AcDbLine
 10
-2.44502
 20
-1.21689
 30
0.0
 11
-2.44533
 21
-1.2168
 31
0.0
  0
LINE
  5
A60
330
17
100
AcDbEntity
  8
0
100
AcDbLine
 10
-2.44533
 20
-1.2168
 30
0.0
 11
-2.44562
 21
-1.21668
 31
0.0
  0
LINE
  5
A61
330
17
100
AcDbEntity
  8
0
100
AcDbLine
 10
-14.086950000000002
 20
11.40165
 30
0.0
 11
-14.08145
 21
11.3992
 31
0.0
  0
LINE
  5
A62
330
17
100
AcDbEntity
  8
0
100
AcDbLine
 10
-14.08145
 20
11.3992
 30
0.0
 11
-14.07623
 21
11.39619
 31
0.0
  0
LINE
  5
A63
330
17
100
AcDbEntity
  8
0
100
AcDbLine
 10
-14.07623
 20
11.39619
 30
0.0
 11
-14.07136
 21
11.392650000000001
 31
0.0
  0
LINE
  5
A64
330
17
100
AcDbEntity
  8
0
100
AcDbLine
 10
-14.07136
 20
11.392650000000001
 30
0.0
 11
-14.06689
 21
11.38861
 31
0.0
  0
LINE
  5
A65
330
17
100
AcDbEntity
  8
0
100
AcDbLine
 10
-14.06689
 20
11.38861
 30
0.0
 11
-14.06286
 21
11.384139999999999
 31
0.0
  0
LINE
  5
A66
330
17
100
AcDbEntity
  8
0
100
AcDbLine
 10
-14.06286
 20
11.384139999999999
 30
0.0
 11
-14.05932
 21
11.37926
 31
0.0
  0
LINE
  5
A67
330
17
100
AcDbEntity
  8
0
100
AcDbLine
 10
-14.05932
 20
11.37926
 30
0.0
 11
-14.05631
 21
11.37404
 31
0.0
  0
LINE
  5
A68
330
17
100
AcDbEntity
  8
0
100
AcDbLine
 10
-14.05631
 20
11.37404
 30
0.0
 11
-14.05386
 21
11.36854
 31
0.0
  0
LINE
  5
A69
330
17
100
AcDbEntity
  8
0
100
AcDbLine
 10
-14.05386
 20
11.36854
 30
0.0
 11
-14.04787
 21
11.350560000000002
 31
0.0
  0
LINE
  5
A6A
330
17
100
AcDbEntity
  8
0
100
AcDbLine
 10
-14.04787
 20
11.350560000000002
 30
0.0
 11
-14.04351
 21
11.33212
 31
0.0
  0
LINE
  5
A6B
330
17
100
AcDbEntity
  8
0
100
AcDbLine
 10
-14.04351
 20
11.33212
 30
0.0
 11
-14.04081
 21
11.31336
 31
0.0
  0
LINE
  5
A6C
330
17
100
AcDbEntity
  8
0
100
AcDbLine
 10
-14.04081
 20
11.31336
 30
0.0
 11
-14.03981
 21
11.29443
 31
0.0
  0
LINE
  5
A6D
330
17
100
AcDbEntity
  8
0
100
AcDbLine
 10
-14.03981
 20
11.29443
 30
0.0
 11
-14.03542
 21
10.657979999999998
 31
0.0
  0
LINE
  5
A6E
330
17
100
AcDbEntity
  8
0
100
AcDbLine
 10
-14.03542
 20
10.657979999999998
 30
0.0
 11
-14.03409
 21
9.833720000000001
 31
0.0
  0
LINE
  5
A6F
330
17
100
AcDbEntity
  8
0
100
AcDbLine
 10
-14.03409
 20
9.833720000000001
 30
0.0
 11
-14.03859
 21
8.647969999999999
 31
0.0
  0
LINE
  5
A70
330
17
100
AcDbEntity
  8
0
100
AcDbLine
 10
-14.03859
 20
8.647969999999999
 30
0.0
 11
-14.04396
 21
7.61154
 31
0.0
  0
LINE
  5
A71
330
17
100
AcDbEntity
  8
0
100
AcDbLine
 10
-14.04396
 20
7.61154
 30
0.0
 11
-14.205020000000001
 21
7.632070000000001
 31
0.0
  0
LINE
  5
A72
330
17
100
AcDbEntity
  8
0
100
AcDbLine
 10
-14.205020000000001
 20
7.632070000000001
 30
0.0
 11
-14.41216
 21
7.669770000000001
 31
0.0
  0
LINE
  5
A73
330
17
100
AcDbEntity
  8
0
100
AcDbLine
 10
-14.41216
 20
7.669770000000001
 30
0.0
 11
-14.63742
 21
7.73267
 31
0.0
  0
LINE
  5
A74
330
17
100
AcDbEntity
  8
0
100
AcDbLine
 10
-14.63742
 20
7.73267
 30
0.0
 11
-14.84908
 21
7.81013
 31
0.0
  0
LINE
  5
A75
330
17
100
AcDbEntity
  8
0
100
AcDbLine
 10
-14.84908
 20
7.81013
 30
0.0
 11
-14.932590000000001
 21
7.8481000000000005
 31
0.0
  0
LINE
  5
A76
330
17
100
AcDbEntity
  8
0
100
AcDbLine
 10
-14.932590000000001
 20
7.8481000000000005
 30
0.0
 11
-15.013119999999999
 21
7.89204
 31
0.0
  0
LINE
  5
A77
330
17
100
AcDbEntity
  8
0
100
AcDbLine
 10
-15.013119999999999
 20
7.89204
 30
0.0
 11
-15.17081
 21
7.99571
 31
0.0
  0
LINE
  5
A78
330
17
100
AcDbEntity
  8
0
100
AcDbLine
 10
-15.17081
 20
7.99571
 30
0.0
 11
-15.31838
 21
8.11334
 31
0.0
  0
LINE
  5
A79
330
17
100
AcDbEntity
  8
0
100
AcDbLine
 10
-15.31838
 20
8.11334
 30
0.0
 11
-15.454600000000001
 21
8.24395
 31
0.0
  0
LINE
  5
A7A
330
17
100
AcDbEntity
  8
0
100
AcDbLine
 10
-15.454600000000001
 20
8.24395
 30
0.0
 11
-15.57713
 21
8.38539
 31
0.0
  0
LINE
  5
A7B
330
17
100
AcDbEntity
  8
0
100
AcDbLine
 10
-15.57713
 20
8.38539
 30
0.0
 11
-15.68588
 21
8.53768
 31
0.0
  0
LINE
  5
A7C
330
17
100
AcDbEntity
  8
0
100
AcDbLine
 10
-15.68588
 20
8.53768
 30
0.0
 11
-15.779910000000001
 21
8.699480000000001
 31
0.0
  0
LINE
  5
A7D
330
17
100
AcDbEntity
  8
0
100
AcDbLine
 10
-15.779910000000001
 20
8.699480000000001
 30
0.0
 11
-15.86181
 21
8.87581
 31
0.0
  0
LINE
  5
A7E
330
17
100
AcDbEntity
  8
0
100
AcDbLine
 10
-15.86181
 20
8.87581
 30
0.0
 11
-15.927650000000002
 21
9.058750000000002
 31
0.0
  0
LINE
  5
A7F
330
17
100
AcDbEntity
  8
0
100
AcDbLine
 10
-15.927650000000002
 20
9.058750000000002
 30
0.0
 11
-15.97688
 21
9.246839999999999
 31
0.0
  0
LINE
  5
A80
330
17
100
AcDbEntity
  8
0
100
AcDbLine
 10
-15.97688
 20
9.246839999999999
 30
0.0
 11
-16.02582
 21
9.55591
 31
0.0
  0
LINE
  5
A81
330
17
100
AcDbEntity
  8
0
100
AcDbLine
 10
-16.02582
 20
9.55591
 30
0.0
 11
-16.04097
 21
9.86847
 31
0.0
  0
LINE
  5
A82
330
17
100
AcDbEntity
  8
0
100
AcDbLine
 10
-16.04097
 20
9.86847
 30
0.0
 11
-16.02518
 21
10.180760000000001
 31
0.0
  0
LINE
  5
A83
330
17
100
AcDbEntity
  8
0
100
AcDbLine
 10
-16.02518
 20
10.180760000000001
 30
0.0
 11
-15.98159
 21
10.48113
 31
0.0
  0
LINE
  5
A84
330
17
100
AcDbEntity
  8
0
100
AcDbLine
 10
-15.98159
 20
10.48113
 30
0.0
 11
-15.920150000000001
 21
10.73089
 31
0.0
  0
LINE
  5
A85
330
17
100
AcDbEntity
  8
0
100
AcDbLine
 10
-15.920150000000001
 20
10.73089
 30
0.0
 11
-15.9105
 21
10.75854
 31
0.0
  0
LINE
  5
A86
330
17
100
AcDbEntity
  8
0
100
AcDbLine
 10
-15.9105
 20
10.75854
 30
0.0
 11
-15.898329999999998
 21
10.78516
 31
0.0
  0
LINE
  5
A87
330
17
100
AcDbEntity
  8
0
100
AcDbLine
 10
-15.898329999999998
 20
10.78516
 30
0.0
 11
-15.88374
 21
10.810550000000001
 31
0.0
  0
LINE
  5
A88
330
17
100
AcDbEntity
  8
0
100
AcDbLine
 10
-15.88374
 20
10.810550000000001
 30
0.0
 11
-15.866870000000002
 21
10.834470000000001
 31
0.0
  0
LINE
  5
A89
330
17
100
AcDbEntity
  8
0
100
AcDbLine
 10
-15.866870000000002
 20
10.834470000000001
 30
0.0
 11
-15.84785
 21
10.85673
 31
0.0
  0
LINE
  5
A8A
330
17
100
AcDbEntity
  8
0
100
AcDbLine
 10
-15.84785
 20
10.85673
 30
0.0
 11
-15.78408
 21
10.91873
 31
0.0
  0
LINE
  5
A8B
330
17
100
AcDbEntity
  8
0
100
AcDbLine
 10
-15.78408
 20
10.91873
 30
0.0
 11
-15.714909999999998
 21
10.97464
 31
0.0
  0
LINE
  5
A8C
330
17
100
AcDbEntity
  8
0
100
AcDbLine
 10
-15.714909999999998
 20
10.97464
 30
0.0
 11
-15.640910000000002
 21
11.02399
 31
0.0
  0
LINE
  5
A8D
330
17
100
AcDbEntity
  8
0
100
AcDbLine
 10
-15.640910000000002
 20
11.02399
 30
0.0
 11
-15.49027
 21
11.1083
 31
0.0
  0
LINE
  5
A8E
330
17
100
AcDbEntity
  8
0
100
AcDbLine
 10
-15.49027
 20
11.1083
 30
0.0
 11
-15.334499999999998
 21
11.18274
 31
0.0
  0
LINE
  5
A8F
330
17
100
AcDbEntity
  8
0
100
AcDbLine
 10
-15.334499999999998
 20
11.18274
 30
0.0
 11
-15.16179
 21
11.25222
 31
0.0
  0
LINE
  5
A90
330
17
100
AcDbEntity
  8
0
100
AcDbLine
 10
-15.16179
 20
11.25222
 30
0.0
 11
-14.9851
 21
11.31086
 31
0.0
  0
LINE
  5
A91
330
17
100
AcDbEntity
  8
0
100
AcDbLine
 10
-14.9851
 20
11.31086
 30
0.0
 11
-14.81503
 21
11.35472
 31
0.0
  0
LINE
  5
A92
330
17
100
AcDbEntity
  8
0
100
AcDbLine
 10
-14.81503
 20
11.35472
 30
0.0
 11
-14.64218
 21
11.38589
 31
0.0
  0
LINE
  5
A93
330
17
100
AcDbEntity
  8
0
100
AcDbLine
 10
-14.64218
 20
11.38589
 30
0.0
 11
-14.412080000000001
 21
11.41207
 31
0.0
  0
LINE
  5
A94
330
17
100
AcDbEntity
  8
0
100
AcDbLine
 10
-14.412080000000001
 20
11.41207
 30
0.0
 11
-14.32123
 21
11.41721
 31
0.0
  0
LINE
  5
A95
330
17
100
AcDbEntity
  8
0
100
AcDbLine
 10
-14.32123
 20
11.41721
 30
0.0
 11
-14.23024
 21
11.417129999999998
 31
0.0
  0
LINE
  5
A96
330
17
100
AcDbEntity
  8
0
100
AcDbLine
 10
-14.23024
 20
11.417129999999998
 30
0.0
 11
-14.1642
 21
11.41306
 31
0.0
  0
LINE
  5
A97
330
17
100
AcDbEntity
  8
0
100
AcDbLine
 10
-14.1642
 20
11.41306
 30
0.0
 11
-14.098569999999999
 21
11.40477
 31
0.0
  0
LINE
  5
A98
330
17
100
AcDbEntity
  8
0
100
AcDbLine
 10
-14.098569999999999
 20
11.40477
 30
0.0
 11
-14.09268
 21
11.40352
 31
0.0
  0
LINE
  5
A99
330
17
100
AcDbEntity
  8
0
100
AcDbLine
 10
-14.09268
 20
11.40352
 30
0.0
 11
-14.086950000000002
 21
11.40165
 31
0.0
  0
LINE
  5
A9A
330
17
100
AcDbEntity
  8
0
100
AcDbLine
 10
-11.48744
 20
13.98316
 30
0.0
 11
-11.56606
 21
14.03252
 31
0.0
  0
LINE
  5
A9B
330
17
100
AcDbEntity
  8
0
100
AcDbLine
 10
-11.56606
 20
14.03252
 30
0.0
 11
-11.64861
 21
14.07501
 31
0.0
  0
LINE
  5
A9C
330
17
100
AcDbEntity
  8
0
100
AcDbLine
 10
-11.64861
 20
14.07501
 30
0.0
 11
-11.73447
 21
14.110320000000002
 31
0.0
  0
LINE
  5
A9D
330
17
100
AcDbEntity
  8
0
100
AcDbLine
 10
-11.73447
 20
14.110320000000002
 30
0.0
 11
-11.82244
 21
14.13792
 31
0.0
  0
LINE
  5
A9E
330
17
100
AcDbEntity
  8
0
100
AcDbLine
 10
-11.82244
 20
14.13792
 30
0.0
 11
-11.91248
 21
14.15777
 31
0.0
  0
LINE
  5
A9F
330
17
100
AcDbEntity
  8
0
100
AcDbLine
 10
-11.91248
 20
14.15777
 30
0.0
 11
-12.0039
 21
14.16972
 31
0.0
  0
LINE
  5
AA0
330
17
100
AcDbEntity
  8
0
100
AcDbLine
 10
-12.0039
 20
14.16972
 30
0.0
 11
-12.09503
 21
14.176219999999999
 31
0.0
  0
LINE
  5
AA1
330
17
100
AcDbEntity
  8
0
100
AcDbLine
 10
-12.09503
 20
14.176219999999999
 30
0.0
 11
-12.27894
 21
14.18611
 31
0.0
  0
LINE
  5
AA2
330
17
100
AcDbEntity
  8
0
100
AcDbLine
 10
-12.27894
 20
14.18611
 30
0.0
 11
-12.49629
 21
14.19676
 31
0.0
  0
LINE
  5
AA3
330
17
100
AcDbEntity
  8
0
100
AcDbLine
 10
-12.49629
 20
14.19676
 30
0.0
 11
-12.72482
 21
14.20687
 31
0.0
  0
LINE
  5
AA4
330
17
100
AcDbEntity
  8
0
100
AcDbLine
 10
-12.72482
 20
14.20687
 30
0.0
 11
-13.633519999999999
 21
14.23301
 31
0.0
  0
LINE
  5
AA5
330
17
100
AcDbEntity
  8
0
100
AcDbLine
 10
-13.633519999999999
 20
14.23301
 30
0.0
 11
-14.320640000000001
 21
14.222999999999999
 31
0.0
  0
LINE
  5
AA6
330
17
100
AcDbEntity
  8
0
100
AcDbLine
 10
-14.320640000000001
 20
14.222999999999999
 30
0.0
 11
-14.876000000000001
 21
14.17652
 31
0.0
  0
LINE
  5
AA7
330
17
100
AcDbEntity
  8
0
100
AcDbLine
 10
-14.876000000000001
 20
14.17652
 30
0.0
 11
-15.36594
 21
14.08894
 31
0.0
  0
LINE
  5
AA8
330
17
100
AcDbEntity
  8
0
100
AcDbLine
 10
-15.36594
 20
14.08894
 30
0.0
 11
-15.692020000000001
 21
13.999569999999999
 31
0.0
  0
LINE
  5
AA9
330
17
100
AcDbEntity
  8
0
100
AcDbLine
 10
-15.692020000000001
 20
13.999569999999999
 30
0.0
 11
-16.01081
 21
13.88691
 31
0.0
  0
LINE
  5
AAA
330
17
100
AcDbEntity
  8
0
100
AcDbLine
 10
-16.01081
 20
13.88691
 30
0.0
 11
-16.31283
 21
13.75397
 31
0.0
  0
LINE
  5
AAB
330
17
100
AcDbEntity
  8
0
100
AcDbLine
 10
-16.31283
 20
13.75397
 30
0.0
 11
-16.60361
 21
13.597990000000001
 31
0.0
  0
LINE
  5
AAC
330
17
100
AcDbEntity
  8
0
100
AcDbLine
 10
-16.60361
 20
13.597990000000001
 30
0.0
 11
-16.89481
 21
13.412189999999999
 31
0.0
  0
LINE
  5
AAD
330
17
100
AcDbEntity
  8
0
100
AcDbLine
 10
-16.89481
 20
13.412189999999999
 30
0.0
 11
-17.17157
 21
13.20551
 31
0.0
  0
LINE
  5
AAE
330
17
100
AcDbEntity
  8
0
100
AcDbLine
 10
-17.17157
 20
13.20551
 30
0.0
 11
-17.74246
 21
12.69272
 31
0.0
  0
LINE
  5
AAF
330
17
100
AcDbEntity
  8
0
100
AcDbLine
 10
-17.74246
 20
12.69272
 30
0.0
 11
-18.00904
 21
12.40947
 31
0.0
  0
LINE
  5
AB0
330
17
100
AcDbEntity
  8
0
100
AcDbLine
 10
-18.00904
 20
12.40947
 30
0.0
 11
-18.21955
 21
12.1481
 31
0.0
  0
LINE
  5
AB1
330
17
100
AcDbEntity
  8
0
100
AcDbLine
 10
-18.21955
 20
12.1481
 30
0.0
 11
-18.39409
 21
11.88231
 31
0.0
  0
LINE
  5
AB2
330
17
100
AcDbEntity
  8
0
100
AcDbLine
 10
-18.39409
 20
11.88231
 30
0.0
 11
-18.55112
 21
11.58642
 31
0.0
  0
LINE
  5
AB3
330
17
100
AcDbEntity
  8
0
100
AcDbLine
 10
-18.55112
 20
11.58642
 30
0.0
 11
-18.71948
 21
11.1861
 31
0.0
  0
LINE
  5
AB4
330
17
100
AcDbEntity
  8
0
100
AcDbLine
 10
-18.71948
 20
11.1861
 30
0.0
 11
-18.849629999999998
 21
10.77179
 31
0.0
  0
LINE
  5
AB5
330
17
100
AcDbEntity
  8
0
100
AcDbLine
 10
-18.849629999999998
 20
10.77179
 30
0.0
 11
-18.94836
 21
10.3249
 31
0.0
  0
LINE
  5
AB6
330
17
100
AcDbEntity
  8
0
100
AcDbLine
 10
-18.94836
 20
10.3249
 30
0.0
 11
-19.01101
 21
9.87155
 31
0.0
  0
LINE
  5
AB7
330
17
100
AcDbEntity
  8
0
100
AcDbLine
 10
-19.01101
 20
9.87155
 30
0.0
 11
-19.03732
 21
9.412939999999999
 31
0.0
  0
LINE
  5
AB8
330
17
100
AcDbEntity
  8
0
100
AcDbLine
 10
-19.03732
 20
9.412939999999999
 30
0.0
 11
-19.026970000000002
 21
8.95369
 31
0.0
  0
LINE
  5
AB9
330
17
100
AcDbEntity
  8
0
100
AcDbLine
 10
-19.026970000000002
 20
8.95369
 30
0.0
 11
-18.979570000000002
 21
8.51708
 31
0.0
  0
LINE
  5
ABA
330
17
100
AcDbEntity
  8
0
100
AcDbLine
 10
-18.979570000000002
 20
8.51708
 30
0.0
 11
-18.89253
 21
8.08662
 31
0.0
  0
LINE
  5
ABB
330
17
100
AcDbEntity
  8
0
100
AcDbLine
 10
-18.89253
 20
8.08662
 30
0.0
 11
-18.84794
 21
7.92704
 31
0.0
  0
LINE
  5
ABC
330
17
100
AcDbEntity
  8
0
100
AcDbLine
 10
-18.84794
 20
7.92704
 30
0.0
 11
-18.79471
 21
7.77013
 31
0.0
  0
LINE
  5
ABD
330
17
100
AcDbEntity
  8
0
100
AcDbLine
 10
-18.79471
 20
7.77013
 30
0.0
 11
-18.6509
 21
7.42194
 31
0.0
  0
LINE
  5
ABE
330
17
100
AcDbEntity
  8
0
100
AcDbLine
 10
-18.6509
 20
7.42194
 30
0.0
 11
-18.477629999999998
 21
7.0770599999999995
 31
0.0
  0
LINE
  5
ABF
330
17
100
AcDbEntity
  8
0
100
AcDbLine
 10
-18.477629999999998
 20
7.0770599999999995
 30
0.0
 11
-18.29044
 21
6.77002
 31
0.0
  0
LINE
  5
AC0
330
17
100
AcDbEntity
  8
0
100
AcDbLine
 10
-18.29044
 20
6.77002
 30
0.0
 11
-18.07591
 21
6.47536
 31
0.0
  0
LINE
  5
AC1
330
17
100
AcDbEntity
  8
0
100
AcDbLine
 10
-18.07591
 20
6.47536
 30
0.0
 11
-17.84043
 21
6.19714
 31
0.0
  0
LINE
  5
AC2
330
17
100
AcDbEntity
  8
0
100
AcDbLine
 10
-17.84043
 20
6.19714
 30
0.0
 11
-17.58527
 21
5.93686
 31
0.0
  0
LINE
  5
AC3
330
17
100
AcDbEntity
  8
0
100
AcDbLine
 10
-17.58527
 20
5.93686
 30
0.0
 11
-17.332420000000003
 21
5.7189700000000006
 31
0.0
  0
LINE
  5
AC4
330
17
100
AcDbEntity
  8
0
100
AcDbLine
 10
-17.332420000000003
 20
5.7189700000000006
 30
0.0
 11
-17.06003
 21
5.526050000000001
 31
0.0
  0
LINE
  5
AC5
330
17
100
AcDbEntity
  8
0
100
AcDbLine
 10
-17.06003
 20
5.526050000000001
 30
0.0
 11
-16.77056
 21
5.35985
 31
0.0
  0
LINE
  5
AC6
330
17
100
AcDbEntity
  8
0
100
AcDbLine
 10
-16.77056
 20
5.35985
 30
0.0
 11
-16.44705
 21
5.21137
 31
0.0
  0
LINE
  5
AC7
330
17
100
AcDbEntity
  8
0
100
AcDbLine
 10
-16.44705
 20
5.21137
 30
0.0
 11
-16.11188
 21
5.09148
 31
0.0
  0
LINE
  5
AC8
330
17
100
AcDbEntity
  8
0
100
AcDbLine
 10
-16.11188
 20
5.09148
 30
0.0
 11
-15.76758
 21
5.00109
 31
0.0
  0
LINE
  5
AC9
330
17
100
AcDbEntity
  8
0
100
AcDbLine
 10
-15.76758
 20
5.00109
 30
0.0
 11
-15.13296
 21
4.88817
 31
0.0
  0
LINE
  5
ACA
330
17
100
AcDbEntity
  8
0
100
AcDbLine
 10
-15.13296
 20
4.88817
 30
0.0
 11
-14.4917
 21
4.822769999999999
 31
0.0
  0
LINE
  5
ACB
330
17
100
AcDbEntity
  8
0
100
AcDbLine
 10
-14.4917
 20
4.822769999999999
 30
0.0
 11
-13.95769
 21
4.79976
 31
0.0
  0
LINE
  5
ACC
330
17
100
AcDbEntity
  8
0
100
AcDbLine
 10
-13.95769
 20
4.79976
 30
0.0
 11
-13.28368
 21
4.79233
 31
0.0
  0
LINE
  5
ACD
330
17
100
AcDbEntity
  8
0
100
AcDbLine
 10
-13.28368
 20
4.79233
 30
0.0
 11
-12.63615
 21
4.79691
 31
0.0
  0
LINE
  5
ACE
330
17
100
AcDbEntity
  8
0
100
AcDbLine
 10
-12.63615
 20
4.79691
 30
0.0
 11
-12.51059
 21
4.80416
 31
0.0
  0
LINE
  5
ACF
330
17
100
AcDbEntity
  8
0
100
AcDbLine
 10
-12.51059
 20
4.80416
 30
0.0
 11
-12.38613
 21
4.82223
 31
0.0
  0
LINE
  5
AD0
330
17
100
AcDbEntity
  8
0
100
AcDbLine
 10
-12.38613
 20
4.82223
 30
0.0
 11
-12.30689
 21
4.84006
 31
0.0
  0
LINE
  5
AD1
330
17
100
AcDbEntity
  8
0
100
AcDbLine
 10
-12.30689
 20
4.84006
 30
0.0
 11
-12.22904
 21
4.86323
 31
0.0
  0
LINE
  5
AD2
330
17
100
AcDbEntity
  8
0
100
AcDbLine
 10
-12.22904
 20
4.86323
 30
0.0
 11
-12.061779999999999
 21
4.92878
 31
0.0
  0
LINE
  5
AD3
330
17
100
AcDbEntity
  8
0
100
AcDbLine
 10
-12.061779999999999
 20
4.92878
 30
0.0
 11
-11.903310000000001
 21
5.01011
 31
0.0
  0
LINE
  5
AD4
330
17
100
AcDbEntity
  8
0
100
AcDbLine
 10
-11.903310000000001
 20
5.01011
 30
0.0
 11
-11.8365
 21
5.052090000000001
 31
0.0
  0
LINE
  5
AD5
330
17
100
AcDbEntity
  8
0
100
AcDbLine
 10
-11.8365
 20
5.052090000000001
 30
0.0
 11
-11.77292
 21
5.0988
 31
0.0
  0
LINE
  5
AD6
330
17
100
AcDbEntity
  8
0
100
AcDbLine
 10
-11.77292
 20
5.0988
 30
0.0
 11
-11.712459999999998
 21
5.1519900000000005
 31
0.0
  0
LINE
  5
AD7
330
17
100
AcDbEntity
  8
0
100
AcDbLine
 10
-11.712459999999998
 20
5.1519900000000005
 30
0.0
 11
-11.65781
 21
5.211119999999999
 31
0.0
  0
LINE
  5
AD8
330
17
100
AcDbEntity
  8
0
100
AcDbLine
 10
-11.65781
 20
5.211119999999999
 30
0.0
 11
-11.534920000000001
 21
5.37495
 31
0.0
  0
LINE
  5
AD9
330
17
100
AcDbEntity
  8
0
100
AcDbLine
 10
-11.534920000000001
 20
5.37495
 30
0.0
 11
-11.42395
 21
5.55894
 31
0.0
  0
LINE
  5
ADA
330
17
100
AcDbEntity
  8
0
100
AcDbLine
 10
-11.42395
 20
5.55894
 30
0.0
 11
-11.38115
 21
5.645650000000001
 31
0.0
  0
LINE
  5
ADB
330
17
100
AcDbEntity
  8
0
100
AcDbLine
 10
-11.38115
 20
5.645650000000001
 30
0.0
 11
-11.34438
 21
5.73509
 31
0.0
  0
LINE
  5
ADC
330
17
100
AcDbEntity
  8
0
100
AcDbLine
 10
-11.34438
 20
5.73509
 30
0.0
 11
-11.31395
 21
5.813610000000001
 31
0.0
  0
LINE
  5
ADD
330
17
100
AcDbEntity
  8
0
100
AcDbLine
 10
-11.31395
 20
5.813610000000001
 30
0.0
 11
-11.27634
 21
5.90442
 31
0.0
  0
LINE
  5
ADE
330
17
100
AcDbEntity
  8
0
100
AcDbLine
 10
-11.27634
 20
5.90442
 30
0.0
 11
-11.237779999999999
 21
5.99305
 31
0.0
  0
LINE
  5
ADF
330
17
100
AcDbEntity
  8
0
100
AcDbLine
 10
-11.237779999999999
 20
5.99305
 30
0.0
 11
-11.20457
 21
6.06444
 31
0.0
  0
LINE
  5
AE0
330
17
100
AcDbEntity
  8
0
100
AcDbLine
 10
-11.20457
 20
6.06444
 30
0.0
 11
-11.1739
 21
6.1353800000000005
 31
0.0
  0
LINE
  5
AE1
330
17
100
AcDbEntity
  8
0
100
AcDbLine
 10
-11.1739
 20
6.1353800000000005
 30
0.0
 11
-11.1433
 21
6.2223299999999995
 31
0.0
  0
LINE
  5
AE2
330
17
100
AcDbEntity
  8
0
100
AcDbLine
 10
-11.1433
 20
6.2223299999999995
 30
0.0
 11
-11.117220000000001
 21
6.31083
 31
0.0
  0
LINE
  5
AE3
330
17
100
AcDbEntity
  8
0
100
AcDbLine
 10
-11.117220000000001
 20
6.31083
 30
0.0
 11
-11.10051
 21
6.386550000000001
 31
0.0
  0
LINE
  5
AE4
330
17
100
AcDbEntity
  8
0
100
AcDbLine
 10
-11.10051
 20
6.386550000000001
 30
0.0
 11
-11.09124
 21
6.45555
 31
0.0
  0
LINE
  5
AE5
330
17
100
AcDbEntity
  8
0
100
AcDbLine
 10
-11.09124
 20
6.45555
 30
0.0
 11
-11.08757
 21
6.52507
 31
0.0
  0
LINE
  5
AE6
330
17
100
AcDbEntity
  8
0
100
AcDbLine
 10
-11.08757
 20
6.52507
 30
0.0
 11
-11.076640000000001
 21
7.461790000000001
 31
0.0
  0
LINE
  5
AE7
330
17
100
AcDbEntity
  8
0
100
AcDbLine
 10
-11.076640000000001
 20
7.461790000000001
 30
0.0
 11
-11.067509999999999
 21
8.58651
 31
0.0
  0
LINE
  5
AE8
330
17
100
AcDbEntity
  8
0
100
AcDbLine
 10
-11.067509999999999
 20
8.58651
 30
0.0
 11
-11.06189
 21
9.97584
 31
0.0
  0
LINE
  5
AE9
330
17
100
AcDbEntity
  8
0
100
AcDbLine
 10
-11.06189
 20
9.97584
 30
0.0
 11
-11.05289
 21
13.3964
 31
0.0
  0
LINE
  5
AEA
330
17
100
AcDbEntity
  8
0
100
AcDbLine
 10
-11.05289
 20
13.3964
 30
0.0
 11
-11.134720000000002
 21
13.57088
 31
0.0
  0
LINE
  5
AEB
330
17
100
AcDbEntity
  8
0
100
AcDbLine
 10
-11.134720000000002
 20
13.57088
 30
0.0
 11
-11.17689
 21
13.651129999999998
 31
0.0
  0
LINE
  5
AEC
330
17
100
AcDbEntity
  8
0
100
AcDbLine
 10
-11.17689
 20
13.651129999999998
 30
0.0
 11
-11.226130000000001
 21
13.72725
 31
0.0
  0
LINE
  5
AED
330
17
100
AcDbEntity
  8
0
100
AcDbLine
 10
-11.226130000000001
 20
13.72725
 30
0.0
 11
-11.28205
 21
13.798599999999999
 31
0.0
  0
LINE
  5
AEE
330
17
100
AcDbEntity
  8
0
100
AcDbLine
 10
-11.28205
 20
13.798599999999999
 30
0.0
 11
-11.34514
 21
13.865920000000001
 31
0.0
  0
LINE
  5
AEF
330
17
100
AcDbEntity
  8
0
100
AcDbLine
 10
-11.34514
 20
13.865920000000001
 30
0.0
 11
-11.41377
 21
13.9276
 31
0.0
  0
LINE
  5
AF0
330
17
100
AcDbEntity
  8
0
100
AcDbLine
 10
-11.41377
 20
13.9276
 30
0.0
 11
-11.48744
 21
13.98316
 31
0.0
  0
LINE
  5
AF1
330
17
100
AcDbEntity
  8
0
100
AcDbLine
 10
-13.07717
 20
3.8108500000000003
 30
0.0
 11
-13.175320000000001
 21
3.77742
 31
0.0
  0
LINE
  5
AF2
330
17
100
AcDbEntity
  8
0
100
AcDbLine
 10
-13.175320000000001
 20
3.77742
 30
0.0
 11
-13.27532
 21
3.74394
 31
0.0
  0
LINE
  5
AF3
330
17
100
AcDbEntity
  8
0
100
AcDbLine
 10
-13.27532
 20
3.74394
 30
0.0
 11
-13.36115
 21
3.71581
 31
0.0
  0
LINE
  5
AF4
330
17
100
AcDbEntity
  8
0
100
AcDbLine
 10
-13.36115
 20
3.71581
 30
0.0
 11
-13.47891
 21
3.6708399999999997
 31
0.0
  0
LINE
  5
AF5
330
17
100
AcDbEntity
  8
0
100
AcDbLine
 10
-13.47891
 20
3.6708399999999997
 30
0.0
 11
-13.59134
 21
3.61384
 31
0.0
  0
LINE
  5
AF6
330
17
100
AcDbEntity
  8
0
100
AcDbLine
 10
-13.59134
 20
3.61384
 30
0.0
 11
-13.69722
 21
3.54543
 31
0.0
  0
LINE
  5
AF7
330
17
100
AcDbEntity
  8
0
100
AcDbLine
 10
-13.69722
 20
3.54543
 30
0.0
 11
-13.795399999999999
 21
3.46637
 31
0.0
  0
LINE
  5
AF8
330
17
100
AcDbEntity
  8
0
100
AcDbLine
 10
-13.795399999999999
 20
3.46637
 30
0.0
 11
-13.88906
 21
3.37437
 31
0.0
  0
LINE
  5
AF9
330
17
100
AcDbEntity
  8
0
100
AcDbLine
 10
-13.88906
 20
3.37437
 30
0.0
 11
-13.97382
 21
3.2741200000000004
 31
0.0
  0
LINE
  5
AFA
330
17
100
AcDbEntity
  8
0
100
AcDbLine
 10
-13.97382
 20
3.2741200000000004
 30
0.0
 11
-14.04896
 21
3.16647
 31
0.0
  0
LINE
  5
AFB
330
17
100
AcDbEntity
  8
0
100
AcDbLine
 10
-14.04896
 20
3.16647
 30
0.0
 11
-14.113850000000001
 21
3.05234
 31
0.0
  0
LINE
  5
AFC
330
17
100
AcDbEntity
  8
0
100
AcDbLine
 10
-14.113850000000001
 20
3.05234
 30
0.0
 11
-14.17031
 21
2.9281300000000003
 31
0.0
  0
LINE
  5
AFD
330
17
100
AcDbEntity
  8
0
100
AcDbLine
 10
-14.17031
 20
2.9281300000000003
 30
0.0
 11
-14.21562
 21
2.7994399999999997
 31
0.0
  0
LINE
  5
AFE
330
17
100
AcDbEntity
  8
0
100
AcDbLine
 10
-14.21562
 20
2.7994399999999997
 30
0.0
 11
-14.24942
 21
2.66725
 31
0.0
  0
LINE
  5
AFF
330
17
100
AcDbEntity
  8
0
100
AcDbLine
 10
-14.24942
 20
2.66725
 30
0.0
 11
-14.27145
 21
2.5326
 31
0.0
  0
LINE
  5
B00
330
17
100
AcDbEntity
  8
0
100
AcDbLine
 10
-14.27145
 20
2.5326
 30
0.0
 11
-14.28199
 21
2.39436
 31
0.0
  0
LINE
  5
B01
330
17
100
AcDbEntity
  8
0
100
AcDbLine
 10
-14.28199
 20
2.39436
 30
0.0
 11
-14.28089
 21
2.25572
 31
0.0
  0
LINE
  5
B02
330
17
100
AcDbEntity
  8
0
100
AcDbLine
 10
-14.28089
 20
2.25572
 30
0.0
 11
-14.26816
 21
2.11766
 31
0.0
  0
LINE
  5
B03
330
17
100
AcDbEntity
  8
0
100
AcDbLine
 10
-14.26816
 20
2.11766
 30
0.0
 11
-14.24389
 21
1.98116
 31
0.0
  0
LINE
  5
B04
330
17
100
AcDbEntity
  8
0
100
AcDbLine
 10
-14.24389
 20
1.98116
 30
0.0
 11
-14.20212
 21
1.82302
 31
0.0
  0
LINE
  5
B05
330
17
100
AcDbEntity
  8
0
100
AcDbLine
 10
-14.20212
 20
1.82302
 30
0.0
 11
-14.1478
 21
1.6687500000000002
 31
0.0
  0
LINE
  5
B06
330
17
100
AcDbEntity
  8
0
100
AcDbLine
 10
-14.1478
 20
1.6687500000000002
 30
0.0
 11
-14.1111
 21
1.58847
 31
0.0
  0
LINE
  5
B07
330
17
100
AcDbEntity
  8
0
100
AcDbLine
 10
-14.1111
 20
1.58847
 30
0.0
 11
-14.06656
 21
1.5122600000000002
 31
0.0
  0
LINE
  5
B08
330
17
100
AcDbEntity
  8
0
100
AcDbLine
 10
-14.06656
 20
1.5122600000000002
 30
0.0
 11
-14.01463
 21
1.44089
 31
0.0
  0
LINE
  5
B09
330
17
100
AcDbEntity
  8
0
100
AcDbLine
 10
-14.01463
 20
1.44089
 30
0.0
 11
-13.957189999999999
 21
1.37684
 31
0.0
  0
LINE
  5
B0A
330
17
100
AcDbEntity
  8
0
100
AcDbLine
 10
-13.957189999999999
 20
1.37684
 30
0.0
 11
-13.89341
 21
1.31911
 31
0.0
  0
LINE
  5
B0B
330
17
100
AcDbEntity
  8
0
100
AcDbLine
 10
-13.89341
 20
1.31911
 30
0.0
 11
-13.82397
 21
1.2683200000000001
 31
0.0
  0
LINE
  5
B0C
330
17
100
AcDbEntity
  8
0
100
AcDbLine
 10
-13.82397
 20
1.2683200000000001
 30
0.0
 11
-13.6919
 21
1.19045
 31
0.0
  0
LINE
  5
B0D
330
17
100
AcDbEntity
  8
0
100
AcDbLine
 10
-13.6919
 20
1.19045
 30
0.0
 11
-13.55312
 21
1.1252499999999999
 31
0.0
  0
LINE
  5
B0E
330
17
100
AcDbEntity
  8
0
100
AcDbLine
 10
-13.55312
 20
1.1252499999999999
 30
0.0
 11
-13.50616
 21
1.1083399999999999
 31
0.0
  0
LINE
  5
B0F
330
17
100
AcDbEntity
  8
0
100
AcDbLine
 10
-13.50616
 20
1.1083399999999999
 30
0.0
 11
-13.45782
 21
1.09589
 31
0.0
  0
LINE
  5
B10
330
17
100
AcDbEntity
  8
0
100
AcDbLine
 10
-13.45782
 20
1.09589
 30
0.0
 11
-13.33398
 21
1.07619
 31
0.0
  0
LINE
  5
B11
330
17
100
AcDbEntity
  8
0
100
AcDbLine
 10
-13.33398
 20
1.07619
 30
0.0
 11
-13.15715
 21
1.06209
 31
0.0
  0
LINE
  5
B12
330
17
100
AcDbEntity
  8
0
100
AcDbLine
 10
-13.15715
 20
1.06209
 30
0.0
 11
-12.87821
 21
1.05071
 31
0.0
  0
LINE
  5
B13
330
17
100
AcDbEntity
  8
0
100
AcDbLine
 10
-12.87821
 20
1.05071
 30
0.0
 11
-12.341349999999998
 21
1.0333
 31
0.0
  0
LINE
  5
B14
330
17
100
AcDbEntity
  8
0
100
AcDbLine
 10
-12.341349999999998
 20
1.0333
 30
0.0
 11
-12.32554
 21
-2.68613
 31
0.0
  0
LINE
  5
B15
330
17
100
AcDbEntity
  8
0
100
AcDbLine
 10
-12.32554
 20
-2.68613
 30
0.0
 11
-12.65556
 21
-2.7004300000000003
 31
0.0
  0
LINE
  5
B16
330
17
100
AcDbEntity
  8
0
100
AcDbLine
 10
-12.65556
 20
-2.7004300000000003
 30
0.0
 11
-12.81662
 21
-2.71055
 31
0.0
  0
LINE
  5
B17
330
17
100
AcDbEntity
  8
0
100
AcDbLine
 10
-12.81662
 20
-2.71055
 30
0.0
 11
-12.94451
 21
-2.72597
 31
0.0
  0
LINE
  5
B18
330
17
100
AcDbEntity
  8
0
100
AcDbLine
 10
-12.94451
 20
-2.72597
 30
0.0
 11
-13.049399999999999
 21
-2.74774
 31
0.0
  0
LINE
  5
B19
330
17
100
AcDbEntity
  8
0
100
AcDbLine
 10
-13.049399999999999
 20
-2.74774
 30
0.0
 11
-13.094690000000002
 21
-2.76103
 31
0.0
  0
LINE
  5
B1A
330
17
100
AcDbEntity
  8
0
100
AcDbLine
 10
-13.094690000000002
 20
-2.76103
 30
0.0
 11
-13.13897
 21
-2.77737
 31
0.0
  0
LINE
  5
B1B
330
17
100
AcDbEntity
  8
0
100
AcDbLine
 10
-13.13897
 20
-2.77737
 30
0.0
 11
-13.21261
 21
-2.8074
 31
0.0
  0
LINE
  5
B1C
330
17
100
AcDbEntity
  8
0
100
AcDbLine
 10
-13.21261
 20
-2.8074
 30
0.0
 11
-13.30921
 21
-2.8467000000000002
 31
0.0
  0
LINE
  5
B1D
330
17
100
AcDbEntity
  8
0
100
AcDbLine
 10
-13.30921
 20
-2.8467000000000002
 30
0.0
 11
-13.4112
 21
-2.88814
 31
0.0
  0
LINE
  5
B1E
330
17
100
AcDbEntity
  8
0
100
AcDbLine
 10
-13.4112
 20
-2.88814
 30
0.0
 11
-13.5031
 21
-2.9254200000000004
 31
0.0
  0
LINE
  5
B1F
330
17
100
AcDbEntity
  8
0
100
AcDbLine
 10
-13.5031
 20
-2.9254200000000004
 30
0.0
 11
-13.60019
 21
-2.96996
 31
0.0
  0
LINE
  5
B20
330
17
100
AcDbEntity
  8
0
100
AcDbLine
 10
-13.60019
 20
-2.96996
 30
0.0
 11
-13.692889999999998
 21
-3.02307
 31
0.0
  0
LINE
  5
B21
330
17
100
AcDbEntity
  8
0
100
AcDbLine
 10
-13.692889999999998
 20
-3.02307
 30
0.0
 11
-13.78042
 21
-3.08431
 31
0.0
  0
LINE
  5
B22
330
17
100
AcDbEntity
  8
0
100
AcDbLine
 10
-13.78042
 20
-3.08431
 30
0.0
 11
-13.86727
 21
-3.15654
 31
0.0
  0
LINE
  5
B23
330
17
100
AcDbEntity
  8
0
100
AcDbLine
 10
-13.86727
 20
-3.15654
 30
0.0
 11
-13.94836
 21
-3.2351799999999997
 31
0.0
  0
LINE
  5
B24
330
17
100
AcDbEntity
  8
0
100
AcDbLine
 10
-13.94836
 20
-3.2351799999999997
 30
0.0
 11
-14.02322
 21
-3.31978
 31
0.0
  0
LINE
  5
B25
330
17
100
AcDbEntity
  8
0
100
AcDbLine
 10
-14.02322
 20
-3.31978
 30
0.0
 11
-14.09251
 21
-3.41117
 31
0.0
  0
LINE
  5
B26
330
17
100
AcDbEntity
  8
0
100
AcDbLine
 10
-14.09251
 20
-3.41117
 30
0.0
 11
-14.15474
 21
-3.50752
 31
0.0
  0
LINE
  5
B27
330
17
100
AcDbEntity
  8
0
100
AcDbLine
 10
-14.15474
 20
-3.50752
 30
0.0
 11
-14.20957
 21
-3.60826
 31
0.0
  0
LINE
  5
B28
330
17
100
AcDbEntity
  8
0
100
AcDbLine
 10
-14.20957
 20
-3.60826
 30
0.0
 11
-14.25509
 21
-3.71018
 31
0.0
  0
LINE
  5
B29
330
17
100
AcDbEntity
  8
0
100
AcDbLine
 10
-14.25509
 20
-3.71018
 30
0.0
 11
-14.292159999999999
 21
-3.81547
 31
0.0
  0
LINE
  5
B2A
330
17
100
AcDbEntity
  8
0
100
AcDbLine
 10
-14.292159999999999
 20
-3.81547
 30
0.0
 11
-14.32053
 21
-3.92343
 31
0.0
  0
LINE
  5
B2B
330
17
100
AcDbEntity
  8
0
100
AcDbLine
 10
-14.32053
 20
-3.92343
 30
0.0
 11
-14.339920000000001
 21
-4.03576
 31
0.0
  0
LINE
  5
B2C
330
17
100
AcDbEntity
  8
0
100
AcDbLine
 10
-14.339920000000001
 20
-4.03576
 30
0.0
 11
-14.34908
 21
-4.1494
 31
0.0
  0
LINE
  5
B2D
330
17
100
AcDbEntity
  8
0
100
AcDbLine
 10
-14.34908
 20
-4.1494
 30
0.0
 11
-14.34565
 21
-4.4336899999999995
 31
0.0
  0
LINE
  5
B2E
330
17
100
AcDbEntity
  8
0
100
AcDbLine
 10
-14.34565
 20
-4.4336899999999995
 30
0.0
 11
-14.31678
 21
-4.70651
 31
0.0
  0
LINE
  5
B2F
330
17
100
AcDbEntity
  8
0
100
AcDbLine
 10
-14.31678
 20
-4.70651
 30
0.0
 11
-14.30445
 21
-4.76836
 31
0.0
  0
LINE
  5
B30
330
17
100
AcDbEntity
  8
0
100
AcDbLine
 10
-14.30445
 20
-4.76836
 30
0.0
 11
-14.2866
 21
-4.82885
 31
0.0
  0
LINE
  5
B31
330
17
100
AcDbEntity
  8
0
100
AcDbLine
 10
-14.2866
 20
-4.82885
 30
0.0
 11
-14.263380000000002
 21
-4.88748
 31
0.0
  0
LINE
  5
B32
330
17
100
AcDbEntity
  8
0
100
AcDbLine
 10
-14.263380000000002
 20
-4.88748
 30
0.0
 11
-14.181590000000002
 21
-5.04908
 31
0.0
  0
LINE
  5
B33
330
17
100
AcDbEntity
  8
0
100
AcDbLine
 10
-14.181590000000002
 20
-5.04908
 30
0.0
 11
-14.14128
 21
-5.1144
 31
0.0
  0
LINE
  5
B34
330
17
100
AcDbEntity
  8
0
100
AcDbLine
 10
-14.14128
 20
-5.1144
 30
0.0
 11
-14.09614
 21
-5.17647
 31
0.0
  0
LINE
  5
B35
330
17
100
AcDbEntity
  8
0
100
AcDbLine
 10
-14.09614
 20
-5.17647
 30
0.0
 11
-14.04945
 21
-5.230989999999999
 31
0.0
  0
LINE
  5
B36
330
17
100
AcDbEntity
  8
0
100
AcDbLine
 10
-14.04945
 20
-5.230989999999999
 30
0.0
 11
-13.99842
 21
-5.28145
 31
0.0
  0
LINE
  5
B37
330
17
100
AcDbEntity
  8
0
100
AcDbLine
 10
-13.99842
 20
-5.28145
 30
0.0
 11
-13.940809999999999
 21
-5.3302499999999995
 31
0.0
  0
LINE
  5
B38
330
17
100
AcDbEntity
  8
0
100
AcDbLine
 10
-13.940809999999999
 20
-5.3302499999999995
 30
0.0
 11
-13.87988
 21
-5.37482
 31
0.0
  0
LINE
  5
B39
330
17
100
AcDbEntity
  8
0
100
AcDbLine
 10
-13.87988
 20
-5.37482
 30
0.0
 11
-13.79918
 21
-5.423629999999999
 31
0.0
  0
LINE
  5
B3A
330
17
100
AcDbEntity
  8
0
100
AcDbLine
 10
-13.79918
 20
-5.423629999999999
 30
0.0
 11
-13.713849999999999
 21
-5.463830000000001
 31
0.0
  0
LINE
  5
B3B
330
17
100
AcDbEntity
  8
0
100
AcDbLine
 10
-13.713849999999999
 20
-5.463830000000001
 30
0.0
 11
-13.62482
 21
-5.49497
 31
0.0
  0
LINE
  5
B3C
330
17
100
AcDbEntity
  8
0
100
AcDbLine
 10
-13.62482
 20
-5.49497
 30
0.0
 11
-13.46875
 21
-5.53168
 31
0.0
  0
LINE
  5
B3D
330
17
100
AcDbEntity
  8
0
100
AcDbLine
 10
-13.46875
 20
-5.53168
 30
0.0
 11
-13.30964
 21
-5.55149
 31
0.0
  0
LINE
  5
B3E
330
17
100
AcDbEntity
  8
0
100
AcDbLine
 10
-13.30964
 20
-5.55149
 30
0.0
 11
-12.73816
 21
-5.57364
 31
0.0
  0
LINE
  5
B3F
330
17
100
AcDbEntity
  8
0
100
AcDbLine
 10
-12.73816
 20
-5.57364
 30
0.0
 11
-10.91484
 21
-5.58365
 31
0.0
  0
LINE
  5
B40
330
17
100
AcDbEntity
  8
0
100
AcDbLine
 10
-10.91484
 20
-5.58365
 30
0.0
 11
-8.44529
 21
-5.59307
 31
0.0
  0
LINE
  5
B41
330
17
100
AcDbEntity
  8
0
100
AcDbLine
 10
-8.44529
 20
-5.59307
 30
0.0
 11
-8.26833
 21
-5.51014
 31
0.0
  0
LINE
  5
B42
330
17
100
AcDbEntity
  8
0
100
AcDbLine
 10
-8.26833
 20
-5.51014
 30
0.0
 11
-8.1906
 21
-5.469810000000001
 31
0.0
  0
LINE
  5
B43
330
17
100
AcDbEntity
  8
0
100
AcDbLine
 10
-8.1906
 20
-5.469810000000001
 30
0.0
 11
-8.116389999999999
 21
-5.4233199999999995
 31
0.0
  0
LINE
  5
B44
330
17
100
AcDbEntity
  8
0
100
AcDbLine
 10
-8.116389999999999
 20
-5.4233199999999995
 30
0.0
 11
-8.04617
 21
-5.37098
 31
0.0
  0
LINE
  5
B45
330
17
100
AcDbEntity
  8
0
100
AcDbLine
 10
-8.04617
 20
-5.37098
 30
0.0
 11
-7.94109
 21
-5.27693
 31
0.0
  0
LINE
  5
B46
330
17
100
AcDbEntity
  8
0
100
AcDbLine
 10
-7.94109
 20
-5.27693
 30
0.0
 11
-7.84572
 21
-5.17304
 31
0.0
  0
LINE
  5
B47
330
17
100
AcDbEntity
  8
0
100
AcDbLine
 10
-7.84572
 20
-5.17304
 30
0.0
 11
-7.758570000000001
 21
-5.05738
 31
0.0
  0
LINE
  5
B48
330
17
100
AcDbEntity
  8
0
100
AcDbLine
 10
-7.758570000000001
 20
-5.05738
 30
0.0
 11
-7.68286
 21
-4.933940000000001
 31
0.0
  0
LINE
  5
B49
330
17
100
AcDbEntity
  8
0
100
AcDbLine
 10
-7.68286
 20
-4.933940000000001
 30
0.0
 11
-7.62086
 21
-4.806150000000001
 31
0.0
  0
LINE
  5
B4A
330
17
100
AcDbEntity
  8
0
100
AcDbLine
 10
-7.62086
 20
-4.806150000000001
 30
0.0
 11
-7.57212
 21
-4.67274
 31
0.0
  0
LINE
  5
B4B
330
17
100
AcDbEntity
  8
0
100
AcDbLine
 10
-7.57212
 20
-4.67274
 30
0.0
 11
-7.55341
 21
-4.616750000000001
 31
0.0
  0
LINE
  5
B4C
330
17
100
AcDbEntity
  8
0
100
AcDbLine
 10
-7.55341
 20
-4.616750000000001
 30
0.0
 11
-7.52821
 21
-4.54944
 31
0.0
  0
LINE
  5
B4D
330
17
100
AcDbEntity
  8
0
100
AcDbLine
 10
-7.52821
 20
-4.54944
 30
0.0
 11
-7.50098
 21
-4.4819700000000005
 31
0.0
  0
LINE
  5
B4E
330
17
100
AcDbEntity
  8
0
100
AcDbLine
 10
-7.50098
 20
-4.4819700000000005
 30
0.0
 11
-7.475899999999999
 21
-4.42531
 31
0.0
  0
LINE
  5
B4F
330
17
100
AcDbEntity
  8
0
100
AcDbLine
 10
-7.475899999999999
 20
-4.42531
 30
0.0
 11
-7.44134
 21
-4.34282
 31
0.0
  0
LINE
  5
B50
330
17
100
AcDbEntity
  8
0
100
AcDbLine
 10
-7.44134
 20
-4.34282
 30
0.0
 11
-7.41357
 21
-4.25781
 31
0.0
  0
LINE
  5
B51
330
17
100
AcDbEntity
  8
0
100
AcDbLine
 10
-7.41357
 20
-4.25781
 30
0.0
 11
-7.39277
 21
-4.1708300000000005
 31
0.0
  0
LINE
  5
B52
330
17
100
AcDbEntity
  8
0
100
AcDbLine
 10
-7.39277
 20
-4.1708300000000005
 30
0.0
 11
-7.37026
 21
-4.02253
 31
0.0
  0
LINE
  5
B53
330
17
100
AcDbEntity
  8
0
100
AcDbLine
 10
-7.37026
 20
-4.02253
 30
0.0
 11
-7.36073
 21
-3.8728399999999996
 31
0.0
  0
LINE
  5
B54
330
17
100
AcDbEntity
  8
0
100
AcDbLine
 10
-7.36073
 20
-3.8728399999999996
 30
0.0
 11
-7.36426
 21
-3.72519
 31
0.0
  0
LINE
  5
B55
330
17
100
AcDbEntity
  8
0
100
AcDbLine
 10
-7.36426
 20
-3.72519
 30
0.0
 11
-7.38076
 21
-3.57843
 31
0.0
  0
LINE
  5
B56
330
17
100
AcDbEntity
  8
0
100
AcDbLine
 10
-7.38076
 20
-3.57843
 30
0.0
 11
-7.39776
 21
-3.4952300000000003
 31
0.0
  0
LINE
  5
B57
330
17
100
AcDbEntity
  8
0
100
AcDbLine
 10
-7.39776
 20
-3.4952300000000003
 30
0.0
 11
-7.42225
 21
-3.41392
 31
0.0
  0
LINE
  5
B58
330
17
100
AcDbEntity
  8
0
100
AcDbLine
 10
-7.42225
 20
-3.41392
 30
0.0
 11
-7.4540500000000005
 21
-3.3351800000000003
 31
0.0
  0
LINE
  5
B59
330
17
100
AcDbEntity
  8
0
100
AcDbLine
 10
-7.4540500000000005
 20
-3.3351800000000003
 30
0.0
 11
-7.49586
 21
-3.25194
 31
0.0
  0
LINE
  5
B5A
330
17
100
AcDbEntity
  8
0
100
AcDbLine
 10
-7.49586
 20
-3.25194
 30
0.0
 11
-7.54358
 21
-3.1719299999999997
 31
0.0
  0
LINE
  5
B5B
330
17
100
AcDbEntity
  8
0
100
AcDbLine
 10
-7.54358
 20
-3.1719299999999997
 30
0.0
 11
-7.59328
 21
-3.10245
 31
0.0
  0
LINE
  5
B5C
330
17
100
AcDbEntity
  8
0
100
AcDbLine
 10
-7.59328
 20
-3.10245
 30
0.0
 11
-7.649249999999999
 21
-3.0379199999999997
 31
0.0
  0
LINE
  5
B5D
330
17
100
AcDbEntity
  8
0
100
AcDbLine
 10
-7.649249999999999
 20
-3.0379199999999997
 30
0.0
 11
-7.70938
 21
-2.98066
 31
0.0
  0
LINE
  5
B5E
330
17
100
AcDbEntity
  8
0
100
AcDbLine
 10
-7.70938
 20
-2.98066
 30
0.0
 11
-7.77478
 21
-2.9295
 31
0.0
  0
LINE
  5
B5F
330
17
100
AcDbEntity
  8
0
100
AcDbLine
 10
-7.77478
 20
-2.9295
 30
0.0
 11
-7.84725
 21
-2.8828500000000004
 31
0.0
  0
LINE
  5
B60
330
17
100
AcDbEntity
  8
0
100
AcDbLine
 10
-7.84725
 20
-2.8828500000000004
 30
0.0
 11
-7.92349
 21
-2.84264
 31
0.0
  0
LINE
  5
B61
330
17
100
AcDbEntity
  8
0
100
AcDbLine
 10
-7.92349
 20
-2.84264
 30
0.0
 11
-8.03426
 21
-2.7957300000000003
 31
0.0
  0
LINE
  5
B62
330
17
100
AcDbEntity
  8
0
100
AcDbLine
 10
-8.03426
 20
-2.7957300000000003
 30
0.0
 11
-8.078719999999999
 21
-2.7812
 31
0.0
  0
LINE
  5
B63
330
17
100
AcDbEntity
  8
0
100
AcDbLine
 10
-8.078719999999999
 20
-2.7812
 30
0.0
 11
-8.12426
 21
-2.77057
 31
0.0
  0
LINE
  5
B64
330
17
100
AcDbEntity
  8
0
100
AcDbLine
 10
-8.12426
 20
-2.77057
 30
0.0
 11
-8.17552
 21
-2.76281
 31
0.0
  0
LINE
  5
B65
330
17
100
AcDbEntity
  8
0
100
AcDbLine
 10
-8.17552
 20
-2.76281
 30
0.0
 11
-8.2272
 21
-2.7587699999999997
 31
0.0
  0
LINE
  5
B66
330
17
100
AcDbEntity
  8
0
100
AcDbLine
 10
-8.2272
 20
-2.7587699999999997
 30
0.0
 11
-8.38683
 21
-2.75541
 31
0.0
  0
LINE
  5
B67
330
17
100
AcDbEntity
  8
0
100
AcDbLine
 10
-8.38683
 20
-2.75541
 30
0.0
 11
-8.51708
 21
-2.75398
 31
0.0
  0
LINE
  5
B68
330
17
100
AcDbEntity
  8
0
100
AcDbLine
 10
-8.51708
 20
-2.75398
 30
0.0
 11
-8.6799
 21
-2.74952
 31
0.0
  0
LINE
  5
B69
330
17
100
AcDbEntity
  8
0
100
AcDbLine
 10
-8.6799
 20
-2.74952
 30
0.0
 11
-8.84724
 21
-2.7430499999999998
 31
0.0
  0
LINE
  5
B6A
330
17
100
AcDbEntity
  8
0
100
AcDbLine
 10
-8.84724
 20
-2.7430499999999998
 30
0.0
 11
-8.992719999999998
 21
-2.73538
 31
0.0
  0
LINE
  5
B6B
330
17
100
AcDbEntity
  8
0
100
AcDbLine
 10
-8.992719999999998
 20
-2.73538
 30
0.0
 11
-9.319600000000001
 21
-2.7153799999999997
 31
0.0
  0
LINE
  5
B6C
330
17
100
AcDbEntity
  8
0
100
AcDbLine
 10
-9.319600000000001
 20
-2.7153799999999997
 30
0.0
 11
-9.319600000000001
 21
-2.1422
 31
0.0
  0
LINE
  5
B6D
330
17
100
AcDbEntity
  8
0
100
AcDbLine
 10
-9.319600000000001
 20
-2.1422
 30
0.0
 11
-9.3183
 21
-1.8377599999999998
 31
0.0
  0
LINE
  5
B6E
330
17
100
AcDbEntity
  8
0
100
AcDbLine
 10
-9.3183
 20
-1.8377599999999998
 30
0.0
 11
-9.31363
 21
-1.35742
 31
0.0
  0
LINE
  5
B6F
330
17
100
AcDbEntity
  8
0
100
AcDbLine
 10
-9.31363
 20
-1.35742
 30
0.0
 11
-9.30705
 21
-0.8127800000000001
 31
0.0
  0
LINE
  5
B70
330
17
100
AcDbEntity
  8
0
100
AcDbLine
 10
-9.30705
 20
-0.8127800000000001
 30
0.0
 11
-9.29927
 21
-0.27552
 31
0.0
  0
LINE
  5
B71
330
17
100
AcDbEntity
  8
0
100
AcDbLine
 10
-9.29927
 20
-0.27552000000000004
 30
0.0
 11
-9.278939999999999
 21
1.01796
 31
0.0
  0
LINE
  5
B72
330
17
100
AcDbEntity
  8
0
100
AcDbLine
 10
-9.278939999999999
 20
1.01796
 30
0.0
 11
-8.963330000000001
 21
1.01796
 31
0.0
  0
LINE
  5
B73
330
17
100
AcDbEntity
  8
0
100
AcDbLine
 10
-8.963330000000001
 20
1.01796
 30
0.0
 11
-8.83057
 21
1.02046
 31
0.0
  0
LINE
  5
B74
330
17
100
AcDbEntity
  8
0
100
AcDbLine
 10
-8.83057
 20
1.02046
 30
0.0
 11
-8.69267
 21
1.02795
 31
0.0
  0
LINE
  5
B75
330
17
100
AcDbEntity
  8
0
100
AcDbLine
 10
-8.69267
 20
1.02795
 30
0.0
 11
-8.56883
 21
1.03886
 31
0.0
  0
LINE
  5
B76
330
17
100
AcDbEntity
  8
0
100
AcDbLine
 10
-8.56883
 20
1.03886
 30
0.0
 11
-8.48515
 21
1.0519699999999998
 31
0.0
  0
LINE
  5
B77
330
17
100
AcDbEntity
  8
0
100
AcDbLine
 10
-8.48515
 20
1.0519699999999998
 30
0.0
 11
-8.394789999999999
 21
1.075
 31
0.0
  0
LINE
  5
B78
330
17
100
AcDbEntity
  8
0
100
AcDbLine
 10
-8.394789999999999
 20
1.075
 30
0.0
 11
-8.30676
 21
1.1057599999999999
 31
0.0
  0
LINE
  5
B79
330
17
100
AcDbEntity
  8
0
100
AcDbLine
 10
-8.30676
 20
1.1057599999999999
 30
0.0
 11
-8.21522
 21
1.14605
 31
0.0
  0
LINE
  5
B7A
330
17
100
AcDbEntity
  8
0
100
AcDbLine
 10
-8.21522
 20
1.14605
 30
0.0
 11
-8.12673
 21
1.1926700000000001
 31
0.0
  0
LINE
  5
B7B
330
17
100
AcDbEntity
  8
0
100
AcDbLine
 10
-8.12673
 20
1.1926700000000001
 30
0.0
 11
-8.0419
 21
1.2452800000000002
 31
0.0
  0
LINE
  5
B7C
330
17
100
AcDbEntity
  8
0
100
AcDbLine
 10
-8.0419
 20
1.2452800000000002
 30
0.0
 11
-7.960979999999999
 21
1.3037299999999998
 31
0.0
  0
LINE
  5
B7D
330
17
100
AcDbEntity
  8
0
100
AcDbLine
 10
-7.960979999999999
 20
1.3037299999999998
 30
0.0
 11
-7.890390000000001
 21
1.36375
 31
0.0
  0
LINE
  5
B7E
330
17
100
AcDbEntity
  8
0
100
AcDbLine
 10
-7.890390000000001
 20
1.36375
 30
0.0
 11
-7.82533
 21
1.42974
 31
0.0
  0
LINE
  5
B7F
330
17
100
AcDbEntity
  8
0
100
AcDbLine
 10
-7.82533
 20
1.42974
 30
0.0
 11
-7.77128
 21
1.49462
 31
0.0
  0
LINE
  5
B80
330
17
100
AcDbEntity
  8
0
100
AcDbLine
 10
-7.77128
 20
1.49462
 30
0.0
 11
-7.72255
 21
1.56358
 31
0.0
  0
LINE
  5
B81
330
17
100
AcDbEntity
  8
0
100
AcDbLine
 10
-7.72255
 20
1.56358
 30
0.0
 11
-7.6042000000000005
 21
1.7597800000000001
 31
0.0
  0
LINE
  5
B82
330
17
100
AcDbEntity
  8
0
100
AcDbLine
 10
-7.6042000000000005
 20
1.7597800000000001
 30
0.0
 11
-7.50066
 21
1.9561000000000002
 31
0.0
  0
LINE
  5
B83
330
17
100
AcDbEntity
  8
0
100
AcDbLine
 10
-7.50066
 20
1.9561000000000002
 30
0.0
 11
-7.49293
 21
1.9736699999999998
 31
0.0
  0
LINE
  5
B84
330
17
100
AcDbEntity
  8
0
100
AcDbLine
 10
-7.49293
 20
1.9736699999999998
 30
0.0
 11
-7.48685
 21
1.99188
 31
0.0
  0
LINE
  5
B85
330
17
100
AcDbEntity
  8
0
100
AcDbLine
 10
-7.48685
 20
1.99188
 30
0.0
 11
-7.48247
 21
2.01057
 31
0.0
  0
LINE
  5
B86
330
17
100
AcDbEntity
  8
0
100
AcDbLine
 10
-7.48247
 20
2.01057
 30
0.0
 11
-7.47983
 21
2.02958
 31
0.0
  0
LINE
  5
B87
330
17
100
AcDbEntity
  8
0
100
AcDbLine
 10
-7.47983
 20
2.02958
 30
0.0
 11
-7.47894
 21
2.04876
 31
0.0
  0
LINE
  5
B88
330
17
100
AcDbEntity
  8
0
100
AcDbLine
 10
-7.47894
 20
2.04876
 30
0.0
 11
-7.4787
 21
2.05443
 31
0.0
  0
LINE
  5
B89
330
17
100
AcDbEntity
  8
0
100
AcDbLine
 10
-7.4787
 20
2.05443
 30
0.0
 11
-7.47797
 21
2.06006
 31
0.0
  0
LINE
  5
B8A
330
17
100
AcDbEntity
  8
0
100
AcDbLine
 10
-7.47797
 20
2.06006
 30
0.0
 11
-7.47675
 21
2.0656
 31
0.0
  0
LINE
  5
B8B
330
17
100
AcDbEntity
  8
0
100
AcDbLine
 10
-7.47675
 20
2.0656
 30
0.0
 11
-7.4750700000000005
 21
2.07102
 31
0.0
  0
LINE
  5
B8C
330
17
100
AcDbEntity
  8
0
100
AcDbLine
 10
-7.4750700000000005
 20
2.07102
 30
0.0
 11
-7.45416
 21
2.12674
 31
0.0
  0
LINE
  5
B8D
330
17
100
AcDbEntity
  8
0
100
AcDbLine
 10
-7.45416
 20
2.12674
 30
0.0
 11
-7.42689
 21
2.1928
 31
0.0
  0
LINE
  5
B8E
330
17
100
AcDbEntity
  8
0
100
AcDbLine
 10
-7.42689
 20
2.1928
 30
0.0
 11
-7.39458
 21
2.26437
 31
0.0
  0
LINE
  5
B8F
330
17
100
AcDbEntity
  8
0
100
AcDbLine
 10
-7.39458
 20
2.26437
 30
0.0
 11
-7.3479399999999995
 21
2.3771
 31
0.0
  0
LINE
  5
B90
330
17
100
AcDbEntity
  8
0
100
AcDbLine
 10
-7.3479399999999995
 20
2.3771
 30
0.0
 11
-7.33378
 21
2.42291
 31
0.0
  0
LINE
  5
B91
330
17
100
AcDbEntity
  8
0
100
AcDbLine
 10
-7.33378
 20
2.42291
 30
0.0
 11
-7.32393
 21
2.46984
 31
0.0
  0
LINE
  5
B92
330
17
100
AcDbEntity
  8
0
100
AcDbLine
 10
-7.32393
 20
2.46984
 30
0.0
 11
-7.31674
 21
2.5263500000000003
 31
0.0
  0
LINE
  5
B93
330
17
100
AcDbEntity
  8
0
100
AcDbLine
 10
-7.31674
 20
2.5263500000000003
 30
0.0
 11
-7.31334
 21
2.5832300000000004
 31
0.0
  0
LINE
  5
B94
330
17
100
AcDbEntity
  8
0
100
AcDbLine
 10
-7.31334
 20
2.5832300000000004
 30
0.0
 11
-7.31095
 21
2.78193
 31
0.0
  0
LINE
  5
B95
330
17
100
AcDbEntity
  8
0
100
AcDbLine
 10
-7.31095
 20
2.78193
 30
0.0
 11
-7.31419
 21
2.9760400000000002
 31
0.0
  0
LINE
  5
B96
330
17
100
AcDbEntity
  8
0
100
AcDbLine
 10
-7.31419
 20
2.9760400000000002
 30
0.0
 11
-7.3177900000000005
 21
3.03368
 31
0.0
  0
LINE
  5
B97
330
17
100
AcDbEntity
  8
0
100
AcDbLine
 10
-7.3177900000000005
 20
3.03368
 30
0.0
 11
-7.32497
 21
3.09099
 31
0.0
  0
LINE
  5
B98
330
17
100
AcDbEntity
  8
0
100
AcDbLine
 10
-7.32497
 20
3.09099
 30
0.0
 11
-7.33445
 21
3.1377800000000002
 31
0.0
  0
LINE
  5
B99
330
17
100
AcDbEntity
  8
0
100
AcDbLine
 10
-7.33445
 20
3.1377800000000002
 30
0.0
 11
-7.34801
 21
3.18355
 31
0.0
  0
LINE
  5
B9A
330
17
100
AcDbEntity
  8
0
100
AcDbLine
 10
-7.34801
 20
3.18355
 30
0.0
 11
-7.39075
 21
3.28951
 31
0.0
  0
LINE
  5
B9B
330
17
100
AcDbEntity
  8
0
100
AcDbLine
 10
-7.39075
 20
3.28951
 30
0.0
 11
-7.4451
 21
3.39404
 31
0.0
  0
LINE
  5
B9C
330
17
100
AcDbEntity
  8
0
100
AcDbLine
 10
-7.4451
 20
3.39404
 30
0.0
 11
-7.50852
 21
3.49333
 31
0.0
  0
LINE
  5
B9D
330
17
100
AcDbEntity
  8
0
100
AcDbLine
 10
-7.50852
 20
3.49333
 30
0.0
 11
-7.55147
 21
3.5494
 31
0.0
  0
LINE
  5
B9E
330
17
100
AcDbEntity
  8
0
100
AcDbLine
 10
-7.55147
 20
3.5494
 30
0.0
 11
-7.59884
 21
3.6017900000000003
 31
0.0
  0
LINE
  5
B9F
330
17
100
AcDbEntity
  8
0
100
AcDbLine
 10
-7.59884
 20
3.6017900000000003
 30
0.0
 11
-7.650309999999999
 21
3.65015
 31
0.0
  0
LINE
  5
BA0
330
17
100
AcDbEntity
  8
0
100
AcDbLine
 10
-7.650309999999999
 20
3.65015
 30
0.0
 11
-7.7052
 21
3.6938600000000004
 31
0.0
  0
LINE
  5
BA1
330
17
100
AcDbEntity
  8
0
100
AcDbLine
 10
-7.7052
 20
3.6938600000000004
 30
0.0
 11
-7.7635
 21
3.73291
 31
0.0
  0
LINE
  5
BA2
330
17
100
AcDbEntity
  8
0
100
AcDbLine
 10
-7.7635
 20
3.73291
 30
0.0
 11
-7.8248
 21
3.76704
 31
0.0
  0
LINE
  5
BA3
330
17
100
AcDbEntity
  8
0
100
AcDbLine
 10
-7.8248
 20
3.76704
 30
0.0
 11
-7.93052
 21
3.8143399999999996
 31
0.0
  0
LINE
  5
BA4
330
17
100
AcDbEntity
  8
0
100
AcDbLine
 10
-7.93052
 20
3.8143399999999996
 30
0.0
 11
-8.04016
 21
3.85166
 31
0.0
  0
LINE
  5
BA5
330
17
100
AcDbEntity
  8
0
100
AcDbLine
 10
-8.04016
 20
3.85166
 30
0.0
 11
-8.07719
 21
3.8606700000000003
 31
0.0
  0
LINE
  5
BA6
330
17
100
AcDbEntity
  8
0
100
AcDbLine
 10
-8.07719
 20
3.8606700000000003
 30
0.0
 11
-8.11486
 21
3.86645
 31
0.0
  0
LINE
  5
BA7
330
17
100
AcDbEntity
  8
0
100
AcDbLine
 10
-8.11486
 20
3.86645
 30
0.0
 11
-8.15289
 21
3.8689699999999996
 31
0.0
  0
LINE
  5
BA8
330
17
100
AcDbEntity
  8
0
100
AcDbLine
 10
-8.15289
 20
3.8689699999999996
 30
0.0
 11
-8.68851
 21
3.87962
 31
0.0
  0
LINE
  5
BA9
330
17
100
AcDbEntity
  8
0
100
AcDbLine
 10
-8.68851
 20
3.87962
 30
0.0
 11
-9.416970000000001
 21
3.88804
 31
0.0
  0
LINE
  5
BAA
330
17
100
AcDbEntity
  8
0
100
AcDbLine
 10
-9.416970000000001
 20
3.88804
 30
0.0
 11
-10.49258
 21
3.8929400000000003
 31
0.0
  0
LINE
  5
BAB
330
17
100
AcDbEntity
  8
0
100
AcDbLine
 10
-10.49258
 20
3.8929400000000003
 30
0.0
 11
-11.983469999999999
 21
3.8958999999999997
 31
0.0
  0
LINE
  5
BAC
330
17
100
AcDbEntity
  8
0
100
AcDbLine
 10
-11.983469999999999
 20
3.8958999999999997
 30
0.0
 11
-12.52926
 21
3.8903000000000003
 31
0.0
  0
LINE
  5
BAD
330
17
100
AcDbEntity
  8
0
100
AcDbLine
 10
-12.52926
 20
3.8903000000000003
 30
0.0
 11
-12.826509999999999
 21
3.8751100000000003
 31
0.0
  0
LINE
  5
BAE
330
17
100
AcDbEntity
  8
0
100
AcDbLine
 10
-12.826509999999999
 20
3.8751100000000003
 30
0.0
 11
-12.88448
 21
3.8679
 31
0.0
  0
LINE
  5
BAF
330
17
100
AcDbEntity
  8
0
100
AcDbLine
 10
-12.88448
 20
3.8679
 30
0.0
 11
-12.941609999999999
 21
3.85571
 31
0.0
  0
LINE
  5
BB0
330
17
100
AcDbEntity
  8
0
100
AcDbLine
 10
-12.941609999999999
 20
3.85571
 30
0.0
 11
-12.99747
 21
3.83863
 31
0.0
  0
LINE
  5
BB1
330
17
100
AcDbEntity
  8
0
100
AcDbLine
 10
-12.99747
 20
3.83863
 30
0.0
 11
-13.07717
 21
3.8108500000000003
 31
0.0
  0
LINE
  5
BB2
330
17
100
AcDbEntity
  8
0
100
AcDbLine
 10
18.27696
 20
-0.21466999999999997
 30
0.0
 11
18.36674
 21
-0.36882000000000004
 31
0.0
  0
LINE
  5
BB3
330
17
100
AcDbEntity
  8
0
100
AcDbLine
 10
18.36674
 20
-0.36882000000000004
 30
0.0
 11
18.44719
 21
-0.5354300000000001
 31
0.0
  0
LINE
  5
BB4
330
17
100
AcDbEntity
  8
0
100
AcDbLine
 10
18.44719
 20
-0.5354300000000001
 30
0.0
 11
18.51521
 21
-0.70748
 31
0.0
  0
LINE
  5
BB5
330
17
100
AcDbEntity
  8
0
100
AcDbLine
 10
18.51521
 20
-0.70748
 30
0.0
 11
18.570449999999997
 21
-0.88405
 31
0.0
  0
LINE
  5
BB6
330
17
100
AcDbEntity
  8
0
100
AcDbLine
 10
18.570449999999997
 20
-0.88405
 30
0.0
 11
18.589290000000002
 21
-0.97049
 31
0.0
  0
LINE
  5
BB7
330
17
100
AcDbEntity
  8
0
100
AcDbLine
 10
18.589290000000002
 20
-0.97049
 30
0.0
 11
18.599069999999998
 21
-1.05841
 31
0.0
  0
LINE
  5
BB8
330
17
100
AcDbEntity
  8
0
100
AcDbLine
 10
18.599069999999998
 20
-1.05841
 30
0.0
 11
18.60687
 21
-1.3306399999999998
 31
0.0
  0
LINE
  5
BB9
330
17
100
AcDbEntity
  8
0
100
AcDbLine
 10
18.60687
 20
-1.3306399999999998
 30
0.0
 11
18.59823
 21
-1.6023800000000001
 31
0.0
  0
LINE
  5
BBA
330
17
100
AcDbEntity
  8
0
100
AcDbLine
 10
18.59823
 20
-1.6023800000000001
 30
0.0
 11
18.5882
 21
-1.68882
 31
0.0
  0
LINE
  5
BBB
330
17
100
AcDbEntity
  8
0
100
AcDbLine
 10
18.5882
 20
-1.68882
 30
0.0
 11
18.56897
 21
-1.7737
 31
0.0
  0
LINE
  5
BBC
330
17
100
AcDbEntity
  8
0
100
AcDbLine
 10
18.56897
 20
-1.7737
 30
0.0
 11
18.53349
 21
-1.88623
 31
0.0
  0
LINE
  5
BBD
330
17
100
AcDbEntity
  8
0
100
AcDbLine
 10
18.53349
 20
-1.88623
 30
0.0
 11
18.49155
 21
-1.9965199999999999
 31
0.0
  0
LINE
  5
BBE
330
17
100
AcDbEntity
  8
0
100
AcDbLine
 10
18.49155
 20
-1.9965199999999999
 30
0.0
 11
18.44368
 21
-2.10303
 31
0.0
  0
LINE
  5
BBF
330
17
100
AcDbEntity
  8
0
100
AcDbLine
 10
18.44368
 20
-2.10303
 30
0.0
 11
18.38954
 21
-2.20649
 31
0.0
  0
LINE
  5
BC0
330
17
100
AcDbEntity
  8
0
100
AcDbLine
 10
18.38954
 20
-2.20649
 30
0.0
 11
18.330470000000002
 21
-2.3044599999999997
 31
0.0
  0
LINE
  5
BC1
330
17
100
AcDbEntity
  8
0
100
AcDbLine
 10
18.330470000000002
 20
-2.3044599999999997
 30
0.0
 11
18.26552
 21
-2.39864
 31
0.0
  0
LINE
  5
BC2
330
17
100
AcDbEntity
  8
0
100
AcDbLine
 10
18.26552
 20
-2.39864
 30
0.0
 11
18.19678
 21
-2.48583
 31
0.0
  0
LINE
  5
BC3
330
17
100
AcDbEntity
  8
0
100
AcDbLine
 10
18.19678
 20
-2.48583
 30
0.0
 11
18.12237
 21
-2.56824
 31
0.0
  0
LINE
  5
BC4
330
17
100
AcDbEntity
  8
0
100
AcDbLine
 10
18.12237
 20
-2.56824
 30
0.0
 11
18.03604
 21
-2.6524500000000004
 31
0.0
  0
LINE
  5
BC5
330
17
100
AcDbEntity
  8
0
100
AcDbLine
 10
18.03604
 20
-2.6524500000000004
 30
0.0
 11
17.94482
 21
-2.7313099999999997
 31
0.0
  0
LINE
  5
BC6
330
17
100
AcDbEntity
  8
0
100
AcDbLine
 10
17.94482
 20
-2.7313099999999997
 30
0.0
 11
17.86151
 21
-2.7927500000000003
 31
0.0
  0
LINE
  5
BC7
330
17
100
AcDbEntity
  8
0
100
AcDbLine
 10
17.86151
 20
-2.7927500000000003
 30
0.0
 11
17.772779999999997
 21
-2.84603
 31
0.0
  0
LINE
  5
BC8
330
17
100
AcDbEntity
  8
0
100
AcDbLine
 10
17.772779999999997
 20
-2.84603
 30
0.0
 11
17.682
 21
-2.88924
 31
0.0
  0
LINE
  5
BC9
330
17
100
AcDbEntity
  8
0
100
AcDbLine
 10
17.682
 20
-2.88924
 30
0.0
 11
17.587419999999998
 21
-2.9233000000000002
 31
0.0
  0
LINE
  5
BCA
330
17
100
AcDbEntity
  8
0
100
AcDbLine
 10
17.587419999999998
 20
-2.9233000000000002
 30
0.0
 11
17.479580000000002
 21
-2.9520399999999998
 31
0.0
  0
LINE
  5
BCB
330
17
100
AcDbEntity
  8
0
100
AcDbLine
 10
17.479580000000002
 20
-2.9520399999999998
 30
0.0
 11
17.36996
 21
-2.97292
 31
0.0
  0
LINE
  5
BCC
330
17
100
AcDbEntity
  8
0
100
AcDbLine
 10
17.36996
 20
-2.97292
 30
0.0
 11
17.20071
 21
-2.99141
 31
0.0
  0
LINE
  5
BCD
330
17
100
AcDbEntity
  8
0
100
AcDbLine
 10
17.20071
 20
-2.99141
 30
0.0
 11
17.0305
 21
-2.9951499999999998
 31
0.0
  0
LINE
  5
BCE
330
17
100
AcDbEntity
  8
0
100
AcDbLine
 10
17.0305
 20
-2.9951499999999998
 30
0.0
 11
16.8606
 21
-2.98411
 31
0.0
  0
LINE
  5
BCF
330
17
100
AcDbEntity
  8
0
100
AcDbLine
 10
16.8606
 20
-2.98411
 30
0.0
 11
16.69147
 21
-2.95837
 31
0.0
  0
LINE
  5
BD0
330
17
100
AcDbEntity
  8
0
100
AcDbLine
 10
16.69147
 20
-2.95837
 30
0.0
 11
16.52515
 21
-2.91827
 31
0.0
  0
LINE
  5
BD1
330
17
100
AcDbEntity
  8
0
100
AcDbLine
 10
16.52515
 20
-2.91827
 30
0.0
 11
16.36288
 21
-2.8641
 31
0.0
  0
LINE
  5
BD2
330
17
100
AcDbEntity
  8
0
100
AcDbLine
 10
16.36288
 20
-2.8641
 30
0.0
 11
16.19127
 21
-2.79087
 31
0.0
  0
LINE
  5
BD3
330
17
100
AcDbEntity
  8
0
100
AcDbLine
 10
16.19127
 20
-2.79087
 30
0.0
 11
16.02578
 21
-2.70472
 31
0.0
  0
LINE
  5
BD4
330
17
100
AcDbEntity
  8
0
100
AcDbLine
 10
16.02578
 20
-2.70472
 30
0.0
 11
15.86738
 21
-2.60613
 31
0.0
  0
LINE
  5
BD5
330
17
100
AcDbEntity
  8
0
100
AcDbLine
 10
15.86738
 20
-2.60613
 30
0.0
 11
15.608199999999998
 21
-2.4159300000000004
 31
0.0
  0
LINE
  5
BD6
330
17
100
AcDbEntity
  8
0
100
AcDbLine
 10
15.608199999999998
 20
-2.4159300000000004
 30
0.0
 11
15.36423
 21
-2.20657
 31
0.0
  0
LINE
  5
BD7
330
17
100
AcDbEntity
  8
0
100
AcDbLine
 10
15.36423
 20
-2.20657
 30
0.0
 11
15.195139999999999
 21
-2.06457
 31
0.0
  0
LINE
  5
BD8
330
17
100
AcDbEntity
  8
0
100
AcDbLine
 10
15.195139999999999
 20
-2.06457
 30
0.0
 11
15.01306
 21
-1.9396699999999998
 31
0.0
  0
LINE
  5
BD9
330
17
100
AcDbEntity
  8
0
100
AcDbLine
 10
15.01306
 20
-1.9396699999999998
 30
0.0
 11
14.955919999999999
 21
-1.90804
 31
0.0
  0
LINE
  5
BDA
330
17
100
AcDbEntity
  8
0
100
AcDbLine
 10
14.955919999999999
 20
-1.90804
 30
0.0
 11
14.896059999999999
 21
-1.8819
 31
0.0
  0
LINE
  5
BDB
330
17
100
AcDbEntity
  8
0
100
AcDbLine
 10
14.896059999999999
 20
-1.8819
 30
0.0
 11
14.83401
 21
-1.8615000000000002
 31
0.0
  0
LINE
  5
BDC
330
17
100
AcDbEntity
  8
0
100
AcDbLine
 10
14.83401
 20
-1.8615000000000002
 30
0.0
 11
14.77032
 21
-1.847
 31
0.0
  0
LINE
  5
BDD
330
17
100
AcDbEntity
  8
0
100
AcDbLine
 10
14.77032
 20
-1.847
 30
0.0
 11
14.705549999999999
 21
-1.83855
 31
0.0
  0
LINE
  5
BDE
330
17
100
AcDbEntity
  8
0
100
AcDbLine
 10
14.705549999999999
 20
-1.83855
 30
0.0
 11
14.61727
 21
-1.83571
 31
0.0
  0
LINE
  5
BDF
330
17
100
AcDbEntity
  8
0
100
AcDbLine
 10
14.61727
 20
-1.83571
 30
0.0
 11
14.52915
 21
-1.84184
 31
0.0
  0
LINE
  5
BE0
330
17
100
AcDbEntity
  8
0
100
AcDbLine
 10
14.52915
 20
-1.84184
 30
0.0
 11
14.44211
 21
-1.85687
 31
0.0
  0
LINE
  5
BE1
330
17
100
AcDbEntity
  8
0
100
AcDbLine
 10
14.44211
 20
-1.85687
 30
0.0
 11
14.35705
 21
-1.88064
 31
0.0
  0
LINE
  5
BE2
330
17
100
AcDbEntity
  8
0
100
AcDbLine
 10
14.35705
 20
-1.88064
 30
0.0
 11
14.10577
 21
-1.9735299999999998
 31
0.0
  0
LINE
  5
BE3
330
17
100
AcDbEntity
  8
0
100
AcDbLine
 10
14.10577
 20
-1.9735299999999998
 30
0.0
 11
13.86069
 21
-2.08172
 31
0.0
  0
LINE
  5
BE4
330
17
100
AcDbEntity
  8
0
100
AcDbLine
 10
13.86069
 20
-2.08172
 30
0.0
 11
13.56774
 21
-2.23796
 31
0.0
  0
LINE
  5
BE5
330
17
100
AcDbEntity
  8
0
100
AcDbLine
 10
13.56774
 20
-2.23796
 30
0.0
 11
13.44746
 21
-2.3146299999999997
 31
0.0
  0
LINE
  5
BE6
330
17
100
AcDbEntity
  8
0
100
AcDbLine
 10
13.44746
 20
-2.3146299999999997
 30
0.0
 11
13.33269
 21
-2.39933
 31
0.0
  0
LINE
  5
BE7
330
17
100
AcDbEntity
  8
0
100
AcDbLine
 10
13.33269
 20
-2.39933
 30
0.0
 11
13.2339
 21
-2.4838999999999998
 31
0.0
  0
LINE
  5
BE8
330
17
100
AcDbEntity
  8
0
100
AcDbLine
 10
13.2339
 20
-2.4838999999999998
 30
0.0
 11
13.14185
 21
-2.57576
 31
0.0
  0
LINE
  5
BE9
330
17
100
AcDbEntity
  8
0
100
AcDbLine
 10
13.14185
 20
-2.57576
 30
0.0
 11
13.05831
 21
-2.67325
 31
0.0
  0
LINE
  5
BEA
330
17
100
AcDbEntity
  8
0
100
AcDbLine
 10
13.05831
 20
-2.67325
 30
0.0
 11
12.98275
 21
-2.77705
 31
0.0
  0
LINE
  5
BEB
330
17
100
AcDbEntity
  8
0
100
AcDbLine
 10
12.98275
 20
-2.77705
 30
0.0
 11
12.91753
 21
-2.8807099999999997
 31
0.0
  0
LINE
  5
BEC
330
17
100
AcDbEntity
  8
0
100
AcDbLine
 10
12.91753
 20
-2.8807099999999997
 30
0.0
 11
12.85819
 21
-2.98785
 31
0.0
  0
LINE
  5
BED
330
17
100
AcDbEntity
  8
0
100
AcDbLine
 10
12.85819
 20
-2.98785
 30
0.0
 11
12.81586
 21
-3.08026
 31
0.0
  0
LINE
  5
BEE
330
17
100
AcDbEntity
  8
0
100
AcDbLine
 10
12.81586
 20
-3.08026
 30
0.0
 11
12.78268
 21
-3.17634
 31
0.0
  0
LINE
  5
BEF
330
17
100
AcDbEntity
  8
0
100
AcDbLine
 10
12.78268
 20
-3.17634
 30
0.0
 11
12.75985
 21
-3.2723
 31
0.0
  0
LINE
  5
BF0
330
17
100
AcDbEntity
  8
0
100
AcDbLine
 10
12.75985
 20
-3.2723
 30
0.0
 11
12.746830000000001
 21
-3.37008
 31
0.0
  0
LINE
  5
BF1
330
17
100
AcDbEntity
  8
0
100
AcDbLine
 10
12.746830000000001
 20
-3.37008
 30
0.0
 11
12.74138
 21
-3.48309
 31
0.0
  0
LINE
  5
BF2
330
17
100
AcDbEntity
  8
0
100
AcDbLine
 10
12.74138
 20
-3.48309
 30
0.0
 11
12.74354
 21
-3.5962199999999998
 31
0.0
  0
LINE
  5
BF3
330
17
100
AcDbEntity
  8
0
100
AcDbLine
 10
12.74354
 20
-3.5962199999999998
 30
0.0
 11
12.75376
 21
-3.70172
 31
0.0
  0
LINE
  5
BF4
330
17
100
AcDbEntity
  8
0
100
AcDbLine
 10
12.75376
 20
-3.70172
 30
0.0
 11
12.77319
 21
-3.80592
 31
0.0
  0
LINE
  5
BF5
330
17
100
AcDbEntity
  8
0
100
AcDbLine
 10
12.77319
 20
-3.80592
 30
0.0
 11
12.80167
 21
-3.90802
 31
0.0
  0
LINE
  5
BF6
330
17
100
AcDbEntity
  8
0
100
AcDbLine
 10
12.80167
 20
-3.90802
 30
0.0
 11
12.83998
 21
-4.011360000000001
 31
0.0
  0
LINE
  5
BF7
330
17
100
AcDbEntity
  8
0
100
AcDbLine
 10
12.83998
 20
-4.011360000000001
 30
0.0
 11
12.88624
 21
-4.11141
 31
0.0
  0
LINE
  5
BF8
330
17
100
AcDbEntity
  8
0
100
AcDbLine
 10
12.88624
 20
-4.11141
 30
0.0
 11
12.940159999999999
 21
-4.20753
 31
0.0
  0
LINE
  5
BF9
330
17
100
AcDbEntity
  8
0
100
AcDbLine
 10
12.940159999999999
 20
-4.20753
 30
0.0
 11
13.04804
 21
-4.365670000000001
 31
0.0
  0
LINE
  5
BFA
330
17
100
AcDbEntity
  8
0
100
AcDbLine
 10
13.04804
 20
-4.365670000000001
 30
0.0
 11
13.17073
 21
-4.51262
 31
0.0
  0
LINE
  5
BFB
330
17
100
AcDbEntity
  8
0
100
AcDbLine
 10
13.17073
 20
-4.51262
 30
0.0
 11
13.50817
 21
-4.84277
 31
0.0
  0
LINE
  5
BFC
330
17
100
AcDbEntity
  8
0
100
AcDbLine
 10
13.50817
 20
-4.84277
 30
0.0
 11
13.87509
 21
-5.13366
 31
0.0
  0
LINE
  5
BFD
330
17
100
AcDbEntity
  8
0
100
AcDbLine
 10
13.87509
 20
-5.13366
 30
0.0
 11
14.27022
 21
-5.3848899999999995
 31
0.0
  0
LINE
  5
BFE
330
17
100
AcDbEntity
  8
0
100
AcDbLine
 10
14.27022
 20
-5.3848899999999995
 30
0.0
 11
14.689300000000001
 21
-5.5937399999999995
 31
0.0
  0
LINE
  5
BFF
330
17
100
AcDbEntity
  8
0
100
AcDbLine
 10
14.689300000000001
 20
-5.5937399999999995
 30
0.0
 11
15.137360000000001
 21
-5.7633
 31
0.0
  0
LINE
  5
C00
330
17
100
AcDbEntity
  8
0
100
AcDbLine
 10
15.137360000000001
 20
-5.7633
 30
0.0
 11
15.59974
 21
-5.88861
 31
0.0
  0
LINE
  5
C01
330
17
100
AcDbEntity
  8
0
100
AcDbLine
 10
15.59974
 20
-5.88861
 30
0.0
 11
16.0721
 21
-5.9685
 31
0.0
  0
LINE
  5
C02
330
17
100
AcDbEntity
  8
0
100
AcDbLine
 10
16.0721
 20
-5.9685
 30
0.0
 11
16.55396
 21
-6.0027099999999995
 31
0.0
  0
LINE
  5
C03
330
17
100
AcDbEntity
  8
0
100
AcDbLine
 10
16.55396
 20
-6.0027099999999995
 30
0.0
 11
17.03687
 21
-5.99047
 31
0.0
  0
LINE
  5
C04
330
17
100
AcDbEntity
  8
0
100
AcDbLine
 10
17.03687
 20
-5.99047
 30
0.0
 11
17.51638
 21
-5.931900000000001
 31
0.0
  0
LINE
  5
C05
330
17
100
AcDbEntity
  8
0
100
AcDbLine
 10
17.51638
 20
-5.931900000000001
 30
0.0
 11
17.98369
 21
-5.82787
 31
0.0
  0
LINE
  5
C06
330
17
100
AcDbEntity
  8
0
100
AcDbLine
 10
17.98369
 20
-5.82787
 30
0.0
 11
18.43847
 21
-5.678240000000001
 31
0.0
  0
LINE
  5
C07
330
17
100
AcDbEntity
  8
0
100
AcDbLine
 10
18.43847
 20
-5.678240000000001
 30
0.0
 11
18.87626
 21
-5.48447
 31
0.0
  0
LINE
  5
C08
330
17
100
AcDbEntity
  8
0
100
AcDbLine
 10
18.87626
 20
-5.48447
 30
0.0
 11
19.200490000000002
 21
-5.30215
 31
0.0
  0
LINE
  5
C09
330
17
100
AcDbEntity
  8
0
100
AcDbLine
 10
19.200490000000002
 20
-5.30215
 30
0.0
 11
19.506510000000002
 21
-5.0907
 31
0.0
  0
LINE
  5
C0A
330
17
100
AcDbEntity
  8
0
100
AcDbLine
 10
19.506510000000002
 20
-5.0907
 30
0.0
 11
19.80869
 21
-4.8411599999999995
 31
0.0
  0
LINE
  5
C0B
330
17
100
AcDbEntity
  8
0
100
AcDbLine
 10
19.80869
 20
-4.8411599999999995
 30
0.0
 11
20.090230000000002
 21
-4.56855
 31
0.0
  0
LINE
  5
C0C
330
17
100
AcDbEntity
  8
0
100
AcDbLine
 10
20.090230000000002
 20
-4.56855
 30
0.0
 11
20.359550000000002
 21
-4.26392
 31
0.0
  0
LINE
  5
C0D
330
17
100
AcDbEntity
  8
0
100
AcDbLine
 10
20.359550000000002
 20
-4.26392
 30
0.0
 11
20.60492
 21
-3.9396999999999998
 31
0.0
  0
LINE
  5
C0E
330
17
100
AcDbEntity
  8
0
100
AcDbLine
 10
20.60492
 20
-3.9396999999999998
 30
0.0
 11
20.83002
 21
-3.5915
 31
0.0
  0
LINE
  5
C0F
330
17
100
AcDbEntity
  8
0
100
AcDbLine
 10
20.83002
 20
-3.5915
 30
0.0
 11
21.02954
 21
-3.22806
 31
0.0
  0
LINE
  5
C10
330
17
100
AcDbEntity
  8
0
100
AcDbLine
 10
21.02954
 20
-3.22806
 30
0.0
 11
21.16185
 21
-2.93099
 31
0.0
  0
LINE
  5
C11
330
17
100
AcDbEntity
  8
0
100
AcDbLine
 10
21.16185
 20
-2.93099
 30
0.0
 11
21.31109
 21
-2.52402
 31
0.0
  0
LINE
  5
C12
330
17
100
AcDbEntity
  8
0
100
AcDbLine
 10
21.31109
 20
-2.52402
 30
0.0
 11
21.44405
 21
-2.10997
 31
0.0
  0
LINE
  5
C13
330
17
100
AcDbEntity
  8
0
100
AcDbLine
 10
21.44405
 20
-2.10997
 30
0.0
 11
21.52422
 21
-1.78911
 31
0.0
  0
LINE
  5
C14
330
17
100
AcDbEntity
  8
0
100
AcDbLine
 10
21.52422
 20
-1.78911
 30
0.0
 11
21.56546
 21
-1.54226
 31
0.0
  0
LINE
  5
C15
330
17
100
AcDbEntity
  8
0
100
AcDbLine
 10
21.56546
 20
-1.54226
 30
0.0
 11
21.58995
 21
-1.2932
 31
0.0
  0
LINE
  5
C16
330
17
100
AcDbEntity
  8
0
100
AcDbLine
 10
21.58995
 20
-1.2932
 30
0.0
 11
21.597189999999998
 21
-0.7437900000000001
 31
0.0
  0
LINE
  5
C17
330
17
100
AcDbEntity
  8
0
100
AcDbLine
 10
21.597189999999998
 20
-0.7437900000000001
 30
0.0
 11
21.54815
 21
-0.19244000000000006
 31
0.0
  0
LINE
  5
C18
330
17
100
AcDbEntity
  8
0
100
AcDbLine
 10
21.54815
 20
-0.19244
 30
0.0
 11
21.50441
 21
0.06015999999999999
 31
0.0
  0
LINE
  5
C19
330
17
100
AcDbEntity
  8
0
100
AcDbLine
 10
21.50441
 20
0.06016
 30
0.0
 11
21.44462
 21
0.30947
 31
0.0
  0
LINE
  5
C1A
330
17
100
AcDbEntity
  8
0
100
AcDbLine
 10
21.44462
 20
0.30947
 30
0.0
 11
21.30552
 21
0.73661
 31
0.0
  0
LINE
  5
C1B
330
17
100
AcDbEntity
  8
0
100
AcDbLine
 10
21.30552
 20
0.73661
 30
0.0
 11
21.12655
 21
1.14864
 31
0.0
  0
LINE
  5
C1C
330
17
100
AcDbEntity
  8
0
100
AcDbLine
 10
21.12655
 20
1.14864
 30
0.0
 11
20.90933
 21
1.54185
 31
0.0
  0
LINE
  5
C1D
330
17
100
AcDbEntity
  8
0
100
AcDbLine
 10
20.90933
 20
1.54185
 30
0.0
 11
20.65609
 21
1.91211
 31
0.0
  0
LINE
  5
C1E
330
17
100
AcDbEntity
  8
0
100
AcDbLine
 10
20.65609
 20
1.91211
 30
0.0
 11
20.36874
 21
2.25657
 31
0.0
  0
LINE
  5
C1F
330
17
100
AcDbEntity
  8
0
100
AcDbLine
 10
20.36874
 20
2.25657
 30
0.0
 11
20.049899999999997
 21
2.57212
 31
0.0
  0
LINE
  5
C20
330
17
100
AcDbEntity
  8
0
100
AcDbLine
 10
20.049899999999997
 20
2.57212
 30
0.0
 11
19.70448
 21
2.85403
 31
0.0
  0
LINE
  5
C21
330
17
100
AcDbEntity
  8
0
100
AcDbLine
 10
19.70448
 20
2.85403
 30
0.0
 11
19.33362
 21
3.10152
 31
0.0
  0
LINE
  5
C22
330
17
100
AcDbEntity
  8
0
100
AcDbLine
 10
19.33362
 20
3.10152
 30
0.0
 11
18.94074
 21
3.31231
 31
0.0
  0
LINE
  5
C23
330
17
100
AcDbEntity
  8
0
100
AcDbLine
 10
18.94074
 20
3.31231
 30
0.0
 11
18.532799999999998
 21
3.48245
 31
0.0
  0
LINE
  5
C24
330
17
100
AcDbEntity
  8
0
100
AcDbLine
 10
18.532799999999998
 20
3.48245
 30
0.0
 11
18.1101
 21
3.61163
 31
0.0
  0
LINE
  5
C25
330
17
100
AcDbEntity
  8
0
100
AcDbLine
 10
18.1101
 20
3.61163
 30
0.0
 11
17.676730000000003
 21
3.6985799999999998
 31
0.0
  0
LINE
  5
C26
330
17
100
AcDbEntity
  8
0
100
AcDbLine
 10
17.676730000000003
 20
3.6985799999999998
 30
0.0
 11
17.24783
 21
3.74109
 31
0.0
  0
LINE
  5
C27
330
17
100
AcDbEntity
  8
0
100
AcDbLine
 10
17.24783
 20
3.74109
 30
0.0
 11
16.8151
 21
3.7408699999999997
 31
0.0
  0
LINE
  5
C28
330
17
100
AcDbEntity
  8
0
100
AcDbLine
 10
16.8151
 20
3.7408699999999997
 30
0.0
 11
16.35703
 21
3.69684
 31
0.0
  0
LINE
  5
C29
330
17
100
AcDbEntity
  8
0
100
AcDbLine
 10
16.35703
 20
3.69684
 30
0.0
 11
15.85141
 21
3.6074800000000002
 31
0.0
  0
LINE
  5
C2A
330
17
100
AcDbEntity
  8
0
100
AcDbLine
 10
15.85141
 20
3.6074800000000002
 30
0.0
 11
15.53325
 21
3.5359
 31
0.0
  0
LINE
  5
C2B
330
17
100
AcDbEntity
  8
0
100
AcDbLine
 10
15.53325
 20
3.5359
 30
0.0
 11
15.31955
 21
3.4757
 31
0.0
  0
LINE
  5
C2C
330
17
100
AcDbEntity
  8
0
100
AcDbLine
 10
15.31955
 20
3.4757
 30
0.0
 11
15.13044
 21
3.4041900000000003
 31
0.0
  0
LINE
  5
C2D
330
17
100
AcDbEntity
  8
0
100
AcDbLine
 10
15.13044
 20
3.4041900000000003
 30
0.0
 11
14.90163
 21
3.2984400000000003
 31
0.0
  0
LINE
  5
C2E
330
17
100
AcDbEntity
  8
0
100
AcDbLine
 10
14.90163
 20
3.2984400000000003
 30
0.0
 11
14.656870000000001
 21
3.16506
 31
0.0
  0
LINE
  5
C2F
330
17
100
AcDbEntity
  8
0
100
AcDbLine
 10
14.656870000000001
 20
3.16506
 30
0.0
 11
14.424
 21
3.01187
 31
0.0
  0
LINE
  5
C30
330
17
100
AcDbEntity
  8
0
100
AcDbLine
 10
14.424
 20
3.01187
 30
0.0
 11
13.86511
 21
2.5744000000000002
 31
0.0
  0
LINE
  5
C31
330
17
100
AcDbEntity
  8
0
100
AcDbLine
 10
13.86511
 20
2.5744000000000002
 30
0.0
 11
13.35224
 21
2.10109
 31
0.0
  0
LINE
  5
C32
330
17
100
AcDbEntity
  8
0
100
AcDbLine
 10
13.35224
 20
2.10109
 30
0.0
 11
13.18033
 21
1.91102
 31
0.0
  0
LINE
  5
C33
330
17
100
AcDbEntity
  8
0
100
AcDbLine
 10
13.18033
 20
1.91102
 30
0.0
 11
13.02816
 21
1.70482
 31
0.0
  0
LINE
  5
C34
330
17
100
AcDbEntity
  8
0
100
AcDbLine
 10
13.02816
 20
1.70482
 30
0.0
 11
12.966470000000001
 21
1.6026799999999999
 31
0.0
  0
LINE
  5
C35
330
17
100
AcDbEntity
  8
0
100
AcDbLine
 10
12.966470000000001
 20
1.6026799999999999
 30
0.0
 11
12.91372
 21
1.4956500000000001
 31
0.0
  0
LINE
  5
C36
330
17
100
AcDbEntity
  8
0
100
AcDbLine
 10
12.91372
 20
1.4956500000000001
 30
0.0
 11
12.87028
 21
1.38452
 31
0.0
  0
LINE
  5
C37
330
17
100
AcDbEntity
  8
0
100
AcDbLine
 10
12.87028
 20
1.38452
 30
0.0
 11
12.83836
 21
1.27434
 31
0.0
  0
LINE
  5
C38
330
17
100
AcDbEntity
  8
0
100
AcDbLine
 10
12.83836
 20
1.27434
 30
0.0
 11
12.81715
 21
1.1616
 31
0.0
  0
LINE
  5
C39
330
17
100
AcDbEntity
  8
0
100
AcDbLine
 10
12.81715
 20
1.1616
 30
0.0
 11
12.80684
 21
1.04734
 31
0.0
  0
LINE
  5
C3A
330
17
100
AcDbEntity
  8
0
100
AcDbLine
 10
12.80684
 20
1.04734
 30
0.0
 11
12.807519999999998
 21
0.9324100000000001
 31
0.0
  0
LINE
  5
C3B
330
17
100
AcDbEntity
  8
0
100
AcDbLine
 10
12.807519999999998
 20
0.9324100000000001
 30
0.0
 11
12.819189999999999
 21
0.81807
 31
0.0
  0
LINE
  5
C3C
330
17
100
AcDbEntity
  8
0
100
AcDbLine
 10
12.819189999999999
 20
0.81807
 30
0.0
 11
12.841740000000001
 21
0.70536
 31
0.0
  0
LINE
  5
C3D
330
17
100
AcDbEntity
  8
0
100
AcDbLine
 10
12.841740000000001
 20
0.70536
 30
0.0
 11
12.87575
 21
0.59036
 31
0.0
  0
LINE
  5
C3E
330
17
100
AcDbEntity
  8
0
100
AcDbLine
 10
12.87575
 20
0.59036
 30
0.0
 11
12.91933
 21
0.47864
 31
0.0
  0
LINE
  5
C3F
330
17
100
AcDbEntity
  8
0
100
AcDbLine
 10
12.91933
 20
0.47864
 30
0.0
 11
12.97216
 21
0.37099000000000004
 31
0.0
  0
LINE
  5
C40
330
17
100
AcDbEntity
  8
0
100
AcDbLine
 10
12.97216
 20
0.37099000000000004
 30
0.0
 11
13.03998
 21
0.26081
 31
0.0
  0
LINE
  5
C41
330
17
100
AcDbEntity
  8
0
100
AcDbLine
 10
13.03998
 20
0.26081
 30
0.0
 11
13.11912
 21
0.15846
 31
0.0
  0
LINE
  5
C42
330
17
100
AcDbEntity
  8
0
100
AcDbLine
 10
13.11912
 20
0.15846
 30
0.0
 11
13.20871
 21
0.06512
 31
0.0
  0
LINE
  5
C43
330
17
100
AcDbEntity
  8
0
100
AcDbLine
 10
13.20871
 20
0.06512
 30
0.0
 11
13.31703
 21
-0.028609999999999997
 31
0.0
  0
LINE
  5
C44
330
17
100
AcDbEntity
  8
0
100
AcDbLine
 10
13.31703
 20
-0.02861
 30
0.0
 11
13.43239
 21
-0.11356000000000001
 31
0.0
  0
LINE
  5
C45
330
17
100
AcDbEntity
  8
0
100
AcDbLine
 10
13.43239
 20
-0.11356000000000001
 30
0.0
 11
13.55406
 21
-0.18918000000000001
 31
0.0
  0
LINE
  5
C46
330
17
100
AcDbEntity
  8
0
100
AcDbLine
 10
13.55406
 20
-0.18918000000000001
 30
0.0
 11
13.67869
 21
-0.25355
 31
0.0
  0
LINE
  5
C47
330
17
100
AcDbEntity
  8
0
100
AcDbLine
 10
13.67869
 20
-0.25355
 30
0.0
 11
13.80808
 21
-0.30776000000000003
 31
0.0
  0
LINE
  5
C48
330
17
100
AcDbEntity
  8
0
100
AcDbLine
 10
13.80808
 20
-0.30776000000000003
 30
0.0
 11
13.94138
 21
-0.35145
 31
0.0
  0
LINE
  5
C49
330
17
100
AcDbEntity
  8
0
100
AcDbLine
 10
13.94138
 20
-0.35145
 30
0.0
 11
14.029919999999999
 21
-0.37222
 31
0.0
  0
LINE
  5
C4A
330
17
100
AcDbEntity
  8
0
100
AcDbLine
 10
14.029919999999999
 20
-0.37222
 30
0.0
 11
14.120000000000001
 21
-0.38472
 31
0.0
  0
LINE
  5
C4B
330
17
100
AcDbEntity
  8
0
100
AcDbLine
 10
14.120000000000001
 20
-0.38472
 30
0.0
 11
14.21085
 21
-0.38884
 31
0.0
  0
LINE
  5
C4C
330
17
100
AcDbEntity
  8
0
100
AcDbLine
 10
14.21085
 20
-0.38884
 30
0.0
 11
14.30169
 21
-0.38453
 31
0.0
  0
LINE
  5
C4D
330
17
100
AcDbEntity
  8
0
100
AcDbLine
 10
14.30169
 20
-0.38453
 30
0.0
 11
14.41194
 21
-0.36961999999999995
 31
0.0
  0
LINE
  5
C4E
330
17
100
AcDbEntity
  8
0
100
AcDbLine
 10
14.41194
 20
-0.36961999999999995
 30
0.0
 11
14.52061
 21
-0.34577
 31
0.0
  0
LINE
  5
C4F
330
17
100
AcDbEntity
  8
0
100
AcDbLine
 10
14.52061
 20
-0.34577
 30
0.0
 11
14.584140000000001
 21
-0.32649
 31
0.0
  0
LINE
  5
C50
330
17
100
AcDbEntity
  8
0
100
AcDbLine
 10
14.584140000000001
 20
-0.32649
 30
0.0
 11
14.64602
 21
-0.30245
 31
0.0
  0
LINE
  5
C51
330
17
100
AcDbEntity
  8
0
100
AcDbLine
 10
14.64602
 20
-0.30245
 30
0.0
 11
14.705910000000001
 21
-0.2738
 31
0.0
  0
LINE
  5
C52
330
17
100
AcDbEntity
  8
0
100
AcDbLine
 10
14.705910000000001
 20
-0.2738
 30
0.0
 11
14.8032
 21
-0.21666
 31
0.0
  0
LINE
  5
C53
330
17
100
AcDbEntity
  8
0
100
AcDbLine
 10
14.8032
 20
-0.21666
 30
0.0
 11
14.89472
 21
-0.15066
 31
0.0
  0
LINE
  5
C54
330
17
100
AcDbEntity
  8
0
100
AcDbLine
 10
14.89472
 20
-0.15066
 30
0.0
 11
15.12974
 21
0.05091999999999999
 31
0.0
  0
LINE
  5
C55
330
17
100
AcDbEntity
  8
0
100
AcDbLine
 10
15.12974
 20
0.05092
 30
0.0
 11
15.395539999999999
 21
0.27243999999999996
 31
0.0
  0
LINE
  5
C56
330
17
100
AcDbEntity
  8
0
100
AcDbLine
 10
15.395539999999999
 20
0.27243999999999996
 30
0.0
 11
15.5272
 21
0.36469999999999997
 31
0.0
  0
LINE
  5
C57
330
17
100
AcDbEntity
  8
0
100
AcDbLine
 10
15.5272
 20
0.36469999999999997
 30
0.0
 11
15.664520000000001
 21
0.44832
 31
0.0
  0
LINE
  5
C58
330
17
100
AcDbEntity
  8
0
100
AcDbLine
 10
15.664520000000001
 20
0.44832
 30
0.0
 11
15.79931
 21
0.51861
 31
0.0
  0
LINE
  5
C59
330
17
100
AcDbEntity
  8
0
100
AcDbLine
 10
15.79931
 20
0.51861
 30
0.0
 11
15.93858
 21
0.57955
 31
0.0
  0
LINE
  5
C5A
330
17
100
AcDbEntity
  8
0
100
AcDbLine
 10
15.93858
 20
0.57955
 30
0.0
 11
16.07741
 21
0.6288
 31
0.0
  0
LINE
  5
C5B
330
17
100
AcDbEntity
  8
0
100
AcDbLine
 10
16.07741
 20
0.6288
 30
0.0
 11
16.219540000000002
 21
0.6675
 31
0.0
  0
LINE
  5
C5C
330
17
100
AcDbEntity
  8
0
100
AcDbLine
 10
16.219540000000002
 20
0.6675
 30
0.0
 11
16.33284
 21
0.68886
 31
0.0
  0
LINE
  5
C5D
330
17
100
AcDbEntity
  8
0
100
AcDbLine
 10
16.33284
 20
0.68886
 30
0.0
 11
16.44754
 21
0.70064
 31
0.0
  0
LINE
  5
C5E
330
17
100
AcDbEntity
  8
0
100
AcDbLine
 10
16.44754
 20
0.70064
 30
0.0
 11
16.71766
 21
0.70281
 31
0.0
  0
LINE
  5
C5F
330
17
100
AcDbEntity
  8
0
100
AcDbLine
 10
16.71766
 20
0.70281
 30
0.0
 11
16.98793
 21
0.67662
 31
0.0
  0
LINE
  5
C60
330
17
100
AcDbEntity
  8
0
100
AcDbLine
 10
16.98793
 20
0.67662
 30
0.0
 11
17.10332
 21
0.65454
 31
0.0
  0
LINE
  5
C61
330
17
100
AcDbEntity
  8
0
100
AcDbLine
 10
17.10332
 20
0.65454
 30
0.0
 11
17.21657
 21
0.62325
 31
0.0
  0
LINE
  5
C62
330
17
100
AcDbEntity
  8
0
100
AcDbLine
 10
17.21657
 20
0.62325
 30
0.0
 11
17.37433
 21
0.5646800000000001
 31
0.0
  0
LINE
  5
C63
330
17
100
AcDbEntity
  8
0
100
AcDbLine
 10
17.37433
 20
0.5646800000000001
 30
0.0
 11
17.5261
 21
0.49198000000000003
 31
0.0
  0
LINE
  5
C64
330
17
100
AcDbEntity
  8
0
100
AcDbLine
 10
17.5261
 20
0.49198000000000003
 30
0.0
 11
17.67061
 21
0.40574
 31
0.0
  0
LINE
  5
C65
330
17
100
AcDbEntity
  8
0
100
AcDbLine
 10
17.67061
 20
0.40574
 30
0.0
 11
17.81021
 21
0.30475
 31
0.0
  0
LINE
  5
C66
330
17
100
AcDbEntity
  8
0
100
AcDbLine
 10
17.81021
 20
0.30475
 30
0.0
 11
17.94073
 21
0.19227
 31
0.0
  0
LINE
  5
C67
330
17
100
AcDbEntity
  8
0
100
AcDbLine
 10
17.94073
 20
0.19227
 30
0.0
 11
18.061210000000003
 21
0.0691
 31
0.0
  0
LINE
  5
C68
330
17
100
AcDbEntity
  8
0
100
AcDbLine
 10
18.061210000000003
 20
0.0691
 30
0.0
 11
18.174889999999998
 21
-0.06836999999999999
 31
0.0
  0
LINE
  5
C69
330
17
100
AcDbEntity
  8
0
100
AcDbLine
 10
18.174889999999998
 20
-0.06837
 30
0.0
 11
18.27696
 21
-0.21466999999999997
 31
0.0
  0
LINE
  5
C6A
330
17
100
AcDbEntity
  8
0
100
AcDbLine
 10
6.45231
 20
4.64377
 30
0.0
 11
6.80275
 21
4.741289999999999
 31
0.0
  0
LINE
  5
C6B
330
17
100
AcDbEntity
  8
0
100
AcDbLine
 10
6.80275
 20
4.741289999999999
 30
0.0
 11
7.14477
 21
4.86513
 31
0.0
  0
LINE
  5
C6C
330
17
100
AcDbEntity
  8
0
100
AcDbLine
 10
7.14477
 20
4.86513
 30
0.0
 11
7.4764100000000004
 21
5.01457
 31
0.0
  0
LINE
  5
C6D
330
17
100
AcDbEntity
  8
0
100
AcDbLine
 10
7.4764100000000004
 20
5.01457
 30
0.0
 11
7.7621
 21
5.171679999999999
 31
0.0
  0
LINE
  5
C6E
330
17
100
AcDbEntity
  8
0
100
AcDbLine
 10
7.7621
 20
5.171679999999999
 30
0.0
 11
8.03381
 21
5.35189
 31
0.0
  0
LINE
  5
C6F
330
17
100
AcDbEntity
  8
0
100
AcDbLine
 10
8.03381
 20
5.35189
 30
0.0
 11
8.30932
 21
5.56609
 31
0.0
  0
LINE
  5
C70
330
17
100
AcDbEntity
  8
0
100
AcDbLine
 10
8.30932
 20
5.56609
 30
0.0
 11
8.56973
 21
5.7984100000000005
 31
0.0
  0
LINE
  5
C71
330
17
100
AcDbEntity
  8
0
100
AcDbLine
 10
8.56973
 20
5.7984100000000005
 30
0.0
 11
8.82135
 21
6.05498
 31
0.0
  0
LINE
  5
C72
330
17
100
AcDbEntity
  8
0
100
AcDbLine
 10
8.82135
 20
6.05498
 30
0.0
 11
9.05556
 21
6.327540000000001
 31
0.0
  0
LINE
  5
C73
330
17
100
AcDbEntity
  8
0
100
AcDbLine
 10
9.05556
 20
6.327540000000001
 30
0.0
 11
9.269350000000001
 21
6.61274
 31
0.0
  0
LINE
  5
C74
330
17
100
AcDbEntity
  8
0
100
AcDbLine
 10
9.269350000000001
 20
6.61274
 30
0.0
 11
9.46345
 21
6.91169
 31
0.0
  0
LINE
  5
C75
330
17
100
AcDbEntity
  8
0
100
AcDbLine
 10
9.46345
 20
6.91169
 30
0.0
 11
9.59956
 21
7.15409
 31
0.0
  0
LINE
  5
C76
330
17
100
AcDbEntity
  8
0
100
AcDbLine
 10
9.59956
 20
7.15409
 30
0.0
 11
9.720619999999998
 21
7.40433
 31
0.0
  0
LINE
  5
C77
330
17
100
AcDbEntity
  8
0
100
AcDbLine
 10
9.720619999999998
 20
7.40433
 30
0.0
 11
9.94336
 21
7.972150000000001
 31
0.0
  0
LINE
  5
C78
330
17
100
AcDbEntity
  8
0
100
AcDbLine
 10
9.94336
 20
7.972150000000001
 30
0.0
 11
10.10975
 21
8.54886
 31
0.0
  0
LINE
  5
C79
330
17
100
AcDbEntity
  8
0
100
AcDbLine
 10
10.10975
 20
8.54886
 30
0.0
 11
10.161909999999999
 21
8.80674
 31
0.0
  0
LINE
  5
C7A
330
17
100
AcDbEntity
  8
0
100
AcDbLine
 10
10.161909999999999
 20
8.80674
 30
0.0
 11
10.19611
 21
9.06762
 31
0.0
  0
LINE
  5
C7B
330
17
100
AcDbEntity
  8
0
100
AcDbLine
 10
10.19611
 20
9.06762
 30
0.0
 11
10.21862
 21
9.58793
 31
0.0
  0
LINE
  5
C7C
330
17
100
AcDbEntity
  8
0
100
AcDbLine
 10
10.21862
 20
9.58793
 30
0.0
 11
10.18642
 21
10.10773
 31
0.0
  0
LINE
  5
C7D
330
17
100
AcDbEntity
  8
0
100
AcDbLine
 10
10.18642
 20
10.10773
 30
0.0
 11
10.135069999999999
 21
10.44279
 31
0.0
  0
LINE
  5
C7E
330
17
100
AcDbEntity
  8
0
100
AcDbLine
 10
10.135069999999999
 20
10.44279
 30
0.0
 11
10.05865
 21
10.77304
 31
0.0
  0
LINE
  5
C7F
330
17
100
AcDbEntity
  8
0
100
AcDbLine
 10
10.05865
 20
10.77304
 30
0.0
 11
9.95759
 21
11.0966
 31
0.0
  0
LINE
  5
C80
330
17
100
AcDbEntity
  8
0
100
AcDbLine
 10
9.95759
 20
11.0966
 30
0.0
 11
9.83317
 21
11.40962
 31
0.0
  0
LINE
  5
C81
330
17
100
AcDbEntity
  8
0
100
AcDbLine
 10
9.83317
 20
11.40962
 30
0.0
 11
9.68538
 21
11.7123
 31
0.0
  0
LINE
  5
C82
330
17
100
AcDbEntity
  8
0
100
AcDbLine
 10
9.68538
 20
11.7123
 30
0.0
 11
9.51507
 21
12.00291
 31
0.0
  0
LINE
  5
C83
330
17
100
AcDbEntity
  8
0
100
AcDbLine
 10
9.51507
 20
12.00291
 30
0.0
 11
9.32109
 21
12.28374
 31
0.0
  0
LINE
  5
C84
330
17
100
AcDbEntity
  8
0
100
AcDbLine
 10
9.32109
 20
12.28374
 30
0.0
 11
9.107149999999999
 21
12.54968
 31
0.0
  0
LINE
  5
C85
330
17
100
AcDbEntity
  8
0
100
AcDbLine
 10
9.107149999999999
 20
12.54968
 30
0.0
 11
8.87441
 21
12.79932
 31
0.0
  0
LINE
  5
C86
330
17
100
AcDbEntity
  8
0
100
AcDbLine
 10
8.87441
 20
12.79932
 30
0.0
 11
8.58479
 21
13.06658
 31
0.0
  0
LINE
  5
C87
330
17
100
AcDbEntity
  8
0
100
AcDbLine
 10
8.58479
 20
13.06658
 30
0.0
 11
8.27539
 21
13.31065
 31
0.0
  0
LINE
  5
C88
330
17
100
AcDbEntity
  8
0
100
AcDbLine
 10
8.27539
 20
13.31065
 30
0.0
 11
7.96245
 21
13.51767
 31
0.0
  0
LINE
  5
C89
330
17
100
AcDbEntity
  8
0
100
AcDbLine
 10
7.96245
 20
13.51767
 30
0.0
 11
7.63224
 21
13.69585
 31
0.0
  0
LINE
  5
C8A
330
17
100
AcDbEntity
  8
0
100
AcDbLine
 10
7.63224
 20
13.69585
 30
0.0
 11
7.2835399999999995
 21
13.8457
 31
0.0
  0
LINE
  5
C8B
330
17
100
AcDbEntity
  8
0
100
AcDbLine
 10
7.2835399999999995
 20
13.8457
 30
0.0
 11
6.92298
 21
13.964179999999999
 31
0.0
  0
LINE
  5
C8C
330
17
100
AcDbEntity
  8
0
100
AcDbLine
 10
6.92298
 20
13.964179999999999
 30
0.0
 11
6.52771
 21
14.05981
 31
0.0
  0
LINE
  5
C8D
330
17
100
AcDbEntity
  8
0
100
AcDbLine
 10
6.52771
 20
14.05981
 30
0.0
 11
6.12659
 21
14.12682
 31
0.0
  0
LINE
  5
C8E
330
17
100
AcDbEntity
  8
0
100
AcDbLine
 10
6.12659
 20
14.12682
 30
0.0
 11
6.0751
 21
14.13175
 31
0.0
  0
LINE
  5
C8F
330
17
100
AcDbEntity
  8
0
100
AcDbLine
 10
6.0751
 20
14.13175
 30
0.0
 11
5.984999999999999
 21
14.13663
 31
0.0
  0
LINE
  5
C90
330
17
100
AcDbEntity
  8
0
100
AcDbLine
 10
5.984999999999999
 20
14.13663
 30
0.0
 11
5.88038
 21
14.14075
 31
0.0
  0
LINE
  5
C91
330
17
100
AcDbEntity
  8
0
100
AcDbLine
 10
5.88038
 20
14.14075
 30
0.0
 11
5.7738
 21
14.14338
 31
0.0
  0
LINE
  5
C92
330
17
100
AcDbEntity
  8
0
100
AcDbLine
 10
5.7738
 20
14.14338
 30
0.0
 11
5.3848400000000005
 21
14.134179999999999
 31
0.0
  0
LINE
  5
C93
330
17
100
AcDbEntity
  8
0
100
AcDbLine
 10
5.3848400000000005
 20
14.134179999999999
 30
0.0
 11
4.99796
 21
14.09304
 31
0.0
  0
LINE
  5
C94
330
17
100
AcDbEntity
  8
0
100
AcDbLine
 10
4.99796
 20
14.09304
 30
0.0
 11
4.60889
 21
14.01976
 31
0.0
  0
LINE
  5
C95
330
17
100
AcDbEntity
  8
0
100
AcDbLine
 10
4.60889
 20
14.01976
 30
0.0
 11
4.2267399999999995
 21
13.916329999999999
 31
0.0
  0
LINE
  5
C96
330
17
100
AcDbEntity
  8
0
100
AcDbLine
 10
4.2267399999999995
 20
13.916329999999999
 30
0.0
 11
3.86397
 21
13.7866
 31
0.0
  0
LINE
  5
C97
330
17
100
AcDbEntity
  8
0
100
AcDbLine
 10
3.86397
 20
13.7866
 30
0.0
 11
3.51276
 21
13.62825
 31
0.0
  0
LINE
  5
C98
330
17
100
AcDbEntity
  8
0
100
AcDbLine
 10
3.51276
 20
13.62825
 30
0.0
 11
3.2007
 21
13.45229
 31
0.0
  0
LINE
  5
C99
330
17
100
AcDbEntity
  8
0
100
AcDbLine
 10
3.2007
 20
13.45229
 30
0.0
 11
2.90767
 21
13.246179999999999
 31
0.0
  0
LINE
  5
C9A
330
17
100
AcDbEntity
  8
0
100
AcDbLine
 10
2.90767
 20
13.246179999999999
 30
0.0
 11
2.21107
 21
12.66609
 31
0.0
  0
LINE
  5
C9B
330
17
100
AcDbEntity
  8
0
100
AcDbLine
 10
2.21107
 20
12.66609
 30
0.0
 11
1.66749
 21
12.129900000000001
 31
0.0
  0
LINE
  5
C9C
330
17
100
AcDbEntity
  8
0
100
AcDbLine
 10
1.66749
 20
12.129900000000001
 30
0.0
 11
1.4550800000000002
 21
11.88203
 31
0.0
  0
LINE
  5
C9D
330
17
100
AcDbEntity
  8
0
100
AcDbLine
 10
1.4550800000000002
 20
11.88203
 30
0.0
 11
1.2585199999999999
 21
11.621400000000001
 31
0.0
  0
LINE
  5
C9E
330
17
100
AcDbEntity
  8
0
100
AcDbLine
 10
1.2585199999999999
 20
11.621400000000001
 30
0.0
 11
1.10446
 21
11.38042
 31
0.0
  0
LINE
  5
C9F
330
17
100
AcDbEntity
  8
0
100
AcDbLine
 10
1.10446
 20
11.38042
 30
0.0
 11
0.9732999999999999
 21
11.12625
 31
0.0
  0
LINE
  5
CA0
330
17
100
AcDbEntity
  8
0
100
AcDbLine
 10
0.9732999999999999
 20
11.12625
 30
0.0
 11
0.8265399999999999
 21
10.76476
 31
0.0
  0
LINE
  5
CA1
330
17
100
AcDbEntity
  8
0
100
AcDbLine
 10
0.8265399999999999
 20
10.76476
 30
0.0
 11
0.71254
 21
10.39164
 31
0.0
  0
LINE
  5
CA2
330
17
100
AcDbEntity
  8
0
100
AcDbLine
 10
0.71254
 20
10.39164
 30
0.0
 11
0.6322
 21
10.00986
 31
0.0
  0
LINE
  5
CA3
330
17
100
AcDbEntity
  8
0
100
AcDbLine
 10
0.6322
 20
10.00986
 30
0.0
 11
0.58399
 21
9.61385
 31
0.0
  0
LINE
  5
CA4
330
17
100
AcDbEntity
  8
0
100
AcDbLine
 10
0.58399
 20
9.61385
 30
0.0
 11
0.56891
 21
9.2152
 31
0.0
  0
LINE
  5
CA5
330
17
100
AcDbEntity
  8
0
100
AcDbLine
 10
0.56891
 20
9.2152
 30
0.0
 11
0.58709
 21
8.81669
 31
0.0
  0
LINE
  5
CA6
330
17
100
AcDbEntity
  8
0
100
AcDbLine
 10
0.58709
 20
8.81669
 30
0.0
 11
0.63857
 21
8.41892
 31
0.0
  0
LINE
  5
CA7
330
17
100
AcDbEntity
  8
0
100
AcDbLine
 10
0.63857
 20
8.41892
 30
0.0
 11
0.7228100000000001
 21
8.02678
 31
0.0
  0
LINE
  5
CA8
330
17
100
AcDbEntity
  8
0
100
AcDbLine
 10
0.7228100000000001
 20
8.02678
 30
0.0
 11
0.83922
 21
7.6429599999999995
 31
0.0
  0
LINE
  5
CA9
330
17
100
AcDbEntity
  8
0
100
AcDbLine
 10
0.83922
 20
7.6429599999999995
 30
0.0
 11
0.98574
 21
7.27504
 31
0.0
  0
LINE
  5
CAA
330
17
100
AcDbEntity
  8
0
100
AcDbLine
 10
0.98574
 20
7.27504
 30
0.0
 11
1.16335
 21
6.92109
 31
0.0
  0
LINE
  5
CAB
330
17
100
AcDbEntity
  8
0
100
AcDbLine
 10
1.16335
 20
6.92109
 30
0.0
 11
1.37074
 21
6.5837200000000005
 31
0.0
  0
LINE
  5
CAC
330
17
100
AcDbEntity
  8
0
100
AcDbLine
 10
1.37074
 20
6.5837200000000005
 30
0.0
 11
1.5521800000000001
 21
6.33425
 31
0.0
  0
LINE
  5
CAD
330
17
100
AcDbEntity
  8
0
100
AcDbLine
 10
1.5521800000000001
 20
6.33425
 30
0.0
 11
1.75041
 21
6.0979
 31
0.0
  0
LINE
  5
CAE
330
17
100
AcDbEntity
  8
0
100
AcDbLine
 10
1.75041
 20
6.0979
 30
0.0
 11
1.96924
 21
5.86979
 31
0.0
  0
LINE
  5
CAF
330
17
100
AcDbEntity
  8
0
100
AcDbLine
 10
1.96924
 20
5.86979
 30
0.0
 11
2.2022500000000003
 21
5.65621
 31
0.0
  0
LINE
  5
CB0
330
17
100
AcDbEntity
  8
0
100
AcDbLine
 10
2.2022500000000003
 20
5.65621
 30
0.0
 11
2.4483099999999998
 21
5.4582
 31
0.0
  0
LINE
  5
CB1
330
17
100
AcDbEntity
  8
0
100
AcDbLine
 10
2.4483099999999998
 20
5.4582
 30
0.0
 11
2.70658
 21
5.276420000000001
 31
0.0
  0
LINE
  5
CB2
330
17
100
AcDbEntity
  8
0
100
AcDbLine
 10
2.70658
 20
5.276420000000001
 30
0.0
 11
2.9695
 21
5.11652
 31
0.0
  0
LINE
  5
CB3
330
17
100
AcDbEntity
  8
0
100
AcDbLine
 10
2.9695
 20
5.11652
 30
0.0
 11
3.24289
 21
4.975280000000001
 31
0.0
  0
LINE
  5
CB4
330
17
100
AcDbEntity
  8
0
100
AcDbLine
 10
3.24289
 20
4.975280000000001
 30
0.0
 11
3.57772
 21
4.83206
 31
0.0
  0
LINE
  5
CB5
330
17
100
AcDbEntity
  8
0
100
AcDbLine
 10
3.57772
 20
4.83206
 30
0.0
 11
3.9224200000000002
 21
4.71459
 31
0.0
  0
LINE
  5
CB6
330
17
100
AcDbEntity
  8
0
100
AcDbLine
 10
3.9224200000000002
 20
4.71459
 30
0.0
 11
4.27503
 21
4.6235599999999994
 31
0.0
  0
LINE
  5
CB7
330
17
100
AcDbEntity
  8
0
100
AcDbLine
 10
4.27503
 20
4.6235599999999994
 30
0.0
 11
4.63523
 21
4.5589699999999995
 31
0.0
  0
LINE
  5
CB8
330
17
100
AcDbEntity
  8
0
100
AcDbLine
 10
4.63523
 20
4.5589699999999995
 30
0.0
 11
4.99924
 21
4.52144
 31
0.0
  0
LINE
  5
CB9
330
17
100
AcDbEntity
  8
0
100
AcDbLine
 10
4.99924
 20
4.52144
 30
0.0
 11
5.36504
 21
4.51117
 31
0.0
  0
LINE
  5
CBA
330
17
100
AcDbEntity
  8
0
100
AcDbLine
 10
5.36504
 20
4.51117
 30
0.0
 11
5.73043
 21
4.528230000000001
 31
0.0
  0
LINE
  5
CBB
330
17
100
AcDbEntity
  8
0
100
AcDbLine
 10
5.73043
 20
4.528230000000001
 30
0.0
 11
6.0935299999999994
 21
4.57251
 31
0.0
  0
LINE
  5
CBC
330
17
100
AcDbEntity
  8
0
100
AcDbLine
 10
6.0935299999999994
 20
4.57251
 30
0.0
 11
6.45231
 21
4.64377
 31
0.0
  0
LINE
  5
CBD
330
17
100
AcDbEntity
  8
0
100
AcDbLine
 10
3.85484
 20
10.54353
 30
0.0
 11
3.9406800000000004
 21
10.62552
 31
0.0
  0
LINE
  5
CBE
330
17
100
AcDbEntity
  8
0
100
AcDbLine
 10
3.9406800000000004
 20
10.62552
 30
0.0
 11
4.0310500000000005
 21
10.70251
 31
0.0
  0
LINE
  5
CBF
330
17
100
AcDbEntity
  8
0
100
AcDbLine
 10
4.0310500000000005
 20
10.70251
 30
0.0
 11
4.12279
 21
10.771650000000001
 31
0.0
  0
LINE
  5
CC0
330
17
100
AcDbEntity
  8
0
100
AcDbLine
 10
4.12279
 20
10.771650000000001
 30
0.0
 11
4.21868
 21
10.834909999999999
 31
0.0
  0
LINE
  5
CC1
330
17
100
AcDbEntity
  8
0
100
AcDbLine
 10
4.21868
 20
10.834909999999999
 30
0.0
 11
4.31961
 21
10.892819999999999
 31
0.0
  0
LINE
  5
CC2
330
17
100
AcDbEntity
  8
0
100
AcDbLine
 10
4.31961
 20
10.892819999999999
 30
0.0
 11
4.42392
 21
10.94439
 31
0.0
  0
LINE
  5
CC3
330
17
100
AcDbEntity
  8
0
100
AcDbLine
 10
4.42392
 20
10.94439
 30
0.0
 11
4.65285
 21
11.03479
 31
0.0
  0
LINE
  5
CC4
330
17
100
AcDbEntity
  8
0
100
AcDbLine
 10
4.65285
 20
11.03479
 30
0.0
 11
4.851249999999999
 21
11.08956
 31
0.0
  0
LINE
  5
CC5
330
17
100
AcDbEntity
  8
0
100
AcDbLine
 10
4.851249999999999
 20
11.08956
 30
0.0
 11
5.05443
 21
11.122430000000001
 31
0.0
  0
LINE
  5
CC6
330
17
100
AcDbEntity
  8
0
100
AcDbLine
 10
5.05443
 20
11.122430000000001
 30
0.0
 11
5.25998
 21
11.133000000000001
 31
0.0
  0
LINE
  5
CC7
330
17
100
AcDbEntity
  8
0
100
AcDbLine
 10
5.25998
 20
11.133000000000001
 30
0.0
 11
5.46546
 21
11.12114
 31
0.0
  0
LINE
  5
CC8
330
17
100
AcDbEntity
  8
0
100
AcDbLine
 10
5.46546
 20
11.12114
 30
0.0
 11
5.669569999999999
 21
11.087
 31
0.0
  0
LINE
  5
CC9
330
17
100
AcDbEntity
  8
0
100
AcDbLine
 10
5.669569999999999
 20
11.087
 30
0.0
 11
5.86886
 21
11.03121
 31
0.0
  0
LINE
  5
CCA
330
17
100
AcDbEntity
  8
0
100
AcDbLine
 10
5.86886
 20
11.03121
 30
0.0
 11
6.06104
 21
10.95441
 31
0.0
  0
LINE
  5
CCB
330
17
100
AcDbEntity
  8
0
100
AcDbLine
 10
6.06104
 20
10.95441
 30
0.0
 11
6.24389
 21
10.857479999999999
 31
0.0
  0
LINE
  5
CCC
330
17
100
AcDbEntity
  8
0
100
AcDbLine
 10
6.24389
 20
10.857479999999999
 30
0.0
 11
6.4187899999999996
 21
10.73953
 31
0.0
  0
LINE
  5
CCD
330
17
100
AcDbEntity
  8
0
100
AcDbLine
 10
6.4187899999999996
 20
10.73953
 30
0.0
 11
6.58044
 21
10.60398
 31
0.0
  0
LINE
  5
CCE
330
17
100
AcDbEntity
  8
0
100
AcDbLine
 10
6.58044
 20
10.60398
 30
0.0
 11
6.72706
 21
10.452309999999999
 31
0.0
  0
LINE
  5
CCF
330
17
100
AcDbEntity
  8
0
100
AcDbLine
 10
6.72706
 20
10.452309999999999
 30
0.0
 11
6.85706
 21
10.28616
 31
0.0
  0
LINE
  5
CD0
330
17
100
AcDbEntity
  8
0
100
AcDbLine
 10
6.85706
 20
10.28616
 30
0.0
 11
6.9717
 21
10.10426
 31
0.0
  0
LINE
  5
CD1
330
17
100
AcDbEntity
  8
0
100
AcDbLine
 10
6.9717
 20
10.10426
 30
0.0
 11
7.0678399999999995
 21
9.91195
 31
0.0
  0
LINE
  5
CD2
330
17
100
AcDbEntity
  8
0
100
AcDbLine
 10
7.0678399999999995
 20
9.91195
 30
0.0
 11
7.14456
 21
9.71109
 31
0.0
  0
LINE
  5
CD3
330
17
100
AcDbEntity
  8
0
100
AcDbLine
 10
7.14456
 20
9.71109
 30
0.0
 11
7.20111
 21
9.50365
 31
0.0
  0
LINE
  5
CD4
330
17
100
AcDbEntity
  8
0
100
AcDbLine
 10
7.20111
 20
9.50365
 30
0.0
 11
7.22928
 21
9.33438
 31
0.0
  0
LINE
  5
CD5
330
17
100
AcDbEntity
  8
0
100
AcDbLine
 10
7.22928
 20
9.33438
 30
0.0
 11
7.2398
 21
9.1631
 31
0.0
  0
LINE
  5
CD6
330
17
100
AcDbEntity
  8
0
100
AcDbLine
 10
7.2398
 20
9.1631
 30
0.0
 11
7.23255
 21
8.99166
 31
0.0
  0
LINE
  5
CD7
330
17
100
AcDbEntity
  8
0
100
AcDbLine
 10
7.23255
 20
8.99166
 30
0.0
 11
7.20763
 21
8.81466
 31
0.0
  0
LINE
  5
CD8
330
17
100
AcDbEntity
  8
0
100
AcDbLine
 10
7.20763
 20
8.81466
 30
0.0
 11
7.166589999999999
 21
8.640699999999999
 31
0.0
  0
LINE
  5
CD9
330
17
100
AcDbEntity
  8
0
100
AcDbLine
 10
7.166589999999999
 20
8.640699999999999
 30
0.0
 11
7.1098
 21
8.47122
 31
0.0
  0
LINE
  5
CDA
330
17
100
AcDbEntity
  8
0
100
AcDbLine
 10
7.1098
 20
8.47122
 30
0.0
 11
7.0386
 21
8.30996
 31
0.0
  0
LINE
  5
CDB
330
17
100
AcDbEntity
  8
0
100
AcDbLine
 10
7.0386
 20
8.30996
 30
0.0
 11
6.95273
 21
8.15601
 31
0.0
  0
LINE
  5
CDC
330
17
100
AcDbEntity
  8
0
100
AcDbLine
 10
6.95273
 20
8.15601
 30
0.0
 11
6.85293
 21
8.010710000000001
 31
0.0
  0
LINE
  5
CDD
330
17
100
AcDbEntity
  8
0
100
AcDbLine
 10
6.85293
 20
8.010710000000001
 30
0.0
 11
6.774
 21
7.915240000000001
 31
0.0
  0
LINE
  5
CDE
330
17
100
AcDbEntity
  8
0
100
AcDbLine
 10
6.774
 20
7.915240000000001
 30
0.0
 11
6.687270000000001
 21
7.82681
 31
0.0
  0
LINE
  5
CDF
330
17
100
AcDbEntity
  8
0
100
AcDbLine
 10
6.687270000000001
 20
7.82681
 30
0.0
 11
6.5933600000000006
 21
7.74604
 31
0.0
  0
LINE
  5
CE0
330
17
100
AcDbEntity
  8
0
100
AcDbLine
 10
6.5933600000000006
 20
7.74604
 30
0.0
 11
6.49294
 21
7.6735299999999995
 31
0.0
  0
LINE
  5
CE1
330
17
100
AcDbEntity
  8
0
100
AcDbLine
 10
6.49294
 20
7.6735299999999995
 30
0.0
 11
6.43363
 21
7.63806
 31
0.0
  0
LINE
  5
CE2
330
17
100
AcDbEntity
  8
0
100
AcDbLine
 10
6.43363
 20
7.63806
 30
0.0
 11
6.37143
 21
7.60795
 31
0.0
  0
LINE
  5
CE3
330
17
100
AcDbEntity
  8
0
100
AcDbLine
 10
6.37143
 20
7.60795
 30
0.0
 11
6.30682
 21
7.583419999999999
 31
0.0
  0
LINE
  5
CE4
330
17
100
AcDbEntity
  8
0
100
AcDbLine
 10
6.30682
 20
7.583419999999999
 30
0.0
 11
6.24031
 21
7.56467
 31
0.0
  0
LINE
  5
CE5
330
17
100
AcDbEntity
  8
0
100
AcDbLine
 10
6.24031
 20
7.56467
 30
0.0
 11
6.06312
 21
7.5305
 31
0.0
  0
LINE
  5
CE6
330
17
100
AcDbEntity
  8
0
100
AcDbLine
 10
6.06312
 20
7.5305
 30
0.0
 11
5.88376
 21
7.5107
 31
0.0
  0
LINE
  5
CE7
330
17
100
AcDbEntity
  8
0
100
AcDbLine
 10
5.88376
 20
7.5107
 30
0.0
 11
5.69198
 21
7.50484
 31
0.0
  0
LINE
  5
CE8
330
17
100
AcDbEntity
  8
0
100
AcDbLine
 10
5.69198
 20
7.50484
 30
0.0
 11
5.50032
 21
7.5140199999999995
 31
0.0
  0
LINE
  5
CE9
330
17
100
AcDbEntity
  8
0
100
AcDbLine
 10
5.50032
 20
7.5140199999999995
 30
0.0
 11
5.32853
 21
7.53822
 31
0.0
  0
LINE
  5
CEA
330
17
100
AcDbEntity
  8
0
100
AcDbLine
 10
5.32853
 20
7.53822
 30
0.0
 11
5.16024
 21
7.58044
 31
0.0
  0
LINE
  5
CEB
330
17
100
AcDbEntity
  8
0
100
AcDbLine
 10
5.16024
 20
7.58044
 30
0.0
 11
4.931900000000001
 21
7.66322
 31
0.0
  0
LINE
  5
CEC
330
17
100
AcDbEntity
  8
0
100
AcDbLine
 10
4.931900000000001
 20
7.66322
 30
0.0
 11
4.71275
 21
7.76793
 31
0.0
  0
LINE
  5
CED
330
17
100
AcDbEntity
  8
0
100
AcDbLine
 10
4.71275
 20
7.76793
 30
0.0
 11
4.5048900000000005
 21
7.893580000000001
 31
0.0
  0
LINE
  5
CEE
330
17
100
AcDbEntity
  8
0
100
AcDbLine
 10
4.5048900000000005
 20
7.893580000000001
 30
0.0
 11
4.316859999999999
 21
8.035459999999999
 31
0.0
  0
LINE
  5
CEF
330
17
100
AcDbEntity
  8
0
100
AcDbLine
 10
4.316859999999999
 20
8.035459999999999
 30
0.0
 11
4.14511
 21
8.196679999999999
 31
0.0
  0
LINE
  5
CF0
330
17
100
AcDbEntity
  8
0
100
AcDbLine
 10
4.14511
 20
8.196679999999999
 30
0.0
 11
3.9916400000000003
 21
8.37538
 31
0.0
  0
LINE
  5
CF1
330
17
100
AcDbEntity
  8
0
100
AcDbLine
 10
3.9916400000000003
 20
8.37538
 30
0.0
 11
3.89154
 21
8.51717
 31
0.0
  0
LINE
  5
CF2
330
17
100
AcDbEntity
  8
0
100
AcDbLine
 10
3.89154
 20
8.51717
 30
0.0
 11
3.8034499999999998
 21
8.666699999999999
 31
0.0
  0
LINE
  5
CF3
330
17
100
AcDbEntity
  8
0
100
AcDbLine
 10
3.8034499999999998
 20
8.666699999999999
 30
0.0
 11
3.72795
 21
8.82298
 31
0.0
  0
LINE
  5
CF4
330
17
100
AcDbEntity
  8
0
100
AcDbLine
 10
3.72795
 20
8.82298
 30
0.0
 11
3.66556
 21
8.98494
 31
0.0
  0
LINE
  5
CF5
330
17
100
AcDbEntity
  8
0
100
AcDbLine
 10
3.66556
 20
8.98494
 30
0.0
 11
3.60321
 21
9.20843
 31
0.0
  0
LINE
  5
CF6
330
17
100
AcDbEntity
  8
0
100
AcDbLine
 10
3.60321
 20
9.20843
 30
0.0
 11
3.56551
 21
9.437380000000001
 31
0.0
  0
LINE
  5
CF7
330
17
100
AcDbEntity
  8
0
100
AcDbLine
 10
3.56551
 20
9.437380000000001
 30
0.0
 11
3.5528999999999997
 21
9.66906
 31
0.0
  0
LINE
  5
CF8
330
17
100
AcDbEntity
  8
0
100
AcDbLine
 10
3.5528999999999997
 20
9.66906
 30
0.0
 11
3.5670200000000003
 21
9.971860000000001
 31
0.0
  0
LINE
  5
CF9
330
17
100
AcDbEntity
  8
0
100
AcDbLine
 10
3.5670200000000003
 20
9.971860000000001
 30
0.0
 11
3.57671
 21
10.04426
 31
0.0
  0
LINE
  5
CFA
330
17
100
AcDbEntity
  8
0
100
AcDbLine
 10
3.57671
 20
10.04426
 30
0.0
 11
3.5921299999999996
 21
10.11566
 31
0.0
  0
LINE
  5
CFB
330
17
100
AcDbEntity
  8
0
100
AcDbLine
 10
3.5921299999999996
 20
10.11566
 30
0.0
 11
3.6132
 21
10.185599999999999
 31
0.0
  0
LINE
  5
CFC
330
17
100
AcDbEntity
  8
0
100
AcDbLine
 10
3.6132
 20
10.185599999999999
 30
0.0
 11
3.63775
 21
10.24724
 31
0.0
  0
LINE
  5
CFD
330
17
100
AcDbEntity
  8
0
100
AcDbLine
 10
3.63775
 20
10.24724
 30
0.0
 11
3.6679299999999997
 21
10.30633
 31
0.0
  0
LINE
  5
CFE
330
17
100
AcDbEntity
  8
0
100
AcDbLine
 10
3.6679299999999997
 20
10.30633
 30
0.0
 11
3.70348
 21
10.36235
 31
0.0
  0
LINE
  5
CFF
330
17
100
AcDbEntity
  8
0
100
AcDbLine
 10
3.70348
 20
10.36235
 30
0.0
 11
3.77535
 21
10.456119999999999
 31
0.0
  0
LINE
  5
D00
330
17
100
AcDbEntity
  8
0
100
AcDbLine
 10
3.77535
 20
10.456119999999999
 30
0.0
 11
3.85484
 21
10.54353
 31
0.0
  0
LINE
  5
D01
330
17
100
AcDbEntity
  8
0
100
AcDbLine
 10
-18.56032
 20
-4.354410000000001
 30
0.0
 11
-18.544459999999997
 21
-4.58955
 31
0.0
  0
LINE
  5
D02
330
17
100
AcDbEntity
  8
0
100
AcDbLine
 10
-18.544459999999997
 20
-4.58955
 30
0.0
 11
-18.53889
 21
-4.629720000000001
 31
0.0
  0
LINE
  5
D03
330
17
100
AcDbEntity
  8
0
100
AcDbLine
 10
-18.53889
 20
-4.629720000000001
 30
0.0
 11
-18.52955
 21
-4.66919
 31
0.0
  0
LINE
  5
D04
330
17
100
AcDbEntity
  8
0
100
AcDbLine
 10
-18.52955
 20
-4.66919
 30
0.0
 11
-18.51653
 21
-4.7076
 31
0.0
  0
LINE
  5
D05
330
17
100
AcDbEntity
  8
0
100
AcDbLine
 10
-18.51653
 20
-4.7076
 30
0.0
 11
-18.45458
 21
-4.845859999999999
 31
0.0
  0
LINE
  5
D06
330
17
100
AcDbEntity
  8
0
100
AcDbLine
 10
-18.45458
 20
-4.845859999999999
 30
0.0
 11
-18.37987
 21
-4.97767
 31
0.0
  0
LINE
  5
D07
330
17
100
AcDbEntity
  8
0
100
AcDbLine
 10
-18.37987
 20
-4.97767
 30
0.0
 11
-18.29306
 21
-5.10184
 31
0.0
  0
LINE
  5
D08
330
17
100
AcDbEntity
  8
0
100
AcDbLine
 10
-18.29306
 20
-5.10184
 30
0.0
 11
-18.224890000000002
 21
-5.18254
 31
0.0
  0
LINE
  5
D09
330
17
100
AcDbEntity
  8
0
100
AcDbLine
 10
-18.224890000000002
 20
-5.18254
 30
0.0
 11
-18.14987
 21
-5.25692
 31
0.0
  0
LINE
  5
D0A
330
17
100
AcDbEntity
  8
0
100
AcDbLine
 10
-18.14987
 20
-5.25692
 30
0.0
 11
-18.06861
 21
-5.32442
 31
0.0
  0
LINE
  5
D0B
330
17
100
AcDbEntity
  8
0
100
AcDbLine
 10
-18.06861
 20
-5.32442
 30
0.0
 11
-17.981710000000003
 21
-5.3845
 31
0.0
  0
LINE
  5
D0C
330
17
100
AcDbEntity
  8
0
100
AcDbLine
 10
-17.981710000000003
 20
-5.3845
 30
0.0
 11
-17.886429999999997
 21
-5.43894
 31
0.0
  0
LINE
  5
D0D
330
17
100
AcDbEntity
  8
0
100
AcDbLine
 10
-17.886429999999997
 20
-5.43894
 30
0.0
 11
-17.786929999999998
 21
-5.48523
 31
0.0
  0
LINE
  5
D0E
330
17
100
AcDbEntity
  8
0
100
AcDbLine
 10
-17.786929999999998
 20
-5.48523
 30
0.0
 11
-17.68391
 21
-5.52305
 31
0.0
  0
LINE
  5
D0F
330
17
100
AcDbEntity
  8
0
100
AcDbLine
 10
-17.68391
 20
-5.52305
 30
0.0
 11
-17.57809
 21
-5.55214
 31
0.0
  0
LINE
  5
D10
330
17
100
AcDbEntity
  8
0
100
AcDbLine
 10
-17.57809
 20
-5.55214
 30
0.0
 11
-17.41467
 21
-5.58331
 31
0.0
  0
LINE
  5
D11
330
17
100
AcDbEntity
  8
0
100
AcDbLine
 10
-17.41467
 20
-5.58331
 30
0.0
 11
-17.24935
 21
-5.60198
 31
0.0
  0
LINE
  5
D12
330
17
100
AcDbEntity
  8
0
100
AcDbLine
 10
-17.24935
 20
-5.60198
 30
0.0
 11
-17.08309
 21
-5.60804
 31
0.0
  0
LINE
  5
D13
330
17
100
AcDbEntity
  8
0
100
AcDbLine
 10
-17.08309
 20
-5.60804
 30
0.0
 11
-16.929550000000003
 21
-5.60069
 31
0.0
  0
LINE
  5
D14
330
17
100
AcDbEntity
  8
0
100
AcDbLine
 10
-16.929550000000003
 20
-5.60069
 30
0.0
 11
-16.77735
 21
-5.5791699999999995
 31
0.0
  0
LINE
  5
D15
330
17
100
AcDbEntity
  8
0
100
AcDbLine
 10
-16.77735
 20
-5.5791699999999995
 30
0.0
 11
-16.62779
 21
-5.54367
 31
0.0
  0
LINE
  5
D16
330
17
100
AcDbEntity
  8
0
100
AcDbLine
 10
-16.62779
 20
-5.54367
 30
0.0
 11
-16.525370000000002
 21
-5.50954
 31
0.0
  0
LINE
  5
D17
330
17
100
AcDbEntity
  8
0
100
AcDbLine
 10
-16.525370000000002
 20
-5.50954
 30
0.0
 11
-16.426190000000002
 21
-5.466880000000001
 31
0.0
  0
LINE
  5
D18
330
17
100
AcDbEntity
  8
0
100
AcDbLine
 10
-16.426190000000002
 20
-5.466880000000001
 30
0.0
 11
-16.33097
 21
-5.4159999999999995
 31
0.0
  0
LINE
  5
D19
330
17
100
AcDbEntity
  8
0
100
AcDbLine
 10
-16.33097
 20
-5.4159999999999995
 30
0.0
 11
-16.24039
 21
-5.35727
 31
0.0
  0
LINE
  5
D1A
330
17
100
AcDbEntity
  8
0
100
AcDbLine
 10
-16.24039
 20
-5.35727
 30
0.0
 11
-16.1543
 21
-5.29055
 31
0.0
  0
LINE
  5
D1B
330
17
100
AcDbEntity
  8
0
100
AcDbLine
 10
-16.1543
 20
-5.29055
 30
0.0
 11
-16.074080000000002
 21
-5.21688
 31
0.0
  0
LINE
  5
D1C
330
17
100
AcDbEntity
  8
0
100
AcDbLine
 10
-16.074080000000002
 20
-5.21688
 30
0.0
 11
-16.00029
 21
-5.136769999999999
 31
0.0
  0
LINE
  5
D1D
330
17
100
AcDbEntity
  8
0
100
AcDbLine
 10
-16.00029
 20
-5.136769999999999
 30
0.0
 11
-15.933440000000001
 21
-5.0507800000000005
 31
0.0
  0
LINE
  5
D1E
330
17
100
AcDbEntity
  8
0
100
AcDbLine
 10
-15.933440000000001
 20
-5.0507800000000005
 30
0.0
 11
-15.848
 21
-4.9189300000000005
 31
0.0
  0
LINE
  5
D1F
330
17
100
AcDbEntity
  8
0
100
AcDbLine
 10
-15.848
 20
-4.9189300000000005
 30
0.0
 11
-15.774469999999999
 21
-4.78008
 31
0.0
  0
LINE
  5
D20
330
17
100
AcDbEntity
  8
0
100
AcDbLine
 10
-15.774469999999999
 20
-4.78008
 30
0.0
 11
-15.713439999999999
 21
-4.6353100000000005
 31
0.0
  0
LINE
  5
D21
330
17
100
AcDbEntity
  8
0
100
AcDbLine
 10
-15.713439999999999
 20
-4.6353100000000005
 30
0.0
 11
-15.680869999999999
 21
-4.5489299999999995
 31
0.0
  0
LINE
  5
D22
330
17
100
AcDbEntity
  8
0
100
AcDbLine
 10
-15.680869999999999
 20
-4.5489299999999995
 30
0.0
 11
-15.646759999999999
 21
-4.46138
 31
0.0
  0
LINE
  5
D23
330
17
100
AcDbEntity
  8
0
100
AcDbLine
 10
-15.646759999999999
 20
-4.46138
 30
0.0
 11
-15.61575
 21
-4.38426
 31
0.0
  0
LINE
  5
D24
330
17
100
AcDbEntity
  8
0
100
AcDbLine
 10
-15.61575
 20
-4.38426
 30
0.0
 11
-15.59468
 21
-4.33528
 31
0.0
  0
LINE
  5
D25
330
17
100
AcDbEntity
  8
0
100
AcDbLine
 10
-15.59468
 20
-4.33528
 30
0.0
 11
-15.56275
 21
-4.25471
 31
0.0
  0
LINE
  5
D26
330
17
100
AcDbEntity
  8
0
100
AcDbLine
 10
-15.56275
 20
-4.25471
 30
0.0
 11
-15.53867
 21
-4.17145
 31
0.0
  0
LINE
  5
D27
330
17
100
AcDbEntity
  8
0
100
AcDbLine
 10
-15.53867
 20
-4.17145
 30
0.0
 11
-15.51981
 21
-4.07754
 31
0.0
  0
LINE
  5
D28
330
17
100
AcDbEntity
  8
0
100
AcDbLine
 10
-15.51981
 20
-4.07754
 30
0.0
 11
-15.50766
 21
-3.9825399999999997
 31
0.0
  0
LINE
  5
D29
330
17
100
AcDbEntity
  8
0
100
AcDbLine
 10
-15.50766
 20
-3.9825399999999997
 30
0.0
 11
-15.49257
 21
-3.70123
 31
0.0
  0
LINE
  5
D2A
330
17
100
AcDbEntity
  8
0
100
AcDbLine
 10
-15.49257
 20
-3.70123
 30
0.0
 11
-15.488
 21
-3.17504
 31
0.0
  0
LINE
  5
D2B
330
17
100
AcDbEntity
  8
0
100
AcDbLine
 10
-15.488
 20
-3.17504
 30
0.0
 11
-15.48625
 21
-2.7002900000000003
 31
0.0
  0
LINE
  5
D2C
330
17
100
AcDbEntity
  8
0
100
AcDbLine
 10
-15.48625
 20
-2.7002900000000003
 30
0.0
 11
-15.48122
 21
-1.8336999999999999
 31
0.0
  0
LINE
  5
D2D
330
17
100
AcDbEntity
  8
0
100
AcDbLine
 10
-15.48122
 20
-1.8336999999999999
 30
0.0
 11
-15.47463
 21
-0.8214999999999999
 31
0.0
  0
LINE
  5
D2E
330
17
100
AcDbEntity
  8
0
100
AcDbLine
 10
-15.47463
 20
-0.8215
 30
0.0
 11
-15.46712
 21
0.2203400000000001
 31
0.0
  0
LINE
  5
D2F
330
17
100
AcDbEntity
  8
0
100
AcDbLine
 10
-15.46712
 20
0.22034
 30
0.0
 11
-15.45713
 21
1.73768
 31
0.0
  0
LINE
  5
D30
330
17
100
AcDbEntity
  8
0
100
AcDbLine
 10
-15.45713
 20
1.73768
 30
0.0
 11
-15.45905
 21
2.40592
 31
0.0
  0
LINE
  5
D31
330
17
100
AcDbEntity
  8
0
100
AcDbLine
 10
-15.45905
 20
2.40592
 30
0.0
 11
-15.46996
 21
2.79115
 31
0.0
  0
LINE
  5
D32
330
17
100
AcDbEntity
  8
0
100
AcDbLine
 10
-15.46996
 20
2.79115
 30
0.0
 11
-15.47949
 21
2.8942400000000004
 31
0.0
  0
LINE
  5
D33
330
17
100
AcDbEntity
  8
0
100
AcDbLine
 10
-15.47949
 20
2.8942400000000004
 30
0.0
 11
-15.49867
 21
2.99598
 31
0.0
  0
LINE
  5
D34
330
17
100
AcDbEntity
  8
0
100
AcDbLine
 10
-15.49867
 20
2.99598
 30
0.0
 11
-15.529029999999999
 21
3.10412
 31
0.0
  0
LINE
  5
D35
330
17
100
AcDbEntity
  8
0
100
AcDbLine
 10
-15.529029999999999
 20
3.10412
 30
0.0
 11
-15.56805
 21
3.20945
 31
0.0
  0
LINE
  5
D36
330
17
100
AcDbEntity
  8
0
100
AcDbLine
 10
-15.56805
 20
3.20945
 30
0.0
 11
-15.615459999999999
 21
3.31127
 31
0.0
  0
LINE
  5
D37
330
17
100
AcDbEntity
  8
0
100
AcDbLine
 10
-15.615459999999999
 20
3.31127
 30
0.0
 11
-15.66783
 21
3.40125
 31
0.0
  0
LINE
  5
D38
330
17
100
AcDbEntity
  8
0
100
AcDbLine
 10
-15.66783
 20
3.40125
 30
0.0
 11
-15.72905
 21
3.4854600000000002
 31
0.0
  0
LINE
  5
D39
330
17
100
AcDbEntity
  8
0
100
AcDbLine
 10
-15.72905
 20
3.4854600000000002
 30
0.0
 11
-15.7985
 21
3.56302
 31
0.0
  0
LINE
  5
D3A
330
17
100
AcDbEntity
  8
0
100
AcDbLine
 10
-15.7985
 20
3.56302
 30
0.0
 11
-15.874389999999998
 21
3.63203
 31
0.0
  0
LINE
  5
D3B
330
17
100
AcDbEntity
  8
0
100
AcDbLine
 10
-15.874389999999998
 20
3.63203
 30
0.0
 11
-15.956999999999999
 21
3.6928199999999998
 31
0.0
  0
LINE
  5
D3C
330
17
100
AcDbEntity
  8
0
100
AcDbLine
 10
-15.956999999999999
 20
3.6928199999999998
 30
0.0
 11
-16.045469999999998
 21
3.7447399999999997
 31
0.0
  0
LINE
  5
D3D
330
17
100
AcDbEntity
  8
0
100
AcDbLine
 10
-16.045469999999998
 20
3.7447399999999997
 30
0.0
 11
-16.14356
 21
3.7903
 31
0.0
  0
LINE
  5
D3E
330
17
100
AcDbEntity
  8
0
100
AcDbLine
 10
-16.14356
 20
3.7903
 30
0.0
 11
-16.24529
 21
3.82701
 31
0.0
  0
LINE
  5
D3F
330
17
100
AcDbEntity
  8
0
100
AcDbLine
 10
-16.24529
 20
3.82701
 30
0.0
 11
-16.34987
 21
3.8546
 31
0.0
  0
LINE
  5
D40
330
17
100
AcDbEntity
  8
0
100
AcDbLine
 10
-16.34987
 20
3.8546
 30
0.0
 11
-16.49975
 21
3.8808100000000003
 31
0.0
  0
LINE
  5
D41
330
17
100
AcDbEntity
  8
0
100
AcDbLine
 10
-16.49975
 20
3.8808100000000003
 30
0.0
 11
-16.65125
 21
3.89475
 31
0.0
  0
LINE
  5
D42
330
17
100
AcDbEntity
  8
0
100
AcDbLine
 10
-16.65125
 20
3.89475
 30
0.0
 11
-16.79164
 21
3.89466
 31
0.0
  0
LINE
  5
D43
330
17
100
AcDbEntity
  8
0
100
AcDbLine
 10
-16.79164
 20
3.89466
 30
0.0
 11
-16.93126
 21
3.88008
 31
0.0
  0
LINE
  5
D44
330
17
100
AcDbEntity
  8
0
100
AcDbLine
 10
-16.93126
 20
3.88008
 30
0.0
 11
-17.06901
 21
3.8511100000000003
 31
0.0
  0
LINE
  5
D45
330
17
100
AcDbEntity
  8
0
100
AcDbLine
 10
-17.06901
 20
3.8511100000000003
 30
0.0
 11
-17.203039999999998
 21
3.80811
 31
0.0
  0
LINE
  5
D46
330
17
100
AcDbEntity
  8
0
100
AcDbLine
 10
-17.203039999999998
 20
3.80811
 30
0.0
 11
-17.34407
 21
3.74817
 31
0.0
  0
LINE
  5
D47
330
17
100
AcDbEntity
  8
0
100
AcDbLine
 10
-17.34407
 20
3.74817
 30
0.0
 11
-17.47986
 21
3.67715
 31
0.0
  0
LINE
  5
D48
330
17
100
AcDbEntity
  8
0
100
AcDbLine
 10
-17.47986
 20
3.67715
 30
0.0
 11
-17.52206
 21
3.65455
 31
0.0
  0
LINE
  5
D49
330
17
100
AcDbEntity
  8
0
100
AcDbLine
 10
-17.52206
 20
3.65455
 30
0.0
 11
-17.5926
 21
3.62012
 31
0.0
  0
LINE
  5
D4A
330
17
100
AcDbEntity
  8
0
100
AcDbLine
 10
-17.5926
 20
3.62012
 30
0.0
 11
-17.67399
 21
3.58191
 31
0.0
  0
LINE
  5
D4B
330
17
100
AcDbEntity
  8
0
100
AcDbLine
 10
-17.67399
 20
3.58191
 30
0.0
 11
-17.75596
 21
3.54494
 31
0.0
  0
LINE
  5
D4C
330
17
100
AcDbEntity
  8
0
100
AcDbLine
 10
-17.75596
 20
3.54494
 30
0.0
 11
-17.843629999999997
 21
3.50127
 31
0.0
  0
LINE
  5
D4D
330
17
100
AcDbEntity
  8
0
100
AcDbLine
 10
-17.843629999999997
 20
3.50127
 30
0.0
 11
-17.9269
 21
3.44971
 31
0.0
  0
LINE
  5
D4E
330
17
100
AcDbEntity
  8
0
100
AcDbLine
 10
-17.9269
 20
3.44971
 30
0.0
 11
-18.00506
 21
3.39069
 31
0.0
  0
LINE
  5
D4F
330
17
100
AcDbEntity
  8
0
100
AcDbLine
 10
-18.00506
 20
3.39069
 30
0.0
 11
-18.14787
 21
3.26419
 31
0.0
  0
LINE
  5
D50
330
17
100
AcDbEntity
  8
0
100
AcDbLine
 10
-18.14787
 20
3.26419
 30
0.0
 11
-18.28225
 21
3.12878
 31
0.0
  0
LINE
  5
D51
330
17
100
AcDbEntity
  8
0
100
AcDbLine
 10
-18.28225
 20
3.12878
 30
0.0
 11
-18.621010000000002
 21
2.73069
 31
0.0
  0
LINE
  5
D52
330
17
100
AcDbEntity
  8
0
100
AcDbLine
 10
-18.621010000000002
 20
2.73069
 30
0.0
 11
-19.07557
 21
2.12694
 31
0.0
  0
LINE
  5
D53
330
17
100
AcDbEntity
  8
0
100
AcDbLine
 10
-19.07557
 20
2.12694
 30
0.0
 11
-19.56339
 21
1.45969
 31
0.0
  0
LINE
  5
D54
330
17
100
AcDbEntity
  8
0
100
AcDbLine
 10
-19.56339
 20
1.45969
 30
0.0
 11
-19.95824
 21
0.9237200000000001
 31
0.0
  0
LINE
  5
D55
330
17
100
AcDbEntity
  8
0
100
AcDbLine
 10
-19.95824
 20
0.9237200000000001
 30
0.0
 11
-20.27753
 21
0.49367
 31
0.0
  0
LINE
  5
D56
330
17
100
AcDbEntity
  8
0
100
AcDbLine
 10
-20.27753
 20
0.49367
 30
0.0
 11
-20.35903
 21
0.39347
 31
0.0
  0
LINE
  5
D57
330
17
100
AcDbEntity
  8
0
100
AcDbLine
 10
-20.35903
 20
0.39347
 30
0.0
 11
-20.36035
 21
0.39214000000000004
 31
0.0
  0
LINE
  5
D58
330
17
100
AcDbEntity
  8
0
100
AcDbLine
 10
-20.36035
 20
0.39214000000000004
 30
0.0
 11
-20.361810000000002
 21
0.39096
 31
0.0
  0
LINE
  5
D59
330
17
100
AcDbEntity
  8
0
100
AcDbLine
 10
-20.361810000000002
 20
0.39096
 30
0.0
 11
-20.36338
 21
0.38994
 31
0.0
  0
LINE
  5
D5A
330
17
100
AcDbEntity
  8
0
100
AcDbLine
 10
-20.36338
 20
0.38994
 30
0.0
 11
-20.36506
 21
0.38909
 31
0.0
  0
LINE
  5
D5B
330
17
100
AcDbEntity
  8
0
100
AcDbLine
 10
-20.36506
 20
0.38909
 30
0.0
 11
-20.366809999999997
 21
0.38844
 31
0.0
  0
LINE
  5
D5C
330
17
100
AcDbEntity
  8
0
100
AcDbLine
 10
-20.366809999999997
 20
0.38844
 30
0.0
 11
-20.36863
 21
0.38797000000000004
 31
0.0
  0
LINE
  5
D5D
330
17
100
AcDbEntity
  8
0
100
AcDbLine
 10
-20.36863
 20
0.38797000000000004
 30
0.0
 11
-20.37048
 21
0.3877
 31
0.0
  0
LINE
  5
D5E
330
17
100
AcDbEntity
  8
0
100
AcDbLine
 10
-20.37048
 20
0.3877
 30
0.0
 11
-20.37236
 21
0.38764000000000004
 31
0.0
  0
LINE
  5
D5F
330
17
100
AcDbEntity
  8
0
100
AcDbLine
 10
-20.37236
 20
0.38764000000000004
 30
0.0
 11
-20.37423
 21
0.38778
 31
0.0
  0
LINE
  5
D60
330
17
100
AcDbEntity
  8
0
100
AcDbLine
 10
-20.37423
 20
0.38778
 30
0.0
 11
-20.37607
 21
0.38811
 31
0.0
  0
LINE
  5
D61
330
17
100
AcDbEntity
  8
0
100
AcDbLine
 10
-20.37607
 20
0.38811
 30
0.0
 11
-20.377869999999998
 21
0.38865
 31
0.0
  0
LINE
  5
D62
330
17
100
AcDbEntity
  8
0
100
AcDbLine
 10
-20.377869999999998
 20
0.38865
 30
0.0
 11
-20.3796
 21
0.38937
 31
0.0
  0
LINE
  5
D63
330
17
100
AcDbEntity
  8
0
100
AcDbLine
 10
-20.3796
 20
0.38937
 30
0.0
 11
-20.38124
 21
0.39028
 31
0.0
  0
LINE
  5
D64
330
17
100
AcDbEntity
  8
0
100
AcDbLine
 10
-20.38124
 20
0.39028
 30
0.0
 11
-20.38277
 21
0.39136
 31
0.0
  0
LINE
  5
D65
330
17
100
AcDbEntity
  8
0
100
AcDbLine
 10
-20.38277
 20
0.39136
 30
0.0
 11
-20.384179999999997
 21
0.3926
 31
0.0
  0
LINE
  5
D66
330
17
100
AcDbEntity
  8
0
100
AcDbLine
 10
-20.384179999999997
 20
0.3926
 30
0.0
 11
-20.38545
 21
0.39398
 31
0.0
  0
LINE
  5
D67
330
17
100
AcDbEntity
  8
0
100
AcDbLine
 10
-20.38545
 20
0.39398
 30
0.0
 11
-20.386560000000003
 21
0.39549
 31
0.0
  0
LINE
  5
D68
330
17
100
AcDbEntity
  8
0
100
AcDbLine
 10
-20.386560000000003
 20
0.39549
 30
0.0
 11
-20.3875
 21
0.39711
 31
0.0
  0
LINE
  5
D69
330
17
100
AcDbEntity
  8
0
100
AcDbLine
 10
-20.3875
 20
0.39711
 30
0.0
 11
-20.38826
 21
0.39882999999999996
 31
0.0
  0
LINE
  5
D6A
330
17
100
AcDbEntity
  8
0
100
AcDbLine
 10
-20.38826
 20
0.39882999999999996
 30
0.0
 11
-20.38883
 21
0.40060999999999997
 31
0.0
  0
LINE
  5
D6B
330
17
100
AcDbEntity
  8
0
100
AcDbLine
 10
-20.38883
 20
0.40060999999999997
 30
0.0
 11
-20.3892
 21
0.40245
 31
0.0
  0
LINE
  5
D6C
330
17
100
AcDbEntity
  8
0
100
AcDbLine
 10
-20.3892
 20
0.40245
 30
0.0
 11
-20.40427
 21
0.55499
 31
0.0
  0
LINE
  5
D6D
330
17
100
AcDbEntity
  8
0
100
AcDbLine
 10
-20.40427
 20
0.55499
 30
0.0
 11
-20.41432
 21
0.87358
 31
0.0
  0
LINE
  5
D6E
330
17
100
AcDbEntity
  8
0
100
AcDbLine
 10
-20.41432
 20
0.87358
 30
0.0
 11
-20.42492
 21
1.72795
 31
0.0
  0
LINE
  5
D6F
330
17
100
AcDbEntity
  8
0
100
AcDbLine
 10
-20.42492
 20
1.72795
 30
0.0
 11
-20.436329999999998
 21
2.64519
 31
0.0
  0
LINE
  5
D70
330
17
100
AcDbEntity
  8
0
100
AcDbLine
 10
-20.436329999999998
 20
2.64519
 30
0.0
 11
-20.44758
 21
2.9633
 31
0.0
  0
LINE
  5
D71
330
17
100
AcDbEntity
  8
0
100
AcDbLine
 10
-20.44758
 20
2.9633
 30
0.0
 11
-20.4556
 21
3.05286
 31
0.0
  0
LINE
  5
D72
330
17
100
AcDbEntity
  8
0
100
AcDbLine
 10
-20.4556
 20
3.05286
 30
0.0
 11
-20.46939
 21
3.1417200000000003
 31
0.0
  0
LINE
  5
D73
330
17
100
AcDbEntity
  8
0
100
AcDbLine
 10
-20.46939
 20
3.1417200000000003
 30
0.0
 11
-20.480330000000002
 21
3.18928
 31
0.0
  0
LINE
  5
D74
330
17
100
AcDbEntity
  8
0
100
AcDbLine
 10
-20.480330000000002
 20
3.18928
 30
0.0
 11
-20.49501
 21
3.23582
 31
0.0
  0
LINE
  5
D75
330
17
100
AcDbEntity
  8
0
100
AcDbLine
 10
-20.49501
 20
3.23582
 30
0.0
 11
-20.51333
 21
3.28105
 31
0.0
  0
LINE
  5
D76
330
17
100
AcDbEntity
  8
0
100
AcDbLine
 10
-20.51333
 20
3.28105
 30
0.0
 11
-20.54055
 21
3.3352999999999997
 31
0.0
  0
LINE
  5
D77
330
17
100
AcDbEntity
  8
0
100
AcDbLine
 10
-20.54055
 20
3.3352999999999997
 30
0.0
 11
-20.57208
 21
3.38716
 31
0.0
  0
LINE
  5
D78
330
17
100
AcDbEntity
  8
0
100
AcDbLine
 10
-20.57208
 20
3.38716
 30
0.0
 11
-20.60772
 21
3.4362899999999996
 31
0.0
  0
LINE
  5
D79
330
17
100
AcDbEntity
  8
0
100
AcDbLine
 10
-20.60772
 20
3.4362899999999996
 30
0.0
 11
-20.676190000000002
 21
3.51632
 31
0.0
  0
LINE
  5
D7A
330
17
100
AcDbEntity
  8
0
100
AcDbLine
 10
-20.676190000000002
 20
3.51632
 30
0.0
 11
-20.75076
 21
3.5907
 31
0.0
  0
LINE
  5
D7B
330
17
100
AcDbEntity
  8
0
100
AcDbLine
 10
-20.75076
 20
3.5907
 30
0.0
 11
-20.832639999999998
 21
3.66046
 31
0.0
  0
LINE
  5
D7C
330
17
100
AcDbEntity
  8
0
100
AcDbLine
 10
-20.832639999999998
 20
3.66046
 30
0.0
 11
-20.919690000000003
 21
3.7236499999999997
 31
0.0
  0
LINE
  5
D7D
330
17
100
AcDbEntity
  8
0
100
AcDbLine
 10
-20.919690000000003
 20
3.7236499999999997
 30
0.0
 11
-21.00361
 21
3.77362
 31
0.0
  0
LINE
  5
D7E
330
17
100
AcDbEntity
  8
0
100
AcDbLine
 10
-21.00361
 20
3.77362
 30
0.0
 11
-21.092260000000003
 21
3.81462
 31
0.0
  0
LINE
  5
D7F
330
17
100
AcDbEntity
  8
0
100
AcDbLine
 10
-21.092260000000003
 20
3.81462
 30
0.0
 11
-21.14783
 21
3.8351100000000002
 31
0.0
  0
LINE
  5
D80
330
17
100
AcDbEntity
  8
0
100
AcDbLine
 10
-21.14783
 20
3.8351100000000002
 30
0.0
 11
-21.20446
 21
3.8524499999999997
 31
0.0
  0
LINE
  5
D81
330
17
100
AcDbEntity
  8
0
100
AcDbLine
 10
-21.20446
 20
3.8524499999999997
 30
0.0
 11
-21.25651
 21
3.8647
 31
0.0
  0
LINE
  5
D82
330
17
100
AcDbEntity
  8
0
100
AcDbLine
 10
-21.25651
 20
3.8647
 30
0.0
 11
-21.309330000000003
 21
3.87295
 31
0.0
  0
LINE
  5
D83
330
17
100
AcDbEntity
  8
0
100
AcDbLine
 10
-21.309330000000003
 20
3.87295
 30
0.0
 11
-21.44598
 21
3.88218
 31
0.0
  0
LINE
  5
D84
330
17
100
AcDbEntity
  8
0
100
AcDbLine
 10
-21.44598
 20
3.88218
 30
0.0
 11
-21.6827
 21
3.88393
 31
0.0
  0
LINE
  5
D85
330
17
100
AcDbEntity
  8
0
100
AcDbLine
 10
-21.6827
 20
3.88393
 30
0.0
 11
-21.96962
 21
3.87524
 31
0.0
  0
LINE
  5
D86
330
17
100
AcDbEntity
  8
0
100
AcDbLine
 10
-21.96962
 20
3.87524
 30
0.0
 11
-22.072660000000003
 21
3.86572
 31
0.0
  0
LINE
  5
D87
330
17
100
AcDbEntity
  8
0
100
AcDbLine
 10
-22.072660000000003
 20
3.86572
 30
0.0
 11
-22.174780000000002
 21
3.84904
 31
0.0
  0
LINE
  5
D88
330
17
100
AcDbEntity
  8
0
100
AcDbLine
 10
-22.174780000000002
 20
3.84904
 30
0.0
 11
-22.26593
 21
3.8269599999999997
 31
0.0
  0
LINE
  5
D89
330
17
100
AcDbEntity
  8
0
100
AcDbLine
 10
-22.26593
 20
3.8269599999999997
 30
0.0
 11
-22.35498
 21
3.79752
 31
0.0
  0
LINE
  5
D8A
330
17
100
AcDbEntity
  8
0
100
AcDbLine
 10
-22.35498
 20
3.79752
 30
0.0
 11
-22.55702
 21
3.7095700000000003
 31
0.0
  0
LINE
  5
D8B
330
17
100
AcDbEntity
  8
0
100
AcDbLine
 10
-22.55702
 20
3.7095700000000003
 30
0.0
 11
-22.64714
 21
3.6598300000000004
 31
0.0
  0
LINE
  5
D8C
330
17
100
AcDbEntity
  8
0
100
AcDbLine
 10
-22.64714
 20
3.6598300000000004
 30
0.0
 11
-22.73263
 21
3.60249
 31
0.0
  0
LINE
  5
D8D
330
17
100
AcDbEntity
  8
0
100
AcDbLine
 10
-22.73263
 20
3.60249
 30
0.0
 11
-22.812849999999997
 21
3.53798
 31
0.0
  0
LINE
  5
D8E
330
17
100
AcDbEntity
  8
0
100
AcDbLine
 10
-22.812849999999997
 20
3.53798
 30
0.0
 11
-22.93799
 21
3.41758
 31
0.0
  0
LINE
  5
D8F
330
17
100
AcDbEntity
  8
0
100
AcDbLine
 10
-22.93799
 20
3.41758
 30
0.0
 11
-23.05163
 21
3.28626
 31
0.0
  0
LINE
  5
D90
330
17
100
AcDbEntity
  8
0
100
AcDbLine
 10
-23.05163
 20
3.28626
 30
0.0
 11
-23.15497
 21
3.14235
 31
0.0
  0
LINE
  5
D91
330
17
100
AcDbEntity
  8
0
100
AcDbLine
 10
-23.15497
 20
3.14235
 30
0.0
 11
-23.244979999999998
 21
2.98975
 31
0.0
  0
LINE
  5
D92
330
17
100
AcDbEntity
  8
0
100
AcDbLine
 10
-23.244979999999998
 20
2.98975
 30
0.0
 11
-23.29274
 21
2.8910199999999997
 31
0.0
  0
LINE
  5
D93
330
17
100
AcDbEntity
  8
0
100
AcDbLine
 10
-23.29274
 20
2.8910199999999997
 30
0.0
 11
-23.332990000000002
 21
2.7889999999999997
 31
0.0
  0
LINE
  5
D94
330
17
100
AcDbEntity
  8
0
100
AcDbLine
 10
-23.332990000000002
 20
2.7889999999999997
 30
0.0
 11
-23.3655
 21
2.68425
 31
0.0
  0
LINE
  5
D95
330
17
100
AcDbEntity
  8
0
100
AcDbLine
 10
-23.3655
 20
2.68425
 30
0.0
 11
-23.39171
 21
2.56378
 31
0.0
  0
LINE
  5
D96
330
17
100
AcDbEntity
  8
0
100
AcDbLine
 10
-23.39171
 20
2.56378
 30
0.0
 11
-23.4059
 21
2.4413199999999997
 31
0.0
  0
LINE
  5
D97
330
17
100
AcDbEntity
  8
0
100
AcDbLine
 10
-23.4059
 20
2.4413199999999997
 30
0.0
 11
-23.422970000000003
 21
2.03497
 31
0.0
  0
LINE
  5
D98
330
17
100
AcDbEntity
  8
0
100
AcDbLine
 10
-23.422970000000003
 20
2.03497
 30
0.0
 11
-23.430159999999997
 21
1.27476
 31
0.0
  0
LINE
  5
D99
330
17
100
AcDbEntity
  8
0
100
AcDbLine
 10
-23.430159999999997
 20
1.27476
 30
0.0
 11
-23.43133
 21
-0.9947300000000003
 31
0.0
  0
LINE
  5
D9A
330
17
100
AcDbEntity
  8
0
100
AcDbLine
 10
-23.43133
 20
-0.9947300000000001
 30
0.0
 11
-23.42895
 21
-3.4875000000000003
 31
0.0
  0
LINE
  5
D9B
330
17
100
AcDbEntity
  8
0
100
AcDbLine
 10
-23.42895
 20
-3.4875000000000003
 30
0.0
 11
-23.412599999999998
 21
-4.23004
 31
0.0
  0
LINE
  5
D9C
330
17
100
AcDbEntity
  8
0
100
AcDbLine
 10
-23.412599999999998
 20
-4.23004
 30
0.0
 11
-23.39703
 21
-4.429790000000001
 31
0.0
  0
LINE
  5
D9D
330
17
100
AcDbEntity
  8
0
100
AcDbLine
 10
-23.39703
 20
-4.429790000000001
 30
0.0
 11
-23.367240000000002
 21
-4.62792
 31
0.0
  0
LINE
  5
D9E
330
17
100
AcDbEntity
  8
0
100
AcDbLine
 10
-23.367240000000002
 20
-4.62792
 30
0.0
 11
-23.34288
 21
-4.7308699999999995
 31
0.0
  0
LINE
  5
D9F
330
17
100
AcDbEntity
  8
0
100
AcDbLine
 10
-23.34288
 20
-4.7308699999999995
 30
0.0
 11
-23.3089
 21
-4.83105
 31
0.0
  0
LINE
  5
DA0
330
17
100
AcDbEntity
  8
0
100
AcDbLine
 10
-23.3089
 20
-4.83105
 30
0.0
 11
-23.2656
 21
-4.92757
 31
0.0
  0
LINE
  5
DA1
330
17
100
AcDbEntity
  8
0
100
AcDbLine
 10
-23.2656
 20
-4.92757
 30
0.0
 11
-23.216379999999997
 21
-5.01378
 31
0.0
  0
LINE
  5
DA2
330
17
100
AcDbEntity
  8
0
100
AcDbLine
 10
-23.216379999999997
 20
-5.01378
 30
0.0
 11
-23.15882
 21
-5.09466
 31
0.0
  0
LINE
  5
DA3
330
17
100
AcDbEntity
  8
0
100
AcDbLine
 10
-23.15882
 20
-5.09466
 30
0.0
 11
-23.093490000000003
 21
-5.16942
 31
0.0
  0
LINE
  5
DA4
330
17
100
AcDbEntity
  8
0
100
AcDbLine
 10
-23.093490000000003
 20
-5.16942
 30
0.0
 11
-23.02106
 21
-5.2373
 31
0.0
  0
LINE
  5
DA5
330
17
100
AcDbEntity
  8
0
100
AcDbLine
 10
-23.02106
 20
-5.2373
 30
0.0
 11
-22.942230000000002
 21
-5.29764
 31
0.0
  0
LINE
  5
DA6
330
17
100
AcDbEntity
  8
0
100
AcDbLine
 10
-22.942230000000002
 20
-5.29764
 30
0.0
 11
-22.82449
 21
-5.37129
 31
0.0
  0
LINE
  5
DA7
330
17
100
AcDbEntity
  8
0
100
AcDbLine
 10
-22.82449
 20
-5.37129
 30
0.0
 11
-22.70067
 21
-5.43417
 31
0.0
  0
LINE
  5
DA8
330
17
100
AcDbEntity
  8
0
100
AcDbLine
 10
-22.70067
 20
-5.43417
 30
0.0
 11
-22.57174
 21
-5.48578
 31
0.0
  0
LINE
  5
DA9
330
17
100
AcDbEntity
  8
0
100
AcDbLine
 10
-22.57174
 20
-5.48578
 30
0.0
 11
-22.43874
 21
-5.52573
 31
0.0
  0
LINE
  5
DAA
330
17
100
AcDbEntity
  8
0
100
AcDbLine
 10
-22.43874
 20
-5.52573
 30
0.0
 11
-22.2965
 21
-5.55529
 31
0.0
  0
LINE
  5
DAB
330
17
100
AcDbEntity
  8
0
100
AcDbLine
 10
-22.2965
 20
-5.55529
 30
0.0
 11
-22.15227
 21
-5.57273
 31
0.0
  0
LINE
  5
DAC
330
17
100
AcDbEntity
  8
0
100
AcDbLine
 10
-22.15227
 20
-5.57273
 30
0.0
 11
-22.00709
 21
-5.57791
 31
0.0
  0
LINE
  5
DAD
330
17
100
AcDbEntity
  8
0
100
AcDbLine
 10
-22.00709
 20
-5.57791
 30
0.0
 11
-21.861990000000002
 21
-5.57081
 31
0.0
  0
LINE
  5
DAE
330
17
100
AcDbEntity
  8
0
100
AcDbLine
 10
-21.861990000000002
 20
-5.57081
 30
0.0
 11
-21.724
 21
-5.55149
 31
0.0
  0
LINE
  5
DAF
330
17
100
AcDbEntity
  8
0
100
AcDbLine
 10
-21.724
 20
-5.55149
 30
0.0
 11
-21.588510000000003
 21
-5.51904
 31
0.0
  0
LINE
  5
DB0
330
17
100
AcDbEntity
  8
0
100
AcDbLine
 10
-21.588510000000003
 20
-5.51904
 30
0.0
 11
-21.45674
 21
-5.4737800000000005
 31
0.0
  0
LINE
  5
DB1
330
17
100
AcDbEntity
  8
0
100
AcDbLine
 10
-21.45674
 20
-5.4737800000000005
 30
0.0
 11
-21.32991
 21
-5.4161
 31
0.0
  0
LINE
  5
DB2
330
17
100
AcDbEntity
  8
0
100
AcDbLine
 10
-21.32991
 20
-5.4161
 30
0.0
 11
-21.27052
 21
-5.38268
 31
0.0
  0
LINE
  5
DB3
330
17
100
AcDbEntity
  8
0
100
AcDbLine
 10
-21.27052
 20
-5.38268
 30
0.0
 11
-21.21385
 21
-5.34485
 31
0.0
  0
LINE
  5
DB4
330
17
100
AcDbEntity
  8
0
100
AcDbLine
 10
-21.21385
 20
-5.34485
 30
0.0
 11
-21.1602
 21
-5.30282
 31
0.0
  0
LINE
  5
DB5
330
17
100
AcDbEntity
  8
0
100
AcDbLine
 10
-21.1602
 20
-5.30282
 30
0.0
 11
-21.068830000000002
 21
-5.2201900000000006
 31
0.0
  0
LINE
  5
DB6
330
17
100
AcDbEntity
  8
0
100
AcDbLine
 10
-21.068830000000002
 20
-5.2201900000000006
 30
0.0
 11
-20.98305
 21
-5.13175
 31
0.0
  0
LINE
  5
DB7
330
17
100
AcDbEntity
  8
0
100
AcDbLine
 10
-20.98305
 20
-5.13175
 30
0.0
 11
-20.773400000000002
 21
-4.87865
 31
0.0
  0
LINE
  5
DB8
330
17
100
AcDbEntity
  8
0
100
AcDbLine
 10
-20.773400000000002
 20
-4.87865
 30
0.0
 11
-20.49518
 21
-4.49715
 31
0.0
  0
LINE
  5
DB9
330
17
100
AcDbEntity
  8
0
100
AcDbLine
 10
-20.49518
 20
-4.49715
 30
0.0
 11
-20.30562
 21
-4.228960000000001
 31
0.0
  0
LINE
  5
DBA
330
17
100
AcDbEntity
  8
0
100
AcDbLine
 10
-20.30562
 20
-4.228960000000001
 30
0.0
 11
-20.01444
 21
-3.8183599999999998
 31
0.0
  0
LINE
  5
DBB
330
17
100
AcDbEntity
  8
0
100
AcDbLine
 10
-20.01444
 20
-3.8183599999999998
 30
0.0
 11
-19.68669
 21
-3.35689
 31
0.0
  0
LINE
  5
DBC
330
17
100
AcDbEntity
  8
0
100
AcDbLine
 10
-19.68669
 20
-3.35689
 30
0.0
 11
-19.36654
 21
-2.90681
 31
0.0
  0
LINE
  5
DBD
330
17
100
AcDbEntity
  8
0
100
AcDbLine
 10
-19.36654
 20
-2.90681
 30
0.0
 11
-18.599600000000002
 21
-1.82951
 31
0.0
  0
LINE
  5
DBE
330
17
100
AcDbEntity
  8
0
100
AcDbLine
 10
-18.599600000000002
 20
-1.82951
 30
0.0
 11
-18.58297
 21
-3.2051
 31
0.0
  0
LINE
  5
DBF
330
17
100
AcDbEntity
  8
0
100
AcDbLine
 10
-18.58297
 20
-3.2051
 30
0.0
 11
-18.57209
 21
-3.9666399999999995
 31
0.0
  0
LINE
  5
DC0
330
17
100
AcDbEntity
  8
0
100
AcDbLine
 10
-18.57209
 20
-3.9666399999999995
 30
0.0
 11
-18.56032
 21
-4.354410000000001
 31
0.0
  0
LINE
  5
DC1
330
17
100
AcDbEntity
  8
0
100
AcDbLine
 10
8.54156
 20
-2.40383
 30
0.0
 11
8.54913
 21
-2.4046
 31
0.0
  0
LINE
  5
DC2
330
17
100
AcDbEntity
  8
0
100
AcDbLine
 10
8.54913
 20
-2.4046
 30
0.0
 11
8.556569999999999
 21
-2.40618
 31
0.0
  0
LINE
  5
DC3
330
17
100
AcDbEntity
  8
0
100
AcDbLine
 10
8.556569999999999
 20
-2.40618
 30
0.0
 11
8.56379
 21
-2.40855
 31
0.0
  0
LINE
  5
DC4
330
17
100
AcDbEntity
  8
0
100
AcDbLine
 10
8.56379
 20
-2.40855
 30
0.0
 11
8.570730000000001
 21
-2.4116799999999996
 31
0.0
  0
LINE
  5
DC5
330
17
100
AcDbEntity
  8
0
100
AcDbLine
 10
8.570730000000001
 20
-2.4116799999999996
 30
0.0
 11
8.57728
 21
-2.41554
 31
0.0
  0
LINE
  5
DC6
330
17
100
AcDbEntity
  8
0
100
AcDbLine
 10
8.57728
 20
-2.41554
 30
0.0
 11
8.58339
 21
-2.42007
 31
0.0
  0
LINE
  5
DC7
330
17
100
AcDbEntity
  8
0
100
AcDbLine
 10
8.58339
 20
-2.42007
 30
0.0
 11
8.58812
 21
-2.42442
 31
0.0
  0
LINE
  5
DC8
330
17
100
AcDbEntity
  8
0
100
AcDbLine
 10
8.58812
 20
-2.42442
 30
0.0
 11
8.59238
 21
-2.42924
 31
0.0
  0
LINE
  5
DC9
330
17
100
AcDbEntity
  8
0
100
AcDbLine
 10
8.59238
 20
-2.42924
 30
0.0
 11
8.59614
 21
-2.43445
 31
0.0
  0
LINE
  5
DCA
330
17
100
AcDbEntity
  8
0
100
AcDbLine
 10
8.59614
 20
-2.43445
 30
0.0
 11
8.59934
 21
-2.44003
 31
0.0
  0
LINE
  5
DCB
330
17
100
AcDbEntity
  8
0
100
AcDbLine
 10
8.59934
 20
-2.44003
 30
0.0
 11
8.60197
 21
-2.4459
 31
0.0
  0
LINE
  5
DCC
330
17
100
AcDbEntity
  8
0
100
AcDbLine
 10
8.60197
 20
-2.4459
 30
0.0
 11
8.60398
 21
-2.45201
 31
0.0
  0
LINE
  5
DCD
330
17
100
AcDbEntity
  8
0
100
AcDbLine
 10
8.60398
 20
-2.45201
 30
0.0
 11
8.60536
 21
-2.4582900000000003
 31
0.0
  0
LINE
  5
DCE
330
17
100
AcDbEntity
  8
0
100
AcDbLine
 10
8.60536
 20
-2.4582900000000003
 30
0.0
 11
8.60609
 21
-2.46467
 31
0.0
  0
LINE
  5
DCF
330
17
100
AcDbEntity
  8
0
100
AcDbLine
 10
8.60609
 20
-2.46467
 30
0.0
 11
8.61779
 21
-2.6876700000000002
 31
0.0
  0
LINE
  5
DD0
330
17
100
AcDbEntity
  8
0
100
AcDbLine
 10
8.61779
 20
-2.6876700000000002
 30
0.0
 11
8.62706
 21
-3.02746
 31
0.0
  0
LINE
  5
DD1
330
17
100
AcDbEntity
  8
0
100
AcDbLine
 10
8.62706
 20
-3.02746
 30
0.0
 11
8.63361
 21
-3.6400099999999997
 31
0.0
  0
LINE
  5
DD2
330
17
100
AcDbEntity
  8
0
100
AcDbLine
 10
8.63361
 20
-3.6400099999999997
 30
0.0
 11
8.64498
 21
-4.51276
 31
0.0
  0
LINE
  5
DD3
330
17
100
AcDbEntity
  8
0
100
AcDbLine
 10
8.64498
 20
-4.51276
 30
0.0
 11
8.65315
 21
-4.67982
 31
0.0
  0
LINE
  5
DD4
330
17
100
AcDbEntity
  8
0
100
AcDbLine
 10
8.65315
 20
-4.67982
 30
0.0
 11
8.67156
 21
-4.8460600000000005
 31
0.0
  0
LINE
  5
DD5
330
17
100
AcDbEntity
  8
0
100
AcDbLine
 10
8.67156
 20
-4.8460600000000005
 30
0.0
 11
8.685929999999999
 21
-4.92123
 31
0.0
  0
LINE
  5
DD6
330
17
100
AcDbEntity
  8
0
100
AcDbLine
 10
8.685929999999999
 20
-4.92123
 30
0.0
 11
8.70742
 21
-4.99469
 31
0.0
  0
LINE
  5
DD7
330
17
100
AcDbEntity
  8
0
100
AcDbLine
 10
8.70742
 20
-4.99469
 30
0.0
 11
8.73583
 21
-5.0657499999999995
 31
0.0
  0
LINE
  5
DD8
330
17
100
AcDbEntity
  8
0
100
AcDbLine
 10
8.73583
 20
-5.0657499999999995
 30
0.0
 11
8.79762
 21
-5.18695
 31
0.0
  0
LINE
  5
DD9
330
17
100
AcDbEntity
  8
0
100
AcDbLine
 10
8.79762
 20
-5.18695
 30
0.0
 11
8.86967
 21
-5.30235
 31
0.0
  0
LINE
  5
DDA
330
17
100
AcDbEntity
  8
0
100
AcDbLine
 10
8.86967
 20
-5.30235
 30
0.0
 11
8.923169999999999
 21
-5.37479
 31
0.0
  0
LINE
  5
DDB
330
17
100
AcDbEntity
  8
0
100
AcDbLine
 10
8.923169999999999
 20
-5.37479
 30
0.0
 11
8.98157
 21
-5.44335
 31
0.0
  0
LINE
  5
DDC
330
17
100
AcDbEntity
  8
0
100
AcDbLine
 10
8.98157
 20
-5.44335
 30
0.0
 11
9.0419
 21
-5.5043
 31
0.0
  0
LINE
  5
DDD
330
17
100
AcDbEntity
  8
0
100
AcDbLine
 10
9.0419
 20
-5.5043
 30
0.0
 11
9.106929999999998
 21
-5.5602
 31
0.0
  0
LINE
  5
DDE
330
17
100
AcDbEntity
  8
0
100
AcDbLine
 10
9.106929999999998
 20
-5.5602
 30
0.0
 11
9.17667
 21
-5.61106
 31
0.0
  0
LINE
  5
DDF
330
17
100
AcDbEntity
  8
0
100
AcDbLine
 10
9.17667
 20
-5.61106
 30
0.0
 11
9.25024
 21
-5.65621
 31
0.0
  0
LINE
  5
DE0
330
17
100
AcDbEntity
  8
0
100
AcDbLine
 10
9.25024
 20
-5.65621
 30
0.0
 11
9.3317
 21
-5.69834
 31
0.0
  0
LINE
  5
DE1
330
17
100
AcDbEntity
  8
0
100
AcDbLine
 10
9.3317
 20
-5.69834
 30
0.0
 11
9.41578
 21
-5.73497
 31
0.0
  0
LINE
  5
DE2
330
17
100
AcDbEntity
  8
0
100
AcDbLine
 10
9.41578
 20
-5.73497
 30
0.0
 11
9.47138
 21
-5.75524
 31
0.0
  0
LINE
  5
DE3
330
17
100
AcDbEntity
  8
0
100
AcDbLine
 10
9.47138
 20
-5.75524
 30
0.0
 11
9.528039999999999
 21
-5.77234
 31
0.0
  0
LINE
  5
DE4
330
17
100
AcDbEntity
  8
0
100
AcDbLine
 10
9.528039999999999
 20
-5.77234
 30
0.0
 11
9.581040000000002
 21
-5.78469
 31
0.0
  0
LINE
  5
DE5
330
17
100
AcDbEntity
  8
0
100
AcDbLine
 10
9.581040000000002
 20
-5.78469
 30
0.0
 11
9.6348
 21
-5.79318
 31
0.0
  0
LINE
  5
DE6
330
17
100
AcDbEntity
  8
0
100
AcDbLine
 10
9.6348
 20
-5.79318
 30
0.0
 11
9.77346
 21
-5.80329
 31
0.0
  0
LINE
  5
DE7
330
17
100
AcDbEntity
  8
0
100
AcDbLine
 10
9.77346
 20
-5.80329
 30
0.0
 11
10.00732
 21
-5.80657
 31
0.0
  0
LINE
  5
DE8
330
17
100
AcDbEntity
  8
0
100
AcDbLine
 10
10.00732
 20
-5.80657
 30
0.0
 11
10.26994
 21
-5.80495
 31
0.0
  0
LINE
  5
DE9
330
17
100
AcDbEntity
  8
0
100
AcDbLine
 10
10.26994
 20
-5.80495
 30
0.0
 11
10.33185
 21
-5.80184
 31
0.0
  0
LINE
  5
DEA
330
17
100
AcDbEntity
  8
0
100
AcDbLine
 10
10.33185
 20
-5.80184
 30
0.0
 11
10.3934
 21
-5.794449999999999
 31
0.0
  0
LINE
  5
DEB
330
17
100
AcDbEntity
  8
0
100
AcDbLine
 10
10.3934
 20
-5.794449999999999
 30
0.0
 11
10.443670000000001
 21
-5.78387
 31
0.0
  0
LINE
  5
DEC
330
17
100
AcDbEntity
  8
0
100
AcDbLine
 10
10.443670000000001
 20
-5.78387
 30
0.0
 11
10.49253
 21
-5.768009999999999
 31
0.0
  0
LINE
  5
DED
330
17
100
AcDbEntity
  8
0
100
AcDbLine
 10
10.49253
 20
-5.768009999999999
 30
0.0
 11
10.62772
 21
-5.7101
 31
0.0
  0
LINE
  5
DEE
330
17
100
AcDbEntity
  8
0
100
AcDbLine
 10
10.62772
 20
-5.7101
 30
0.0
 11
10.7156
 21
-5.66438
 31
0.0
  0
LINE
  5
DEF
330
17
100
AcDbEntity
  8
0
100
AcDbLine
 10
10.7156
 20
-5.66438
 30
0.0
 11
10.79983
 21
-5.61223
 31
0.0
  0
LINE
  5
DF0
330
17
100
AcDbEntity
  8
0
100
AcDbLine
 10
10.79983
 20
-5.61223
 30
0.0
 11
10.88507
 21
-5.5509699999999995
 31
0.0
  0
LINE
  5
DF1
330
17
100
AcDbEntity
  8
0
100
AcDbLine
 10
10.88507
 20
-5.5509699999999995
 30
0.0
 11
10.96631
 21
-5.48448
 31
0.0
  0
LINE
  5
DF2
330
17
100
AcDbEntity
  8
0
100
AcDbLine
 10
10.96631
 20
-5.48448
 30
0.0
 11
11.04266
 21
-5.41351
 31
0.0
  0
LINE
  5
DF3
330
17
100
AcDbEntity
  8
0
100
AcDbLine
 10
11.04266
 20
-5.41351
 30
0.0
 11
11.11438
 21
-5.33787
 31
0.0
  0
LINE
  5
DF4
330
17
100
AcDbEntity
  8
0
100
AcDbLine
 10
11.11438
 20
-5.33787
 30
0.0
 11
11.17589
 21
-5.26302
 31
0.0
  0
LINE
  5
DF5
330
17
100
AcDbEntity
  8
0
100
AcDbLine
 10
11.17589
 20
-5.26302
 30
0.0
 11
11.23134
 21
-5.1835700000000005
 31
0.0
  0
LINE
  5
DF6
330
17
100
AcDbEntity
  8
0
100
AcDbLine
 10
11.23134
 20
-5.1835700000000005
 30
0.0
 11
11.25409
 21
-5.14531
 31
0.0
  0
LINE
  5
DF7
330
17
100
AcDbEntity
  8
0
100
AcDbLine
 10
11.25409
 20
-5.14531
 30
0.0
 11
11.274239999999999
 21
-5.10561
 31
0.0
  0
LINE
  5
DF8
330
17
100
AcDbEntity
  8
0
100
AcDbLine
 10
11.274239999999999
 20
-5.10561
 30
0.0
 11
11.33027
 21
-4.97915
 31
0.0
  0
LINE
  5
DF9
330
17
100
AcDbEntity
  8
0
100
AcDbLine
 10
11.33027
 20
-4.97915
 30
0.0
 11
11.388219999999999
 21
-4.83361
 31
0.0
  0
LINE
  5
DFA
330
17
100
AcDbEntity
  8
0
100
AcDbLine
 10
11.388219999999999
 20
-4.83361
 30
0.0
 11
11.439670000000001
 21
-4.68808
 31
0.0
  0
LINE
  5
DFB
330
17
100
AcDbEntity
  8
0
100
AcDbLine
 10
11.439670000000001
 20
-4.68808
 30
0.0
 11
11.55654
 21
-4.33528
 31
0.0
  0
LINE
  5
DFC
330
17
100
AcDbEntity
  8
0
100
AcDbLine
 10
11.55654
 20
-4.33528
 30
0.0
 11
11.55654
 21
2.81388
 31
0.0
  0
LINE
  5
DFD
330
17
100
AcDbEntity
  8
0
100
AcDbLine
 10
11.55654
 20
2.81388
 30
0.0
 11
11.45621
 21
3.01769
 31
0.0
  0
LINE
  5
DFE
330
17
100
AcDbEntity
  8
0
100
AcDbLine
 10
11.45621
 20
3.01769
 30
0.0
 11
11.412510000000001
 21
3.09889
 31
0.0
  0
LINE
  5
DFF
330
17
100
AcDbEntity
  8
0
100
AcDbLine
 10
11.412510000000001
 20
3.09889
 30
0.0
 11
11.36304
 21
3.17672
 31
0.0
  0
LINE
  5
E00
330
17
100
AcDbEntity
  8
0
100
AcDbLine
 10
11.36304
 20
3.17672
 30
0.0
 11
11.31262
 21
3.2427900000000003
 31
0.0
  0
LINE
  5
E01
330
17
100
AcDbEntity
  8
0
100
AcDbLine
 10
11.31262
 20
3.2427900000000003
 30
0.0
 11
11.255920000000001
 21
3.30356
 31
0.0
  0
LINE
  5
E02
330
17
100
AcDbEntity
  8
0
100
AcDbLine
 10
11.255920000000001
 20
3.30356
 30
0.0
 11
11.19296
 21
3.35899
 31
0.0
  0
LINE
  5
E03
330
17
100
AcDbEntity
  8
0
100
AcDbLine
 10
11.19296
 20
3.35899
 30
0.0
 11
11.12489
 21
3.40802
 31
0.0
  0
LINE
  5
E04
330
17
100
AcDbEntity
  8
0
100
AcDbLine
 10
11.12489
 20
3.40802
 30
0.0
 11
11.043880000000001
 21
3.45671
 31
0.0
  0
LINE
  5
E05
330
17
100
AcDbEntity
  8
0
100
AcDbLine
 10
11.043880000000001
 20
3.45671
 30
0.0
 11
10.959719999999999
 21
3.4997499999999997
 31
0.0
  0
LINE
  5
E06
330
17
100
AcDbEntity
  8
0
100
AcDbLine
 10
10.959719999999999
 20
3.4997499999999997
 30
0.0
 11
10.85145
 21
3.54371
 31
0.0
  0
LINE
  5
E07
330
17
100
AcDbEntity
  8
0
100
AcDbLine
 10
10.85145
 20
3.54371
 30
0.0
 11
10.80508
 21
3.5573699999999997
 31
0.0
  0
LINE
  5
E08
330
17
100
AcDbEntity
  8
0
100
AcDbLine
 10
10.80508
 20
3.5573699999999997
 30
0.0
 11
10.75765
 21
3.5666700000000002
 31
0.0
  0
LINE
  5
E09
330
17
100
AcDbEntity
  8
0
100
AcDbLine
 10
10.75765
 20
3.5666700000000002
 30
0.0
 11
10.697949999999999
 21
3.5736499999999998
 31
0.0
  0
LINE
  5
E0A
330
17
100
AcDbEntity
  8
0
100
AcDbLine
 10
10.697949999999999
 20
3.5736499999999998
 30
0.0
 11
10.63794
 21
3.57694
 31
0.0
  0
LINE
  5
E0B
330
17
100
AcDbEntity
  8
0
100
AcDbLine
 10
10.63794
 20
3.57694
 30
0.0
 11
10.42146
 21
3.57954
 31
0.0
  0
LINE
  5
E0C
330
17
100
AcDbEntity
  8
0
100
AcDbLine
 10
10.42146
 20
3.57954
 30
0.0
 11
10.16077
 21
3.57071
 31
0.0
  0
LINE
  5
E0D
330
17
100
AcDbEntity
  8
0
100
AcDbLine
 10
10.16077
 20
3.57071
 30
0.0
 11
10.069329999999999
 21
3.5602300000000002
 31
0.0
  0
LINE
  5
E0E
330
17
100
AcDbEntity
  8
0
100
AcDbLine
 10
10.069329999999999
 20
3.5602300000000002
 30
0.0
 11
9.97925
 21
3.54129
 31
0.0
  0
LINE
  5
E0F
330
17
100
AcDbEntity
  8
0
100
AcDbLine
 10
9.97925
 20
3.54129
 30
0.0
 11
9.879560000000001
 21
3.51158
 31
0.0
  0
LINE
  5
E10
330
17
100
AcDbEntity
  8
0
100
AcDbLine
 10
9.879560000000001
 20
3.51158
 30
0.0
 11
9.78228
 21
3.47474
 31
0.0
  0
LINE
  5
E11
330
17
100
AcDbEntity
  8
0
100
AcDbLine
 10
9.78228
 20
3.47474
 30
0.0
 11
9.44071
 21
3.32533
 31
0.0
  0
LINE
  5
E12
330
17
100
AcDbEntity
  8
0
100
AcDbLine
 10
9.44071
 20
3.32533
 30
0.0
 11
9.34859
 21
3.27748
 31
0.0
  0
LINE
  5
E13
330
17
100
AcDbEntity
  8
0
100
AcDbLine
 10
9.34859
 20
3.27748
 30
0.0
 11
9.261989999999999
 21
3.22023
 31
0.0
  0
LINE
  5
E14
330
17
100
AcDbEntity
  8
0
100
AcDbLine
 10
9.261989999999999
 20
3.22023
 30
0.0
 11
9.17051
 21
3.1472499999999997
 31
0.0
  0
LINE
  5
E15
330
17
100
AcDbEntity
  8
0
100
AcDbLine
 10
9.17051
 20
3.1472499999999997
 30
0.0
 11
9.08464
 21
3.0677399999999997
 31
0.0
  0
LINE
  5
E16
330
17
100
AcDbEntity
  8
0
100
AcDbLine
 10
9.08464
 20
3.0677399999999997
 30
0.0
 11
9.003449999999999
 21
2.9807599999999996
 31
0.0
  0
LINE
  5
E17
330
17
100
AcDbEntity
  8
0
100
AcDbLine
 10
9.003449999999999
 20
2.9807599999999996
 30
0.0
 11
8.928790000000001
 21
2.88811
 31
0.0
  0
LINE
  5
E18
330
17
100
AcDbEntity
  8
0
100
AcDbLine
 10
8.928790000000001
 20
2.88811
 30
0.0
 11
8.8673
 21
2.79738
 31
0.0
  0
LINE
  5
E19
330
17
100
AcDbEntity
  8
0
100
AcDbLine
 10
8.8673
 20
2.79738
 30
0.0
 11
8.81448
 21
2.70135
 31
0.0
  0
LINE
  5
E1A
330
17
100
AcDbEntity
  8
0
100
AcDbLine
 10
8.81448
 20
2.70135
 30
0.0
 11
8.760570000000001
 21
2.57979
 31
0.0
  0
LINE
  5
E1B
330
17
100
AcDbEntity
  8
0
100
AcDbLine
 10
8.760570000000001
 20
2.57979
 30
0.0
 11
8.71631
 21
2.45439
 31
0.0
  0
LINE
  5
E1C
330
17
100
AcDbEntity
  8
0
100
AcDbLine
 10
8.71631
 20
2.45439
 30
0.0
 11
8.68337
 21
2.3294
 31
0.0
  0
LINE
  5
E1D
330
17
100
AcDbEntity
  8
0
100
AcDbLine
 10
8.68337
 20
2.3294
 30
0.0
 11
8.661169999999998
 21
2.2020500000000003
 31
0.0
  0
LINE
  5
E1E
330
17
100
AcDbEntity
  8
0
100
AcDbLine
 10
8.661169999999998
 20
2.2020500000000003
 30
0.0
 11
8.63467
 21
1.8592000000000002
 31
0.0
  0
LINE
  5
E1F
330
17
100
AcDbEntity
  8
0
100
AcDbLine
 10
8.63467
 20
1.8592000000000002
 30
0.0
 11
8.62735
 21
1.27105
 31
0.0
  0
LINE
  5
E20
330
17
100
AcDbEntity
  8
0
100
AcDbLine
 10
8.62735
 20
1.27105
 30
0.0
 11
8.62682
 21
0.46575999999999995
 31
0.0
  0
LINE
  5
E21
330
17
100
AcDbEntity
  8
0
100
AcDbLine
 10
8.62682
 20
0.46576
 30
0.0
 11
6.85138
 21
0.46576
 31
0.0
  0
LINE
  5
E22
330
17
100
AcDbEntity
  8
0
100
AcDbLine
 10
6.85138
 20
0.46576
 30
0.0
 11
6.841780000000001
 21
1.66986
 31
0.0
  0
LINE
  5
E23
330
17
100
AcDbEntity
  8
0
100
AcDbLine
 10
6.841780000000001
 20
1.66986
 30
0.0
 11
6.83423
 21
2.44117
 31
0.0
  0
LINE
  5
E24
330
17
100
AcDbEntity
  8
0
100
AcDbLine
 10
6.83423
 20
2.44117
 30
0.0
 11
6.82421
 21
2.73081
 31
0.0
  0
LINE
  5
E25
330
17
100
AcDbEntity
  8
0
100
AcDbLine
 10
6.82421
 20
2.73081
 30
0.0
 11
6.81678
 21
2.8136300000000003
 31
0.0
  0
LINE
  5
E26
330
17
100
AcDbEntity
  8
0
100
AcDbLine
 10
6.81678
 20
2.8136300000000003
 30
0.0
 11
6.8040899999999995
 21
2.89581
 31
0.0
  0
LINE
  5
E27
330
17
100
AcDbEntity
  8
0
100
AcDbLine
 10
6.8040899999999995
 20
2.89581
 30
0.0
 11
6.794149999999999
 21
2.93897
 31
0.0
  0
LINE
  5
E28
330
17
100
AcDbEntity
  8
0
100
AcDbLine
 10
6.794149999999999
 20
2.93897
 30
0.0
 11
6.78069
 21
2.98117
 31
0.0
  0
LINE
  5
E29
330
17
100
AcDbEntity
  8
0
100
AcDbLine
 10
6.78069
 20
2.98117
 30
0.0
 11
6.763800000000001
 21
3.02212
 31
0.0
  0
LINE
  5
E2A
330
17
100
AcDbEntity
  8
0
100
AcDbLine
 10
6.763800000000001
 20
3.02212
 30
0.0
 11
6.72303
 21
3.1022
 31
0.0
  0
LINE
  5
E2B
330
17
100
AcDbEntity
  8
0
100
AcDbLine
 10
6.72303
 20
3.1022
 30
0.0
 11
6.67623
 21
3.17892
 31
0.0
  0
LINE
  5
E2C
330
17
100
AcDbEntity
  8
0
100
AcDbLine
 10
6.67623
 20
3.17892
 30
0.0
 11
6.62368
 21
3.25181
 31
0.0
  0
LINE
  5
E2D
330
17
100
AcDbEntity
  8
0
100
AcDbLine
 10
6.62368
 20
3.25181
 30
0.0
 11
6.56827
 21
3.3165
 31
0.0
  0
LINE
  5
E2E
330
17
100
AcDbEntity
  8
0
100
AcDbLine
 10
6.56827
 20
3.3165
 30
0.0
 11
6.50726
 21
3.37593
 31
0.0
  0
LINE
  5
E2F
330
17
100
AcDbEntity
  8
0
100
AcDbLine
 10
6.50726
 20
3.37593
 30
0.0
 11
6.44114
 21
3.42961
 31
0.0
  0
LINE
  5
E30
330
17
100
AcDbEntity
  8
0
100
AcDbLine
 10
6.44114
 20
3.42961
 30
0.0
 11
6.370360000000001
 21
3.47717
 31
0.0
  0
LINE
  5
E31
330
17
100
AcDbEntity
  8
0
100
AcDbLine
 10
6.370360000000001
 20
3.47717
 30
0.0
 11
6.2956
 21
3.51817
 31
0.0
  0
LINE
  5
E32
330
17
100
AcDbEntity
  8
0
100
AcDbLine
 10
6.2956
 20
3.51817
 30
0.0
 11
6.21744
 21
3.55226
 31
0.0
  0
LINE
  5
E33
330
17
100
AcDbEntity
  8
0
100
AcDbLine
 10
6.21744
 20
3.55226
 30
0.0
 11
6.13212
 21
3.5813099999999998
 31
0.0
  0
LINE
  5
E34
330
17
100
AcDbEntity
  8
0
100
AcDbLine
 10
6.13212
 20
3.5813099999999998
 30
0.0
 11
6.04483
 21
3.6037600000000003
 31
0.0
  0
LINE
  5
E35
330
17
100
AcDbEntity
  8
0
100
AcDbLine
 10
6.04483
 20
3.6037600000000003
 30
0.0
 11
5.95608
 21
3.61948
 31
0.0
  0
LINE
  5
E36
330
17
100
AcDbEntity
  8
0
100
AcDbLine
 10
5.95608
 20
3.61948
 30
0.0
 11
5.86286
 21
3.62974
 31
0.0
  0
LINE
  5
E37
330
17
100
AcDbEntity
  8
0
100
AcDbLine
 10
5.86286
 20
3.62974
 30
0.0
 11
5.769220000000001
 21
3.6348499999999997
 31
0.0
  0
LINE
  5
E38
330
17
100
AcDbEntity
  8
0
100
AcDbLine
 10
5.769220000000001
 20
3.6348499999999997
 30
0.0
 11
5.56869
 21
3.6312100000000003
 31
0.0
  0
LINE
  5
E39
330
17
100
AcDbEntity
  8
0
100
AcDbLine
 10
5.56869
 20
3.6312100000000003
 30
0.0
 11
5.38138
 21
3.6106100000000003
 31
0.0
  0
LINE
  5
E3A
330
17
100
AcDbEntity
  8
0
100
AcDbLine
 10
5.38138
 20
3.6106100000000003
 30
0.0
 11
5.3083100000000005
 21
3.5956400000000004
 31
0.0
  0
LINE
  5
E3B
330
17
100
AcDbEntity
  8
0
100
AcDbLine
 10
5.3083100000000005
 20
3.5956400000000004
 30
0.0
 11
5.23694
 21
3.57398
 31
0.0
  0
LINE
  5
E3C
330
17
100
AcDbEntity
  8
0
100
AcDbLine
 10
5.23694
 20
3.57398
 30
0.0
 11
5.178999999999999
 21
3.5539
 31
0.0
  0
LINE
  5
E3D
330
17
100
AcDbEntity
  8
0
100
AcDbLine
 10
5.178999999999999
 20
3.5539
 30
0.0
 11
5.10522
 21
3.5291900000000003
 31
0.0
  0
LINE
  5
E3E
330
17
100
AcDbEntity
  8
0
100
AcDbLine
 10
5.10522
 20
3.5291900000000003
 30
0.0
 11
5.028519999999999
 21
3.5041
 31
0.0
  0
LINE
  5
E3F
330
17
100
AcDbEntity
  8
0
100
AcDbLine
 10
5.028519999999999
 20
3.5041
 30
0.0
 11
4.96084
 21
3.4826
 31
0.0
  0
LINE
  5
E40
330
17
100
AcDbEntity
  8
0
100
AcDbLine
 10
4.96084
 20
3.4826
 30
0.0
 11
4.843240000000001
 21
3.44085
 31
0.0
  0
LINE
  5
E41
330
17
100
AcDbEntity
  8
0
100
AcDbLine
 10
4.843240000000001
 20
3.44085
 30
0.0
 11
4.72921
 21
3.3901399999999997
 31
0.0
  0
LINE
  5
E42
330
17
100
AcDbEntity
  8
0
100
AcDbLine
 10
4.72921
 20
3.3901399999999997
 30
0.0
 11
4.6194299999999995
 21
3.3307900000000004
 31
0.0
  0
LINE
  5
E43
330
17
100
AcDbEntity
  8
0
100
AcDbLine
 10
4.6194299999999995
 20
3.3307900000000004
 30
0.0
 11
4.5176799999999995
 21
3.26466
 31
0.0
  0
LINE
  5
E44
330
17
100
AcDbEntity
  8
0
100
AcDbLine
 10
4.5176799999999995
 20
3.26466
 30
0.0
 11
4.4218399999999995
 21
3.19023
 31
0.0
  0
LINE
  5
E45
330
17
100
AcDbEntity
  8
0
100
AcDbLine
 10
4.4218399999999995
 20
3.19023
 30
0.0
 11
4.33258
 21
3.10802
 31
0.0
  0
LINE
  5
E46
330
17
100
AcDbEntity
  8
0
100
AcDbLine
 10
4.33258
 20
3.10802
 30
0.0
 11
4.2502
 21
3.01828
 31
0.0
  0
LINE
  5
E47
330
17
100
AcDbEntity
  8
0
100
AcDbLine
 10
4.2502
 20
3.01828
 30
0.0
 11
4.17561
 21
2.92198
 31
0.0
  0
LINE
  5
E48
330
17
100
AcDbEntity
  8
0
100
AcDbLine
 10
4.17561
 20
2.92198
 30
0.0
 11
4.109319999999999
 21
2.81978
 31
0.0
  0
LINE
  5
E49
330
17
100
AcDbEntity
  8
0
100
AcDbLine
 10
4.109319999999999
 20
2.81978
 30
0.0
 11
4.04934
 21
2.70889
 31
0.0
  0
LINE
  5
E4A
330
17
100
AcDbEntity
  8
0
100
AcDbLine
 10
4.04934
 20
2.70889
 30
0.0
 11
3.9978899999999995
 21
2.5938
 31
0.0
  0
LINE
  5
E4B
330
17
100
AcDbEntity
  8
0
100
AcDbLine
 10
3.9978899999999995
 20
2.5938
 30
0.0
 11
3.9552500000000004
 21
2.47515
 31
0.0
  0
LINE
  5
E4C
330
17
100
AcDbEntity
  8
0
100
AcDbLine
 10
3.9552500000000004
 20
2.47515
 30
0.0
 11
3.88712
 21
2.26041
 31
0.0
  0
LINE
  5
E4D
330
17
100
AcDbEntity
  8
0
100
AcDbLine
 10
3.88712
 20
2.26041
 30
0.0
 11
3.88712
 21
-4.795449999999999
 31
0.0
  0
LINE
  5
E4E
330
17
100
AcDbEntity
  8
0
100
AcDbLine
 10
3.88712
 20
-4.79545
 30
0.0
 11
3.9587199999999996
 21
-4.97284
 31
0.0
  0
LINE
  5
E4F
330
17
100
AcDbEntity
  8
0
100
AcDbLine
 10
3.9587199999999996
 20
-4.97284
 30
0.0
 11
4.00919
 21
-5.0837
 31
0.0
  0
LINE
  5
E50
330
17
100
AcDbEntity
  8
0
100
AcDbLine
 10
4.00919
 20
-5.0837
 30
0.0
 11
4.06911
 21
-5.18976
 31
0.0
  0
LINE
  5
E51
330
17
100
AcDbEntity
  8
0
100
AcDbLine
 10
4.06911
 20
-5.18976
 30
0.0
 11
4.13802
 21
-5.29021
 31
0.0
  0
LINE
  5
E52
330
17
100
AcDbEntity
  8
0
100
AcDbLine
 10
4.13802
 20
-5.29021
 30
0.0
 11
4.21088
 21
-5.376869999999999
 31
0.0
  0
LINE
  5
E53
330
17
100
AcDbEntity
  8
0
100
AcDbLine
 10
4.21088
 20
-5.376869999999999
 30
0.0
 11
4.29268
 21
-5.45514
 31
0.0
  0
LINE
  5
E54
330
17
100
AcDbEntity
  8
0
100
AcDbLine
 10
4.29268
 20
-5.45514
 30
0.0
 11
4.38246
 21
-5.524109999999999
 31
0.0
  0
LINE
  5
E55
330
17
100
AcDbEntity
  8
0
100
AcDbLine
 10
4.38246
 20
-5.524109999999999
 30
0.0
 11
4.483960000000001
 21
-5.58639
 31
0.0
  0
LINE
  5
E56
330
17
100
AcDbEntity
  8
0
100
AcDbLine
 10
4.483960000000001
 20
-5.58639
 30
0.0
 11
4.59123
 21
-5.63811
 31
0.0
  0
LINE
  5
E57
330
17
100
AcDbEntity
  8
0
100
AcDbLine
 10
4.59123
 20
-5.63811
 30
0.0
 11
4.70316
 21
-5.67875
 31
0.0
  0
LINE
  5
E58
330
17
100
AcDbEntity
  8
0
100
AcDbLine
 10
4.70316
 20
-5.67875
 30
0.0
 11
4.90407
 21
-5.7298599999999995
 31
0.0
  0
LINE
  5
E59
330
17
100
AcDbEntity
  8
0
100
AcDbLine
 10
4.90407
 20
-5.7298599999999995
 30
0.0
 11
5.109
 21
-5.76122
 31
0.0
  0
LINE
  5
E5A
330
17
100
AcDbEntity
  8
0
100
AcDbLine
 10
5.109
 20
-5.76122
 30
0.0
 11
5.28653
 21
-5.77187
 31
0.0
  0
LINE
  5
E5B
330
17
100
AcDbEntity
  8
0
100
AcDbLine
 10
5.28653
 20
-5.77187
 30
0.0
 11
5.46432
 21
-5.76713
 31
0.0
  0
LINE
  5
E5C
330
17
100
AcDbEntity
  8
0
100
AcDbLine
 10
5.46432
 20
-5.76713
 30
0.0
 11
5.56988
 21
-5.755459999999999
 31
0.0
  0
LINE
  5
E5D
330
17
100
AcDbEntity
  8
0
100
AcDbLine
 10
5.56988
 20
-5.755459999999999
 30
0.0
 11
5.67415
 21
-5.73537
 31
0.0
  0
LINE
  5
E5E
330
17
100
AcDbEntity
  8
0
100
AcDbLine
 10
5.67415
 20
-5.73537
 30
0.0
 11
5.776479999999999
 21
-5.706980000000001
 31
0.0
  0
LINE
  5
E5F
330
17
100
AcDbEntity
  8
0
100
AcDbLine
 10
5.776479999999999
 20
-5.706980000000001
 30
0.0
 11
5.87111
 21
-5.672059999999999
 31
0.0
  0
LINE
  5
E60
330
17
100
AcDbEntity
  8
0
100
AcDbLine
 10
5.87111
 20
-5.672059999999999
 30
0.0
 11
5.9624
 21
-5.62917
 31
0.0
  0
LINE
  5
E61
330
17
100
AcDbEntity
  8
0
100
AcDbLine
 10
5.9624
 20
-5.62917
 30
0.0
 11
6.04968
 21
-5.57863
 31
0.0
  0
LINE
  5
E62
330
17
100
AcDbEntity
  8
0
100
AcDbLine
 10
6.04968
 20
-5.57863
 30
0.0
 11
6.13466
 21
-5.51957
 31
0.0
  0
LINE
  5
E63
330
17
100
AcDbEntity
  8
0
100
AcDbLine
 10
6.13466
 20
-5.51957
 30
0.0
 11
6.21469
 21
-5.4539599999999995
 31
0.0
  0
LINE
  5
E64
330
17
100
AcDbEntity
  8
0
100
AcDbLine
 10
6.21469
 20
-5.4539599999999995
 30
0.0
 11
6.289269999999999
 21
-5.38221
 31
0.0
  0
LINE
  5
E65
330
17
100
AcDbEntity
  8
0
100
AcDbLine
 10
6.289269999999999
 20
-5.38221
 30
0.0
 11
6.42366
 21
-5.22629
 31
0.0
  0
LINE
  5
E66
330
17
100
AcDbEntity
  8
0
100
AcDbLine
 10
6.42366
 20
-5.22629
 30
0.0
 11
6.47971
 21
-5.14848
 31
0.0
  0
LINE
  5
E67
330
17
100
AcDbEntity
  8
0
100
AcDbLine
 10
6.47971
 20
-5.14848
 30
0.0
 11
6.53046
 21
-5.067119999999999
 31
0.0
  0
LINE
  5
E68
330
17
100
AcDbEntity
  8
0
100
AcDbLine
 10
6.53046
 20
-5.067119999999999
 30
0.0
 11
6.57357
 21
-4.986199999999999
 31
0.0
  0
LINE
  5
E69
330
17
100
AcDbEntity
  8
0
100
AcDbLine
 10
6.57357
 20
-4.986199999999999
 30
0.0
 11
6.61092
 21
-4.90247
 31
0.0
  0
LINE
  5
E6A
330
17
100
AcDbEntity
  8
0
100
AcDbLine
 10
6.61092
 20
-4.90247
 30
0.0
 11
6.64183
 21
-4.81734
 31
0.0
  0
LINE
  5
E6B
330
17
100
AcDbEntity
  8
0
100
AcDbLine
 10
6.64183
 20
-4.81734
 30
0.0
 11
6.66649
 21
-4.73018
 31
0.0
  0
LINE
  5
E6C
330
17
100
AcDbEntity
  8
0
100
AcDbLine
 10
6.66649
 20
-4.73018
 30
0.0
 11
6.68206
 21
-4.6707
 31
0.0
  0
LINE
  5
E6D
330
17
100
AcDbEntity
  8
0
100
AcDbLine
 10
6.68206
 20
-4.6707
 30
0.0
 11
6.69867
 21
-4.6156
 31
0.0
  0
LINE
  5
E6E
330
17
100
AcDbEntity
  8
0
100
AcDbLine
 10
6.69867
 20
-4.6156
 30
0.0
 11
6.71431
 21
-4.569990000000001
 31
0.0
  0
LINE
  5
E6F
330
17
100
AcDbEntity
  8
0
100
AcDbLine
 10
6.71431
 20
-4.569990000000001
 30
0.0
 11
6.7172
 21
-4.56303
 31
0.0
  0
LINE
  5
E70
330
17
100
AcDbEntity
  8
0
100
AcDbLine
 10
6.7172
 20
-4.56303
 30
0.0
 11
6.7207
 21
-4.55636
 31
0.0
  0
LINE
  5
E71
330
17
100
AcDbEntity
  8
0
100
AcDbLine
 10
6.7207
 20
-4.55636
 30
0.0
 11
6.72478
 21
-4.5500300000000005
 31
0.0
  0
LINE
  5
E72
330
17
100
AcDbEntity
  8
0
100
AcDbLine
 10
6.72478
 20
-4.5500300000000005
 30
0.0
 11
6.74282
 21
-4.5219700000000005
 31
0.0
  0
LINE
  5
E73
330
17
100
AcDbEntity
  8
0
100
AcDbLine
 10
6.74282
 20
-4.5219700000000005
 30
0.0
 11
6.75816
 21
-4.49235
 31
0.0
  0
LINE
  5
E74
330
17
100
AcDbEntity
  8
0
100
AcDbLine
 10
6.75816
 20
-4.49235
 30
0.0
 11
6.77069
 21
-4.46144
 31
0.0
  0
LINE
  5
E75
330
17
100
AcDbEntity
  8
0
100
AcDbLine
 10
6.77069
 20
-4.46144
 30
0.0
 11
6.78029
 21
-4.4295
 31
0.0
  0
LINE
  5
E76
330
17
100
AcDbEntity
  8
0
100
AcDbLine
 10
6.78029
 20
-4.4295
 30
0.0
 11
6.79946
 21
-4.339189999999999
 31
0.0
  0
LINE
  5
E77
330
17
100
AcDbEntity
  8
0
100
AcDbLine
 10
6.79946
 20
-4.339189999999999
 30
0.0
 11
6.81206
 21
-4.24774
 31
0.0
  0
LINE
  5
E78
330
17
100
AcDbEntity
  8
0
100
AcDbLine
 10
6.81206
 20
-4.24774
 30
0.0
 11
6.83153
 21
-3.9482
 31
0.0
  0
LINE
  5
E79
330
17
100
AcDbEntity
  8
0
100
AcDbLine
 10
6.83153
 20
-3.9482
 30
0.0
 11
6.845610000000001
 21
-3.3536
 31
0.0
  0
LINE
  5
E7A
330
17
100
AcDbEntity
  8
0
100
AcDbLine
 10
6.845610000000001
 20
-3.3536
 30
0.0
 11
6.86286
 21
-2.40259
 31
0.0
  0
LINE
  5
E7B
330
17
100
AcDbEntity
  8
0
100
AcDbLine
 10
6.86286
 20
-2.40259
 30
0.0
 11
7.70275
 21
-2.3944199999999998
 31
0.0
  0
LINE
  5
E7C
330
17
100
AcDbEntity
  8
0
100
AcDbLine
 10
7.70275
 20
-2.3944199999999998
 30
0.0
 11
8.0863
 21
-2.39257
 31
0.0
  0
LINE
  5
E7D
330
17
100
AcDbEntity
  8
0
100
AcDbLine
 10
8.0863
 20
-2.39257
 30
0.0
 11
8.34936
 21
-2.39641
 31
0.0
  0
LINE
  5
E7E
330
17
100
AcDbEntity
  8
0
100
AcDbLine
 10
8.34936
 20
-2.39641
 30
0.0
 11
8.54156
 21
-2.40383
 31
0.0
  0
ENDSEC
  0
SECTION
  2
OBJECTS
  0
DICTIONARY
  5
A
330
0
100
AcDbDictionary
281
1
  3
ACAD_COLOR
350
B
  3
ACAD_GROUP
350
C
  3
ACAD_LAYOUT
350
D
  3
ACAD_MATERIAL
350
E
  3
ACAD_MLEADERSTYLE
350
F
  3
ACAD_MLINESTYLE
350
10
  3
ACAD_PLOTSETTINGS
350
11
  3
ACAD_PLOTSTYLENAME
350
12
  3
ACAD_SCALELIST
350
14
  3
ACAD_TABLESTYLE
350
15
  3
ACAD_VISUALSTYLE
350
16
  3
EZDXF_META
350
2D
  0
DICTIONARY
  5
B
330
A
100
AcDbDictionary
281
1
  0
DICTIONARY
  5
C
330
A
100
AcDbDictionary
281
1
  0
DICTIONARY
  5
D
330
A
100
AcDbDictionary
281
1
  3
Model
350
1A
  3
Layout1
350
1E
  0
DICTIONARY
  5
E
330
A
100
AcDbDictionary
281
1
  3
ByBlock
350
1F
  3
ByLayer
350
20
  3
Global
350
21
  0
DICTIONARY
  5
F
330
A
100
AcDbDictionary
281
1
  3
Standard
350
2C
  0
DICTIONARY
  5
10
330
A
100
AcDbDictionary
281
1
  3
Standard
350
22
  0
DICTIONARY
  5
11
330
A
100
AcDbDictionary
281
1
  0
ACDBDICTIONARYWDFLT
  5
12
330
A
100
AcDbDictionary
281
1
  3
Normal
350
13
100
AcDbDictionaryWithDefault
340
13
  0
ACDBPLACEHOLDER
  5
13
330
12
  0
DICTIONARY
  5
14
330
A
100
AcDbDictionary
281
1
  0
DICTIONARY
  5
15
330
A
100
AcDbDictionary
281
1
  0
DICTIONARY
  5
16
330
A
100
AcDbDictionary
281
1
  0
LAYOUT
  5
1A
330
D
100
AcDbPlotSettings
  1

  4
A3
  6

 40
7.5
 41
20.0
 42
7.5
 43
20.0
 44
420.0
 45
297.0
 46
0.0
 47
0.0
 48
0.0
 49
0.0
140
0.0
141
0.0
142
1.0
143
1.0
 70
1024
 72
1
 73
0
 74
5
  7

 75
16
 76
0
 77
2
 78
300
147
1.0
148
0.0
149
0.0
100
AcDbLayout
  1
Model
 70
1
 71
0
 10
0.0
 20
0.0
 11
420.0
 21
297.0
 12
0.0
 22
0.0
 32
0.0
 14
1e+20
 24
1e+20
 34
1e+20
 15
-1e+20
 25
-1e+20
 35
-1e+20
146
0.0
 13
0.0
 23
0.0
 33
0.0
 16
1.0
 26
0.0
 36
0.0
 17
0.0
 27
1.0
 37
0.0
 76
1
330
17
  0
LAYOUT
  5
1E
330
D
100
AcDbPlotSettings
  1

  4
A3
  6

 40
7.5
 41
20.0
 42
7.5
 43
20.0
 44
420.0
 45
297.0
 46
0.0
 47
0.0
 48
0.0
 49
0.0
140
0.0
141
0.0
142
1.0
143
1.0
 70
0
 72
1
 73
0
 74
5
  7

 75
16
 76
0
 77
2
 78
300
147
1.0
148
0.0
149
0.0
100
AcDbLayout
  1
Layout1
 70
1
 71
1
 10
0.0
 20
0.0
 11
420.0
 21
297.0
 12
0.0
 22
0.0
 32
0.0
 14
1e+20
 24
1e+20
 34
1e+20
 15
-1e+20
 25
-1e+20
 35
-1e+20
146
0.0
 13
0.0
 23
0.0
 33
0.0
 16
1.0
 26
0.0
 36
0.0
 17
0.0
 27
1.0
 37
0.0
 76
1
330
1B
  0
MATERIAL
  5
1F
102
{ACAD_REACTORS
330
E
102
}
330
E
100
AcDbMaterial
  1
ByBlock
  2

 70
0
 40
1.0
 71
1
 41
1.0
 91
-1023410177
 42
1.0
 72
1
  3

 73
1
 74
1
 75
1
 44
0.5
 73
0
 45
1.0
 46
1.0
 77
1
  4

 78
1
 79
1
170
1
 48
1.0
171
1
  6

172
1
173
1
174
1
140
1.0
141
1.0
175
1
  7

176
1
177
1
178
1
143
1.0
179
1
  8

270
1
271
1
272
1
145
1.0
146
1.0
273
1
  9

274
1
275
1
276
1
 42
1.0
 72
1
  3

 73
1
 74
1
 75
1
 94
63
  0
MATERIAL
  5
20
102
{ACAD_REACTORS
330
E
102
}
330
E
100
AcDbMaterial
  1
ByLayer
  2

 70
0
 40
1.0
 71
1
 41
1.0
 91
-1023410177
 42
1.0
 72
1
  3

 73
1
 74
1
 75
1
 44
0.5
 73
0
 45
1.0
 46
1.0
 77
1
  4

 78
1
 79
1
170
1
 48
1.0
171
1
  6

172
1
173
1
174
1
140
1.0
141
1.0
175
1
  7

176
1
177
1
178
1
143
1.0
179
1
  8

270
1
271
1
272
1
145
1.0
146
1.0
273
1
  9

274
1
275
1
276
1
 42
1.0
 72
1
  3

 73
1
 74
1
 75
1
 94
63
  0
MATERIAL
  5
21
102
{ACAD_REACTORS
330
E
102
}
330
E
100
AcDbMaterial
  1
Global
  2

 70
0
 40
1.0
 71
1
 41
1.0
 91
-1023410177
 42
1.0
 72
1
  3

 73
1
 74
1
 75
1
 44
0.5
 73
0
 45
1.0
 46
1.0
 77
1
  4

 78
1
 79
1
170
1
 48
1.0
171
1
  6

172
1
173
1
174
1
140
1.0
141
1.0
175
1
  7

176
1
177
1
178
1
143
1.0
179
1
  8

270
1
271
1
272
1
145
1.0
146
1.0
273
1
  9

274
1
275
1
276
1
 42
1.0
 72
1
  3

 73
1
 74
1
 75
1
 94
63
  0
MLINESTYLE
  5
22
102
{ACAD_REACTORS
330
10
102
}
330
10
100
AcDbMlineStyle
  2
Standard
 70
0
  3

 62
256
 51
90.0
 52
90.0
 71
2
 49
0.5
 62
256
  6
BYLAYER
 49
-0.5
 62
256
  6
BYLAYER
  0
MLEADERSTYLE
  5
2C
102
{ACAD_REACTORS
330
F
102
}
330
F
100
AcDbMLeaderStyle
179
2
170
2
171
1
172
0
 90
2
 40
0.0
 41
0.0
173
1
 91
-1056964608
 92
-2
290
1
 42
2.0
291
1
 43
8.0
  3
Standard
 44
4.0
300

342
29
174
1
175
1
176
0
178
1
 93
-1056964608
 45
4.0
292
0
297
0
 46
4.0
 94
-1056964608
 47
1.0
 49
1.0
140
1.0
294
1
141
0.0
177
0
142
1.0
295
0
296
0
143
3.75
271
0
272
9
273
9
  0
DICTIONARY
  5
2D
330
A
100
AcDbDictionary
280
1
281
1
  3
CREATED_BY_EZDXF
350
2E
  3
WRITTEN_BY_EZDXF
350
E82
  0
DICTIONARYVAR
  5
2E
330
2D
100
DictionaryVariables
280
0
  1
1.4.4 @ 2026-09-02T16:48:28.001234+00:00
  0
DICTIONARYVAR
  5
E82
330
2D
100
DictionaryVariables
280
0
  1
1.4.4 @ 2026-09-02T16:48:28.297320+00:00
  0
ENDSEC
  0
EOF
