ISO-10303-21;
HEADER;
/*Generated by software containing ST-Developer
 * from STEP Tools, Inc. (www.steptools.com) 
 */
/*OPTION: using custom renumber hook */
/*description */
/*implementation_level */
FILE_DESCRIPTION(('STEP AP242 Edition 2','STEP AP242 Edition 2''CAx-IF Rec.Pracs.---Representation and Presentation of Product Manufa
cturing Information (PMI)---4.0---2014-10-13','STEP AP242 Edition 2''CAx-IF Rec.Pracs.---Representation and Presentation of Product Manufa
cturing Information (PMI)---4.0---2014-10-13''CAx-IF Rec.Pracs.---3D Tessellated Geometry---0.4---2014-09-14','STEP AP242 Edition 2''CAx-IF Rec.Pracs.---Representation and Presentation of Product Manufa
cturing Information (PMI)---4.0---2014-10-13''CAx-IF Rec.Pracs.---3D Tessellated Geometry---0.4---2014-09-14''2;1','STEP AP242 Edition 2''CAx-IF Rec.Pracs.---Representation and Presentation of Product Manufa
cturing Information (PMI)---4.0---2014-10-13''CAx-IF Rec.Pracs.---3D Tessellated Geometry---0.4---2014-09-14''2;1''CAx-IF Rec.Pracs.---User Defined Attributes---1.5---2016-08-15'),'2;1');
/*name */
/*time_stamp */
/*author */
/*organization */
/*preprocessor_version */
/*originating_system */
/*authorisation */
FILE_NAME('/vol/tmp/translate-2451507986457518250/TokenHolder.step','2026-09-04T20:31:40',(''),(''),'ST-DEVELOPER v20','ONSHAPE BY PTC INC, 1.220','  ');
FILE_SCHEMA(('AP242_MANAGED_MODEL_BASED_3D_ENGINEERING_MIM_LF { 1 0 10303 442 3 1 4 }'));
ENDSEC;
DATA;
#10=SHAPE_REPRESENTATION_RELATIONSHIP('','',#3937,#11);
#11=ADVANCED_BREP_SHAPE_REPRESENTATION('',(#3935),#6655);
#12=TOROIDAL_SURFACE('',#4053,0.007,0.0005);
#13=TOROIDAL_SURFACE('',#4054,0.007,0.0005);
#14=ELLIPSE('',#4045,0.000848528137423857,0.0006);
#15=ELLIPSE('',#4047,0.000848528137423857,0.0006);
#16=ELLIPSE('',#4049,0.000848528137423857,0.0006);
#17=ELLIPSE('',#4051,0.000848528137423857,0.0006);
#18=B_SPLINE_CURVE_WITH_KNOTS('',3,(#5904,#5905,#5906,#5907),.UNSPECIFIED.,.F.,.F.,(4,4),(0.,0.000312722121376044),.UNSPECIFIED.);
#19=B_SPLINE_CURVE_WITH_KNOTS('',3,(#5911,#5912,#5913,#5914),.UNSPECIFIED.,.F.,.F.,(4,4),(0.000625806367837519,0.000937909682391469),.UNSPECIFIED.);
#20=B_SPLINE_CURVE_WITH_KNOTS('',3,(#5927,#5928,#5929,#5930),.UNSPECIFIED.,.F.,.F.,(4,4),(0.,0.000638411545163993),.UNSPECIFIED.);
#21=B_SPLINE_CURVE_WITH_KNOTS('',3,(#5934,#5935,#5936,#5937),.UNSPECIFIED.,.F.,.F.,(4,4),(0.,0.000637776870269147),.UNSPECIFIED.);
#22=CYLINDRICAL_SURFACE('',#4035,0.0075);
#23=CYLINDRICAL_SURFACE('',#4044,0.0006);
#24=CYLINDRICAL_SURFACE('',#4046,0.0006);
#25=CYLINDRICAL_SURFACE('',#4048,0.0006);
#26=CYLINDRICAL_SURFACE('',#4050,0.0006);
#27=CYLINDRICAL_SURFACE('',#4052,0.0006);
#28=CYLINDRICAL_SURFACE('',#4055,0.001);
#29=CYLINDRICAL_SURFACE('',#4056,0.000685722817951344);
#30=CYLINDRICAL_SURFACE('',#4061,0.000179225533289606);
#31=CYLINDRICAL_SURFACE('',#4063,0.000179225533401033);
#32=CYLINDRICAL_SURFACE('',#4066,0.000178168733928864);
#33=CYLINDRICAL_SURFACE('',#4068,0.000185732114071303);
#34=CYLINDRICAL_SURFACE('',#4073,0.000685722817949692);
#35=CYLINDRICAL_SURFACE('',#4075,0.000763835650610032);
#36=CYLINDRICAL_SURFACE('',#4077,0.000685071464365632);
#37=CYLINDRICAL_SURFACE('',#4080,0.000685071464365593);
#38=CYLINDRICAL_SURFACE('',#4082,0.000763835650609941);
#39=CYLINDRICAL_SURFACE('',#4088,0.000697140234776863);
#40=CYLINDRICAL_SURFACE('',#4090,0.000723222679386668);
#41=CYLINDRICAL_SURFACE('',#4092,0.000701289992800478);
#42=CYLINDRICAL_SURFACE('',#4097,5.88418459681984E-05);
#43=CYLINDRICAL_SURFACE('',#4099,6.08769109752112E-05);
#44=CYLINDRICAL_SURFACE('',#4124,6.01721473987877E-05);
#45=CYLINDRICAL_SURFACE('',#4126,6.01721473987616E-05);
#46=CYLINDRICAL_SURFACE('',#4129,6.01721473987774E-05);
#47=CYLINDRICAL_SURFACE('',#4131,6.01721473977401E-05);
#48=CYLINDRICAL_SURFACE('',#4134,0.000685722817951329);
#49=CYLINDRICAL_SURFACE('',#4136,0.000739906560527224);
#50=CYLINDRICAL_SURFACE('',#4138,0.000689916339313226);
#51=CYLINDRICAL_SURFACE('',#4141,0.000695556309698575);
#52=CYLINDRICAL_SURFACE('',#4143,0.000726490764180413);
#53=CYLINDRICAL_SURFACE('',#4145,0.000699000752160193);
#54=CYLINDRICAL_SURFACE('',#4148,0.000686204594291041);
#55=CYLINDRICAL_SURFACE('',#4150,0.000753300748515673);
#56=CYLINDRICAL_SURFACE('',#4152,0.000682297678228885);
#57=CYLINDRICAL_SURFACE('',#4157,6.01721473977349E-05);
#58=CYLINDRICAL_SURFACE('',#4159,6.01721473987806E-05);
#59=CYLINDRICAL_SURFACE('',#4162,6.01721473978055E-05);
#60=CYLINDRICAL_SURFACE('',#4164,6.0172147397945E-05);
#61=CYLINDRICAL_SURFACE('',#4167,5.88418459684966E-05);
#62=CYLINDRICAL_SURFACE('',#4169,6.08769109752132E-05);
#63=CYLINDRICAL_SURFACE('',#4172,0.000686204594287686);
#64=CYLINDRICAL_SURFACE('',#4174,0.000753300748515746);
#65=CYLINDRICAL_SURFACE('',#4176,0.000683835551361461);
#66=CYLINDRICAL_SURFACE('',#4192,0.000685722817951362);
#67=CYLINDRICAL_SURFACE('',#4195,0.000685722817951431);
#68=CYLINDRICAL_SURFACE('',#4197,0.000763835650610276);
#69=CYLINDRICAL_SURFACE('',#4199,0.000685071464365526);
#70=CYLINDRICAL_SURFACE('',#4204,5.68345712062085E-05);
#71=CYLINDRICAL_SURFACE('',#4206,6.86697656681295E-05);
#72=CYLINDRICAL_SURFACE('',#4209,6.01721473986816E-05);
#73=CYLINDRICAL_SURFACE('',#4211,6.01721473987557E-05);
#74=CYLINDRICAL_SURFACE('',#4216,0.000687218056438999);
#75=CYLINDRICAL_SURFACE('',#4218,0.000760356025916636);
#76=CYLINDRICAL_SURFACE('',#4224,6.01721473977296E-05);
#77=CYLINDRICAL_SURFACE('',#4226,6.0172147397739E-05);
#78=CYLINDRICAL_SURFACE('',#4229,6.0172147398808E-05);
#79=CYLINDRICAL_SURFACE('',#4231,6.01721473980416E-05);
#80=CYLINDRICAL_SURFACE('',#4236,0.000686204594288361);
#81=CYLINDRICAL_SURFACE('',#4238,0.000746507405117709);
#82=CYLINDRICAL_SURFACE('',#4240,0.000685722817951406);
#83=CYLINDRICAL_SURFACE('',#4246,5.88418459680616E-05);
#84=CYLINDRICAL_SURFACE('',#4249,6.08769109740356E-05);
#85=CYLINDRICAL_SURFACE('',#4255,6.01721473987611E-05);
#86=CYLINDRICAL_SURFACE('',#4258,0.000636674188503212);
#87=CYLINDRICAL_SURFACE('',#4261,0.000636674188501782);
#88=CYLINDRICAL_SURFACE('',#4263,0.000813486157612489);
#89=CYLINDRICAL_SURFACE('',#4265,0.000719867172613547);
#90=CYLINDRICAL_SURFACE('',#4268,0.000694803766915483);
#91=CYLINDRICAL_SURFACE('',#4270,0.000792964304568221);
#92=CYLINDRICAL_SURFACE('',#4272,0.000658988510576114);
#93=CYLINDRICAL_SURFACE('',#4275,0.000658988510576275);
#94=CYLINDRICAL_SURFACE('',#4277,0.000792964304568325);
#95=CYLINDRICAL_SURFACE('',#4279,0.000694803766915223);
#96=CYLINDRICAL_SURFACE('',#4282,0.000719867172614367);
#97=CYLINDRICAL_SURFACE('',#4284,6.01721473977276E-05);
#98=CYLINDRICAL_SURFACE('',#4287,0.00081348615761209);
#99=CYLINDRICAL_SURFACE('',#4292,0.00068572281795145);
#100=CYLINDRICAL_SURFACE('',#4297,0.000179225533301125);
#101=CYLINDRICAL_SURFACE('',#4299,0.000179225533291003);
#102=CYLINDRICAL_SURFACE('',#4302,0.000178168733928912);
#103=CYLINDRICAL_SURFACE('',#4304,0.000185732113939739);
#104=CYLINDRICAL_SURFACE('',#4309,0.00068572281795146);
#105=CYLINDRICAL_SURFACE('',#4311,0.000763835650610027);
#106=CYLINDRICAL_SURFACE('',#4313,0.000685071464363578);
#107=CYLINDRICAL_SURFACE('',#4316,0.000685071464363628);
#108=CYLINDRICAL_SURFACE('',#4318,0.000763835650610169);
#109=LINE('',#5491,#501);
#110=LINE('',#5499,#502);
#111=LINE('',#5507,#503);
#112=LINE('',#5515,#504);
#113=LINE('',#5523,#505);
#114=LINE('',#5525,#506);
#115=LINE('',#5527,#507);
#116=LINE('',#5533,#508);
#117=LINE('',#5539,#509);
#118=LINE('',#5541,#510);
#119=LINE('',#5543,#511);
#120=LINE('',#5551,#512);
#121=LINE('',#5552,#513);
#122=LINE('',#5555,#514);
#123=LINE('',#5557,#515);
#124=LINE('',#5559,#516);
#125=LINE('',#5561,#517);
#126=LINE('',#5563,#518);
#127=LINE('',#5565,#519);
#128=LINE('',#5566,#520);
#129=LINE('',#5569,#521);
#130=LINE('',#5571,#522);
#131=LINE('',#5573,#523);
#132=LINE('',#5575,#524);
#133=LINE('',#5577,#525);
#134=LINE('',#5579,#526);
#135=LINE('',#5581,#527);
#136=LINE('',#5583,#528);
#137=LINE('',#5585,#529);
#138=LINE('',#5587,#530);
#139=LINE('',#5589,#531);
#140=LINE('',#5590,#532);
#141=LINE('',#5597,#533);
#142=LINE('',#5599,#534);
#143=LINE('',#5601,#535);
#144=LINE('',#5609,#536);
#145=LINE('',#5611,#537);
#146=LINE('',#5612,#538);
#147=LINE('',#5615,#539);
#148=LINE('',#5617,#540);
#149=LINE('',#5619,#541);
#150=LINE('',#5627,#542);
#151=LINE('',#5635,#543);
#152=LINE('',#5637,#544);
#153=LINE('',#5639,#545);
#154=LINE('',#5645,#546);
#155=LINE('',#5651,#547);
#156=LINE('',#5653,#548);
#157=LINE('',#5655,#549);
#158=LINE('',#5656,#550);
#159=LINE('',#5659,#551);
#160=LINE('',#5661,#552);
#161=LINE('',#5663,#553);
#162=LINE('',#5664,#554);
#163=LINE('',#5673,#555);
#164=LINE('',#5679,#556);
#165=LINE('',#5685,#557);
#166=LINE('',#5691,#558);
#167=LINE('',#5693,#559);
#168=LINE('',#5695,#560);
#169=LINE('',#5703,#561);
#170=LINE('',#5711,#562);
#171=LINE('',#5719,#563);
#172=LINE('',#5725,#564);
#173=LINE('',#5731,#565);
#174=LINE('',#5733,#566);
#175=LINE('',#5735,#567);
#176=LINE('',#5736,#568);
#177=LINE('',#5739,#569);
#178=LINE('',#5741,#570);
#179=LINE('',#5743,#571);
#180=LINE('',#5744,#572);
#181=LINE('',#5747,#573);
#182=LINE('',#5755,#574);
#183=LINE('',#5757,#575);
#184=LINE('',#5759,#576);
#185=LINE('',#5765,#577);
#186=LINE('',#5771,#578);
#187=LINE('',#5773,#579);
#188=LINE('',#5781,#580);
#189=LINE('',#5789,#581);
#190=LINE('',#5791,#582);
#191=LINE('',#5793,#583);
#192=LINE('',#5799,#584);
#193=LINE('',#5805,#585);
#194=LINE('',#5807,#586);
#195=LINE('',#5809,#587);
#196=LINE('',#5811,#588);
#197=LINE('',#5816,#589);
#198=LINE('',#5820,#590);
#199=LINE('',#5822,#591);
#200=LINE('',#5824,#592);
#201=LINE('',#5826,#593);
#202=LINE('',#5830,#594);
#203=LINE('',#5832,#595);
#204=LINE('',#5834,#596);
#205=LINE('',#5836,#597);
#206=LINE('',#5839,#598);
#207=LINE('',#5841,#599);
#208=LINE('',#5843,#600);
#209=LINE('',#5845,#601);
#210=LINE('',#5849,#602);
#211=LINE('',#5851,#603);
#212=LINE('',#5853,#604);
#213=LINE('',#5854,#605);
#214=LINE('',#5856,#606);
#215=LINE('',#5857,#607);
#216=LINE('',#5862,#608);
#217=LINE('',#5864,#609);
#218=LINE('',#5865,#610);
#219=LINE('',#5867,#611);
#220=LINE('',#5869,#612);
#221=LINE('',#5871,#613);
#222=LINE('',#5873,#614);
#223=LINE('',#5875,#615);
#224=LINE('',#5877,#616);
#225=LINE('',#5879,#617);
#226=LINE('',#5882,#618);
#227=LINE('',#5884,#619);
#228=LINE('',#5886,#620);
#229=LINE('',#5888,#621);
#230=LINE('',#5890,#622);
#231=LINE('',#5892,#623);
#232=LINE('',#5899,#624);
#233=LINE('',#5918,#625);
#234=LINE('',#5920,#626);
#235=LINE('',#5922,#627);
#236=LINE('',#5924,#628);
#237=LINE('',#5946,#629);
#238=LINE('',#5950,#630);
#239=LINE('',#5952,#631);
#240=LINE('',#5954,#632);
#241=LINE('',#5956,#633);
#242=LINE('',#5958,#634);
#243=LINE('',#5960,#635);
#244=LINE('',#5962,#636);
#245=LINE('',#5964,#637);
#246=LINE('',#5968,#638);
#247=LINE('',#5972,#639);
#248=LINE('',#5974,#640);
#249=LINE('',#5976,#641);
#250=LINE('',#5980,#642);
#251=LINE('',#5984,#643);
#252=LINE('',#5986,#644);
#253=LINE('',#5988,#645);
#254=LINE('',#5990,#646);
#255=LINE('',#5992,#647);
#256=LINE('',#5994,#648);
#257=LINE('',#5996,#649);
#258=LINE('',#6000,#650);
#259=LINE('',#6004,#651);
#260=LINE('',#6008,#652);
#261=LINE('',#6010,#653);
#262=LINE('',#6012,#654);
#263=LINE('',#6019,#655);
#264=LINE('',#6021,#656);
#265=LINE('',#6023,#657);
#266=LINE('',#6025,#658);
#267=LINE('',#6027,#659);
#268=LINE('',#6029,#660);
#269=LINE('',#6031,#661);
#270=LINE('',#6033,#662);
#271=LINE('',#6037,#663);
#272=LINE('',#6041,#664);
#273=LINE('',#6045,#665);
#274=LINE('',#6047,#666);
#275=LINE('',#6049,#667);
#276=LINE('',#6051,#668);
#277=LINE('',#6053,#669);
#278=LINE('',#6055,#670);
#279=LINE('',#6057,#671);
#280=LINE('',#6064,#672);
#281=LINE('',#6066,#673);
#282=LINE('',#6068,#674);
#283=LINE('',#6070,#675);
#284=LINE('',#6072,#676);
#285=LINE('',#6074,#677);
#286=LINE('',#6076,#678);
#287=LINE('',#6078,#679);
#288=LINE('',#6081,#680);
#289=LINE('',#6083,#681);
#290=LINE('',#6085,#682);
#291=LINE('',#6087,#683);
#292=LINE('',#6089,#684);
#293=LINE('',#6091,#685);
#294=LINE('',#6093,#686);
#295=LINE('',#6095,#687);
#296=LINE('',#6097,#688);
#297=LINE('',#6099,#689);
#298=LINE('',#6101,#690);
#299=LINE('',#6103,#691);
#300=LINE('',#6105,#692);
#301=LINE('',#6107,#693);
#302=LINE('',#6109,#694);
#303=LINE('',#6111,#695);
#304=LINE('',#6113,#696);
#305=LINE('',#6115,#697);
#306=LINE('',#6117,#698);
#307=LINE('',#6119,#699);
#308=LINE('',#6121,#700);
#309=LINE('',#6123,#701);
#310=LINE('',#6125,#702);
#311=LINE('',#6127,#703);
#312=LINE('',#6130,#704);
#313=LINE('',#6132,#705);
#314=LINE('',#6134,#706);
#315=LINE('',#6136,#707);
#316=LINE('',#6138,#708);
#317=LINE('',#6140,#709);
#318=LINE('',#6142,#710);
#319=LINE('',#6144,#711);
#320=LINE('',#6146,#712);
#321=LINE('',#6148,#713);
#322=LINE('',#6152,#714);
#323=LINE('',#6156,#715);
#324=LINE('',#6158,#716);
#325=LINE('',#6160,#717);
#326=LINE('',#6164,#718);
#327=LINE('',#6168,#719);
#328=LINE('',#6170,#720);
#329=LINE('',#6172,#721);
#330=LINE('',#6176,#722);
#331=LINE('',#6180,#723);
#332=LINE('',#6184,#724);
#333=LINE('',#6186,#725);
#334=LINE('',#6188,#726);
#335=LINE('',#6192,#727);
#336=LINE('',#6196,#728);
#337=LINE('',#6200,#729);
#338=LINE('',#6202,#730);
#339=LINE('',#6204,#731);
#340=LINE('',#6208,#732);
#341=LINE('',#6212,#733);
#342=LINE('',#6216,#734);
#343=LINE('',#6218,#735);
#344=LINE('',#6220,#736);
#345=LINE('',#6222,#737);
#346=LINE('',#6224,#738);
#347=LINE('',#6226,#739);
#348=LINE('',#6228,#740);
#349=LINE('',#6232,#741);
#350=LINE('',#6236,#742);
#351=LINE('',#6238,#743);
#352=LINE('',#6240,#744);
#353=LINE('',#6244,#745);
#354=LINE('',#6248,#746);
#355=LINE('',#6250,#747);
#356=LINE('',#6252,#748);
#357=LINE('',#6256,#749);
#358=LINE('',#6260,#750);
#359=LINE('',#6262,#751);
#360=LINE('',#6264,#752);
#361=LINE('',#6268,#753);
#362=LINE('',#6275,#754);
#363=LINE('',#6277,#755);
#364=LINE('',#6279,#756);
#365=LINE('',#6281,#757);
#366=LINE('',#6283,#758);
#367=LINE('',#6285,#759);
#368=LINE('',#6287,#760);
#369=LINE('',#6289,#761);
#370=LINE('',#6291,#762);
#371=LINE('',#6293,#763);
#372=LINE('',#6295,#764);
#373=LINE('',#6297,#765);
#374=LINE('',#6299,#766);
#375=LINE('',#6301,#767);
#376=LINE('',#6304,#768);
#377=LINE('',#6306,#769);
#378=LINE('',#6308,#770);
#379=LINE('',#6310,#771);
#380=LINE('',#6312,#772);
#381=LINE('',#6314,#773);
#382=LINE('',#6316,#774);
#383=LINE('',#6318,#775);
#384=LINE('',#6321,#776);
#385=LINE('',#6325,#777);
#386=LINE('',#6327,#778);
#387=LINE('',#6329,#779);
#388=LINE('',#6331,#780);
#389=LINE('',#6335,#781);
#390=LINE('',#6339,#782);
#391=LINE('',#6343,#783);
#392=LINE('',#6345,#784);
#393=LINE('',#6347,#785);
#394=LINE('',#6349,#786);
#395=LINE('',#6351,#787);
#396=LINE('',#6353,#788);
#397=LINE('',#6355,#789);
#398=LINE('',#6359,#790);
#399=LINE('',#6363,#791);
#400=LINE('',#6365,#792);
#401=LINE('',#6367,#793);
#402=LINE('',#6371,#794);
#403=LINE('',#6375,#795);
#404=LINE('',#6377,#796);
#405=LINE('',#6379,#797);
#406=LINE('',#6381,#798);
#407=LINE('',#6383,#799);
#408=LINE('',#6385,#800);
#409=LINE('',#6387,#801);
#410=LINE('',#6394,#802);
#411=LINE('',#6396,#803);
#412=LINE('',#6398,#804);
#413=LINE('',#6400,#805);
#414=LINE('',#6402,#806);
#415=LINE('',#6404,#807);
#416=LINE('',#6406,#808);
#417=LINE('',#6408,#809);
#418=LINE('',#6412,#810);
#419=LINE('',#6416,#811);
#420=LINE('',#6418,#812);
#421=LINE('',#6420,#813);
#422=LINE('',#6424,#814);
#423=LINE('',#6428,#815);
#424=LINE('',#6430,#816);
#425=LINE('',#6432,#817);
#426=LINE('',#6434,#818);
#427=LINE('',#6436,#819);
#428=LINE('',#6438,#820);
#429=LINE('',#6440,#821);
#430=LINE('',#6444,#822);
#431=LINE('',#6448,#823);
#432=LINE('',#6452,#824);
#433=LINE('',#6455,#825);
#434=LINE('',#6458,#826);
#435=LINE('',#6460,#827);
#436=LINE('',#6462,#828);
#437=LINE('',#6464,#829);
#438=LINE('',#6466,#830);
#439=LINE('',#6468,#831);
#440=LINE('',#6472,#832);
#441=LINE('',#6478,#833);
#442=LINE('',#6482,#834);
#443=LINE('',#6485,#835);
#444=LINE('',#6487,#836);
#445=LINE('',#6489,#837);
#446=LINE('',#6491,#838);
#447=LINE('',#6493,#839);
#448=LINE('',#6495,#840);
#449=LINE('',#6497,#841);
#450=LINE('',#6499,#842);
#451=LINE('',#6501,#843);
#452=LINE('',#6505,#844);
#453=LINE('',#6509,#845);
#454=LINE('',#6513,#846);
#455=LINE('',#6515,#847);
#456=LINE('',#6517,#848);
#457=LINE('',#6519,#849);
#458=LINE('',#6523,#850);
#459=LINE('',#6527,#851);
#460=LINE('',#6531,#852);
#461=LINE('',#6533,#853);
#462=LINE('',#6535,#854);
#463=LINE('',#6539,#855);
#464=LINE('',#6543,#856);
#465=LINE('',#6547,#857);
#466=LINE('',#6549,#858);
#467=LINE('',#6551,#859);
#468=LINE('',#6555,#860);
#469=LINE('',#6559,#861);
#470=LINE('',#6563,#862);
#471=LINE('',#6565,#863);
#472=LINE('',#6567,#864);
#473=LINE('',#6576,#865);
#474=LINE('',#6577,#866);
#475=LINE('',#6581,#867);
#476=LINE('',#6585,#868);
#477=LINE('',#6587,#869);
#478=LINE('',#6589,#870);
#479=LINE('',#6591,#871);
#480=LINE('',#6593,#872);
#481=LINE('',#6595,#873);
#482=LINE('',#6597,#874);
#483=LINE('',#6599,#875);
#484=LINE('',#6603,#876);
#485=LINE('',#6607,#877);
#486=LINE('',#6609,#878);
#487=LINE('',#6611,#879);
#488=LINE('',#6615,#880);
#489=LINE('',#6619,#881);
#490=LINE('',#6621,#882);
#491=LINE('',#6623,#883);
#492=LINE('',#6625,#884);
#493=LINE('',#6627,#885);
#494=LINE('',#6629,#886);
#495=LINE('',#6631,#887);
#496=LINE('',#6635,#888);
#497=LINE('',#6639,#889);
#498=LINE('',#6643,#890);
#499=LINE('',#6645,#891);
#500=LINE('',#6647,#892);
#501=VECTOR('',#4332,1.);
#502=VECTOR('',#4339,1.);
#503=VECTOR('',#4346,1.);
#504=VECTOR('',#4353,1.);
#505=VECTOR('',#4360,1.);
#506=VECTOR('',#4361,1.);
#507=VECTOR('',#4362,1.);
#508=VECTOR('',#4367,1.);
#509=VECTOR('',#4372,1.);
#510=VECTOR('',#4373,1.);
#511=VECTOR('',#4374,1.);
#512=VECTOR('',#4381,1.);
#513=VECTOR('',#4382,1.);
#514=VECTOR('',#4383,1.);
#515=VECTOR('',#4384,1.);
#516=VECTOR('',#4385,1.);
#517=VECTOR('',#4386,1.);
#518=VECTOR('',#4387,1.);
#519=VECTOR('',#4388,1.);
#520=VECTOR('',#4389,1.);
#521=VECTOR('',#4390,1.);
#522=VECTOR('',#4391,1.);
#523=VECTOR('',#4392,1.);
#524=VECTOR('',#4393,1.);
#525=VECTOR('',#4394,1.);
#526=VECTOR('',#4395,1.);
#527=VECTOR('',#4396,1.);
#528=VECTOR('',#4397,1.);
#529=VECTOR('',#4398,1.);
#530=VECTOR('',#4399,1.);
#531=VECTOR('',#4400,1.);
#532=VECTOR('',#4401,1.);
#533=VECTOR('',#4406,1.);
#534=VECTOR('',#4407,1.);
#535=VECTOR('',#4408,1.);
#536=VECTOR('',#4415,1.);
#537=VECTOR('',#4416,1.);
#538=VECTOR('',#4417,1.);
#539=VECTOR('',#4418,1.);
#540=VECTOR('',#4419,1.);
#541=VECTOR('',#4420,1.);
#542=VECTOR('',#4427,1.);
#543=VECTOR('',#4434,1.);
#544=VECTOR('',#4435,1.);
#545=VECTOR('',#4436,1.);
#546=VECTOR('',#4441,1.);
#547=VECTOR('',#4446,1.);
#548=VECTOR('',#4447,1.);
#549=VECTOR('',#4448,1.);
#550=VECTOR('',#4449,1.);
#551=VECTOR('',#4450,1.);
#552=VECTOR('',#4451,1.);
#553=VECTOR('',#4452,1.);
#554=VECTOR('',#4453,1.);
#555=VECTOR('',#4460,1.);
#556=VECTOR('',#4465,1.);
#557=VECTOR('',#4470,1.);
#558=VECTOR('',#4475,1.);
#559=VECTOR('',#4476,1.);
#560=VECTOR('',#4477,1.);
#561=VECTOR('',#4484,1.);
#562=VECTOR('',#4491,1.);
#563=VECTOR('',#4498,1.);
#564=VECTOR('',#4503,1.);
#565=VECTOR('',#4508,1.);
#566=VECTOR('',#4509,1.);
#567=VECTOR('',#4510,1.);
#568=VECTOR('',#4511,1.);
#569=VECTOR('',#4512,1.);
#570=VECTOR('',#4513,1.);
#571=VECTOR('',#4514,1.);
#572=VECTOR('',#4515,1.);
#573=VECTOR('',#4516,1.);
#574=VECTOR('',#4523,1.);
#575=VECTOR('',#4524,1.);
#576=VECTOR('',#4525,1.);
#577=VECTOR('',#4530,1.);
#578=VECTOR('',#4535,1.);
#579=VECTOR('',#4536,1.);
#580=VECTOR('',#4543,1.);
#581=VECTOR('',#4550,1.);
#582=VECTOR('',#4551,1.);
#583=VECTOR('',#4552,1.);
#584=VECTOR('',#4557,1.);
#585=VECTOR('',#4562,1.);
#586=VECTOR('',#4563,1.);
#587=VECTOR('',#4564,1.);
#588=VECTOR('',#4567,1.);
#589=VECTOR('',#4570,1.);
#590=VECTOR('',#4573,1.);
#591=VECTOR('',#4574,1.);
#592=VECTOR('',#4575,1.);
#593=VECTOR('',#4576,1.);
#594=VECTOR('',#4579,1.);
#595=VECTOR('',#4580,1.);
#596=VECTOR('',#4581,1.);
#597=VECTOR('',#4584,1.);
#598=VECTOR('',#4585,1.);
#599=VECTOR('',#4586,1.);
#600=VECTOR('',#4587,1.);
#601=VECTOR('',#4588,1.);
#602=VECTOR('',#4591,1.);
#603=VECTOR('',#4592,1.);
#604=VECTOR('',#4595,1.);
#605=VECTOR('',#4596,1.);
#606=VECTOR('',#4599,1.);
#607=VECTOR('',#4600,1.);
#608=VECTOR('',#4605,1.);
#609=VECTOR('',#4606,1.);
#610=VECTOR('',#4607,1.);
#611=VECTOR('',#4608,1.);
#612=VECTOR('',#4611,1.);
#613=VECTOR('',#4612,1.);
#614=VECTOR('',#4615,1.);
#615=VECTOR('',#4616,1.);
#616=VECTOR('',#4619,1.);
#617=VECTOR('',#4622,1.);
#618=VECTOR('',#4623,1.);
#619=VECTOR('',#4624,1.);
#620=VECTOR('',#4625,1.);
#621=VECTOR('',#4626,1.);
#622=VECTOR('',#4627,1.);
#623=VECTOR('',#4628,1.);
#624=VECTOR('',#4637,1.);
#625=VECTOR('',#4652,1.);
#626=VECTOR('',#4655,1.);
#627=VECTOR('',#4658,1.);
#628=VECTOR('',#4661,1.);
#629=VECTOR('',#4688,1.);
#630=VECTOR('',#4691,1.);
#631=VECTOR('',#4694,1.);
#632=VECTOR('',#4695,1.);
#633=VECTOR('',#4698,1.);
#634=VECTOR('',#4699,1.);
#635=VECTOR('',#4702,1.);
#636=VECTOR('',#4703,1.);
#637=VECTOR('',#4706,1.);
#638=VECTOR('',#4711,1.);
#639=VECTOR('',#4716,1.);
#640=VECTOR('',#4717,1.);
#641=VECTOR('',#4720,1.);
#642=VECTOR('',#4725,1.);
#643=VECTOR('',#4730,1.);
#644=VECTOR('',#4731,1.);
#645=VECTOR('',#4734,1.);
#646=VECTOR('',#4735,1.);
#647=VECTOR('',#4738,1.);
#648=VECTOR('',#4739,1.);
#649=VECTOR('',#4742,1.);
#650=VECTOR('',#4747,1.);
#651=VECTOR('',#4752,1.);
#652=VECTOR('',#4757,1.);
#653=VECTOR('',#4758,1.);
#654=VECTOR('',#4761,1.);
#655=VECTOR('',#4772,1.);
#656=VECTOR('',#4773,1.);
#657=VECTOR('',#4774,1.);
#658=VECTOR('',#4777,1.);
#659=VECTOR('',#4778,1.);
#660=VECTOR('',#4781,1.);
#661=VECTOR('',#4782,1.);
#662=VECTOR('',#4785,1.);
#663=VECTOR('',#4790,1.);
#664=VECTOR('',#4795,1.);
#665=VECTOR('',#4800,1.);
#666=VECTOR('',#4801,1.);
#667=VECTOR('',#4804,1.);
#668=VECTOR('',#4805,1.);
#669=VECTOR('',#4808,1.);
#670=VECTOR('',#4809,1.);
#671=VECTOR('',#4812,1.);
#672=VECTOR('',#4823,1.);
#673=VECTOR('',#4824,1.);
#674=VECTOR('',#4825,1.);
#675=VECTOR('',#4828,1.);
#676=VECTOR('',#4829,1.);
#677=VECTOR('',#4832,1.);
#678=VECTOR('',#4833,1.);
#679=VECTOR('',#4836,1.);
#680=VECTOR('',#4841,1.);
#681=VECTOR('',#4842,1.);
#682=VECTOR('',#4843,1.);
#683=VECTOR('',#4846,1.);
#684=VECTOR('',#4847,1.);
#685=VECTOR('',#4850,1.);
#686=VECTOR('',#4851,1.);
#687=VECTOR('',#4854,1.);
#688=VECTOR('',#4855,1.);
#689=VECTOR('',#4858,1.);
#690=VECTOR('',#4859,1.);
#691=VECTOR('',#4862,1.);
#692=VECTOR('',#4863,1.);
#693=VECTOR('',#4866,1.);
#694=VECTOR('',#4867,1.);
#695=VECTOR('',#4870,1.);
#696=VECTOR('',#4871,1.);
#697=VECTOR('',#4874,1.);
#698=VECTOR('',#4875,1.);
#699=VECTOR('',#4878,1.);
#700=VECTOR('',#4879,1.);
#701=VECTOR('',#4882,1.);
#702=VECTOR('',#4883,1.);
#703=VECTOR('',#4886,1.);
#704=VECTOR('',#4891,1.);
#705=VECTOR('',#4892,1.);
#706=VECTOR('',#4893,1.);
#707=VECTOR('',#4896,1.);
#708=VECTOR('',#4897,1.);
#709=VECTOR('',#4900,1.);
#710=VECTOR('',#4901,1.);
#711=VECTOR('',#4904,1.);
#712=VECTOR('',#4905,1.);
#713=VECTOR('',#4908,1.);
#714=VECTOR('',#4913,1.);
#715=VECTOR('',#4918,1.);
#716=VECTOR('',#4919,1.);
#717=VECTOR('',#4922,1.);
#718=VECTOR('',#4927,1.);
#719=VECTOR('',#4932,1.);
#720=VECTOR('',#4933,1.);
#721=VECTOR('',#4936,1.);
#722=VECTOR('',#4941,1.);
#723=VECTOR('',#4946,1.);
#724=VECTOR('',#4951,1.);
#725=VECTOR('',#4952,1.);
#726=VECTOR('',#4955,1.);
#727=VECTOR('',#4960,1.);
#728=VECTOR('',#4965,1.);
#729=VECTOR('',#4970,1.);
#730=VECTOR('',#4971,1.);
#731=VECTOR('',#4974,1.);
#732=VECTOR('',#4979,1.);
#733=VECTOR('',#4984,1.);
#734=VECTOR('',#4989,1.);
#735=VECTOR('',#4990,1.);
#736=VECTOR('',#4993,1.);
#737=VECTOR('',#4994,1.);
#738=VECTOR('',#4997,1.);
#739=VECTOR('',#4998,1.);
#740=VECTOR('',#5001,1.);
#741=VECTOR('',#5006,1.);
#742=VECTOR('',#5011,1.);
#743=VECTOR('',#5012,1.);
#744=VECTOR('',#5015,1.);
#745=VECTOR('',#5020,1.);
#746=VECTOR('',#5025,1.);
#747=VECTOR('',#5026,1.);
#748=VECTOR('',#5029,1.);
#749=VECTOR('',#5034,1.);
#750=VECTOR('',#5039,1.);
#751=VECTOR('',#5040,1.);
#752=VECTOR('',#5043,1.);
#753=VECTOR('',#5048,1.);
#754=VECTOR('',#5059,1.);
#755=VECTOR('',#5060,1.);
#756=VECTOR('',#5061,1.);
#757=VECTOR('',#5064,1.);
#758=VECTOR('',#5065,1.);
#759=VECTOR('',#5068,1.);
#760=VECTOR('',#5069,1.);
#761=VECTOR('',#5072,1.);
#762=VECTOR('',#5073,1.);
#763=VECTOR('',#5076,1.);
#764=VECTOR('',#5077,1.);
#765=VECTOR('',#5080,1.);
#766=VECTOR('',#5081,1.);
#767=VECTOR('',#5084,1.);
#768=VECTOR('',#5089,1.);
#769=VECTOR('',#5090,1.);
#770=VECTOR('',#5091,1.);
#771=VECTOR('',#5094,1.);
#772=VECTOR('',#5095,1.);
#773=VECTOR('',#5098,1.);
#774=VECTOR('',#5099,1.);
#775=VECTOR('',#5102,1.);
#776=VECTOR('',#5107,1.);
#777=VECTOR('',#5110,1.);
#778=VECTOR('',#5113,1.);
#779=VECTOR('',#5114,1.);
#780=VECTOR('',#5117,1.);
#781=VECTOR('',#5122,1.);
#782=VECTOR('',#5127,1.);
#783=VECTOR('',#5132,1.);
#784=VECTOR('',#5133,1.);
#785=VECTOR('',#5136,1.);
#786=VECTOR('',#5137,1.);
#787=VECTOR('',#5140,1.);
#788=VECTOR('',#5141,1.);
#789=VECTOR('',#5144,1.);
#790=VECTOR('',#5149,1.);
#791=VECTOR('',#5154,1.);
#792=VECTOR('',#5155,1.);
#793=VECTOR('',#5158,1.);
#794=VECTOR('',#5163,1.);
#795=VECTOR('',#5168,1.);
#796=VECTOR('',#5169,1.);
#797=VECTOR('',#5172,1.);
#798=VECTOR('',#5173,1.);
#799=VECTOR('',#5176,1.);
#800=VECTOR('',#5177,1.);
#801=VECTOR('',#5180,1.);
#802=VECTOR('',#5191,1.);
#803=VECTOR('',#5192,1.);
#804=VECTOR('',#5193,1.);
#805=VECTOR('',#5196,1.);
#806=VECTOR('',#5197,1.);
#807=VECTOR('',#5200,1.);
#808=VECTOR('',#5201,1.);
#809=VECTOR('',#5204,1.);
#810=VECTOR('',#5209,1.);
#811=VECTOR('',#5214,1.);
#812=VECTOR('',#5215,1.);
#813=VECTOR('',#5218,1.);
#814=VECTOR('',#5223,1.);
#815=VECTOR('',#5228,1.);
#816=VECTOR('',#5229,1.);
#817=VECTOR('',#5232,1.);
#818=VECTOR('',#5233,1.);
#819=VECTOR('',#5236,1.);
#820=VECTOR('',#5237,1.);
#821=VECTOR('',#5240,1.);
#822=VECTOR('',#5245,1.);
#823=VECTOR('',#5250,1.);
#824=VECTOR('',#5255,1.);
#825=VECTOR('',#5260,1.);
#826=VECTOR('',#5261,1.);
#827=VECTOR('',#5262,1.);
#828=VECTOR('',#5263,1.);
#829=VECTOR('',#5266,1.);
#830=VECTOR('',#5267,1.);
#831=VECTOR('',#5268,1.);
#832=VECTOR('',#5273,1.);
#833=VECTOR('',#5280,1.);
#834=VECTOR('',#5285,1.);
#835=VECTOR('',#5286,1.);
#836=VECTOR('',#5287,1.);
#837=VECTOR('',#5288,1.);
#838=VECTOR('',#5291,1.);
#839=VECTOR('',#5292,1.);
#840=VECTOR('',#5293,1.);
#841=VECTOR('',#5296,1.);
#842=VECTOR('',#5297,1.);
#843=VECTOR('',#5298,1.);
#844=VECTOR('',#5303,1.);
#845=VECTOR('',#5308,1.);
#846=VECTOR('',#5311,1.);
#847=VECTOR('',#5314,1.);
#848=VECTOR('',#5315,1.);
#849=VECTOR('',#5318,1.);
#850=VECTOR('',#5323,1.);
#851=VECTOR('',#5328,1.);
#852=VECTOR('',#5333,1.);
#853=VECTOR('',#5334,1.);
#854=VECTOR('',#5337,1.);
#855=VECTOR('',#5342,1.);
#856=VECTOR('',#5347,1.);
#857=VECTOR('',#5352,1.);
#858=VECTOR('',#5353,1.);
#859=VECTOR('',#5356,1.);
#860=VECTOR('',#5361,1.);
#861=VECTOR('',#5366,1.);
#862=VECTOR('',#5371,1.);
#863=VECTOR('',#5372,1.);
#864=VECTOR('',#5375,1.);
#865=VECTOR('',#5390,1.);
#866=VECTOR('',#5391,1.);
#867=VECTOR('',#5398,1.);
#868=VECTOR('',#5401,1.);
#869=VECTOR('',#5404,1.);
#870=VECTOR('',#5405,1.);
#871=VECTOR('',#5408,1.);
#872=VECTOR('',#5409,1.);
#873=VECTOR('',#5412,1.);
#874=VECTOR('',#5413,1.);
#875=VECTOR('',#5416,1.);
#876=VECTOR('',#5421,1.);
#877=VECTOR('',#5426,1.);
#878=VECTOR('',#5427,1.);
#879=VECTOR('',#5430,1.);
#880=VECTOR('',#5435,1.);
#881=VECTOR('',#5440,1.);
#882=VECTOR('',#5441,1.);
#883=VECTOR('',#5444,1.);
#884=VECTOR('',#5445,1.);
#885=VECTOR('',#5448,1.);
#886=VECTOR('',#5449,1.);
#887=VECTOR('',#5452,1.);
#888=VECTOR('',#5457,1.);
#889=VECTOR('',#5462,1.);
#890=VECTOR('',#5467,1.);
#891=VECTOR('',#5468,1.);
#892=VECTOR('',#5471,1.);
#893=ORIENTED_EDGE('',*,*,#2037,.T.);
#894=ORIENTED_EDGE('',*,*,#2038,.T.);
#895=ORIENTED_EDGE('',*,*,#2039,.T.);
#896=ORIENTED_EDGE('',*,*,#2040,.T.);
#897=ORIENTED_EDGE('',*,*,#2041,.T.);
#898=ORIENTED_EDGE('',*,*,#2042,.T.);
#899=ORIENTED_EDGE('',*,*,#2043,.T.);
#900=ORIENTED_EDGE('',*,*,#2044,.T.);
#901=ORIENTED_EDGE('',*,*,#2045,.T.);
#902=ORIENTED_EDGE('',*,*,#2046,.T.);
#903=ORIENTED_EDGE('',*,*,#2047,.T.);
#904=ORIENTED_EDGE('',*,*,#2048,.T.);
#905=ORIENTED_EDGE('',*,*,#2049,.T.);
#906=ORIENTED_EDGE('',*,*,#2050,.T.);
#907=ORIENTED_EDGE('',*,*,#2051,.T.);
#908=ORIENTED_EDGE('',*,*,#2052,.T.);
#909=ORIENTED_EDGE('',*,*,#2053,.T.);
#910=ORIENTED_EDGE('',*,*,#2054,.T.);
#911=ORIENTED_EDGE('',*,*,#2055,.T.);
#912=ORIENTED_EDGE('',*,*,#2056,.T.);
#913=ORIENTED_EDGE('',*,*,#2057,.T.);
#914=ORIENTED_EDGE('',*,*,#2058,.T.);
#915=ORIENTED_EDGE('',*,*,#2059,.T.);
#916=ORIENTED_EDGE('',*,*,#2060,.T.);
#917=ORIENTED_EDGE('',*,*,#2061,.T.);
#918=ORIENTED_EDGE('',*,*,#2062,.T.);
#919=ORIENTED_EDGE('',*,*,#2063,.T.);
#920=ORIENTED_EDGE('',*,*,#2064,.T.);
#921=ORIENTED_EDGE('',*,*,#2065,.T.);
#922=ORIENTED_EDGE('',*,*,#2066,.T.);
#923=ORIENTED_EDGE('',*,*,#2067,.T.);
#924=ORIENTED_EDGE('',*,*,#2068,.T.);
#925=ORIENTED_EDGE('',*,*,#2069,.T.);
#926=ORIENTED_EDGE('',*,*,#2070,.T.);
#927=ORIENTED_EDGE('',*,*,#2071,.T.);
#928=ORIENTED_EDGE('',*,*,#2072,.T.);
#929=ORIENTED_EDGE('',*,*,#2073,.T.);
#930=ORIENTED_EDGE('',*,*,#2074,.T.);
#931=ORIENTED_EDGE('',*,*,#2075,.T.);
#932=ORIENTED_EDGE('',*,*,#2076,.T.);
#933=ORIENTED_EDGE('',*,*,#2077,.T.);
#934=ORIENTED_EDGE('',*,*,#2078,.T.);
#935=ORIENTED_EDGE('',*,*,#2079,.T.);
#936=ORIENTED_EDGE('',*,*,#2080,.T.);
#937=ORIENTED_EDGE('',*,*,#2081,.T.);
#938=ORIENTED_EDGE('',*,*,#2082,.T.);
#939=ORIENTED_EDGE('',*,*,#2083,.T.);
#940=ORIENTED_EDGE('',*,*,#2084,.T.);
#941=ORIENTED_EDGE('',*,*,#2085,.T.);
#942=ORIENTED_EDGE('',*,*,#2086,.T.);
#943=ORIENTED_EDGE('',*,*,#2087,.T.);
#944=ORIENTED_EDGE('',*,*,#2088,.T.);
#945=ORIENTED_EDGE('',*,*,#2089,.T.);
#946=ORIENTED_EDGE('',*,*,#2090,.T.);
#947=ORIENTED_EDGE('',*,*,#2091,.T.);
#948=ORIENTED_EDGE('',*,*,#2092,.T.);
#949=ORIENTED_EDGE('',*,*,#2093,.T.);
#950=ORIENTED_EDGE('',*,*,#2094,.T.);
#951=ORIENTED_EDGE('',*,*,#2095,.T.);
#952=ORIENTED_EDGE('',*,*,#2096,.T.);
#953=ORIENTED_EDGE('',*,*,#2097,.T.);
#954=ORIENTED_EDGE('',*,*,#2098,.T.);
#955=ORIENTED_EDGE('',*,*,#2099,.T.);
#956=ORIENTED_EDGE('',*,*,#2100,.T.);
#957=ORIENTED_EDGE('',*,*,#2101,.F.);
#958=ORIENTED_EDGE('',*,*,#2102,.T.);
#959=ORIENTED_EDGE('',*,*,#2103,.T.);
#960=ORIENTED_EDGE('',*,*,#2104,.F.);
#961=ORIENTED_EDGE('',*,*,#2105,.T.);
#962=ORIENTED_EDGE('',*,*,#2106,.T.);
#963=ORIENTED_EDGE('',*,*,#2107,.T.);
#964=ORIENTED_EDGE('',*,*,#2108,.T.);
#965=ORIENTED_EDGE('',*,*,#2109,.T.);
#966=ORIENTED_EDGE('',*,*,#2110,.T.);
#967=ORIENTED_EDGE('',*,*,#2111,.T.);
#968=ORIENTED_EDGE('',*,*,#2112,.T.);
#969=ORIENTED_EDGE('',*,*,#2113,.T.);
#970=ORIENTED_EDGE('',*,*,#2114,.T.);
#971=ORIENTED_EDGE('',*,*,#2115,.T.);
#972=ORIENTED_EDGE('',*,*,#2116,.T.);
#973=ORIENTED_EDGE('',*,*,#2117,.T.);
#974=ORIENTED_EDGE('',*,*,#2118,.T.);
#975=ORIENTED_EDGE('',*,*,#2119,.T.);
#976=ORIENTED_EDGE('',*,*,#2120,.T.);
#977=ORIENTED_EDGE('',*,*,#2121,.T.);
#978=ORIENTED_EDGE('',*,*,#2122,.T.);
#979=ORIENTED_EDGE('',*,*,#2123,.T.);
#980=ORIENTED_EDGE('',*,*,#2124,.T.);
#981=ORIENTED_EDGE('',*,*,#2125,.T.);
#982=ORIENTED_EDGE('',*,*,#2126,.T.);
#983=ORIENTED_EDGE('',*,*,#2127,.T.);
#984=ORIENTED_EDGE('',*,*,#2128,.T.);
#985=ORIENTED_EDGE('',*,*,#2129,.T.);
#986=ORIENTED_EDGE('',*,*,#2130,.T.);
#987=ORIENTED_EDGE('',*,*,#2131,.T.);
#988=ORIENTED_EDGE('',*,*,#2132,.T.);
#989=ORIENTED_EDGE('',*,*,#2133,.T.);
#990=ORIENTED_EDGE('',*,*,#2134,.T.);
#991=ORIENTED_EDGE('',*,*,#2135,.T.);
#992=ORIENTED_EDGE('',*,*,#2136,.T.);
#993=ORIENTED_EDGE('',*,*,#2137,.T.);
#994=ORIENTED_EDGE('',*,*,#2138,.T.);
#995=ORIENTED_EDGE('',*,*,#2139,.T.);
#996=ORIENTED_EDGE('',*,*,#2140,.T.);
#997=ORIENTED_EDGE('',*,*,#2141,.T.);
#998=ORIENTED_EDGE('',*,*,#2142,.T.);
#999=ORIENTED_EDGE('',*,*,#2143,.T.);
#1000=ORIENTED_EDGE('',*,*,#2144,.T.);
#1001=ORIENTED_EDGE('',*,*,#2145,.T.);
#1002=ORIENTED_EDGE('',*,*,#2146,.T.);
#1003=ORIENTED_EDGE('',*,*,#2147,.T.);
#1004=ORIENTED_EDGE('',*,*,#2148,.T.);
#1005=ORIENTED_EDGE('',*,*,#2149,.T.);
#1006=ORIENTED_EDGE('',*,*,#2150,.T.);
#1007=ORIENTED_EDGE('',*,*,#2151,.T.);
#1008=ORIENTED_EDGE('',*,*,#2152,.T.);
#1009=ORIENTED_EDGE('',*,*,#2153,.T.);
#1010=ORIENTED_EDGE('',*,*,#2154,.T.);
#1011=ORIENTED_EDGE('',*,*,#2155,.T.);
#1012=ORIENTED_EDGE('',*,*,#2156,.T.);
#1013=ORIENTED_EDGE('',*,*,#2157,.T.);
#1014=ORIENTED_EDGE('',*,*,#2158,.T.);
#1015=ORIENTED_EDGE('',*,*,#2159,.T.);
#1016=ORIENTED_EDGE('',*,*,#2160,.T.);
#1017=ORIENTED_EDGE('',*,*,#2161,.T.);
#1018=ORIENTED_EDGE('',*,*,#2162,.T.);
#1019=ORIENTED_EDGE('',*,*,#2163,.T.);
#1020=ORIENTED_EDGE('',*,*,#2164,.T.);
#1021=ORIENTED_EDGE('',*,*,#2165,.T.);
#1022=ORIENTED_EDGE('',*,*,#2166,.T.);
#1023=ORIENTED_EDGE('',*,*,#2167,.T.);
#1024=ORIENTED_EDGE('',*,*,#2168,.T.);
#1025=ORIENTED_EDGE('',*,*,#2169,.T.);
#1026=ORIENTED_EDGE('',*,*,#2170,.T.);
#1027=ORIENTED_EDGE('',*,*,#2171,.T.);
#1028=ORIENTED_EDGE('',*,*,#2172,.T.);
#1029=ORIENTED_EDGE('',*,*,#2173,.T.);
#1030=ORIENTED_EDGE('',*,*,#2174,.T.);
#1031=ORIENTED_EDGE('',*,*,#2175,.T.);
#1032=ORIENTED_EDGE('',*,*,#2176,.T.);
#1033=ORIENTED_EDGE('',*,*,#2177,.T.);
#1034=ORIENTED_EDGE('',*,*,#2178,.T.);
#1035=ORIENTED_EDGE('',*,*,#2179,.T.);
#1036=ORIENTED_EDGE('',*,*,#2180,.T.);
#1037=ORIENTED_EDGE('',*,*,#2181,.T.);
#1038=ORIENTED_EDGE('',*,*,#2182,.T.);
#1039=ORIENTED_EDGE('',*,*,#2183,.T.);
#1040=ORIENTED_EDGE('',*,*,#2184,.T.);
#1041=ORIENTED_EDGE('',*,*,#2185,.T.);
#1042=ORIENTED_EDGE('',*,*,#2186,.T.);
#1043=ORIENTED_EDGE('',*,*,#2187,.T.);
#1044=ORIENTED_EDGE('',*,*,#2188,.T.);
#1045=ORIENTED_EDGE('',*,*,#2189,.T.);
#1046=ORIENTED_EDGE('',*,*,#2190,.T.);
#1047=ORIENTED_EDGE('',*,*,#2191,.T.);
#1048=ORIENTED_EDGE('',*,*,#2192,.T.);
#1049=ORIENTED_EDGE('',*,*,#2193,.T.);
#1050=ORIENTED_EDGE('',*,*,#2194,.T.);
#1051=ORIENTED_EDGE('',*,*,#2195,.T.);
#1052=ORIENTED_EDGE('',*,*,#2196,.T.);
#1053=ORIENTED_EDGE('',*,*,#2197,.T.);
#1054=ORIENTED_EDGE('',*,*,#2198,.T.);
#1055=ORIENTED_EDGE('',*,*,#2199,.T.);
#1056=ORIENTED_EDGE('',*,*,#2200,.T.);
#1057=ORIENTED_EDGE('',*,*,#2201,.T.);
#1058=ORIENTED_EDGE('',*,*,#2202,.T.);
#1059=ORIENTED_EDGE('',*,*,#2203,.T.);
#1060=ORIENTED_EDGE('',*,*,#2204,.T.);
#1061=ORIENTED_EDGE('',*,*,#2205,.T.);
#1062=ORIENTED_EDGE('',*,*,#2206,.F.);
#1063=ORIENTED_EDGE('',*,*,#2207,.T.);
#1064=ORIENTED_EDGE('',*,*,#2208,.T.);
#1065=ORIENTED_EDGE('',*,*,#2209,.F.);
#1066=ORIENTED_EDGE('',*,*,#2210,.F.);
#1067=ORIENTED_EDGE('',*,*,#2211,.F.);
#1068=ORIENTED_EDGE('',*,*,#2212,.F.);
#1069=ORIENTED_EDGE('',*,*,#2213,.T.);
#1070=ORIENTED_EDGE('',*,*,#2214,.T.);
#1071=ORIENTED_EDGE('',*,*,#2215,.T.);
#1072=ORIENTED_EDGE('',*,*,#2216,.F.);
#1073=ORIENTED_EDGE('',*,*,#2217,.T.);
#1074=ORIENTED_EDGE('',*,*,#2218,.T.);
#1075=ORIENTED_EDGE('',*,*,#2219,.T.);
#1076=ORIENTED_EDGE('',*,*,#2206,.T.);
#1077=ORIENTED_EDGE('',*,*,#2220,.T.);
#1078=ORIENTED_EDGE('',*,*,#2219,.F.);
#1079=ORIENTED_EDGE('',*,*,#2221,.F.);
#1080=ORIENTED_EDGE('',*,*,#2222,.F.);
#1081=ORIENTED_EDGE('',*,*,#2210,.T.);
#1082=ORIENTED_EDGE('',*,*,#2223,.T.);
#1083=ORIENTED_EDGE('',*,*,#2215,.F.);
#1084=ORIENTED_EDGE('',*,*,#2224,.T.);
#1085=ORIENTED_EDGE('',*,*,#2225,.F.);
#1086=ORIENTED_EDGE('',*,*,#2226,.T.);
#1087=ORIENTED_EDGE('',*,*,#2101,.T.);
#1088=ORIENTED_EDGE('',*,*,#2227,.F.);
#1089=ORIENTED_EDGE('',*,*,#2228,.F.);
#1090=ORIENTED_EDGE('',*,*,#2104,.T.);
#1091=ORIENTED_EDGE('',*,*,#2229,.F.);
#1092=ORIENTED_EDGE('',*,*,#2230,.F.);
#1093=ORIENTED_EDGE('',*,*,#2227,.T.);
#1094=ORIENTED_EDGE('',*,*,#2103,.F.);
#1095=ORIENTED_EDGE('',*,*,#2231,.F.);
#1096=ORIENTED_EDGE('',*,*,#2232,.T.);
#1097=ORIENTED_EDGE('',*,*,#2229,.T.);
#1098=ORIENTED_EDGE('',*,*,#2102,.F.);
#1099=ORIENTED_EDGE('',*,*,#2226,.F.);
#1100=ORIENTED_EDGE('',*,*,#2233,.T.);
#1101=ORIENTED_EDGE('',*,*,#2231,.T.);
#1102=ORIENTED_EDGE('',*,*,#2234,.F.);
#1103=ORIENTED_EDGE('',*,*,#2235,.T.);
#1104=ORIENTED_EDGE('',*,*,#2236,.T.);
#1105=ORIENTED_EDGE('',*,*,#2237,.T.);
#1106=ORIENTED_EDGE('',*,*,#2238,.T.);
#1107=ORIENTED_EDGE('',*,*,#2239,.T.);
#1108=ORIENTED_EDGE('',*,*,#2240,.T.);
#1109=ORIENTED_EDGE('',*,*,#2241,.T.);
#1110=ORIENTED_EDGE('',*,*,#2228,.T.);
#1111=ORIENTED_EDGE('',*,*,#2230,.T.);
#1112=ORIENTED_EDGE('',*,*,#2232,.F.);
#1113=ORIENTED_EDGE('',*,*,#2233,.F.);
#1114=ORIENTED_EDGE('',*,*,#2225,.T.);
#1115=ORIENTED_EDGE('',*,*,#2242,.T.);
#1116=ORIENTED_EDGE('',*,*,#2202,.F.);
#1117=ORIENTED_EDGE('',*,*,#2243,.T.);
#1118=ORIENTED_EDGE('',*,*,#2244,.T.);
#1119=ORIENTED_EDGE('',*,*,#2245,.T.);
#1120=ORIENTED_EDGE('',*,*,#2234,.T.);
#1121=ORIENTED_EDGE('',*,*,#2246,.T.);
#1122=ORIENTED_EDGE('',*,*,#2240,.F.);
#1123=ORIENTED_EDGE('',*,*,#2247,.T.);
#1124=ORIENTED_EDGE('',*,*,#2248,.T.);
#1125=ORIENTED_EDGE('',*,*,#2249,.T.);
#1126=ORIENTED_EDGE('',*,*,#2244,.F.);
#1127=ORIENTED_EDGE('',*,*,#2250,.T.);
#1128=ORIENTED_EDGE('',*,*,#2218,.F.);
#1129=ORIENTED_EDGE('',*,*,#2251,.T.);
#1130=ORIENTED_EDGE('',*,*,#2207,.F.);
#1131=ORIENTED_EDGE('',*,*,#2221,.T.);
#1132=ORIENTED_EDGE('',*,*,#2209,.T.);
#1133=ORIENTED_EDGE('',*,*,#2252,.T.);
#1134=ORIENTED_EDGE('',*,*,#2216,.T.);
#1135=ORIENTED_EDGE('',*,*,#2223,.F.);
#1136=ORIENTED_EDGE('',*,*,#2205,.F.);
#1137=ORIENTED_EDGE('',*,*,#2253,.T.);
#1138=ORIENTED_EDGE('',*,*,#2212,.T.);
#1139=ORIENTED_EDGE('',*,*,#2220,.F.);
#1140=ORIENTED_EDGE('',*,*,#2214,.F.);
#1141=ORIENTED_EDGE('',*,*,#2254,.T.);
#1142=ORIENTED_EDGE('',*,*,#2211,.T.);
#1143=ORIENTED_EDGE('',*,*,#2222,.T.);
#1144=ORIENTED_EDGE('',*,*,#2247,.F.);
#1145=ORIENTED_EDGE('',*,*,#2239,.F.);
#1146=ORIENTED_EDGE('',*,*,#2255,.F.);
#1147=ORIENTED_EDGE('',*,*,#2204,.F.);
#1148=ORIENTED_EDGE('',*,*,#2256,.T.);
#1149=ORIENTED_EDGE('',*,*,#2255,.T.);
#1150=ORIENTED_EDGE('',*,*,#2238,.F.);
#1151=ORIENTED_EDGE('',*,*,#2257,.F.);
#1152=ORIENTED_EDGE('',*,*,#2253,.F.);
#1153=ORIENTED_EDGE('',*,*,#2249,.F.);
#1154=ORIENTED_EDGE('',*,*,#2258,.T.);
#1155=ORIENTED_EDGE('',*,*,#2200,.F.);
#1156=ORIENTED_EDGE('',*,*,#2259,.F.);
#1157=ORIENTED_EDGE('',*,*,#2235,.F.);
#1158=ORIENTED_EDGE('',*,*,#2257,.T.);
#1159=ORIENTED_EDGE('',*,*,#2237,.F.);
#1160=ORIENTED_EDGE('',*,*,#2260,.F.);
#1161=ORIENTED_EDGE('',*,*,#2213,.F.);
#1162=ORIENTED_EDGE('',*,*,#2259,.T.);
#1163=ORIENTED_EDGE('',*,*,#2254,.F.);
#1164=ORIENTED_EDGE('',*,*,#2260,.T.);
#1165=ORIENTED_EDGE('',*,*,#2236,.F.);
#1166=ORIENTED_EDGE('',*,*,#2241,.F.);
#1167=ORIENTED_EDGE('',*,*,#2246,.F.);
#1168=ORIENTED_EDGE('',*,*,#2242,.F.);
#1169=ORIENTED_EDGE('',*,*,#2224,.F.);
#1170=ORIENTED_EDGE('',*,*,#2245,.F.);
#1171=ORIENTED_EDGE('',*,*,#2250,.F.);
#1172=ORIENTED_EDGE('',*,*,#2243,.F.);
#1173=ORIENTED_EDGE('',*,*,#2201,.F.);
#1174=ORIENTED_EDGE('',*,*,#2258,.F.);
#1175=ORIENTED_EDGE('',*,*,#2248,.F.);
#1176=ORIENTED_EDGE('',*,*,#2256,.F.);
#1177=ORIENTED_EDGE('',*,*,#2203,.F.);
#1178=ORIENTED_EDGE('',*,*,#2252,.F.);
#1179=ORIENTED_EDGE('',*,*,#2208,.F.);
#1180=ORIENTED_EDGE('',*,*,#2251,.F.);
#1181=ORIENTED_EDGE('',*,*,#2217,.F.);
#1182=ORIENTED_EDGE('',*,*,#2105,.F.);
#1183=ORIENTED_EDGE('',*,*,#2261,.F.);
#1184=ORIENTED_EDGE('',*,*,#2262,.T.);
#1185=ORIENTED_EDGE('',*,*,#2263,.T.);
#1186=ORIENTED_EDGE('',*,*,#2122,.F.);
#1187=ORIENTED_EDGE('',*,*,#2264,.F.);
#1188=ORIENTED_EDGE('',*,*,#2265,.T.);
#1189=ORIENTED_EDGE('',*,*,#2261,.T.);
#1190=ORIENTED_EDGE('',*,*,#2121,.F.);
#1191=ORIENTED_EDGE('',*,*,#2266,.F.);
#1192=ORIENTED_EDGE('',*,*,#2267,.T.);
#1193=ORIENTED_EDGE('',*,*,#2264,.T.);
#1194=ORIENTED_EDGE('',*,*,#2120,.F.);
#1195=ORIENTED_EDGE('',*,*,#2268,.F.);
#1196=ORIENTED_EDGE('',*,*,#2269,.T.);
#1197=ORIENTED_EDGE('',*,*,#2266,.T.);
#1198=ORIENTED_EDGE('',*,*,#2119,.F.);
#1199=ORIENTED_EDGE('',*,*,#2270,.F.);
#1200=ORIENTED_EDGE('',*,*,#2271,.T.);
#1201=ORIENTED_EDGE('',*,*,#2268,.T.);
#1202=ORIENTED_EDGE('',*,*,#2118,.F.);
#1203=ORIENTED_EDGE('',*,*,#2272,.F.);
#1204=ORIENTED_EDGE('',*,*,#2273,.T.);
#1205=ORIENTED_EDGE('',*,*,#2270,.T.);
#1206=ORIENTED_EDGE('',*,*,#2117,.F.);
#1207=ORIENTED_EDGE('',*,*,#2274,.F.);
#1208=ORIENTED_EDGE('',*,*,#2275,.T.);
#1209=ORIENTED_EDGE('',*,*,#2272,.T.);
#1210=ORIENTED_EDGE('',*,*,#2116,.F.);
#1211=ORIENTED_EDGE('',*,*,#2276,.F.);
#1212=ORIENTED_EDGE('',*,*,#2277,.T.);
#1213=ORIENTED_EDGE('',*,*,#2274,.T.);
#1214=ORIENTED_EDGE('',*,*,#2115,.F.);
#1215=ORIENTED_EDGE('',*,*,#2278,.F.);
#1216=ORIENTED_EDGE('',*,*,#2279,.T.);
#1217=ORIENTED_EDGE('',*,*,#2276,.T.);
#1218=ORIENTED_EDGE('',*,*,#2114,.F.);
#1219=ORIENTED_EDGE('',*,*,#2280,.F.);
#1220=ORIENTED_EDGE('',*,*,#2281,.T.);
#1221=ORIENTED_EDGE('',*,*,#2278,.T.);
#1222=ORIENTED_EDGE('',*,*,#2113,.F.);
#1223=ORIENTED_EDGE('',*,*,#2282,.F.);
#1224=ORIENTED_EDGE('',*,*,#2283,.T.);
#1225=ORIENTED_EDGE('',*,*,#2280,.T.);
#1226=ORIENTED_EDGE('',*,*,#2112,.F.);
#1227=ORIENTED_EDGE('',*,*,#2284,.F.);
#1228=ORIENTED_EDGE('',*,*,#2285,.T.);
#1229=ORIENTED_EDGE('',*,*,#2282,.T.);
#1230=ORIENTED_EDGE('',*,*,#2111,.F.);
#1231=ORIENTED_EDGE('',*,*,#2286,.F.);
#1232=ORIENTED_EDGE('',*,*,#2287,.T.);
#1233=ORIENTED_EDGE('',*,*,#2284,.T.);
#1234=ORIENTED_EDGE('',*,*,#2110,.F.);
#1235=ORIENTED_EDGE('',*,*,#2288,.F.);
#1236=ORIENTED_EDGE('',*,*,#2289,.T.);
#1237=ORIENTED_EDGE('',*,*,#2286,.T.);
#1238=ORIENTED_EDGE('',*,*,#2109,.F.);
#1239=ORIENTED_EDGE('',*,*,#2290,.F.);
#1240=ORIENTED_EDGE('',*,*,#2291,.T.);
#1241=ORIENTED_EDGE('',*,*,#2288,.T.);
#1242=ORIENTED_EDGE('',*,*,#2108,.F.);
#1243=ORIENTED_EDGE('',*,*,#2292,.F.);
#1244=ORIENTED_EDGE('',*,*,#2293,.T.);
#1245=ORIENTED_EDGE('',*,*,#2290,.T.);
#1246=ORIENTED_EDGE('',*,*,#2107,.F.);
#1247=ORIENTED_EDGE('',*,*,#2294,.F.);
#1248=ORIENTED_EDGE('',*,*,#2295,.T.);
#1249=ORIENTED_EDGE('',*,*,#2292,.T.);
#1250=ORIENTED_EDGE('',*,*,#2106,.F.);
#1251=ORIENTED_EDGE('',*,*,#2263,.F.);
#1252=ORIENTED_EDGE('',*,*,#2296,.T.);
#1253=ORIENTED_EDGE('',*,*,#2294,.T.);
#1254=ORIENTED_EDGE('',*,*,#2262,.F.);
#1255=ORIENTED_EDGE('',*,*,#2265,.F.);
#1256=ORIENTED_EDGE('',*,*,#2267,.F.);
#1257=ORIENTED_EDGE('',*,*,#2269,.F.);
#1258=ORIENTED_EDGE('',*,*,#2271,.F.);
#1259=ORIENTED_EDGE('',*,*,#2273,.F.);
#1260=ORIENTED_EDGE('',*,*,#2275,.F.);
#1261=ORIENTED_EDGE('',*,*,#2277,.F.);
#1262=ORIENTED_EDGE('',*,*,#2279,.F.);
#1263=ORIENTED_EDGE('',*,*,#2281,.F.);
#1264=ORIENTED_EDGE('',*,*,#2283,.F.);
#1265=ORIENTED_EDGE('',*,*,#2285,.F.);
#1266=ORIENTED_EDGE('',*,*,#2287,.F.);
#1267=ORIENTED_EDGE('',*,*,#2289,.F.);
#1268=ORIENTED_EDGE('',*,*,#2291,.F.);
#1269=ORIENTED_EDGE('',*,*,#2293,.F.);
#1270=ORIENTED_EDGE('',*,*,#2295,.F.);
#1271=ORIENTED_EDGE('',*,*,#2296,.F.);
#1272=ORIENTED_EDGE('',*,*,#2090,.F.);
#1273=ORIENTED_EDGE('',*,*,#2297,.F.);
#1274=ORIENTED_EDGE('',*,*,#2298,.T.);
#1275=ORIENTED_EDGE('',*,*,#2299,.T.);
#1276=ORIENTED_EDGE('',*,*,#2100,.F.);
#1277=ORIENTED_EDGE('',*,*,#2300,.F.);
#1278=ORIENTED_EDGE('',*,*,#2301,.T.);
#1279=ORIENTED_EDGE('',*,*,#2297,.T.);
#1280=ORIENTED_EDGE('',*,*,#2099,.F.);
#1281=ORIENTED_EDGE('',*,*,#2302,.F.);
#1282=ORIENTED_EDGE('',*,*,#2303,.T.);
#1283=ORIENTED_EDGE('',*,*,#2300,.T.);
#1284=ORIENTED_EDGE('',*,*,#2098,.F.);
#1285=ORIENTED_EDGE('',*,*,#2304,.F.);
#1286=ORIENTED_EDGE('',*,*,#2305,.T.);
#1287=ORIENTED_EDGE('',*,*,#2302,.T.);
#1288=ORIENTED_EDGE('',*,*,#2097,.F.);
#1289=ORIENTED_EDGE('',*,*,#2306,.F.);
#1290=ORIENTED_EDGE('',*,*,#2307,.T.);
#1291=ORIENTED_EDGE('',*,*,#2304,.T.);
#1292=ORIENTED_EDGE('',*,*,#2096,.F.);
#1293=ORIENTED_EDGE('',*,*,#2308,.F.);
#1294=ORIENTED_EDGE('',*,*,#2309,.T.);
#1295=ORIENTED_EDGE('',*,*,#2306,.T.);
#1296=ORIENTED_EDGE('',*,*,#2095,.F.);
#1297=ORIENTED_EDGE('',*,*,#2310,.F.);
#1298=ORIENTED_EDGE('',*,*,#2311,.T.);
#1299=ORIENTED_EDGE('',*,*,#2308,.T.);
#1300=ORIENTED_EDGE('',*,*,#2094,.F.);
#1301=ORIENTED_EDGE('',*,*,#2312,.F.);
#1302=ORIENTED_EDGE('',*,*,#2313,.T.);
#1303=ORIENTED_EDGE('',*,*,#2310,.T.);
#1304=ORIENTED_EDGE('',*,*,#2093,.F.);
#1305=ORIENTED_EDGE('',*,*,#2314,.F.);
#1306=ORIENTED_EDGE('',*,*,#2315,.T.);
#1307=ORIENTED_EDGE('',*,*,#2312,.T.);
#1308=ORIENTED_EDGE('',*,*,#2092,.F.);
#1309=ORIENTED_EDGE('',*,*,#2316,.F.);
#1310=ORIENTED_EDGE('',*,*,#2317,.T.);
#1311=ORIENTED_EDGE('',*,*,#2314,.T.);
#1312=ORIENTED_EDGE('',*,*,#2091,.F.);
#1313=ORIENTED_EDGE('',*,*,#2299,.F.);
#1314=ORIENTED_EDGE('',*,*,#2318,.T.);
#1315=ORIENTED_EDGE('',*,*,#2316,.T.);
#1316=ORIENTED_EDGE('',*,*,#2298,.F.);
#1317=ORIENTED_EDGE('',*,*,#2301,.F.);
#1318=ORIENTED_EDGE('',*,*,#2303,.F.);
#1319=ORIENTED_EDGE('',*,*,#2305,.F.);
#1320=ORIENTED_EDGE('',*,*,#2307,.F.);
#1321=ORIENTED_EDGE('',*,*,#2309,.F.);
#1322=ORIENTED_EDGE('',*,*,#2311,.F.);
#1323=ORIENTED_EDGE('',*,*,#2313,.F.);
#1324=ORIENTED_EDGE('',*,*,#2315,.F.);
#1325=ORIENTED_EDGE('',*,*,#2317,.F.);
#1326=ORIENTED_EDGE('',*,*,#2318,.F.);
#1327=ORIENTED_EDGE('',*,*,#2123,.F.);
#1328=ORIENTED_EDGE('',*,*,#2319,.F.);
#1329=ORIENTED_EDGE('',*,*,#2320,.T.);
#1330=ORIENTED_EDGE('',*,*,#2321,.T.);
#1331=ORIENTED_EDGE('',*,*,#2126,.F.);
#1332=ORIENTED_EDGE('',*,*,#2322,.F.);
#1333=ORIENTED_EDGE('',*,*,#2323,.T.);
#1334=ORIENTED_EDGE('',*,*,#2319,.T.);
#1335=ORIENTED_EDGE('',*,*,#2125,.F.);
#1336=ORIENTED_EDGE('',*,*,#2324,.F.);
#1337=ORIENTED_EDGE('',*,*,#2325,.T.);
#1338=ORIENTED_EDGE('',*,*,#2322,.T.);
#1339=ORIENTED_EDGE('',*,*,#2124,.F.);
#1340=ORIENTED_EDGE('',*,*,#2321,.F.);
#1341=ORIENTED_EDGE('',*,*,#2326,.T.);
#1342=ORIENTED_EDGE('',*,*,#2324,.T.);
#1343=ORIENTED_EDGE('',*,*,#2320,.F.);
#1344=ORIENTED_EDGE('',*,*,#2323,.F.);
#1345=ORIENTED_EDGE('',*,*,#2325,.F.);
#1346=ORIENTED_EDGE('',*,*,#2326,.F.);
#1347=ORIENTED_EDGE('',*,*,#2078,.F.);
#1348=ORIENTED_EDGE('',*,*,#2327,.F.);
#1349=ORIENTED_EDGE('',*,*,#2328,.T.);
#1350=ORIENTED_EDGE('',*,*,#2329,.T.);
#1351=ORIENTED_EDGE('',*,*,#2089,.F.);
#1352=ORIENTED_EDGE('',*,*,#2330,.F.);
#1353=ORIENTED_EDGE('',*,*,#2331,.T.);
#1354=ORIENTED_EDGE('',*,*,#2327,.T.);
#1355=ORIENTED_EDGE('',*,*,#2088,.F.);
#1356=ORIENTED_EDGE('',*,*,#2332,.F.);
#1357=ORIENTED_EDGE('',*,*,#2333,.T.);
#1358=ORIENTED_EDGE('',*,*,#2330,.T.);
#1359=ORIENTED_EDGE('',*,*,#2087,.F.);
#1360=ORIENTED_EDGE('',*,*,#2334,.F.);
#1361=ORIENTED_EDGE('',*,*,#2335,.T.);
#1362=ORIENTED_EDGE('',*,*,#2332,.T.);
#1363=ORIENTED_EDGE('',*,*,#2086,.F.);
#1364=ORIENTED_EDGE('',*,*,#2336,.F.);
#1365=ORIENTED_EDGE('',*,*,#2337,.T.);
#1366=ORIENTED_EDGE('',*,*,#2334,.T.);
#1367=ORIENTED_EDGE('',*,*,#2085,.F.);
#1368=ORIENTED_EDGE('',*,*,#2338,.F.);
#1369=ORIENTED_EDGE('',*,*,#2339,.T.);
#1370=ORIENTED_EDGE('',*,*,#2336,.T.);
#1371=ORIENTED_EDGE('',*,*,#2084,.F.);
#1372=ORIENTED_EDGE('',*,*,#2340,.F.);
#1373=ORIENTED_EDGE('',*,*,#2341,.T.);
#1374=ORIENTED_EDGE('',*,*,#2338,.T.);
#1375=ORIENTED_EDGE('',*,*,#2083,.F.);
#1376=ORIENTED_EDGE('',*,*,#2342,.F.);
#1377=ORIENTED_EDGE('',*,*,#2343,.T.);
#1378=ORIENTED_EDGE('',*,*,#2340,.T.);
#1379=ORIENTED_EDGE('',*,*,#2082,.F.);
#1380=ORIENTED_EDGE('',*,*,#2344,.F.);
#1381=ORIENTED_EDGE('',*,*,#2345,.T.);
#1382=ORIENTED_EDGE('',*,*,#2342,.T.);
#1383=ORIENTED_EDGE('',*,*,#2081,.F.);
#1384=ORIENTED_EDGE('',*,*,#2346,.F.);
#1385=ORIENTED_EDGE('',*,*,#2347,.T.);
#1386=ORIENTED_EDGE('',*,*,#2344,.T.);
#1387=ORIENTED_EDGE('',*,*,#2080,.F.);
#1388=ORIENTED_EDGE('',*,*,#2348,.F.);
#1389=ORIENTED_EDGE('',*,*,#2349,.T.);
#1390=ORIENTED_EDGE('',*,*,#2346,.T.);
#1391=ORIENTED_EDGE('',*,*,#2079,.F.);
#1392=ORIENTED_EDGE('',*,*,#2329,.F.);
#1393=ORIENTED_EDGE('',*,*,#2350,.T.);
#1394=ORIENTED_EDGE('',*,*,#2348,.T.);
#1395=ORIENTED_EDGE('',*,*,#2328,.F.);
#1396=ORIENTED_EDGE('',*,*,#2331,.F.);
#1397=ORIENTED_EDGE('',*,*,#2333,.F.);
#1398=ORIENTED_EDGE('',*,*,#2335,.F.);
#1399=ORIENTED_EDGE('',*,*,#2337,.F.);
#1400=ORIENTED_EDGE('',*,*,#2339,.F.);
#1401=ORIENTED_EDGE('',*,*,#2341,.F.);
#1402=ORIENTED_EDGE('',*,*,#2343,.F.);
#1403=ORIENTED_EDGE('',*,*,#2345,.F.);
#1404=ORIENTED_EDGE('',*,*,#2347,.F.);
#1405=ORIENTED_EDGE('',*,*,#2349,.F.);
#1406=ORIENTED_EDGE('',*,*,#2350,.F.);
#1407=ORIENTED_EDGE('',*,*,#2127,.F.);
#1408=ORIENTED_EDGE('',*,*,#2351,.F.);
#1409=ORIENTED_EDGE('',*,*,#2352,.T.);
#1410=ORIENTED_EDGE('',*,*,#2353,.T.);
#1411=ORIENTED_EDGE('',*,*,#2162,.F.);
#1412=ORIENTED_EDGE('',*,*,#2354,.F.);
#1413=ORIENTED_EDGE('',*,*,#2355,.T.);
#1414=ORIENTED_EDGE('',*,*,#2351,.T.);
#1415=ORIENTED_EDGE('',*,*,#2161,.F.);
#1416=ORIENTED_EDGE('',*,*,#2356,.F.);
#1417=ORIENTED_EDGE('',*,*,#2357,.T.);
#1418=ORIENTED_EDGE('',*,*,#2354,.T.);
#1419=ORIENTED_EDGE('',*,*,#2160,.F.);
#1420=ORIENTED_EDGE('',*,*,#2358,.F.);
#1421=ORIENTED_EDGE('',*,*,#2359,.T.);
#1422=ORIENTED_EDGE('',*,*,#2356,.T.);
#1423=ORIENTED_EDGE('',*,*,#2159,.F.);
#1424=ORIENTED_EDGE('',*,*,#2360,.F.);
#1425=ORIENTED_EDGE('',*,*,#2361,.T.);
#1426=ORIENTED_EDGE('',*,*,#2358,.T.);
#1427=ORIENTED_EDGE('',*,*,#2158,.F.);
#1428=ORIENTED_EDGE('',*,*,#2362,.F.);
#1429=ORIENTED_EDGE('',*,*,#2363,.T.);
#1430=ORIENTED_EDGE('',*,*,#2360,.T.);
#1431=ORIENTED_EDGE('',*,*,#2157,.F.);
#1432=ORIENTED_EDGE('',*,*,#2364,.F.);
#1433=ORIENTED_EDGE('',*,*,#2365,.T.);
#1434=ORIENTED_EDGE('',*,*,#2362,.T.);
#1435=ORIENTED_EDGE('',*,*,#2156,.F.);
#1436=ORIENTED_EDGE('',*,*,#2366,.F.);
#1437=ORIENTED_EDGE('',*,*,#2367,.T.);
#1438=ORIENTED_EDGE('',*,*,#2364,.T.);
#1439=ORIENTED_EDGE('',*,*,#2155,.F.);
#1440=ORIENTED_EDGE('',*,*,#2368,.F.);
#1441=ORIENTED_EDGE('',*,*,#2369,.T.);
#1442=ORIENTED_EDGE('',*,*,#2366,.T.);
#1443=ORIENTED_EDGE('',*,*,#2154,.F.);
#1444=ORIENTED_EDGE('',*,*,#2370,.F.);
#1445=ORIENTED_EDGE('',*,*,#2371,.T.);
#1446=ORIENTED_EDGE('',*,*,#2368,.T.);
#1447=ORIENTED_EDGE('',*,*,#2153,.F.);
#1448=ORIENTED_EDGE('',*,*,#2372,.F.);
#1449=ORIENTED_EDGE('',*,*,#2373,.T.);
#1450=ORIENTED_EDGE('',*,*,#2370,.T.);
#1451=ORIENTED_EDGE('',*,*,#2152,.F.);
#1452=ORIENTED_EDGE('',*,*,#2374,.F.);
#1453=ORIENTED_EDGE('',*,*,#2375,.T.);
#1454=ORIENTED_EDGE('',*,*,#2372,.T.);
#1455=ORIENTED_EDGE('',*,*,#2151,.F.);
#1456=ORIENTED_EDGE('',*,*,#2376,.F.);
#1457=ORIENTED_EDGE('',*,*,#2377,.T.);
#1458=ORIENTED_EDGE('',*,*,#2374,.T.);
#1459=ORIENTED_EDGE('',*,*,#2150,.F.);
#1460=ORIENTED_EDGE('',*,*,#2378,.F.);
#1461=ORIENTED_EDGE('',*,*,#2379,.T.);
#1462=ORIENTED_EDGE('',*,*,#2376,.T.);
#1463=ORIENTED_EDGE('',*,*,#2149,.F.);
#1464=ORIENTED_EDGE('',*,*,#2380,.F.);
#1465=ORIENTED_EDGE('',*,*,#2381,.T.);
#1466=ORIENTED_EDGE('',*,*,#2378,.T.);
#1467=ORIENTED_EDGE('',*,*,#2148,.F.);
#1468=ORIENTED_EDGE('',*,*,#2382,.F.);
#1469=ORIENTED_EDGE('',*,*,#2383,.T.);
#1470=ORIENTED_EDGE('',*,*,#2380,.T.);
#1471=ORIENTED_EDGE('',*,*,#2147,.F.);
#1472=ORIENTED_EDGE('',*,*,#2384,.F.);
#1473=ORIENTED_EDGE('',*,*,#2385,.T.);
#1474=ORIENTED_EDGE('',*,*,#2382,.T.);
#1475=ORIENTED_EDGE('',*,*,#2146,.F.);
#1476=ORIENTED_EDGE('',*,*,#2386,.F.);
#1477=ORIENTED_EDGE('',*,*,#2387,.T.);
#1478=ORIENTED_EDGE('',*,*,#2384,.T.);
#1479=ORIENTED_EDGE('',*,*,#2145,.F.);
#1480=ORIENTED_EDGE('',*,*,#2388,.F.);
#1481=ORIENTED_EDGE('',*,*,#2389,.T.);
#1482=ORIENTED_EDGE('',*,*,#2386,.T.);
#1483=ORIENTED_EDGE('',*,*,#2144,.F.);
#1484=ORIENTED_EDGE('',*,*,#2390,.F.);
#1485=ORIENTED_EDGE('',*,*,#2391,.T.);
#1486=ORIENTED_EDGE('',*,*,#2388,.T.);
#1487=ORIENTED_EDGE('',*,*,#2143,.F.);
#1488=ORIENTED_EDGE('',*,*,#2392,.F.);
#1489=ORIENTED_EDGE('',*,*,#2393,.T.);
#1490=ORIENTED_EDGE('',*,*,#2390,.T.);
#1491=ORIENTED_EDGE('',*,*,#2142,.F.);
#1492=ORIENTED_EDGE('',*,*,#2394,.F.);
#1493=ORIENTED_EDGE('',*,*,#2395,.T.);
#1494=ORIENTED_EDGE('',*,*,#2392,.T.);
#1495=ORIENTED_EDGE('',*,*,#2141,.F.);
#1496=ORIENTED_EDGE('',*,*,#2396,.F.);
#1497=ORIENTED_EDGE('',*,*,#2397,.T.);
#1498=ORIENTED_EDGE('',*,*,#2394,.T.);
#1499=ORIENTED_EDGE('',*,*,#2140,.F.);
#1500=ORIENTED_EDGE('',*,*,#2398,.F.);
#1501=ORIENTED_EDGE('',*,*,#2399,.T.);
#1502=ORIENTED_EDGE('',*,*,#2396,.T.);
#1503=ORIENTED_EDGE('',*,*,#2139,.F.);
#1504=ORIENTED_EDGE('',*,*,#2400,.F.);
#1505=ORIENTED_EDGE('',*,*,#2401,.T.);
#1506=ORIENTED_EDGE('',*,*,#2398,.T.);
#1507=ORIENTED_EDGE('',*,*,#2138,.F.);
#1508=ORIENTED_EDGE('',*,*,#2402,.F.);
#1509=ORIENTED_EDGE('',*,*,#2403,.T.);
#1510=ORIENTED_EDGE('',*,*,#2400,.T.);
#1511=ORIENTED_EDGE('',*,*,#2137,.F.);
#1512=ORIENTED_EDGE('',*,*,#2404,.F.);
#1513=ORIENTED_EDGE('',*,*,#2405,.T.);
#1514=ORIENTED_EDGE('',*,*,#2402,.T.);
#1515=ORIENTED_EDGE('',*,*,#2136,.F.);
#1516=ORIENTED_EDGE('',*,*,#2406,.F.);
#1517=ORIENTED_EDGE('',*,*,#2407,.T.);
#1518=ORIENTED_EDGE('',*,*,#2404,.T.);
#1519=ORIENTED_EDGE('',*,*,#2135,.F.);
#1520=ORIENTED_EDGE('',*,*,#2408,.F.);
#1521=ORIENTED_EDGE('',*,*,#2409,.T.);
#1522=ORIENTED_EDGE('',*,*,#2406,.T.);
#1523=ORIENTED_EDGE('',*,*,#2134,.F.);
#1524=ORIENTED_EDGE('',*,*,#2410,.F.);
#1525=ORIENTED_EDGE('',*,*,#2411,.T.);
#1526=ORIENTED_EDGE('',*,*,#2408,.T.);
#1527=ORIENTED_EDGE('',*,*,#2133,.F.);
#1528=ORIENTED_EDGE('',*,*,#2412,.F.);
#1529=ORIENTED_EDGE('',*,*,#2413,.T.);
#1530=ORIENTED_EDGE('',*,*,#2410,.T.);
#1531=ORIENTED_EDGE('',*,*,#2132,.F.);
#1532=ORIENTED_EDGE('',*,*,#2414,.F.);
#1533=ORIENTED_EDGE('',*,*,#2415,.T.);
#1534=ORIENTED_EDGE('',*,*,#2412,.T.);
#1535=ORIENTED_EDGE('',*,*,#2131,.F.);
#1536=ORIENTED_EDGE('',*,*,#2416,.F.);
#1537=ORIENTED_EDGE('',*,*,#2417,.T.);
#1538=ORIENTED_EDGE('',*,*,#2414,.T.);
#1539=ORIENTED_EDGE('',*,*,#2130,.F.);
#1540=ORIENTED_EDGE('',*,*,#2418,.F.);
#1541=ORIENTED_EDGE('',*,*,#2419,.T.);
#1542=ORIENTED_EDGE('',*,*,#2416,.T.);
#1543=ORIENTED_EDGE('',*,*,#2129,.F.);
#1544=ORIENTED_EDGE('',*,*,#2420,.F.);
#1545=ORIENTED_EDGE('',*,*,#2421,.T.);
#1546=ORIENTED_EDGE('',*,*,#2418,.T.);
#1547=ORIENTED_EDGE('',*,*,#2128,.F.);
#1548=ORIENTED_EDGE('',*,*,#2353,.F.);
#1549=ORIENTED_EDGE('',*,*,#2422,.T.);
#1550=ORIENTED_EDGE('',*,*,#2420,.T.);
#1551=ORIENTED_EDGE('',*,*,#2352,.F.);
#1552=ORIENTED_EDGE('',*,*,#2355,.F.);
#1553=ORIENTED_EDGE('',*,*,#2357,.F.);
#1554=ORIENTED_EDGE('',*,*,#2359,.F.);
#1555=ORIENTED_EDGE('',*,*,#2361,.F.);
#1556=ORIENTED_EDGE('',*,*,#2363,.F.);
#1557=ORIENTED_EDGE('',*,*,#2365,.F.);
#1558=ORIENTED_EDGE('',*,*,#2367,.F.);
#1559=ORIENTED_EDGE('',*,*,#2369,.F.);
#1560=ORIENTED_EDGE('',*,*,#2371,.F.);
#1561=ORIENTED_EDGE('',*,*,#2373,.F.);
#1562=ORIENTED_EDGE('',*,*,#2375,.F.);
#1563=ORIENTED_EDGE('',*,*,#2377,.F.);
#1564=ORIENTED_EDGE('',*,*,#2379,.F.);
#1565=ORIENTED_EDGE('',*,*,#2381,.F.);
#1566=ORIENTED_EDGE('',*,*,#2383,.F.);
#1567=ORIENTED_EDGE('',*,*,#2385,.F.);
#1568=ORIENTED_EDGE('',*,*,#2387,.F.);
#1569=ORIENTED_EDGE('',*,*,#2389,.F.);
#1570=ORIENTED_EDGE('',*,*,#2391,.F.);
#1571=ORIENTED_EDGE('',*,*,#2393,.F.);
#1572=ORIENTED_EDGE('',*,*,#2395,.F.);
#1573=ORIENTED_EDGE('',*,*,#2397,.F.);
#1574=ORIENTED_EDGE('',*,*,#2399,.F.);
#1575=ORIENTED_EDGE('',*,*,#2401,.F.);
#1576=ORIENTED_EDGE('',*,*,#2403,.F.);
#1577=ORIENTED_EDGE('',*,*,#2405,.F.);
#1578=ORIENTED_EDGE('',*,*,#2407,.F.);
#1579=ORIENTED_EDGE('',*,*,#2409,.F.);
#1580=ORIENTED_EDGE('',*,*,#2411,.F.);
#1581=ORIENTED_EDGE('',*,*,#2413,.F.);
#1582=ORIENTED_EDGE('',*,*,#2415,.F.);
#1583=ORIENTED_EDGE('',*,*,#2417,.F.);
#1584=ORIENTED_EDGE('',*,*,#2419,.F.);
#1585=ORIENTED_EDGE('',*,*,#2421,.F.);
#1586=ORIENTED_EDGE('',*,*,#2422,.F.);
#1587=ORIENTED_EDGE('',*,*,#2071,.F.);
#1588=ORIENTED_EDGE('',*,*,#2423,.F.);
#1589=ORIENTED_EDGE('',*,*,#2424,.T.);
#1590=ORIENTED_EDGE('',*,*,#2425,.T.);
#1591=ORIENTED_EDGE('',*,*,#2077,.F.);
#1592=ORIENTED_EDGE('',*,*,#2426,.F.);
#1593=ORIENTED_EDGE('',*,*,#2427,.T.);
#1594=ORIENTED_EDGE('',*,*,#2423,.T.);
#1595=ORIENTED_EDGE('',*,*,#2076,.F.);
#1596=ORIENTED_EDGE('',*,*,#2428,.F.);
#1597=ORIENTED_EDGE('',*,*,#2429,.T.);
#1598=ORIENTED_EDGE('',*,*,#2426,.T.);
#1599=ORIENTED_EDGE('',*,*,#2075,.F.);
#1600=ORIENTED_EDGE('',*,*,#2430,.F.);
#1601=ORIENTED_EDGE('',*,*,#2431,.T.);
#1602=ORIENTED_EDGE('',*,*,#2428,.T.);
#1603=ORIENTED_EDGE('',*,*,#2074,.F.);
#1604=ORIENTED_EDGE('',*,*,#2432,.F.);
#1605=ORIENTED_EDGE('',*,*,#2433,.T.);
#1606=ORIENTED_EDGE('',*,*,#2430,.T.);
#1607=ORIENTED_EDGE('',*,*,#2073,.F.);
#1608=ORIENTED_EDGE('',*,*,#2434,.F.);
#1609=ORIENTED_EDGE('',*,*,#2435,.T.);
#1610=ORIENTED_EDGE('',*,*,#2432,.T.);
#1611=ORIENTED_EDGE('',*,*,#2072,.F.);
#1612=ORIENTED_EDGE('',*,*,#2425,.F.);
#1613=ORIENTED_EDGE('',*,*,#2436,.T.);
#1614=ORIENTED_EDGE('',*,*,#2434,.T.);
#1615=ORIENTED_EDGE('',*,*,#2424,.F.);
#1616=ORIENTED_EDGE('',*,*,#2427,.F.);
#1617=ORIENTED_EDGE('',*,*,#2429,.F.);
#1618=ORIENTED_EDGE('',*,*,#2431,.F.);
#1619=ORIENTED_EDGE('',*,*,#2433,.F.);
#1620=ORIENTED_EDGE('',*,*,#2435,.F.);
#1621=ORIENTED_EDGE('',*,*,#2436,.F.);
#1622=ORIENTED_EDGE('',*,*,#2163,.F.);
#1623=ORIENTED_EDGE('',*,*,#2437,.F.);
#1624=ORIENTED_EDGE('',*,*,#2438,.T.);
#1625=ORIENTED_EDGE('',*,*,#2439,.T.);
#1626=ORIENTED_EDGE('',*,*,#2166,.F.);
#1627=ORIENTED_EDGE('',*,*,#2440,.F.);
#1628=ORIENTED_EDGE('',*,*,#2441,.T.);
#1629=ORIENTED_EDGE('',*,*,#2437,.T.);
#1630=ORIENTED_EDGE('',*,*,#2165,.F.);
#1631=ORIENTED_EDGE('',*,*,#2442,.F.);
#1632=ORIENTED_EDGE('',*,*,#2443,.T.);
#1633=ORIENTED_EDGE('',*,*,#2440,.T.);
#1634=ORIENTED_EDGE('',*,*,#2164,.F.);
#1635=ORIENTED_EDGE('',*,*,#2439,.F.);
#1636=ORIENTED_EDGE('',*,*,#2444,.T.);
#1637=ORIENTED_EDGE('',*,*,#2442,.T.);
#1638=ORIENTED_EDGE('',*,*,#2438,.F.);
#1639=ORIENTED_EDGE('',*,*,#2441,.F.);
#1640=ORIENTED_EDGE('',*,*,#2443,.F.);
#1641=ORIENTED_EDGE('',*,*,#2444,.F.);
#1642=ORIENTED_EDGE('',*,*,#2053,.F.);
#1643=ORIENTED_EDGE('',*,*,#2445,.F.);
#1644=ORIENTED_EDGE('',*,*,#2446,.T.);
#1645=ORIENTED_EDGE('',*,*,#2447,.T.);
#1646=ORIENTED_EDGE('',*,*,#2070,.F.);
#1647=ORIENTED_EDGE('',*,*,#2448,.F.);
#1648=ORIENTED_EDGE('',*,*,#2449,.T.);
#1649=ORIENTED_EDGE('',*,*,#2445,.T.);
#1650=ORIENTED_EDGE('',*,*,#2069,.F.);
#1651=ORIENTED_EDGE('',*,*,#2450,.F.);
#1652=ORIENTED_EDGE('',*,*,#2451,.T.);
#1653=ORIENTED_EDGE('',*,*,#2448,.T.);
#1654=ORIENTED_EDGE('',*,*,#2068,.F.);
#1655=ORIENTED_EDGE('',*,*,#2452,.F.);
#1656=ORIENTED_EDGE('',*,*,#2453,.T.);
#1657=ORIENTED_EDGE('',*,*,#2450,.T.);
#1658=ORIENTED_EDGE('',*,*,#2067,.F.);
#1659=ORIENTED_EDGE('',*,*,#2454,.F.);
#1660=ORIENTED_EDGE('',*,*,#2455,.T.);
#1661=ORIENTED_EDGE('',*,*,#2452,.T.);
#1662=ORIENTED_EDGE('',*,*,#2066,.F.);
#1663=ORIENTED_EDGE('',*,*,#2456,.F.);
#1664=ORIENTED_EDGE('',*,*,#2457,.T.);
#1665=ORIENTED_EDGE('',*,*,#2454,.T.);
#1666=ORIENTED_EDGE('',*,*,#2065,.F.);
#1667=ORIENTED_EDGE('',*,*,#2458,.F.);
#1668=ORIENTED_EDGE('',*,*,#2459,.T.);
#1669=ORIENTED_EDGE('',*,*,#2456,.T.);
#1670=ORIENTED_EDGE('',*,*,#2064,.F.);
#1671=ORIENTED_EDGE('',*,*,#2460,.F.);
#1672=ORIENTED_EDGE('',*,*,#2461,.T.);
#1673=ORIENTED_EDGE('',*,*,#2458,.T.);
#1674=ORIENTED_EDGE('',*,*,#2063,.F.);
#1675=ORIENTED_EDGE('',*,*,#2462,.F.);
#1676=ORIENTED_EDGE('',*,*,#2463,.T.);
#1677=ORIENTED_EDGE('',*,*,#2460,.T.);
#1678=ORIENTED_EDGE('',*,*,#2062,.F.);
#1679=ORIENTED_EDGE('',*,*,#2464,.F.);
#1680=ORIENTED_EDGE('',*,*,#2465,.T.);
#1681=ORIENTED_EDGE('',*,*,#2462,.T.);
#1682=ORIENTED_EDGE('',*,*,#2061,.F.);
#1683=ORIENTED_EDGE('',*,*,#2466,.F.);
#1684=ORIENTED_EDGE('',*,*,#2467,.T.);
#1685=ORIENTED_EDGE('',*,*,#2464,.T.);
#1686=ORIENTED_EDGE('',*,*,#2060,.F.);
#1687=ORIENTED_EDGE('',*,*,#2468,.F.);
#1688=ORIENTED_EDGE('',*,*,#2469,.T.);
#1689=ORIENTED_EDGE('',*,*,#2466,.T.);
#1690=ORIENTED_EDGE('',*,*,#2059,.F.);
#1691=ORIENTED_EDGE('',*,*,#2470,.F.);
#1692=ORIENTED_EDGE('',*,*,#2471,.T.);
#1693=ORIENTED_EDGE('',*,*,#2468,.T.);
#1694=ORIENTED_EDGE('',*,*,#2058,.F.);
#1695=ORIENTED_EDGE('',*,*,#2472,.F.);
#1696=ORIENTED_EDGE('',*,*,#2473,.T.);
#1697=ORIENTED_EDGE('',*,*,#2470,.T.);
#1698=ORIENTED_EDGE('',*,*,#2057,.F.);
#1699=ORIENTED_EDGE('',*,*,#2474,.F.);
#1700=ORIENTED_EDGE('',*,*,#2475,.T.);
#1701=ORIENTED_EDGE('',*,*,#2472,.T.);
#1702=ORIENTED_EDGE('',*,*,#2056,.F.);
#1703=ORIENTED_EDGE('',*,*,#2476,.F.);
#1704=ORIENTED_EDGE('',*,*,#2477,.T.);
#1705=ORIENTED_EDGE('',*,*,#2474,.T.);
#1706=ORIENTED_EDGE('',*,*,#2055,.F.);
#1707=ORIENTED_EDGE('',*,*,#2478,.F.);
#1708=ORIENTED_EDGE('',*,*,#2479,.T.);
#1709=ORIENTED_EDGE('',*,*,#2476,.T.);
#1710=ORIENTED_EDGE('',*,*,#2054,.F.);
#1711=ORIENTED_EDGE('',*,*,#2447,.F.);
#1712=ORIENTED_EDGE('',*,*,#2480,.T.);
#1713=ORIENTED_EDGE('',*,*,#2478,.T.);
#1714=ORIENTED_EDGE('',*,*,#2446,.F.);
#1715=ORIENTED_EDGE('',*,*,#2449,.F.);
#1716=ORIENTED_EDGE('',*,*,#2451,.F.);
#1717=ORIENTED_EDGE('',*,*,#2453,.F.);
#1718=ORIENTED_EDGE('',*,*,#2455,.F.);
#1719=ORIENTED_EDGE('',*,*,#2457,.F.);
#1720=ORIENTED_EDGE('',*,*,#2459,.F.);
#1721=ORIENTED_EDGE('',*,*,#2461,.F.);
#1722=ORIENTED_EDGE('',*,*,#2463,.F.);
#1723=ORIENTED_EDGE('',*,*,#2465,.F.);
#1724=ORIENTED_EDGE('',*,*,#2467,.F.);
#1725=ORIENTED_EDGE('',*,*,#2469,.F.);
#1726=ORIENTED_EDGE('',*,*,#2471,.F.);
#1727=ORIENTED_EDGE('',*,*,#2473,.F.);
#1728=ORIENTED_EDGE('',*,*,#2475,.F.);
#1729=ORIENTED_EDGE('',*,*,#2477,.F.);
#1730=ORIENTED_EDGE('',*,*,#2479,.F.);
#1731=ORIENTED_EDGE('',*,*,#2480,.F.);
#1732=ORIENTED_EDGE('',*,*,#2167,.F.);
#1733=ORIENTED_EDGE('',*,*,#2481,.F.);
#1734=ORIENTED_EDGE('',*,*,#2482,.T.);
#1735=ORIENTED_EDGE('',*,*,#2483,.T.);
#1736=ORIENTED_EDGE('',*,*,#2181,.F.);
#1737=ORIENTED_EDGE('',*,*,#2484,.F.);
#1738=ORIENTED_EDGE('',*,*,#2485,.T.);
#1739=ORIENTED_EDGE('',*,*,#2481,.T.);
#1740=ORIENTED_EDGE('',*,*,#2180,.F.);
#1741=ORIENTED_EDGE('',*,*,#2486,.F.);
#1742=ORIENTED_EDGE('',*,*,#2487,.T.);
#1743=ORIENTED_EDGE('',*,*,#2484,.T.);
#1744=ORIENTED_EDGE('',*,*,#2179,.F.);
#1745=ORIENTED_EDGE('',*,*,#2488,.F.);
#1746=ORIENTED_EDGE('',*,*,#2489,.T.);
#1747=ORIENTED_EDGE('',*,*,#2486,.T.);
#1748=ORIENTED_EDGE('',*,*,#2178,.F.);
#1749=ORIENTED_EDGE('',*,*,#2490,.F.);
#1750=ORIENTED_EDGE('',*,*,#2491,.T.);
#1751=ORIENTED_EDGE('',*,*,#2488,.T.);
#1752=ORIENTED_EDGE('',*,*,#2177,.F.);
#1753=ORIENTED_EDGE('',*,*,#2492,.F.);
#1754=ORIENTED_EDGE('',*,*,#2493,.T.);
#1755=ORIENTED_EDGE('',*,*,#2490,.T.);
#1756=ORIENTED_EDGE('',*,*,#2176,.F.);
#1757=ORIENTED_EDGE('',*,*,#2494,.F.);
#1758=ORIENTED_EDGE('',*,*,#2495,.T.);
#1759=ORIENTED_EDGE('',*,*,#2492,.T.);
#1760=ORIENTED_EDGE('',*,*,#2175,.F.);
#1761=ORIENTED_EDGE('',*,*,#2496,.F.);
#1762=ORIENTED_EDGE('',*,*,#2497,.T.);
#1763=ORIENTED_EDGE('',*,*,#2494,.T.);
#1764=ORIENTED_EDGE('',*,*,#2174,.F.);
#1765=ORIENTED_EDGE('',*,*,#2498,.F.);
#1766=ORIENTED_EDGE('',*,*,#2499,.T.);
#1767=ORIENTED_EDGE('',*,*,#2496,.T.);
#1768=ORIENTED_EDGE('',*,*,#2173,.F.);
#1769=ORIENTED_EDGE('',*,*,#2500,.F.);
#1770=ORIENTED_EDGE('',*,*,#2501,.T.);
#1771=ORIENTED_EDGE('',*,*,#2498,.T.);
#1772=ORIENTED_EDGE('',*,*,#2172,.F.);
#1773=ORIENTED_EDGE('',*,*,#2502,.F.);
#1774=ORIENTED_EDGE('',*,*,#2503,.T.);
#1775=ORIENTED_EDGE('',*,*,#2500,.T.);
#1776=ORIENTED_EDGE('',*,*,#2171,.F.);
#1777=ORIENTED_EDGE('',*,*,#2504,.F.);
#1778=ORIENTED_EDGE('',*,*,#2505,.T.);
#1779=ORIENTED_EDGE('',*,*,#2502,.T.);
#1780=ORIENTED_EDGE('',*,*,#2170,.F.);
#1781=ORIENTED_EDGE('',*,*,#2506,.F.);
#1782=ORIENTED_EDGE('',*,*,#2507,.T.);
#1783=ORIENTED_EDGE('',*,*,#2504,.T.);
#1784=ORIENTED_EDGE('',*,*,#2169,.F.);
#1785=ORIENTED_EDGE('',*,*,#2508,.F.);
#1786=ORIENTED_EDGE('',*,*,#2509,.T.);
#1787=ORIENTED_EDGE('',*,*,#2506,.T.);
#1788=ORIENTED_EDGE('',*,*,#2168,.F.);
#1789=ORIENTED_EDGE('',*,*,#2483,.F.);
#1790=ORIENTED_EDGE('',*,*,#2510,.T.);
#1791=ORIENTED_EDGE('',*,*,#2508,.T.);
#1792=ORIENTED_EDGE('',*,*,#2482,.F.);
#1793=ORIENTED_EDGE('',*,*,#2485,.F.);
#1794=ORIENTED_EDGE('',*,*,#2487,.F.);
#1795=ORIENTED_EDGE('',*,*,#2489,.F.);
#1796=ORIENTED_EDGE('',*,*,#2491,.F.);
#1797=ORIENTED_EDGE('',*,*,#2493,.F.);
#1798=ORIENTED_EDGE('',*,*,#2495,.F.);
#1799=ORIENTED_EDGE('',*,*,#2497,.F.);
#1800=ORIENTED_EDGE('',*,*,#2499,.F.);
#1801=ORIENTED_EDGE('',*,*,#2501,.F.);
#1802=ORIENTED_EDGE('',*,*,#2503,.F.);
#1803=ORIENTED_EDGE('',*,*,#2505,.F.);
#1804=ORIENTED_EDGE('',*,*,#2507,.F.);
#1805=ORIENTED_EDGE('',*,*,#2509,.F.);
#1806=ORIENTED_EDGE('',*,*,#2510,.F.);
#1807=ORIENTED_EDGE('',*,*,#2511,.F.);
#1808=ORIENTED_EDGE('',*,*,#2512,.F.);
#1809=ORIENTED_EDGE('',*,*,#2513,.T.);
#1810=ORIENTED_EDGE('',*,*,#2514,.T.);
#1811=ORIENTED_EDGE('',*,*,#2515,.F.);
#1812=ORIENTED_EDGE('',*,*,#2516,.F.);
#1813=ORIENTED_EDGE('',*,*,#2517,.T.);
#1814=ORIENTED_EDGE('',*,*,#2512,.T.);
#1815=ORIENTED_EDGE('',*,*,#2518,.F.);
#1816=ORIENTED_EDGE('',*,*,#2519,.F.);
#1817=ORIENTED_EDGE('',*,*,#2520,.T.);
#1818=ORIENTED_EDGE('',*,*,#2516,.T.);
#1819=ORIENTED_EDGE('',*,*,#2521,.F.);
#1820=ORIENTED_EDGE('',*,*,#2522,.F.);
#1821=ORIENTED_EDGE('',*,*,#2523,.T.);
#1822=ORIENTED_EDGE('',*,*,#2519,.T.);
#1823=ORIENTED_EDGE('',*,*,#2524,.F.);
#1824=ORIENTED_EDGE('',*,*,#2525,.F.);
#1825=ORIENTED_EDGE('',*,*,#2526,.T.);
#1826=ORIENTED_EDGE('',*,*,#2527,.T.);
#1827=ORIENTED_EDGE('',*,*,#2528,.F.);
#1828=ORIENTED_EDGE('',*,*,#2529,.F.);
#1829=ORIENTED_EDGE('',*,*,#2530,.T.);
#1830=ORIENTED_EDGE('',*,*,#2525,.T.);
#1831=ORIENTED_EDGE('',*,*,#2531,.F.);
#1832=ORIENTED_EDGE('',*,*,#2532,.F.);
#1833=ORIENTED_EDGE('',*,*,#2533,.T.);
#1834=ORIENTED_EDGE('',*,*,#2529,.T.);
#1835=ORIENTED_EDGE('',*,*,#2534,.F.);
#1836=ORIENTED_EDGE('',*,*,#2535,.F.);
#1837=ORIENTED_EDGE('',*,*,#2536,.T.);
#1838=ORIENTED_EDGE('',*,*,#2532,.T.);
#1839=ORIENTED_EDGE('',*,*,#2037,.F.);
#1840=ORIENTED_EDGE('',*,*,#2537,.F.);
#1841=ORIENTED_EDGE('',*,*,#2538,.T.);
#1842=ORIENTED_EDGE('',*,*,#2539,.T.);
#1843=ORIENTED_EDGE('',*,*,#2052,.F.);
#1844=ORIENTED_EDGE('',*,*,#2540,.F.);
#1845=ORIENTED_EDGE('',*,*,#2541,.T.);
#1846=ORIENTED_EDGE('',*,*,#2537,.T.);
#1847=ORIENTED_EDGE('',*,*,#2051,.F.);
#1848=ORIENTED_EDGE('',*,*,#2542,.F.);
#1849=ORIENTED_EDGE('',*,*,#2543,.T.);
#1850=ORIENTED_EDGE('',*,*,#2540,.T.);
#1851=ORIENTED_EDGE('',*,*,#2050,.F.);
#1852=ORIENTED_EDGE('',*,*,#2544,.F.);
#1853=ORIENTED_EDGE('',*,*,#2545,.T.);
#1854=ORIENTED_EDGE('',*,*,#2542,.T.);
#1855=ORIENTED_EDGE('',*,*,#2049,.F.);
#1856=ORIENTED_EDGE('',*,*,#2546,.F.);
#1857=ORIENTED_EDGE('',*,*,#2547,.T.);
#1858=ORIENTED_EDGE('',*,*,#2544,.T.);
#1859=ORIENTED_EDGE('',*,*,#2048,.F.);
#1860=ORIENTED_EDGE('',*,*,#2548,.F.);
#1861=ORIENTED_EDGE('',*,*,#2549,.T.);
#1862=ORIENTED_EDGE('',*,*,#2546,.T.);
#1863=ORIENTED_EDGE('',*,*,#2047,.F.);
#1864=ORIENTED_EDGE('',*,*,#2550,.F.);
#1865=ORIENTED_EDGE('',*,*,#2551,.T.);
#1866=ORIENTED_EDGE('',*,*,#2548,.T.);
#1867=ORIENTED_EDGE('',*,*,#2046,.F.);
#1868=ORIENTED_EDGE('',*,*,#2552,.F.);
#1869=ORIENTED_EDGE('',*,*,#2553,.T.);
#1870=ORIENTED_EDGE('',*,*,#2550,.T.);
#1871=ORIENTED_EDGE('',*,*,#2045,.F.);
#1872=ORIENTED_EDGE('',*,*,#2554,.F.);
#1873=ORIENTED_EDGE('',*,*,#2555,.T.);
#1874=ORIENTED_EDGE('',*,*,#2552,.T.);
#1875=ORIENTED_EDGE('',*,*,#2044,.F.);
#1876=ORIENTED_EDGE('',*,*,#2556,.F.);
#1877=ORIENTED_EDGE('',*,*,#2557,.T.);
#1878=ORIENTED_EDGE('',*,*,#2554,.T.);
#1879=ORIENTED_EDGE('',*,*,#2043,.F.);
#1880=ORIENTED_EDGE('',*,*,#2558,.F.);
#1881=ORIENTED_EDGE('',*,*,#2559,.T.);
#1882=ORIENTED_EDGE('',*,*,#2556,.T.);
#1883=ORIENTED_EDGE('',*,*,#2042,.F.);
#1884=ORIENTED_EDGE('',*,*,#2560,.F.);
#1885=ORIENTED_EDGE('',*,*,#2561,.T.);
#1886=ORIENTED_EDGE('',*,*,#2558,.T.);
#1887=ORIENTED_EDGE('',*,*,#2041,.F.);
#1888=ORIENTED_EDGE('',*,*,#2562,.F.);
#1889=ORIENTED_EDGE('',*,*,#2563,.T.);
#1890=ORIENTED_EDGE('',*,*,#2560,.T.);
#1891=ORIENTED_EDGE('',*,*,#2040,.F.);
#1892=ORIENTED_EDGE('',*,*,#2564,.F.);
#1893=ORIENTED_EDGE('',*,*,#2565,.T.);
#1894=ORIENTED_EDGE('',*,*,#2562,.T.);
#1895=ORIENTED_EDGE('',*,*,#2039,.F.);
#1896=ORIENTED_EDGE('',*,*,#2566,.F.);
#1897=ORIENTED_EDGE('',*,*,#2567,.T.);
#1898=ORIENTED_EDGE('',*,*,#2564,.T.);
#1899=ORIENTED_EDGE('',*,*,#2568,.F.);
#1900=ORIENTED_EDGE('',*,*,#2527,.F.);
#1901=ORIENTED_EDGE('',*,*,#2569,.T.);
#1902=ORIENTED_EDGE('',*,*,#2535,.T.);
#1903=ORIENTED_EDGE('',*,*,#2038,.F.);
#1904=ORIENTED_EDGE('',*,*,#2539,.F.);
#1905=ORIENTED_EDGE('',*,*,#2570,.T.);
#1906=ORIENTED_EDGE('',*,*,#2566,.T.);
#1907=ORIENTED_EDGE('',*,*,#2571,.F.);
#1908=ORIENTED_EDGE('',*,*,#2514,.F.);
#1909=ORIENTED_EDGE('',*,*,#2572,.T.);
#1910=ORIENTED_EDGE('',*,*,#2522,.T.);
#1911=ORIENTED_EDGE('',*,*,#2538,.F.);
#1912=ORIENTED_EDGE('',*,*,#2541,.F.);
#1913=ORIENTED_EDGE('',*,*,#2543,.F.);
#1914=ORIENTED_EDGE('',*,*,#2545,.F.);
#1915=ORIENTED_EDGE('',*,*,#2547,.F.);
#1916=ORIENTED_EDGE('',*,*,#2549,.F.);
#1917=ORIENTED_EDGE('',*,*,#2551,.F.);
#1918=ORIENTED_EDGE('',*,*,#2553,.F.);
#1919=ORIENTED_EDGE('',*,*,#2555,.F.);
#1920=ORIENTED_EDGE('',*,*,#2557,.F.);
#1921=ORIENTED_EDGE('',*,*,#2559,.F.);
#1922=ORIENTED_EDGE('',*,*,#2561,.F.);
#1923=ORIENTED_EDGE('',*,*,#2563,.F.);
#1924=ORIENTED_EDGE('',*,*,#2565,.F.);
#1925=ORIENTED_EDGE('',*,*,#2567,.F.);
#1926=ORIENTED_EDGE('',*,*,#2570,.F.);
#1927=ORIENTED_EDGE('',*,*,#2526,.F.);
#1928=ORIENTED_EDGE('',*,*,#2530,.F.);
#1929=ORIENTED_EDGE('',*,*,#2533,.F.);
#1930=ORIENTED_EDGE('',*,*,#2536,.F.);
#1931=ORIENTED_EDGE('',*,*,#2569,.F.);
#1932=ORIENTED_EDGE('',*,*,#2513,.F.);
#1933=ORIENTED_EDGE('',*,*,#2517,.F.);
#1934=ORIENTED_EDGE('',*,*,#2520,.F.);
#1935=ORIENTED_EDGE('',*,*,#2523,.F.);
#1936=ORIENTED_EDGE('',*,*,#2572,.F.);
#1937=ORIENTED_EDGE('',*,*,#2524,.T.);
#1938=ORIENTED_EDGE('',*,*,#2568,.T.);
#1939=ORIENTED_EDGE('',*,*,#2534,.T.);
#1940=ORIENTED_EDGE('',*,*,#2531,.T.);
#1941=ORIENTED_EDGE('',*,*,#2528,.T.);
#1942=ORIENTED_EDGE('',*,*,#2182,.F.);
#1943=ORIENTED_EDGE('',*,*,#2573,.F.);
#1944=ORIENTED_EDGE('',*,*,#2574,.T.);
#1945=ORIENTED_EDGE('',*,*,#2575,.T.);
#1946=ORIENTED_EDGE('',*,*,#2199,.F.);
#1947=ORIENTED_EDGE('',*,*,#2576,.F.);
#1948=ORIENTED_EDGE('',*,*,#2577,.T.);
#1949=ORIENTED_EDGE('',*,*,#2573,.T.);
#1950=ORIENTED_EDGE('',*,*,#2198,.F.);
#1951=ORIENTED_EDGE('',*,*,#2578,.F.);
#1952=ORIENTED_EDGE('',*,*,#2579,.T.);
#1953=ORIENTED_EDGE('',*,*,#2576,.T.);
#1954=ORIENTED_EDGE('',*,*,#2197,.F.);
#1955=ORIENTED_EDGE('',*,*,#2580,.F.);
#1956=ORIENTED_EDGE('',*,*,#2581,.T.);
#1957=ORIENTED_EDGE('',*,*,#2578,.T.);
#1958=ORIENTED_EDGE('',*,*,#2196,.F.);
#1959=ORIENTED_EDGE('',*,*,#2582,.F.);
#1960=ORIENTED_EDGE('',*,*,#2583,.T.);
#1961=ORIENTED_EDGE('',*,*,#2580,.T.);
#1962=ORIENTED_EDGE('',*,*,#2195,.F.);
#1963=ORIENTED_EDGE('',*,*,#2584,.F.);
#1964=ORIENTED_EDGE('',*,*,#2585,.T.);
#1965=ORIENTED_EDGE('',*,*,#2582,.T.);
#1966=ORIENTED_EDGE('',*,*,#2194,.F.);
#1967=ORIENTED_EDGE('',*,*,#2586,.F.);
#1968=ORIENTED_EDGE('',*,*,#2587,.T.);
#1969=ORIENTED_EDGE('',*,*,#2584,.T.);
#1970=ORIENTED_EDGE('',*,*,#2193,.F.);
#1971=ORIENTED_EDGE('',*,*,#2588,.F.);
#1972=ORIENTED_EDGE('',*,*,#2589,.T.);
#1973=ORIENTED_EDGE('',*,*,#2586,.T.);
#1974=ORIENTED_EDGE('',*,*,#2192,.F.);
#1975=ORIENTED_EDGE('',*,*,#2590,.F.);
#1976=ORIENTED_EDGE('',*,*,#2591,.T.);
#1977=ORIENTED_EDGE('',*,*,#2588,.T.);
#1978=ORIENTED_EDGE('',*,*,#2191,.F.);
#1979=ORIENTED_EDGE('',*,*,#2592,.F.);
#1980=ORIENTED_EDGE('',*,*,#2593,.T.);
#1981=ORIENTED_EDGE('',*,*,#2590,.T.);
#1982=ORIENTED_EDGE('',*,*,#2190,.F.);
#1983=ORIENTED_EDGE('',*,*,#2594,.F.);
#1984=ORIENTED_EDGE('',*,*,#2595,.T.);
#1985=ORIENTED_EDGE('',*,*,#2592,.T.);
#1986=ORIENTED_EDGE('',*,*,#2189,.F.);
#1987=ORIENTED_EDGE('',*,*,#2596,.F.);
#1988=ORIENTED_EDGE('',*,*,#2597,.T.);
#1989=ORIENTED_EDGE('',*,*,#2594,.T.);
#1990=ORIENTED_EDGE('',*,*,#2188,.F.);
#1991=ORIENTED_EDGE('',*,*,#2598,.F.);
#1992=ORIENTED_EDGE('',*,*,#2599,.T.);
#1993=ORIENTED_EDGE('',*,*,#2596,.T.);
#1994=ORIENTED_EDGE('',*,*,#2187,.F.);
#1995=ORIENTED_EDGE('',*,*,#2600,.F.);
#1996=ORIENTED_EDGE('',*,*,#2601,.T.);
#1997=ORIENTED_EDGE('',*,*,#2598,.T.);
#1998=ORIENTED_EDGE('',*,*,#2186,.F.);
#1999=ORIENTED_EDGE('',*,*,#2602,.F.);
#2000=ORIENTED_EDGE('',*,*,#2603,.T.);
#2001=ORIENTED_EDGE('',*,*,#2600,.T.);
#2002=ORIENTED_EDGE('',*,*,#2185,.F.);
#2003=ORIENTED_EDGE('',*,*,#2604,.F.);
#2004=ORIENTED_EDGE('',*,*,#2605,.T.);
#2005=ORIENTED_EDGE('',*,*,#2602,.T.);
#2006=ORIENTED_EDGE('',*,*,#2184,.F.);
#2007=ORIENTED_EDGE('',*,*,#2606,.F.);
#2008=ORIENTED_EDGE('',*,*,#2607,.T.);
#2009=ORIENTED_EDGE('',*,*,#2604,.T.);
#2010=ORIENTED_EDGE('',*,*,#2183,.F.);
#2011=ORIENTED_EDGE('',*,*,#2575,.F.);
#2012=ORIENTED_EDGE('',*,*,#2608,.T.);
#2013=ORIENTED_EDGE('',*,*,#2606,.T.);
#2014=ORIENTED_EDGE('',*,*,#2574,.F.);
#2015=ORIENTED_EDGE('',*,*,#2577,.F.);
#2016=ORIENTED_EDGE('',*,*,#2579,.F.);
#2017=ORIENTED_EDGE('',*,*,#2581,.F.);
#2018=ORIENTED_EDGE('',*,*,#2583,.F.);
#2019=ORIENTED_EDGE('',*,*,#2585,.F.);
#2020=ORIENTED_EDGE('',*,*,#2587,.F.);
#2021=ORIENTED_EDGE('',*,*,#2589,.F.);
#2022=ORIENTED_EDGE('',*,*,#2591,.F.);
#2023=ORIENTED_EDGE('',*,*,#2593,.F.);
#2024=ORIENTED_EDGE('',*,*,#2595,.F.);
#2025=ORIENTED_EDGE('',*,*,#2597,.F.);
#2026=ORIENTED_EDGE('',*,*,#2599,.F.);
#2027=ORIENTED_EDGE('',*,*,#2601,.F.);
#2028=ORIENTED_EDGE('',*,*,#2603,.F.);
#2029=ORIENTED_EDGE('',*,*,#2605,.F.);
#2030=ORIENTED_EDGE('',*,*,#2607,.F.);
#2031=ORIENTED_EDGE('',*,*,#2608,.F.);
#2032=ORIENTED_EDGE('',*,*,#2511,.T.);
#2033=ORIENTED_EDGE('',*,*,#2571,.T.);
#2034=ORIENTED_EDGE('',*,*,#2521,.T.);
#2035=ORIENTED_EDGE('',*,*,#2518,.T.);
#2036=ORIENTED_EDGE('',*,*,#2515,.T.);
#2037=EDGE_CURVE('',#2609,#2610,#2989,.F.);
#2038=EDGE_CURVE('',#2610,#2611,#2990,.F.);
#2039=EDGE_CURVE('',#2611,#2612,#2991,.F.);
#2040=EDGE_CURVE('',#2612,#2613,#109,.T.);
#2041=EDGE_CURVE('',#2613,#2614,#2992,.F.);
#2042=EDGE_CURVE('',#2614,#2615,#2993,.F.);
#2043=EDGE_CURVE('',#2615,#2616,#2994,.F.);
#2044=EDGE_CURVE('',#2616,#2617,#110,.T.);
#2045=EDGE_CURVE('',#2617,#2618,#2995,.F.);
#2046=EDGE_CURVE('',#2618,#2619,#2996,.F.);
#2047=EDGE_CURVE('',#2619,#2620,#2997,.F.);
#2048=EDGE_CURVE('',#2620,#2621,#111,.T.);
#2049=EDGE_CURVE('',#2621,#2622,#2998,.F.);
#2050=EDGE_CURVE('',#2622,#2623,#2999,.F.);
#2051=EDGE_CURVE('',#2623,#2624,#3000,.F.);
#2052=EDGE_CURVE('',#2624,#2609,#112,.T.);
#2053=EDGE_CURVE('',#2625,#2626,#3001,.F.);
#2054=EDGE_CURVE('',#2626,#2627,#3002,.F.);
#2055=EDGE_CURVE('',#2627,#2628,#3003,.F.);
#2056=EDGE_CURVE('',#2628,#2629,#113,.T.);
#2057=EDGE_CURVE('',#2629,#2630,#114,.T.);
#2058=EDGE_CURVE('',#2630,#2631,#115,.T.);
#2059=EDGE_CURVE('',#2631,#2632,#3004,.T.);
#2060=EDGE_CURVE('',#2632,#2633,#3005,.T.);
#2061=EDGE_CURVE('',#2633,#2634,#116,.T.);
#2062=EDGE_CURVE('',#2634,#2635,#3006,.T.);
#2063=EDGE_CURVE('',#2635,#2636,#3007,.T.);
#2064=EDGE_CURVE('',#2636,#2637,#117,.T.);
#2065=EDGE_CURVE('',#2637,#2638,#118,.T.);
#2066=EDGE_CURVE('',#2638,#2639,#119,.T.);
#2067=EDGE_CURVE('',#2639,#2640,#3008,.F.);
#2068=EDGE_CURVE('',#2640,#2641,#3009,.F.);
#2069=EDGE_CURVE('',#2641,#2642,#3010,.F.);
#2070=EDGE_CURVE('',#2642,#2625,#120,.T.);
#2071=EDGE_CURVE('',#2643,#2644,#121,.T.);
#2072=EDGE_CURVE('',#2644,#2645,#122,.T.);
#2073=EDGE_CURVE('',#2645,#2646,#123,.T.);
#2074=EDGE_CURVE('',#2646,#2647,#124,.T.);
#2075=EDGE_CURVE('',#2647,#2648,#125,.T.);
#2076=EDGE_CURVE('',#2648,#2649,#126,.T.);
#2077=EDGE_CURVE('',#2649,#2643,#127,.T.);
#2078=EDGE_CURVE('',#2650,#2651,#128,.T.);
#2079=EDGE_CURVE('',#2651,#2652,#129,.T.);
#2080=EDGE_CURVE('',#2652,#2653,#130,.T.);
#2081=EDGE_CURVE('',#2653,#2654,#131,.T.);
#2082=EDGE_CURVE('',#2654,#2655,#132,.T.);
#2083=EDGE_CURVE('',#2655,#2656,#133,.T.);
#2084=EDGE_CURVE('',#2656,#2657,#134,.T.);
#2085=EDGE_CURVE('',#2657,#2658,#135,.T.);
#2086=EDGE_CURVE('',#2658,#2659,#136,.T.);
#2087=EDGE_CURVE('',#2659,#2660,#137,.T.);
#2088=EDGE_CURVE('',#2660,#2661,#138,.T.);
#2089=EDGE_CURVE('',#2661,#2650,#139,.T.);
#2090=EDGE_CURVE('',#2662,#2663,#140,.T.);
#2091=EDGE_CURVE('',#2663,#2664,#3011,.T.);
#2092=EDGE_CURVE('',#2664,#2665,#3012,.T.);
#2093=EDGE_CURVE('',#2665,#2666,#141,.T.);
#2094=EDGE_CURVE('',#2666,#2667,#142,.T.);
#2095=EDGE_CURVE('',#2667,#2668,#143,.T.);
#2096=EDGE_CURVE('',#2668,#2669,#3013,.F.);
#2097=EDGE_CURVE('',#2669,#2670,#3014,.F.);
#2098=EDGE_CURVE('',#2670,#2671,#3015,.F.);
#2099=EDGE_CURVE('',#2671,#2672,#144,.T.);
#2100=EDGE_CURVE('',#2672,#2662,#145,.T.);
#2101=EDGE_CURVE('',#2673,#2674,#146,.T.);
#2102=EDGE_CURVE('',#2673,#2675,#147,.T.);
#2103=EDGE_CURVE('',#2675,#2676,#148,.T.);
#2104=EDGE_CURVE('',#2674,#2676,#149,.T.);
#2105=EDGE_CURVE('',#2677,#2678,#3016,.F.);
#2106=EDGE_CURVE('',#2678,#2679,#3017,.F.);
#2107=EDGE_CURVE('',#2679,#2680,#3018,.F.);
#2108=EDGE_CURVE('',#2680,#2681,#150,.T.);
#2109=EDGE_CURVE('',#2681,#2682,#3019,.F.);
#2110=EDGE_CURVE('',#2682,#2683,#3020,.F.);
#2111=EDGE_CURVE('',#2683,#2684,#3021,.F.);
#2112=EDGE_CURVE('',#2684,#2685,#151,.T.);
#2113=EDGE_CURVE('',#2685,#2686,#152,.T.);
#2114=EDGE_CURVE('',#2686,#2687,#153,.T.);
#2115=EDGE_CURVE('',#2687,#2688,#3022,.T.);
#2116=EDGE_CURVE('',#2688,#2689,#3023,.T.);
#2117=EDGE_CURVE('',#2689,#2690,#154,.T.);
#2118=EDGE_CURVE('',#2690,#2691,#3024,.T.);
#2119=EDGE_CURVE('',#2691,#2692,#3025,.T.);
#2120=EDGE_CURVE('',#2692,#2693,#155,.T.);
#2121=EDGE_CURVE('',#2693,#2694,#156,.T.);
#2122=EDGE_CURVE('',#2694,#2677,#157,.T.);
#2123=EDGE_CURVE('',#2695,#2696,#158,.T.);
#2124=EDGE_CURVE('',#2696,#2697,#159,.T.);
#2125=EDGE_CURVE('',#2697,#2698,#160,.T.);
#2126=EDGE_CURVE('',#2698,#2695,#161,.T.);
#2127=EDGE_CURVE('',#2699,#2700,#162,.T.);
#2128=EDGE_CURVE('',#2700,#2701,#3026,.F.);
#2129=EDGE_CURVE('',#2701,#2702,#3027,.F.);
#2130=EDGE_CURVE('',#2702,#2703,#3028,.F.);
#2131=EDGE_CURVE('',#2703,#2704,#163,.T.);
#2132=EDGE_CURVE('',#2704,#2705,#3029,.T.);
#2133=EDGE_CURVE('',#2705,#2706,#3030,.T.);
#2134=EDGE_CURVE('',#2706,#2707,#164,.T.);
#2135=EDGE_CURVE('',#2707,#2708,#3031,.T.);
#2136=EDGE_CURVE('',#2708,#2709,#3032,.T.);
#2137=EDGE_CURVE('',#2709,#2710,#165,.T.);
#2138=EDGE_CURVE('',#2710,#2711,#3033,.T.);
#2139=EDGE_CURVE('',#2711,#2712,#3034,.T.);
#2140=EDGE_CURVE('',#2712,#2713,#166,.T.);
#2141=EDGE_CURVE('',#2713,#2714,#167,.T.);
#2142=EDGE_CURVE('',#2714,#2715,#168,.T.);
#2143=EDGE_CURVE('',#2715,#2716,#3035,.F.);
#2144=EDGE_CURVE('',#2716,#2717,#3036,.F.);
#2145=EDGE_CURVE('',#2717,#2718,#3037,.F.);
#2146=EDGE_CURVE('',#2718,#2719,#169,.T.);
#2147=EDGE_CURVE('',#2719,#2720,#3038,.F.);
#2148=EDGE_CURVE('',#2720,#2721,#3039,.F.);
#2149=EDGE_CURVE('',#2721,#2722,#3040,.F.);
#2150=EDGE_CURVE('',#2722,#2723,#170,.T.);
#2151=EDGE_CURVE('',#2723,#2724,#3041,.F.);
#2152=EDGE_CURVE('',#2724,#2725,#3042,.F.);
#2153=EDGE_CURVE('',#2725,#2726,#3043,.F.);
#2154=EDGE_CURVE('',#2726,#2727,#171,.T.);
#2155=EDGE_CURVE('',#2727,#2728,#3044,.T.);
#2156=EDGE_CURVE('',#2728,#2729,#3045,.T.);
#2157=EDGE_CURVE('',#2729,#2730,#172,.T.);
#2158=EDGE_CURVE('',#2730,#2731,#3046,.T.);
#2159=EDGE_CURVE('',#2731,#2732,#3047,.T.);
#2160=EDGE_CURVE('',#2732,#2733,#173,.T.);
#2161=EDGE_CURVE('',#2733,#2734,#174,.T.);
#2162=EDGE_CURVE('',#2734,#2699,#175,.T.);
#2163=EDGE_CURVE('',#2735,#2736,#176,.T.);
#2164=EDGE_CURVE('',#2736,#2737,#177,.T.);
#2165=EDGE_CURVE('',#2737,#2738,#178,.T.);
#2166=EDGE_CURVE('',#2738,#2735,#179,.T.);
#2167=EDGE_CURVE('',#2739,#2740,#180,.T.);
#2168=EDGE_CURVE('',#2740,#2741,#181,.T.);
#2169=EDGE_CURVE('',#2741,#2742,#3048,.F.);
#2170=EDGE_CURVE('',#2742,#2743,#3049,.F.);
#2171=EDGE_CURVE('',#2743,#2744,#3050,.F.);
#2172=EDGE_CURVE('',#2744,#2745,#182,.T.);
#2173=EDGE_CURVE('',#2745,#2746,#183,.T.);
#2174=EDGE_CURVE('',#2746,#2747,#184,.T.);
#2175=EDGE_CURVE('',#2747,#2748,#3051,.T.);
#2176=EDGE_CURVE('',#2748,#2749,#3052,.T.);
#2177=EDGE_CURVE('',#2749,#2750,#185,.T.);
#2178=EDGE_CURVE('',#2750,#2751,#3053,.T.);
#2179=EDGE_CURVE('',#2751,#2752,#3054,.T.);
#2180=EDGE_CURVE('',#2752,#2753,#186,.T.);
#2181=EDGE_CURVE('',#2753,#2739,#187,.T.);
#2182=EDGE_CURVE('',#2754,#2755,#3055,.F.);
#2183=EDGE_CURVE('',#2755,#2756,#3056,.F.);
#2184=EDGE_CURVE('',#2756,#2757,#3057,.F.);
#2185=EDGE_CURVE('',#2757,#2758,#188,.T.);
#2186=EDGE_CURVE('',#2758,#2759,#3058,.F.);
#2187=EDGE_CURVE('',#2759,#2760,#3059,.F.);
#2188=EDGE_CURVE('',#2760,#2761,#3060,.F.);
#2189=EDGE_CURVE('',#2761,#2762,#189,.T.);
#2190=EDGE_CURVE('',#2762,#2763,#190,.T.);
#2191=EDGE_CURVE('',#2763,#2764,#191,.T.);
#2192=EDGE_CURVE('',#2764,#2765,#3061,.T.);
#2193=EDGE_CURVE('',#2765,#2766,#3062,.T.);
#2194=EDGE_CURVE('',#2766,#2767,#192,.T.);
#2195=EDGE_CURVE('',#2767,#2768,#3063,.T.);
#2196=EDGE_CURVE('',#2768,#2769,#3064,.T.);
#2197=EDGE_CURVE('',#2769,#2770,#193,.T.);
#2198=EDGE_CURVE('',#2770,#2771,#194,.T.);
#2199=EDGE_CURVE('',#2771,#2754,#195,.T.);
#2200=EDGE_CURVE('',#2772,#2773,#196,.T.);
#2201=EDGE_CURVE('',#2773,#2774,#3065,.F.);
#2202=EDGE_CURVE('',#2774,#2775,#197,.T.);
#2203=EDGE_CURVE('',#2775,#2776,#3066,.F.);
#2204=EDGE_CURVE('',#2776,#2777,#198,.T.);
#2205=EDGE_CURVE('',#2777,#2778,#199,.T.);
#2206=EDGE_CURVE('',#2779,#2778,#200,.T.);
#2207=EDGE_CURVE('',#2779,#2780,#201,.T.);
#2208=EDGE_CURVE('',#2780,#2781,#3067,.F.);
#2209=EDGE_CURVE('',#2782,#2781,#202,.T.);
#2210=EDGE_CURVE('',#2783,#2782,#203,.T.);
#2211=EDGE_CURVE('',#2772,#2783,#204,.T.);
#2212=EDGE_CURVE('',#2784,#2785,#205,.T.);
#2213=EDGE_CURVE('',#2784,#2786,#206,.F.);
#2214=EDGE_CURVE('',#2786,#2787,#207,.T.);
#2215=EDGE_CURVE('',#2787,#2788,#208,.T.);
#2216=EDGE_CURVE('',#2789,#2788,#209,.T.);
#2217=EDGE_CURVE('',#2789,#2790,#3068,.T.);
#2218=EDGE_CURVE('',#2790,#2791,#210,.T.);
#2219=EDGE_CURVE('',#2791,#2785,#211,.T.);
#2220=EDGE_CURVE('',#2778,#2785,#212,.T.);
#2221=EDGE_CURVE('',#2779,#2791,#213,.T.);
#2222=EDGE_CURVE('',#2783,#2787,#214,.T.);
#2223=EDGE_CURVE('',#2782,#2788,#215,.T.);
#2224=EDGE_CURVE('',#2792,#2793,#3069,.F.);
#2225=EDGE_CURVE('',#2794,#2793,#216,.T.);
#2226=EDGE_CURVE('',#2794,#2673,#217,.T.);
#2227=EDGE_CURVE('',#2795,#2674,#218,.T.);
#2228=EDGE_CURVE('',#2792,#2795,#219,.T.);
#2229=EDGE_CURVE('',#2796,#2676,#220,.T.);
#2230=EDGE_CURVE('',#2795,#2796,#221,.T.);
#2231=EDGE_CURVE('',#2797,#2675,#222,.T.);
#2232=EDGE_CURVE('',#2797,#2796,#223,.T.);
#2233=EDGE_CURVE('',#2794,#2797,#224,.T.);
#2234=EDGE_CURVE('',#2798,#2799,#225,.T.);
#2235=EDGE_CURVE('',#2798,#2800,#226,.F.);
#2236=EDGE_CURVE('',#2800,#2801,#227,.T.);
#2237=EDGE_CURVE('',#2801,#2802,#228,.T.);
#2238=EDGE_CURVE('',#2802,#2803,#229,.F.);
#2239=EDGE_CURVE('',#2803,#2804,#230,.F.);
#2240=EDGE_CURVE('',#2804,#2805,#231,.T.);
#2241=EDGE_CURVE('',#2805,#2792,#3070,.F.);
#2242=EDGE_CURVE('',#2793,#2799,#3071,.F.);
#2243=EDGE_CURVE('',#2774,#2806,#3072,.T.);
#2244=EDGE_CURVE('',#2806,#2807,#232,.T.);
#2245=EDGE_CURVE('',#2807,#2775,#3073,.T.);
#2246=EDGE_CURVE('',#2799,#2805,#3074,.T.);
#2247=EDGE_CURVE('',#2804,#2808,#18,.T.);
#2248=EDGE_CURVE('',#2808,#2809,#3075,.T.);
#2249=EDGE_CURVE('',#2809,#2798,#19,.T.);
#2250=EDGE_CURVE('',#2806,#2807,#3076,.F.);
#2251=EDGE_CURVE('',#2790,#2780,#233,.F.);
#2252=EDGE_CURVE('',#2781,#2789,#234,.T.);
#2253=EDGE_CURVE('',#2777,#2784,#235,.T.);
#2254=EDGE_CURVE('',#2786,#2772,#236,.F.);
#2255=EDGE_CURVE('',#2777,#2803,#14,.T.);
#2256=EDGE_CURVE('',#2776,#2808,#20,.T.);
#2257=EDGE_CURVE('',#2784,#2802,#15,.T.);
#2258=EDGE_CURVE('',#2809,#2773,#21,.T.);
#2259=EDGE_CURVE('',#2800,#2772,#16,.F.);
#2260=EDGE_CURVE('',#2786,#2801,#17,.T.);
#2261=EDGE_CURVE('',#2810,#2677,#237,.T.);
#2262=EDGE_CURVE('',#2810,#2811,#3077,.F.);
#2263=EDGE_CURVE('',#2811,#2678,#238,.T.);
#2264=EDGE_CURVE('',#2812,#2694,#239,.T.);
#2265=EDGE_CURVE('',#2812,#2810,#240,.T.);
#2266=EDGE_CURVE('',#2813,#2693,#241,.T.);
#2267=EDGE_CURVE('',#2813,#2812,#242,.T.);
#2268=EDGE_CURVE('',#2814,#2692,#243,.T.);
#2269=EDGE_CURVE('',#2814,#2813,#244,.T.);
#2270=EDGE_CURVE('',#2815,#2691,#245,.T.);
#2271=EDGE_CURVE('',#2815,#2814,#3078,.T.);
#2272=EDGE_CURVE('',#2816,#2690,#246,.T.);
#2273=EDGE_CURVE('',#2816,#2815,#3079,.T.);
#2274=EDGE_CURVE('',#2817,#2689,#247,.T.);
#2275=EDGE_CURVE('',#2817,#2816,#248,.T.);
#2276=EDGE_CURVE('',#2818,#2688,#249,.T.);
#2277=EDGE_CURVE('',#2818,#2817,#3080,.T.);
#2278=EDGE_CURVE('',#2819,#2687,#250,.T.);
#2279=EDGE_CURVE('',#2819,#2818,#3081,.T.);
#2280=EDGE_CURVE('',#2820,#2686,#251,.T.);
#2281=EDGE_CURVE('',#2820,#2819,#252,.T.);
#2282=EDGE_CURVE('',#2821,#2685,#253,.T.);
#2283=EDGE_CURVE('',#2821,#2820,#254,.T.);
#2284=EDGE_CURVE('',#2822,#2684,#255,.T.);
#2285=EDGE_CURVE('',#2822,#2821,#256,.T.);
#2286=EDGE_CURVE('',#2823,#2683,#257,.T.);
#2287=EDGE_CURVE('',#2823,#2822,#3082,.F.);
#2288=EDGE_CURVE('',#2824,#2682,#258,.T.);
#2289=EDGE_CURVE('',#2824,#2823,#3083,.F.);
#2290=EDGE_CURVE('',#2825,#2681,#259,.T.);
#2291=EDGE_CURVE('',#2825,#2824,#3084,.F.);
#2292=EDGE_CURVE('',#2826,#2680,#260,.T.);
#2293=EDGE_CURVE('',#2826,#2825,#261,.T.);
#2294=EDGE_CURVE('',#2827,#2679,#262,.T.);
#2295=EDGE_CURVE('',#2827,#2826,#3085,.F.);
#2296=EDGE_CURVE('',#2811,#2827,#3086,.F.);
#2297=EDGE_CURVE('',#2828,#2662,#263,.T.);
#2298=EDGE_CURVE('',#2828,#2829,#264,.T.);
#2299=EDGE_CURVE('',#2829,#2663,#265,.T.);
#2300=EDGE_CURVE('',#2830,#2672,#266,.T.);
#2301=EDGE_CURVE('',#2830,#2828,#267,.T.);
#2302=EDGE_CURVE('',#2831,#2671,#268,.T.);
#2303=EDGE_CURVE('',#2831,#2830,#269,.T.);
#2304=EDGE_CURVE('',#2832,#2670,#270,.T.);
#2305=EDGE_CURVE('',#2832,#2831,#3087,.F.);
#2306=EDGE_CURVE('',#2833,#2669,#271,.T.);
#2307=EDGE_CURVE('',#2833,#2832,#3088,.F.);
#2308=EDGE_CURVE('',#2834,#2668,#272,.T.);
#2309=EDGE_CURVE('',#2834,#2833,#3089,.F.);
#2310=EDGE_CURVE('',#2835,#2667,#273,.T.);
#2311=EDGE_CURVE('',#2835,#2834,#274,.T.);
#2312=EDGE_CURVE('',#2836,#2666,#275,.T.);
#2313=EDGE_CURVE('',#2836,#2835,#276,.T.);
#2314=EDGE_CURVE('',#2837,#2665,#277,.T.);
#2315=EDGE_CURVE('',#2837,#2836,#278,.T.);
#2316=EDGE_CURVE('',#2838,#2664,#279,.T.);
#2317=EDGE_CURVE('',#2838,#2837,#3090,.T.);
#2318=EDGE_CURVE('',#2829,#2838,#3091,.T.);
#2319=EDGE_CURVE('',#2839,#2695,#280,.T.);
#2320=EDGE_CURVE('',#2839,#2840,#281,.T.);
#2321=EDGE_CURVE('',#2840,#2696,#282,.T.);
#2322=EDGE_CURVE('',#2841,#2698,#283,.T.);
#2323=EDGE_CURVE('',#2841,#2839,#284,.T.);
#2324=EDGE_CURVE('',#2842,#2697,#285,.T.);
#2325=EDGE_CURVE('',#2842,#2841,#286,.T.);
#2326=EDGE_CURVE('',#2840,#2842,#287,.T.);
#2327=EDGE_CURVE('',#2843,#2650,#288,.T.);
#2328=EDGE_CURVE('',#2843,#2844,#289,.T.);
#2329=EDGE_CURVE('',#2844,#2651,#290,.T.);
#2330=EDGE_CURVE('',#2845,#2661,#291,.T.);
#2331=EDGE_CURVE('',#2845,#2843,#292,.T.);
#2332=EDGE_CURVE('',#2846,#2660,#293,.T.);
#2333=EDGE_CURVE('',#2846,#2845,#294,.T.);
#2334=EDGE_CURVE('',#2847,#2659,#295,.T.);
#2335=EDGE_CURVE('',#2847,#2846,#296,.T.);
#2336=EDGE_CURVE('',#2848,#2658,#297,.T.);
#2337=EDGE_CURVE('',#2848,#2847,#298,.T.);
#2338=EDGE_CURVE('',#2849,#2657,#299,.T.);
#2339=EDGE_CURVE('',#2849,#2848,#300,.T.);
#2340=EDGE_CURVE('',#2850,#2656,#301,.T.);
#2341=EDGE_CURVE('',#2850,#2849,#302,.T.);
#2342=EDGE_CURVE('',#2851,#2655,#303,.T.);
#2343=EDGE_CURVE('',#2851,#2850,#304,.T.);
#2344=EDGE_CURVE('',#2852,#2654,#305,.T.);
#2345=EDGE_CURVE('',#2852,#2851,#306,.T.);
#2346=EDGE_CURVE('',#2853,#2653,#307,.T.);
#2347=EDGE_CURVE('',#2853,#2852,#308,.T.);
#2348=EDGE_CURVE('',#2854,#2652,#309,.T.);
#2349=EDGE_CURVE('',#2854,#2853,#310,.T.);
#2350=EDGE_CURVE('',#2844,#2854,#311,.T.);
#2351=EDGE_CURVE('',#2855,#2699,#312,.T.);
#2352=EDGE_CURVE('',#2855,#2856,#313,.T.);
#2353=EDGE_CURVE('',#2856,#2700,#314,.T.);
#2354=EDGE_CURVE('',#2857,#2734,#315,.T.);
#2355=EDGE_CURVE('',#2857,#2855,#316,.T.);
#2356=EDGE_CURVE('',#2858,#2733,#317,.T.);
#2357=EDGE_CURVE('',#2858,#2857,#318,.T.);
#2358=EDGE_CURVE('',#2859,#2732,#319,.T.);
#2359=EDGE_CURVE('',#2859,#2858,#320,.T.);
#2360=EDGE_CURVE('',#2860,#2731,#321,.T.);
#2361=EDGE_CURVE('',#2860,#2859,#3092,.T.);
#2362=EDGE_CURVE('',#2861,#2730,#322,.T.);
#2363=EDGE_CURVE('',#2861,#2860,#3093,.T.);
#2364=EDGE_CURVE('',#2862,#2729,#323,.T.);
#2365=EDGE_CURVE('',#2862,#2861,#324,.T.);
#2366=EDGE_CURVE('',#2863,#2728,#325,.T.);
#2367=EDGE_CURVE('',#2863,#2862,#3094,.T.);
#2368=EDGE_CURVE('',#2864,#2727,#326,.T.);
#2369=EDGE_CURVE('',#2864,#2863,#3095,.T.);
#2370=EDGE_CURVE('',#2865,#2726,#327,.T.);
#2371=EDGE_CURVE('',#2865,#2864,#328,.T.);
#2372=EDGE_CURVE('',#2866,#2725,#329,.T.);
#2373=EDGE_CURVE('',#2866,#2865,#3096,.F.);
#2374=EDGE_CURVE('',#2867,#2724,#330,.T.);
#2375=EDGE_CURVE('',#2867,#2866,#3097,.F.);
#2376=EDGE_CURVE('',#2868,#2723,#331,.T.);
#2377=EDGE_CURVE('',#2868,#2867,#3098,.F.);
#2378=EDGE_CURVE('',#2869,#2722,#332,.T.);
#2379=EDGE_CURVE('',#2869,#2868,#333,.T.);
#2380=EDGE_CURVE('',#2870,#2721,#334,.T.);
#2381=EDGE_CURVE('',#2870,#2869,#3099,.F.);
#2382=EDGE_CURVE('',#2871,#2720,#335,.T.);
#2383=EDGE_CURVE('',#2871,#2870,#3100,.F.);
#2384=EDGE_CURVE('',#2872,#2719,#336,.T.);
#2385=EDGE_CURVE('',#2872,#2871,#3101,.F.);
#2386=EDGE_CURVE('',#2873,#2718,#337,.T.);
#2387=EDGE_CURVE('',#2873,#2872,#338,.T.);
#2388=EDGE_CURVE('',#2874,#2717,#339,.T.);
#2389=EDGE_CURVE('',#2874,#2873,#3102,.F.);
#2390=EDGE_CURVE('',#2875,#2716,#340,.T.);
#2391=EDGE_CURVE('',#2875,#2874,#3103,.F.);
#2392=EDGE_CURVE('',#2876,#2715,#341,.T.);
#2393=EDGE_CURVE('',#2876,#2875,#3104,.F.);
#2394=EDGE_CURVE('',#2877,#2714,#342,.T.);
#2395=EDGE_CURVE('',#2877,#2876,#343,.T.);
#2396=EDGE_CURVE('',#2878,#2713,#344,.T.);
#2397=EDGE_CURVE('',#2878,#2877,#345,.T.);
#2398=EDGE_CURVE('',#2879,#2712,#346,.T.);
#2399=EDGE_CURVE('',#2879,#2878,#347,.T.);
#2400=EDGE_CURVE('',#2880,#2711,#348,.T.);
#2401=EDGE_CURVE('',#2880,#2879,#3105,.T.);
#2402=EDGE_CURVE('',#2881,#2710,#349,.T.);
#2403=EDGE_CURVE('',#2881,#2880,#3106,.T.);
#2404=EDGE_CURVE('',#2882,#2709,#350,.T.);
#2405=EDGE_CURVE('',#2882,#2881,#351,.T.);
#2406=EDGE_CURVE('',#2883,#2708,#352,.T.);
#2407=EDGE_CURVE('',#2883,#2882,#3107,.T.);
#2408=EDGE_CURVE('',#2884,#2707,#353,.T.);
#2409=EDGE_CURVE('',#2884,#2883,#3108,.T.);
#2410=EDGE_CURVE('',#2885,#2706,#354,.T.);
#2411=EDGE_CURVE('',#2885,#2884,#355,.T.);
#2412=EDGE_CURVE('',#2886,#2705,#356,.T.);
#2413=EDGE_CURVE('',#2886,#2885,#3109,.T.);
#2414=EDGE_CURVE('',#2887,#2704,#357,.T.);
#2415=EDGE_CURVE('',#2887,#2886,#3110,.T.);
#2416=EDGE_CURVE('',#2888,#2703,#358,.T.);
#2417=EDGE_CURVE('',#2888,#2887,#359,.T.);
#2418=EDGE_CURVE('',#2889,#2702,#360,.T.);
#2419=EDGE_CURVE('',#2889,#2888,#3111,.F.);
#2420=EDGE_CURVE('',#2890,#2701,#361,.T.);
#2421=EDGE_CURVE('',#2890,#2889,#3112,.F.);
#2422=EDGE_CURVE('',#2856,#2890,#3113,.F.);
#2423=EDGE_CURVE('',#2891,#2643,#362,.T.);
#2424=EDGE_CURVE('',#2891,#2892,#363,.T.);
#2425=EDGE_CURVE('',#2892,#2644,#364,.T.);
#2426=EDGE_CURVE('',#2893,#2649,#365,.T.);
#2427=EDGE_CURVE('',#2893,#2891,#366,.T.);
#2428=EDGE_CURVE('',#2894,#2648,#367,.T.);
#2429=EDGE_CURVE('',#2894,#2893,#368,.T.);
#2430=EDGE_CURVE('',#2895,#2647,#369,.T.);
#2431=EDGE_CURVE('',#2895,#2894,#370,.T.);
#2432=EDGE_CURVE('',#2896,#2646,#371,.T.);
#2433=EDGE_CURVE('',#2896,#2895,#372,.T.);
#2434=EDGE_CURVE('',#2897,#2645,#373,.T.);
#2435=EDGE_CURVE('',#2897,#2896,#374,.T.);
#2436=EDGE_CURVE('',#2892,#2897,#375,.T.);
#2437=EDGE_CURVE('',#2898,#2735,#376,.T.);
#2438=EDGE_CURVE('',#2898,#2899,#377,.T.);
#2439=EDGE_CURVE('',#2899,#2736,#378,.T.);
#2440=EDGE_CURVE('',#2900,#2738,#379,.T.);
#2441=EDGE_CURVE('',#2900,#2898,#380,.T.);
#2442=EDGE_CURVE('',#2901,#2737,#381,.T.);
#2443=EDGE_CURVE('',#2901,#2900,#382,.T.);
#2444=EDGE_CURVE('',#2899,#2901,#383,.T.);
#2445=EDGE_CURVE('',#2902,#2625,#384,.T.);
#2446=EDGE_CURVE('',#2902,#2903,#3114,.F.);
#2447=EDGE_CURVE('',#2903,#2626,#385,.T.);
#2448=EDGE_CURVE('',#2904,#2642,#386,.T.);
#2449=EDGE_CURVE('',#2904,#2902,#387,.T.);
#2450=EDGE_CURVE('',#2905,#2641,#388,.T.);
#2451=EDGE_CURVE('',#2905,#2904,#3115,.F.);
#2452=EDGE_CURVE('',#2906,#2640,#389,.T.);
#2453=EDGE_CURVE('',#2906,#2905,#3116,.F.);
#2454=EDGE_CURVE('',#2907,#2639,#390,.T.);
#2455=EDGE_CURVE('',#2907,#2906,#3117,.F.);
#2456=EDGE_CURVE('',#2908,#2638,#391,.T.);
#2457=EDGE_CURVE('',#2908,#2907,#392,.T.);
#2458=EDGE_CURVE('',#2909,#2637,#393,.T.);
#2459=EDGE_CURVE('',#2909,#2908,#394,.T.);
#2460=EDGE_CURVE('',#2910,#2636,#395,.T.);
#2461=EDGE_CURVE('',#2910,#2909,#396,.T.);
#2462=EDGE_CURVE('',#2911,#2635,#397,.T.);
#2463=EDGE_CURVE('',#2911,#2910,#3118,.T.);
#2464=EDGE_CURVE('',#2912,#2634,#398,.T.);
#2465=EDGE_CURVE('',#2912,#2911,#3119,.T.);
#2466=EDGE_CURVE('',#2913,#2633,#399,.T.);
#2467=EDGE_CURVE('',#2913,#2912,#400,.T.);
#2468=EDGE_CURVE('',#2914,#2632,#401,.T.);
#2469=EDGE_CURVE('',#2914,#2913,#3120,.T.);
#2470=EDGE_CURVE('',#2915,#2631,#402,.T.);
#2471=EDGE_CURVE('',#2915,#2914,#3121,.T.);
#2472=EDGE_CURVE('',#2916,#2630,#403,.T.);
#2473=EDGE_CURVE('',#2916,#2915,#404,.T.);
#2474=EDGE_CURVE('',#2917,#2629,#405,.T.);
#2475=EDGE_CURVE('',#2917,#2916,#406,.T.);
#2476=EDGE_CURVE('',#2918,#2628,#407,.T.);
#2477=EDGE_CURVE('',#2918,#2917,#408,.T.);
#2478=EDGE_CURVE('',#2919,#2627,#409,.T.);
#2479=EDGE_CURVE('',#2919,#2918,#3122,.F.);
#2480=EDGE_CURVE('',#2903,#2919,#3123,.F.);
#2481=EDGE_CURVE('',#2920,#2739,#410,.T.);
#2482=EDGE_CURVE('',#2920,#2921,#411,.T.);
#2483=EDGE_CURVE('',#2921,#2740,#412,.T.);
#2484=EDGE_CURVE('',#2922,#2753,#413,.T.);
#2485=EDGE_CURVE('',#2922,#2920,#414,.T.);
#2486=EDGE_CURVE('',#2923,#2752,#415,.T.);
#2487=EDGE_CURVE('',#2923,#2922,#416,.T.);
#2488=EDGE_CURVE('',#2924,#2751,#417,.T.);
#2489=EDGE_CURVE('',#2924,#2923,#3124,.T.);
#2490=EDGE_CURVE('',#2925,#2750,#418,.T.);
#2491=EDGE_CURVE('',#2925,#2924,#3125,.T.);
#2492=EDGE_CURVE('',#2926,#2749,#419,.T.);
#2493=EDGE_CURVE('',#2926,#2925,#420,.T.);
#2494=EDGE_CURVE('',#2927,#2748,#421,.T.);
#2495=EDGE_CURVE('',#2927,#2926,#3126,.T.);
#2496=EDGE_CURVE('',#2928,#2747,#422,.T.);
#2497=EDGE_CURVE('',#2928,#2927,#3127,.T.);
#2498=EDGE_CURVE('',#2929,#2746,#423,.T.);
#2499=EDGE_CURVE('',#2929,#2928,#424,.T.);
#2500=EDGE_CURVE('',#2930,#2745,#425,.T.);
#2501=EDGE_CURVE('',#2930,#2929,#426,.T.);
#2502=EDGE_CURVE('',#2931,#2744,#427,.T.);
#2503=EDGE_CURVE('',#2931,#2930,#428,.T.);
#2504=EDGE_CURVE('',#2932,#2743,#429,.T.);
#2505=EDGE_CURVE('',#2932,#2931,#3128,.F.);
#2506=EDGE_CURVE('',#2933,#2742,#430,.T.);
#2507=EDGE_CURVE('',#2933,#2932,#3129,.F.);
#2508=EDGE_CURVE('',#2934,#2741,#431,.T.);
#2509=EDGE_CURVE('',#2934,#2933,#3130,.F.);
#2510=EDGE_CURVE('',#2921,#2934,#432,.T.);
#2511=EDGE_CURVE('',#2935,#2936,#433,.T.);
#2512=EDGE_CURVE('',#2937,#2935,#434,.T.);
#2513=EDGE_CURVE('',#2937,#2938,#435,.T.);
#2514=EDGE_CURVE('',#2938,#2936,#436,.T.);
#2515=EDGE_CURVE('',#2939,#2935,#437,.T.);
#2516=EDGE_CURVE('',#2940,#2939,#438,.T.);
#2517=EDGE_CURVE('',#2940,#2937,#439,.T.);
#2518=EDGE_CURVE('',#2941,#2939,#3131,.T.);
#2519=EDGE_CURVE('',#2942,#2941,#440,.T.);
#2520=EDGE_CURVE('',#2942,#2940,#3132,.T.);
#2521=EDGE_CURVE('',#2943,#2941,#3133,.T.);
#2522=EDGE_CURVE('',#2944,#2943,#441,.T.);
#2523=EDGE_CURVE('',#2944,#2942,#3134,.T.);
#2524=EDGE_CURVE('',#2945,#2946,#442,.T.);
#2525=EDGE_CURVE('',#2947,#2945,#443,.T.);
#2526=EDGE_CURVE('',#2947,#2948,#444,.T.);
#2527=EDGE_CURVE('',#2948,#2946,#445,.T.);
#2528=EDGE_CURVE('',#2949,#2945,#446,.T.);
#2529=EDGE_CURVE('',#2950,#2949,#447,.T.);
#2530=EDGE_CURVE('',#2950,#2947,#448,.T.);
#2531=EDGE_CURVE('',#2951,#2949,#449,.T.);
#2532=EDGE_CURVE('',#2952,#2951,#450,.T.);
#2533=EDGE_CURVE('',#2952,#2950,#451,.T.);
#2534=EDGE_CURVE('',#2953,#2951,#3135,.T.);
#2535=EDGE_CURVE('',#2954,#2953,#452,.T.);
#2536=EDGE_CURVE('',#2954,#2952,#3136,.T.);
#2537=EDGE_CURVE('',#2955,#2609,#453,.T.);
#2538=EDGE_CURVE('',#2955,#2956,#3137,.F.);
#2539=EDGE_CURVE('',#2956,#2610,#454,.T.);
#2540=EDGE_CURVE('',#2957,#2624,#455,.T.);
#2541=EDGE_CURVE('',#2957,#2955,#456,.T.);
#2542=EDGE_CURVE('',#2958,#2623,#457,.T.);
#2543=EDGE_CURVE('',#2958,#2957,#3138,.F.);
#2544=EDGE_CURVE('',#2959,#2622,#458,.T.);
#2545=EDGE_CURVE('',#2959,#2958,#3139,.F.);
#2546=EDGE_CURVE('',#2960,#2621,#459,.T.);
#2547=EDGE_CURVE('',#2960,#2959,#3140,.F.);
#2548=EDGE_CURVE('',#2961,#2620,#460,.T.);
#2549=EDGE_CURVE('',#2961,#2960,#461,.T.);
#2550=EDGE_CURVE('',#2962,#2619,#462,.T.);
#2551=EDGE_CURVE('',#2962,#2961,#3141,.F.);
#2552=EDGE_CURVE('',#2963,#2618,#463,.T.);
#2553=EDGE_CURVE('',#2963,#2962,#3142,.F.);
#2554=EDGE_CURVE('',#2964,#2617,#464,.T.);
#2555=EDGE_CURVE('',#2964,#2963,#3143,.F.);
#2556=EDGE_CURVE('',#2965,#2616,#465,.T.);
#2557=EDGE_CURVE('',#2965,#2964,#466,.T.);
#2558=EDGE_CURVE('',#2966,#2615,#467,.T.);
#2559=EDGE_CURVE('',#2966,#2965,#3144,.F.);
#2560=EDGE_CURVE('',#2967,#2614,#468,.T.);
#2561=EDGE_CURVE('',#2967,#2966,#3145,.F.);
#2562=EDGE_CURVE('',#2968,#2613,#469,.T.);
#2563=EDGE_CURVE('',#2968,#2967,#3146,.F.);
#2564=EDGE_CURVE('',#2969,#2612,#470,.T.);
#2565=EDGE_CURVE('',#2969,#2968,#471,.T.);
#2566=EDGE_CURVE('',#2970,#2611,#472,.T.);
#2567=EDGE_CURVE('',#2970,#2969,#3147,.F.);
#2568=EDGE_CURVE('',#2946,#2953,#3148,.T.);
#2569=EDGE_CURVE('',#2948,#2954,#3149,.T.);
#2570=EDGE_CURVE('',#2956,#2970,#3150,.F.);
#2571=EDGE_CURVE('',#2936,#2943,#473,.T.);
#2572=EDGE_CURVE('',#2938,#2944,#474,.T.);
#2573=EDGE_CURVE('',#2971,#2754,#475,.T.);
#2574=EDGE_CURVE('',#2971,#2972,#3151,.F.);
#2575=EDGE_CURVE('',#2972,#2755,#476,.T.);
#2576=EDGE_CURVE('',#2973,#2771,#477,.T.);
#2577=EDGE_CURVE('',#2973,#2971,#478,.T.);
#2578=EDGE_CURVE('',#2974,#2770,#479,.T.);
#2579=EDGE_CURVE('',#2974,#2973,#480,.T.);
#2580=EDGE_CURVE('',#2975,#2769,#481,.T.);
#2581=EDGE_CURVE('',#2975,#2974,#482,.T.);
#2582=EDGE_CURVE('',#2976,#2768,#483,.T.);
#2583=EDGE_CURVE('',#2976,#2975,#3152,.T.);
#2584=EDGE_CURVE('',#2977,#2767,#484,.T.);
#2585=EDGE_CURVE('',#2977,#2976,#3153,.T.);
#2586=EDGE_CURVE('',#2978,#2766,#485,.T.);
#2587=EDGE_CURVE('',#2978,#2977,#486,.T.);
#2588=EDGE_CURVE('',#2979,#2765,#487,.T.);
#2589=EDGE_CURVE('',#2979,#2978,#3154,.T.);
#2590=EDGE_CURVE('',#2980,#2764,#488,.T.);
#2591=EDGE_CURVE('',#2980,#2979,#3155,.T.);
#2592=EDGE_CURVE('',#2981,#2763,#489,.T.);
#2593=EDGE_CURVE('',#2981,#2980,#490,.T.);
#2594=EDGE_CURVE('',#2982,#2762,#491,.T.);
#2595=EDGE_CURVE('',#2982,#2981,#492,.T.);
#2596=EDGE_CURVE('',#2983,#2761,#493,.T.);
#2597=EDGE_CURVE('',#2983,#2982,#494,.T.);
#2598=EDGE_CURVE('',#2984,#2760,#495,.T.);
#2599=EDGE_CURVE('',#2984,#2983,#3156,.F.);
#2600=EDGE_CURVE('',#2985,#2759,#496,.T.);
#2601=EDGE_CURVE('',#2985,#2984,#3157,.F.);
#2602=EDGE_CURVE('',#2986,#2758,#497,.T.);
#2603=EDGE_CURVE('',#2986,#2985,#3158,.F.);
#2604=EDGE_CURVE('',#2987,#2757,#498,.T.);
#2605=EDGE_CURVE('',#2987,#2986,#499,.T.);
#2606=EDGE_CURVE('',#2988,#2756,#500,.T.);
#2607=EDGE_CURVE('',#2988,#2987,#3159,.F.);
#2608=EDGE_CURVE('',#2972,#2988,#3160,.F.);
#2609=VERTEX_POINT('',#5485);
#2610=VERTEX_POINT('',#5486);
#2611=VERTEX_POINT('',#5488);
#2612=VERTEX_POINT('',#5490);
#2613=VERTEX_POINT('',#5492);
#2614=VERTEX_POINT('',#5494);
#2615=VERTEX_POINT('',#5496);
#2616=VERTEX_POINT('',#5498);
#2617=VERTEX_POINT('',#5500);
#2618=VERTEX_POINT('',#5502);
#2619=VERTEX_POINT('',#5504);
#2620=VERTEX_POINT('',#5506);
#2621=VERTEX_POINT('',#5508);
#2622=VERTEX_POINT('',#5510);
#2623=VERTEX_POINT('',#5512);
#2624=VERTEX_POINT('',#5514);
#2625=VERTEX_POINT('',#5517);
#2626=VERTEX_POINT('',#5518);
#2627=VERTEX_POINT('',#5520);
#2628=VERTEX_POINT('',#5522);
#2629=VERTEX_POINT('',#5524);
#2630=VERTEX_POINT('',#5526);
#2631=VERTEX_POINT('',#5528);
#2632=VERTEX_POINT('',#5530);
#2633=VERTEX_POINT('',#5532);
#2634=VERTEX_POINT('',#5534);
#2635=VERTEX_POINT('',#5536);
#2636=VERTEX_POINT('',#5538);
#2637=VERTEX_POINT('',#5540);
#2638=VERTEX_POINT('',#5542);
#2639=VERTEX_POINT('',#5544);
#2640=VERTEX_POINT('',#5546);
#2641=VERTEX_POINT('',#5548);
#2642=VERTEX_POINT('',#5550);
#2643=VERTEX_POINT('',#5553);
#2644=VERTEX_POINT('',#5554);
#2645=VERTEX_POINT('',#5556);
#2646=VERTEX_POINT('',#5558);
#2647=VERTEX_POINT('',#5560);
#2648=VERTEX_POINT('',#5562);
#2649=VERTEX_POINT('',#5564);
#2650=VERTEX_POINT('',#5567);
#2651=VERTEX_POINT('',#5568);
#2652=VERTEX_POINT('',#5570);
#2653=VERTEX_POINT('',#5572);
#2654=VERTEX_POINT('',#5574);
#2655=VERTEX_POINT('',#5576);
#2656=VERTEX_POINT('',#5578);
#2657=VERTEX_POINT('',#5580);
#2658=VERTEX_POINT('',#5582);
#2659=VERTEX_POINT('',#5584);
#2660=VERTEX_POINT('',#5586);
#2661=VERTEX_POINT('',#5588);
#2662=VERTEX_POINT('',#5591);
#2663=VERTEX_POINT('',#5592);
#2664=VERTEX_POINT('',#5594);
#2665=VERTEX_POINT('',#5596);
#2666=VERTEX_POINT('',#5598);
#2667=VERTEX_POINT('',#5600);
#2668=VERTEX_POINT('',#5602);
#2669=VERTEX_POINT('',#5604);
#2670=VERTEX_POINT('',#5606);
#2671=VERTEX_POINT('',#5608);
#2672=VERTEX_POINT('',#5610);
#2673=VERTEX_POINT('',#5613);
#2674=VERTEX_POINT('',#5614);
#2675=VERTEX_POINT('',#5616);
#2676=VERTEX_POINT('',#5618);
#2677=VERTEX_POINT('',#5621);
#2678=VERTEX_POINT('',#5622);
#2679=VERTEX_POINT('',#5624);
#2680=VERTEX_POINT('',#5626);
#2681=VERTEX_POINT('',#5628);
#2682=VERTEX_POINT('',#5630);
#2683=VERTEX_POINT('',#5632);
#2684=VERTEX_POINT('',#5634);
#2685=VERTEX_POINT('',#5636);
#2686=VERTEX_POINT('',#5638);
#2687=VERTEX_POINT('',#5640);
#2688=VERTEX_POINT('',#5642);
#2689=VERTEX_POINT('',#5644);
#2690=VERTEX_POINT('',#5646);
#2691=VERTEX_POINT('',#5648);
#2692=VERTEX_POINT('',#5650);
#2693=VERTEX_POINT('',#5652);
#2694=VERTEX_POINT('',#5654);
#2695=VERTEX_POINT('',#5657);
#2696=VERTEX_POINT('',#5658);
#2697=VERTEX_POINT('',#5660);
#2698=VERTEX_POINT('',#5662);
#2699=VERTEX_POINT('',#5665);
#2700=VERTEX_POINT('',#5666);
#2701=VERTEX_POINT('',#5668);
#2702=VERTEX_POINT('',#5670);
#2703=VERTEX_POINT('',#5672);
#2704=VERTEX_POINT('',#5674);
#2705=VERTEX_POINT('',#5676);
#2706=VERTEX_POINT('',#5678);
#2707=VERTEX_POINT('',#5680);
#2708=VERTEX_POINT('',#5682);
#2709=VERTEX_POINT('',#5684);
#2710=VERTEX_POINT('',#5686);
#2711=VERTEX_POINT('',#5688);
#2712=VERTEX_POINT('',#5690);
#2713=VERTEX_POINT('',#5692);
#2714=VERTEX_POINT('',#5694);
#2715=VERTEX_POINT('',#5696);
#2716=VERTEX_POINT('',#5698);
#2717=VERTEX_POINT('',#5700);
#2718=VERTEX_POINT('',#5702);
#2719=VERTEX_POINT('',#5704);
#2720=VERTEX_POINT('',#5706);
#2721=VERTEX_POINT('',#5708);
#2722=VERTEX_POINT('',#5710);
#2723=VERTEX_POINT('',#5712);
#2724=VERTEX_POINT('',#5714);
#2725=VERTEX_POINT('',#5716);
#2726=VERTEX_POINT('',#5718);
#2727=VERTEX_POINT('',#5720);
#2728=VERTEX_POINT('',#5722);
#2729=VERTEX_POINT('',#5724);
#2730=VERTEX_POINT('',#5726);
#2731=VERTEX_POINT('',#5728);
#2732=VERTEX_POINT('',#5730);
#2733=VERTEX_POINT('',#5732);
#2734=VERTEX_POINT('',#5734);
#2735=VERTEX_POINT('',#5737);
#2736=VERTEX_POINT('',#5738);
#2737=VERTEX_POINT('',#5740);
#2738=VERTEX_POINT('',#5742);
#2739=VERTEX_POINT('',#5745);
#2740=VERTEX_POINT('',#5746);
#2741=VERTEX_POINT('',#5748);
#2742=VERTEX_POINT('',#5750);
#2743=VERTEX_POINT('',#5752);
#2744=VERTEX_POINT('',#5754);
#2745=VERTEX_POINT('',#5756);
#2746=VERTEX_POINT('',#5758);
#2747=VERTEX_POINT('',#5760);
#2748=VERTEX_POINT('',#5762);
#2749=VERTEX_POINT('',#5764);
#2750=VERTEX_POINT('',#5766);
#2751=VERTEX_POINT('',#5768);
#2752=VERTEX_POINT('',#5770);
#2753=VERTEX_POINT('',#5772);
#2754=VERTEX_POINT('',#5775);
#2755=VERTEX_POINT('',#5776);
#2756=VERTEX_POINT('',#5778);
#2757=VERTEX_POINT('',#5780);
#2758=VERTEX_POINT('',#5782);
#2759=VERTEX_POINT('',#5784);
#2760=VERTEX_POINT('',#5786);
#2761=VERTEX_POINT('',#5788);
#2762=VERTEX_POINT('',#5790);
#2763=VERTEX_POINT('',#5792);
#2764=VERTEX_POINT('',#5794);
#2765=VERTEX_POINT('',#5796);
#2766=VERTEX_POINT('',#5798);
#2767=VERTEX_POINT('',#5800);
#2768=VERTEX_POINT('',#5802);
#2769=VERTEX_POINT('',#5804);
#2770=VERTEX_POINT('',#5806);
#2771=VERTEX_POINT('',#5808);
#2772=VERTEX_POINT('',#5812);
#2773=VERTEX_POINT('',#5813);
#2774=VERTEX_POINT('',#5815);
#2775=VERTEX_POINT('',#5817);
#2776=VERTEX_POINT('',#5819);
#2777=VERTEX_POINT('',#5821);
#2778=VERTEX_POINT('',#5823);
#2779=VERTEX_POINT('',#5825);
#2780=VERTEX_POINT('',#5827);
#2781=VERTEX_POINT('',#5829);
#2782=VERTEX_POINT('',#5831);
#2783=VERTEX_POINT('',#5833);
#2784=VERTEX_POINT('',#5837);
#2785=VERTEX_POINT('',#5838);
#2786=VERTEX_POINT('',#5840);
#2787=VERTEX_POINT('',#5842);
#2788=VERTEX_POINT('',#5844);
#2789=VERTEX_POINT('',#5846);
#2790=VERTEX_POINT('',#5848);
#2791=VERTEX_POINT('',#5850);
#2792=VERTEX_POINT('',#5860);
#2793=VERTEX_POINT('',#5861);
#2794=VERTEX_POINT('',#5863);
#2795=VERTEX_POINT('',#5866);
#2796=VERTEX_POINT('',#5870);
#2797=VERTEX_POINT('',#5874);
#2798=VERTEX_POINT('',#5880);
#2799=VERTEX_POINT('',#5881);
#2800=VERTEX_POINT('',#5883);
#2801=VERTEX_POINT('',#5885);
#2802=VERTEX_POINT('',#5887);
#2803=VERTEX_POINT('',#5889);
#2804=VERTEX_POINT('',#5891);
#2805=VERTEX_POINT('',#5893);
#2806=VERTEX_POINT('',#5898);
#2807=VERTEX_POINT('',#5900);
#2808=VERTEX_POINT('',#5908);
#2809=VERTEX_POINT('',#5910);
#2810=VERTEX_POINT('',#5947);
#2811=VERTEX_POINT('',#5949);
#2812=VERTEX_POINT('',#5953);
#2813=VERTEX_POINT('',#5957);
#2814=VERTEX_POINT('',#5961);
#2815=VERTEX_POINT('',#5965);
#2816=VERTEX_POINT('',#5969);
#2817=VERTEX_POINT('',#5973);
#2818=VERTEX_POINT('',#5977);
#2819=VERTEX_POINT('',#5981);
#2820=VERTEX_POINT('',#5985);
#2821=VERTEX_POINT('',#5989);
#2822=VERTEX_POINT('',#5993);
#2823=VERTEX_POINT('',#5997);
#2824=VERTEX_POINT('',#6001);
#2825=VERTEX_POINT('',#6005);
#2826=VERTEX_POINT('',#6009);
#2827=VERTEX_POINT('',#6013);
#2828=VERTEX_POINT('',#6020);
#2829=VERTEX_POINT('',#6022);
#2830=VERTEX_POINT('',#6026);
#2831=VERTEX_POINT('',#6030);
#2832=VERTEX_POINT('',#6034);
#2833=VERTEX_POINT('',#6038);
#2834=VERTEX_POINT('',#6042);
#2835=VERTEX_POINT('',#6046);
#2836=VERTEX_POINT('',#6050);
#2837=VERTEX_POINT('',#6054);
#2838=VERTEX_POINT('',#6058);
#2839=VERTEX_POINT('',#6065);
#2840=VERTEX_POINT('',#6067);
#2841=VERTEX_POINT('',#6071);
#2842=VERTEX_POINT('',#6075);
#2843=VERTEX_POINT('',#6082);
#2844=VERTEX_POINT('',#6084);
#2845=VERTEX_POINT('',#6088);
#2846=VERTEX_POINT('',#6092);
#2847=VERTEX_POINT('',#6096);
#2848=VERTEX_POINT('',#6100);
#2849=VERTEX_POINT('',#6104);
#2850=VERTEX_POINT('',#6108);
#2851=VERTEX_POINT('',#6112);
#2852=VERTEX_POINT('',#6116);
#2853=VERTEX_POINT('',#6120);
#2854=VERTEX_POINT('',#6124);
#2855=VERTEX_POINT('',#6131);
#2856=VERTEX_POINT('',#6133);
#2857=VERTEX_POINT('',#6137);
#2858=VERTEX_POINT('',#6141);
#2859=VERTEX_POINT('',#6145);
#2860=VERTEX_POINT('',#6149);
#2861=VERTEX_POINT('',#6153);
#2862=VERTEX_POINT('',#6157);
#2863=VERTEX_POINT('',#6161);
#2864=VERTEX_POINT('',#6165);
#2865=VERTEX_POINT('',#6169);
#2866=VERTEX_POINT('',#6173);
#2867=VERTEX_POINT('',#6177);
#2868=VERTEX_POINT('',#6181);
#2869=VERTEX_POINT('',#6185);
#2870=VERTEX_POINT('',#6189);
#2871=VERTEX_POINT('',#6193);
#2872=VERTEX_POINT('',#6197);
#2873=VERTEX_POINT('',#6201);
#2874=VERTEX_POINT('',#6205);
#2875=VERTEX_POINT('',#6209);
#2876=VERTEX_POINT('',#6213);
#2877=VERTEX_POINT('',#6217);
#2878=VERTEX_POINT('',#6221);
#2879=VERTEX_POINT('',#6225);
#2880=VERTEX_POINT('',#6229);
#2881=VERTEX_POINT('',#6233);
#2882=VERTEX_POINT('',#6237);
#2883=VERTEX_POINT('',#6241);
#2884=VERTEX_POINT('',#6245);
#2885=VERTEX_POINT('',#6249);
#2886=VERTEX_POINT('',#6253);
#2887=VERTEX_POINT('',#6257);
#2888=VERTEX_POINT('',#6261);
#2889=VERTEX_POINT('',#6265);
#2890=VERTEX_POINT('',#6269);
#2891=VERTEX_POINT('',#6276);
#2892=VERTEX_POINT('',#6278);
#2893=VERTEX_POINT('',#6282);
#2894=VERTEX_POINT('',#6286);
#2895=VERTEX_POINT('',#6290);
#2896=VERTEX_POINT('',#6294);
#2897=VERTEX_POINT('',#6298);
#2898=VERTEX_POINT('',#6305);
#2899=VERTEX_POINT('',#6307);
#2900=VERTEX_POINT('',#6311);
#2901=VERTEX_POINT('',#6315);
#2902=VERTEX_POINT('',#6322);
#2903=VERTEX_POINT('',#6324);
#2904=VERTEX_POINT('',#6328);
#2905=VERTEX_POINT('',#6332);
#2906=VERTEX_POINT('',#6336);
#2907=VERTEX_POINT('',#6340);
#2908=VERTEX_POINT('',#6344);
#2909=VERTEX_POINT('',#6348);
#2910=VERTEX_POINT('',#6352);
#2911=VERTEX_POINT('',#6356);
#2912=VERTEX_POINT('',#6360);
#2913=VERTEX_POINT('',#6364);
#2914=VERTEX_POINT('',#6368);
#2915=VERTEX_POINT('',#6372);
#2916=VERTEX_POINT('',#6376);
#2917=VERTEX_POINT('',#6380);
#2918=VERTEX_POINT('',#6384);
#2919=VERTEX_POINT('',#6388);
#2920=VERTEX_POINT('',#6395);
#2921=VERTEX_POINT('',#6397);
#2922=VERTEX_POINT('',#6401);
#2923=VERTEX_POINT('',#6405);
#2924=VERTEX_POINT('',#6409);
#2925=VERTEX_POINT('',#6413);
#2926=VERTEX_POINT('',#6417);
#2927=VERTEX_POINT('',#6421);
#2928=VERTEX_POINT('',#6425);
#2929=VERTEX_POINT('',#6429);
#2930=VERTEX_POINT('',#6433);
#2931=VERTEX_POINT('',#6437);
#2932=VERTEX_POINT('',#6441);
#2933=VERTEX_POINT('',#6445);
#2934=VERTEX_POINT('',#6449);
#2935=VERTEX_POINT('',#6456);
#2936=VERTEX_POINT('',#6457);
#2937=VERTEX_POINT('',#6459);
#2938=VERTEX_POINT('',#6461);
#2939=VERTEX_POINT('',#6465);
#2940=VERTEX_POINT('',#6467);
#2941=VERTEX_POINT('',#6471);
#2942=VERTEX_POINT('',#6473);
#2943=VERTEX_POINT('',#6477);
#2944=VERTEX_POINT('',#6479);
#2945=VERTEX_POINT('',#6483);
#2946=VERTEX_POINT('',#6484);
#2947=VERTEX_POINT('',#6486);
#2948=VERTEX_POINT('',#6488);
#2949=VERTEX_POINT('',#6492);
#2950=VERTEX_POINT('',#6494);
#2951=VERTEX_POINT('',#6498);
#2952=VERTEX_POINT('',#6500);
#2953=VERTEX_POINT('',#6504);
#2954=VERTEX_POINT('',#6506);
#2955=VERTEX_POINT('',#6510);
#2956=VERTEX_POINT('',#6512);
#2957=VERTEX_POINT('',#6516);
#2958=VERTEX_POINT('',#6520);
#2959=VERTEX_POINT('',#6524);
#2960=VERTEX_POINT('',#6528);
#2961=VERTEX_POINT('',#6532);
#2962=VERTEX_POINT('',#6536);
#2963=VERTEX_POINT('',#6540);
#2964=VERTEX_POINT('',#6544);
#2965=VERTEX_POINT('',#6548);
#2966=VERTEX_POINT('',#6552);
#2967=VERTEX_POINT('',#6556);
#2968=VERTEX_POINT('',#6560);
#2969=VERTEX_POINT('',#6564);
#2970=VERTEX_POINT('',#6568);
#2971=VERTEX_POINT('',#6582);
#2972=VERTEX_POINT('',#6584);
#2973=VERTEX_POINT('',#6588);
#2974=VERTEX_POINT('',#6592);
#2975=VERTEX_POINT('',#6596);
#2976=VERTEX_POINT('',#6600);
#2977=VERTEX_POINT('',#6604);
#2978=VERTEX_POINT('',#6608);
#2979=VERTEX_POINT('',#6612);
#2980=VERTEX_POINT('',#6616);
#2981=VERTEX_POINT('',#6620);
#2982=VERTEX_POINT('',#6624);
#2983=VERTEX_POINT('',#6628);
#2984=VERTEX_POINT('',#6632);
#2985=VERTEX_POINT('',#6636);
#2986=VERTEX_POINT('',#6640);
#2987=VERTEX_POINT('',#6644);
#2988=VERTEX_POINT('',#6648);
#2989=CIRCLE('',#3940,0.000636674188503212);
#2990=CIRCLE('',#3941,0.00081348615761209);
#2991=CIRCLE('',#3942,0.000719867172614367);
#2992=CIRCLE('',#3943,0.000694803766915223);
#2993=CIRCLE('',#3944,0.000792964304568325);
#2994=CIRCLE('',#3945,0.000658988510576275);
#2995=CIRCLE('',#3946,0.000658988510576114);
#2996=CIRCLE('',#3947,0.000792964304568221);
#2997=CIRCLE('',#3948,0.000694803766915483);
#2998=CIRCLE('',#3949,0.000719867172613547);
#2999=CIRCLE('',#3950,0.000813486157612489);
#3000=CIRCLE('',#3951,0.000636674188501782);
#3001=CIRCLE('',#3952,0.000685722817951362);
#3002=CIRCLE('',#3953,0.000760356025916636);
#3003=CIRCLE('',#3954,0.000687218056438999);
#3004=CIRCLE('',#3955,6.01721473987557E-05);
#3005=CIRCLE('',#3956,6.01721473986816E-05);
#3006=CIRCLE('',#3957,6.86697656681295E-05);
#3007=CIRCLE('',#3958,5.68345712062085E-05);
#3008=CIRCLE('',#3959,0.000685071464365526);
#3009=CIRCLE('',#3960,0.000763835650610276);
#3010=CIRCLE('',#3961,0.000685722817951431);
#3011=CIRCLE('',#3962,6.08769109752112E-05);
#3012=CIRCLE('',#3963,5.88418459681984E-05);
#3013=CIRCLE('',#3964,0.000701289992800478);
#3014=CIRCLE('',#3965,0.000723222679386668);
#3015=CIRCLE('',#3966,0.000697140234776863);
#3016=CIRCLE('',#3967,0.000685722817951344);
#3017=CIRCLE('',#3968,0.000763835650609941);
#3018=CIRCLE('',#3969,0.000685071464365593);
#3019=CIRCLE('',#3970,0.000685071464365632);
#3020=CIRCLE('',#3971,0.000763835650610032);
#3021=CIRCLE('',#3972,0.000685722817949692);
#3022=CIRCLE('',#3973,0.000185732114071303);
#3023=CIRCLE('',#3974,0.000178168733928864);
#3024=CIRCLE('',#3975,0.000179225533401033);
#3025=CIRCLE('',#3976,0.000179225533289606);
#3026=CIRCLE('',#3977,0.000683835551361461);
#3027=CIRCLE('',#3978,0.000753300748515746);
#3028=CIRCLE('',#3979,0.000686204594287686);
#3029=CIRCLE('',#3980,6.08769109752132E-05);
#3030=CIRCLE('',#3981,5.88418459684966E-05);
#3031=CIRCLE('',#3982,6.0172147397945E-05);
#3032=CIRCLE('',#3983,6.01721473978055E-05);
#3033=CIRCLE('',#3984,6.01721473987806E-05);
#3034=CIRCLE('',#3985,6.01721473977349E-05);
#3035=CIRCLE('',#3986,0.000682297678228885);
#3036=CIRCLE('',#3987,0.000753300748515673);
#3037=CIRCLE('',#3988,0.000686204594291041);
#3038=CIRCLE('',#3989,0.000699000752160193);
#3039=CIRCLE('',#3990,0.000726490764180413);
#3040=CIRCLE('',#3991,0.000695556309698575);
#3041=CIRCLE('',#3992,0.000689916339313226);
#3042=CIRCLE('',#3993,0.000739906560527224);
#3043=CIRCLE('',#3994,0.000685722817951329);
#3044=CIRCLE('',#3995,6.01721473977401E-05);
#3045=CIRCLE('',#3996,6.01721473987774E-05);
#3046=CIRCLE('',#3997,6.01721473987616E-05);
#3047=CIRCLE('',#3998,6.01721473987877E-05);
#3048=CIRCLE('',#3999,0.000685722817951406);
#3049=CIRCLE('',#4000,0.000746507405117709);
#3050=CIRCLE('',#4001,0.000686204594288361);
#3051=CIRCLE('',#4002,6.01721473980416E-05);
#3052=CIRCLE('',#4003,6.0172147398808E-05);
#3053=CIRCLE('',#4004,6.0172147397739E-05);
#3054=CIRCLE('',#4005,6.01721473977296E-05);
#3055=CIRCLE('',#4006,0.00068572281795145);
#3056=CIRCLE('',#4007,0.000763835650610169);
#3057=CIRCLE('',#4008,0.000685071464363628);
#3058=CIRCLE('',#4009,0.000685071464363578);
#3059=CIRCLE('',#4010,0.000763835650610027);
#3060=CIRCLE('',#4011,0.00068572281795146);
#3061=CIRCLE('',#4012,0.000185732113939739);
#3062=CIRCLE('',#4013,0.000178168733928912);
#3063=CIRCLE('',#4014,0.000179225533291003);
#3064=CIRCLE('',#4015,0.000179225533301125);
#3065=CIRCLE('',#4017,0.0074);
#3066=CIRCLE('',#4018,0.0074);
#3067=CIRCLE('',#4019,0.001);
#3068=CIRCLE('',#4021,0.001);
#3069=CIRCLE('',#4025,0.007);
#3070=CIRCLE('',#4030,0.0005);
#3071=CIRCLE('',#4031,0.0005);
#3072=CIRCLE('',#4033,0.0005);
#3073=CIRCLE('',#4034,0.0005);
#3074=CIRCLE('',#4036,0.0075);
#3075=CIRCLE('',#4037,0.0075);
#3076=CIRCLE('',#4039,0.007);
#3077=CIRCLE('',#4057,0.000685722817951344);
#3078=CIRCLE('',#4062,0.000179225533289606);
#3079=CIRCLE('',#4064,0.000179225533401033);
#3080=CIRCLE('',#4067,0.000178168733928864);
#3081=CIRCLE('',#4069,0.000185732114071303);
#3082=CIRCLE('',#4074,0.000685722817949692);
#3083=CIRCLE('',#4076,0.000763835650610032);
#3084=CIRCLE('',#4078,0.000685071464365632);
#3085=CIRCLE('',#4081,0.000685071464365593);
#3086=CIRCLE('',#4083,0.000763835650609941);
#3087=CIRCLE('',#4089,0.000697140234776863);
#3088=CIRCLE('',#4091,0.000723222679386668);
#3089=CIRCLE('',#4093,0.000701289992800478);
#3090=CIRCLE('',#4098,5.88418459681984E-05);
#3091=CIRCLE('',#4100,6.08769109752112E-05);
#3092=CIRCLE('',#4125,6.01721473987877E-05);
#3093=CIRCLE('',#4127,6.01721473987616E-05);
#3094=CIRCLE('',#4130,6.01721473987774E-05);
#3095=CIRCLE('',#4132,6.01721473977401E-05);
#3096=CIRCLE('',#4135,0.000685722817951329);
#3097=CIRCLE('',#4137,0.000739906560527224);
#3098=CIRCLE('',#4139,0.000689916339313226);
#3099=CIRCLE('',#4142,0.000695556309698575);
#3100=CIRCLE('',#4144,0.000726490764180413);
#3101=CIRCLE('',#4146,0.000699000752160193);
#3102=CIRCLE('',#4149,0.000686204594291041);
#3103=CIRCLE('',#4151,0.000753300748515673);
#3104=CIRCLE('',#4153,0.000682297678228885);
#3105=CIRCLE('',#4158,6.01721473977349E-05);
#3106=CIRCLE('',#4160,6.01721473987806E-05);
#3107=CIRCLE('',#4163,6.01721473978055E-05);
#3108=CIRCLE('',#4165,6.0172147397945E-05);
#3109=CIRCLE('',#4168,5.88418459684966E-05);
#3110=CIRCLE('',#4170,6.08769109752132E-05);
#3111=CIRCLE('',#4173,0.000686204594287686);
#3112=CIRCLE('',#4175,0.000753300748515746);
#3113=CIRCLE('',#4177,0.000683835551361461);
#3114=CIRCLE('',#4193,0.000685722817951362);
#3115=CIRCLE('',#4196,0.000685722817951431);
#3116=CIRCLE('',#4198,0.000763835650610276);
#3117=CIRCLE('',#4200,0.000685071464365526);
#3118=CIRCLE('',#4205,5.68345712062085E-05);
#3119=CIRCLE('',#4207,6.86697656681295E-05);
#3120=CIRCLE('',#4210,6.01721473986816E-05);
#3121=CIRCLE('',#4212,6.01721473987557E-05);
#3122=CIRCLE('',#4217,0.000687218056438999);
#3123=CIRCLE('',#4219,0.000760356025916636);
#3124=CIRCLE('',#4225,6.01721473977296E-05);
#3125=CIRCLE('',#4227,6.0172147397739E-05);
#3126=CIRCLE('',#4230,6.0172147398808E-05);
#3127=CIRCLE('',#4232,6.01721473980416E-05);
#3128=CIRCLE('',#4237,0.000686204594288361);
#3129=CIRCLE('',#4239,0.000746507405117709);
#3130=CIRCLE('',#4241,0.000685722817951406);
#3131=CIRCLE('',#4247,5.88418459680616E-05);
#3132=CIRCLE('',#4248,5.88418459680616E-05);
#3133=CIRCLE('',#4250,6.08769109740356E-05);
#3134=CIRCLE('',#4251,6.08769109740356E-05);
#3135=CIRCLE('',#4256,6.01721473987611E-05);
#3136=CIRCLE('',#4257,6.01721473987611E-05);
#3137=CIRCLE('',#4259,0.000636674188503212);
#3138=CIRCLE('',#4262,0.000636674188501782);
#3139=CIRCLE('',#4264,0.000813486157612489);
#3140=CIRCLE('',#4266,0.000719867172613547);
#3141=CIRCLE('',#4269,0.000694803766915483);
#3142=CIRCLE('',#4271,0.000792964304568221);
#3143=CIRCLE('',#4273,0.000658988510576114);
#3144=CIRCLE('',#4276,0.000658988510576275);
#3145=CIRCLE('',#4278,0.000792964304568325);
#3146=CIRCLE('',#4280,0.000694803766915223);
#3147=CIRCLE('',#4283,0.000719867172614367);
#3148=CIRCLE('',#4285,6.01721473977276E-05);
#3149=CIRCLE('',#4286,6.01721473977276E-05);
#3150=CIRCLE('',#4288,0.00081348615761209);
#3151=CIRCLE('',#4293,0.00068572281795145);
#3152=CIRCLE('',#4298,0.000179225533301125);
#3153=CIRCLE('',#4300,0.000179225533291003);
#3154=CIRCLE('',#4303,0.000178168733928912);
#3155=CIRCLE('',#4305,0.000185732113939739);
#3156=CIRCLE('',#4310,0.00068572281795146);
#3157=CIRCLE('',#4312,0.000763835650610027);
#3158=CIRCLE('',#4314,0.000685071464363578);
#3159=CIRCLE('',#4317,0.000685071464363628);
#3160=CIRCLE('',#4319,0.000763835650610169);
#3161=EDGE_LOOP('',(#893,#894,#895,#896,#897,#898,#899,#900,#901,#902,#903,#904,#905,#906,#907,#908));
#3162=EDGE_LOOP('',(#909,#910,#911,#912,#913,#914,#915,#916,#917,#918,#919,#920,#921,#922,#923,#924,#925,#926));
#3163=EDGE_LOOP('',(#927,#928,#929,#930,#931,#932,#933));
#3164=EDGE_LOOP('',(#934,#935,#936,#937,#938,#939,#940,#941,#942,#943,#944,#945));
#3165=EDGE_LOOP('',(#946,#947,#948,#949,#950,#951,#952,#953,#954,#955,#956));
#3166=EDGE_LOOP('',(#957,#958,#959,#960));
#3167=EDGE_LOOP('',(#961,#962,#963,#964,#965,#966,#967,#968,#969,#970,#971,#972,#973,#974,#975,#976,#977,#978));
#3168=EDGE_LOOP('',(#979,#980,#981,#982));
#3169=EDGE_LOOP('',(#983,#984,#985,#986,#987,#988,#989,#990,#991,#992,#993,#994,#995,#996,#997,#998,#999,#1000,#1001,#1002,#1003,#1004,#1005,#1006,#1007,#1008,#1009,#1010,#1011,#1012,#1013,#1014,#1015,#1016,#1017,#1018));
#3170=EDGE_LOOP('',(#1019,#1020,#1021,#1022));
#3171=EDGE_LOOP('',(#1023,#1024,#1025,#1026,#1027,#1028,#1029,#1030,#1031,#1032,#1033,#1034,#1035,#1036,#1037));
#3172=EDGE_LOOP('',(#1038,#1039,#1040,#1041,#1042,#1043,#1044,#1045,#1046,#1047,#1048,#1049,#1050,#1051,#1052,#1053,#1054,#1055));
#3173=EDGE_LOOP('',(#1056,#1057,#1058,#1059,#1060,#1061,#1062,#1063,#1064,#1065,#1066,#1067));
#3174=EDGE_LOOP('',(#1068,#1069,#1070,#1071,#1072,#1073,#1074,#1075));
#3175=EDGE_LOOP('',(#1076,#1077,#1078,#1079));
#3176=EDGE_LOOP('',(#1080,#1081,#1082,#1083));
#3177=EDGE_LOOP('',(#1084,#1085,#1086,#1087,#1088,#1089));
#3178=EDGE_LOOP('',(#1090,#1091,#1092,#1093));
#3179=EDGE_LOOP('',(#1094,#1095,#1096,#1097));
#3180=EDGE_LOOP('',(#1098,#1099,#1100,#1101));
#3181=EDGE_LOOP('',(#1102,#1103,#1104,#1105,#1106,#1107,#1108,#1109,#1110,#1111,#1112,#1113,#1114,#1115));
#3182=EDGE_LOOP('',(#1116,#1117,#1118,#1119));
#3183=EDGE_LOOP('',(#1120,#1121,#1122,#1123,#1124,#1125));
#3184=EDGE_LOOP('',(#1126,#1127));
#3185=EDGE_LOOP('',(#1128,#1129,#1130,#1131));
#3186=EDGE_LOOP('',(#1132,#1133,#1134,#1135));
#3187=EDGE_LOOP('',(#1136,#1137,#1138,#1139));
#3188=EDGE_LOOP('',(#1140,#1141,#1142,#1143));
#3189=EDGE_LOOP('',(#1144,#1145,#1146,#1147,#1148));
#3190=EDGE_LOOP('',(#1149,#1150,#1151,#1152));
#3191=EDGE_LOOP('',(#1153,#1154,#1155,#1156,#1157));
#3192=EDGE_LOOP('',(#1158,#1159,#1160,#1161));
#3193=EDGE_LOOP('',(#1162,#1163,#1164,#1165));
#3194=EDGE_LOOP('',(#1166,#1167,#1168,#1169));
#3195=EDGE_LOOP('',(#1170,#1171,#1172,#1173,#1174,#1175,#1176,#1177));
#3196=EDGE_LOOP('',(#1178,#1179,#1180,#1181));
#3197=EDGE_LOOP('',(#1182,#1183,#1184,#1185));
#3198=EDGE_LOOP('',(#1186,#1187,#1188,#1189));
#3199=EDGE_LOOP('',(#1190,#1191,#1192,#1193));
#3200=EDGE_LOOP('',(#1194,#1195,#1196,#1197));
#3201=EDGE_LOOP('',(#1198,#1199,#1200,#1201));
#3202=EDGE_LOOP('',(#1202,#1203,#1204,#1205));
#3203=EDGE_LOOP('',(#1206,#1207,#1208,#1209));
#3204=EDGE_LOOP('',(#1210,#1211,#1212,#1213));
#3205=EDGE_LOOP('',(#1214,#1215,#1216,#1217));
#3206=EDGE_LOOP('',(#1218,#1219,#1220,#1221));
#3207=EDGE_LOOP('',(#1222,#1223,#1224,#1225));
#3208=EDGE_LOOP('',(#1226,#1227,#1228,#1229));
#3209=EDGE_LOOP('',(#1230,#1231,#1232,#1233));
#3210=EDGE_LOOP('',(#1234,#1235,#1236,#1237));
#3211=EDGE_LOOP('',(#1238,#1239,#1240,#1241));
#3212=EDGE_LOOP('',(#1242,#1243,#1244,#1245));
#3213=EDGE_LOOP('',(#1246,#1247,#1248,#1249));
#3214=EDGE_LOOP('',(#1250,#1251,#1252,#1253));
#3215=EDGE_LOOP('',(#1254,#1255,#1256,#1257,#1258,#1259,#1260,#1261,#1262,#1263,#1264,#1265,#1266,#1267,#1268,#1269,#1270,#1271));
#3216=EDGE_LOOP('',(#1272,#1273,#1274,#1275));
#3217=EDGE_LOOP('',(#1276,#1277,#1278,#1279));
#3218=EDGE_LOOP('',(#1280,#1281,#1282,#1283));
#3219=EDGE_LOOP('',(#1284,#1285,#1286,#1287));
#3220=EDGE_LOOP('',(#1288,#1289,#1290,#1291));
#3221=EDGE_LOOP('',(#1292,#1293,#1294,#1295));
#3222=EDGE_LOOP('',(#1296,#1297,#1298,#1299));
#3223=EDGE_LOOP('',(#1300,#1301,#1302,#1303));
#3224=EDGE_LOOP('',(#1304,#1305,#1306,#1307));
#3225=EDGE_LOOP('',(#1308,#1309,#1310,#1311));
#3226=EDGE_LOOP('',(#1312,#1313,#1314,#1315));
#3227=EDGE_LOOP('',(#1316,#1317,#1318,#1319,#1320,#1321,#1322,#1323,#1324,#1325,#1326));
#3228=EDGE_LOOP('',(#1327,#1328,#1329,#1330));
#3229=EDGE_LOOP('',(#1331,#1332,#1333,#1334));
#3230=EDGE_LOOP('',(#1335,#1336,#1337,#1338));
#3231=EDGE_LOOP('',(#1339,#1340,#1341,#1342));
#3232=EDGE_LOOP('',(#1343,#1344,#1345,#1346));
#3233=EDGE_LOOP('',(#1347,#1348,#1349,#1350));
#3234=EDGE_LOOP('',(#1351,#1352,#1353,#1354));
#3235=EDGE_LOOP('',(#1355,#1356,#1357,#1358));
#3236=EDGE_LOOP('',(#1359,#1360,#1361,#1362));
#3237=EDGE_LOOP('',(#1363,#1364,#1365,#1366));
#3238=EDGE_LOOP('',(#1367,#1368,#1369,#1370));
#3239=EDGE_LOOP('',(#1371,#1372,#1373,#1374));
#3240=EDGE_LOOP('',(#1375,#1376,#1377,#1378));
#3241=EDGE_LOOP('',(#1379,#1380,#1381,#1382));
#3242=EDGE_LOOP('',(#1383,#1384,#1385,#1386));
#3243=EDGE_LOOP('',(#1387,#1388,#1389,#1390));
#3244=EDGE_LOOP('',(#1391,#1392,#1393,#1394));
#3245=EDGE_LOOP('',(#1395,#1396,#1397,#1398,#1399,#1400,#1401,#1402,#1403,#1404,#1405,#1406));
#3246=EDGE_LOOP('',(#1407,#1408,#1409,#1410));
#3247=EDGE_LOOP('',(#1411,#1412,#1413,#1414));
#3248=EDGE_LOOP('',(#1415,#1416,#1417,#1418));
#3249=EDGE_LOOP('',(#1419,#1420,#1421,#1422));
#3250=EDGE_LOOP('',(#1423,#1424,#1425,#1426));
#3251=EDGE_LOOP('',(#1427,#1428,#1429,#1430));
#3252=EDGE_LOOP('',(#1431,#1432,#1433,#1434));
#3253=EDGE_LOOP('',(#1435,#1436,#1437,#1438));
#3254=EDGE_LOOP('',(#1439,#1440,#1441,#1442));
#3255=EDGE_LOOP('',(#1443,#1444,#1445,#1446));
#3256=EDGE_LOOP('',(#1447,#1448,#1449,#1450));
#3257=EDGE_LOOP('',(#1451,#1452,#1453,#1454));
#3258=EDGE_LOOP('',(#1455,#1456,#1457,#1458));
#3259=EDGE_LOOP('',(#1459,#1460,#1461,#1462));
#3260=EDGE_LOOP('',(#1463,#1464,#1465,#1466));
#3261=EDGE_LOOP('',(#1467,#1468,#1469,#1470));
#3262=EDGE_LOOP('',(#1471,#1472,#1473,#1474));
#3263=EDGE_LOOP('',(#1475,#1476,#1477,#1478));
#3264=EDGE_LOOP('',(#1479,#1480,#1481,#1482));
#3265=EDGE_LOOP('',(#1483,#1484,#1485,#1486));
#3266=EDGE_LOOP('',(#1487,#1488,#1489,#1490));
#3267=EDGE_LOOP('',(#1491,#1492,#1493,#1494));
#3268=EDGE_LOOP('',(#1495,#1496,#1497,#1498));
#3269=EDGE_LOOP('',(#1499,#1500,#1501,#1502));
#3270=EDGE_LOOP('',(#1503,#1504,#1505,#1506));
#3271=EDGE_LOOP('',(#1507,#1508,#1509,#1510));
#3272=EDGE_LOOP('',(#1511,#1512,#1513,#1514));
#3273=EDGE_LOOP('',(#1515,#1516,#1517,#1518));
#3274=EDGE_LOOP('',(#1519,#1520,#1521,#1522));
#3275=EDGE_LOOP('',(#1523,#1524,#1525,#1526));
#3276=EDGE_LOOP('',(#1527,#1528,#1529,#1530));
#3277=EDGE_LOOP('',(#1531,#1532,#1533,#1534));
#3278=EDGE_LOOP('',(#1535,#1536,#1537,#1538));
#3279=EDGE_LOOP('',(#1539,#1540,#1541,#1542));
#3280=EDGE_LOOP('',(#1543,#1544,#1545,#1546));
#3281=EDGE_LOOP('',(#1547,#1548,#1549,#1550));
#3282=EDGE_LOOP('',(#1551,#1552,#1553,#1554,#1555,#1556,#1557,#1558,#1559,#1560,#1561,#1562,#1563,#1564,#1565,#1566,#1567,#1568,#1569,#1570,#1571,#1572,#1573,#1574,#1575,#1576,#1577,#1578,#1579,#1580,#1581,#1582,#1583,#1584,#1585,#1586));
#3283=EDGE_LOOP('',(#1587,#1588,#1589,#1590));
#3284=EDGE_LOOP('',(#1591,#1592,#1593,#1594));
#3285=EDGE_LOOP('',(#1595,#1596,#1597,#1598));
#3286=EDGE_LOOP('',(#1599,#1600,#1601,#1602));
#3287=EDGE_LOOP('',(#1603,#1604,#1605,#1606));
#3288=EDGE_LOOP('',(#1607,#1608,#1609,#1610));
#3289=EDGE_LOOP('',(#1611,#1612,#1613,#1614));
#3290=EDGE_LOOP('',(#1615,#1616,#1617,#1618,#1619,#1620,#1621));
#3291=EDGE_LOOP('',(#1622,#1623,#1624,#1625));
#3292=EDGE_LOOP('',(#1626,#1627,#1628,#1629));
#3293=EDGE_LOOP('',(#1630,#1631,#1632,#1633));
#3294=EDGE_LOOP('',(#1634,#1635,#1636,#1637));
#3295=EDGE_LOOP('',(#1638,#1639,#1640,#1641));
#3296=EDGE_LOOP('',(#1642,#1643,#1644,#1645));
#3297=EDGE_LOOP('',(#1646,#1647,#1648,#1649));
#3298=EDGE_LOOP('',(#1650,#1651,#1652,#1653));
#3299=EDGE_LOOP('',(#1654,#1655,#1656,#1657));
#3300=EDGE_LOOP('',(#1658,#1659,#1660,#1661));
#3301=EDGE_LOOP('',(#1662,#1663,#1664,#1665));
#3302=EDGE_LOOP('',(#1666,#1667,#1668,#1669));
#3303=EDGE_LOOP('',(#1670,#1671,#1672,#1673));
#3304=EDGE_LOOP('',(#1674,#1675,#1676,#1677));
#3305=EDGE_LOOP('',(#1678,#1679,#1680,#1681));
#3306=EDGE_LOOP('',(#1682,#1683,#1684,#1685));
#3307=EDGE_LOOP('',(#1686,#1687,#1688,#1689));
#3308=EDGE_LOOP('',(#1690,#1691,#1692,#1693));
#3309=EDGE_LOOP('',(#1694,#1695,#1696,#1697));
#3310=EDGE_LOOP('',(#1698,#1699,#1700,#1701));
#3311=EDGE_LOOP('',(#1702,#1703,#1704,#1705));
#3312=EDGE_LOOP('',(#1706,#1707,#1708,#1709));
#3313=EDGE_LOOP('',(#1710,#1711,#1712,#1713));
#3314=EDGE_LOOP('',(#1714,#1715,#1716,#1717,#1718,#1719,#1720,#1721,#1722,#1723,#1724,#1725,#1726,#1727,#1728,#1729,#1730,#1731));
#3315=EDGE_LOOP('',(#1732,#1733,#1734,#1735));
#3316=EDGE_LOOP('',(#1736,#1737,#1738,#1739));
#3317=EDGE_LOOP('',(#1740,#1741,#1742,#1743));
#3318=EDGE_LOOP('',(#1744,#1745,#1746,#1747));
#3319=EDGE_LOOP('',(#1748,#1749,#1750,#1751));
#3320=EDGE_LOOP('',(#1752,#1753,#1754,#1755));
#3321=EDGE_LOOP('',(#1756,#1757,#1758,#1759));
#3322=EDGE_LOOP('',(#1760,#1761,#1762,#1763));
#3323=EDGE_LOOP('',(#1764,#1765,#1766,#1767));
#3324=EDGE_LOOP('',(#1768,#1769,#1770,#1771));
#3325=EDGE_LOOP('',(#1772,#1773,#1774,#1775));
#3326=EDGE_LOOP('',(#1776,#1777,#1778,#1779));
#3327=EDGE_LOOP('',(#1780,#1781,#1782,#1783));
#3328=EDGE_LOOP('',(#1784,#1785,#1786,#1787));
#3329=EDGE_LOOP('',(#1788,#1789,#1790,#1791));
#3330=EDGE_LOOP('',(#1792,#1793,#1794,#1795,#1796,#1797,#1798,#1799,#1800,#1801,#1802,#1803,#1804,#1805,#1806));
#3331=EDGE_LOOP('',(#1807,#1808,#1809,#1810));
#3332=EDGE_LOOP('',(#1811,#1812,#1813,#1814));
#3333=EDGE_LOOP('',(#1815,#1816,#1817,#1818));
#3334=EDGE_LOOP('',(#1819,#1820,#1821,#1822));
#3335=EDGE_LOOP('',(#1823,#1824,#1825,#1826));
#3336=EDGE_LOOP('',(#1827,#1828,#1829,#1830));
#3337=EDGE_LOOP('',(#1831,#1832,#1833,#1834));
#3338=EDGE_LOOP('',(#1835,#1836,#1837,#1838));
#3339=EDGE_LOOP('',(#1839,#1840,#1841,#1842));
#3340=EDGE_LOOP('',(#1843,#1844,#1845,#1846));
#3341=EDGE_LOOP('',(#1847,#1848,#1849,#1850));
#3342=EDGE_LOOP('',(#1851,#1852,#1853,#1854));
#3343=EDGE_LOOP('',(#1855,#1856,#1857,#1858));
#3344=EDGE_LOOP('',(#1859,#1860,#1861,#1862));
#3345=EDGE_LOOP('',(#1863,#1864,#1865,#1866));
#3346=EDGE_LOOP('',(#1867,#1868,#1869,#1870));
#3347=EDGE_LOOP('',(#1871,#1872,#1873,#1874));
#3348=EDGE_LOOP('',(#1875,#1876,#1877,#1878));
#3349=EDGE_LOOP('',(#1879,#1880,#1881,#1882));
#3350=EDGE_LOOP('',(#1883,#1884,#1885,#1886));
#3351=EDGE_LOOP('',(#1887,#1888,#1889,#1890));
#3352=EDGE_LOOP('',(#1891,#1892,#1893,#1894));
#3353=EDGE_LOOP('',(#1895,#1896,#1897,#1898));
#3354=EDGE_LOOP('',(#1899,#1900,#1901,#1902));
#3355=EDGE_LOOP('',(#1903,#1904,#1905,#1906));
#3356=EDGE_LOOP('',(#1907,#1908,#1909,#1910));
#3357=EDGE_LOOP('',(#1911,#1912,#1913,#1914,#1915,#1916,#1917,#1918,#1919,#1920,#1921,#1922,#1923,#1924,#1925,#1926));
#3358=EDGE_LOOP('',(#1927,#1928,#1929,#1930,#1931));
#3359=EDGE_LOOP('',(#1932,#1933,#1934,#1935,#1936));
#3360=EDGE_LOOP('',(#1937,#1938,#1939,#1940,#1941));
#3361=EDGE_LOOP('',(#1942,#1943,#1944,#1945));
#3362=EDGE_LOOP('',(#1946,#1947,#1948,#1949));
#3363=EDGE_LOOP('',(#1950,#1951,#1952,#1953));
#3364=EDGE_LOOP('',(#1954,#1955,#1956,#1957));
#3365=EDGE_LOOP('',(#1958,#1959,#1960,#1961));
#3366=EDGE_LOOP('',(#1962,#1963,#1964,#1965));
#3367=EDGE_LOOP('',(#1966,#1967,#1968,#1969));
#3368=EDGE_LOOP('',(#1970,#1971,#1972,#1973));
#3369=EDGE_LOOP('',(#1974,#1975,#1976,#1977));
#3370=EDGE_LOOP('',(#1978,#1979,#1980,#1981));
#3371=EDGE_LOOP('',(#1982,#1983,#1984,#1985));
#3372=EDGE_LOOP('',(#1986,#1987,#1988,#1989));
#3373=EDGE_LOOP('',(#1990,#1991,#1992,#1993));
#3374=EDGE_LOOP('',(#1994,#1995,#1996,#1997));
#3375=EDGE_LOOP('',(#1998,#1999,#2000,#2001));
#3376=EDGE_LOOP('',(#2002,#2003,#2004,#2005));
#3377=EDGE_LOOP('',(#2006,#2007,#2008,#2009));
#3378=EDGE_LOOP('',(#2010,#2011,#2012,#2013));
#3379=EDGE_LOOP('',(#2014,#2015,#2016,#2017,#2018,#2019,#2020,#2021,#2022,#2023,#2024,#2025,#2026,#2027,#2028,#2029,#2030,#2031));
#3380=EDGE_LOOP('',(#2032,#2033,#2034,#2035,#2036));
#3381=FACE_BOUND('',#3161,.T.);
#3382=FACE_BOUND('',#3162,.T.);
#3383=FACE_BOUND('',#3163,.T.);
#3384=FACE_BOUND('',#3164,.T.);
#3385=FACE_BOUND('',#3165,.T.);
#3386=FACE_BOUND('',#3166,.T.);
#3387=FACE_BOUND('',#3167,.T.);
#3388=FACE_BOUND('',#3168,.T.);
#3389=FACE_BOUND('',#3169,.T.);
#3390=FACE_BOUND('',#3170,.T.);
#3391=FACE_BOUND('',#3171,.T.);
#3392=FACE_BOUND('',#3172,.T.);
#3393=FACE_BOUND('',#3173,.T.);
#3394=FACE_BOUND('',#3174,.T.);
#3395=FACE_BOUND('',#3175,.T.);
#3396=FACE_BOUND('',#3176,.T.);
#3397=FACE_BOUND('',#3177,.T.);
#3398=FACE_BOUND('',#3178,.T.);
#3399=FACE_BOUND('',#3179,.T.);
#3400=FACE_BOUND('',#3180,.T.);
#3401=FACE_BOUND('',#3181,.T.);
#3402=FACE_BOUND('',#3182,.T.);
#3403=FACE_BOUND('',#3183,.T.);
#3404=FACE_BOUND('',#3184,.T.);
#3405=FACE_BOUND('',#3185,.T.);
#3406=FACE_BOUND('',#3186,.T.);
#3407=FACE_BOUND('',#3187,.T.);
#3408=FACE_BOUND('',#3188,.T.);
#3409=FACE_BOUND('',#3189,.T.);
#3410=FACE_BOUND('',#3190,.T.);
#3411=FACE_BOUND('',#3191,.T.);
#3412=FACE_BOUND('',#3192,.T.);
#3413=FACE_BOUND('',#3193,.T.);
#3414=FACE_BOUND('',#3194,.T.);
#3415=FACE_BOUND('',#3195,.T.);
#3416=FACE_BOUND('',#3196,.T.);
#3417=FACE_BOUND('',#3197,.T.);
#3418=FACE_BOUND('',#3198,.T.);
#3419=FACE_BOUND('',#3199,.T.);
#3420=FACE_BOUND('',#3200,.T.);
#3421=FACE_BOUND('',#3201,.T.);
#3422=FACE_BOUND('',#3202,.T.);
#3423=FACE_BOUND('',#3203,.T.);
#3424=FACE_BOUND('',#3204,.T.);
#3425=FACE_BOUND('',#3205,.T.);
#3426=FACE_BOUND('',#3206,.T.);
#3427=FACE_BOUND('',#3207,.T.);
#3428=FACE_BOUND('',#3208,.T.);
#3429=FACE_BOUND('',#3209,.T.);
#3430=FACE_BOUND('',#3210,.T.);
#3431=FACE_BOUND('',#3211,.T.);
#3432=FACE_BOUND('',#3212,.T.);
#3433=FACE_BOUND('',#3213,.T.);
#3434=FACE_BOUND('',#3214,.T.);
#3435=FACE_BOUND('',#3215,.T.);
#3436=FACE_BOUND('',#3216,.T.);
#3437=FACE_BOUND('',#3217,.T.);
#3438=FACE_BOUND('',#3218,.T.);
#3439=FACE_BOUND('',#3219,.T.);
#3440=FACE_BOUND('',#3220,.T.);
#3441=FACE_BOUND('',#3221,.T.);
#3442=FACE_BOUND('',#3222,.T.);
#3443=FACE_BOUND('',#3223,.T.);
#3444=FACE_BOUND('',#3224,.T.);
#3445=FACE_BOUND('',#3225,.T.);
#3446=FACE_BOUND('',#3226,.T.);
#3447=FACE_BOUND('',#3227,.T.);
#3448=FACE_BOUND('',#3228,.T.);
#3449=FACE_BOUND('',#3229,.T.);
#3450=FACE_BOUND('',#3230,.T.);
#3451=FACE_BOUND('',#3231,.T.);
#3452=FACE_BOUND('',#3232,.T.);
#3453=FACE_BOUND('',#3233,.T.);
#3454=FACE_BOUND('',#3234,.T.);
#3455=FACE_BOUND('',#3235,.T.);
#3456=FACE_BOUND('',#3236,.T.);
#3457=FACE_BOUND('',#3237,.T.);
#3458=FACE_BOUND('',#3238,.T.);
#3459=FACE_BOUND('',#3239,.T.);
#3460=FACE_BOUND('',#3240,.T.);
#3461=FACE_BOUND('',#3241,.T.);
#3462=FACE_BOUND('',#3242,.T.);
#3463=FACE_BOUND('',#3243,.T.);
#3464=FACE_BOUND('',#3244,.T.);
#3465=FACE_BOUND('',#3245,.T.);
#3466=FACE_BOUND('',#3246,.T.);
#3467=FACE_BOUND('',#3247,.T.);
#3468=FACE_BOUND('',#3248,.T.);
#3469=FACE_BOUND('',#3249,.T.);
#3470=FACE_BOUND('',#3250,.T.);
#3471=FACE_BOUND('',#3251,.T.);
#3472=FACE_BOUND('',#3252,.T.);
#3473=FACE_BOUND('',#3253,.T.);
#3474=FACE_BOUND('',#3254,.T.);
#3475=FACE_BOUND('',#3255,.T.);
#3476=FACE_BOUND('',#3256,.T.);
#3477=FACE_BOUND('',#3257,.T.);
#3478=FACE_BOUND('',#3258,.T.);
#3479=FACE_BOUND('',#3259,.T.);
#3480=FACE_BOUND('',#3260,.T.);
#3481=FACE_BOUND('',#3261,.T.);
#3482=FACE_BOUND('',#3262,.T.);
#3483=FACE_BOUND('',#3263,.T.);
#3484=FACE_BOUND('',#3264,.T.);
#3485=FACE_BOUND('',#3265,.T.);
#3486=FACE_BOUND('',#3266,.T.);
#3487=FACE_BOUND('',#3267,.T.);
#3488=FACE_BOUND('',#3268,.T.);
#3489=FACE_BOUND('',#3269,.T.);
#3490=FACE_BOUND('',#3270,.T.);
#3491=FACE_BOUND('',#3271,.T.);
#3492=FACE_BOUND('',#3272,.T.);
#3493=FACE_BOUND('',#3273,.T.);
#3494=FACE_BOUND('',#3274,.T.);
#3495=FACE_BOUND('',#3275,.T.);
#3496=FACE_BOUND('',#3276,.T.);
#3497=FACE_BOUND('',#3277,.T.);
#3498=FACE_BOUND('',#3278,.T.);
#3499=FACE_BOUND('',#3279,.T.);
#3500=FACE_BOUND('',#3280,.T.);
#3501=FACE_BOUND('',#3281,.T.);
#3502=FACE_BOUND('',#3282,.T.);
#3503=FACE_BOUND('',#3283,.T.);
#3504=FACE_BOUND('',#3284,.T.);
#3505=FACE_BOUND('',#3285,.T.);
#3506=FACE_BOUND('',#3286,.T.);
#3507=FACE_BOUND('',#3287,.T.);
#3508=FACE_BOUND('',#3288,.T.);
#3509=FACE_BOUND('',#3289,.T.);
#3510=FACE_BOUND('',#3290,.T.);
#3511=FACE_BOUND('',#3291,.T.);
#3512=FACE_BOUND('',#3292,.T.);
#3513=FACE_BOUND('',#3293,.T.);
#3514=FACE_BOUND('',#3294,.T.);
#3515=FACE_BOUND('',#3295,.T.);
#3516=FACE_BOUND('',#3296,.T.);
#3517=FACE_BOUND('',#3297,.T.);
#3518=FACE_BOUND('',#3298,.T.);
#3519=FACE_BOUND('',#3299,.T.);
#3520=FACE_BOUND('',#3300,.T.);
#3521=FACE_BOUND('',#3301,.T.);
#3522=FACE_BOUND('',#3302,.T.);
#3523=FACE_BOUND('',#3303,.T.);
#3524=FACE_BOUND('',#3304,.T.);
#3525=FACE_BOUND('',#3305,.T.);
#3526=FACE_BOUND('',#3306,.T.);
#3527=FACE_BOUND('',#3307,.T.);
#3528=FACE_BOUND('',#3308,.T.);
#3529=FACE_BOUND('',#3309,.T.);
#3530=FACE_BOUND('',#3310,.T.);
#3531=FACE_BOUND('',#3311,.T.);
#3532=FACE_BOUND('',#3312,.T.);
#3533=FACE_BOUND('',#3313,.T.);
#3534=FACE_BOUND('',#3314,.T.);
#3535=FACE_BOUND('',#3315,.T.);
#3536=FACE_BOUND('',#3316,.T.);
#3537=FACE_BOUND('',#3317,.T.);
#3538=FACE_BOUND('',#3318,.T.);
#3539=FACE_BOUND('',#3319,.T.);
#3540=FACE_BOUND('',#3320,.T.);
#3541=FACE_BOUND('',#3321,.T.);
#3542=FACE_BOUND('',#3322,.T.);
#3543=FACE_BOUND('',#3323,.T.);
#3544=FACE_BOUND('',#3324,.T.);
#3545=FACE_BOUND('',#3325,.T.);
#3546=FACE_BOUND('',#3326,.T.);
#3547=FACE_BOUND('',#3327,.T.);
#3548=FACE_BOUND('',#3328,.T.);
#3549=FACE_BOUND('',#3329,.T.);
#3550=FACE_BOUND('',#3330,.T.);
#3551=FACE_BOUND('',#3331,.T.);
#3552=FACE_BOUND('',#3332,.T.);
#3553=FACE_BOUND('',#3333,.T.);
#3554=FACE_BOUND('',#3334,.T.);
#3555=FACE_BOUND('',#3335,.T.);
#3556=FACE_BOUND('',#3336,.T.);
#3557=FACE_BOUND('',#3337,.T.);
#3558=FACE_BOUND('',#3338,.T.);
#3559=FACE_BOUND('',#3339,.T.);
#3560=FACE_BOUND('',#3340,.T.);
#3561=FACE_BOUND('',#3341,.T.);
#3562=FACE_BOUND('',#3342,.T.);
#3563=FACE_BOUND('',#3343,.T.);
#3564=FACE_BOUND('',#3344,.T.);
#3565=FACE_BOUND('',#3345,.T.);
#3566=FACE_BOUND('',#3346,.T.);
#3567=FACE_BOUND('',#3347,.T.);
#3568=FACE_BOUND('',#3348,.T.);
#3569=FACE_BOUND('',#3349,.T.);
#3570=FACE_BOUND('',#3350,.T.);
#3571=FACE_BOUND('',#3351,.T.);
#3572=FACE_BOUND('',#3352,.T.);
#3573=FACE_BOUND('',#3353,.T.);
#3574=FACE_BOUND('',#3354,.T.);
#3575=FACE_BOUND('',#3355,.T.);
#3576=FACE_BOUND('',#3356,.T.);
#3577=FACE_BOUND('',#3357,.T.);
#3578=FACE_BOUND('',#3358,.T.);
#3579=FACE_BOUND('',#3359,.T.);
#3580=FACE_BOUND('',#3360,.T.);
#3581=FACE_BOUND('',#3361,.T.);
#3582=FACE_BOUND('',#3362,.T.);
#3583=FACE_BOUND('',#3363,.T.);
#3584=FACE_BOUND('',#3364,.T.);
#3585=FACE_BOUND('',#3365,.T.);
#3586=FACE_BOUND('',#3366,.T.);
#3587=FACE_BOUND('',#3367,.T.);
#3588=FACE_BOUND('',#3368,.T.);
#3589=FACE_BOUND('',#3369,.T.);
#3590=FACE_BOUND('',#3370,.T.);
#3591=FACE_BOUND('',#3371,.T.);
#3592=FACE_BOUND('',#3372,.T.);
#3593=FACE_BOUND('',#3373,.T.);
#3594=FACE_BOUND('',#3374,.T.);
#3595=FACE_BOUND('',#3375,.T.);
#3596=FACE_BOUND('',#3376,.T.);
#3597=FACE_BOUND('',#3377,.T.);
#3598=FACE_BOUND('',#3378,.T.);
#3599=FACE_BOUND('',#3379,.T.);
#3600=FACE_BOUND('',#3380,.T.);
#3601=PLANE('',#3939);
#3602=PLANE('',#4016);
#3603=PLANE('',#4020);
#3604=PLANE('',#4022);
#3605=PLANE('',#4023);
#3606=PLANE('',#4024);
#3607=PLANE('',#4026);
#3608=PLANE('',#4027);
#3609=PLANE('',#4028);
#3610=PLANE('',#4029);
#3611=PLANE('',#4032);
#3612=PLANE('',#4038);
#3613=PLANE('',#4040);
#3614=PLANE('',#4041);
#3615=PLANE('',#4042);
#3616=PLANE('',#4043);
#3617=PLANE('',#4058);
#3618=PLANE('',#4059);
#3619=PLANE('',#4060);
#3620=PLANE('',#4065);
#3621=PLANE('',#4070);
#3622=PLANE('',#4071);
#3623=PLANE('',#4072);
#3624=PLANE('',#4079);
#3625=PLANE('',#4084);
#3626=PLANE('',#4085);
#3627=PLANE('',#4086);
#3628=PLANE('',#4087);
#3629=PLANE('',#4094);
#3630=PLANE('',#4095);
#3631=PLANE('',#4096);
#3632=PLANE('',#4101);
#3633=PLANE('',#4102);
#3634=PLANE('',#4103);
#3635=PLANE('',#4104);
#3636=PLANE('',#4105);
#3637=PLANE('',#4106);
#3638=PLANE('',#4107);
#3639=PLANE('',#4108);
#3640=PLANE('',#4109);
#3641=PLANE('',#4110);
#3642=PLANE('',#4111);
#3643=PLANE('',#4112);
#3644=PLANE('',#4113);
#3645=PLANE('',#4114);
#3646=PLANE('',#4115);
#3647=PLANE('',#4116);
#3648=PLANE('',#4117);
#3649=PLANE('',#4118);
#3650=PLANE('',#4119);
#3651=PLANE('',#4120);
#3652=PLANE('',#4121);
#3653=PLANE('',#4122);
#3654=PLANE('',#4123);
#3655=PLANE('',#4128);
#3656=PLANE('',#4133);
#3657=PLANE('',#4140);
#3658=PLANE('',#4147);
#3659=PLANE('',#4154);
#3660=PLANE('',#4155);
#3661=PLANE('',#4156);
#3662=PLANE('',#4161);
#3663=PLANE('',#4166);
#3664=PLANE('',#4171);
#3665=PLANE('',#4178);
#3666=PLANE('',#4179);
#3667=PLANE('',#4180);
#3668=PLANE('',#4181);
#3669=PLANE('',#4182);
#3670=PLANE('',#4183);
#3671=PLANE('',#4184);
#3672=PLANE('',#4185);
#3673=PLANE('',#4186);
#3674=PLANE('',#4187);
#3675=PLANE('',#4188);
#3676=PLANE('',#4189);
#3677=PLANE('',#4190);
#3678=PLANE('',#4191);
#3679=PLANE('',#4194);
#3680=PLANE('',#4201);
#3681=PLANE('',#4202);
#3682=PLANE('',#4203);
#3683=PLANE('',#4208);
#3684=PLANE('',#4213);
#3685=PLANE('',#4214);
#3686=PLANE('',#4215);
#3687=PLANE('',#4220);
#3688=PLANE('',#4221);
#3689=PLANE('',#4222);
#3690=PLANE('',#4223);
#3691=PLANE('',#4228);
#3692=PLANE('',#4233);
#3693=PLANE('',#4234);
#3694=PLANE('',#4235);
#3695=PLANE('',#4242);
#3696=PLANE('',#4243);
#3697=PLANE('',#4244);
#3698=PLANE('',#4245);
#3699=PLANE('',#4252);
#3700=PLANE('',#4253);
#3701=PLANE('',#4254);
#3702=PLANE('',#4260);
#3703=PLANE('',#4267);
#3704=PLANE('',#4274);
#3705=PLANE('',#4281);
#3706=PLANE('',#4289);
#3707=PLANE('',#4290);
#3708=PLANE('',#4291);
#3709=PLANE('',#4294);
#3710=PLANE('',#4295);
#3711=PLANE('',#4296);
#3712=PLANE('',#4301);
#3713=PLANE('',#4306);
#3714=PLANE('',#4307);
#3715=PLANE('',#4308);
#3716=PLANE('',#4315);
#3717=PLANE('',#4320);
#3718=PLANE('',#4321);
#3719=ADVANCED_FACE('',(#3381,#3382,#3383,#3384,#3385,#3386,#3387,#3388,#3389,#3390,#3391,#3392),#3601,.F.);
#3720=ADVANCED_FACE('',(#3393),#3602,.T.);
#3721=ADVANCED_FACE('',(#3394),#3603,.F.);
#3722=ADVANCED_FACE('',(#3395),#3604,.T.);
#3723=ADVANCED_FACE('',(#3396),#3605,.T.);
#3724=ADVANCED_FACE('',(#3397),#3606,.F.);
#3725=ADVANCED_FACE('',(#3398),#3607,.F.);
#3726=ADVANCED_FACE('',(#3399),#3608,.T.);
#3727=ADVANCED_FACE('',(#3400),#3609,.T.);
#3728=ADVANCED_FACE('',(#3401),#3610,.T.);
#3729=ADVANCED_FACE('',(#3402),#3611,.T.);
#3730=ADVANCED_FACE('',(#3403),#22,.T.);
#3731=ADVANCED_FACE('',(#3404),#3612,.F.);
#3732=ADVANCED_FACE('',(#3405),#3613,.T.);
#3733=ADVANCED_FACE('',(#3406),#3614,.F.);
#3734=ADVANCED_FACE('',(#3407),#3615,.T.);
#3735=ADVANCED_FACE('',(#3408),#3616,.F.);
#3736=ADVANCED_FACE('',(#3409),#23,.T.);
#3737=ADVANCED_FACE('',(#3410),#24,.T.);
#3738=ADVANCED_FACE('',(#3411),#25,.T.);
#3739=ADVANCED_FACE('',(#3412),#26,.T.);
#3740=ADVANCED_FACE('',(#3413),#27,.T.);
#3741=ADVANCED_FACE('',(#3414),#12,.T.);
#3742=ADVANCED_FACE('',(#3415),#13,.T.);
#3743=ADVANCED_FACE('',(#3416),#28,.T.);
#3744=ADVANCED_FACE('',(#3417),#29,.F.);
#3745=ADVANCED_FACE('',(#3418),#3617,.T.);
#3746=ADVANCED_FACE('',(#3419),#3618,.T.);
#3747=ADVANCED_FACE('',(#3420),#3619,.T.);
#3748=ADVANCED_FACE('',(#3421),#30,.T.);
#3749=ADVANCED_FACE('',(#3422),#31,.T.);
#3750=ADVANCED_FACE('',(#3423),#3620,.T.);
#3751=ADVANCED_FACE('',(#3424),#32,.T.);
#3752=ADVANCED_FACE('',(#3425),#33,.T.);
#3753=ADVANCED_FACE('',(#3426),#3621,.T.);
#3754=ADVANCED_FACE('',(#3427),#3622,.T.);
#3755=ADVANCED_FACE('',(#3428),#3623,.T.);
#3756=ADVANCED_FACE('',(#3429),#34,.F.);
#3757=ADVANCED_FACE('',(#3430),#35,.F.);
#3758=ADVANCED_FACE('',(#3431),#36,.F.);
#3759=ADVANCED_FACE('',(#3432),#3624,.T.);
#3760=ADVANCED_FACE('',(#3433),#37,.F.);
#3761=ADVANCED_FACE('',(#3434),#38,.F.);
#3762=ADVANCED_FACE('',(#3435),#3625,.T.);
#3763=ADVANCED_FACE('',(#3436),#3626,.T.);
#3764=ADVANCED_FACE('',(#3437),#3627,.T.);
#3765=ADVANCED_FACE('',(#3438),#3628,.T.);
#3766=ADVANCED_FACE('',(#3439),#39,.F.);
#3767=ADVANCED_FACE('',(#3440),#40,.F.);
#3768=ADVANCED_FACE('',(#3441),#41,.F.);
#3769=ADVANCED_FACE('',(#3442),#3629,.T.);
#3770=ADVANCED_FACE('',(#3443),#3630,.T.);
#3771=ADVANCED_FACE('',(#3444),#3631,.T.);
#3772=ADVANCED_FACE('',(#3445),#42,.T.);
#3773=ADVANCED_FACE('',(#3446),#43,.T.);
#3774=ADVANCED_FACE('',(#3447),#3632,.T.);
#3775=ADVANCED_FACE('',(#3448),#3633,.T.);
#3776=ADVANCED_FACE('',(#3449),#3634,.T.);
#3777=ADVANCED_FACE('',(#3450),#3635,.T.);
#3778=ADVANCED_FACE('',(#3451),#3636,.T.);
#3779=ADVANCED_FACE('',(#3452),#3637,.T.);
#3780=ADVANCED_FACE('',(#3453),#3638,.T.);
#3781=ADVANCED_FACE('',(#3454),#3639,.T.);
#3782=ADVANCED_FACE('',(#3455),#3640,.T.);
#3783=ADVANCED_FACE('',(#3456),#3641,.T.);
#3784=ADVANCED_FACE('',(#3457),#3642,.T.);
#3785=ADVANCED_FACE('',(#3458),#3643,.T.);
#3786=ADVANCED_FACE('',(#3459),#3644,.T.);
#3787=ADVANCED_FACE('',(#3460),#3645,.T.);
#3788=ADVANCED_FACE('',(#3461),#3646,.T.);
#3789=ADVANCED_FACE('',(#3462),#3647,.T.);
#3790=ADVANCED_FACE('',(#3463),#3648,.T.);
#3791=ADVANCED_FACE('',(#3464),#3649,.T.);
#3792=ADVANCED_FACE('',(#3465),#3650,.T.);
#3793=ADVANCED_FACE('',(#3466),#3651,.T.);
#3794=ADVANCED_FACE('',(#3467),#3652,.T.);
#3795=ADVANCED_FACE('',(#3468),#3653,.T.);
#3796=ADVANCED_FACE('',(#3469),#3654,.T.);
#3797=ADVANCED_FACE('',(#3470),#44,.T.);
#3798=ADVANCED_FACE('',(#3471),#45,.T.);
#3799=ADVANCED_FACE('',(#3472),#3655,.T.);
#3800=ADVANCED_FACE('',(#3473),#46,.T.);
#3801=ADVANCED_FACE('',(#3474),#47,.T.);
#3802=ADVANCED_FACE('',(#3475),#3656,.T.);
#3803=ADVANCED_FACE('',(#3476),#48,.F.);
#3804=ADVANCED_FACE('',(#3477),#49,.F.);
#3805=ADVANCED_FACE('',(#3478),#50,.F.);
#3806=ADVANCED_FACE('',(#3479),#3657,.T.);
#3807=ADVANCED_FACE('',(#3480),#51,.F.);
#3808=ADVANCED_FACE('',(#3481),#52,.F.);
#3809=ADVANCED_FACE('',(#3482),#53,.F.);
#3810=ADVANCED_FACE('',(#3483),#3658,.T.);
#3811=ADVANCED_FACE('',(#3484),#54,.F.);
#3812=ADVANCED_FACE('',(#3485),#55,.F.);
#3813=ADVANCED_FACE('',(#3486),#56,.F.);
#3814=ADVANCED_FACE('',(#3487),#3659,.T.);
#3815=ADVANCED_FACE('',(#3488),#3660,.T.);
#3816=ADVANCED_FACE('',(#3489),#3661,.T.);
#3817=ADVANCED_FACE('',(#3490),#57,.T.);
#3818=ADVANCED_FACE('',(#3491),#58,.T.);
#3819=ADVANCED_FACE('',(#3492),#3662,.T.);
#3820=ADVANCED_FACE('',(#3493),#59,.T.);
#3821=ADVANCED_FACE('',(#3494),#60,.T.);
#3822=ADVANCED_FACE('',(#3495),#3663,.T.);
#3823=ADVANCED_FACE('',(#3496),#61,.T.);
#3824=ADVANCED_FACE('',(#3497),#62,.T.);
#3825=ADVANCED_FACE('',(#3498),#3664,.T.);
#3826=ADVANCED_FACE('',(#3499),#63,.F.);
#3827=ADVANCED_FACE('',(#3500),#64,.F.);
#3828=ADVANCED_FACE('',(#3501),#65,.F.);
#3829=ADVANCED_FACE('',(#3502),#3665,.T.);
#3830=ADVANCED_FACE('',(#3503),#3666,.T.);
#3831=ADVANCED_FACE('',(#3504),#3667,.T.);
#3832=ADVANCED_FACE('',(#3505),#3668,.T.);
#3833=ADVANCED_FACE('',(#3506),#3669,.T.);
#3834=ADVANCED_FACE('',(#3507),#3670,.T.);
#3835=ADVANCED_FACE('',(#3508),#3671,.T.);
#3836=ADVANCED_FACE('',(#3509),#3672,.T.);
#3837=ADVANCED_FACE('',(#3510),#3673,.T.);
#3838=ADVANCED_FACE('',(#3511),#3674,.T.);
#3839=ADVANCED_FACE('',(#3512),#3675,.T.);
#3840=ADVANCED_FACE('',(#3513),#3676,.T.);
#3841=ADVANCED_FACE('',(#3514),#3677,.T.);
#3842=ADVANCED_FACE('',(#3515),#3678,.T.);
#3843=ADVANCED_FACE('',(#3516),#66,.F.);
#3844=ADVANCED_FACE('',(#3517),#3679,.T.);
#3845=ADVANCED_FACE('',(#3518),#67,.F.);
#3846=ADVANCED_FACE('',(#3519),#68,.F.);
#3847=ADVANCED_FACE('',(#3520),#69,.F.);
#3848=ADVANCED_FACE('',(#3521),#3680,.T.);
#3849=ADVANCED_FACE('',(#3522),#3681,.T.);
#3850=ADVANCED_FACE('',(#3523),#3682,.T.);
#3851=ADVANCED_FACE('',(#3524),#70,.T.);
#3852=ADVANCED_FACE('',(#3525),#71,.T.);
#3853=ADVANCED_FACE('',(#3526),#3683,.T.);
#3854=ADVANCED_FACE('',(#3527),#72,.T.);
#3855=ADVANCED_FACE('',(#3528),#73,.T.);
#3856=ADVANCED_FACE('',(#3529),#3684,.T.);
#3857=ADVANCED_FACE('',(#3530),#3685,.T.);
#3858=ADVANCED_FACE('',(#3531),#3686,.T.);
#3859=ADVANCED_FACE('',(#3532),#74,.F.);
#3860=ADVANCED_FACE('',(#3533),#75,.F.);
#3861=ADVANCED_FACE('',(#3534),#3687,.T.);
#3862=ADVANCED_FACE('',(#3535),#3688,.T.);
#3863=ADVANCED_FACE('',(#3536),#3689,.T.);
#3864=ADVANCED_FACE('',(#3537),#3690,.T.);
#3865=ADVANCED_FACE('',(#3538),#76,.T.);
#3866=ADVANCED_FACE('',(#3539),#77,.T.);
#3867=ADVANCED_FACE('',(#3540),#3691,.T.);
#3868=ADVANCED_FACE('',(#3541),#78,.T.);
#3869=ADVANCED_FACE('',(#3542),#79,.T.);
#3870=ADVANCED_FACE('',(#3543),#3692,.T.);
#3871=ADVANCED_FACE('',(#3544),#3693,.T.);
#3872=ADVANCED_FACE('',(#3545),#3694,.T.);
#3873=ADVANCED_FACE('',(#3546),#80,.F.);
#3874=ADVANCED_FACE('',(#3547),#81,.F.);
#3875=ADVANCED_FACE('',(#3548),#82,.F.);
#3876=ADVANCED_FACE('',(#3549),#3695,.T.);
#3877=ADVANCED_FACE('',(#3550),#3696,.T.);
#3878=ADVANCED_FACE('',(#3551),#3697,.T.);
#3879=ADVANCED_FACE('',(#3552),#3698,.T.);
#3880=ADVANCED_FACE('',(#3553),#83,.T.);
#3881=ADVANCED_FACE('',(#3554),#84,.T.);
#3882=ADVANCED_FACE('',(#3555),#3699,.T.);
#3883=ADVANCED_FACE('',(#3556),#3700,.T.);
#3884=ADVANCED_FACE('',(#3557),#3701,.T.);
#3885=ADVANCED_FACE('',(#3558),#85,.T.);
#3886=ADVANCED_FACE('',(#3559),#86,.F.);
#3887=ADVANCED_FACE('',(#3560),#3702,.T.);
#3888=ADVANCED_FACE('',(#3561),#87,.F.);
#3889=ADVANCED_FACE('',(#3562),#88,.F.);
#3890=ADVANCED_FACE('',(#3563),#89,.F.);
#3891=ADVANCED_FACE('',(#3564),#3703,.T.);
#3892=ADVANCED_FACE('',(#3565),#90,.F.);
#3893=ADVANCED_FACE('',(#3566),#91,.F.);
#3894=ADVANCED_FACE('',(#3567),#92,.F.);
#3895=ADVANCED_FACE('',(#3568),#3704,.T.);
#3896=ADVANCED_FACE('',(#3569),#93,.F.);
#3897=ADVANCED_FACE('',(#3570),#94,.F.);
#3898=ADVANCED_FACE('',(#3571),#95,.F.);
#3899=ADVANCED_FACE('',(#3572),#3705,.T.);
#3900=ADVANCED_FACE('',(#3573),#96,.F.);
#3901=ADVANCED_FACE('',(#3574),#97,.T.);
#3902=ADVANCED_FACE('',(#3575),#98,.F.);
#3903=ADVANCED_FACE('',(#3576),#3706,.T.);
#3904=ADVANCED_FACE('',(#3577,#3578,#3579),#3707,.T.);
#3905=ADVANCED_FACE('',(#3580),#3708,.F.);
#3906=ADVANCED_FACE('',(#3581),#99,.F.);
#3907=ADVANCED_FACE('',(#3582),#3709,.T.);
#3908=ADVANCED_FACE('',(#3583),#3710,.T.);
#3909=ADVANCED_FACE('',(#3584),#3711,.T.);
#3910=ADVANCED_FACE('',(#3585),#100,.T.);
#3911=ADVANCED_FACE('',(#3586),#101,.T.);
#3912=ADVANCED_FACE('',(#3587),#3712,.T.);
#3913=ADVANCED_FACE('',(#3588),#102,.T.);
#3914=ADVANCED_FACE('',(#3589),#103,.T.);
#3915=ADVANCED_FACE('',(#3590),#3713,.T.);
#3916=ADVANCED_FACE('',(#3591),#3714,.T.);
#3917=ADVANCED_FACE('',(#3592),#3715,.T.);
#3918=ADVANCED_FACE('',(#3593),#104,.F.);
#3919=ADVANCED_FACE('',(#3594),#105,.F.);
#3920=ADVANCED_FACE('',(#3595),#106,.F.);
#3921=ADVANCED_FACE('',(#3596),#3716,.T.);
#3922=ADVANCED_FACE('',(#3597),#107,.F.);
#3923=ADVANCED_FACE('',(#3598),#108,.F.);
#3924=ADVANCED_FACE('',(#3599),#3717,.T.);
#3925=ADVANCED_FACE('',(#3600),#3718,.F.);
#3926=CLOSED_SHELL('',(#3719,#3720,#3721,#3722,#3723,#3724,#3725,#3726,#3727,#3728,#3729,#3730,#3731,#3732,#3733,#3734,#3735,#3736,#3737,#3738,#3739,#3740,#3741,#3742,#3743,#3744,#3745,#3746,#3747,#3748,#3749,#3750,#3751,#3752,#3753,#3754,#3755,#3756,#3757,#3758,#3759,#3760,#3761,#3762,#3763,#3764,#3765,#3766,#3767,#3768,#3769,#3770,#3771,#3772,#3773,#3774,#3775,#3776,#3777,#3778,#3779,#3780,#3781,#3782,#3783,#3784,#3785,#3786,#3787,#3788,#3789,#3790,#3791,#3792,#3793,#3794,#3795,#3796,#3797,#3798,#3799,#3800,#3801,#3802,#3803,#3804,#3805,#3806,#3807,#3808,#3809,#3810,#3811,#3812,#3813,#3814,#3815,#3816,#3817,#3818,#3819,#3820,#3821,#3822,#3823,#3824,#3825,#3826,#3827,#3828,#3829,#3830,#3831,#3832,#3833,#3834,#3835,#3836,#3837,#3838,#3839,#3840,#3841,#3842,#3843,#3844,#3845,#3846,#3847,#3848,#3849,#3850,#3851,#3852,#3853,#3854,#3855,#3856,#3857,#3858,#3859,#3860,#3861,#3862,#3863,#3864,#3865,#3866,#3867,#3868,#3869,#3870,#3871,#3872,#3873,#3874,#3875,#3876,#3877,#3878,#3879,#3880,#3881,#3882,#3883,#3884,#3885,#3886,#3887,#3888,#3889,#3890,#3891,#3892,#3893,#3894,#3895,#3896,#3897,#3898,#3899,#3900,#3901,#3902,#3903,#3904,#3905,#3906,#3907,#3908,#3909,#3910,#3911,#3912,#3913,#3914,#3915,#3916,#3917,#3918,#3919,#3920,#3921,#3922,#3923,#3924,#3925));
#3927=STYLED_ITEM('',(#3928),#3935);
#3928=PRESENTATION_STYLE_ASSIGNMENT((#3929));
#3929=SURFACE_STYLE_USAGE(.BOTH.,#3930);
#3930=SURFACE_SIDE_STYLE('',(#3931));
#3931=SURFACE_STYLE_FILL_AREA(#3932);
#3932=FILL_AREA_STYLE('',(#3933));
#3933=FILL_AREA_STYLE_COLOUR('',#3934);
#3934=COLOUR_RGB('',0.980392156862745,0.713725490196078,0.00392156862745098);
#3935=MANIFOLD_SOLID_BREP('HalfTokenHolder',#3926);
#3936=SHAPE_DEFINITION_REPRESENTATION(#6660,#3937);
#3937=SHAPE_REPRESENTATION('HalfTokenHolder',(#3938),#6655);
#3938=AXIS2_PLACEMENT_3D('',#5482,#4322,#4323);
#3939=AXIS2_PLACEMENT_3D('',#5483,#4324,#4325);
#3940=AXIS2_PLACEMENT_3D('',#5484,#4326,#4327);
#3941=AXIS2_PLACEMENT_3D('',#5487,#4328,#4329);
#3942=AXIS2_PLACEMENT_3D('',#5489,#4330,#4331);
#3943=AXIS2_PLACEMENT_3D('',#5493,#4333,#4334);
#3944=AXIS2_PLACEMENT_3D('',#5495,#4335,#4336);
#3945=AXIS2_PLACEMENT_3D('',#5497,#4337,#4338);
#3946=AXIS2_PLACEMENT_3D('',#5501,#4340,#4341);
#3947=AXIS2_PLACEMENT_3D('',#5503,#4342,#4343);
#3948=AXIS2_PLACEMENT_3D('',#5505,#4344,#4345);
#3949=AXIS2_PLACEMENT_3D('',#5509,#4347,#4348);
#3950=AXIS2_PLACEMENT_3D('',#5511,#4349,#4350);
#3951=AXIS2_PLACEMENT_3D('',#5513,#4351,#4352);
#3952=AXIS2_PLACEMENT_3D('',#5516,#4354,#4355);
#3953=AXIS2_PLACEMENT_3D('',#5519,#4356,#4357);
#3954=AXIS2_PLACEMENT_3D('',#5521,#4358,#4359);
#3955=AXIS2_PLACEMENT_3D('',#5529,#4363,#4364);
#3956=AXIS2_PLACEMENT_3D('',#5531,#4365,#4366);
#3957=AXIS2_PLACEMENT_3D('',#5535,#4368,#4369);
#3958=AXIS2_PLACEMENT_3D('',#5537,#4370,#4371);
#3959=AXIS2_PLACEMENT_3D('',#5545,#4375,#4376);
#3960=AXIS2_PLACEMENT_3D('',#5547,#4377,#4378);
#3961=AXIS2_PLACEMENT_3D('',#5549,#4379,#4380);
#3962=AXIS2_PLACEMENT_3D('',#5593,#4402,#4403);
#3963=AXIS2_PLACEMENT_3D('',#5595,#4404,#4405);
#3964=AXIS2_PLACEMENT_3D('',#5603,#4409,#4410);
#3965=AXIS2_PLACEMENT_3D('',#5605,#4411,#4412);
#3966=AXIS2_PLACEMENT_3D('',#5607,#4413,#4414);
#3967=AXIS2_PLACEMENT_3D('',#5620,#4421,#4422);
#3968=AXIS2_PLACEMENT_3D('',#5623,#4423,#4424);
#3969=AXIS2_PLACEMENT_3D('',#5625,#4425,#4426);
#3970=AXIS2_PLACEMENT_3D('',#5629,#4428,#4429);
#3971=AXIS2_PLACEMENT_3D('',#5631,#4430,#4431);
#3972=AXIS2_PLACEMENT_3D('',#5633,#4432,#4433);
#3973=AXIS2_PLACEMENT_3D('',#5641,#4437,#4438);
#3974=AXIS2_PLACEMENT_3D('',#5643,#4439,#4440);
#3975=AXIS2_PLACEMENT_3D('',#5647,#4442,#4443);
#3976=AXIS2_PLACEMENT_3D('',#5649,#4444,#4445);
#3977=AXIS2_PLACEMENT_3D('',#5667,#4454,#4455);
#3978=AXIS2_PLACEMENT_3D('',#5669,#4456,#4457);
#3979=AXIS2_PLACEMENT_3D('',#5671,#4458,#4459);
#3980=AXIS2_PLACEMENT_3D('',#5675,#4461,#4462);
#3981=AXIS2_PLACEMENT_3D('',#5677,#4463,#4464);
#3982=AXIS2_PLACEMENT_3D('',#5681,#4466,#4467);
#3983=AXIS2_PLACEMENT_3D('',#5683,#4468,#4469);
#3984=AXIS2_PLACEMENT_3D('',#5687,#4471,#4472);
#3985=AXIS2_PLACEMENT_3D('',#5689,#4473,#4474);
#3986=AXIS2_PLACEMENT_3D('',#5697,#4478,#4479);
#3987=AXIS2_PLACEMENT_3D('',#5699,#4480,#4481);
#3988=AXIS2_PLACEMENT_3D('',#5701,#4482,#4483);
#3989=AXIS2_PLACEMENT_3D('',#5705,#4485,#4486);
#3990=AXIS2_PLACEMENT_3D('',#5707,#4487,#4488);
#3991=AXIS2_PLACEMENT_3D('',#5709,#4489,#4490);
#3992=AXIS2_PLACEMENT_3D('',#5713,#4492,#4493);
#3993=AXIS2_PLACEMENT_3D('',#5715,#4494,#4495);
#3994=AXIS2_PLACEMENT_3D('',#5717,#4496,#4497);
#3995=AXIS2_PLACEMENT_3D('',#5721,#4499,#4500);
#3996=AXIS2_PLACEMENT_3D('',#5723,#4501,#4502);
#3997=AXIS2_PLACEMENT_3D('',#5727,#4504,#4505);
#3998=AXIS2_PLACEMENT_3D('',#5729,#4506,#4507);
#3999=AXIS2_PLACEMENT_3D('',#5749,#4517,#4518);
#4000=AXIS2_PLACEMENT_3D('',#5751,#4519,#4520);
#4001=AXIS2_PLACEMENT_3D('',#5753,#4521,#4522);
#4002=AXIS2_PLACEMENT_3D('',#5761,#4526,#4527);
#4003=AXIS2_PLACEMENT_3D('',#5763,#4528,#4529);
#4004=AXIS2_PLACEMENT_3D('',#5767,#4531,#4532);
#4005=AXIS2_PLACEMENT_3D('',#5769,#4533,#4534);
#4006=AXIS2_PLACEMENT_3D('',#5774,#4537,#4538);
#4007=AXIS2_PLACEMENT_3D('',#5777,#4539,#4540);
#4008=AXIS2_PLACEMENT_3D('',#5779,#4541,#4542);
#4009=AXIS2_PLACEMENT_3D('',#5783,#4544,#4545);
#4010=AXIS2_PLACEMENT_3D('',#5785,#4546,#4547);
#4011=AXIS2_PLACEMENT_3D('',#5787,#4548,#4549);
#4012=AXIS2_PLACEMENT_3D('',#5795,#4553,#4554);
#4013=AXIS2_PLACEMENT_3D('',#5797,#4555,#4556);
#4014=AXIS2_PLACEMENT_3D('',#5801,#4558,#4559);
#4015=AXIS2_PLACEMENT_3D('',#5803,#4560,#4561);
#4016=AXIS2_PLACEMENT_3D('',#5810,#4565,#4566);
#4017=AXIS2_PLACEMENT_3D('',#5814,#4568,#4569);
#4018=AXIS2_PLACEMENT_3D('',#5818,#4571,#4572);
#4019=AXIS2_PLACEMENT_3D('',#5828,#4577,#4578);
#4020=AXIS2_PLACEMENT_3D('',#5835,#4582,#4583);
#4021=AXIS2_PLACEMENT_3D('',#5847,#4589,#4590);
#4022=AXIS2_PLACEMENT_3D('',#5852,#4593,#4594);
#4023=AXIS2_PLACEMENT_3D('',#5855,#4597,#4598);
#4024=AXIS2_PLACEMENT_3D('',#5858,#4601,#4602);
#4025=AXIS2_PLACEMENT_3D('',#5859,#4603,#4604);
#4026=AXIS2_PLACEMENT_3D('',#5868,#4609,#4610);
#4027=AXIS2_PLACEMENT_3D('',#5872,#4613,#4614);
#4028=AXIS2_PLACEMENT_3D('',#5876,#4617,#4618);
#4029=AXIS2_PLACEMENT_3D('',#5878,#4620,#4621);
#4030=AXIS2_PLACEMENT_3D('',#5894,#4629,#4630);
#4031=AXIS2_PLACEMENT_3D('',#5895,#4631,#4632);
#4032=AXIS2_PLACEMENT_3D('',#5896,#4633,#4634);
#4033=AXIS2_PLACEMENT_3D('',#5897,#4635,#4636);
#4034=AXIS2_PLACEMENT_3D('',#5901,#4638,#4639);
#4035=AXIS2_PLACEMENT_3D('',#5902,#4640,#4641);
#4036=AXIS2_PLACEMENT_3D('',#5903,#4642,#4643);
#4037=AXIS2_PLACEMENT_3D('',#5909,#4644,#4645);
#4038=AXIS2_PLACEMENT_3D('',#5915,#4646,#4647);
#4039=AXIS2_PLACEMENT_3D('',#5916,#4648,#4649);
#4040=AXIS2_PLACEMENT_3D('',#5917,#4650,#4651);
#4041=AXIS2_PLACEMENT_3D('',#5919,#4653,#4654);
#4042=AXIS2_PLACEMENT_3D('',#5921,#4656,#4657);
#4043=AXIS2_PLACEMENT_3D('',#5923,#4659,#4660);
#4044=AXIS2_PLACEMENT_3D('',#5925,#4662,#4663);
#4045=AXIS2_PLACEMENT_3D('',#5926,#4664,#4665);
#4046=AXIS2_PLACEMENT_3D('',#5931,#4666,#4667);
#4047=AXIS2_PLACEMENT_3D('',#5932,#4668,#4669);
#4048=AXIS2_PLACEMENT_3D('',#5933,#4670,#4671);
#4049=AXIS2_PLACEMENT_3D('',#5938,#4672,#4673);
#4050=AXIS2_PLACEMENT_3D('',#5939,#4674,#4675);
#4051=AXIS2_PLACEMENT_3D('',#5940,#4676,#4677);
#4052=AXIS2_PLACEMENT_3D('',#5941,#4678,#4679);
#4053=AXIS2_PLACEMENT_3D('',#5942,#4680,#4681);
#4054=AXIS2_PLACEMENT_3D('',#5943,#4682,#4683);
#4055=AXIS2_PLACEMENT_3D('',#5944,#4684,#4685);
#4056=AXIS2_PLACEMENT_3D('',#5945,#4686,#4687);
#4057=AXIS2_PLACEMENT_3D('',#5948,#4689,#4690);
#4058=AXIS2_PLACEMENT_3D('',#5951,#4692,#4693);
#4059=AXIS2_PLACEMENT_3D('',#5955,#4696,#4697);
#4060=AXIS2_PLACEMENT_3D('',#5959,#4700,#4701);
#4061=AXIS2_PLACEMENT_3D('',#5963,#4704,#4705);
#4062=AXIS2_PLACEMENT_3D('',#5966,#4707,#4708);
#4063=AXIS2_PLACEMENT_3D('',#5967,#4709,#4710);
#4064=AXIS2_PLACEMENT_3D('',#5970,#4712,#4713);
#4065=AXIS2_PLACEMENT_3D('',#5971,#4714,#4715);
#4066=AXIS2_PLACEMENT_3D('',#5975,#4718,#4719);
#4067=AXIS2_PLACEMENT_3D('',#5978,#4721,#4722);
#4068=AXIS2_PLACEMENT_3D('',#5979,#4723,#4724);
#4069=AXIS2_PLACEMENT_3D('',#5982,#4726,#4727);
#4070=AXIS2_PLACEMENT_3D('',#5983,#4728,#4729);
#4071=AXIS2_PLACEMENT_3D('',#5987,#4732,#4733);
#4072=AXIS2_PLACEMENT_3D('',#5991,#4736,#4737);
#4073=AXIS2_PLACEMENT_3D('',#5995,#4740,#4741);
#4074=AXIS2_PLACEMENT_3D('',#5998,#4743,#4744);
#4075=AXIS2_PLACEMENT_3D('',#5999,#4745,#4746);
#4076=AXIS2_PLACEMENT_3D('',#6002,#4748,#4749);
#4077=AXIS2_PLACEMENT_3D('',#6003,#4750,#4751);
#4078=AXIS2_PLACEMENT_3D('',#6006,#4753,#4754);
#4079=AXIS2_PLACEMENT_3D('',#6007,#4755,#4756);
#4080=AXIS2_PLACEMENT_3D('',#6011,#4759,#4760);
#4081=AXIS2_PLACEMENT_3D('',#6014,#4762,#4763);
#4082=AXIS2_PLACEMENT_3D('',#6015,#4764,#4765);
#4083=AXIS2_PLACEMENT_3D('',#6016,#4766,#4767);
#4084=AXIS2_PLACEMENT_3D('',#6017,#4768,#4769);
#4085=AXIS2_PLACEMENT_3D('',#6018,#4770,#4771);
#4086=AXIS2_PLACEMENT_3D('',#6024,#4775,#4776);
#4087=AXIS2_PLACEMENT_3D('',#6028,#4779,#4780);
#4088=AXIS2_PLACEMENT_3D('',#6032,#4783,#4784);
#4089=AXIS2_PLACEMENT_3D('',#6035,#4786,#4787);
#4090=AXIS2_PLACEMENT_3D('',#6036,#4788,#4789);
#4091=AXIS2_PLACEMENT_3D('',#6039,#4791,#4792);
#4092=AXIS2_PLACEMENT_3D('',#6040,#4793,#4794);
#4093=AXIS2_PLACEMENT_3D('',#6043,#4796,#4797);
#4094=AXIS2_PLACEMENT_3D('',#6044,#4798,#4799);
#4095=AXIS2_PLACEMENT_3D('',#6048,#4802,#4803);
#4096=AXIS2_PLACEMENT_3D('',#6052,#4806,#4807);
#4097=AXIS2_PLACEMENT_3D('',#6056,#4810,#4811);
#4098=AXIS2_PLACEMENT_3D('',#6059,#4813,#4814);
#4099=AXIS2_PLACEMENT_3D('',#6060,#4815,#4816);
#4100=AXIS2_PLACEMENT_3D('',#6061,#4817,#4818);
#4101=AXIS2_PLACEMENT_3D('',#6062,#4819,#4820);
#4102=AXIS2_PLACEMENT_3D('',#6063,#4821,#4822);
#4103=AXIS2_PLACEMENT_3D('',#6069,#4826,#4827);
#4104=AXIS2_PLACEMENT_3D('',#6073,#4830,#4831);
#4105=AXIS2_PLACEMENT_3D('',#6077,#4834,#4835);
#4106=AXIS2_PLACEMENT_3D('',#6079,#4837,#4838);
#4107=AXIS2_PLACEMENT_3D('',#6080,#4839,#4840);
#4108=AXIS2_PLACEMENT_3D('',#6086,#4844,#4845);
#4109=AXIS2_PLACEMENT_3D('',#6090,#4848,#4849);
#4110=AXIS2_PLACEMENT_3D('',#6094,#4852,#4853);
#4111=AXIS2_PLACEMENT_3D('',#6098,#4856,#4857);
#4112=AXIS2_PLACEMENT_3D('',#6102,#4860,#4861);
#4113=AXIS2_PLACEMENT_3D('',#6106,#4864,#4865);
#4114=AXIS2_PLACEMENT_3D('',#6110,#4868,#4869);
#4115=AXIS2_PLACEMENT_3D('',#6114,#4872,#4873);
#4116=AXIS2_PLACEMENT_3D('',#6118,#4876,#4877);
#4117=AXIS2_PLACEMENT_3D('',#6122,#4880,#4881);
#4118=AXIS2_PLACEMENT_3D('',#6126,#4884,#4885);
#4119=AXIS2_PLACEMENT_3D('',#6128,#4887,#4888);
#4120=AXIS2_PLACEMENT_3D('',#6129,#4889,#4890);
#4121=AXIS2_PLACEMENT_3D('',#6135,#4894,#4895);
#4122=AXIS2_PLACEMENT_3D('',#6139,#4898,#4899);
#4123=AXIS2_PLACEMENT_3D('',#6143,#4902,#4903);
#4124=AXIS2_PLACEMENT_3D('',#6147,#4906,#4907);
#4125=AXIS2_PLACEMENT_3D('',#6150,#4909,#4910);
#4126=AXIS2_PLACEMENT_3D('',#6151,#4911,#4912);
#4127=AXIS2_PLACEMENT_3D('',#6154,#4914,#4915);
#4128=AXIS2_PLACEMENT_3D('',#6155,#4916,#4917);
#4129=AXIS2_PLACEMENT_3D('',#6159,#4920,#4921);
#4130=AXIS2_PLACEMENT_3D('',#6162,#4923,#4924);
#4131=AXIS2_PLACEMENT_3D('',#6163,#4925,#4926);
#4132=AXIS2_PLACEMENT_3D('',#6166,#4928,#4929);
#4133=AXIS2_PLACEMENT_3D('',#6167,#4930,#4931);
#4134=AXIS2_PLACEMENT_3D('',#6171,#4934,#4935);
#4135=AXIS2_PLACEMENT_3D('',#6174,#4937,#4938);
#4136=AXIS2_PLACEMENT_3D('',#6175,#4939,#4940);
#4137=AXIS2_PLACEMENT_3D('',#6178,#4942,#4943);
#4138=AXIS2_PLACEMENT_3D('',#6179,#4944,#4945);
#4139=AXIS2_PLACEMENT_3D('',#6182,#4947,#4948);
#4140=AXIS2_PLACEMENT_3D('',#6183,#4949,#4950);
#4141=AXIS2_PLACEMENT_3D('',#6187,#4953,#4954);
#4142=AXIS2_PLACEMENT_3D('',#6190,#4956,#4957);
#4143=AXIS2_PLACEMENT_3D('',#6191,#4958,#4959);
#4144=AXIS2_PLACEMENT_3D('',#6194,#4961,#4962);
#4145=AXIS2_PLACEMENT_3D('',#6195,#4963,#4964);
#4146=AXIS2_PLACEMENT_3D('',#6198,#4966,#4967);
#4147=AXIS2_PLACEMENT_3D('',#6199,#4968,#4969);
#4148=AXIS2_PLACEMENT_3D('',#6203,#4972,#4973);
#4149=AXIS2_PLACEMENT_3D('',#6206,#4975,#4976);
#4150=AXIS2_PLACEMENT_3D('',#6207,#4977,#4978);
#4151=AXIS2_PLACEMENT_3D('',#6210,#4980,#4981);
#4152=AXIS2_PLACEMENT_3D('',#6211,#4982,#4983);
#4153=AXIS2_PLACEMENT_3D('',#6214,#4985,#4986);
#4154=AXIS2_PLACEMENT_3D('',#6215,#4987,#4988);
#4155=AXIS2_PLACEMENT_3D('',#6219,#4991,#4992);
#4156=AXIS2_PLACEMENT_3D('',#6223,#4995,#4996);
#4157=AXIS2_PLACEMENT_3D('',#6227,#4999,#5000);
#4158=AXIS2_PLACEMENT_3D('',#6230,#5002,#5003);
#4159=AXIS2_PLACEMENT_3D('',#6231,#5004,#5005);
#4160=AXIS2_PLACEMENT_3D('',#6234,#5007,#5008);
#4161=AXIS2_PLACEMENT_3D('',#6235,#5009,#5010);
#4162=AXIS2_PLACEMENT_3D('',#6239,#5013,#5014);
#4163=AXIS2_PLACEMENT_3D('',#6242,#5016,#5017);
#4164=AXIS2_PLACEMENT_3D('',#6243,#5018,#5019);
#4165=AXIS2_PLACEMENT_3D('',#6246,#5021,#5022);
#4166=AXIS2_PLACEMENT_3D('',#6247,#5023,#5024);
#4167=AXIS2_PLACEMENT_3D('',#6251,#5027,#5028);
#4168=AXIS2_PLACEMENT_3D('',#6254,#5030,#5031);
#4169=AXIS2_PLACEMENT_3D('',#6255,#5032,#5033);
#4170=AXIS2_PLACEMENT_3D('',#6258,#5035,#5036);
#4171=AXIS2_PLACEMENT_3D('',#6259,#5037,#5038);
#4172=AXIS2_PLACEMENT_3D('',#6263,#5041,#5042);
#4173=AXIS2_PLACEMENT_3D('',#6266,#5044,#5045);
#4174=AXIS2_PLACEMENT_3D('',#6267,#5046,#5047);
#4175=AXIS2_PLACEMENT_3D('',#6270,#5049,#5050);
#4176=AXIS2_PLACEMENT_3D('',#6271,#5051,#5052);
#4177=AXIS2_PLACEMENT_3D('',#6272,#5053,#5054);
#4178=AXIS2_PLACEMENT_3D('',#6273,#5055,#5056);
#4179=AXIS2_PLACEMENT_3D('',#6274,#5057,#5058);
#4180=AXIS2_PLACEMENT_3D('',#6280,#5062,#5063);
#4181=AXIS2_PLACEMENT_3D('',#6284,#5066,#5067);
#4182=AXIS2_PLACEMENT_3D('',#6288,#5070,#5071);
#4183=AXIS2_PLACEMENT_3D('',#6292,#5074,#5075);
#4184=AXIS2_PLACEMENT_3D('',#6296,#5078,#5079);
#4185=AXIS2_PLACEMENT_3D('',#6300,#5082,#5083);
#4186=AXIS2_PLACEMENT_3D('',#6302,#5085,#5086);
#4187=AXIS2_PLACEMENT_3D('',#6303,#5087,#5088);
#4188=AXIS2_PLACEMENT_3D('',#6309,#5092,#5093);
#4189=AXIS2_PLACEMENT_3D('',#6313,#5096,#5097);
#4190=AXIS2_PLACEMENT_3D('',#6317,#5100,#5101);
#4191=AXIS2_PLACEMENT_3D('',#6319,#5103,#5104);
#4192=AXIS2_PLACEMENT_3D('',#6320,#5105,#5106);
#4193=AXIS2_PLACEMENT_3D('',#6323,#5108,#5109);
#4194=AXIS2_PLACEMENT_3D('',#6326,#5111,#5112);
#4195=AXIS2_PLACEMENT_3D('',#6330,#5115,#5116);
#4196=AXIS2_PLACEMENT_3D('',#6333,#5118,#5119);
#4197=AXIS2_PLACEMENT_3D('',#6334,#5120,#5121);
#4198=AXIS2_PLACEMENT_3D('',#6337,#5123,#5124);
#4199=AXIS2_PLACEMENT_3D('',#6338,#5125,#5126);
#4200=AXIS2_PLACEMENT_3D('',#6341,#5128,#5129);
#4201=AXIS2_PLACEMENT_3D('',#6342,#5130,#5131);
#4202=AXIS2_PLACEMENT_3D('',#6346,#5134,#5135);
#4203=AXIS2_PLACEMENT_3D('',#6350,#5138,#5139);
#4204=AXIS2_PLACEMENT_3D('',#6354,#5142,#5143);
#4205=AXIS2_PLACEMENT_3D('',#6357,#5145,#5146);
#4206=AXIS2_PLACEMENT_3D('',#6358,#5147,#5148);
#4207=AXIS2_PLACEMENT_3D('',#6361,#5150,#5151);
#4208=AXIS2_PLACEMENT_3D('',#6362,#5152,#5153);
#4209=AXIS2_PLACEMENT_3D('',#6366,#5156,#5157);
#4210=AXIS2_PLACEMENT_3D('',#6369,#5159,#5160);
#4211=AXIS2_PLACEMENT_3D('',#6370,#5161,#5162);
#4212=AXIS2_PLACEMENT_3D('',#6373,#5164,#5165);
#4213=AXIS2_PLACEMENT_3D('',#6374,#5166,#5167);
#4214=AXIS2_PLACEMENT_3D('',#6378,#5170,#5171);
#4215=AXIS2_PLACEMENT_3D('',#6382,#5174,#5175);
#4216=AXIS2_PLACEMENT_3D('',#6386,#5178,#5179);
#4217=AXIS2_PLACEMENT_3D('',#6389,#5181,#5182);
#4218=AXIS2_PLACEMENT_3D('',#6390,#5183,#5184);
#4219=AXIS2_PLACEMENT_3D('',#6391,#5185,#5186);
#4220=AXIS2_PLACEMENT_3D('',#6392,#5187,#5188);
#4221=AXIS2_PLACEMENT_3D('',#6393,#5189,#5190);
#4222=AXIS2_PLACEMENT_3D('',#6399,#5194,#5195);
#4223=AXIS2_PLACEMENT_3D('',#6403,#5198,#5199);
#4224=AXIS2_PLACEMENT_3D('',#6407,#5202,#5203);
#4225=AXIS2_PLACEMENT_3D('',#6410,#5205,#5206);
#4226=AXIS2_PLACEMENT_3D('',#6411,#5207,#5208);
#4227=AXIS2_PLACEMENT_3D('',#6414,#5210,#5211);
#4228=AXIS2_PLACEMENT_3D('',#6415,#5212,#5213);
#4229=AXIS2_PLACEMENT_3D('',#6419,#5216,#5217);
#4230=AXIS2_PLACEMENT_3D('',#6422,#5219,#5220);
#4231=AXIS2_PLACEMENT_3D('',#6423,#5221,#5222);
#4232=AXIS2_PLACEMENT_3D('',#6426,#5224,#5225);
#4233=AXIS2_PLACEMENT_3D('',#6427,#5226,#5227);
#4234=AXIS2_PLACEMENT_3D('',#6431,#5230,#5231);
#4235=AXIS2_PLACEMENT_3D('',#6435,#5234,#5235);
#4236=AXIS2_PLACEMENT_3D('',#6439,#5238,#5239);
#4237=AXIS2_PLACEMENT_3D('',#6442,#5241,#5242);
#4238=AXIS2_PLACEMENT_3D('',#6443,#5243,#5244);
#4239=AXIS2_PLACEMENT_3D('',#6446,#5246,#5247);
#4240=AXIS2_PLACEMENT_3D('',#6447,#5248,#5249);
#4241=AXIS2_PLACEMENT_3D('',#6450,#5251,#5252);
#4242=AXIS2_PLACEMENT_3D('',#6451,#5253,#5254);
#4243=AXIS2_PLACEMENT_3D('',#6453,#5256,#5257);
#4244=AXIS2_PLACEMENT_3D('',#6454,#5258,#5259);
#4245=AXIS2_PLACEMENT_3D('',#6463,#5264,#5265);
#4246=AXIS2_PLACEMENT_3D('',#6469,#5269,#5270);
#4247=AXIS2_PLACEMENT_3D('',#6470,#5271,#5272);
#4248=AXIS2_PLACEMENT_3D('',#6474,#5274,#5275);
#4249=AXIS2_PLACEMENT_3D('',#6475,#5276,#5277);
#4250=AXIS2_PLACEMENT_3D('',#6476,#5278,#5279);
#4251=AXIS2_PLACEMENT_3D('',#6480,#5281,#5282);
#4252=AXIS2_PLACEMENT_3D('',#6481,#5283,#5284);
#4253=AXIS2_PLACEMENT_3D('',#6490,#5289,#5290);
#4254=AXIS2_PLACEMENT_3D('',#6496,#5294,#5295);
#4255=AXIS2_PLACEMENT_3D('',#6502,#5299,#5300);
#4256=AXIS2_PLACEMENT_3D('',#6503,#5301,#5302);
#4257=AXIS2_PLACEMENT_3D('',#6507,#5304,#5305);
#4258=AXIS2_PLACEMENT_3D('',#6508,#5306,#5307);
#4259=AXIS2_PLACEMENT_3D('',#6511,#5309,#5310);
#4260=AXIS2_PLACEMENT_3D('',#6514,#5312,#5313);
#4261=AXIS2_PLACEMENT_3D('',#6518,#5316,#5317);
#4262=AXIS2_PLACEMENT_3D('',#6521,#5319,#5320);
#4263=AXIS2_PLACEMENT_3D('',#6522,#5321,#5322);
#4264=AXIS2_PLACEMENT_3D('',#6525,#5324,#5325);
#4265=AXIS2_PLACEMENT_3D('',#6526,#5326,#5327);
#4266=AXIS2_PLACEMENT_3D('',#6529,#5329,#5330);
#4267=AXIS2_PLACEMENT_3D('',#6530,#5331,#5332);
#4268=AXIS2_PLACEMENT_3D('',#6534,#5335,#5336);
#4269=AXIS2_PLACEMENT_3D('',#6537,#5338,#5339);
#4270=AXIS2_PLACEMENT_3D('',#6538,#5340,#5341);
#4271=AXIS2_PLACEMENT_3D('',#6541,#5343,#5344);
#4272=AXIS2_PLACEMENT_3D('',#6542,#5345,#5346);
#4273=AXIS2_PLACEMENT_3D('',#6545,#5348,#5349);
#4274=AXIS2_PLACEMENT_3D('',#6546,#5350,#5351);
#4275=AXIS2_PLACEMENT_3D('',#6550,#5354,#5355);
#4276=AXIS2_PLACEMENT_3D('',#6553,#5357,#5358);
#4277=AXIS2_PLACEMENT_3D('',#6554,#5359,#5360);
#4278=AXIS2_PLACEMENT_3D('',#6557,#5362,#5363);
#4279=AXIS2_PLACEMENT_3D('',#6558,#5364,#5365);
#4280=AXIS2_PLACEMENT_3D('',#6561,#5367,#5368);
#4281=AXIS2_PLACEMENT_3D('',#6562,#5369,#5370);
#4282=AXIS2_PLACEMENT_3D('',#6566,#5373,#5374);
#4283=AXIS2_PLACEMENT_3D('',#6569,#5376,#5377);
#4284=AXIS2_PLACEMENT_3D('',#6570,#5378,#5379);
#4285=AXIS2_PLACEMENT_3D('',#6571,#5380,#5381);
#4286=AXIS2_PLACEMENT_3D('',#6572,#5382,#5383);
#4287=AXIS2_PLACEMENT_3D('',#6573,#5384,#5385);
#4288=AXIS2_PLACEMENT_3D('',#6574,#5386,#5387);
#4289=AXIS2_PLACEMENT_3D('',#6575,#5388,#5389);
#4290=AXIS2_PLACEMENT_3D('',#6578,#5392,#5393);
#4291=AXIS2_PLACEMENT_3D('',#6579,#5394,#5395);
#4292=AXIS2_PLACEMENT_3D('',#6580,#5396,#5397);
#4293=AXIS2_PLACEMENT_3D('',#6583,#5399,#5400);
#4294=AXIS2_PLACEMENT_3D('',#6586,#5402,#5403);
#4295=AXIS2_PLACEMENT_3D('',#6590,#5406,#5407);
#4296=AXIS2_PLACEMENT_3D('',#6594,#5410,#5411);
#4297=AXIS2_PLACEMENT_3D('',#6598,#5414,#5415);
#4298=AXIS2_PLACEMENT_3D('',#6601,#5417,#5418);
#4299=AXIS2_PLACEMENT_3D('',#6602,#5419,#5420);
#4300=AXIS2_PLACEMENT_3D('',#6605,#5422,#5423);
#4301=AXIS2_PLACEMENT_3D('',#6606,#5424,#5425);
#4302=AXIS2_PLACEMENT_3D('',#6610,#5428,#5429);
#4303=AXIS2_PLACEMENT_3D('',#6613,#5431,#5432);
#4304=AXIS2_PLACEMENT_3D('',#6614,#5433,#5434);
#4305=AXIS2_PLACEMENT_3D('',#6617,#5436,#5437);
#4306=AXIS2_PLACEMENT_3D('',#6618,#5438,#5439);
#4307=AXIS2_PLACEMENT_3D('',#6622,#5442,#5443);
#4308=AXIS2_PLACEMENT_3D('',#6626,#5446,#5447);
#4309=AXIS2_PLACEMENT_3D('',#6630,#5450,#5451);
#4310=AXIS2_PLACEMENT_3D('',#6633,#5453,#5454);
#4311=AXIS2_PLACEMENT_3D('',#6634,#5455,#5456);
#4312=AXIS2_PLACEMENT_3D('',#6637,#5458,#5459);
#4313=AXIS2_PLACEMENT_3D('',#6638,#5460,#5461);
#4314=AXIS2_PLACEMENT_3D('',#6641,#5463,#5464);
#4315=AXIS2_PLACEMENT_3D('',#6642,#5465,#5466);
#4316=AXIS2_PLACEMENT_3D('',#6646,#5469,#5470);
#4317=AXIS2_PLACEMENT_3D('',#6649,#5472,#5473);
#4318=AXIS2_PLACEMENT_3D('',#6650,#5474,#5475);
#4319=AXIS2_PLACEMENT_3D('',#6651,#5476,#5477);
#4320=AXIS2_PLACEMENT_3D('',#6652,#5478,#5479);
#4321=AXIS2_PLACEMENT_3D('',#6653,#5480,#5481);
#4322=DIRECTION('',(0.,0.,1.));
#4323=DIRECTION('',(1.,0.,0.));
#4324=DIRECTION('',(0.,0.,1.));
#4325=DIRECTION('',(1.,0.,0.));
#4326=DIRECTION('',(0.,0.,-1.));
#4327=DIRECTION('',(-1.,0.,0.));
#4328=DIRECTION('',(0.,0.,-1.));
#4329=DIRECTION('',(-1.,0.,0.));
#4330=DIRECTION('',(0.,0.,-1.));
#4331=DIRECTION('',(-1.,0.,0.));
#4332=DIRECTION('',(0.,-1.,0.));
#4333=DIRECTION('',(0.,0.,-1.));
#4334=DIRECTION('',(-1.,0.,0.));
#4335=DIRECTION('',(0.,0.,-1.));
#4336=DIRECTION('',(-1.,0.,0.));
#4337=DIRECTION('',(0.,0.,-1.));
#4338=DIRECTION('',(-1.,0.,0.));
#4339=DIRECTION('',(1.,0.,0.));
#4340=DIRECTION('',(0.,0.,-1.));
#4341=DIRECTION('',(-1.,0.,0.));
#4342=DIRECTION('',(0.,0.,-1.));
#4343=DIRECTION('',(-1.,0.,0.));
#4344=DIRECTION('',(0.,0.,-1.));
#4345=DIRECTION('',(-1.,0.,0.));
#4346=DIRECTION('',(0.,1.,0.));
#4347=DIRECTION('',(0.,0.,-1.));
#4348=DIRECTION('',(-1.,0.,0.));
#4349=DIRECTION('',(0.,0.,-1.));
#4350=DIRECTION('',(-1.,0.,0.));
#4351=DIRECTION('',(0.,0.,-1.));
#4352=DIRECTION('',(-1.,0.,0.));
#4353=DIRECTION('',(-1.,0.,0.));
#4354=DIRECTION('',(0.,0.,-1.));
#4355=DIRECTION('',(-1.,0.,0.));
#4356=DIRECTION('',(0.,0.,-1.));
#4357=DIRECTION('',(-1.,0.,0.));
#4358=DIRECTION('',(0.,0.,-1.));
#4359=DIRECTION('',(-1.,0.,0.));
#4360=DIRECTION('',(0.,-1.,0.));
#4361=DIRECTION('',(1.,0.,0.));
#4362=DIRECTION('',(0.,1.,0.));
#4363=DIRECTION('',(0.,0.,-1.));
#4364=DIRECTION('',(-1.,0.,0.));
#4365=DIRECTION('',(0.,0.,-1.));
#4366=DIRECTION('',(-1.,0.,0.));
#4367=DIRECTION('',(1.,0.,0.));
#4368=DIRECTION('',(0.,0.,-1.));
#4369=DIRECTION('',(-1.,0.,0.));
#4370=DIRECTION('',(0.,0.,-1.));
#4371=DIRECTION('',(-1.,0.,0.));
#4372=DIRECTION('',(0.,-1.,0.));
#4373=DIRECTION('',(1.,0.,0.));
#4374=DIRECTION('',(0.,1.,0.));
#4375=DIRECTION('',(0.,0.,-1.));
#4376=DIRECTION('',(-1.,0.,0.));
#4377=DIRECTION('',(0.,0.,-1.));
#4378=DIRECTION('',(-1.,0.,0.));
#4379=DIRECTION('',(0.,0.,-1.));
#4380=DIRECTION('',(-1.,0.,0.));
#4381=DIRECTION('',(-1.,0.,0.));
#4382=DIRECTION('',(0.,-1.,0.));
#4383=DIRECTION('',(-0.630592625094467,0.776114000116265,0.));
#4384=DIRECTION('',(-1.,0.,0.));
#4385=DIRECTION('',(0.642183152881065,-0.766551236484382,0.));
#4386=DIRECTION('',(1.,0.,0.));
#4387=DIRECTION('',(0.,1.,0.));
#4388=DIRECTION('',(-1.,0.,0.));
#4389=DIRECTION('',(0.,-1.,0.));
#4390=DIRECTION('',(1.,0.,0.));
#4391=DIRECTION('',(0.64305669874902,0.765818570024267,0.));
#4392=DIRECTION('',(0.64147271273784,-0.767145852372778,0.));
#4393=DIRECTION('',(1.,0.,0.));
#4394=DIRECTION('',(0.,1.,0.));
#4395=DIRECTION('',(-1.,0.,0.));
#4396=DIRECTION('',(0.,-1.,0.));
#4397=DIRECTION('',(-0.643148916455041,0.765741125487398,0.));
#4398=DIRECTION('',(-0.645744177635306,-0.763553833760334,0.));
#4399=DIRECTION('',(0.,1.,0.));
#4400=DIRECTION('',(-1.,0.,0.));
#4401=DIRECTION('',(0.,-1.,0.));
#4402=DIRECTION('',(0.,0.,-1.));
#4403=DIRECTION('',(-1.,0.,0.));
#4404=DIRECTION('',(0.,0.,-1.));
#4405=DIRECTION('',(-1.,0.,0.));
#4406=DIRECTION('',(-1.,0.,0.));
#4407=DIRECTION('',(0.,-1.,0.));
#4408=DIRECTION('',(1.,0.,0.));
#4409=DIRECTION('',(0.,0.,-1.));
#4410=DIRECTION('',(-1.,0.,0.));
#4411=DIRECTION('',(0.,0.,-1.));
#4412=DIRECTION('',(-1.,0.,0.));
#4413=DIRECTION('',(0.,0.,-1.));
#4414=DIRECTION('',(-1.,0.,0.));
#4415=DIRECTION('',(0.,1.,0.));
#4416=DIRECTION('',(-1.,0.,0.));
#4417=DIRECTION('',(1.,0.,0.));
#4418=DIRECTION('',(-1.77891548162561E-16,1.,0.));
#4419=DIRECTION('',(1.,0.,0.));
#4420=DIRECTION('',(-1.19842727183199E-15,1.,0.));
#4421=DIRECTION('',(0.,0.,-1.));
#4422=DIRECTION('',(-1.,0.,0.));
#4423=DIRECTION('',(0.,0.,-1.));
#4424=DIRECTION('',(-1.,0.,0.));
#4425=DIRECTION('',(0.,0.,-1.));
#4426=DIRECTION('',(-1.,0.,0.));
#4427=DIRECTION('',(0.,-1.,0.));
#4428=DIRECTION('',(0.,0.,-1.));
#4429=DIRECTION('',(-1.,0.,0.));
#4430=DIRECTION('',(0.,0.,-1.));
#4431=DIRECTION('',(-1.,0.,0.));
#4432=DIRECTION('',(0.,0.,-1.));
#4433=DIRECTION('',(-1.,0.,0.));
#4434=DIRECTION('',(1.,0.,0.));
#4435=DIRECTION('',(0.,1.,0.));
#4436=DIRECTION('',(-1.,0.,0.));
#4437=DIRECTION('',(0.,0.,-1.));
#4438=DIRECTION('',(-1.,0.,0.));
#4439=DIRECTION('',(0.,0.,-1.));
#4440=DIRECTION('',(-1.,0.,0.));
#4441=DIRECTION('',(0.,1.,0.));
#4442=DIRECTION('',(0.,0.,-1.));
#4443=DIRECTION('',(-1.,0.,0.));
#4444=DIRECTION('',(0.,0.,-1.));
#4445=DIRECTION('',(-1.,0.,0.));
#4446=DIRECTION('',(1.,0.,0.));
#4447=DIRECTION('',(0.,1.,0.));
#4448=DIRECTION('',(-1.,0.,0.));
#4449=DIRECTION('',(0.,-1.,0.));
#4450=DIRECTION('',(1.,0.,0.));
#4451=DIRECTION('',(0.,1.,0.));
#4452=DIRECTION('',(-1.,0.,0.));
#4453=DIRECTION('',(0.,-1.,0.));
#4454=DIRECTION('',(0.,0.,-1.));
#4455=DIRECTION('',(-1.,0.,0.));
#4456=DIRECTION('',(0.,0.,-1.));
#4457=DIRECTION('',(-1.,0.,0.));
#4458=DIRECTION('',(0.,0.,-1.));
#4459=DIRECTION('',(-1.,0.,0.));
#4460=DIRECTION('',(1.,0.,0.));
#4461=DIRECTION('',(0.,0.,-1.));
#4462=DIRECTION('',(-1.,0.,0.));
#4463=DIRECTION('',(0.,0.,-1.));
#4464=DIRECTION('',(-1.,0.,0.));
#4465=DIRECTION('',(0.,-1.,0.));
#4466=DIRECTION('',(0.,0.,-1.));
#4467=DIRECTION('',(-1.,0.,0.));
#4468=DIRECTION('',(0.,0.,-1.));
#4469=DIRECTION('',(-1.,0.,0.));
#4470=DIRECTION('',(-1.,0.,0.));
#4471=DIRECTION('',(0.,0.,-1.));
#4472=DIRECTION('',(-1.,0.,0.));
#4473=DIRECTION('',(0.,0.,-1.));
#4474=DIRECTION('',(-1.,0.,0.));
#4475=DIRECTION('',(0.,1.,0.));
#4476=DIRECTION('',(-1.,0.,0.));
#4477=DIRECTION('',(0.,-1.,0.));
#4478=DIRECTION('',(0.,0.,-1.));
#4479=DIRECTION('',(-1.,0.,0.));
#4480=DIRECTION('',(0.,0.,-1.));
#4481=DIRECTION('',(-1.,0.,0.));
#4482=DIRECTION('',(0.,0.,-1.));
#4483=DIRECTION('',(-1.,0.,0.));
#4484=DIRECTION('',(1.,0.,0.));
#4485=DIRECTION('',(0.,0.,-1.));
#4486=DIRECTION('',(-1.,0.,0.));
#4487=DIRECTION('',(0.,0.,-1.));
#4488=DIRECTION('',(-1.,0.,0.));
#4489=DIRECTION('',(0.,0.,-1.));
#4490=DIRECTION('',(-1.,0.,0.));
#4491=DIRECTION('',(0.,1.,0.));
#4492=DIRECTION('',(0.,0.,-1.));
#4493=DIRECTION('',(-1.,0.,0.));
#4494=DIRECTION('',(0.,0.,-1.));
#4495=DIRECTION('',(-1.,0.,0.));
#4496=DIRECTION('',(0.,0.,-1.));
#4497=DIRECTION('',(-1.,0.,0.));
#4498=DIRECTION('',(-1.,0.,0.));
#4499=DIRECTION('',(0.,0.,-1.));
#4500=DIRECTION('',(-1.,0.,0.));
#4501=DIRECTION('',(0.,0.,-1.));
#4502=DIRECTION('',(-1.,0.,0.));
#4503=DIRECTION('',(0.,1.,0.));
#4504=DIRECTION('',(0.,0.,-1.));
#4505=DIRECTION('',(-1.,0.,0.));
#4506=DIRECTION('',(0.,0.,-1.));
#4507=DIRECTION('',(-1.,0.,0.));
#4508=DIRECTION('',(1.,0.,0.));
#4509=DIRECTION('',(0.,1.,0.));
#4510=DIRECTION('',(-1.,0.,0.));
#4511=DIRECTION('',(0.,-1.,0.));
#4512=DIRECTION('',(1.,0.,0.));
#4513=DIRECTION('',(0.,1.,0.));
#4514=DIRECTION('',(-1.,0.,0.));
#4515=DIRECTION('',(0.,-1.,0.));
#4516=DIRECTION('',(1.,0.,0.));
#4517=DIRECTION('',(0.,0.,-1.));
#4518=DIRECTION('',(-1.,0.,0.));
#4519=DIRECTION('',(0.,0.,-1.));
#4520=DIRECTION('',(-1.,0.,0.));
#4521=DIRECTION('',(0.,0.,-1.));
#4522=DIRECTION('',(-1.,0.,0.));
#4523=DIRECTION('',(0.,1.,0.));
#4524=DIRECTION('',(-1.,0.,0.));
#4525=DIRECTION('',(0.,-1.,0.));
#4526=DIRECTION('',(0.,0.,-1.));
#4527=DIRECTION('',(-1.,0.,0.));
#4528=DIRECTION('',(0.,0.,-1.));
#4529=DIRECTION('',(-1.,0.,0.));
#4530=DIRECTION('',(-1.,0.,0.));
#4531=DIRECTION('',(0.,0.,-1.));
#4532=DIRECTION('',(-1.,0.,0.));
#4533=DIRECTION('',(0.,0.,-1.));
#4534=DIRECTION('',(-1.,0.,0.));
#4535=DIRECTION('',(0.,1.,0.));
#4536=DIRECTION('',(-1.,0.,0.));
#4537=DIRECTION('',(0.,0.,-1.));
#4538=DIRECTION('',(-1.,0.,0.));
#4539=DIRECTION('',(0.,0.,-1.));
#4540=DIRECTION('',(-1.,0.,0.));
#4541=DIRECTION('',(0.,0.,-1.));
#4542=DIRECTION('',(-1.,0.,0.));
#4543=DIRECTION('',(0.,-1.,0.));
#4544=DIRECTION('',(0.,0.,-1.));
#4545=DIRECTION('',(-1.,0.,0.));
#4546=DIRECTION('',(0.,0.,-1.));
#4547=DIRECTION('',(-1.,0.,0.));
#4548=DIRECTION('',(0.,0.,-1.));
#4549=DIRECTION('',(-1.,0.,0.));
#4550=DIRECTION('',(1.,0.,0.));
#4551=DIRECTION('',(0.,1.,0.));
#4552=DIRECTION('',(-1.,0.,0.));
#4553=DIRECTION('',(0.,0.,-1.));
#4554=DIRECTION('',(-1.,0.,0.));
#4555=DIRECTION('',(0.,0.,-1.));
#4556=DIRECTION('',(-1.,0.,0.));
#4557=DIRECTION('',(0.,1.,0.));
#4558=DIRECTION('',(0.,0.,-1.));
#4559=DIRECTION('',(-1.,0.,0.));
#4560=DIRECTION('',(0.,0.,-1.));
#4561=DIRECTION('',(-1.,0.,0.));
#4562=DIRECTION('',(1.,0.,0.));
#4563=DIRECTION('',(0.,1.,0.));
#4564=DIRECTION('',(-1.,0.,0.));
#4565=DIRECTION('',(0.,1.,0.));
#4566=DIRECTION('',(0.,0.,1.));
#4567=DIRECTION('',(1.,0.,0.));
#4568=DIRECTION('',(0.,-1.,0.));
#4569=DIRECTION('',(0.,0.,-1.));
#4570=DIRECTION('',(1.,0.,0.));
#4571=DIRECTION('',(0.,-1.,0.));
#4572=DIRECTION('',(0.,0.,-1.));
#4573=DIRECTION('',(1.,0.,0.));
#4574=DIRECTION('',(0.,0.,-1.));
#4575=DIRECTION('',(1.,0.,0.));
#4576=DIRECTION('',(-2.1350442781253E-16,0.,1.));
#4577=DIRECTION('',(0.,1.,0.));
#4578=DIRECTION('',(0.,0.,1.));
#4579=DIRECTION('',(-1.06752213906265E-16,0.,1.));
#4580=DIRECTION('',(1.,0.,0.));
#4581=DIRECTION('',(0.,0.,-1.));
#4582=DIRECTION('',(0.,1.,0.));
#4583=DIRECTION('',(0.,0.,1.));
#4584=DIRECTION('',(0.,0.,-1.));
#4585=DIRECTION('',(1.,0.,0.));
#4586=DIRECTION('',(0.,0.,-1.));
#4587=DIRECTION('',(1.,0.,0.));
#4588=DIRECTION('',(1.06752213906265E-16,0.,-1.));
#4589=DIRECTION('',(0.,1.,0.));
#4590=DIRECTION('',(0.,0.,1.));
#4591=DIRECTION('',(2.1350442781253E-16,0.,-1.));
#4592=DIRECTION('',(1.,0.,0.));
#4593=DIRECTION('',(0.,0.,1.));
#4594=DIRECTION('',(1.,0.,0.));
#4595=DIRECTION('',(-1.19842727183199E-15,1.,0.));
#4596=DIRECTION('',(0.,1.,0.));
#4597=DIRECTION('',(0.,0.,1.));
#4598=DIRECTION('',(1.,0.,0.));
#4599=DIRECTION('',(-1.77891548162561E-16,1.,0.));
#4600=DIRECTION('',(0.,1.,0.));
#4601=DIRECTION('',(0.,1.,0.));
#4602=DIRECTION('',(0.,0.,1.));
#4603=DIRECTION('',(0.,1.,0.));
#4604=DIRECTION('',(0.,0.,1.));
#4605=DIRECTION('',(1.,0.,0.));
#4606=DIRECTION('',(0.,0.,-1.));
#4607=DIRECTION('',(0.,0.,-1.));
#4608=DIRECTION('',(1.,0.,0.));
#4609=DIRECTION('',(-1.,-1.19842727183199E-15,0.));
#4610=DIRECTION('',(1.19842727183199E-15,-1.,0.));
#4611=DIRECTION('',(0.,0.,-1.));
#4612=DIRECTION('',(-1.19842727183199E-15,1.,0.));
#4613=DIRECTION('',(0.,1.,0.));
#4614=DIRECTION('',(0.,0.,1.));
#4615=DIRECTION('',(0.,0.,-1.));
#4616=DIRECTION('',(1.,0.,0.));
#4617=DIRECTION('',(-1.,-1.77891548162561E-16,0.));
#4618=DIRECTION('',(1.77891548162561E-16,-1.,0.));
#4619=DIRECTION('',(-1.77891548162561E-16,1.,0.));
#4620=DIRECTION('',(0.,0.,1.));
#4621=DIRECTION('',(1.,0.,0.));
#4622=DIRECTION('',(0.,-1.,0.));
#4623=DIRECTION('',(1.,0.,0.));
#4624=DIRECTION('',(-1.77891548162561E-16,1.,0.));
#4625=DIRECTION('',(1.,0.,0.));
#4626=DIRECTION('',(-1.19842727183199E-15,1.,0.));
#4627=DIRECTION('',(1.,0.,0.));
#4628=DIRECTION('',(0.,-1.,0.));
#4629=DIRECTION('',(0.,0.,1.));
#4630=DIRECTION('',(1.,0.,0.));
#4631=DIRECTION('',(0.,0.,1.));
#4632=DIRECTION('',(1.,0.,0.));
#4633=DIRECTION('',(0.,0.,-1.));
#4634=DIRECTION('',(-1.,0.,0.));
#4635=DIRECTION('',(0.,0.,-1.));
#4636=DIRECTION('',(-1.,0.,0.));
#4637=DIRECTION('',(1.,0.,0.));
#4638=DIRECTION('',(0.,0.,-1.));
#4639=DIRECTION('',(-1.,0.,0.));
#4640=DIRECTION('',(0.,-1.,0.));
#4641=DIRECTION('',(0.,0.,-1.));
#4642=DIRECTION('',(0.,1.,0.));
#4643=DIRECTION('',(0.,0.,1.));
#4644=DIRECTION('',(0.,-1.,0.));
#4645=DIRECTION('',(0.,0.,-1.));
#4646=DIRECTION('',(0.,-1.,0.));
#4647=DIRECTION('',(1.,0.,0.));
#4648=DIRECTION('',(0.,-1.,0.));
#4649=DIRECTION('',(0.,0.,-1.));
#4650=DIRECTION('',(1.,0.,2.1350442781253E-16));
#4651=DIRECTION('',(2.1350442781253E-16,0.,-1.));
#4652=DIRECTION('',(0.,1.,0.));
#4653=DIRECTION('',(1.,0.,1.06752213906265E-16));
#4654=DIRECTION('',(1.06752213906265E-16,0.,-1.));
#4655=DIRECTION('',(0.,1.,0.));
#4656=DIRECTION('',(-1.,-1.19842727183199E-15,0.));
#4657=DIRECTION('',(1.19842727183199E-15,-1.,0.));
#4658=DIRECTION('',(-1.19842727183199E-15,1.,0.));
#4659=DIRECTION('',(-1.,-1.77891548162561E-16,0.));
#4660=DIRECTION('',(1.77891548162561E-16,-1.,0.));
#4661=DIRECTION('',(-1.77891548162561E-16,1.,0.));
#4662=DIRECTION('',(1.,0.,0.));
#4663=DIRECTION('',(0.,0.,-1.));
#4664=DIRECTION('',(0.707106781186547,0.707106781186548,0.));
#4665=DIRECTION('',(0.707106781186548,-0.707106781186547,0.));
#4666=DIRECTION('',(-1.19842727183199E-15,1.,0.));
#4667=DIRECTION('',(-1.,-1.19842727183199E-15,0.));
#4668=DIRECTION('',(-0.707106781186548,0.707106781186547,0.));
#4669=DIRECTION('',(-0.707106781186547,-0.707106781186548,0.));
#4670=DIRECTION('',(1.,0.,0.));
#4671=DIRECTION('',(0.,0.,-1.));
#4672=DIRECTION('',(0.707106781186548,-0.707106781186548,0.));
#4673=DIRECTION('',(-0.707106781186548,-0.707106781186548,0.));
#4674=DIRECTION('',(-1.,0.,0.));
#4675=DIRECTION('',(0.,0.,1.));
#4676=DIRECTION('',(-0.707106781186548,-0.707106781186548,0.));
#4677=DIRECTION('',(0.707106781186548,-0.707106781186548,0.));
#4678=DIRECTION('',(1.77891548162561E-16,-1.,0.));
#4679=DIRECTION('',(1.,1.77891548162561E-16,0.));
#4680=DIRECTION('',(0.,1.,0.));
#4681=DIRECTION('',(0.,0.,1.));
#4682=DIRECTION('',(0.,-1.,0.));
#4683=DIRECTION('',(0.,0.,-1.));
#4684=DIRECTION('',(0.,-1.,0.));
#4685=DIRECTION('',(0.,0.,-1.));
#4686=DIRECTION('',(0.,0.,-1.));
#4687=DIRECTION('',(-0.265178381847957,0.9641993703589,0.));
#4688=DIRECTION('',(0.,0.,-1.));
#4689=DIRECTION('',(0.,0.,-1.));
#4690=DIRECTION('',(-1.,0.,0.));
#4691=DIRECTION('',(0.,0.,-1.));
#4692=DIRECTION('',(0.,-1.,0.));
#4693=DIRECTION('',(0.,0.,-1.));
#4694=DIRECTION('',(0.,0.,-1.));
#4695=DIRECTION('',(-1.,0.,0.));
#4696=DIRECTION('',(-1.,0.,0.));
#4697=DIRECTION('',(0.,0.,1.));
#4698=DIRECTION('',(0.,0.,-1.));
#4699=DIRECTION('',(0.,1.,0.));
#4700=DIRECTION('',(0.,1.,0.));
#4701=DIRECTION('',(0.,0.,1.));
#4702=DIRECTION('',(0.,0.,-1.));
#4703=DIRECTION('',(1.,0.,0.));
#4704=DIRECTION('',(0.,0.,-1.));
#4705=DIRECTION('',(-0.362395320999855,0.932024479999003,0.));
#4706=DIRECTION('',(0.,0.,-1.));
#4707=DIRECTION('',(0.,0.,-1.));
#4708=DIRECTION('',(-1.,0.,0.));
#4709=DIRECTION('',(0.,0.,-1.));
#4710=DIRECTION('',(-0.932024479968623,0.362395321077988,0.));
#4711=DIRECTION('',(0.,0.,-1.));
#4712=DIRECTION('',(0.,0.,-1.));
#4713=DIRECTION('',(-1.,0.,0.));
#4714=DIRECTION('',(-1.,0.,0.));
#4715=DIRECTION('',(0.,0.,1.));
#4716=DIRECTION('',(0.,0.,-1.));
#4717=DIRECTION('',(0.,1.,0.));
#4718=DIRECTION('',(0.,0.,-1.));
#4719=DIRECTION('',(-0.931685492929029,-0.363265938763313,0.));
#4720=DIRECTION('',(0.,0.,-1.));
#4721=DIRECTION('',(0.,0.,-1.));
#4722=DIRECTION('',(-1.,0.,0.));
#4723=DIRECTION('',(0.,0.,-1.));
#4724=DIRECTION('',(-0.345940873237778,-0.938256314779434,0.));
#4725=DIRECTION('',(0.,0.,-1.));
#4726=DIRECTION('',(0.,0.,-1.));
#4727=DIRECTION('',(-1.,0.,0.));
#4728=DIRECTION('',(0.,-1.,0.));
#4729=DIRECTION('',(0.,0.,-1.));
#4730=DIRECTION('',(0.,0.,-1.));
#4731=DIRECTION('',(-1.,0.,0.));
#4732=DIRECTION('',(-1.,0.,0.));
#4733=DIRECTION('',(0.,0.,1.));
#4734=DIRECTION('',(0.,0.,-1.));
#4735=DIRECTION('',(0.,1.,0.));
#4736=DIRECTION('',(0.,1.,0.));
#4737=DIRECTION('',(0.,0.,1.));
#4738=DIRECTION('',(0.,0.,-1.));
#4739=DIRECTION('',(1.,0.,0.));
#4740=DIRECTION('',(0.,0.,-1.));
#4741=DIRECTION('',(-0.265178381847826,-0.964199370358936,0.));
#4742=DIRECTION('',(0.,0.,-1.));
#4743=DIRECTION('',(0.,0.,-1.));
#4744=DIRECTION('',(-1.,0.,0.));
#4745=DIRECTION('',(0.,0.,-1.));
#4746=DIRECTION('',(-0.706526558921894,-0.707686527735258,0.));
#4747=DIRECTION('',(0.,0.,-1.));
#4748=DIRECTION('',(0.,0.,-1.));
#4749=DIRECTION('',(-1.,0.,0.));
#4750=DIRECTION('',(0.,0.,-1.));
#4751=DIRECTION('',(-0.964033151014235,-0.265782022991708,0.));
#4752=DIRECTION('',(0.,0.,-1.));
#4753=DIRECTION('',(0.,0.,-1.));
#4754=DIRECTION('',(-1.,0.,0.));
#4755=DIRECTION('',(1.,0.,0.));
#4756=DIRECTION('',(0.,0.,-1.));
#4757=DIRECTION('',(0.,0.,-1.));
#4758=DIRECTION('',(0.,-1.,0.));
#4759=DIRECTION('',(0.,0.,-1.));
#4760=DIRECTION('',(-0.964033151014233,0.265782022991715,0.));
#4761=DIRECTION('',(0.,0.,-1.));
#4762=DIRECTION('',(0.,0.,-1.));
#4763=DIRECTION('',(-1.,0.,0.));
#4764=DIRECTION('',(0.,0.,-1.));
#4765=DIRECTION('',(-0.7065265589219,0.707686527735253,0.));
#4766=DIRECTION('',(0.,0.,-1.));
#4767=DIRECTION('',(-1.,0.,0.));
#4768=DIRECTION('',(0.,0.,-1.));
#4769=DIRECTION('',(1.,0.,0.));
#4770=DIRECTION('',(1.,0.,0.));
#4771=DIRECTION('',(0.,0.,-1.));
#4772=DIRECTION('',(0.,0.,-1.));
#4773=DIRECTION('',(0.,-1.,0.));
#4774=DIRECTION('',(0.,0.,-1.));
#4775=DIRECTION('',(0.,-1.,0.));
#4776=DIRECTION('',(0.,0.,-1.));
#4777=DIRECTION('',(0.,0.,-1.));
#4778=DIRECTION('',(-1.,0.,0.));
#4779=DIRECTION('',(-1.,0.,0.));
#4780=DIRECTION('',(0.,0.,1.));
#4781=DIRECTION('',(0.,0.,-1.));
#4782=DIRECTION('',(0.,1.,0.));
#4783=DIRECTION('',(0.,0.,-1.));
#4784=DIRECTION('',(0.965855438070843,-0.259081594770797,0.));
#4785=DIRECTION('',(0.,0.,-1.));
#4786=DIRECTION('',(0.,0.,-1.));
#4787=DIRECTION('',(-1.,0.,0.));
#4788=DIRECTION('',(0.,0.,-1.));
#4789=DIRECTION('',(0.703525145102082,-0.710670366772877,0.));
#4790=DIRECTION('',(0.,0.,-1.));
#4791=DIRECTION('',(0.,0.,-1.));
#4792=DIRECTION('',(-1.,0.,0.));
#4793=DIRECTION('',(0.,0.,-1.));
#4794=DIRECTION('',(0.258399489868878,-0.96603814812641,0.));
#4795=DIRECTION('',(0.,0.,-1.));
#4796=DIRECTION('',(0.,0.,-1.));
#4797=DIRECTION('',(-1.,0.,0.));
#4798=DIRECTION('',(0.,1.,0.));
#4799=DIRECTION('',(0.,0.,1.));
#4800=DIRECTION('',(0.,0.,-1.));
#4801=DIRECTION('',(1.,0.,0.));
#4802=DIRECTION('',(1.,0.,0.));
#4803=DIRECTION('',(0.,0.,-1.));
#4804=DIRECTION('',(0.,0.,-1.));
#4805=DIRECTION('',(0.,-1.,0.));
#4806=DIRECTION('',(0.,-1.,0.));
#4807=DIRECTION('',(0.,0.,-1.));
#4808=DIRECTION('',(0.,0.,-1.));
#4809=DIRECTION('',(-1.,0.,0.));
#4810=DIRECTION('',(0.,0.,-1.));
#4811=DIRECTION('',(0.385829718711325,-0.922570012605623,0.));
#4812=DIRECTION('',(0.,0.,-1.));
#4813=DIRECTION('',(0.,0.,-1.));
#4814=DIRECTION('',(-1.,0.,0.));
#4815=DIRECTION('',(0.,0.,-1.));
#4816=DIRECTION('',(0.926823957034669,-0.375496142012935,0.));
#4817=DIRECTION('',(0.,0.,-1.));
#4818=DIRECTION('',(-1.,0.,0.));
#4819=DIRECTION('',(0.,0.,-1.));
#4820=DIRECTION('',(1.,0.,0.));
#4821=DIRECTION('',(1.,0.,0.));
#4822=DIRECTION('',(0.,0.,-1.));
#4823=DIRECTION('',(0.,0.,-1.));
#4824=DIRECTION('',(0.,-1.,0.));
#4825=DIRECTION('',(0.,0.,-1.));
#4826=DIRECTION('',(0.,-1.,0.));
#4827=DIRECTION('',(0.,0.,-1.));
#4828=DIRECTION('',(0.,0.,-1.));
#4829=DIRECTION('',(-1.,0.,0.));
#4830=DIRECTION('',(-1.,0.,0.));
#4831=DIRECTION('',(0.,0.,1.));
#4832=DIRECTION('',(0.,0.,-1.));
#4833=DIRECTION('',(0.,1.,0.));
#4834=DIRECTION('',(0.,1.,0.));
#4835=DIRECTION('',(0.,0.,1.));
#4836=DIRECTION('',(1.,0.,0.));
#4837=DIRECTION('',(0.,0.,-1.));
#4838=DIRECTION('',(1.,0.,0.));
#4839=DIRECTION('',(1.,0.,0.));
#4840=DIRECTION('',(0.,0.,-1.));
#4841=DIRECTION('',(0.,0.,-1.));
#4842=DIRECTION('',(0.,-1.,0.));
#4843=DIRECTION('',(0.,0.,-1.));
#4844=DIRECTION('',(0.,-1.,0.));
#4845=DIRECTION('',(0.,0.,-1.));
#4846=DIRECTION('',(0.,0.,-1.));
#4847=DIRECTION('',(-1.,0.,0.));
#4848=DIRECTION('',(-1.,0.,0.));
#4849=DIRECTION('',(0.,0.,1.));
#4850=DIRECTION('',(0.,0.,-1.));
#4851=DIRECTION('',(0.,1.,0.));
#4852=DIRECTION('',(0.763553833760334,-0.645744177635306,0.));
#4853=DIRECTION('',(0.645744177635306,0.763553833760334,0.));
#4854=DIRECTION('',(0.,0.,-1.));
#4855=DIRECTION('',(-0.645744177635306,-0.763553833760334,0.));
#4856=DIRECTION('',(-0.765741125487398,-0.643148916455041,0.));
#4857=DIRECTION('',(0.643148916455041,-0.765741125487398,0.));
#4858=DIRECTION('',(0.,0.,-1.));
#4859=DIRECTION('',(-0.643148916455041,0.765741125487398,0.));
#4860=DIRECTION('',(1.,0.,0.));
#4861=DIRECTION('',(0.,0.,-1.));
#4862=DIRECTION('',(0.,0.,-1.));
#4863=DIRECTION('',(0.,-1.,0.));
#4864=DIRECTION('',(0.,-1.,0.));
#4865=DIRECTION('',(0.,0.,-1.));
#4866=DIRECTION('',(0.,0.,-1.));
#4867=DIRECTION('',(-1.,0.,0.));
#4868=DIRECTION('',(-1.,0.,0.));
#4869=DIRECTION('',(0.,0.,1.));
#4870=DIRECTION('',(0.,0.,-1.));
#4871=DIRECTION('',(0.,1.,0.));
#4872=DIRECTION('',(0.,1.,0.));
#4873=DIRECTION('',(0.,0.,1.));
#4874=DIRECTION('',(0.,0.,-1.));
#4875=DIRECTION('',(1.,0.,0.));
#4876=DIRECTION('',(0.767145852372778,0.641472712737841,0.));
#4877=DIRECTION('',(-0.641472712737841,0.767145852372778,0.));
#4878=DIRECTION('',(0.,0.,-1.));
#4879=DIRECTION('',(0.64147271273784,-0.767145852372778,0.));
#4880=DIRECTION('',(-0.765818570024266,0.64305669874902,0.));
#4881=DIRECTION('',(-0.64305669874902,-0.765818570024267,0.));
#4882=DIRECTION('',(0.,0.,-1.));
#4883=DIRECTION('',(0.64305669874902,0.765818570024267,0.));
#4884=DIRECTION('',(0.,1.,0.));
#4885=DIRECTION('',(0.,0.,1.));
#4886=DIRECTION('',(1.,0.,0.));
#4887=DIRECTION('',(0.,0.,-1.));
#4888=DIRECTION('',(1.,0.,0.));
#4889=DIRECTION('',(1.,0.,0.));
#4890=DIRECTION('',(0.,0.,-1.));
#4891=DIRECTION('',(0.,0.,-1.));
#4892=DIRECTION('',(0.,-1.,0.));
#4893=DIRECTION('',(0.,0.,-1.));
#4894=DIRECTION('',(0.,-1.,0.));
#4895=DIRECTION('',(0.,0.,-1.));
#4896=DIRECTION('',(0.,0.,-1.));
#4897=DIRECTION('',(-1.,0.,0.));
#4898=DIRECTION('',(-1.,0.,0.));
#4899=DIRECTION('',(0.,0.,1.));
#4900=DIRECTION('',(0.,0.,-1.));
#4901=DIRECTION('',(0.,1.,0.));
#4902=DIRECTION('',(0.,1.,0.));
#4903=DIRECTION('',(0.,0.,1.));
#4904=DIRECTION('',(0.,0.,-1.));
#4905=DIRECTION('',(1.,0.,0.));
#4906=DIRECTION('',(0.,0.,-1.));
#4907=DIRECTION('',(-0.38200476038192,0.924160355698919,0.));
#4908=DIRECTION('',(0.,0.,-1.));
#4909=DIRECTION('',(0.,0.,-1.));
#4910=DIRECTION('',(-1.,0.,0.));
#4911=DIRECTION('',(0.,0.,-1.));
#4912=DIRECTION('',(-0.924160355698962,0.382004760381816,0.));
#4913=DIRECTION('',(0.,0.,-1.));
#4914=DIRECTION('',(0.,0.,-1.));
#4915=DIRECTION('',(-1.,0.,0.));
#4916=DIRECTION('',(-1.,0.,0.));
#4917=DIRECTION('',(0.,0.,1.));
#4918=DIRECTION('',(0.,0.,-1.));
#4919=DIRECTION('',(0.,1.,0.));
#4920=DIRECTION('',(0.,0.,-1.));
#4921=DIRECTION('',(-0.924160355698975,-0.382004760381784,0.));
#4922=DIRECTION('',(0.,0.,-1.));
#4923=DIRECTION('',(0.,0.,-1.));
#4924=DIRECTION('',(-1.,0.,0.));
#4925=DIRECTION('',(0.,0.,-1.));
#4926=DIRECTION('',(-0.38200476038163,-0.924160355699038,0.));
#4927=DIRECTION('',(0.,0.,-1.));
#4928=DIRECTION('',(0.,0.,-1.));
#4929=DIRECTION('',(-1.,0.,0.));
#4930=DIRECTION('',(0.,-1.,0.));
#4931=DIRECTION('',(0.,0.,-1.));
#4932=DIRECTION('',(0.,0.,-1.));
#4933=DIRECTION('',(-1.,0.,0.));
#4934=DIRECTION('',(0.,0.,-1.));
#4935=DIRECTION('',(0.265178381847953,0.964199370358901,0.));
#4936=DIRECTION('',(0.,0.,-1.));
#4937=DIRECTION('',(0.,0.,-1.));
#4938=DIRECTION('',(-1.,0.,0.));
#4939=DIRECTION('',(0.,0.,-1.));
#4940=DIRECTION('',(0.710600410440333,0.703595804906504,0.));
#4941=DIRECTION('',(0.,0.,-1.));
#4942=DIRECTION('',(0.,0.,-1.));
#4943=DIRECTION('',(-1.,0.,0.));
#4944=DIRECTION('',(0.,0.,-1.));
#4945=DIRECTION('',(0.965200245532115,0.261511923293652,0.));
#4946=DIRECTION('',(0.,0.,-1.));
#4947=DIRECTION('',(0.,0.,-1.));
#4948=DIRECTION('',(-1.,0.,0.));
#4949=DIRECTION('',(-1.,0.,0.));
#4950=DIRECTION('',(0.,0.,1.));
#4951=DIRECTION('',(0.,0.,-1.));
#4952=DIRECTION('',(0.,1.,0.));
#4953=DIRECTION('',(0.,0.,-1.));
#4954=DIRECTION('',(0.965762058047529,-0.259429464856638,0.));
#4955=DIRECTION('',(0.,0.,-1.));
#4956=DIRECTION('',(0.,0.,-1.));
#4957=DIRECTION('',(-1.,0.,0.));
#4958=DIRECTION('',(0.,0.,-1.));
#4959=DIRECTION('',(0.704118594472376,-0.710082393049036,0.));
#4960=DIRECTION('',(0.,0.,-1.));
#4961=DIRECTION('',(0.,0.,-1.));
#4962=DIRECTION('',(-1.,0.,0.));
#4963=DIRECTION('',(0.,0.,-1.));
#4964=DIRECTION('',(0.259371933862858,-0.965777510570753,0.));
#4965=DIRECTION('',(0.,0.,-1.));
#4966=DIRECTION('',(0.,0.,-1.));
#4967=DIRECTION('',(-1.,0.,0.));
#4968=DIRECTION('',(0.,1.,0.));
#4969=DIRECTION('',(0.,0.,1.));
#4970=DIRECTION('',(0.,0.,-1.));
#4971=DIRECTION('',(1.,0.,0.));
#4972=DIRECTION('',(0.,0.,-1.));
#4973=DIRECTION('',(-0.261544649569567,-0.965191378060088,0.));
#4974=DIRECTION('',(0.,0.,-1.));
#4975=DIRECTION('',(0.,0.,-1.));
#4976=DIRECTION('',(-1.,0.,0.));
#4977=DIRECTION('',(0.,0.,-1.));
#4978=DIRECTION('',(-0.703566316564701,-0.710629606894885,0.));
#4979=DIRECTION('',(0.,0.,-1.));
#4980=DIRECTION('',(0.,0.,-1.));
#4981=DIRECTION('',(-1.,0.,0.));
#4982=DIRECTION('',(0.,0.,-1.));
#4983=DIRECTION('',(-0.964184967363644,-0.2652307461626,0.));
#4984=DIRECTION('',(0.,0.,-1.));
#4985=DIRECTION('',(0.,0.,-1.));
#4986=DIRECTION('',(-1.,0.,0.));
#4987=DIRECTION('',(1.,0.,0.));
#4988=DIRECTION('',(0.,0.,-1.));
#4989=DIRECTION('',(0.,0.,-1.));
#4990=DIRECTION('',(0.,-1.,0.));
#4991=DIRECTION('',(0.,-1.,0.));
#4992=DIRECTION('',(0.,0.,-1.));
#4993=DIRECTION('',(0.,0.,-1.));
#4994=DIRECTION('',(-1.,0.,0.));
#4995=DIRECTION('',(-1.,0.,0.));
#4996=DIRECTION('',(0.,0.,1.));
#4997=DIRECTION('',(0.,0.,-1.));
#4998=DIRECTION('',(0.,1.,0.));
#4999=DIRECTION('',(0.,0.,-1.));
#5000=DIRECTION('',(-0.924160355699091,-0.382004760381502,0.));
#5001=DIRECTION('',(0.,0.,-1.));
#5002=DIRECTION('',(0.,0.,-1.));
#5003=DIRECTION('',(-1.,0.,0.));
#5004=DIRECTION('',(0.,0.,-1.));
#5005=DIRECTION('',(-0.382004760381865,-0.924160355698942,0.));
#5006=DIRECTION('',(0.,0.,-1.));
#5007=DIRECTION('',(0.,0.,-1.));
#5008=DIRECTION('',(-1.,0.,0.));
#5009=DIRECTION('',(0.,-1.,0.));
#5010=DIRECTION('',(0.,0.,-1.));
#5011=DIRECTION('',(0.,0.,-1.));
#5012=DIRECTION('',(-1.,0.,0.));
#5013=DIRECTION('',(0.,0.,-1.));
#5014=DIRECTION('',(0.382004760381148,-0.924160355699238,0.));
#5015=DIRECTION('',(0.,0.,-1.));
#5016=DIRECTION('',(0.,0.,-1.));
#5017=DIRECTION('',(-1.,0.,0.));
#5018=DIRECTION('',(0.,0.,-1.));
#5019=DIRECTION('',(0.924160355699268,-0.382004760381076,0.));
#5020=DIRECTION('',(0.,0.,-1.));
#5021=DIRECTION('',(0.,0.,-1.));
#5022=DIRECTION('',(-1.,0.,0.));
#5023=DIRECTION('',(1.,0.,0.));
#5024=DIRECTION('',(0.,0.,-1.));
#5025=DIRECTION('',(0.,0.,-1.));
#5026=DIRECTION('',(0.,-1.,0.));
#5027=DIRECTION('',(0.,0.,-1.));
#5028=DIRECTION('',(0.92257001260576,0.385829718710999,0.));
#5029=DIRECTION('',(0.,0.,-1.));
#5030=DIRECTION('',(0.,0.,-1.));
#5031=DIRECTION('',(-1.,0.,0.));
#5032=DIRECTION('',(0.,0.,-1.));
#5033=DIRECTION('',(0.375496142013131,0.92682395703459,0.));
#5034=DIRECTION('',(0.,0.,-1.));
#5035=DIRECTION('',(0.,0.,-1.));
#5036=DIRECTION('',(-1.,0.,0.));
#5037=DIRECTION('',(0.,1.,0.));
#5038=DIRECTION('',(0.,0.,1.));
#5039=DIRECTION('',(0.,0.,-1.));
#5040=DIRECTION('',(1.,0.,0.));
#5041=DIRECTION('',(0.,0.,-1.));
#5042=DIRECTION('',(-0.261544649569246,-0.965191378060175,0.));
#5043=DIRECTION('',(0.,0.,-1.));
#5044=DIRECTION('',(0.,0.,-1.));
#5045=DIRECTION('',(-1.,0.,0.));
#5046=DIRECTION('',(0.,0.,-1.));
#5047=DIRECTION('',(-0.703566316564697,-0.710629606894889,0.));
#5048=DIRECTION('',(0.,0.,-1.));
#5049=DIRECTION('',(0.,0.,-1.));
#5050=DIRECTION('',(-1.,0.,0.));
#5051=DIRECTION('',(0.,0.,-1.));
#5052=DIRECTION('',(-0.964282354783241,-0.26487646224927,0.));
#5053=DIRECTION('',(0.,0.,-1.));
#5054=DIRECTION('',(-1.,0.,0.));
#5055=DIRECTION('',(0.,0.,-1.));
#5056=DIRECTION('',(1.,0.,0.));
#5057=DIRECTION('',(1.,0.,0.));
#5058=DIRECTION('',(0.,0.,-1.));
#5059=DIRECTION('',(0.,0.,-1.));
#5060=DIRECTION('',(0.,-1.,0.));
#5061=DIRECTION('',(0.,0.,-1.));
#5062=DIRECTION('',(0.,-1.,0.));
#5063=DIRECTION('',(0.,0.,-1.));
#5064=DIRECTION('',(0.,0.,-1.));
#5065=DIRECTION('',(-1.,0.,0.));
#5066=DIRECTION('',(-1.,0.,0.));
#5067=DIRECTION('',(0.,0.,1.));
#5068=DIRECTION('',(0.,0.,-1.));
#5069=DIRECTION('',(0.,1.,0.));
#5070=DIRECTION('',(0.,1.,0.));
#5071=DIRECTION('',(0.,0.,1.));
#5072=DIRECTION('',(0.,0.,-1.));
#5073=DIRECTION('',(1.,0.,0.));
#5074=DIRECTION('',(0.766551236484382,0.642183152881065,0.));
#5075=DIRECTION('',(-0.642183152881065,0.766551236484382,0.));
#5076=DIRECTION('',(0.,0.,-1.));
#5077=DIRECTION('',(0.642183152881065,-0.766551236484382,0.));
#5078=DIRECTION('',(0.,-1.,0.));
#5079=DIRECTION('',(0.,0.,-1.));
#5080=DIRECTION('',(0.,0.,-1.));
#5081=DIRECTION('',(-1.,0.,0.));
#5082=DIRECTION('',(-0.776114000116265,-0.630592625094467,0.));
#5083=DIRECTION('',(0.630592625094467,-0.776114000116265,0.));
#5084=DIRECTION('',(-0.630592625094467,0.776114000116265,0.));
#5085=DIRECTION('',(0.,0.,-1.));
#5086=DIRECTION('',(1.,0.,0.));
#5087=DIRECTION('',(1.,0.,0.));
#5088=DIRECTION('',(0.,0.,-1.));
#5089=DIRECTION('',(0.,0.,-1.));
#5090=DIRECTION('',(0.,-1.,0.));
#5091=DIRECTION('',(0.,0.,-1.));
#5092=DIRECTION('',(0.,-1.,0.));
#5093=DIRECTION('',(0.,0.,-1.));
#5094=DIRECTION('',(0.,0.,-1.));
#5095=DIRECTION('',(-1.,0.,0.));
#5096=DIRECTION('',(-1.,0.,0.));
#5097=DIRECTION('',(0.,0.,1.));
#5098=DIRECTION('',(0.,0.,-1.));
#5099=DIRECTION('',(0.,1.,0.));
#5100=DIRECTION('',(0.,1.,0.));
#5101=DIRECTION('',(0.,0.,1.));
#5102=DIRECTION('',(1.,0.,0.));
#5103=DIRECTION('',(0.,0.,-1.));
#5104=DIRECTION('',(1.,0.,0.));
#5105=DIRECTION('',(0.,0.,-1.));
#5106=DIRECTION('',(-0.26517838184796,0.964199370358899,0.));
#5107=DIRECTION('',(0.,0.,-1.));
#5108=DIRECTION('',(0.,0.,-1.));
#5109=DIRECTION('',(-1.,0.,0.));
#5110=DIRECTION('',(0.,0.,-1.));
#5111=DIRECTION('',(0.,-1.,0.));
#5112=DIRECTION('',(0.,0.,-1.));
#5113=DIRECTION('',(0.,0.,-1.));
#5114=DIRECTION('',(-1.,0.,0.));
#5115=DIRECTION('',(0.,0.,-1.));
#5116=DIRECTION('',(0.265178381847934,0.964199370358906,0.));
#5117=DIRECTION('',(0.,0.,-1.));
#5118=DIRECTION('',(0.,0.,-1.));
#5119=DIRECTION('',(-1.,0.,0.));
#5120=DIRECTION('',(0.,0.,-1.));
#5121=DIRECTION('',(0.706526558921949,0.707686527735204,0.));
#5122=DIRECTION('',(0.,0.,-1.));
#5123=DIRECTION('',(0.,0.,-1.));
#5124=DIRECTION('',(-1.,0.,0.));
#5125=DIRECTION('',(0.,0.,-1.));
#5126=DIRECTION('',(0.964033151014208,0.265782022991806,0.));
#5127=DIRECTION('',(0.,0.,-1.));
#5128=DIRECTION('',(0.,0.,-1.));
#5129=DIRECTION('',(-1.,0.,0.));
#5130=DIRECTION('',(-1.,0.,0.));
#5131=DIRECTION('',(0.,0.,1.));
#5132=DIRECTION('',(0.,0.,-1.));
#5133=DIRECTION('',(0.,1.,0.));
#5134=DIRECTION('',(0.,1.,0.));
#5135=DIRECTION('',(0.,0.,1.));
#5136=DIRECTION('',(0.,0.,-1.));
#5137=DIRECTION('',(1.,0.,0.));
#5138=DIRECTION('',(1.,0.,0.));
#5139=DIRECTION('',(0.,0.,-1.));
#5140=DIRECTION('',(0.,0.,-1.));
#5141=DIRECTION('',(0.,-1.,0.));
#5142=DIRECTION('',(0.,0.,-1.));
#5143=DIRECTION('',(0.907948943518332,0.419080798849035,0.));
#5144=DIRECTION('',(0.,0.,-1.));
#5145=DIRECTION('',(0.,0.,-1.));
#5146=DIRECTION('',(-1.,0.,0.));
#5147=DIRECTION('',(0.,0.,-1.));
#5148=DIRECTION('',(0.360489717501481,0.932763187296595,0.));
#5149=DIRECTION('',(0.,0.,-1.));
#5150=DIRECTION('',(0.,0.,-1.));
#5151=DIRECTION('',(-1.,0.,0.));
#5152=DIRECTION('',(0.,1.,0.));
#5153=DIRECTION('',(0.,0.,1.));
#5154=DIRECTION('',(0.,0.,-1.));
#5155=DIRECTION('',(1.,0.,0.));
#5156=DIRECTION('',(0.,0.,-1.));
#5157=DIRECTION('',(-0.382004760382134,0.92416035569883,0.));
#5158=DIRECTION('',(0.,0.,-1.));
#5159=DIRECTION('',(0.,0.,-1.));
#5160=DIRECTION('',(-1.,0.,0.));
#5161=DIRECTION('',(0.,0.,-1.));
#5162=DIRECTION('',(-0.924160355698998,0.382004760381728,0.));
#5163=DIRECTION('',(0.,0.,-1.));
#5164=DIRECTION('',(0.,0.,-1.));
#5165=DIRECTION('',(-1.,0.,0.));
#5166=DIRECTION('',(-1.,0.,0.));
#5167=DIRECTION('',(0.,0.,1.));
#5168=DIRECTION('',(0.,0.,-1.));
#5169=DIRECTION('',(0.,1.,0.));
#5170=DIRECTION('',(0.,1.,0.));
#5171=DIRECTION('',(0.,0.,1.));
#5172=DIRECTION('',(0.,0.,-1.));
#5173=DIRECTION('',(1.,0.,0.));
#5174=DIRECTION('',(1.,0.,0.));
#5175=DIRECTION('',(0.,0.,-1.));
#5176=DIRECTION('',(0.,0.,-1.));
#5177=DIRECTION('',(0.,-1.,0.));
#5178=DIRECTION('',(0.,0.,-1.));
#5179=DIRECTION('',(-0.964297839891177,0.264820082284578,0.));
#5180=DIRECTION('',(0.,0.,-1.));
#5181=DIRECTION('',(0.,0.,-1.));
#5182=DIRECTION('',(-1.,0.,0.));
#5183=DIRECTION('',(0.,0.,-1.));
#5184=DIRECTION('',(-0.707106781186569,0.707106781186526,0.));
#5185=DIRECTION('',(0.,0.,-1.));
#5186=DIRECTION('',(-1.,0.,0.));
#5187=DIRECTION('',(0.,0.,-1.));
#5188=DIRECTION('',(1.,0.,0.));
#5189=DIRECTION('',(1.,0.,0.));
#5190=DIRECTION('',(0.,0.,-1.));
#5191=DIRECTION('',(0.,0.,-1.));
#5192=DIRECTION('',(0.,-1.,0.));
#5193=DIRECTION('',(0.,0.,-1.));
#5194=DIRECTION('',(0.,-1.,0.));
#5195=DIRECTION('',(0.,0.,-1.));
#5196=DIRECTION('',(0.,0.,-1.));
#5197=DIRECTION('',(-1.,0.,0.));
#5198=DIRECTION('',(-1.,0.,0.));
#5199=DIRECTION('',(0.,0.,1.));
#5200=DIRECTION('',(0.,0.,-1.));
#5201=DIRECTION('',(0.,1.,0.));
#5202=DIRECTION('',(0.,0.,-1.));
#5203=DIRECTION('',(-0.924160355699063,-0.382004760381571,0.));
#5204=DIRECTION('',(0.,0.,-1.));
#5205=DIRECTION('',(0.,0.,-1.));
#5206=DIRECTION('',(-1.,0.,0.));
#5207=DIRECTION('',(0.,0.,-1.));
#5208=DIRECTION('',(-0.382004760381635,-0.924160355699036,0.));
#5209=DIRECTION('',(0.,0.,-1.));
#5210=DIRECTION('',(0.,0.,-1.));
#5211=DIRECTION('',(-1.,0.,0.));
#5212=DIRECTION('',(0.,-1.,0.));
#5213=DIRECTION('',(0.,0.,-1.));
#5214=DIRECTION('',(0.,0.,-1.));
#5215=DIRECTION('',(-1.,0.,0.));
#5216=DIRECTION('',(0.,0.,-1.));
#5217=DIRECTION('',(0.382004760381505,-0.92416035569909,0.));
#5218=DIRECTION('',(0.,0.,-1.));
#5219=DIRECTION('',(0.,0.,-1.));
#5220=DIRECTION('',(-1.,0.,0.));
#5221=DIRECTION('',(0.,0.,-1.));
#5222=DIRECTION('',(0.924160355698907,-0.382004760381949,0.));
#5223=DIRECTION('',(0.,0.,-1.));
#5224=DIRECTION('',(0.,0.,-1.));
#5225=DIRECTION('',(-1.,0.,0.));
#5226=DIRECTION('',(1.,0.,0.));
#5227=DIRECTION('',(0.,0.,-1.));
#5228=DIRECTION('',(0.,0.,-1.));
#5229=DIRECTION('',(0.,-1.,0.));
#5230=DIRECTION('',(0.,-1.,0.));
#5231=DIRECTION('',(0.,0.,-1.));
#5232=DIRECTION('',(0.,0.,-1.));
#5233=DIRECTION('',(-1.,0.,0.));
#5234=DIRECTION('',(-1.,0.,0.));
#5235=DIRECTION('',(0.,0.,1.));
#5236=DIRECTION('',(0.,0.,-1.));
#5237=DIRECTION('',(0.,1.,0.));
#5238=DIRECTION('',(0.,0.,-1.));
#5239=DIRECTION('',(0.965191378060113,-0.261544649569474,0.));
#5240=DIRECTION('',(0.,0.,-1.));
#5241=DIRECTION('',(0.,0.,-1.));
#5242=DIRECTION('',(-1.,0.,0.));
#5243=DIRECTION('',(0.,0.,-1.));
#5244=DIRECTION('',(0.707646287383032,-0.70656686304483,0.));
#5245=DIRECTION('',(0.,0.,-1.));
#5246=DIRECTION('',(0.,0.,-1.));
#5247=DIRECTION('',(-1.,0.,0.));
#5248=DIRECTION('',(0.,0.,-1.));
#5249=DIRECTION('',(0.265178381847944,-0.964199370358904,0.));
#5250=DIRECTION('',(0.,0.,-1.));
#5251=DIRECTION('',(0.,0.,-1.));
#5252=DIRECTION('',(-1.,0.,0.));
#5253=DIRECTION('',(0.,1.,0.));
#5254=DIRECTION('',(0.,0.,1.));
#5255=DIRECTION('',(1.,0.,0.));
#5256=DIRECTION('',(0.,0.,-1.));
#5257=DIRECTION('',(1.,0.,0.));
#5258=DIRECTION('',(0.64021458705448,0.768196122434019,0.));
#5259=DIRECTION('',(-0.768196122434019,0.64021458705448,0.));
#5260=DIRECTION('',(0.768196122434019,-0.64021458705448,0.));
#5261=DIRECTION('',(0.,0.,-1.));
#5262=DIRECTION('',(0.768196122434019,-0.64021458705448,0.));
#5263=DIRECTION('',(0.,0.,-1.));
#5264=DIRECTION('',(-1.,0.,0.));
#5265=DIRECTION('',(0.,0.,1.));
#5266=DIRECTION('',(0.,1.,0.));
#5267=DIRECTION('',(0.,0.,-1.));
#5268=DIRECTION('',(0.,1.,0.));
#5269=DIRECTION('',(0.,0.,-1.));
#5270=DIRECTION('',(-0.922570012605725,-0.385829718711081,0.));
#5271=DIRECTION('',(0.,0.,-1.));
#5272=DIRECTION('',(-1.,0.,0.));
#5273=DIRECTION('',(0.,0.,-1.));
#5274=DIRECTION('',(0.,0.,-1.));
#5275=DIRECTION('',(-1.,0.,0.));
#5276=DIRECTION('',(0.,0.,-1.));
#5277=DIRECTION('',(-0.375496142012619,-0.926823957034797,0.));
#5278=DIRECTION('',(0.,0.,-1.));
#5279=DIRECTION('',(-1.,0.,0.));
#5280=DIRECTION('',(0.,0.,-1.));
#5281=DIRECTION('',(0.,0.,-1.));
#5282=DIRECTION('',(-1.,0.,0.));
#5283=DIRECTION('',(0.,1.,0.));
#5284=DIRECTION('',(0.,0.,1.));
#5285=DIRECTION('',(1.,0.,0.));
#5286=DIRECTION('',(0.,0.,-1.));
#5287=DIRECTION('',(1.,0.,0.));
#5288=DIRECTION('',(0.,0.,-1.));
#5289=DIRECTION('',(-0.640395649125799,-0.768045189152791,0.));
#5290=DIRECTION('',(0.768045189152791,-0.640395649125799,0.));
#5291=DIRECTION('',(-0.768045189152791,0.640395649125799,0.));
#5292=DIRECTION('',(0.,0.,-1.));
#5293=DIRECTION('',(-0.768045189152791,0.640395649125799,0.));
#5294=DIRECTION('',(1.,0.,0.));
#5295=DIRECTION('',(0.,0.,-1.));
#5296=DIRECTION('',(0.,-1.,0.));
#5297=DIRECTION('',(0.,0.,-1.));
#5298=DIRECTION('',(0.,-1.,0.));
#5299=DIRECTION('',(0.,0.,-1.));
#5300=DIRECTION('',(0.924160355698899,0.382004760381967,0.));
#5301=DIRECTION('',(0.,0.,-1.));
#5302=DIRECTION('',(-1.,0.,0.));
#5303=DIRECTION('',(0.,0.,-1.));
#5304=DIRECTION('',(0.,0.,-1.));
#5305=DIRECTION('',(-1.,0.,0.));
#5306=DIRECTION('',(0.,0.,-1.));
#5307=DIRECTION('',(-0.285549210248755,0.958364048014277,0.));
#5308=DIRECTION('',(0.,0.,-1.));
#5309=DIRECTION('',(0.,0.,-1.));
#5310=DIRECTION('',(-1.,0.,0.));
#5311=DIRECTION('',(0.,0.,-1.));
#5312=DIRECTION('',(0.,-1.,0.));
#5313=DIRECTION('',(0.,0.,-1.));
#5314=DIRECTION('',(0.,0.,-1.));
#5315=DIRECTION('',(-1.,0.,0.));
#5316=DIRECTION('',(0.,0.,-1.));
#5317=DIRECTION('',(0.285549210248779,0.95836404801427,0.));
#5318=DIRECTION('',(0.,0.,-1.));
#5319=DIRECTION('',(0.,0.,-1.));
#5320=DIRECTION('',(-1.,0.,0.));
#5321=DIRECTION('',(0.,0.,-1.));
#5322=DIRECTION('',(0.729995211836528,0.683452259265958,0.));
#5323=DIRECTION('',(0.,0.,-1.));
#5324=DIRECTION('',(0.,0.,-1.));
#5325=DIRECTION('',(-1.,0.,0.));
#5326=DIRECTION('',(0.,0.,-1.));
#5327=DIRECTION('',(0.965557646288533,0.260189222862415,0.));
#5328=DIRECTION('',(0.,0.,-1.));
#5329=DIRECTION('',(0.,0.,-1.));
#5330=DIRECTION('',(-1.,0.,0.));
#5331=DIRECTION('',(-1.,0.,0.));
#5332=DIRECTION('',(0.,0.,1.));
#5333=DIRECTION('',(0.,0.,-1.));
#5334=DIRECTION('',(0.,1.,0.));
#5335=DIRECTION('',(0.,0.,-1.));
#5336=DIRECTION('',(0.964782393799648,-0.26304929692782,0.));
#5337=DIRECTION('',(0.,0.,-1.));
#5338=DIRECTION('',(0.,0.,-1.));
#5339=DIRECTION('',(-1.,0.,0.));
#5340=DIRECTION('',(0.,0.,-1.));
#5341=DIRECTION('',(0.714092574152863,-0.700051280650024,0.));
#5342=DIRECTION('',(0.,0.,-1.));
#5343=DIRECTION('',(0.,0.,-1.));
#5344=DIRECTION('',(-1.,0.,0.));
#5345=DIRECTION('',(0.,0.,-1.));
#5346=DIRECTION('',(0.274135720187332,-0.961691014264651,0.));
#5347=DIRECTION('',(0.,0.,-1.));
#5348=DIRECTION('',(0.,0.,-1.));
#5349=DIRECTION('',(-1.,0.,0.));
#5350=DIRECTION('',(0.,1.,0.));
#5351=DIRECTION('',(0.,0.,1.));
#5352=DIRECTION('',(0.,0.,-1.));
#5353=DIRECTION('',(1.,0.,0.));
#5354=DIRECTION('',(0.,0.,-1.));
#5355=DIRECTION('',(-0.274135720187311,-0.961691014264657,0.));
#5356=DIRECTION('',(0.,0.,-1.));
#5357=DIRECTION('',(0.,0.,-1.));
#5358=DIRECTION('',(-1.,0.,0.));
#5359=DIRECTION('',(0.,0.,-1.));
#5360=DIRECTION('',(-0.714092574152923,-0.700051280649962,0.));
#5361=DIRECTION('',(0.,0.,-1.));
#5362=DIRECTION('',(0.,0.,-1.));
#5363=DIRECTION('',(-1.,0.,0.));
#5364=DIRECTION('',(0.,0.,-1.));
#5365=DIRECTION('',(-0.964782393799617,-0.263049296927936,0.));
#5366=DIRECTION('',(0.,0.,-1.));
#5367=DIRECTION('',(0.,0.,-1.));
#5368=DIRECTION('',(-1.,0.,0.));
#5369=DIRECTION('',(1.,0.,0.));
#5370=DIRECTION('',(0.,0.,-1.));
#5371=DIRECTION('',(0.,0.,-1.));
#5372=DIRECTION('',(0.,-1.,0.));
#5373=DIRECTION('',(0.,0.,-1.));
#5374=DIRECTION('',(-0.96555764628851,0.260189222862503,0.));
#5375=DIRECTION('',(0.,0.,-1.));
#5376=DIRECTION('',(0.,0.,-1.));
#5377=DIRECTION('',(-1.,0.,0.));
#5378=DIRECTION('',(0.,0.,-1.));
#5379=DIRECTION('',(0.382004760381448,0.924160355699114,0.));
#5380=DIRECTION('',(0.,0.,-1.));
#5381=DIRECTION('',(-1.,0.,0.));
#5382=DIRECTION('',(0.,0.,-1.));
#5383=DIRECTION('',(-1.,0.,0.));
#5384=DIRECTION('',(0.,0.,-1.));
#5385=DIRECTION('',(-0.729995211836612,0.683452259265869,0.));
#5386=DIRECTION('',(0.,0.,-1.));
#5387=DIRECTION('',(-1.,0.,0.));
#5388=DIRECTION('',(0.,-1.,0.));
#5389=DIRECTION('',(0.,0.,-1.));
#5390=DIRECTION('',(-1.,0.,0.));
#5391=DIRECTION('',(-1.,0.,0.));
#5392=DIRECTION('',(0.,0.,-1.));
#5393=DIRECTION('',(1.,0.,0.));
#5394=DIRECTION('',(0.,0.,1.));
#5395=DIRECTION('',(1.,0.,0.));
#5396=DIRECTION('',(0.,0.,-1.));
#5397=DIRECTION('',(-0.265178381847939,0.964199370358905,0.));
#5398=DIRECTION('',(0.,0.,-1.));
#5399=DIRECTION('',(0.,0.,-1.));
#5400=DIRECTION('',(-1.,0.,0.));
#5401=DIRECTION('',(0.,0.,-1.));
#5402=DIRECTION('',(0.,-1.,0.));
#5403=DIRECTION('',(0.,0.,-1.));
#5404=DIRECTION('',(0.,0.,-1.));
#5405=DIRECTION('',(-1.,0.,0.));
#5406=DIRECTION('',(-1.,0.,0.));
#5407=DIRECTION('',(0.,0.,1.));
#5408=DIRECTION('',(0.,0.,-1.));
#5409=DIRECTION('',(0.,1.,0.));
#5410=DIRECTION('',(0.,1.,0.));
#5411=DIRECTION('',(0.,0.,1.));
#5412=DIRECTION('',(0.,0.,-1.));
#5413=DIRECTION('',(1.,0.,0.));
#5414=DIRECTION('',(0.,0.,-1.));
#5415=DIRECTION('',(-0.362395321085534,0.932024479965689,0.));
#5416=DIRECTION('',(0.,0.,-1.));
#5417=DIRECTION('',(0.,0.,-1.));
#5418=DIRECTION('',(-1.,0.,0.));
#5419=DIRECTION('',(0.,0.,-1.));
#5420=DIRECTION('',(-0.932024479980119,0.362395321048421,0.));
#5421=DIRECTION('',(0.,0.,-1.));
#5422=DIRECTION('',(0.,0.,-1.));
#5423=DIRECTION('',(-1.,0.,0.));
#5424=DIRECTION('',(-1.,0.,0.));
#5425=DIRECTION('',(0.,0.,1.));
#5426=DIRECTION('',(0.,0.,-1.));
#5427=DIRECTION('',(0.,1.,0.));
#5428=DIRECTION('',(0.,0.,-1.));
#5429=DIRECTION('',(-0.931685492929073,-0.363265938763201,0.));
#5430=DIRECTION('',(0.,0.,-1.));
#5431=DIRECTION('',(0.,0.,-1.));
#5432=DIRECTION('',(-1.,0.,0.));
#5433=DIRECTION('',(0.,0.,-1.));
#5434=DIRECTION('',(-0.345940873144265,-0.938256314813912,0.));
#5435=DIRECTION('',(0.,0.,-1.));
#5436=DIRECTION('',(0.,0.,-1.));
#5437=DIRECTION('',(-1.,0.,0.));
#5438=DIRECTION('',(0.,-1.,0.));
#5439=DIRECTION('',(0.,0.,-1.));
#5440=DIRECTION('',(0.,0.,-1.));
#5441=DIRECTION('',(-1.,0.,0.));
#5442=DIRECTION('',(-1.,0.,0.));
#5443=DIRECTION('',(0.,0.,1.));
#5444=DIRECTION('',(0.,0.,-1.));
#5445=DIRECTION('',(0.,1.,0.));
#5446=DIRECTION('',(0.,1.,0.));
#5447=DIRECTION('',(0.,0.,1.));
#5448=DIRECTION('',(0.,0.,-1.));
#5449=DIRECTION('',(1.,0.,0.));
#5450=DIRECTION('',(0.,0.,-1.));
#5451=DIRECTION('',(-0.265178381847935,-0.964199370358906,0.));
#5452=DIRECTION('',(0.,0.,-1.));
#5453=DIRECTION('',(0.,0.,-1.));
#5454=DIRECTION('',(-1.,0.,0.));
#5455=DIRECTION('',(0.,0.,-1.));
#5456=DIRECTION('',(-0.70652655892193,-0.707686527735223,0.));
#5457=DIRECTION('',(0.,0.,-1.));
#5458=DIRECTION('',(0.,0.,-1.));
#5459=DIRECTION('',(-1.,0.,0.));
#5460=DIRECTION('',(0.,0.,-1.));
#5461=DIRECTION('',(-0.964033151014266,-0.265782022991597,0.));
#5462=DIRECTION('',(0.,0.,-1.));
#5463=DIRECTION('',(0.,0.,-1.));
#5464=DIRECTION('',(-1.,0.,0.));
#5465=DIRECTION('',(1.,0.,0.));
#5466=DIRECTION('',(0.,0.,-1.));
#5467=DIRECTION('',(0.,0.,-1.));
#5468=DIRECTION('',(0.,-1.,0.));
#5469=DIRECTION('',(0.,0.,-1.));
#5470=DIRECTION('',(-0.964033151014219,0.265782022991767,0.));
#5471=DIRECTION('',(0.,0.,-1.));
#5472=DIRECTION('',(0.,0.,-1.));
#5473=DIRECTION('',(-1.,0.,0.));
#5474=DIRECTION('',(0.,0.,-1.));
#5475=DIRECTION('',(-0.706526558921937,0.707686527735216,0.));
#5476=DIRECTION('',(0.,0.,-1.));
#5477=DIRECTION('',(-1.,0.,0.));
#5478=DIRECTION('',(0.,0.,-1.));
#5479=DIRECTION('',(1.,0.,0.));
#5480=DIRECTION('',(0.,0.,1.));
#5481=DIRECTION('',(1.,0.,0.));
#5482=CARTESIAN_POINT('',(0.,0.,0.));
#5483=CARTESIAN_POINT('',(0.03095,-0.003295,0.));
#5484=CARTESIAN_POINT('',(0.026166952080018,-0.00205901137675681,0.));
#5485=CARTESIAN_POINT('',(0.0261736134772139,-0.00142226735877326,0.));
#5486=CARTESIAN_POINT('',(0.0258147214792364,-0.00152862677068432,0.));
#5487=CARTESIAN_POINT('',(0.0262628945772294,-0.00220749317644924,0.));
#5488=CARTESIAN_POINT('',(0.025554705555083,-0.00180710398676668,0.));
#5489=CARTESIAN_POINT('',(0.0261756647212625,-0.00217146982436513,0.));
#5490=CARTESIAN_POINT('',(0.0254558268615718,-0.00217154629498511,0.));
#5491=CARTESIAN_POINT('',(0.0254558561765755,-0.00330312863415212,0.));
#5492=CARTESIAN_POINT('',(0.0254560289046932,-0.004434636985257,0.));
#5493=CARTESIAN_POINT('',(0.0261509339606012,-0.00444460275715546,0.));
#5494=CARTESIAN_POINT('',(0.0255545642188836,-0.00480086223504517,0.));
#5495=CARTESIAN_POINT('',(0.0262353020940644,-0.00439393764342624,0.));
#5496=CARTESIAN_POINT('',(0.0258147232493904,-0.00506624842388053,0.));
#5497=CARTESIAN_POINT('',(0.0261658000185855,-0.00450863635665718,0.));
#5498=CARTESIAN_POINT('',(0.0261736130385764,-0.00516770793827343,0.));
#5499=CARTESIAN_POINT('',(0.027310404058384,-0.00516783730865078,0.));
#5500=CARTESIAN_POINT('',(0.0284471950781915,-0.00516770793827343,0.));
#5501=CARTESIAN_POINT('',(0.0284550080981824,-0.00450863635665735,0.));
#5502=CARTESIAN_POINT('',(0.028806084839643,-0.00506624844113666,0.));
#5503=CARTESIAN_POINT('',(0.0283855060227037,-0.00439393764342627,0.));
#5504=CARTESIAN_POINT('',(0.0290662439025897,-0.00480086222717623,0.));
#5505=CARTESIAN_POINT('',(0.0284698741561664,-0.00444460275715548,0.));
#5506=CARTESIAN_POINT('',(0.0291647792120747,-0.004434636985257,0.));
#5507=CARTESIAN_POINT('',(0.0291649519401924,-0.00330312863415212,0.));
#5508=CARTESIAN_POINT('',(0.029164981246032,-0.00217162276640214,0.));
#5509=CARTESIAN_POINT('',(0.0284451433955063,-0.00217146982436485,0.));
#5510=CARTESIAN_POINT('',(0.0290661021729227,-0.00180710328228677,0.));
#5511=CARTESIAN_POINT('',(0.0283579135395383,-0.00220749317644959,0.));
#5512=CARTESIAN_POINT('',(0.0288060866375315,-0.00152862677068432,0.));
#5513=CARTESIAN_POINT('',(0.0284538560367503,-0.00205901137675541,0.));
#5514=CARTESIAN_POINT('',(0.028447194639554,-0.00142226735877328,0.));
#5515=CARTESIAN_POINT('',(0.027310404058384,-0.0014221626913492,0.));
#5516=CARTESIAN_POINT('',(0.0444468602083985,-0.00210807701760153,0.));
#5517=CARTESIAN_POINT('',(0.0444540987047046,-0.0014222775420421,0.));
#5518=CARTESIAN_POINT('',(0.0440927781586258,-0.0015209193602467,0.));
#5519=CARTESIAN_POINT('',(0.0444829256423997,-0.00217362399293913,0.));
#5520=CARTESIAN_POINT('',(0.0438302125835659,-0.00178347146071852,0.));
#5521=CARTESIAN_POINT('',(0.0444188883950526,-0.00213791212586879,0.));
#5522=CARTESIAN_POINT('',(0.0437315888880344,-0.00214560973598603,0.));
#5523=CARTESIAN_POINT('',(0.0437314643408097,-0.00365672421976978,0.));
#5524=CARTESIAN_POINT('',(0.0437314643408097,-0.00516783730865078,0.));
#5525=CARTESIAN_POINT('',(0.0440744927020296,-0.00516783730865078,0.));
#5526=CARTESIAN_POINT('',(0.0444175210632495,-0.00516783730865078,0.));
#5527=CARTESIAN_POINT('',(0.0444175210632495,-0.00367216862465883,0.));
#5528=CARTESIAN_POINT('',(0.044417540236896,-0.00217649959448714,0.));
#5529=CARTESIAN_POINT('',(0.0444777217528143,-0.00217541301861278,0.));
#5530=CARTESIAN_POINT('',(0.0444358301940512,-0.00213221828945589,0.));
#5531=CARTESIAN_POINT('',(0.0444790246241668,-0.00217411014726016,0.));
#5532=CARTESIAN_POINT('',(0.0444801112000412,-0.00211392863134196,0.));
#5533=CARTESIAN_POINT('',(0.045598611605554,-0.00211390945769548,0.));
#5534=CARTESIAN_POINT('',(0.046717111679403,-0.00211389529742516,0.));
#5535=CARTESIAN_POINT('',(0.0467170412996792,-0.00218255086674196,0.));
#5536=CARTESIAN_POINT('',(0.0467641247565565,-0.0021325640204181,0.));
#5537=CARTESIAN_POINT('',(0.0467277684645311,-0.00217624912674007,0.));
#5538=CARTESIAN_POINT('',(0.0467845909051029,-0.00217649999177702,0.));
#5539=CARTESIAN_POINT('',(0.0467845793283498,-0.00367216862465883,0.));
#5540=CARTESIAN_POINT('',(0.0467845793283498,-0.00516783730865078,0.));
#5541=CARTESIAN_POINT('',(0.0471308591432305,-0.00516783730865078,0.));
#5542=CARTESIAN_POINT('',(0.0474771389581113,-0.00516783730865078,0.));
#5543=CARTESIAN_POINT('',(0.0474771389581113,-0.00365672421976978,0.));
#5544=CARTESIAN_POINT('',(0.0474770161641049,-0.00214560976756405,0.));
#5545=CARTESIAN_POINT('',(0.0467918641249358,-0.00213800284313392,0.));
#5546=CARTESIAN_POINT('',(0.047377980313743,-0.00178347382466737,0.));
#5547=CARTESIAN_POINT('',(0.0467229494224258,-0.00217652703817054,0.));
#5548=CARTESIAN_POINT('',(0.0471150135701074,-0.00152091717955601,0.));
#5549=CARTESIAN_POINT('',(0.0467609302271073,-0.0021080770176016,0.));
#5550=CARTESIAN_POINT('',(0.0467536917308011,-0.0014222775420421,0.));
#5551=CARTESIAN_POINT('',(0.0456038952177529,-0.0014221626913492,0.));
#5552=CARTESIAN_POINT('',(0.0414367509196633,-0.00280321763379612,0.));
#5553=CARTESIAN_POINT('',(0.0414367509196633,-0.0014221626913492,0.));
#5554=CARTESIAN_POINT('',(0.0414367509196633,-0.00418427257624303,0.));
#5555=CARTESIAN_POINT('',(0.0412888097780946,-0.00400219117123531,0.));
#5556=CARTESIAN_POINT('',(0.0411408686365258,-0.0038201097662276,0.));
#5557=CARTESIAN_POINT('',(0.0406905423044978,-0.0038201097662276,0.));
#5558=CARTESIAN_POINT('',(0.0402402159724698,-0.00382010976622759,0.));
#5559=CARTESIAN_POINT('',(0.0408047496143353,-0.00449397353743919,0.));
#5560=CARTESIAN_POINT('',(0.0413692832562007,-0.00516783730865078,0.));
#5561=CARTESIAN_POINT('',(0.0417464518808595,-0.00516783730865078,0.));
#5562=CARTESIAN_POINT('',(0.0421236205055183,-0.00516783730865078,0.));
#5563=CARTESIAN_POINT('',(0.0421236205055183,-0.003295,0.));
#5564=CARTESIAN_POINT('',(0.0421236205055183,-0.0014221626913492,0.));
#5565=CARTESIAN_POINT('',(0.0417801857125909,-0.0014221626913492,0.));
#5566=CARTESIAN_POINT('',(0.0313808176100632,-0.003295,0.));
#5567=CARTESIAN_POINT('',(0.0313808176100632,-0.0014221626913492,0.));
#5568=CARTESIAN_POINT('',(0.0313808176100632,-0.00516783730865078,0.));
#5569=CARTESIAN_POINT('',(0.031757986234722,-0.00516783730865078,0.));
#5570=CARTESIAN_POINT('',(0.0321351548593808,-0.00516783730865078,0.));
#5571=CARTESIAN_POINT('',(0.0328143022427913,-0.00435903821051383,0.));
#5572=CARTESIAN_POINT('',(0.0334934496262018,-0.00355023911237688,0.));
#5573=CARTESIAN_POINT('',(0.034169751987659,-0.00435903821051383,0.));
#5574=CARTESIAN_POINT('',(0.0348460543491163,-0.00516783730865078,0.));
#5575=CARTESIAN_POINT('',(0.0352256615640207,-0.00516783730865078,0.));
#5576=CARTESIAN_POINT('',(0.0356052687789252,-0.00516783730865078,0.));
#5577=CARTESIAN_POINT('',(0.0356052687789252,-0.003295,0.));
#5578=CARTESIAN_POINT('',(0.0356052687789252,-0.0014221626913492,0.));
#5579=CARTESIAN_POINT('',(0.0352593953957521,-0.0014221626913492,0.));
#5580=CARTESIAN_POINT('',(0.0349135220125789,-0.0014221626913492,0.));
#5581=CARTESIAN_POINT('',(0.0349135220125789,-0.00279549543135159,0.));
#5582=CARTESIAN_POINT('',(0.0349135220125789,-0.00416882817135398,0.));
#5583=CARTESIAN_POINT('',(0.0342034858193904,-0.00332345021953245,0.));
#5584=CARTESIAN_POINT('',(0.0334934496262018,-0.00247807226771091,0.));
#5585=CARTESIAN_POINT('',(0.03278056841106,-0.00332101162928681,0.));
#5586=CARTESIAN_POINT('',(0.0320676871959181,-0.0041639509908627,0.));
#5587=CARTESIAN_POINT('',(0.0320676871959181,-0.00279305684110596,0.));
#5588=CARTESIAN_POINT('',(0.0320676871959181,-0.0014221626913492,0.));
#5589=CARTESIAN_POINT('',(0.0317242524029906,-0.0014221626913492,0.));
#5590=CARTESIAN_POINT('',(0.0229945057553105,-0.00292555357778567,0.));
#5591=CARTESIAN_POINT('',(0.0229945057553105,-0.0014221626913492,0.));
#5592=CARTESIAN_POINT('',(0.0229944823224065,-0.00442894493141929,0.));
#5593=CARTESIAN_POINT('',(0.0229335940745133,-0.00443015890025033,0.));
#5594=CARTESIAN_POINT('',(0.0229765456711293,-0.00447330004810273,0.));
#5595=CARTESIAN_POINT('',(0.0229339961427992,-0.00443265646957146,0.));
#5596=CARTESIAN_POINT('',(0.0229327286770866,-0.00449150981103566,0.));
#5597=CARTESIAN_POINT('',(0.0217463539812509,-0.00449153494719355,0.));
#5598=CARTESIAN_POINT('',(0.0205599798267475,-0.00449153494719355,0.));
#5599=CARTESIAN_POINT('',(0.0205599798267475,-0.00483212471816781,0.));
#5600=CARTESIAN_POINT('',(0.0205599798267475,-0.00517271448914206,0.));
#5601=CARTESIAN_POINT('',(0.0217593597958943,-0.00517271448914206,0.));
#5602=CARTESIAN_POINT('',(0.0229587411860633,-0.00517258777373292,0.));
#5603=CARTESIAN_POINT('',(0.0229666065758523,-0.00447121515851592,0.));
#5604=CARTESIAN_POINT('',(0.0233200588594039,-0.00507679817647918,0.));
#5605=CARTESIAN_POINT('',(0.0229581495561934,-0.00445051891982914,0.));
#5606=CARTESIAN_POINT('',(0.0235802910890117,-0.00481959358016665,0.));
#5607=CARTESIAN_POINT('',(0.0229790268277917,-0.00446707575810111,0.));
#5608=CARTESIAN_POINT('',(0.0236762799989567,-0.00445495988441293,0.));
#5609=CARTESIAN_POINT('',(0.0236764981606742,-0.00293855939242909,0.));
#5610=CARTESIAN_POINT('',(0.0236764981606742,-0.0014221626913492,0.));
#5611=CARTESIAN_POINT('',(0.0233355019579923,-0.0014221626913492,0.));
#5612=CARTESIAN_POINT('',(0.03095,-0.00619,0.));
#5613=CARTESIAN_POINT('',(0.0004,-0.00619,0.));
#5614=CARTESIAN_POINT('',(0.0615,-0.00619,0.));
#5615=CARTESIAN_POINT('',(0.0004,-0.003295,0.));
#5616=CARTESIAN_POINT('',(0.0004,-0.0004,0.));
#5617=CARTESIAN_POINT('',(0.03095,-0.0004,0.));
#5618=CARTESIAN_POINT('',(0.0615,-0.0004,0.));
#5619=CARTESIAN_POINT('',(0.0615,-0.003295,0.));
#5620=CARTESIAN_POINT('',(0.0156836882610859,-0.00210807701760151,0.));
#5621=CARTESIAN_POINT('',(0.0156909267573921,-0.0014222775420421,0.));
#5622=CARTESIAN_POINT('',(0.0153296049180858,-0.00152091717955601,0.));
#5623=CARTESIAN_POINT('',(0.0157216690657671,-0.00217652703817034,0.));
#5624=CARTESIAN_POINT('',(0.0150666381857449,-0.00178347380547706,0.));
#5625=CARTESIAN_POINT('',(0.0156527543632575,-0.00213800284313388,0.));
#5626=CARTESIAN_POINT('',(0.0149676023240883,-0.00214560976756405,0.));
#5627=CARTESIAN_POINT('',(0.0149674795300819,-0.003295,0.));
#5628=CARTESIAN_POINT('',(0.0149676023240883,-0.00444439023243594,0.));
#5629=CARTESIAN_POINT('',(0.0156527543632576,-0.0044519971568661,0.));
#5630=CARTESIAN_POINT('',(0.0150666381744502,-0.00480652617533262,0.));
#5631=CARTESIAN_POINT('',(0.0157216690657671,-0.00441347296182958,0.));
#5632=CARTESIAN_POINT('',(0.0153296049180858,-0.00506908282044397,0.));
#5633=CARTESIAN_POINT('',(0.0156836882610854,-0.00448192298240006,0.));
#5634=CARTESIAN_POINT('',(0.0156909267573921,-0.00516772245795785,0.));
#5635=CARTESIAN_POINT('',(0.0171971638780113,-0.00516783730865078,0.));
#5636=CARTESIAN_POINT('',(0.018703399786401,-0.00516783730865078,0.));
#5637=CARTESIAN_POINT('',(0.018703399786401,-0.00482196392547764,0.));
#5638=CARTESIAN_POINT('',(0.018703399786401,-0.0044760905423045,0.));
#5639=CARTESIAN_POINT('',(0.0172699151536728,-0.0044760905423045,0.));
#5640=CARTESIAN_POINT('',(0.0158364147235087,-0.0044758053063209,0.));
#5641=CARTESIAN_POINT('',(0.0158261281267676,-0.00429007215614297,0.));
#5642=CARTESIAN_POINT('',(0.0157036755261102,-0.00442958985874985,0.));
#5643=CARTESIAN_POINT('',(0.0158328445938749,-0.00430738319710767,0.));
#5644=CARTESIAN_POINT('',(0.0156547614996004,-0.00429404003580382,0.));
#5645=CARTESIAN_POINT('',(0.0156543491159369,-0.003295,0.));
#5646=CARTESIAN_POINT('',(0.0156546196293512,-0.00229597639337881,0.));
#5647=CARTESIAN_POINT('',(0.0158338598422551,-0.0022863891247008,0.));
#5648=CARTESIAN_POINT('',(0.0157036663405327,-0.00216321686067733,0.));
#5649=CARTESIAN_POINT('',(0.0158268287828866,-0.00229342018391202,0.));
#5650=CARTESIAN_POINT('',(0.0158364160516198,-0.00211417997111618,0.));
#5651=CARTESIAN_POINT('',(0.0172699151536728,-0.00211390945769548,0.));
#5652=CARTESIAN_POINT('',(0.018703399786401,-0.00211390945769548,0.));
#5653=CARTESIAN_POINT('',(0.018703399786401,-0.00176803607452235,0.));
#5654=CARTESIAN_POINT('',(0.018703399786401,-0.0014221626913492,0.));
#5655=CARTESIAN_POINT('',(0.0171971638780113,-0.0014221626913492,0.));
#5656=CARTESIAN_POINT('',(0.0242593212293819,-0.00176275246232346,0.));
#5657=CARTESIAN_POINT('',(0.0242593212293819,-0.0014221626913492,0.));
#5658=CARTESIAN_POINT('',(0.0242593212293819,-0.00210334223329771,0.));
#5659=CARTESIAN_POINT('',(0.0245999110003561,-0.00210334223329771,0.));
#5660=CARTESIAN_POINT('',(0.0249405007713304,-0.00210334223329771,0.));
#5661=CARTESIAN_POINT('',(0.0249405007713304,-0.00176275246232346,0.));
#5662=CARTESIAN_POINT('',(0.0249405007713304,-0.0014221626913492,0.));
#5663=CARTESIAN_POINT('',(0.0245999110003561,-0.0014221626913492,0.));
#5664=CARTESIAN_POINT('',(0.0362141034769198,-0.0021399210869823,0.));
#5665=CARTESIAN_POINT('',(0.0362141034769198,-0.0014221626913492,0.));
#5666=CARTESIAN_POINT('',(0.0362143135047503,-0.00285768304456607,0.));
#5667=CARTESIAN_POINT('',(0.0368982607620749,-0.00286928239496414,0.));
#5668=CARTESIAN_POINT('',(0.0363127887742066,-0.00322229538147166,0.));
#5669=CARTESIAN_POINT('',(0.0369572984539848,-0.0028320022695379,0.));
#5670=CARTESIAN_POINT('',(0.0365729506799621,-0.00347998040972065,0.));
#5671=CARTESIAN_POINT('',(0.0369228657797155,-0.00288980119073947,0.));
#5672=CARTESIAN_POINT('',(0.0369318598813672,-0.00357609880364682,0.));
#5673=CARTESIAN_POINT('',(0.0380556455440848,-0.00357625074166369,0.));
#5674=CARTESIAN_POINT('',(0.0391794296828139,-0.00357627417456765,0.));
#5675=CARTESIAN_POINT('',(0.039180643651645,-0.00363716242246081,0.));
#5676=CARTESIAN_POINT('',(0.039223784799497,-0.0035942108258444,0.));
#5677=CARTESIAN_POINT('',(0.0391831412209658,-0.00363676035417509,0.));
#5678=CARTESIAN_POINT('',(0.0392419945624303,-0.00363802781988752,0.));
#5679=CARTESIAN_POINT('',(0.0392420196985882,-0.00403104782247538,0.));
#5680=CARTESIAN_POINT('',(0.0392420005249417,-0.00442406762991061,0.));
#5681=CARTESIAN_POINT('',(0.0391818190090242,-0.00442515420578534,0.));
#5682=CARTESIAN_POINT('',(0.0392237105677864,-0.0044683489349419,0.));
#5683=CARTESIAN_POINT('',(0.0391805161376713,-0.00442645707713842,0.));
#5684=CARTESIAN_POINT('',(0.0391794295617965,-0.00448663859305576,0.));
#5685=CARTESIAN_POINT('',(0.0380686513587283,-0.00448665776670228,0.));
#5686=CARTESIAN_POINT('',(0.0369578731556599,-0.0044866385930558,0.));
#5687=CARTESIAN_POINT('',(0.0369567865797856,-0.0044264570771375,0.));
#5688=CARTESIAN_POINT('',(0.0369135918506281,-0.00446834863589993,0.));
#5689=CARTESIAN_POINT('',(0.036955483708432,-0.00442515420578539,0.));
#5690=CARTESIAN_POINT('',(0.0368953021925148,-0.00442406762991061,0.));
#5691=CARTESIAN_POINT('',(0.0368952830188682,-0.00429644772754243,0.));
#5692=CARTESIAN_POINT('',(0.0368952830188682,-0.00416882817135398,0.));
#5693=CARTESIAN_POINT('',(0.036554693247894,-0.00416882817135398,0.));
#5694=CARTESIAN_POINT('',(0.0362141034769198,-0.00416882817135398,0.));
#5695=CARTESIAN_POINT('',(0.0362141034769198,-0.00430945354218583,0.));
#5696=CARTESIAN_POINT('',(0.0362143038587623,-0.00445008218879084,0.));
#5697=CARTESIAN_POINT('',(0.0368967107665047,-0.00446123794124594,0.));
#5698=CARTESIAN_POINT('',(0.0363127974515822,-0.0048138768339043,0.));
#5699=CARTESIAN_POINT('',(0.0369572984539848,-0.00442358883652505,0.));
#5700=CARTESIAN_POINT('',(0.0365729506799621,-0.00507156697670774,0.));
#5701=CARTESIAN_POINT('',(0.0369228657797166,-0.00448138775772333,0.));
#5702=CARTESIAN_POINT('',(0.0369318598813672,-0.00516768537063397,0.));
#5703=CARTESIAN_POINT('',(0.0380686513587283,-0.00516783730865078,0.));
#5704=CARTESIAN_POINT('',(0.0392054422365384,-0.00516771221398871,0.));
#5705=CARTESIAN_POINT('',(0.03921321928823,-0.00446862961659047,0.));
#5706=CARTESIAN_POINT('',(0.0395667577620541,-0.00507151076914082,0.));
#5707=CARTESIAN_POINT('',(0.039202120577981,-0.00444303541647547,0.));
#5708=CARTESIAN_POINT('',(0.0398269857429966,-0.0048138999603791,0.));
#5709=CARTESIAN_POINT('',(0.0392273233341966,-0.00446175748196048,0.));
#5710=CARTESIAN_POINT('',(0.0399229904760351,-0.0044500824166174,0.));
#5711=CARTESIAN_POINT('',(0.0399231992405367,-0.00402860923222974,0.));
#5712=CARTESIAN_POINT('',(0.0399231312499001,-0.00360713905870808,0.));
#5713=CARTESIAN_POINT('',(0.0392331650365074,-0.00360213881705972,0.));
#5714=CARTESIAN_POINT('',(0.0398268607009515,-0.00325070723851756,0.));
#5715=CARTESIAN_POINT('',(0.0391878786161307,-0.00362378629169832,0.));
#5716=CARTESIAN_POINT('',(0.0395667547242539,-0.00298815115456271,0.));
#5717=CARTESIAN_POINT('',(0.0392126805534392,-0.00357529548206099,0.));
#5718=CARTESIAN_POINT('',(0.0392054420571331,-0.0028894960065016,0.));
#5719=CARTESIAN_POINT('',(0.0380816571733716,-0.0028893811558087,0.));
#5720=CARTESIAN_POINT('',(0.0369578731556599,-0.00288936198216219,0.));
#5721=CARTESIAN_POINT('',(0.0369567865797851,-0.00282918046624491,0.));
#5722=CARTESIAN_POINT('',(0.0369135918506293,-0.00287107202500751,0.));
#5723=CARTESIAN_POINT('',(0.036955483708433,-0.00282787759489139,0.));
#5724=CARTESIAN_POINT('',(0.0368953021925147,-0.00282679101901704,0.));
#5725=CARTESIAN_POINT('',(0.0368952830188682,-0.00249636169455321,0.));
#5726=CARTESIAN_POINT('',(0.0368953021925147,-0.00216593237008937,0.));
#5727=CARTESIAN_POINT('',(0.036955483708433,-0.00216484579421502,0.));
#5728=CARTESIAN_POINT('',(0.0369135921496701,-0.00212165106505803,0.));
#5729=CARTESIAN_POINT('',(0.0369567865797856,-0.00216354292286249,0.));
#5730=CARTESIAN_POINT('',(0.0369578731556599,-0.00210336140694419,0.));
#5731=CARTESIAN_POINT('',(0.0384405363711882,-0.00210334223329771,0.));
#5732=CARTESIAN_POINT('',(0.0399231992405367,-0.00210334223329771,0.));
#5733=CARTESIAN_POINT('',(0.0399231992405367,-0.00176275246232346,0.));
#5734=CARTESIAN_POINT('',(0.0399231992405367,-0.0014221626913492,0.));
#5735=CARTESIAN_POINT('',(0.0380686513587283,-0.0014221626913492,0.));
#5736=CARTESIAN_POINT('',(0.0425503737985052,-0.00176275246232346,0.));
#5737=CARTESIAN_POINT('',(0.0425503737985052,-0.0014221626913492,0.));
#5738=CARTESIAN_POINT('',(0.0425503737985052,-0.00210334223329771,0.));
#5739=CARTESIAN_POINT('',(0.0428909635694794,-0.00210334223329771,0.));
#5740=CARTESIAN_POINT('',(0.0432315533404537,-0.00210334223329771,0.));
#5741=CARTESIAN_POINT('',(0.0432315533404537,-0.00176275246232346,0.));
#5742=CARTESIAN_POINT('',(0.0432315533404537,-0.0014221626913492,0.));
#5743=CARTESIAN_POINT('',(0.0428909635694794,-0.0014221626913492,0.));
#5744=CARTESIAN_POINT('',(0.0480388275780235,-0.00293083718998456,0.));
#5745=CARTESIAN_POINT('',(0.0480388275780235,-0.0014221626913492,0.));
#5746=CARTESIAN_POINT('',(0.0480388275780235,-0.00443951168861992,0.));
#5747=CARTESIAN_POINT('',(0.0492117894861759,-0.00443951168861992,0.));
#5748=CARTESIAN_POINT('',(0.0503847526065576,-0.00443939683792702,0.));
#5749=CARTESIAN_POINT('',(0.0503919911028638,-0.00375359736236755,0.));
#5750=CARTESIAN_POINT('',(0.0507460547446907,-0.00434072360913372,0.));
#5751=CARTESIAN_POINT('',(0.0503647050615085,-0.00369885491270402,0.));
#5752=CARTESIAN_POINT('',(0.0510062515563403,-0.004080671615251,0.));
#5753=CARTESIAN_POINT('',(0.0504160602390365,-0.00373074938582381,0.));
#5754=CARTESIAN_POINT('',(0.0511023578519445,-0.00372175528417249,0.));
#5755=CARTESIAN_POINT('',(0.0511025097899613,-0.00257195799216801,0.));
#5756=CARTESIAN_POINT('',(0.0511025097899613,-0.0014221626913492,0.));
#5757=CARTESIAN_POINT('',(0.0507619200189871,-0.0014221626913492,0.));
#5758=CARTESIAN_POINT('',(0.0504213302480128,-0.0014221626913492,0.));
#5759=CARTESIAN_POINT('',(0.0504213302480128,-0.00255895217752461,0.));
#5760=CARTESIAN_POINT('',(0.0504213110743663,-0.00369574200987975,0.));
#5761=CARTESIAN_POINT('',(0.0503611295584487,-0.00369682858575439,0.));
#5762=CARTESIAN_POINT('',(0.0504030211172114,-0.0037400233149106,0.));
#5763=CARTESIAN_POINT('',(0.0503598266870955,-0.00369813145710661,0.));
#5764=CARTESIAN_POINT('',(0.0503587401112211,-0.00375831297302493,0.));
#5765=CARTESIAN_POINT('',(0.0495706686839924,-0.00375833214667141,0.));
#5766=CARTESIAN_POINT('',(0.0487825972567636,-0.0037583129730249,0.));
#5767=CARTESIAN_POINT('',(0.0487815106808889,-0.00369813145710762,0.));
#5768=CARTESIAN_POINT('',(0.0487383159517324,-0.00374002301586963,0.));
#5769=CARTESIAN_POINT('',(0.0487802078095358,-0.00369682858575453,0.));
#5770=CARTESIAN_POINT('',(0.0487200262936185,-0.00369574200987975,0.));
#5771=CARTESIAN_POINT('',(0.048720007119972,-0.00255895217752461,0.));
#5772=CARTESIAN_POINT('',(0.048720007119972,-0.0014221626913492,0.));
#5773=CARTESIAN_POINT('',(0.0483794173489977,-0.0014221626913492,0.));
#5774=CARTESIAN_POINT('',(0.0114072138336503,-0.00210807701760162,0.));
#5775=CARTESIAN_POINT('',(0.0114144523299564,-0.0014222775420421,0.));
#5776=CARTESIAN_POINT('',(0.0110531304906501,-0.00152091717955601,0.));
#5777=CARTESIAN_POINT('',(0.0114451946383316,-0.00217652703817047,0.));
#5778=CARTESIAN_POINT('',(0.0107901637583092,-0.00178347380547707,0.));
#5779=CARTESIAN_POINT('',(0.0113762799358199,-0.00213800284313339,0.));
#5780=CARTESIAN_POINT('',(0.0106911278966527,-0.00214560976756405,0.));
#5781=CARTESIAN_POINT('',(0.0106910051026463,-0.003295,0.));
#5782=CARTESIAN_POINT('',(0.0106911278966527,-0.00444439023243594,0.));
#5783=CARTESIAN_POINT('',(0.0113762799358199,-0.00445199715686673,0.));
#5784=CARTESIAN_POINT('',(0.0107901637470145,-0.00480652617533261,0.));
#5785=CARTESIAN_POINT('',(0.0114451946383315,-0.00441347296182961,0.));
#5786=CARTESIAN_POINT('',(0.0110531304906501,-0.00506908282044397,0.));
#5787=CARTESIAN_POINT('',(0.0114072138336503,-0.00448192298239836,0.));
#5788=CARTESIAN_POINT('',(0.0114144523299564,-0.00516772245795788,0.));
#5789=CARTESIAN_POINT('',(0.0129206894505756,-0.00516783730865078,0.));
#5790=CARTESIAN_POINT('',(0.0144269253589653,-0.00516783730865078,0.));
#5791=CARTESIAN_POINT('',(0.0144269253589653,-0.00482196392547764,0.));
#5792=CARTESIAN_POINT('',(0.0144269253589653,-0.0044760905423045,0.));
#5793=CARTESIAN_POINT('',(0.0129934407262371,-0.0044760905423045,0.));
#5794=CARTESIAN_POINT('',(0.0115599402960725,-0.00447580530631357,0.));
#5795=CARTESIAN_POINT('',(0.0115496536992677,-0.00429007215626357,0.));
#5796=CARTESIAN_POINT('',(0.0114272010986745,-0.00442958985874989,0.));
#5797=CARTESIAN_POINT('',(0.0115563701664392,-0.00430738319710768,0.));
#5798=CARTESIAN_POINT('',(0.0113782870721647,-0.00429404003580382,0.));
#5799=CARTESIAN_POINT('',(0.0113778746885013,-0.003295,0.));
#5800=CARTESIAN_POINT('',(0.0113781452019202,-0.00229597639337848,0.));
#5801=CARTESIAN_POINT('',(0.0115573854147161,-0.00228638912465451,0.));
#5802=CARTESIAN_POINT('',(0.0114271919130994,-0.00216321686068001,0.));
#5803=CARTESIAN_POINT('',(0.0115503543554706,-0.00229342018391726,0.));
#5804=CARTESIAN_POINT('',(0.0115599416241844,-0.00211417997111251,0.));
#5805=CARTESIAN_POINT('',(0.0129934407262371,-0.00211390945769548,0.));
#5806=CARTESIAN_POINT('',(0.0144269253589653,-0.00211390945769548,0.));
#5807=CARTESIAN_POINT('',(0.0144269253589653,-0.00176803607452235,0.));
#5808=CARTESIAN_POINT('',(0.0144269253589653,-0.0014221626913492,0.));
#5809=CARTESIAN_POINT('',(0.0129206894505756,-0.0014221626913492,0.));
#5810=CARTESIAN_POINT('',(0.03095,-0.00479,0.075));
#5811=CARTESIAN_POINT('',(0.03095,-0.00479,0.0744));
#5812=CARTESIAN_POINT('',(0.0023,-0.00479,0.0744));
#5813=CARTESIAN_POINT('',(0.0235743644341656,-0.00479,0.0744));
#5814=CARTESIAN_POINT('',(0.03095,-0.00479,0.075));
#5815=CARTESIAN_POINT('',(0.02355,-0.00479,0.075));
#5816=CARTESIAN_POINT('',(0.03095,-0.00479,0.075));
#5817=CARTESIAN_POINT('',(0.03835,-0.00479,0.075));
#5818=CARTESIAN_POINT('',(0.03095,-0.00479,0.075));
#5819=CARTESIAN_POINT('',(0.0383256355658344,-0.00479,0.0744));
#5820=CARTESIAN_POINT('',(0.03095,-0.00479,0.0744));
#5821=CARTESIAN_POINT('',(0.0596,-0.00479,0.0744));
#5822=CARTESIAN_POINT('',(0.0596,-0.00479,0.075));
#5823=CARTESIAN_POINT('',(0.0596,-0.00479,0.0014));
#5824=CARTESIAN_POINT('',(0.03095,-0.00479,0.0014));
#5825=CARTESIAN_POINT('',(0.03195,-0.00479,0.0014));
#5826=CARTESIAN_POINT('',(0.03195,-0.00479,0.0325));
#5827=CARTESIAN_POINT('',(0.03195,-0.00479,0.064));
#5828=CARTESIAN_POINT('',(0.03095,-0.00479,0.064));
#5829=CARTESIAN_POINT('',(0.02995,-0.00479,0.064));
#5830=CARTESIAN_POINT('',(0.02995,-0.00479,0.0325));
#5831=CARTESIAN_POINT('',(0.02995,-0.00479,0.0014));
#5832=CARTESIAN_POINT('',(0.03095,-0.00479,0.0014));
#5833=CARTESIAN_POINT('',(0.0023,-0.00479,0.0014));
#5834=CARTESIAN_POINT('',(0.0023,-0.00479,0.075));
#5835=CARTESIAN_POINT('',(0.03095,-0.0018,0.075));
#5836=CARTESIAN_POINT('',(0.0596,-0.0018,0.075));
#5837=CARTESIAN_POINT('',(0.0596,-0.0018,0.0744));
#5838=CARTESIAN_POINT('',(0.0596,-0.0018,0.0014));
#5839=CARTESIAN_POINT('',(0.0023,-0.0018,0.0744));
#5840=CARTESIAN_POINT('',(0.0023,-0.0018,0.0744));
#5841=CARTESIAN_POINT('',(0.0023,-0.0018,0.075));
#5842=CARTESIAN_POINT('',(0.0023,-0.0018,0.0014));
#5843=CARTESIAN_POINT('',(0.03095,-0.0018,0.0014));
#5844=CARTESIAN_POINT('',(0.02995,-0.0018,0.0014));
#5845=CARTESIAN_POINT('',(0.02995,-0.0018,0.0325));
#5846=CARTESIAN_POINT('',(0.02995,-0.0018,0.064));
#5847=CARTESIAN_POINT('',(0.03095,-0.0018,0.064));
#5848=CARTESIAN_POINT('',(0.03195,-0.0018,0.064));
#5849=CARTESIAN_POINT('',(0.03195,-0.0018,0.0325));
#5850=CARTESIAN_POINT('',(0.03195,-0.0018,0.0014));
#5851=CARTESIAN_POINT('',(0.03095,-0.0018,0.0014));
#5852=CARTESIAN_POINT('',(0.03095,-0.003295,0.0014));
#5853=CARTESIAN_POINT('',(0.0596,-0.003295,0.0014));
#5854=CARTESIAN_POINT('',(0.03195,-0.006192,0.0014));
#5855=CARTESIAN_POINT('',(0.03095,-0.003295,0.0014));
#5856=CARTESIAN_POINT('',(0.0023,-0.003295,0.0014));
#5857=CARTESIAN_POINT('',(0.02995,-0.006192,0.0014));
#5858=CARTESIAN_POINT('',(0.03095,-0.00619,0.075));
#5859=CARTESIAN_POINT('',(0.03095,-0.00619,0.075));
#5860=CARTESIAN_POINT('',(0.03795,-0.00619,0.075));
#5861=CARTESIAN_POINT('',(0.02395,-0.00619,0.075));
#5862=CARTESIAN_POINT('',(0.03095,-0.00619,0.075));
#5863=CARTESIAN_POINT('',(0.0004,-0.00619,0.075));
#5864=CARTESIAN_POINT('',(0.0004,-0.00619,0.075));
#5865=CARTESIAN_POINT('',(0.0615,-0.00619,0.075));
#5866=CARTESIAN_POINT('',(0.0615,-0.00619,0.075));
#5867=CARTESIAN_POINT('',(0.03095,-0.00619,0.075));
#5868=CARTESIAN_POINT('',(0.0615,-0.003295,0.075));
#5869=CARTESIAN_POINT('',(0.0615,-0.0004,0.075));
#5870=CARTESIAN_POINT('',(0.0615,-0.0004,0.075));
#5871=CARTESIAN_POINT('',(0.0615,-0.003295,0.075));
#5872=CARTESIAN_POINT('',(0.03095,-0.0004,0.075));
#5873=CARTESIAN_POINT('',(0.0004,-0.0004,0.075));
#5874=CARTESIAN_POINT('',(0.0004,-0.0004,0.075));
#5875=CARTESIAN_POINT('',(0.03095,-0.0004,0.075));
#5876=CARTESIAN_POINT('',(0.0004,-0.003295,0.075));
#5877=CARTESIAN_POINT('',(0.0004,-0.003295,0.075));
#5878=CARTESIAN_POINT('',(0.03095,-0.003295,0.075));
#5879=CARTESIAN_POINT('',(0.02345,-0.00459,0.075));
#5880=CARTESIAN_POINT('',(0.02345,-0.00539,0.075));
#5881=CARTESIAN_POINT('',(0.02345,-0.00569,0.075));
#5882=CARTESIAN_POINT('',(0.03095,-0.00539,0.075));
#5883=CARTESIAN_POINT('',(0.0017,-0.00539,0.075));
#5884=CARTESIAN_POINT('',(0.0017,-0.0018,0.075));
#5885=CARTESIAN_POINT('',(0.0017,-0.0012,0.075));
#5886=CARTESIAN_POINT('',(0.0596,-0.0012,0.075));
#5887=CARTESIAN_POINT('',(0.0602,-0.0012,0.075));
#5888=CARTESIAN_POINT('',(0.0602,-0.00329499999999996,0.075));
#5889=CARTESIAN_POINT('',(0.0602,-0.00539,0.075));
#5890=CARTESIAN_POINT('',(0.03095,-0.00539,0.075));
#5891=CARTESIAN_POINT('',(0.03845,-0.00539,0.075));
#5892=CARTESIAN_POINT('',(0.03845,-0.00459,0.075));
#5893=CARTESIAN_POINT('',(0.03845,-0.00569,0.075));
#5894=CARTESIAN_POINT('',(0.03795,-0.00569,0.075));
#5895=CARTESIAN_POINT('',(0.02395,-0.00569,0.075));
#5896=CARTESIAN_POINT('',(0.03095,-0.00459,0.075));
#5897=CARTESIAN_POINT('',(0.02395,-0.00509,0.075));
#5898=CARTESIAN_POINT('',(0.02395,-0.00459,0.075));
#5899=CARTESIAN_POINT('',(0.03095,-0.00459,0.075));
#5900=CARTESIAN_POINT('',(0.03795,-0.00459,0.075));
#5901=CARTESIAN_POINT('',(0.03795,-0.00509,0.075));
#5902=CARTESIAN_POINT('',(0.03095,-0.00459,0.075));
#5903=CARTESIAN_POINT('',(0.03095,-0.00569,0.075));
#5904=CARTESIAN_POINT('',(0.03845,-0.00539,0.075));
#5905=CARTESIAN_POINT('',(0.03845,-0.00528425861473192,0.075));
#5906=CARTESIAN_POINT('',(0.0384501279380187,-0.00518028716417823,0.0749717425608133));
#5907=CARTESIAN_POINT('',(0.0384495692070095,-0.00509000000000002,0.0749196152422707));
#5908=CARTESIAN_POINT('',(0.0384495692070095,-0.00509,0.0749196152422707));
#5909=CARTESIAN_POINT('',(0.03095,-0.00509,0.075));
#5910=CARTESIAN_POINT('',(0.0234504307929905,-0.00509,0.0749196152422707));
#5911=CARTESIAN_POINT('',(0.0234504307929905,-0.00509000000000001,0.0749196152422707));
#5912=CARTESIAN_POINT('',(0.0234498683743855,-0.0051808830547856,0.0749720865984159));
#5913=CARTESIAN_POINT('',(0.02345,-0.00528446927775562,0.075));
#5914=CARTESIAN_POINT('',(0.02345,-0.00539,0.075));
#5915=CARTESIAN_POINT('',(0.03095,-0.00459,0.04125));
#5916=CARTESIAN_POINT('',(0.03095,-0.00459,0.075));
#5917=CARTESIAN_POINT('',(0.03195,-0.006192,0.0325));
#5918=CARTESIAN_POINT('',(0.03195,-0.006192,0.064));
#5919=CARTESIAN_POINT('',(0.02995,-0.006192,0.0325));
#5920=CARTESIAN_POINT('',(0.02995,-0.0018,0.064));
#5921=CARTESIAN_POINT('',(0.0596,-0.003295,0.075));
#5922=CARTESIAN_POINT('',(0.0596,-0.003295,0.0744));
#5923=CARTESIAN_POINT('',(0.0023,-0.003295,0.075));
#5924=CARTESIAN_POINT('',(0.0023,-0.00479,0.0744));
#5925=CARTESIAN_POINT('',(0.03095,-0.00539,0.0744));
#5926=CARTESIAN_POINT('',(0.0602,-0.00539,0.0744));
#5927=CARTESIAN_POINT('',(0.0383256355658344,-0.00479,0.0744));
#5928=CARTESIAN_POINT('',(0.0383431776516675,-0.00479,0.0746156400536154));
#5929=CARTESIAN_POINT('',(0.0384484076301694,-0.00490229701390266,0.0748112448727197));
#5930=CARTESIAN_POINT('',(0.0384495692070095,-0.00509,0.0749196152422707));
#5931=CARTESIAN_POINT('',(0.0602,-0.003295,0.0744));
#5932=CARTESIAN_POINT('',(0.0602,-0.0012,0.0744));
#5933=CARTESIAN_POINT('',(0.03095,-0.00539,0.0744));
#5934=CARTESIAN_POINT('',(0.0234504307929905,-0.00509,0.0749196152422707));
#5935=CARTESIAN_POINT('',(0.0234515902436295,-0.0049026405936665,0.0748114432385888));
#5936=CARTESIAN_POINT('',(0.0235568466579432,-0.00479,0.074615341222235));
#5937=CARTESIAN_POINT('',(0.0235743644341657,-0.00479,0.0744));
#5938=CARTESIAN_POINT('',(0.0017,-0.00539,0.0744));
#5939=CARTESIAN_POINT('',(0.03095,-0.0012,0.0744));
#5940=CARTESIAN_POINT('',(0.0017,-0.0012,0.0744));
#5941=CARTESIAN_POINT('',(0.0017,-0.003295,0.0744));
#5942=CARTESIAN_POINT('',(0.03095,-0.00569,0.075));
#5943=CARTESIAN_POINT('',(0.03095,-0.00509,0.075));
#5944=CARTESIAN_POINT('',(0.03095,-0.006192,0.064));
#5945=CARTESIAN_POINT('',(0.0156836882610859,-0.00210807701760151,0.0002));
#5946=CARTESIAN_POINT('',(0.0156909279696215,-0.0014221626913492,0.0002));
#5947=CARTESIAN_POINT('',(0.0156909267573921,-0.0014222775420421,0.00019999975));
#5948=CARTESIAN_POINT('',(0.0156836882610859,-0.00210807701760151,0.0002));
#5949=CARTESIAN_POINT('',(0.0153296048615853,-0.00152091721334416,0.00019999975));
#5950=CARTESIAN_POINT('',(0.0153296101815593,-0.00152092559629759,0.0002));
#5951=CARTESIAN_POINT('',(0.0171971638780113,-0.0014221626913492,0.0002));
#5952=CARTESIAN_POINT('',(0.018703399786401,-0.0014221626913492,0.0002));
#5953=CARTESIAN_POINT('',(0.018703399786401,-0.0014221626913492,0.0002));
#5954=CARTESIAN_POINT('',(0.0171971638780113,-0.0014221626913492,0.0002));
#5955=CARTESIAN_POINT('',(0.018703399786401,-0.00176803607452235,0.0002));
#5956=CARTESIAN_POINT('',(0.018703399786401,-0.00211390945769548,0.0002));
#5957=CARTESIAN_POINT('',(0.018703399786401,-0.00211390945769548,0.0002));
#5958=CARTESIAN_POINT('',(0.018703399786401,-0.00176803607452235,0.0002));
#5959=CARTESIAN_POINT('',(0.0172699151536728,-0.00211390945769548,0.0002));
#5960=CARTESIAN_POINT('',(0.0158364305209447,-0.00211390945769548,0.0002));
#5961=CARTESIAN_POINT('',(0.0158364160516198,-0.00211417997111618,0.0002));
#5962=CARTESIAN_POINT('',(0.0172699151536728,-0.00211390945769548,0.0002));
#5963=CARTESIAN_POINT('',(0.0158268287828866,-0.00229342018391202,0.0002));
#5964=CARTESIAN_POINT('',(0.0157036688379394,-0.00216321406952265,0.0002));
#5965=CARTESIAN_POINT('',(0.0157036663405327,-0.00216321686067733,0.0002));
#5966=CARTESIAN_POINT('',(0.0158268287828866,-0.00229342018391202,0.0002));
#5967=CARTESIAN_POINT('',(0.0158338598422551,-0.0022863891247008,0.0002));
#5968=CARTESIAN_POINT('',(0.0156543491159369,-0.00229599086270319,0.0002));
#5969=CARTESIAN_POINT('',(0.0156546196293512,-0.00229597639337881,0.00019999975));
#5970=CARTESIAN_POINT('',(0.0158338598422551,-0.0022863891247008,0.0002));
#5971=CARTESIAN_POINT('',(0.0156543491159369,-0.003295,0.0002));
#5972=CARTESIAN_POINT('',(0.0156543491159369,-0.00429400913729679,0.0002));
#5973=CARTESIAN_POINT('',(0.0156547614996004,-0.00429404003580382,0.0002));
#5974=CARTESIAN_POINT('',(0.0156543491159369,-0.003295,0.0002));
#5975=CARTESIAN_POINT('',(0.0158328445938749,-0.00430738319710767,0.0002));
#5976=CARTESIAN_POINT('',(0.0157039337842649,-0.00442935089592976,0.0002));
#5977=CARTESIAN_POINT('',(0.0157036755261102,-0.00442958985874985,0.0002));
#5978=CARTESIAN_POINT('',(0.0158328445938749,-0.00430738319710767,0.0002));
#5979=CARTESIAN_POINT('',(0.0158261281267676,-0.00429007215614297,0.0002));
#5980=CARTESIAN_POINT('',(0.0158364305209447,-0.0044760905423045,0.0002));
#5981=CARTESIAN_POINT('',(0.0158364147235087,-0.0044758053063209,0.00019999975));
#5982=CARTESIAN_POINT('',(0.0158261281267676,-0.00429007215614297,0.0002));
#5983=CARTESIAN_POINT('',(0.0172699151536728,-0.0044760905423045,0.0002));
#5984=CARTESIAN_POINT('',(0.018703399786401,-0.0044760905423045,0.0002));
#5985=CARTESIAN_POINT('',(0.018703399786401,-0.0044760905423045,0.0002));
#5986=CARTESIAN_POINT('',(0.0172699151536728,-0.0044760905423045,0.0002));
#5987=CARTESIAN_POINT('',(0.018703399786401,-0.00482196392547764,0.0002));
#5988=CARTESIAN_POINT('',(0.018703399786401,-0.00516783730865078,0.0002));
#5989=CARTESIAN_POINT('',(0.018703399786401,-0.00516783730865078,0.0002));
#5990=CARTESIAN_POINT('',(0.018703399786401,-0.00482196392547764,0.0002));
#5991=CARTESIAN_POINT('',(0.0171971638780113,-0.00516783730865078,0.0002));
#5992=CARTESIAN_POINT('',(0.0156909279696215,-0.00516783730865078,0.0002));
#5993=CARTESIAN_POINT('',(0.0156909267573921,-0.00516772245795785,0.0002));
#5994=CARTESIAN_POINT('',(0.0171971638780113,-0.00516783730865078,0.0002));
#5995=CARTESIAN_POINT('',(0.0156836882610854,-0.00448192298240006,0.0002));
#5996=CARTESIAN_POINT('',(0.0153296101815593,-0.0050690744037024,0.0002));
#5997=CARTESIAN_POINT('',(0.0153296049180858,-0.00506908282044397,0.0002));
#5998=CARTESIAN_POINT('',(0.0156836882610854,-0.00448192298240006,0.0002));
#5999=CARTESIAN_POINT('',(0.0157216690657671,-0.00441347296182958,0.0002));
#6000=CARTESIAN_POINT('',(0.0150666488667379,-0.0048065195205886,0.0002));
#6001=CARTESIAN_POINT('',(0.0150666381744502,-0.00480652617533262,0.0002));
#6002=CARTESIAN_POINT('',(0.0157216690657671,-0.00441347296182958,0.0002));
#6003=CARTESIAN_POINT('',(0.0156527543632576,-0.0044519971568661,0.0002));
#6004=CARTESIAN_POINT('',(0.0149674795300819,-0.00444438886911119,0.0002));
#6005=CARTESIAN_POINT('',(0.0149676023240883,-0.00444439023243594,0.00019999975));
#6006=CARTESIAN_POINT('',(0.0156527543632576,-0.0044519971568661,0.0002));
#6007=CARTESIAN_POINT('',(0.0149674795300819,-0.003295,0.0002));
#6008=CARTESIAN_POINT('',(0.0149674795300819,-0.00214561113088879,0.0002));
#6009=CARTESIAN_POINT('',(0.0149676023240883,-0.00214560976756405,0.0002));
#6010=CARTESIAN_POINT('',(0.0149674795300819,-0.003295,0.0002));
#6011=CARTESIAN_POINT('',(0.0156527543632575,-0.00213800284313388,0.0002));
#6012=CARTESIAN_POINT('',(0.0150666488667379,-0.00178348047941139,0.0002));
#6013=CARTESIAN_POINT('',(0.0150666381857449,-0.00178347380547706,0.0002));
#6014=CARTESIAN_POINT('',(0.0156527543632575,-0.00213800284313388,0.0002));
#6015=CARTESIAN_POINT('',(0.0157216690657671,-0.00217652703817034,0.0002));
#6016=CARTESIAN_POINT('',(0.0157216690657671,-0.00217652703817034,0.0002));
#6017=CARTESIAN_POINT('',(0.03095,-0.003295,0.0002));
#6018=CARTESIAN_POINT('',(0.0229945057553105,-0.00292555357778567,0.0002));
#6019=CARTESIAN_POINT('',(0.0229945057553105,-0.0014221626913492,0.0002));
#6020=CARTESIAN_POINT('',(0.0229945057553105,-0.0014221626913492,0.0002));
#6021=CARTESIAN_POINT('',(0.0229945057553105,-0.00292555357778567,0.0002));
#6022=CARTESIAN_POINT('',(0.0229944823224065,-0.00442894493141929,0.00019999975));
#6023=CARTESIAN_POINT('',(0.0229945057553105,-0.00442894446422215,0.0002));
#6024=CARTESIAN_POINT('',(0.0233355019579923,-0.0014221626913492,0.0002));
#6025=CARTESIAN_POINT('',(0.0236764981606742,-0.0014221626913492,0.0002));
#6026=CARTESIAN_POINT('',(0.0236764981606742,-0.0014221626913492,0.0002));
#6027=CARTESIAN_POINT('',(0.0233355019579923,-0.0014221626913492,0.0002));
#6028=CARTESIAN_POINT('',(0.0236764981606742,-0.00293855939242909,0.0002));
#6029=CARTESIAN_POINT('',(0.0236764981606742,-0.00445495609350896,0.0002));
#6030=CARTESIAN_POINT('',(0.0236762799989567,-0.00445495988441293,0.0002));
#6031=CARTESIAN_POINT('',(0.0236764981606742,-0.00293855939242909,0.0002));
#6032=CARTESIAN_POINT('',(0.0229790268277917,-0.00446707575810111,0.0002));
#6033=CARTESIAN_POINT('',(0.0235801738459714,-0.004819525335232,0.0002));
#6034=CARTESIAN_POINT('',(0.0235802910890117,-0.00481959358016665,0.0002));
#6035=CARTESIAN_POINT('',(0.0229790268277917,-0.00446707575810111,0.0002));
#6036=CARTESIAN_POINT('',(0.0229581495561934,-0.00445051891982914,0.0002));
#6037=CARTESIAN_POINT('',(0.0233200575531033,-0.00507679660614692,0.0002));
#6038=CARTESIAN_POINT('',(0.0233200588594039,-0.00507679817647918,0.0002));
#6039=CARTESIAN_POINT('',(0.0229581495561934,-0.00445051891982914,0.0002));
#6040=CARTESIAN_POINT('',(0.0229666065758523,-0.00447121515851592,0.0002));
#6041=CARTESIAN_POINT('',(0.0229587397650411,-0.00517271448914206,0.0002));
#6042=CARTESIAN_POINT('',(0.0229587411860633,-0.00517258777373292,0.00019999975));
#6043=CARTESIAN_POINT('',(0.0229666065758523,-0.00447121515851592,0.0002));
#6044=CARTESIAN_POINT('',(0.0217593597958943,-0.00517271448914206,0.0002));
#6045=CARTESIAN_POINT('',(0.0205599798267475,-0.00517271448914206,0.0002));
#6046=CARTESIAN_POINT('',(0.0205599798267475,-0.00517271448914206,0.0002));
#6047=CARTESIAN_POINT('',(0.0217593597958943,-0.00517271448914206,0.0002));
#6048=CARTESIAN_POINT('',(0.0205599798267475,-0.00483212471816781,0.0002));
#6049=CARTESIAN_POINT('',(0.0205599798267475,-0.00449153494719355,0.0002));
#6050=CARTESIAN_POINT('',(0.0205599798267475,-0.00449153494719355,0.0002));
#6051=CARTESIAN_POINT('',(0.0205599798267475,-0.00483212471816781,0.0002));
#6052=CARTESIAN_POINT('',(0.0217463539812509,-0.00449153494719355,0.0002));
#6053=CARTESIAN_POINT('',(0.0229327281357543,-0.00449153494719355,0.0002));
#6054=CARTESIAN_POINT('',(0.0229327286770866,-0.00449150981103566,0.0002));
#6055=CARTESIAN_POINT('',(0.0217463539812509,-0.00449153494719355,0.0002));
#6056=CARTESIAN_POINT('',(0.0229339961427992,-0.00443265646957146,0.0002));
#6057=CARTESIAN_POINT('',(0.0229765456711293,-0.00447330004810273,0.0002));
#6058=CARTESIAN_POINT('',(0.0229765456711293,-0.00447330004810273,0.0002));
#6059=CARTESIAN_POINT('',(0.0229339961427992,-0.00443265646957146,0.0002));
#6060=CARTESIAN_POINT('',(0.0229335940745133,-0.00443015890025033,0.0002));
#6061=CARTESIAN_POINT('',(0.0229335940745133,-0.00443015890025033,0.0002));
#6062=CARTESIAN_POINT('',(0.03095,-0.003295,0.0002));
#6063=CARTESIAN_POINT('',(0.0242593212293819,-0.00176275246232346,0.0002));
#6064=CARTESIAN_POINT('',(0.0242593212293819,-0.0014221626913492,0.0002));
#6065=CARTESIAN_POINT('',(0.0242593212293819,-0.0014221626913492,0.0002));
#6066=CARTESIAN_POINT('',(0.0242593212293819,-0.00176275246232346,0.0002));
#6067=CARTESIAN_POINT('',(0.0242593212293819,-0.00210334223329771,0.0002));
#6068=CARTESIAN_POINT('',(0.0242593212293819,-0.00210334223329771,0.0002));
#6069=CARTESIAN_POINT('',(0.0245999110003561,-0.0014221626913492,0.0002));
#6070=CARTESIAN_POINT('',(0.0249405007713304,-0.0014221626913492,0.0002));
#6071=CARTESIAN_POINT('',(0.0249405007713304,-0.0014221626913492,0.0002));
#6072=CARTESIAN_POINT('',(0.0245999110003561,-0.0014221626913492,0.0002));
#6073=CARTESIAN_POINT('',(0.0249405007713304,-0.00176275246232346,0.0002));
#6074=CARTESIAN_POINT('',(0.0249405007713304,-0.00210334223329771,0.0002));
#6075=CARTESIAN_POINT('',(0.0249405007713304,-0.00210334223329771,0.0002));
#6076=CARTESIAN_POINT('',(0.0249405007713304,-0.00176275246232346,0.0002));
#6077=CARTESIAN_POINT('',(0.0245999110003561,-0.00210334223329771,0.0002));
#6078=CARTESIAN_POINT('',(0.0245999110003561,-0.00210334223329771,0.0002));
#6079=CARTESIAN_POINT('',(0.03095,-0.003295,0.0002));
#6080=CARTESIAN_POINT('',(0.0313808176100632,-0.003295,0.0002));
#6081=CARTESIAN_POINT('',(0.0313808176100632,-0.0014221626913492,0.0002));
#6082=CARTESIAN_POINT('',(0.0313808176100632,-0.0014221626913492,0.0002));
#6083=CARTESIAN_POINT('',(0.0313808176100632,-0.003295,0.0002));
#6084=CARTESIAN_POINT('',(0.0313808176100632,-0.00516783730865078,0.0002));
#6085=CARTESIAN_POINT('',(0.0313808176100632,-0.00516783730865078,0.0002));
#6086=CARTESIAN_POINT('',(0.0317242524029906,-0.0014221626913492,0.0002));
#6087=CARTESIAN_POINT('',(0.0320676871959181,-0.0014221626913492,0.0002));
#6088=CARTESIAN_POINT('',(0.0320676871959181,-0.0014221626913492,0.0002));
#6089=CARTESIAN_POINT('',(0.0317242524029906,-0.0014221626913492,0.0002));
#6090=CARTESIAN_POINT('',(0.0320676871959181,-0.00279305684110596,0.0002));
#6091=CARTESIAN_POINT('',(0.0320676871959181,-0.0041639509908627,0.0002));
#6092=CARTESIAN_POINT('',(0.0320676871959181,-0.0041639509908627,0.0002));
#6093=CARTESIAN_POINT('',(0.0320676871959181,-0.00279305684110596,0.0002));
#6094=CARTESIAN_POINT('',(0.03278056841106,-0.00332101162928681,0.0002));
#6095=CARTESIAN_POINT('',(0.0334934496262018,-0.00247807226771091,0.0002));
#6096=CARTESIAN_POINT('',(0.0334934496262018,-0.00247807226771091,0.0002));
#6097=CARTESIAN_POINT('',(0.03278056841106,-0.00332101162928681,0.0002));
#6098=CARTESIAN_POINT('',(0.0342034858193904,-0.00332345021953245,0.0002));
#6099=CARTESIAN_POINT('',(0.0349135220125789,-0.00416882817135398,0.0002));
#6100=CARTESIAN_POINT('',(0.0349135220125789,-0.00416882817135398,0.0002));
#6101=CARTESIAN_POINT('',(0.0342034858193904,-0.00332345021953245,0.0002));
#6102=CARTESIAN_POINT('',(0.0349135220125789,-0.00279549543135159,0.0002));
#6103=CARTESIAN_POINT('',(0.0349135220125789,-0.0014221626913492,0.0002));
#6104=CARTESIAN_POINT('',(0.0349135220125789,-0.0014221626913492,0.0002));
#6105=CARTESIAN_POINT('',(0.0349135220125789,-0.00279549543135159,0.0002));
#6106=CARTESIAN_POINT('',(0.0352593953957521,-0.0014221626913492,0.0002));
#6107=CARTESIAN_POINT('',(0.0356052687789252,-0.0014221626913492,0.0002));
#6108=CARTESIAN_POINT('',(0.0356052687789252,-0.0014221626913492,0.0002));
#6109=CARTESIAN_POINT('',(0.0352593953957521,-0.0014221626913492,0.0002));
#6110=CARTESIAN_POINT('',(0.0356052687789252,-0.003295,0.0002));
#6111=CARTESIAN_POINT('',(0.0356052687789252,-0.00516783730865078,0.0002));
#6112=CARTESIAN_POINT('',(0.0356052687789252,-0.00516783730865078,0.0002));
#6113=CARTESIAN_POINT('',(0.0356052687789252,-0.003295,0.0002));
#6114=CARTESIAN_POINT('',(0.0352256615640207,-0.00516783730865078,0.0002));
#6115=CARTESIAN_POINT('',(0.0348460543491163,-0.00516783730865078,0.0002));
#6116=CARTESIAN_POINT('',(0.0348460543491163,-0.00516783730865078,0.0002));
#6117=CARTESIAN_POINT('',(0.0352256615640207,-0.00516783730865078,0.0002));
#6118=CARTESIAN_POINT('',(0.034169751987659,-0.00435903821051383,0.0002));
#6119=CARTESIAN_POINT('',(0.0334934496262018,-0.00355023911237688,0.0002));
#6120=CARTESIAN_POINT('',(0.0334934496262018,-0.00355023911237688,0.0002));
#6121=CARTESIAN_POINT('',(0.034169751987659,-0.00435903821051383,0.0002));
#6122=CARTESIAN_POINT('',(0.0328143022427913,-0.00435903821051383,0.0002));
#6123=CARTESIAN_POINT('',(0.0321351548593808,-0.00516783730865078,0.0002));
#6124=CARTESIAN_POINT('',(0.0321351548593808,-0.00516783730865078,0.0002));
#6125=CARTESIAN_POINT('',(0.0328143022427913,-0.00435903821051383,0.0002));
#6126=CARTESIAN_POINT('',(0.031757986234722,-0.00516783730865078,0.0002));
#6127=CARTESIAN_POINT('',(0.031757986234722,-0.00516783730865078,0.0002));
#6128=CARTESIAN_POINT('',(0.03095,-0.003295,0.0002));
#6129=CARTESIAN_POINT('',(0.0362141034769198,-0.0021399210869823,0.0002));
#6130=CARTESIAN_POINT('',(0.0362141034769198,-0.0014221626913492,0.0002));
#6131=CARTESIAN_POINT('',(0.0362141034769198,-0.0014221626913492,0.0002));
#6132=CARTESIAN_POINT('',(0.0362141034769198,-0.0021399210869823,0.0002));
#6133=CARTESIAN_POINT('',(0.0362143135047503,-0.00285768304456607,0.00019999975));
#6134=CARTESIAN_POINT('',(0.0362141034769198,-0.00285767948261539,0.0002));
#6135=CARTESIAN_POINT('',(0.0380686513587283,-0.0014221626913492,0.0002));
#6136=CARTESIAN_POINT('',(0.0399231992405367,-0.0014221626913492,0.0002));
#6137=CARTESIAN_POINT('',(0.0399231992405367,-0.0014221626913492,0.0002));
#6138=CARTESIAN_POINT('',(0.0380686513587283,-0.0014221626913492,0.0002));
#6139=CARTESIAN_POINT('',(0.0399231992405367,-0.00176275246232346,0.0002));
#6140=CARTESIAN_POINT('',(0.0399231992405367,-0.00210334223329771,0.0002));
#6141=CARTESIAN_POINT('',(0.0399231992405367,-0.00210334223329771,0.0002));
#6142=CARTESIAN_POINT('',(0.0399231992405367,-0.00176275246232346,0.0002));
#6143=CARTESIAN_POINT('',(0.0384405363711882,-0.00210334223329771,0.0002));
#6144=CARTESIAN_POINT('',(0.0369578735018397,-0.00210334223329771,0.0002));
#6145=CARTESIAN_POINT('',(0.0369578731556599,-0.00210336140694419,0.0002));
#6146=CARTESIAN_POINT('',(0.0384405363711882,-0.00210334223329771,0.0002));
#6147=CARTESIAN_POINT('',(0.0369567865797856,-0.00216354292286249,0.0002));
#6148=CARTESIAN_POINT('',(0.0369135923014808,-0.00212165091782738,0.0002));
#6149=CARTESIAN_POINT('',(0.0369135921496701,-0.00212165106505803,0.0002));
#6150=CARTESIAN_POINT('',(0.0369567865797856,-0.00216354292286249,0.0002));
#6151=CARTESIAN_POINT('',(0.036955483708433,-0.00216484579421502,0.0002));
#6152=CARTESIAN_POINT('',(0.0368952830188682,-0.00216593271626911,0.0002));
#6153=CARTESIAN_POINT('',(0.0368953021925147,-0.00216593237008937,0.00019999975));
#6154=CARTESIAN_POINT('',(0.036955483708433,-0.00216484579421502,0.0002));
#6155=CARTESIAN_POINT('',(0.0368952830188682,-0.00249636169455321,0.0002));
#6156=CARTESIAN_POINT('',(0.0368952830188682,-0.0028267906728373,0.0002));
#6157=CARTESIAN_POINT('',(0.0368953021925147,-0.00282679101901704,0.0002));
#6158=CARTESIAN_POINT('',(0.0368952830188682,-0.00249636169455321,0.0002));
#6159=CARTESIAN_POINT('',(0.036955483708433,-0.00282787759489139,0.0002));
#6160=CARTESIAN_POINT('',(0.036913591703398,-0.00287107187319611,0.0002));
#6161=CARTESIAN_POINT('',(0.0369135918506293,-0.00287107202500751,0.0002));
#6162=CARTESIAN_POINT('',(0.036955483708433,-0.00282787759489139,0.0002));
#6163=CARTESIAN_POINT('',(0.0369567865797851,-0.00282918046624491,0.0002));
#6164=CARTESIAN_POINT('',(0.0369578735018397,-0.0028893811558087,0.0002));
#6165=CARTESIAN_POINT('',(0.0369578731556599,-0.00288936198216219,0.00019999975));
#6166=CARTESIAN_POINT('',(0.0369567865797851,-0.00282918046624491,0.0002));
#6167=CARTESIAN_POINT('',(0.0380816571733716,-0.0028893811558087,0.0002));
#6168=CARTESIAN_POINT('',(0.0392054408449036,-0.0028893811558087,0.0002));
#6169=CARTESIAN_POINT('',(0.0392054420571331,-0.0028894960065016,0.0002));
#6170=CARTESIAN_POINT('',(0.0380816571733716,-0.0028893811558087,0.0002));
#6171=CARTESIAN_POINT('',(0.0392126805534392,-0.00357529548206099,0.0002));
#6172=CARTESIAN_POINT('',(0.0395667586329658,-0.00298814406075708,0.0002));
#6173=CARTESIAN_POINT('',(0.0395667547242539,-0.00298815115456271,0.0002));
#6174=CARTESIAN_POINT('',(0.0392126805534392,-0.00357529548206099,0.0002));
#6175=CARTESIAN_POINT('',(0.0391878786161307,-0.00362378629169832,0.0002));
#6176=CARTESIAN_POINT('',(0.039826874925834,-0.00325069894387088,0.0002));
#6177=CARTESIAN_POINT('',(0.0398268607009515,-0.00325070723851756,0.0002));
#6178=CARTESIAN_POINT('',(0.0391878786161307,-0.00362378629169832,0.0002));
#6179=CARTESIAN_POINT('',(0.0392331650365074,-0.00360213881705972,0.0002));
#6180=CARTESIAN_POINT('',(0.0399231992405367,-0.00360713955144179,0.0002));
#6181=CARTESIAN_POINT('',(0.0399231312499001,-0.00360713905870808,0.00019999975));
#6182=CARTESIAN_POINT('',(0.0392331650365074,-0.00360213881705972,0.0002));
#6183=CARTESIAN_POINT('',(0.0399231992405367,-0.00402860923222974,0.0002));
#6184=CARTESIAN_POINT('',(0.0399231992405367,-0.00445007891301769,0.0002));
#6185=CARTESIAN_POINT('',(0.0399229904760351,-0.0044500824166174,0.0002));
#6186=CARTESIAN_POINT('',(0.0399231992405367,-0.00402860923222974,0.0002));
#6187=CARTESIAN_POINT('',(0.0392273233341966,-0.00446175748196048,0.0002));
#6188=CARTESIAN_POINT('',(0.039826874925834,-0.00481383529132551,0.0002));
#6189=CARTESIAN_POINT('',(0.0398269857429966,-0.0048138999603791,0.0002));
#6190=CARTESIAN_POINT('',(0.0392273233341966,-0.00446175748196048,0.0002));
#6191=CARTESIAN_POINT('',(0.039202120577981,-0.00444303541647547,0.0002));
#6192=CARTESIAN_POINT('',(0.0395667586329658,-0.00507151299394804,0.0002));
#6193=CARTESIAN_POINT('',(0.0395667577620541,-0.00507151076914082,0.0002));
#6194=CARTESIAN_POINT('',(0.039202120577981,-0.00444303541647547,0.0002));
#6195=CARTESIAN_POINT('',(0.03921321928823,-0.00446862961659047,0.0002));
#6196=CARTESIAN_POINT('',(0.0392054408449036,-0.00516783730865078,0.0002));
#6197=CARTESIAN_POINT('',(0.0392054422365384,-0.00516771221398871,0.00019999975));
#6198=CARTESIAN_POINT('',(0.03921321928823,-0.00446862961659047,0.0002));
#6199=CARTESIAN_POINT('',(0.0380686513587283,-0.00516783730865078,0.0002));
#6200=CARTESIAN_POINT('',(0.0369318618725529,-0.00516783730865078,0.0002));
#6201=CARTESIAN_POINT('',(0.0369318598813672,-0.00516768537063397,0.0002));
#6202=CARTESIAN_POINT('',(0.0380686513587283,-0.00516783730865078,0.0002));
#6203=CARTESIAN_POINT('',(0.0369228657797166,-0.00448138775772333,0.0002));
#6204=CARTESIAN_POINT('',(0.0365729826747363,-0.00507151299394804,0.0002));
#6205=CARTESIAN_POINT('',(0.0365729506799621,-0.00507156697670774,0.0002));
#6206=CARTESIAN_POINT('',(0.0369228657797166,-0.00448138775772333,0.0002));
#6207=CARTESIAN_POINT('',(0.0369572984539848,-0.00442358883652505,0.0002));
#6208=CARTESIAN_POINT('',(0.0363128663818681,-0.00481383529132551,0.0002));
#6209=CARTESIAN_POINT('',(0.0363127974515822,-0.0048138768339043,0.0002));
#6210=CARTESIAN_POINT('',(0.0369572984539848,-0.00442358883652505,0.0002));
#6211=CARTESIAN_POINT('',(0.0368967107665047,-0.00446123794124594,0.0002));
#6212=CARTESIAN_POINT('',(0.0362141034769198,-0.00445007891301769,0.0002));
#6213=CARTESIAN_POINT('',(0.0362143038587623,-0.00445008218879084,0.00019999975));
#6214=CARTESIAN_POINT('',(0.0368967107665047,-0.00446123794124594,0.0002));
#6215=CARTESIAN_POINT('',(0.0362141034769198,-0.00430945354218583,0.0002));
#6216=CARTESIAN_POINT('',(0.0362141034769198,-0.00416882817135398,0.0002));
#6217=CARTESIAN_POINT('',(0.0362141034769198,-0.00416882817135398,0.0002));
#6218=CARTESIAN_POINT('',(0.0362141034769198,-0.00430945354218583,0.0002));
#6219=CARTESIAN_POINT('',(0.036554693247894,-0.00416882817135398,0.0002));
#6220=CARTESIAN_POINT('',(0.0368952830188682,-0.00416882817135398,0.0002));
#6221=CARTESIAN_POINT('',(0.0368952830188682,-0.00416882817135398,0.0002));
#6222=CARTESIAN_POINT('',(0.036554693247894,-0.00416882817135398,0.0002));
#6223=CARTESIAN_POINT('',(0.0368952830188682,-0.00429644772754243,0.0002));
#6224=CARTESIAN_POINT('',(0.0368952830188682,-0.00442406728373087,0.0002));
#6225=CARTESIAN_POINT('',(0.0368953021925148,-0.00442406762991061,0.0002));
#6226=CARTESIAN_POINT('',(0.0368952830188682,-0.00429644772754243,0.0002));
#6227=CARTESIAN_POINT('',(0.036955483708432,-0.00442515420578539,0.0002));
#6228=CARTESIAN_POINT('',(0.0369135917033979,-0.00446834848408972,0.0002));
#6229=CARTESIAN_POINT('',(0.0369135918506281,-0.00446834863589993,0.0002));
#6230=CARTESIAN_POINT('',(0.036955483708432,-0.00442515420578539,0.0002));
#6231=CARTESIAN_POINT('',(0.0369567865797856,-0.0044264570771375,0.0002));
#6232=CARTESIAN_POINT('',(0.0369578735018397,-0.00448665776670228,0.0002));
#6233=CARTESIAN_POINT('',(0.0369578731556599,-0.0044866385930558,0.00019999975));
#6234=CARTESIAN_POINT('',(0.0369567865797856,-0.0044264570771375,0.0002));
#6235=CARTESIAN_POINT('',(0.0380686513587283,-0.00448665776670228,0.0002));
#6236=CARTESIAN_POINT('',(0.0391794292156168,-0.00448665776670228,0.0002));
#6237=CARTESIAN_POINT('',(0.0391794295617965,-0.00448663859305576,0.0002));
#6238=CARTESIAN_POINT('',(0.0380686513587283,-0.00448665776670228,0.0002));
#6239=CARTESIAN_POINT('',(0.0391805161376713,-0.00442645707713842,0.0002));
#6240=CARTESIAN_POINT('',(0.0392237104159757,-0.00446834908217258,0.0002));
#6241=CARTESIAN_POINT('',(0.0392237105677864,-0.0044683489349419,0.0002));
#6242=CARTESIAN_POINT('',(0.0391805161376713,-0.00442645707713842,0.0002));
#6243=CARTESIAN_POINT('',(0.0391818190090242,-0.00442515420578534,0.0002));
#6244=CARTESIAN_POINT('',(0.0392420196985882,-0.00442406728373087,0.0002));
#6245=CARTESIAN_POINT('',(0.0392420005249417,-0.00442406762991061,0.00019999975));
#6246=CARTESIAN_POINT('',(0.0391818190090242,-0.00442515420578534,0.0002));
#6247=CARTESIAN_POINT('',(0.0392420196985882,-0.00403104782247538,0.0002));
#6248=CARTESIAN_POINT('',(0.0392420196985882,-0.00363802836121988,0.0002));
#6249=CARTESIAN_POINT('',(0.0392419945624303,-0.00363802781988752,0.0002));
#6250=CARTESIAN_POINT('',(0.0392420196985882,-0.00403104782247538,0.0002));
#6251=CARTESIAN_POINT('',(0.0391831412209658,-0.00363676035417509,0.0002));
#6252=CARTESIAN_POINT('',(0.039223784799497,-0.0035942108258444,0.0002));
#6253=CARTESIAN_POINT('',(0.039223784799497,-0.0035942108258444,0.0002));
#6254=CARTESIAN_POINT('',(0.0391831412209658,-0.00363676035417509,0.0002));
#6255=CARTESIAN_POINT('',(0.039180643651645,-0.00363716242246081,0.0002));
#6256=CARTESIAN_POINT('',(0.0391794292156168,-0.00357625074166369,0.0002));
#6257=CARTESIAN_POINT('',(0.0391794296828139,-0.00357627417456765,0.00019999975));
#6258=CARTESIAN_POINT('',(0.039180643651645,-0.00363716242246081,0.0002));
#6259=CARTESIAN_POINT('',(0.0380556455440848,-0.00357625074166369,0.0002));
#6260=CARTESIAN_POINT('',(0.0369318618725529,-0.00357625074166369,0.0002));
#6261=CARTESIAN_POINT('',(0.0369318598813672,-0.00357609880364682,0.0002));
#6262=CARTESIAN_POINT('',(0.0380556455440848,-0.00357625074166369,0.0002));
#6263=CARTESIAN_POINT('',(0.0369228657797155,-0.00288980119073947,0.0002));
#6264=CARTESIAN_POINT('',(0.0365729826747363,-0.00347992642696095,0.0002));
#6265=CARTESIAN_POINT('',(0.0365729506799621,-0.00347998040972065,0.0002));
#6266=CARTESIAN_POINT('',(0.0369228657797155,-0.00288980119073947,0.0002));
#6267=CARTESIAN_POINT('',(0.0369572984539848,-0.0028320022695379,0.0002));
#6268=CARTESIAN_POINT('',(0.0363128663818681,-0.00322224872433843,0.0002));
#6269=CARTESIAN_POINT('',(0.0363127887742066,-0.00322229538147166,0.0002));
#6270=CARTESIAN_POINT('',(0.0369572984539848,-0.0028320022695379,0.0002));
#6271=CARTESIAN_POINT('',(0.0368982607620749,-0.00286928239496414,0.0002));
#6272=CARTESIAN_POINT('',(0.0368982607620749,-0.00286928239496414,0.0002));
#6273=CARTESIAN_POINT('',(0.03095,-0.003295,0.0002));
#6274=CARTESIAN_POINT('',(0.0414367509196633,-0.00280321763379612,0.0002));
#6275=CARTESIAN_POINT('',(0.0414367509196633,-0.0014221626913492,0.0002));
#6276=CARTESIAN_POINT('',(0.0414367509196633,-0.0014221626913492,0.0002));
#6277=CARTESIAN_POINT('',(0.0414367509196633,-0.00280321763379612,0.0002));
#6278=CARTESIAN_POINT('',(0.0414367509196633,-0.00418427257624303,0.0002));
#6279=CARTESIAN_POINT('',(0.0414367509196633,-0.00418427257624303,0.0002));
#6280=CARTESIAN_POINT('',(0.0417801857125909,-0.0014221626913492,0.0002));
#6281=CARTESIAN_POINT('',(0.0421236205055183,-0.0014221626913492,0.0002));
#6282=CARTESIAN_POINT('',(0.0421236205055183,-0.0014221626913492,0.0002));
#6283=CARTESIAN_POINT('',(0.0417801857125909,-0.0014221626913492,0.0002));
#6284=CARTESIAN_POINT('',(0.0421236205055183,-0.003295,0.0002));
#6285=CARTESIAN_POINT('',(0.0421236205055183,-0.00516783730865078,0.0002));
#6286=CARTESIAN_POINT('',(0.0421236205055183,-0.00516783730865078,0.0002));
#6287=CARTESIAN_POINT('',(0.0421236205055183,-0.003295,0.0002));
#6288=CARTESIAN_POINT('',(0.0417464518808595,-0.00516783730865078,0.0002));
#6289=CARTESIAN_POINT('',(0.0413692832562007,-0.00516783730865078,0.0002));
#6290=CARTESIAN_POINT('',(0.0413692832562007,-0.00516783730865078,0.0002));
#6291=CARTESIAN_POINT('',(0.0417464518808595,-0.00516783730865078,0.0002));
#6292=CARTESIAN_POINT('',(0.0408047496143353,-0.00449397353743919,0.0002));
#6293=CARTESIAN_POINT('',(0.0402402159724698,-0.00382010976622759,0.0002));
#6294=CARTESIAN_POINT('',(0.0402402159724698,-0.00382010976622759,0.0002));
#6295=CARTESIAN_POINT('',(0.0408047496143353,-0.00449397353743919,0.0002));
#6296=CARTESIAN_POINT('',(0.0406905423044978,-0.0038201097662276,0.0002));
#6297=CARTESIAN_POINT('',(0.0411408686365258,-0.0038201097662276,0.0002));
#6298=CARTESIAN_POINT('',(0.0411408686365258,-0.0038201097662276,0.0002));
#6299=CARTESIAN_POINT('',(0.0406905423044978,-0.0038201097662276,0.0002));
#6300=CARTESIAN_POINT('',(0.0412888097780946,-0.00400219117123531,0.0002));
#6301=CARTESIAN_POINT('',(0.0412888097780946,-0.00400219117123531,0.0002));
#6302=CARTESIAN_POINT('',(0.03095,-0.003295,0.0002));
#6303=CARTESIAN_POINT('',(0.0425503737985052,-0.00176275246232346,0.0002));
#6304=CARTESIAN_POINT('',(0.0425503737985052,-0.0014221626913492,0.0002));
#6305=CARTESIAN_POINT('',(0.0425503737985052,-0.0014221626913492,0.0002));
#6306=CARTESIAN_POINT('',(0.0425503737985052,-0.00176275246232346,0.0002));
#6307=CARTESIAN_POINT('',(0.0425503737985052,-0.00210334223329771,0.0002));
#6308=CARTESIAN_POINT('',(0.0425503737985052,-0.00210334223329771,0.0002));
#6309=CARTESIAN_POINT('',(0.0428909635694794,-0.0014221626913492,0.0002));
#6310=CARTESIAN_POINT('',(0.0432315533404537,-0.0014221626913492,0.0002));
#6311=CARTESIAN_POINT('',(0.0432315533404537,-0.0014221626913492,0.0002));
#6312=CARTESIAN_POINT('',(0.0428909635694794,-0.0014221626913492,0.0002));
#6313=CARTESIAN_POINT('',(0.0432315533404537,-0.00176275246232346,0.0002));
#6314=CARTESIAN_POINT('',(0.0432315533404537,-0.00210334223329771,0.0002));
#6315=CARTESIAN_POINT('',(0.0432315533404537,-0.00210334223329771,0.0002));
#6316=CARTESIAN_POINT('',(0.0432315533404537,-0.00176275246232346,0.0002));
#6317=CARTESIAN_POINT('',(0.0428909635694794,-0.00210334223329771,0.0002));
#6318=CARTESIAN_POINT('',(0.0428909635694794,-0.00210334223329771,0.0002));
#6319=CARTESIAN_POINT('',(0.03095,-0.003295,0.0002));
#6320=CARTESIAN_POINT('',(0.0444468602083985,-0.00210807701760153,0.0002));
#6321=CARTESIAN_POINT('',(0.0444540999169341,-0.0014221626913492,0.0002));
#6322=CARTESIAN_POINT('',(0.0444540987047046,-0.0014222775420421,0.00019999975));
#6323=CARTESIAN_POINT('',(0.0444468602083985,-0.00210807701760153,0.0002));
#6324=CARTESIAN_POINT('',(0.0440927780990253,-0.00152091939587227,0.00019999975));
#6325=CARTESIAN_POINT('',(0.0440927821288719,-0.00152092559629759,0.0002));
#6326=CARTESIAN_POINT('',(0.0456038952177529,-0.0014221626913492,0.0002));
#6327=CARTESIAN_POINT('',(0.0467536905185717,-0.0014221626913492,0.0002));
#6328=CARTESIAN_POINT('',(0.0467536917308011,-0.0014222775420421,0.0002));
#6329=CARTESIAN_POINT('',(0.0456038952177529,-0.0014221626913492,0.0002));
#6330=CARTESIAN_POINT('',(0.0467609302271073,-0.0021080770176016,0.0002));
#6331=CARTESIAN_POINT('',(0.0471150083066339,-0.00152092559629759,0.0002));
#6332=CARTESIAN_POINT('',(0.0471150135701074,-0.00152091717955601,0.0002));
#6333=CARTESIAN_POINT('',(0.0467609302271073,-0.0021080770176016,0.0002));
#6334=CARTESIAN_POINT('',(0.0467229494224258,-0.00217652703817054,0.0002));
#6335=CARTESIAN_POINT('',(0.0473779696214553,-0.00178348047941139,0.0002));
#6336=CARTESIAN_POINT('',(0.047377980313743,-0.00178347382466737,0.0002));
#6337=CARTESIAN_POINT('',(0.0467229494224258,-0.00217652703817054,0.0002));
#6338=CARTESIAN_POINT('',(0.0467918641249358,-0.00213800284313392,0.0002));
#6339=CARTESIAN_POINT('',(0.0474771389581113,-0.00214561113088879,0.0002));
#6340=CARTESIAN_POINT('',(0.0474770161641049,-0.00214560976756405,0.00019999975));
#6341=CARTESIAN_POINT('',(0.0467918641249358,-0.00213800284313392,0.0002));
#6342=CARTESIAN_POINT('',(0.0474771389581113,-0.00365672421976978,0.0002));
#6343=CARTESIAN_POINT('',(0.0474771389581113,-0.00516783730865078,0.0002));
#6344=CARTESIAN_POINT('',(0.0474771389581113,-0.00516783730865078,0.0002));
#6345=CARTESIAN_POINT('',(0.0474771389581113,-0.00365672421976978,0.0002));
#6346=CARTESIAN_POINT('',(0.0471308591432305,-0.00516783730865078,0.0002));
#6347=CARTESIAN_POINT('',(0.0467845793283498,-0.00516783730865078,0.0002));
#6348=CARTESIAN_POINT('',(0.0467845793283498,-0.00516783730865078,0.0002));
#6349=CARTESIAN_POINT('',(0.0471308591432305,-0.00516783730865078,0.0002));
#6350=CARTESIAN_POINT('',(0.0467845793283498,-0.00367216862465883,0.0002));
#6351=CARTESIAN_POINT('',(0.0467845793283498,-0.00217649994066688,0.0002));
#6352=CARTESIAN_POINT('',(0.0467845909051029,-0.00217649999177702,0.0002));
#6353=CARTESIAN_POINT('',(0.0467845793283498,-0.00367216862465883,0.0002));
#6354=CARTESIAN_POINT('',(0.0467277684645311,-0.00217624912674007,0.0002));
#6355=CARTESIAN_POINT('',(0.0467641247565565,-0.00213256402041804,0.0002));
#6356=CARTESIAN_POINT('',(0.0467641247565565,-0.0021325640204181,0.0002));
#6357=CARTESIAN_POINT('',(0.0467277684645311,-0.00217624912674007,0.0002));
#6358=CARTESIAN_POINT('',(0.0467170412996792,-0.00218255086674196,0.0002));
#6359=CARTESIAN_POINT('',(0.0467171116648871,-0.00211390945769548,0.0002));
#6360=CARTESIAN_POINT('',(0.046717111679403,-0.00211389529742516,0.00019999975));
#6361=CARTESIAN_POINT('',(0.0467170412996792,-0.00218255086674196,0.0002));
#6362=CARTESIAN_POINT('',(0.045598611605554,-0.00211390945769548,0.0002));
#6363=CARTESIAN_POINT('',(0.0444801115462209,-0.00211390945769548,0.0002));
#6364=CARTESIAN_POINT('',(0.0444801112000412,-0.00211392863134196,0.0002));
#6365=CARTESIAN_POINT('',(0.045598611605554,-0.00211390945769548,0.0002));
#6366=CARTESIAN_POINT('',(0.0444790246241668,-0.00217411014726016,0.0002));
#6367=CARTESIAN_POINT('',(0.0444358303458621,-0.00213221814222514,0.0002));
#6368=CARTESIAN_POINT('',(0.0444358301940512,-0.00213221828945589,0.0002));
#6369=CARTESIAN_POINT('',(0.0444790246241668,-0.00217411014726016,0.0002));
#6370=CARTESIAN_POINT('',(0.0444777217528143,-0.00217541301861278,0.0002));
#6371=CARTESIAN_POINT('',(0.0444175210632495,-0.00217649994066688,0.0002));
#6372=CARTESIAN_POINT('',(0.044417540236896,-0.00217649959448714,0.00019999975));
#6373=CARTESIAN_POINT('',(0.0444777217528143,-0.00217541301861278,0.0002));
#6374=CARTESIAN_POINT('',(0.0444175210632495,-0.00367216862465883,0.0002));
#6375=CARTESIAN_POINT('',(0.0444175210632495,-0.00516783730865078,0.0002));
#6376=CARTESIAN_POINT('',(0.0444175210632495,-0.00516783730865078,0.0002));
#6377=CARTESIAN_POINT('',(0.0444175210632495,-0.00367216862465883,0.0002));
#6378=CARTESIAN_POINT('',(0.0440744927020296,-0.00516783730865078,0.0002));
#6379=CARTESIAN_POINT('',(0.0437314643408097,-0.00516783730865078,0.0002));
#6380=CARTESIAN_POINT('',(0.0437314643408097,-0.00516783730865078,0.0002));
#6381=CARTESIAN_POINT('',(0.0440744927020296,-0.00516783730865078,0.0002));
#6382=CARTESIAN_POINT('',(0.0437314643408097,-0.00365672421976978,0.0002));
#6383=CARTESIAN_POINT('',(0.0437314643408097,-0.00214561113088879,0.0002));
#6384=CARTESIAN_POINT('',(0.0437315888880344,-0.00214560973598603,0.0002));
#6385=CARTESIAN_POINT('',(0.0437314643408097,-0.00365672421976978,0.0002));
#6386=CARTESIAN_POINT('',(0.0444188883950526,-0.00213791212586879,0.0002));
#6387=CARTESIAN_POINT('',(0.0438302272457581,-0.00178348047941139,0.0002));
#6388=CARTESIAN_POINT('',(0.0438302125835659,-0.00178347146071852,0.0002));
#6389=CARTESIAN_POINT('',(0.0444188883950526,-0.00213791212586879,0.0002));
#6390=CARTESIAN_POINT('',(0.0444829256423997,-0.00217362399293913,0.0002));
#6391=CARTESIAN_POINT('',(0.0444829256423997,-0.00217362399293913,0.0002));
#6392=CARTESIAN_POINT('',(0.03095,-0.003295,0.0002));
#6393=CARTESIAN_POINT('',(0.0480388275780235,-0.00293083718998456,0.0002));
#6394=CARTESIAN_POINT('',(0.0480388275780235,-0.0014221626913492,0.0002));
#6395=CARTESIAN_POINT('',(0.0480388275780235,-0.0014221626913492,0.0002));
#6396=CARTESIAN_POINT('',(0.0480388275780235,-0.00293083718998456,0.0002));
#6397=CARTESIAN_POINT('',(0.0480388275780235,-0.00443951168861992,0.0002));
#6398=CARTESIAN_POINT('',(0.0480388275780235,-0.00443951168861992,0.0002));
#6399=CARTESIAN_POINT('',(0.0483794173489977,-0.0014221626913492,0.0002));
#6400=CARTESIAN_POINT('',(0.048720007119972,-0.0014221626913492,0.0002));
#6401=CARTESIAN_POINT('',(0.048720007119972,-0.0014221626913492,0.0002));
#6402=CARTESIAN_POINT('',(0.0483794173489977,-0.0014221626913492,0.0002));
#6403=CARTESIAN_POINT('',(0.048720007119972,-0.00255895217752461,0.0002));
#6404=CARTESIAN_POINT('',(0.048720007119972,-0.00369574166370001,0.0002));
#6405=CARTESIAN_POINT('',(0.0487200262936185,-0.00369574200987975,0.0002));
#6406=CARTESIAN_POINT('',(0.048720007119972,-0.00255895217752461,0.0002));
#6407=CARTESIAN_POINT('',(0.0487802078095358,-0.00369682858575453,0.0002));
#6408=CARTESIAN_POINT('',(0.0487383158045017,-0.00374002286405883,0.0002));
#6409=CARTESIAN_POINT('',(0.0487383159517324,-0.00374002301586963,0.0002));
#6410=CARTESIAN_POINT('',(0.0487802078095358,-0.00369682858575453,0.0002));
#6411=CARTESIAN_POINT('',(0.0487815106808889,-0.00369813145710762,0.0002));
#6412=CARTESIAN_POINT('',(0.0487825976029434,-0.00375833214667141,0.0002));
#6413=CARTESIAN_POINT('',(0.0487825972567637,-0.0037583129730249,0.00019999975));
#6414=CARTESIAN_POINT('',(0.0487815106808889,-0.00369813145710762,0.0002));
#6415=CARTESIAN_POINT('',(0.0495706686839924,-0.00375833214667141,0.0002));
#6416=CARTESIAN_POINT('',(0.0503587397650414,-0.00375833214667141,0.0002));
#6417=CARTESIAN_POINT('',(0.0503587401112211,-0.00375831297302493,0.0002));
#6418=CARTESIAN_POINT('',(0.0495706686839924,-0.00375833214667141,0.0002));
#6419=CARTESIAN_POINT('',(0.0503598266870955,-0.00369813145710661,0.0002));
#6420=CARTESIAN_POINT('',(0.0504030209654002,-0.00374002346214172,0.0002));
#6421=CARTESIAN_POINT('',(0.0504030211172114,-0.0037400233149106,0.0002));
#6422=CARTESIAN_POINT('',(0.0503598266870955,-0.00369813145710661,0.0002));
#6423=CARTESIAN_POINT('',(0.0503611295584487,-0.00369682858575439,0.0002));
#6424=CARTESIAN_POINT('',(0.0504213302480128,-0.00369574166370001,0.0002));
#6425=CARTESIAN_POINT('',(0.0504213110743663,-0.00369574200987975,0.00019999975));
#6426=CARTESIAN_POINT('',(0.0503611295584487,-0.00369682858575439,0.0002));
#6427=CARTESIAN_POINT('',(0.0504213302480128,-0.00255895217752461,0.0002));
#6428=CARTESIAN_POINT('',(0.0504213302480128,-0.0014221626913492,0.0002));
#6429=CARTESIAN_POINT('',(0.0504213302480128,-0.0014221626913492,0.0002));
#6430=CARTESIAN_POINT('',(0.0504213302480128,-0.00255895217752461,0.0002));
#6431=CARTESIAN_POINT('',(0.0507619200189871,-0.0014221626913492,0.0002));
#6432=CARTESIAN_POINT('',(0.0511025097899613,-0.0014221626913492,0.0002));
#6433=CARTESIAN_POINT('',(0.0511025097899613,-0.0014221626913492,0.0002));
#6434=CARTESIAN_POINT('',(0.0507619200189871,-0.0014221626913492,0.0002));
#6435=CARTESIAN_POINT('',(0.0511025097899613,-0.00257195799216801,0.0002));
#6436=CARTESIAN_POINT('',(0.0511025097899613,-0.00372175329298683,0.0002));
#6437=CARTESIAN_POINT('',(0.0511023578519445,-0.00372175528417249,0.0002));
#6438=CARTESIAN_POINT('',(0.0511025097899613,-0.00257195799216801,0.0002));
#6439=CARTESIAN_POINT('',(0.0504160602390365,-0.00373074938582381,0.0002));
#6440=CARTESIAN_POINT('',(0.0510061854752586,-0.00408063249080337,0.0002));
#6441=CARTESIAN_POINT('',(0.0510062515563403,-0.004080671615251,0.0002));
#6442=CARTESIAN_POINT('',(0.0504160602390365,-0.00373074938582381,0.0002));
#6443=CARTESIAN_POINT('',(0.0503647050615085,-0.00369885491270402,0.0002));
#6444=CARTESIAN_POINT('',(0.0507460691823904,-0.00434074878367153,0.0002));
#6445=CARTESIAN_POINT('',(0.0507460547446907,-0.00434072360913372,0.0002));
#6446=CARTESIAN_POINT('',(0.0503647050615085,-0.00369885491270402,0.0002));
#6447=CARTESIAN_POINT('',(0.0503919911028638,-0.00375359736236755,0.0002));
#6448=CARTESIAN_POINT('',(0.0503847513943282,-0.00443951168861992,0.0002));
#6449=CARTESIAN_POINT('',(0.0503847526065576,-0.00443939683792702,0.00019999975));
#6450=CARTESIAN_POINT('',(0.0503919911028638,-0.00375359736236755,0.0002));
#6451=CARTESIAN_POINT('',(0.0492117894861759,-0.00443951168861992,0.0002));
#6452=CARTESIAN_POINT('',(0.0492117894861759,-0.00443951168861992,0.0002));
#6453=CARTESIAN_POINT('',(0.03095,-0.003295,0.0002));
#6454=CARTESIAN_POINT('',(0.0271543342826631,-0.00362258395633084,0.0002));
#6455=CARTESIAN_POINT('',(0.0271543342826631,-0.00362258395633084,0.));
#6456=CARTESIAN_POINT('',(0.026137035718524,-0.00277476741426367,0.));
#6457=CARTESIAN_POINT('',(0.0281716328468021,-0.00447040049839801,0.));
#6458=CARTESIAN_POINT('',(0.026137035718524,-0.00277476741426367,0.0002));
#6459=CARTESIAN_POINT('',(0.026137035718524,-0.00277476741426367,0.0002));
#6460=CARTESIAN_POINT('',(0.0271543342826631,-0.00362258395633084,0.0002));
#6461=CARTESIAN_POINT('',(0.0281716328468021,-0.00447040049839801,0.0002));
#6462=CARTESIAN_POINT('',(0.0281716328468021,-0.00447040049839801,0.0002));
#6463=CARTESIAN_POINT('',(0.026137035718524,-0.00359169514655274,0.0002));
#6464=CARTESIAN_POINT('',(0.026137035718524,-0.00359169514655274,0.));
#6465=CARTESIAN_POINT('',(0.0261370608546819,-0.00440862342017419,0.));
#6466=CARTESIAN_POINT('',(0.026137035718524,-0.00440862287884182,0.0002));
#6467=CARTESIAN_POINT('',(0.0261370608546819,-0.00440862342017419,0.0002));
#6468=CARTESIAN_POINT('',(0.026137035718524,-0.00359169514655274,0.0002));
#6469=CARTESIAN_POINT('',(0.026195914196146,-0.00440989088588678,0.0002));
#6470=CARTESIAN_POINT('',(0.026195914196146,-0.00440989088588678,0.));
#6471=CARTESIAN_POINT('',(0.0261552706176159,-0.0044524404142179,0.));
#6472=CARTESIAN_POINT('',(0.0261552706176159,-0.0044524404142179,0.0002));
#6473=CARTESIAN_POINT('',(0.0261552706176159,-0.0044524404142179,0.0002));
#6474=CARTESIAN_POINT('',(0.026195914196146,-0.00440989088588678,0.0002));
#6475=CARTESIAN_POINT('',(0.0261984117654667,-0.00440948881760201,0.0002));
#6476=CARTESIAN_POINT('',(0.0261984117654667,-0.00440948881760201,0.));
#6477=CARTESIAN_POINT('',(0.0261996257342983,-0.00447037706549401,0.));
#6478=CARTESIAN_POINT('',(0.0261996262014954,-0.00447040049839801,0.0002));
#6479=CARTESIAN_POINT('',(0.0261996257342983,-0.00447037706549401,0.00019999975));
#6480=CARTESIAN_POINT('',(0.0261984117654667,-0.00440948881760201,0.0002));
#6481=CARTESIAN_POINT('',(0.0274351785926191,-0.0021399210869823,0.0002));
#6482=CARTESIAN_POINT('',(0.0274351785926191,-0.0021399210869823,0.));
#6483=CARTESIAN_POINT('',(0.0264491752699658,-0.00213992108698229,0.));
#6484=CARTESIAN_POINT('',(0.0284211822614523,-0.00213994026062881,0.));
#6485=CARTESIAN_POINT('',(0.0264491752699658,-0.00213992108698229,0.0002));
#6486=CARTESIAN_POINT('',(0.0264491752699658,-0.00213992108698229,0.0002));
#6487=CARTESIAN_POINT('',(0.0274351785926191,-0.0021399210869823,0.0002));
#6488=CARTESIAN_POINT('',(0.0284211822614523,-0.00213994026062881,0.00019999975));
#6489=CARTESIAN_POINT('',(0.0284211819152725,-0.0021399210869823,0.0002));
#6490=CARTESIAN_POINT('',(0.0274664738341048,-0.00298814406075708,0.0002));
#6491=CARTESIAN_POINT('',(0.0274664738341048,-0.00298814406075708,0.));
#6492=CARTESIAN_POINT('',(0.028483772398244,-0.00383636703453186,0.));
#6493=CARTESIAN_POINT('',(0.028483772398244,-0.00383636703453186,0.0002));
#6494=CARTESIAN_POINT('',(0.028483772398244,-0.00383636703453186,0.0002));
#6495=CARTESIAN_POINT('',(0.0274664738341048,-0.00298814406075708,0.0002));
#6496=CARTESIAN_POINT('',(0.028483772398244,-0.00301943930224278,0.0002));
#6497=CARTESIAN_POINT('',(0.028483772398244,-0.00301943930224278,0.));
#6498=CARTESIAN_POINT('',(0.0284837532245975,-0.00220251122377396,0.));
#6499=CARTESIAN_POINT('',(0.028483772398244,-0.0022025115699537,0.0002));
#6500=CARTESIAN_POINT('',(0.0284837532245975,-0.00220251122377396,0.0002));
#6501=CARTESIAN_POINT('',(0.028483772398244,-0.00301943930224278,0.0002));
#6502=CARTESIAN_POINT('',(0.0284235717086792,-0.00220142464789961,0.0002));
#6503=CARTESIAN_POINT('',(0.0284235717086792,-0.00220142464789961,0.));
#6504=CARTESIAN_POINT('',(0.028465463566483,-0.00215823021778352,0.));
#6505=CARTESIAN_POINT('',(0.0284654637137142,-0.00215823036959488,0.0002));
#6506=CARTESIAN_POINT('',(0.028465463566483,-0.00215823021778352,0.0002));
#6507=CARTESIAN_POINT('',(0.0284235717086792,-0.00220142464789961,0.0002));
#6508=CARTESIAN_POINT('',(0.026166952080018,-0.00205901137675681,0.0002));
#6509=CARTESIAN_POINT('',(0.0261736145722086,-0.0014221626913492,0.0002));
#6510=CARTESIAN_POINT('',(0.0261736134772139,-0.00142226735877326,0.00019999975));
#6511=CARTESIAN_POINT('',(0.026166952080018,-0.00205901137675681,0.0002));
#6512=CARTESIAN_POINT('',(0.0258147214882084,-0.00152862676476247,0.00019999975));
#6513=CARTESIAN_POINT('',(0.025814735374392,-0.00152864779874211,0.0002));
#6514=CARTESIAN_POINT('',(0.027310404058384,-0.0014221626913492,0.0002));
#6515=CARTESIAN_POINT('',(0.0284471935445593,-0.0014221626913492,0.0002));
#6516=CARTESIAN_POINT('',(0.028447194639554,-0.00142226735877328,0.0002));
#6517=CARTESIAN_POINT('',(0.027310404058384,-0.0014221626913492,0.0002));
#6518=CARTESIAN_POINT('',(0.0284538560367503,-0.00205901137675541,0.0002));
#6519=CARTESIAN_POINT('',(0.0288060727423759,-0.00152864779874211,0.0002));
#6520=CARTESIAN_POINT('',(0.0288060866375315,-0.00152862677068432,0.0002));
#6521=CARTESIAN_POINT('',(0.0284538560367503,-0.00205901137675541,0.0002));
#6522=CARTESIAN_POINT('',(0.0283579135395383,-0.00220749317644959,0.0002));
#6523=CARTESIAN_POINT('',(0.0290661890352441,-0.00180705351845257,0.0002));
#6524=CARTESIAN_POINT('',(0.0290661021729227,-0.00180710328228677,0.0002));
#6525=CARTESIAN_POINT('',(0.0283579135395383,-0.00220749317644959,0.0002));
#6526=CARTESIAN_POINT('',(0.0284451433955063,-0.00217146982436485,0.0002));
#6527=CARTESIAN_POINT('',(0.0291649519401924,-0.0021716227601756,0.0002));
#6528=CARTESIAN_POINT('',(0.029164981246032,-0.00217162276640214,0.00019999975));
#6529=CARTESIAN_POINT('',(0.0284451433955063,-0.00217146982436485,0.0002));
#6530=CARTESIAN_POINT('',(0.0291649519401924,-0.00330312863415212,0.0002));
#6531=CARTESIAN_POINT('',(0.0291649519401924,-0.00443463450812864,0.0002));
#6532=CARTESIAN_POINT('',(0.0291647792120747,-0.004434636985257,0.0002));
#6533=CARTESIAN_POINT('',(0.0291649519401924,-0.00330312863415212,0.0002));
#6534=CARTESIAN_POINT('',(0.0284698741561664,-0.00444460275715548,0.0002));
#6535=CARTESIAN_POINT('',(0.0290661890352441,-0.0048008294766821,0.0002));
#6536=CARTESIAN_POINT('',(0.0290662439025897,-0.00480086222717623,0.0002));
#6537=CARTESIAN_POINT('',(0.0284698741561664,-0.00444460275715548,0.0002));
#6538=CARTESIAN_POINT('',(0.0283855060227037,-0.00439393764342627,0.0002));
#6539=CARTESIAN_POINT('',(0.0288060727423759,-0.00506622938174915,0.0002));
#6540=CARTESIAN_POINT('',(0.028806084839643,-0.00506624844113666,0.0002));
#6541=CARTESIAN_POINT('',(0.0283855060227037,-0.00439393764342627,0.0002));
#6542=CARTESIAN_POINT('',(0.0284550080981824,-0.00450863635665735,0.0002));
#6543=CARTESIAN_POINT('',(0.0284471935445593,-0.00516783730865078,0.0002));
#6544=CARTESIAN_POINT('',(0.0284471950781915,-0.00516770793827343,0.00019999975));
#6545=CARTESIAN_POINT('',(0.0284550080981824,-0.00450863635665735,0.0002));
#6546=CARTESIAN_POINT('',(0.027310404058384,-0.00516783730865078,0.0002));
#6547=CARTESIAN_POINT('',(0.0261736145722086,-0.00516783730865078,0.0002));
#6548=CARTESIAN_POINT('',(0.0261736130385764,-0.00516770793827343,0.0002));
#6549=CARTESIAN_POINT('',(0.027310404058384,-0.00516783730865078,0.0002));
#6550=CARTESIAN_POINT('',(0.0261658000185855,-0.00450863635665718,0.0002));
#6551=CARTESIAN_POINT('',(0.025814735374392,-0.00506622938174915,0.0002));
#6552=CARTESIAN_POINT('',(0.0258147232493904,-0.00506624842388053,0.0002));
#6553=CARTESIAN_POINT('',(0.0261658000185855,-0.00450863635665718,0.0002));
#6554=CARTESIAN_POINT('',(0.0262353020940644,-0.00439393764342624,0.0002));
#6555=CARTESIAN_POINT('',(0.0255546190815239,-0.0048008294766821,0.0002));
#6556=CARTESIAN_POINT('',(0.0255545642188836,-0.00480086223504517,0.0002));
#6557=CARTESIAN_POINT('',(0.0262353020940644,-0.00439393764342624,0.0002));
#6558=CARTESIAN_POINT('',(0.0261509339606012,-0.00444460275715546,0.0002));
#6559=CARTESIAN_POINT('',(0.0254558561765755,-0.00443463450812864,0.0002));
#6560=CARTESIAN_POINT('',(0.0254560289046932,-0.004434636985257,0.00019999975));
#6561=CARTESIAN_POINT('',(0.0261509339606012,-0.00444460275715546,0.0002));
#6562=CARTESIAN_POINT('',(0.0254558561765755,-0.00330312863415212,0.0002));
#6563=CARTESIAN_POINT('',(0.0254558561765755,-0.0021716227601756,0.0002));
#6564=CARTESIAN_POINT('',(0.0254558268615718,-0.00217154629498511,0.0002));
#6565=CARTESIAN_POINT('',(0.0254558561765755,-0.00330312863415212,0.0002));
#6566=CARTESIAN_POINT('',(0.0261756647212625,-0.00217146982436513,0.0002));
#6567=CARTESIAN_POINT('',(0.0255546190815239,-0.00180705351845257,0.0002));
#6568=CARTESIAN_POINT('',(0.025554705555083,-0.00180710398676668,0.0002));
#6569=CARTESIAN_POINT('',(0.0261756647212625,-0.00217146982436513,0.0002));
#6570=CARTESIAN_POINT('',(0.0284222688373271,-0.00220012177654608,0.0002));
#6571=CARTESIAN_POINT('',(0.0284222688373271,-0.00220012177654608,0.));
#6572=CARTESIAN_POINT('',(0.0284222688373271,-0.00220012177654608,0.0002));
#6573=CARTESIAN_POINT('',(0.0262628945772294,-0.00220749317644924,0.0002));
#6574=CARTESIAN_POINT('',(0.0262628945772294,-0.00220749317644924,0.0002));
#6575=CARTESIAN_POINT('',(0.0271856295241487,-0.00447040049839801,0.0002));
#6576=CARTESIAN_POINT('',(0.0271856295241487,-0.00447040049839801,0.));
#6577=CARTESIAN_POINT('',(0.0271856295241487,-0.00447040049839801,0.0002));
#6578=CARTESIAN_POINT('',(0.03095,-0.003295,0.0002));
#6579=CARTESIAN_POINT('',(0.03095,-0.003295,0.));
#6580=CARTESIAN_POINT('',(0.0114072138336503,-0.00210807701760162,0.0002));
#6581=CARTESIAN_POINT('',(0.0114144535421858,-0.0014221626913492,0.0002));
#6582=CARTESIAN_POINT('',(0.0114144523299564,-0.0014222775420421,0.00019999975));
#6583=CARTESIAN_POINT('',(0.0114072138336503,-0.00210807701760162,0.0002));
#6584=CARTESIAN_POINT('',(0.0110531304341496,-0.00152091721334416,0.00019999975));
#6585=CARTESIAN_POINT('',(0.0110531357541237,-0.00152092559629759,0.0002));
#6586=CARTESIAN_POINT('',(0.0129206894505756,-0.0014221626913492,0.0002));
#6587=CARTESIAN_POINT('',(0.0144269253589653,-0.0014221626913492,0.0002));
#6588=CARTESIAN_POINT('',(0.0144269253589653,-0.0014221626913492,0.0002));
#6589=CARTESIAN_POINT('',(0.0129206894505756,-0.0014221626913492,0.0002));
#6590=CARTESIAN_POINT('',(0.0144269253589653,-0.00176803607452235,0.0002));
#6591=CARTESIAN_POINT('',(0.0144269253589653,-0.00211390945769548,0.0002));
#6592=CARTESIAN_POINT('',(0.0144269253589653,-0.00211390945769548,0.0002));
#6593=CARTESIAN_POINT('',(0.0144269253589653,-0.00176803607452235,0.0002));
#6594=CARTESIAN_POINT('',(0.0129934407262371,-0.00211390945769548,0.0002));
#6595=CARTESIAN_POINT('',(0.011559956093509,-0.00211390945769548,0.0002));
#6596=CARTESIAN_POINT('',(0.0115599416241844,-0.00211417997111251,0.0002));
#6597=CARTESIAN_POINT('',(0.0129934407262371,-0.00211390945769548,0.0002));
#6598=CARTESIAN_POINT('',(0.0115503543554706,-0.00229342018391726,0.0002));
#6599=CARTESIAN_POINT('',(0.0114271944105057,-0.00216321406952507,0.0002));
#6600=CARTESIAN_POINT('',(0.0114271919130994,-0.00216321686068001,0.0002));
#6601=CARTESIAN_POINT('',(0.0115503543554706,-0.00229342018391726,0.0002));
#6602=CARTESIAN_POINT('',(0.0115573854147161,-0.00228638912465451,0.0002));
#6603=CARTESIAN_POINT('',(0.0113778746885013,-0.00229599086270319,0.0002));
#6604=CARTESIAN_POINT('',(0.0113781452019202,-0.00229597639337848,0.00019999975));
#6605=CARTESIAN_POINT('',(0.0115573854147161,-0.00228638912465451,0.0002));
#6606=CARTESIAN_POINT('',(0.0113778746885013,-0.003295,0.0002));
#6607=CARTESIAN_POINT('',(0.0113778746885013,-0.00429400913729679,0.0002));
#6608=CARTESIAN_POINT('',(0.0113782870721647,-0.00429404003580382,0.0002));
#6609=CARTESIAN_POINT('',(0.0113778746885013,-0.003295,0.0002));
#6610=CARTESIAN_POINT('',(0.0115563701664392,-0.00430738319710768,0.0002));
#6611=CARTESIAN_POINT('',(0.0114274593568292,-0.00442935089592976,0.0002));
#6612=CARTESIAN_POINT('',(0.0114272010986745,-0.00442958985874989,0.0002));
#6613=CARTESIAN_POINT('',(0.0115563701664392,-0.00430738319710768,0.0002));
#6614=CARTESIAN_POINT('',(0.0115496536992677,-0.00429007215626357,0.0002));
#6615=CARTESIAN_POINT('',(0.011559956093509,-0.0044760905423045,0.0002));
#6616=CARTESIAN_POINT('',(0.0115599402960725,-0.00447580530631357,0.00019999975));
#6617=CARTESIAN_POINT('',(0.0115496536992677,-0.00429007215626357,0.0002));
#6618=CARTESIAN_POINT('',(0.0129934407262371,-0.0044760905423045,0.0002));
#6619=CARTESIAN_POINT('',(0.0144269253589653,-0.0044760905423045,0.0002));
#6620=CARTESIAN_POINT('',(0.0144269253589653,-0.0044760905423045,0.0002));
#6621=CARTESIAN_POINT('',(0.0129934407262371,-0.0044760905423045,0.0002));
#6622=CARTESIAN_POINT('',(0.0144269253589653,-0.00482196392547764,0.0002));
#6623=CARTESIAN_POINT('',(0.0144269253589653,-0.00516783730865078,0.0002));
#6624=CARTESIAN_POINT('',(0.0144269253589653,-0.00516783730865078,0.0002));
#6625=CARTESIAN_POINT('',(0.0144269253589653,-0.00482196392547764,0.0002));
#6626=CARTESIAN_POINT('',(0.0129206894505756,-0.00516783730865078,0.0002));
#6627=CARTESIAN_POINT('',(0.0114144535421858,-0.00516783730865078,0.0002));
#6628=CARTESIAN_POINT('',(0.0114144523299564,-0.00516772245795788,0.0002));
#6629=CARTESIAN_POINT('',(0.0129206894505756,-0.00516783730865078,0.0002));
#6630=CARTESIAN_POINT('',(0.0114072138336503,-0.00448192298239836,0.0002));
#6631=CARTESIAN_POINT('',(0.0110531357541237,-0.0050690744037024,0.0002));
#6632=CARTESIAN_POINT('',(0.0110531304906501,-0.00506908282044397,0.0002));
#6633=CARTESIAN_POINT('',(0.0114072138336503,-0.00448192298239836,0.0002));
#6634=CARTESIAN_POINT('',(0.0114451946383315,-0.00441347296182961,0.0002));
#6635=CARTESIAN_POINT('',(0.0107901744393022,-0.0048065195205886,0.0002));
#6636=CARTESIAN_POINT('',(0.0107901637470145,-0.00480652617533261,0.0002));
#6637=CARTESIAN_POINT('',(0.0114451946383315,-0.00441347296182961,0.0002));
#6638=CARTESIAN_POINT('',(0.0113762799358199,-0.00445199715686673,0.0002));
#6639=CARTESIAN_POINT('',(0.0106910051026463,-0.00444438886911119,0.0002));
#6640=CARTESIAN_POINT('',(0.0106911278966527,-0.00444439023243594,0.00019999975));
#6641=CARTESIAN_POINT('',(0.0113762799358199,-0.00445199715686673,0.0002));
#6642=CARTESIAN_POINT('',(0.0106910051026463,-0.003295,0.0002));
#6643=CARTESIAN_POINT('',(0.0106910051026463,-0.00214561113088879,0.0002));
#6644=CARTESIAN_POINT('',(0.0106911278966527,-0.00214560976756405,0.0002));
#6645=CARTESIAN_POINT('',(0.0106910051026463,-0.003295,0.0002));
#6646=CARTESIAN_POINT('',(0.0113762799358199,-0.00213800284313339,0.0002));
#6647=CARTESIAN_POINT('',(0.0107901744393022,-0.00178348047941139,0.0002));
#6648=CARTESIAN_POINT('',(0.0107901637583092,-0.00178347380547707,0.0002));
#6649=CARTESIAN_POINT('',(0.0113762799358199,-0.00213800284313339,0.0002));
#6650=CARTESIAN_POINT('',(0.0114451946383316,-0.00217652703817047,0.0002));
#6651=CARTESIAN_POINT('',(0.0114451946383316,-0.00217652703817047,0.0002));
#6652=CARTESIAN_POINT('',(0.03095,-0.003295,0.0002));
#6653=CARTESIAN_POINT('',(0.03095,-0.003295,0.));
#6654=MECHANICAL_DESIGN_GEOMETRIC_PRESENTATION_REPRESENTATION('',(#3927),#6655);
#6655=(
GEOMETRIC_REPRESENTATION_CONTEXT(3)
GLOBAL_UNCERTAINTY_ASSIGNED_CONTEXT((#6656))
GLOBAL_UNIT_ASSIGNED_CONTEXT((#6659,#6658,#6657))
REPRESENTATION_CONTEXT('HalfTokenHolder','TOP_LEVEL_ASSEMBLY_PART')
);
#6656=UNCERTAINTY_MEASURE_WITH_UNIT(LENGTH_MEASURE(2.E-05),#6659,'DISTANCE_ACCURACY_VALUE','Maximum Tolerance applied to model');
#6657=(
NAMED_UNIT(*)
SI_UNIT($,.STERADIAN.)
SOLID_ANGLE_UNIT()
);
#6658=(
NAMED_UNIT(*)
PLANE_ANGLE_UNIT()
SI_UNIT($,.RADIAN.)
);
#6659=(
LENGTH_UNIT()
NAMED_UNIT(*)
SI_UNIT($,.METRE.)
);
#6660=PRODUCT_DEFINITION_SHAPE('','',#6661);
#6661=PRODUCT_DEFINITION('','',#6663,#6662);
#6662=PRODUCT_DEFINITION_CONTEXT('',#6669,'design');
#6663=PRODUCT_DEFINITION_FORMATION_WITH_SPECIFIED_SOURCE('','',#6665,.NOT_KNOWN.);
#6664=PRODUCT_RELATED_PRODUCT_CATEGORY('','',(#6665));
#6665=PRODUCT('HalfTokenHolder','HalfTokenHolder','HalfTokenHolder',(#6667));
#6666=PRODUCT_CATEGORY('','');
#6667=PRODUCT_CONTEXT('',#6669,'mechanical');
#6668=APPLICATION_PROTOCOL_DEFINITION('international standard','ap242_managed_model_based_3d_engineering',2020,#6669);
#6669=APPLICATION_CONTEXT('managed model based 3d engineering');
#6670=COMPOSITE_SHAPE_ASPECT('RADIUS.FFk5lDLgwTbyLVF_1',$,#6660,$);
#6671=SHAPE_ASPECT('RADIUS.FFk5lDLgwTbyLVF_1',$,#6660,.T.);
#6672=GEOMETRIC_ITEM_SPECIFIC_USAGE('','',#6671,#11,#3737);
#6673=SHAPE_ASPECT_RELATIONSHIP('','',#6670,#6671);
#6674=SHAPE_ASPECT('RADIUS.FFk5lDLgwTbyLVF_1',$,#6660,.T.);
#6675=GEOMETRIC_ITEM_SPECIFIC_USAGE('','',#6674,#11,#3736);
#6676=SHAPE_ASPECT_RELATIONSHIP('','',#6670,#6674);
#6677=SHAPE_ASPECT('RADIUS.FFk5lDLgwTbyLVF_1',$,#6660,.T.);
#6678=GEOMETRIC_ITEM_SPECIFIC_USAGE('','',#6677,#11,#3740);
#6679=SHAPE_ASPECT_RELATIONSHIP('','',#6670,#6677);
#6680=SHAPE_ASPECT('RADIUS.FFk5lDLgwTbyLVF_1',$,#6660,.T.);
#6681=GEOMETRIC_ITEM_SPECIFIC_USAGE('','',#6680,#11,#3738);
#6682=SHAPE_ASPECT_RELATIONSHIP('','',#6670,#6680);
#6683=SHAPE_ASPECT('RADIUS.FFk5lDLgwTbyLVF_1',$,#6660,.T.);
#6684=GEOMETRIC_ITEM_SPECIFIC_USAGE('','',#6683,#11,#3739);
#6685=SHAPE_ASPECT_RELATIONSHIP('','',#6670,#6683);
#6686=DIMENSIONAL_SIZE(#6670,'radius');
#6688=(
LENGTH_UNIT()
NAMED_UNIT(*)
SI_UNIT(.MILLI.,.METRE.)
);
#6689=PRECISION_QUALIFIER(2);
#6687=(
LENGTH_MEASURE_WITH_UNIT()
MEASURE_REPRESENTATION_ITEM()
MEASURE_WITH_UNIT(POSITIVE_LENGTH_MEASURE(0.6),#6688)
QUALIFIED_REPRESENTATION_ITEM((#6689))
REPRESENTATION_ITEM('nominal value')
);
#6690=SHAPE_DIMENSION_REPRESENTATION('',(#6687),#6655);
#6691=DIMENSIONAL_CHARACTERISTIC_REPRESENTATION(#6686,#6690);
#6692=PRESENTATION_STYLE_ASSIGNMENT((NULL_STYLE(.NULL.)));
#6693=CARTESIAN_POINT('',(0.0602,-0.0032950226946771,0.0744));
#6694=DIRECTION('',(-1.19842727183199E-15,1.,0.));
#6695=DIRECTION('',(-1.,-1.19842727183199E-15,0.));
#6696=AXIS2_PLACEMENT_3D('',#6693,#6694,#6695);
#6697=PLANE('',#6696);
#6698=ANNOTATION_PLANE('',(#6692),#6697,(#6725));
#6699=CARTESIAN_POINT('',(0.,0.,0.));
#6700=DIRECTION('',(0.,0.,1.));
#6701=DIRECTION('',(1.,0.,0.));
#6702=AXIS2_PLACEMENT_3D('',#6699,#6700,#6701);
#6703=CARTESIAN_POINT('',(0.,0.,0.));
#6704=DIRECTION('',(0.,0.,1.));
#6705=DIRECTION('',(1.,0.,0.));
#6706=AXIS2_PLACEMENT_3D('',#6703,#6704,#6705);
#6707=SHAPE_REPRESENTATION('',(#6706,#3935),#6655);
#6708=REPRESENTATION_MAP(#6702,#6707);
#6709=MAPPED_ITEM('',#6708,#6702);
#6710=PRESENTATION_STYLE_ASSIGNMENT((NULL_STYLE(.NULL.)));
#6711=STYLED_ITEM('',(#6710),#6709);
#6712=DRAUGHTING_MODEL('',(#6698,#6702,#6709,#6711),#6655);
#6713=DRAUGHTING_PRE_DEFINED_CURVE_FONT('continuous');
#6714=COLOUR_RGB('',0.,0.,0.);
#6715=CURVE_STYLE('',#6713,POSITIVE_LENGTH_MEASURE(0.02),#6714);
#6716=PRESENTATION_STYLE_ASSIGNMENT((#6715));
#6717=COORDINATES_LIST('coordinates',1065,((0.0627514,-0.0032950,0.0751602),(0.0613692,-0.0032950,0.0733706),(0.0612970,-0.0032950,0.0733087),(0.0627514,-0.0032950,0.0751602),(0.0612970,-0.0032950,0.0733087),(0.0612052,-0.0032950,0.0732880),(0.0627514,-0.0032950,0.0751602),(0.0612052,-0.0032950,0.0732880),(0.0610729,-0.0032950,0.0733335),(0.0627514,-0.0032950,0.0751602),(0.0610729,-0.0032950,0.0733335),(0.0610086,-0.0032950,0.0734071),(0.0627514,-0.0032950,0.0751602),(0.0610086,-0.0032950,0.0734071),(0.0609872,-0.0032950,0.0735029),(0.0627514,-0.0032950,0.0751602),(0.0609872,-0.0032950,0.0735029),(0.0610316,-0.0032950,0.0736352),(0.0627514,-0.0032950,0.0751602),(0.0610316,-0.0032950,0.0736352),(0.0622074,-0.0032950,0.0751602),(0.0622074,-0.0032950,0.0751602),(0.0621217,-0.0032950,0.0751602),(0.0620025,-0.0032950,0.0751653),(0.0627514,-0.0032950,0.0751602),(0.0622074,-0.0032950,0.0751602),(0.0620025,-0.0032950,0.0751653),(0.0636150,-0.0032950,0.0751602),(0.0627514,-0.0032950,0.0751602),(0.0620025,-0.0032950,0.0751653),(0.0636150,-0.0032950,0.0751602),(0.0620025,-0.0032950,0.0751653),(0.0618887,-0.0032950,0.0751806),(0.0636150,-0.0032950,0.0751602),(0.0618887,-0.0032950,0.0751806),(0.0617804,-0.0032950,0.0752062),(0.0636150,-0.0032950,0.0751602),(0.0617804,-0.0032950,0.0752062),(0.0616775,-0.0032950,0.0752420),(0.0636150,-0.0032950,0.0751602),(0.0616775,-0.0032950,0.0752420),(0.0615801,-0.0032950,0.0752880),(0.0636150,-0.0032950,0.0751602),(0.0615801,-0.0032950,0.0752880),(0.0614881,-0.0032950,0.0753442),(0.0636150,-0.0032950,0.0751602),(0.0614881,-0.0032950,0.0753442),(0.0614016,-0.0032950,0.0754106),(0.0636150,-0.0032950,0.0751602),(0.0614016,-0.0032950,0.0754106),(0.0613206,-0.0032950,0.0754872),(0.0636150,-0.0032950,0.0751602),(0.0613206,-0.0032950,0.0754872),(0.0612442,-0.0032950,0.0755770),(0.0636150,-0.0032950,0.0751602),(0.0612442,-0.0032950,0.0755770),(0.0611779,-0.0032950,0.0756694),(0.0636150,-0.0032950,0.0751602),(0.0611779,-0.0032950,0.0756694),(0.0611219,-0.0032950,0.0757646),(0.0611219,-0.0032950,0.0757646),(0.0610761,-0.0032950,0.0758624),(0.0614716,-0.0032950,0.0760116),(0.0611219,-0.0032950,0.0757646),(0.0614716,-0.0032950,0.0760116),(0.0615361,-0.0032950,0.0758940),(0.0611219,-0.0032950,0.0757646),(0.0615361,-0.0032950,0.0758940),(0.0616264,-0.0032950,0.0757878),(0.0611219,-0.0032950,0.0757646),(0.0616264,-0.0032950,0.0757878),(0.0617363,-0.0032950,0.0756998),(0.0611219,-0.0032950,0.0757646),(0.0617363,-0.0032950,0.0756998),(0.0618555,-0.0032950,0.0756370),(0.0611219,-0.0032950,0.0757646),(0.0618555,-0.0032950,0.0756370),(0.0619840,-0.0032950,0.0755993),(0.0636150,-0.0032950,0.0751602),(0.0611219,-0.0032950,0.0757646),(0.0619840,-0.0032950,0.0755993),(0.0636150,-0.0032950,0.0751602),(0.0619840,-0.0032950,0.0755993),(0.0621217,-0.0032950,0.0755867),(0.0636150,-0.0032950,0.0751602),(0.0621217,-0.0032950,0.0755867),(0.0636150,-0.0032950,0.0755867),(0.0614329,-0.0032950,0.0761406),(0.0614716,-0.0032950,0.0760116),(0.0610761,-0.0032950,0.0758624),(0.0614200,-0.0032950,0.0762810),(0.0614329,-0.0032950,0.0761406),(0.0610761,-0.0032950,0.0758624),(0.0614329,-0.0032950,0.0764200),(0.0614200,-0.0032950,0.0762810),(0.0610761,-0.0032950,0.0758624),(0.0614716,-0.0032950,0.0765482),(0.0614329,-0.0032950,0.0764200),(0.0610761,-0.0032950,0.0758624),(0.0615361,-0.0032950,0.0766656),(0.0614716,-0.0032950,0.0765482),(0.0610761,-0.0032950,0.0758624),(0.0615361,-0.0032950,0.0766656),(0.0610761,-0.0032950,0.0758624),(0.0610404,-0.0032950,0.0759630),(0.0615361,-0.0032950,0.0766656),(0.0610404,-0.0032950,0.0759630),(0.0610150,-0.0032950,0.0760663),(0.0616264,-0.0032950,0.0767721),(0.0615361,-0.0032950,0.0766656),(0.0610150,-0.0032950,0.0760663),(0.0616264,-0.0032950,0.0767721),(0.0610150,-0.0032950,0.0760663),(0.0609997,-0.0032950,0.0761723),(0.0616264,-0.0032950,0.0767721),(0.0609997,-0.0032950,0.0761723),(0.0609946,-0.0032950,0.0762810),(0.0617336,-0.0032950,0.0768600),(0.0616264,-0.0032950,0.0767721),(0.0609946,-0.0032950,0.0762810),(0.0617336,-0.0032950,0.0768600),(0.0609946,-0.0032950,0.0762810),(0.0609997,-0.0032950,0.0763936),(0.0617336,-0.0032950,0.0768600),(0.0609997,-0.0032950,0.0763936),(0.0610150,-0.0032950,0.0765023),(0.0618508,-0.0032950,0.0769229),(0.0617336,-0.0032950,0.0768600),(0.0610150,-0.0032950,0.0765023),(0.0618508,-0.0032950,0.0769229),(0.0610150,-0.0032950,0.0765023),(0.0610404,-0.0032950,0.0766071),(0.0618508,-0.0032950,0.0769229),(0.0610404,-0.0032950,0.0766071),(0.0610761,-0.0032950,0.0767080),(0.0619780,-0.0032950,0.0769606),(0.0618508,-0.0032950,0.0769229),(0.0610761,-0.0032950,0.0767080),(0.0619780,-0.0032950,0.0769606),(0.0610761,-0.0032950,0.0767080),(0.0611219,-0.0032950,0.0768050),(0.0619780,-0.0032950,0.0769606),(0.0611219,-0.0032950,0.0768050),(0.0611779,-0.0032950,0.0768981),(0.0621154,-0.0032950,0.0769731),(0.0619780,-0.0032950,0.0769606),(0.0611779,-0.0032950,0.0768981),(0.0621154,-0.0032950,0.0769731),(0.0611779,-0.0032950,0.0768981),(0.0612442,-0.0032950,0.0769873),(0.0636150,-0.0032950,0.0769731),(0.0621154,-0.0032950,0.0769731),(0.0612442,-0.0032950,0.0769873),(0.0636150,-0.0032950,0.0769731),(0.0612442,-0.0032950,0.0769873),(0.0613206,-0.0032950,0.0770726),(0.0636150,-0.0032950,0.0769731),(0.0613206,-0.0032950,0.0770726),(0.0614076,-0.0032950,0.0771508),(0.0636150,-0.0032950,0.0769731),(0.0614076,-0.0032950,0.0771508),(0.0614984,-0.0032950,0.0772185),(0.0636150,-0.0032950,0.0769731),(0.0614984,-0.0032950,0.0772185),(0.0615930,-0.0032950,0.0772758),(0.0636150,-0.0032950,0.0769731),(0.0615930,-0.0032950,0.0772758),(0.0616912,-0.0032950,0.0773226),(0.0636150,-0.0032950,0.0769731),(0.0616912,-0.0032950,0.0773226),(0.0617932,-0.0032950,0.0773591),(0.0636150,-0.0032950,0.0769731),(0.0617932,-0.0032950,0.0773591),(0.0618990,-0.0032950,0.0773852),(0.0636150,-0.0032950,0.0769731),(0.0618990,-0.0032950,0.0773852),(0.0620085,-0.0032950,0.0774008),(0.0636150,-0.0032950,0.0769731),(0.0620085,-0.0032950,0.0774008),(0.0621217,-0.0032950,0.0774060),(0.0636150,-0.0032950,0.0769731),(0.0621217,-0.0032950,0.0774060),(0.0638277,-0.0032950,0.0774060),(0.0636150,-0.0032950,0.0755867),(0.0636150,-0.0032950,0.0769731),(0.0638277,-0.0032950,0.0774060),(0.0636150,-0.0032950,0.0751602),(0.0636150,-0.0032950,0.0755867),(0.0638277,-0.0032950,0.0774060),(0.0636150,-0.0032950,0.0751602),(0.0638277,-0.0032950,0.0774060),(0.0639137,-0.0032950,0.0773893),(0.0636150,-0.0032950,0.0751602),(0.0639137,-0.0032950,0.0773893),(0.0639854,-0.0032950,0.0773393),(0.0636150,-0.0032950,0.0751602),(0.0639854,-0.0032950,0.0773393),(0.0640275,-0.0032950,0.0772650),(0.0636150,-0.0032950,0.0751602),(0.0640275,-0.0032950,0.0772650),(0.0640415,-0.0032950,0.0771859),(0.0636150,-0.0032950,0.0751602),(0.0640415,-0.0032950,0.0771859),(0.0640415,-0.0032950,0.0735590),(0.0636150,-0.0032950,0.0751602),(0.0640415,-0.0032950,0.0735590),(0.0640186,-0.0032950,0.0734756),(0.0636150,-0.0032950,0.0751602),(0.0640186,-0.0032950,0.0734756),(0.0639754,-0.0032950,0.0734161),(0.0636150,-0.0032950,0.0751602),(0.0639754,-0.0032950,0.0734161),(0.0638277,-0.0032950,0.0733685),(0.0636150,-0.0032950,0.0751602),(0.0638277,-0.0032950,0.0733685),(0.0637537,-0.0032950,0.0733804),(0.0636150,-0.0032950,0.0751602),(0.0637537,-0.0032950,0.0733804),(0.0636936,-0.0032950,0.0734161),(0.0636150,-0.0032950,0.0751602),(0.0636936,-0.0032950,0.0734161),(0.0636150,-0.0032950,0.0735590),(0.0583435,-0.0032950,0.0743981),(0.0583382,-0.0032950,0.0745305),(0.0583382,-0.0032950,0.0762207),(0.0583435,-0.0032950,0.0743981),(0.0583382,-0.0032950,0.0762207),(0.0583435,-0.0032950,0.0763513),(0.0583435,-0.0032950,0.0743981),(0.0583435,-0.0032950,0.0763513),(0.0583594,-0.0032950,0.0764759),(0.0583435,-0.0032950,0.0743981),(0.0583594,-0.0032950,0.0764759),(0.0583859,-0.0032950,0.0765946),(0.0583435,-0.0032950,0.0743981),(0.0583859,-0.0032950,0.0765946),(0.0584231,-0.0032950,0.0767072),(0.0583435,-0.0032950,0.0743981),(0.0584231,-0.0032950,0.0767072),(0.0584709,-0.0032950,0.0768139),(0.0583435,-0.0032950,0.0743981),(0.0584709,-0.0032950,0.0768139),(0.0585293,-0.0032950,0.0769146),(0.0583435,-0.0032950,0.0743981),(0.0585293,-0.0032950,0.0769146),(0.0585983,-0.0032950,0.0770093),(0.0583435,-0.0032950,0.0743981),(0.0585983,-0.0032950,0.0770093),(0.0586779,-0.0032950,0.0770980),(0.0583435,-0.0032950,0.0743981),(0.0586779,-0.0032950,0.0770980),(0.0587546,-0.0032950,0.0771697),(0.0583435,-0.0032950,0.0743981),(0.0587546,-0.0032950,0.0771697),(0.0588343,-0.0032950,0.0772318),(0.0583435,-0.0032950,0.0743981),(0.0588343,-0.0032950,0.0772318),(0.0589172,-0.0032950,0.0772844),(0.0589172,-0.0032950,0.0772844),(0.0590031,-0.0032950,0.0773274),(0.0590921,-0.0032950,0.0773609),(0.0589172,-0.0032950,0.0772844),(0.0590921,-0.0032950,0.0773609),(0.0591841,-0.0032950,0.0773848),(0.0589172,-0.0032950,0.0772844),(0.0591841,-0.0032950,0.0773848),(0.0592792,-0.0032950,0.0773991),(0.0589172,-0.0032950,0.0772844),(0.0592792,-0.0032950,0.0773991),(0.0593775,-0.0032950,0.0774039),(0.0589172,-0.0032950,0.0772844),(0.0593775,-0.0032950,0.0774039),(0.0594745,-0.0032950,0.0773991),(0.0589172,-0.0032950,0.0772844),(0.0594745,-0.0032950,0.0773991),(0.0595689,-0.0032950,0.0773848),(0.0589172,-0.0032950,0.0772844),(0.0595689,-0.0032950,0.0773848),(0.0596607,-0.0032950,0.0773609),(0.0589172,-0.0032950,0.0772844),(0.0596607,-0.0032950,0.0773609),(0.0597497,-0.0032950,0.0773274),(0.0589172,-0.0032950,0.0772844),(0.0597497,-0.0032950,0.0773274),(0.0598361,-0.0032950,0.0772844),(0.0589172,-0.0032950,0.0772844),(0.0598361,-0.0032950,0.0772844),(0.0599198,-0.0032950,0.0772318),(0.0589172,-0.0032950,0.0772844),(0.0599198,-0.0032950,0.0772318),(0.0600008,-0.0032950,0.0771697),(0.0589172,-0.0032950,0.0772844),(0.0600008,-0.0032950,0.0771697),(0.0600791,-0.0032950,0.0770980),(0.0589172,-0.0032950,0.0772844),(0.0600791,-0.0032950,0.0770980),(0.0601588,-0.0032950,0.0770110),(0.0589172,-0.0032950,0.0772844),(0.0601588,-0.0032950,0.0770110),(0.0602278,-0.0032950,0.0769178),(0.0589172,-0.0032950,0.0772844),(0.0602278,-0.0032950,0.0769178),(0.0602862,-0.0032950,0.0768184),(0.0589172,-0.0032950,0.0772844),(0.0602862,-0.0032950,0.0768184),(0.0603339,-0.0032950,0.0767128),(0.0589172,-0.0032950,0.0772844),(0.0603339,-0.0032950,0.0767128),(0.0603711,-0.0032950,0.0766009),(0.0603711,-0.0032950,0.0766009),(0.0603976,-0.0032950,0.0764829),(0.0604135,-0.0032950,0.0763586),(0.0603711,-0.0032950,0.0766009),(0.0604135,-0.0032950,0.0763586),(0.0604189,-0.0032950,0.0762281),(0.0603711,-0.0032950,0.0766009),(0.0604189,-0.0032950,0.0762281),(0.0604189,-0.0032950,0.0762207),(0.0603711,-0.0032950,0.0766009),(0.0604189,-0.0032950,0.0762207),(0.0604189,-0.0032950,0.0745263),(0.0603711,-0.0032950,0.0766009),(0.0604189,-0.0032950,0.0745263),(0.0604135,-0.0032950,0.0743950),(0.0603711,-0.0032950,0.0766009),(0.0604135,-0.0032950,0.0743950),(0.0603976,-0.0032950,0.0742698),(0.0603711,-0.0032950,0.0766009),(0.0603976,-0.0032950,0.0742698),(0.0603711,-0.0032950,0.0741509),(0.0603711,-0.0032950,0.0766009),(0.0603711,-0.0032950,0.0741509),(0.0603339,-0.0032950,0.0740381),(0.0603711,-0.0032950,0.0766009),(0.0603339,-0.0032950,0.0740381),(0.0602862,-0.0032950,0.0739315),(0.0603711,-0.0032950,0.0766009),(0.0602862,-0.0032950,0.0739315),(0.0602278,-0.0032950,0.0738311),(0.0603711,-0.0032950,0.0766009),(0.0602278,-0.0032950,0.0738311),(0.0601588,-0.0032950,0.0737369),(0.0603711,-0.0032950,0.0766009),(0.0601588,-0.0032950,0.0737369),(0.0600791,-0.0032950,0.0736489),(0.0600791,-0.0032950,0.0736489),(0.0597754,-0.0032950,0.0739452),(0.0598694,-0.0032950,0.0740616),(0.0600791,-0.0032950,0.0736489),(0.0598694,-0.0032950,0.0740616),(0.0599365,-0.0032950,0.0741979),(0.0600791,-0.0032950,0.0736489),(0.0599365,-0.0032950,0.0741979),(0.0599768,-0.0032950,0.0743542),(0.0603711,-0.0032950,0.0766009),(0.0600791,-0.0032950,0.0736489),(0.0599768,-0.0032950,0.0743542),(0.0603711,-0.0032950,0.0766009),(0.0599768,-0.0032950,0.0743542),(0.0599869,-0.0032950,0.0744399),(0.0603711,-0.0032950,0.0766009),(0.0599869,-0.0032950,0.0744399),(0.0599902,-0.0032950,0.0745305),(0.0603711,-0.0032950,0.0766009),(0.0599902,-0.0032950,0.0745305),(0.0599902,-0.0032950,0.0762281),(0.0603711,-0.0032950,0.0766009),(0.0599902,-0.0032950,0.0762281),(0.0599869,-0.0032950,0.0763164),(0.0603711,-0.0032950,0.0766009),(0.0599869,-0.0032950,0.0763164),(0.0599769,-0.0032950,0.0763998),(0.0603711,-0.0032950,0.0766009),(0.0599769,-0.0032950,0.0763998),(0.0599603,-0.0032950,0.0764783),(0.0603711,-0.0032950,0.0766009),(0.0599603,-0.0032950,0.0764783),(0.0599370,-0.0032950,0.0765519),(0.0603711,-0.0032950,0.0766009),(0.0599370,-0.0032950,0.0765519),(0.0598706,-0.0032950,0.0766845),(0.0603711,-0.0032950,0.0766009),(0.0598706,-0.0032950,0.0766845),(0.0597775,-0.0032950,0.0767975),(0.0603711,-0.0032950,0.0766009),(0.0597775,-0.0032950,0.0767975),(0.0596823,-0.0032950,0.0768762),(0.0603711,-0.0032950,0.0766009),(0.0596823,-0.0032950,0.0768762),(0.0595838,-0.0032950,0.0769324),(0.0589172,-0.0032950,0.0772844),(0.0603711,-0.0032950,0.0766009),(0.0595838,-0.0032950,0.0769324),(0.0589172,-0.0032950,0.0772844),(0.0595838,-0.0032950,0.0769324),(0.0594822,-0.0032950,0.0769661),(0.0589172,-0.0032950,0.0772844),(0.0594822,-0.0032950,0.0769661),(0.0593775,-0.0032950,0.0769774),(0.0589172,-0.0032950,0.0772844),(0.0593775,-0.0032950,0.0769774),(0.0592684,-0.0032950,0.0769661),(0.0589172,-0.0032950,0.0772844),(0.0592684,-0.0032950,0.0769661),(0.0591655,-0.0032950,0.0769324),(0.0589172,-0.0032950,0.0772844),(0.0591655,-0.0032950,0.0769324),(0.0590689,-0.0032950,0.0768762),(0.0589172,-0.0032950,0.0772844),(0.0590689,-0.0032950,0.0768762),(0.0589785,-0.0032950,0.0767975),(0.0589172,-0.0032950,0.0772844),(0.0589785,-0.0032950,0.0767975),(0.0588854,-0.0032950,0.0766789),(0.0589172,-0.0032950,0.0772844),(0.0588854,-0.0032950,0.0766789),(0.0588189,-0.0032950,0.0765432),(0.0589172,-0.0032950,0.0772844),(0.0588189,-0.0032950,0.0765432),(0.0587790,-0.0032950,0.0763905),(0.0583435,-0.0032950,0.0743981),(0.0589172,-0.0032950,0.0772844),(0.0587790,-0.0032950,0.0763905),(0.0583435,-0.0032950,0.0743981),(0.0587790,-0.0032950,0.0763905),(0.0587691,-0.0032950,0.0763077),(0.0583435,-0.0032950,0.0743981),(0.0587691,-0.0032950,0.0763077),(0.0587657,-0.0032950,0.0762207),(0.0583435,-0.0032950,0.0743981),(0.0587657,-0.0032950,0.0762207),(0.0587657,-0.0032950,0.0745305),(0.0583435,-0.0032950,0.0743981),(0.0587657,-0.0032950,0.0745305),(0.0587691,-0.0032950,0.0744409),(0.0583435,-0.0032950,0.0743981),(0.0587691,-0.0032950,0.0744409),(0.0587790,-0.0032950,0.0743561),(0.0583435,-0.0032950,0.0743981),(0.0587790,-0.0032950,0.0743561),(0.0587957,-0.0032950,0.0742762),(0.0583435,-0.0032950,0.0743981),(0.0587957,-0.0032950,0.0742762),(0.0588189,-0.0032950,0.0742011),(0.0583435,-0.0032950,0.0743981),(0.0588189,-0.0032950,0.0742011),(0.0588854,-0.0032950,0.0740656),(0.0583435,-0.0032950,0.0743981),(0.0588854,-0.0032950,0.0740656),(0.0589785,-0.0032950,0.0739495),(0.0583435,-0.0032950,0.0743981),(0.0589785,-0.0032950,0.0739495),(0.0590697,-0.0032950,0.0738717),(0.0596838,-0.0032950,0.0738693),(0.0597754,-0.0032950,0.0739452),(0.0600791,-0.0032950,0.0736489),(0.0595870,-0.0032950,0.0738151),(0.0596838,-0.0032950,0.0738693),(0.0600791,-0.0032950,0.0736489),(0.0594849,-0.0032950,0.0737825),(0.0595870,-0.0032950,0.0738151),(0.0600791,-0.0032950,0.0736489),(0.0593775,-0.0032950,0.0737717),(0.0594849,-0.0032950,0.0737825),(0.0600791,-0.0032950,0.0736489),(0.0592692,-0.0032950,0.0737828),(0.0593775,-0.0032950,0.0737717),(0.0600791,-0.0032950,0.0736489),(0.0592692,-0.0032950,0.0737828),(0.0600791,-0.0032950,0.0736489),(0.0600023,-0.0032950,0.0735782),(0.0592692,-0.0032950,0.0737828),(0.0600023,-0.0032950,0.0735782),(0.0599224,-0.0032950,0.0735169),(0.0591666,-0.0032950,0.0738161),(0.0592692,-0.0032950,0.0737828),(0.0599224,-0.0032950,0.0735169),(0.0591666,-0.0032950,0.0738161),(0.0599224,-0.0032950,0.0735169),(0.0598397,-0.0032950,0.0734651),(0.0591666,-0.0032950,0.0738161),(0.0598397,-0.0032950,0.0734651),(0.0597540,-0.0032950,0.0734227),(0.0590697,-0.0032950,0.0738717),(0.0591666,-0.0032950,0.0738161),(0.0597540,-0.0032950,0.0734227),(0.0590697,-0.0032950,0.0738717),(0.0597540,-0.0032950,0.0734227),(0.0596653,-0.0032950,0.0733897),(0.0583435,-0.0032950,0.0743981),(0.0590697,-0.0032950,0.0738717),(0.0596653,-0.0032950,0.0733897),(0.0583435,-0.0032950,0.0743981),(0.0596653,-0.0032950,0.0733897),(0.0595737,-0.0032950,0.0733661),(0.0583435,-0.0032950,0.0743981),(0.0595737,-0.0032950,0.0733661),(0.0594792,-0.0032950,0.0733520),(0.0583435,-0.0032950,0.0743981),(0.0594792,-0.0032950,0.0733520),(0.0593817,-0.0032950,0.0733473),(0.0583435,-0.0032950,0.0743981),(0.0593817,-0.0032950,0.0733473),(0.0592825,-0.0032950,0.0733519),(0.0583435,-0.0032950,0.0743981),(0.0592825,-0.0032950,0.0733519),(0.0591866,-0.0032950,0.0733658),(0.0583435,-0.0032950,0.0743981),(0.0591866,-0.0032950,0.0733658),(0.0590940,-0.0032950,0.0733890),(0.0583435,-0.0032950,0.0743981),(0.0590940,-0.0032950,0.0733890),(0.0590047,-0.0032950,0.0734214),(0.0583435,-0.0032950,0.0743981),(0.0590047,-0.0032950,0.0734214),(0.0589186,-0.0032950,0.0734630),(0.0583435,-0.0032950,0.0743981),(0.0589186,-0.0032950,0.0734630),(0.0588358,-0.0032950,0.0735140),(0.0583435,-0.0032950,0.0743981),(0.0588358,-0.0032950,0.0735140),(0.0587563,-0.0032950,0.0735742),(0.0583435,-0.0032950,0.0743981),(0.0587563,-0.0032950,0.0735742),(0.0586800,-0.0032950,0.0736436),(0.0583435,-0.0032950,0.0743981),(0.0586800,-0.0032950,0.0736436),(0.0585999,-0.0032950,0.0737329),(0.0583435,-0.0032950,0.0743981),(0.0585999,-0.0032950,0.0737329),(0.0585305,-0.0032950,0.0738284),(0.0583435,-0.0032950,0.0743981),(0.0585305,-0.0032950,0.0738284),(0.0584717,-0.0032950,0.0739301),(0.0583435,-0.0032950,0.0743981),(0.0584717,-0.0032950,0.0739301),(0.0584236,-0.0032950,0.0740378),(0.0583435,-0.0032950,0.0743981),(0.0584236,-0.0032950,0.0740378),(0.0583862,-0.0032950,0.0741518),(0.0583435,-0.0032950,0.0743981),(0.0583862,-0.0032950,0.0741518),(0.0583595,-0.0032950,0.0742719),(0.0547536,-0.0032950,0.0744055),(0.0547483,-0.0032950,0.0745400),(0.0547496,-0.0032950,0.0746433),(0.0547536,-0.0032950,0.0744055),(0.0547496,-0.0032950,0.0746433),(0.0547535,-0.0032950,0.0747425),(0.0547536,-0.0032950,0.0744055),(0.0547535,-0.0032950,0.0747425),(0.0547599,-0.0032950,0.0748377),(0.0547536,-0.0032950,0.0744055),(0.0547599,-0.0032950,0.0748377),(0.0547689,-0.0032950,0.0749289),(0.0547536,-0.0032950,0.0744055),(0.0547689,-0.0032950,0.0749289),(0.0547806,-0.0032950,0.0750160),(0.0547536,-0.0032950,0.0744055),(0.0547806,-0.0032950,0.0750160),(0.0547947,-0.0032950,0.0750991),(0.0547536,-0.0032950,0.0744055),(0.0547947,-0.0032950,0.0750991),(0.0548115,-0.0032950,0.0751781),(0.0547536,-0.0032950,0.0744055),(0.0548115,-0.0032950,0.0751781),(0.0548309,-0.0032950,0.0752531),(0.0547536,-0.0032950,0.0744055),(0.0548309,-0.0032950,0.0752531),(0.0548773,-0.0032950,0.0753909),(0.0547536,-0.0032950,0.0744055),(0.0548773,-0.0032950,0.0753909),(0.0549340,-0.0032950,0.0755126),(0.0547536,-0.0032950,0.0744055),(0.0549340,-0.0032950,0.0755126),(0.0550011,-0.0032950,0.0756181),(0.0547536,-0.0032950,0.0744055),(0.0550011,-0.0032950,0.0756181),(0.0550785,-0.0032950,0.0757074),(0.0547536,-0.0032950,0.0744055),(0.0550785,-0.0032950,0.0757074),(0.0551580,-0.0032950,0.0757768),(0.0547536,-0.0032950,0.0744055),(0.0551580,-0.0032950,0.0757768),(0.0552398,-0.0032950,0.0758370),(0.0547536,-0.0032950,0.0744055),(0.0552398,-0.0032950,0.0758370),(0.0553240,-0.0032950,0.0758879),(0.0547536,-0.0032950,0.0744055),(0.0553240,-0.0032950,0.0758879),(0.0554106,-0.0032950,0.0759296),(0.0547536,-0.0032950,0.0744055),(0.0554106,-0.0032950,0.0759296),(0.0554994,-0.0032950,0.0759620),(0.0547536,-0.0032950,0.0744055),(0.0554994,-0.0032950,0.0759620),(0.0555907,-0.0032950,0.0759852),(0.0547536,-0.0032950,0.0744055),(0.0555907,-0.0032950,0.0759852),(0.0556843,-0.0032950,0.0759991),(0.0556843,-0.0032950,0.0759991),(0.0557802,-0.0032950,0.0760037),(0.0558688,-0.0032950,0.0760001),(0.0556843,-0.0032950,0.0759991),(0.0558688,-0.0032950,0.0760001),(0.0559543,-0.0032950,0.0759895),(0.0556843,-0.0032950,0.0759991),(0.0559543,-0.0032950,0.0759895),(0.0560366,-0.0032950,0.0759717),(0.0556843,-0.0032950,0.0759991),(0.0560366,-0.0032950,0.0759717),(0.0561157,-0.0032950,0.0759468),(0.0556843,-0.0032950,0.0759991),(0.0561157,-0.0032950,0.0759468),(0.0561916,-0.0032950,0.0759148),(0.0556843,-0.0032950,0.0759991),(0.0561916,-0.0032950,0.0759148),(0.0562644,-0.0032950,0.0758757),(0.0556843,-0.0032950,0.0759991),(0.0562644,-0.0032950,0.0758757),(0.0563340,-0.0032950,0.0758295),(0.0556843,-0.0032950,0.0759991),(0.0563340,-0.0032950,0.0758295),(0.0564004,-0.0032950,0.0757762),(0.0552894,-0.0032950,0.0766771),(0.0552224,-0.0032950,0.0765382),(0.0551394,-0.0032950,0.0764429),(0.0552894,-0.0032950,0.0766771),(0.0551394,-0.0032950,0.0764429),(0.0550235,-0.0032950,0.0763900),(0.0553844,-0.0032950,0.0767975),(0.0552894,-0.0032950,0.0766771),(0.0550235,-0.0032950,0.0763900),(0.0553844,-0.0032950,0.0767975),(0.0550235,-0.0032950,0.0763900),(0.0549475,-0.0032950,0.0764215),(0.0553844,-0.0032950,0.0767975),(0.0549475,-0.0032950,0.0764215),(0.0548867,-0.0032950,0.0764675),(0.0554774,-0.0032950,0.0768762),(0.0553844,-0.0032950,0.0767975),(0.0548867,-0.0032950,0.0764675),(0.0554774,-0.0032950,0.0768762),(0.0548867,-0.0032950,0.0764675),(0.0548107,-0.0032950,0.0766027),(0.0555757,-0.0032950,0.0769324),(0.0554774,-0.0032950,0.0768762),(0.0548107,-0.0032950,0.0766027),(0.0555757,-0.0032950,0.0769324),(0.0548107,-0.0032950,0.0766027),(0.0548171,-0.0032950,0.0766768),(0.0555757,-0.0032950,0.0769324),(0.0548171,-0.0032950,0.0766768),(0.0548662,-0.0032950,0.0767936),(0.0556790,-0.0032950,0.0769661),(0.0555757,-0.0032950,0.0769324),(0.0548662,-0.0032950,0.0767936),(0.0556790,-0.0032950,0.0769661),(0.0548662,-0.0032950,0.0767936),(0.0549277,-0.0032950,0.0769028),(0.0557876,-0.0032950,0.0769774),(0.0556790,-0.0032950,0.0769661),(0.0549277,-0.0032950,0.0769028),(0.0557876,-0.0032950,0.0769774),(0.0549277,-0.0032950,0.0769028),(0.0550016,-0.0032950,0.0770042),(0.0557876,-0.0032950,0.0769774),(0.0550016,-0.0032950,0.0770042),(0.0550880,-0.0032950,0.0770980),(0.0558829,-0.0032950,0.0769654),(0.0557876,-0.0032950,0.0769774),(0.0550880,-0.0032950,0.0770980),(0.0558829,-0.0032950,0.0769654),(0.0550880,-0.0032950,0.0770980),(0.0551647,-0.0032950,0.0771697),(0.0558829,-0.0032950,0.0769654),(0.0551647,-0.0032950,0.0771697),(0.0552445,-0.0032950,0.0772318),(0.0559836,-0.0032950,0.0769295),(0.0558829,-0.0032950,0.0769654),(0.0552445,-0.0032950,0.0772318),(0.0559836,-0.0032950,0.0769295),(0.0552445,-0.0032950,0.0772318),(0.0553273,-0.0032950,0.0772844),(0.0559836,-0.0032950,0.0769295),(0.0553273,-0.0032950,0.0772844),(0.0554132,-0.0032950,0.0773274),(0.0560898,-0.0032950,0.0768696),(0.0559836,-0.0032950,0.0769295),(0.0554132,-0.0032950,0.0773274),(0.0560898,-0.0032950,0.0768696),(0.0554132,-0.0032950,0.0773274),(0.0555022,-0.0032950,0.0773609),(0.0562014,-0.0032950,0.0767858),(0.0560898,-0.0032950,0.0768696),(0.0555022,-0.0032950,0.0773609),(0.0562014,-0.0032950,0.0767858),(0.0555022,-0.0032950,0.0773609),(0.0555942,-0.0032950,0.0773848),(0.0562014,-0.0032950,0.0767858),(0.0555942,-0.0032950,0.0773848),(0.0556894,-0.0032950,0.0773991),(0.0562884,-0.0032950,0.0766895),(0.0562014,-0.0032950,0.0767858),(0.0556894,-0.0032950,0.0773991),(0.0562884,-0.0032950,0.0766895),(0.0556894,-0.0032950,0.0773991),(0.0557876,-0.0032950,0.0774039),(0.0562884,-0.0032950,0.0766895),(0.0557876,-0.0032950,0.0774039),(0.0558727,-0.0032950,0.0773993),(0.0562884,-0.0032950,0.0766895),(0.0558727,-0.0032950,0.0773993),(0.0559582,-0.0032950,0.0773855),(0.0563506,-0.0032950,0.0765625),(0.0562884,-0.0032950,0.0766895),(0.0559582,-0.0032950,0.0773855),(0.0563506,-0.0032950,0.0765625),(0.0559582,-0.0032950,0.0773855),(0.0560442,-0.0032950,0.0773625),(0.0563506,-0.0032950,0.0765625),(0.0560442,-0.0032950,0.0773625),(0.0561305,-0.0032950,0.0773303),(0.0563724,-0.0032950,0.0764875),(0.0563506,-0.0032950,0.0765625),(0.0561305,-0.0032950,0.0773303),(0.0563724,-0.0032950,0.0764875),(0.0561305,-0.0032950,0.0773303),(0.0562172,-0.0032950,0.0772889),(0.0563724,-0.0032950,0.0764875),(0.0562172,-0.0032950,0.0772889),(0.0563043,-0.0032950,0.0772384),(0.0563879,-0.0032950,0.0764048),(0.0563724,-0.0032950,0.0764875),(0.0563043,-0.0032950,0.0772384),(0.0563973,-0.0032950,0.0763145),(0.0563879,-0.0032950,0.0764048),(0.0563043,-0.0032950,0.0772384),(0.0563973,-0.0032950,0.0763145),(0.0563043,-0.0032950,0.0772384),(0.0563918,-0.0032950,0.0771786),(0.0564004,-0.0032950,0.0762164),(0.0563973,-0.0032950,0.0763145),(0.0563918,-0.0032950,0.0771786),(0.0564004,-0.0032950,0.0762164),(0.0563918,-0.0032950,0.0771786),(0.0564797,-0.0032950,0.0771097),(0.0564004,-0.0032950,0.0757762),(0.0564004,-0.0032950,0.0762164),(0.0564797,-0.0032950,0.0771097),(0.0564004,-0.0032950,0.0757762),(0.0564797,-0.0032950,0.0771097),(0.0565616,-0.0032950,0.0770331),(0.0564004,-0.0032950,0.0757762),(0.0565616,-0.0032950,0.0770331),(0.0566325,-0.0032950,0.0769470),(0.0564004,-0.0032950,0.0757762),(0.0566325,-0.0032950,0.0769470),(0.0566926,-0.0032950,0.0768512),(0.0564004,-0.0032950,0.0757762),(0.0566926,-0.0032950,0.0768512),(0.0567417,-0.0032950,0.0767459),(0.0564004,-0.0032950,0.0757762),(0.0567417,-0.0032950,0.0767459),(0.0567799,-0.0032950,0.0766308),(0.0564004,-0.0032950,0.0757762),(0.0567799,-0.0032950,0.0766308),(0.0568072,-0.0032950,0.0765062),(0.0564004,-0.0032950,0.0757762),(0.0568072,-0.0032950,0.0765062),(0.0568235,-0.0032950,0.0763720),(0.0564004,-0.0032950,0.0757762),(0.0568235,-0.0032950,0.0763720),(0.0568290,-0.0032950,0.0762281),(0.0564004,-0.0032950,0.0757762),(0.0568290,-0.0032950,0.0762281),(0.0568290,-0.0032950,0.0749083),(0.0556843,-0.0032950,0.0759991),(0.0564004,-0.0032950,0.0757762),(0.0568290,-0.0032950,0.0749083),(0.0568290,-0.0032950,0.0749083),(0.0564332,-0.0032950,0.0749147),(0.0564177,-0.0032950,0.0750400),(0.0568290,-0.0032950,0.0749083),(0.0564177,-0.0032950,0.0750400),(0.0563713,-0.0032950,0.0751629),(0.0568290,-0.0032950,0.0749083),(0.0563713,-0.0032950,0.0751629),(0.0562939,-0.0032950,0.0752834),(0.0556843,-0.0032950,0.0759991),(0.0568290,-0.0032950,0.0749083),(0.0562939,-0.0032950,0.0752834),(0.0556843,-0.0032950,0.0759991),(0.0562939,-0.0032950,0.0752834),(0.0561855,-0.0032950,0.0754015),(0.0556843,-0.0032950,0.0759991),(0.0561855,-0.0032950,0.0754015),(0.0560899,-0.0032950,0.0754793),(0.0556843,-0.0032950,0.0759991),(0.0560899,-0.0032950,0.0754793),(0.0559905,-0.0032950,0.0755349),(0.0556843,-0.0032950,0.0759991),(0.0559905,-0.0032950,0.0755349),(0.0558873,-0.0032950,0.0755682),(0.0556843,-0.0032950,0.0759991),(0.0558873,-0.0032950,0.0755682),(0.0557802,-0.0032950,0.0755793),(0.0556843,-0.0032950,0.0759991),(0.0557802,-0.0032950,0.0755793),(0.0556745,-0.0032950,0.0755682),(0.0556843,-0.0032950,0.0759991),(0.0556745,-0.0032950,0.0755682),(0.0555722,-0.0032950,0.0755349),(0.0556843,-0.0032950,0.0759991),(0.0555722,-0.0032950,0.0755349),(0.0554734,-0.0032950,0.0754793),(0.0556843,-0.0032950,0.0759991),(0.0554734,-0.0032950,0.0754793),(0.0553780,-0.0032950,0.0754015),(0.0556843,-0.0032950,0.0759991),(0.0553780,-0.0032950,0.0754015),(0.0552896,-0.0032950,0.0752729),(0.0547536,-0.0032950,0.0744055),(0.0556843,-0.0032950,0.0759991),(0.0552896,-0.0032950,0.0752729),(0.0547536,-0.0032950,0.0744055),(0.0552896,-0.0032950,0.0752729),(0.0552548,-0.0032950,0.0751868),(0.0547536,-0.0032950,0.0744055),(0.0552548,-0.0032950,0.0751868),(0.0552264,-0.0032950,0.0750861),(0.0547536,-0.0032950,0.0744055),(0.0552264,-0.0032950,0.0750861),(0.0552043,-0.0032950,0.0749709),(0.0547536,-0.0032950,0.0744055),(0.0552043,-0.0032950,0.0749709),(0.0551885,-0.0032950,0.0748411),(0.0547536,-0.0032950,0.0744055),(0.0551885,-0.0032950,0.0748411),(0.0551790,-0.0032950,0.0746968),(0.0547536,-0.0032950,0.0744055),(0.0551790,-0.0032950,0.0746968),(0.0551759,-0.0032950,0.0745379),(0.0547536,-0.0032950,0.0744055),(0.0551759,-0.0032950,0.0745379),(0.0551792,-0.0032950,0.0744465),(0.0547536,-0.0032950,0.0744055),(0.0551792,-0.0032950,0.0744465),(0.0551894,-0.0032950,0.0743600),(0.0547536,-0.0032950,0.0744055),(0.0551894,-0.0032950,0.0743600),(0.0552062,-0.0032950,0.0742785),(0.0547536,-0.0032950,0.0744055),(0.0552062,-0.0032950,0.0742785),(0.0552298,-0.0032950,0.0742019),(0.0547536,-0.0032950,0.0744055),(0.0552298,-0.0032950,0.0742019),(0.0552973,-0.0032950,0.0740636),(0.0547536,-0.0032950,0.0744055),(0.0552973,-0.0032950,0.0740636),(0.0553918,-0.0032950,0.0739452),(0.0547536,-0.0032950,0.0744055),(0.0553918,-0.0032950,0.0739452),(0.0554831,-0.0032950,0.0738693),(0.0564322,-0.0032950,0.0748245),(0.0564332,-0.0032950,0.0749147),(0.0568290,-0.0032950,0.0749083),(0.0564295,-0.0032950,0.0747383),(0.0564322,-0.0032950,0.0748245),(0.0568290,-0.0032950,0.0749083),(0.0564183,-0.0032950,0.0745779),(0.0564295,-0.0032950,0.0747383),(0.0568290,-0.0032950,0.0749083),(0.0563997,-0.0032950,0.0744335),(0.0564183,-0.0032950,0.0745779),(0.0568290,-0.0032950,0.0749083),(0.0563736,-0.0032950,0.0743051),(0.0563997,-0.0032950,0.0744335),(0.0568290,-0.0032950,0.0749083),(0.0563402,-0.0032950,0.0741927),(0.0563736,-0.0032950,0.0743051),(0.0568290,-0.0032950,0.0749083),(0.0562992,-0.0032950,0.0740963),(0.0563402,-0.0032950,0.0741927),(0.0568290,-0.0032950,0.0749083),(0.0562509,-0.0032950,0.0740160),(0.0562992,-0.0032950,0.0740963),(0.0568290,-0.0032950,0.0749083),(0.0562509,-0.0032950,0.0740160),(0.0568290,-0.0032950,0.0749083),(0.0568276,-0.0032950,0.0747926),(0.0562509,-0.0032950,0.0740160),(0.0568276,-0.0032950,0.0747926),(0.0568236,-0.0032950,0.0746818),(0.0562509,-0.0032950,0.0740160),(0.0568236,-0.0032950,0.0746818),(0.0568169,-0.0032950,0.0745759),(0.0561950,-0.0032950,0.0739516),(0.0562509,-0.0032950,0.0740160),(0.0568169,-0.0032950,0.0745759),(0.0561950,-0.0032950,0.0739516),(0.0568169,-0.0032950,0.0745759),(0.0568076,-0.0032950,0.0744749),(0.0561950,-0.0032950,0.0739516),(0.0568076,-0.0032950,0.0744749),(0.0567955,-0.0032950,0.0743787),(0.0560980,-0.0032950,0.0738729),(0.0561950,-0.0032950,0.0739516),(0.0567955,-0.0032950,0.0743787),(0.0560980,-0.0032950,0.0738729),(0.0567955,-0.0032950,0.0743787),(0.0567808,-0.0032950,0.0742875),(0.0560980,-0.0032950,0.0738729),(0.0567808,-0.0032950,0.0742875),(0.0567634,-0.0032950,0.0742011),(0.0559974,-0.0032950,0.0738167),(0.0560980,-0.0032950,0.0738729),(0.0567634,-0.0032950,0.0742011),(0.0559974,-0.0032950,0.0738167),(0.0567634,-0.0032950,0.0742011),(0.0567433,-0.0032950,0.0741196),(0.0559974,-0.0032950,0.0738167),(0.0567433,-0.0032950,0.0741196),(0.0567205,-0.0032950,0.0740430),(0.0558932,-0.0032950,0.0737829),(0.0559974,-0.0032950,0.0738167),(0.0567205,-0.0032950,0.0740430),(0.0558932,-0.0032950,0.0737829),(0.0567205,-0.0032950,0.0740430),(0.0566950,-0.0032950,0.0739713),(0.0558932,-0.0032950,0.0737829),(0.0566950,-0.0032950,0.0739713),(0.0566361,-0.0032950,0.0738425),(0.0557855,-0.0032950,0.0737717),(0.0558932,-0.0032950,0.0737829),(0.0566361,-0.0032950,0.0738425),(0.0557855,-0.0032950,0.0737717),(0.0566361,-0.0032950,0.0738425),(0.0565665,-0.0032950,0.0737333),(0.0557855,-0.0032950,0.0737717),(0.0565665,-0.0032950,0.0737333),(0.0564861,-0.0032950,0.0736436),(0.0556799,-0.0032950,0.0737825),(0.0557855,-0.0032950,0.0737717),(0.0564861,-0.0032950,0.0736436),(0.0556799,-0.0032950,0.0737825),(0.0564861,-0.0032950,0.0736436),(0.0564067,-0.0032950,0.0735742),(0.0556799,-0.0032950,0.0737825),(0.0564067,-0.0032950,0.0735742),(0.0563248,-0.0032950,0.0735140),(0.0555791,-0.0032950,0.0738151),(0.0556799,-0.0032950,0.0737825),(0.0563248,-0.0032950,0.0735140),(0.0555791,-0.0032950,0.0738151),(0.0563248,-0.0032950,0.0735140),(0.0562402,-0.0032950,0.0734630),(0.0555791,-0.0032950,0.0738151),(0.0562402,-0.0032950,0.0734630),(0.0561530,-0.0032950,0.0734214),(0.0554831,-0.0032950,0.0738693),(0.0555791,-0.0032950,0.0738151),(0.0561530,-0.0032950,0.0734214),(0.0554831,-0.0032950,0.0738693),(0.0561530,-0.0032950,0.0734214),(0.0560632,-0.0032950,0.0733890),(0.0547536,-0.0032950,0.0744055),(0.0554831,-0.0032950,0.0738693),(0.0560632,-0.0032950,0.0733890),(0.0547536,-0.0032950,0.0744055),(0.0560632,-0.0032950,0.0733890),(0.0559707,-0.0032950,0.0733658),(0.0547536,-0.0032950,0.0744055),(0.0559707,-0.0032950,0.0733658),(0.0558757,-0.0032950,0.0733519),(0.0547536,-0.0032950,0.0744055),(0.0558757,-0.0032950,0.0733519),(0.0557781,-0.0032950,0.0733473),(0.0547536,-0.0032950,0.0744055),(0.0557781,-0.0032950,0.0733473),(0.0556828,-0.0032950,0.0733520),(0.0547536,-0.0032950,0.0744055),(0.0556828,-0.0032950,0.0733520),(0.0555902,-0.0032950,0.0733661),(0.0547536,-0.0032950,0.0744055),(0.0555902,-0.0032950,0.0733661),(0.0555003,-0.0032950,0.0733897),(0.0547536,-0.0032950,0.0744055),(0.0555003,-0.0032950,0.0733897),(0.0554129,-0.0032950,0.0734227),(0.0547536,-0.0032950,0.0744055),(0.0554129,-0.0032950,0.0734227),(0.0553283,-0.0032950,0.0734651),(0.0547536,-0.0032950,0.0744055),(0.0553283,-0.0032950,0.0734651),(0.0552463,-0.0032950,0.0735169),(0.0547536,-0.0032950,0.0744055),(0.0552463,-0.0032950,0.0735169),(0.0551669,-0.0032950,0.0735782),(0.0547536,-0.0032950,0.0744055),(0.0551669,-0.0032950,0.0735782),(0.0550901,-0.0032950,0.0736489),(0.0547536,-0.0032950,0.0744055),(0.0550901,-0.0032950,0.0736489),(0.0550100,-0.0032950,0.0737371),(0.0547536,-0.0032950,0.0744055),(0.0550100,-0.0032950,0.0737371),(0.0549406,-0.0032950,0.0738320),(0.0547536,-0.0032950,0.0744055),(0.0549406,-0.0032950,0.0738320),(0.0548818,-0.0032950,0.0739335),(0.0547536,-0.0032950,0.0744055),(0.0548818,-0.0032950,0.0739335),(0.0548338,-0.0032950,0.0740416),(0.0547536,-0.0032950,0.0744055),(0.0548338,-0.0032950,0.0740416),(0.0547964,-0.0032950,0.0741562),(0.0547536,-0.0032950,0.0744055),(0.0547964,-0.0032950,0.0741562),(0.0547697,-0.0032950,0.0742776),(0.0578799,-0.0032950,0.0733777),(0.0578069,-0.0032950,0.0732711),(0.0577003,-0.0032950,0.0731981),(0.0578799,-0.0032950,0.0733777),(0.0577003,-0.0032950,0.0731981),(0.0575751,-0.0032950,0.0731737),(0.0578799,-0.0032950,0.0733777),(0.0575751,-0.0032950,0.0731737),(0.0574502,-0.0032950,0.0731981),(0.0578799,-0.0032950,0.0733777),(0.0574502,-0.0032950,0.0731981),(0.0573444,-0.0032950,0.0732711),(0.0578799,-0.0032950,0.0733777),(0.0573444,-0.0032950,0.0732711),(0.0572714,-0.0032950,0.0733777),(0.0578799,-0.0032950,0.0733777),(0.0572714,-0.0032950,0.0733777),(0.0572470,-0.0032950,0.0735029),(0.0578799,-0.0032950,0.0733777),(0.0572470,-0.0032950,0.0735029),(0.0572714,-0.0032950,0.0736280),(0.0578799,-0.0032950,0.0733777),(0.0572714,-0.0032950,0.0736280),(0.0573444,-0.0032950,0.0737346),(0.0578799,-0.0032950,0.0733777),(0.0573444,-0.0032950,0.0737346),(0.0574502,-0.0032950,0.0738077),(0.0578799,-0.0032950,0.0733777),(0.0574502,-0.0032950,0.0738077),(0.0575751,-0.0032950,0.0738320),(0.0578799,-0.0032950,0.0733777),(0.0575751,-0.0032950,0.0738320),(0.0577003,-0.0032950,0.0738077),(0.0578799,-0.0032950,0.0733777),(0.0577003,-0.0032950,0.0738077),(0.0578069,-0.0032950,0.0737346),(0.0578799,-0.0032950,0.0733777),(0.0578069,-0.0032950,0.0737346),(0.0578799,-0.0032950,0.0736280),(0.0578799,-0.0032950,0.0733777),(0.0578799,-0.0032950,0.0736280),(0.0579043,-0.0032950,0.0735029),(0.0585263,-0.0032950,0.0777405),(0.0597975,-0.0032950,0.0748449),(0.0570432,-0.0032950,0.0763987)));
#6718=COMPLEX_TRIANGULATED_SURFACE_SET('surface set',#6717,1065,(),(),(),((1,2,3),(4,5,6),(7,8,9),(10,11,12),(13,14,15),(16,17,18),(19,20,21),(22,23,24),(25,26,27),(28,29,30),(31,32,33),(34,35,36),(37,38,39),(40,41,42),(43,44,45),(46,47,48),(49,50,51),(52,53,54),(55,56,57),(58,59,60),(61,62,63),(64,65,66),(67,68,69),(70,71,72),(73,74,75),(76,77,78),(79,80,81),(82,83,84),(85,86,87),(88,89,90),(91,92,93),(94,95,96),(97,98,99),(100,101,102),(103,104,105),(106,107,108),(109,110,111),(112,113,114),(115,116,117),(118,119,120),(121,122,123),(124,125,126),(127,128,129),(130,131,132),(133,134,135),(136,137,138),(139,140,141),(142,143,144),(145,146,147),(148,149,150),(151,152,153),(154,155,156),(157,158,159),(160,161,162),(163,164,165),(166,167,168),(169,170,171),(172,173,174),(175,176,177),(178,179,180),(181,182,183),(184,185,186),(187,188,189),(190,191,192),(193,194,195),(196,197,198),(199,200,201),(202,203,204),(205,206,207),(208,209,210),(211,212,213),(214,215,216),(217,218,219),(220,221,222),(223,224,225),(226,227,228),(229,230,231),(232,233,234),(235,236,237),(238,239,240),(241,242,243),(244,245,246),(247,248,249),(250,251,252),(253,254,255),(256,257,258),(259,260,261),(262,263,264),(265,266,267),(268,269,270),(271,272,273),(274,275,276),(277,278,279),(280,281,282),(283,284,285),(286,287,288),(289,290,291),(292,293,294),(295,296,297),(298,299,300),(301,302,303),(304,305,306),(307,308,309),(310,311,312),(313,314,315),(316,317,318),(319,320,321),(322,323,324),(325,326,327),(328,329,330),(331,332,333),(334,335,336),(337,338,339),(340,341,342),(343,344,345),(346,347,348),(349,350,351),(352,353,354),(355,356,357),(358,359,360),(361,362,363),(364,365,366),(367,368,369),(370,371,372),(373,374,375),(376,377,378),(379,380,381),(382,383,384),(385,386,387),(388,389,390),(391,392,393),(394,395,396),(397,398,399),(400,401,402),(403,404,405),(406,407,408),(409,410,411),(412,413,414),(415,416,417),(418,419,420),(421,422,423),(424,425,426),(427,428,429),(430,431,432),(433,434,435),(436,437,438),(439,440,441),(442,443,444),(445,446,447),(448,449,450),(451,452,453),(454,455,456),(457,458,459),(460,461,462),(463,464,465),(466,467,468),(469,470,471),(472,473,474),(475,476,477),(478,479,480),(481,482,483),(484,485,486),(487,488,489),(490,491,492),(493,494,495),(496,497,498),(499,500,501),(502,503,504),(505,506,507),(508,509,510),(511,512,513),(514,515,516),(517,518,519),(520,521,522),(523,524,525),(526,527,528),(529,530,531),(532,533,534),(535,536,537),(538,539,540),(541,542,543),(544,545,546),(547,548,549),(550,551,552),(553,554,555),(556,557,558),(559,560,561),(562,563,564),(565,566,567),(568,569,570),(571,572,573),(574,575,576),(577,578,579),(580,581,582),(583,584,585),(586,587,588),(589,590,591),(592,593,594),(595,596,597),(598,599,600),(601,602,603),(604,605,606),(607,608,609),(610,611,612),(613,614,615),(616,617,618),(619,620,621),(622,623,624),(625,626,627),(628,629,630),(631,632,633),(634,635,636),(637,638,639),(640,641,642),(643,644,645),(646,647,648),(649,650,651),(652,653,654),(655,656,657),(658,659,660),(661,662,663),(664,665,666),(667,668,669),(670,671,672),(673,674,675),(676,677,678),(679,680,681),(682,683,684),(685,686,687),(688,689,690),(691,692,693),(694,695,696),(697,698,699),(700,701,702),(703,704,705),(706,707,708),(709,710,711),(712,713,714),(715,716,717),(718,719,720),(721,722,723),(724,725,726),(727,728,729),(730,731,732),(733,734,735),(736,737,738),(739,740,741),(742,743,744),(745,746,747),(748,749,750),(751,752,753),(754,755,756),(757,758,759),(760,761,762),(763,764,765),(766,767,768),(769,770,771),(772,773,774),(775,776,777),(778,779,780),(781,782,783),(784,785,786),(787,788,789),(790,791,792),(793,794,795),(796,797,798),(799,800,801),(802,803,804),(805,806,807),(808,809,810),(811,812,813),(814,815,816),(817,818,819),(820,821,822),(823,824,825),(826,827,828),(829,830,831),(832,833,834),(835,836,837),(838,839,840),(841,842,843),(844,845,846),(847,848,849),(850,851,852),(853,854,855),(856,857,858),(859,860,861),(862,863,864),(865,866,867),(868,869,870),(871,872,873),(874,875,876),(877,878,879),(880,881,882),(883,884,885),(886,887,888),(889,890,891),(892,893,894),(895,896,897),(898,899,900),(901,902,903),(904,905,906),(907,908,909),(910,911,912),(913,914,915),(916,917,918),(919,920,921),(922,923,924),(925,926,927),(928,929,930),(931,932,933),(934,935,936),(937,938,939),(940,941,942),(943,944,945),(946,947,948),(949,950,951),(952,953,954),(955,956,957),(958,959,960),(961,962,963),(964,965,966),(967,968,969),(970,971,972),(973,974,975),(976,977,978),(979,980,981),(982,983,984),(985,986,987),(988,989,990),(991,992,993),(994,995,996),(997,998,999),(1000,1001,1002),(1003,1004,1005),(1006,1007,1008),(1009,1010,1011),(1012,1013,1014),(1015,1016,1017),(1018,1019,1020),(1021,1022,1023),(1024,1025,1026),(1027,1028,1029),(1030,1031,1032),(1033,1034,1035),(1036,1037,1038),(1039,1040,1041),(1042,1043,1044),(1045,1046,1047),(1048,1049,1050),(1051,1052,1053),(1054,1055,1056),(1057,1058,1059),(1060,1061,1062),(1063,1064,1065)));
#6719=TESSELLATED_GEOMETRIC_SET('radial dimension',(#6718));
#6720=COORDINATES_LIST('coordinates',2,((0.0597975,-0.0032950,0.0748449),(0.0593949,-0.0032950,0.0752899)));
#6721=TESSELLATED_CURVE_SET('curve set',#6720,((1,2)));
#6722=TESSELLATED_GEOMETRIC_SET('radial dimension',(#6721));
#6723=TESSELLATED_ANNOTATION_OCCURRENCE('radial dimension',(#6716),#6719);
#6724=TESSELLATED_ANNOTATION_OCCURRENCE('radial dimension',(#6716),#6722);
#6725=DRAUGHTING_CALLOUT('radial dimension',(#6723,#6724));
#6726=DRAUGHTING_MODEL_ITEM_ASSOCIATION('','',#6670,#6712,#6725);
#6727=DRAUGHTING_MODEL_ITEM_ASSOCIATION('','',#6686,#6712,#6725);
ENDSEC;
END-ISO-10303-21;
