ISO-10303-21;
HEADER;
/*Generated by software containing ST-Developer
 * from STEP Tools, Inc. (www.steptools.com) 
 */
/*OPTION: using custom renumber hook */
/*description */
/*implementation_level */
FILE_DESCRIPTION(('STEP AP242 Edition 2','STEP AP242 Edition 2''CAx-IF Rec.Pracs.---Representation and Presentation of Product Manufa
cturing Information (PMI)---4.0---2014-10-13','STEP AP242 Edition 2''CAx-IF Rec.Pracs.---Representation and Presentation of Product Manufa
cturing Information (PMI)---4.0---2014-10-13''CAx-IF Rec.Pracs.---3D Tessellated Geometry---0.4---2014-09-14','STEP AP242 Edition 2''CAx-IF Rec.Pracs.---Representation and Presentation of Product Manufa
cturing Information (PMI)---4.0---2014-10-13''CAx-IF Rec.Pracs.---3D Tessellated Geometry---0.4---2014-09-14''2;1','STEP AP242 Edition 2''CAx-IF Rec.Pracs.---Representation and Presentation of Product Manufa
cturing Information (PMI)---4.0---2014-10-13''CAx-IF Rec.Pracs.---3D Tessellated Geometry---0.4---2014-09-14''2;1''CAx-IF Rec.Pracs.---User Defined Attributes---1.5---2016-08-15'),'2;1');
/*name */
/*time_stamp */
/*author */
/*organization */
/*preprocessor_version */
/*originating_system */
/*authorisation */
FILE_NAME('/vol/tmp/translate-9789483610237665993/TokenHolder.step','2026-09-04T20:32:41',(''),(''),'ST-DEVELOPER v20','ONSHAPE BY PTC INC, 1.220','  ');
FILE_SCHEMA(('AP242_MANAGED_MODEL_BASED_3D_ENGINEERING_MIM_LF { 1 0 10303 442 3 1 4 }'));
ENDSEC;
DATA;
#10=SHAPE_REPRESENTATION_RELATIONSHIP('','',#4377,#11);
#11=ADVANCED_BREP_SHAPE_REPRESENTATION('',(#4375),#7369);
#12=B_SPLINE_SURFACE_WITH_KNOTS('',3,1,((#6698,#6699),(#6700,#6701),(#6702,
#6703),(#6704,#6705)),.SURF_OF_LINEAR_EXTRUSION.,.F.,.F.,.F.,(4,4),(2,2),(0.,1.),(0.,1.),.PIECEWISE_BEZIER_KNOTS.);
#13=B_SPLINE_SURFACE_WITH_KNOTS('',3,1,((#6707,#6708),(#6709,#6710),(#6711,
#6712),(#6713,#6714)),.SURF_OF_LINEAR_EXTRUSION.,.F.,.F.,.F.,(4,4),(2,2),(0.,1.),(0.,1.),.PIECEWISE_BEZIER_KNOTS.);
#14=B_SPLINE_SURFACE_WITH_KNOTS('',3,1,((#6718,#6719),(#6720,#6721),(#6722,
#6723),(#6724,#6725)),.SURF_OF_LINEAR_EXTRUSION.,.F.,.F.,.F.,(4,4),(2,2),(0.,1.),(0.,1.),.PIECEWISE_BEZIER_KNOTS.);
#15=B_SPLINE_SURFACE_WITH_KNOTS('',3,1,((#6727,#6728),(#6729,#6730),(#6731,
#6732),(#6733,#6734)),.SURF_OF_LINEAR_EXTRUSION.,.F.,.F.,.F.,(4,4),(2,2),(0.,1.),(0.,1.),.PIECEWISE_BEZIER_KNOTS.);
#16=B_SPLINE_SURFACE_WITH_KNOTS('',3,1,((#6787,#6788),(#6789,#6790),(#6791,
#6792),(#6793,#6794)),.SURF_OF_LINEAR_EXTRUSION.,.F.,.F.,.F.,(4,4),(2,2),(0.,1.),(0.,1.),.PIECEWISE_BEZIER_KNOTS.);
#17=B_SPLINE_SURFACE_WITH_KNOTS('',3,1,((#6796,#6797),(#6798,#6799),(#6800,
#6801),(#6802,#6803)),.SURF_OF_LINEAR_EXTRUSION.,.F.,.F.,.F.,(4,4),(2,2),(0.,1.),(0.,1.),.PIECEWISE_BEZIER_KNOTS.);
#18=B_SPLINE_SURFACE_WITH_KNOTS('',3,1,((#6807,#6808),(#6809,#6810),(#6811,
#6812),(#6813,#6814)),.SURF_OF_LINEAR_EXTRUSION.,.F.,.F.,.F.,(4,4),(2,2),(0.,1.),(0.,1.),.PIECEWISE_BEZIER_KNOTS.);
#19=B_SPLINE_SURFACE_WITH_KNOTS('',3,1,((#6816,#6817),(#6818,#6819),(#6820,
#6821),(#6822,#6823)),.SURF_OF_LINEAR_EXTRUSION.,.F.,.F.,.F.,(4,4),(2,2),(0.,1.),(0.,1.),.PIECEWISE_BEZIER_KNOTS.);
#20=B_SPLINE_SURFACE_WITH_KNOTS('',3,1,((#6856,#6857),(#6858,#6859),(#6860,
#6861),(#6862,#6863)),.SURF_OF_LINEAR_EXTRUSION.,.F.,.F.,.F.,(4,4),(2,2),(0.,1.),(0.,1.),.PIECEWISE_BEZIER_KNOTS.);
#21=TOROIDAL_SURFACE('',#4500,0.007,0.0005);
#22=TOROIDAL_SURFACE('',#4501,0.007,0.0005);
#23=ELLIPSE('',#4492,0.000848528137423857,0.0006);
#24=ELLIPSE('',#4494,0.000848528137423857,0.0006);
#25=ELLIPSE('',#4496,0.000848528137423857,0.0006);
#26=ELLIPSE('',#4498,0.000848528137423857,0.0006);
#27=CYLINDRICAL_SURFACE('',#4482,0.0075);
#28=CYLINDRICAL_SURFACE('',#4491,0.0006);
#29=CYLINDRICAL_SURFACE('',#4493,0.0006);
#30=CYLINDRICAL_SURFACE('',#4495,0.0006);
#31=CYLINDRICAL_SURFACE('',#4497,0.0006);
#32=CYLINDRICAL_SURFACE('',#4499,0.0006);
#33=CYLINDRICAL_SURFACE('',#4502,0.001);
#34=CYLINDRICAL_SURFACE('',#4514,0.00176210315840803);
#35=CYLINDRICAL_SURFACE('',#4515,0.00176210315840813);
#36=CYLINDRICAL_SURFACE('',#4520,0.00158040095422303);
#37=CYLINDRICAL_SURFACE('',#4522,0.00158040095422307);
#38=CYLINDRICAL_SURFACE('',#4529,0.00176210315840777);
#39=CYLINDRICAL_SURFACE('',#4530,0.00176210315840819);
#40=CYLINDRICAL_SURFACE('',#4535,0.00158040095422294);
#41=CYLINDRICAL_SURFACE('',#4537,0.00158040095421891);
#42=CYLINDRICAL_SURFACE('',#4543,0.00166841252638788);
#43=CYLINDRICAL_SURFACE('',#4547,0.000135743078427763);
#44=CYLINDRICAL_SURFACE('',#4548,0.000140437798389925);
#45=CYLINDRICAL_SURFACE('',#4566,0.00182930045811407);
#46=CYLINDRICAL_SURFACE('',#4567,0.00182930045811313);
#47=CYLINDRICAL_SURFACE('',#4570,0.00013574307843119);
#48=CYLINDRICAL_SURFACE('',#4572,0.000140437798389865);
#49=CYLINDRICAL_SURFACE('',#4577,0.000138811969424275);
#50=CYLINDRICAL_SURFACE('',#4579,0.00187664260826765);
#51=CYLINDRICAL_SURFACE('',#4580,0.00187664260827015);
#52=CYLINDRICAL_SURFACE('',#4581,0.0016606716608283);
#53=CYLINDRICAL_SURFACE('',#4583,0.0016028525392573);
#54=CYLINDRICAL_SURFACE('',#4584,0.00160285253925676);
#55=CYLINDRICAL_SURFACE('',#4586,0.000138811969424196);
#56=CYLINDRICAL_SURFACE('',#4588,0.00166067166082552);
#57=CYLINDRICAL_SURFACE('',#4621,0.00167595171696134);
#58=CYLINDRICAL_SURFACE('',#4622,0.00173780004524561);
#59=CYLINDRICAL_SURFACE('',#4626,0.000138811969424349);
#60=CYLINDRICAL_SURFACE('',#4627,0.000138811969424619);
#61=CYLINDRICAL_SURFACE('',#4629,0.000138811969424676);
#62=CYLINDRICAL_SURFACE('',#4630,0.000138811969426714);
#63=CYLINDRICAL_SURFACE('',#4632,0.00158190357093159);
#64=CYLINDRICAL_SURFACE('',#4633,0.0017069008054163);
#65=CYLINDRICAL_SURFACE('',#4634,0.0015915776640839);
#66=CYLINDRICAL_SURFACE('',#4636,0.00160458859074647);
#67=CYLINDRICAL_SURFACE('',#4637,0.00157400206814247);
#68=CYLINDRICAL_SURFACE('',#4641,0.000138811969424746);
#69=CYLINDRICAL_SURFACE('',#4642,0.000138811969425042);
#70=CYLINDRICAL_SURFACE('',#4644,0.000138811969426672);
#71=CYLINDRICAL_SURFACE('',#4645,0.00013881196942432);
#72=CYLINDRICAL_SURFACE('',#4647,0.000135743078427686);
#73=CYLINDRICAL_SURFACE('',#4648,0.000140437798389768);
#74=CYLINDRICAL_SURFACE('',#4650,0.00158301498751551);
#75=CYLINDRICAL_SURFACE('',#4651,0.00173780004524512);
#76=CYLINDRICAL_SURFACE('',#4652,0.00157754980920682);
#77=CYLINDRICAL_SURFACE('',#4699,0.0017540759634759);
#78=CYLINDRICAL_SURFACE('',#4700,0.00175144185804619);
#79=CYLINDRICAL_SURFACE('',#4701,0.00175144185804632);
#80=CYLINDRICAL_SURFACE('',#4702,0.00175407596347597);
#81=CYLINDRICAL_SURFACE('',#4703,0.00158535295753103);
#82=CYLINDRICAL_SURFACE('',#4705,0.00160769931174639);
#83=CYLINDRICAL_SURFACE('',#4706,0.00175144185804456);
#84=CYLINDRICAL_SURFACE('',#4707,0.00158190357092812);
#85=CYLINDRICAL_SURFACE('',#4709,0.000152922291016117);
#86=CYLINDRICAL_SURFACE('',#4710,0.000118467315476881);
#87=CYLINDRICAL_SURFACE('',#4712,0.000138811969425337);
#88=CYLINDRICAL_SURFACE('',#4713,0.000138811969426966);
#89=CYLINDRICAL_SURFACE('',#4715,0.000138811969426953);
#90=CYLINDRICAL_SURFACE('',#4716,0.00013881196942465);
#91=CYLINDRICAL_SURFACE('',#4720,0.00158535295753089);
#92=CYLINDRICAL_SURFACE('',#4721,0.00158535295753687);
#93=CYLINDRICAL_SURFACE('',#4723,0.00160769931174754);
#94=CYLINDRICAL_SURFACE('',#4724,0.00174881484636254);
#95=CYLINDRICAL_SURFACE('',#4725,0.00158674967710899);
#96=CYLINDRICAL_SURFACE('',#4727,0.000152922291016134);
#97=CYLINDRICAL_SURFACE('',#4728,0.000118467315476963);
#98=CYLINDRICAL_SURFACE('',#4730,0.00013881196942496);
#99=CYLINDRICAL_SURFACE('',#4731,0.000138811969424782);
#100=CYLINDRICAL_SURFACE('',#4733,0.000138811969426939);
#101=CYLINDRICAL_SURFACE('',#4734,0.000138811969426986);
#102=CYLINDRICAL_SURFACE('',#4738,0.00158535295753666);
#103=CYLINDRICAL_SURFACE('',#4746,0.00178730042137345);
#104=CYLINDRICAL_SURFACE('',#4749,0.000135743078431107);
#105=CYLINDRICAL_SURFACE('',#4750,0.000140437798387605);
#106=CYLINDRICAL_SURFACE('',#4751,0.00155306001722036);
#107=B_SPLINE_CURVE_WITH_KNOTS('',2,(#6411,#6412,#6413),.UNSPECIFIED.,.F.,.F.,(3,3),(0.,1.),.PIECEWISE_BEZIER_KNOTS.);
#108=B_SPLINE_CURVE_WITH_KNOTS('',2,(#6435,#6436,#6437),.UNSPECIFIED.,.F.,.F.,(3,3),(0.,1.),.PIECEWISE_BEZIER_KNOTS.);
#109=B_SPLINE_CURVE_WITH_KNOTS('',2,(#6439,#6440,#6441),.UNSPECIFIED.,.F.,.F.,(3,3),(0.,1.),.PIECEWISE_BEZIER_KNOTS.);
#110=B_SPLINE_CURVE_WITH_KNOTS('',2,(#6445,#6446,#6447),.UNSPECIFIED.,.F.,.F.,(3,3),(0.,1.),.PIECEWISE_BEZIER_KNOTS.);
#111=B_SPLINE_CURVE_WITH_KNOTS('',2,(#6449,#6450,#6451),.UNSPECIFIED.,.F.,.F.,(3,3),(0.,1.),.PIECEWISE_BEZIER_KNOTS.);
#112=B_SPLINE_CURVE_WITH_KNOTS('',2,(#6470,#6471,#6472),.UNSPECIFIED.,.F.,.F.,(3,3),(0.,1.),.PIECEWISE_BEZIER_KNOTS.);
#113=B_SPLINE_CURVE_WITH_KNOTS('',2,(#6474,#6475,#6476),.UNSPECIFIED.,.F.,.F.,(3,3),(0.,1.),.PIECEWISE_BEZIER_KNOTS.);
#114=B_SPLINE_CURVE_WITH_KNOTS('',2,(#6480,#6481,#6482),.UNSPECIFIED.,.F.,.F.,(3,3),(0.,1.),.PIECEWISE_BEZIER_KNOTS.);
#115=B_SPLINE_CURVE_WITH_KNOTS('',2,(#6484,#6485,#6486),.UNSPECIFIED.,.F.,.F.,(3,3),(0.,1.),.PIECEWISE_BEZIER_KNOTS.);
#116=B_SPLINE_CURVE_WITH_KNOTS('',3,(#6595,#6596,#6597,#6598),.UNSPECIFIED.,.F.,.F.,(4,4),(0.,0.000312722121376045),.UNSPECIFIED.);
#117=B_SPLINE_CURVE_WITH_KNOTS('',3,(#6602,#6603,#6604,#6605),.UNSPECIFIED.,.F.,.F.,(4,4),(0.000625806367837518,0.00093790968239147),.UNSPECIFIED.);
#118=B_SPLINE_CURVE_WITH_KNOTS('',3,(#6618,#6619,#6620,#6621),.UNSPECIFIED.,.F.,.F.,(4,4),(0.,0.000638411545163985),.UNSPECIFIED.);
#119=B_SPLINE_CURVE_WITH_KNOTS('',3,(#6625,#6626,#6627,#6628),.UNSPECIFIED.,.F.,.F.,(4,4),(0.,0.000637776870269152),.UNSPECIFIED.);
#120=B_SPLINE_CURVE_WITH_KNOTS('',2,(#6671,#6672,#6673),.UNSPECIFIED.,.F.,.F.,(3,3),(0.,1.),.PIECEWISE_BEZIER_KNOTS.);
#121=B_SPLINE_CURVE_WITH_KNOTS('',2,(#6675,#6676,#6677),.UNSPECIFIED.,.F.,.F.,(3,3),(0.,1.),.PIECEWISE_BEZIER_KNOTS.);
#122=B_SPLINE_CURVE_WITH_KNOTS('',2,(#6681,#6682,#6683),.UNSPECIFIED.,.F.,.F.,(3,3),(0.,1.),.PIECEWISE_BEZIER_KNOTS.);
#123=B_SPLINE_CURVE_WITH_KNOTS('',2,(#6685,#6686,#6687),.UNSPECIFIED.,.F.,.F.,(3,3),(0.,1.),.PIECEWISE_BEZIER_KNOTS.);
#124=B_SPLINE_CURVE_WITH_KNOTS('',2,(#6760,#6761,#6762),.UNSPECIFIED.,.F.,.F.,(3,3),(0.,1.),.PIECEWISE_BEZIER_KNOTS.);
#125=B_SPLINE_CURVE_WITH_KNOTS('',2,(#6764,#6765,#6766),.UNSPECIFIED.,.F.,.F.,(3,3),(0.,1.),.PIECEWISE_BEZIER_KNOTS.);
#126=B_SPLINE_CURVE_WITH_KNOTS('',2,(#6770,#6771,#6772),.UNSPECIFIED.,.F.,.F.,(3,3),(0.,1.),.PIECEWISE_BEZIER_KNOTS.);
#127=B_SPLINE_CURVE_WITH_KNOTS('',2,(#6774,#6775,#6776),.UNSPECIFIED.,.F.,.F.,(3,3),(0.,1.),.PIECEWISE_BEZIER_KNOTS.);
#128=B_SPLINE_CURVE_WITH_KNOTS('',2,(#6845,#6846,#6847),.UNSPECIFIED.,.F.,.F.,(3,3),(0.,1.),.PIECEWISE_BEZIER_KNOTS.);
#129=CIRCLE('',#4380,0.007);
#130=CIRCLE('',#4383,0.00175144185804632);
#131=CIRCLE('',#4384,0.00158535295753666);
#132=CIRCLE('',#4385,0.000138811969426986);
#133=CIRCLE('',#4386,0.000138811969426939);
#134=CIRCLE('',#4387,0.000138811969424782);
#135=CIRCLE('',#4388,0.00013881196942496);
#136=CIRCLE('',#4389,0.000118467315476963);
#137=CIRCLE('',#4390,0.000152922291016134);
#138=CIRCLE('',#4391,0.00158674967710899);
#139=CIRCLE('',#4392,0.00174881484636254);
#140=CIRCLE('',#4393,0.00160769931174754);
#141=CIRCLE('',#4394,0.00158535295753687);
#142=CIRCLE('',#4395,0.00175144185804619);
#143=CIRCLE('',#4399,0.00158535295753103);
#144=CIRCLE('',#4400,0.00175407596347597);
#145=CIRCLE('',#4401,0.00178730042137345);
#146=CIRCLE('',#4402,0.00155306001722036);
#147=CIRCLE('',#4403,0.0017540759634759);
#148=CIRCLE('',#4404,0.00158535295753089);
#149=CIRCLE('',#4405,0.00013881196942465);
#150=CIRCLE('',#4406,0.000138811969426953);
#151=CIRCLE('',#4407,0.000138811969426966);
#152=CIRCLE('',#4408,0.000138811969425337);
#153=CIRCLE('',#4409,0.000118467315476881);
#154=CIRCLE('',#4410,0.000152922291016117);
#155=CIRCLE('',#4411,0.00158190357092812);
#156=CIRCLE('',#4412,0.00175144185804456);
#157=CIRCLE('',#4413,0.00160769931174639);
#158=CIRCLE('',#4415,0.00167595171696134);
#159=CIRCLE('',#4416,0.00160458859074647);
#160=CIRCLE('',#4417,0.0015915776640839);
#161=CIRCLE('',#4418,0.0017069008054163);
#162=CIRCLE('',#4419,0.00158190357093159);
#163=CIRCLE('',#4420,0.000138811969426714);
#164=CIRCLE('',#4421,0.000138811969424676);
#165=CIRCLE('',#4422,0.000138811969424619);
#166=CIRCLE('',#4423,0.000138811969424349);
#167=CIRCLE('',#4425,0.00157754980920682);
#168=CIRCLE('',#4426,0.00173780004524512);
#169=CIRCLE('',#4427,0.00158301498751551);
#170=CIRCLE('',#4428,0.000140437798389768);
#171=CIRCLE('',#4429,0.000135743078427686);
#172=CIRCLE('',#4430,0.00013881196942432);
#173=CIRCLE('',#4431,0.000138811969426672);
#174=CIRCLE('',#4432,0.000138811969425042);
#175=CIRCLE('',#4433,0.000138811969424746);
#176=CIRCLE('',#4434,0.00157400206814247);
#177=CIRCLE('',#4435,0.00173780004524561);
#178=CIRCLE('',#4437,0.00182930045811407);
#179=CIRCLE('',#4438,0.0016028525392573);
#180=CIRCLE('',#4439,0.0016606716608283);
#181=CIRCLE('',#4440,0.00187664260827015);
#182=CIRCLE('',#4444,0.00187664260826765);
#183=CIRCLE('',#4445,0.00166067166082552);
#184=CIRCLE('',#4446,0.00160285253925676);
#185=CIRCLE('',#4447,0.00182930045811313);
#186=CIRCLE('',#4448,0.00166841252638788);
#187=CIRCLE('',#4450,0.000140437798389925);
#188=CIRCLE('',#4451,0.000135743078427763);
#189=CIRCLE('',#4453,0.00176210315840819);
#190=CIRCLE('',#4454,0.00158040095421891);
#191=CIRCLE('',#4455,0.00158040095422294);
#192=CIRCLE('',#4456,0.00176210315840777);
#193=CIRCLE('',#4458,0.00176210315840813);
#194=CIRCLE('',#4459,0.00158040095422307);
#195=CIRCLE('',#4460,0.00158040095422303);
#196=CIRCLE('',#4461,0.00176210315840803);
#197=CIRCLE('',#4463,0.000140437798387605);
#198=CIRCLE('',#4464,0.000135743078431107);
#199=CIRCLE('',#4467,0.0074);
#200=CIRCLE('',#4468,0.0074);
#201=CIRCLE('',#4469,0.001);
#202=CIRCLE('',#4471,0.001);
#203=CIRCLE('',#4477,0.0005);
#204=CIRCLE('',#4478,0.0005);
#205=CIRCLE('',#4480,0.0005);
#206=CIRCLE('',#4481,0.0005);
#207=CIRCLE('',#4483,0.0075);
#208=CIRCLE('',#4484,0.0075);
#209=CIRCLE('',#4486,0.007);
#210=CIRCLE('',#4510,0.00176210315840803);
#211=CIRCLE('',#4511,0.00158040095422303);
#212=CIRCLE('',#4512,0.00158040095422307);
#213=CIRCLE('',#4513,0.00176210315840813);
#214=CIRCLE('',#4525,0.00176210315840777);
#215=CIRCLE('',#4526,0.00158040095422294);
#216=CIRCLE('',#4527,0.00158040095421891);
#217=CIRCLE('',#4528,0.00176210315840819);
#218=CIRCLE('',#4540,0.000135743078427763);
#219=CIRCLE('',#4541,0.000140437798389925);
#220=CIRCLE('',#4542,0.00166841252638788);
#221=CIRCLE('',#4554,0.00013574307843119);
#222=CIRCLE('',#4555,0.000140437798389865);
#223=CIRCLE('',#4556,0.000138811969424275);
#224=CIRCLE('',#4557,0.000138811969424196);
#225=CIRCLE('',#4558,0.00182930045811313);
#226=CIRCLE('',#4559,0.00160285253925676);
#227=CIRCLE('',#4560,0.00166067166082552);
#228=CIRCLE('',#4561,0.00187664260826765);
#229=CIRCLE('',#4562,0.00187664260827015);
#230=CIRCLE('',#4563,0.0016606716608283);
#231=CIRCLE('',#4564,0.0016028525392573);
#232=CIRCLE('',#4565,0.00182930045811407);
#233=CIRCLE('',#4571,0.00013574307843119);
#234=CIRCLE('',#4573,0.000140437798389865);
#235=CIRCLE('',#4578,0.000138811969424275);
#236=CIRCLE('',#4587,0.000138811969424196);
#237=CIRCLE('',#4601,0.00173780004524561);
#238=CIRCLE('',#4602,0.00157400206814247);
#239=CIRCLE('',#4603,0.000138811969424746);
#240=CIRCLE('',#4604,0.000138811969425042);
#241=CIRCLE('',#4605,0.000138811969426672);
#242=CIRCLE('',#4606,0.00013881196942432);
#243=CIRCLE('',#4607,0.000135743078427686);
#244=CIRCLE('',#4608,0.000140437798389768);
#245=CIRCLE('',#4609,0.00158301498751551);
#246=CIRCLE('',#4610,0.00173780004524512);
#247=CIRCLE('',#4611,0.00157754980920682);
#248=CIRCLE('',#4612,0.000138811969424349);
#249=CIRCLE('',#4613,0.000138811969424619);
#250=CIRCLE('',#4614,0.000138811969424676);
#251=CIRCLE('',#4615,0.000138811969426714);
#252=CIRCLE('',#4616,0.00158190357093159);
#253=CIRCLE('',#4617,0.0017069008054163);
#254=CIRCLE('',#4618,0.0015915776640839);
#255=CIRCLE('',#4619,0.00160458859074647);
#256=CIRCLE('',#4620,0.00167595171696134);
#257=CIRCLE('',#4673,0.00175144185804619);
#258=CIRCLE('',#4674,0.00158535295753687);
#259=CIRCLE('',#4675,0.00160769931174754);
#260=CIRCLE('',#4676,0.00174881484636254);
#261=CIRCLE('',#4677,0.00158674967710899);
#262=CIRCLE('',#4678,0.000152922291016134);
#263=CIRCLE('',#4679,0.000118467315476963);
#264=CIRCLE('',#4680,0.00013881196942496);
#265=CIRCLE('',#4681,0.000138811969424782);
#266=CIRCLE('',#4682,0.000138811969426939);
#267=CIRCLE('',#4683,0.000138811969426986);
#268=CIRCLE('',#4684,0.00158535295753666);
#269=CIRCLE('',#4685,0.00175144185804632);
#270=CIRCLE('',#4686,0.00175407596347597);
#271=CIRCLE('',#4687,0.00158535295753103);
#272=CIRCLE('',#4688,0.00160769931174639);
#273=CIRCLE('',#4689,0.00175144185804456);
#274=CIRCLE('',#4690,0.00158190357092812);
#275=CIRCLE('',#4691,0.000152922291016117);
#276=CIRCLE('',#4692,0.000118467315476881);
#277=CIRCLE('',#4693,0.000138811969425337);
#278=CIRCLE('',#4694,0.000138811969426966);
#279=CIRCLE('',#4695,0.000138811969426953);
#280=CIRCLE('',#4696,0.00013881196942465);
#281=CIRCLE('',#4697,0.00158535295753089);
#282=CIRCLE('',#4698,0.0017540759634759);
#283=CIRCLE('',#4742,0.00155306001722036);
#284=CIRCLE('',#4743,0.00178730042137345);
#285=CIRCLE('',#4744,0.000135743078431107);
#286=CIRCLE('',#4745,0.000140437798387605);
#287=ORIENTED_EDGE('',*,*,#1575,.F.);
#288=ORIENTED_EDGE('',*,*,#1576,.T.);
#289=ORIENTED_EDGE('',*,*,#1577,.F.);
#290=ORIENTED_EDGE('',*,*,#1578,.F.);
#291=ORIENTED_EDGE('',*,*,#1579,.T.);
#292=ORIENTED_EDGE('',*,*,#1580,.F.);
#293=ORIENTED_EDGE('',*,*,#1581,.T.);
#294=ORIENTED_EDGE('',*,*,#1582,.T.);
#295=ORIENTED_EDGE('',*,*,#1583,.F.);
#296=ORIENTED_EDGE('',*,*,#1584,.F.);
#297=ORIENTED_EDGE('',*,*,#1585,.F.);
#298=ORIENTED_EDGE('',*,*,#1586,.T.);
#299=ORIENTED_EDGE('',*,*,#1587,.F.);
#300=ORIENTED_EDGE('',*,*,#1588,.F.);
#301=ORIENTED_EDGE('',*,*,#1589,.F.);
#302=ORIENTED_EDGE('',*,*,#1590,.T.);
#303=ORIENTED_EDGE('',*,*,#1591,.F.);
#304=ORIENTED_EDGE('',*,*,#1592,.F.);
#305=ORIENTED_EDGE('',*,*,#1593,.F.);
#306=ORIENTED_EDGE('',*,*,#1594,.T.);
#307=ORIENTED_EDGE('',*,*,#1595,.F.);
#308=ORIENTED_EDGE('',*,*,#1596,.F.);
#309=ORIENTED_EDGE('',*,*,#1597,.F.);
#310=ORIENTED_EDGE('',*,*,#1598,.T.);
#311=ORIENTED_EDGE('',*,*,#1599,.F.);
#312=ORIENTED_EDGE('',*,*,#1600,.F.);
#313=ORIENTED_EDGE('',*,*,#1601,.F.);
#314=ORIENTED_EDGE('',*,*,#1602,.T.);
#315=ORIENTED_EDGE('',*,*,#1603,.F.);
#316=ORIENTED_EDGE('',*,*,#1604,.F.);
#317=ORIENTED_EDGE('',*,*,#1605,.F.);
#318=ORIENTED_EDGE('',*,*,#1606,.T.);
#319=ORIENTED_EDGE('',*,*,#1607,.F.);
#320=ORIENTED_EDGE('',*,*,#1608,.F.);
#321=ORIENTED_EDGE('',*,*,#1609,.F.);
#322=ORIENTED_EDGE('',*,*,#1610,.T.);
#323=ORIENTED_EDGE('',*,*,#1611,.F.);
#324=ORIENTED_EDGE('',*,*,#1612,.F.);
#325=ORIENTED_EDGE('',*,*,#1613,.F.);
#326=ORIENTED_EDGE('',*,*,#1614,.T.);
#327=ORIENTED_EDGE('',*,*,#1615,.F.);
#328=ORIENTED_EDGE('',*,*,#1616,.F.);
#329=ORIENTED_EDGE('',*,*,#1617,.F.);
#330=ORIENTED_EDGE('',*,*,#1618,.T.);
#331=ORIENTED_EDGE('',*,*,#1619,.F.);
#332=ORIENTED_EDGE('',*,*,#1620,.F.);
#333=ORIENTED_EDGE('',*,*,#1621,.F.);
#334=ORIENTED_EDGE('',*,*,#1622,.T.);
#335=ORIENTED_EDGE('',*,*,#1623,.F.);
#336=ORIENTED_EDGE('',*,*,#1624,.F.);
#337=ORIENTED_EDGE('',*,*,#1625,.F.);
#338=ORIENTED_EDGE('',*,*,#1626,.T.);
#339=ORIENTED_EDGE('',*,*,#1627,.F.);
#340=ORIENTED_EDGE('',*,*,#1628,.F.);
#341=ORIENTED_EDGE('',*,*,#1629,.T.);
#342=ORIENTED_EDGE('',*,*,#1630,.T.);
#343=ORIENTED_EDGE('',*,*,#1631,.F.);
#344=ORIENTED_EDGE('',*,*,#1632,.T.);
#345=ORIENTED_EDGE('',*,*,#1633,.T.);
#346=ORIENTED_EDGE('',*,*,#1634,.T.);
#347=ORIENTED_EDGE('',*,*,#1635,.F.);
#348=ORIENTED_EDGE('',*,*,#1636,.T.);
#349=ORIENTED_EDGE('',*,*,#1637,.T.);
#350=ORIENTED_EDGE('',*,*,#1638,.T.);
#351=ORIENTED_EDGE('',*,*,#1639,.F.);
#352=ORIENTED_EDGE('',*,*,#1640,.T.);
#353=ORIENTED_EDGE('',*,*,#1641,.T.);
#354=ORIENTED_EDGE('',*,*,#1642,.T.);
#355=ORIENTED_EDGE('',*,*,#1643,.F.);
#356=ORIENTED_EDGE('',*,*,#1644,.T.);
#357=ORIENTED_EDGE('',*,*,#1645,.T.);
#358=ORIENTED_EDGE('',*,*,#1646,.T.);
#359=ORIENTED_EDGE('',*,*,#1647,.F.);
#360=ORIENTED_EDGE('',*,*,#1648,.T.);
#361=ORIENTED_EDGE('',*,*,#1649,.T.);
#362=ORIENTED_EDGE('',*,*,#1650,.T.);
#363=ORIENTED_EDGE('',*,*,#1651,.F.);
#364=ORIENTED_EDGE('',*,*,#1652,.T.);
#365=ORIENTED_EDGE('',*,*,#1653,.T.);
#366=ORIENTED_EDGE('',*,*,#1654,.T.);
#367=ORIENTED_EDGE('',*,*,#1655,.F.);
#368=ORIENTED_EDGE('',*,*,#1656,.T.);
#369=ORIENTED_EDGE('',*,*,#1657,.T.);
#370=ORIENTED_EDGE('',*,*,#1658,.T.);
#371=ORIENTED_EDGE('',*,*,#1659,.F.);
#372=ORIENTED_EDGE('',*,*,#1660,.T.);
#373=ORIENTED_EDGE('',*,*,#1661,.T.);
#374=ORIENTED_EDGE('',*,*,#1662,.T.);
#375=ORIENTED_EDGE('',*,*,#1663,.F.);
#376=ORIENTED_EDGE('',*,*,#1664,.T.);
#377=ORIENTED_EDGE('',*,*,#1665,.T.);
#378=ORIENTED_EDGE('',*,*,#1666,.T.);
#379=ORIENTED_EDGE('',*,*,#1667,.F.);
#380=ORIENTED_EDGE('',*,*,#1668,.T.);
#381=ORIENTED_EDGE('',*,*,#1669,.T.);
#382=ORIENTED_EDGE('',*,*,#1670,.T.);
#383=ORIENTED_EDGE('',*,*,#1671,.F.);
#384=ORIENTED_EDGE('',*,*,#1672,.T.);
#385=ORIENTED_EDGE('',*,*,#1673,.T.);
#386=ORIENTED_EDGE('',*,*,#1674,.T.);
#387=ORIENTED_EDGE('',*,*,#1675,.F.);
#388=ORIENTED_EDGE('',*,*,#1676,.T.);
#389=ORIENTED_EDGE('',*,*,#1677,.T.);
#390=ORIENTED_EDGE('',*,*,#1678,.T.);
#391=ORIENTED_EDGE('',*,*,#1679,.F.);
#392=ORIENTED_EDGE('',*,*,#1680,.T.);
#393=ORIENTED_EDGE('',*,*,#1681,.T.);
#394=ORIENTED_EDGE('',*,*,#1682,.T.);
#395=ORIENTED_EDGE('',*,*,#1683,.F.);
#396=ORIENTED_EDGE('',*,*,#1684,.F.);
#397=ORIENTED_EDGE('',*,*,#1685,.T.);
#398=ORIENTED_EDGE('',*,*,#1686,.T.);
#399=ORIENTED_EDGE('',*,*,#1687,.F.);
#400=ORIENTED_EDGE('',*,*,#1688,.T.);
#401=ORIENTED_EDGE('',*,*,#1635,.T.);
#402=ORIENTED_EDGE('',*,*,#1689,.T.);
#403=ORIENTED_EDGE('',*,*,#1690,.T.);
#404=ORIENTED_EDGE('',*,*,#1691,.T.);
#405=ORIENTED_EDGE('',*,*,#1692,.T.);
#406=ORIENTED_EDGE('',*,*,#1693,.T.);
#407=ORIENTED_EDGE('',*,*,#1694,.T.);
#408=ORIENTED_EDGE('',*,*,#1695,.T.);
#409=ORIENTED_EDGE('',*,*,#1696,.T.);
#410=ORIENTED_EDGE('',*,*,#1697,.T.);
#411=ORIENTED_EDGE('',*,*,#1698,.T.);
#412=ORIENTED_EDGE('',*,*,#1699,.T.);
#413=ORIENTED_EDGE('',*,*,#1700,.T.);
#414=ORIENTED_EDGE('',*,*,#1701,.T.);
#415=ORIENTED_EDGE('',*,*,#1702,.T.);
#416=ORIENTED_EDGE('',*,*,#1703,.T.);
#417=ORIENTED_EDGE('',*,*,#1704,.T.);
#418=ORIENTED_EDGE('',*,*,#1705,.T.);
#419=ORIENTED_EDGE('',*,*,#1706,.T.);
#420=ORIENTED_EDGE('',*,*,#1707,.T.);
#421=ORIENTED_EDGE('',*,*,#1708,.T.);
#422=ORIENTED_EDGE('',*,*,#1622,.F.);
#423=ORIENTED_EDGE('',*,*,#1709,.T.);
#424=ORIENTED_EDGE('',*,*,#1639,.T.);
#425=ORIENTED_EDGE('',*,*,#1710,.T.);
#426=ORIENTED_EDGE('',*,*,#1711,.T.);
#427=ORIENTED_EDGE('',*,*,#1712,.T.);
#428=ORIENTED_EDGE('',*,*,#1713,.T.);
#429=ORIENTED_EDGE('',*,*,#1714,.T.);
#430=ORIENTED_EDGE('',*,*,#1715,.T.);
#431=ORIENTED_EDGE('',*,*,#1716,.T.);
#432=ORIENTED_EDGE('',*,*,#1647,.T.);
#433=ORIENTED_EDGE('',*,*,#1717,.T.);
#434=ORIENTED_EDGE('',*,*,#1614,.F.);
#435=ORIENTED_EDGE('',*,*,#1718,.T.);
#436=ORIENTED_EDGE('',*,*,#1719,.T.);
#437=ORIENTED_EDGE('',*,*,#1720,.T.);
#438=ORIENTED_EDGE('',*,*,#1643,.T.);
#439=ORIENTED_EDGE('',*,*,#1721,.T.);
#440=ORIENTED_EDGE('',*,*,#1722,.T.);
#441=ORIENTED_EDGE('',*,*,#1723,.T.);
#442=ORIENTED_EDGE('',*,*,#1724,.T.);
#443=ORIENTED_EDGE('',*,*,#1631,.T.);
#444=ORIENTED_EDGE('',*,*,#1725,.T.);
#445=ORIENTED_EDGE('',*,*,#1726,.T.);
#446=ORIENTED_EDGE('',*,*,#1727,.T.);
#447=ORIENTED_EDGE('',*,*,#1626,.F.);
#448=ORIENTED_EDGE('',*,*,#1728,.T.);
#449=ORIENTED_EDGE('',*,*,#1729,.T.);
#450=ORIENTED_EDGE('',*,*,#1730,.T.);
#451=ORIENTED_EDGE('',*,*,#1731,.T.);
#452=ORIENTED_EDGE('',*,*,#1732,.T.);
#453=ORIENTED_EDGE('',*,*,#1733,.T.);
#454=ORIENTED_EDGE('',*,*,#1734,.T.);
#455=ORIENTED_EDGE('',*,*,#1735,.T.);
#456=ORIENTED_EDGE('',*,*,#1736,.T.);
#457=ORIENTED_EDGE('',*,*,#1737,.T.);
#458=ORIENTED_EDGE('',*,*,#1738,.T.);
#459=ORIENTED_EDGE('',*,*,#1739,.T.);
#460=ORIENTED_EDGE('',*,*,#1740,.T.);
#461=ORIENTED_EDGE('',*,*,#1741,.T.);
#462=ORIENTED_EDGE('',*,*,#1742,.T.);
#463=ORIENTED_EDGE('',*,*,#1743,.T.);
#464=ORIENTED_EDGE('',*,*,#1744,.T.);
#465=ORIENTED_EDGE('',*,*,#1745,.T.);
#466=ORIENTED_EDGE('',*,*,#1651,.T.);
#467=ORIENTED_EDGE('',*,*,#1746,.T.);
#468=ORIENTED_EDGE('',*,*,#1747,.T.);
#469=ORIENTED_EDGE('',*,*,#1748,.T.);
#470=ORIENTED_EDGE('',*,*,#1749,.T.);
#471=ORIENTED_EDGE('',*,*,#1610,.F.);
#472=ORIENTED_EDGE('',*,*,#1750,.T.);
#473=ORIENTED_EDGE('',*,*,#1751,.T.);
#474=ORIENTED_EDGE('',*,*,#1752,.T.);
#475=ORIENTED_EDGE('',*,*,#1753,.T.);
#476=ORIENTED_EDGE('',*,*,#1754,.T.);
#477=ORIENTED_EDGE('',*,*,#1755,.T.);
#478=ORIENTED_EDGE('',*,*,#1756,.T.);
#479=ORIENTED_EDGE('',*,*,#1757,.T.);
#480=ORIENTED_EDGE('',*,*,#1758,.T.);
#481=ORIENTED_EDGE('',*,*,#1759,.T.);
#482=ORIENTED_EDGE('',*,*,#1760,.T.);
#483=ORIENTED_EDGE('',*,*,#1761,.T.);
#484=ORIENTED_EDGE('',*,*,#1762,.T.);
#485=ORIENTED_EDGE('',*,*,#1763,.T.);
#486=ORIENTED_EDGE('',*,*,#1655,.T.);
#487=ORIENTED_EDGE('',*,*,#1764,.T.);
#488=ORIENTED_EDGE('',*,*,#1765,.T.);
#489=ORIENTED_EDGE('',*,*,#1766,.T.);
#490=ORIENTED_EDGE('',*,*,#1767,.T.);
#491=ORIENTED_EDGE('',*,*,#1768,.T.);
#492=ORIENTED_EDGE('',*,*,#1769,.T.);
#493=ORIENTED_EDGE('',*,*,#1770,.T.);
#494=ORIENTED_EDGE('',*,*,#1771,.T.);
#495=ORIENTED_EDGE('',*,*,#1772,.T.);
#496=ORIENTED_EDGE('',*,*,#1773,.T.);
#497=ORIENTED_EDGE('',*,*,#1774,.T.);
#498=ORIENTED_EDGE('',*,*,#1775,.T.);
#499=ORIENTED_EDGE('',*,*,#1776,.T.);
#500=ORIENTED_EDGE('',*,*,#1777,.T.);
#501=ORIENTED_EDGE('',*,*,#1778,.T.);
#502=ORIENTED_EDGE('',*,*,#1779,.T.);
#503=ORIENTED_EDGE('',*,*,#1780,.T.);
#504=ORIENTED_EDGE('',*,*,#1781,.T.);
#505=ORIENTED_EDGE('',*,*,#1606,.F.);
#506=ORIENTED_EDGE('',*,*,#1782,.T.);
#507=ORIENTED_EDGE('',*,*,#1663,.T.);
#508=ORIENTED_EDGE('',*,*,#1783,.T.);
#509=ORIENTED_EDGE('',*,*,#1598,.F.);
#510=ORIENTED_EDGE('',*,*,#1784,.T.);
#511=ORIENTED_EDGE('',*,*,#1785,.T.);
#512=ORIENTED_EDGE('',*,*,#1786,.T.);
#513=ORIENTED_EDGE('',*,*,#1787,.T.);
#514=ORIENTED_EDGE('',*,*,#1788,.T.);
#515=ORIENTED_EDGE('',*,*,#1789,.T.);
#516=ORIENTED_EDGE('',*,*,#1790,.T.);
#517=ORIENTED_EDGE('',*,*,#1659,.T.);
#518=ORIENTED_EDGE('',*,*,#1791,.T.);
#519=ORIENTED_EDGE('',*,*,#1792,.T.);
#520=ORIENTED_EDGE('',*,*,#1793,.T.);
#521=ORIENTED_EDGE('',*,*,#1794,.T.);
#522=ORIENTED_EDGE('',*,*,#1618,.F.);
#523=ORIENTED_EDGE('',*,*,#1667,.T.);
#524=ORIENTED_EDGE('',*,*,#1795,.T.);
#525=ORIENTED_EDGE('',*,*,#1796,.T.);
#526=ORIENTED_EDGE('',*,*,#1797,.T.);
#527=ORIENTED_EDGE('',*,*,#1798,.T.);
#528=ORIENTED_EDGE('',*,*,#1799,.T.);
#529=ORIENTED_EDGE('',*,*,#1594,.F.);
#530=ORIENTED_EDGE('',*,*,#1800,.T.);
#531=ORIENTED_EDGE('',*,*,#1801,.T.);
#532=ORIENTED_EDGE('',*,*,#1802,.T.);
#533=ORIENTED_EDGE('',*,*,#1671,.T.);
#534=ORIENTED_EDGE('',*,*,#1803,.T.);
#535=ORIENTED_EDGE('',*,*,#1804,.T.);
#536=ORIENTED_EDGE('',*,*,#1805,.T.);
#537=ORIENTED_EDGE('',*,*,#1675,.T.);
#538=ORIENTED_EDGE('',*,*,#1806,.T.);
#539=ORIENTED_EDGE('',*,*,#1807,.T.);
#540=ORIENTED_EDGE('',*,*,#1808,.T.);
#541=ORIENTED_EDGE('',*,*,#1809,.T.);
#542=ORIENTED_EDGE('',*,*,#1810,.T.);
#543=ORIENTED_EDGE('',*,*,#1590,.F.);
#544=ORIENTED_EDGE('',*,*,#1811,.T.);
#545=ORIENTED_EDGE('',*,*,#1812,.T.);
#546=ORIENTED_EDGE('',*,*,#1813,.T.);
#547=ORIENTED_EDGE('',*,*,#1814,.T.);
#548=ORIENTED_EDGE('',*,*,#1815,.T.);
#549=ORIENTED_EDGE('',*,*,#1816,.T.);
#550=ORIENTED_EDGE('',*,*,#1817,.T.);
#551=ORIENTED_EDGE('',*,*,#1818,.T.);
#552=ORIENTED_EDGE('',*,*,#1819,.T.);
#553=ORIENTED_EDGE('',*,*,#1679,.T.);
#554=ORIENTED_EDGE('',*,*,#1820,.T.);
#555=ORIENTED_EDGE('',*,*,#1821,.T.);
#556=ORIENTED_EDGE('',*,*,#1822,.T.);
#557=ORIENTED_EDGE('',*,*,#1823,.T.);
#558=ORIENTED_EDGE('',*,*,#1824,.T.);
#559=ORIENTED_EDGE('',*,*,#1586,.F.);
#560=ORIENTED_EDGE('',*,*,#1825,.T.);
#561=ORIENTED_EDGE('',*,*,#1826,.T.);
#562=ORIENTED_EDGE('',*,*,#1827,.T.);
#563=ORIENTED_EDGE('',*,*,#1828,.T.);
#564=ORIENTED_EDGE('',*,*,#1829,.T.);
#565=ORIENTED_EDGE('',*,*,#1830,.T.);
#566=ORIENTED_EDGE('',*,*,#1831,.T.);
#567=ORIENTED_EDGE('',*,*,#1832,.T.);
#568=ORIENTED_EDGE('',*,*,#1833,.T.);
#569=ORIENTED_EDGE('',*,*,#1683,.T.);
#570=ORIENTED_EDGE('',*,*,#1834,.T.);
#571=ORIENTED_EDGE('',*,*,#1835,.T.);
#572=ORIENTED_EDGE('',*,*,#1836,.T.);
#573=ORIENTED_EDGE('',*,*,#1837,.T.);
#574=ORIENTED_EDGE('',*,*,#1838,.T.);
#575=ORIENTED_EDGE('',*,*,#1582,.F.);
#576=ORIENTED_EDGE('',*,*,#1839,.T.);
#577=ORIENTED_EDGE('',*,*,#1840,.T.);
#578=ORIENTED_EDGE('',*,*,#1841,.T.);
#579=ORIENTED_EDGE('',*,*,#1687,.T.);
#580=ORIENTED_EDGE('',*,*,#1842,.F.);
#581=ORIENTED_EDGE('',*,*,#1576,.F.);
#582=ORIENTED_EDGE('',*,*,#1843,.T.);
#583=ORIENTED_EDGE('',*,*,#1844,.T.);
#584=ORIENTED_EDGE('',*,*,#1845,.T.);
#585=ORIENTED_EDGE('',*,*,#1846,.T.);
#586=ORIENTED_EDGE('',*,*,#1847,.T.);
#587=ORIENTED_EDGE('',*,*,#1602,.F.);
#588=ORIENTED_EDGE('',*,*,#1848,.T.);
#589=ORIENTED_EDGE('',*,*,#1849,.T.);
#590=ORIENTED_EDGE('',*,*,#1850,.T.);
#591=ORIENTED_EDGE('',*,*,#1851,.T.);
#592=ORIENTED_EDGE('',*,*,#1852,.T.);
#593=ORIENTED_EDGE('',*,*,#1853,.T.);
#594=ORIENTED_EDGE('',*,*,#1854,.F.);
#595=ORIENTED_EDGE('',*,*,#1855,.T.);
#596=ORIENTED_EDGE('',*,*,#1856,.T.);
#597=ORIENTED_EDGE('',*,*,#1857,.F.);
#598=ORIENTED_EDGE('',*,*,#1858,.F.);
#599=ORIENTED_EDGE('',*,*,#1859,.F.);
#600=ORIENTED_EDGE('',*,*,#1860,.F.);
#601=ORIENTED_EDGE('',*,*,#1861,.T.);
#602=ORIENTED_EDGE('',*,*,#1862,.T.);
#603=ORIENTED_EDGE('',*,*,#1863,.T.);
#604=ORIENTED_EDGE('',*,*,#1864,.F.);
#605=ORIENTED_EDGE('',*,*,#1865,.T.);
#606=ORIENTED_EDGE('',*,*,#1866,.T.);
#607=ORIENTED_EDGE('',*,*,#1867,.T.);
#608=ORIENTED_EDGE('',*,*,#1854,.T.);
#609=ORIENTED_EDGE('',*,*,#1868,.T.);
#610=ORIENTED_EDGE('',*,*,#1867,.F.);
#611=ORIENTED_EDGE('',*,*,#1869,.F.);
#612=ORIENTED_EDGE('',*,*,#1870,.F.);
#613=ORIENTED_EDGE('',*,*,#1858,.T.);
#614=ORIENTED_EDGE('',*,*,#1871,.T.);
#615=ORIENTED_EDGE('',*,*,#1863,.F.);
#616=ORIENTED_EDGE('',*,*,#1842,.T.);
#617=ORIENTED_EDGE('',*,*,#1686,.F.);
#618=ORIENTED_EDGE('',*,*,#1872,.F.);
#619=ORIENTED_EDGE('',*,*,#1577,.T.);
#620=ORIENTED_EDGE('',*,*,#1839,.F.);
#621=ORIENTED_EDGE('',*,*,#1581,.F.);
#622=ORIENTED_EDGE('',*,*,#1873,.T.);
#623=ORIENTED_EDGE('',*,*,#1684,.T.);
#624=ORIENTED_EDGE('',*,*,#1874,.F.);
#625=ORIENTED_EDGE('',*,*,#1875,.T.);
#626=ORIENTED_EDGE('',*,*,#1876,.T.);
#627=ORIENTED_EDGE('',*,*,#1877,.T.);
#628=ORIENTED_EDGE('',*,*,#1878,.T.);
#629=ORIENTED_EDGE('',*,*,#1879,.T.);
#630=ORIENTED_EDGE('',*,*,#1880,.T.);
#631=ORIENTED_EDGE('',*,*,#1881,.T.);
#632=ORIENTED_EDGE('',*,*,#1578,.T.);
#633=ORIENTED_EDGE('',*,*,#1872,.T.);
#634=ORIENTED_EDGE('',*,*,#1685,.F.);
#635=ORIENTED_EDGE('',*,*,#1873,.F.);
#636=ORIENTED_EDGE('',*,*,#1580,.T.);
#637=ORIENTED_EDGE('',*,*,#1882,.T.);
#638=ORIENTED_EDGE('',*,*,#1850,.F.);
#639=ORIENTED_EDGE('',*,*,#1883,.T.);
#640=ORIENTED_EDGE('',*,*,#1884,.T.);
#641=ORIENTED_EDGE('',*,*,#1885,.T.);
#642=ORIENTED_EDGE('',*,*,#1874,.T.);
#643=ORIENTED_EDGE('',*,*,#1886,.T.);
#644=ORIENTED_EDGE('',*,*,#1880,.F.);
#645=ORIENTED_EDGE('',*,*,#1887,.T.);
#646=ORIENTED_EDGE('',*,*,#1888,.T.);
#647=ORIENTED_EDGE('',*,*,#1889,.T.);
#648=ORIENTED_EDGE('',*,*,#1884,.F.);
#649=ORIENTED_EDGE('',*,*,#1890,.T.);
#650=ORIENTED_EDGE('',*,*,#1866,.F.);
#651=ORIENTED_EDGE('',*,*,#1891,.T.);
#652=ORIENTED_EDGE('',*,*,#1855,.F.);
#653=ORIENTED_EDGE('',*,*,#1869,.T.);
#654=ORIENTED_EDGE('',*,*,#1857,.T.);
#655=ORIENTED_EDGE('',*,*,#1892,.T.);
#656=ORIENTED_EDGE('',*,*,#1864,.T.);
#657=ORIENTED_EDGE('',*,*,#1871,.F.);
#658=ORIENTED_EDGE('',*,*,#1853,.F.);
#659=ORIENTED_EDGE('',*,*,#1893,.T.);
#660=ORIENTED_EDGE('',*,*,#1860,.T.);
#661=ORIENTED_EDGE('',*,*,#1868,.F.);
#662=ORIENTED_EDGE('',*,*,#1862,.F.);
#663=ORIENTED_EDGE('',*,*,#1894,.T.);
#664=ORIENTED_EDGE('',*,*,#1859,.T.);
#665=ORIENTED_EDGE('',*,*,#1870,.T.);
#666=ORIENTED_EDGE('',*,*,#1887,.F.);
#667=ORIENTED_EDGE('',*,*,#1879,.F.);
#668=ORIENTED_EDGE('',*,*,#1895,.F.);
#669=ORIENTED_EDGE('',*,*,#1852,.F.);
#670=ORIENTED_EDGE('',*,*,#1896,.T.);
#671=ORIENTED_EDGE('',*,*,#1895,.T.);
#672=ORIENTED_EDGE('',*,*,#1878,.F.);
#673=ORIENTED_EDGE('',*,*,#1897,.F.);
#674=ORIENTED_EDGE('',*,*,#1893,.F.);
#675=ORIENTED_EDGE('',*,*,#1889,.F.);
#676=ORIENTED_EDGE('',*,*,#1898,.T.);
#677=ORIENTED_EDGE('',*,*,#1848,.F.);
#678=ORIENTED_EDGE('',*,*,#1899,.F.);
#679=ORIENTED_EDGE('',*,*,#1875,.F.);
#680=ORIENTED_EDGE('',*,*,#1897,.T.);
#681=ORIENTED_EDGE('',*,*,#1877,.F.);
#682=ORIENTED_EDGE('',*,*,#1900,.F.);
#683=ORIENTED_EDGE('',*,*,#1861,.F.);
#684=ORIENTED_EDGE('',*,*,#1899,.T.);
#685=ORIENTED_EDGE('',*,*,#1894,.F.);
#686=ORIENTED_EDGE('',*,*,#1900,.T.);
#687=ORIENTED_EDGE('',*,*,#1876,.F.);
#688=ORIENTED_EDGE('',*,*,#1881,.F.);
#689=ORIENTED_EDGE('',*,*,#1886,.F.);
#690=ORIENTED_EDGE('',*,*,#1882,.F.);
#691=ORIENTED_EDGE('',*,*,#1579,.F.);
#692=ORIENTED_EDGE('',*,*,#1885,.F.);
#693=ORIENTED_EDGE('',*,*,#1890,.F.);
#694=ORIENTED_EDGE('',*,*,#1883,.F.);
#695=ORIENTED_EDGE('',*,*,#1849,.F.);
#696=ORIENTED_EDGE('',*,*,#1898,.F.);
#697=ORIENTED_EDGE('',*,*,#1888,.F.);
#698=ORIENTED_EDGE('',*,*,#1896,.F.);
#699=ORIENTED_EDGE('',*,*,#1851,.F.);
#700=ORIENTED_EDGE('',*,*,#1892,.F.);
#701=ORIENTED_EDGE('',*,*,#1856,.F.);
#702=ORIENTED_EDGE('',*,*,#1891,.F.);
#703=ORIENTED_EDGE('',*,*,#1865,.F.);
#704=ORIENTED_EDGE('',*,*,#1713,.F.);
#705=ORIENTED_EDGE('',*,*,#1901,.F.);
#706=ORIENTED_EDGE('',*,*,#1902,.T.);
#707=ORIENTED_EDGE('',*,*,#1903,.T.);
#708=ORIENTED_EDGE('',*,*,#1716,.F.);
#709=ORIENTED_EDGE('',*,*,#1904,.F.);
#710=ORIENTED_EDGE('',*,*,#1905,.T.);
#711=ORIENTED_EDGE('',*,*,#1901,.T.);
#712=ORIENTED_EDGE('',*,*,#1715,.F.);
#713=ORIENTED_EDGE('',*,*,#1906,.F.);
#714=ORIENTED_EDGE('',*,*,#1907,.T.);
#715=ORIENTED_EDGE('',*,*,#1904,.T.);
#716=ORIENTED_EDGE('',*,*,#1714,.F.);
#717=ORIENTED_EDGE('',*,*,#1903,.F.);
#718=ORIENTED_EDGE('',*,*,#1908,.T.);
#719=ORIENTED_EDGE('',*,*,#1906,.T.);
#720=ORIENTED_EDGE('',*,*,#1902,.F.);
#721=ORIENTED_EDGE('',*,*,#1905,.F.);
#722=ORIENTED_EDGE('',*,*,#1907,.F.);
#723=ORIENTED_EDGE('',*,*,#1908,.F.);
#724=ORIENTED_EDGE('',*,*,#1585,.T.);
#725=ORIENTED_EDGE('',*,*,#1909,.T.);
#726=ORIENTED_EDGE('',*,*,#1910,.T.);
#727=ORIENTED_EDGE('',*,*,#1825,.F.);
#728=ORIENTED_EDGE('',*,*,#1584,.T.);
#729=ORIENTED_EDGE('',*,*,#1911,.F.);
#730=ORIENTED_EDGE('',*,*,#1912,.F.);
#731=ORIENTED_EDGE('',*,*,#1913,.F.);
#732=ORIENTED_EDGE('',*,*,#1914,.F.);
#733=ORIENTED_EDGE('',*,*,#1915,.F.);
#734=ORIENTED_EDGE('',*,*,#1681,.F.);
#735=ORIENTED_EDGE('',*,*,#1916,.F.);
#736=ORIENTED_EDGE('',*,*,#1917,.F.);
#737=ORIENTED_EDGE('',*,*,#1918,.F.);
#738=ORIENTED_EDGE('',*,*,#1919,.F.);
#739=ORIENTED_EDGE('',*,*,#1920,.F.);
#740=ORIENTED_EDGE('',*,*,#1921,.F.);
#741=ORIENTED_EDGE('',*,*,#1922,.F.);
#742=ORIENTED_EDGE('',*,*,#1923,.F.);
#743=ORIENTED_EDGE('',*,*,#1909,.F.);
#744=ORIENTED_EDGE('',*,*,#1583,.T.);
#745=ORIENTED_EDGE('',*,*,#1838,.F.);
#746=ORIENTED_EDGE('',*,*,#1924,.F.);
#747=ORIENTED_EDGE('',*,*,#1911,.T.);
#748=ORIENTED_EDGE('',*,*,#1915,.T.);
#749=ORIENTED_EDGE('',*,*,#1925,.T.);
#750=ORIENTED_EDGE('',*,*,#1834,.F.);
#751=ORIENTED_EDGE('',*,*,#1682,.F.);
#752=ORIENTED_EDGE('',*,*,#1833,.F.);
#753=ORIENTED_EDGE('',*,*,#1926,.F.);
#754=ORIENTED_EDGE('',*,*,#1916,.T.);
#755=ORIENTED_EDGE('',*,*,#1680,.F.);
#756=ORIENTED_EDGE('',*,*,#1832,.F.);
#757=ORIENTED_EDGE('',*,*,#1927,.F.);
#758=ORIENTED_EDGE('',*,*,#1917,.T.);
#759=ORIENTED_EDGE('',*,*,#1926,.T.);
#760=ORIENTED_EDGE('',*,*,#1831,.F.);
#761=ORIENTED_EDGE('',*,*,#1928,.F.);
#762=ORIENTED_EDGE('',*,*,#1918,.T.);
#763=ORIENTED_EDGE('',*,*,#1927,.T.);
#764=ORIENTED_EDGE('',*,*,#1830,.F.);
#765=ORIENTED_EDGE('',*,*,#1929,.F.);
#766=ORIENTED_EDGE('',*,*,#1919,.T.);
#767=ORIENTED_EDGE('',*,*,#1928,.T.);
#768=ORIENTED_EDGE('',*,*,#1829,.F.);
#769=ORIENTED_EDGE('',*,*,#1930,.F.);
#770=ORIENTED_EDGE('',*,*,#1920,.T.);
#771=ORIENTED_EDGE('',*,*,#1929,.T.);
#772=ORIENTED_EDGE('',*,*,#1828,.F.);
#773=ORIENTED_EDGE('',*,*,#1931,.F.);
#774=ORIENTED_EDGE('',*,*,#1921,.T.);
#775=ORIENTED_EDGE('',*,*,#1930,.T.);
#776=ORIENTED_EDGE('',*,*,#1827,.F.);
#777=ORIENTED_EDGE('',*,*,#1932,.F.);
#778=ORIENTED_EDGE('',*,*,#1922,.T.);
#779=ORIENTED_EDGE('',*,*,#1931,.T.);
#780=ORIENTED_EDGE('',*,*,#1826,.F.);
#781=ORIENTED_EDGE('',*,*,#1910,.F.);
#782=ORIENTED_EDGE('',*,*,#1923,.T.);
#783=ORIENTED_EDGE('',*,*,#1932,.T.);
#784=ORIENTED_EDGE('',*,*,#1837,.F.);
#785=ORIENTED_EDGE('',*,*,#1933,.F.);
#786=ORIENTED_EDGE('',*,*,#1912,.T.);
#787=ORIENTED_EDGE('',*,*,#1924,.T.);
#788=ORIENTED_EDGE('',*,*,#1836,.F.);
#789=ORIENTED_EDGE('',*,*,#1934,.F.);
#790=ORIENTED_EDGE('',*,*,#1913,.T.);
#791=ORIENTED_EDGE('',*,*,#1933,.T.);
#792=ORIENTED_EDGE('',*,*,#1835,.F.);
#793=ORIENTED_EDGE('',*,*,#1925,.F.);
#794=ORIENTED_EDGE('',*,*,#1914,.T.);
#795=ORIENTED_EDGE('',*,*,#1934,.T.);
#796=ORIENTED_EDGE('',*,*,#1589,.T.);
#797=ORIENTED_EDGE('',*,*,#1935,.T.);
#798=ORIENTED_EDGE('',*,*,#1936,.T.);
#799=ORIENTED_EDGE('',*,*,#1811,.F.);
#800=ORIENTED_EDGE('',*,*,#1588,.T.);
#801=ORIENTED_EDGE('',*,*,#1937,.F.);
#802=ORIENTED_EDGE('',*,*,#1938,.F.);
#803=ORIENTED_EDGE('',*,*,#1939,.F.);
#804=ORIENTED_EDGE('',*,*,#1940,.F.);
#805=ORIENTED_EDGE('',*,*,#1941,.F.);
#806=ORIENTED_EDGE('',*,*,#1677,.F.);
#807=ORIENTED_EDGE('',*,*,#1942,.F.);
#808=ORIENTED_EDGE('',*,*,#1943,.F.);
#809=ORIENTED_EDGE('',*,*,#1944,.F.);
#810=ORIENTED_EDGE('',*,*,#1945,.F.);
#811=ORIENTED_EDGE('',*,*,#1946,.F.);
#812=ORIENTED_EDGE('',*,*,#1947,.F.);
#813=ORIENTED_EDGE('',*,*,#1948,.F.);
#814=ORIENTED_EDGE('',*,*,#1949,.F.);
#815=ORIENTED_EDGE('',*,*,#1935,.F.);
#816=ORIENTED_EDGE('',*,*,#1587,.T.);
#817=ORIENTED_EDGE('',*,*,#1824,.F.);
#818=ORIENTED_EDGE('',*,*,#1950,.F.);
#819=ORIENTED_EDGE('',*,*,#1937,.T.);
#820=ORIENTED_EDGE('',*,*,#1941,.T.);
#821=ORIENTED_EDGE('',*,*,#1951,.T.);
#822=ORIENTED_EDGE('',*,*,#1820,.F.);
#823=ORIENTED_EDGE('',*,*,#1678,.F.);
#824=ORIENTED_EDGE('',*,*,#1819,.F.);
#825=ORIENTED_EDGE('',*,*,#1952,.F.);
#826=ORIENTED_EDGE('',*,*,#1942,.T.);
#827=ORIENTED_EDGE('',*,*,#1676,.F.);
#828=ORIENTED_EDGE('',*,*,#1818,.F.);
#829=ORIENTED_EDGE('',*,*,#1953,.F.);
#830=ORIENTED_EDGE('',*,*,#1943,.T.);
#831=ORIENTED_EDGE('',*,*,#1952,.T.);
#832=ORIENTED_EDGE('',*,*,#1817,.F.);
#833=ORIENTED_EDGE('',*,*,#1954,.F.);
#834=ORIENTED_EDGE('',*,*,#1944,.T.);
#835=ORIENTED_EDGE('',*,*,#1953,.T.);
#836=ORIENTED_EDGE('',*,*,#1816,.F.);
#837=ORIENTED_EDGE('',*,*,#1955,.F.);
#838=ORIENTED_EDGE('',*,*,#1945,.T.);
#839=ORIENTED_EDGE('',*,*,#1954,.T.);
#840=ORIENTED_EDGE('',*,*,#1815,.F.);
#841=ORIENTED_EDGE('',*,*,#1956,.F.);
#842=ORIENTED_EDGE('',*,*,#1946,.T.);
#843=ORIENTED_EDGE('',*,*,#1955,.T.);
#844=ORIENTED_EDGE('',*,*,#1814,.F.);
#845=ORIENTED_EDGE('',*,*,#1957,.F.);
#846=ORIENTED_EDGE('',*,*,#1947,.T.);
#847=ORIENTED_EDGE('',*,*,#1956,.T.);
#848=ORIENTED_EDGE('',*,*,#1813,.F.);
#849=ORIENTED_EDGE('',*,*,#1958,.F.);
#850=ORIENTED_EDGE('',*,*,#1948,.T.);
#851=ORIENTED_EDGE('',*,*,#1957,.T.);
#852=ORIENTED_EDGE('',*,*,#1812,.F.);
#853=ORIENTED_EDGE('',*,*,#1936,.F.);
#854=ORIENTED_EDGE('',*,*,#1949,.T.);
#855=ORIENTED_EDGE('',*,*,#1958,.T.);
#856=ORIENTED_EDGE('',*,*,#1823,.F.);
#857=ORIENTED_EDGE('',*,*,#1959,.F.);
#858=ORIENTED_EDGE('',*,*,#1938,.T.);
#859=ORIENTED_EDGE('',*,*,#1950,.T.);
#860=ORIENTED_EDGE('',*,*,#1822,.F.);
#861=ORIENTED_EDGE('',*,*,#1960,.F.);
#862=ORIENTED_EDGE('',*,*,#1939,.T.);
#863=ORIENTED_EDGE('',*,*,#1959,.T.);
#864=ORIENTED_EDGE('',*,*,#1821,.F.);
#865=ORIENTED_EDGE('',*,*,#1951,.F.);
#866=ORIENTED_EDGE('',*,*,#1940,.T.);
#867=ORIENTED_EDGE('',*,*,#1960,.T.);
#868=ORIENTED_EDGE('',*,*,#1591,.T.);
#869=ORIENTED_EDGE('',*,*,#1810,.F.);
#870=ORIENTED_EDGE('',*,*,#1961,.F.);
#871=ORIENTED_EDGE('',*,*,#1962,.T.);
#872=ORIENTED_EDGE('',*,*,#1592,.T.);
#873=ORIENTED_EDGE('',*,*,#1962,.F.);
#874=ORIENTED_EDGE('',*,*,#1963,.F.);
#875=ORIENTED_EDGE('',*,*,#1964,.F.);
#876=ORIENTED_EDGE('',*,*,#1965,.F.);
#877=ORIENTED_EDGE('',*,*,#1966,.F.);
#878=ORIENTED_EDGE('',*,*,#1673,.F.);
#879=ORIENTED_EDGE('',*,*,#1967,.F.);
#880=ORIENTED_EDGE('',*,*,#1968,.F.);
#881=ORIENTED_EDGE('',*,*,#1969,.F.);
#882=ORIENTED_EDGE('',*,*,#1593,.T.);
#883=ORIENTED_EDGE('',*,*,#1969,.T.);
#884=ORIENTED_EDGE('',*,*,#1970,.T.);
#885=ORIENTED_EDGE('',*,*,#1800,.F.);
#886=ORIENTED_EDGE('',*,*,#1966,.T.);
#887=ORIENTED_EDGE('',*,*,#1971,.T.);
#888=ORIENTED_EDGE('',*,*,#1806,.F.);
#889=ORIENTED_EDGE('',*,*,#1674,.F.);
#890=ORIENTED_EDGE('',*,*,#1802,.F.);
#891=ORIENTED_EDGE('',*,*,#1972,.F.);
#892=ORIENTED_EDGE('',*,*,#1967,.T.);
#893=ORIENTED_EDGE('',*,*,#1672,.F.);
#894=ORIENTED_EDGE('',*,*,#1801,.F.);
#895=ORIENTED_EDGE('',*,*,#1970,.F.);
#896=ORIENTED_EDGE('',*,*,#1968,.T.);
#897=ORIENTED_EDGE('',*,*,#1972,.T.);
#898=ORIENTED_EDGE('',*,*,#1809,.F.);
#899=ORIENTED_EDGE('',*,*,#1973,.F.);
#900=ORIENTED_EDGE('',*,*,#1963,.T.);
#901=ORIENTED_EDGE('',*,*,#1961,.T.);
#902=ORIENTED_EDGE('',*,*,#1808,.F.);
#903=ORIENTED_EDGE('',*,*,#1974,.F.);
#904=ORIENTED_EDGE('',*,*,#1964,.T.);
#905=ORIENTED_EDGE('',*,*,#1973,.T.);
#906=ORIENTED_EDGE('',*,*,#1807,.F.);
#907=ORIENTED_EDGE('',*,*,#1971,.F.);
#908=ORIENTED_EDGE('',*,*,#1965,.T.);
#909=ORIENTED_EDGE('',*,*,#1974,.T.);
#910=ORIENTED_EDGE('',*,*,#1975,.T.);
#911=ORIENTED_EDGE('',*,*,#1976,.T.);
#912=ORIENTED_EDGE('',*,*,#1803,.F.);
#913=ORIENTED_EDGE('',*,*,#1670,.F.);
#914=ORIENTED_EDGE('',*,*,#1805,.F.);
#915=ORIENTED_EDGE('',*,*,#1977,.F.);
#916=ORIENTED_EDGE('',*,*,#1978,.T.);
#917=ORIENTED_EDGE('',*,*,#1668,.F.);
#918=ORIENTED_EDGE('',*,*,#1804,.F.);
#919=ORIENTED_EDGE('',*,*,#1976,.F.);
#920=ORIENTED_EDGE('',*,*,#1979,.T.);
#921=ORIENTED_EDGE('',*,*,#1977,.T.);
#922=ORIENTED_EDGE('',*,*,#1978,.F.);
#923=ORIENTED_EDGE('',*,*,#1979,.F.);
#924=ORIENTED_EDGE('',*,*,#1975,.F.);
#925=ORIENTED_EDGE('',*,*,#1669,.F.);
#926=ORIENTED_EDGE('',*,*,#1980,.F.);
#927=ORIENTED_EDGE('',*,*,#1981,.F.);
#928=ORIENTED_EDGE('',*,*,#1982,.F.);
#929=ORIENTED_EDGE('',*,*,#1983,.F.);
#930=ORIENTED_EDGE('',*,*,#1984,.F.);
#931=ORIENTED_EDGE('',*,*,#1985,.F.);
#932=ORIENTED_EDGE('',*,*,#1986,.F.);
#933=ORIENTED_EDGE('',*,*,#1987,.F.);
#934=ORIENTED_EDGE('',*,*,#1988,.F.);
#935=ORIENTED_EDGE('',*,*,#1989,.F.);
#936=ORIENTED_EDGE('',*,*,#1596,.T.);
#937=ORIENTED_EDGE('',*,*,#1990,.F.);
#938=ORIENTED_EDGE('',*,*,#1991,.F.);
#939=ORIENTED_EDGE('',*,*,#1992,.F.);
#940=ORIENTED_EDGE('',*,*,#1993,.F.);
#941=ORIENTED_EDGE('',*,*,#1994,.F.);
#942=ORIENTED_EDGE('',*,*,#1665,.F.);
#943=ORIENTED_EDGE('',*,*,#1995,.F.);
#944=ORIENTED_EDGE('',*,*,#1996,.F.);
#945=ORIENTED_EDGE('',*,*,#1997,.F.);
#946=ORIENTED_EDGE('',*,*,#1998,.F.);
#947=ORIENTED_EDGE('',*,*,#1999,.F.);
#948=ORIENTED_EDGE('',*,*,#1597,.T.);
#949=ORIENTED_EDGE('',*,*,#1999,.T.);
#950=ORIENTED_EDGE('',*,*,#2000,.T.);
#951=ORIENTED_EDGE('',*,*,#1784,.F.);
#952=ORIENTED_EDGE('',*,*,#1595,.T.);
#953=ORIENTED_EDGE('',*,*,#1799,.F.);
#954=ORIENTED_EDGE('',*,*,#2001,.F.);
#955=ORIENTED_EDGE('',*,*,#1990,.T.);
#956=ORIENTED_EDGE('',*,*,#2002,.F.);
#957=ORIENTED_EDGE('',*,*,#2003,.F.);
#958=ORIENTED_EDGE('',*,*,#1980,.T.);
#959=ORIENTED_EDGE('',*,*,#2004,.T.);
#960=ORIENTED_EDGE('',*,*,#2005,.F.);
#961=ORIENTED_EDGE('',*,*,#2006,.F.);
#962=ORIENTED_EDGE('',*,*,#1981,.T.);
#963=ORIENTED_EDGE('',*,*,#2003,.T.);
#964=ORIENTED_EDGE('',*,*,#2007,.F.);
#965=ORIENTED_EDGE('',*,*,#2008,.F.);
#966=ORIENTED_EDGE('',*,*,#1982,.T.);
#967=ORIENTED_EDGE('',*,*,#2006,.T.);
#968=ORIENTED_EDGE('',*,*,#2009,.F.);
#969=ORIENTED_EDGE('',*,*,#2010,.F.);
#970=ORIENTED_EDGE('',*,*,#1983,.T.);
#971=ORIENTED_EDGE('',*,*,#2008,.T.);
#972=ORIENTED_EDGE('',*,*,#2011,.F.);
#973=ORIENTED_EDGE('',*,*,#2012,.F.);
#974=ORIENTED_EDGE('',*,*,#1985,.T.);
#975=ORIENTED_EDGE('',*,*,#2013,.T.);
#976=ORIENTED_EDGE('',*,*,#2014,.F.);
#977=ORIENTED_EDGE('',*,*,#2015,.F.);
#978=ORIENTED_EDGE('',*,*,#1986,.T.);
#979=ORIENTED_EDGE('',*,*,#2012,.T.);
#980=ORIENTED_EDGE('',*,*,#2016,.F.);
#981=ORIENTED_EDGE('',*,*,#2017,.F.);
#982=ORIENTED_EDGE('',*,*,#1987,.T.);
#983=ORIENTED_EDGE('',*,*,#2015,.T.);
#984=ORIENTED_EDGE('',*,*,#2018,.F.);
#985=ORIENTED_EDGE('',*,*,#2019,.F.);
#986=ORIENTED_EDGE('',*,*,#1988,.T.);
#987=ORIENTED_EDGE('',*,*,#2017,.T.);
#988=ORIENTED_EDGE('',*,*,#1994,.T.);
#989=ORIENTED_EDGE('',*,*,#2020,.T.);
#990=ORIENTED_EDGE('',*,*,#1795,.F.);
#991=ORIENTED_EDGE('',*,*,#1666,.F.);
#992=ORIENTED_EDGE('',*,*,#1788,.F.);
#993=ORIENTED_EDGE('',*,*,#2021,.F.);
#994=ORIENTED_EDGE('',*,*,#1995,.T.);
#995=ORIENTED_EDGE('',*,*,#1664,.F.);
#996=ORIENTED_EDGE('',*,*,#1787,.F.);
#997=ORIENTED_EDGE('',*,*,#2022,.F.);
#998=ORIENTED_EDGE('',*,*,#1996,.T.);
#999=ORIENTED_EDGE('',*,*,#2021,.T.);
#1000=ORIENTED_EDGE('',*,*,#1786,.F.);
#1001=ORIENTED_EDGE('',*,*,#2023,.F.);
#1002=ORIENTED_EDGE('',*,*,#1997,.T.);
#1003=ORIENTED_EDGE('',*,*,#2022,.T.);
#1004=ORIENTED_EDGE('',*,*,#1785,.F.);
#1005=ORIENTED_EDGE('',*,*,#2000,.F.);
#1006=ORIENTED_EDGE('',*,*,#1998,.T.);
#1007=ORIENTED_EDGE('',*,*,#2023,.T.);
#1008=ORIENTED_EDGE('',*,*,#1798,.F.);
#1009=ORIENTED_EDGE('',*,*,#2024,.F.);
#1010=ORIENTED_EDGE('',*,*,#1991,.T.);
#1011=ORIENTED_EDGE('',*,*,#2001,.T.);
#1012=ORIENTED_EDGE('',*,*,#1797,.F.);
#1013=ORIENTED_EDGE('',*,*,#2025,.F.);
#1014=ORIENTED_EDGE('',*,*,#1992,.T.);
#1015=ORIENTED_EDGE('',*,*,#2024,.T.);
#1016=ORIENTED_EDGE('',*,*,#2026,.F.);
#1017=ORIENTED_EDGE('',*,*,#2013,.F.);
#1018=ORIENTED_EDGE('',*,*,#1989,.T.);
#1019=ORIENTED_EDGE('',*,*,#2019,.T.);
#1020=ORIENTED_EDGE('',*,*,#1796,.F.);
#1021=ORIENTED_EDGE('',*,*,#2020,.F.);
#1022=ORIENTED_EDGE('',*,*,#1993,.T.);
#1023=ORIENTED_EDGE('',*,*,#2025,.T.);
#1024=ORIENTED_EDGE('',*,*,#2027,.F.);
#1025=ORIENTED_EDGE('',*,*,#2004,.F.);
#1026=ORIENTED_EDGE('',*,*,#1984,.T.);
#1027=ORIENTED_EDGE('',*,*,#2010,.T.);
#1028=ORIENTED_EDGE('',*,*,#2011,.T.);
#1029=ORIENTED_EDGE('',*,*,#2026,.T.);
#1030=ORIENTED_EDGE('',*,*,#2018,.T.);
#1031=ORIENTED_EDGE('',*,*,#2016,.T.);
#1032=ORIENTED_EDGE('',*,*,#2014,.T.);
#1033=ORIENTED_EDGE('',*,*,#1603,.T.);
#1034=ORIENTED_EDGE('',*,*,#1847,.F.);
#1035=ORIENTED_EDGE('',*,*,#2028,.F.);
#1036=ORIENTED_EDGE('',*,*,#2029,.T.);
#1037=ORIENTED_EDGE('',*,*,#1601,.T.);
#1038=ORIENTED_EDGE('',*,*,#2030,.T.);
#1039=ORIENTED_EDGE('',*,*,#2028,.T.);
#1040=ORIENTED_EDGE('',*,*,#1846,.F.);
#1041=ORIENTED_EDGE('',*,*,#1599,.T.);
#1042=ORIENTED_EDGE('',*,*,#1783,.F.);
#1043=ORIENTED_EDGE('',*,*,#1662,.F.);
#1044=ORIENTED_EDGE('',*,*,#2031,.T.);
#1045=ORIENTED_EDGE('',*,*,#1605,.T.);
#1046=ORIENTED_EDGE('',*,*,#2032,.T.);
#1047=ORIENTED_EDGE('',*,*,#1656,.F.);
#1048=ORIENTED_EDGE('',*,*,#1782,.F.);
#1049=ORIENTED_EDGE('',*,*,#1604,.T.);
#1050=ORIENTED_EDGE('',*,*,#2029,.F.);
#1051=ORIENTED_EDGE('',*,*,#2030,.F.);
#1052=ORIENTED_EDGE('',*,*,#1600,.T.);
#1053=ORIENTED_EDGE('',*,*,#2031,.F.);
#1054=ORIENTED_EDGE('',*,*,#1661,.F.);
#1055=ORIENTED_EDGE('',*,*,#2033,.F.);
#1056=ORIENTED_EDGE('',*,*,#2034,.F.);
#1057=ORIENTED_EDGE('',*,*,#2035,.F.);
#1058=ORIENTED_EDGE('',*,*,#2036,.F.);
#1059=ORIENTED_EDGE('',*,*,#1657,.F.);
#1060=ORIENTED_EDGE('',*,*,#2032,.F.);
#1061=ORIENTED_EDGE('',*,*,#1790,.F.);
#1062=ORIENTED_EDGE('',*,*,#2037,.F.);
#1063=ORIENTED_EDGE('',*,*,#2033,.T.);
#1064=ORIENTED_EDGE('',*,*,#1660,.F.);
#1065=ORIENTED_EDGE('',*,*,#1789,.F.);
#1066=ORIENTED_EDGE('',*,*,#2038,.F.);
#1067=ORIENTED_EDGE('',*,*,#2034,.T.);
#1068=ORIENTED_EDGE('',*,*,#2037,.T.);
#1069=ORIENTED_EDGE('',*,*,#1792,.F.);
#1070=ORIENTED_EDGE('',*,*,#2039,.F.);
#1071=ORIENTED_EDGE('',*,*,#2035,.T.);
#1072=ORIENTED_EDGE('',*,*,#2038,.T.);
#1073=ORIENTED_EDGE('',*,*,#2036,.T.);
#1074=ORIENTED_EDGE('',*,*,#2039,.T.);
#1075=ORIENTED_EDGE('',*,*,#1791,.F.);
#1076=ORIENTED_EDGE('',*,*,#1658,.F.);
#1077=ORIENTED_EDGE('',*,*,#1608,.T.);
#1078=ORIENTED_EDGE('',*,*,#2040,.F.);
#1079=ORIENTED_EDGE('',*,*,#2041,.F.);
#1080=ORIENTED_EDGE('',*,*,#2042,.F.);
#1081=ORIENTED_EDGE('',*,*,#2043,.F.);
#1082=ORIENTED_EDGE('',*,*,#2044,.F.);
#1083=ORIENTED_EDGE('',*,*,#2045,.F.);
#1084=ORIENTED_EDGE('',*,*,#2046,.F.);
#1085=ORIENTED_EDGE('',*,*,#2047,.F.);
#1086=ORIENTED_EDGE('',*,*,#2048,.F.);
#1087=ORIENTED_EDGE('',*,*,#2049,.F.);
#1088=ORIENTED_EDGE('',*,*,#2050,.F.);
#1089=ORIENTED_EDGE('',*,*,#2051,.F.);
#1090=ORIENTED_EDGE('',*,*,#2052,.F.);
#1091=ORIENTED_EDGE('',*,*,#2053,.F.);
#1092=ORIENTED_EDGE('',*,*,#2054,.F.);
#1093=ORIENTED_EDGE('',*,*,#2055,.F.);
#1094=ORIENTED_EDGE('',*,*,#2056,.F.);
#1095=ORIENTED_EDGE('',*,*,#2057,.F.);
#1096=ORIENTED_EDGE('',*,*,#1653,.F.);
#1097=ORIENTED_EDGE('',*,*,#2058,.F.);
#1098=ORIENTED_EDGE('',*,*,#2059,.F.);
#1099=ORIENTED_EDGE('',*,*,#2060,.F.);
#1100=ORIENTED_EDGE('',*,*,#2061,.F.);
#1101=ORIENTED_EDGE('',*,*,#2062,.F.);
#1102=ORIENTED_EDGE('',*,*,#2063,.F.);
#1103=ORIENTED_EDGE('',*,*,#2064,.F.);
#1104=ORIENTED_EDGE('',*,*,#2065,.F.);
#1105=ORIENTED_EDGE('',*,*,#2066,.F.);
#1106=ORIENTED_EDGE('',*,*,#2067,.F.);
#1107=ORIENTED_EDGE('',*,*,#2068,.F.);
#1108=ORIENTED_EDGE('',*,*,#2069,.F.);
#1109=ORIENTED_EDGE('',*,*,#2070,.F.);
#1110=ORIENTED_EDGE('',*,*,#2071,.F.);
#1111=ORIENTED_EDGE('',*,*,#1609,.T.);
#1112=ORIENTED_EDGE('',*,*,#2071,.T.);
#1113=ORIENTED_EDGE('',*,*,#2072,.T.);
#1114=ORIENTED_EDGE('',*,*,#1750,.F.);
#1115=ORIENTED_EDGE('',*,*,#1607,.T.);
#1116=ORIENTED_EDGE('',*,*,#1781,.F.);
#1117=ORIENTED_EDGE('',*,*,#2073,.F.);
#1118=ORIENTED_EDGE('',*,*,#2040,.T.);
#1119=ORIENTED_EDGE('',*,*,#2057,.T.);
#1120=ORIENTED_EDGE('',*,*,#2074,.T.);
#1121=ORIENTED_EDGE('',*,*,#1764,.F.);
#1122=ORIENTED_EDGE('',*,*,#1654,.F.);
#1123=ORIENTED_EDGE('',*,*,#1763,.F.);
#1124=ORIENTED_EDGE('',*,*,#2075,.F.);
#1125=ORIENTED_EDGE('',*,*,#2058,.T.);
#1126=ORIENTED_EDGE('',*,*,#1652,.F.);
#1127=ORIENTED_EDGE('',*,*,#1762,.F.);
#1128=ORIENTED_EDGE('',*,*,#2076,.F.);
#1129=ORIENTED_EDGE('',*,*,#2059,.T.);
#1130=ORIENTED_EDGE('',*,*,#2075,.T.);
#1131=ORIENTED_EDGE('',*,*,#1761,.F.);
#1132=ORIENTED_EDGE('',*,*,#2077,.F.);
#1133=ORIENTED_EDGE('',*,*,#2060,.T.);
#1134=ORIENTED_EDGE('',*,*,#2076,.T.);
#1135=ORIENTED_EDGE('',*,*,#1760,.F.);
#1136=ORIENTED_EDGE('',*,*,#2078,.F.);
#1137=ORIENTED_EDGE('',*,*,#2061,.T.);
#1138=ORIENTED_EDGE('',*,*,#2077,.T.);
#1139=ORIENTED_EDGE('',*,*,#1759,.F.);
#1140=ORIENTED_EDGE('',*,*,#2079,.F.);
#1141=ORIENTED_EDGE('',*,*,#2062,.T.);
#1142=ORIENTED_EDGE('',*,*,#2078,.T.);
#1143=ORIENTED_EDGE('',*,*,#1758,.F.);
#1144=ORIENTED_EDGE('',*,*,#2080,.F.);
#1145=ORIENTED_EDGE('',*,*,#2063,.T.);
#1146=ORIENTED_EDGE('',*,*,#2079,.T.);
#1147=ORIENTED_EDGE('',*,*,#1757,.F.);
#1148=ORIENTED_EDGE('',*,*,#2081,.F.);
#1149=ORIENTED_EDGE('',*,*,#2064,.T.);
#1150=ORIENTED_EDGE('',*,*,#2080,.T.);
#1151=ORIENTED_EDGE('',*,*,#1756,.F.);
#1152=ORIENTED_EDGE('',*,*,#2082,.F.);
#1153=ORIENTED_EDGE('',*,*,#2065,.T.);
#1154=ORIENTED_EDGE('',*,*,#2081,.T.);
#1155=ORIENTED_EDGE('',*,*,#1755,.F.);
#1156=ORIENTED_EDGE('',*,*,#2083,.F.);
#1157=ORIENTED_EDGE('',*,*,#2066,.T.);
#1158=ORIENTED_EDGE('',*,*,#2082,.T.);
#1159=ORIENTED_EDGE('',*,*,#1754,.F.);
#1160=ORIENTED_EDGE('',*,*,#2084,.F.);
#1161=ORIENTED_EDGE('',*,*,#2067,.T.);
#1162=ORIENTED_EDGE('',*,*,#2083,.T.);
#1163=ORIENTED_EDGE('',*,*,#1753,.F.);
#1164=ORIENTED_EDGE('',*,*,#2085,.F.);
#1165=ORIENTED_EDGE('',*,*,#2068,.T.);
#1166=ORIENTED_EDGE('',*,*,#2084,.T.);
#1167=ORIENTED_EDGE('',*,*,#1752,.F.);
#1168=ORIENTED_EDGE('',*,*,#2086,.F.);
#1169=ORIENTED_EDGE('',*,*,#2069,.T.);
#1170=ORIENTED_EDGE('',*,*,#2085,.T.);
#1171=ORIENTED_EDGE('',*,*,#1751,.F.);
#1172=ORIENTED_EDGE('',*,*,#2072,.F.);
#1173=ORIENTED_EDGE('',*,*,#2070,.T.);
#1174=ORIENTED_EDGE('',*,*,#2086,.T.);
#1175=ORIENTED_EDGE('',*,*,#1780,.F.);
#1176=ORIENTED_EDGE('',*,*,#2087,.F.);
#1177=ORIENTED_EDGE('',*,*,#2041,.T.);
#1178=ORIENTED_EDGE('',*,*,#2073,.T.);
#1179=ORIENTED_EDGE('',*,*,#1779,.F.);
#1180=ORIENTED_EDGE('',*,*,#2088,.F.);
#1181=ORIENTED_EDGE('',*,*,#2042,.T.);
#1182=ORIENTED_EDGE('',*,*,#2087,.T.);
#1183=ORIENTED_EDGE('',*,*,#1778,.F.);
#1184=ORIENTED_EDGE('',*,*,#2089,.F.);
#1185=ORIENTED_EDGE('',*,*,#2043,.T.);
#1186=ORIENTED_EDGE('',*,*,#2088,.T.);
#1187=ORIENTED_EDGE('',*,*,#1777,.F.);
#1188=ORIENTED_EDGE('',*,*,#2090,.F.);
#1189=ORIENTED_EDGE('',*,*,#2044,.T.);
#1190=ORIENTED_EDGE('',*,*,#2089,.T.);
#1191=ORIENTED_EDGE('',*,*,#1776,.F.);
#1192=ORIENTED_EDGE('',*,*,#2091,.F.);
#1193=ORIENTED_EDGE('',*,*,#2045,.T.);
#1194=ORIENTED_EDGE('',*,*,#2090,.T.);
#1195=ORIENTED_EDGE('',*,*,#1775,.F.);
#1196=ORIENTED_EDGE('',*,*,#2092,.F.);
#1197=ORIENTED_EDGE('',*,*,#2046,.T.);
#1198=ORIENTED_EDGE('',*,*,#2091,.T.);
#1199=ORIENTED_EDGE('',*,*,#1774,.F.);
#1200=ORIENTED_EDGE('',*,*,#2093,.F.);
#1201=ORIENTED_EDGE('',*,*,#2047,.T.);
#1202=ORIENTED_EDGE('',*,*,#2092,.T.);
#1203=ORIENTED_EDGE('',*,*,#1773,.F.);
#1204=ORIENTED_EDGE('',*,*,#2094,.F.);
#1205=ORIENTED_EDGE('',*,*,#2048,.T.);
#1206=ORIENTED_EDGE('',*,*,#2093,.T.);
#1207=ORIENTED_EDGE('',*,*,#1772,.F.);
#1208=ORIENTED_EDGE('',*,*,#2095,.F.);
#1209=ORIENTED_EDGE('',*,*,#2049,.T.);
#1210=ORIENTED_EDGE('',*,*,#2094,.T.);
#1211=ORIENTED_EDGE('',*,*,#1771,.F.);
#1212=ORIENTED_EDGE('',*,*,#2096,.F.);
#1213=ORIENTED_EDGE('',*,*,#2050,.T.);
#1214=ORIENTED_EDGE('',*,*,#2095,.T.);
#1215=ORIENTED_EDGE('',*,*,#1770,.F.);
#1216=ORIENTED_EDGE('',*,*,#2097,.F.);
#1217=ORIENTED_EDGE('',*,*,#2051,.T.);
#1218=ORIENTED_EDGE('',*,*,#2096,.T.);
#1219=ORIENTED_EDGE('',*,*,#1769,.F.);
#1220=ORIENTED_EDGE('',*,*,#2098,.F.);
#1221=ORIENTED_EDGE('',*,*,#2052,.T.);
#1222=ORIENTED_EDGE('',*,*,#2097,.T.);
#1223=ORIENTED_EDGE('',*,*,#1768,.F.);
#1224=ORIENTED_EDGE('',*,*,#2099,.F.);
#1225=ORIENTED_EDGE('',*,*,#2053,.T.);
#1226=ORIENTED_EDGE('',*,*,#2098,.T.);
#1227=ORIENTED_EDGE('',*,*,#1767,.F.);
#1228=ORIENTED_EDGE('',*,*,#2100,.F.);
#1229=ORIENTED_EDGE('',*,*,#2054,.T.);
#1230=ORIENTED_EDGE('',*,*,#2099,.T.);
#1231=ORIENTED_EDGE('',*,*,#1766,.F.);
#1232=ORIENTED_EDGE('',*,*,#2101,.F.);
#1233=ORIENTED_EDGE('',*,*,#2055,.T.);
#1234=ORIENTED_EDGE('',*,*,#2100,.T.);
#1235=ORIENTED_EDGE('',*,*,#1765,.F.);
#1236=ORIENTED_EDGE('',*,*,#2074,.F.);
#1237=ORIENTED_EDGE('',*,*,#2056,.T.);
#1238=ORIENTED_EDGE('',*,*,#2101,.T.);
#1239=ORIENTED_EDGE('',*,*,#1611,.T.);
#1240=ORIENTED_EDGE('',*,*,#1749,.F.);
#1241=ORIENTED_EDGE('',*,*,#2102,.F.);
#1242=ORIENTED_EDGE('',*,*,#2103,.T.);
#1243=ORIENTED_EDGE('',*,*,#1613,.T.);
#1244=ORIENTED_EDGE('',*,*,#2104,.T.);
#1245=ORIENTED_EDGE('',*,*,#1648,.F.);
#1246=ORIENTED_EDGE('',*,*,#1718,.F.);
#1247=ORIENTED_EDGE('',*,*,#1612,.T.);
#1248=ORIENTED_EDGE('',*,*,#2103,.F.);
#1249=ORIENTED_EDGE('',*,*,#2105,.F.);
#1250=ORIENTED_EDGE('',*,*,#2106,.F.);
#1251=ORIENTED_EDGE('',*,*,#2107,.F.);
#1252=ORIENTED_EDGE('',*,*,#1649,.F.);
#1253=ORIENTED_EDGE('',*,*,#2104,.F.);
#1254=ORIENTED_EDGE('',*,*,#2107,.T.);
#1255=ORIENTED_EDGE('',*,*,#2108,.T.);
#1256=ORIENTED_EDGE('',*,*,#1746,.F.);
#1257=ORIENTED_EDGE('',*,*,#1650,.F.);
#1258=ORIENTED_EDGE('',*,*,#1748,.F.);
#1259=ORIENTED_EDGE('',*,*,#2109,.F.);
#1260=ORIENTED_EDGE('',*,*,#2105,.T.);
#1261=ORIENTED_EDGE('',*,*,#2102,.T.);
#1262=ORIENTED_EDGE('',*,*,#1747,.F.);
#1263=ORIENTED_EDGE('',*,*,#2108,.F.);
#1264=ORIENTED_EDGE('',*,*,#2106,.T.);
#1265=ORIENTED_EDGE('',*,*,#2109,.T.);
#1266=ORIENTED_EDGE('',*,*,#1619,.T.);
#1267=ORIENTED_EDGE('',*,*,#1794,.F.);
#1268=ORIENTED_EDGE('',*,*,#2110,.F.);
#1269=ORIENTED_EDGE('',*,*,#2111,.T.);
#1270=ORIENTED_EDGE('',*,*,#1617,.T.);
#1271=ORIENTED_EDGE('',*,*,#2112,.T.);
#1272=ORIENTED_EDGE('',*,*,#2110,.T.);
#1273=ORIENTED_EDGE('',*,*,#1793,.F.);
#1274=ORIENTED_EDGE('',*,*,#1615,.T.);
#1275=ORIENTED_EDGE('',*,*,#1717,.F.);
#1276=ORIENTED_EDGE('',*,*,#1646,.F.);
#1277=ORIENTED_EDGE('',*,*,#2113,.T.);
#1278=ORIENTED_EDGE('',*,*,#1621,.T.);
#1279=ORIENTED_EDGE('',*,*,#2114,.T.);
#1280=ORIENTED_EDGE('',*,*,#1640,.F.);
#1281=ORIENTED_EDGE('',*,*,#1709,.F.);
#1282=ORIENTED_EDGE('',*,*,#1620,.T.);
#1283=ORIENTED_EDGE('',*,*,#2111,.F.);
#1284=ORIENTED_EDGE('',*,*,#2112,.F.);
#1285=ORIENTED_EDGE('',*,*,#1616,.T.);
#1286=ORIENTED_EDGE('',*,*,#2113,.F.);
#1287=ORIENTED_EDGE('',*,*,#1645,.F.);
#1288=ORIENTED_EDGE('',*,*,#2115,.F.);
#1289=ORIENTED_EDGE('',*,*,#2116,.F.);
#1290=ORIENTED_EDGE('',*,*,#2117,.F.);
#1291=ORIENTED_EDGE('',*,*,#2118,.F.);
#1292=ORIENTED_EDGE('',*,*,#1641,.F.);
#1293=ORIENTED_EDGE('',*,*,#2114,.F.);
#1294=ORIENTED_EDGE('',*,*,#1720,.F.);
#1295=ORIENTED_EDGE('',*,*,#2119,.F.);
#1296=ORIENTED_EDGE('',*,*,#2115,.T.);
#1297=ORIENTED_EDGE('',*,*,#1644,.F.);
#1298=ORIENTED_EDGE('',*,*,#1719,.F.);
#1299=ORIENTED_EDGE('',*,*,#2120,.F.);
#1300=ORIENTED_EDGE('',*,*,#2116,.T.);
#1301=ORIENTED_EDGE('',*,*,#2119,.T.);
#1302=ORIENTED_EDGE('',*,*,#1722,.F.);
#1303=ORIENTED_EDGE('',*,*,#2121,.F.);
#1304=ORIENTED_EDGE('',*,*,#2117,.T.);
#1305=ORIENTED_EDGE('',*,*,#2120,.T.);
#1306=ORIENTED_EDGE('',*,*,#2118,.T.);
#1307=ORIENTED_EDGE('',*,*,#2121,.T.);
#1308=ORIENTED_EDGE('',*,*,#1721,.F.);
#1309=ORIENTED_EDGE('',*,*,#1642,.F.);
#1310=ORIENTED_EDGE('',*,*,#2122,.T.);
#1311=ORIENTED_EDGE('',*,*,#2123,.T.);
#1312=ORIENTED_EDGE('',*,*,#1710,.F.);
#1313=ORIENTED_EDGE('',*,*,#1638,.F.);
#1314=ORIENTED_EDGE('',*,*,#1712,.F.);
#1315=ORIENTED_EDGE('',*,*,#2124,.F.);
#1316=ORIENTED_EDGE('',*,*,#2125,.T.);
#1317=ORIENTED_EDGE('',*,*,#1636,.F.);
#1318=ORIENTED_EDGE('',*,*,#1711,.F.);
#1319=ORIENTED_EDGE('',*,*,#2123,.F.);
#1320=ORIENTED_EDGE('',*,*,#2126,.T.);
#1321=ORIENTED_EDGE('',*,*,#2124,.T.);
#1322=ORIENTED_EDGE('',*,*,#2125,.F.);
#1323=ORIENTED_EDGE('',*,*,#2126,.F.);
#1324=ORIENTED_EDGE('',*,*,#2122,.F.);
#1325=ORIENTED_EDGE('',*,*,#1637,.F.);
#1326=ORIENTED_EDGE('',*,*,#1624,.T.);
#1327=ORIENTED_EDGE('',*,*,#2127,.F.);
#1328=ORIENTED_EDGE('',*,*,#2128,.F.);
#1329=ORIENTED_EDGE('',*,*,#2129,.F.);
#1330=ORIENTED_EDGE('',*,*,#2130,.F.);
#1331=ORIENTED_EDGE('',*,*,#2131,.F.);
#1332=ORIENTED_EDGE('',*,*,#2132,.F.);
#1333=ORIENTED_EDGE('',*,*,#2133,.F.);
#1334=ORIENTED_EDGE('',*,*,#2134,.F.);
#1335=ORIENTED_EDGE('',*,*,#2135,.F.);
#1336=ORIENTED_EDGE('',*,*,#2136,.F.);
#1337=ORIENTED_EDGE('',*,*,#2137,.F.);
#1338=ORIENTED_EDGE('',*,*,#2138,.F.);
#1339=ORIENTED_EDGE('',*,*,#2139,.F.);
#1340=ORIENTED_EDGE('',*,*,#2140,.F.);
#1341=ORIENTED_EDGE('',*,*,#2141,.F.);
#1342=ORIENTED_EDGE('',*,*,#2142,.F.);
#1343=ORIENTED_EDGE('',*,*,#2143,.F.);
#1344=ORIENTED_EDGE('',*,*,#2144,.F.);
#1345=ORIENTED_EDGE('',*,*,#2145,.F.);
#1346=ORIENTED_EDGE('',*,*,#2146,.F.);
#1347=ORIENTED_EDGE('',*,*,#1633,.F.);
#1348=ORIENTED_EDGE('',*,*,#2147,.F.);
#1349=ORIENTED_EDGE('',*,*,#2148,.F.);
#1350=ORIENTED_EDGE('',*,*,#2149,.F.);
#1351=ORIENTED_EDGE('',*,*,#2150,.F.);
#1352=ORIENTED_EDGE('',*,*,#2151,.F.);
#1353=ORIENTED_EDGE('',*,*,#2152,.F.);
#1354=ORIENTED_EDGE('',*,*,#2153,.F.);
#1355=ORIENTED_EDGE('',*,*,#2154,.F.);
#1356=ORIENTED_EDGE('',*,*,#2155,.F.);
#1357=ORIENTED_EDGE('',*,*,#2156,.F.);
#1358=ORIENTED_EDGE('',*,*,#2157,.F.);
#1359=ORIENTED_EDGE('',*,*,#2158,.F.);
#1360=ORIENTED_EDGE('',*,*,#2159,.F.);
#1361=ORIENTED_EDGE('',*,*,#2160,.F.);
#1362=ORIENTED_EDGE('',*,*,#2161,.F.);
#1363=ORIENTED_EDGE('',*,*,#2162,.F.);
#1364=ORIENTED_EDGE('',*,*,#2163,.F.);
#1365=ORIENTED_EDGE('',*,*,#2164,.F.);
#1366=ORIENTED_EDGE('',*,*,#2165,.F.);
#1367=ORIENTED_EDGE('',*,*,#2166,.F.);
#1368=ORIENTED_EDGE('',*,*,#1625,.T.);
#1369=ORIENTED_EDGE('',*,*,#2166,.T.);
#1370=ORIENTED_EDGE('',*,*,#2167,.T.);
#1371=ORIENTED_EDGE('',*,*,#1728,.F.);
#1372=ORIENTED_EDGE('',*,*,#1623,.T.);
#1373=ORIENTED_EDGE('',*,*,#1708,.F.);
#1374=ORIENTED_EDGE('',*,*,#2168,.F.);
#1375=ORIENTED_EDGE('',*,*,#2127,.T.);
#1376=ORIENTED_EDGE('',*,*,#2146,.T.);
#1377=ORIENTED_EDGE('',*,*,#2169,.T.);
#1378=ORIENTED_EDGE('',*,*,#1689,.F.);
#1379=ORIENTED_EDGE('',*,*,#1634,.F.);
#1380=ORIENTED_EDGE('',*,*,#1724,.F.);
#1381=ORIENTED_EDGE('',*,*,#2170,.F.);
#1382=ORIENTED_EDGE('',*,*,#2147,.T.);
#1383=ORIENTED_EDGE('',*,*,#1632,.F.);
#1384=ORIENTED_EDGE('',*,*,#1723,.F.);
#1385=ORIENTED_EDGE('',*,*,#2171,.F.);
#1386=ORIENTED_EDGE('',*,*,#2148,.T.);
#1387=ORIENTED_EDGE('',*,*,#2170,.T.);
#1388=ORIENTED_EDGE('',*,*,#1745,.F.);
#1389=ORIENTED_EDGE('',*,*,#2172,.F.);
#1390=ORIENTED_EDGE('',*,*,#2149,.T.);
#1391=ORIENTED_EDGE('',*,*,#2171,.T.);
#1392=ORIENTED_EDGE('',*,*,#1744,.F.);
#1393=ORIENTED_EDGE('',*,*,#2173,.F.);
#1394=ORIENTED_EDGE('',*,*,#2150,.T.);
#1395=ORIENTED_EDGE('',*,*,#2172,.T.);
#1396=ORIENTED_EDGE('',*,*,#1743,.F.);
#1397=ORIENTED_EDGE('',*,*,#2174,.F.);
#1398=ORIENTED_EDGE('',*,*,#2151,.T.);
#1399=ORIENTED_EDGE('',*,*,#2173,.T.);
#1400=ORIENTED_EDGE('',*,*,#1742,.F.);
#1401=ORIENTED_EDGE('',*,*,#2175,.F.);
#1402=ORIENTED_EDGE('',*,*,#2152,.T.);
#1403=ORIENTED_EDGE('',*,*,#2174,.T.);
#1404=ORIENTED_EDGE('',*,*,#1741,.F.);
#1405=ORIENTED_EDGE('',*,*,#2176,.F.);
#1406=ORIENTED_EDGE('',*,*,#2153,.T.);
#1407=ORIENTED_EDGE('',*,*,#2175,.T.);
#1408=ORIENTED_EDGE('',*,*,#1740,.F.);
#1409=ORIENTED_EDGE('',*,*,#2177,.F.);
#1410=ORIENTED_EDGE('',*,*,#2154,.T.);
#1411=ORIENTED_EDGE('',*,*,#2176,.T.);
#1412=ORIENTED_EDGE('',*,*,#1739,.F.);
#1413=ORIENTED_EDGE('',*,*,#2178,.F.);
#1414=ORIENTED_EDGE('',*,*,#2155,.T.);
#1415=ORIENTED_EDGE('',*,*,#2177,.T.);
#1416=ORIENTED_EDGE('',*,*,#1738,.F.);
#1417=ORIENTED_EDGE('',*,*,#2179,.F.);
#1418=ORIENTED_EDGE('',*,*,#2156,.T.);
#1419=ORIENTED_EDGE('',*,*,#2178,.T.);
#1420=ORIENTED_EDGE('',*,*,#1737,.F.);
#1421=ORIENTED_EDGE('',*,*,#2180,.F.);
#1422=ORIENTED_EDGE('',*,*,#2157,.T.);
#1423=ORIENTED_EDGE('',*,*,#2179,.T.);
#1424=ORIENTED_EDGE('',*,*,#1736,.F.);
#1425=ORIENTED_EDGE('',*,*,#2181,.F.);
#1426=ORIENTED_EDGE('',*,*,#2158,.T.);
#1427=ORIENTED_EDGE('',*,*,#2180,.T.);
#1428=ORIENTED_EDGE('',*,*,#1735,.F.);
#1429=ORIENTED_EDGE('',*,*,#2182,.F.);
#1430=ORIENTED_EDGE('',*,*,#2159,.T.);
#1431=ORIENTED_EDGE('',*,*,#2181,.T.);
#1432=ORIENTED_EDGE('',*,*,#1734,.F.);
#1433=ORIENTED_EDGE('',*,*,#2183,.F.);
#1434=ORIENTED_EDGE('',*,*,#2160,.T.);
#1435=ORIENTED_EDGE('',*,*,#2182,.T.);
#1436=ORIENTED_EDGE('',*,*,#1733,.F.);
#1437=ORIENTED_EDGE('',*,*,#2184,.F.);
#1438=ORIENTED_EDGE('',*,*,#2161,.T.);
#1439=ORIENTED_EDGE('',*,*,#2183,.T.);
#1440=ORIENTED_EDGE('',*,*,#1732,.F.);
#1441=ORIENTED_EDGE('',*,*,#2185,.F.);
#1442=ORIENTED_EDGE('',*,*,#2162,.T.);
#1443=ORIENTED_EDGE('',*,*,#2184,.T.);
#1444=ORIENTED_EDGE('',*,*,#1731,.F.);
#1445=ORIENTED_EDGE('',*,*,#2186,.F.);
#1446=ORIENTED_EDGE('',*,*,#2163,.T.);
#1447=ORIENTED_EDGE('',*,*,#2185,.T.);
#1448=ORIENTED_EDGE('',*,*,#1730,.F.);
#1449=ORIENTED_EDGE('',*,*,#2187,.F.);
#1450=ORIENTED_EDGE('',*,*,#2164,.T.);
#1451=ORIENTED_EDGE('',*,*,#2186,.T.);
#1452=ORIENTED_EDGE('',*,*,#1729,.F.);
#1453=ORIENTED_EDGE('',*,*,#2167,.F.);
#1454=ORIENTED_EDGE('',*,*,#2165,.T.);
#1455=ORIENTED_EDGE('',*,*,#2187,.T.);
#1456=ORIENTED_EDGE('',*,*,#1707,.F.);
#1457=ORIENTED_EDGE('',*,*,#2188,.F.);
#1458=ORIENTED_EDGE('',*,*,#2128,.T.);
#1459=ORIENTED_EDGE('',*,*,#2168,.T.);
#1460=ORIENTED_EDGE('',*,*,#1706,.F.);
#1461=ORIENTED_EDGE('',*,*,#2189,.F.);
#1462=ORIENTED_EDGE('',*,*,#2129,.T.);
#1463=ORIENTED_EDGE('',*,*,#2188,.T.);
#1464=ORIENTED_EDGE('',*,*,#1705,.F.);
#1465=ORIENTED_EDGE('',*,*,#2190,.F.);
#1466=ORIENTED_EDGE('',*,*,#2130,.T.);
#1467=ORIENTED_EDGE('',*,*,#2189,.T.);
#1468=ORIENTED_EDGE('',*,*,#1704,.F.);
#1469=ORIENTED_EDGE('',*,*,#2191,.F.);
#1470=ORIENTED_EDGE('',*,*,#2131,.T.);
#1471=ORIENTED_EDGE('',*,*,#2190,.T.);
#1472=ORIENTED_EDGE('',*,*,#1703,.F.);
#1473=ORIENTED_EDGE('',*,*,#2192,.F.);
#1474=ORIENTED_EDGE('',*,*,#2132,.T.);
#1475=ORIENTED_EDGE('',*,*,#2191,.T.);
#1476=ORIENTED_EDGE('',*,*,#1702,.F.);
#1477=ORIENTED_EDGE('',*,*,#2193,.F.);
#1478=ORIENTED_EDGE('',*,*,#2133,.T.);
#1479=ORIENTED_EDGE('',*,*,#2192,.T.);
#1480=ORIENTED_EDGE('',*,*,#1701,.F.);
#1481=ORIENTED_EDGE('',*,*,#2194,.F.);
#1482=ORIENTED_EDGE('',*,*,#2134,.T.);
#1483=ORIENTED_EDGE('',*,*,#2193,.T.);
#1484=ORIENTED_EDGE('',*,*,#1700,.F.);
#1485=ORIENTED_EDGE('',*,*,#2195,.F.);
#1486=ORIENTED_EDGE('',*,*,#2135,.T.);
#1487=ORIENTED_EDGE('',*,*,#2194,.T.);
#1488=ORIENTED_EDGE('',*,*,#1699,.F.);
#1489=ORIENTED_EDGE('',*,*,#2196,.F.);
#1490=ORIENTED_EDGE('',*,*,#2136,.T.);
#1491=ORIENTED_EDGE('',*,*,#2195,.T.);
#1492=ORIENTED_EDGE('',*,*,#1698,.F.);
#1493=ORIENTED_EDGE('',*,*,#2197,.F.);
#1494=ORIENTED_EDGE('',*,*,#2137,.T.);
#1495=ORIENTED_EDGE('',*,*,#2196,.T.);
#1496=ORIENTED_EDGE('',*,*,#1697,.F.);
#1497=ORIENTED_EDGE('',*,*,#2198,.F.);
#1498=ORIENTED_EDGE('',*,*,#2138,.T.);
#1499=ORIENTED_EDGE('',*,*,#2197,.T.);
#1500=ORIENTED_EDGE('',*,*,#1696,.F.);
#1501=ORIENTED_EDGE('',*,*,#2199,.F.);
#1502=ORIENTED_EDGE('',*,*,#2139,.T.);
#1503=ORIENTED_EDGE('',*,*,#2198,.T.);
#1504=ORIENTED_EDGE('',*,*,#1695,.F.);
#1505=ORIENTED_EDGE('',*,*,#2200,.F.);
#1506=ORIENTED_EDGE('',*,*,#2140,.T.);
#1507=ORIENTED_EDGE('',*,*,#2199,.T.);
#1508=ORIENTED_EDGE('',*,*,#1694,.F.);
#1509=ORIENTED_EDGE('',*,*,#2201,.F.);
#1510=ORIENTED_EDGE('',*,*,#2141,.T.);
#1511=ORIENTED_EDGE('',*,*,#2200,.T.);
#1512=ORIENTED_EDGE('',*,*,#1693,.F.);
#1513=ORIENTED_EDGE('',*,*,#2202,.F.);
#1514=ORIENTED_EDGE('',*,*,#2142,.T.);
#1515=ORIENTED_EDGE('',*,*,#2201,.T.);
#1516=ORIENTED_EDGE('',*,*,#1692,.F.);
#1517=ORIENTED_EDGE('',*,*,#2203,.F.);
#1518=ORIENTED_EDGE('',*,*,#2143,.T.);
#1519=ORIENTED_EDGE('',*,*,#2202,.T.);
#1520=ORIENTED_EDGE('',*,*,#1691,.F.);
#1521=ORIENTED_EDGE('',*,*,#2204,.F.);
#1522=ORIENTED_EDGE('',*,*,#2144,.T.);
#1523=ORIENTED_EDGE('',*,*,#2203,.T.);
#1524=ORIENTED_EDGE('',*,*,#1690,.F.);
#1525=ORIENTED_EDGE('',*,*,#2169,.F.);
#1526=ORIENTED_EDGE('',*,*,#2145,.T.);
#1527=ORIENTED_EDGE('',*,*,#2204,.T.);
#1528=ORIENTED_EDGE('',*,*,#1575,.T.);
#1529=ORIENTED_EDGE('',*,*,#2205,.T.);
#1530=ORIENTED_EDGE('',*,*,#2206,.T.);
#1531=ORIENTED_EDGE('',*,*,#1843,.F.);
#1532=ORIENTED_EDGE('',*,*,#1627,.T.);
#1533=ORIENTED_EDGE('',*,*,#1727,.F.);
#1534=ORIENTED_EDGE('',*,*,#2207,.F.);
#1535=ORIENTED_EDGE('',*,*,#2208,.T.);
#1536=ORIENTED_EDGE('',*,*,#1628,.T.);
#1537=ORIENTED_EDGE('',*,*,#2208,.F.);
#1538=ORIENTED_EDGE('',*,*,#2209,.F.);
#1539=ORIENTED_EDGE('',*,*,#2210,.F.);
#1540=ORIENTED_EDGE('',*,*,#1629,.F.);
#1541=ORIENTED_EDGE('',*,*,#2211,.F.);
#1542=ORIENTED_EDGE('',*,*,#2212,.F.);
#1543=ORIENTED_EDGE('',*,*,#2213,.F.);
#1544=ORIENTED_EDGE('',*,*,#2214,.F.);
#1545=ORIENTED_EDGE('',*,*,#2205,.F.);
#1546=ORIENTED_EDGE('',*,*,#2210,.T.);
#1547=ORIENTED_EDGE('',*,*,#2215,.T.);
#1548=ORIENTED_EDGE('',*,*,#1725,.F.);
#1549=ORIENTED_EDGE('',*,*,#1630,.F.);
#1550=ORIENTED_EDGE('',*,*,#1841,.F.);
#1551=ORIENTED_EDGE('',*,*,#2216,.F.);
#1552=ORIENTED_EDGE('',*,*,#2211,.T.);
#1553=ORIENTED_EDGE('',*,*,#1688,.F.);
#1554=ORIENTED_EDGE('',*,*,#1840,.F.);
#1555=ORIENTED_EDGE('',*,*,#2217,.F.);
#1556=ORIENTED_EDGE('',*,*,#2212,.T.);
#1557=ORIENTED_EDGE('',*,*,#2216,.T.);
#1558=ORIENTED_EDGE('',*,*,#1845,.F.);
#1559=ORIENTED_EDGE('',*,*,#2218,.F.);
#1560=ORIENTED_EDGE('',*,*,#2213,.T.);
#1561=ORIENTED_EDGE('',*,*,#2217,.T.);
#1562=ORIENTED_EDGE('',*,*,#1844,.F.);
#1563=ORIENTED_EDGE('',*,*,#2206,.F.);
#1564=ORIENTED_EDGE('',*,*,#2214,.T.);
#1565=ORIENTED_EDGE('',*,*,#2218,.T.);
#1566=ORIENTED_EDGE('',*,*,#1726,.F.);
#1567=ORIENTED_EDGE('',*,*,#2215,.F.);
#1568=ORIENTED_EDGE('',*,*,#2209,.T.);
#1569=ORIENTED_EDGE('',*,*,#2207,.T.);
#1570=ORIENTED_EDGE('',*,*,#2002,.T.);
#1571=ORIENTED_EDGE('',*,*,#2027,.T.);
#1572=ORIENTED_EDGE('',*,*,#2009,.T.);
#1573=ORIENTED_EDGE('',*,*,#2007,.T.);
#1574=ORIENTED_EDGE('',*,*,#2005,.T.);
#1575=EDGE_CURVE('',#2219,#2220,#2647,.T.);
#1576=EDGE_CURVE('',#2219,#2221,#2648,.T.);
#1577=EDGE_CURVE('',#2222,#2221,#2649,.T.);
#1578=EDGE_CURVE('',#2223,#2222,#2650,.T.);
#1579=EDGE_CURVE('',#2223,#2224,#129,.F.);
#1580=EDGE_CURVE('',#2225,#2224,#2651,.T.);
#1581=EDGE_CURVE('',#2225,#2226,#2652,.T.);
#1582=EDGE_CURVE('',#2226,#2227,#2653,.T.);
#1583=EDGE_CURVE('',#2228,#2227,#2654,.T.);
#1584=EDGE_CURVE('',#2229,#2228,#2655,.T.);
#1585=EDGE_CURVE('',#2230,#2229,#2656,.T.);
#1586=EDGE_CURVE('',#2230,#2231,#2657,.T.);
#1587=EDGE_CURVE('',#2232,#2231,#2658,.T.);
#1588=EDGE_CURVE('',#2233,#2232,#2659,.T.);
#1589=EDGE_CURVE('',#2234,#2233,#2660,.T.);
#1590=EDGE_CURVE('',#2234,#2235,#2661,.T.);
#1591=EDGE_CURVE('',#2236,#2235,#2662,.T.);
#1592=EDGE_CURVE('',#2237,#2236,#2663,.T.);
#1593=EDGE_CURVE('',#2238,#2237,#2664,.F.);
#1594=EDGE_CURVE('',#2238,#2239,#2665,.T.);
#1595=EDGE_CURVE('',#2240,#2239,#2666,.T.);
#1596=EDGE_CURVE('',#2241,#2240,#2667,.T.);
#1597=EDGE_CURVE('',#2242,#2241,#2668,.F.);
#1598=EDGE_CURVE('',#2242,#2243,#2669,.T.);
#1599=EDGE_CURVE('',#2244,#2243,#2670,.T.);
#1600=EDGE_CURVE('',#2245,#2244,#2671,.T.);
#1601=EDGE_CURVE('',#2246,#2245,#2672,.T.);
#1602=EDGE_CURVE('',#2246,#2247,#2673,.T.);
#1603=EDGE_CURVE('',#2248,#2247,#2674,.T.);
#1604=EDGE_CURVE('',#2249,#2248,#2675,.T.);
#1605=EDGE_CURVE('',#2250,#2249,#2676,.T.);
#1606=EDGE_CURVE('',#2250,#2251,#2677,.T.);
#1607=EDGE_CURVE('',#2252,#2251,#2678,.T.);
#1608=EDGE_CURVE('',#2253,#2252,#2679,.T.);
#1609=EDGE_CURVE('',#2254,#2253,#2680,.F.);
#1610=EDGE_CURVE('',#2254,#2255,#2681,.T.);
#1611=EDGE_CURVE('',#2256,#2255,#2682,.T.);
#1612=EDGE_CURVE('',#2257,#2256,#2683,.T.);
#1613=EDGE_CURVE('',#2258,#2257,#2684,.T.);
#1614=EDGE_CURVE('',#2258,#2259,#2685,.T.);
#1615=EDGE_CURVE('',#2260,#2259,#2686,.T.);
#1616=EDGE_CURVE('',#2261,#2260,#2687,.T.);
#1617=EDGE_CURVE('',#2262,#2261,#2688,.T.);
#1618=EDGE_CURVE('',#2262,#2263,#2689,.T.);
#1619=EDGE_CURVE('',#2264,#2263,#2690,.T.);
#1620=EDGE_CURVE('',#2265,#2264,#2691,.T.);
#1621=EDGE_CURVE('',#2266,#2265,#2692,.T.);
#1622=EDGE_CURVE('',#2266,#2267,#2693,.T.);
#1623=EDGE_CURVE('',#2268,#2267,#2694,.T.);
#1624=EDGE_CURVE('',#2269,#2268,#2695,.T.);
#1625=EDGE_CURVE('',#2270,#2269,#2696,.F.);
#1626=EDGE_CURVE('',#2270,#2271,#2697,.T.);
#1627=EDGE_CURVE('',#2272,#2271,#2698,.T.);
#1628=EDGE_CURVE('',#2220,#2272,#2699,.T.);
#1629=EDGE_CURVE('',#2273,#2274,#2700,.T.);
#1630=EDGE_CURVE('',#2274,#2275,#2701,.T.);
#1631=EDGE_CURVE('',#2276,#2275,#2702,.T.);
#1632=EDGE_CURVE('',#2276,#2277,#2703,.F.);
#1633=EDGE_CURVE('',#2277,#2278,#2704,.T.);
#1634=EDGE_CURVE('',#2278,#2279,#2705,.T.);
#1635=EDGE_CURVE('',#2280,#2279,#2706,.T.);
#1636=EDGE_CURVE('',#2280,#2281,#2707,.T.);
#1637=EDGE_CURVE('',#2281,#2282,#2708,.T.);
#1638=EDGE_CURVE('',#2282,#2283,#2709,.T.);
#1639=EDGE_CURVE('',#2284,#2283,#2710,.T.);
#1640=EDGE_CURVE('',#2284,#2285,#2711,.T.);
#1641=EDGE_CURVE('',#2285,#2286,#2712,.T.);
#1642=EDGE_CURVE('',#2286,#2287,#2713,.T.);
#1643=EDGE_CURVE('',#2288,#2287,#2714,.T.);
#1644=EDGE_CURVE('',#2288,#2289,#2715,.T.);
#1645=EDGE_CURVE('',#2289,#2290,#2716,.T.);
#1646=EDGE_CURVE('',#2290,#2291,#2717,.T.);
#1647=EDGE_CURVE('',#2292,#2291,#2718,.T.);
#1648=EDGE_CURVE('',#2292,#2293,#2719,.T.);
#1649=EDGE_CURVE('',#2293,#2294,#2720,.T.);
#1650=EDGE_CURVE('',#2294,#2295,#2721,.T.);
#1651=EDGE_CURVE('',#2296,#2295,#2722,.T.);
#1652=EDGE_CURVE('',#2296,#2297,#2723,.T.);
#1653=EDGE_CURVE('',#2297,#2298,#2724,.T.);
#1654=EDGE_CURVE('',#2298,#2299,#2725,.T.);
#1655=EDGE_CURVE('',#2300,#2299,#2726,.T.);
#1656=EDGE_CURVE('',#2300,#2301,#2727,.T.);
#1657=EDGE_CURVE('',#2301,#2302,#2728,.T.);
#1658=EDGE_CURVE('',#2302,#2303,#2729,.T.);
#1659=EDGE_CURVE('',#2304,#2303,#2730,.T.);
#1660=EDGE_CURVE('',#2304,#2305,#2731,.T.);
#1661=EDGE_CURVE('',#2305,#2306,#2732,.T.);
#1662=EDGE_CURVE('',#2306,#2307,#2733,.T.);
#1663=EDGE_CURVE('',#2308,#2307,#2734,.T.);
#1664=EDGE_CURVE('',#2308,#2309,#2735,.F.);
#1665=EDGE_CURVE('',#2309,#2310,#2736,.T.);
#1666=EDGE_CURVE('',#2310,#2311,#2737,.T.);
#1667=EDGE_CURVE('',#2312,#2311,#2738,.T.);
#1668=EDGE_CURVE('',#2312,#2313,#2739,.T.);
#1669=EDGE_CURVE('',#2313,#2314,#2740,.T.);
#1670=EDGE_CURVE('',#2314,#2315,#2741,.T.);
#1671=EDGE_CURVE('',#2316,#2315,#2742,.T.);
#1672=EDGE_CURVE('',#2316,#2317,#2743,.T.);
#1673=EDGE_CURVE('',#2317,#2318,#2744,.T.);
#1674=EDGE_CURVE('',#2318,#2319,#2745,.T.);
#1675=EDGE_CURVE('',#2320,#2319,#2746,.T.);
#1676=EDGE_CURVE('',#2320,#2321,#2747,.T.);
#1677=EDGE_CURVE('',#2321,#2322,#2748,.T.);
#1678=EDGE_CURVE('',#2322,#2323,#2749,.T.);
#1679=EDGE_CURVE('',#2324,#2323,#2750,.T.);
#1680=EDGE_CURVE('',#2324,#2325,#2751,.T.);
#1681=EDGE_CURVE('',#2325,#2326,#2752,.T.);
#1682=EDGE_CURVE('',#2326,#2327,#2753,.T.);
#1683=EDGE_CURVE('',#2328,#2327,#2754,.T.);
#1684=EDGE_CURVE('',#2329,#2328,#2755,.T.);
#1685=EDGE_CURVE('',#2329,#2330,#2756,.T.);
#1686=EDGE_CURVE('',#2330,#2331,#2757,.T.);
#1687=EDGE_CURVE('',#2332,#2331,#2758,.T.);
#1688=EDGE_CURVE('',#2332,#2273,#2759,.T.);
#1689=EDGE_CURVE('',#2279,#2333,#130,.F.);
#1690=EDGE_CURVE('',#2333,#2334,#131,.F.);
#1691=EDGE_CURVE('',#2334,#2335,#2760,.T.);
#1692=EDGE_CURVE('',#2335,#2336,#2761,.T.);
#1693=EDGE_CURVE('',#2336,#2337,#2762,.T.);
#1694=EDGE_CURVE('',#2337,#2338,#132,.T.);
#1695=EDGE_CURVE('',#2338,#2339,#133,.T.);
#1696=EDGE_CURVE('',#2339,#2340,#2763,.T.);
#1697=EDGE_CURVE('',#2340,#2341,#134,.T.);
#1698=EDGE_CURVE('',#2341,#2342,#135,.T.);
#1699=EDGE_CURVE('',#2342,#2343,#2764,.T.);
#1700=EDGE_CURVE('',#2343,#2344,#136,.T.);
#1701=EDGE_CURVE('',#2344,#2345,#137,.T.);
#1702=EDGE_CURVE('',#2345,#2346,#2765,.T.);
#1703=EDGE_CURVE('',#2346,#2347,#138,.F.);
#1704=EDGE_CURVE('',#2347,#2348,#139,.F.);
#1705=EDGE_CURVE('',#2348,#2349,#140,.F.);
#1706=EDGE_CURVE('',#2349,#2350,#2766,.T.);
#1707=EDGE_CURVE('',#2350,#2351,#141,.F.);
#1708=EDGE_CURVE('',#2351,#2267,#142,.F.);
#1709=EDGE_CURVE('',#2266,#2284,#2767,.T.);
#1710=EDGE_CURVE('',#2283,#2352,#2768,.T.);
#1711=EDGE_CURVE('',#2352,#2353,#2769,.T.);
#1712=EDGE_CURVE('',#2353,#2280,#2770,.T.);
#1713=EDGE_CURVE('',#2354,#2355,#2771,.T.);
#1714=EDGE_CURVE('',#2355,#2356,#2772,.T.);
#1715=EDGE_CURVE('',#2356,#2357,#2773,.T.);
#1716=EDGE_CURVE('',#2357,#2354,#2774,.T.);
#1717=EDGE_CURVE('',#2291,#2259,#2775,.T.);
#1718=EDGE_CURVE('',#2258,#2292,#2776,.T.);
#1719=EDGE_CURVE('',#2358,#2359,#2777,.T.);
#1720=EDGE_CURVE('',#2359,#2288,#2778,.T.);
#1721=EDGE_CURVE('',#2287,#2360,#2779,.T.);
#1722=EDGE_CURVE('',#2360,#2358,#2780,.T.);
#1723=EDGE_CURVE('',#2361,#2362,#143,.F.);
#1724=EDGE_CURVE('',#2362,#2276,#144,.F.);
#1725=EDGE_CURVE('',#2275,#2363,#145,.F.);
#1726=EDGE_CURVE('',#2363,#2364,#146,.F.);
#1727=EDGE_CURVE('',#2364,#2271,#2781,.T.);
#1728=EDGE_CURVE('',#2270,#2365,#147,.F.);
#1729=EDGE_CURVE('',#2365,#2366,#148,.F.);
#1730=EDGE_CURVE('',#2366,#2367,#2782,.T.);
#1731=EDGE_CURVE('',#2367,#2368,#2783,.T.);
#1732=EDGE_CURVE('',#2368,#2369,#2784,.T.);
#1733=EDGE_CURVE('',#2369,#2370,#149,.T.);
#1734=EDGE_CURVE('',#2370,#2371,#150,.T.);
#1735=EDGE_CURVE('',#2371,#2372,#2785,.T.);
#1736=EDGE_CURVE('',#2372,#2373,#151,.T.);
#1737=EDGE_CURVE('',#2373,#2374,#152,.T.);
#1738=EDGE_CURVE('',#2374,#2375,#2786,.T.);
#1739=EDGE_CURVE('',#2375,#2376,#153,.T.);
#1740=EDGE_CURVE('',#2376,#2377,#154,.T.);
#1741=EDGE_CURVE('',#2377,#2378,#2787,.T.);
#1742=EDGE_CURVE('',#2378,#2379,#155,.F.);
#1743=EDGE_CURVE('',#2379,#2380,#156,.F.);
#1744=EDGE_CURVE('',#2380,#2381,#157,.F.);
#1745=EDGE_CURVE('',#2381,#2361,#2788,.T.);
#1746=EDGE_CURVE('',#2295,#2382,#2789,.T.);
#1747=EDGE_CURVE('',#2382,#2383,#2790,.T.);
#1748=EDGE_CURVE('',#2383,#2384,#2791,.T.);
#1749=EDGE_CURVE('',#2384,#2255,#2792,.T.);
#1750=EDGE_CURVE('',#2254,#2385,#158,.F.);
#1751=EDGE_CURVE('',#2385,#2386,#159,.F.);
#1752=EDGE_CURVE('',#2386,#2387,#2793,.T.);
#1753=EDGE_CURVE('',#2387,#2388,#160,.F.);
#1754=EDGE_CURVE('',#2388,#2389,#161,.F.);
#1755=EDGE_CURVE('',#2389,#2390,#162,.F.);
#1756=EDGE_CURVE('',#2390,#2391,#2794,.T.);
#1757=EDGE_CURVE('',#2391,#2392,#163,.T.);
#1758=EDGE_CURVE('',#2392,#2393,#164,.T.);
#1759=EDGE_CURVE('',#2393,#2394,#2795,.T.);
#1760=EDGE_CURVE('',#2394,#2395,#165,.T.);
#1761=EDGE_CURVE('',#2395,#2396,#166,.T.);
#1762=EDGE_CURVE('',#2396,#2397,#2796,.T.);
#1763=EDGE_CURVE('',#2397,#2296,#2797,.T.);
#1764=EDGE_CURVE('',#2299,#2398,#2798,.T.);
#1765=EDGE_CURVE('',#2398,#2399,#167,.F.);
#1766=EDGE_CURVE('',#2399,#2400,#168,.F.);
#1767=EDGE_CURVE('',#2400,#2401,#169,.F.);
#1768=EDGE_CURVE('',#2401,#2402,#2799,.T.);
#1769=EDGE_CURVE('',#2402,#2403,#170,.T.);
#1770=EDGE_CURVE('',#2403,#2404,#171,.T.);
#1771=EDGE_CURVE('',#2404,#2405,#2800,.T.);
#1772=EDGE_CURVE('',#2405,#2406,#172,.T.);
#1773=EDGE_CURVE('',#2406,#2407,#173,.T.);
#1774=EDGE_CURVE('',#2407,#2408,#2801,.T.);
#1775=EDGE_CURVE('',#2408,#2409,#174,.T.);
#1776=EDGE_CURVE('',#2409,#2410,#175,.T.);
#1777=EDGE_CURVE('',#2410,#2411,#2802,.T.);
#1778=EDGE_CURVE('',#2411,#2412,#2803,.T.);
#1779=EDGE_CURVE('',#2412,#2413,#2804,.T.);
#1780=EDGE_CURVE('',#2413,#2414,#176,.F.);
#1781=EDGE_CURVE('',#2414,#2251,#177,.F.);
#1782=EDGE_CURVE('',#2250,#2300,#2805,.T.);
#1783=EDGE_CURVE('',#2307,#2243,#2806,.T.);
#1784=EDGE_CURVE('',#2242,#2415,#178,.F.);
#1785=EDGE_CURVE('',#2415,#2416,#179,.F.);
#1786=EDGE_CURVE('',#2416,#2417,#2807,.T.);
#1787=EDGE_CURVE('',#2417,#2418,#180,.F.);
#1788=EDGE_CURVE('',#2418,#2308,#181,.F.);
#1789=EDGE_CURVE('',#2419,#2420,#2808,.T.);
#1790=EDGE_CURVE('',#2420,#2304,#2809,.T.);
#1791=EDGE_CURVE('',#2303,#2421,#2810,.T.);
#1792=EDGE_CURVE('',#2421,#2419,#2811,.T.);
#1793=EDGE_CURVE('',#2262,#2422,#2812,.T.);
#1794=EDGE_CURVE('',#2422,#2263,#2813,.T.);
#1795=EDGE_CURVE('',#2311,#2423,#182,.F.);
#1796=EDGE_CURVE('',#2423,#2424,#183,.F.);
#1797=EDGE_CURVE('',#2424,#2425,#2814,.T.);
#1798=EDGE_CURVE('',#2425,#2426,#184,.F.);
#1799=EDGE_CURVE('',#2426,#2239,#185,.F.);
#1800=EDGE_CURVE('',#2238,#2427,#186,.F.);
#1801=EDGE_CURVE('',#2427,#2428,#107,.T.);
#1802=EDGE_CURVE('',#2428,#2316,#2815,.T.);
#1803=EDGE_CURVE('',#2315,#2429,#2816,.T.);
#1804=EDGE_CURVE('',#2429,#2430,#2817,.T.);
#1805=EDGE_CURVE('',#2430,#2312,#2818,.T.);
#1806=EDGE_CURVE('',#2319,#2431,#2819,.T.);
#1807=EDGE_CURVE('',#2431,#2432,#187,.T.);
#1808=EDGE_CURVE('',#2432,#2433,#188,.T.);
#1809=EDGE_CURVE('',#2433,#2434,#2820,.T.);
#1810=EDGE_CURVE('',#2434,#2235,#2821,.T.);
#1811=EDGE_CURVE('',#2234,#2435,#2822,.T.);
#1812=EDGE_CURVE('',#2435,#2436,#2823,.T.);
#1813=EDGE_CURVE('',#2436,#2437,#108,.T.);
#1814=EDGE_CURVE('',#2437,#2438,#109,.T.);
#1815=EDGE_CURVE('',#2438,#2439,#2824,.T.);
#1816=EDGE_CURVE('',#2439,#2440,#110,.T.);
#1817=EDGE_CURVE('',#2440,#2441,#111,.T.);
#1818=EDGE_CURVE('',#2441,#2442,#2825,.T.);
#1819=EDGE_CURVE('',#2442,#2320,#2826,.T.);
#1820=EDGE_CURVE('',#2323,#2443,#189,.F.);
#1821=EDGE_CURVE('',#2443,#2444,#190,.F.);
#1822=EDGE_CURVE('',#2444,#2445,#2827,.T.);
#1823=EDGE_CURVE('',#2445,#2446,#191,.F.);
#1824=EDGE_CURVE('',#2446,#2231,#192,.F.);
#1825=EDGE_CURVE('',#2230,#2447,#2828,.T.);
#1826=EDGE_CURVE('',#2447,#2448,#2829,.T.);
#1827=EDGE_CURVE('',#2448,#2449,#112,.T.);
#1828=EDGE_CURVE('',#2449,#2450,#113,.T.);
#1829=EDGE_CURVE('',#2450,#2451,#2830,.T.);
#1830=EDGE_CURVE('',#2451,#2452,#114,.T.);
#1831=EDGE_CURVE('',#2452,#2453,#115,.T.);
#1832=EDGE_CURVE('',#2453,#2454,#2831,.T.);
#1833=EDGE_CURVE('',#2454,#2324,#2832,.T.);
#1834=EDGE_CURVE('',#2327,#2455,#193,.F.);
#1835=EDGE_CURVE('',#2455,#2456,#194,.F.);
#1836=EDGE_CURVE('',#2456,#2457,#2833,.T.);
#1837=EDGE_CURVE('',#2457,#2458,#195,.F.);
#1838=EDGE_CURVE('',#2458,#2227,#196,.F.);
#1839=EDGE_CURVE('',#2226,#2328,#2834,.T.);
#1840=EDGE_CURVE('',#2459,#2460,#2835,.T.);
#1841=EDGE_CURVE('',#2460,#2332,#2836,.T.);
#1842=EDGE_CURVE('',#2221,#2331,#2837,.T.);
#1843=EDGE_CURVE('',#2219,#2461,#2838,.T.);
#1844=EDGE_CURVE('',#2461,#2462,#197,.T.);
#1845=EDGE_CURVE('',#2462,#2459,#198,.T.);
#1846=EDGE_CURVE('',#2246,#2463,#2839,.T.);
#1847=EDGE_CURVE('',#2463,#2247,#2840,.T.);
#1848=EDGE_CURVE('',#2464,#2465,#2841,.T.);
#1849=EDGE_CURVE('',#2465,#2466,#199,.F.);
#1850=EDGE_CURVE('',#2466,#2467,#2842,.T.);
#1851=EDGE_CURVE('',#2467,#2468,#200,.F.);
#1852=EDGE_CURVE('',#2468,#2469,#2843,.T.);
#1853=EDGE_CURVE('',#2469,#2470,#2844,.T.);
#1854=EDGE_CURVE('',#2471,#2470,#2845,.T.);
#1855=EDGE_CURVE('',#2471,#2472,#2846,.T.);
#1856=EDGE_CURVE('',#2472,#2473,#201,.F.);
#1857=EDGE_CURVE('',#2474,#2473,#2847,.T.);
#1858=EDGE_CURVE('',#2475,#2474,#2848,.T.);
#1859=EDGE_CURVE('',#2464,#2475,#2849,.T.);
#1860=EDGE_CURVE('',#2476,#2477,#2850,.T.);
#1861=EDGE_CURVE('',#2476,#2478,#2851,.F.);
#1862=EDGE_CURVE('',#2478,#2479,#2852,.T.);
#1863=EDGE_CURVE('',#2479,#2480,#2853,.T.);
#1864=EDGE_CURVE('',#2481,#2480,#2854,.T.);
#1865=EDGE_CURVE('',#2481,#2482,#202,.T.);
#1866=EDGE_CURVE('',#2482,#2483,#2855,.T.);
#1867=EDGE_CURVE('',#2483,#2477,#2856,.T.);
#1868=EDGE_CURVE('',#2470,#2477,#2857,.T.);
#1869=EDGE_CURVE('',#2471,#2483,#2858,.T.);
#1870=EDGE_CURVE('',#2475,#2479,#2859,.T.);
#1871=EDGE_CURVE('',#2474,#2480,#2860,.T.);
#1872=EDGE_CURVE('',#2222,#2330,#2861,.T.);
#1873=EDGE_CURVE('',#2225,#2329,#2862,.T.);
#1874=EDGE_CURVE('',#2484,#2485,#2863,.T.);
#1875=EDGE_CURVE('',#2484,#2486,#2864,.F.);
#1876=EDGE_CURVE('',#2486,#2487,#2865,.T.);
#1877=EDGE_CURVE('',#2487,#2488,#2866,.T.);
#1878=EDGE_CURVE('',#2488,#2489,#2867,.F.);
#1879=EDGE_CURVE('',#2489,#2490,#2868,.F.);
#1880=EDGE_CURVE('',#2490,#2491,#2869,.T.);
#1881=EDGE_CURVE('',#2491,#2223,#203,.F.);
#1882=EDGE_CURVE('',#2224,#2485,#204,.F.);
#1883=EDGE_CURVE('',#2466,#2492,#205,.T.);
#1884=EDGE_CURVE('',#2492,#2493,#2870,.T.);
#1885=EDGE_CURVE('',#2493,#2467,#206,.T.);
#1886=EDGE_CURVE('',#2485,#2491,#207,.T.);
#1887=EDGE_CURVE('',#2490,#2494,#116,.T.);
#1888=EDGE_CURVE('',#2494,#2495,#208,.T.);
#1889=EDGE_CURVE('',#2495,#2484,#117,.T.);
#1890=EDGE_CURVE('',#2492,#2493,#209,.F.);
#1891=EDGE_CURVE('',#2482,#2472,#2871,.F.);
#1892=EDGE_CURVE('',#2473,#2481,#2872,.T.);
#1893=EDGE_CURVE('',#2469,#2476,#2873,.T.);
#1894=EDGE_CURVE('',#2478,#2464,#2874,.F.);
#1895=EDGE_CURVE('',#2469,#2489,#23,.T.);
#1896=EDGE_CURVE('',#2468,#2494,#118,.T.);
#1897=EDGE_CURVE('',#2476,#2488,#24,.T.);
#1898=EDGE_CURVE('',#2495,#2465,#119,.T.);
#1899=EDGE_CURVE('',#2486,#2464,#25,.F.);
#1900=EDGE_CURVE('',#2478,#2487,#26,.T.);
#1901=EDGE_CURVE('',#2496,#2354,#2875,.T.);
#1902=EDGE_CURVE('',#2496,#2497,#2876,.T.);
#1903=EDGE_CURVE('',#2497,#2355,#2877,.T.);
#1904=EDGE_CURVE('',#2498,#2357,#2878,.T.);
#1905=EDGE_CURVE('',#2498,#2496,#2879,.T.);
#1906=EDGE_CURVE('',#2499,#2356,#2880,.T.);
#1907=EDGE_CURVE('',#2499,#2498,#2881,.T.);
#1908=EDGE_CURVE('',#2497,#2499,#2882,.T.);
#1909=EDGE_CURVE('',#2229,#2500,#2883,.T.);
#1910=EDGE_CURVE('',#2500,#2447,#2884,.T.);
#1911=EDGE_CURVE('',#2501,#2228,#210,.F.);
#1912=EDGE_CURVE('',#2502,#2501,#211,.F.);
#1913=EDGE_CURVE('',#2503,#2502,#2885,.T.);
#1914=EDGE_CURVE('',#2504,#2503,#212,.F.);
#1915=EDGE_CURVE('',#2326,#2504,#213,.F.);
#1916=EDGE_CURVE('',#2505,#2325,#2886,.T.);
#1917=EDGE_CURVE('',#2506,#2505,#2887,.T.);
#1918=EDGE_CURVE('',#2507,#2506,#120,.T.);
#1919=EDGE_CURVE('',#2508,#2507,#121,.T.);
#1920=EDGE_CURVE('',#2509,#2508,#2888,.T.);
#1921=EDGE_CURVE('',#2510,#2509,#122,.T.);
#1922=EDGE_CURVE('',#2511,#2510,#123,.T.);
#1923=EDGE_CURVE('',#2500,#2511,#2889,.T.);
#1924=EDGE_CURVE('',#2501,#2458,#2890,.T.);
#1925=EDGE_CURVE('',#2504,#2455,#2891,.T.);
#1926=EDGE_CURVE('',#2505,#2454,#2892,.T.);
#1927=EDGE_CURVE('',#2506,#2453,#2893,.T.);
#1928=EDGE_CURVE('',#2507,#2452,#2894,.T.);
#1929=EDGE_CURVE('',#2508,#2451,#2895,.T.);
#1930=EDGE_CURVE('',#2509,#2450,#2896,.T.);
#1931=EDGE_CURVE('',#2510,#2449,#2897,.T.);
#1932=EDGE_CURVE('',#2511,#2448,#2898,.T.);
#1933=EDGE_CURVE('',#2502,#2457,#2899,.T.);
#1934=EDGE_CURVE('',#2503,#2456,#2900,.T.);
#1935=EDGE_CURVE('',#2233,#2512,#2901,.T.);
#1936=EDGE_CURVE('',#2512,#2435,#2902,.T.);
#1937=EDGE_CURVE('',#2513,#2232,#214,.F.);
#1938=EDGE_CURVE('',#2514,#2513,#215,.F.);
#1939=EDGE_CURVE('',#2515,#2514,#2903,.T.);
#1940=EDGE_CURVE('',#2516,#2515,#216,.F.);
#1941=EDGE_CURVE('',#2322,#2516,#217,.F.);
#1942=EDGE_CURVE('',#2517,#2321,#2904,.T.);
#1943=EDGE_CURVE('',#2518,#2517,#2905,.T.);
#1944=EDGE_CURVE('',#2519,#2518,#124,.T.);
#1945=EDGE_CURVE('',#2520,#2519,#125,.T.);
#1946=EDGE_CURVE('',#2521,#2520,#2906,.T.);
#1947=EDGE_CURVE('',#2522,#2521,#126,.T.);
#1948=EDGE_CURVE('',#2523,#2522,#127,.T.);
#1949=EDGE_CURVE('',#2512,#2523,#2907,.T.);
#1950=EDGE_CURVE('',#2513,#2446,#2908,.T.);
#1951=EDGE_CURVE('',#2516,#2443,#2909,.T.);
#1952=EDGE_CURVE('',#2517,#2442,#2910,.T.);
#1953=EDGE_CURVE('',#2518,#2441,#2911,.T.);
#1954=EDGE_CURVE('',#2519,#2440,#2912,.T.);
#1955=EDGE_CURVE('',#2520,#2439,#2913,.T.);
#1956=EDGE_CURVE('',#2521,#2438,#2914,.T.);
#1957=EDGE_CURVE('',#2522,#2437,#2915,.T.);
#1958=EDGE_CURVE('',#2523,#2436,#2916,.T.);
#1959=EDGE_CURVE('',#2514,#2445,#2917,.T.);
#1960=EDGE_CURVE('',#2515,#2444,#2918,.T.);
#1961=EDGE_CURVE('',#2524,#2434,#2919,.T.);
#1962=EDGE_CURVE('',#2524,#2236,#2920,.T.);
#1963=EDGE_CURVE('',#2525,#2524,#2921,.T.);
#1964=EDGE_CURVE('',#2526,#2525,#218,.T.);
#1965=EDGE_CURVE('',#2527,#2526,#219,.T.);
#1966=EDGE_CURVE('',#2318,#2527,#2922,.T.);
#1967=EDGE_CURVE('',#2528,#2317,#2923,.T.);
#1968=EDGE_CURVE('',#2529,#2528,#128,.T.);
#1969=EDGE_CURVE('',#2237,#2529,#220,.F.);
#1970=EDGE_CURVE('',#2529,#2427,#2924,.T.);
#1971=EDGE_CURVE('',#2527,#2431,#2925,.T.);
#1972=EDGE_CURVE('',#2528,#2428,#2926,.T.);
#1973=EDGE_CURVE('',#2525,#2433,#2927,.T.);
#1974=EDGE_CURVE('',#2526,#2432,#2928,.T.);
#1975=EDGE_CURVE('',#2314,#2530,#2929,.T.);
#1976=EDGE_CURVE('',#2530,#2429,#2930,.T.);
#1977=EDGE_CURVE('',#2531,#2430,#2931,.T.);
#1978=EDGE_CURVE('',#2531,#2313,#2932,.T.);
#1979=EDGE_CURVE('',#2530,#2531,#2933,.T.);
#1980=EDGE_CURVE('',#2532,#2533,#2934,.T.);
#1981=EDGE_CURVE('',#2534,#2532,#2935,.T.);
#1982=EDGE_CURVE('',#2535,#2534,#221,.T.);
#1983=EDGE_CURVE('',#2536,#2535,#222,.T.);
#1984=EDGE_CURVE('',#2533,#2536,#2936,.T.);
#1985=EDGE_CURVE('',#2537,#2538,#2937,.T.);
#1986=EDGE_CURVE('',#2539,#2537,#2938,.T.);
#1987=EDGE_CURVE('',#2540,#2539,#2939,.T.);
#1988=EDGE_CURVE('',#2541,#2540,#223,.T.);
#1989=EDGE_CURVE('',#2538,#2541,#224,.T.);
#1990=EDGE_CURVE('',#2542,#2240,#225,.F.);
#1991=EDGE_CURVE('',#2543,#2542,#226,.F.);
#1992=EDGE_CURVE('',#2544,#2543,#2940,.T.);
#1993=EDGE_CURVE('',#2545,#2544,#227,.F.);
#1994=EDGE_CURVE('',#2310,#2545,#228,.F.);
#1995=EDGE_CURVE('',#2546,#2309,#229,.F.);
#1996=EDGE_CURVE('',#2547,#2546,#230,.F.);
#1997=EDGE_CURVE('',#2548,#2547,#2941,.T.);
#1998=EDGE_CURVE('',#2549,#2548,#231,.F.);
#1999=EDGE_CURVE('',#2241,#2549,#232,.F.);
#2000=EDGE_CURVE('',#2549,#2415,#2942,.T.);
#2001=EDGE_CURVE('',#2542,#2426,#2943,.T.);
#2002=EDGE_CURVE('',#2550,#2551,#2944,.T.);
#2003=EDGE_CURVE('',#2532,#2550,#2945,.T.);
#2004=EDGE_CURVE('',#2533,#2551,#2946,.T.);
#2005=EDGE_CURVE('',#2552,#2550,#2947,.T.);
#2006=EDGE_CURVE('',#2534,#2552,#2948,.T.);
#2007=EDGE_CURVE('',#2553,#2552,#233,.T.);
#2008=EDGE_CURVE('',#2535,#2553,#2949,.T.);
#2009=EDGE_CURVE('',#2554,#2553,#234,.T.);
#2010=EDGE_CURVE('',#2536,#2554,#2950,.T.);
#2011=EDGE_CURVE('',#2555,#2556,#2951,.T.);
#2012=EDGE_CURVE('',#2537,#2555,#2952,.T.);
#2013=EDGE_CURVE('',#2538,#2556,#2953,.T.);
#2014=EDGE_CURVE('',#2557,#2555,#2954,.T.);
#2015=EDGE_CURVE('',#2539,#2557,#2955,.T.);
#2016=EDGE_CURVE('',#2558,#2557,#2956,.T.);
#2017=EDGE_CURVE('',#2540,#2558,#2957,.T.);
#2018=EDGE_CURVE('',#2559,#2558,#235,.T.);
#2019=EDGE_CURVE('',#2541,#2559,#2958,.T.);
#2020=EDGE_CURVE('',#2545,#2423,#2959,.T.);
#2021=EDGE_CURVE('',#2546,#2418,#2960,.T.);
#2022=EDGE_CURVE('',#2547,#2417,#2961,.T.);
#2023=EDGE_CURVE('',#2548,#2416,#2962,.T.);
#2024=EDGE_CURVE('',#2543,#2425,#2963,.T.);
#2025=EDGE_CURVE('',#2544,#2424,#2964,.T.);
#2026=EDGE_CURVE('',#2556,#2559,#236,.T.);
#2027=EDGE_CURVE('',#2551,#2554,#2965,.T.);
#2028=EDGE_CURVE('',#2560,#2463,#2966,.T.);
#2029=EDGE_CURVE('',#2560,#2248,#2967,.T.);
#2030=EDGE_CURVE('',#2245,#2560,#2968,.T.);
#2031=EDGE_CURVE('',#2306,#2244,#2969,.T.);
#2032=EDGE_CURVE('',#2249,#2301,#2970,.T.);
#2033=EDGE_CURVE('',#2561,#2305,#2971,.T.);
#2034=EDGE_CURVE('',#2562,#2561,#2972,.T.);
#2035=EDGE_CURVE('',#2563,#2562,#2973,.T.);
#2036=EDGE_CURVE('',#2302,#2563,#2974,.T.);
#2037=EDGE_CURVE('',#2561,#2420,#2975,.T.);
#2038=EDGE_CURVE('',#2562,#2419,#2976,.T.);
#2039=EDGE_CURVE('',#2563,#2421,#2977,.T.);
#2040=EDGE_CURVE('',#2564,#2252,#237,.F.);
#2041=EDGE_CURVE('',#2565,#2564,#238,.F.);
#2042=EDGE_CURVE('',#2566,#2565,#2978,.T.);
#2043=EDGE_CURVE('',#2567,#2566,#2979,.T.);
#2044=EDGE_CURVE('',#2568,#2567,#2980,.T.);
#2045=EDGE_CURVE('',#2569,#2568,#239,.T.);
#2046=EDGE_CURVE('',#2570,#2569,#240,.T.);
#2047=EDGE_CURVE('',#2571,#2570,#2981,.T.);
#2048=EDGE_CURVE('',#2572,#2571,#241,.T.);
#2049=EDGE_CURVE('',#2573,#2572,#242,.T.);
#2050=EDGE_CURVE('',#2574,#2573,#2982,.T.);
#2051=EDGE_CURVE('',#2575,#2574,#243,.T.);
#2052=EDGE_CURVE('',#2576,#2575,#244,.T.);
#2053=EDGE_CURVE('',#2577,#2576,#2983,.T.);
#2054=EDGE_CURVE('',#2578,#2577,#245,.F.);
#2055=EDGE_CURVE('',#2579,#2578,#246,.F.);
#2056=EDGE_CURVE('',#2580,#2579,#247,.F.);
#2057=EDGE_CURVE('',#2298,#2580,#2984,.T.);
#2058=EDGE_CURVE('',#2581,#2297,#2985,.T.);
#2059=EDGE_CURVE('',#2582,#2581,#2986,.T.);
#2060=EDGE_CURVE('',#2583,#2582,#248,.T.);
#2061=EDGE_CURVE('',#2584,#2583,#249,.T.);
#2062=EDGE_CURVE('',#2585,#2584,#2987,.T.);
#2063=EDGE_CURVE('',#2586,#2585,#250,.T.);
#2064=EDGE_CURVE('',#2587,#2586,#251,.T.);
#2065=EDGE_CURVE('',#2588,#2587,#2988,.T.);
#2066=EDGE_CURVE('',#2589,#2588,#252,.F.);
#2067=EDGE_CURVE('',#2590,#2589,#253,.F.);
#2068=EDGE_CURVE('',#2591,#2590,#254,.F.);
#2069=EDGE_CURVE('',#2592,#2591,#2989,.T.);
#2070=EDGE_CURVE('',#2593,#2592,#255,.F.);
#2071=EDGE_CURVE('',#2253,#2593,#256,.F.);
#2072=EDGE_CURVE('',#2593,#2385,#2990,.T.);
#2073=EDGE_CURVE('',#2564,#2414,#2991,.T.);
#2074=EDGE_CURVE('',#2580,#2398,#2992,.T.);
#2075=EDGE_CURVE('',#2581,#2397,#2993,.T.);
#2076=EDGE_CURVE('',#2582,#2396,#2994,.T.);
#2077=EDGE_CURVE('',#2583,#2395,#2995,.T.);
#2078=EDGE_CURVE('',#2584,#2394,#2996,.T.);
#2079=EDGE_CURVE('',#2585,#2393,#2997,.T.);
#2080=EDGE_CURVE('',#2586,#2392,#2998,.T.);
#2081=EDGE_CURVE('',#2587,#2391,#2999,.T.);
#2082=EDGE_CURVE('',#2588,#2390,#3000,.T.);
#2083=EDGE_CURVE('',#2589,#2389,#3001,.T.);
#2084=EDGE_CURVE('',#2590,#2388,#3002,.T.);
#2085=EDGE_CURVE('',#2591,#2387,#3003,.T.);
#2086=EDGE_CURVE('',#2592,#2386,#3004,.T.);
#2087=EDGE_CURVE('',#2565,#2413,#3005,.T.);
#2088=EDGE_CURVE('',#2566,#2412,#3006,.T.);
#2089=EDGE_CURVE('',#2567,#2411,#3007,.T.);
#2090=EDGE_CURVE('',#2568,#2410,#3008,.T.);
#2091=EDGE_CURVE('',#2569,#2409,#3009,.T.);
#2092=EDGE_CURVE('',#2570,#2408,#3010,.T.);
#2093=EDGE_CURVE('',#2571,#2407,#3011,.T.);
#2094=EDGE_CURVE('',#2572,#2406,#3012,.T.);
#2095=EDGE_CURVE('',#2573,#2405,#3013,.T.);
#2096=EDGE_CURVE('',#2574,#2404,#3014,.T.);
#2097=EDGE_CURVE('',#2575,#2403,#3015,.T.);
#2098=EDGE_CURVE('',#2576,#2402,#3016,.T.);
#2099=EDGE_CURVE('',#2577,#2401,#3017,.T.);
#2100=EDGE_CURVE('',#2578,#2400,#3018,.T.);
#2101=EDGE_CURVE('',#2579,#2399,#3019,.T.);
#2102=EDGE_CURVE('',#2594,#2384,#3020,.T.);
#2103=EDGE_CURVE('',#2594,#2256,#3021,.T.);
#2104=EDGE_CURVE('',#2257,#2293,#3022,.T.);
#2105=EDGE_CURVE('',#2595,#2594,#3023,.T.);
#2106=EDGE_CURVE('',#2596,#2595,#3024,.T.);
#2107=EDGE_CURVE('',#2294,#2596,#3025,.T.);
#2108=EDGE_CURVE('',#2596,#2382,#3026,.T.);
#2109=EDGE_CURVE('',#2595,#2383,#3027,.T.);
#2110=EDGE_CURVE('',#2597,#2422,#3028,.T.);
#2111=EDGE_CURVE('',#2597,#2264,#3029,.T.);
#2112=EDGE_CURVE('',#2261,#2597,#3030,.T.);
#2113=EDGE_CURVE('',#2290,#2260,#3031,.T.);
#2114=EDGE_CURVE('',#2265,#2285,#3032,.T.);
#2115=EDGE_CURVE('',#2598,#2289,#3033,.T.);
#2116=EDGE_CURVE('',#2599,#2598,#3034,.T.);
#2117=EDGE_CURVE('',#2600,#2599,#3035,.T.);
#2118=EDGE_CURVE('',#2286,#2600,#3036,.T.);
#2119=EDGE_CURVE('',#2598,#2359,#3037,.T.);
#2120=EDGE_CURVE('',#2599,#2358,#3038,.T.);
#2121=EDGE_CURVE('',#2600,#2360,#3039,.T.);
#2122=EDGE_CURVE('',#2282,#2601,#3040,.T.);
#2123=EDGE_CURVE('',#2601,#2352,#3041,.T.);
#2124=EDGE_CURVE('',#2602,#2353,#3042,.T.);
#2125=EDGE_CURVE('',#2602,#2281,#3043,.T.);
#2126=EDGE_CURVE('',#2601,#2602,#3044,.T.);
#2127=EDGE_CURVE('',#2603,#2268,#257,.F.);
#2128=EDGE_CURVE('',#2604,#2603,#258,.F.);
#2129=EDGE_CURVE('',#2605,#2604,#3045,.T.);
#2130=EDGE_CURVE('',#2606,#2605,#259,.F.);
#2131=EDGE_CURVE('',#2607,#2606,#260,.F.);
#2132=EDGE_CURVE('',#2608,#2607,#261,.F.);
#2133=EDGE_CURVE('',#2609,#2608,#3046,.T.);
#2134=EDGE_CURVE('',#2610,#2609,#262,.T.);
#2135=EDGE_CURVE('',#2611,#2610,#263,.T.);
#2136=EDGE_CURVE('',#2612,#2611,#3047,.T.);
#2137=EDGE_CURVE('',#2613,#2612,#264,.T.);
#2138=EDGE_CURVE('',#2614,#2613,#265,.T.);
#2139=EDGE_CURVE('',#2615,#2614,#3048,.T.);
#2140=EDGE_CURVE('',#2616,#2615,#266,.T.);
#2141=EDGE_CURVE('',#2617,#2616,#267,.T.);
#2142=EDGE_CURVE('',#2618,#2617,#3049,.T.);
#2143=EDGE_CURVE('',#2619,#2618,#3050,.T.);
#2144=EDGE_CURVE('',#2620,#2619,#3051,.T.);
#2145=EDGE_CURVE('',#2621,#2620,#268,.F.);
#2146=EDGE_CURVE('',#2278,#2621,#269,.F.);
#2147=EDGE_CURVE('',#2622,#2277,#270,.F.);
#2148=EDGE_CURVE('',#2623,#2622,#271,.F.);
#2149=EDGE_CURVE('',#2624,#2623,#3052,.T.);
#2150=EDGE_CURVE('',#2625,#2624,#272,.F.);
#2151=EDGE_CURVE('',#2626,#2625,#273,.F.);
#2152=EDGE_CURVE('',#2627,#2626,#274,.F.);
#2153=EDGE_CURVE('',#2628,#2627,#3053,.T.);
#2154=EDGE_CURVE('',#2629,#2628,#275,.T.);
#2155=EDGE_CURVE('',#2630,#2629,#276,.T.);
#2156=EDGE_CURVE('',#2631,#2630,#3054,.T.);
#2157=EDGE_CURVE('',#2632,#2631,#277,.T.);
#2158=EDGE_CURVE('',#2633,#2632,#278,.T.);
#2159=EDGE_CURVE('',#2634,#2633,#3055,.T.);
#2160=EDGE_CURVE('',#2635,#2634,#279,.T.);
#2161=EDGE_CURVE('',#2636,#2635,#280,.T.);
#2162=EDGE_CURVE('',#2637,#2636,#3056,.T.);
#2163=EDGE_CURVE('',#2638,#2637,#3057,.T.);
#2164=EDGE_CURVE('',#2639,#2638,#3058,.T.);
#2165=EDGE_CURVE('',#2640,#2639,#281,.F.);
#2166=EDGE_CURVE('',#2269,#2640,#282,.F.);
#2167=EDGE_CURVE('',#2640,#2365,#3059,.T.);
#2168=EDGE_CURVE('',#2603,#2351,#3060,.T.);
#2169=EDGE_CURVE('',#2621,#2333,#3061,.T.);
#2170=EDGE_CURVE('',#2622,#2362,#3062,.T.);
#2171=EDGE_CURVE('',#2623,#2361,#3063,.T.);
#2172=EDGE_CURVE('',#2624,#2381,#3064,.T.);
#2173=EDGE_CURVE('',#2625,#2380,#3065,.T.);
#2174=EDGE_CURVE('',#2626,#2379,#3066,.T.);
#2175=EDGE_CURVE('',#2627,#2378,#3067,.T.);
#2176=EDGE_CURVE('',#2628,#2377,#3068,.T.);
#2177=EDGE_CURVE('',#2629,#2376,#3069,.T.);
#2178=EDGE_CURVE('',#2630,#2375,#3070,.T.);
#2179=EDGE_CURVE('',#2631,#2374,#3071,.T.);
#2180=EDGE_CURVE('',#2632,#2373,#3072,.T.);
#2181=EDGE_CURVE('',#2633,#2372,#3073,.T.);
#2182=EDGE_CURVE('',#2634,#2371,#3074,.T.);
#2183=EDGE_CURVE('',#2635,#2370,#3075,.T.);
#2184=EDGE_CURVE('',#2636,#2369,#3076,.T.);
#2185=EDGE_CURVE('',#2637,#2368,#3077,.T.);
#2186=EDGE_CURVE('',#2638,#2367,#3078,.T.);
#2187=EDGE_CURVE('',#2639,#2366,#3079,.T.);
#2188=EDGE_CURVE('',#2604,#2350,#3080,.T.);
#2189=EDGE_CURVE('',#2605,#2349,#3081,.T.);
#2190=EDGE_CURVE('',#2606,#2348,#3082,.T.);
#2191=EDGE_CURVE('',#2607,#2347,#3083,.T.);
#2192=EDGE_CURVE('',#2608,#2346,#3084,.T.);
#2193=EDGE_CURVE('',#2609,#2345,#3085,.T.);
#2194=EDGE_CURVE('',#2610,#2344,#3086,.T.);
#2195=EDGE_CURVE('',#2611,#2343,#3087,.T.);
#2196=EDGE_CURVE('',#2612,#2342,#3088,.T.);
#2197=EDGE_CURVE('',#2613,#2341,#3089,.T.);
#2198=EDGE_CURVE('',#2614,#2340,#3090,.T.);
#2199=EDGE_CURVE('',#2615,#2339,#3091,.T.);
#2200=EDGE_CURVE('',#2616,#2338,#3092,.T.);
#2201=EDGE_CURVE('',#2617,#2337,#3093,.T.);
#2202=EDGE_CURVE('',#2618,#2336,#3094,.T.);
#2203=EDGE_CURVE('',#2619,#2335,#3095,.T.);
#2204=EDGE_CURVE('',#2620,#2334,#3096,.T.);
#2205=EDGE_CURVE('',#2220,#2641,#3097,.T.);
#2206=EDGE_CURVE('',#2641,#2461,#3098,.T.);
#2207=EDGE_CURVE('',#2642,#2364,#3099,.T.);
#2208=EDGE_CURVE('',#2642,#2272,#3100,.T.);
#2209=EDGE_CURVE('',#2643,#2642,#283,.F.);
#2210=EDGE_CURVE('',#2274,#2643,#284,.F.);
#2211=EDGE_CURVE('',#2644,#2273,#3101,.T.);
#2212=EDGE_CURVE('',#2645,#2644,#3102,.T.);
#2213=EDGE_CURVE('',#2646,#2645,#285,.T.);
#2214=EDGE_CURVE('',#2641,#2646,#286,.T.);
#2215=EDGE_CURVE('',#2643,#2363,#3103,.T.);
#2216=EDGE_CURVE('',#2644,#2460,#3104,.T.);
#2217=EDGE_CURVE('',#2645,#2459,#3105,.T.);
#2218=EDGE_CURVE('',#2646,#2462,#3106,.T.);
#2219=VERTEX_POINT('',#5966);
#2220=VERTEX_POINT('',#5967);
#2221=VERTEX_POINT('',#5969);
#2222=VERTEX_POINT('',#5971);
#2223=VERTEX_POINT('',#5973);
#2224=VERTEX_POINT('',#5975);
#2225=VERTEX_POINT('',#5977);
#2226=VERTEX_POINT('',#5979);
#2227=VERTEX_POINT('',#5981);
#2228=VERTEX_POINT('',#5983);
#2229=VERTEX_POINT('',#5985);
#2230=VERTEX_POINT('',#5987);
#2231=VERTEX_POINT('',#5989);
#2232=VERTEX_POINT('',#5991);
#2233=VERTEX_POINT('',#5993);
#2234=VERTEX_POINT('',#5995);
#2235=VERTEX_POINT('',#5997);
#2236=VERTEX_POINT('',#5999);
#2237=VERTEX_POINT('',#6001);
#2238=VERTEX_POINT('',#6003);
#2239=VERTEX_POINT('',#6005);
#2240=VERTEX_POINT('',#6007);
#2241=VERTEX_POINT('',#6009);
#2242=VERTEX_POINT('',#6011);
#2243=VERTEX_POINT('',#6013);
#2244=VERTEX_POINT('',#6015);
#2245=VERTEX_POINT('',#6017);
#2246=VERTEX_POINT('',#6019);
#2247=VERTEX_POINT('',#6021);
#2248=VERTEX_POINT('',#6023);
#2249=VERTEX_POINT('',#6025);
#2250=VERTEX_POINT('',#6027);
#2251=VERTEX_POINT('',#6029);
#2252=VERTEX_POINT('',#6031);
#2253=VERTEX_POINT('',#6033);
#2254=VERTEX_POINT('',#6035);
#2255=VERTEX_POINT('',#6037);
#2256=VERTEX_POINT('',#6039);
#2257=VERTEX_POINT('',#6041);
#2258=VERTEX_POINT('',#6043);
#2259=VERTEX_POINT('',#6045);
#2260=VERTEX_POINT('',#6047);
#2261=VERTEX_POINT('',#6049);
#2262=VERTEX_POINT('',#6051);
#2263=VERTEX_POINT('',#6053);
#2264=VERTEX_POINT('',#6055);
#2265=VERTEX_POINT('',#6057);
#2266=VERTEX_POINT('',#6059);
#2267=VERTEX_POINT('',#6061);
#2268=VERTEX_POINT('',#6063);
#2269=VERTEX_POINT('',#6065);
#2270=VERTEX_POINT('',#6067);
#2271=VERTEX_POINT('',#6069);
#2272=VERTEX_POINT('',#6071);
#2273=VERTEX_POINT('',#6075);
#2274=VERTEX_POINT('',#6076);
#2275=VERTEX_POINT('',#6078);
#2276=VERTEX_POINT('',#6080);
#2277=VERTEX_POINT('',#6082);
#2278=VERTEX_POINT('',#6084);
#2279=VERTEX_POINT('',#6086);
#2280=VERTEX_POINT('',#6088);
#2281=VERTEX_POINT('',#6090);
#2282=VERTEX_POINT('',#6092);
#2283=VERTEX_POINT('',#6094);
#2284=VERTEX_POINT('',#6096);
#2285=VERTEX_POINT('',#6098);
#2286=VERTEX_POINT('',#6100);
#2287=VERTEX_POINT('',#6102);
#2288=VERTEX_POINT('',#6104);
#2289=VERTEX_POINT('',#6106);
#2290=VERTEX_POINT('',#6108);
#2291=VERTEX_POINT('',#6110);
#2292=VERTEX_POINT('',#6112);
#2293=VERTEX_POINT('',#6114);
#2294=VERTEX_POINT('',#6116);
#2295=VERTEX_POINT('',#6118);
#2296=VERTEX_POINT('',#6120);
#2297=VERTEX_POINT('',#6122);
#2298=VERTEX_POINT('',#6124);
#2299=VERTEX_POINT('',#6126);
#2300=VERTEX_POINT('',#6128);
#2301=VERTEX_POINT('',#6130);
#2302=VERTEX_POINT('',#6132);
#2303=VERTEX_POINT('',#6134);
#2304=VERTEX_POINT('',#6136);
#2305=VERTEX_POINT('',#6138);
#2306=VERTEX_POINT('',#6140);
#2307=VERTEX_POINT('',#6142);
#2308=VERTEX_POINT('',#6144);
#2309=VERTEX_POINT('',#6146);
#2310=VERTEX_POINT('',#6148);
#2311=VERTEX_POINT('',#6150);
#2312=VERTEX_POINT('',#6152);
#2313=VERTEX_POINT('',#6154);
#2314=VERTEX_POINT('',#6156);
#2315=VERTEX_POINT('',#6158);
#2316=VERTEX_POINT('',#6160);
#2317=VERTEX_POINT('',#6162);
#2318=VERTEX_POINT('',#6164);
#2319=VERTEX_POINT('',#6166);
#2320=VERTEX_POINT('',#6168);
#2321=VERTEX_POINT('',#6170);
#2322=VERTEX_POINT('',#6172);
#2323=VERTEX_POINT('',#6174);
#2324=VERTEX_POINT('',#6176);
#2325=VERTEX_POINT('',#6178);
#2326=VERTEX_POINT('',#6180);
#2327=VERTEX_POINT('',#6182);
#2328=VERTEX_POINT('',#6184);
#2329=VERTEX_POINT('',#6186);
#2330=VERTEX_POINT('',#6188);
#2331=VERTEX_POINT('',#6190);
#2332=VERTEX_POINT('',#6192);
#2333=VERTEX_POINT('',#6196);
#2334=VERTEX_POINT('',#6198);
#2335=VERTEX_POINT('',#6200);
#2336=VERTEX_POINT('',#6202);
#2337=VERTEX_POINT('',#6204);
#2338=VERTEX_POINT('',#6206);
#2339=VERTEX_POINT('',#6208);
#2340=VERTEX_POINT('',#6210);
#2341=VERTEX_POINT('',#6212);
#2342=VERTEX_POINT('',#6214);
#2343=VERTEX_POINT('',#6216);
#2344=VERTEX_POINT('',#6218);
#2345=VERTEX_POINT('',#6220);
#2346=VERTEX_POINT('',#6222);
#2347=VERTEX_POINT('',#6224);
#2348=VERTEX_POINT('',#6226);
#2349=VERTEX_POINT('',#6228);
#2350=VERTEX_POINT('',#6230);
#2351=VERTEX_POINT('',#6232);
#2352=VERTEX_POINT('',#6236);
#2353=VERTEX_POINT('',#6238);
#2354=VERTEX_POINT('',#6242);
#2355=VERTEX_POINT('',#6243);
#2356=VERTEX_POINT('',#6245);
#2357=VERTEX_POINT('',#6247);
#2358=VERTEX_POINT('',#6253);
#2359=VERTEX_POINT('',#6254);
#2360=VERTEX_POINT('',#6257);
#2361=VERTEX_POINT('',#6261);
#2362=VERTEX_POINT('',#6262);
#2363=VERTEX_POINT('',#6265);
#2364=VERTEX_POINT('',#6267);
#2365=VERTEX_POINT('',#6270);
#2366=VERTEX_POINT('',#6272);
#2367=VERTEX_POINT('',#6274);
#2368=VERTEX_POINT('',#6276);
#2369=VERTEX_POINT('',#6278);
#2370=VERTEX_POINT('',#6280);
#2371=VERTEX_POINT('',#6282);
#2372=VERTEX_POINT('',#6284);
#2373=VERTEX_POINT('',#6286);
#2374=VERTEX_POINT('',#6288);
#2375=VERTEX_POINT('',#6290);
#2376=VERTEX_POINT('',#6292);
#2377=VERTEX_POINT('',#6294);
#2378=VERTEX_POINT('',#6296);
#2379=VERTEX_POINT('',#6298);
#2380=VERTEX_POINT('',#6300);
#2381=VERTEX_POINT('',#6302);
#2382=VERTEX_POINT('',#6306);
#2383=VERTEX_POINT('',#6308);
#2384=VERTEX_POINT('',#6310);
#2385=VERTEX_POINT('',#6313);
#2386=VERTEX_POINT('',#6315);
#2387=VERTEX_POINT('',#6317);
#2388=VERTEX_POINT('',#6319);
#2389=VERTEX_POINT('',#6321);
#2390=VERTEX_POINT('',#6323);
#2391=VERTEX_POINT('',#6325);
#2392=VERTEX_POINT('',#6327);
#2393=VERTEX_POINT('',#6329);
#2394=VERTEX_POINT('',#6331);
#2395=VERTEX_POINT('',#6333);
#2396=VERTEX_POINT('',#6335);
#2397=VERTEX_POINT('',#6337);
#2398=VERTEX_POINT('',#6341);
#2399=VERTEX_POINT('',#6343);
#2400=VERTEX_POINT('',#6345);
#2401=VERTEX_POINT('',#6347);
#2402=VERTEX_POINT('',#6349);
#2403=VERTEX_POINT('',#6351);
#2404=VERTEX_POINT('',#6353);
#2405=VERTEX_POINT('',#6355);
#2406=VERTEX_POINT('',#6357);
#2407=VERTEX_POINT('',#6359);
#2408=VERTEX_POINT('',#6361);
#2409=VERTEX_POINT('',#6363);
#2410=VERTEX_POINT('',#6365);
#2411=VERTEX_POINT('',#6367);
#2412=VERTEX_POINT('',#6369);
#2413=VERTEX_POINT('',#6371);
#2414=VERTEX_POINT('',#6373);
#2415=VERTEX_POINT('',#6379);
#2416=VERTEX_POINT('',#6381);
#2417=VERTEX_POINT('',#6383);
#2418=VERTEX_POINT('',#6385);
#2419=VERTEX_POINT('',#6389);
#2420=VERTEX_POINT('',#6390);
#2421=VERTEX_POINT('',#6393);
#2422=VERTEX_POINT('',#6397);
#2423=VERTEX_POINT('',#6401);
#2424=VERTEX_POINT('',#6403);
#2425=VERTEX_POINT('',#6405);
#2426=VERTEX_POINT('',#6407);
#2427=VERTEX_POINT('',#6410);
#2428=VERTEX_POINT('',#6414);
#2429=VERTEX_POINT('',#6417);
#2430=VERTEX_POINT('',#6419);
#2431=VERTEX_POINT('',#6423);
#2432=VERTEX_POINT('',#6425);
#2433=VERTEX_POINT('',#6427);
#2434=VERTEX_POINT('',#6429);
#2435=VERTEX_POINT('',#6432);
#2436=VERTEX_POINT('',#6434);
#2437=VERTEX_POINT('',#6438);
#2438=VERTEX_POINT('',#6442);
#2439=VERTEX_POINT('',#6444);
#2440=VERTEX_POINT('',#6448);
#2441=VERTEX_POINT('',#6452);
#2442=VERTEX_POINT('',#6454);
#2443=VERTEX_POINT('',#6458);
#2444=VERTEX_POINT('',#6460);
#2445=VERTEX_POINT('',#6462);
#2446=VERTEX_POINT('',#6464);
#2447=VERTEX_POINT('',#6467);
#2448=VERTEX_POINT('',#6469);
#2449=VERTEX_POINT('',#6473);
#2450=VERTEX_POINT('',#6477);
#2451=VERTEX_POINT('',#6479);
#2452=VERTEX_POINT('',#6483);
#2453=VERTEX_POINT('',#6487);
#2454=VERTEX_POINT('',#6489);
#2455=VERTEX_POINT('',#6493);
#2456=VERTEX_POINT('',#6495);
#2457=VERTEX_POINT('',#6497);
#2458=VERTEX_POINT('',#6499);
#2459=VERTEX_POINT('',#6504);
#2460=VERTEX_POINT('',#6505);
#2461=VERTEX_POINT('',#6509);
#2462=VERTEX_POINT('',#6511);
#2463=VERTEX_POINT('',#6515);
#2464=VERTEX_POINT('',#6519);
#2465=VERTEX_POINT('',#6520);
#2466=VERTEX_POINT('',#6522);
#2467=VERTEX_POINT('',#6524);
#2468=VERTEX_POINT('',#6526);
#2469=VERTEX_POINT('',#6528);
#2470=VERTEX_POINT('',#6530);
#2471=VERTEX_POINT('',#6532);
#2472=VERTEX_POINT('',#6534);
#2473=VERTEX_POINT('',#6536);
#2474=VERTEX_POINT('',#6538);
#2475=VERTEX_POINT('',#6540);
#2476=VERTEX_POINT('',#6544);
#2477=VERTEX_POINT('',#6545);
#2478=VERTEX_POINT('',#6547);
#2479=VERTEX_POINT('',#6549);
#2480=VERTEX_POINT('',#6551);
#2481=VERTEX_POINT('',#6553);
#2482=VERTEX_POINT('',#6555);
#2483=VERTEX_POINT('',#6557);
#2484=VERTEX_POINT('',#6571);
#2485=VERTEX_POINT('',#6572);
#2486=VERTEX_POINT('',#6574);
#2487=VERTEX_POINT('',#6576);
#2488=VERTEX_POINT('',#6578);
#2489=VERTEX_POINT('',#6580);
#2490=VERTEX_POINT('',#6582);
#2491=VERTEX_POINT('',#6584);
#2492=VERTEX_POINT('',#6589);
#2493=VERTEX_POINT('',#6591);
#2494=VERTEX_POINT('',#6599);
#2495=VERTEX_POINT('',#6601);
#2496=VERTEX_POINT('',#6638);
#2497=VERTEX_POINT('',#6640);
#2498=VERTEX_POINT('',#6644);
#2499=VERTEX_POINT('',#6648);
#2500=VERTEX_POINT('',#6655);
#2501=VERTEX_POINT('',#6659);
#2502=VERTEX_POINT('',#6661);
#2503=VERTEX_POINT('',#6663);
#2504=VERTEX_POINT('',#6665);
#2505=VERTEX_POINT('',#6668);
#2506=VERTEX_POINT('',#6670);
#2507=VERTEX_POINT('',#6674);
#2508=VERTEX_POINT('',#6678);
#2509=VERTEX_POINT('',#6680);
#2510=VERTEX_POINT('',#6684);
#2511=VERTEX_POINT('',#6688);
#2512=VERTEX_POINT('',#6744);
#2513=VERTEX_POINT('',#6748);
#2514=VERTEX_POINT('',#6750);
#2515=VERTEX_POINT('',#6752);
#2516=VERTEX_POINT('',#6754);
#2517=VERTEX_POINT('',#6757);
#2518=VERTEX_POINT('',#6759);
#2519=VERTEX_POINT('',#6763);
#2520=VERTEX_POINT('',#6767);
#2521=VERTEX_POINT('',#6769);
#2522=VERTEX_POINT('',#6773);
#2523=VERTEX_POINT('',#6777);
#2524=VERTEX_POINT('',#6833);
#2525=VERTEX_POINT('',#6837);
#2526=VERTEX_POINT('',#6839);
#2527=VERTEX_POINT('',#6841);
#2528=VERTEX_POINT('',#6844);
#2529=VERTEX_POINT('',#6848);
#2530=VERTEX_POINT('',#6871);
#2531=VERTEX_POINT('',#6875);
#2532=VERTEX_POINT('',#6882);
#2533=VERTEX_POINT('',#6883);
#2534=VERTEX_POINT('',#6885);
#2535=VERTEX_POINT('',#6887);
#2536=VERTEX_POINT('',#6889);
#2537=VERTEX_POINT('',#6892);
#2538=VERTEX_POINT('',#6893);
#2539=VERTEX_POINT('',#6895);
#2540=VERTEX_POINT('',#6897);
#2541=VERTEX_POINT('',#6899);
#2542=VERTEX_POINT('',#6902);
#2543=VERTEX_POINT('',#6904);
#2544=VERTEX_POINT('',#6906);
#2545=VERTEX_POINT('',#6908);
#2546=VERTEX_POINT('',#6911);
#2547=VERTEX_POINT('',#6913);
#2548=VERTEX_POINT('',#6915);
#2549=VERTEX_POINT('',#6917);
#2550=VERTEX_POINT('',#6925);
#2551=VERTEX_POINT('',#6926);
#2552=VERTEX_POINT('',#6931);
#2553=VERTEX_POINT('',#6935);
#2554=VERTEX_POINT('',#6939);
#2555=VERTEX_POINT('',#6943);
#2556=VERTEX_POINT('',#6944);
#2557=VERTEX_POINT('',#6949);
#2558=VERTEX_POINT('',#6953);
#2559=VERTEX_POINT('',#6957);
#2560=VERTEX_POINT('',#6980);
#2561=VERTEX_POINT('',#6990);
#2562=VERTEX_POINT('',#6992);
#2563=VERTEX_POINT('',#6994);
#2564=VERTEX_POINT('',#7005);
#2565=VERTEX_POINT('',#7007);
#2566=VERTEX_POINT('',#7009);
#2567=VERTEX_POINT('',#7011);
#2568=VERTEX_POINT('',#7013);
#2569=VERTEX_POINT('',#7015);
#2570=VERTEX_POINT('',#7017);
#2571=VERTEX_POINT('',#7019);
#2572=VERTEX_POINT('',#7021);
#2573=VERTEX_POINT('',#7023);
#2574=VERTEX_POINT('',#7025);
#2575=VERTEX_POINT('',#7027);
#2576=VERTEX_POINT('',#7029);
#2577=VERTEX_POINT('',#7031);
#2578=VERTEX_POINT('',#7033);
#2579=VERTEX_POINT('',#7035);
#2580=VERTEX_POINT('',#7037);
#2581=VERTEX_POINT('',#7040);
#2582=VERTEX_POINT('',#7042);
#2583=VERTEX_POINT('',#7044);
#2584=VERTEX_POINT('',#7046);
#2585=VERTEX_POINT('',#7048);
#2586=VERTEX_POINT('',#7050);
#2587=VERTEX_POINT('',#7052);
#2588=VERTEX_POINT('',#7054);
#2589=VERTEX_POINT('',#7056);
#2590=VERTEX_POINT('',#7058);
#2591=VERTEX_POINT('',#7060);
#2592=VERTEX_POINT('',#7062);
#2593=VERTEX_POINT('',#7064);
#2594=VERTEX_POINT('',#7130);
#2595=VERTEX_POINT('',#7136);
#2596=VERTEX_POINT('',#7138);
#2597=VERTEX_POINT('',#7147);
#2598=VERTEX_POINT('',#7157);
#2599=VERTEX_POINT('',#7159);
#2600=VERTEX_POINT('',#7161);
#2601=VERTEX_POINT('',#7172);
#2602=VERTEX_POINT('',#7176);
#2603=VERTEX_POINT('',#7183);
#2604=VERTEX_POINT('',#7185);
#2605=VERTEX_POINT('',#7187);
#2606=VERTEX_POINT('',#7189);
#2607=VERTEX_POINT('',#7191);
#2608=VERTEX_POINT('',#7193);
#2609=VERTEX_POINT('',#7195);
#2610=VERTEX_POINT('',#7197);
#2611=VERTEX_POINT('',#7199);
#2612=VERTEX_POINT('',#7201);
#2613=VERTEX_POINT('',#7203);
#2614=VERTEX_POINT('',#7205);
#2615=VERTEX_POINT('',#7207);
#2616=VERTEX_POINT('',#7209);
#2617=VERTEX_POINT('',#7211);
#2618=VERTEX_POINT('',#7213);
#2619=VERTEX_POINT('',#7215);
#2620=VERTEX_POINT('',#7217);
#2621=VERTEX_POINT('',#7219);
#2622=VERTEX_POINT('',#7222);
#2623=VERTEX_POINT('',#7224);
#2624=VERTEX_POINT('',#7226);
#2625=VERTEX_POINT('',#7228);
#2626=VERTEX_POINT('',#7230);
#2627=VERTEX_POINT('',#7232);
#2628=VERTEX_POINT('',#7234);
#2629=VERTEX_POINT('',#7236);
#2630=VERTEX_POINT('',#7238);
#2631=VERTEX_POINT('',#7240);
#2632=VERTEX_POINT('',#7242);
#2633=VERTEX_POINT('',#7244);
#2634=VERTEX_POINT('',#7246);
#2635=VERTEX_POINT('',#7248);
#2636=VERTEX_POINT('',#7250);
#2637=VERTEX_POINT('',#7252);
#2638=VERTEX_POINT('',#7254);
#2639=VERTEX_POINT('',#7256);
#2640=VERTEX_POINT('',#7258);
#2641=VERTEX_POINT('',#7340);
#2642=VERTEX_POINT('',#7344);
#2643=VERTEX_POINT('',#7348);
#2644=VERTEX_POINT('',#7351);
#2645=VERTEX_POINT('',#7353);
#2646=VERTEX_POINT('',#7355);
#2647=LINE('',#5965,#3107);
#2648=LINE('',#5968,#3108);
#2649=LINE('',#5970,#3109);
#2650=LINE('',#5972,#3110);
#2651=LINE('',#5976,#3111);
#2652=LINE('',#5978,#3112);
#2653=LINE('',#5980,#3113);
#2654=LINE('',#5982,#3114);
#2655=LINE('',#5984,#3115);
#2656=LINE('',#5986,#3116);
#2657=LINE('',#5988,#3117);
#2658=LINE('',#5990,#3118);
#2659=LINE('',#5992,#3119);
#2660=LINE('',#5994,#3120);
#2661=LINE('',#5996,#3121);
#2662=LINE('',#5998,#3122);
#2663=LINE('',#6000,#3123);
#2664=LINE('',#6002,#3124);
#2665=LINE('',#6004,#3125);
#2666=LINE('',#6006,#3126);
#2667=LINE('',#6008,#3127);
#2668=LINE('',#6010,#3128);
#2669=LINE('',#6012,#3129);
#2670=LINE('',#6014,#3130);
#2671=LINE('',#6016,#3131);
#2672=LINE('',#6018,#3132);
#2673=LINE('',#6020,#3133);
#2674=LINE('',#6022,#3134);
#2675=LINE('',#6024,#3135);
#2676=LINE('',#6026,#3136);
#2677=LINE('',#6028,#3137);
#2678=LINE('',#6030,#3138);
#2679=LINE('',#6032,#3139);
#2680=LINE('',#6034,#3140);
#2681=LINE('',#6036,#3141);
#2682=LINE('',#6038,#3142);
#2683=LINE('',#6040,#3143);
#2684=LINE('',#6042,#3144);
#2685=LINE('',#6044,#3145);
#2686=LINE('',#6046,#3146);
#2687=LINE('',#6048,#3147);
#2688=LINE('',#6050,#3148);
#2689=LINE('',#6052,#3149);
#2690=LINE('',#6054,#3150);
#2691=LINE('',#6056,#3151);
#2692=LINE('',#6058,#3152);
#2693=LINE('',#6060,#3153);
#2694=LINE('',#6062,#3154);
#2695=LINE('',#6064,#3155);
#2696=LINE('',#6066,#3156);
#2697=LINE('',#6068,#3157);
#2698=LINE('',#6070,#3158);
#2699=LINE('',#6072,#3159);
#2700=LINE('',#6074,#3160);
#2701=LINE('',#6077,#3161);
#2702=LINE('',#6079,#3162);
#2703=LINE('',#6081,#3163);
#2704=LINE('',#6083,#3164);
#2705=LINE('',#6085,#3165);
#2706=LINE('',#6087,#3166);
#2707=LINE('',#6089,#3167);
#2708=LINE('',#6091,#3168);
#2709=LINE('',#6093,#3169);
#2710=LINE('',#6095,#3170);
#2711=LINE('',#6097,#3171);
#2712=LINE('',#6099,#3172);
#2713=LINE('',#6101,#3173);
#2714=LINE('',#6103,#3174);
#2715=LINE('',#6105,#3175);
#2716=LINE('',#6107,#3176);
#2717=LINE('',#6109,#3177);
#2718=LINE('',#6111,#3178);
#2719=LINE('',#6113,#3179);
#2720=LINE('',#6115,#3180);
#2721=LINE('',#6117,#3181);
#2722=LINE('',#6119,#3182);
#2723=LINE('',#6121,#3183);
#2724=LINE('',#6123,#3184);
#2725=LINE('',#6125,#3185);
#2726=LINE('',#6127,#3186);
#2727=LINE('',#6129,#3187);
#2728=LINE('',#6131,#3188);
#2729=LINE('',#6133,#3189);
#2730=LINE('',#6135,#3190);
#2731=LINE('',#6137,#3191);
#2732=LINE('',#6139,#3192);
#2733=LINE('',#6141,#3193);
#2734=LINE('',#6143,#3194);
#2735=LINE('',#6145,#3195);
#2736=LINE('',#6147,#3196);
#2737=LINE('',#6149,#3197);
#2738=LINE('',#6151,#3198);
#2739=LINE('',#6153,#3199);
#2740=LINE('',#6155,#3200);
#2741=LINE('',#6157,#3201);
#2742=LINE('',#6159,#3202);
#2743=LINE('',#6161,#3203);
#2744=LINE('',#6163,#3204);
#2745=LINE('',#6165,#3205);
#2746=LINE('',#6167,#3206);
#2747=LINE('',#6169,#3207);
#2748=LINE('',#6171,#3208);
#2749=LINE('',#6173,#3209);
#2750=LINE('',#6175,#3210);
#2751=LINE('',#6177,#3211);
#2752=LINE('',#6179,#3212);
#2753=LINE('',#6181,#3213);
#2754=LINE('',#6183,#3214);
#2755=LINE('',#6185,#3215);
#2756=LINE('',#6187,#3216);
#2757=LINE('',#6189,#3217);
#2758=LINE('',#6191,#3218);
#2759=LINE('',#6193,#3219);
#2760=LINE('',#6199,#3220);
#2761=LINE('',#6201,#3221);
#2762=LINE('',#6203,#3222);
#2763=LINE('',#6209,#3223);
#2764=LINE('',#6215,#3224);
#2765=LINE('',#6221,#3225);
#2766=LINE('',#6229,#3226);
#2767=LINE('',#6234,#3227);
#2768=LINE('',#6235,#3228);
#2769=LINE('',#6237,#3229);
#2770=LINE('',#6239,#3230);
#2771=LINE('',#6241,#3231);
#2772=LINE('',#6244,#3232);
#2773=LINE('',#6246,#3233);
#2774=LINE('',#6248,#3234);
#2775=LINE('',#6249,#3235);
#2776=LINE('',#6250,#3236);
#2777=LINE('',#6252,#3237);
#2778=LINE('',#6255,#3238);
#2779=LINE('',#6256,#3239);
#2780=LINE('',#6258,#3240);
#2781=LINE('',#6268,#3241);
#2782=LINE('',#6273,#3242);
#2783=LINE('',#6275,#3243);
#2784=LINE('',#6277,#3244);
#2785=LINE('',#6283,#3245);
#2786=LINE('',#6289,#3246);
#2787=LINE('',#6295,#3247);
#2788=LINE('',#6303,#3248);
#2789=LINE('',#6305,#3249);
#2790=LINE('',#6307,#3250);
#2791=LINE('',#6309,#3251);
#2792=LINE('',#6311,#3252);
#2793=LINE('',#6316,#3253);
#2794=LINE('',#6324,#3254);
#2795=LINE('',#6330,#3255);
#2796=LINE('',#6336,#3256);
#2797=LINE('',#6338,#3257);
#2798=LINE('',#6340,#3258);
#2799=LINE('',#6348,#3259);
#2800=LINE('',#6354,#3260);
#2801=LINE('',#6360,#3261);
#2802=LINE('',#6366,#3262);
#2803=LINE('',#6368,#3263);
#2804=LINE('',#6370,#3264);
#2805=LINE('',#6375,#3265);
#2806=LINE('',#6377,#3266);
#2807=LINE('',#6382,#3267);
#2808=LINE('',#6388,#3268);
#2809=LINE('',#6391,#3269);
#2810=LINE('',#6392,#3270);
#2811=LINE('',#6394,#3271);
#2812=LINE('',#6396,#3272);
#2813=LINE('',#6398,#3273);
#2814=LINE('',#6404,#3274);
#2815=LINE('',#6415,#3275);
#2816=LINE('',#6416,#3276);
#2817=LINE('',#6418,#3277);
#2818=LINE('',#6420,#3278);
#2819=LINE('',#6422,#3279);
#2820=LINE('',#6428,#3280);
#2821=LINE('',#6430,#3281);
#2822=LINE('',#6431,#3282);
#2823=LINE('',#6433,#3283);
#2824=LINE('',#6443,#3284);
#2825=LINE('',#6453,#3285);
#2826=LINE('',#6455,#3286);
#2827=LINE('',#6461,#3287);
#2828=LINE('',#6466,#3288);
#2829=LINE('',#6468,#3289);
#2830=LINE('',#6478,#3290);
#2831=LINE('',#6488,#3291);
#2832=LINE('',#6490,#3292);
#2833=LINE('',#6496,#3293);
#2834=LINE('',#6501,#3294);
#2835=LINE('',#6503,#3295);
#2836=LINE('',#6506,#3296);
#2837=LINE('',#6507,#3297);
#2838=LINE('',#6508,#3298);
#2839=LINE('',#6514,#3299);
#2840=LINE('',#6516,#3300);
#2841=LINE('',#6518,#3301);
#2842=LINE('',#6523,#3302);
#2843=LINE('',#6527,#3303);
#2844=LINE('',#6529,#3304);
#2845=LINE('',#6531,#3305);
#2846=LINE('',#6533,#3306);
#2847=LINE('',#6537,#3307);
#2848=LINE('',#6539,#3308);
#2849=LINE('',#6541,#3309);
#2850=LINE('',#6543,#3310);
#2851=LINE('',#6546,#3311);
#2852=LINE('',#6548,#3312);
#2853=LINE('',#6550,#3313);
#2854=LINE('',#6552,#3314);
#2855=LINE('',#6556,#3315);
#2856=LINE('',#6558,#3316);
#2857=LINE('',#6560,#3317);
#2858=LINE('',#6561,#3318);
#2859=LINE('',#6563,#3319);
#2860=LINE('',#6564,#3320);
#2861=LINE('',#6566,#3321);
#2862=LINE('',#6568,#3322);
#2863=LINE('',#6570,#3323);
#2864=LINE('',#6573,#3324);
#2865=LINE('',#6575,#3325);
#2866=LINE('',#6577,#3326);
#2867=LINE('',#6579,#3327);
#2868=LINE('',#6581,#3328);
#2869=LINE('',#6583,#3329);
#2870=LINE('',#6590,#3330);
#2871=LINE('',#6609,#3331);
#2872=LINE('',#6611,#3332);
#2873=LINE('',#6613,#3333);
#2874=LINE('',#6615,#3334);
#2875=LINE('',#6637,#3335);
#2876=LINE('',#6639,#3336);
#2877=LINE('',#6641,#3337);
#2878=LINE('',#6643,#3338);
#2879=LINE('',#6645,#3339);
#2880=LINE('',#6647,#3340);
#2881=LINE('',#6649,#3341);
#2882=LINE('',#6651,#3342);
#2883=LINE('',#6654,#3343);
#2884=LINE('',#6656,#3344);
#2885=LINE('',#6662,#3345);
#2886=LINE('',#6667,#3346);
#2887=LINE('',#6669,#3347);
#2888=LINE('',#6679,#3348);
#2889=LINE('',#6689,#3349);
#2890=LINE('',#6691,#3350);
#2891=LINE('',#6693,#3351);
#2892=LINE('',#6695,#3352);
#2893=LINE('',#6697,#3353);
#2894=LINE('',#6706,#3354);
#2895=LINE('',#6715,#3355);
#2896=LINE('',#6717,#3356);
#2897=LINE('',#6726,#3357);
#2898=LINE('',#6735,#3358);
#2899=LINE('',#6738,#3359);
#2900=LINE('',#6740,#3360);
#2901=LINE('',#6743,#3361);
#2902=LINE('',#6745,#3362);
#2903=LINE('',#6751,#3363);
#2904=LINE('',#6756,#3364);
#2905=LINE('',#6758,#3365);
#2906=LINE('',#6768,#3366);
#2907=LINE('',#6778,#3367);
#2908=LINE('',#6780,#3368);
#2909=LINE('',#6782,#3369);
#2910=LINE('',#6784,#3370);
#2911=LINE('',#6786,#3371);
#2912=LINE('',#6795,#3372);
#2913=LINE('',#6804,#3373);
#2914=LINE('',#6806,#3374);
#2915=LINE('',#6815,#3375);
#2916=LINE('',#6824,#3376);
#2917=LINE('',#6827,#3377);
#2918=LINE('',#6829,#3378);
#2919=LINE('',#6832,#3379);
#2920=LINE('',#6834,#3380);
#2921=LINE('',#6836,#3381);
#2922=LINE('',#6842,#3382);
#2923=LINE('',#6843,#3383);
#2924=LINE('',#6851,#3384);
#2925=LINE('',#6853,#3385);
#2926=LINE('',#6855,#3386);
#2927=LINE('',#6865,#3387);
#2928=LINE('',#6867,#3388);
#2929=LINE('',#6870,#3389);
#2930=LINE('',#6872,#3390);
#2931=LINE('',#6874,#3391);
#2932=LINE('',#6876,#3392);
#2933=LINE('',#6878,#3393);
#2934=LINE('',#6881,#3394);
#2935=LINE('',#6884,#3395);
#2936=LINE('',#6890,#3396);
#2937=LINE('',#6891,#3397);
#2938=LINE('',#6894,#3398);
#2939=LINE('',#6896,#3399);
#2940=LINE('',#6905,#3400);
#2941=LINE('',#6914,#3401);
#2942=LINE('',#6920,#3402);
#2943=LINE('',#6922,#3403);
#2944=LINE('',#6924,#3404);
#2945=LINE('',#6927,#3405);
#2946=LINE('',#6928,#3406);
#2947=LINE('',#6930,#3407);
#2948=LINE('',#6932,#3408);
#2949=LINE('',#6936,#3409);
#2950=LINE('',#6940,#3410);
#2951=LINE('',#6942,#3411);
#2952=LINE('',#6945,#3412);
#2953=LINE('',#6946,#3413);
#2954=LINE('',#6948,#3414);
#2955=LINE('',#6950,#3415);
#2956=LINE('',#6952,#3416);
#2957=LINE('',#6954,#3417);
#2958=LINE('',#6958,#3418);
#2959=LINE('',#6960,#3419);
#2960=LINE('',#6962,#3420);
#2961=LINE('',#6964,#3421);
#2962=LINE('',#6966,#3422);
#2963=LINE('',#6969,#3423);
#2964=LINE('',#6971,#3424);
#2965=LINE('',#6976,#3425);
#2966=LINE('',#6979,#3426);
#2967=LINE('',#6981,#3427);
#2968=LINE('',#6983,#3428);
#2969=LINE('',#6985,#3429);
#2970=LINE('',#6987,#3430);
#2971=LINE('',#6989,#3431);
#2972=LINE('',#6991,#3432);
#2973=LINE('',#6993,#3433);
#2974=LINE('',#6995,#3434);
#2975=LINE('',#6997,#3435);
#2976=LINE('',#6999,#3436);
#2977=LINE('',#7001,#3437);
#2978=LINE('',#7008,#3438);
#2979=LINE('',#7010,#3439);
#2980=LINE('',#7012,#3440);
#2981=LINE('',#7018,#3441);
#2982=LINE('',#7024,#3442);
#2983=LINE('',#7030,#3443);
#2984=LINE('',#7038,#3444);
#2985=LINE('',#7039,#3445);
#2986=LINE('',#7041,#3446);
#2987=LINE('',#7047,#3447);
#2988=LINE('',#7053,#3448);
#2989=LINE('',#7061,#3449);
#2990=LINE('',#7067,#3450);
#2991=LINE('',#7069,#3451);
#2992=LINE('',#7071,#3452);
#2993=LINE('',#7073,#3453);
#2994=LINE('',#7075,#3454);
#2995=LINE('',#7077,#3455);
#2996=LINE('',#7079,#3456);
#2997=LINE('',#7081,#3457);
#2998=LINE('',#7083,#3458);
#2999=LINE('',#7085,#3459);
#3000=LINE('',#7087,#3460);
#3001=LINE('',#7089,#3461);
#3002=LINE('',#7091,#3462);
#3003=LINE('',#7093,#3463);
#3004=LINE('',#7095,#3464);
#3005=LINE('',#7098,#3465);
#3006=LINE('',#7100,#3466);
#3007=LINE('',#7102,#3467);
#3008=LINE('',#7104,#3468);
#3009=LINE('',#7106,#3469);
#3010=LINE('',#7108,#3470);
#3011=LINE('',#7110,#3471);
#3012=LINE('',#7112,#3472);
#3013=LINE('',#7114,#3473);
#3014=LINE('',#7116,#3474);
#3015=LINE('',#7118,#3475);
#3016=LINE('',#7120,#3476);
#3017=LINE('',#7122,#3477);
#3018=LINE('',#7124,#3478);
#3019=LINE('',#7126,#3479);
#3020=LINE('',#7129,#3480);
#3021=LINE('',#7131,#3481);
#3022=LINE('',#7133,#3482);
#3023=LINE('',#7135,#3483);
#3024=LINE('',#7137,#3484);
#3025=LINE('',#7139,#3485);
#3026=LINE('',#7141,#3486);
#3027=LINE('',#7143,#3487);
#3028=LINE('',#7146,#3488);
#3029=LINE('',#7148,#3489);
#3030=LINE('',#7150,#3490);
#3031=LINE('',#7152,#3491);
#3032=LINE('',#7154,#3492);
#3033=LINE('',#7156,#3493);
#3034=LINE('',#7158,#3494);
#3035=LINE('',#7160,#3495);
#3036=LINE('',#7162,#3496);
#3037=LINE('',#7164,#3497);
#3038=LINE('',#7166,#3498);
#3039=LINE('',#7168,#3499);
#3040=LINE('',#7171,#3500);
#3041=LINE('',#7173,#3501);
#3042=LINE('',#7175,#3502);
#3043=LINE('',#7177,#3503);
#3044=LINE('',#7179,#3504);
#3045=LINE('',#7186,#3505);
#3046=LINE('',#7194,#3506);
#3047=LINE('',#7200,#3507);
#3048=LINE('',#7206,#3508);
#3049=LINE('',#7212,#3509);
#3050=LINE('',#7214,#3510);
#3051=LINE('',#7216,#3511);
#3052=LINE('',#7225,#3512);
#3053=LINE('',#7233,#3513);
#3054=LINE('',#7239,#3514);
#3055=LINE('',#7245,#3515);
#3056=LINE('',#7251,#3516);
#3057=LINE('',#7253,#3517);
#3058=LINE('',#7255,#3518);
#3059=LINE('',#7261,#3519);
#3060=LINE('',#7263,#3520);
#3061=LINE('',#7265,#3521);
#3062=LINE('',#7267,#3522);
#3063=LINE('',#7269,#3523);
#3064=LINE('',#7271,#3524);
#3065=LINE('',#7273,#3525);
#3066=LINE('',#7275,#3526);
#3067=LINE('',#7277,#3527);
#3068=LINE('',#7279,#3528);
#3069=LINE('',#7281,#3529);
#3070=LINE('',#7283,#3530);
#3071=LINE('',#7285,#3531);
#3072=LINE('',#7287,#3532);
#3073=LINE('',#7289,#3533);
#3074=LINE('',#7291,#3534);
#3075=LINE('',#7293,#3535);
#3076=LINE('',#7295,#3536);
#3077=LINE('',#7297,#3537);
#3078=LINE('',#7299,#3538);
#3079=LINE('',#7301,#3539);
#3080=LINE('',#7304,#3540);
#3081=LINE('',#7306,#3541);
#3082=LINE('',#7308,#3542);
#3083=LINE('',#7310,#3543);
#3084=LINE('',#7312,#3544);
#3085=LINE('',#7314,#3545);
#3086=LINE('',#7316,#3546);
#3087=LINE('',#7318,#3547);
#3088=LINE('',#7320,#3548);
#3089=LINE('',#7322,#3549);
#3090=LINE('',#7324,#3550);
#3091=LINE('',#7326,#3551);
#3092=LINE('',#7328,#3552);
#3093=LINE('',#7330,#3553);
#3094=LINE('',#7332,#3554);
#3095=LINE('',#7334,#3555);
#3096=LINE('',#7336,#3556);
#3097=LINE('',#7339,#3557);
#3098=LINE('',#7341,#3558);
#3099=LINE('',#7343,#3559);
#3100=LINE('',#7345,#3560);
#3101=LINE('',#7350,#3561);
#3102=LINE('',#7352,#3562);
#3103=LINE('',#7358,#3563);
#3104=LINE('',#7360,#3564);
#3105=LINE('',#7362,#3565);
#3106=LINE('',#7364,#3566);
#3107=VECTOR('',#4757,1.);
#3108=VECTOR('',#4758,1.);
#3109=VECTOR('',#4759,1.);
#3110=VECTOR('',#4760,1.);
#3111=VECTOR('',#4763,1.);
#3112=VECTOR('',#4764,1.);
#3113=VECTOR('',#4765,1.);
#3114=VECTOR('',#4766,1.);
#3115=VECTOR('',#4767,1.);
#3116=VECTOR('',#4768,1.);
#3117=VECTOR('',#4769,1.);
#3118=VECTOR('',#4770,1.);
#3119=VECTOR('',#4771,1.);
#3120=VECTOR('',#4772,1.);
#3121=VECTOR('',#4773,1.);
#3122=VECTOR('',#4774,1.);
#3123=VECTOR('',#4775,1.);
#3124=VECTOR('',#4776,1.);
#3125=VECTOR('',#4777,1.);
#3126=VECTOR('',#4778,1.);
#3127=VECTOR('',#4779,1.);
#3128=VECTOR('',#4780,1.);
#3129=VECTOR('',#4781,1.);
#3130=VECTOR('',#4782,1.);
#3131=VECTOR('',#4783,1.);
#3132=VECTOR('',#4784,1.);
#3133=VECTOR('',#4785,1.);
#3134=VECTOR('',#4786,1.);
#3135=VECTOR('',#4787,1.);
#3136=VECTOR('',#4788,1.);
#3137=VECTOR('',#4789,1.);
#3138=VECTOR('',#4790,1.);
#3139=VECTOR('',#4791,1.);
#3140=VECTOR('',#4792,1.);
#3141=VECTOR('',#4793,1.);
#3142=VECTOR('',#4794,1.);
#3143=VECTOR('',#4795,1.);
#3144=VECTOR('',#4796,1.);
#3145=VECTOR('',#4797,1.);
#3146=VECTOR('',#4798,1.);
#3147=VECTOR('',#4799,1.);
#3148=VECTOR('',#4800,1.);
#3149=VECTOR('',#4801,1.);
#3150=VECTOR('',#4802,1.);
#3151=VECTOR('',#4803,1.);
#3152=VECTOR('',#4804,1.);
#3153=VECTOR('',#4805,1.);
#3154=VECTOR('',#4806,1.);
#3155=VECTOR('',#4807,1.);
#3156=VECTOR('',#4808,1.);
#3157=VECTOR('',#4809,1.);
#3158=VECTOR('',#4810,1.);
#3159=VECTOR('',#4811,1.);
#3160=VECTOR('',#4814,1.);
#3161=VECTOR('',#4815,1.);
#3162=VECTOR('',#4816,1.);
#3163=VECTOR('',#4817,1.);
#3164=VECTOR('',#4818,1.);
#3165=VECTOR('',#4819,1.);
#3166=VECTOR('',#4820,1.);
#3167=VECTOR('',#4821,1.);
#3168=VECTOR('',#4822,1.);
#3169=VECTOR('',#4823,1.);
#3170=VECTOR('',#4824,1.);
#3171=VECTOR('',#4825,1.);
#3172=VECTOR('',#4826,1.);
#3173=VECTOR('',#4827,1.);
#3174=VECTOR('',#4828,1.);
#3175=VECTOR('',#4829,1.);
#3176=VECTOR('',#4830,1.);
#3177=VECTOR('',#4831,1.);
#3178=VECTOR('',#4832,1.);
#3179=VECTOR('',#4833,1.);
#3180=VECTOR('',#4834,1.);
#3181=VECTOR('',#4835,1.);
#3182=VECTOR('',#4836,1.);
#3183=VECTOR('',#4837,1.);
#3184=VECTOR('',#4838,1.);
#3185=VECTOR('',#4839,1.);
#3186=VECTOR('',#4840,1.);
#3187=VECTOR('',#4841,1.);
#3188=VECTOR('',#4842,1.);
#3189=VECTOR('',#4843,1.);
#3190=VECTOR('',#4844,1.);
#3191=VECTOR('',#4845,1.);
#3192=VECTOR('',#4846,1.);
#3193=VECTOR('',#4847,1.);
#3194=VECTOR('',#4848,1.);
#3195=VECTOR('',#4849,1.);
#3196=VECTOR('',#4850,1.);
#3197=VECTOR('',#4851,1.);
#3198=VECTOR('',#4852,1.);
#3199=VECTOR('',#4853,1.);
#3200=VECTOR('',#4854,1.);
#3201=VECTOR('',#4855,1.);
#3202=VECTOR('',#4856,1.);
#3203=VECTOR('',#4857,1.);
#3204=VECTOR('',#4858,1.);
#3205=VECTOR('',#4859,1.);
#3206=VECTOR('',#4860,1.);
#3207=VECTOR('',#4861,1.);
#3208=VECTOR('',#4862,1.);
#3209=VECTOR('',#4863,1.);
#3210=VECTOR('',#4864,1.);
#3211=VECTOR('',#4865,1.);
#3212=VECTOR('',#4866,1.);
#3213=VECTOR('',#4867,1.);
#3214=VECTOR('',#4868,1.);
#3215=VECTOR('',#4869,1.);
#3216=VECTOR('',#4870,1.);
#3217=VECTOR('',#4871,1.);
#3218=VECTOR('',#4872,1.);
#3219=VECTOR('',#4873,1.);
#3220=VECTOR('',#4880,1.);
#3221=VECTOR('',#4881,1.);
#3222=VECTOR('',#4882,1.);
#3223=VECTOR('',#4887,1.);
#3224=VECTOR('',#4892,1.);
#3225=VECTOR('',#4897,1.);
#3226=VECTOR('',#4904,1.);
#3227=VECTOR('',#4909,1.);
#3228=VECTOR('',#4910,1.);
#3229=VECTOR('',#4911,1.);
#3230=VECTOR('',#4912,1.);
#3231=VECTOR('',#4915,1.);
#3232=VECTOR('',#4916,1.);
#3233=VECTOR('',#4917,1.);
#3234=VECTOR('',#4918,1.);
#3235=VECTOR('',#4919,1.);
#3236=VECTOR('',#4920,1.);
#3237=VECTOR('',#4923,1.);
#3238=VECTOR('',#4924,1.);
#3239=VECTOR('',#4925,1.);
#3240=VECTOR('',#4926,1.);
#3241=VECTOR('',#4937,1.);
#3242=VECTOR('',#4942,1.);
#3243=VECTOR('',#4943,1.);
#3244=VECTOR('',#4944,1.);
#3245=VECTOR('',#4949,1.);
#3246=VECTOR('',#4954,1.);
#3247=VECTOR('',#4959,1.);
#3248=VECTOR('',#4966,1.);
#3249=VECTOR('',#4969,1.);
#3250=VECTOR('',#4970,1.);
#3251=VECTOR('',#4971,1.);
#3252=VECTOR('',#4972,1.);
#3253=VECTOR('',#4977,1.);
#3254=VECTOR('',#4984,1.);
#3255=VECTOR('',#4989,1.);
#3256=VECTOR('',#4994,1.);
#3257=VECTOR('',#4995,1.);
#3258=VECTOR('',#4998,1.);
#3259=VECTOR('',#5005,1.);
#3260=VECTOR('',#5010,1.);
#3261=VECTOR('',#5015,1.);
#3262=VECTOR('',#5020,1.);
#3263=VECTOR('',#5021,1.);
#3264=VECTOR('',#5022,1.);
#3265=VECTOR('',#5027,1.);
#3266=VECTOR('',#5030,1.);
#3267=VECTOR('',#5035,1.);
#3268=VECTOR('',#5042,1.);
#3269=VECTOR('',#5043,1.);
#3270=VECTOR('',#5044,1.);
#3271=VECTOR('',#5045,1.);
#3272=VECTOR('',#5048,1.);
#3273=VECTOR('',#5049,1.);
#3274=VECTOR('',#5056,1.);
#3275=VECTOR('',#5063,1.);
#3276=VECTOR('',#5064,1.);
#3277=VECTOR('',#5065,1.);
#3278=VECTOR('',#5066,1.);
#3279=VECTOR('',#5069,1.);
#3280=VECTOR('',#5074,1.);
#3281=VECTOR('',#5075,1.);
#3282=VECTOR('',#5076,1.);
#3283=VECTOR('',#5077,1.);
#3284=VECTOR('',#5078,1.);
#3285=VECTOR('',#5079,1.);
#3286=VECTOR('',#5080,1.);
#3287=VECTOR('',#5087,1.);
#3288=VECTOR('',#5092,1.);
#3289=VECTOR('',#5093,1.);
#3290=VECTOR('',#5094,1.);
#3291=VECTOR('',#5095,1.);
#3292=VECTOR('',#5096,1.);
#3293=VECTOR('',#5103,1.);
#3294=VECTOR('',#5108,1.);
#3295=VECTOR('',#5111,1.);
#3296=VECTOR('',#5112,1.);
#3297=VECTOR('',#5113,1.);
#3298=VECTOR('',#5114,1.);
#3299=VECTOR('',#5121,1.);
#3300=VECTOR('',#5122,1.);
#3301=VECTOR('',#5125,1.);
#3302=VECTOR('',#5128,1.);
#3303=VECTOR('',#5131,1.);
#3304=VECTOR('',#5132,1.);
#3305=VECTOR('',#5133,1.);
#3306=VECTOR('',#5134,1.);
#3307=VECTOR('',#5137,1.);
#3308=VECTOR('',#5138,1.);
#3309=VECTOR('',#5139,1.);
#3310=VECTOR('',#5142,1.);
#3311=VECTOR('',#5143,1.);
#3312=VECTOR('',#5144,1.);
#3313=VECTOR('',#5145,1.);
#3314=VECTOR('',#5146,1.);
#3315=VECTOR('',#5149,1.);
#3316=VECTOR('',#5150,1.);
#3317=VECTOR('',#5153,1.);
#3318=VECTOR('',#5154,1.);
#3319=VECTOR('',#5157,1.);
#3320=VECTOR('',#5158,1.);
#3321=VECTOR('',#5161,1.);
#3322=VECTOR('',#5164,1.);
#3323=VECTOR('',#5167,1.);
#3324=VECTOR('',#5168,1.);
#3325=VECTOR('',#5169,1.);
#3326=VECTOR('',#5170,1.);
#3327=VECTOR('',#5171,1.);
#3328=VECTOR('',#5172,1.);
#3329=VECTOR('',#5173,1.);
#3330=VECTOR('',#5182,1.);
#3331=VECTOR('',#5197,1.);
#3332=VECTOR('',#5200,1.);
#3333=VECTOR('',#5203,1.);
#3334=VECTOR('',#5206,1.);
#3335=VECTOR('',#5233,1.);
#3336=VECTOR('',#5234,1.);
#3337=VECTOR('',#5235,1.);
#3338=VECTOR('',#5238,1.);
#3339=VECTOR('',#5239,1.);
#3340=VECTOR('',#5242,1.);
#3341=VECTOR('',#5243,1.);
#3342=VECTOR('',#5246,1.);
#3343=VECTOR('',#5251,1.);
#3344=VECTOR('',#5252,1.);
#3345=VECTOR('',#5259,1.);
#3346=VECTOR('',#5264,1.);
#3347=VECTOR('',#5265,1.);
#3348=VECTOR('',#5266,1.);
#3349=VECTOR('',#5267,1.);
#3350=VECTOR('',#5270,1.);
#3351=VECTOR('',#5273,1.);
#3352=VECTOR('',#5276,1.);
#3353=VECTOR('',#5279,1.);
#3354=VECTOR('',#5280,1.);
#3355=VECTOR('',#5281,1.);
#3356=VECTOR('',#5284,1.);
#3357=VECTOR('',#5285,1.);
#3358=VECTOR('',#5286,1.);
#3359=VECTOR('',#5291,1.);
#3360=VECTOR('',#5294,1.);
#3361=VECTOR('',#5299,1.);
#3362=VECTOR('',#5300,1.);
#3363=VECTOR('',#5307,1.);
#3364=VECTOR('',#5312,1.);
#3365=VECTOR('',#5313,1.);
#3366=VECTOR('',#5314,1.);
#3367=VECTOR('',#5315,1.);
#3368=VECTOR('',#5318,1.);
#3369=VECTOR('',#5321,1.);
#3370=VECTOR('',#5324,1.);
#3371=VECTOR('',#5327,1.);
#3372=VECTOR('',#5328,1.);
#3373=VECTOR('',#5329,1.);
#3374=VECTOR('',#5332,1.);
#3375=VECTOR('',#5333,1.);
#3376=VECTOR('',#5334,1.);
#3377=VECTOR('',#5339,1.);
#3378=VECTOR('',#5342,1.);
#3379=VECTOR('',#5347,1.);
#3380=VECTOR('',#5348,1.);
#3381=VECTOR('',#5351,1.);
#3382=VECTOR('',#5356,1.);
#3383=VECTOR('',#5357,1.);
#3384=VECTOR('',#5362,1.);
#3385=VECTOR('',#5365,1.);
#3386=VECTOR('',#5368,1.);
#3387=VECTOR('',#5371,1.);
#3388=VECTOR('',#5374,1.);
#3389=VECTOR('',#5379,1.);
#3390=VECTOR('',#5380,1.);
#3391=VECTOR('',#5383,1.);
#3392=VECTOR('',#5384,1.);
#3393=VECTOR('',#5387,1.);
#3394=VECTOR('',#5392,1.);
#3395=VECTOR('',#5393,1.);
#3396=VECTOR('',#5398,1.);
#3397=VECTOR('',#5399,1.);
#3398=VECTOR('',#5400,1.);
#3399=VECTOR('',#5401,1.);
#3400=VECTOR('',#5410,1.);
#3401=VECTOR('',#5419,1.);
#3402=VECTOR('',#5426,1.);
#3403=VECTOR('',#5429,1.);
#3404=VECTOR('',#5432,1.);
#3405=VECTOR('',#5433,1.);
#3406=VECTOR('',#5434,1.);
#3407=VECTOR('',#5437,1.);
#3408=VECTOR('',#5438,1.);
#3409=VECTOR('',#5443,1.);
#3410=VECTOR('',#5448,1.);
#3411=VECTOR('',#5451,1.);
#3412=VECTOR('',#5452,1.);
#3413=VECTOR('',#5453,1.);
#3414=VECTOR('',#5456,1.);
#3415=VECTOR('',#5457,1.);
#3416=VECTOR('',#5460,1.);
#3417=VECTOR('',#5461,1.);
#3418=VECTOR('',#5466,1.);
#3419=VECTOR('',#5469,1.);
#3420=VECTOR('',#5472,1.);
#3421=VECTOR('',#5475,1.);
#3422=VECTOR('',#5478,1.);
#3423=VECTOR('',#5483,1.);
#3424=VECTOR('',#5486,1.);
#3425=VECTOR('',#5495,1.);
#3426=VECTOR('',#5500,1.);
#3427=VECTOR('',#5501,1.);
#3428=VECTOR('',#5504,1.);
#3429=VECTOR('',#5507,1.);
#3430=VECTOR('',#5510,1.);
#3431=VECTOR('',#5513,1.);
#3432=VECTOR('',#5514,1.);
#3433=VECTOR('',#5515,1.);
#3434=VECTOR('',#5516,1.);
#3435=VECTOR('',#5519,1.);
#3436=VECTOR('',#5522,1.);
#3437=VECTOR('',#5525,1.);
#3438=VECTOR('',#5534,1.);
#3439=VECTOR('',#5535,1.);
#3440=VECTOR('',#5536,1.);
#3441=VECTOR('',#5541,1.);
#3442=VECTOR('',#5546,1.);
#3443=VECTOR('',#5551,1.);
#3444=VECTOR('',#5558,1.);
#3445=VECTOR('',#5559,1.);
#3446=VECTOR('',#5560,1.);
#3447=VECTOR('',#5565,1.);
#3448=VECTOR('',#5570,1.);
#3449=VECTOR('',#5577,1.);
#3450=VECTOR('',#5584,1.);
#3451=VECTOR('',#5587,1.);
#3452=VECTOR('',#5590,1.);
#3453=VECTOR('',#5593,1.);
#3454=VECTOR('',#5596,1.);
#3455=VECTOR('',#5599,1.);
#3456=VECTOR('',#5602,1.);
#3457=VECTOR('',#5605,1.);
#3458=VECTOR('',#5608,1.);
#3459=VECTOR('',#5611,1.);
#3460=VECTOR('',#5614,1.);
#3461=VECTOR('',#5617,1.);
#3462=VECTOR('',#5620,1.);
#3463=VECTOR('',#5623,1.);
#3464=VECTOR('',#5626,1.);
#3465=VECTOR('',#5631,1.);
#3466=VECTOR('',#5634,1.);
#3467=VECTOR('',#5637,1.);
#3468=VECTOR('',#5640,1.);
#3469=VECTOR('',#5643,1.);
#3470=VECTOR('',#5646,1.);
#3471=VECTOR('',#5649,1.);
#3472=VECTOR('',#5652,1.);
#3473=VECTOR('',#5655,1.);
#3474=VECTOR('',#5658,1.);
#3475=VECTOR('',#5661,1.);
#3476=VECTOR('',#5664,1.);
#3477=VECTOR('',#5667,1.);
#3478=VECTOR('',#5670,1.);
#3479=VECTOR('',#5673,1.);
#3480=VECTOR('',#5678,1.);
#3481=VECTOR('',#5679,1.);
#3482=VECTOR('',#5682,1.);
#3483=VECTOR('',#5685,1.);
#3484=VECTOR('',#5686,1.);
#3485=VECTOR('',#5687,1.);
#3486=VECTOR('',#5690,1.);
#3487=VECTOR('',#5693,1.);
#3488=VECTOR('',#5698,1.);
#3489=VECTOR('',#5699,1.);
#3490=VECTOR('',#5702,1.);
#3491=VECTOR('',#5705,1.);
#3492=VECTOR('',#5708,1.);
#3493=VECTOR('',#5711,1.);
#3494=VECTOR('',#5712,1.);
#3495=VECTOR('',#5713,1.);
#3496=VECTOR('',#5714,1.);
#3497=VECTOR('',#5717,1.);
#3498=VECTOR('',#5720,1.);
#3499=VECTOR('',#5723,1.);
#3500=VECTOR('',#5728,1.);
#3501=VECTOR('',#5729,1.);
#3502=VECTOR('',#5732,1.);
#3503=VECTOR('',#5733,1.);
#3504=VECTOR('',#5736,1.);
#3505=VECTOR('',#5745,1.);
#3506=VECTOR('',#5752,1.);
#3507=VECTOR('',#5757,1.);
#3508=VECTOR('',#5762,1.);
#3509=VECTOR('',#5767,1.);
#3510=VECTOR('',#5768,1.);
#3511=VECTOR('',#5769,1.);
#3512=VECTOR('',#5778,1.);
#3513=VECTOR('',#5785,1.);
#3514=VECTOR('',#5790,1.);
#3515=VECTOR('',#5795,1.);
#3516=VECTOR('',#5800,1.);
#3517=VECTOR('',#5801,1.);
#3518=VECTOR('',#5802,1.);
#3519=VECTOR('',#5809,1.);
#3520=VECTOR('',#5812,1.);
#3521=VECTOR('',#5815,1.);
#3522=VECTOR('',#5818,1.);
#3523=VECTOR('',#5821,1.);
#3524=VECTOR('',#5824,1.);
#3525=VECTOR('',#5827,1.);
#3526=VECTOR('',#5830,1.);
#3527=VECTOR('',#5833,1.);
#3528=VECTOR('',#5836,1.);
#3529=VECTOR('',#5839,1.);
#3530=VECTOR('',#5842,1.);
#3531=VECTOR('',#5845,1.);
#3532=VECTOR('',#5848,1.);
#3533=VECTOR('',#5851,1.);
#3534=VECTOR('',#5854,1.);
#3535=VECTOR('',#5857,1.);
#3536=VECTOR('',#5860,1.);
#3537=VECTOR('',#5863,1.);
#3538=VECTOR('',#5866,1.);
#3539=VECTOR('',#5869,1.);
#3540=VECTOR('',#5874,1.);
#3541=VECTOR('',#5877,1.);
#3542=VECTOR('',#5880,1.);
#3543=VECTOR('',#5883,1.);
#3544=VECTOR('',#5886,1.);
#3545=VECTOR('',#5889,1.);
#3546=VECTOR('',#5892,1.);
#3547=VECTOR('',#5895,1.);
#3548=VECTOR('',#5898,1.);
#3549=VECTOR('',#5901,1.);
#3550=VECTOR('',#5904,1.);
#3551=VECTOR('',#5907,1.);
#3552=VECTOR('',#5910,1.);
#3553=VECTOR('',#5913,1.);
#3554=VECTOR('',#5916,1.);
#3555=VECTOR('',#5919,1.);
#3556=VECTOR('',#5922,1.);
#3557=VECTOR('',#5927,1.);
#3558=VECTOR('',#5928,1.);
#3559=VECTOR('',#5931,1.);
#3560=VECTOR('',#5932,1.);
#3561=VECTOR('',#5939,1.);
#3562=VECTOR('',#5940,1.);
#3563=VECTOR('',#5947,1.);
#3564=VECTOR('',#5950,1.);
#3565=VECTOR('',#5953,1.);
#3566=VECTOR('',#5956,1.);
#3567=EDGE_LOOP('',(#287,#288,#289,#290,#291,#292,#293,#294,#295,#296,#297,#298,#299,#300,#301,#302,#303,#304,#305,#306,#307,#308,#309,#310,#311,#312,#313,#314,#315,#316,#317,#318,#319,#320,#321,#322,#323,#324,#325,#326,#327,#328,#329,#330,#331,#332,#333,#334,#335,#336,#337,#338,#339,#340));
#3568=EDGE_LOOP('',(#341,#342,#343,#344,#345,#346,#347,#348,#349,#350,#351,#352,#353,#354,#355,#356,#357,#358,#359,#360,#361,#362,#363,#364,#365,#366,#367,#368,#369,#370,#371,#372,#373,#374,#375,#376,#377,#378,#379,#380,#381,#382,#383,#384,#385,#386,#387,#388,#389,#390,#391,#392,#393,#394,#395,#396,#397,#398,#399,#400));
#3569=EDGE_LOOP('',(#401,#402,#403,#404,#405,#406,#407,#408,#409,#410,#411,#412,#413,#414,#415,#416,#417,#418,#419,#420,#421,#422,#423,#424,#425,#426,#427));
#3570=EDGE_LOOP('',(#428,#429,#430,#431));
#3571=EDGE_LOOP('',(#432,#433,#434,#435));
#3572=EDGE_LOOP('',(#436,#437,#438,#439,#440));
#3573=EDGE_LOOP('',(#441,#442,#443,#444,#445,#446,#447,#448,#449,#450,#451,#452,#453,#454,#455,#456,#457,#458,#459,#460,#461,#462,#463,#464,#465));
#3574=EDGE_LOOP('',(#466,#467,#468,#469,#470,#471,#472,#473,#474,#475,#476,#477,#478,#479,#480,#481,#482,#483,#484,#485));
#3575=EDGE_LOOP('',(#486,#487,#488,#489,#490,#491,#492,#493,#494,#495,#496,#497,#498,#499,#500,#501,#502,#503,#504,#505,#506));
#3576=EDGE_LOOP('',(#507,#508,#509,#510,#511,#512,#513,#514));
#3577=EDGE_LOOP('',(#515,#516,#517,#518,#519));
#3578=EDGE_LOOP('',(#520,#521,#522));
#3579=EDGE_LOOP('',(#523,#524,#525,#526,#527,#528,#529,#530,#531,#532,#533,#534,#535,#536));
#3580=EDGE_LOOP('',(#537,#538,#539,#540,#541,#542,#543,#544,#545,#546,#547,#548,#549,#550,#551,#552));
#3581=EDGE_LOOP('',(#553,#554,#555,#556,#557,#558,#559,#560,#561,#562,#563,#564,#565,#566,#567,#568));
#3582=EDGE_LOOP('',(#569,#570,#571,#572,#573,#574,#575,#576));
#3583=EDGE_LOOP('',(#577,#578,#579,#580,#581,#582,#583,#584));
#3584=EDGE_LOOP('',(#585,#586,#587));
#3585=EDGE_LOOP('',(#588,#589,#590,#591,#592,#593,#594,#595,#596,#597,#598,#599));
#3586=EDGE_LOOP('',(#600,#601,#602,#603,#604,#605,#606,#607));
#3587=EDGE_LOOP('',(#608,#609,#610,#611));
#3588=EDGE_LOOP('',(#612,#613,#614,#615));
#3589=EDGE_LOOP('',(#616,#617,#618,#619));
#3590=EDGE_LOOP('',(#620,#621,#622,#623));
#3591=EDGE_LOOP('',(#624,#625,#626,#627,#628,#629,#630,#631,#632,#633,#634,#635,#636,#637));
#3592=EDGE_LOOP('',(#638,#639,#640,#641));
#3593=EDGE_LOOP('',(#642,#643,#644,#645,#646,#647));
#3594=EDGE_LOOP('',(#648,#649));
#3595=EDGE_LOOP('',(#650,#651,#652,#653));
#3596=EDGE_LOOP('',(#654,#655,#656,#657));
#3597=EDGE_LOOP('',(#658,#659,#660,#661));
#3598=EDGE_LOOP('',(#662,#663,#664,#665));
#3599=EDGE_LOOP('',(#666,#667,#668,#669,#670));
#3600=EDGE_LOOP('',(#671,#672,#673,#674));
#3601=EDGE_LOOP('',(#675,#676,#677,#678,#679));
#3602=EDGE_LOOP('',(#680,#681,#682,#683));
#3603=EDGE_LOOP('',(#684,#685,#686,#687));
#3604=EDGE_LOOP('',(#688,#689,#690,#691));
#3605=EDGE_LOOP('',(#692,#693,#694,#695,#696,#697,#698,#699));
#3606=EDGE_LOOP('',(#700,#701,#702,#703));
#3607=EDGE_LOOP('',(#704,#705,#706,#707));
#3608=EDGE_LOOP('',(#708,#709,#710,#711));
#3609=EDGE_LOOP('',(#712,#713,#714,#715));
#3610=EDGE_LOOP('',(#716,#717,#718,#719));
#3611=EDGE_LOOP('',(#720,#721,#722,#723));
#3612=EDGE_LOOP('',(#724,#725,#726,#727));
#3613=EDGE_LOOP('',(#728,#729,#730,#731,#732,#733,#734,#735,#736,#737,#738,#739,#740,#741,#742,#743));
#3614=EDGE_LOOP('',(#744,#745,#746,#747));
#3615=EDGE_LOOP('',(#748,#749,#750,#751));
#3616=EDGE_LOOP('',(#752,#753,#754,#755));
#3617=EDGE_LOOP('',(#756,#757,#758,#759));
#3618=EDGE_LOOP('',(#760,#761,#762,#763));
#3619=EDGE_LOOP('',(#764,#765,#766,#767));
#3620=EDGE_LOOP('',(#768,#769,#770,#771));
#3621=EDGE_LOOP('',(#772,#773,#774,#775));
#3622=EDGE_LOOP('',(#776,#777,#778,#779));
#3623=EDGE_LOOP('',(#780,#781,#782,#783));
#3624=EDGE_LOOP('',(#784,#785,#786,#787));
#3625=EDGE_LOOP('',(#788,#789,#790,#791));
#3626=EDGE_LOOP('',(#792,#793,#794,#795));
#3627=EDGE_LOOP('',(#796,#797,#798,#799));
#3628=EDGE_LOOP('',(#800,#801,#802,#803,#804,#805,#806,#807,#808,#809,#810,#811,#812,#813,#814,#815));
#3629=EDGE_LOOP('',(#816,#817,#818,#819));
#3630=EDGE_LOOP('',(#820,#821,#822,#823));
#3631=EDGE_LOOP('',(#824,#825,#826,#827));
#3632=EDGE_LOOP('',(#828,#829,#830,#831));
#3633=EDGE_LOOP('',(#832,#833,#834,#835));
#3634=EDGE_LOOP('',(#836,#837,#838,#839));
#3635=EDGE_LOOP('',(#840,#841,#842,#843));
#3636=EDGE_LOOP('',(#844,#845,#846,#847));
#3637=EDGE_LOOP('',(#848,#849,#850,#851));
#3638=EDGE_LOOP('',(#852,#853,#854,#855));
#3639=EDGE_LOOP('',(#856,#857,#858,#859));
#3640=EDGE_LOOP('',(#860,#861,#862,#863));
#3641=EDGE_LOOP('',(#864,#865,#866,#867));
#3642=EDGE_LOOP('',(#868,#869,#870,#871));
#3643=EDGE_LOOP('',(#872,#873,#874,#875,#876,#877,#878,#879,#880,#881));
#3644=EDGE_LOOP('',(#882,#883,#884,#885));
#3645=EDGE_LOOP('',(#886,#887,#888,#889));
#3646=EDGE_LOOP('',(#890,#891,#892,#893));
#3647=EDGE_LOOP('',(#894,#895,#896,#897));
#3648=EDGE_LOOP('',(#898,#899,#900,#901));
#3649=EDGE_LOOP('',(#902,#903,#904,#905));
#3650=EDGE_LOOP('',(#906,#907,#908,#909));
#3651=EDGE_LOOP('',(#910,#911,#912,#913));
#3652=EDGE_LOOP('',(#914,#915,#916,#917));
#3653=EDGE_LOOP('',(#918,#919,#920,#921));
#3654=EDGE_LOOP('',(#922,#923,#924,#925));
#3655=EDGE_LOOP('',(#926,#927,#928,#929,#930));
#3656=EDGE_LOOP('',(#931,#932,#933,#934,#935));
#3657=EDGE_LOOP('',(#936,#937,#938,#939,#940,#941,#942,#943,#944,#945,#946,#947));
#3658=EDGE_LOOP('',(#948,#949,#950,#951));
#3659=EDGE_LOOP('',(#952,#953,#954,#955));
#3660=EDGE_LOOP('',(#956,#957,#958,#959));
#3661=EDGE_LOOP('',(#960,#961,#962,#963));
#3662=EDGE_LOOP('',(#964,#965,#966,#967));
#3663=EDGE_LOOP('',(#968,#969,#970,#971));
#3664=EDGE_LOOP('',(#972,#973,#974,#975));
#3665=EDGE_LOOP('',(#976,#977,#978,#979));
#3666=EDGE_LOOP('',(#980,#981,#982,#983));
#3667=EDGE_LOOP('',(#984,#985,#986,#987));
#3668=EDGE_LOOP('',(#988,#989,#990,#991));
#3669=EDGE_LOOP('',(#992,#993,#994,#995));
#3670=EDGE_LOOP('',(#996,#997,#998,#999));
#3671=EDGE_LOOP('',(#1000,#1001,#1002,#1003));
#3672=EDGE_LOOP('',(#1004,#1005,#1006,#1007));
#3673=EDGE_LOOP('',(#1008,#1009,#1010,#1011));
#3674=EDGE_LOOP('',(#1012,#1013,#1014,#1015));
#3675=EDGE_LOOP('',(#1016,#1017,#1018,#1019));
#3676=EDGE_LOOP('',(#1020,#1021,#1022,#1023));
#3677=EDGE_LOOP('',(#1024,#1025,#1026,#1027));
#3678=EDGE_LOOP('',(#1028,#1029,#1030,#1031,#1032));
#3679=EDGE_LOOP('',(#1033,#1034,#1035,#1036));
#3680=EDGE_LOOP('',(#1037,#1038,#1039,#1040));
#3681=EDGE_LOOP('',(#1041,#1042,#1043,#1044));
#3682=EDGE_LOOP('',(#1045,#1046,#1047,#1048));
#3683=EDGE_LOOP('',(#1049,#1050,#1051,#1052,#1053,#1054,#1055,#1056,#1057,#1058,#1059,#1060));
#3684=EDGE_LOOP('',(#1061,#1062,#1063,#1064));
#3685=EDGE_LOOP('',(#1065,#1066,#1067,#1068));
#3686=EDGE_LOOP('',(#1069,#1070,#1071,#1072));
#3687=EDGE_LOOP('',(#1073,#1074,#1075,#1076));
#3688=EDGE_LOOP('',(#1077,#1078,#1079,#1080,#1081,#1082,#1083,#1084,#1085,#1086,#1087,#1088,#1089,#1090,#1091,#1092,#1093,#1094,#1095,#1096,#1097,#1098,#1099,#1100,#1101,#1102,#1103,#1104,#1105,#1106,#1107,#1108,#1109,#1110));
#3689=EDGE_LOOP('',(#1111,#1112,#1113,#1114));
#3690=EDGE_LOOP('',(#1115,#1116,#1117,#1118));
#3691=EDGE_LOOP('',(#1119,#1120,#1121,#1122));
#3692=EDGE_LOOP('',(#1123,#1124,#1125,#1126));
#3693=EDGE_LOOP('',(#1127,#1128,#1129,#1130));
#3694=EDGE_LOOP('',(#1131,#1132,#1133,#1134));
#3695=EDGE_LOOP('',(#1135,#1136,#1137,#1138));
#3696=EDGE_LOOP('',(#1139,#1140,#1141,#1142));
#3697=EDGE_LOOP('',(#1143,#1144,#1145,#1146));
#3698=EDGE_LOOP('',(#1147,#1148,#1149,#1150));
#3699=EDGE_LOOP('',(#1151,#1152,#1153,#1154));
#3700=EDGE_LOOP('',(#1155,#1156,#1157,#1158));
#3701=EDGE_LOOP('',(#1159,#1160,#1161,#1162));
#3702=EDGE_LOOP('',(#1163,#1164,#1165,#1166));
#3703=EDGE_LOOP('',(#1167,#1168,#1169,#1170));
#3704=EDGE_LOOP('',(#1171,#1172,#1173,#1174));
#3705=EDGE_LOOP('',(#1175,#1176,#1177,#1178));
#3706=EDGE_LOOP('',(#1179,#1180,#1181,#1182));
#3707=EDGE_LOOP('',(#1183,#1184,#1185,#1186));
#3708=EDGE_LOOP('',(#1187,#1188,#1189,#1190));
#3709=EDGE_LOOP('',(#1191,#1192,#1193,#1194));
#3710=EDGE_LOOP('',(#1195,#1196,#1197,#1198));
#3711=EDGE_LOOP('',(#1199,#1200,#1201,#1202));
#3712=EDGE_LOOP('',(#1203,#1204,#1205,#1206));
#3713=EDGE_LOOP('',(#1207,#1208,#1209,#1210));
#3714=EDGE_LOOP('',(#1211,#1212,#1213,#1214));
#3715=EDGE_LOOP('',(#1215,#1216,#1217,#1218));
#3716=EDGE_LOOP('',(#1219,#1220,#1221,#1222));
#3717=EDGE_LOOP('',(#1223,#1224,#1225,#1226));
#3718=EDGE_LOOP('',(#1227,#1228,#1229,#1230));
#3719=EDGE_LOOP('',(#1231,#1232,#1233,#1234));
#3720=EDGE_LOOP('',(#1235,#1236,#1237,#1238));
#3721=EDGE_LOOP('',(#1239,#1240,#1241,#1242));
#3722=EDGE_LOOP('',(#1243,#1244,#1245,#1246));
#3723=EDGE_LOOP('',(#1247,#1248,#1249,#1250,#1251,#1252,#1253));
#3724=EDGE_LOOP('',(#1254,#1255,#1256,#1257));
#3725=EDGE_LOOP('',(#1258,#1259,#1260,#1261));
#3726=EDGE_LOOP('',(#1262,#1263,#1264,#1265));
#3727=EDGE_LOOP('',(#1266,#1267,#1268,#1269));
#3728=EDGE_LOOP('',(#1270,#1271,#1272,#1273));
#3729=EDGE_LOOP('',(#1274,#1275,#1276,#1277));
#3730=EDGE_LOOP('',(#1278,#1279,#1280,#1281));
#3731=EDGE_LOOP('',(#1282,#1283,#1284,#1285,#1286,#1287,#1288,#1289,#1290,#1291,#1292,#1293));
#3732=EDGE_LOOP('',(#1294,#1295,#1296,#1297));
#3733=EDGE_LOOP('',(#1298,#1299,#1300,#1301));
#3734=EDGE_LOOP('',(#1302,#1303,#1304,#1305));
#3735=EDGE_LOOP('',(#1306,#1307,#1308,#1309));
#3736=EDGE_LOOP('',(#1310,#1311,#1312,#1313));
#3737=EDGE_LOOP('',(#1314,#1315,#1316,#1317));
#3738=EDGE_LOOP('',(#1318,#1319,#1320,#1321));
#3739=EDGE_LOOP('',(#1322,#1323,#1324,#1325));
#3740=EDGE_LOOP('',(#1326,#1327,#1328,#1329,#1330,#1331,#1332,#1333,#1334,#1335,#1336,#1337,#1338,#1339,#1340,#1341,#1342,#1343,#1344,#1345,#1346,#1347,#1348,#1349,#1350,#1351,#1352,#1353,#1354,#1355,#1356,#1357,#1358,#1359,#1360,#1361,#1362,#1363,#1364,#1365,#1366,#1367));
#3741=EDGE_LOOP('',(#1368,#1369,#1370,#1371));
#3742=EDGE_LOOP('',(#1372,#1373,#1374,#1375));
#3743=EDGE_LOOP('',(#1376,#1377,#1378,#1379));
#3744=EDGE_LOOP('',(#1380,#1381,#1382,#1383));
#3745=EDGE_LOOP('',(#1384,#1385,#1386,#1387));
#3746=EDGE_LOOP('',(#1388,#1389,#1390,#1391));
#3747=EDGE_LOOP('',(#1392,#1393,#1394,#1395));
#3748=EDGE_LOOP('',(#1396,#1397,#1398,#1399));
#3749=EDGE_LOOP('',(#1400,#1401,#1402,#1403));
#3750=EDGE_LOOP('',(#1404,#1405,#1406,#1407));
#3751=EDGE_LOOP('',(#1408,#1409,#1410,#1411));
#3752=EDGE_LOOP('',(#1412,#1413,#1414,#1415));
#3753=EDGE_LOOP('',(#1416,#1417,#1418,#1419));
#3754=EDGE_LOOP('',(#1420,#1421,#1422,#1423));
#3755=EDGE_LOOP('',(#1424,#1425,#1426,#1427));
#3756=EDGE_LOOP('',(#1428,#1429,#1430,#1431));
#3757=EDGE_LOOP('',(#1432,#1433,#1434,#1435));
#3758=EDGE_LOOP('',(#1436,#1437,#1438,#1439));
#3759=EDGE_LOOP('',(#1440,#1441,#1442,#1443));
#3760=EDGE_LOOP('',(#1444,#1445,#1446,#1447));
#3761=EDGE_LOOP('',(#1448,#1449,#1450,#1451));
#3762=EDGE_LOOP('',(#1452,#1453,#1454,#1455));
#3763=EDGE_LOOP('',(#1456,#1457,#1458,#1459));
#3764=EDGE_LOOP('',(#1460,#1461,#1462,#1463));
#3765=EDGE_LOOP('',(#1464,#1465,#1466,#1467));
#3766=EDGE_LOOP('',(#1468,#1469,#1470,#1471));
#3767=EDGE_LOOP('',(#1472,#1473,#1474,#1475));
#3768=EDGE_LOOP('',(#1476,#1477,#1478,#1479));
#3769=EDGE_LOOP('',(#1480,#1481,#1482,#1483));
#3770=EDGE_LOOP('',(#1484,#1485,#1486,#1487));
#3771=EDGE_LOOP('',(#1488,#1489,#1490,#1491));
#3772=EDGE_LOOP('',(#1492,#1493,#1494,#1495));
#3773=EDGE_LOOP('',(#1496,#1497,#1498,#1499));
#3774=EDGE_LOOP('',(#1500,#1501,#1502,#1503));
#3775=EDGE_LOOP('',(#1504,#1505,#1506,#1507));
#3776=EDGE_LOOP('',(#1508,#1509,#1510,#1511));
#3777=EDGE_LOOP('',(#1512,#1513,#1514,#1515));
#3778=EDGE_LOOP('',(#1516,#1517,#1518,#1519));
#3779=EDGE_LOOP('',(#1520,#1521,#1522,#1523));
#3780=EDGE_LOOP('',(#1524,#1525,#1526,#1527));
#3781=EDGE_LOOP('',(#1528,#1529,#1530,#1531));
#3782=EDGE_LOOP('',(#1532,#1533,#1534,#1535));
#3783=EDGE_LOOP('',(#1536,#1537,#1538,#1539,#1540,#1541,#1542,#1543,#1544,#1545));
#3784=EDGE_LOOP('',(#1546,#1547,#1548,#1549));
#3785=EDGE_LOOP('',(#1550,#1551,#1552,#1553));
#3786=EDGE_LOOP('',(#1554,#1555,#1556,#1557));
#3787=EDGE_LOOP('',(#1558,#1559,#1560,#1561));
#3788=EDGE_LOOP('',(#1562,#1563,#1564,#1565));
#3789=EDGE_LOOP('',(#1566,#1567,#1568,#1569));
#3790=EDGE_LOOP('',(#1570,#1571,#1572,#1573,#1574));
#3791=FACE_BOUND('',#3567,.T.);
#3792=FACE_BOUND('',#3568,.T.);
#3793=FACE_BOUND('',#3569,.T.);
#3794=FACE_BOUND('',#3570,.T.);
#3795=FACE_BOUND('',#3571,.T.);
#3796=FACE_BOUND('',#3572,.T.);
#3797=FACE_BOUND('',#3573,.T.);
#3798=FACE_BOUND('',#3574,.T.);
#3799=FACE_BOUND('',#3575,.T.);
#3800=FACE_BOUND('',#3576,.T.);
#3801=FACE_BOUND('',#3577,.T.);
#3802=FACE_BOUND('',#3578,.T.);
#3803=FACE_BOUND('',#3579,.T.);
#3804=FACE_BOUND('',#3580,.T.);
#3805=FACE_BOUND('',#3581,.T.);
#3806=FACE_BOUND('',#3582,.T.);
#3807=FACE_BOUND('',#3583,.T.);
#3808=FACE_BOUND('',#3584,.T.);
#3809=FACE_BOUND('',#3585,.T.);
#3810=FACE_BOUND('',#3586,.T.);
#3811=FACE_BOUND('',#3587,.T.);
#3812=FACE_BOUND('',#3588,.T.);
#3813=FACE_BOUND('',#3589,.T.);
#3814=FACE_BOUND('',#3590,.T.);
#3815=FACE_BOUND('',#3591,.T.);
#3816=FACE_BOUND('',#3592,.T.);
#3817=FACE_BOUND('',#3593,.T.);
#3818=FACE_BOUND('',#3594,.T.);
#3819=FACE_BOUND('',#3595,.T.);
#3820=FACE_BOUND('',#3596,.T.);
#3821=FACE_BOUND('',#3597,.T.);
#3822=FACE_BOUND('',#3598,.T.);
#3823=FACE_BOUND('',#3599,.T.);
#3824=FACE_BOUND('',#3600,.T.);
#3825=FACE_BOUND('',#3601,.T.);
#3826=FACE_BOUND('',#3602,.T.);
#3827=FACE_BOUND('',#3603,.T.);
#3828=FACE_BOUND('',#3604,.T.);
#3829=FACE_BOUND('',#3605,.T.);
#3830=FACE_BOUND('',#3606,.T.);
#3831=FACE_BOUND('',#3607,.T.);
#3832=FACE_BOUND('',#3608,.T.);
#3833=FACE_BOUND('',#3609,.T.);
#3834=FACE_BOUND('',#3610,.T.);
#3835=FACE_BOUND('',#3611,.T.);
#3836=FACE_BOUND('',#3612,.T.);
#3837=FACE_BOUND('',#3613,.T.);
#3838=FACE_BOUND('',#3614,.T.);
#3839=FACE_BOUND('',#3615,.T.);
#3840=FACE_BOUND('',#3616,.T.);
#3841=FACE_BOUND('',#3617,.T.);
#3842=FACE_BOUND('',#3618,.T.);
#3843=FACE_BOUND('',#3619,.T.);
#3844=FACE_BOUND('',#3620,.T.);
#3845=FACE_BOUND('',#3621,.T.);
#3846=FACE_BOUND('',#3622,.T.);
#3847=FACE_BOUND('',#3623,.T.);
#3848=FACE_BOUND('',#3624,.T.);
#3849=FACE_BOUND('',#3625,.T.);
#3850=FACE_BOUND('',#3626,.T.);
#3851=FACE_BOUND('',#3627,.T.);
#3852=FACE_BOUND('',#3628,.T.);
#3853=FACE_BOUND('',#3629,.T.);
#3854=FACE_BOUND('',#3630,.T.);
#3855=FACE_BOUND('',#3631,.T.);
#3856=FACE_BOUND('',#3632,.T.);
#3857=FACE_BOUND('',#3633,.T.);
#3858=FACE_BOUND('',#3634,.T.);
#3859=FACE_BOUND('',#3635,.T.);
#3860=FACE_BOUND('',#3636,.T.);
#3861=FACE_BOUND('',#3637,.T.);
#3862=FACE_BOUND('',#3638,.T.);
#3863=FACE_BOUND('',#3639,.T.);
#3864=FACE_BOUND('',#3640,.T.);
#3865=FACE_BOUND('',#3641,.T.);
#3866=FACE_BOUND('',#3642,.T.);
#3867=FACE_BOUND('',#3643,.T.);
#3868=FACE_BOUND('',#3644,.T.);
#3869=FACE_BOUND('',#3645,.T.);
#3870=FACE_BOUND('',#3646,.T.);
#3871=FACE_BOUND('',#3647,.T.);
#3872=FACE_BOUND('',#3648,.T.);
#3873=FACE_BOUND('',#3649,.T.);
#3874=FACE_BOUND('',#3650,.T.);
#3875=FACE_BOUND('',#3651,.T.);
#3876=FACE_BOUND('',#3652,.T.);
#3877=FACE_BOUND('',#3653,.T.);
#3878=FACE_BOUND('',#3654,.T.);
#3879=FACE_BOUND('',#3655,.T.);
#3880=FACE_BOUND('',#3656,.T.);
#3881=FACE_BOUND('',#3657,.T.);
#3882=FACE_BOUND('',#3658,.T.);
#3883=FACE_BOUND('',#3659,.T.);
#3884=FACE_BOUND('',#3660,.T.);
#3885=FACE_BOUND('',#3661,.T.);
#3886=FACE_BOUND('',#3662,.T.);
#3887=FACE_BOUND('',#3663,.T.);
#3888=FACE_BOUND('',#3664,.T.);
#3889=FACE_BOUND('',#3665,.T.);
#3890=FACE_BOUND('',#3666,.T.);
#3891=FACE_BOUND('',#3667,.T.);
#3892=FACE_BOUND('',#3668,.T.);
#3893=FACE_BOUND('',#3669,.T.);
#3894=FACE_BOUND('',#3670,.T.);
#3895=FACE_BOUND('',#3671,.T.);
#3896=FACE_BOUND('',#3672,.T.);
#3897=FACE_BOUND('',#3673,.T.);
#3898=FACE_BOUND('',#3674,.T.);
#3899=FACE_BOUND('',#3675,.T.);
#3900=FACE_BOUND('',#3676,.T.);
#3901=FACE_BOUND('',#3677,.T.);
#3902=FACE_BOUND('',#3678,.T.);
#3903=FACE_BOUND('',#3679,.T.);
#3904=FACE_BOUND('',#3680,.T.);
#3905=FACE_BOUND('',#3681,.T.);
#3906=FACE_BOUND('',#3682,.T.);
#3907=FACE_BOUND('',#3683,.T.);
#3908=FACE_BOUND('',#3684,.T.);
#3909=FACE_BOUND('',#3685,.T.);
#3910=FACE_BOUND('',#3686,.T.);
#3911=FACE_BOUND('',#3687,.T.);
#3912=FACE_BOUND('',#3688,.T.);
#3913=FACE_BOUND('',#3689,.T.);
#3914=FACE_BOUND('',#3690,.T.);
#3915=FACE_BOUND('',#3691,.T.);
#3916=FACE_BOUND('',#3692,.T.);
#3917=FACE_BOUND('',#3693,.T.);
#3918=FACE_BOUND('',#3694,.T.);
#3919=FACE_BOUND('',#3695,.T.);
#3920=FACE_BOUND('',#3696,.T.);
#3921=FACE_BOUND('',#3697,.T.);
#3922=FACE_BOUND('',#3698,.T.);
#3923=FACE_BOUND('',#3699,.T.);
#3924=FACE_BOUND('',#3700,.T.);
#3925=FACE_BOUND('',#3701,.T.);
#3926=FACE_BOUND('',#3702,.T.);
#3927=FACE_BOUND('',#3703,.T.);
#3928=FACE_BOUND('',#3704,.T.);
#3929=FACE_BOUND('',#3705,.T.);
#3930=FACE_BOUND('',#3706,.T.);
#3931=FACE_BOUND('',#3707,.T.);
#3932=FACE_BOUND('',#3708,.T.);
#3933=FACE_BOUND('',#3709,.T.);
#3934=FACE_BOUND('',#3710,.T.);
#3935=FACE_BOUND('',#3711,.T.);
#3936=FACE_BOUND('',#3712,.T.);
#3937=FACE_BOUND('',#3713,.T.);
#3938=FACE_BOUND('',#3714,.T.);
#3939=FACE_BOUND('',#3715,.T.);
#3940=FACE_BOUND('',#3716,.T.);
#3941=FACE_BOUND('',#3717,.T.);
#3942=FACE_BOUND('',#3718,.T.);
#3943=FACE_BOUND('',#3719,.T.);
#3944=FACE_BOUND('',#3720,.T.);
#3945=FACE_BOUND('',#3721,.T.);
#3946=FACE_BOUND('',#3722,.T.);
#3947=FACE_BOUND('',#3723,.T.);
#3948=FACE_BOUND('',#3724,.T.);
#3949=FACE_BOUND('',#3725,.T.);
#3950=FACE_BOUND('',#3726,.T.);
#3951=FACE_BOUND('',#3727,.T.);
#3952=FACE_BOUND('',#3728,.T.);
#3953=FACE_BOUND('',#3729,.T.);
#3954=FACE_BOUND('',#3730,.T.);
#3955=FACE_BOUND('',#3731,.T.);
#3956=FACE_BOUND('',#3732,.T.);
#3957=FACE_BOUND('',#3733,.T.);
#3958=FACE_BOUND('',#3734,.T.);
#3959=FACE_BOUND('',#3735,.T.);
#3960=FACE_BOUND('',#3736,.T.);
#3961=FACE_BOUND('',#3737,.T.);
#3962=FACE_BOUND('',#3738,.T.);
#3963=FACE_BOUND('',#3739,.T.);
#3964=FACE_BOUND('',#3740,.T.);
#3965=FACE_BOUND('',#3741,.T.);
#3966=FACE_BOUND('',#3742,.T.);
#3967=FACE_BOUND('',#3743,.T.);
#3968=FACE_BOUND('',#3744,.T.);
#3969=FACE_BOUND('',#3745,.T.);
#3970=FACE_BOUND('',#3746,.T.);
#3971=FACE_BOUND('',#3747,.T.);
#3972=FACE_BOUND('',#3748,.T.);
#3973=FACE_BOUND('',#3749,.T.);
#3974=FACE_BOUND('',#3750,.T.);
#3975=FACE_BOUND('',#3751,.T.);
#3976=FACE_BOUND('',#3752,.T.);
#3977=FACE_BOUND('',#3753,.T.);
#3978=FACE_BOUND('',#3754,.T.);
#3979=FACE_BOUND('',#3755,.T.);
#3980=FACE_BOUND('',#3756,.T.);
#3981=FACE_BOUND('',#3757,.T.);
#3982=FACE_BOUND('',#3758,.T.);
#3983=FACE_BOUND('',#3759,.T.);
#3984=FACE_BOUND('',#3760,.T.);
#3985=FACE_BOUND('',#3761,.T.);
#3986=FACE_BOUND('',#3762,.T.);
#3987=FACE_BOUND('',#3763,.T.);
#3988=FACE_BOUND('',#3764,.T.);
#3989=FACE_BOUND('',#3765,.T.);
#3990=FACE_BOUND('',#3766,.T.);
#3991=FACE_BOUND('',#3767,.T.);
#3992=FACE_BOUND('',#3768,.T.);
#3993=FACE_BOUND('',#3769,.T.);
#3994=FACE_BOUND('',#3770,.T.);
#3995=FACE_BOUND('',#3771,.T.);
#3996=FACE_BOUND('',#3772,.T.);
#3997=FACE_BOUND('',#3773,.T.);
#3998=FACE_BOUND('',#3774,.T.);
#3999=FACE_BOUND('',#3775,.T.);
#4000=FACE_BOUND('',#3776,.T.);
#4001=FACE_BOUND('',#3777,.T.);
#4002=FACE_BOUND('',#3778,.T.);
#4003=FACE_BOUND('',#3779,.T.);
#4004=FACE_BOUND('',#3780,.T.);
#4005=FACE_BOUND('',#3781,.T.);
#4006=FACE_BOUND('',#3782,.T.);
#4007=FACE_BOUND('',#3783,.T.);
#4008=FACE_BOUND('',#3784,.T.);
#4009=FACE_BOUND('',#3785,.T.);
#4010=FACE_BOUND('',#3786,.T.);
#4011=FACE_BOUND('',#3787,.T.);
#4012=FACE_BOUND('',#3788,.T.);
#4013=FACE_BOUND('',#3789,.T.);
#4014=FACE_BOUND('',#3790,.T.);
#4015=PLANE('',#4379);
#4016=PLANE('',#4381);
#4017=PLANE('',#4382);
#4018=PLANE('',#4396);
#4019=PLANE('',#4397);
#4020=PLANE('',#4398);
#4021=PLANE('',#4414);
#4022=PLANE('',#4424);
#4023=PLANE('',#4436);
#4024=PLANE('',#4441);
#4025=PLANE('',#4442);
#4026=PLANE('',#4443);
#4027=PLANE('',#4449);
#4028=PLANE('',#4452);
#4029=PLANE('',#4457);
#4030=PLANE('',#4462);
#4031=PLANE('',#4465);
#4032=PLANE('',#4466);
#4033=PLANE('',#4470);
#4034=PLANE('',#4472);
#4035=PLANE('',#4473);
#4036=PLANE('',#4474);
#4037=PLANE('',#4475);
#4038=PLANE('',#4476);
#4039=PLANE('',#4479);
#4040=PLANE('',#4485);
#4041=PLANE('',#4487);
#4042=PLANE('',#4488);
#4043=PLANE('',#4489);
#4044=PLANE('',#4490);
#4045=PLANE('',#4503);
#4046=PLANE('',#4504);
#4047=PLANE('',#4505);
#4048=PLANE('',#4506);
#4049=PLANE('',#4507);
#4050=PLANE('',#4508);
#4051=PLANE('',#4509);
#4052=PLANE('',#4516);
#4053=PLANE('',#4517);
#4054=PLANE('',#4518);
#4055=PLANE('',#4519);
#4056=PLANE('',#4521);
#4057=PLANE('',#4523);
#4058=PLANE('',#4524);
#4059=PLANE('',#4531);
#4060=PLANE('',#4532);
#4061=PLANE('',#4533);
#4062=PLANE('',#4534);
#4063=PLANE('',#4536);
#4064=PLANE('',#4538);
#4065=PLANE('',#4539);
#4066=PLANE('',#4544);
#4067=PLANE('',#4545);
#4068=PLANE('',#4546);
#4069=PLANE('',#4549);
#4070=PLANE('',#4550);
#4071=PLANE('',#4551);
#4072=PLANE('',#4552);
#4073=PLANE('',#4553);
#4074=PLANE('',#4568);
#4075=PLANE('',#4569);
#4076=PLANE('',#4574);
#4077=PLANE('',#4575);
#4078=PLANE('',#4576);
#4079=PLANE('',#4582);
#4080=PLANE('',#4585);
#4081=PLANE('',#4589);
#4082=PLANE('',#4590);
#4083=PLANE('',#4591);
#4084=PLANE('',#4592);
#4085=PLANE('',#4593);
#4086=PLANE('',#4594);
#4087=PLANE('',#4595);
#4088=PLANE('',#4596);
#4089=PLANE('',#4597);
#4090=PLANE('',#4598);
#4091=PLANE('',#4599);
#4092=PLANE('',#4600);
#4093=PLANE('',#4623);
#4094=PLANE('',#4624);
#4095=PLANE('',#4625);
#4096=PLANE('',#4628);
#4097=PLANE('',#4631);
#4098=PLANE('',#4635);
#4099=PLANE('',#4638);
#4100=PLANE('',#4639);
#4101=PLANE('',#4640);
#4102=PLANE('',#4643);
#4103=PLANE('',#4646);
#4104=PLANE('',#4649);
#4105=PLANE('',#4653);
#4106=PLANE('',#4654);
#4107=PLANE('',#4655);
#4108=PLANE('',#4656);
#4109=PLANE('',#4657);
#4110=PLANE('',#4658);
#4111=PLANE('',#4659);
#4112=PLANE('',#4660);
#4113=PLANE('',#4661);
#4114=PLANE('',#4662);
#4115=PLANE('',#4663);
#4116=PLANE('',#4664);
#4117=PLANE('',#4665);
#4118=PLANE('',#4666);
#4119=PLANE('',#4667);
#4120=PLANE('',#4668);
#4121=PLANE('',#4669);
#4122=PLANE('',#4670);
#4123=PLANE('',#4671);
#4124=PLANE('',#4672);
#4125=PLANE('',#4704);
#4126=PLANE('',#4708);
#4127=PLANE('',#4711);
#4128=PLANE('',#4714);
#4129=PLANE('',#4717);
#4130=PLANE('',#4718);
#4131=PLANE('',#4719);
#4132=PLANE('',#4722);
#4133=PLANE('',#4726);
#4134=PLANE('',#4729);
#4135=PLANE('',#4732);
#4136=PLANE('',#4735);
#4137=PLANE('',#4736);
#4138=PLANE('',#4737);
#4139=PLANE('',#4739);
#4140=PLANE('',#4740);
#4141=PLANE('',#4741);
#4142=PLANE('',#4747);
#4143=PLANE('',#4748);
#4144=PLANE('',#4752);
#4145=ADVANCED_FACE('',(#3791),#4015,.F.);
#4146=ADVANCED_FACE('',(#3792),#4016,.T.);
#4147=ADVANCED_FACE('',(#3793),#4017,.F.);
#4148=ADVANCED_FACE('',(#3794,#3795),#4018,.F.);
#4149=ADVANCED_FACE('',(#3796),#4019,.F.);
#4150=ADVANCED_FACE('',(#3797),#4020,.F.);
#4151=ADVANCED_FACE('',(#3798),#4021,.F.);
#4152=ADVANCED_FACE('',(#3799),#4022,.F.);
#4153=ADVANCED_FACE('',(#3800),#4023,.F.);
#4154=ADVANCED_FACE('',(#3801),#4024,.F.);
#4155=ADVANCED_FACE('',(#3802),#4025,.F.);
#4156=ADVANCED_FACE('',(#3803),#4026,.F.);
#4157=ADVANCED_FACE('',(#3804),#4027,.F.);
#4158=ADVANCED_FACE('',(#3805),#4028,.F.);
#4159=ADVANCED_FACE('',(#3806),#4029,.F.);
#4160=ADVANCED_FACE('',(#3807),#4030,.F.);
#4161=ADVANCED_FACE('',(#3808),#4031,.F.);
#4162=ADVANCED_FACE('',(#3809),#4032,.T.);
#4163=ADVANCED_FACE('',(#3810),#4033,.F.);
#4164=ADVANCED_FACE('',(#3811),#4034,.T.);
#4165=ADVANCED_FACE('',(#3812),#4035,.T.);
#4166=ADVANCED_FACE('',(#3813),#4036,.F.);
#4167=ADVANCED_FACE('',(#3814),#4037,.T.);
#4168=ADVANCED_FACE('',(#3815),#4038,.T.);
#4169=ADVANCED_FACE('',(#3816),#4039,.T.);
#4170=ADVANCED_FACE('',(#3817),#27,.T.);
#4171=ADVANCED_FACE('',(#3818),#4040,.F.);
#4172=ADVANCED_FACE('',(#3819),#4041,.T.);
#4173=ADVANCED_FACE('',(#3820),#4042,.F.);
#4174=ADVANCED_FACE('',(#3821),#4043,.T.);
#4175=ADVANCED_FACE('',(#3822),#4044,.F.);
#4176=ADVANCED_FACE('',(#3823),#28,.T.);
#4177=ADVANCED_FACE('',(#3824),#29,.T.);
#4178=ADVANCED_FACE('',(#3825),#30,.T.);
#4179=ADVANCED_FACE('',(#3826),#31,.T.);
#4180=ADVANCED_FACE('',(#3827),#32,.T.);
#4181=ADVANCED_FACE('',(#3828),#21,.T.);
#4182=ADVANCED_FACE('',(#3829),#22,.T.);
#4183=ADVANCED_FACE('',(#3830),#33,.T.);
#4184=ADVANCED_FACE('',(#3831),#4045,.T.);
#4185=ADVANCED_FACE('',(#3832),#4046,.T.);
#4186=ADVANCED_FACE('',(#3833),#4047,.T.);
#4187=ADVANCED_FACE('',(#3834),#4048,.T.);
#4188=ADVANCED_FACE('',(#3835),#4049,.T.);
#4189=ADVANCED_FACE('',(#3836),#4050,.T.);
#4190=ADVANCED_FACE('',(#3837),#4051,.T.);
#4191=ADVANCED_FACE('',(#3838),#34,.F.);
#4192=ADVANCED_FACE('',(#3839),#35,.F.);
#4193=ADVANCED_FACE('',(#3840),#4052,.T.);
#4194=ADVANCED_FACE('',(#3841),#4053,.T.);
#4195=ADVANCED_FACE('',(#3842),#12,.T.);
#4196=ADVANCED_FACE('',(#3843),#13,.T.);
#4197=ADVANCED_FACE('',(#3844),#4054,.T.);
#4198=ADVANCED_FACE('',(#3845),#14,.T.);
#4199=ADVANCED_FACE('',(#3846),#15,.T.);
#4200=ADVANCED_FACE('',(#3847),#4055,.T.);
#4201=ADVANCED_FACE('',(#3848),#36,.F.);
#4202=ADVANCED_FACE('',(#3849),#4056,.T.);
#4203=ADVANCED_FACE('',(#3850),#37,.F.);
#4204=ADVANCED_FACE('',(#3851),#4057,.T.);
#4205=ADVANCED_FACE('',(#3852),#4058,.T.);
#4206=ADVANCED_FACE('',(#3853),#38,.F.);
#4207=ADVANCED_FACE('',(#3854),#39,.F.);
#4208=ADVANCED_FACE('',(#3855),#4059,.T.);
#4209=ADVANCED_FACE('',(#3856),#4060,.T.);
#4210=ADVANCED_FACE('',(#3857),#16,.T.);
#4211=ADVANCED_FACE('',(#3858),#17,.T.);
#4212=ADVANCED_FACE('',(#3859),#4061,.T.);
#4213=ADVANCED_FACE('',(#3860),#18,.T.);
#4214=ADVANCED_FACE('',(#3861),#19,.T.);
#4215=ADVANCED_FACE('',(#3862),#4062,.T.);
#4216=ADVANCED_FACE('',(#3863),#40,.F.);
#4217=ADVANCED_FACE('',(#3864),#4063,.T.);
#4218=ADVANCED_FACE('',(#3865),#41,.F.);
#4219=ADVANCED_FACE('',(#3866),#4064,.T.);
#4220=ADVANCED_FACE('',(#3867),#4065,.T.);
#4221=ADVANCED_FACE('',(#3868),#42,.F.);
#4222=ADVANCED_FACE('',(#3869),#4066,.T.);
#4223=ADVANCED_FACE('',(#3870),#4067,.T.);
#4224=ADVANCED_FACE('',(#3871),#20,.T.);
#4225=ADVANCED_FACE('',(#3872),#4068,.T.);
#4226=ADVANCED_FACE('',(#3873),#43,.T.);
#4227=ADVANCED_FACE('',(#3874),#44,.T.);
#4228=ADVANCED_FACE('',(#3875),#4069,.T.);
#4229=ADVANCED_FACE('',(#3876),#4070,.T.);
#4230=ADVANCED_FACE('',(#3877),#4071,.T.);
#4231=ADVANCED_FACE('',(#3878),#4072,.T.);
#4232=ADVANCED_FACE('',(#3879,#3880,#3881),#4073,.T.);
#4233=ADVANCED_FACE('',(#3882),#45,.F.);
#4234=ADVANCED_FACE('',(#3883),#46,.F.);
#4235=ADVANCED_FACE('',(#3884),#4074,.T.);
#4236=ADVANCED_FACE('',(#3885),#4075,.T.);
#4237=ADVANCED_FACE('',(#3886),#47,.T.);
#4238=ADVANCED_FACE('',(#3887),#48,.T.);
#4239=ADVANCED_FACE('',(#3888),#4076,.T.);
#4240=ADVANCED_FACE('',(#3889),#4077,.T.);
#4241=ADVANCED_FACE('',(#3890),#4078,.T.);
#4242=ADVANCED_FACE('',(#3891),#49,.T.);
#4243=ADVANCED_FACE('',(#3892),#50,.F.);
#4244=ADVANCED_FACE('',(#3893),#51,.F.);
#4245=ADVANCED_FACE('',(#3894),#52,.F.);
#4246=ADVANCED_FACE('',(#3895),#4079,.T.);
#4247=ADVANCED_FACE('',(#3896),#53,.F.);
#4248=ADVANCED_FACE('',(#3897),#54,.F.);
#4249=ADVANCED_FACE('',(#3898),#4080,.T.);
#4250=ADVANCED_FACE('',(#3899),#55,.T.);
#4251=ADVANCED_FACE('',(#3900),#56,.F.);
#4252=ADVANCED_FACE('',(#3901),#4081,.T.);
#4253=ADVANCED_FACE('',(#3902),#4082,.F.);
#4254=ADVANCED_FACE('',(#3903),#4083,.T.);
#4255=ADVANCED_FACE('',(#3904),#4084,.T.);
#4256=ADVANCED_FACE('',(#3905),#4085,.T.);
#4257=ADVANCED_FACE('',(#3906),#4086,.T.);
#4258=ADVANCED_FACE('',(#3907),#4087,.T.);
#4259=ADVANCED_FACE('',(#3908),#4088,.T.);
#4260=ADVANCED_FACE('',(#3909),#4089,.T.);
#4261=ADVANCED_FACE('',(#3910),#4090,.T.);
#4262=ADVANCED_FACE('',(#3911),#4091,.T.);
#4263=ADVANCED_FACE('',(#3912),#4092,.T.);
#4264=ADVANCED_FACE('',(#3913),#57,.F.);
#4265=ADVANCED_FACE('',(#3914),#58,.F.);
#4266=ADVANCED_FACE('',(#3915),#4093,.T.);
#4267=ADVANCED_FACE('',(#3916),#4094,.T.);
#4268=ADVANCED_FACE('',(#3917),#4095,.T.);
#4269=ADVANCED_FACE('',(#3918),#59,.T.);
#4270=ADVANCED_FACE('',(#3919),#60,.T.);
#4271=ADVANCED_FACE('',(#3920),#4096,.T.);
#4272=ADVANCED_FACE('',(#3921),#61,.T.);
#4273=ADVANCED_FACE('',(#3922),#62,.T.);
#4274=ADVANCED_FACE('',(#3923),#4097,.T.);
#4275=ADVANCED_FACE('',(#3924),#63,.F.);
#4276=ADVANCED_FACE('',(#3925),#64,.F.);
#4277=ADVANCED_FACE('',(#3926),#65,.F.);
#4278=ADVANCED_FACE('',(#3927),#4098,.T.);
#4279=ADVANCED_FACE('',(#3928),#66,.F.);
#4280=ADVANCED_FACE('',(#3929),#67,.F.);
#4281=ADVANCED_FACE('',(#3930),#4099,.T.);
#4282=ADVANCED_FACE('',(#3931),#4100,.T.);
#4283=ADVANCED_FACE('',(#3932),#4101,.T.);
#4284=ADVANCED_FACE('',(#3933),#68,.T.);
#4285=ADVANCED_FACE('',(#3934),#69,.T.);
#4286=ADVANCED_FACE('',(#3935),#4102,.T.);
#4287=ADVANCED_FACE('',(#3936),#70,.T.);
#4288=ADVANCED_FACE('',(#3937),#71,.T.);
#4289=ADVANCED_FACE('',(#3938),#4103,.T.);
#4290=ADVANCED_FACE('',(#3939),#72,.T.);
#4291=ADVANCED_FACE('',(#3940),#73,.T.);
#4292=ADVANCED_FACE('',(#3941),#4104,.T.);
#4293=ADVANCED_FACE('',(#3942),#74,.F.);
#4294=ADVANCED_FACE('',(#3943),#75,.F.);
#4295=ADVANCED_FACE('',(#3944),#76,.F.);
#4296=ADVANCED_FACE('',(#3945),#4105,.T.);
#4297=ADVANCED_FACE('',(#3946),#4106,.T.);
#4298=ADVANCED_FACE('',(#3947),#4107,.T.);
#4299=ADVANCED_FACE('',(#3948),#4108,.T.);
#4300=ADVANCED_FACE('',(#3949),#4109,.T.);
#4301=ADVANCED_FACE('',(#3950),#4110,.T.);
#4302=ADVANCED_FACE('',(#3951),#4111,.T.);
#4303=ADVANCED_FACE('',(#3952),#4112,.T.);
#4304=ADVANCED_FACE('',(#3953),#4113,.T.);
#4305=ADVANCED_FACE('',(#3954),#4114,.T.);
#4306=ADVANCED_FACE('',(#3955),#4115,.T.);
#4307=ADVANCED_FACE('',(#3956),#4116,.T.);
#4308=ADVANCED_FACE('',(#3957),#4117,.T.);
#4309=ADVANCED_FACE('',(#3958),#4118,.T.);
#4310=ADVANCED_FACE('',(#3959),#4119,.T.);
#4311=ADVANCED_FACE('',(#3960),#4120,.T.);
#4312=ADVANCED_FACE('',(#3961),#4121,.T.);
#4313=ADVANCED_FACE('',(#3962),#4122,.T.);
#4314=ADVANCED_FACE('',(#3963),#4123,.T.);
#4315=ADVANCED_FACE('',(#3964),#4124,.T.);
#4316=ADVANCED_FACE('',(#3965),#77,.F.);
#4317=ADVANCED_FACE('',(#3966),#78,.F.);
#4318=ADVANCED_FACE('',(#3967),#79,.F.);
#4319=ADVANCED_FACE('',(#3968),#80,.F.);
#4320=ADVANCED_FACE('',(#3969),#81,.F.);
#4321=ADVANCED_FACE('',(#3970),#4125,.T.);
#4322=ADVANCED_FACE('',(#3971),#82,.F.);
#4323=ADVANCED_FACE('',(#3972),#83,.F.);
#4324=ADVANCED_FACE('',(#3973),#84,.F.);
#4325=ADVANCED_FACE('',(#3974),#4126,.T.);
#4326=ADVANCED_FACE('',(#3975),#85,.T.);
#4327=ADVANCED_FACE('',(#3976),#86,.T.);
#4328=ADVANCED_FACE('',(#3977),#4127,.T.);
#4329=ADVANCED_FACE('',(#3978),#87,.T.);
#4330=ADVANCED_FACE('',(#3979),#88,.T.);
#4331=ADVANCED_FACE('',(#3980),#4128,.T.);
#4332=ADVANCED_FACE('',(#3981),#89,.T.);
#4333=ADVANCED_FACE('',(#3982),#90,.T.);
#4334=ADVANCED_FACE('',(#3983),#4129,.T.);
#4335=ADVANCED_FACE('',(#3984),#4130,.T.);
#4336=ADVANCED_FACE('',(#3985),#4131,.T.);
#4337=ADVANCED_FACE('',(#3986),#91,.F.);
#4338=ADVANCED_FACE('',(#3987),#92,.F.);
#4339=ADVANCED_FACE('',(#3988),#4132,.T.);
#4340=ADVANCED_FACE('',(#3989),#93,.F.);
#4341=ADVANCED_FACE('',(#3990),#94,.F.);
#4342=ADVANCED_FACE('',(#3991),#95,.F.);
#4343=ADVANCED_FACE('',(#3992),#4133,.T.);
#4344=ADVANCED_FACE('',(#3993),#96,.T.);
#4345=ADVANCED_FACE('',(#3994),#97,.T.);
#4346=ADVANCED_FACE('',(#3995),#4134,.T.);
#4347=ADVANCED_FACE('',(#3996),#98,.T.);
#4348=ADVANCED_FACE('',(#3997),#99,.T.);
#4349=ADVANCED_FACE('',(#3998),#4135,.T.);
#4350=ADVANCED_FACE('',(#3999),#100,.T.);
#4351=ADVANCED_FACE('',(#4000),#101,.T.);
#4352=ADVANCED_FACE('',(#4001),#4136,.T.);
#4353=ADVANCED_FACE('',(#4002),#4137,.T.);
#4354=ADVANCED_FACE('',(#4003),#4138,.T.);
#4355=ADVANCED_FACE('',(#4004),#102,.F.);
#4356=ADVANCED_FACE('',(#4005),#4139,.T.);
#4357=ADVANCED_FACE('',(#4006),#4140,.T.);
#4358=ADVANCED_FACE('',(#4007),#4141,.T.);
#4359=ADVANCED_FACE('',(#4008),#103,.F.);
#4360=ADVANCED_FACE('',(#4009),#4142,.T.);
#4361=ADVANCED_FACE('',(#4010),#4143,.T.);
#4362=ADVANCED_FACE('',(#4011),#104,.T.);
#4363=ADVANCED_FACE('',(#4012),#105,.T.);
#4364=ADVANCED_FACE('',(#4013),#106,.F.);
#4365=ADVANCED_FACE('',(#4014),#4144,.F.);
#4366=CLOSED_SHELL('',(#4145,#4146,#4147,#4148,#4149,#4150,#4151,#4152,#4153,#4154,#4155,#4156,#4157,#4158,#4159,#4160,#4161,#4162,#4163,#4164,#4165,#4166,#4167,#4168,#4169,#4170,#4171,#4172,#4173,#4174,#4175,#4176,#4177,#4178,#4179,#4180,#4181,#4182,#4183,#4184,#4185,#4186,#4187,#4188,#4189,#4190,#4191,#4192,#4193,#4194,#4195,#4196,#4197,#4198,#4199,#4200,#4201,#4202,#4203,#4204,#4205,#4206,#4207,#4208,#4209,#4210,#4211,#4212,#4213,#4214,#4215,#4216,#4217,#4218,#4219,#4220,#4221,#4222,#4223,#4224,#4225,#4226,#4227,#4228,#4229,#4230,#4231,#4232,#4233,#4234,#4235,#4236,#4237,#4238,#4239,#4240,#4241,#4242,#4243,#4244,#4245,#4246,#4247,#4248,#4249,#4250,#4251,#4252,#4253,#4254,#4255,#4256,#4257,#4258,#4259,#4260,#4261,#4262,#4263,#4264,#4265,#4266,#4267,#4268,#4269,#4270,#4271,#4272,#4273,#4274,#4275,#4276,#4277,#4278,#4279,#4280,#4281,#4282,#4283,#4284,#4285,#4286,#4287,#4288,#4289,#4290,#4291,#4292,#4293,#4294,#4295,#4296,#4297,#4298,#4299,#4300,#4301,#4302,#4303,#4304,#4305,#4306,#4307,#4308,#4309,#4310,#4311,#4312,#4313,#4314,#4315,#4316,#4317,#4318,#4319,#4320,#4321,#4322,#4323,#4324,#4325,#4326,#4327,#4328,#4329,#4330,#4331,#4332,#4333,#4334,#4335,#4336,#4337,#4338,#4339,#4340,#4341,#4342,#4343,#4344,#4345,#4346,#4347,#4348,#4349,#4350,#4351,#4352,#4353,#4354,#4355,#4356,#4357,#4358,#4359,#4360,#4361,#4362,#4363,#4364,#4365));
#4367=STYLED_ITEM('',(#4368),#4375);
#4368=PRESENTATION_STYLE_ASSIGNMENT((#4369));
#4369=SURFACE_STYLE_USAGE(.BOTH.,#4370);
#4370=SURFACE_SIDE_STYLE('',(#4371));
#4371=SURFACE_STYLE_FILL_AREA(#4372);
#4372=FILL_AREA_STYLE('',(#4373));
#4373=FILL_AREA_STYLE_COLOUR('',#4374);
#4374=COLOUR_RGB('',0.980392156862745,0.713725490196078,0.00392156862745098);
#4375=MANIFOLD_SOLID_BREP('HalfTokenHolder',#4366);
#4376=SHAPE_DEFINITION_REPRESENTATION(#7374,#4377);
#4377=SHAPE_REPRESENTATION('HalfTokenHolder',(#4378),#7369);
#4378=AXIS2_PLACEMENT_3D('',#5963,#4753,#4754);
#4379=AXIS2_PLACEMENT_3D('',#5964,#4755,#4756);
#4380=AXIS2_PLACEMENT_3D('',#5974,#4761,#4762);
#4381=AXIS2_PLACEMENT_3D('',#6073,#4812,#4813);
#4382=AXIS2_PLACEMENT_3D('',#6194,#4874,#4875);
#4383=AXIS2_PLACEMENT_3D('',#6195,#4876,#4877);
#4384=AXIS2_PLACEMENT_3D('',#6197,#4878,#4879);
#4385=AXIS2_PLACEMENT_3D('',#6205,#4883,#4884);
#4386=AXIS2_PLACEMENT_3D('',#6207,#4885,#4886);
#4387=AXIS2_PLACEMENT_3D('',#6211,#4888,#4889);
#4388=AXIS2_PLACEMENT_3D('',#6213,#4890,#4891);
#4389=AXIS2_PLACEMENT_3D('',#6217,#4893,#4894);
#4390=AXIS2_PLACEMENT_3D('',#6219,#4895,#4896);
#4391=AXIS2_PLACEMENT_3D('',#6223,#4898,#4899);
#4392=AXIS2_PLACEMENT_3D('',#6225,#4900,#4901);
#4393=AXIS2_PLACEMENT_3D('',#6227,#4902,#4903);
#4394=AXIS2_PLACEMENT_3D('',#6231,#4905,#4906);
#4395=AXIS2_PLACEMENT_3D('',#6233,#4907,#4908);
#4396=AXIS2_PLACEMENT_3D('',#6240,#4913,#4914);
#4397=AXIS2_PLACEMENT_3D('',#6251,#4921,#4922);
#4398=AXIS2_PLACEMENT_3D('',#6259,#4927,#4928);
#4399=AXIS2_PLACEMENT_3D('',#6260,#4929,#4930);
#4400=AXIS2_PLACEMENT_3D('',#6263,#4931,#4932);
#4401=AXIS2_PLACEMENT_3D('',#6264,#4933,#4934);
#4402=AXIS2_PLACEMENT_3D('',#6266,#4935,#4936);
#4403=AXIS2_PLACEMENT_3D('',#6269,#4938,#4939);
#4404=AXIS2_PLACEMENT_3D('',#6271,#4940,#4941);
#4405=AXIS2_PLACEMENT_3D('',#6279,#4945,#4946);
#4406=AXIS2_PLACEMENT_3D('',#6281,#4947,#4948);
#4407=AXIS2_PLACEMENT_3D('',#6285,#4950,#4951);
#4408=AXIS2_PLACEMENT_3D('',#6287,#4952,#4953);
#4409=AXIS2_PLACEMENT_3D('',#6291,#4955,#4956);
#4410=AXIS2_PLACEMENT_3D('',#6293,#4957,#4958);
#4411=AXIS2_PLACEMENT_3D('',#6297,#4960,#4961);
#4412=AXIS2_PLACEMENT_3D('',#6299,#4962,#4963);
#4413=AXIS2_PLACEMENT_3D('',#6301,#4964,#4965);
#4414=AXIS2_PLACEMENT_3D('',#6304,#4967,#4968);
#4415=AXIS2_PLACEMENT_3D('',#6312,#4973,#4974);
#4416=AXIS2_PLACEMENT_3D('',#6314,#4975,#4976);
#4417=AXIS2_PLACEMENT_3D('',#6318,#4978,#4979);
#4418=AXIS2_PLACEMENT_3D('',#6320,#4980,#4981);
#4419=AXIS2_PLACEMENT_3D('',#6322,#4982,#4983);
#4420=AXIS2_PLACEMENT_3D('',#6326,#4985,#4986);
#4421=AXIS2_PLACEMENT_3D('',#6328,#4987,#4988);
#4422=AXIS2_PLACEMENT_3D('',#6332,#4990,#4991);
#4423=AXIS2_PLACEMENT_3D('',#6334,#4992,#4993);
#4424=AXIS2_PLACEMENT_3D('',#6339,#4996,#4997);
#4425=AXIS2_PLACEMENT_3D('',#6342,#4999,#5000);
#4426=AXIS2_PLACEMENT_3D('',#6344,#5001,#5002);
#4427=AXIS2_PLACEMENT_3D('',#6346,#5003,#5004);
#4428=AXIS2_PLACEMENT_3D('',#6350,#5006,#5007);
#4429=AXIS2_PLACEMENT_3D('',#6352,#5008,#5009);
#4430=AXIS2_PLACEMENT_3D('',#6356,#5011,#5012);
#4431=AXIS2_PLACEMENT_3D('',#6358,#5013,#5014);
#4432=AXIS2_PLACEMENT_3D('',#6362,#5016,#5017);
#4433=AXIS2_PLACEMENT_3D('',#6364,#5018,#5019);
#4434=AXIS2_PLACEMENT_3D('',#6372,#5023,#5024);
#4435=AXIS2_PLACEMENT_3D('',#6374,#5025,#5026);
#4436=AXIS2_PLACEMENT_3D('',#6376,#5028,#5029);
#4437=AXIS2_PLACEMENT_3D('',#6378,#5031,#5032);
#4438=AXIS2_PLACEMENT_3D('',#6380,#5033,#5034);
#4439=AXIS2_PLACEMENT_3D('',#6384,#5036,#5037);
#4440=AXIS2_PLACEMENT_3D('',#6386,#5038,#5039);
#4441=AXIS2_PLACEMENT_3D('',#6387,#5040,#5041);
#4442=AXIS2_PLACEMENT_3D('',#6395,#5046,#5047);
#4443=AXIS2_PLACEMENT_3D('',#6399,#5050,#5051);
#4444=AXIS2_PLACEMENT_3D('',#6400,#5052,#5053);
#4445=AXIS2_PLACEMENT_3D('',#6402,#5054,#5055);
#4446=AXIS2_PLACEMENT_3D('',#6406,#5057,#5058);
#4447=AXIS2_PLACEMENT_3D('',#6408,#5059,#5060);
#4448=AXIS2_PLACEMENT_3D('',#6409,#5061,#5062);
#4449=AXIS2_PLACEMENT_3D('',#6421,#5067,#5068);
#4450=AXIS2_PLACEMENT_3D('',#6424,#5070,#5071);
#4451=AXIS2_PLACEMENT_3D('',#6426,#5072,#5073);
#4452=AXIS2_PLACEMENT_3D('',#6456,#5081,#5082);
#4453=AXIS2_PLACEMENT_3D('',#6457,#5083,#5084);
#4454=AXIS2_PLACEMENT_3D('',#6459,#5085,#5086);
#4455=AXIS2_PLACEMENT_3D('',#6463,#5088,#5089);
#4456=AXIS2_PLACEMENT_3D('',#6465,#5090,#5091);
#4457=AXIS2_PLACEMENT_3D('',#6491,#5097,#5098);
#4458=AXIS2_PLACEMENT_3D('',#6492,#5099,#5100);
#4459=AXIS2_PLACEMENT_3D('',#6494,#5101,#5102);
#4460=AXIS2_PLACEMENT_3D('',#6498,#5104,#5105);
#4461=AXIS2_PLACEMENT_3D('',#6500,#5106,#5107);
#4462=AXIS2_PLACEMENT_3D('',#6502,#5109,#5110);
#4463=AXIS2_PLACEMENT_3D('',#6510,#5115,#5116);
#4464=AXIS2_PLACEMENT_3D('',#6512,#5117,#5118);
#4465=AXIS2_PLACEMENT_3D('',#6513,#5119,#5120);
#4466=AXIS2_PLACEMENT_3D('',#6517,#5123,#5124);
#4467=AXIS2_PLACEMENT_3D('',#6521,#5126,#5127);
#4468=AXIS2_PLACEMENT_3D('',#6525,#5129,#5130);
#4469=AXIS2_PLACEMENT_3D('',#6535,#5135,#5136);
#4470=AXIS2_PLACEMENT_3D('',#6542,#5140,#5141);
#4471=AXIS2_PLACEMENT_3D('',#6554,#5147,#5148);
#4472=AXIS2_PLACEMENT_3D('',#6559,#5151,#5152);
#4473=AXIS2_PLACEMENT_3D('',#6562,#5155,#5156);
#4474=AXIS2_PLACEMENT_3D('',#6565,#5159,#5160);
#4475=AXIS2_PLACEMENT_3D('',#6567,#5162,#5163);
#4476=AXIS2_PLACEMENT_3D('',#6569,#5165,#5166);
#4477=AXIS2_PLACEMENT_3D('',#6585,#5174,#5175);
#4478=AXIS2_PLACEMENT_3D('',#6586,#5176,#5177);
#4479=AXIS2_PLACEMENT_3D('',#6587,#5178,#5179);
#4480=AXIS2_PLACEMENT_3D('',#6588,#5180,#5181);
#4481=AXIS2_PLACEMENT_3D('',#6592,#5183,#5184);
#4482=AXIS2_PLACEMENT_3D('',#6593,#5185,#5186);
#4483=AXIS2_PLACEMENT_3D('',#6594,#5187,#5188);
#4484=AXIS2_PLACEMENT_3D('',#6600,#5189,#5190);
#4485=AXIS2_PLACEMENT_3D('',#6606,#5191,#5192);
#4486=AXIS2_PLACEMENT_3D('',#6607,#5193,#5194);
#4487=AXIS2_PLACEMENT_3D('',#6608,#5195,#5196);
#4488=AXIS2_PLACEMENT_3D('',#6610,#5198,#5199);
#4489=AXIS2_PLACEMENT_3D('',#6612,#5201,#5202);
#4490=AXIS2_PLACEMENT_3D('',#6614,#5204,#5205);
#4491=AXIS2_PLACEMENT_3D('',#6616,#5207,#5208);
#4492=AXIS2_PLACEMENT_3D('',#6617,#5209,#5210);
#4493=AXIS2_PLACEMENT_3D('',#6622,#5211,#5212);
#4494=AXIS2_PLACEMENT_3D('',#6623,#5213,#5214);
#4495=AXIS2_PLACEMENT_3D('',#6624,#5215,#5216);
#4496=AXIS2_PLACEMENT_3D('',#6629,#5217,#5218);
#4497=AXIS2_PLACEMENT_3D('',#6630,#5219,#5220);
#4498=AXIS2_PLACEMENT_3D('',#6631,#5221,#5222);
#4499=AXIS2_PLACEMENT_3D('',#6632,#5223,#5224);
#4500=AXIS2_PLACEMENT_3D('',#6633,#5225,#5226);
#4501=AXIS2_PLACEMENT_3D('',#6634,#5227,#5228);
#4502=AXIS2_PLACEMENT_3D('',#6635,#5229,#5230);
#4503=AXIS2_PLACEMENT_3D('',#6636,#5231,#5232);
#4504=AXIS2_PLACEMENT_3D('',#6642,#5236,#5237);
#4505=AXIS2_PLACEMENT_3D('',#6646,#5240,#5241);
#4506=AXIS2_PLACEMENT_3D('',#6650,#5244,#5245);
#4507=AXIS2_PLACEMENT_3D('',#6652,#5247,#5248);
#4508=AXIS2_PLACEMENT_3D('',#6653,#5249,#5250);
#4509=AXIS2_PLACEMENT_3D('',#6657,#5253,#5254);
#4510=AXIS2_PLACEMENT_3D('',#6658,#5255,#5256);
#4511=AXIS2_PLACEMENT_3D('',#6660,#5257,#5258);
#4512=AXIS2_PLACEMENT_3D('',#6664,#5260,#5261);
#4513=AXIS2_PLACEMENT_3D('',#6666,#5262,#5263);
#4514=AXIS2_PLACEMENT_3D('',#6690,#5268,#5269);
#4515=AXIS2_PLACEMENT_3D('',#6692,#5271,#5272);
#4516=AXIS2_PLACEMENT_3D('',#6694,#5274,#5275);
#4517=AXIS2_PLACEMENT_3D('',#6696,#5277,#5278);
#4518=AXIS2_PLACEMENT_3D('',#6716,#5282,#5283);
#4519=AXIS2_PLACEMENT_3D('',#6736,#5287,#5288);
#4520=AXIS2_PLACEMENT_3D('',#6737,#5289,#5290);
#4521=AXIS2_PLACEMENT_3D('',#6739,#5292,#5293);
#4522=AXIS2_PLACEMENT_3D('',#6741,#5295,#5296);
#4523=AXIS2_PLACEMENT_3D('',#6742,#5297,#5298);
#4524=AXIS2_PLACEMENT_3D('',#6746,#5301,#5302);
#4525=AXIS2_PLACEMENT_3D('',#6747,#5303,#5304);
#4526=AXIS2_PLACEMENT_3D('',#6749,#5305,#5306);
#4527=AXIS2_PLACEMENT_3D('',#6753,#5308,#5309);
#4528=AXIS2_PLACEMENT_3D('',#6755,#5310,#5311);
#4529=AXIS2_PLACEMENT_3D('',#6779,#5316,#5317);
#4530=AXIS2_PLACEMENT_3D('',#6781,#5319,#5320);
#4531=AXIS2_PLACEMENT_3D('',#6783,#5322,#5323);
#4532=AXIS2_PLACEMENT_3D('',#6785,#5325,#5326);
#4533=AXIS2_PLACEMENT_3D('',#6805,#5330,#5331);
#4534=AXIS2_PLACEMENT_3D('',#6825,#5335,#5336);
#4535=AXIS2_PLACEMENT_3D('',#6826,#5337,#5338);
#4536=AXIS2_PLACEMENT_3D('',#6828,#5340,#5341);
#4537=AXIS2_PLACEMENT_3D('',#6830,#5343,#5344);
#4538=AXIS2_PLACEMENT_3D('',#6831,#5345,#5346);
#4539=AXIS2_PLACEMENT_3D('',#6835,#5349,#5350);
#4540=AXIS2_PLACEMENT_3D('',#6838,#5352,#5353);
#4541=AXIS2_PLACEMENT_3D('',#6840,#5354,#5355);
#4542=AXIS2_PLACEMENT_3D('',#6849,#5358,#5359);
#4543=AXIS2_PLACEMENT_3D('',#6850,#5360,#5361);
#4544=AXIS2_PLACEMENT_3D('',#6852,#5363,#5364);
#4545=AXIS2_PLACEMENT_3D('',#6854,#5366,#5367);
#4546=AXIS2_PLACEMENT_3D('',#6864,#5369,#5370);
#4547=AXIS2_PLACEMENT_3D('',#6866,#5372,#5373);
#4548=AXIS2_PLACEMENT_3D('',#6868,#5375,#5376);
#4549=AXIS2_PLACEMENT_3D('',#6869,#5377,#5378);
#4550=AXIS2_PLACEMENT_3D('',#6873,#5381,#5382);
#4551=AXIS2_PLACEMENT_3D('',#6877,#5385,#5386);
#4552=AXIS2_PLACEMENT_3D('',#6879,#5388,#5389);
#4553=AXIS2_PLACEMENT_3D('',#6880,#5390,#5391);
#4554=AXIS2_PLACEMENT_3D('',#6886,#5394,#5395);
#4555=AXIS2_PLACEMENT_3D('',#6888,#5396,#5397);
#4556=AXIS2_PLACEMENT_3D('',#6898,#5402,#5403);
#4557=AXIS2_PLACEMENT_3D('',#6900,#5404,#5405);
#4558=AXIS2_PLACEMENT_3D('',#6901,#5406,#5407);
#4559=AXIS2_PLACEMENT_3D('',#6903,#5408,#5409);
#4560=AXIS2_PLACEMENT_3D('',#6907,#5411,#5412);
#4561=AXIS2_PLACEMENT_3D('',#6909,#5413,#5414);
#4562=AXIS2_PLACEMENT_3D('',#6910,#5415,#5416);
#4563=AXIS2_PLACEMENT_3D('',#6912,#5417,#5418);
#4564=AXIS2_PLACEMENT_3D('',#6916,#5420,#5421);
#4565=AXIS2_PLACEMENT_3D('',#6918,#5422,#5423);
#4566=AXIS2_PLACEMENT_3D('',#6919,#5424,#5425);
#4567=AXIS2_PLACEMENT_3D('',#6921,#5427,#5428);
#4568=AXIS2_PLACEMENT_3D('',#6923,#5430,#5431);
#4569=AXIS2_PLACEMENT_3D('',#6929,#5435,#5436);
#4570=AXIS2_PLACEMENT_3D('',#6933,#5439,#5440);
#4571=AXIS2_PLACEMENT_3D('',#6934,#5441,#5442);
#4572=AXIS2_PLACEMENT_3D('',#6937,#5444,#5445);
#4573=AXIS2_PLACEMENT_3D('',#6938,#5446,#5447);
#4574=AXIS2_PLACEMENT_3D('',#6941,#5449,#5450);
#4575=AXIS2_PLACEMENT_3D('',#6947,#5454,#5455);
#4576=AXIS2_PLACEMENT_3D('',#6951,#5458,#5459);
#4577=AXIS2_PLACEMENT_3D('',#6955,#5462,#5463);
#4578=AXIS2_PLACEMENT_3D('',#6956,#5464,#5465);
#4579=AXIS2_PLACEMENT_3D('',#6959,#5467,#5468);
#4580=AXIS2_PLACEMENT_3D('',#6961,#5470,#5471);
#4581=AXIS2_PLACEMENT_3D('',#6963,#5473,#5474);
#4582=AXIS2_PLACEMENT_3D('',#6965,#5476,#5477);
#4583=AXIS2_PLACEMENT_3D('',#6967,#5479,#5480);
#4584=AXIS2_PLACEMENT_3D('',#6968,#5481,#5482);
#4585=AXIS2_PLACEMENT_3D('',#6970,#5484,#5485);
#4586=AXIS2_PLACEMENT_3D('',#6972,#5487,#5488);
#4587=AXIS2_PLACEMENT_3D('',#6973,#5489,#5490);
#4588=AXIS2_PLACEMENT_3D('',#6974,#5491,#5492);
#4589=AXIS2_PLACEMENT_3D('',#6975,#5493,#5494);
#4590=AXIS2_PLACEMENT_3D('',#6977,#5496,#5497);
#4591=AXIS2_PLACEMENT_3D('',#6978,#5498,#5499);
#4592=AXIS2_PLACEMENT_3D('',#6982,#5502,#5503);
#4593=AXIS2_PLACEMENT_3D('',#6984,#5505,#5506);
#4594=AXIS2_PLACEMENT_3D('',#6986,#5508,#5509);
#4595=AXIS2_PLACEMENT_3D('',#6988,#5511,#5512);
#4596=AXIS2_PLACEMENT_3D('',#6996,#5517,#5518);
#4597=AXIS2_PLACEMENT_3D('',#6998,#5520,#5521);
#4598=AXIS2_PLACEMENT_3D('',#7000,#5523,#5524);
#4599=AXIS2_PLACEMENT_3D('',#7002,#5526,#5527);
#4600=AXIS2_PLACEMENT_3D('',#7003,#5528,#5529);
#4601=AXIS2_PLACEMENT_3D('',#7004,#5530,#5531);
#4602=AXIS2_PLACEMENT_3D('',#7006,#5532,#5533);
#4603=AXIS2_PLACEMENT_3D('',#7014,#5537,#5538);
#4604=AXIS2_PLACEMENT_3D('',#7016,#5539,#5540);
#4605=AXIS2_PLACEMENT_3D('',#7020,#5542,#5543);
#4606=AXIS2_PLACEMENT_3D('',#7022,#5544,#5545);
#4607=AXIS2_PLACEMENT_3D('',#7026,#5547,#5548);
#4608=AXIS2_PLACEMENT_3D('',#7028,#5549,#5550);
#4609=AXIS2_PLACEMENT_3D('',#7032,#5552,#5553);
#4610=AXIS2_PLACEMENT_3D('',#7034,#5554,#5555);
#4611=AXIS2_PLACEMENT_3D('',#7036,#5556,#5557);
#4612=AXIS2_PLACEMENT_3D('',#7043,#5561,#5562);
#4613=AXIS2_PLACEMENT_3D('',#7045,#5563,#5564);
#4614=AXIS2_PLACEMENT_3D('',#7049,#5566,#5567);
#4615=AXIS2_PLACEMENT_3D('',#7051,#5568,#5569);
#4616=AXIS2_PLACEMENT_3D('',#7055,#5571,#5572);
#4617=AXIS2_PLACEMENT_3D('',#7057,#5573,#5574);
#4618=AXIS2_PLACEMENT_3D('',#7059,#5575,#5576);
#4619=AXIS2_PLACEMENT_3D('',#7063,#5578,#5579);
#4620=AXIS2_PLACEMENT_3D('',#7065,#5580,#5581);
#4621=AXIS2_PLACEMENT_3D('',#7066,#5582,#5583);
#4622=AXIS2_PLACEMENT_3D('',#7068,#5585,#5586);
#4623=AXIS2_PLACEMENT_3D('',#7070,#5588,#5589);
#4624=AXIS2_PLACEMENT_3D('',#7072,#5591,#5592);
#4625=AXIS2_PLACEMENT_3D('',#7074,#5594,#5595);
#4626=AXIS2_PLACEMENT_3D('',#7076,#5597,#5598);
#4627=AXIS2_PLACEMENT_3D('',#7078,#5600,#5601);
#4628=AXIS2_PLACEMENT_3D('',#7080,#5603,#5604);
#4629=AXIS2_PLACEMENT_3D('',#7082,#5606,#5607);
#4630=AXIS2_PLACEMENT_3D('',#7084,#5609,#5610);
#4631=AXIS2_PLACEMENT_3D('',#7086,#5612,#5613);
#4632=AXIS2_PLACEMENT_3D('',#7088,#5615,#5616);
#4633=AXIS2_PLACEMENT_3D('',#7090,#5618,#5619);
#4634=AXIS2_PLACEMENT_3D('',#7092,#5621,#5622);
#4635=AXIS2_PLACEMENT_3D('',#7094,#5624,#5625);
#4636=AXIS2_PLACEMENT_3D('',#7096,#5627,#5628);
#4637=AXIS2_PLACEMENT_3D('',#7097,#5629,#5630);
#4638=AXIS2_PLACEMENT_3D('',#7099,#5632,#5633);
#4639=AXIS2_PLACEMENT_3D('',#7101,#5635,#5636);
#4640=AXIS2_PLACEMENT_3D('',#7103,#5638,#5639);
#4641=AXIS2_PLACEMENT_3D('',#7105,#5641,#5642);
#4642=AXIS2_PLACEMENT_3D('',#7107,#5644,#5645);
#4643=AXIS2_PLACEMENT_3D('',#7109,#5647,#5648);
#4644=AXIS2_PLACEMENT_3D('',#7111,#5650,#5651);
#4645=AXIS2_PLACEMENT_3D('',#7113,#5653,#5654);
#4646=AXIS2_PLACEMENT_3D('',#7115,#5656,#5657);
#4647=AXIS2_PLACEMENT_3D('',#7117,#5659,#5660);
#4648=AXIS2_PLACEMENT_3D('',#7119,#5662,#5663);
#4649=AXIS2_PLACEMENT_3D('',#7121,#5665,#5666);
#4650=AXIS2_PLACEMENT_3D('',#7123,#5668,#5669);
#4651=AXIS2_PLACEMENT_3D('',#7125,#5671,#5672);
#4652=AXIS2_PLACEMENT_3D('',#7127,#5674,#5675);
#4653=AXIS2_PLACEMENT_3D('',#7128,#5676,#5677);
#4654=AXIS2_PLACEMENT_3D('',#7132,#5680,#5681);
#4655=AXIS2_PLACEMENT_3D('',#7134,#5683,#5684);
#4656=AXIS2_PLACEMENT_3D('',#7140,#5688,#5689);
#4657=AXIS2_PLACEMENT_3D('',#7142,#5691,#5692);
#4658=AXIS2_PLACEMENT_3D('',#7144,#5694,#5695);
#4659=AXIS2_PLACEMENT_3D('',#7145,#5696,#5697);
#4660=AXIS2_PLACEMENT_3D('',#7149,#5700,#5701);
#4661=AXIS2_PLACEMENT_3D('',#7151,#5703,#5704);
#4662=AXIS2_PLACEMENT_3D('',#7153,#5706,#5707);
#4663=AXIS2_PLACEMENT_3D('',#7155,#5709,#5710);
#4664=AXIS2_PLACEMENT_3D('',#7163,#5715,#5716);
#4665=AXIS2_PLACEMENT_3D('',#7165,#5718,#5719);
#4666=AXIS2_PLACEMENT_3D('',#7167,#5721,#5722);
#4667=AXIS2_PLACEMENT_3D('',#7169,#5724,#5725);
#4668=AXIS2_PLACEMENT_3D('',#7170,#5726,#5727);
#4669=AXIS2_PLACEMENT_3D('',#7174,#5730,#5731);
#4670=AXIS2_PLACEMENT_3D('',#7178,#5734,#5735);
#4671=AXIS2_PLACEMENT_3D('',#7180,#5737,#5738);
#4672=AXIS2_PLACEMENT_3D('',#7181,#5739,#5740);
#4673=AXIS2_PLACEMENT_3D('',#7182,#5741,#5742);
#4674=AXIS2_PLACEMENT_3D('',#7184,#5743,#5744);
#4675=AXIS2_PLACEMENT_3D('',#7188,#5746,#5747);
#4676=AXIS2_PLACEMENT_3D('',#7190,#5748,#5749);
#4677=AXIS2_PLACEMENT_3D('',#7192,#5750,#5751);
#4678=AXIS2_PLACEMENT_3D('',#7196,#5753,#5754);
#4679=AXIS2_PLACEMENT_3D('',#7198,#5755,#5756);
#4680=AXIS2_PLACEMENT_3D('',#7202,#5758,#5759);
#4681=AXIS2_PLACEMENT_3D('',#7204,#5760,#5761);
#4682=AXIS2_PLACEMENT_3D('',#7208,#5763,#5764);
#4683=AXIS2_PLACEMENT_3D('',#7210,#5765,#5766);
#4684=AXIS2_PLACEMENT_3D('',#7218,#5770,#5771);
#4685=AXIS2_PLACEMENT_3D('',#7220,#5772,#5773);
#4686=AXIS2_PLACEMENT_3D('',#7221,#5774,#5775);
#4687=AXIS2_PLACEMENT_3D('',#7223,#5776,#5777);
#4688=AXIS2_PLACEMENT_3D('',#7227,#5779,#5780);
#4689=AXIS2_PLACEMENT_3D('',#7229,#5781,#5782);
#4690=AXIS2_PLACEMENT_3D('',#7231,#5783,#5784);
#4691=AXIS2_PLACEMENT_3D('',#7235,#5786,#5787);
#4692=AXIS2_PLACEMENT_3D('',#7237,#5788,#5789);
#4693=AXIS2_PLACEMENT_3D('',#7241,#5791,#5792);
#4694=AXIS2_PLACEMENT_3D('',#7243,#5793,#5794);
#4695=AXIS2_PLACEMENT_3D('',#7247,#5796,#5797);
#4696=AXIS2_PLACEMENT_3D('',#7249,#5798,#5799);
#4697=AXIS2_PLACEMENT_3D('',#7257,#5803,#5804);
#4698=AXIS2_PLACEMENT_3D('',#7259,#5805,#5806);
#4699=AXIS2_PLACEMENT_3D('',#7260,#5807,#5808);
#4700=AXIS2_PLACEMENT_3D('',#7262,#5810,#5811);
#4701=AXIS2_PLACEMENT_3D('',#7264,#5813,#5814);
#4702=AXIS2_PLACEMENT_3D('',#7266,#5816,#5817);
#4703=AXIS2_PLACEMENT_3D('',#7268,#5819,#5820);
#4704=AXIS2_PLACEMENT_3D('',#7270,#5822,#5823);
#4705=AXIS2_PLACEMENT_3D('',#7272,#5825,#5826);
#4706=AXIS2_PLACEMENT_3D('',#7274,#5828,#5829);
#4707=AXIS2_PLACEMENT_3D('',#7276,#5831,#5832);
#4708=AXIS2_PLACEMENT_3D('',#7278,#5834,#5835);
#4709=AXIS2_PLACEMENT_3D('',#7280,#5837,#5838);
#4710=AXIS2_PLACEMENT_3D('',#7282,#5840,#5841);
#4711=AXIS2_PLACEMENT_3D('',#7284,#5843,#5844);
#4712=AXIS2_PLACEMENT_3D('',#7286,#5846,#5847);
#4713=AXIS2_PLACEMENT_3D('',#7288,#5849,#5850);
#4714=AXIS2_PLACEMENT_3D('',#7290,#5852,#5853);
#4715=AXIS2_PLACEMENT_3D('',#7292,#5855,#5856);
#4716=AXIS2_PLACEMENT_3D('',#7294,#5858,#5859);
#4717=AXIS2_PLACEMENT_3D('',#7296,#5861,#5862);
#4718=AXIS2_PLACEMENT_3D('',#7298,#5864,#5865);
#4719=AXIS2_PLACEMENT_3D('',#7300,#5867,#5868);
#4720=AXIS2_PLACEMENT_3D('',#7302,#5870,#5871);
#4721=AXIS2_PLACEMENT_3D('',#7303,#5872,#5873);
#4722=AXIS2_PLACEMENT_3D('',#7305,#5875,#5876);
#4723=AXIS2_PLACEMENT_3D('',#7307,#5878,#5879);
#4724=AXIS2_PLACEMENT_3D('',#7309,#5881,#5882);
#4725=AXIS2_PLACEMENT_3D('',#7311,#5884,#5885);
#4726=AXIS2_PLACEMENT_3D('',#7313,#5887,#5888);
#4727=AXIS2_PLACEMENT_3D('',#7315,#5890,#5891);
#4728=AXIS2_PLACEMENT_3D('',#7317,#5893,#5894);
#4729=AXIS2_PLACEMENT_3D('',#7319,#5896,#5897);
#4730=AXIS2_PLACEMENT_3D('',#7321,#5899,#5900);
#4731=AXIS2_PLACEMENT_3D('',#7323,#5902,#5903);
#4732=AXIS2_PLACEMENT_3D('',#7325,#5905,#5906);
#4733=AXIS2_PLACEMENT_3D('',#7327,#5908,#5909);
#4734=AXIS2_PLACEMENT_3D('',#7329,#5911,#5912);
#4735=AXIS2_PLACEMENT_3D('',#7331,#5914,#5915);
#4736=AXIS2_PLACEMENT_3D('',#7333,#5917,#5918);
#4737=AXIS2_PLACEMENT_3D('',#7335,#5920,#5921);
#4738=AXIS2_PLACEMENT_3D('',#7337,#5923,#5924);
#4739=AXIS2_PLACEMENT_3D('',#7338,#5925,#5926);
#4740=AXIS2_PLACEMENT_3D('',#7342,#5929,#5930);
#4741=AXIS2_PLACEMENT_3D('',#7346,#5933,#5934);
#4742=AXIS2_PLACEMENT_3D('',#7347,#5935,#5936);
#4743=AXIS2_PLACEMENT_3D('',#7349,#5937,#5938);
#4744=AXIS2_PLACEMENT_3D('',#7354,#5941,#5942);
#4745=AXIS2_PLACEMENT_3D('',#7356,#5943,#5944);
#4746=AXIS2_PLACEMENT_3D('',#7357,#5945,#5946);
#4747=AXIS2_PLACEMENT_3D('',#7359,#5948,#5949);
#4748=AXIS2_PLACEMENT_3D('',#7361,#5951,#5952);
#4749=AXIS2_PLACEMENT_3D('',#7363,#5954,#5955);
#4750=AXIS2_PLACEMENT_3D('',#7365,#5957,#5958);
#4751=AXIS2_PLACEMENT_3D('',#7366,#5959,#5960);
#4752=AXIS2_PLACEMENT_3D('',#7367,#5961,#5962);
#4753=DIRECTION('',(0.,0.,1.));
#4754=DIRECTION('',(1.,0.,0.));
#4755=DIRECTION('',(0.,1.,0.));
#4756=DIRECTION('',(0.,0.,1.));
#4757=DIRECTION('',(0.,0.,1.));
#4758=DIRECTION('',(1.,0.,0.));
#4759=DIRECTION('',(0.,0.,-1.));
#4760=DIRECTION('',(1.,0.,0.));
#4761=DIRECTION('',(0.,1.,0.));
#4762=DIRECTION('',(0.,0.,1.));
#4763=DIRECTION('',(1.,0.,0.));
#4764=DIRECTION('',(0.,0.,-1.));
#4765=DIRECTION('',(1.,0.,0.));
#4766=DIRECTION('',(0.,0.,-1.));
#4767=DIRECTION('',(-1.,0.,0.));
#4768=DIRECTION('',(0.,0.,1.));
#4769=DIRECTION('',(1.,0.,0.));
#4770=DIRECTION('',(0.,0.,-1.));
#4771=DIRECTION('',(-1.,0.,0.));
#4772=DIRECTION('',(0.,0.,1.));
#4773=DIRECTION('',(1.,0.,0.));
#4774=DIRECTION('',(0.,0.,-1.));
#4775=DIRECTION('',(-1.,0.,0.));
#4776=DIRECTION('',(0.,0.,-1.));
#4777=DIRECTION('',(1.,0.,0.));
#4778=DIRECTION('',(0.,0.,-1.));
#4779=DIRECTION('',(-1.,0.,0.));
#4780=DIRECTION('',(0.,0.,-1.));
#4781=DIRECTION('',(1.,0.,0.));
#4782=DIRECTION('',(0.,0.,-1.));
#4783=DIRECTION('',(-1.,0.,0.));
#4784=DIRECTION('',(0.,0.,1.));
#4785=DIRECTION('',(1.,0.,0.));
#4786=DIRECTION('',(0.,0.,-1.));
#4787=DIRECTION('',(-1.,0.,0.));
#4788=DIRECTION('',(0.,0.,1.));
#4789=DIRECTION('',(1.,0.,0.));
#4790=DIRECTION('',(0.,0.,-1.));
#4791=DIRECTION('',(-1.,0.,0.));
#4792=DIRECTION('',(0.,0.,-1.));
#4793=DIRECTION('',(1.,0.,0.));
#4794=DIRECTION('',(0.,0.,-1.));
#4795=DIRECTION('',(-1.,0.,0.));
#4796=DIRECTION('',(0.,0.,1.));
#4797=DIRECTION('',(1.,0.,0.));
#4798=DIRECTION('',(0.,0.,-1.));
#4799=DIRECTION('',(-1.,0.,0.));
#4800=DIRECTION('',(0.,0.,1.));
#4801=DIRECTION('',(1.,0.,0.));
#4802=DIRECTION('',(0.,0.,-1.));
#4803=DIRECTION('',(-1.,0.,0.));
#4804=DIRECTION('',(0.,0.,1.));
#4805=DIRECTION('',(1.,0.,0.));
#4806=DIRECTION('',(0.,0.,-1.));
#4807=DIRECTION('',(-1.,0.,0.));
#4808=DIRECTION('',(0.,0.,-1.));
#4809=DIRECTION('',(1.,0.,0.));
#4810=DIRECTION('',(0.,0.,-1.));
#4811=DIRECTION('',(-1.,0.,0.));
#4812=DIRECTION('',(0.,1.,0.));
#4813=DIRECTION('',(0.,0.,1.));
#4814=DIRECTION('',(-1.,0.,0.));
#4815=DIRECTION('',(0.,0.,-1.));
#4816=DIRECTION('',(1.,0.,0.));
#4817=DIRECTION('',(0.,0.,-1.));
#4818=DIRECTION('',(-1.,0.,0.));
#4819=DIRECTION('',(0.,0.,-1.));
#4820=DIRECTION('',(1.,0.,0.));
#4821=DIRECTION('',(0.,0.,1.));
#4822=DIRECTION('',(-1.,0.,0.));
#4823=DIRECTION('',(0.,0.,-1.));
#4824=DIRECTION('',(1.,0.,0.));
#4825=DIRECTION('',(0.,0.,1.));
#4826=DIRECTION('',(-1.,0.,0.));
#4827=DIRECTION('',(0.,0.,-1.));
#4828=DIRECTION('',(1.,0.,0.));
#4829=DIRECTION('',(0.,0.,1.));
#4830=DIRECTION('',(-1.,0.,0.));
#4831=DIRECTION('',(0.,0.,-1.));
#4832=DIRECTION('',(1.,0.,0.));
#4833=DIRECTION('',(0.,0.,1.));
#4834=DIRECTION('',(-1.,0.,0.));
#4835=DIRECTION('',(0.,0.,-1.));
#4836=DIRECTION('',(1.,0.,0.));
#4837=DIRECTION('',(0.,0.,1.));
#4838=DIRECTION('',(-1.,0.,0.));
#4839=DIRECTION('',(0.,0.,-1.));
#4840=DIRECTION('',(1.,0.,0.));
#4841=DIRECTION('',(0.,0.,1.));
#4842=DIRECTION('',(-1.,0.,0.));
#4843=DIRECTION('',(0.,0.,-1.));
#4844=DIRECTION('',(1.,0.,0.));
#4845=DIRECTION('',(0.,0.,1.));
#4846=DIRECTION('',(-1.,0.,0.));
#4847=DIRECTION('',(0.,0.,-1.));
#4848=DIRECTION('',(1.,0.,0.));
#4849=DIRECTION('',(0.,0.,-1.));
#4850=DIRECTION('',(-1.,0.,0.));
#4851=DIRECTION('',(0.,0.,-1.));
#4852=DIRECTION('',(1.,0.,0.));
#4853=DIRECTION('',(0.,0.,1.));
#4854=DIRECTION('',(-1.,0.,0.));
#4855=DIRECTION('',(0.,0.,-1.));
#4856=DIRECTION('',(1.,0.,0.));
#4857=DIRECTION('',(0.,0.,1.));
#4858=DIRECTION('',(-1.,0.,0.));
#4859=DIRECTION('',(0.,0.,-1.));
#4860=DIRECTION('',(1.,0.,0.));
#4861=DIRECTION('',(0.,0.,1.));
#4862=DIRECTION('',(-1.,0.,0.));
#4863=DIRECTION('',(0.,0.,-1.));
#4864=DIRECTION('',(1.,0.,0.));
#4865=DIRECTION('',(0.,0.,1.));
#4866=DIRECTION('',(-1.,0.,0.));
#4867=DIRECTION('',(0.,0.,-1.));
#4868=DIRECTION('',(1.,0.,0.));
#4869=DIRECTION('',(0.,0.,-1.));
#4870=DIRECTION('',(1.,0.,0.));
#4871=DIRECTION('',(0.,0.,-1.));
#4872=DIRECTION('',(1.,0.,0.));
#4873=DIRECTION('',(0.,0.,1.));
#4874=DIRECTION('',(0.,0.,1.));
#4875=DIRECTION('',(1.,0.,0.));
#4876=DIRECTION('',(0.,0.,-1.));
#4877=DIRECTION('',(-1.,0.,0.));
#4878=DIRECTION('',(0.,0.,-1.));
#4879=DIRECTION('',(-1.,0.,0.));
#4880=DIRECTION('',(0.,-1.,0.));
#4881=DIRECTION('',(1.,0.,0.));
#4882=DIRECTION('',(0.,1.,0.));
#4883=DIRECTION('',(0.,0.,-1.));
#4884=DIRECTION('',(-1.,0.,0.));
#4885=DIRECTION('',(0.,0.,-1.));
#4886=DIRECTION('',(-1.,0.,0.));
#4887=DIRECTION('',(1.,0.,0.));
#4888=DIRECTION('',(0.,0.,-1.));
#4889=DIRECTION('',(-1.,0.,0.));
#4890=DIRECTION('',(0.,0.,-1.));
#4891=DIRECTION('',(-1.,0.,0.));
#4892=DIRECTION('',(0.,-1.,0.));
#4893=DIRECTION('',(0.,0.,-1.));
#4894=DIRECTION('',(-1.,0.,0.));
#4895=DIRECTION('',(0.,0.,-1.));
#4896=DIRECTION('',(-1.,0.,0.));
#4897=DIRECTION('',(-1.,0.,0.));
#4898=DIRECTION('',(0.,0.,-1.));
#4899=DIRECTION('',(-1.,0.,0.));
#4900=DIRECTION('',(0.,0.,-1.));
#4901=DIRECTION('',(-1.,0.,0.));
#4902=DIRECTION('',(0.,0.,-1.));
#4903=DIRECTION('',(-1.,0.,0.));
#4904=DIRECTION('',(0.,-1.,0.));
#4905=DIRECTION('',(0.,0.,-1.));
#4906=DIRECTION('',(-1.,0.,0.));
#4907=DIRECTION('',(0.,0.,-1.));
#4908=DIRECTION('',(-1.,0.,0.));
#4909=DIRECTION('',(0.,1.,0.));
#4910=DIRECTION('',(0.,-1.,0.));
#4911=DIRECTION('',(1.,0.,0.));
#4912=DIRECTION('',(0.,1.,0.));
#4913=DIRECTION('',(0.,0.,1.));
#4914=DIRECTION('',(1.,0.,0.));
#4915=DIRECTION('',(0.,-1.,0.));
#4916=DIRECTION('',(1.,0.,0.));
#4917=DIRECTION('',(0.,1.,0.));
#4918=DIRECTION('',(-1.,0.,0.));
#4919=DIRECTION('',(0.,-1.,0.));
#4920=DIRECTION('',(0.,1.,0.));
#4921=DIRECTION('',(0.,0.,1.));
#4922=DIRECTION('',(1.,0.,0.));
#4923=DIRECTION('',(-0.645744177635306,-0.763553833760333,0.));
#4924=DIRECTION('',(0.,1.,0.));
#4925=DIRECTION('',(0.,-1.,0.));
#4926=DIRECTION('',(-0.643148916455041,0.765741125487398,0.));
#4927=DIRECTION('',(0.,0.,1.));
#4928=DIRECTION('',(1.,0.,0.));
#4929=DIRECTION('',(0.,0.,-1.));
#4930=DIRECTION('',(-1.,0.,0.));
#4931=DIRECTION('',(0.,0.,-1.));
#4932=DIRECTION('',(-1.,0.,0.));
#4933=DIRECTION('',(0.,0.,-1.));
#4934=DIRECTION('',(-1.,0.,0.));
#4935=DIRECTION('',(0.,0.,-1.));
#4936=DIRECTION('',(-1.,0.,0.));
#4937=DIRECTION('',(0.,-1.,0.));
#4938=DIRECTION('',(0.,0.,-1.));
#4939=DIRECTION('',(-1.,0.,0.));
#4940=DIRECTION('',(0.,0.,-1.));
#4941=DIRECTION('',(-1.,0.,0.));
#4942=DIRECTION('',(0.,1.,0.));
#4943=DIRECTION('',(-1.,0.,0.));
#4944=DIRECTION('',(0.,-1.,0.));
#4945=DIRECTION('',(0.,0.,-1.));
#4946=DIRECTION('',(-1.,0.,0.));
#4947=DIRECTION('',(0.,0.,-1.));
#4948=DIRECTION('',(-1.,0.,0.));
#4949=DIRECTION('',(-1.,0.,0.));
#4950=DIRECTION('',(0.,0.,-1.));
#4951=DIRECTION('',(-1.,0.,0.));
#4952=DIRECTION('',(0.,0.,-1.));
#4953=DIRECTION('',(-1.,0.,0.));
#4954=DIRECTION('',(0.,1.,0.));
#4955=DIRECTION('',(0.,0.,-1.));
#4956=DIRECTION('',(-1.,0.,0.));
#4957=DIRECTION('',(0.,0.,-1.));
#4958=DIRECTION('',(-1.,0.,0.));
#4959=DIRECTION('',(1.,0.,0.));
#4960=DIRECTION('',(0.,0.,-1.));
#4961=DIRECTION('',(-1.,0.,0.));
#4962=DIRECTION('',(0.,0.,-1.));
#4963=DIRECTION('',(-1.,0.,0.));
#4964=DIRECTION('',(0.,0.,-1.));
#4965=DIRECTION('',(-1.,0.,0.));
#4966=DIRECTION('',(0.,1.,0.));
#4967=DIRECTION('',(0.,0.,1.));
#4968=DIRECTION('',(1.,0.,0.));
#4969=DIRECTION('',(0.,-1.,0.));
#4970=DIRECTION('',(-0.630592625094459,0.776114000116271,0.));
#4971=DIRECTION('',(-1.,0.,0.));
#4972=DIRECTION('',(0.642183152881065,-0.766551236484382,0.));
#4973=DIRECTION('',(0.,0.,-1.));
#4974=DIRECTION('',(-1.,0.,0.));
#4975=DIRECTION('',(0.,0.,-1.));
#4976=DIRECTION('',(-1.,0.,0.));
#4977=DIRECTION('',(0.,1.,0.));
#4978=DIRECTION('',(0.,0.,-1.));
#4979=DIRECTION('',(-1.,0.,0.));
#4980=DIRECTION('',(0.,0.,-1.));
#4981=DIRECTION('',(-1.,0.,0.));
#4982=DIRECTION('',(0.,0.,-1.));
#4983=DIRECTION('',(-1.,0.,0.));
#4984=DIRECTION('',(-1.,0.,0.));
#4985=DIRECTION('',(0.,0.,-1.));
#4986=DIRECTION('',(-1.,0.,0.));
#4987=DIRECTION('',(0.,0.,-1.));
#4988=DIRECTION('',(-1.,0.,0.));
#4989=DIRECTION('',(0.,1.,0.));
#4990=DIRECTION('',(0.,0.,-1.));
#4991=DIRECTION('',(-1.,0.,0.));
#4992=DIRECTION('',(0.,0.,-1.));
#4993=DIRECTION('',(-1.,0.,0.));
#4994=DIRECTION('',(1.,0.,0.));
#4995=DIRECTION('',(0.,1.,0.));
#4996=DIRECTION('',(0.,0.,1.));
#4997=DIRECTION('',(1.,0.,0.));
#4998=DIRECTION('',(0.,-1.,0.));
#4999=DIRECTION('',(0.,0.,-1.));
#5000=DIRECTION('',(-1.,0.,0.));
#5001=DIRECTION('',(0.,0.,-1.));
#5002=DIRECTION('',(-1.,0.,0.));
#5003=DIRECTION('',(0.,0.,-1.));
#5004=DIRECTION('',(-1.,0.,0.));
#5005=DIRECTION('',(1.,0.,0.));
#5006=DIRECTION('',(0.,0.,-1.));
#5007=DIRECTION('',(-1.,0.,0.));
#5008=DIRECTION('',(0.,0.,-1.));
#5009=DIRECTION('',(-1.,0.,0.));
#5010=DIRECTION('',(0.,-1.,0.));
#5011=DIRECTION('',(0.,0.,-1.));
#5012=DIRECTION('',(-1.,0.,0.));
#5013=DIRECTION('',(0.,0.,-1.));
#5014=DIRECTION('',(-1.,0.,0.));
#5015=DIRECTION('',(-1.,0.,0.));
#5016=DIRECTION('',(0.,0.,-1.));
#5017=DIRECTION('',(-1.,0.,0.));
#5018=DIRECTION('',(0.,0.,-1.));
#5019=DIRECTION('',(-1.,0.,0.));
#5020=DIRECTION('',(0.,1.,0.));
#5021=DIRECTION('',(-1.,0.,0.));
#5022=DIRECTION('',(0.,-1.,0.));
#5023=DIRECTION('',(0.,0.,-1.));
#5024=DIRECTION('',(-1.,0.,0.));
#5025=DIRECTION('',(0.,0.,-1.));
#5026=DIRECTION('',(-1.,0.,0.));
#5027=DIRECTION('',(0.,1.,0.));
#5028=DIRECTION('',(0.,0.,1.));
#5029=DIRECTION('',(1.,0.,0.));
#5030=DIRECTION('',(0.,-1.,0.));
#5031=DIRECTION('',(0.,0.,-1.));
#5032=DIRECTION('',(-1.,0.,0.));
#5033=DIRECTION('',(0.,0.,-1.));
#5034=DIRECTION('',(-1.,0.,0.));
#5035=DIRECTION('',(0.,1.,0.));
#5036=DIRECTION('',(0.,0.,-1.));
#5037=DIRECTION('',(-1.,0.,0.));
#5038=DIRECTION('',(0.,0.,-1.));
#5039=DIRECTION('',(-1.,0.,0.));
#5040=DIRECTION('',(0.,0.,1.));
#5041=DIRECTION('',(1.,0.,0.));
#5042=DIRECTION('',(-0.645744177635306,-0.763553833760333,0.));
#5043=DIRECTION('',(0.,1.,0.));
#5044=DIRECTION('',(0.,-1.,0.));
#5045=DIRECTION('',(-0.64314891645504,0.765741125487399,0.));
#5046=DIRECTION('',(0.,0.,1.));
#5047=DIRECTION('',(1.,0.,0.));
#5048=DIRECTION('',(0.643056698749019,0.765818570024267,0.));
#5049=DIRECTION('',(0.641472712737841,-0.767145852372777,0.));
#5050=DIRECTION('',(0.,0.,1.));
#5051=DIRECTION('',(1.,0.,0.));
#5052=DIRECTION('',(0.,0.,-1.));
#5053=DIRECTION('',(-1.,0.,0.));
#5054=DIRECTION('',(0.,0.,-1.));
#5055=DIRECTION('',(-1.,0.,0.));
#5056=DIRECTION('',(0.,-1.,0.));
#5057=DIRECTION('',(0.,0.,-1.));
#5058=DIRECTION('',(-1.,0.,0.));
#5059=DIRECTION('',(0.,0.,-1.));
#5060=DIRECTION('',(-1.,0.,0.));
#5061=DIRECTION('',(0.,0.,-1.));
#5062=DIRECTION('',(-1.,0.,0.));
#5063=DIRECTION('',(0.,1.,0.));
#5064=DIRECTION('',(0.,-1.,0.));
#5065=DIRECTION('',(1.,0.,0.));
#5066=DIRECTION('',(0.,1.,0.));
#5067=DIRECTION('',(0.,0.,1.));
#5068=DIRECTION('',(1.,0.,0.));
#5069=DIRECTION('',(0.,-1.,0.));
#5070=DIRECTION('',(0.,0.,-1.));
#5071=DIRECTION('',(-1.,0.,0.));
#5072=DIRECTION('',(0.,0.,-1.));
#5073=DIRECTION('',(-1.,0.,0.));
#5074=DIRECTION('',(-1.,0.,0.));
#5075=DIRECTION('',(0.,-1.,0.));
#5076=DIRECTION('',(0.,1.,0.));
#5077=DIRECTION('',(-1.,0.,0.));
#5078=DIRECTION('',(0.,1.,0.));
#5079=DIRECTION('',(1.,0.,0.));
#5080=DIRECTION('',(0.,1.,0.));
#5081=DIRECTION('',(0.,0.,1.));
#5082=DIRECTION('',(1.,0.,0.));
#5083=DIRECTION('',(0.,0.,-1.));
#5084=DIRECTION('',(-1.,0.,0.));
#5085=DIRECTION('',(0.,0.,-1.));
#5086=DIRECTION('',(-1.,0.,0.));
#5087=DIRECTION('',(0.,-1.,0.));
#5088=DIRECTION('',(0.,0.,-1.));
#5089=DIRECTION('',(-1.,0.,0.));
#5090=DIRECTION('',(0.,0.,-1.));
#5091=DIRECTION('',(-1.,0.,0.));
#5092=DIRECTION('',(0.,1.,0.));
#5093=DIRECTION('',(-1.,0.,0.));
#5094=DIRECTION('',(0.,1.,0.));
#5095=DIRECTION('',(1.,0.,0.));
#5096=DIRECTION('',(0.,1.,0.));
#5097=DIRECTION('',(0.,0.,1.));
#5098=DIRECTION('',(1.,0.,0.));
#5099=DIRECTION('',(0.,0.,-1.));
#5100=DIRECTION('',(-1.,0.,0.));
#5101=DIRECTION('',(0.,0.,-1.));
#5102=DIRECTION('',(-1.,0.,0.));
#5103=DIRECTION('',(0.,-1.,0.));
#5104=DIRECTION('',(0.,0.,-1.));
#5105=DIRECTION('',(-1.,0.,0.));
#5106=DIRECTION('',(0.,0.,-1.));
#5107=DIRECTION('',(-1.,0.,0.));
#5108=DIRECTION('',(-1.80700362080917E-16,1.,0.));
#5109=DIRECTION('',(0.,0.,1.));
#5110=DIRECTION('',(1.,0.,0.));
#5111=DIRECTION('',(1.,0.,0.));
#5112=DIRECTION('',(0.,1.,0.));
#5113=DIRECTION('',(0.,1.,0.));
#5114=DIRECTION('',(0.,1.,0.));
#5115=DIRECTION('',(0.,0.,-1.));
#5116=DIRECTION('',(-1.,0.,0.));
#5117=DIRECTION('',(0.,0.,-1.));
#5118=DIRECTION('',(-1.,0.,0.));
#5119=DIRECTION('',(0.,0.,1.));
#5120=DIRECTION('',(1.,0.,0.));
#5121=DIRECTION('',(0.64305669874902,0.765818570024267,0.));
#5122=DIRECTION('',(0.641472712737841,-0.767145852372778,0.));
#5123=DIRECTION('',(0.,1.,0.));
#5124=DIRECTION('',(0.,0.,1.));
#5125=DIRECTION('',(1.,0.,0.));
#5126=DIRECTION('',(0.,-1.,0.));
#5127=DIRECTION('',(0.,0.,-1.));
#5128=DIRECTION('',(1.,0.,0.));
#5129=DIRECTION('',(0.,-1.,0.));
#5130=DIRECTION('',(0.,0.,-1.));
#5131=DIRECTION('',(1.,0.,0.));
#5132=DIRECTION('',(0.,0.,-1.));
#5133=DIRECTION('',(1.,0.,0.));
#5134=DIRECTION('',(-4.2700885562506E-16,0.,1.));
#5135=DIRECTION('',(0.,1.,0.));
#5136=DIRECTION('',(0.,0.,1.));
#5137=DIRECTION('',(0.,0.,1.));
#5138=DIRECTION('',(1.,0.,0.));
#5139=DIRECTION('',(0.,0.,-1.));
#5140=DIRECTION('',(0.,1.,0.));
#5141=DIRECTION('',(0.,0.,1.));
#5142=DIRECTION('',(0.,0.,-1.));
#5143=DIRECTION('',(1.,0.,0.));
#5144=DIRECTION('',(0.,0.,-1.));
#5145=DIRECTION('',(1.,0.,0.));
#5146=DIRECTION('',(0.,0.,-1.));
#5147=DIRECTION('',(0.,1.,0.));
#5148=DIRECTION('',(0.,0.,1.));
#5149=DIRECTION('',(4.2700885562506E-16,0.,-1.));
#5150=DIRECTION('',(1.,0.,0.));
#5151=DIRECTION('',(0.,0.,1.));
#5152=DIRECTION('',(1.,0.,0.));
#5153=DIRECTION('',(0.,1.,0.));
#5154=DIRECTION('',(0.,1.,0.));
#5155=DIRECTION('',(0.,0.,1.));
#5156=DIRECTION('',(1.,0.,0.));
#5157=DIRECTION('',(-1.80700362080917E-16,1.,0.));
#5158=DIRECTION('',(0.,1.,0.));
#5159=DIRECTION('',(-1.,0.,0.));
#5160=DIRECTION('',(0.,0.,1.));
#5161=DIRECTION('',(0.,1.,0.));
#5162=DIRECTION('',(-1.,-1.80700362080917E-16,0.));
#5163=DIRECTION('',(1.80700362080917E-16,-1.,0.));
#5164=DIRECTION('',(-1.80700362080917E-16,1.,0.));
#5165=DIRECTION('',(0.,0.,1.));
#5166=DIRECTION('',(1.,0.,0.));
#5167=DIRECTION('',(0.,-1.,0.));
#5168=DIRECTION('',(1.,0.,0.));
#5169=DIRECTION('',(-1.80700362080917E-16,1.,0.));
#5170=DIRECTION('',(1.,0.,0.));
#5171=DIRECTION('',(0.,1.,0.));
#5172=DIRECTION('',(1.,0.,0.));
#5173=DIRECTION('',(0.,-1.,0.));
#5174=DIRECTION('',(0.,0.,1.));
#5175=DIRECTION('',(1.,0.,0.));
#5176=DIRECTION('',(0.,0.,1.));
#5177=DIRECTION('',(1.,0.,0.));
#5178=DIRECTION('',(0.,0.,-1.));
#5179=DIRECTION('',(-1.,0.,0.));
#5180=DIRECTION('',(0.,0.,-1.));
#5181=DIRECTION('',(-1.,0.,0.));
#5182=DIRECTION('',(1.,0.,0.));
#5183=DIRECTION('',(0.,0.,-1.));
#5184=DIRECTION('',(-1.,0.,0.));
#5185=DIRECTION('',(0.,-1.,0.));
#5186=DIRECTION('',(0.,0.,-1.));
#5187=DIRECTION('',(0.,1.,0.));
#5188=DIRECTION('',(0.,0.,1.));
#5189=DIRECTION('',(0.,-1.,0.));
#5190=DIRECTION('',(0.,0.,-1.));
#5191=DIRECTION('',(0.,-1.,0.));
#5192=DIRECTION('',(1.,0.,0.));
#5193=DIRECTION('',(0.,-1.,0.));
#5194=DIRECTION('',(0.,0.,-1.));
#5195=DIRECTION('',(1.,0.,4.2700885562506E-16));
#5196=DIRECTION('',(4.2700885562506E-16,0.,-1.));
#5197=DIRECTION('',(0.,1.,0.));
#5198=DIRECTION('',(1.,0.,0.));
#5199=DIRECTION('',(0.,0.,-1.));
#5200=DIRECTION('',(0.,1.,0.));
#5201=DIRECTION('',(-1.,0.,0.));
#5202=DIRECTION('',(0.,0.,1.));
#5203=DIRECTION('',(0.,1.,0.));
#5204=DIRECTION('',(-1.,-1.80700362080917E-16,0.));
#5205=DIRECTION('',(1.80700362080917E-16,-1.,0.));
#5206=DIRECTION('',(-1.80700362080917E-16,1.,0.));
#5207=DIRECTION('',(1.,0.,0.));
#5208=DIRECTION('',(0.,0.,-1.));
#5209=DIRECTION('',(0.707106781186548,0.707106781186548,0.));
#5210=DIRECTION('',(0.707106781186548,-0.707106781186548,0.));
#5211=DIRECTION('',(0.,1.,0.));
#5212=DIRECTION('',(0.,0.,1.));
#5213=DIRECTION('',(-0.707106781186548,0.707106781186548,0.));
#5214=DIRECTION('',(-0.707106781186548,-0.707106781186548,0.));
#5215=DIRECTION('',(1.,0.,0.));
#5216=DIRECTION('',(0.,0.,-1.));
#5217=DIRECTION('',(0.707106781186548,-0.707106781186548,0.));
#5218=DIRECTION('',(-0.707106781186548,-0.707106781186548,0.));
#5219=DIRECTION('',(-1.,0.,0.));
#5220=DIRECTION('',(0.,0.,1.));
#5221=DIRECTION('',(-0.707106781186548,-0.707106781186548,0.));
#5222=DIRECTION('',(0.707106781186548,-0.707106781186548,0.));
#5223=DIRECTION('',(1.80700362080917E-16,-1.,0.));
#5224=DIRECTION('',(1.,1.80700362080917E-16,0.));
#5225=DIRECTION('',(0.,1.,0.));
#5226=DIRECTION('',(0.,0.,1.));
#5227=DIRECTION('',(0.,-1.,0.));
#5228=DIRECTION('',(0.,0.,-1.));
#5229=DIRECTION('',(0.,-1.,0.));
#5230=DIRECTION('',(0.,0.,-1.));
#5231=DIRECTION('',(1.,0.,0.));
#5232=DIRECTION('',(0.,0.,-1.));
#5233=DIRECTION('',(0.,0.,-1.));
#5234=DIRECTION('',(0.,-1.,0.));
#5235=DIRECTION('',(0.,0.,-1.));
#5236=DIRECTION('',(0.,-1.,0.));
#5237=DIRECTION('',(0.,0.,-1.));
#5238=DIRECTION('',(0.,0.,-1.));
#5239=DIRECTION('',(-1.,0.,0.));
#5240=DIRECTION('',(-1.,0.,0.));
#5241=DIRECTION('',(0.,0.,1.));
#5242=DIRECTION('',(0.,0.,-1.));
#5243=DIRECTION('',(0.,1.,0.));
#5244=DIRECTION('',(0.,1.,0.));
#5245=DIRECTION('',(0.,0.,1.));
#5246=DIRECTION('',(1.,0.,0.));
#5247=DIRECTION('',(0.,0.,-1.));
#5248=DIRECTION('',(1.,0.,0.));
#5249=DIRECTION('',(-1.,0.,0.));
#5250=DIRECTION('',(0.,0.,1.));
#5251=DIRECTION('',(0.,1.,0.));
#5252=DIRECTION('',(0.,0.,-1.));
#5253=DIRECTION('',(0.,0.,-1.));
#5254=DIRECTION('',(1.,0.,0.));
#5255=DIRECTION('',(0.,0.,-1.));
#5256=DIRECTION('',(-1.,0.,0.));
#5257=DIRECTION('',(0.,0.,-1.));
#5258=DIRECTION('',(-1.,0.,0.));
#5259=DIRECTION('',(0.,-1.,0.));
#5260=DIRECTION('',(0.,0.,-1.));
#5261=DIRECTION('',(-1.,0.,0.));
#5262=DIRECTION('',(0.,0.,-1.));
#5263=DIRECTION('',(-1.,0.,0.));
#5264=DIRECTION('',(0.,1.,0.));
#5265=DIRECTION('',(1.,0.,0.));
#5266=DIRECTION('',(0.,1.,0.));
#5267=DIRECTION('',(-1.,0.,0.));
#5268=DIRECTION('',(0.,0.,-1.));
#5269=DIRECTION('',(-0.706526558921938,-0.707686527735214,0.));
#5270=DIRECTION('',(0.,0.,-1.));
#5271=DIRECTION('',(0.,0.,-1.));
#5272=DIRECTION('',(-0.706526558921939,0.707686527735214,0.));
#5273=DIRECTION('',(0.,0.,-1.));
#5274=DIRECTION('',(-1.,0.,0.));
#5275=DIRECTION('',(0.,0.,1.));
#5276=DIRECTION('',(0.,0.,-1.));
#5277=DIRECTION('',(0.,1.,0.));
#5278=DIRECTION('',(0.,0.,1.));
#5279=DIRECTION('',(0.,0.,-1.));
#5280=DIRECTION('',(0.,0.,-1.));
#5281=DIRECTION('',(0.,0.,-1.));
#5282=DIRECTION('',(-1.,0.,0.));
#5283=DIRECTION('',(0.,0.,1.));
#5284=DIRECTION('',(0.,0.,-1.));
#5285=DIRECTION('',(0.,0.,-1.));
#5286=DIRECTION('',(0.,0.,-1.));
#5287=DIRECTION('',(0.,-1.,0.));
#5288=DIRECTION('',(0.,0.,-1.));
#5289=DIRECTION('',(0.,0.,-1.));
#5290=DIRECTION('',(-0.964033151014218,-0.265782022991768,0.));
#5291=DIRECTION('',(0.,0.,-1.));
#5292=DIRECTION('',(1.,0.,0.));
#5293=DIRECTION('',(0.,0.,-1.));
#5294=DIRECTION('',(0.,0.,-1.));
#5295=DIRECTION('',(0.,0.,-1.));
#5296=DIRECTION('',(-0.964033151014219,0.265782022991766,0.));
#5297=DIRECTION('',(-1.,0.,0.));
#5298=DIRECTION('',(0.,0.,1.));
#5299=DIRECTION('',(0.,1.,0.));
#5300=DIRECTION('',(0.,0.,-1.));
#5301=DIRECTION('',(0.,0.,-1.));
#5302=DIRECTION('',(1.,0.,0.));
#5303=DIRECTION('',(0.,0.,-1.));
#5304=DIRECTION('',(-1.,0.,0.));
#5305=DIRECTION('',(0.,0.,-1.));
#5306=DIRECTION('',(-1.,0.,0.));
#5307=DIRECTION('',(0.,-1.,0.));
#5308=DIRECTION('',(0.,0.,-1.));
#5309=DIRECTION('',(-1.,0.,0.));
#5310=DIRECTION('',(0.,0.,-1.));
#5311=DIRECTION('',(-1.,0.,0.));
#5312=DIRECTION('',(0.,1.,0.));
#5313=DIRECTION('',(1.,0.,0.));
#5314=DIRECTION('',(0.,1.,0.));
#5315=DIRECTION('',(-1.,0.,0.));
#5316=DIRECTION('',(0.,0.,-1.));
#5317=DIRECTION('',(-0.706526558921936,-0.707686527735217,0.));
#5318=DIRECTION('',(0.,0.,-1.));
#5319=DIRECTION('',(0.,0.,-1.));
#5320=DIRECTION('',(-0.706526558921936,0.707686527735217,0.));
#5321=DIRECTION('',(0.,0.,-1.));
#5322=DIRECTION('',(-1.,0.,0.));
#5323=DIRECTION('',(0.,0.,1.));
#5324=DIRECTION('',(0.,0.,-1.));
#5325=DIRECTION('',(0.,1.,0.));
#5326=DIRECTION('',(0.,0.,1.));
#5327=DIRECTION('',(0.,0.,-1.));
#5328=DIRECTION('',(0.,0.,-1.));
#5329=DIRECTION('',(0.,0.,-1.));
#5330=DIRECTION('',(-1.,0.,0.));
#5331=DIRECTION('',(0.,0.,1.));
#5332=DIRECTION('',(0.,0.,-1.));
#5333=DIRECTION('',(0.,0.,-1.));
#5334=DIRECTION('',(0.,0.,-1.));
#5335=DIRECTION('',(0.,-1.,0.));
#5336=DIRECTION('',(0.,0.,-1.));
#5337=DIRECTION('',(0.,0.,-1.));
#5338=DIRECTION('',(-0.964033151014215,-0.265782022991782,0.));
#5339=DIRECTION('',(0.,0.,-1.));
#5340=DIRECTION('',(1.,0.,0.));
#5341=DIRECTION('',(0.,0.,-1.));
#5342=DIRECTION('',(0.,0.,-1.));
#5343=DIRECTION('',(0.,0.,-1.));
#5344=DIRECTION('',(-0.964033151014212,0.265782022991792,0.));
#5345=DIRECTION('',(1.,0.,0.));
#5346=DIRECTION('',(0.,0.,-1.));
#5347=DIRECTION('',(0.,0.,-1.));
#5348=DIRECTION('',(0.,-1.,0.));
#5349=DIRECTION('',(0.,0.,-1.));
#5350=DIRECTION('',(1.,0.,0.));
#5351=DIRECTION('',(-1.,0.,0.));
#5352=DIRECTION('',(0.,0.,-1.));
#5353=DIRECTION('',(-1.,0.,0.));
#5354=DIRECTION('',(0.,0.,-1.));
#5355=DIRECTION('',(-1.,0.,0.));
#5356=DIRECTION('',(0.,-1.,0.));
#5357=DIRECTION('',(0.,1.,0.));
#5358=DIRECTION('',(0.,0.,-1.));
#5359=DIRECTION('',(-1.,0.,0.));
#5360=DIRECTION('',(0.,0.,-1.));
#5361=DIRECTION('',(0.703525145102069,-0.710670366772889,0.));
#5362=DIRECTION('',(0.,0.,-1.));
#5363=DIRECTION('',(1.,0.,0.));
#5364=DIRECTION('',(0.,0.,-1.));
#5365=DIRECTION('',(0.,0.,-1.));
#5366=DIRECTION('',(-1.,0.,0.));
#5367=DIRECTION('',(0.,0.,1.));
#5368=DIRECTION('',(0.,0.,-1.));
#5369=DIRECTION('',(0.,-1.,0.));
#5370=DIRECTION('',(0.,0.,-1.));
#5371=DIRECTION('',(0.,0.,-1.));
#5372=DIRECTION('',(0.,0.,-1.));
#5373=DIRECTION('',(0.385829718711294,-0.922570012605636,0.));
#5374=DIRECTION('',(0.,0.,-1.));
#5375=DIRECTION('',(0.,0.,-1.));
#5376=DIRECTION('',(0.926823957034344,-0.375496142013738,0.));
#5377=DIRECTION('',(1.,0.,0.));
#5378=DIRECTION('',(0.,0.,-1.));
#5379=DIRECTION('',(0.,-1.,0.));
#5380=DIRECTION('',(0.,0.,-1.));
#5381=DIRECTION('',(-1.,0.,0.));
#5382=DIRECTION('',(0.,0.,1.));
#5383=DIRECTION('',(0.,0.,-1.));
#5384=DIRECTION('',(0.,1.,0.));
#5385=DIRECTION('',(0.,1.,0.));
#5386=DIRECTION('',(0.,0.,1.));
#5387=DIRECTION('',(1.,0.,0.));
#5388=DIRECTION('',(0.,0.,-1.));
#5389=DIRECTION('',(1.,0.,0.));
#5390=DIRECTION('',(0.,0.,-1.));
#5391=DIRECTION('',(1.,0.,0.));
#5392=DIRECTION('',(0.768196122434019,-0.64021458705448,0.));
#5393=DIRECTION('',(0.,1.,0.));
#5394=DIRECTION('',(0.,0.,-1.));
#5395=DIRECTION('',(-1.,0.,0.));
#5396=DIRECTION('',(0.,0.,-1.));
#5397=DIRECTION('',(-1.,0.,0.));
#5398=DIRECTION('',(-1.,0.,0.));
#5399=DIRECTION('',(1.,0.,0.));
#5400=DIRECTION('',(-0.768045189152791,0.640395649125799,0.));
#5401=DIRECTION('',(0.,-1.,0.));
#5402=DIRECTION('',(0.,0.,-1.));
#5403=DIRECTION('',(-1.,0.,0.));
#5404=DIRECTION('',(0.,0.,-1.));
#5405=DIRECTION('',(-1.,0.,0.));
#5406=DIRECTION('',(0.,0.,-1.));
#5407=DIRECTION('',(-1.,0.,0.));
#5408=DIRECTION('',(0.,0.,-1.));
#5409=DIRECTION('',(-1.,0.,0.));
#5410=DIRECTION('',(0.,-1.,0.));
#5411=DIRECTION('',(0.,0.,-1.));
#5412=DIRECTION('',(-1.,0.,0.));
#5413=DIRECTION('',(0.,0.,-1.));
#5414=DIRECTION('',(-1.,0.,0.));
#5415=DIRECTION('',(0.,0.,-1.));
#5416=DIRECTION('',(-1.,0.,0.));
#5417=DIRECTION('',(0.,0.,-1.));
#5418=DIRECTION('',(-1.,0.,0.));
#5419=DIRECTION('',(0.,1.,0.));
#5420=DIRECTION('',(0.,0.,-1.));
#5421=DIRECTION('',(-1.,0.,0.));
#5422=DIRECTION('',(0.,0.,-1.));
#5423=DIRECTION('',(-1.,0.,0.));
#5424=DIRECTION('',(0.,0.,-1.));
#5425=DIRECTION('',(0.714092574152908,-0.700051280649978,0.));
#5426=DIRECTION('',(0.,0.,-1.));
#5427=DIRECTION('',(0.,0.,-1.));
#5428=DIRECTION('',(-0.714092574152913,-0.700051280649972,0.));
#5429=DIRECTION('',(0.,0.,-1.));
#5430=DIRECTION('',(0.64021458705448,0.768196122434019,0.));
#5431=DIRECTION('',(-0.768196122434019,0.64021458705448,0.));
#5432=DIRECTION('',(0.768196122434019,-0.64021458705448,0.));
#5433=DIRECTION('',(0.,0.,-1.));
#5434=DIRECTION('',(0.,0.,-1.));
#5435=DIRECTION('',(-1.,0.,0.));
#5436=DIRECTION('',(0.,0.,1.));
#5437=DIRECTION('',(0.,1.,0.));
#5438=DIRECTION('',(0.,0.,-1.));
#5439=DIRECTION('',(0.,0.,-1.));
#5440=DIRECTION('',(-0.922570012605587,-0.385829718711413,0.));
#5441=DIRECTION('',(0.,0.,-1.));
#5442=DIRECTION('',(-1.,0.,0.));
#5443=DIRECTION('',(0.,0.,-1.));
#5444=DIRECTION('',(0.,0.,-1.));
#5445=DIRECTION('',(-0.375496142013606,-0.926823957034397,0.));
#5446=DIRECTION('',(0.,0.,-1.));
#5447=DIRECTION('',(-1.,0.,0.));
#5448=DIRECTION('',(0.,0.,-1.));
#5449=DIRECTION('',(0.,1.,0.));
#5450=DIRECTION('',(0.,0.,1.));
#5451=DIRECTION('',(1.,0.,0.));
#5452=DIRECTION('',(0.,0.,-1.));
#5453=DIRECTION('',(0.,0.,-1.));
#5454=DIRECTION('',(-0.640395649125799,-0.768045189152791,0.));
#5455=DIRECTION('',(0.768045189152791,-0.640395649125799,0.));
#5456=DIRECTION('',(-0.768045189152791,0.640395649125799,0.));
#5457=DIRECTION('',(0.,0.,-1.));
#5458=DIRECTION('',(1.,0.,0.));
#5459=DIRECTION('',(0.,0.,-1.));
#5460=DIRECTION('',(0.,-1.,0.));
#5461=DIRECTION('',(0.,0.,-1.));
#5462=DIRECTION('',(0.,0.,-1.));
#5463=DIRECTION('',(0.924160355698902,0.38200476038196,0.));
#5464=DIRECTION('',(0.,0.,-1.));
#5465=DIRECTION('',(-1.,0.,0.));
#5466=DIRECTION('',(0.,0.,-1.));
#5467=DIRECTION('',(0.,0.,-1.));
#5468=DIRECTION('',(-0.729995211836598,0.683452259265884,0.));
#5469=DIRECTION('',(0.,0.,-1.));
#5470=DIRECTION('',(0.,0.,-1.));
#5471=DIRECTION('',(0.729995211836568,0.683452259265915,0.));
#5472=DIRECTION('',(0.,0.,-1.));
#5473=DIRECTION('',(0.,0.,-1.));
#5474=DIRECTION('',(0.965557646288532,0.260189222862422,0.));
#5475=DIRECTION('',(0.,0.,-1.));
#5476=DIRECTION('',(-1.,0.,0.));
#5477=DIRECTION('',(0.,0.,1.));
#5478=DIRECTION('',(0.,0.,-1.));
#5479=DIRECTION('',(0.,0.,-1.));
#5480=DIRECTION('',(0.964782393799639,-0.263049296927854,0.));
#5481=DIRECTION('',(0.,0.,-1.));
#5482=DIRECTION('',(-0.964782393799611,-0.263049296927958,0.));
#5483=DIRECTION('',(0.,0.,-1.));
#5484=DIRECTION('',(1.,0.,0.));
#5485=DIRECTION('',(0.,0.,-1.));
#5486=DIRECTION('',(0.,0.,-1.));
#5487=DIRECTION('',(0.,0.,-1.));
#5488=DIRECTION('',(0.382004760381726,0.924160355698999,0.));
#5489=DIRECTION('',(0.,0.,-1.));
#5490=DIRECTION('',(-1.,0.,0.));
#5491=DIRECTION('',(0.,0.,-1.));
#5492=DIRECTION('',(-0.965557646288504,0.260189222862526,0.));
#5493=DIRECTION('',(0.,-1.,0.));
#5494=DIRECTION('',(0.,0.,-1.));
#5495=DIRECTION('',(-1.,0.,0.));
#5496=DIRECTION('',(0.,0.,1.));
#5497=DIRECTION('',(1.,0.,0.));
#5498=DIRECTION('',(0.767145852372778,0.641472712737841,0.));
#5499=DIRECTION('',(-0.641472712737841,0.767145852372778,0.));
#5500=DIRECTION('',(0.,0.,-1.));
#5501=DIRECTION('',(0.641472712737841,-0.767145852372778,0.));
#5502=DIRECTION('',(-0.765818570024267,0.64305669874902,0.));
#5503=DIRECTION('',(-0.64305669874902,-0.765818570024267,0.));
#5504=DIRECTION('',(0.64305669874902,0.765818570024267,0.));
#5505=DIRECTION('',(1.,0.,0.));
#5506=DIRECTION('',(0.,0.,-1.));
#5507=DIRECTION('',(0.,-1.,0.));
#5508=DIRECTION('',(-1.,0.,0.));
#5509=DIRECTION('',(0.,0.,1.));
#5510=DIRECTION('',(0.,1.,0.));
#5511=DIRECTION('',(0.,0.,-1.));
#5512=DIRECTION('',(1.,0.,0.));
#5513=DIRECTION('',(0.,1.,0.));
#5514=DIRECTION('',(-0.645744177635306,-0.763553833760333,0.));
#5515=DIRECTION('',(-0.64314891645504,0.765741125487399,0.));
#5516=DIRECTION('',(0.,-1.,0.));
#5517=DIRECTION('',(-1.,0.,0.));
#5518=DIRECTION('',(0.,0.,1.));
#5519=DIRECTION('',(0.,0.,-1.));
#5520=DIRECTION('',(0.763553833760333,-0.645744177635306,0.));
#5521=DIRECTION('',(0.645744177635306,0.763553833760333,0.));
#5522=DIRECTION('',(0.,0.,-1.));
#5523=DIRECTION('',(-0.765741125487399,-0.64314891645504,0.));
#5524=DIRECTION('',(0.64314891645504,-0.765741125487399,0.));
#5525=DIRECTION('',(0.,0.,-1.));
#5526=DIRECTION('',(1.,0.,0.));
#5527=DIRECTION('',(0.,0.,-1.));
#5528=DIRECTION('',(0.,0.,-1.));
#5529=DIRECTION('',(1.,0.,0.));
#5530=DIRECTION('',(0.,0.,-1.));
#5531=DIRECTION('',(-1.,0.,0.));
#5532=DIRECTION('',(0.,0.,-1.));
#5533=DIRECTION('',(-1.,0.,0.));
#5534=DIRECTION('',(0.,-1.,0.));
#5535=DIRECTION('',(-1.,0.,0.));
#5536=DIRECTION('',(0.,1.,0.));
#5537=DIRECTION('',(0.,0.,-1.));
#5538=DIRECTION('',(-1.,0.,0.));
#5539=DIRECTION('',(0.,0.,-1.));
#5540=DIRECTION('',(-1.,0.,0.));
#5541=DIRECTION('',(-1.,0.,0.));
#5542=DIRECTION('',(0.,0.,-1.));
#5543=DIRECTION('',(-1.,0.,0.));
#5544=DIRECTION('',(0.,0.,-1.));
#5545=DIRECTION('',(-1.,0.,0.));
#5546=DIRECTION('',(0.,-1.,0.));
#5547=DIRECTION('',(0.,0.,-1.));
#5548=DIRECTION('',(-1.,0.,0.));
#5549=DIRECTION('',(0.,0.,-1.));
#5550=DIRECTION('',(-1.,0.,0.));
#5551=DIRECTION('',(1.,0.,0.));
#5552=DIRECTION('',(0.,0.,-1.));
#5553=DIRECTION('',(-1.,0.,0.));
#5554=DIRECTION('',(0.,0.,-1.));
#5555=DIRECTION('',(-1.,0.,0.));
#5556=DIRECTION('',(0.,0.,-1.));
#5557=DIRECTION('',(-1.,0.,0.));
#5558=DIRECTION('',(0.,-1.,0.));
#5559=DIRECTION('',(0.,1.,0.));
#5560=DIRECTION('',(1.,0.,0.));
#5561=DIRECTION('',(0.,0.,-1.));
#5562=DIRECTION('',(-1.,0.,0.));
#5563=DIRECTION('',(0.,0.,-1.));
#5564=DIRECTION('',(-1.,0.,0.));
#5565=DIRECTION('',(0.,1.,0.));
#5566=DIRECTION('',(0.,0.,-1.));
#5567=DIRECTION('',(-1.,0.,0.));
#5568=DIRECTION('',(0.,0.,-1.));
#5569=DIRECTION('',(-1.,0.,0.));
#5570=DIRECTION('',(-1.,0.,0.));
#5571=DIRECTION('',(0.,0.,-1.));
#5572=DIRECTION('',(-1.,0.,0.));
#5573=DIRECTION('',(0.,0.,-1.));
#5574=DIRECTION('',(-1.,0.,0.));
#5575=DIRECTION('',(0.,0.,-1.));
#5576=DIRECTION('',(-1.,0.,0.));
#5577=DIRECTION('',(0.,1.,0.));
#5578=DIRECTION('',(0.,0.,-1.));
#5579=DIRECTION('',(-1.,0.,0.));
#5580=DIRECTION('',(0.,0.,-1.));
#5581=DIRECTION('',(-1.,0.,0.));
#5582=DIRECTION('',(0.,0.,-1.));
#5583=DIRECTION('',(0.704118594472424,-0.710082393048988,0.));
#5584=DIRECTION('',(0.,0.,-1.));
#5585=DIRECTION('',(0.,0.,-1.));
#5586=DIRECTION('',(-0.703566316564751,-0.710629606894836,0.));
#5587=DIRECTION('',(0.,0.,-1.));
#5588=DIRECTION('',(1.,0.,0.));
#5589=DIRECTION('',(0.,0.,-1.));
#5590=DIRECTION('',(0.,0.,-1.));
#5591=DIRECTION('',(-1.,0.,0.));
#5592=DIRECTION('',(0.,0.,1.));
#5593=DIRECTION('',(0.,0.,-1.));
#5594=DIRECTION('',(0.,1.,0.));
#5595=DIRECTION('',(0.,0.,1.));
#5596=DIRECTION('',(0.,0.,-1.));
#5597=DIRECTION('',(0.,0.,-1.));
#5598=DIRECTION('',(-0.382004760382012,0.924160355698881,0.));
#5599=DIRECTION('',(0.,0.,-1.));
#5600=DIRECTION('',(0.,0.,-1.));
#5601=DIRECTION('',(-0.924160355699093,0.382004760381498,0.));
#5602=DIRECTION('',(0.,0.,-1.));
#5603=DIRECTION('',(-1.,0.,0.));
#5604=DIRECTION('',(0.,0.,1.));
#5605=DIRECTION('',(0.,0.,-1.));
#5606=DIRECTION('',(0.,0.,-1.));
#5607=DIRECTION('',(-0.924160355699097,-0.382004760381488,0.));
#5608=DIRECTION('',(0.,0.,-1.));
#5609=DIRECTION('',(0.,0.,-1.));
#5610=DIRECTION('',(-0.382004760381918,-0.924160355698919,0.));
#5611=DIRECTION('',(0.,0.,-1.));
#5612=DIRECTION('',(0.,-1.,0.));
#5613=DIRECTION('',(0.,0.,-1.));
#5614=DIRECTION('',(0.,0.,-1.));
#5615=DIRECTION('',(0.,0.,-1.));
#5616=DIRECTION('',(0.265178381847917,0.964199370358911,0.));
#5617=DIRECTION('',(0.,0.,-1.));
#5618=DIRECTION('',(0.,0.,-1.));
#5619=DIRECTION('',(0.710600410440376,0.70359580490646,0.));
#5620=DIRECTION('',(0.,0.,-1.));
#5621=DIRECTION('',(0.,0.,-1.));
#5622=DIRECTION('',(0.965200245532088,0.261511923293751,0.));
#5623=DIRECTION('',(0.,0.,-1.));
#5624=DIRECTION('',(-1.,0.,0.));
#5625=DIRECTION('',(0.,0.,1.));
#5626=DIRECTION('',(0.,0.,-1.));
#5627=DIRECTION('',(0.,0.,-1.));
#5628=DIRECTION('',(0.965762058047259,-0.259429464857641,0.));
#5629=DIRECTION('',(0.,0.,-1.));
#5630=DIRECTION('',(-0.964184967363608,-0.265230746162729,0.));
#5631=DIRECTION('',(0.,0.,-1.));
#5632=DIRECTION('',(1.,0.,0.));
#5633=DIRECTION('',(0.,0.,-1.));
#5634=DIRECTION('',(0.,0.,-1.));
#5635=DIRECTION('',(0.,-1.,0.));
#5636=DIRECTION('',(0.,0.,-1.));
#5637=DIRECTION('',(0.,0.,-1.));
#5638=DIRECTION('',(-1.,0.,0.));
#5639=DIRECTION('',(0.,0.,1.));
#5640=DIRECTION('',(0.,0.,-1.));
#5641=DIRECTION('',(0.,0.,-1.));
#5642=DIRECTION('',(-0.924160355699105,-0.382004760381469,0.));
#5643=DIRECTION('',(0.,0.,-1.));
#5644=DIRECTION('',(0.,0.,-1.));
#5645=DIRECTION('',(-0.382004760381956,-0.924160355698904,0.));
#5646=DIRECTION('',(0.,0.,-1.));
#5647=DIRECTION('',(0.,-1.,0.));
#5648=DIRECTION('',(0.,0.,-1.));
#5649=DIRECTION('',(0.,0.,-1.));
#5650=DIRECTION('',(0.,0.,-1.));
#5651=DIRECTION('',(0.382004760381778,-0.924160355698977,0.));
#5652=DIRECTION('',(0.,0.,-1.));
#5653=DIRECTION('',(0.,0.,-1.));
#5654=DIRECTION('',(0.92416035569889,-0.38200476038199,0.));
#5655=DIRECTION('',(0.,0.,-1.));
#5656=DIRECTION('',(1.,0.,0.));
#5657=DIRECTION('',(0.,0.,-1.));
#5658=DIRECTION('',(0.,0.,-1.));
#5659=DIRECTION('',(0.,0.,-1.));
#5660=DIRECTION('',(0.922570012605695,0.385829718711153,0.));
#5661=DIRECTION('',(0.,0.,-1.));
#5662=DIRECTION('',(0.,0.,-1.));
#5663=DIRECTION('',(0.375496142013597,0.926823957034401,0.));
#5664=DIRECTION('',(0.,0.,-1.));
#5665=DIRECTION('',(0.,1.,0.));
#5666=DIRECTION('',(0.,0.,1.));
#5667=DIRECTION('',(0.,0.,-1.));
#5668=DIRECTION('',(0.,0.,-1.));
#5669=DIRECTION('',(-0.261544649569587,-0.965191378060083,0.));
#5670=DIRECTION('',(0.,0.,-1.));
#5671=DIRECTION('',(0.,0.,-1.));
#5672=DIRECTION('',(-0.703566316564752,-0.710629606894835,0.));
#5673=DIRECTION('',(0.,0.,-1.));
#5674=DIRECTION('',(0.,0.,-1.));
#5675=DIRECTION('',(-0.964282354783204,-0.264876462249401,0.));
#5676=DIRECTION('',(0.766551236484382,0.642183152881065,0.));
#5677=DIRECTION('',(-0.642183152881065,0.766551236484382,0.));
#5678=DIRECTION('',(0.,0.,-1.));
#5679=DIRECTION('',(0.642183152881065,-0.766551236484382,0.));
#5680=DIRECTION('',(-1.,0.,0.));
#5681=DIRECTION('',(0.,0.,1.));
#5682=DIRECTION('',(0.,1.,0.));
#5683=DIRECTION('',(0.,0.,-1.));
#5684=DIRECTION('',(1.,0.,0.));
#5685=DIRECTION('',(-1.,0.,0.));
#5686=DIRECTION('',(-0.630592625094459,0.776114000116271,0.));
#5687=DIRECTION('',(0.,-1.,0.));
#5688=DIRECTION('',(1.,0.,0.));
#5689=DIRECTION('',(0.,0.,-1.));
#5690=DIRECTION('',(0.,0.,-1.));
#5691=DIRECTION('',(0.,-1.,0.));
#5692=DIRECTION('',(0.,0.,-1.));
#5693=DIRECTION('',(0.,0.,-1.));
#5694=DIRECTION('',(-0.776114000116271,-0.630592625094459,0.));
#5695=DIRECTION('',(0.630592625094459,-0.776114000116271,0.));
#5696=DIRECTION('',(0.767145852372777,0.641472712737841,0.));
#5697=DIRECTION('',(-0.641472712737841,0.767145852372777,0.));
#5698=DIRECTION('',(0.,0.,-1.));
#5699=DIRECTION('',(0.641472712737841,-0.767145852372777,0.));
#5700=DIRECTION('',(-0.765818570024267,0.643056698749019,0.));
#5701=DIRECTION('',(-0.643056698749019,-0.765818570024267,0.));
#5702=DIRECTION('',(0.643056698749019,0.765818570024267,0.));
#5703=DIRECTION('',(1.,0.,0.));
#5704=DIRECTION('',(0.,0.,-1.));
#5705=DIRECTION('',(0.,-1.,0.));
#5706=DIRECTION('',(-1.,0.,0.));
#5707=DIRECTION('',(0.,0.,1.));
#5708=DIRECTION('',(0.,1.,0.));
#5709=DIRECTION('',(0.,0.,-1.));
#5710=DIRECTION('',(1.,0.,0.));
#5711=DIRECTION('',(0.,1.,0.));
#5712=DIRECTION('',(-0.645744177635306,-0.763553833760333,0.));
#5713=DIRECTION('',(-0.643148916455041,0.765741125487398,0.));
#5714=DIRECTION('',(0.,-1.,0.));
#5715=DIRECTION('',(-1.,0.,0.));
#5716=DIRECTION('',(0.,0.,1.));
#5717=DIRECTION('',(0.,0.,-1.));
#5718=DIRECTION('',(0.763553833760333,-0.645744177635306,0.));
#5719=DIRECTION('',(0.645744177635306,0.763553833760333,0.));
#5720=DIRECTION('',(0.,0.,-1.));
#5721=DIRECTION('',(-0.765741125487398,-0.643148916455041,0.));
#5722=DIRECTION('',(0.643148916455041,-0.765741125487398,0.));
#5723=DIRECTION('',(0.,0.,-1.));
#5724=DIRECTION('',(1.,0.,0.));
#5725=DIRECTION('',(0.,0.,-1.));
#5726=DIRECTION('',(1.,0.,0.));
#5727=DIRECTION('',(0.,0.,-1.));
#5728=DIRECTION('',(0.,-1.,0.));
#5729=DIRECTION('',(0.,0.,-1.));
#5730=DIRECTION('',(-1.,0.,0.));
#5731=DIRECTION('',(0.,0.,1.));
#5732=DIRECTION('',(0.,0.,-1.));
#5733=DIRECTION('',(0.,1.,0.));
#5734=DIRECTION('',(0.,1.,0.));
#5735=DIRECTION('',(0.,0.,1.));
#5736=DIRECTION('',(1.,0.,0.));
#5737=DIRECTION('',(0.,0.,-1.));
#5738=DIRECTION('',(1.,0.,0.));
#5739=DIRECTION('',(0.,0.,-1.));
#5740=DIRECTION('',(1.,0.,0.));
#5741=DIRECTION('',(0.,0.,-1.));
#5742=DIRECTION('',(-1.,0.,0.));
#5743=DIRECTION('',(0.,0.,-1.));
#5744=DIRECTION('',(-1.,0.,0.));
#5745=DIRECTION('',(0.,-1.,0.));
#5746=DIRECTION('',(0.,0.,-1.));
#5747=DIRECTION('',(-1.,0.,0.));
#5748=DIRECTION('',(0.,0.,-1.));
#5749=DIRECTION('',(-1.,0.,0.));
#5750=DIRECTION('',(0.,0.,-1.));
#5751=DIRECTION('',(-1.,0.,0.));
#5752=DIRECTION('',(-1.,0.,0.));
#5753=DIRECTION('',(0.,0.,-1.));
#5754=DIRECTION('',(-1.,0.,0.));
#5755=DIRECTION('',(0.,0.,-1.));
#5756=DIRECTION('',(-1.,0.,0.));
#5757=DIRECTION('',(0.,-1.,0.));
#5758=DIRECTION('',(0.,0.,-1.));
#5759=DIRECTION('',(-1.,0.,0.));
#5760=DIRECTION('',(0.,0.,-1.));
#5761=DIRECTION('',(-1.,0.,0.));
#5762=DIRECTION('',(1.,0.,0.));
#5763=DIRECTION('',(0.,0.,-1.));
#5764=DIRECTION('',(-1.,0.,0.));
#5765=DIRECTION('',(0.,0.,-1.));
#5766=DIRECTION('',(-1.,0.,0.));
#5767=DIRECTION('',(0.,1.,0.));
#5768=DIRECTION('',(1.,0.,0.));
#5769=DIRECTION('',(0.,-1.,0.));
#5770=DIRECTION('',(0.,0.,-1.));
#5771=DIRECTION('',(-1.,0.,0.));
#5772=DIRECTION('',(0.,0.,-1.));
#5773=DIRECTION('',(-1.,0.,0.));
#5774=DIRECTION('',(0.,0.,-1.));
#5775=DIRECTION('',(-1.,0.,0.));
#5776=DIRECTION('',(0.,0.,-1.));
#5777=DIRECTION('',(-1.,0.,0.));
#5778=DIRECTION('',(0.,1.,0.));
#5779=DIRECTION('',(0.,0.,-1.));
#5780=DIRECTION('',(-1.,0.,0.));
#5781=DIRECTION('',(0.,0.,-1.));
#5782=DIRECTION('',(-1.,0.,0.));
#5783=DIRECTION('',(0.,0.,-1.));
#5784=DIRECTION('',(-1.,0.,0.));
#5785=DIRECTION('',(1.,0.,0.));
#5786=DIRECTION('',(0.,0.,-1.));
#5787=DIRECTION('',(-1.,0.,0.));
#5788=DIRECTION('',(0.,0.,-1.));
#5789=DIRECTION('',(-1.,0.,0.));
#5790=DIRECTION('',(0.,1.,0.));
#5791=DIRECTION('',(0.,0.,-1.));
#5792=DIRECTION('',(-1.,0.,0.));
#5793=DIRECTION('',(0.,0.,-1.));
#5794=DIRECTION('',(-1.,0.,0.));
#5795=DIRECTION('',(-1.,0.,0.));
#5796=DIRECTION('',(0.,0.,-1.));
#5797=DIRECTION('',(-1.,0.,0.));
#5798=DIRECTION('',(0.,0.,-1.));
#5799=DIRECTION('',(-1.,0.,0.));
#5800=DIRECTION('',(0.,-1.,0.));
#5801=DIRECTION('',(-1.,0.,0.));
#5802=DIRECTION('',(0.,1.,0.));
#5803=DIRECTION('',(0.,0.,-1.));
#5804=DIRECTION('',(-1.,0.,0.));
#5805=DIRECTION('',(0.,0.,-1.));
#5806=DIRECTION('',(-1.,0.,0.));
#5807=DIRECTION('',(0.,0.,-1.));
#5808=DIRECTION('',(0.707106781186629,-0.707106781186466,0.));
#5809=DIRECTION('',(0.,0.,-1.));
#5810=DIRECTION('',(0.,0.,-1.));
#5811=DIRECTION('',(-0.706614939953979,-0.70759828054754,0.));
#5812=DIRECTION('',(0.,0.,-1.));
#5813=DIRECTION('',(0.,0.,-1.));
#5814=DIRECTION('',(-0.70661493995398,0.707598280547538,0.));
#5815=DIRECTION('',(0.,0.,-1.));
#5816=DIRECTION('',(0.,0.,-1.));
#5817=DIRECTION('',(0.707106781186625,0.70710678118647,0.));
#5818=DIRECTION('',(0.,0.,-1.));
#5819=DIRECTION('',(0.,0.,-1.));
#5820=DIRECTION('',(0.964297839891185,0.264820082284548,0.));
#5821=DIRECTION('',(0.,0.,-1.));
#5822=DIRECTION('',(-1.,0.,0.));
#5823=DIRECTION('',(0.,0.,1.));
#5824=DIRECTION('',(0.,0.,-1.));
#5825=DIRECTION('',(0.,0.,-1.));
#5826=DIRECTION('',(0.964880466871405,-0.262689331054801,0.));
#5827=DIRECTION('',(0.,0.,-1.));
#5828=DIRECTION('',(0.,0.,-1.));
#5829=DIRECTION('',(0.707598280547554,-0.706614939953965,0.));
#5830=DIRECTION('',(0.,0.,-1.));
#5831=DIRECTION('',(0.,0.,-1.));
#5832=DIRECTION('',(0.265178381847763,-0.964199370358953,0.));
#5833=DIRECTION('',(0.,0.,-1.));
#5834=DIRECTION('',(0.,1.,0.));
#5835=DIRECTION('',(0.,0.,1.));
#5836=DIRECTION('',(0.,0.,-1.));
#5837=DIRECTION('',(0.,0.,-1.));
#5838=DIRECTION('',(-0.33438069309754,0.942438089257649,0.));
#5839=DIRECTION('',(0.,0.,-1.));
#5840=DIRECTION('',(0.,0.,-1.));
#5841=DIRECTION('',(-0.911928125714442,0.410349964702015,0.));
#5842=DIRECTION('',(0.,0.,-1.));
#5843=DIRECTION('',(-1.,0.,0.));
#5844=DIRECTION('',(0.,0.,1.));
#5845=DIRECTION('',(0.,0.,-1.));
#5846=DIRECTION('',(0.,0.,-1.));
#5847=DIRECTION('',(-0.924160355699378,-0.382004760380808,0.));
#5848=DIRECTION('',(0.,0.,-1.));
#5849=DIRECTION('',(0.,0.,-1.));
#5850=DIRECTION('',(-0.382004760381715,-0.924160355699003,0.));
#5851=DIRECTION('',(0.,0.,-1.));
#5852=DIRECTION('',(0.,-1.,0.));
#5853=DIRECTION('',(0.,0.,-1.));
#5854=DIRECTION('',(0.,0.,-1.));
#5855=DIRECTION('',(0.,0.,-1.));
#5856=DIRECTION('',(0.382004760381407,-0.924160355699131,0.));
#5857=DIRECTION('',(0.,0.,-1.));
#5858=DIRECTION('',(0.,0.,-1.));
#5859=DIRECTION('',(0.924160355699406,-0.382004760380742,0.));
#5860=DIRECTION('',(0.,0.,-1.));
#5861=DIRECTION('',(1.,0.,0.));
#5862=DIRECTION('',(0.,0.,-1.));
#5863=DIRECTION('',(0.,0.,-1.));
#5864=DIRECTION('',(0.,-1.,0.));
#5865=DIRECTION('',(0.,0.,-1.));
#5866=DIRECTION('',(0.,0.,-1.));
#5867=DIRECTION('',(-1.,0.,0.));
#5868=DIRECTION('',(0.,0.,1.));
#5869=DIRECTION('',(0.,0.,-1.));
#5870=DIRECTION('',(0.,0.,-1.));
#5871=DIRECTION('',(0.964297839891187,-0.264820082284542,0.));
#5872=DIRECTION('',(0.,0.,-1.));
#5873=DIRECTION('',(-0.964297839891197,-0.264820082284503,0.));
#5874=DIRECTION('',(0.,0.,-1.));
#5875=DIRECTION('',(1.,0.,0.));
#5876=DIRECTION('',(0.,0.,-1.));
#5877=DIRECTION('',(0.,0.,-1.));
#5878=DIRECTION('',(0.,0.,-1.));
#5879=DIRECTION('',(-0.96488046687146,0.262689331054599,0.));
#5880=DIRECTION('',(0.,0.,-1.));
#5881=DIRECTION('',(0.,0.,-1.));
#5882=DIRECTION('',(-0.707106781186484,0.707106781186611,0.));
#5883=DIRECTION('',(0.,0.,-1.));
#5884=DIRECTION('',(0.,0.,-1.));
#5885=DIRECTION('',(-0.264814285215818,0.964299431891171,0.));
#5886=DIRECTION('',(0.,0.,-1.));
#5887=DIRECTION('',(0.,-1.,0.));
#5888=DIRECTION('',(0.,0.,-1.));
#5889=DIRECTION('',(0.,0.,-1.));
#5890=DIRECTION('',(0.,0.,-1.));
#5891=DIRECTION('',(0.334380693097183,-0.942438089257776,0.));
#5892=DIRECTION('',(0.,0.,-1.));
#5893=DIRECTION('',(0.,0.,-1.));
#5894=DIRECTION('',(0.911928125714347,-0.410349964702225,0.));
#5895=DIRECTION('',(0.,0.,-1.));
#5896=DIRECTION('',(1.,0.,0.));
#5897=DIRECTION('',(0.,0.,-1.));
#5898=DIRECTION('',(0.,0.,-1.));
#5899=DIRECTION('',(0.,0.,-1.));
#5900=DIRECTION('',(0.924160355699327,0.382004760380932,0.));
#5901=DIRECTION('',(0.,0.,-1.));
#5902=DIRECTION('',(0.,0.,-1.));
#5903=DIRECTION('',(0.382004760381464,0.924160355699107,0.));
#5904=DIRECTION('',(0.,0.,-1.));
#5905=DIRECTION('',(0.,1.,0.));
#5906=DIRECTION('',(0.,0.,1.));
#5907=DIRECTION('',(0.,0.,-1.));
#5908=DIRECTION('',(0.,0.,-1.));
#5909=DIRECTION('',(-0.382004760381785,0.924160355698974,0.));
#5910=DIRECTION('',(0.,0.,-1.));
#5911=DIRECTION('',(0.,0.,-1.));
#5912=DIRECTION('',(-0.924160355699408,0.382004760380735,0.));
#5913=DIRECTION('',(0.,0.,-1.));
#5914=DIRECTION('',(-1.,0.,0.));
#5915=DIRECTION('',(0.,0.,1.));
#5916=DIRECTION('',(0.,0.,-1.));
#5917=DIRECTION('',(0.,1.,0.));
#5918=DIRECTION('',(0.,0.,1.));
#5919=DIRECTION('',(0.,0.,-1.));
#5920=DIRECTION('',(1.,0.,0.));
#5921=DIRECTION('',(0.,0.,-1.));
#5922=DIRECTION('',(0.,0.,-1.));
#5923=DIRECTION('',(0.,0.,-1.));
#5924=DIRECTION('',(-0.964297839891198,0.264820082284501,0.));
#5925=DIRECTION('',(-1.,0.,0.));
#5926=DIRECTION('',(0.,0.,1.));
#5927=DIRECTION('',(0.,1.,0.));
#5928=DIRECTION('',(0.,0.,-1.));
#5929=DIRECTION('',(1.,0.,0.));
#5930=DIRECTION('',(0.,0.,-1.));
#5931=DIRECTION('',(0.,0.,-1.));
#5932=DIRECTION('',(0.,-1.,0.));
#5933=DIRECTION('',(0.,0.,-1.));
#5934=DIRECTION('',(1.,0.,0.));
#5935=DIRECTION('',(0.,0.,-1.));
#5936=DIRECTION('',(-1.,0.,0.));
#5937=DIRECTION('',(0.,0.,-1.));
#5938=DIRECTION('',(-1.,0.,0.));
#5939=DIRECTION('',(0.,1.,0.));
#5940=DIRECTION('',(1.,0.,0.));
#5941=DIRECTION('',(0.,0.,-1.));
#5942=DIRECTION('',(-1.,0.,0.));
#5943=DIRECTION('',(0.,0.,-1.));
#5944=DIRECTION('',(-1.,0.,0.));
#5945=DIRECTION('',(0.,0.,-1.));
#5946=DIRECTION('',(-0.707106781186555,0.70710678118654,0.));
#5947=DIRECTION('',(0.,0.,-1.));
#5948=DIRECTION('',(-1.,0.,0.));
#5949=DIRECTION('',(0.,0.,1.));
#5950=DIRECTION('',(0.,0.,-1.));
#5951=DIRECTION('',(0.,1.,0.));
#5952=DIRECTION('',(0.,0.,1.));
#5953=DIRECTION('',(0.,0.,-1.));
#5954=DIRECTION('',(0.,0.,-1.));
#5955=DIRECTION('',(-0.385829718711809,0.922570012605421,0.));
#5956=DIRECTION('',(0.,0.,-1.));
#5957=DIRECTION('',(0.,0.,-1.));
#5958=DIRECTION('',(-0.926823957034346,0.375496142013732,0.));
#5959=DIRECTION('',(0.,0.,-1.));
#5960=DIRECTION('',(-0.963589780037277,0.267384995479763,0.));
#5961=DIRECTION('',(0.,0.,1.));
#5962=DIRECTION('',(1.,0.,0.));
#5963=CARTESIAN_POINT('',(0.,0.,0.));
#5964=CARTESIAN_POINT('',(0.06445,-0.0085,0.075));
#5965=CARTESIAN_POINT('',(0.116107237150241,-0.0085,0.075));
#5966=CARTESIAN_POINT('',(0.116107237150241,-0.0085,0.));
#5967=CARTESIAN_POINT('',(0.116107237150241,-0.0085,0.0002));
#5968=CARTESIAN_POINT('',(0.06445,-0.0085,0.));
#5969=CARTESIAN_POINT('',(0.1285,-0.0085,0.));
#5970=CARTESIAN_POINT('',(0.1285,-0.0085,0.075));
#5971=CARTESIAN_POINT('',(0.1285,-0.0085,0.075));
#5972=CARTESIAN_POINT('',(0.06445,-0.0085,0.075));
#5973=CARTESIAN_POINT('',(0.07145,-0.0085,0.075));
#5974=CARTESIAN_POINT('',(0.06445,-0.0085,0.075));
#5975=CARTESIAN_POINT('',(0.05745,-0.0085,0.075));
#5976=CARTESIAN_POINT('',(0.06445,-0.0085,0.075));
#5977=CARTESIAN_POINT('',(0.0004,-0.0085,0.075));
#5978=CARTESIAN_POINT('',(0.0004,-0.0085,0.075));
#5979=CARTESIAN_POINT('',(0.0004,-0.0085,0.));
#5980=CARTESIAN_POINT('',(0.06445,-0.0085,0.));
#5981=CARTESIAN_POINT('',(0.01183918801096,-0.0085,0.));
#5982=CARTESIAN_POINT('',(0.01183918801096,-0.0085,0.0002));
#5983=CARTESIAN_POINT('',(0.01183918801096,-0.0085,0.0002));
#5984=CARTESIAN_POINT('',(0.06445,-0.0085,0.000200000000000006));
#5985=CARTESIAN_POINT('',(0.0196897704997658,-0.0085,0.0002));
#5986=CARTESIAN_POINT('',(0.0196897704997658,-0.0085,0.075));
#5987=CARTESIAN_POINT('',(0.0196897704997658,-0.0085,0.));
#5988=CARTESIAN_POINT('',(0.06445,-0.0085,0.));
#5989=CARTESIAN_POINT('',(0.0217046467512239,-0.0085,0.));
#5990=CARTESIAN_POINT('',(0.0217046467512239,-0.0085,0.0002));
#5991=CARTESIAN_POINT('',(0.0217046467512239,-0.0085,0.0002));
#5992=CARTESIAN_POINT('',(0.06445,-0.0085,0.000200000000000006));
#5993=CARTESIAN_POINT('',(0.0295552292400297,-0.0085,0.0002));
#5994=CARTESIAN_POINT('',(0.0295552292400297,-0.0085,0.075));
#5995=CARTESIAN_POINT('',(0.0295552292400297,-0.0085,0.));
#5996=CARTESIAN_POINT('',(0.06445,-0.0085,0.));
#5997=CARTESIAN_POINT('',(0.0338381997328567,-0.0085,0.));
#5998=CARTESIAN_POINT('',(0.0338381997328567,-0.0085,0.075));
#5999=CARTESIAN_POINT('',(0.0338381997328567,-0.0085,0.0002));
#6000=CARTESIAN_POINT('',(0.06445,-0.0085,0.000200000000000006));
#6001=CARTESIAN_POINT('',(0.0403018423364661,-0.0085,0.0002));
#6002=CARTESIAN_POINT('',(0.0403018423364661,-0.0085,0.));
#6003=CARTESIAN_POINT('',(0.0403018423364661,-0.0085,0.));
#6004=CARTESIAN_POINT('',(0.06445,-0.0085,0.));
#6005=CARTESIAN_POINT('',(0.0459052125933364,-0.0085,0.));
#6006=CARTESIAN_POINT('',(0.0459052125933364,-0.0085,0.0002));
#6007=CARTESIAN_POINT('',(0.0459052125933364,-0.0085,0.0002));
#6008=CARTESIAN_POINT('',(0.06445,-0.0085,0.000200000000000006));
#6009=CARTESIAN_POINT('',(0.0529164832451281,-0.0085,0.0002));
#6010=CARTESIAN_POINT('',(0.0529164832451281,-0.0085,0.));
#6011=CARTESIAN_POINT('',(0.0529164832451281,-0.0085,0.));
#6012=CARTESIAN_POINT('',(0.06445,-0.0085,0.));
#6013=CARTESIAN_POINT('',(0.0588009419397363,-0.0085,0.));
#6014=CARTESIAN_POINT('',(0.0588009419397363,-0.0085,0.075));
#6015=CARTESIAN_POINT('',(0.0588009419397363,-0.0085,0.0002));
#6016=CARTESIAN_POINT('',(0.06445,-0.0085,0.000200000000000006));
#6017=CARTESIAN_POINT('',(0.0607682502277547,-0.0085,0.000200000000000003));
#6018=CARTESIAN_POINT('',(0.0607682502277547,-0.0085,0.075));
#6019=CARTESIAN_POINT('',(0.0607682502277547,-0.0085,0.));
#6020=CARTESIAN_POINT('',(0.06445,-0.0085,0.));
#6021=CARTESIAN_POINT('',(0.0665687793905601,-0.0085,0.));
#6022=CARTESIAN_POINT('',(0.0665687793905601,-0.0085,0.075));
#6023=CARTESIAN_POINT('',(0.0665687793905601,-0.0085,0.000200000000000003));
#6024=CARTESIAN_POINT('',(0.06445,-0.0085,0.000200000000000006));
#6025=CARTESIAN_POINT('',(0.0685463874963133,-0.0085,0.0002));
#6026=CARTESIAN_POINT('',(0.0685463874963133,-0.0085,0.075));
#6027=CARTESIAN_POINT('',(0.0685463874963133,-0.0085,0.));
#6028=CARTESIAN_POINT('',(0.06445,-0.0085,0.));
#6029=CARTESIAN_POINT('',(0.0707022044466569,-0.0085,0.));
#6030=CARTESIAN_POINT('',(0.0707022044466569,-0.0085,0.0002));
#6031=CARTESIAN_POINT('',(0.0707022044466569,-0.0085,0.0002));
#6032=CARTESIAN_POINT('',(0.06445,-0.0085,0.000200000000000006));
#6033=CARTESIAN_POINT('',(0.0777629194067102,-0.0085,0.0002));
#6034=CARTESIAN_POINT('',(0.0777629194067102,-0.0085,0.));
#6035=CARTESIAN_POINT('',(0.0777629194067102,-0.0085,0.));
#6036=CARTESIAN_POINT('',(0.06445,-0.0085,0.));
#6037=CARTESIAN_POINT('',(0.0816168813879142,-0.0085,0.));
#6038=CARTESIAN_POINT('',(0.0816168813879142,-0.0085,0.075));
#6039=CARTESIAN_POINT('',(0.0816168813879142,-0.0085,0.000200000000000003));
#6040=CARTESIAN_POINT('',(0.06445,-0.0085,0.000200000000000006));
#6041=CARTESIAN_POINT('',(0.0835836643710855,-0.0085,0.0002));
#6042=CARTESIAN_POINT('',(0.0835836643710855,-0.0085,0.075));
#6043=CARTESIAN_POINT('',(0.0835836643710855,-0.0085,0.));
#6044=CARTESIAN_POINT('',(0.06445,-0.0085,0.));
#6045=CARTESIAN_POINT('',(0.0907957066282715,-0.0085,0.));
#6046=CARTESIAN_POINT('',(0.0907957066282715,-0.0085,0.075));
#6047=CARTESIAN_POINT('',(0.0907957066282715,-0.0085,0.0002));
#6048=CARTESIAN_POINT('',(0.06445,-0.0085,0.000200000000000006));
#6049=CARTESIAN_POINT('',(0.0927630149162898,-0.0085,0.000200000000000003));
#6050=CARTESIAN_POINT('',(0.0927630149162898,-0.0085,0.075));
#6051=CARTESIAN_POINT('',(0.0927630149162898,-0.0085,0.));
#6052=CARTESIAN_POINT('',(0.06445,-0.0085,0.));
#6053=CARTESIAN_POINT('',(0.0985635440790952,-0.0085,0.));
#6054=CARTESIAN_POINT('',(0.0985635440790952,-0.0085,0.075));
#6055=CARTESIAN_POINT('',(0.0985635440790952,-0.0085,0.000200000000000003));
#6056=CARTESIAN_POINT('',(0.06445,-0.0085,0.000200000000000006));
#6057=CARTESIAN_POINT('',(0.100541152184848,-0.0085,0.0002));
#6058=CARTESIAN_POINT('',(0.100541152184848,-0.0085,0.075));
#6059=CARTESIAN_POINT('',(0.100541152184848,-0.0085,0.));
#6060=CARTESIAN_POINT('',(0.06445,-0.0085,0.));
#6061=CARTESIAN_POINT('',(0.105388370911452,-0.0085,0.));
#6062=CARTESIAN_POINT('',(0.105388370911452,-0.0085,0.0002));
#6063=CARTESIAN_POINT('',(0.105388370911452,-0.0085,0.0002));
#6064=CARTESIAN_POINT('',(0.06445,-0.0085,0.000200000000000006));
#6065=CARTESIAN_POINT('',(0.112496553693147,-0.0085,0.0002));
#6066=CARTESIAN_POINT('',(0.112496553693147,-0.0085,0.));
#6067=CARTESIAN_POINT('',(0.112496553693147,-0.0085,0.));
#6068=CARTESIAN_POINT('',(0.06445,-0.0085,0.));
#6069=CARTESIAN_POINT('',(0.114522688084375,-0.0085,0.));
#6070=CARTESIAN_POINT('',(0.114522688084375,-0.0085,0.075));
#6071=CARTESIAN_POINT('',(0.114522688084375,-0.0085,0.0002));
#6072=CARTESIAN_POINT('',(0.06445,-0.0085,0.000200000000000006));
#6073=CARTESIAN_POINT('',(0.06445,-0.0004,0.075));
#6074=CARTESIAN_POINT('',(0.06445,-0.0004,0.000200000000000006));
#6075=CARTESIAN_POINT('',(0.117583024268391,-0.0004,0.0002));
#6076=CARTESIAN_POINT('',(0.115283976083463,-0.0004,0.0002));
#6077=CARTESIAN_POINT('',(0.115283976083463,-0.0004,0.0002));
#6078=CARTESIAN_POINT('',(0.115283976083463,-0.0004,0.));
#6079=CARTESIAN_POINT('',(0.06445,-0.0004,0.));
#6080=CARTESIAN_POINT('',(0.112496553693147,-0.0004,0.));
#6081=CARTESIAN_POINT('',(0.112496553693147,-0.0004,0.));
#6082=CARTESIAN_POINT('',(0.112496553693147,-0.0004,0.0002));
#6083=CARTESIAN_POINT('',(0.06445,-0.0004,0.000200000000000006));
#6084=CARTESIAN_POINT('',(0.105388370911452,-0.0004,0.0002));
#6085=CARTESIAN_POINT('',(0.105388370911452,-0.0004,0.0002));
#6086=CARTESIAN_POINT('',(0.105388370911452,-0.0004,0.));
#6087=CARTESIAN_POINT('',(0.06445,-0.0004,0.));
#6088=CARTESIAN_POINT('',(0.103481475185178,-0.0004,0.));
#6089=CARTESIAN_POINT('',(0.103481475185178,-0.0004,0.075));
#6090=CARTESIAN_POINT('',(0.103481475185178,-0.0004,0.0002));
#6091=CARTESIAN_POINT('',(0.06445,-0.0004,0.000200000000000006));
#6092=CARTESIAN_POINT('',(0.101910052561277,-0.0004,0.0002));
#6093=CARTESIAN_POINT('',(0.101910052561277,-0.0004,0.075));
#6094=CARTESIAN_POINT('',(0.101910052561277,-0.0004,0.));
#6095=CARTESIAN_POINT('',(0.06445,-0.0004,0.));
#6096=CARTESIAN_POINT('',(0.100541152184848,-0.0004,0.));
#6097=CARTESIAN_POINT('',(0.100541152184848,-0.0004,0.075));
#6098=CARTESIAN_POINT('',(0.100541152184848,-0.0004,0.0002));
#6099=CARTESIAN_POINT('',(0.06445,-0.0004,0.000200000000000006));
#6100=CARTESIAN_POINT('',(0.0989453518830115,-0.0004,0.0002));
#6101=CARTESIAN_POINT('',(0.0989453518830115,-0.0004,0.075));
#6102=CARTESIAN_POINT('',(0.0989453518830115,-0.0004,0.));
#6103=CARTESIAN_POINT('',(0.06445,-0.0004,0.));
#6104=CARTESIAN_POINT('',(0.0923802556941378,-0.0004,0.));
#6105=CARTESIAN_POINT('',(0.0923802556941378,-0.0004,0.075));
#6106=CARTESIAN_POINT('',(0.0923802556941378,-0.0004,0.0002));
#6107=CARTESIAN_POINT('',(0.06445,-0.0004,0.000200000000000006));
#6108=CARTESIAN_POINT('',(0.0907957066282715,-0.0004,0.0002));
#6109=CARTESIAN_POINT('',(0.0907957066282715,-0.0004,0.075));
#6110=CARTESIAN_POINT('',(0.0907957066282715,-0.0004,0.));
#6111=CARTESIAN_POINT('',(0.06445,-0.0004,0.));
#6112=CARTESIAN_POINT('',(0.0835836643710855,-0.0004,0.));
#6113=CARTESIAN_POINT('',(0.0835836643710855,-0.0004,0.075));
#6114=CARTESIAN_POINT('',(0.0835836643710855,-0.0004,0.0002));
#6115=CARTESIAN_POINT('',(0.06445,-0.0004,0.000200000000000006));
#6116=CARTESIAN_POINT('',(0.0819991153052192,-0.0004,0.0002));
#6117=CARTESIAN_POINT('',(0.0819991153052192,-0.0004,0.075));
#6118=CARTESIAN_POINT('',(0.0819991153052192,-0.0004,0.));
#6119=CARTESIAN_POINT('',(0.06445,-0.0004,0.));
#6120=CARTESIAN_POINT('',(0.0785074817423278,-0.0004,0.));
#6121=CARTESIAN_POINT('',(0.0785074817423278,-0.0004,0.075));
#6122=CARTESIAN_POINT('',(0.0785074817423278,-0.0004,0.0002));
#6123=CARTESIAN_POINT('',(0.06445,-0.0004,0.000200000000000006));
#6124=CARTESIAN_POINT('',(0.0699509167866493,-0.0004,0.0002));
#6125=CARTESIAN_POINT('',(0.0699509167866493,-0.0004,0.075));
#6126=CARTESIAN_POINT('',(0.0699509167866493,-0.0004,0.));
#6127=CARTESIAN_POINT('',(0.06445,-0.0004,0.));
#6128=CARTESIAN_POINT('',(0.0685463874963133,-0.0004,0.));
#6129=CARTESIAN_POINT('',(0.0685463874963133,-0.0004,0.075));
#6130=CARTESIAN_POINT('',(0.0685463874963133,-0.0004,0.0002));
#6131=CARTESIAN_POINT('',(0.06445,-0.0004,0.000200000000000006));
#6132=CARTESIAN_POINT('',(0.0669505871944763,-0.0004,0.0002));
#6133=CARTESIAN_POINT('',(0.0669505871944763,-0.0004,0.075));
#6134=CARTESIAN_POINT('',(0.0669505871944763,-0.0004,0.));
#6135=CARTESIAN_POINT('',(0.06445,-0.0004,0.));
#6136=CARTESIAN_POINT('',(0.0603854910056027,-0.0004,0.));
#6137=CARTESIAN_POINT('',(0.0603854910056027,-0.0004,0.075));
#6138=CARTESIAN_POINT('',(0.0603854910056027,-0.0004,0.0002));
#6139=CARTESIAN_POINT('',(0.06445,-0.0004,0.000200000000000006));
#6140=CARTESIAN_POINT('',(0.0588009419397363,-0.0004,0.0002));
#6141=CARTESIAN_POINT('',(0.0588009419397363,-0.0004,0.075));
#6142=CARTESIAN_POINT('',(0.0588009419397363,-0.0004,0.));
#6143=CARTESIAN_POINT('',(0.06445,-0.0004,0.));
#6144=CARTESIAN_POINT('',(0.052898082966288,-0.0004,0.));
#6145=CARTESIAN_POINT('',(0.052898082966288,-0.0004,0.));
#6146=CARTESIAN_POINT('',(0.052898082966288,-0.0004,0.0002));
#6147=CARTESIAN_POINT('',(0.06445,-0.0004,0.000200000000000006));
#6148=CARTESIAN_POINT('',(0.0459236128721766,-0.0004,0.0002));
#6149=CARTESIAN_POINT('',(0.0459236128721766,-0.0004,0.0002));
#6150=CARTESIAN_POINT('',(0.0459236128721766,-0.0004,0.));
#6151=CARTESIAN_POINT('',(0.06445,-0.0004,0.));
#6152=CARTESIAN_POINT('',(0.0439436848404945,-0.0004,0.));
#6153=CARTESIAN_POINT('',(0.0439436848404945,-0.0004,0.075));
#6154=CARTESIAN_POINT('',(0.0439436848404945,-0.0004,0.0002));
#6155=CARTESIAN_POINT('',(0.06445,-0.0004,0.000200000000000006));
#6156=CARTESIAN_POINT('',(0.0423722622165938,-0.0004,0.0002));
#6157=CARTESIAN_POINT('',(0.0423722622165938,-0.0004,0.075));
#6158=CARTESIAN_POINT('',(0.0423722622165938,-0.0004,0.));
#6159=CARTESIAN_POINT('',(0.06445,-0.0004,0.));
#6160=CARTESIAN_POINT('',(0.0410277395181013,-0.0004,0.));
#6161=CARTESIAN_POINT('',(0.0410277395181013,-0.0004,0.075));
#6162=CARTESIAN_POINT('',(0.0410277395181013,-0.0004,0.0002));
#6163=CARTESIAN_POINT('',(0.06445,-0.0004,0.000200000000000006));
#6164=CARTESIAN_POINT('',(0.0394544416882056,-0.0004,0.0002));
#6165=CARTESIAN_POINT('',(0.0394544416882056,-0.0004,0.075));
#6166=CARTESIAN_POINT('',(0.0394544416882056,-0.0004,0.));
#6167=CARTESIAN_POINT('',(0.06445,-0.0004,0.));
#6168=CARTESIAN_POINT('',(0.0295552292400297,-0.0004,0.));
#6169=CARTESIAN_POINT('',(0.0295552292400297,-0.0004,0.075));
#6170=CARTESIAN_POINT('',(0.0295552292400297,-0.0004,0.0002));
#6171=CARTESIAN_POINT('',(0.06445,-0.0004,0.000200000000000006));
#6172=CARTESIAN_POINT('',(0.0217046467512239,-0.0004,0.0002));
#6173=CARTESIAN_POINT('',(0.0217046467512239,-0.0004,0.0002));
#6174=CARTESIAN_POINT('',(0.0217046467512239,-0.0004,0.));
#6175=CARTESIAN_POINT('',(0.06445,-0.0004,0.));
#6176=CARTESIAN_POINT('',(0.0196897704997658,-0.0004,0.));
#6177=CARTESIAN_POINT('',(0.0196897704997658,-0.0004,0.075));
#6178=CARTESIAN_POINT('',(0.0196897704997658,-0.0004,0.0002));
#6179=CARTESIAN_POINT('',(0.06445,-0.0004,0.000200000000000006));
#6180=CARTESIAN_POINT('',(0.01183918801096,-0.0004,0.0002));
#6181=CARTESIAN_POINT('',(0.01183918801096,-0.0004,0.0002));
#6182=CARTESIAN_POINT('',(0.01183918801096,-0.0004,0.));
#6183=CARTESIAN_POINT('',(0.06445,-0.0004,0.));
#6184=CARTESIAN_POINT('',(0.0004,-0.0004,0.));
#6185=CARTESIAN_POINT('',(0.0004,-0.0004,0.075));
#6186=CARTESIAN_POINT('',(0.0004,-0.0004,0.075));
#6187=CARTESIAN_POINT('',(0.06445,-0.0004,0.075));
#6188=CARTESIAN_POINT('',(0.1285,-0.0004,0.075));
#6189=CARTESIAN_POINT('',(0.1285,-0.0004,0.075));
#6190=CARTESIAN_POINT('',(0.1285,-0.0004,0.));
#6191=CARTESIAN_POINT('',(0.06445,-0.0004,0.));
#6192=CARTESIAN_POINT('',(0.117583024268391,-0.0004,0.));
#6193=CARTESIAN_POINT('',(0.117583024268391,-0.0004,0.075));
#6194=CARTESIAN_POINT('',(0.06445,-0.00445,0.));
#6195=CARTESIAN_POINT('',(0.106352667823388,-0.00186208072545482,0.));
#6196=CARTESIAN_POINT('',(0.104849397147184,-0.000963029583279331,0.));
#6197=CARTESIAN_POINT('',(0.106207428606959,-0.00178069778042702,0.));
#6198=CARTESIAN_POINT('',(0.10462188774994,-0.00179845550499639,0.));
#6199=CARTESIAN_POINT('',(0.104621600430204,-0.00212849497805612,0.));
#6200=CARTESIAN_POINT('',(0.104621600430204,-0.00245853123319516,0.));
#6201=CARTESIAN_POINT('',(0.105413874963137,-0.00245853123319516,0.));
#6202=CARTESIAN_POINT('',(0.10620614949607,-0.00245853123319516,0.));
#6203=CARTESIAN_POINT('',(0.10620614949607,-0.00216412389196318,0.));
#6204=CARTESIAN_POINT('',(0.106206193728024,-0.00186971575212431,0.));
#6205=CARTESIAN_POINT('',(0.10634502730982,-0.00186720911502433,0.));
#6206=CARTESIAN_POINT('',(0.1062483870863,-0.00176756258947478,0.));
#6207=CARTESIAN_POINT('',(0.106348032921987,-0.00186420350285722,0.));
#6208=CARTESIAN_POINT('',(0.106350539559087,-0.00172536992106143,0.));
#6209=CARTESIAN_POINT('',(0.108936449424948,-0.00172532568910788,0.));
#6210=CARTESIAN_POINT('',(0.111522359290809,-0.00172536992106148,0.));
#6211=CARTESIAN_POINT('',(0.111524865927909,-0.00186420350285516,0.));
#6212=CARTESIAN_POINT('',(0.111624512453458,-0.00176756327933791,0.));
#6213=CARTESIAN_POINT('',(0.111527871540078,-0.00186720911502355,0.));
#6214=CARTESIAN_POINT('',(0.111666705121871,-0.00186971575212431,0.));
#6215=CARTESIAN_POINT('',(0.111666749353825,-0.00269199437958612,0.));
#6216=CARTESIAN_POINT('',(0.111666602850666,-0.00351427871750866,0.));
#6217=CARTESIAN_POINT('',(0.111548105785489,-0.00351954348733259,0.));
#6218=CARTESIAN_POINT('',(0.111624352013078,-0.00361021331480977,0.));
#6219=CARTESIAN_POINT('',(0.1115267653048,-0.00349247605878184,0.));
#6220=CARTESIAN_POINT('',(0.11152236139466,-0.00364543581782842,0.));
#6221=CARTESIAN_POINT('',(0.108906446129026,-0.00364553662809862,0.));
#6222=CARTESIAN_POINT('',(0.106290531162586,-0.00364579122876766,0.));
#6223=CARTESIAN_POINT('',(0.10627430506301,-0.0052327125669632,0.));
#6224=CARTESIAN_POINT('',(0.105456063449842,-0.00387336891078088,0.));
#6225=CARTESIAN_POINT('',(0.106351672171285,-0.00537560836917975,0.));
#6226=CARTESIAN_POINT('',(0.104849315617956,-0.00447993032627375,0.));
#6227=CARTESIAN_POINT('',(0.106229917852836,-0.00530318680711057,0.));
#6228=CARTESIAN_POINT('',(0.10462198837694,-0.00532571576413176,0.));
#6229=CARTESIAN_POINT('',(0.104621600430204,-0.00621363123839922,0.));
#6230=CARTESIAN_POINT('',(0.10462188774994,-0.00710154449500363,0.));
#6231=CARTESIAN_POINT('',(0.106207428606959,-0.00711930221957294,0.));
#6232=CARTESIAN_POINT('',(0.104849397147184,-0.00793697041672069,0.));
#6233=CARTESIAN_POINT('',(0.106352667823388,-0.00703791927454529,0.));
#6234=CARTESIAN_POINT('',(0.100541152184848,-0.00445,0.));
#6235=CARTESIAN_POINT('',(0.101910052561277,-0.000915236699221158,0.));
#6236=CARTESIAN_POINT('',(0.101910052561277,-0.00170094801117147,0.));
#6237=CARTESIAN_POINT('',(0.102695763873228,-0.00170094801117147,0.));
#6238=CARTESIAN_POINT('',(0.103481475185178,-0.00170094801117147,0.));
#6239=CARTESIAN_POINT('',(0.103481475185178,-0.000915236699221158,0.));
#6240=CARTESIAN_POINT('',(0.06445,-0.00445,0.));
#6241=CARTESIAN_POINT('',(0.0846281541103608,-0.00367553992402034,0.));
#6242=CARTESIAN_POINT('',(0.0846281541103608,-0.00288982861207003,0.));
#6243=CARTESIAN_POINT('',(0.0846281541103608,-0.00446125123597066,0.));
#6244=CARTESIAN_POINT('',(0.0870818611549598,-0.00446125123597066,0.));
#6245=CARTESIAN_POINT('',(0.0895355681995588,-0.00446125123597066,0.));
#6246=CARTESIAN_POINT('',(0.0895355681995588,-0.00367553992402034,0.));
#6247=CARTESIAN_POINT('',(0.0895355681995588,-0.00288982861207003,0.));
#6248=CARTESIAN_POINT('',(0.0870818611549598,-0.00288982861207003,0.));
#6249=CARTESIAN_POINT('',(0.0907957066282715,-0.00445,0.));
#6250=CARTESIAN_POINT('',(0.0835836643710855,-0.00445,0.));
#6251=CARTESIAN_POINT('',(0.06445,-0.00445,0.));
#6252=CARTESIAN_POINT('',(0.0940248113518477,-0.00451000659184348,0.));
#6253=CARTESIAN_POINT('',(0.0956693670095575,-0.00256541797491633,0.));
#6254=CARTESIAN_POINT('',(0.0923802556941378,-0.00645459520877062,0.));
#6255=CARTESIAN_POINT('',(0.0923802556941378,-0.00329206029802073,0.));
#6256=CARTESIAN_POINT('',(0.0989453518830115,-0.00329768591600606,0.));
#6257=CARTESIAN_POINT('',(0.0989453518830115,-0.00646584644474127,0.));
#6258=CARTESIAN_POINT('',(0.0973073594462845,-0.00451563220982879,0.));
#6259=CARTESIAN_POINT('',(0.06445,-0.00445,0.));
#6260=CARTESIAN_POINT('',(0.111676721478913,-0.00178069778042558,0.));
#6261=CARTESIAN_POINT('',(0.113262262335925,-0.00179845550499639,0.));
#6262=CARTESIAN_POINT('',(0.113034745984006,-0.000963033701492102,0.));
#6263=CARTESIAN_POINT('',(0.111528993056288,-0.00186308198664477,0.));
#6264=CARTESIAN_POINT('',(0.116278326202349,-0.00188516350524529,0.));
#6265=CARTESIAN_POINT('',(0.114750455862356,-0.00095738611180836,0.));
#6266=CARTESIAN_POINT('',(0.116076281025417,-0.0017658173567209,0.));
#6267=CARTESIAN_POINT('',(0.11452301580052,-0.00178532816445751,0.));
#6268=CARTESIAN_POINT('',(0.114522688084375,-0.00558356202404288,0.));
#6269=CARTESIAN_POINT('',(0.111528993056288,-0.0070369180133553,0.));
#6270=CARTESIAN_POINT('',(0.113034745984006,-0.00793696629850792,0.));
#6271=CARTESIAN_POINT('',(0.111676721478913,-0.00711930221957449,0.));
#6272=CARTESIAN_POINT('',(0.113262262335925,-0.00710154449500363,0.));
#6273=CARTESIAN_POINT('',(0.113262549655662,-0.00677150502194389,0.));
#6274=CARTESIAN_POINT('',(0.113262549655662,-0.00644146876680486,0.));
#6275=CARTESIAN_POINT('',(0.112464649504744,-0.00644146876680486,0.));
#6276=CARTESIAN_POINT('',(0.111666749353825,-0.00644146876680486,0.));
#6277=CARTESIAN_POINT('',(0.111666749353825,-0.00673587610803684,0.));
#6278=CARTESIAN_POINT('',(0.111666705121871,-0.00703028424787572,0.));
#6279=CARTESIAN_POINT('',(0.111527871540078,-0.00703279088497662,0.));
#6280=CARTESIAN_POINT('',(0.111624511763596,-0.0071324374105237,0.));
#6281=CARTESIAN_POINT('',(0.111524865927909,-0.00703579649714278,0.));
#6282=CARTESIAN_POINT('',(0.111522359290809,-0.00717463007893859,0.));
#6283=CARTESIAN_POINT('',(0.108936449424948,-0.00717467431089214,0.));
#6284=CARTESIAN_POINT('',(0.106350539559087,-0.00717463007893859,0.));
#6285=CARTESIAN_POINT('',(0.106348032921987,-0.00703579649714277,0.));
#6286=CARTESIAN_POINT('',(0.106248386396436,-0.00713243672066115,0.));
#6287=CARTESIAN_POINT('',(0.106345027309818,-0.00703279088497633,0.));
#6288=CARTESIAN_POINT('',(0.106206193728024,-0.00703028424787572,0.));
#6289=CARTESIAN_POINT('',(0.10620614949607,-0.0062080056204139,0.));
#6290=CARTESIAN_POINT('',(0.106206295999229,-0.00538572128249136,0.));
#6291=CARTESIAN_POINT('',(0.106324793064406,-0.00538045651266739,0.));
#6292=CARTESIAN_POINT('',(0.106248546836816,-0.00528978668519099,0.));
#6293=CARTESIAN_POINT('',(0.106346133545096,-0.00540752394121816,0.));
#6294=CARTESIAN_POINT('',(0.106350537455235,-0.0052545641821716,0.));
#6295=CARTESIAN_POINT('',(0.108973015941852,-0.0052544633719014,0.));
#6296=CARTESIAN_POINT('',(0.11159549432252,-0.00525419842122962,0.));
#6297=CARTESIAN_POINT('',(0.111612192911011,-0.00367211800779195,0.));
#6298=CARTESIAN_POINT('',(0.112429033836932,-0.00502664720226604,0.));
#6299=CARTESIAN_POINT('',(0.111529994317479,-0.00352339597871799,0.));
#6300=CARTESIAN_POINT('',(0.113034827512183,-0.00442006557626815,0.));
#6301=CARTESIAN_POINT('',(0.111654232233031,-0.00359681319288944,0.));
#6302=CARTESIAN_POINT('',(0.113262161708926,-0.00357428423586826,0.));
#6303=CARTESIAN_POINT('',(0.113262549655662,-0.0026863687616008,0.));
#6304=CARTESIAN_POINT('',(0.06445,-0.00445,0.));
#6305=CARTESIAN_POINT('',(0.0819991153052192,-0.00331550037295958,0.));
#6306=CARTESIAN_POINT('',(0.0819991153052192,-0.00650147535864832,0.));
#6307=CARTESIAN_POINT('',(0.0816578278141095,-0.0060814292157441,0.));
#6308=CARTESIAN_POINT('',(0.0813165403229998,-0.00566138307283987,0.));
#6309=CARTESIAN_POINT('',(0.0802776762017099,-0.00566138307283987,0.));
#6310=CARTESIAN_POINT('',(0.07923881208042,-0.00566138307283986,0.));
#6311=CARTESIAN_POINT('',(0.0805411426440226,-0.00721592884278451,0.));
#6312=CARTESIAN_POINT('',(0.0768440152783901,-0.00709841897824563,0.));
#6313=CARTESIAN_POINT('',(0.0782855251259337,-0.00795397217990835,0.));
#6314=CARTESIAN_POINT('',(0.0769021558696141,-0.00714160917327531,0.));
#6315=CARTESIAN_POINT('',(0.0785070001405759,-0.00711467580155191,0.));
#6316=CARTESIAN_POINT('',(0.0785074817423278,-0.00614237341058511,0.));
#6317=CARTESIAN_POINT('',(0.0785073248937763,-0.00517007796542724,0.));
#6318=CARTESIAN_POINT('',(0.0769156321744799,-0.0051585428379505,0.));
#6319=CARTESIAN_POINT('',(0.0782852370163268,-0.00434782040830316,0.));
#6320=CARTESIAN_POINT('',(0.0768111602971665,-0.00520848170032413,0.));
#6321=CARTESIAN_POINT('',(0.0776851948964107,-0.00374212610164622,0.));
#6322=CARTESIAN_POINT('',(0.0768683762336459,-0.00509661757255383,0.));
#6323=CARTESIAN_POINT('',(0.0768516776451564,-0.00351453715911275,0.));
#6324=CARTESIAN_POINT('',(0.0742592025604103,-0.00351427220844105,0.));
#6325=CARTESIAN_POINT('',(0.0716667294735664,-0.00351422797648749,0.));
#6326=CARTESIAN_POINT('',(0.0716642228364664,-0.00337539439469192,0.));
#6327=CARTESIAN_POINT('',(0.0715645763109157,-0.00347203461820959,0.));
#6328=CARTESIAN_POINT('',(0.0716612172242972,-0.0033723887825254,0.));
#6329=CARTESIAN_POINT('',(0.0715223836425036,-0.00336988214542462,0.));
#6330=CARTESIAN_POINT('',(0.07152233941055,-0.00260761010980626,0.));
#6331=CARTESIAN_POINT('',(0.0715223836425036,-0.0018453380741879,0.));
#6332=CARTESIAN_POINT('',(0.0716612172242971,-0.0018428314370871,0.));
#6333=CARTESIAN_POINT('',(0.0715645770007802,-0.00174318491153853,0.));
#6334=CARTESIAN_POINT('',(0.0716642228364655,-0.00183982582491834,0.));
#6335=CARTESIAN_POINT('',(0.0716667294735664,-0.00170099224312509,0.));
#6336=CARTESIAN_POINT('',(0.0750871060072506,-0.00170094801117147,0.));
#6337=CARTESIAN_POINT('',(0.0785074817423278,-0.00170094801117147,0.));
#6338=CARTESIAN_POINT('',(0.0785074817423278,-0.000915236699221158,0.));
#6339=CARTESIAN_POINT('',(0.06445,-0.00445,0.));
#6340=CARTESIAN_POINT('',(0.0699509167866493,-0.00178533228095133,0.));
#6341=CARTESIAN_POINT('',(0.0699514013027926,-0.00344114739174574,0.));
#6342=CARTESIAN_POINT('',(0.0715292088080499,-0.00346790609560511,0.));
#6343=CARTESIAN_POINT('',(0.070178575280854,-0.00428227669743182,0.));
#6344=CARTESIAN_POINT('',(0.0716654036862239,-0.00338190405222539,0.));
#6345=CARTESIAN_POINT('',(0.0707787464242969,-0.00487673389747139,0.));
#6346=CARTESIAN_POINT('',(0.0715859704677933,-0.00351524119289726,0.));
#6347=CARTESIAN_POINT('',(0.0716067190868357,-0.00509847076636887,0.));
#6348=CARTESIAN_POINT('',(0.0741991959685668,-0.00509882127430743,0.));
#6349=CARTESIAN_POINT('',(0.0767916693345875,-0.0050988753320017,0.));
#6350=CARTESIAN_POINT('',(0.076794469856283,-0.00523933928368621,0.));
#6351=CARTESIAN_POINT('',(0.0768939927743693,-0.00514025364399931,0.));
#6352=CARTESIAN_POINT('',(0.0768002315339241,-0.00523841174672756,0.));
#6353=CARTESIAN_POINT('',(0.0769360011314725,-0.00524133568112845,0.));
#6354=CARTESIAN_POINT('',(0.0769360591184272,-0.00614799902857043,0.));
#6355=CARTESIAN_POINT('',(0.0769360148864736,-0.00705466192581212,0.));
#6356=CARTESIAN_POINT('',(0.0767971813046803,-0.00705716856291297,0.));
#6357=CARTESIAN_POINT('',(0.0768938215281986,-0.00715681508845987,0.));
#6358=CARTESIAN_POINT('',(0.0767941756925107,-0.00706017417507947,0.));
#6359=CARTESIAN_POINT('',(0.0767916690554108,-0.007199007756875,0.));
#6360=CARTESIAN_POINT('',(0.0742291992644886,-0.00719905198882855,0.));
#6361=CARTESIAN_POINT('',(0.0716667294735664,-0.00719900775687495,0.));
#6362=CARTESIAN_POINT('',(0.0716642228364658,-0.00706017417508102,0.));
#6363=CARTESIAN_POINT('',(0.0715645763109168,-0.00715681439859814,0.));
#6364=CARTESIAN_POINT('',(0.0716612172242973,-0.00705716856291287,0.));
#6365=CARTESIAN_POINT('',(0.0715223836425036,-0.00705466192581212,0.));
#6366=CARTESIAN_POINT('',(0.07152233941055,-0.00676025378597324,0.));
#6367=CARTESIAN_POINT('',(0.07152233941055,-0.00646584644474127,0.));
#6368=CARTESIAN_POINT('',(0.0707366280985997,-0.00646584644474127,0.));
#6369=CARTESIAN_POINT('',(0.0699509167866493,-0.00646584644474127,0.));
#6370=CARTESIAN_POINT('',(0.0699509167866493,-0.00679025708189497,0.));
#6371=CARTESIAN_POINT('',(0.0699513790503278,-0.00711467527597565,0.));
#6372=CARTESIAN_POINT('',(0.0715256331015646,-0.00714041063752866,0.));
#6373=CARTESIAN_POINT('',(0.0701785952988131,-0.00795391823701631,0.));
#6374=CARTESIAN_POINT('',(0.0716654036862242,-0.00705355739064678,0.));
#6375=CARTESIAN_POINT('',(0.0685463874963133,-0.00445,0.));
#6376=CARTESIAN_POINT('',(0.06445,-0.00445,0.));
#6377=CARTESIAN_POINT('',(0.0588009419397363,-0.00445,0.));
#6378=CARTESIAN_POINT('',(0.0518910156954095,-0.00698515463808007,0.));
#6379=CARTESIAN_POINT('',(0.053461419432059,-0.00792389467666433,0.));
#6380=CARTESIAN_POINT('',(0.0520856457239049,-0.00710203469840734,0.));
#6381=CARTESIAN_POINT('',(0.053688731928158,-0.00707904451966373,0.));
#6382=CARTESIAN_POINT('',(0.0536891303970715,-0.00446875205995109,0.));
#6383=CARTESIAN_POINT('',(0.0536891980031231,-0.00185846532912463,0.));
#6384=CARTESIAN_POINT('',(0.0520285939858298,-0.00185811250499778,0.));
#6385=CARTESIAN_POINT('',(0.0534610924847603,-0.00101755022684049,0.));
#6386=CARTESIAN_POINT('',(0.0518273622096168,-0.0019412152803578,0.));
#6387=CARTESIAN_POINT('',(0.06445,-0.00445,0.));
#6388=CARTESIAN_POINT('',(0.0620300466633125,-0.00451000659184347,0.));
#6389=CARTESIAN_POINT('',(0.0636746023210224,-0.00256541797491633,0.));
#6390=CARTESIAN_POINT('',(0.0603854910056027,-0.00645459520877062,0.));
#6391=CARTESIAN_POINT('',(0.0603854910056027,-0.00329206029802073,0.));
#6392=CARTESIAN_POINT('',(0.0669505871944763,-0.00329768591600606,0.));
#6393=CARTESIAN_POINT('',(0.0669505871944763,-0.00646584644474127,0.));
#6394=CARTESIAN_POINT('',(0.0653125947577493,-0.0045156322098288,0.));
#6395=CARTESIAN_POINT('',(0.06445,-0.00445,0.));
#6396=CARTESIAN_POINT('',(0.0941026324006447,-0.00690464464759657,0.));
#6397=CARTESIAN_POINT('',(0.0956693670095575,-0.00503881468246397,0.));
#6398=CARTESIAN_POINT('',(0.0972295383974875,-0.00690464464759657,0.));
#6399=CARTESIAN_POINT('',(0.06445,-0.00445,0.));
#6400=CARTESIAN_POINT('',(0.046994333628846,-0.00194121528035604,0.));
#6401=CARTESIAN_POINT('',(0.0453606033537043,-0.0010175502268405,0.));
#6402=CARTESIAN_POINT('',(0.046793101852632,-0.00185811250499722,0.));
#6403=CARTESIAN_POINT('',(0.0451324978142006,-0.00185828891614157,0.));
#6404=CARTESIAN_POINT('',(0.045132565441393,-0.00446875205995109,0.));
#6405=CARTESIAN_POINT('',(0.0451329639103065,-0.00707904451966373,0.));
#6406=CARTESIAN_POINT('',(0.0467360501145591,-0.00710203469840732,0.));
#6407=CARTESIAN_POINT('',(0.0453602764064056,-0.00792389467666433,0.));
#6408=CARTESIAN_POINT('',(0.0469306801430544,-0.00698515463808073,0.));
#6409=CARTESIAN_POINT('',(0.0393705710633657,-0.00711568277692362,0.));
#6410=CARTESIAN_POINT('',(0.040805527607681,-0.00796694884382533,0.));
#6411=CARTESIAN_POINT('',(0.040805527607681,-0.00796694884382533,0.));
#6412=CARTESIAN_POINT('',(0.0410277395181013,-0.00759472045379637,0.));
#6413=CARTESIAN_POINT('',(0.0410277395181013,-0.00712591895501933,0.));
#6414=CARTESIAN_POINT('',(0.0410277395181013,-0.00712591895501933,0.));
#6415=CARTESIAN_POINT('',(0.0410277395181013,-0.00362772217114509,0.));
#6416=CARTESIAN_POINT('',(0.0423722622165938,-0.000915236699221158,0.));
#6417=CARTESIAN_POINT('',(0.0423722622165938,-0.00170094801117147,0.));
#6418=CARTESIAN_POINT('',(0.0431579735285442,-0.00170094801117147,0.));
#6419=CARTESIAN_POINT('',(0.0439436848404945,-0.00170094801117147,0.));
#6420=CARTESIAN_POINT('',(0.0439436848404945,-0.000915236699221158,0.));
#6421=CARTESIAN_POINT('',(0.06445,-0.00445,0.));
#6422=CARTESIAN_POINT('',(0.0394544416882056,-0.00359771887522336,0.));
#6423=CARTESIAN_POINT('',(0.0394543876305113,-0.00706591344095949,0.));
#6424=CARTESIAN_POINT('',(0.0393139236788267,-0.00706871396265502,0.));
#6425=CARTESIAN_POINT('',(0.0394130093185127,-0.00716823688074237,0.));
#6426=CARTESIAN_POINT('',(0.0393148512157854,-0.00707447564029609,0.));
#6427=CARTESIAN_POINT('',(0.0393119272813846,-0.00721024523784455,0.));
#6428=CARTESIAN_POINT('',(0.0365750628827171,-0.0072103032247992,0.));
#6429=CARTESIAN_POINT('',(0.0338381997328567,-0.0072103032247992,0.));
#6430=CARTESIAN_POINT('',(0.0338381997328567,-0.00799601453674951,0.));
#6431=CARTESIAN_POINT('',(0.0295552292400297,-0.00797257446181066,0.));
#6432=CARTESIAN_POINT('',(0.0295552292400297,-0.00717467431089214,0.));
#6433=CARTESIAN_POINT('',(0.0262483034676565,-0.00717467431089214,0.));
#6434=CARTESIAN_POINT('',(0.0229413776952833,-0.00717467431089214,0.));
#6435=CARTESIAN_POINT('',(0.0229413776952833,-0.00717467431089214,0.));
#6436=CARTESIAN_POINT('',(0.0227501066837822,-0.00717467431089214,0.));
#6437=CARTESIAN_POINT('',(0.0226357191180807,-0.00706684996617342,0.));
#6438=CARTESIAN_POINT('',(0.0226357191180807,-0.00706684996617342,0.));
#6439=CARTESIAN_POINT('',(0.0226357191180807,-0.00706684996617342,0.));
#6440=CARTESIAN_POINT('',(0.022521331552379,-0.00695902562145471,0.));
#6441=CARTESIAN_POINT('',(0.022521331552379,-0.00675462816798792,0.));
#6442=CARTESIAN_POINT('',(0.022521331552379,-0.00675462816798792,0.));
#6443=CARTESIAN_POINT('',(0.022521331552379,-0.00445,0.));
#6444=CARTESIAN_POINT('',(0.022521331552379,-0.0021453718320121,0.));
#6445=CARTESIAN_POINT('',(0.022521331552379,-0.0021453718320121,0.));
#6446=CARTESIAN_POINT('',(0.022521331552379,-0.00195410082051107,0.));
#6447=CARTESIAN_POINT('',(0.0226357191180807,-0.00183971325480948,0.));
#6448=CARTESIAN_POINT('',(0.0226357191180807,-0.00183971325480948,0.));
#6449=CARTESIAN_POINT('',(0.0226357191180807,-0.00183971325480948,0.));
#6450=CARTESIAN_POINT('',(0.0227501066837822,-0.00172532568910788,0.));
#6451=CARTESIAN_POINT('',(0.0229413776952833,-0.00172532568910788,0.));
#6452=CARTESIAN_POINT('',(0.0229413776952833,-0.00172532568910788,0.));
#6453=CARTESIAN_POINT('',(0.0262483034676565,-0.00172532568910788,0.));
#6454=CARTESIAN_POINT('',(0.0295552292400297,-0.00172532568910788,0.));
#6455=CARTESIAN_POINT('',(0.0295552292400297,-0.000927425538189361,0.));
#6456=CARTESIAN_POINT('',(0.06445,-0.00445,0.));
#6457=CARTESIAN_POINT('',(0.022676632887326,-0.00186977906234151,0.));
#6458=CARTESIAN_POINT('',(0.0211655329517276,-0.000963039100174276,0.));
#6459=CARTESIAN_POINT('',(0.0225176525950872,-0.00178090705735512,0.));
#6460=CARTESIAN_POINT('',(0.0209370657617255,-0.00179845557784416,0.));
#6461=CARTESIAN_POINT('',(0.0209367824865127,-0.00445,0.));
#6462=CARTESIAN_POINT('',(0.0209370657617255,-0.00710154442215587,0.));
#6463=CARTESIAN_POINT('',(0.0225176525950911,-0.00711909294264382,0.));
#6464=CARTESIAN_POINT('',(0.0211655329517276,-0.00793696089982576,0.));
#6465=CARTESIAN_POINT('',(0.0226766328873257,-0.0070302209376588,0.));
#6466=CARTESIAN_POINT('',(0.0196897704997658,-0.00797257446181066,0.));
#6467=CARTESIAN_POINT('',(0.0196897704997658,-0.00717467431089214,0.));
#6468=CARTESIAN_POINT('',(0.0163828447273925,-0.00717467431089214,0.));
#6469=CARTESIAN_POINT('',(0.0130759189550193,-0.00717467431089214,0.));
#6470=CARTESIAN_POINT('',(0.0130759189550193,-0.00717467431089214,0.));
#6471=CARTESIAN_POINT('',(0.0128846479435183,-0.00717467431089214,0.));
#6472=CARTESIAN_POINT('',(0.0127702603778167,-0.00706684996617342,0.));
#6473=CARTESIAN_POINT('',(0.0127702603778167,-0.00706684996617342,0.));
#6474=CARTESIAN_POINT('',(0.0127702603778167,-0.00706684996617342,0.));
#6475=CARTESIAN_POINT('',(0.0126558728121151,-0.00695902562145471,0.));
#6476=CARTESIAN_POINT('',(0.0126558728121151,-0.00675462816798792,0.));
#6477=CARTESIAN_POINT('',(0.0126558728121151,-0.00675462816798792,0.));
#6478=CARTESIAN_POINT('',(0.0126558728121151,-0.00445,0.));
#6479=CARTESIAN_POINT('',(0.0126558728121151,-0.0021453718320121,0.));
#6480=CARTESIAN_POINT('',(0.0126558728121151,-0.0021453718320121,0.));
#6481=CARTESIAN_POINT('',(0.0126558728121151,-0.00195410082051107,0.));
#6482=CARTESIAN_POINT('',(0.0127702603778167,-0.00183971325480948,0.));
#6483=CARTESIAN_POINT('',(0.0127702603778167,-0.00183971325480948,0.));
#6484=CARTESIAN_POINT('',(0.0127702603778167,-0.00183971325480948,0.));
#6485=CARTESIAN_POINT('',(0.0128846479435183,-0.00172532568910788,0.));
#6486=CARTESIAN_POINT('',(0.0130759189550193,-0.00172532568910788,0.));
#6487=CARTESIAN_POINT('',(0.0130759189550193,-0.00172532568910788,0.));
#6488=CARTESIAN_POINT('',(0.0163828447273925,-0.00172532568910788,0.));
#6489=CARTESIAN_POINT('',(0.0196897704997658,-0.00172532568910788,0.));
#6490=CARTESIAN_POINT('',(0.0196897704997658,-0.000927425538189361,0.));
#6491=CARTESIAN_POINT('',(0.06445,-0.00445,0.));
#6492=CARTESIAN_POINT('',(0.012811174147062,-0.00186977906234147,0.));
#6493=CARTESIAN_POINT('',(0.0113000742114636,-0.000963039100174251,0.));
#6494=CARTESIAN_POINT('',(0.0126521938548273,-0.0017809070573562,0.));
#6495=CARTESIAN_POINT('',(0.0110716070214616,-0.00179845557784416,0.));
#6496=CARTESIAN_POINT('',(0.0110713237462487,-0.00445,0.));
#6497=CARTESIAN_POINT('',(0.0110716070214616,-0.00710154442215587,0.));
#6498=CARTESIAN_POINT('',(0.0126521938548273,-0.00711909294264382,0.));
#6499=CARTESIAN_POINT('',(0.0113000742114636,-0.00793696089982577,0.));
#6500=CARTESIAN_POINT('',(0.0128111741470619,-0.00703022093765863,0.));
#6501=CARTESIAN_POINT('',(0.0004,-0.00445,0.));
#6502=CARTESIAN_POINT('',(0.06445,-0.00445,0.));
#6503=CARTESIAN_POINT('',(0.11691638853713,-0.00170094801117147,0.));
#6504=CARTESIAN_POINT('',(0.116249751557062,-0.00170100599812601,0.));
#6505=CARTESIAN_POINT('',(0.117583024268391,-0.00170094801117147,0.));
#6506=CARTESIAN_POINT('',(0.117583024268391,-0.000915236699221158,0.));
#6507=CARTESIAN_POINT('',(0.1285,-0.00445,0.));
#6508=CARTESIAN_POINT('',(0.116107237150241,-0.00561356531996461,0.));
#6509=CARTESIAN_POINT('',(0.116107291207936,-0.00184533779501118,0.));
#6510=CARTESIAN_POINT('',(0.116247755159618,-0.00184253727331476,0.));
#6511=CARTESIAN_POINT('',(0.116148669519926,-0.00174301435523648,0.));
#6512=CARTESIAN_POINT('',(0.116246827622663,-0.00183677559567774,0.));
#6513=CARTESIAN_POINT('',(0.06445,-0.00445,0.));
#6514=CARTESIAN_POINT('',(0.0621078677121095,-0.00690464464759657,0.));
#6515=CARTESIAN_POINT('',(0.0636746023210224,-0.00503881468246396,0.));
#6516=CARTESIAN_POINT('',(0.0652347737089524,-0.00690464464759657,0.));
#6517=CARTESIAN_POINT('',(0.06445,-0.0071,0.075));
#6518=CARTESIAN_POINT('',(0.06445,-0.0071,0.0744));
#6519=CARTESIAN_POINT('',(0.0023,-0.0071,0.0744));
#6520=CARTESIAN_POINT('',(0.0570743644341656,-0.0071,0.0744));
#6521=CARTESIAN_POINT('',(0.06445,-0.0071,0.075));
#6522=CARTESIAN_POINT('',(0.05705,-0.0071,0.075));
#6523=CARTESIAN_POINT('',(0.06445,-0.0071,0.075));
#6524=CARTESIAN_POINT('',(0.07185,-0.0071,0.075));
#6525=CARTESIAN_POINT('',(0.06445,-0.0071,0.075));
#6526=CARTESIAN_POINT('',(0.0718256355658344,-0.0071,0.0744));
#6527=CARTESIAN_POINT('',(0.06445,-0.0071,0.0744));
#6528=CARTESIAN_POINT('',(0.1266,-0.0071,0.0744));
#6529=CARTESIAN_POINT('',(0.1266,-0.0071,0.075));
#6530=CARTESIAN_POINT('',(0.1266,-0.0071,0.0014));
#6531=CARTESIAN_POINT('',(0.06445,-0.0071,0.0014));
#6532=CARTESIAN_POINT('',(0.06545,-0.0071,0.0014));
#6533=CARTESIAN_POINT('',(0.06545,-0.0071,0.0325));
#6534=CARTESIAN_POINT('',(0.06545,-0.0071,0.064));
#6535=CARTESIAN_POINT('',(0.06445,-0.0071,0.064));
#6536=CARTESIAN_POINT('',(0.06345,-0.0071,0.064));
#6537=CARTESIAN_POINT('',(0.06345,-0.0071,0.0325));
#6538=CARTESIAN_POINT('',(0.06345,-0.0071,0.0014));
#6539=CARTESIAN_POINT('',(0.06445,-0.0071,0.0014));
#6540=CARTESIAN_POINT('',(0.0023,-0.0071,0.0014));
#6541=CARTESIAN_POINT('',(0.0023,-0.0071,0.075));
#6542=CARTESIAN_POINT('',(0.06445,-0.0018,0.075));
#6543=CARTESIAN_POINT('',(0.1266,-0.0018,0.075));
#6544=CARTESIAN_POINT('',(0.1266,-0.0018,0.0744));
#6545=CARTESIAN_POINT('',(0.1266,-0.0018,0.0014));
#6546=CARTESIAN_POINT('',(0.0023,-0.0018,0.0744));
#6547=CARTESIAN_POINT('',(0.0023,-0.0018,0.0744));
#6548=CARTESIAN_POINT('',(0.0023,-0.0018,0.075));
#6549=CARTESIAN_POINT('',(0.0023,-0.0018,0.0014));
#6550=CARTESIAN_POINT('',(0.06445,-0.0018,0.0014));
#6551=CARTESIAN_POINT('',(0.06345,-0.0018,0.0014));
#6552=CARTESIAN_POINT('',(0.06345,-0.0018,0.0325));
#6553=CARTESIAN_POINT('',(0.06345,-0.0018,0.064));
#6554=CARTESIAN_POINT('',(0.06445,-0.0018,0.064));
#6555=CARTESIAN_POINT('',(0.06545,-0.0018,0.064));
#6556=CARTESIAN_POINT('',(0.06545,-0.0018,0.0325));
#6557=CARTESIAN_POINT('',(0.06545,-0.0018,0.0014));
#6558=CARTESIAN_POINT('',(0.06445,-0.0018,0.0014));
#6559=CARTESIAN_POINT('',(0.06445,-0.00445,0.0014));
#6560=CARTESIAN_POINT('',(0.1266,-0.00445,0.0014));
#6561=CARTESIAN_POINT('',(0.06545,-0.008502,0.0014));
#6562=CARTESIAN_POINT('',(0.06445,-0.00445,0.0014));
#6563=CARTESIAN_POINT('',(0.0023,-0.00445,0.0014));
#6564=CARTESIAN_POINT('',(0.06345,-0.008502,0.0014));
#6565=CARTESIAN_POINT('',(0.1285,-0.00445,0.075));
#6566=CARTESIAN_POINT('',(0.1285,-0.00445,0.075));
#6567=CARTESIAN_POINT('',(0.0004,-0.00445,0.075));
#6568=CARTESIAN_POINT('',(0.0004,-0.00445,0.075));
#6569=CARTESIAN_POINT('',(0.06445,-0.00445,0.075));
#6570=CARTESIAN_POINT('',(0.05695,-0.0069,0.075));
#6571=CARTESIAN_POINT('',(0.05695,-0.0077,0.075));
#6572=CARTESIAN_POINT('',(0.05695,-0.008,0.075));
#6573=CARTESIAN_POINT('',(0.06445,-0.0077,0.075));
#6574=CARTESIAN_POINT('',(0.0017,-0.0077,0.075));
#6575=CARTESIAN_POINT('',(0.0017,-0.0018,0.075));
#6576=CARTESIAN_POINT('',(0.0017,-0.0012,0.075));
#6577=CARTESIAN_POINT('',(0.1266,-0.0012,0.075));
#6578=CARTESIAN_POINT('',(0.1272,-0.0012,0.075));
#6579=CARTESIAN_POINT('',(0.1272,-0.00445,0.075));
#6580=CARTESIAN_POINT('',(0.1272,-0.0077,0.075));
#6581=CARTESIAN_POINT('',(0.06445,-0.0077,0.075));
#6582=CARTESIAN_POINT('',(0.07195,-0.0077,0.075));
#6583=CARTESIAN_POINT('',(0.07195,-0.0069,0.075));
#6584=CARTESIAN_POINT('',(0.07195,-0.008,0.075));
#6585=CARTESIAN_POINT('',(0.07145,-0.008,0.075));
#6586=CARTESIAN_POINT('',(0.05745,-0.008,0.075));
#6587=CARTESIAN_POINT('',(0.06445,-0.0069,0.075));
#6588=CARTESIAN_POINT('',(0.05745,-0.0074,0.075));
#6589=CARTESIAN_POINT('',(0.05745,-0.0069,0.075));
#6590=CARTESIAN_POINT('',(0.06445,-0.0069,0.075));
#6591=CARTESIAN_POINT('',(0.07145,-0.0069,0.075));
#6592=CARTESIAN_POINT('',(0.07145,-0.0074,0.075));
#6593=CARTESIAN_POINT('',(0.06445,-0.0069,0.075));
#6594=CARTESIAN_POINT('',(0.06445,-0.008,0.075));
#6595=CARTESIAN_POINT('',(0.07195,-0.0077,0.075));
#6596=CARTESIAN_POINT('',(0.07195,-0.00759425861473192,0.075));
#6597=CARTESIAN_POINT('',(0.0719501279380187,-0.00749028716417823,0.0749717425608133));
#6598=CARTESIAN_POINT('',(0.0719495692070095,-0.00740000000000002,0.0749196152422707));
#6599=CARTESIAN_POINT('',(0.0719495692070095,-0.0074,0.0749196152422707));
#6600=CARTESIAN_POINT('',(0.06445,-0.0074,0.075));
#6601=CARTESIAN_POINT('',(0.0569504307929905,-0.0074,0.0749196152422707));
#6602=CARTESIAN_POINT('',(0.0569504307929905,-0.00740000000000001,0.0749196152422707));
#6603=CARTESIAN_POINT('',(0.0569498683743855,-0.0074908830547856,0.0749720865984159));
#6604=CARTESIAN_POINT('',(0.05695,-0.00759446927775562,0.075));
#6605=CARTESIAN_POINT('',(0.05695,-0.0077,0.075));
#6606=CARTESIAN_POINT('',(0.06445,-0.0069,0.04125));
#6607=CARTESIAN_POINT('',(0.06445,-0.0069,0.075));
#6608=CARTESIAN_POINT('',(0.06545,-0.008502,0.0325));
#6609=CARTESIAN_POINT('',(0.06545,-0.008502,0.064));
#6610=CARTESIAN_POINT('',(0.06345,-0.008502,0.0325));
#6611=CARTESIAN_POINT('',(0.06345,-0.0018,0.064));
#6612=CARTESIAN_POINT('',(0.1266,-0.00445,0.075));
#6613=CARTESIAN_POINT('',(0.1266,-0.00445,0.0744));
#6614=CARTESIAN_POINT('',(0.0023,-0.00445,0.075));
#6615=CARTESIAN_POINT('',(0.0023,-0.0071,0.0744));
#6616=CARTESIAN_POINT('',(0.06445,-0.0077,0.0744));
#6617=CARTESIAN_POINT('',(0.1272,-0.0077,0.0744));
#6618=CARTESIAN_POINT('',(0.0718256355658344,-0.0071,0.0744));
#6619=CARTESIAN_POINT('',(0.0718431776516675,-0.0071,0.0746156400536154));
#6620=CARTESIAN_POINT('',(0.0719484076301694,-0.00721229701390265,0.0748112448727197));
#6621=CARTESIAN_POINT('',(0.0719495692070095,-0.0074,0.0749196152422707));
#6622=CARTESIAN_POINT('',(0.1272,-0.00445,0.0744));
#6623=CARTESIAN_POINT('',(0.1272,-0.0012,0.0744));
#6624=CARTESIAN_POINT('',(0.06445,-0.0077,0.0744));
#6625=CARTESIAN_POINT('',(0.0569504307929905,-0.0074,0.0749196152422707));
#6626=CARTESIAN_POINT('',(0.0569515902436295,-0.0072126405936665,0.0748114432385888));
#6627=CARTESIAN_POINT('',(0.0570568466579432,-0.0071,0.074615341222235));
#6628=CARTESIAN_POINT('',(0.0570743644341657,-0.0071,0.0744));
#6629=CARTESIAN_POINT('',(0.0017,-0.0077,0.0744));
#6630=CARTESIAN_POINT('',(0.06445,-0.0012,0.0744));
#6631=CARTESIAN_POINT('',(0.0017,-0.0012,0.0744));
#6632=CARTESIAN_POINT('',(0.0017,-0.00445,0.0744));
#6633=CARTESIAN_POINT('',(0.06445,-0.008,0.075));
#6634=CARTESIAN_POINT('',(0.06445,-0.0074,0.075));
#6635=CARTESIAN_POINT('',(0.06445,-0.008502,0.064));
#6636=CARTESIAN_POINT('',(0.0846281541103608,-0.00367553992402034,0.0002));
#6637=CARTESIAN_POINT('',(0.0846281541103608,-0.00288982861207003,0.0002));
#6638=CARTESIAN_POINT('',(0.0846281541103608,-0.00288982861207003,0.0002));
#6639=CARTESIAN_POINT('',(0.0846281541103608,-0.00367553992402034,0.0002));
#6640=CARTESIAN_POINT('',(0.0846281541103608,-0.00446125123597066,0.0002));
#6641=CARTESIAN_POINT('',(0.0846281541103608,-0.00446125123597066,0.0002));
#6642=CARTESIAN_POINT('',(0.0870818611549598,-0.00288982861207003,0.0002));
#6643=CARTESIAN_POINT('',(0.0895355681995588,-0.00288982861207003,0.0002));
#6644=CARTESIAN_POINT('',(0.0895355681995588,-0.00288982861207003,0.0002));
#6645=CARTESIAN_POINT('',(0.0870818611549598,-0.00288982861207003,0.0002));
#6646=CARTESIAN_POINT('',(0.0895355681995588,-0.00367553992402034,0.0002));
#6647=CARTESIAN_POINT('',(0.0895355681995588,-0.00446125123597066,0.0002));
#6648=CARTESIAN_POINT('',(0.0895355681995588,-0.00446125123597066,0.0002));
#6649=CARTESIAN_POINT('',(0.0895355681995588,-0.00367553992402034,0.0002));
#6650=CARTESIAN_POINT('',(0.0870818611549598,-0.00446125123597066,0.0002));
#6651=CARTESIAN_POINT('',(0.0870818611549598,-0.00446125123597066,0.0002));
#6652=CARTESIAN_POINT('',(0.06445,-0.00475565857720264,0.0002));
#6653=CARTESIAN_POINT('',(0.0196897704997658,-0.00797257446181066,0.0002));
#6654=CARTESIAN_POINT('',(0.0196897704997658,-0.00797257446181066,0.0002));
#6655=CARTESIAN_POINT('',(0.0196897704997658,-0.00717467431089214,0.0002));
#6656=CARTESIAN_POINT('',(0.0196897704997658,-0.00717467431089214,0.0002));
#6657=CARTESIAN_POINT('',(0.06445,-0.00475565857720264,0.0002));
#6658=CARTESIAN_POINT('',(0.0128111741470619,-0.00703022093765863,0.0002));
#6659=CARTESIAN_POINT('',(0.0113000742114636,-0.00793696089982577,0.0002));
#6660=CARTESIAN_POINT('',(0.0126521938548273,-0.00711909294264382,0.0002));
#6661=CARTESIAN_POINT('',(0.0110716070214616,-0.00710154442215587,0.00019999975));
#6662=CARTESIAN_POINT('',(0.0110713237462487,-0.00445,0.0002));
#6663=CARTESIAN_POINT('',(0.0110716070214616,-0.00179845557784416,0.0002));
#6664=CARTESIAN_POINT('',(0.0126521938548273,-0.0017809070573562,0.0002));
#6665=CARTESIAN_POINT('',(0.0113000741472425,-0.00096303920577187,0.000199999949999205));
#6666=CARTESIAN_POINT('',(0.012811174147062,-0.00186977906234147,0.0002));
#6667=CARTESIAN_POINT('',(0.0196897704997658,-0.000927425538189361,0.0002));
#6668=CARTESIAN_POINT('',(0.0196897704997658,-0.00172532568910788,0.0002));
#6669=CARTESIAN_POINT('',(0.0163828447273925,-0.00172532568910788,0.0002));
#6670=CARTESIAN_POINT('',(0.0130759189550193,-0.00172532568910788,0.0002));
#6671=CARTESIAN_POINT('',(0.0127702603778167,-0.00183971325480948,0.0002));
#6672=CARTESIAN_POINT('',(0.0128846479435183,-0.00172532568910788,0.0002));
#6673=CARTESIAN_POINT('',(0.0130759189550193,-0.00172532568910788,0.0002));
#6674=CARTESIAN_POINT('',(0.0127702603778167,-0.00183971325480948,0.0002));
#6675=CARTESIAN_POINT('',(0.0126558728121151,-0.0021453718320121,0.0002));
#6676=CARTESIAN_POINT('',(0.0126558728121151,-0.00195410082051107,0.0002));
#6677=CARTESIAN_POINT('',(0.0127702603778167,-0.00183971325480948,0.0002));
#6678=CARTESIAN_POINT('',(0.0126558728121151,-0.0021453718320121,0.0002));
#6679=CARTESIAN_POINT('',(0.0126558728121151,-0.00445,0.0002));
#6680=CARTESIAN_POINT('',(0.0126558728121151,-0.00675462816798792,0.0002));
#6681=CARTESIAN_POINT('',(0.0127702603778167,-0.00706684996617342,0.0002));
#6682=CARTESIAN_POINT('',(0.0126558728121151,-0.00695902562145471,0.0002));
#6683=CARTESIAN_POINT('',(0.0126558728121151,-0.00675462816798792,0.0002));
#6684=CARTESIAN_POINT('',(0.0127702603778167,-0.00706684996617342,0.0002));
#6685=CARTESIAN_POINT('',(0.0130759189550193,-0.00717467431089214,0.0002));
#6686=CARTESIAN_POINT('',(0.0128846479435183,-0.00717467431089214,0.0002));
#6687=CARTESIAN_POINT('',(0.0127702603778167,-0.00706684996617342,0.0002));
#6688=CARTESIAN_POINT('',(0.0130759189550193,-0.00717467431089214,0.0002));
#6689=CARTESIAN_POINT('',(0.0163828447273925,-0.00717467431089214,0.0002));
#6690=CARTESIAN_POINT('',(0.0128111741470619,-0.00703022093765863,0.0002));
#6691=CARTESIAN_POINT('',(0.0113000988776519,-0.0079369455479036,0.0002));
#6692=CARTESIAN_POINT('',(0.012811174147062,-0.00186977906234147,0.0002));
#6693=CARTESIAN_POINT('',(0.0113000988776519,-0.000963054452096416,0.0002));
#6694=CARTESIAN_POINT('',(0.0196897704997658,-0.000927425538189361,0.0002));
#6695=CARTESIAN_POINT('',(0.0196897704997658,-0.00172532568910788,0.0002));
#6696=CARTESIAN_POINT('',(0.0163828447273925,-0.00172532568910788,0.0002));
#6697=CARTESIAN_POINT('',(0.0130759189550193,-0.00172532568910788,0.0002));
#6698=CARTESIAN_POINT('',(0.0127702603778167,-0.00183971325480948,0.0002));
#6699=CARTESIAN_POINT('',(0.0127702603778167,-0.00183971325480948,0.));
#6700=CARTESIAN_POINT('',(0.0128465187549511,-0.00176345487767507,0.0002));
#6701=CARTESIAN_POINT('',(0.0128465187549511,-0.00176345487767507,0.));
#6702=CARTESIAN_POINT('',(0.012948404947352,-0.00172532568910788,0.0002));
#6703=CARTESIAN_POINT('',(0.012948404947352,-0.00172532568910788,0.));
#6704=CARTESIAN_POINT('',(0.0130759189550193,-0.00172532568910788,0.0002));
#6705=CARTESIAN_POINT('',(0.0130759189550193,-0.00172532568910788,0.));
#6706=CARTESIAN_POINT('',(0.0127702603778167,-0.00183971325480948,0.0002));
#6707=CARTESIAN_POINT('',(0.0126558728121151,-0.0021453718320121,0.0002));
#6708=CARTESIAN_POINT('',(0.0126558728121151,-0.0021453718320121,0.));
#6709=CARTESIAN_POINT('',(0.0126558728121151,-0.00201785782434475,0.0002));
#6710=CARTESIAN_POINT('',(0.0126558728121151,-0.00201785782434475,0.));
#6711=CARTESIAN_POINT('',(0.0126940020006823,-0.00191597163194387,0.0002));
#6712=CARTESIAN_POINT('',(0.0126940020006823,-0.00191597163194387,0.));
#6713=CARTESIAN_POINT('',(0.0127702603778167,-0.00183971325480948,0.0002));
#6714=CARTESIAN_POINT('',(0.0127702603778167,-0.00183971325480948,0.));
#6715=CARTESIAN_POINT('',(0.0126558728121151,-0.0021453718320121,0.0002));
#6716=CARTESIAN_POINT('',(0.0126558728121151,-0.00445,0.0002));
#6717=CARTESIAN_POINT('',(0.0126558728121151,-0.00675462816798792,0.0002));
#6718=CARTESIAN_POINT('',(0.0127702603778167,-0.00706684996617342,0.0002));
#6719=CARTESIAN_POINT('',(0.0127702603778167,-0.00706684996617342,0.));
#6720=CARTESIAN_POINT('',(0.0126940020006823,-0.00699496706969428,0.0002));
#6721=CARTESIAN_POINT('',(0.0126940020006823,-0.00699496706969428,0.));
#6722=CARTESIAN_POINT('',(0.0126558728121151,-0.00689089313696578,0.0002));
#6723=CARTESIAN_POINT('',(0.0126558728121151,-0.00689089313696578,0.));
#6724=CARTESIAN_POINT('',(0.0126558728121151,-0.00675462816798792,0.0002));
#6725=CARTESIAN_POINT('',(0.0126558728121151,-0.00675462816798792,0.));
#6726=CARTESIAN_POINT('',(0.0127702603778167,-0.00706684996617342,0.0002));
#6727=CARTESIAN_POINT('',(0.0130759189550193,-0.00717467431089214,0.0002));
#6728=CARTESIAN_POINT('',(0.0130759189550193,-0.00717467431089214,0.));
#6729=CARTESIAN_POINT('',(0.012948404947352,-0.00717467431089214,0.0002));
#6730=CARTESIAN_POINT('',(0.012948404947352,-0.00717467431089214,0.));
#6731=CARTESIAN_POINT('',(0.0128465187549511,-0.00713873286265257,0.0002));
#6732=CARTESIAN_POINT('',(0.0128465187549511,-0.00713873286265257,0.));
#6733=CARTESIAN_POINT('',(0.0127702603778167,-0.00706684996617342,0.0002));
#6734=CARTESIAN_POINT('',(0.0127702603778167,-0.00706684996617342,0.));
#6735=CARTESIAN_POINT('',(0.0130759189550193,-0.00717467431089214,0.0002));
#6736=CARTESIAN_POINT('',(0.0163828447273925,-0.00717467431089214,0.0002));
#6737=CARTESIAN_POINT('',(0.0126521938548273,-0.00711909294264382,0.0002));
#6738=CARTESIAN_POINT('',(0.0110713237462487,-0.00710154127708293,0.0002));
#6739=CARTESIAN_POINT('',(0.0110713237462487,-0.00445,0.0002));
#6740=CARTESIAN_POINT('',(0.0110713237462487,-0.00179845872291709,0.0002));
#6741=CARTESIAN_POINT('',(0.0126521938548273,-0.0017809070573562,0.0002));
#6742=CARTESIAN_POINT('',(0.0295552292400297,-0.00797257446181066,0.0002));
#6743=CARTESIAN_POINT('',(0.0295552292400297,-0.00797257446181066,0.0002));
#6744=CARTESIAN_POINT('',(0.0295552292400297,-0.00717467431089214,0.0002));
#6745=CARTESIAN_POINT('',(0.0295552292400297,-0.00717467431089214,0.0002));
#6746=CARTESIAN_POINT('',(0.06445,-0.00475565857720264,0.0002));
#6747=CARTESIAN_POINT('',(0.0226766328873257,-0.0070302209376588,0.0002));
#6748=CARTESIAN_POINT('',(0.0211655329517276,-0.00793696089982576,0.0002));
#6749=CARTESIAN_POINT('',(0.0225176525950911,-0.00711909294264382,0.0002));
#6750=CARTESIAN_POINT('',(0.0209370657617255,-0.00710154442215587,0.00019999975));
#6751=CARTESIAN_POINT('',(0.0209367824865127,-0.00445,0.0002));
#6752=CARTESIAN_POINT('',(0.0209370657617255,-0.00179845557784416,0.0002));
#6753=CARTESIAN_POINT('',(0.0225176525950872,-0.00178090705735512,0.0002));
#6754=CARTESIAN_POINT('',(0.0211655330151798,-0.000963038994574018,0.000199999750000538));
#6755=CARTESIAN_POINT('',(0.022676632887326,-0.00186977906234151,0.0002));
#6756=CARTESIAN_POINT('',(0.0295552292400297,-0.000927425538189361,0.0002));
#6757=CARTESIAN_POINT('',(0.0295552292400297,-0.00172532568910788,0.0002));
#6758=CARTESIAN_POINT('',(0.0262483034676565,-0.00172532568910788,0.0002));
#6759=CARTESIAN_POINT('',(0.0229413776952833,-0.00172532568910788,0.0002));
#6760=CARTESIAN_POINT('',(0.0226357191180807,-0.00183971325480948,0.0002));
#6761=CARTESIAN_POINT('',(0.0227501066837822,-0.00172532568910788,0.0002));
#6762=CARTESIAN_POINT('',(0.0229413776952833,-0.00172532568910788,0.0002));
#6763=CARTESIAN_POINT('',(0.0226357191180807,-0.00183971325480948,0.0002));
#6764=CARTESIAN_POINT('',(0.022521331552379,-0.0021453718320121,0.0002));
#6765=CARTESIAN_POINT('',(0.022521331552379,-0.00195410082051107,0.0002));
#6766=CARTESIAN_POINT('',(0.0226357191180807,-0.00183971325480948,0.0002));
#6767=CARTESIAN_POINT('',(0.022521331552379,-0.0021453718320121,0.0002));
#6768=CARTESIAN_POINT('',(0.022521331552379,-0.00445,0.0002));
#6769=CARTESIAN_POINT('',(0.022521331552379,-0.00675462816798792,0.0002));
#6770=CARTESIAN_POINT('',(0.0226357191180807,-0.00706684996617342,0.0002));
#6771=CARTESIAN_POINT('',(0.022521331552379,-0.00695902562145471,0.0002));
#6772=CARTESIAN_POINT('',(0.022521331552379,-0.00675462816798792,0.0002));
#6773=CARTESIAN_POINT('',(0.0226357191180807,-0.00706684996617342,0.0002));
#6774=CARTESIAN_POINT('',(0.0229413776952833,-0.00717467431089214,0.0002));
#6775=CARTESIAN_POINT('',(0.0227501066837822,-0.00717467431089214,0.0002));
#6776=CARTESIAN_POINT('',(0.0226357191180807,-0.00706684996617342,0.0002));
#6777=CARTESIAN_POINT('',(0.0229413776952833,-0.00717467431089214,0.0002));
#6778=CARTESIAN_POINT('',(0.0262483034676565,-0.00717467431089214,0.0002));
#6779=CARTESIAN_POINT('',(0.0226766328873257,-0.0070302209376588,0.0002));
#6780=CARTESIAN_POINT('',(0.0211655576179158,-0.0079369455479036,0.0002));
#6781=CARTESIAN_POINT('',(0.022676632887326,-0.00186977906234151,0.0002));
#6782=CARTESIAN_POINT('',(0.0211655576179158,-0.000963054452096416,0.0002));
#6783=CARTESIAN_POINT('',(0.0295552292400297,-0.000927425538189361,0.0002));
#6784=CARTESIAN_POINT('',(0.0295552292400297,-0.00172532568910788,0.0002));
#6785=CARTESIAN_POINT('',(0.0262483034676565,-0.00172532568910788,0.0002));
#6786=CARTESIAN_POINT('',(0.0229413776952833,-0.00172532568910788,0.0002));
#6787=CARTESIAN_POINT('',(0.0226357191180807,-0.00183971325480948,0.0002));
#6788=CARTESIAN_POINT('',(0.0226357191180807,-0.00183971325480948,0.));
#6789=CARTESIAN_POINT('',(0.022711977495215,-0.00176345487767507,0.0002));
#6790=CARTESIAN_POINT('',(0.022711977495215,-0.00176345487767507,0.));
#6791=CARTESIAN_POINT('',(0.0228138636876159,-0.00172532568910788,0.0002));
#6792=CARTESIAN_POINT('',(0.0228138636876159,-0.00172532568910788,0.));
#6793=CARTESIAN_POINT('',(0.0229413776952833,-0.00172532568910788,0.0002));
#6794=CARTESIAN_POINT('',(0.0229413776952833,-0.00172532568910788,0.));
#6795=CARTESIAN_POINT('',(0.0226357191180807,-0.00183971325480948,0.0002));
#6796=CARTESIAN_POINT('',(0.022521331552379,-0.0021453718320121,0.0002));
#6797=CARTESIAN_POINT('',(0.022521331552379,-0.0021453718320121,0.));
#6798=CARTESIAN_POINT('',(0.022521331552379,-0.00201785782434475,0.0002));
#6799=CARTESIAN_POINT('',(0.022521331552379,-0.00201785782434475,0.));
#6800=CARTESIAN_POINT('',(0.0225594607409462,-0.00191597163194387,0.0002));
#6801=CARTESIAN_POINT('',(0.0225594607409462,-0.00191597163194387,0.));
#6802=CARTESIAN_POINT('',(0.0226357191180807,-0.00183971325480948,0.0002));
#6803=CARTESIAN_POINT('',(0.0226357191180807,-0.00183971325480948,0.));
#6804=CARTESIAN_POINT('',(0.022521331552379,-0.0021453718320121,0.0002));
#6805=CARTESIAN_POINT('',(0.022521331552379,-0.00445,0.0002));
#6806=CARTESIAN_POINT('',(0.022521331552379,-0.00675462816798792,0.0002));
#6807=CARTESIAN_POINT('',(0.0226357191180807,-0.00706684996617342,0.0002));
#6808=CARTESIAN_POINT('',(0.0226357191180807,-0.00706684996617342,0.));
#6809=CARTESIAN_POINT('',(0.0225594607409462,-0.00699496706969428,0.0002));
#6810=CARTESIAN_POINT('',(0.0225594607409462,-0.00699496706969428,0.));
#6811=CARTESIAN_POINT('',(0.022521331552379,-0.00689089313696578,0.0002));
#6812=CARTESIAN_POINT('',(0.022521331552379,-0.00689089313696578,0.));
#6813=CARTESIAN_POINT('',(0.022521331552379,-0.00675462816798792,0.0002));
#6814=CARTESIAN_POINT('',(0.022521331552379,-0.00675462816798792,0.));
#6815=CARTESIAN_POINT('',(0.0226357191180807,-0.00706684996617342,0.0002));
#6816=CARTESIAN_POINT('',(0.0229413776952833,-0.00717467431089214,0.0002));
#6817=CARTESIAN_POINT('',(0.0229413776952833,-0.00717467431089214,0.));
#6818=CARTESIAN_POINT('',(0.0228138636876159,-0.00717467431089214,0.0002));
#6819=CARTESIAN_POINT('',(0.0228138636876159,-0.00717467431089214,0.));
#6820=CARTESIAN_POINT('',(0.022711977495215,-0.00713873286265257,0.0002));
#6821=CARTESIAN_POINT('',(0.022711977495215,-0.00713873286265257,0.));
#6822=CARTESIAN_POINT('',(0.0226357191180807,-0.00706684996617342,0.0002));
#6823=CARTESIAN_POINT('',(0.0226357191180807,-0.00706684996617342,0.));
#6824=CARTESIAN_POINT('',(0.0229413776952833,-0.00717467431089214,0.0002));
#6825=CARTESIAN_POINT('',(0.0262483034676565,-0.00717467431089214,0.0002));
#6826=CARTESIAN_POINT('',(0.0225176525950911,-0.00711909294264382,0.0002));
#6827=CARTESIAN_POINT('',(0.0209367824865127,-0.00710154127708293,0.0002));
#6828=CARTESIAN_POINT('',(0.0209367824865127,-0.00445,0.0002));
#6829=CARTESIAN_POINT('',(0.0209367824865127,-0.00179845872291709,0.0002));
#6830=CARTESIAN_POINT('',(0.0225176525950872,-0.00178090705735512,0.0002));
#6831=CARTESIAN_POINT('',(0.0338381997328567,-0.00799601453674951,0.0002));
#6832=CARTESIAN_POINT('',(0.0338381997328567,-0.0072103032247992,0.0002));
#6833=CARTESIAN_POINT('',(0.0338381997328567,-0.0072103032247992,0.0002));
#6834=CARTESIAN_POINT('',(0.0338381997328567,-0.00799601453674951,0.0002));
#6835=CARTESIAN_POINT('',(0.06445,-0.00475565857720264,0.0002));
#6836=CARTESIAN_POINT('',(0.0365750628827171,-0.0072103032247992,0.0002));
#6837=CARTESIAN_POINT('',(0.0393119272813846,-0.00721024523784455,0.0002));
#6838=CARTESIAN_POINT('',(0.0393148512157854,-0.00707447564029609,0.0002));
#6839=CARTESIAN_POINT('',(0.0394130093185127,-0.00716823688074237,0.0002));
#6840=CARTESIAN_POINT('',(0.0393139236788267,-0.00706871396265502,0.0002));
#6841=CARTESIAN_POINT('',(0.0394543876305113,-0.00706591344095949,0.00019999975));
#6842=CARTESIAN_POINT('',(0.0394544416882056,-0.00359771887522336,0.0002));
#6843=CARTESIAN_POINT('',(0.0410277395181013,-0.00362772217114509,0.0002));
#6844=CARTESIAN_POINT('',(0.0410277395181013,-0.00712591895501933,0.0002));
#6845=CARTESIAN_POINT('',(0.040805527607681,-0.00796694884382533,0.0002));
#6846=CARTESIAN_POINT('',(0.0410277395181013,-0.00759472045379637,0.0002));
#6847=CARTESIAN_POINT('',(0.0410277395181013,-0.00712591895501933,0.0002));
#6848=CARTESIAN_POINT('',(0.040805527607681,-0.00796694884382533,0.0002));
#6849=CARTESIAN_POINT('',(0.0393705710633657,-0.00711568277692362,0.0002));
#6850=CARTESIAN_POINT('',(0.0393705710633657,-0.00711568277692362,0.0002));
#6851=CARTESIAN_POINT('',(0.040805527607681,-0.00796694884382533,0.0002));
#6852=CARTESIAN_POINT('',(0.0394544416882056,-0.00359771887522336,0.0002));
#6853=CARTESIAN_POINT('',(0.0394544416882056,-0.00706591236317587,0.0002));
#6854=CARTESIAN_POINT('',(0.0410277395181013,-0.00362772217114509,0.0002));
#6855=CARTESIAN_POINT('',(0.0410277395181013,-0.00712591895501933,0.0002));
#6856=CARTESIAN_POINT('',(0.040805527607681,-0.00796694884382533,0.0002));
#6857=CARTESIAN_POINT('',(0.040805527607681,-0.00796694884382533,0.));
#6858=CARTESIAN_POINT('',(0.0409536688812945,-0.00771879658380602,0.0002));
#6859=CARTESIAN_POINT('',(0.0409536688812945,-0.00771879658380602,0.));
#6860=CARTESIAN_POINT('',(0.0410277395181013,-0.00743845328753736,0.0002));
#6861=CARTESIAN_POINT('',(0.0410277395181013,-0.00743845328753736,0.));
#6862=CARTESIAN_POINT('',(0.0410277395181013,-0.00712591895501933,0.0002));
#6863=CARTESIAN_POINT('',(0.0410277395181013,-0.00712591895501933,0.));
#6864=CARTESIAN_POINT('',(0.0365750628827171,-0.0072103032247992,0.0002));
#6865=CARTESIAN_POINT('',(0.0393119260325773,-0.0072103032247992,0.0002));
#6866=CARTESIAN_POINT('',(0.0393148512157854,-0.00707447564029609,0.0002));
#6867=CARTESIAN_POINT('',(0.0394130093185127,-0.00716823688074237,0.0002));
#6868=CARTESIAN_POINT('',(0.0393139236788267,-0.00706871396265502,0.0002));
#6869=CARTESIAN_POINT('',(0.0423722622165938,-0.000915236699221158,0.0002));
#6870=CARTESIAN_POINT('',(0.0423722622165938,-0.000915236699221158,0.0002));
#6871=CARTESIAN_POINT('',(0.0423722622165938,-0.00170094801117147,0.0002));
#6872=CARTESIAN_POINT('',(0.0423722622165938,-0.00170094801117147,0.0002));
#6873=CARTESIAN_POINT('',(0.0439436848404945,-0.000915236699221158,0.0002));
#6874=CARTESIAN_POINT('',(0.0439436848404945,-0.00170094801117147,0.0002));
#6875=CARTESIAN_POINT('',(0.0439436848404945,-0.00170094801117147,0.0002));
#6876=CARTESIAN_POINT('',(0.0439436848404945,-0.000915236699221158,0.0002));
#6877=CARTESIAN_POINT('',(0.0431579735285442,-0.00170094801117147,0.0002));
#6878=CARTESIAN_POINT('',(0.0431579735285442,-0.00170094801117147,0.0002));
#6879=CARTESIAN_POINT('',(0.06445,-0.00475565857720264,0.0002));
#6880=CARTESIAN_POINT('',(0.06445,-0.00475565857720264,0.0002));
#6881=CARTESIAN_POINT('',(0.0490508083681715,-0.00520570801602859,0.0002));
#6882=CARTESIAN_POINT('',(0.0467039880652937,-0.0032498681631308,0.0002));
#6883=CARTESIAN_POINT('',(0.0513976286710494,-0.00716154786892639,0.0002));
#6884=CARTESIAN_POINT('',(0.0467039880652937,-0.00513445018821448,0.0002));
#6885=CARTESIAN_POINT('',(0.0467040460522482,-0.00701903346210537,0.0002));
#6886=CARTESIAN_POINT('',(0.0468398156498001,-0.00702195739650482,0.0002));
#6887=CARTESIAN_POINT('',(0.0467460544093548,-0.00712011549923786,0.0002));
#6888=CARTESIAN_POINT('',(0.0468455773274378,-0.00702102985954751,0.0002));
#6889=CARTESIAN_POINT('',(0.0468483778491334,-0.00716149381123211,0.00019999975));
#6890=CARTESIAN_POINT('',(0.0491230037989832,-0.00716154786892639,0.0002));
#6891=CARTESIAN_POINT('',(0.0496986920394814,-0.00178533228095133,0.0002));
#6892=CARTESIAN_POINT('',(0.0474240671674152,-0.00178533228095134,0.0002));
#6893=CARTESIAN_POINT('',(0.0519733177101545,-0.00178537651290496,0.00019999975));
#6894=CARTESIAN_POINT('',(0.049770887470293,-0.00374210973684669,0.0002));
#6895=CARTESIAN_POINT('',(0.0521177077731709,-0.00569888719274204,0.0002));
#6896=CARTESIAN_POINT('',(0.0521177077731709,-0.00381430516765835,0.0002));
#6897=CARTESIAN_POINT('',(0.0521176635412173,-0.00192972234396777,0.0002));
#6898=CARTESIAN_POINT('',(0.0519788299594241,-0.00192721570686689,0.0002));
#6899=CARTESIAN_POINT('',(0.0520754708728036,-0.00182756987118143,0.0002));
#6900=CARTESIAN_POINT('',(0.0519758243472554,-0.00192421009469807,0.0002));
#6901=CARTESIAN_POINT('',(0.0469306801430544,-0.00698515463808073,0.0002));
#6902=CARTESIAN_POINT('',(0.0453602764064056,-0.00792389467666433,0.0002));
#6903=CARTESIAN_POINT('',(0.0467360501145591,-0.00710203469840732,0.0002));
#6904=CARTESIAN_POINT('',(0.0451329639103065,-0.00707904451966373,0.00019999975));
#6905=CARTESIAN_POINT('',(0.045132565441393,-0.00446875205995109,0.0002));
#6906=CARTESIAN_POINT('',(0.0451324978142006,-0.00185828891614157,0.0002));
#6907=CARTESIAN_POINT('',(0.046793101852632,-0.00185811250499722,0.0002));
#6908=CARTESIAN_POINT('',(0.0453606034940631,-0.0010175498351258,0.00019999975));
#6909=CARTESIAN_POINT('',(0.046994333628846,-0.00194121528035604,0.0002));
#6910=CARTESIAN_POINT('',(0.0518273622096168,-0.0019412152803578,0.0002));
#6911=CARTESIAN_POINT('',(0.0534610924847603,-0.00101755022684049,0.0002));
#6912=CARTESIAN_POINT('',(0.0520285939858298,-0.00185811250499778,0.0002));
#6913=CARTESIAN_POINT('',(0.0536891980031231,-0.00185846532912463,0.00019999975));
#6914=CARTESIAN_POINT('',(0.0536891303970715,-0.00446875205995109,0.0002));
#6915=CARTESIAN_POINT('',(0.053688731928158,-0.00707904451966373,0.0002));
#6916=CARTESIAN_POINT('',(0.0520856457239049,-0.00710203469840734,0.0002));
#6917=CARTESIAN_POINT('',(0.0534614194373056,-0.00792389466788157,0.00019999975));
#6918=CARTESIAN_POINT('',(0.0518910156954095,-0.00698515463808007,0.0002));
#6919=CARTESIAN_POINT('',(0.0518910156954095,-0.00698515463808007,0.0002));
#6920=CARTESIAN_POINT('',(0.0534612928686659,-0.00792381910593785,0.0002));
#6921=CARTESIAN_POINT('',(0.0469306801430544,-0.00698515463808073,0.0002));
#6922=CARTESIAN_POINT('',(0.0453604029697987,-0.00792381910593785,0.0002));
#6923=CARTESIAN_POINT('',(0.0490508083681715,-0.00520570801602859,0.0002));
#6924=CARTESIAN_POINT('',(0.0490508083681715,-0.00520570801602859,0.));
#6925=CARTESIAN_POINT('',(0.0467039880652937,-0.0032498681631308,0.));
#6926=CARTESIAN_POINT('',(0.0513976286710494,-0.00716154786892639,0.));
#6927=CARTESIAN_POINT('',(0.0467039880652937,-0.0032498681631308,0.0002));
#6928=CARTESIAN_POINT('',(0.0513976286710494,-0.00716154786892639,0.0002));
#6929=CARTESIAN_POINT('',(0.0467039880652937,-0.00513445018821448,0.0002));
#6930=CARTESIAN_POINT('',(0.0467039880652937,-0.00513445018821448,0.));
#6931=CARTESIAN_POINT('',(0.0467040460522482,-0.00701903346210537,0.));
#6932=CARTESIAN_POINT('',(0.0467039880652937,-0.00701903221329817,0.0002));
#6933=CARTESIAN_POINT('',(0.0468398156498001,-0.00702195739650482,0.0002));
#6934=CARTESIAN_POINT('',(0.0468398156498001,-0.00702195739650482,0.));
#6935=CARTESIAN_POINT('',(0.0467460544093548,-0.00712011549923786,0.));
#6936=CARTESIAN_POINT('',(0.0467460544093548,-0.00712011549923786,0.0002));
#6937=CARTESIAN_POINT('',(0.0468455773274378,-0.00702102985954751,0.0002));
#6938=CARTESIAN_POINT('',(0.0468455773274378,-0.00702102985954751,0.));
#6939=CARTESIAN_POINT('',(0.0468483778491334,-0.00716149381123211,0.));
#6940=CARTESIAN_POINT('',(0.046848378926917,-0.00716154786892639,0.0002));
#6941=CARTESIAN_POINT('',(0.0496986920394814,-0.00178533228095133,0.0002));
#6942=CARTESIAN_POINT('',(0.0496986920394814,-0.00178533228095133,0.));
#6943=CARTESIAN_POINT('',(0.0474240671674152,-0.00178533228095134,0.));
#6944=CARTESIAN_POINT('',(0.0519733177101545,-0.00178537651290496,0.));
#6945=CARTESIAN_POINT('',(0.0474240671674152,-0.00178533228095134,0.0002));
#6946=CARTESIAN_POINT('',(0.0519733169115476,-0.00178533228095133,0.0002));
#6947=CARTESIAN_POINT('',(0.049770887470293,-0.00374210973684669,0.0002));
#6948=CARTESIAN_POINT('',(0.049770887470293,-0.00374210973684669,0.));
#6949=CARTESIAN_POINT('',(0.0521177077731709,-0.00569888719274204,0.));
#6950=CARTESIAN_POINT('',(0.0521177077731709,-0.00569888719274204,0.0002));
#6951=CARTESIAN_POINT('',(0.0521177077731709,-0.00381430516765835,0.0002));
#6952=CARTESIAN_POINT('',(0.0521177077731709,-0.00381430516765835,0.));
#6953=CARTESIAN_POINT('',(0.0521176635412173,-0.00192972234396777,0.));
#6954=CARTESIAN_POINT('',(0.0521177077731709,-0.00192972314257467,0.0002));
#6955=CARTESIAN_POINT('',(0.0519788299594241,-0.00192721570686689,0.0002));
#6956=CARTESIAN_POINT('',(0.0519788299594241,-0.00192721570686689,0.));
#6957=CARTESIAN_POINT('',(0.0520754708728036,-0.00182756987118143,0.));
#6958=CARTESIAN_POINT('',(0.0520754712124522,-0.0018275702213958,0.0002));
#6959=CARTESIAN_POINT('',(0.046994333628846,-0.00194121528035604,0.0002));
#6960=CARTESIAN_POINT('',(0.0453604029697987,-0.00101743542595455,0.0002));
#6961=CARTESIAN_POINT('',(0.0518273622096168,-0.0019412152803578,0.0002));
#6962=CARTESIAN_POINT('',(0.0534612928686659,-0.00101743542595455,0.0002));
#6963=CARTESIAN_POINT('',(0.0520285939858298,-0.00185811250499778,0.0002));
#6964=CARTESIAN_POINT('',(0.0536891303970715,-0.00185846531476055,0.0002));
#6965=CARTESIAN_POINT('',(0.0536891303970715,-0.00446875205995109,0.0002));
#6966=CARTESIAN_POINT('',(0.0536891303970715,-0.00707903880514163,0.0002));
#6967=CARTESIAN_POINT('',(0.0520856457239049,-0.00710203469840734,0.0002));
#6968=CARTESIAN_POINT('',(0.0467360501145591,-0.00710203469840732,0.0002));
#6969=CARTESIAN_POINT('',(0.045132565441393,-0.00707903880514163,0.0002));
#6970=CARTESIAN_POINT('',(0.045132565441393,-0.00446875205995109,0.0002));
#6971=CARTESIAN_POINT('',(0.045132565441393,-0.00185846531476055,0.0002));
#6972=CARTESIAN_POINT('',(0.0519758243472554,-0.00192421009469807,0.0002));
#6973=CARTESIAN_POINT('',(0.0519758243472554,-0.00192421009469807,0.));
#6974=CARTESIAN_POINT('',(0.046793101852632,-0.00185811250499722,0.0002));
#6975=CARTESIAN_POINT('',(0.0491230037989832,-0.00716154786892639,0.0002));
#6976=CARTESIAN_POINT('',(0.0491230037989832,-0.00716154786892639,0.));
#6977=CARTESIAN_POINT('',(0.06445,-0.00445,0.));
#6978=CARTESIAN_POINT('',(0.0652347737089524,-0.00690464464759657,0.0002));
#6979=CARTESIAN_POINT('',(0.0636746023210224,-0.00503881468246396,0.0002));
#6980=CARTESIAN_POINT('',(0.0636746023210224,-0.00503881468246396,0.0002));
#6981=CARTESIAN_POINT('',(0.0652347737089524,-0.00690464464759657,0.0002));
#6982=CARTESIAN_POINT('',(0.0621078677121095,-0.00690464464759657,0.0002));
#6983=CARTESIAN_POINT('',(0.0621078677121095,-0.00690464464759657,0.0002));
#6984=CARTESIAN_POINT('',(0.0588009419397363,-0.00445,0.0002));
#6985=CARTESIAN_POINT('',(0.0588009419397363,-0.00445,0.0002));
#6986=CARTESIAN_POINT('',(0.0685463874963133,-0.00445,0.0002));
#6987=CARTESIAN_POINT('',(0.0685463874963133,-0.00445,0.0002));
#6988=CARTESIAN_POINT('',(0.06445,-0.00475565857720264,0.0002));
#6989=CARTESIAN_POINT('',(0.0603854910056027,-0.00329206029802073,0.0002));
#6990=CARTESIAN_POINT('',(0.0603854910056027,-0.00645459520877062,0.0002));
#6991=CARTESIAN_POINT('',(0.0620300466633125,-0.00451000659184347,0.0002));
#6992=CARTESIAN_POINT('',(0.0636746023210224,-0.00256541797491633,0.0002));
#6993=CARTESIAN_POINT('',(0.0653125947577493,-0.0045156322098288,0.0002));
#6994=CARTESIAN_POINT('',(0.0669505871944763,-0.00646584644474127,0.0002));
#6995=CARTESIAN_POINT('',(0.0669505871944763,-0.00329768591600606,0.0002));
#6996=CARTESIAN_POINT('',(0.0603854910056027,-0.00329206029802073,0.0002));
#6997=CARTESIAN_POINT('',(0.0603854910056027,-0.00645459520877062,0.0002));
#6998=CARTESIAN_POINT('',(0.0620300466633125,-0.00451000659184347,0.0002));
#6999=CARTESIAN_POINT('',(0.0636746023210224,-0.00256541797491633,0.0002));
#7000=CARTESIAN_POINT('',(0.0653125947577493,-0.0045156322098288,0.0002));
#7001=CARTESIAN_POINT('',(0.0669505871944763,-0.00646584644474127,0.0002));
#7002=CARTESIAN_POINT('',(0.0669505871944763,-0.00329768591600606,0.0002));
#7003=CARTESIAN_POINT('',(0.06445,-0.00475565857720264,0.0002));
#7004=CARTESIAN_POINT('',(0.0716654036862242,-0.00705355739064678,0.0002));
#7005=CARTESIAN_POINT('',(0.0701785952988131,-0.00795391823701631,0.0002));
#7006=CARTESIAN_POINT('',(0.0715256331015646,-0.00714041063752866,0.0002));
#7007=CARTESIAN_POINT('',(0.0699513790503278,-0.00711467527597565,0.00019999975));
#7008=CARTESIAN_POINT('',(0.0699509167866493,-0.00679025708189497,0.0002));
#7009=CARTESIAN_POINT('',(0.0699509167866493,-0.00646584644474127,0.0002));
#7010=CARTESIAN_POINT('',(0.0707366280985997,-0.00646584644474127,0.0002));
#7011=CARTESIAN_POINT('',(0.07152233941055,-0.00646584644474127,0.0002));
#7012=CARTESIAN_POINT('',(0.07152233941055,-0.00676025378597324,0.0002));
#7013=CARTESIAN_POINT('',(0.0715223836425036,-0.00705466192581212,0.0002));
#7014=CARTESIAN_POINT('',(0.0716612172242973,-0.00705716856291287,0.0002));
#7015=CARTESIAN_POINT('',(0.0715645763109168,-0.00715681439859814,0.0002));
#7016=CARTESIAN_POINT('',(0.0716642228364658,-0.00706017417508102,0.0002));
#7017=CARTESIAN_POINT('',(0.0716667294735664,-0.00719900775687495,0.00019999975));
#7018=CARTESIAN_POINT('',(0.0742291992644886,-0.00719905198882855,0.0002));
#7019=CARTESIAN_POINT('',(0.0767916690554108,-0.007199007756875,0.0002));
#7020=CARTESIAN_POINT('',(0.0767941756925107,-0.00706017417507947,0.0002));
#7021=CARTESIAN_POINT('',(0.0768938215281986,-0.00715681508845987,0.0002));
#7022=CARTESIAN_POINT('',(0.0767971813046803,-0.00705716856291297,0.0002));
#7023=CARTESIAN_POINT('',(0.0769360148864736,-0.00705466192581212,0.00019999975));
#7024=CARTESIAN_POINT('',(0.0769360591184272,-0.00614799902857043,0.0002));
#7025=CARTESIAN_POINT('',(0.0769360011314725,-0.00524133568112845,0.0002));
#7026=CARTESIAN_POINT('',(0.0768002315339241,-0.00523841174672756,0.0002));
#7027=CARTESIAN_POINT('',(0.0768939927743693,-0.00514025364399931,0.0002));
#7028=CARTESIAN_POINT('',(0.076794469856283,-0.00523933928368621,0.0002));
#7029=CARTESIAN_POINT('',(0.0767916693345875,-0.0050988753320017,0.00019999975));
#7030=CARTESIAN_POINT('',(0.0741991959685668,-0.00509882127430743,0.0002));
#7031=CARTESIAN_POINT('',(0.0716067190868357,-0.00509847076636887,0.0002));
#7032=CARTESIAN_POINT('',(0.0715859704677933,-0.00351524119289726,0.0002));
#7033=CARTESIAN_POINT('',(0.0707787464242969,-0.00487673389747139,0.0002));
#7034=CARTESIAN_POINT('',(0.0716654036862239,-0.00338190405222539,0.0002));
#7035=CARTESIAN_POINT('',(0.070178575280854,-0.00428227669743182,0.0002));
#7036=CARTESIAN_POINT('',(0.0715292088080499,-0.00346790609560511,0.0002));
#7037=CARTESIAN_POINT('',(0.0699514013027926,-0.00344114739174574,0.00019999975));
#7038=CARTESIAN_POINT('',(0.0699509167866493,-0.00178533228095133,0.0002));
#7039=CARTESIAN_POINT('',(0.0785074817423278,-0.000915236699221158,0.0002));
#7040=CARTESIAN_POINT('',(0.0785074817423278,-0.00170094801117147,0.0002));
#7041=CARTESIAN_POINT('',(0.0750871060072506,-0.00170094801117147,0.0002));
#7042=CARTESIAN_POINT('',(0.0716667294735664,-0.00170099224312509,0.0002));
#7043=CARTESIAN_POINT('',(0.0716642228364655,-0.00183982582491834,0.0002));
#7044=CARTESIAN_POINT('',(0.0715645770007802,-0.00174318491153853,0.0002));
#7045=CARTESIAN_POINT('',(0.0716612172242971,-0.0018428314370871,0.0002));
#7046=CARTESIAN_POINT('',(0.0715223836425036,-0.0018453380741879,0.00019999975));
#7047=CARTESIAN_POINT('',(0.07152233941055,-0.00260761010980626,0.0002));
#7048=CARTESIAN_POINT('',(0.0715223836425036,-0.00336988214542462,0.0002));
#7049=CARTESIAN_POINT('',(0.0716612172242972,-0.0033723887825254,0.0002));
#7050=CARTESIAN_POINT('',(0.0715645763109157,-0.00347203461820959,0.0002));
#7051=CARTESIAN_POINT('',(0.0716642228364664,-0.00337539439469192,0.0002));
#7052=CARTESIAN_POINT('',(0.0716667294735664,-0.00351422797648749,0.00019999975));
#7053=CARTESIAN_POINT('',(0.0742592025604103,-0.00351427220844105,0.0002));
#7054=CARTESIAN_POINT('',(0.0768516776451564,-0.00351453715911275,0.0002));
#7055=CARTESIAN_POINT('',(0.0768683762336459,-0.00509661757255383,0.0002));
#7056=CARTESIAN_POINT('',(0.0776851948964107,-0.00374212610164622,0.0002));
#7057=CARTESIAN_POINT('',(0.0768111602971665,-0.00520848170032413,0.0002));
#7058=CARTESIAN_POINT('',(0.0782852370163268,-0.00434782040830316,0.0002));
#7059=CARTESIAN_POINT('',(0.0769156321744799,-0.0051585428379505,0.0002));
#7060=CARTESIAN_POINT('',(0.0785073248937763,-0.00517007796542724,0.00019999975));
#7061=CARTESIAN_POINT('',(0.0785074817423278,-0.00614237341058511,0.0002));
#7062=CARTESIAN_POINT('',(0.0785070001405759,-0.00711467580155191,0.0002));
#7063=CARTESIAN_POINT('',(0.0769021558696141,-0.00714160917327531,0.0002));
#7064=CARTESIAN_POINT('',(0.0782855251462576,-0.00795397214529901,0.00019999975));
#7065=CARTESIAN_POINT('',(0.0768440152783901,-0.00709841897824563,0.0002));
#7066=CARTESIAN_POINT('',(0.0768440152783901,-0.00709841897824563,0.0002));
#7067=CARTESIAN_POINT('',(0.0782852698319075,-0.00795382240185958,0.0002));
#7068=CARTESIAN_POINT('',(0.0716654036862242,-0.00705355739064678,0.0002));
#7069=CARTESIAN_POINT('',(0.070178754315055,-0.00795382240185958,0.0002));
#7070=CARTESIAN_POINT('',(0.0699509167866493,-0.00178533228095133,0.0002));
#7071=CARTESIAN_POINT('',(0.0699509167866493,-0.00344113917463183,0.0002));
#7072=CARTESIAN_POINT('',(0.0785074817423278,-0.000915236699221158,0.0002));
#7073=CARTESIAN_POINT('',(0.0785074817423278,-0.00170094801117147,0.0002));
#7074=CARTESIAN_POINT('',(0.0750871060072506,-0.00170094801117147,0.0002));
#7075=CARTESIAN_POINT('',(0.0716667302721733,-0.00170094801117147,0.0002));
#7076=CARTESIAN_POINT('',(0.0716642228364655,-0.00183982582491834,0.0002));
#7077=CARTESIAN_POINT('',(0.0715645773509944,-0.00174318457189015,0.0002));
#7078=CARTESIAN_POINT('',(0.0716612172242971,-0.0018428314370871,0.0002));
#7079=CARTESIAN_POINT('',(0.07152233941055,-0.0018453388727948,0.0002));
#7080=CARTESIAN_POINT('',(0.07152233941055,-0.00260761010980626,0.0002));
#7081=CARTESIAN_POINT('',(0.07152233941055,-0.00336988134681772,0.0002));
#7082=CARTESIAN_POINT('',(0.0716612172242972,-0.0033723887825254,0.0002));
#7083=CARTESIAN_POINT('',(0.0715645759712685,-0.00347203426799666,0.0002));
#7084=CARTESIAN_POINT('',(0.0716642228364664,-0.00337539439469192,0.0002));
#7085=CARTESIAN_POINT('',(0.0716667302721733,-0.00351427220844105,0.0002));
#7086=CARTESIAN_POINT('',(0.0742592025604103,-0.00351427220844105,0.0002));
#7087=CARTESIAN_POINT('',(0.0768516748486473,-0.00351427220844105,0.0002));
#7088=CARTESIAN_POINT('',(0.0768683762336459,-0.00509661757255383,0.0002));
#7089=CARTESIAN_POINT('',(0.0776852039134729,-0.00374210973684669,0.0002));
#7090=CARTESIAN_POINT('',(0.0768111602971665,-0.00520848170032413,0.0002));
#7091=CARTESIAN_POINT('',(0.0782852698319075,-0.00434780127326662,0.0002));
#7092=CARTESIAN_POINT('',(0.0769156321744799,-0.0051585428379505,0.0002));
#7093=CARTESIAN_POINT('',(0.0785074817423278,-0.00517007910212154,0.0002));
#7094=CARTESIAN_POINT('',(0.0785074817423278,-0.00614237341058511,0.0002));
#7095=CARTESIAN_POINT('',(0.0785074817423278,-0.00711466771904868,0.0002));
#7096=CARTESIAN_POINT('',(0.0769021558696141,-0.00714160917327531,0.0002));
#7097=CARTESIAN_POINT('',(0.0715256331015646,-0.00714041063752866,0.0002));
#7098=CARTESIAN_POINT('',(0.0699509167866493,-0.00711466771904868,0.0002));
#7099=CARTESIAN_POINT('',(0.0699509167866493,-0.00679025708189497,0.0002));
#7100=CARTESIAN_POINT('',(0.0699509167866493,-0.00646584644474127,0.0002));
#7101=CARTESIAN_POINT('',(0.0707366280985997,-0.00646584644474127,0.0002));
#7102=CARTESIAN_POINT('',(0.07152233941055,-0.00646584644474127,0.0002));
#7103=CARTESIAN_POINT('',(0.07152233941055,-0.00676025378597324,0.0002));
#7104=CARTESIAN_POINT('',(0.07152233941055,-0.00705466112720522,0.0002));
#7105=CARTESIAN_POINT('',(0.0716612172242973,-0.00705716856291287,0.0002));
#7106=CARTESIAN_POINT('',(0.0715645759712686,-0.0071568140483841,0.0002));
#7107=CARTESIAN_POINT('',(0.0716642228364658,-0.00706017417508102,0.0002));
#7108=CARTESIAN_POINT('',(0.0716667302721733,-0.00719905198882855,0.0002));
#7109=CARTESIAN_POINT('',(0.0742291992644886,-0.00719905198882855,0.0002));
#7110=CARTESIAN_POINT('',(0.0767916682568039,-0.00719905198882855,0.0002));
#7111=CARTESIAN_POINT('',(0.0767941756925107,-0.00706017417507947,0.0002));
#7112=CARTESIAN_POINT('',(0.0768938211779827,-0.00715681542810987,0.0002));
#7113=CARTESIAN_POINT('',(0.0767971813046803,-0.00705716856291297,0.0002));
#7114=CARTESIAN_POINT('',(0.0769360591184272,-0.00705466112720522,0.0002));
#7115=CARTESIAN_POINT('',(0.0769360591184272,-0.00614799902857043,0.0002));
#7116=CARTESIAN_POINT('',(0.0769360591184272,-0.00524133692993565,0.0002));
#7117=CARTESIAN_POINT('',(0.0768002315339241,-0.00523841174672756,0.0002));
#7118=CARTESIAN_POINT('',(0.0768939927743693,-0.00514025364399931,0.0002));
#7119=CARTESIAN_POINT('',(0.076794469856283,-0.00523933928368621,0.0002));
#7120=CARTESIAN_POINT('',(0.0767916682568039,-0.00509882127430743,0.0002));
#7121=CARTESIAN_POINT('',(0.0741991959685668,-0.00509882127430743,0.0002));
#7122=CARTESIAN_POINT('',(0.0716067236803298,-0.00509882127430743,0.0002));
#7123=CARTESIAN_POINT('',(0.0715859704677933,-0.00351524119289726,0.0002));
#7124=CARTESIAN_POINT('',(0.0707788202334896,-0.00487660936388711,0.0002));
#7125=CARTESIAN_POINT('',(0.0716654036862239,-0.00338190405222539,0.0002));
#7126=CARTESIAN_POINT('',(0.070178754315055,-0.00428216906343783,0.0002));
#7127=CARTESIAN_POINT('',(0.0715292088080499,-0.00346790609560511,0.0002));
#7128=CARTESIAN_POINT('',(0.0805411426440226,-0.00721592884278451,0.0002));
#7129=CARTESIAN_POINT('',(0.07923881208042,-0.00566138307283986,0.0002));
#7130=CARTESIAN_POINT('',(0.07923881208042,-0.00566138307283986,0.0002));
#7131=CARTESIAN_POINT('',(0.0805411426440226,-0.00721592884278451,0.0002));
#7132=CARTESIAN_POINT('',(0.0835836643710855,-0.00445,0.0002));
#7133=CARTESIAN_POINT('',(0.0835836643710855,-0.00445,0.0002));
#7134=CARTESIAN_POINT('',(0.06445,-0.00475565857720264,0.0002));
#7135=CARTESIAN_POINT('',(0.0802776762017099,-0.00566138307283987,0.0002));
#7136=CARTESIAN_POINT('',(0.0813165403229998,-0.00566138307283987,0.0002));
#7137=CARTESIAN_POINT('',(0.0816578278141095,-0.0060814292157441,0.0002));
#7138=CARTESIAN_POINT('',(0.0819991153052192,-0.00650147535864832,0.0002));
#7139=CARTESIAN_POINT('',(0.0819991153052192,-0.00331550037295958,0.0002));
#7140=CARTESIAN_POINT('',(0.0819991153052192,-0.00331550037295958,0.0002));
#7141=CARTESIAN_POINT('',(0.0819991153052192,-0.00650147535864832,0.0002));
#7142=CARTESIAN_POINT('',(0.0802776762017099,-0.00566138307283987,0.0002));
#7143=CARTESIAN_POINT('',(0.0813165403229998,-0.00566138307283987,0.0002));
#7144=CARTESIAN_POINT('',(0.0816578278141095,-0.0060814292157441,0.0002));
#7145=CARTESIAN_POINT('',(0.0972295383974875,-0.00690464464759657,0.0002));
#7146=CARTESIAN_POINT('',(0.0956693670095575,-0.00503881468246397,0.0002));
#7147=CARTESIAN_POINT('',(0.0956693670095575,-0.00503881468246397,0.0002));
#7148=CARTESIAN_POINT('',(0.0972295383974875,-0.00690464464759657,0.0002));
#7149=CARTESIAN_POINT('',(0.0941026324006447,-0.00690464464759657,0.0002));
#7150=CARTESIAN_POINT('',(0.0941026324006447,-0.00690464464759657,0.0002));
#7151=CARTESIAN_POINT('',(0.0907957066282715,-0.00445,0.0002));
#7152=CARTESIAN_POINT('',(0.0907957066282715,-0.00445,0.0002));
#7153=CARTESIAN_POINT('',(0.100541152184848,-0.00445,0.0002));
#7154=CARTESIAN_POINT('',(0.100541152184848,-0.00445,0.0002));
#7155=CARTESIAN_POINT('',(0.06445,-0.00475565857720264,0.0002));
#7156=CARTESIAN_POINT('',(0.0923802556941378,-0.00329206029802073,0.0002));
#7157=CARTESIAN_POINT('',(0.0923802556941378,-0.00645459520877062,0.0002));
#7158=CARTESIAN_POINT('',(0.0940248113518477,-0.00451000659184348,0.0002));
#7159=CARTESIAN_POINT('',(0.0956693670095575,-0.00256541797491633,0.0002));
#7160=CARTESIAN_POINT('',(0.0973073594462845,-0.00451563220982879,0.0002));
#7161=CARTESIAN_POINT('',(0.0989453518830115,-0.00646584644474127,0.0002));
#7162=CARTESIAN_POINT('',(0.0989453518830115,-0.00329768591600606,0.0002));
#7163=CARTESIAN_POINT('',(0.0923802556941378,-0.00329206029802073,0.0002));
#7164=CARTESIAN_POINT('',(0.0923802556941378,-0.00645459520877062,0.0002));
#7165=CARTESIAN_POINT('',(0.0940248113518477,-0.00451000659184348,0.0002));
#7166=CARTESIAN_POINT('',(0.0956693670095575,-0.00256541797491633,0.0002));
#7167=CARTESIAN_POINT('',(0.0973073594462845,-0.00451563220982879,0.0002));
#7168=CARTESIAN_POINT('',(0.0989453518830115,-0.00646584644474127,0.0002));
#7169=CARTESIAN_POINT('',(0.0989453518830115,-0.00329768591600606,0.0002));
#7170=CARTESIAN_POINT('',(0.101910052561277,-0.000915236699221158,0.0002));
#7171=CARTESIAN_POINT('',(0.101910052561277,-0.000915236699221158,0.0002));
#7172=CARTESIAN_POINT('',(0.101910052561277,-0.00170094801117147,0.0002));
#7173=CARTESIAN_POINT('',(0.101910052561277,-0.00170094801117147,0.0002));
#7174=CARTESIAN_POINT('',(0.103481475185178,-0.000915236699221158,0.0002));
#7175=CARTESIAN_POINT('',(0.103481475185178,-0.00170094801117147,0.0002));
#7176=CARTESIAN_POINT('',(0.103481475185178,-0.00170094801117147,0.0002));
#7177=CARTESIAN_POINT('',(0.103481475185178,-0.000915236699221158,0.0002));
#7178=CARTESIAN_POINT('',(0.102695763873228,-0.00170094801117147,0.0002));
#7179=CARTESIAN_POINT('',(0.102695763873228,-0.00170094801117147,0.0002));
#7180=CARTESIAN_POINT('',(0.06445,-0.00475565857720264,0.0002));
#7181=CARTESIAN_POINT('',(0.06445,-0.00475565857720264,0.0002));
#7182=CARTESIAN_POINT('',(0.106352667823388,-0.00703791927454529,0.0002));
#7183=CARTESIAN_POINT('',(0.104849397147184,-0.00793697041672069,0.0002));
#7184=CARTESIAN_POINT('',(0.106207428606959,-0.00711930221957294,0.0002));
#7185=CARTESIAN_POINT('',(0.10462188774994,-0.00710154449500363,0.00019999975));
#7186=CARTESIAN_POINT('',(0.104621600430204,-0.00621363123839922,0.0002));
#7187=CARTESIAN_POINT('',(0.10462198837694,-0.00532571576413176,0.0002));
#7188=CARTESIAN_POINT('',(0.106229917852836,-0.00530318680711057,0.0002));
#7189=CARTESIAN_POINT('',(0.104849315617956,-0.00447993032627375,0.0002));
#7190=CARTESIAN_POINT('',(0.106351672171285,-0.00537560836917975,0.0002));
#7191=CARTESIAN_POINT('',(0.105456063449842,-0.00387336891078088,0.0002));
#7192=CARTESIAN_POINT('',(0.10627430506301,-0.0052327125669632,0.0002));
#7193=CARTESIAN_POINT('',(0.106290531162586,-0.00364579122876766,0.00019999975));
#7194=CARTESIAN_POINT('',(0.108906446129026,-0.00364553662809862,0.0002));
#7195=CARTESIAN_POINT('',(0.11152236139466,-0.00364543581782842,0.0002));
#7196=CARTESIAN_POINT('',(0.1115267653048,-0.00349247605878184,0.0002));
#7197=CARTESIAN_POINT('',(0.111624352013078,-0.00361021331480977,0.0002));
#7198=CARTESIAN_POINT('',(0.111548105785489,-0.00351954348733259,0.0002));
#7199=CARTESIAN_POINT('',(0.111666602850666,-0.00351427871750866,0.00019999975));
#7200=CARTESIAN_POINT('',(0.111666749353825,-0.00269199437958612,0.0002));
#7201=CARTESIAN_POINT('',(0.111666705121871,-0.00186971575212431,0.0002));
#7202=CARTESIAN_POINT('',(0.111527871540078,-0.00186720911502355,0.0002));
#7203=CARTESIAN_POINT('',(0.111624512453458,-0.00176756327933791,0.0002));
#7204=CARTESIAN_POINT('',(0.111524865927909,-0.00186420350285516,0.0002));
#7205=CARTESIAN_POINT('',(0.111522359290809,-0.00172536992106148,0.00019999975));
#7206=CARTESIAN_POINT('',(0.108936449424948,-0.00172532568910788,0.0002));
#7207=CARTESIAN_POINT('',(0.106350539559087,-0.00172536992106143,0.0002));
#7208=CARTESIAN_POINT('',(0.106348032921987,-0.00186420350285722,0.0002));
#7209=CARTESIAN_POINT('',(0.1062483870863,-0.00176756258947478,0.0002));
#7210=CARTESIAN_POINT('',(0.10634502730982,-0.00186720911502433,0.0002));
#7211=CARTESIAN_POINT('',(0.106206193728024,-0.00186971575212431,0.00019999975));
#7212=CARTESIAN_POINT('',(0.10620614949607,-0.00216412389196318,0.0002));
#7213=CARTESIAN_POINT('',(0.10620614949607,-0.00245853123319516,0.0002));
#7214=CARTESIAN_POINT('',(0.105413874963137,-0.00245853123319516,0.0002));
#7215=CARTESIAN_POINT('',(0.104621600430204,-0.00245853123319516,0.0002));
#7216=CARTESIAN_POINT('',(0.104621600430204,-0.00212849497805612,0.0002));
#7217=CARTESIAN_POINT('',(0.10462188774994,-0.00179845550499639,0.0002));
#7218=CARTESIAN_POINT('',(0.106207428606959,-0.00178069778042702,0.0002));
#7219=CARTESIAN_POINT('',(0.104849397190689,-0.000963029510679314,0.000199999750000275));
#7220=CARTESIAN_POINT('',(0.106352667823388,-0.00186208072545482,0.0002));
#7221=CARTESIAN_POINT('',(0.111528993056288,-0.00186308198664477,0.0002));
#7222=CARTESIAN_POINT('',(0.113034745984006,-0.000963033701492102,0.0002));
#7223=CARTESIAN_POINT('',(0.111676721478913,-0.00178069778042558,0.0002));
#7224=CARTESIAN_POINT('',(0.113262262335925,-0.00179845550499639,0.00019999975));
#7225=CARTESIAN_POINT('',(0.113262549655662,-0.0026863687616008,0.0002));
#7226=CARTESIAN_POINT('',(0.113262161708926,-0.00357428423586826,0.0002));
#7227=CARTESIAN_POINT('',(0.111654232233031,-0.00359681319288944,0.0002));
#7228=CARTESIAN_POINT('',(0.113034827512183,-0.00442006557626815,0.0002));
#7229=CARTESIAN_POINT('',(0.111529994317479,-0.00352339597871799,0.0002));
#7230=CARTESIAN_POINT('',(0.112429033836932,-0.00502664720226604,0.0002));
#7231=CARTESIAN_POINT('',(0.111612192911011,-0.00367211800779195,0.0002));
#7232=CARTESIAN_POINT('',(0.11159549432252,-0.00525419842122962,0.00019999975));
#7233=CARTESIAN_POINT('',(0.108973015941852,-0.0052544633719014,0.0002));
#7234=CARTESIAN_POINT('',(0.106350537455235,-0.0052545641821716,0.0002));
#7235=CARTESIAN_POINT('',(0.106346133545096,-0.00540752394121816,0.0002));
#7236=CARTESIAN_POINT('',(0.106248546836816,-0.00528978668519099,0.0002));
#7237=CARTESIAN_POINT('',(0.106324793064406,-0.00538045651266739,0.0002));
#7238=CARTESIAN_POINT('',(0.106206295999229,-0.00538572128249136,0.00019999975));
#7239=CARTESIAN_POINT('',(0.10620614949607,-0.0062080056204139,0.0002));
#7240=CARTESIAN_POINT('',(0.106206193728024,-0.00703028424787572,0.0002));
#7241=CARTESIAN_POINT('',(0.106345027309818,-0.00703279088497633,0.0002));
#7242=CARTESIAN_POINT('',(0.106248386396436,-0.00713243672066115,0.0002));
#7243=CARTESIAN_POINT('',(0.106348032921987,-0.00703579649714277,0.0002));
#7244=CARTESIAN_POINT('',(0.106350539559087,-0.00717463007893859,0.00019999975));
#7245=CARTESIAN_POINT('',(0.108936449424948,-0.00717467431089214,0.0002));
#7246=CARTESIAN_POINT('',(0.111522359290809,-0.00717463007893859,0.0002));
#7247=CARTESIAN_POINT('',(0.111524865927909,-0.00703579649714278,0.0002));
#7248=CARTESIAN_POINT('',(0.111624511763596,-0.0071324374105237,0.0002));
#7249=CARTESIAN_POINT('',(0.111527871540078,-0.00703279088497662,0.0002));
#7250=CARTESIAN_POINT('',(0.111666705121871,-0.00703028424787572,0.00019999975));
#7251=CARTESIAN_POINT('',(0.111666749353825,-0.00673587610803684,0.0002));
#7252=CARTESIAN_POINT('',(0.111666749353825,-0.00644146876680486,0.0002));
#7253=CARTESIAN_POINT('',(0.112464649504744,-0.00644146876680486,0.0002));
#7254=CARTESIAN_POINT('',(0.113262549655662,-0.00644146876680486,0.0002));
#7255=CARTESIAN_POINT('',(0.113262549655662,-0.00677150502194389,0.0002));
#7256=CARTESIAN_POINT('',(0.113262262335925,-0.00710154449500363,0.0002));
#7257=CARTESIAN_POINT('',(0.111676721478913,-0.00711930221957449,0.0002));
#7258=CARTESIAN_POINT('',(0.113034746038312,-0.00793696620888373,0.000199999949999221));
#7259=CARTESIAN_POINT('',(0.111528993056288,-0.0070369180133553,0.0002));
#7260=CARTESIAN_POINT('',(0.111528993056288,-0.0070369180133553,0.0002));
#7261=CARTESIAN_POINT('',(0.113034712127256,-0.0079369455479036,0.0002));
#7262=CARTESIAN_POINT('',(0.106352667823388,-0.00703791927454529,0.0002));
#7263=CARTESIAN_POINT('',(0.104849437958609,-0.0079369455479036,0.0002));
#7264=CARTESIAN_POINT('',(0.106352667823388,-0.00186208072545482,0.0002));
#7265=CARTESIAN_POINT('',(0.104849437958609,-0.000963054452096416,0.0002));
#7266=CARTESIAN_POINT('',(0.111528993056288,-0.00186308198664477,0.0002));
#7267=CARTESIAN_POINT('',(0.113034712127256,-0.000963054452096416,0.0002));
#7268=CARTESIAN_POINT('',(0.111676721478913,-0.00178069778042558,0.0002));
#7269=CARTESIAN_POINT('',(0.113262549655662,-0.00179845872291709,0.0002));
#7270=CARTESIAN_POINT('',(0.113262549655662,-0.0026863687616008,0.0002));
#7271=CARTESIAN_POINT('',(0.113262549655662,-0.00357427880028451,0.0002));
#7272=CARTESIAN_POINT('',(0.111654232233031,-0.00359681319288944,0.0002));
#7273=CARTESIAN_POINT('',(0.113034712127256,-0.00441999670407828,0.0002));
#7274=CARTESIAN_POINT('',(0.111529994317479,-0.00352339597871799,0.0002));
#7275=CARTESIAN_POINT('',(0.112429020590837,-0.00502662584349576,0.0002));
#7276=CARTESIAN_POINT('',(0.111612192911011,-0.00367211800779195,0.0002));
#7277=CARTESIAN_POINT('',(0.111595491526011,-0.0052544633719014,0.0002));
#7278=CARTESIAN_POINT('',(0.108973015941852,-0.0052544633719014,0.0002));
#7279=CARTESIAN_POINT('',(0.106350540357693,-0.0052544633719014,0.0002));
#7280=CARTESIAN_POINT('',(0.106346133545096,-0.00540752394121816,0.0002));
#7281=CARTESIAN_POINT('',(0.106248546836816,-0.00528978668519099,0.0002));
#7282=CARTESIAN_POINT('',(0.106324793064406,-0.00538045651266739,0.0002));
#7283=CARTESIAN_POINT('',(0.10620614949607,-0.00538572779155897,0.0002));
#7284=CARTESIAN_POINT('',(0.10620614949607,-0.0062080056204139,0.0002));
#7285=CARTESIAN_POINT('',(0.10620614949607,-0.00703028344926882,0.0002));
#7286=CARTESIAN_POINT('',(0.106345027309818,-0.00703279088497633,0.0002));
#7287=CARTESIAN_POINT('',(0.106248386056789,-0.00713243637044775,0.0002));
#7288=CARTESIAN_POINT('',(0.106348032921987,-0.00703579649714277,0.0002));
#7289=CARTESIAN_POINT('',(0.106350540357693,-0.00717467431089214,0.0002));
#7290=CARTESIAN_POINT('',(0.108936449424948,-0.00717467431089214,0.0002));
#7291=CARTESIAN_POINT('',(0.111522358492202,-0.00717467431089214,0.0002));
#7292=CARTESIAN_POINT('',(0.111524865927909,-0.00703579649714278,0.0002));
#7293=CARTESIAN_POINT('',(0.111624511413381,-0.00713243775017347,0.0002));
#7294=CARTESIAN_POINT('',(0.111527871540078,-0.00703279088497662,0.0002));
#7295=CARTESIAN_POINT('',(0.111666749353825,-0.00703028344926882,0.0002));
#7296=CARTESIAN_POINT('',(0.111666749353825,-0.00673587610803684,0.0002));
#7297=CARTESIAN_POINT('',(0.111666749353825,-0.00644146876680486,0.0002));
#7298=CARTESIAN_POINT('',(0.112464649504744,-0.00644146876680486,0.0002));
#7299=CARTESIAN_POINT('',(0.113262549655662,-0.00644146876680486,0.0002));
#7300=CARTESIAN_POINT('',(0.113262549655662,-0.00677150502194389,0.0002));
#7301=CARTESIAN_POINT('',(0.113262549655662,-0.00710154127708293,0.0002));
#7302=CARTESIAN_POINT('',(0.111676721478913,-0.00711930221957449,0.0002));
#7303=CARTESIAN_POINT('',(0.106207428606959,-0.00711930221957294,0.0002));
#7304=CARTESIAN_POINT('',(0.104621600430204,-0.00710154127708293,0.0002));
#7305=CARTESIAN_POINT('',(0.104621600430204,-0.00621363123839922,0.0002));
#7306=CARTESIAN_POINT('',(0.104621600430204,-0.00532572119971551,0.0002));
#7307=CARTESIAN_POINT('',(0.106229917852836,-0.00530318680711057,0.0002));
#7308=CARTESIAN_POINT('',(0.104849437958609,-0.00448000329592174,0.0002));
#7309=CARTESIAN_POINT('',(0.106351672171285,-0.00537560836917975,0.0002));
#7310=CARTESIAN_POINT('',(0.105456067098027,-0.00387337415650426,0.0002));
#7311=CARTESIAN_POINT('',(0.10627430506301,-0.0052327125669632,0.0002));
#7312=CARTESIAN_POINT('',(0.10629053376585,-0.00364553662809862,0.0002));
#7313=CARTESIAN_POINT('',(0.108906446129026,-0.00364553662809862,0.0002));
#7314=CARTESIAN_POINT('',(0.111522358492202,-0.00364553662809862,0.0002));
#7315=CARTESIAN_POINT('',(0.1115267653048,-0.00349247605878184,0.0002));
#7316=CARTESIAN_POINT('',(0.111624352013078,-0.00361021331480977,0.0002));
#7317=CARTESIAN_POINT('',(0.111548105785489,-0.00351954348733259,0.0002));
#7318=CARTESIAN_POINT('',(0.111666749353825,-0.00351427220844105,0.0002));
#7319=CARTESIAN_POINT('',(0.111666749353825,-0.00269199437958612,0.0002));
#7320=CARTESIAN_POINT('',(0.111666749353825,-0.0018697165507312,0.0002));
#7321=CARTESIAN_POINT('',(0.111527871540078,-0.00186720911502355,0.0002));
#7322=CARTESIAN_POINT('',(0.111624512793106,-0.00176756362955234,0.0002));
#7323=CARTESIAN_POINT('',(0.111524865927909,-0.00186420350285516,0.0002));
#7324=CARTESIAN_POINT('',(0.111522358492202,-0.00172532568910788,0.0002));
#7325=CARTESIAN_POINT('',(0.108936449424948,-0.00172532568910788,0.0002));
#7326=CARTESIAN_POINT('',(0.106350540357693,-0.00172532568910788,0.0002));
#7327=CARTESIAN_POINT('',(0.106348032921987,-0.00186420350285722,0.0002));
#7328=CARTESIAN_POINT('',(0.106248387436514,-0.00176756224982646,0.0002));
#7329=CARTESIAN_POINT('',(0.10634502730982,-0.00186720911502433,0.0002));
#7330=CARTESIAN_POINT('',(0.10620614949607,-0.0018697165507312,0.0002));
#7331=CARTESIAN_POINT('',(0.10620614949607,-0.00216412389196318,0.0002));
#7332=CARTESIAN_POINT('',(0.10620614949607,-0.00245853123319516,0.0002));
#7333=CARTESIAN_POINT('',(0.105413874963137,-0.00245853123319516,0.0002));
#7334=CARTESIAN_POINT('',(0.104621600430204,-0.00245853123319516,0.0002));
#7335=CARTESIAN_POINT('',(0.104621600430204,-0.00212849497805612,0.0002));
#7336=CARTESIAN_POINT('',(0.104621600430204,-0.00179845872291709,0.0002));
#7337=CARTESIAN_POINT('',(0.106207428606959,-0.00178069778042702,0.0002));
#7338=CARTESIAN_POINT('',(0.116107237150241,-0.00561356531996461,0.0002));
#7339=CARTESIAN_POINT('',(0.116107237150241,-0.00561356531996461,0.0002));
#7340=CARTESIAN_POINT('',(0.116107291207936,-0.00184533779501118,0.00019999975));
#7341=CARTESIAN_POINT('',(0.116107237150241,-0.0018453388727948,0.0002));
#7342=CARTESIAN_POINT('',(0.114522688084375,-0.00558356202404288,0.0002));
#7343=CARTESIAN_POINT('',(0.114522688084375,-0.00178533228095133,0.0002));
#7344=CARTESIAN_POINT('',(0.11452301580052,-0.00178532816445751,0.0002));
#7345=CARTESIAN_POINT('',(0.114522688084375,-0.00558356202404288,0.0002));
#7346=CARTESIAN_POINT('',(0.06445,-0.00475565857720264,0.0002));
#7347=CARTESIAN_POINT('',(0.116076281025417,-0.0017658173567209,0.0002));
#7348=CARTESIAN_POINT('',(0.114750455890683,-0.000957386065237016,0.000199999750000075));
#7349=CARTESIAN_POINT('',(0.116278326202349,-0.00188516350524529,0.0002));
#7350=CARTESIAN_POINT('',(0.117583024268391,-0.000915236699221158,0.0002));
#7351=CARTESIAN_POINT('',(0.117583024268391,-0.00170094801117147,0.0002));
#7352=CARTESIAN_POINT('',(0.11691638853713,-0.00170094801117147,0.0002));
#7353=CARTESIAN_POINT('',(0.116249751557062,-0.00170100599812601,0.0002));
#7354=CARTESIAN_POINT('',(0.116246827622663,-0.00183677559567774,0.0002));
#7355=CARTESIAN_POINT('',(0.116148669519926,-0.00174301435523648,0.0002));
#7356=CARTESIAN_POINT('',(0.116247755159618,-0.00184253727331476,0.0002));
#7357=CARTESIAN_POINT('',(0.116278326202349,-0.00188516350524529,0.0002));
#7358=CARTESIAN_POINT('',(0.11475052561278,-0.000957428834111091,0.0002));
#7359=CARTESIAN_POINT('',(0.117583024268391,-0.000915236699221158,0.0002));
#7360=CARTESIAN_POINT('',(0.117583024268391,-0.00170094801117147,0.0002));
#7361=CARTESIAN_POINT('',(0.11691638853713,-0.00170094801117147,0.0002));
#7362=CARTESIAN_POINT('',(0.116249752805869,-0.00170094801117147,0.0002));
#7363=CARTESIAN_POINT('',(0.116246827622663,-0.00183677559567774,0.0002));
#7364=CARTESIAN_POINT('',(0.116148669519926,-0.00174301435523648,0.0002));
#7365=CARTESIAN_POINT('',(0.116247755159618,-0.00184253727331476,0.0002));
#7366=CARTESIAN_POINT('',(0.116076281025417,-0.0017658173567209,0.0002));
#7367=CARTESIAN_POINT('',(0.06445,-0.00445,0.));
#7368=MECHANICAL_DESIGN_GEOMETRIC_PRESENTATION_REPRESENTATION('',(#4367),#7369);
#7369=(
GEOMETRIC_REPRESENTATION_CONTEXT(3)
GLOBAL_UNCERTAINTY_ASSIGNED_CONTEXT((#7370))
GLOBAL_UNIT_ASSIGNED_CONTEXT((#7373,#7372,#7371))
REPRESENTATION_CONTEXT('HalfTokenHolder','TOP_LEVEL_ASSEMBLY_PART')
);
#7370=UNCERTAINTY_MEASURE_WITH_UNIT(LENGTH_MEASURE(2.E-05),#7373,'DISTANCE_ACCURACY_VALUE','Maximum Tolerance applied to model');
#7371=(
NAMED_UNIT(*)
SI_UNIT($,.STERADIAN.)
SOLID_ANGLE_UNIT()
);
#7372=(
NAMED_UNIT(*)
PLANE_ANGLE_UNIT()
SI_UNIT($,.RADIAN.)
);
#7373=(
LENGTH_UNIT()
NAMED_UNIT(*)
SI_UNIT($,.METRE.)
);
#7374=PRODUCT_DEFINITION_SHAPE('','',#7375);
#7375=PRODUCT_DEFINITION('','',#7377,#7376);
#7376=PRODUCT_DEFINITION_CONTEXT('',#7383,'design');
#7377=PRODUCT_DEFINITION_FORMATION_WITH_SPECIFIED_SOURCE('','',#7379,.NOT_KNOWN.);
#7378=PRODUCT_RELATED_PRODUCT_CATEGORY('','',(#7379));
#7379=PRODUCT('HalfTokenHolder','HalfTokenHolder','HalfTokenHolder',(#7381));
#7380=PRODUCT_CATEGORY('','');
#7381=PRODUCT_CONTEXT('',#7383,'mechanical');
#7382=APPLICATION_PROTOCOL_DEFINITION('international standard','ap242_managed_model_based_3d_engineering',2020,#7383);
#7383=APPLICATION_CONTEXT('managed model based 3d engineering');
#7384=COMPOSITE_SHAPE_ASPECT('RADIUS.FFk5lDLgwTbyLVF_1',$,#7374,$);
#7385=SHAPE_ASPECT('RADIUS.FFk5lDLgwTbyLVF_1',$,#7374,.T.);
#7386=GEOMETRIC_ITEM_SPECIFIC_USAGE('','',#7385,#11,#4177);
#7387=SHAPE_ASPECT_RELATIONSHIP('','',#7384,#7385);
#7388=SHAPE_ASPECT('RADIUS.FFk5lDLgwTbyLVF_1',$,#7374,.T.);
#7389=GEOMETRIC_ITEM_SPECIFIC_USAGE('','',#7388,#11,#4176);
#7390=SHAPE_ASPECT_RELATIONSHIP('','',#7384,#7388);
#7391=SHAPE_ASPECT('RADIUS.FFk5lDLgwTbyLVF_1',$,#7374,.T.);
#7392=GEOMETRIC_ITEM_SPECIFIC_USAGE('','',#7391,#11,#4180);
#7393=SHAPE_ASPECT_RELATIONSHIP('','',#7384,#7391);
#7394=SHAPE_ASPECT('RADIUS.FFk5lDLgwTbyLVF_1',$,#7374,.T.);
#7395=GEOMETRIC_ITEM_SPECIFIC_USAGE('','',#7394,#11,#4178);
#7396=SHAPE_ASPECT_RELATIONSHIP('','',#7384,#7394);
#7397=SHAPE_ASPECT('RADIUS.FFk5lDLgwTbyLVF_1',$,#7374,.T.);
#7398=GEOMETRIC_ITEM_SPECIFIC_USAGE('','',#7397,#11,#4179);
#7399=SHAPE_ASPECT_RELATIONSHIP('','',#7384,#7397);
#7400=DIMENSIONAL_SIZE(#7384,'radius');
#7402=(
LENGTH_UNIT()
NAMED_UNIT(*)
SI_UNIT(.MILLI.,.METRE.)
);
#7403=PRECISION_QUALIFIER(2);
#7401=(
LENGTH_MEASURE_WITH_UNIT()
MEASURE_REPRESENTATION_ITEM()
MEASURE_WITH_UNIT(POSITIVE_LENGTH_MEASURE(0.6),#7402)
QUALIFIED_REPRESENTATION_ITEM((#7403))
REPRESENTATION_ITEM('nominal value')
);
#7404=SHAPE_DIMENSION_REPRESENTATION('',(#7401),#7369);
#7405=DIMENSIONAL_CHARACTERISTIC_REPRESENTATION(#7400,#7404);
#7406=PRESENTATION_STYLE_ASSIGNMENT((NULL_STYLE(.NULL.)));
#7407=CARTESIAN_POINT('',(0.1272,-0.00445002759778452,0.0744));
#7408=DIRECTION('',(0.,1.,0.));
#7409=DIRECTION('',(-1.,0.,0.));
#7410=AXIS2_PLACEMENT_3D('',#7407,#7408,#7409);
#7411=PLANE('',#7410);
#7412=ANNOTATION_PLANE('',(#7406),#7411,(#7439));
#7413=CARTESIAN_POINT('',(0.,0.,0.));
#7414=DIRECTION('',(0.,0.,1.));
#7415=DIRECTION('',(1.,0.,0.));
#7416=AXIS2_PLACEMENT_3D('',#7413,#7414,#7415);
#7417=CARTESIAN_POINT('',(0.,0.,0.));
#7418=DIRECTION('',(0.,0.,1.));
#7419=DIRECTION('',(1.,0.,0.));
#7420=AXIS2_PLACEMENT_3D('',#7417,#7418,#7419);
#7421=SHAPE_REPRESENTATION('',(#7420,#4375),#7369);
#7422=REPRESENTATION_MAP(#7416,#7421);
#7423=MAPPED_ITEM('',#7422,#7416);
#7424=PRESENTATION_STYLE_ASSIGNMENT((NULL_STYLE(.NULL.)));
#7425=STYLED_ITEM('',(#7424),#7423);
#7426=DRAUGHTING_MODEL('',(#7412,#7416,#7423,#7425),#7369);
#7427=DRAUGHTING_PRE_DEFINED_CURVE_FONT('continuous');
#7428=COLOUR_RGB('',0.,0.,0.);
#7429=CURVE_STYLE('',#7427,POSITIVE_LENGTH_MEASURE(0.02),#7428);
#7430=PRESENTATION_STYLE_ASSIGNMENT((#7429));
#7431=COORDINATES_LIST('coordinates',1065,((0.1297336,-0.0044500,0.0751438),(0.1283514,-0.0044500,0.0733541),(0.1282792,-0.0044500,0.0732922),(0.1297336,-0.0044500,0.0751438),(0.1282792,-0.0044500,0.0732922),(0.1281874,-0.0044500,0.0732716),(0.1297336,-0.0044500,0.0751438),(0.1281874,-0.0044500,0.0732716),(0.1280551,-0.0044500,0.0733171),(0.1297336,-0.0044500,0.0751438),(0.1280551,-0.0044500,0.0733171),(0.1279908,-0.0044500,0.0733907),(0.1297336,-0.0044500,0.0751438),(0.1279908,-0.0044500,0.0733907),(0.1279694,-0.0044500,0.0734864),(0.1297336,-0.0044500,0.0751438),(0.1279694,-0.0044500,0.0734864),(0.1280138,-0.0044500,0.0736187),(0.1297336,-0.0044500,0.0751438),(0.1280138,-0.0044500,0.0736187),(0.1291896,-0.0044500,0.0751438),(0.1291896,-0.0044500,0.0751438),(0.1291039,-0.0044500,0.0751438),(0.1289847,-0.0044500,0.0751489),(0.1297336,-0.0044500,0.0751438),(0.1291896,-0.0044500,0.0751438),(0.1289847,-0.0044500,0.0751489),(0.1305972,-0.0044500,0.0751438),(0.1297336,-0.0044500,0.0751438),(0.1289847,-0.0044500,0.0751489),(0.1305972,-0.0044500,0.0751438),(0.1289847,-0.0044500,0.0751489),(0.1288709,-0.0044500,0.0751642),(0.1305972,-0.0044500,0.0751438),(0.1288709,-0.0044500,0.0751642),(0.1287626,-0.0044500,0.0751898),(0.1305972,-0.0044500,0.0751438),(0.1287626,-0.0044500,0.0751898),(0.1286597,-0.0044500,0.0752255),(0.1305972,-0.0044500,0.0751438),(0.1286597,-0.0044500,0.0752255),(0.1285623,-0.0044500,0.0752715),(0.1305972,-0.0044500,0.0751438),(0.1285623,-0.0044500,0.0752715),(0.1284703,-0.0044500,0.0753277),(0.1305972,-0.0044500,0.0751438),(0.1284703,-0.0044500,0.0753277),(0.1283838,-0.0044500,0.0753942),(0.1305972,-0.0044500,0.0751438),(0.1283838,-0.0044500,0.0753942),(0.1283028,-0.0044500,0.0754708),(0.1305972,-0.0044500,0.0751438),(0.1283028,-0.0044500,0.0754708),(0.1282264,-0.0044500,0.0755605),(0.1305972,-0.0044500,0.0751438),(0.1282264,-0.0044500,0.0755605),(0.1281602,-0.0044500,0.0756530),(0.1305972,-0.0044500,0.0751438),(0.1281602,-0.0044500,0.0756530),(0.1281041,-0.0044500,0.0757481),(0.1281041,-0.0044500,0.0757481),(0.1280583,-0.0044500,0.0758460),(0.1284538,-0.0044500,0.0759952),(0.1281041,-0.0044500,0.0757481),(0.1284538,-0.0044500,0.0759952),(0.1285183,-0.0044500,0.0758776),(0.1281041,-0.0044500,0.0757481),(0.1285183,-0.0044500,0.0758776),(0.1286086,-0.0044500,0.0757714),(0.1281041,-0.0044500,0.0757481),(0.1286086,-0.0044500,0.0757714),(0.1287186,-0.0044500,0.0756834),(0.1281041,-0.0044500,0.0757481),(0.1287186,-0.0044500,0.0756834),(0.1288378,-0.0044500,0.0756206),(0.1281041,-0.0044500,0.0757481),(0.1288378,-0.0044500,0.0756206),(0.1289662,-0.0044500,0.0755829),(0.1305972,-0.0044500,0.0751438),(0.1281041,-0.0044500,0.0757481),(0.1289662,-0.0044500,0.0755829),(0.1305972,-0.0044500,0.0751438),(0.1289662,-0.0044500,0.0755829),(0.1291039,-0.0044500,0.0755703),(0.1305972,-0.0044500,0.0751438),(0.1291039,-0.0044500,0.0755703),(0.1305972,-0.0044500,0.0755703),(0.1284151,-0.0044500,0.0761242),(0.1284538,-0.0044500,0.0759952),(0.1280583,-0.0044500,0.0758460),(0.1284022,-0.0044500,0.0762646),(0.1284151,-0.0044500,0.0761242),(0.1280583,-0.0044500,0.0758460),(0.1284151,-0.0044500,0.0764036),(0.1284022,-0.0044500,0.0762646),(0.1280583,-0.0044500,0.0758460),(0.1284538,-0.0044500,0.0765318),(0.1284151,-0.0044500,0.0764036),(0.1280583,-0.0044500,0.0758460),(0.1285183,-0.0044500,0.0766491),(0.1284538,-0.0044500,0.0765318),(0.1280583,-0.0044500,0.0758460),(0.1285183,-0.0044500,0.0766491),(0.1280583,-0.0044500,0.0758460),(0.1280226,-0.0044500,0.0759466),(0.1285183,-0.0044500,0.0766491),(0.1280226,-0.0044500,0.0759466),(0.1279972,-0.0044500,0.0760499),(0.1286086,-0.0044500,0.0767556),(0.1285183,-0.0044500,0.0766491),(0.1279972,-0.0044500,0.0760499),(0.1286086,-0.0044500,0.0767556),(0.1279972,-0.0044500,0.0760499),(0.1279819,-0.0044500,0.0761559),(0.1286086,-0.0044500,0.0767556),(0.1279819,-0.0044500,0.0761559),(0.1279768,-0.0044500,0.0762646),(0.1287158,-0.0044500,0.0768436),(0.1286086,-0.0044500,0.0767556),(0.1279768,-0.0044500,0.0762646),(0.1287158,-0.0044500,0.0768436),(0.1279768,-0.0044500,0.0762646),(0.1279819,-0.0044500,0.0763772),(0.1287158,-0.0044500,0.0768436),(0.1279819,-0.0044500,0.0763772),(0.1279972,-0.0044500,0.0764859),(0.1288330,-0.0044500,0.0769064),(0.1287158,-0.0044500,0.0768436),(0.1279972,-0.0044500,0.0764859),(0.1288330,-0.0044500,0.0769064),(0.1279972,-0.0044500,0.0764859),(0.1280226,-0.0044500,0.0765907),(0.1288330,-0.0044500,0.0769064),(0.1280226,-0.0044500,0.0765907),(0.1280583,-0.0044500,0.0766916),(0.1289603,-0.0044500,0.0769441),(0.1288330,-0.0044500,0.0769064),(0.1280583,-0.0044500,0.0766916),(0.1289603,-0.0044500,0.0769441),(0.1280583,-0.0044500,0.0766916),(0.1281041,-0.0044500,0.0767886),(0.1289603,-0.0044500,0.0769441),(0.1281041,-0.0044500,0.0767886),(0.1281602,-0.0044500,0.0768817),(0.1290976,-0.0044500,0.0769567),(0.1289603,-0.0044500,0.0769441),(0.1281602,-0.0044500,0.0768817),(0.1290976,-0.0044500,0.0769567),(0.1281602,-0.0044500,0.0768817),(0.1282264,-0.0044500,0.0769709),(0.1305972,-0.0044500,0.0769567),(0.1290976,-0.0044500,0.0769567),(0.1282264,-0.0044500,0.0769709),(0.1305972,-0.0044500,0.0769567),(0.1282264,-0.0044500,0.0769709),(0.1283028,-0.0044500,0.0770562),(0.1305972,-0.0044500,0.0769567),(0.1283028,-0.0044500,0.0770562),(0.1283898,-0.0044500,0.0771343),(0.1305972,-0.0044500,0.0769567),(0.1283898,-0.0044500,0.0771343),(0.1284806,-0.0044500,0.0772020),(0.1305972,-0.0044500,0.0769567),(0.1284806,-0.0044500,0.0772020),(0.1285752,-0.0044500,0.0772593),(0.1305972,-0.0044500,0.0769567),(0.1285752,-0.0044500,0.0772593),(0.1286734,-0.0044500,0.0773062),(0.1305972,-0.0044500,0.0769567),(0.1286734,-0.0044500,0.0773062),(0.1287755,-0.0044500,0.0773427),(0.1305972,-0.0044500,0.0769567),(0.1287755,-0.0044500,0.0773427),(0.1288812,-0.0044500,0.0773687),(0.1305972,-0.0044500,0.0769567),(0.1288812,-0.0044500,0.0773687),(0.1289907,-0.0044500,0.0773844),(0.1305972,-0.0044500,0.0769567),(0.1289907,-0.0044500,0.0773844),(0.1291039,-0.0044500,0.0773896),(0.1305972,-0.0044500,0.0769567),(0.1291039,-0.0044500,0.0773896),(0.1308100,-0.0044500,0.0773896),(0.1305972,-0.0044500,0.0755703),(0.1305972,-0.0044500,0.0769567),(0.1308100,-0.0044500,0.0773896),(0.1305972,-0.0044500,0.0751438),(0.1305972,-0.0044500,0.0755703),(0.1308100,-0.0044500,0.0773896),(0.1305972,-0.0044500,0.0751438),(0.1308100,-0.0044500,0.0773896),(0.1308959,-0.0044500,0.0773729),(0.1305972,-0.0044500,0.0751438),(0.1308959,-0.0044500,0.0773729),(0.1309676,-0.0044500,0.0773229),(0.1305972,-0.0044500,0.0751438),(0.1309676,-0.0044500,0.0773229),(0.1310097,-0.0044500,0.0772485),(0.1305972,-0.0044500,0.0751438),(0.1310097,-0.0044500,0.0772485),(0.1310237,-0.0044500,0.0771694),(0.1305972,-0.0044500,0.0751438),(0.1310237,-0.0044500,0.0771694),(0.1310237,-0.0044500,0.0735425),(0.1305972,-0.0044500,0.0751438),(0.1310237,-0.0044500,0.0735425),(0.1310009,-0.0044500,0.0734592),(0.1305972,-0.0044500,0.0751438),(0.1310009,-0.0044500,0.0734592),(0.1309576,-0.0044500,0.0733997),(0.1305972,-0.0044500,0.0751438),(0.1309576,-0.0044500,0.0733997),(0.1308100,-0.0044500,0.0733520),(0.1305972,-0.0044500,0.0751438),(0.1308100,-0.0044500,0.0733520),(0.1307359,-0.0044500,0.0733639),(0.1305972,-0.0044500,0.0751438),(0.1307359,-0.0044500,0.0733639),(0.1306758,-0.0044500,0.0733997),(0.1305972,-0.0044500,0.0751438),(0.1306758,-0.0044500,0.0733997),(0.1305972,-0.0044500,0.0735425),(0.1253257,-0.0044500,0.0743817),(0.1253204,-0.0044500,0.0745141),(0.1253204,-0.0044500,0.0762042),(0.1253257,-0.0044500,0.0743817),(0.1253204,-0.0044500,0.0762042),(0.1253257,-0.0044500,0.0763349),(0.1253257,-0.0044500,0.0743817),(0.1253257,-0.0044500,0.0763349),(0.1253416,-0.0044500,0.0764595),(0.1253257,-0.0044500,0.0743817),(0.1253416,-0.0044500,0.0764595),(0.1253682,-0.0044500,0.0765781),(0.1253257,-0.0044500,0.0743817),(0.1253682,-0.0044500,0.0765781),(0.1254053,-0.0044500,0.0766908),(0.1253257,-0.0044500,0.0743817),(0.1254053,-0.0044500,0.0766908),(0.1254531,-0.0044500,0.0767975),(0.1253257,-0.0044500,0.0743817),(0.1254531,-0.0044500,0.0767975),(0.1255115,-0.0044500,0.0768982),(0.1253257,-0.0044500,0.0743817),(0.1255115,-0.0044500,0.0768982),(0.1255805,-0.0044500,0.0769929),(0.1253257,-0.0044500,0.0743817),(0.1255805,-0.0044500,0.0769929),(0.1256601,-0.0044500,0.0770816),(0.1253257,-0.0044500,0.0743817),(0.1256601,-0.0044500,0.0770816),(0.1257368,-0.0044500,0.0771533),(0.1253257,-0.0044500,0.0743817),(0.1257368,-0.0044500,0.0771533),(0.1258165,-0.0044500,0.0772154),(0.1253257,-0.0044500,0.0743817),(0.1258165,-0.0044500,0.0772154),(0.1258994,-0.0044500,0.0772680),(0.1258994,-0.0044500,0.0772680),(0.1259853,-0.0044500,0.0773110),(0.1260743,-0.0044500,0.0773444),(0.1258994,-0.0044500,0.0772680),(0.1260743,-0.0044500,0.0773444),(0.1261663,-0.0044500,0.0773683),(0.1258994,-0.0044500,0.0772680),(0.1261663,-0.0044500,0.0773683),(0.1262615,-0.0044500,0.0773827),(0.1258994,-0.0044500,0.0772680),(0.1262615,-0.0044500,0.0773827),(0.1263597,-0.0044500,0.0773875),(0.1258994,-0.0044500,0.0772680),(0.1263597,-0.0044500,0.0773875),(0.1264568,-0.0044500,0.0773827),(0.1258994,-0.0044500,0.0772680),(0.1264568,-0.0044500,0.0773827),(0.1265512,-0.0044500,0.0773683),(0.1258994,-0.0044500,0.0772680),(0.1265512,-0.0044500,0.0773683),(0.1266429,-0.0044500,0.0773444),(0.1258994,-0.0044500,0.0772680),(0.1266429,-0.0044500,0.0773444),(0.1267319,-0.0044500,0.0773110),(0.1258994,-0.0044500,0.0772680),(0.1267319,-0.0044500,0.0773110),(0.1268183,-0.0044500,0.0772680),(0.1258994,-0.0044500,0.0772680),(0.1268183,-0.0044500,0.0772680),(0.1269020,-0.0044500,0.0772154),(0.1258994,-0.0044500,0.0772680),(0.1269020,-0.0044500,0.0772154),(0.1269830,-0.0044500,0.0771533),(0.1258994,-0.0044500,0.0772680),(0.1269830,-0.0044500,0.0771533),(0.1270613,-0.0044500,0.0770816),(0.1258994,-0.0044500,0.0772680),(0.1270613,-0.0044500,0.0770816),(0.1271410,-0.0044500,0.0769946),(0.1258994,-0.0044500,0.0772680),(0.1271410,-0.0044500,0.0769946),(0.1272100,-0.0044500,0.0769014),(0.1258994,-0.0044500,0.0772680),(0.1272100,-0.0044500,0.0769014),(0.1272684,-0.0044500,0.0768020),(0.1258994,-0.0044500,0.0772680),(0.1272684,-0.0044500,0.0768020),(0.1273161,-0.0044500,0.0766964),(0.1258994,-0.0044500,0.0772680),(0.1273161,-0.0044500,0.0766964),(0.1273533,-0.0044500,0.0765845),(0.1273533,-0.0044500,0.0765845),(0.1273798,-0.0044500,0.0764664),(0.1273958,-0.0044500,0.0763422),(0.1273533,-0.0044500,0.0765845),(0.1273958,-0.0044500,0.0763422),(0.1274011,-0.0044500,0.0762116),(0.1273533,-0.0044500,0.0765845),(0.1274011,-0.0044500,0.0762116),(0.1274011,-0.0044500,0.0762042),(0.1273533,-0.0044500,0.0765845),(0.1274011,-0.0044500,0.0762042),(0.1274011,-0.0044500,0.0745098),(0.1273533,-0.0044500,0.0765845),(0.1274011,-0.0044500,0.0745098),(0.1273958,-0.0044500,0.0743785),(0.1273533,-0.0044500,0.0765845),(0.1273958,-0.0044500,0.0743785),(0.1273798,-0.0044500,0.0742534),(0.1273533,-0.0044500,0.0765845),(0.1273798,-0.0044500,0.0742534),(0.1273533,-0.0044500,0.0741345),(0.1273533,-0.0044500,0.0765845),(0.1273533,-0.0044500,0.0741345),(0.1273161,-0.0044500,0.0740217),(0.1273533,-0.0044500,0.0765845),(0.1273161,-0.0044500,0.0740217),(0.1272684,-0.0044500,0.0739151),(0.1273533,-0.0044500,0.0765845),(0.1272684,-0.0044500,0.0739151),(0.1272100,-0.0044500,0.0738147),(0.1273533,-0.0044500,0.0765845),(0.1272100,-0.0044500,0.0738147),(0.1271410,-0.0044500,0.0737205),(0.1273533,-0.0044500,0.0765845),(0.1271410,-0.0044500,0.0737205),(0.1270613,-0.0044500,0.0736325),(0.1270613,-0.0044500,0.0736325),(0.1267576,-0.0044500,0.0739288),(0.1268516,-0.0044500,0.0740452),(0.1270613,-0.0044500,0.0736325),(0.1268516,-0.0044500,0.0740452),(0.1269187,-0.0044500,0.0741815),(0.1270613,-0.0044500,0.0736325),(0.1269187,-0.0044500,0.0741815),(0.1269590,-0.0044500,0.0743378),(0.1273533,-0.0044500,0.0765845),(0.1270613,-0.0044500,0.0736325),(0.1269590,-0.0044500,0.0743378),(0.1273533,-0.0044500,0.0765845),(0.1269590,-0.0044500,0.0743378),(0.1269691,-0.0044500,0.0744234),(0.1273533,-0.0044500,0.0765845),(0.1269691,-0.0044500,0.0744234),(0.1269724,-0.0044500,0.0745141),(0.1273533,-0.0044500,0.0765845),(0.1269724,-0.0044500,0.0745141),(0.1269724,-0.0044500,0.0762116),(0.1273533,-0.0044500,0.0765845),(0.1269724,-0.0044500,0.0762116),(0.1269691,-0.0044500,0.0762999),(0.1273533,-0.0044500,0.0765845),(0.1269691,-0.0044500,0.0762999),(0.1269591,-0.0044500,0.0763834),(0.1273533,-0.0044500,0.0765845),(0.1269591,-0.0044500,0.0763834),(0.1269425,-0.0044500,0.0764619),(0.1273533,-0.0044500,0.0765845),(0.1269425,-0.0044500,0.0764619),(0.1269193,-0.0044500,0.0765355),(0.1273533,-0.0044500,0.0765845),(0.1269193,-0.0044500,0.0765355),(0.1268528,-0.0044500,0.0766681),(0.1273533,-0.0044500,0.0765845),(0.1268528,-0.0044500,0.0766681),(0.1267597,-0.0044500,0.0767810),(0.1273533,-0.0044500,0.0765845),(0.1267597,-0.0044500,0.0767810),(0.1266645,-0.0044500,0.0768597),(0.1273533,-0.0044500,0.0765845),(0.1266645,-0.0044500,0.0768597),(0.1265660,-0.0044500,0.0769160),(0.1258994,-0.0044500,0.0772680),(0.1273533,-0.0044500,0.0765845),(0.1265660,-0.0044500,0.0769160),(0.1258994,-0.0044500,0.0772680),(0.1265660,-0.0044500,0.0769160),(0.1264644,-0.0044500,0.0769497),(0.1258994,-0.0044500,0.0772680),(0.1264644,-0.0044500,0.0769497),(0.1263597,-0.0044500,0.0769609),(0.1258994,-0.0044500,0.0772680),(0.1263597,-0.0044500,0.0769609),(0.1262506,-0.0044500,0.0769497),(0.1258994,-0.0044500,0.0772680),(0.1262506,-0.0044500,0.0769497),(0.1261477,-0.0044500,0.0769160),(0.1258994,-0.0044500,0.0772680),(0.1261477,-0.0044500,0.0769160),(0.1260511,-0.0044500,0.0768597),(0.1258994,-0.0044500,0.0772680),(0.1260511,-0.0044500,0.0768597),(0.1259607,-0.0044500,0.0767810),(0.1258994,-0.0044500,0.0772680),(0.1259607,-0.0044500,0.0767810),(0.1258676,-0.0044500,0.0766624),(0.1258994,-0.0044500,0.0772680),(0.1258676,-0.0044500,0.0766624),(0.1258011,-0.0044500,0.0765268),(0.1258994,-0.0044500,0.0772680),(0.1258011,-0.0044500,0.0765268),(0.1257612,-0.0044500,0.0763740),(0.1253257,-0.0044500,0.0743817),(0.1258994,-0.0044500,0.0772680),(0.1257612,-0.0044500,0.0763740),(0.1253257,-0.0044500,0.0743817),(0.1257612,-0.0044500,0.0763740),(0.1257513,-0.0044500,0.0762913),(0.1253257,-0.0044500,0.0743817),(0.1257513,-0.0044500,0.0762913),(0.1257479,-0.0044500,0.0762042),(0.1253257,-0.0044500,0.0743817),(0.1257479,-0.0044500,0.0762042),(0.1257479,-0.0044500,0.0745141),(0.1253257,-0.0044500,0.0743817),(0.1257479,-0.0044500,0.0745141),(0.1257513,-0.0044500,0.0744244),(0.1253257,-0.0044500,0.0743817),(0.1257513,-0.0044500,0.0744244),(0.1257612,-0.0044500,0.0743397),(0.1253257,-0.0044500,0.0743817),(0.1257612,-0.0044500,0.0743397),(0.1257779,-0.0044500,0.0742597),(0.1253257,-0.0044500,0.0743817),(0.1257779,-0.0044500,0.0742597),(0.1258011,-0.0044500,0.0741847),(0.1253257,-0.0044500,0.0743817),(0.1258011,-0.0044500,0.0741847),(0.1258676,-0.0044500,0.0740491),(0.1253257,-0.0044500,0.0743817),(0.1258676,-0.0044500,0.0740491),(0.1259607,-0.0044500,0.0739331),(0.1253257,-0.0044500,0.0743817),(0.1259607,-0.0044500,0.0739331),(0.1260519,-0.0044500,0.0738553),(0.1266661,-0.0044500,0.0738529),(0.1267576,-0.0044500,0.0739288),(0.1270613,-0.0044500,0.0736325),(0.1265692,-0.0044500,0.0737986),(0.1266661,-0.0044500,0.0738529),(0.1270613,-0.0044500,0.0736325),(0.1264671,-0.0044500,0.0737661),(0.1265692,-0.0044500,0.0737986),(0.1270613,-0.0044500,0.0736325),(0.1263597,-0.0044500,0.0737553),(0.1264671,-0.0044500,0.0737661),(0.1270613,-0.0044500,0.0736325),(0.1262514,-0.0044500,0.0737664),(0.1263597,-0.0044500,0.0737553),(0.1270613,-0.0044500,0.0736325),(0.1262514,-0.0044500,0.0737664),(0.1270613,-0.0044500,0.0736325),(0.1269845,-0.0044500,0.0735618),(0.1262514,-0.0044500,0.0737664),(0.1269845,-0.0044500,0.0735618),(0.1269046,-0.0044500,0.0735005),(0.1261488,-0.0044500,0.0737997),(0.1262514,-0.0044500,0.0737664),(0.1269046,-0.0044500,0.0735005),(0.1261488,-0.0044500,0.0737997),(0.1269046,-0.0044500,0.0735005),(0.1268219,-0.0044500,0.0734487),(0.1261488,-0.0044500,0.0737997),(0.1268219,-0.0044500,0.0734487),(0.1267362,-0.0044500,0.0734063),(0.1260519,-0.0044500,0.0738553),(0.1261488,-0.0044500,0.0737997),(0.1267362,-0.0044500,0.0734063),(0.1260519,-0.0044500,0.0738553),(0.1267362,-0.0044500,0.0734063),(0.1266475,-0.0044500,0.0733733),(0.1253257,-0.0044500,0.0743817),(0.1260519,-0.0044500,0.0738553),(0.1266475,-0.0044500,0.0733733),(0.1253257,-0.0044500,0.0743817),(0.1266475,-0.0044500,0.0733733),(0.1265559,-0.0044500,0.0733497),(0.1253257,-0.0044500,0.0743817),(0.1265559,-0.0044500,0.0733497),(0.1264614,-0.0044500,0.0733356),(0.1253257,-0.0044500,0.0743817),(0.1264614,-0.0044500,0.0733356),(0.1263639,-0.0044500,0.0733309),(0.1253257,-0.0044500,0.0743817),(0.1263639,-0.0044500,0.0733309),(0.1262647,-0.0044500,0.0733355),(0.1253257,-0.0044500,0.0743817),(0.1262647,-0.0044500,0.0733355),(0.1261688,-0.0044500,0.0733494),(0.1253257,-0.0044500,0.0743817),(0.1261688,-0.0044500,0.0733494),(0.1260762,-0.0044500,0.0733725),(0.1253257,-0.0044500,0.0743817),(0.1260762,-0.0044500,0.0733725),(0.1259869,-0.0044500,0.0734049),(0.1253257,-0.0044500,0.0743817),(0.1259869,-0.0044500,0.0734049),(0.1259008,-0.0044500,0.0734466),(0.1253257,-0.0044500,0.0743817),(0.1259008,-0.0044500,0.0734466),(0.1258180,-0.0044500,0.0734975),(0.1253257,-0.0044500,0.0743817),(0.1258180,-0.0044500,0.0734975),(0.1257385,-0.0044500,0.0735577),(0.1253257,-0.0044500,0.0743817),(0.1257385,-0.0044500,0.0735577),(0.1256622,-0.0044500,0.0736272),(0.1253257,-0.0044500,0.0743817),(0.1256622,-0.0044500,0.0736272),(0.1255821,-0.0044500,0.0737165),(0.1253257,-0.0044500,0.0743817),(0.1255821,-0.0044500,0.0737165),(0.1255127,-0.0044500,0.0738120),(0.1253257,-0.0044500,0.0743817),(0.1255127,-0.0044500,0.0738120),(0.1254539,-0.0044500,0.0739136),(0.1253257,-0.0044500,0.0743817),(0.1254539,-0.0044500,0.0739136),(0.1254058,-0.0044500,0.0740214),(0.1253257,-0.0044500,0.0743817),(0.1254058,-0.0044500,0.0740214),(0.1253685,-0.0044500,0.0741354),(0.1253257,-0.0044500,0.0743817),(0.1253685,-0.0044500,0.0741354),(0.1253417,-0.0044500,0.0742554),(0.1217359,-0.0044500,0.0743891),(0.1217305,-0.0044500,0.0745236),(0.1217318,-0.0044500,0.0746269),(0.1217359,-0.0044500,0.0743891),(0.1217318,-0.0044500,0.0746269),(0.1217357,-0.0044500,0.0747261),(0.1217359,-0.0044500,0.0743891),(0.1217357,-0.0044500,0.0747261),(0.1217421,-0.0044500,0.0748213),(0.1217359,-0.0044500,0.0743891),(0.1217421,-0.0044500,0.0748213),(0.1217512,-0.0044500,0.0749125),(0.1217359,-0.0044500,0.0743891),(0.1217512,-0.0044500,0.0749125),(0.1217628,-0.0044500,0.0749996),(0.1217359,-0.0044500,0.0743891),(0.1217628,-0.0044500,0.0749996),(0.1217770,-0.0044500,0.0750827),(0.1217359,-0.0044500,0.0743891),(0.1217770,-0.0044500,0.0750827),(0.1217937,-0.0044500,0.0751617),(0.1217359,-0.0044500,0.0743891),(0.1217937,-0.0044500,0.0751617),(0.1218131,-0.0044500,0.0752367),(0.1217359,-0.0044500,0.0743891),(0.1218131,-0.0044500,0.0752367),(0.1218595,-0.0044500,0.0753745),(0.1217359,-0.0044500,0.0743891),(0.1218595,-0.0044500,0.0753745),(0.1219163,-0.0044500,0.0754961),(0.1217359,-0.0044500,0.0743891),(0.1219163,-0.0044500,0.0754961),(0.1219833,-0.0044500,0.0756016),(0.1217359,-0.0044500,0.0743891),(0.1219833,-0.0044500,0.0756016),(0.1220607,-0.0044500,0.0756909),(0.1217359,-0.0044500,0.0743891),(0.1220607,-0.0044500,0.0756909),(0.1221402,-0.0044500,0.0757604),(0.1217359,-0.0044500,0.0743891),(0.1221402,-0.0044500,0.0757604),(0.1222220,-0.0044500,0.0758206),(0.1217359,-0.0044500,0.0743891),(0.1222220,-0.0044500,0.0758206),(0.1223062,-0.0044500,0.0758715),(0.1217359,-0.0044500,0.0743891),(0.1223062,-0.0044500,0.0758715),(0.1223928,-0.0044500,0.0759132),(0.1217359,-0.0044500,0.0743891),(0.1223928,-0.0044500,0.0759132),(0.1224817,-0.0044500,0.0759456),(0.1217359,-0.0044500,0.0743891),(0.1224817,-0.0044500,0.0759456),(0.1225729,-0.0044500,0.0759688),(0.1217359,-0.0044500,0.0743891),(0.1225729,-0.0044500,0.0759688),(0.1226665,-0.0044500,0.0759826),(0.1226665,-0.0044500,0.0759826),(0.1227624,-0.0044500,0.0759873),(0.1228510,-0.0044500,0.0759837),(0.1226665,-0.0044500,0.0759826),(0.1228510,-0.0044500,0.0759837),(0.1229365,-0.0044500,0.0759731),(0.1226665,-0.0044500,0.0759826),(0.1229365,-0.0044500,0.0759731),(0.1230188,-0.0044500,0.0759553),(0.1226665,-0.0044500,0.0759826),(0.1230188,-0.0044500,0.0759553),(0.1230979,-0.0044500,0.0759304),(0.1226665,-0.0044500,0.0759826),(0.1230979,-0.0044500,0.0759304),(0.1231738,-0.0044500,0.0758984),(0.1226665,-0.0044500,0.0759826),(0.1231738,-0.0044500,0.0758984),(0.1232466,-0.0044500,0.0758593),(0.1226665,-0.0044500,0.0759826),(0.1232466,-0.0044500,0.0758593),(0.1233162,-0.0044500,0.0758131),(0.1226665,-0.0044500,0.0759826),(0.1233162,-0.0044500,0.0758131),(0.1233826,-0.0044500,0.0757597),(0.1222716,-0.0044500,0.0766606),(0.1222046,-0.0044500,0.0765217),(0.1221216,-0.0044500,0.0764265),(0.1222716,-0.0044500,0.0766606),(0.1221216,-0.0044500,0.0764265),(0.1220057,-0.0044500,0.0763736),(0.1223666,-0.0044500,0.0767810),(0.1222716,-0.0044500,0.0766606),(0.1220057,-0.0044500,0.0763736),(0.1223666,-0.0044500,0.0767810),(0.1220057,-0.0044500,0.0763736),(0.1219297,-0.0044500,0.0764051),(0.1223666,-0.0044500,0.0767810),(0.1219297,-0.0044500,0.0764051),(0.1218689,-0.0044500,0.0764511),(0.1224596,-0.0044500,0.0768597),(0.1223666,-0.0044500,0.0767810),(0.1218689,-0.0044500,0.0764511),(0.1224596,-0.0044500,0.0768597),(0.1218689,-0.0044500,0.0764511),(0.1217930,-0.0044500,0.0765863),(0.1225579,-0.0044500,0.0769160),(0.1224596,-0.0044500,0.0768597),(0.1217930,-0.0044500,0.0765863),(0.1225579,-0.0044500,0.0769160),(0.1217930,-0.0044500,0.0765863),(0.1217993,-0.0044500,0.0766604),(0.1225579,-0.0044500,0.0769160),(0.1217993,-0.0044500,0.0766604),(0.1218484,-0.0044500,0.0767772),(0.1226613,-0.0044500,0.0769497),(0.1225579,-0.0044500,0.0769160),(0.1218484,-0.0044500,0.0767772),(0.1226613,-0.0044500,0.0769497),(0.1218484,-0.0044500,0.0767772),(0.1219099,-0.0044500,0.0768863),(0.1227698,-0.0044500,0.0769609),(0.1226613,-0.0044500,0.0769497),(0.1219099,-0.0044500,0.0768863),(0.1227698,-0.0044500,0.0769609),(0.1219099,-0.0044500,0.0768863),(0.1219839,-0.0044500,0.0769878),(0.1227698,-0.0044500,0.0769609),(0.1219839,-0.0044500,0.0769878),(0.1220702,-0.0044500,0.0770816),(0.1228651,-0.0044500,0.0769490),(0.1227698,-0.0044500,0.0769609),(0.1220702,-0.0044500,0.0770816),(0.1228651,-0.0044500,0.0769490),(0.1220702,-0.0044500,0.0770816),(0.1221469,-0.0044500,0.0771533),(0.1228651,-0.0044500,0.0769490),(0.1221469,-0.0044500,0.0771533),(0.1222267,-0.0044500,0.0772154),(0.1229659,-0.0044500,0.0769131),(0.1228651,-0.0044500,0.0769490),(0.1222267,-0.0044500,0.0772154),(0.1229659,-0.0044500,0.0769131),(0.1222267,-0.0044500,0.0772154),(0.1223095,-0.0044500,0.0772680),(0.1229659,-0.0044500,0.0769131),(0.1223095,-0.0044500,0.0772680),(0.1223954,-0.0044500,0.0773110),(0.1230720,-0.0044500,0.0768532),(0.1229659,-0.0044500,0.0769131),(0.1223954,-0.0044500,0.0773110),(0.1230720,-0.0044500,0.0768532),(0.1223954,-0.0044500,0.0773110),(0.1224844,-0.0044500,0.0773444),(0.1231836,-0.0044500,0.0767694),(0.1230720,-0.0044500,0.0768532),(0.1224844,-0.0044500,0.0773444),(0.1231836,-0.0044500,0.0767694),(0.1224844,-0.0044500,0.0773444),(0.1225765,-0.0044500,0.0773683),(0.1231836,-0.0044500,0.0767694),(0.1225765,-0.0044500,0.0773683),(0.1226716,-0.0044500,0.0773827),(0.1232707,-0.0044500,0.0766731),(0.1231836,-0.0044500,0.0767694),(0.1226716,-0.0044500,0.0773827),(0.1232707,-0.0044500,0.0766731),(0.1226716,-0.0044500,0.0773827),(0.1227698,-0.0044500,0.0773875),(0.1232707,-0.0044500,0.0766731),(0.1227698,-0.0044500,0.0773875),(0.1228549,-0.0044500,0.0773829),(0.1232707,-0.0044500,0.0766731),(0.1228549,-0.0044500,0.0773829),(0.1229405,-0.0044500,0.0773691),(0.1233328,-0.0044500,0.0765461),(0.1232707,-0.0044500,0.0766731),(0.1229405,-0.0044500,0.0773691),(0.1233328,-0.0044500,0.0765461),(0.1229405,-0.0044500,0.0773691),(0.1230264,-0.0044500,0.0773461),(0.1233328,-0.0044500,0.0765461),(0.1230264,-0.0044500,0.0773461),(0.1231127,-0.0044500,0.0773139),(0.1233546,-0.0044500,0.0764711),(0.1233328,-0.0044500,0.0765461),(0.1231127,-0.0044500,0.0773139),(0.1233546,-0.0044500,0.0764711),(0.1231127,-0.0044500,0.0773139),(0.1231994,-0.0044500,0.0772725),(0.1233546,-0.0044500,0.0764711),(0.1231994,-0.0044500,0.0772725),(0.1232865,-0.0044500,0.0772220),(0.1233701,-0.0044500,0.0763884),(0.1233546,-0.0044500,0.0764711),(0.1232865,-0.0044500,0.0772220),(0.1233795,-0.0044500,0.0762980),(0.1233701,-0.0044500,0.0763884),(0.1232865,-0.0044500,0.0772220),(0.1233795,-0.0044500,0.0762980),(0.1232865,-0.0044500,0.0772220),(0.1233740,-0.0044500,0.0771622),(0.1233826,-0.0044500,0.0762000),(0.1233795,-0.0044500,0.0762980),(0.1233740,-0.0044500,0.0771622),(0.1233826,-0.0044500,0.0762000),(0.1233740,-0.0044500,0.0771622),(0.1234619,-0.0044500,0.0770932),(0.1233826,-0.0044500,0.0757597),(0.1233826,-0.0044500,0.0762000),(0.1234619,-0.0044500,0.0770932),(0.1233826,-0.0044500,0.0757597),(0.1234619,-0.0044500,0.0770932),(0.1235438,-0.0044500,0.0770167),(0.1233826,-0.0044500,0.0757597),(0.1235438,-0.0044500,0.0770167),(0.1236147,-0.0044500,0.0769306),(0.1233826,-0.0044500,0.0757597),(0.1236147,-0.0044500,0.0769306),(0.1236748,-0.0044500,0.0768348),(0.1233826,-0.0044500,0.0757597),(0.1236748,-0.0044500,0.0768348),(0.1237239,-0.0044500,0.0767294),(0.1233826,-0.0044500,0.0757597),(0.1237239,-0.0044500,0.0767294),(0.1237621,-0.0044500,0.0766144),(0.1233826,-0.0044500,0.0757597),(0.1237621,-0.0044500,0.0766144),(0.1237894,-0.0044500,0.0764898),(0.1233826,-0.0044500,0.0757597),(0.1237894,-0.0044500,0.0764898),(0.1238057,-0.0044500,0.0763555),(0.1233826,-0.0044500,0.0757597),(0.1238057,-0.0044500,0.0763555),(0.1238112,-0.0044500,0.0762116),(0.1233826,-0.0044500,0.0757597),(0.1238112,-0.0044500,0.0762116),(0.1238112,-0.0044500,0.0748919),(0.1226665,-0.0044500,0.0759826),(0.1233826,-0.0044500,0.0757597),(0.1238112,-0.0044500,0.0748919),(0.1238112,-0.0044500,0.0748919),(0.1234154,-0.0044500,0.0748983),(0.1233999,-0.0044500,0.0750235),(0.1238112,-0.0044500,0.0748919),(0.1233999,-0.0044500,0.0750235),(0.1233535,-0.0044500,0.0751464),(0.1238112,-0.0044500,0.0748919),(0.1233535,-0.0044500,0.0751464),(0.1232761,-0.0044500,0.0752669),(0.1226665,-0.0044500,0.0759826),(0.1238112,-0.0044500,0.0748919),(0.1232761,-0.0044500,0.0752669),(0.1226665,-0.0044500,0.0759826),(0.1232761,-0.0044500,0.0752669),(0.1231677,-0.0044500,0.0753851),(0.1226665,-0.0044500,0.0759826),(0.1231677,-0.0044500,0.0753851),(0.1230722,-0.0044500,0.0754629),(0.1226665,-0.0044500,0.0759826),(0.1230722,-0.0044500,0.0754629),(0.1229727,-0.0044500,0.0755184),(0.1226665,-0.0044500,0.0759826),(0.1229727,-0.0044500,0.0755184),(0.1228695,-0.0044500,0.0755518),(0.1226665,-0.0044500,0.0759826),(0.1228695,-0.0044500,0.0755518),(0.1227624,-0.0044500,0.0755629),(0.1226665,-0.0044500,0.0759826),(0.1227624,-0.0044500,0.0755629),(0.1226567,-0.0044500,0.0755518),(0.1226665,-0.0044500,0.0759826),(0.1226567,-0.0044500,0.0755518),(0.1225544,-0.0044500,0.0755184),(0.1226665,-0.0044500,0.0759826),(0.1225544,-0.0044500,0.0755184),(0.1224556,-0.0044500,0.0754629),(0.1226665,-0.0044500,0.0759826),(0.1224556,-0.0044500,0.0754629),(0.1223602,-0.0044500,0.0753851),(0.1226665,-0.0044500,0.0759826),(0.1223602,-0.0044500,0.0753851),(0.1222718,-0.0044500,0.0752565),(0.1217359,-0.0044500,0.0743891),(0.1226665,-0.0044500,0.0759826),(0.1222718,-0.0044500,0.0752565),(0.1217359,-0.0044500,0.0743891),(0.1222718,-0.0044500,0.0752565),(0.1222370,-0.0044500,0.0751704),(0.1217359,-0.0044500,0.0743891),(0.1222370,-0.0044500,0.0751704),(0.1222086,-0.0044500,0.0750697),(0.1217359,-0.0044500,0.0743891),(0.1222086,-0.0044500,0.0750697),(0.1221865,-0.0044500,0.0749545),(0.1217359,-0.0044500,0.0743891),(0.1221865,-0.0044500,0.0749545),(0.1221707,-0.0044500,0.0748247),(0.1217359,-0.0044500,0.0743891),(0.1221707,-0.0044500,0.0748247),(0.1221612,-0.0044500,0.0746804),(0.1217359,-0.0044500,0.0743891),(0.1221612,-0.0044500,0.0746804),(0.1221581,-0.0044500,0.0745215),(0.1217359,-0.0044500,0.0743891),(0.1221581,-0.0044500,0.0745215),(0.1221615,-0.0044500,0.0744300),(0.1217359,-0.0044500,0.0743891),(0.1221615,-0.0044500,0.0744300),(0.1221716,-0.0044500,0.0743436),(0.1217359,-0.0044500,0.0743891),(0.1221716,-0.0044500,0.0743436),(0.1221884,-0.0044500,0.0742620),(0.1217359,-0.0044500,0.0743891),(0.1221884,-0.0044500,0.0742620),(0.1222121,-0.0044500,0.0741855),(0.1217359,-0.0044500,0.0743891),(0.1222121,-0.0044500,0.0741855),(0.1222795,-0.0044500,0.0740472),(0.1217359,-0.0044500,0.0743891),(0.1222795,-0.0044500,0.0740472),(0.1223740,-0.0044500,0.0739288),(0.1217359,-0.0044500,0.0743891),(0.1223740,-0.0044500,0.0739288),(0.1224653,-0.0044500,0.0738529),(0.1234145,-0.0044500,0.0748080),(0.1234154,-0.0044500,0.0748983),(0.1238112,-0.0044500,0.0748919),(0.1234117,-0.0044500,0.0747218),(0.1234145,-0.0044500,0.0748080),(0.1238112,-0.0044500,0.0748919),(0.1234005,-0.0044500,0.0745614),(0.1234117,-0.0044500,0.0747218),(0.1238112,-0.0044500,0.0748919),(0.1233819,-0.0044500,0.0744170),(0.1234005,-0.0044500,0.0745614),(0.1238112,-0.0044500,0.0748919),(0.1233559,-0.0044500,0.0742887),(0.1233819,-0.0044500,0.0744170),(0.1238112,-0.0044500,0.0748919),(0.1233224,-0.0044500,0.0741763),(0.1233559,-0.0044500,0.0742887),(0.1238112,-0.0044500,0.0748919),(0.1232814,-0.0044500,0.0740799),(0.1233224,-0.0044500,0.0741763),(0.1238112,-0.0044500,0.0748919),(0.1232331,-0.0044500,0.0739995),(0.1232814,-0.0044500,0.0740799),(0.1238112,-0.0044500,0.0748919),(0.1232331,-0.0044500,0.0739995),(0.1238112,-0.0044500,0.0748919),(0.1238099,-0.0044500,0.0747762),(0.1232331,-0.0044500,0.0739995),(0.1238099,-0.0044500,0.0747762),(0.1238058,-0.0044500,0.0746654),(0.1232331,-0.0044500,0.0739995),(0.1238058,-0.0044500,0.0746654),(0.1237991,-0.0044500,0.0745595),(0.1231773,-0.0044500,0.0739352),(0.1232331,-0.0044500,0.0739995),(0.1237991,-0.0044500,0.0745595),(0.1231773,-0.0044500,0.0739352),(0.1237991,-0.0044500,0.0745595),(0.1237898,-0.0044500,0.0744584),(0.1231773,-0.0044500,0.0739352),(0.1237898,-0.0044500,0.0744584),(0.1237777,-0.0044500,0.0743623),(0.1230802,-0.0044500,0.0738565),(0.1231773,-0.0044500,0.0739352),(0.1237777,-0.0044500,0.0743623),(0.1230802,-0.0044500,0.0738565),(0.1237777,-0.0044500,0.0743623),(0.1237630,-0.0044500,0.0742710),(0.1230802,-0.0044500,0.0738565),(0.1237630,-0.0044500,0.0742710),(0.1237456,-0.0044500,0.0741847),(0.1229796,-0.0044500,0.0738002),(0.1230802,-0.0044500,0.0738565),(0.1237456,-0.0044500,0.0741847),(0.1229796,-0.0044500,0.0738002),(0.1237456,-0.0044500,0.0741847),(0.1237255,-0.0044500,0.0741032),(0.1229796,-0.0044500,0.0738002),(0.1237255,-0.0044500,0.0741032),(0.1237027,-0.0044500,0.0740266),(0.1228754,-0.0044500,0.0737665),(0.1229796,-0.0044500,0.0738002),(0.1237027,-0.0044500,0.0740266),(0.1228754,-0.0044500,0.0737665),(0.1237027,-0.0044500,0.0740266),(0.1236773,-0.0044500,0.0739549),(0.1228754,-0.0044500,0.0737665),(0.1236773,-0.0044500,0.0739549),(0.1236183,-0.0044500,0.0738261),(0.1227677,-0.0044500,0.0737553),(0.1228754,-0.0044500,0.0737665),(0.1236183,-0.0044500,0.0738261),(0.1227677,-0.0044500,0.0737553),(0.1236183,-0.0044500,0.0738261),(0.1235487,-0.0044500,0.0737169),(0.1227677,-0.0044500,0.0737553),(0.1235487,-0.0044500,0.0737169),(0.1234683,-0.0044500,0.0736272),(0.1226621,-0.0044500,0.0737661),(0.1227677,-0.0044500,0.0737553),(0.1234683,-0.0044500,0.0736272),(0.1226621,-0.0044500,0.0737661),(0.1234683,-0.0044500,0.0736272),(0.1233889,-0.0044500,0.0735577),(0.1226621,-0.0044500,0.0737661),(0.1233889,-0.0044500,0.0735577),(0.1233070,-0.0044500,0.0734975),(0.1225613,-0.0044500,0.0737986),(0.1226621,-0.0044500,0.0737661),(0.1233070,-0.0044500,0.0734975),(0.1225613,-0.0044500,0.0737986),(0.1233070,-0.0044500,0.0734975),(0.1232224,-0.0044500,0.0734466),(0.1225613,-0.0044500,0.0737986),(0.1232224,-0.0044500,0.0734466),(0.1231352,-0.0044500,0.0734049),(0.1224653,-0.0044500,0.0738529),(0.1225613,-0.0044500,0.0737986),(0.1231352,-0.0044500,0.0734049),(0.1224653,-0.0044500,0.0738529),(0.1231352,-0.0044500,0.0734049),(0.1230454,-0.0044500,0.0733725),(0.1217359,-0.0044500,0.0743891),(0.1224653,-0.0044500,0.0738529),(0.1230454,-0.0044500,0.0733725),(0.1217359,-0.0044500,0.0743891),(0.1230454,-0.0044500,0.0733725),(0.1229530,-0.0044500,0.0733494),(0.1217359,-0.0044500,0.0743891),(0.1229530,-0.0044500,0.0733494),(0.1228579,-0.0044500,0.0733355),(0.1217359,-0.0044500,0.0743891),(0.1228579,-0.0044500,0.0733355),(0.1227603,-0.0044500,0.0733309),(0.1217359,-0.0044500,0.0743891),(0.1227603,-0.0044500,0.0733309),(0.1226650,-0.0044500,0.0733356),(0.1217359,-0.0044500,0.0743891),(0.1226650,-0.0044500,0.0733356),(0.1225724,-0.0044500,0.0733497),(0.1217359,-0.0044500,0.0743891),(0.1225724,-0.0044500,0.0733497),(0.1224825,-0.0044500,0.0733733),(0.1217359,-0.0044500,0.0743891),(0.1224825,-0.0044500,0.0733733),(0.1223951,-0.0044500,0.0734063),(0.1217359,-0.0044500,0.0743891),(0.1223951,-0.0044500,0.0734063),(0.1223105,-0.0044500,0.0734487),(0.1217359,-0.0044500,0.0743891),(0.1223105,-0.0044500,0.0734487),(0.1222285,-0.0044500,0.0735005),(0.1217359,-0.0044500,0.0743891),(0.1222285,-0.0044500,0.0735005),(0.1221491,-0.0044500,0.0735618),(0.1217359,-0.0044500,0.0743891),(0.1221491,-0.0044500,0.0735618),(0.1220724,-0.0044500,0.0736325),(0.1217359,-0.0044500,0.0743891),(0.1220724,-0.0044500,0.0736325),(0.1219922,-0.0044500,0.0737207),(0.1217359,-0.0044500,0.0743891),(0.1219922,-0.0044500,0.0737207),(0.1219228,-0.0044500,0.0738156),(0.1217359,-0.0044500,0.0743891),(0.1219228,-0.0044500,0.0738156),(0.1218640,-0.0044500,0.0739170),(0.1217359,-0.0044500,0.0743891),(0.1218640,-0.0044500,0.0739170),(0.1218160,-0.0044500,0.0740251),(0.1217359,-0.0044500,0.0743891),(0.1218160,-0.0044500,0.0740251),(0.1217786,-0.0044500,0.0741398),(0.1217359,-0.0044500,0.0743891),(0.1217786,-0.0044500,0.0741398),(0.1217519,-0.0044500,0.0742611),(0.1248621,-0.0044500,0.0733613),(0.1247891,-0.0044500,0.0732547),(0.1246825,-0.0044500,0.0731816),(0.1248621,-0.0044500,0.0733613),(0.1246825,-0.0044500,0.0731816),(0.1245573,-0.0044500,0.0731573),(0.1248621,-0.0044500,0.0733613),(0.1245573,-0.0044500,0.0731573),(0.1244324,-0.0044500,0.0731816),(0.1248621,-0.0044500,0.0733613),(0.1244324,-0.0044500,0.0731816),(0.1243266,-0.0044500,0.0732547),(0.1248621,-0.0044500,0.0733613),(0.1243266,-0.0044500,0.0732547),(0.1242536,-0.0044500,0.0733613),(0.1248621,-0.0044500,0.0733613),(0.1242536,-0.0044500,0.0733613),(0.1242292,-0.0044500,0.0734864),(0.1248621,-0.0044500,0.0733613),(0.1242292,-0.0044500,0.0734864),(0.1242536,-0.0044500,0.0736116),(0.1248621,-0.0044500,0.0733613),(0.1242536,-0.0044500,0.0736116),(0.1243266,-0.0044500,0.0737182),(0.1248621,-0.0044500,0.0733613),(0.1243266,-0.0044500,0.0737182),(0.1244324,-0.0044500,0.0737912),(0.1248621,-0.0044500,0.0733613),(0.1244324,-0.0044500,0.0737912),(0.1245573,-0.0044500,0.0738156),(0.1248621,-0.0044500,0.0733613),(0.1245573,-0.0044500,0.0738156),(0.1246825,-0.0044500,0.0737912),(0.1248621,-0.0044500,0.0733613),(0.1246825,-0.0044500,0.0737912),(0.1247891,-0.0044500,0.0737182),(0.1248621,-0.0044500,0.0733613),(0.1247891,-0.0044500,0.0737182),(0.1248621,-0.0044500,0.0736116),(0.1248621,-0.0044500,0.0733613),(0.1248621,-0.0044500,0.0736116),(0.1248865,-0.0044500,0.0734864),(0.1254592,-0.0044500,0.0777060),(0.1267886,-0.0044500,0.0748367),(0.1240035,-0.0044500,0.0763346)));
#7432=COMPLEX_TRIANGULATED_SURFACE_SET('surface set',#7431,1065,(),(),(),((1,2,3),(4,5,6),(7,8,9),(10,11,12),(13,14,15),(16,17,18),(19,20,21),(22,23,24),(25,26,27),(28,29,30),(31,32,33),(34,35,36),(37,38,39),(40,41,42),(43,44,45),(46,47,48),(49,50,51),(52,53,54),(55,56,57),(58,59,60),(61,62,63),(64,65,66),(67,68,69),(70,71,72),(73,74,75),(76,77,78),(79,80,81),(82,83,84),(85,86,87),(88,89,90),(91,92,93),(94,95,96),(97,98,99),(100,101,102),(103,104,105),(106,107,108),(109,110,111),(112,113,114),(115,116,117),(118,119,120),(121,122,123),(124,125,126),(127,128,129),(130,131,132),(133,134,135),(136,137,138),(139,140,141),(142,143,144),(145,146,147),(148,149,150),(151,152,153),(154,155,156),(157,158,159),(160,161,162),(163,164,165),(166,167,168),(169,170,171),(172,173,174),(175,176,177),(178,179,180),(181,182,183),(184,185,186),(187,188,189),(190,191,192),(193,194,195),(196,197,198),(199,200,201),(202,203,204),(205,206,207),(208,209,210),(211,212,213),(214,215,216),(217,218,219),(220,221,222),(223,224,225),(226,227,228),(229,230,231),(232,233,234),(235,236,237),(238,239,240),(241,242,243),(244,245,246),(247,248,249),(250,251,252),(253,254,255),(256,257,258),(259,260,261),(262,263,264),(265,266,267),(268,269,270),(271,272,273),(274,275,276),(277,278,279),(280,281,282),(283,284,285),(286,287,288),(289,290,291),(292,293,294),(295,296,297),(298,299,300),(301,302,303),(304,305,306),(307,308,309),(310,311,312),(313,314,315),(316,317,318),(319,320,321),(322,323,324),(325,326,327),(328,329,330),(331,332,333),(334,335,336),(337,338,339),(340,341,342),(343,344,345),(346,347,348),(349,350,351),(352,353,354),(355,356,357),(358,359,360),(361,362,363),(364,365,366),(367,368,369),(370,371,372),(373,374,375),(376,377,378),(379,380,381),(382,383,384),(385,386,387),(388,389,390),(391,392,393),(394,395,396),(397,398,399),(400,401,402),(403,404,405),(406,407,408),(409,410,411),(412,413,414),(415,416,417),(418,419,420),(421,422,423),(424,425,426),(427,428,429),(430,431,432),(433,434,435),(436,437,438),(439,440,441),(442,443,444),(445,446,447),(448,449,450),(451,452,453),(454,455,456),(457,458,459),(460,461,462),(463,464,465),(466,467,468),(469,470,471),(472,473,474),(475,476,477),(478,479,480),(481,482,483),(484,485,486),(487,488,489),(490,491,492),(493,494,495),(496,497,498),(499,500,501),(502,503,504),(505,506,507),(508,509,510),(511,512,513),(514,515,516),(517,518,519),(520,521,522),(523,524,525),(526,527,528),(529,530,531),(532,533,534),(535,536,537),(538,539,540),(541,542,543),(544,545,546),(547,548,549),(550,551,552),(553,554,555),(556,557,558),(559,560,561),(562,563,564),(565,566,567),(568,569,570),(571,572,573),(574,575,576),(577,578,579),(580,581,582),(583,584,585),(586,587,588),(589,590,591),(592,593,594),(595,596,597),(598,599,600),(601,602,603),(604,605,606),(607,608,609),(610,611,612),(613,614,615),(616,617,618),(619,620,621),(622,623,624),(625,626,627),(628,629,630),(631,632,633),(634,635,636),(637,638,639),(640,641,642),(643,644,645),(646,647,648),(649,650,651),(652,653,654),(655,656,657),(658,659,660),(661,662,663),(664,665,666),(667,668,669),(670,671,672),(673,674,675),(676,677,678),(679,680,681),(682,683,684),(685,686,687),(688,689,690),(691,692,693),(694,695,696),(697,698,699),(700,701,702),(703,704,705),(706,707,708),(709,710,711),(712,713,714),(715,716,717),(718,719,720),(721,722,723),(724,725,726),(727,728,729),(730,731,732),(733,734,735),(736,737,738),(739,740,741),(742,743,744),(745,746,747),(748,749,750),(751,752,753),(754,755,756),(757,758,759),(760,761,762),(763,764,765),(766,767,768),(769,770,771),(772,773,774),(775,776,777),(778,779,780),(781,782,783),(784,785,786),(787,788,789),(790,791,792),(793,794,795),(796,797,798),(799,800,801),(802,803,804),(805,806,807),(808,809,810),(811,812,813),(814,815,816),(817,818,819),(820,821,822),(823,824,825),(826,827,828),(829,830,831),(832,833,834),(835,836,837),(838,839,840),(841,842,843),(844,845,846),(847,848,849),(850,851,852),(853,854,855),(856,857,858),(859,860,861),(862,863,864),(865,866,867),(868,869,870),(871,872,873),(874,875,876),(877,878,879),(880,881,882),(883,884,885),(886,887,888),(889,890,891),(892,893,894),(895,896,897),(898,899,900),(901,902,903),(904,905,906),(907,908,909),(910,911,912),(913,914,915),(916,917,918),(919,920,921),(922,923,924),(925,926,927),(928,929,930),(931,932,933),(934,935,936),(937,938,939),(940,941,942),(943,944,945),(946,947,948),(949,950,951),(952,953,954),(955,956,957),(958,959,960),(961,962,963),(964,965,966),(967,968,969),(970,971,972),(973,974,975),(976,977,978),(979,980,981),(982,983,984),(985,986,987),(988,989,990),(991,992,993),(994,995,996),(997,998,999),(1000,1001,1002),(1003,1004,1005),(1006,1007,1008),(1009,1010,1011),(1012,1013,1014),(1015,1016,1017),(1018,1019,1020),(1021,1022,1023),(1024,1025,1026),(1027,1028,1029),(1030,1031,1032),(1033,1034,1035),(1036,1037,1038),(1039,1040,1041),(1042,1043,1044),(1045,1046,1047),(1048,1049,1050),(1051,1052,1053),(1054,1055,1056),(1057,1058,1059),(1060,1061,1062),(1063,1064,1065)));
#7433=TESSELLATED_GEOMETRIC_SET('radial dimension',(#7432));
#7434=COORDINATES_LIST('coordinates',2,((0.1267886,-0.0044500,0.0748367),(0.1263771,-0.0044500,0.0752734)));
#7435=TESSELLATED_CURVE_SET('curve set',#7434,((1,2)));
#7436=TESSELLATED_GEOMETRIC_SET('radial dimension',(#7435));
#7437=TESSELLATED_ANNOTATION_OCCURRENCE('radial dimension',(#7430),#7433);
#7438=TESSELLATED_ANNOTATION_OCCURRENCE('radial dimension',(#7430),#7436);
#7439=DRAUGHTING_CALLOUT('radial dimension',(#7437,#7438));
#7440=DRAUGHTING_MODEL_ITEM_ASSOCIATION('','',#7384,#7426,#7439);
#7441=DRAUGHTING_MODEL_ITEM_ASSOCIATION('','',#7400,#7426,#7439);
ENDSEC;
END-ISO-10303-21;
