ISO-10303-21;
HEADER;
/* Generated by software containing ST-Developer
 * from STEP Tools, Inc. (www.steptools.com) 
 */
/* OPTION: using custom renumber hook */

FILE_DESCRIPTION(
/* description */ ('STEP AP242 Edition 2',
'CAx-IF Rec.Pracs.---Representation and Presentation of Product Manufa
cturing Information (PMI)---4.0---2014-10-13',
'CAx-IF Rec.Pracs.---3D Tessellated Geometry---0.4---2014-09-14','2;1',
'CAx-IF Rec.Pracs.---User Defined Attributes---1.5---2016-08-15'),
/* implementation_level */ '2;1');

FILE_NAME(
/* name */ 'Topper',
/* time_stamp */ '2026-09-04T20:36:56Z',
/* author */ (''),
/* organization */ (''),
/* preprocessor_version */ 'ST-DEVELOPER v20',
/* originating_system */ 'ONSHAPE BY PTC INC, 1.220',
/* authorisation */ '  ');

FILE_SCHEMA (('AP242_MANAGED_MODEL_BASED_3D_ENGINEERING_MIM_LF { 1 0 10303 442 3 1 4 }'));
ENDSEC;

DATA;
#10=SHAPE_REPRESENTATION_RELATIONSHIP('','',#2205,#11);
#11=ADVANCED_BREP_SHAPE_REPRESENTATION('',(#2203),#3673);
#12=SPHERICAL_SURFACE('',#2381,0.0008);
#13=SPHERICAL_SURFACE('',#2392,0.0008);
#14=SPHERICAL_SURFACE('',#2394,0.0008);
#15=SPHERICAL_SURFACE('',#2400,0.0008);
#16=CYLINDRICAL_SURFACE('',#2303,0.002);
#17=CYLINDRICAL_SURFACE('',#2304,0.002);
#18=CYLINDRICAL_SURFACE('',#2305,0.002);
#19=CYLINDRICAL_SURFACE('',#2306,0.002);
#20=CYLINDRICAL_SURFACE('',#2310,0.002);
#21=CYLINDRICAL_SURFACE('',#2311,0.002);
#22=CYLINDRICAL_SURFACE('',#2312,0.002);
#23=CYLINDRICAL_SURFACE('',#2313,0.002);
#24=CYLINDRICAL_SURFACE('',#2317,0.002);
#25=CYLINDRICAL_SURFACE('',#2318,0.002);
#26=CYLINDRICAL_SURFACE('',#2319,0.002);
#27=CYLINDRICAL_SURFACE('',#2320,0.002);
#28=CYLINDRICAL_SURFACE('',#2352,0.0014);
#29=CYLINDRICAL_SURFACE('',#2353,0.0014);
#30=CYLINDRICAL_SURFACE('',#2357,0.0014);
#31=CYLINDRICAL_SURFACE('',#2358,0.0014);
#32=CYLINDRICAL_SURFACE('',#2362,0.0014);
#33=CYLINDRICAL_SURFACE('',#2363,0.0014);
#34=CYLINDRICAL_SURFACE('',#2367,0.0014);
#35=CYLINDRICAL_SURFACE('',#2368,0.0014);
#36=CYLINDRICAL_SURFACE('',#2372,0.0014);
#37=CYLINDRICAL_SURFACE('',#2373,0.0014);
#38=CYLINDRICAL_SURFACE('',#2377,0.0014);
#39=CYLINDRICAL_SURFACE('',#2378,0.0014);
#40=CYLINDRICAL_SURFACE('',#2379,0.0008);
#41=CYLINDRICAL_SURFACE('',#2384,0.0008);
#42=CYLINDRICAL_SURFACE('',#2386,0.0008);
#43=CYLINDRICAL_SURFACE('',#2388,0.0008);
#44=CYLINDRICAL_SURFACE('',#2390,0.0008);
#45=CYLINDRICAL_SURFACE('',#2396,0.0008);
#46=CYLINDRICAL_SURFACE('',#2398,0.0008);
#47=CYLINDRICAL_SURFACE('',#2402,0.0008);
#48=ELLIPSE('',#2221,0.00152897846088455,0.0014);
#49=ELLIPSE('',#2222,0.00152897846088455,0.0014);
#50=ELLIPSE('',#2224,0.00152897846088455,0.0014);
#51=ELLIPSE('',#2225,0.00152897846088455,0.0014);
#52=ELLIPSE('',#2227,0.00152897846088455,0.0014);
#53=ELLIPSE('',#2228,0.00152897846088455,0.0014);
#54=ELLIPSE('',#2230,0.00199009894908783,0.0008);
#55=ELLIPSE('',#2231,0.00152897846088455,0.0014);
#56=ELLIPSE('',#2233,0.00152897846088455,0.0014);
#57=ELLIPSE('',#2234,0.00152897846088455,0.0014);
#58=ELLIPSE('',#2236,0.00152897846088455,0.0014);
#59=ELLIPSE('',#2237,0.00152897846088455,0.0014);
#60=ELLIPSE('',#2244,0.00199009894908783,0.0008);
#61=ELLIPSE('',#2245,0.00152897846088455,0.0014);
#62=CIRCLE('',#2208,0.0014);
#63=CIRCLE('',#2209,0.0014);
#64=CIRCLE('',#2210,0.0014);
#65=CIRCLE('',#2211,0.0014);
#66=CIRCLE('',#2212,0.0014);
#67=CIRCLE('',#2213,0.0014);
#68=CIRCLE('',#2214,0.0014);
#69=CIRCLE('',#2215,0.0014);
#70=CIRCLE('',#2216,0.0014);
#71=CIRCLE('',#2217,0.0014);
#72=CIRCLE('',#2218,0.0014);
#73=CIRCLE('',#2219,0.0014);
#74=CIRCLE('',#2239,0.002);
#75=CIRCLE('',#2240,0.002);
#76=CIRCLE('',#2241,0.002);
#77=CIRCLE('',#2242,0.002);
#78=CIRCLE('',#2249,0.0014);
#79=CIRCLE('',#2250,0.0014);
#80=CIRCLE('',#2251,0.0014);
#81=CIRCLE('',#2252,0.0014);
#82=CIRCLE('',#2254,0.0008);
#83=CIRCLE('',#2256,0.002);
#84=CIRCLE('',#2257,0.002);
#85=CIRCLE('',#2258,0.002);
#86=CIRCLE('',#2259,0.002);
#87=CIRCLE('',#2260,0.002);
#88=CIRCLE('',#2261,0.002);
#89=CIRCLE('',#2262,0.002);
#90=CIRCLE('',#2263,0.002);
#91=CIRCLE('',#2264,0.002);
#92=CIRCLE('',#2265,0.002);
#93=CIRCLE('',#2266,0.002);
#94=CIRCLE('',#2267,0.002);
#95=CIRCLE('',#2272,0.0014);
#96=CIRCLE('',#2273,0.0014);
#97=CIRCLE('',#2274,0.0014);
#98=CIRCLE('',#2275,0.0014);
#99=CIRCLE('',#2277,0.002);
#100=CIRCLE('',#2278,0.002);
#101=CIRCLE('',#2279,0.002);
#102=CIRCLE('',#2280,0.002);
#103=CIRCLE('',#2282,0.0008);
#104=CIRCLE('',#2287,0.0014);
#105=CIRCLE('',#2288,0.0014);
#106=CIRCLE('',#2289,0.0014);
#107=CIRCLE('',#2290,0.0014);
#108=CIRCLE('',#2293,0.002);
#109=CIRCLE('',#2294,0.002);
#110=CIRCLE('',#2295,0.002);
#111=CIRCLE('',#2296,0.002);
#112=CIRCLE('',#2380,0.0008);
#113=CIRCLE('',#2382,0.0008);
#114=CIRCLE('',#2383,0.0008);
#115=CIRCLE('',#2385,0.0008);
#116=CIRCLE('',#2387,0.0008);
#117=CIRCLE('',#2389,0.0008);
#118=CIRCLE('',#2391,0.0008);
#119=CIRCLE('',#2393,0.0008);
#120=CIRCLE('',#2395,0.0008);
#121=CIRCLE('',#2397,0.0008);
#122=CIRCLE('',#2399,0.0008);
#123=CIRCLE('',#2401,0.0008);
#124=ORIENTED_EDGE('',*,*,#756,.T.);
#125=ORIENTED_EDGE('',*,*,#757,.T.);
#126=ORIENTED_EDGE('',*,*,#758,.T.);
#127=ORIENTED_EDGE('',*,*,#759,.T.);
#128=ORIENTED_EDGE('',*,*,#760,.T.);
#129=ORIENTED_EDGE('',*,*,#761,.T.);
#130=ORIENTED_EDGE('',*,*,#762,.T.);
#131=ORIENTED_EDGE('',*,*,#763,.T.);
#132=ORIENTED_EDGE('',*,*,#764,.F.);
#133=ORIENTED_EDGE('',*,*,#765,.T.);
#134=ORIENTED_EDGE('',*,*,#766,.T.);
#135=ORIENTED_EDGE('',*,*,#767,.T.);
#136=ORIENTED_EDGE('',*,*,#768,.T.);
#137=ORIENTED_EDGE('',*,*,#769,.T.);
#138=ORIENTED_EDGE('',*,*,#770,.T.);
#139=ORIENTED_EDGE('',*,*,#771,.T.);
#140=ORIENTED_EDGE('',*,*,#772,.F.);
#141=ORIENTED_EDGE('',*,*,#773,.T.);
#142=ORIENTED_EDGE('',*,*,#774,.T.);
#143=ORIENTED_EDGE('',*,*,#775,.T.);
#144=ORIENTED_EDGE('',*,*,#776,.T.);
#145=ORIENTED_EDGE('',*,*,#777,.T.);
#146=ORIENTED_EDGE('',*,*,#778,.T.);
#147=ORIENTED_EDGE('',*,*,#779,.T.);
#148=ORIENTED_EDGE('',*,*,#780,.F.);
#149=ORIENTED_EDGE('',*,*,#781,.T.);
#150=ORIENTED_EDGE('',*,*,#782,.T.);
#151=ORIENTED_EDGE('',*,*,#783,.T.);
#152=ORIENTED_EDGE('',*,*,#784,.F.);
#153=ORIENTED_EDGE('',*,*,#785,.T.);
#154=ORIENTED_EDGE('',*,*,#786,.T.);
#155=ORIENTED_EDGE('',*,*,#762,.F.);
#156=ORIENTED_EDGE('',*,*,#787,.T.);
#157=ORIENTED_EDGE('',*,*,#788,.F.);
#158=ORIENTED_EDGE('',*,*,#789,.F.);
#159=ORIENTED_EDGE('',*,*,#790,.T.);
#160=ORIENTED_EDGE('',*,*,#791,.T.);
#161=ORIENTED_EDGE('',*,*,#770,.F.);
#162=ORIENTED_EDGE('',*,*,#792,.T.);
#163=ORIENTED_EDGE('',*,*,#793,.F.);
#164=ORIENTED_EDGE('',*,*,#794,.F.);
#165=ORIENTED_EDGE('',*,*,#795,.F.);
#166=ORIENTED_EDGE('',*,*,#796,.T.);
#167=ORIENTED_EDGE('',*,*,#797,.T.);
#168=ORIENTED_EDGE('',*,*,#798,.F.);
#169=ORIENTED_EDGE('',*,*,#799,.F.);
#170=ORIENTED_EDGE('',*,*,#800,.T.);
#171=ORIENTED_EDGE('',*,*,#801,.T.);
#172=ORIENTED_EDGE('',*,*,#766,.F.);
#173=ORIENTED_EDGE('',*,*,#802,.T.);
#174=ORIENTED_EDGE('',*,*,#758,.F.);
#175=ORIENTED_EDGE('',*,*,#803,.T.);
#176=ORIENTED_EDGE('',*,*,#804,.T.);
#177=ORIENTED_EDGE('',*,*,#805,.T.);
#178=ORIENTED_EDGE('',*,*,#806,.T.);
#179=ORIENTED_EDGE('',*,*,#807,.T.);
#180=ORIENTED_EDGE('',*,*,#808,.F.);
#181=ORIENTED_EDGE('',*,*,#809,.F.);
#182=ORIENTED_EDGE('',*,*,#810,.T.);
#183=ORIENTED_EDGE('',*,*,#811,.T.);
#184=ORIENTED_EDGE('',*,*,#812,.F.);
#185=ORIENTED_EDGE('',*,*,#813,.F.);
#186=ORIENTED_EDGE('',*,*,#814,.T.);
#187=ORIENTED_EDGE('',*,*,#815,.T.);
#188=ORIENTED_EDGE('',*,*,#816,.F.);
#189=ORIENTED_EDGE('',*,*,#817,.F.);
#190=ORIENTED_EDGE('',*,*,#818,.T.);
#191=ORIENTED_EDGE('',*,*,#819,.T.);
#192=ORIENTED_EDGE('',*,*,#774,.F.);
#193=ORIENTED_EDGE('',*,*,#820,.T.);
#194=ORIENTED_EDGE('',*,*,#821,.F.);
#195=ORIENTED_EDGE('',*,*,#822,.F.);
#196=ORIENTED_EDGE('',*,*,#823,.T.);
#197=ORIENTED_EDGE('',*,*,#824,.T.);
#198=ORIENTED_EDGE('',*,*,#778,.F.);
#199=ORIENTED_EDGE('',*,*,#825,.T.);
#200=ORIENTED_EDGE('',*,*,#826,.F.);
#201=ORIENTED_EDGE('',*,*,#827,.T.);
#202=ORIENTED_EDGE('',*,*,#828,.T.);
#203=ORIENTED_EDGE('',*,*,#829,.F.);
#204=ORIENTED_EDGE('',*,*,#830,.T.);
#205=ORIENTED_EDGE('',*,*,#831,.F.);
#206=ORIENTED_EDGE('',*,*,#832,.T.);
#207=ORIENTED_EDGE('',*,*,#833,.T.);
#208=ORIENTED_EDGE('',*,*,#834,.T.);
#209=ORIENTED_EDGE('',*,*,#835,.T.);
#210=ORIENTED_EDGE('',*,*,#836,.F.);
#211=ORIENTED_EDGE('',*,*,#837,.F.);
#212=ORIENTED_EDGE('',*,*,#838,.F.);
#213=ORIENTED_EDGE('',*,*,#839,.T.);
#214=ORIENTED_EDGE('',*,*,#782,.F.);
#215=ORIENTED_EDGE('',*,*,#840,.T.);
#216=ORIENTED_EDGE('',*,*,#841,.F.);
#217=ORIENTED_EDGE('',*,*,#842,.F.);
#218=ORIENTED_EDGE('',*,*,#843,.T.);
#219=ORIENTED_EDGE('',*,*,#844,.T.);
#220=ORIENTED_EDGE('',*,*,#845,.T.);
#221=ORIENTED_EDGE('',*,*,#846,.T.);
#222=ORIENTED_EDGE('',*,*,#847,.T.);
#223=ORIENTED_EDGE('',*,*,#848,.T.);
#224=ORIENTED_EDGE('',*,*,#843,.F.);
#225=ORIENTED_EDGE('',*,*,#849,.F.);
#226=ORIENTED_EDGE('',*,*,#850,.T.);
#227=ORIENTED_EDGE('',*,*,#851,.T.);
#228=ORIENTED_EDGE('',*,*,#852,.T.);
#229=ORIENTED_EDGE('',*,*,#853,.T.);
#230=ORIENTED_EDGE('',*,*,#854,.T.);
#231=ORIENTED_EDGE('',*,*,#837,.T.);
#232=ORIENTED_EDGE('',*,*,#855,.F.);
#233=ORIENTED_EDGE('',*,*,#856,.T.);
#234=ORIENTED_EDGE('',*,*,#857,.F.);
#235=ORIENTED_EDGE('',*,*,#858,.T.);
#236=ORIENTED_EDGE('',*,*,#859,.T.);
#237=ORIENTED_EDGE('',*,*,#789,.T.);
#238=ORIENTED_EDGE('',*,*,#860,.F.);
#239=ORIENTED_EDGE('',*,*,#861,.T.);
#240=ORIENTED_EDGE('',*,*,#862,.T.);
#241=ORIENTED_EDGE('',*,*,#863,.T.);
#242=ORIENTED_EDGE('',*,*,#864,.T.);
#243=ORIENTED_EDGE('',*,*,#799,.T.);
#244=ORIENTED_EDGE('',*,*,#865,.F.);
#245=ORIENTED_EDGE('',*,*,#866,.F.);
#246=ORIENTED_EDGE('',*,*,#867,.T.);
#247=ORIENTED_EDGE('',*,*,#813,.T.);
#248=ORIENTED_EDGE('',*,*,#868,.F.);
#249=ORIENTED_EDGE('',*,*,#869,.T.);
#250=ORIENTED_EDGE('',*,*,#805,.F.);
#251=ORIENTED_EDGE('',*,*,#870,.T.);
#252=ORIENTED_EDGE('',*,*,#871,.T.);
#253=ORIENTED_EDGE('',*,*,#872,.T.);
#254=ORIENTED_EDGE('',*,*,#827,.F.);
#255=ORIENTED_EDGE('',*,*,#873,.F.);
#256=ORIENTED_EDGE('',*,*,#871,.F.);
#257=ORIENTED_EDGE('',*,*,#874,.T.);
#258=ORIENTED_EDGE('',*,*,#875,.T.);
#259=ORIENTED_EDGE('',*,*,#876,.T.);
#260=ORIENTED_EDGE('',*,*,#877,.F.);
#261=ORIENTED_EDGE('',*,*,#878,.T.);
#262=ORIENTED_EDGE('',*,*,#879,.F.);
#263=ORIENTED_EDGE('',*,*,#880,.T.);
#264=ORIENTED_EDGE('',*,*,#881,.T.);
#265=ORIENTED_EDGE('',*,*,#882,.T.);
#266=ORIENTED_EDGE('',*,*,#883,.T.);
#267=ORIENTED_EDGE('',*,*,#884,.T.);
#268=ORIENTED_EDGE('',*,*,#885,.F.);
#269=ORIENTED_EDGE('',*,*,#886,.T.);
#270=ORIENTED_EDGE('',*,*,#887,.F.);
#271=ORIENTED_EDGE('',*,*,#888,.T.);
#272=ORIENTED_EDGE('',*,*,#889,.T.);
#273=ORIENTED_EDGE('',*,*,#890,.T.);
#274=ORIENTED_EDGE('',*,*,#891,.T.);
#275=ORIENTED_EDGE('',*,*,#892,.T.);
#276=ORIENTED_EDGE('',*,*,#893,.F.);
#277=ORIENTED_EDGE('',*,*,#894,.T.);
#278=ORIENTED_EDGE('',*,*,#895,.F.);
#279=ORIENTED_EDGE('',*,*,#896,.T.);
#280=ORIENTED_EDGE('',*,*,#897,.T.);
#281=ORIENTED_EDGE('',*,*,#898,.T.);
#282=ORIENTED_EDGE('',*,*,#899,.T.);
#283=ORIENTED_EDGE('',*,*,#900,.T.);
#284=ORIENTED_EDGE('',*,*,#835,.F.);
#285=ORIENTED_EDGE('',*,*,#901,.T.);
#286=ORIENTED_EDGE('',*,*,#893,.T.);
#287=ORIENTED_EDGE('',*,*,#902,.T.);
#288=ORIENTED_EDGE('',*,*,#903,.F.);
#289=ORIENTED_EDGE('',*,*,#797,.F.);
#290=ORIENTED_EDGE('',*,*,#904,.F.);
#291=ORIENTED_EDGE('',*,*,#905,.T.);
#292=ORIENTED_EDGE('',*,*,#885,.T.);
#293=ORIENTED_EDGE('',*,*,#906,.T.);
#294=ORIENTED_EDGE('',*,*,#907,.F.);
#295=ORIENTED_EDGE('',*,*,#815,.F.);
#296=ORIENTED_EDGE('',*,*,#866,.T.);
#297=ORIENTED_EDGE('',*,*,#908,.T.);
#298=ORIENTED_EDGE('',*,*,#909,.T.);
#299=ORIENTED_EDGE('',*,*,#910,.F.);
#300=ORIENTED_EDGE('',*,*,#911,.F.);
#301=ORIENTED_EDGE('',*,*,#912,.T.);
#302=ORIENTED_EDGE('',*,*,#913,.T.);
#303=ORIENTED_EDGE('',*,*,#914,.T.);
#304=ORIENTED_EDGE('',*,*,#915,.T.);
#305=ORIENTED_EDGE('',*,*,#817,.T.);
#306=ORIENTED_EDGE('',*,*,#916,.F.);
#307=ORIENTED_EDGE('',*,*,#917,.F.);
#308=ORIENTED_EDGE('',*,*,#849,.T.);
#309=ORIENTED_EDGE('',*,*,#842,.T.);
#310=ORIENTED_EDGE('',*,*,#918,.F.);
#311=ORIENTED_EDGE('',*,*,#919,.T.);
#312=ORIENTED_EDGE('',*,*,#920,.F.);
#313=ORIENTED_EDGE('',*,*,#921,.T.);
#314=ORIENTED_EDGE('',*,*,#922,.T.);
#315=ORIENTED_EDGE('',*,*,#822,.T.);
#316=ORIENTED_EDGE('',*,*,#909,.F.);
#317=ORIENTED_EDGE('',*,*,#923,.T.);
#318=ORIENTED_EDGE('',*,*,#903,.T.);
#319=ORIENTED_EDGE('',*,*,#924,.T.);
#320=ORIENTED_EDGE('',*,*,#925,.F.);
#321=ORIENTED_EDGE('',*,*,#926,.T.);
#322=ORIENTED_EDGE('',*,*,#927,.F.);
#323=ORIENTED_EDGE('',*,*,#928,.T.);
#324=ORIENTED_EDGE('',*,*,#929,.T.);
#325=ORIENTED_EDGE('',*,*,#930,.T.);
#326=ORIENTED_EDGE('',*,*,#904,.T.);
#327=ORIENTED_EDGE('',*,*,#931,.F.);
#328=ORIENTED_EDGE('',*,*,#877,.T.);
#329=ORIENTED_EDGE('',*,*,#932,.T.);
#330=ORIENTED_EDGE('',*,*,#846,.F.);
#331=ORIENTED_EDGE('',*,*,#933,.F.);
#332=ORIENTED_EDGE('',*,*,#934,.F.);
#333=ORIENTED_EDGE('',*,*,#935,.T.);
#334=ORIENTED_EDGE('',*,*,#804,.F.);
#335=ORIENTED_EDGE('',*,*,#936,.T.);
#336=ORIENTED_EDGE('',*,*,#937,.T.);
#337=ORIENTED_EDGE('',*,*,#938,.T.);
#338=ORIENTED_EDGE('',*,*,#939,.T.);
#339=ORIENTED_EDGE('',*,*,#940,.T.);
#340=ORIENTED_EDGE('',*,*,#838,.T.);
#341=ORIENTED_EDGE('',*,*,#941,.T.);
#342=ORIENTED_EDGE('',*,*,#942,.T.);
#343=ORIENTED_EDGE('',*,*,#943,.T.);
#344=ORIENTED_EDGE('',*,*,#944,.T.);
#345=ORIENTED_EDGE('',*,*,#945,.T.);
#346=ORIENTED_EDGE('',*,*,#946,.F.);
#347=ORIENTED_EDGE('',*,*,#947,.T.);
#348=ORIENTED_EDGE('',*,*,#948,.T.);
#349=ORIENTED_EDGE('',*,*,#784,.T.);
#350=ORIENTED_EDGE('',*,*,#949,.F.);
#351=ORIENTED_EDGE('',*,*,#950,.T.);
#352=ORIENTED_EDGE('',*,*,#951,.T.);
#353=ORIENTED_EDGE('',*,*,#952,.T.);
#354=ORIENTED_EDGE('',*,*,#953,.T.);
#355=ORIENTED_EDGE('',*,*,#809,.T.);
#356=ORIENTED_EDGE('',*,*,#954,.F.);
#357=ORIENTED_EDGE('',*,*,#856,.F.);
#358=ORIENTED_EDGE('',*,*,#955,.T.);
#359=ORIENTED_EDGE('',*,*,#795,.T.);
#360=ORIENTED_EDGE('',*,*,#956,.F.);
#361=ORIENTED_EDGE('',*,*,#957,.T.);
#362=ORIENTED_EDGE('',*,*,#808,.T.);
#363=ORIENTED_EDGE('',*,*,#958,.T.);
#364=ORIENTED_EDGE('',*,*,#850,.F.);
#365=ORIENTED_EDGE('',*,*,#954,.T.);
#366=ORIENTED_EDGE('',*,*,#934,.T.);
#367=ORIENTED_EDGE('',*,*,#959,.T.);
#368=ORIENTED_EDGE('',*,*,#960,.F.);
#369=ORIENTED_EDGE('',*,*,#961,.T.);
#370=ORIENTED_EDGE('',*,*,#907,.T.);
#371=ORIENTED_EDGE('',*,*,#962,.T.);
#372=ORIENTED_EDGE('',*,*,#963,.F.);
#373=ORIENTED_EDGE('',*,*,#964,.T.);
#374=ORIENTED_EDGE('',*,*,#965,.F.);
#375=ORIENTED_EDGE('',*,*,#966,.T.);
#376=ORIENTED_EDGE('',*,*,#967,.T.);
#377=ORIENTED_EDGE('',*,*,#968,.T.);
#378=ORIENTED_EDGE('',*,*,#960,.T.);
#379=ORIENTED_EDGE('',*,*,#969,.T.);
#380=ORIENTED_EDGE('',*,*,#970,.T.);
#381=ORIENTED_EDGE('',*,*,#971,.F.);
#382=ORIENTED_EDGE('',*,*,#972,.T.);
#383=ORIENTED_EDGE('',*,*,#847,.F.);
#384=ORIENTED_EDGE('',*,*,#917,.T.);
#385=ORIENTED_EDGE('',*,*,#973,.T.);
#386=ORIENTED_EDGE('',*,*,#867,.F.);
#387=ORIENTED_EDGE('',*,*,#910,.T.);
#388=ORIENTED_EDGE('',*,*,#931,.T.);
#389=ORIENTED_EDGE('',*,*,#814,.F.);
#390=ORIENTED_EDGE('',*,*,#916,.T.);
#391=ORIENTED_EDGE('',*,*,#816,.T.);
#392=ORIENTED_EDGE('',*,*,#961,.F.);
#393=ORIENTED_EDGE('',*,*,#973,.F.);
#394=ORIENTED_EDGE('',*,*,#879,.T.);
#395=ORIENTED_EDGE('',*,*,#974,.T.);
#396=ORIENTED_EDGE('',*,*,#967,.F.);
#397=ORIENTED_EDGE('',*,*,#975,.T.);
#398=ORIENTED_EDGE('',*,*,#963,.T.);
#399=ORIENTED_EDGE('',*,*,#976,.T.);
#400=ORIENTED_EDGE('',*,*,#883,.F.);
#401=ORIENTED_EDGE('',*,*,#977,.T.);
#402=ORIENTED_EDGE('',*,*,#965,.T.);
#403=ORIENTED_EDGE('',*,*,#978,.T.);
#404=ORIENTED_EDGE('',*,*,#881,.F.);
#405=ORIENTED_EDGE('',*,*,#979,.T.);
#406=ORIENTED_EDGE('',*,*,#884,.F.);
#407=ORIENTED_EDGE('',*,*,#976,.F.);
#408=ORIENTED_EDGE('',*,*,#962,.F.);
#409=ORIENTED_EDGE('',*,*,#906,.F.);
#410=ORIENTED_EDGE('',*,*,#878,.F.);
#411=ORIENTED_EDGE('',*,*,#935,.F.);
#412=ORIENTED_EDGE('',*,*,#968,.F.);
#413=ORIENTED_EDGE('',*,*,#974,.F.);
#414=ORIENTED_EDGE('',*,*,#882,.F.);
#415=ORIENTED_EDGE('',*,*,#978,.F.);
#416=ORIENTED_EDGE('',*,*,#964,.F.);
#417=ORIENTED_EDGE('',*,*,#977,.F.);
#418=ORIENTED_EDGE('',*,*,#880,.F.);
#419=ORIENTED_EDGE('',*,*,#975,.F.);
#420=ORIENTED_EDGE('',*,*,#966,.F.);
#421=ORIENTED_EDGE('',*,*,#979,.F.);
#422=ORIENTED_EDGE('',*,*,#887,.T.);
#423=ORIENTED_EDGE('',*,*,#980,.T.);
#424=ORIENTED_EDGE('',*,*,#929,.F.);
#425=ORIENTED_EDGE('',*,*,#981,.T.);
#426=ORIENTED_EDGE('',*,*,#925,.T.);
#427=ORIENTED_EDGE('',*,*,#982,.T.);
#428=ORIENTED_EDGE('',*,*,#891,.F.);
#429=ORIENTED_EDGE('',*,*,#983,.T.);
#430=ORIENTED_EDGE('',*,*,#927,.T.);
#431=ORIENTED_EDGE('',*,*,#984,.T.);
#432=ORIENTED_EDGE('',*,*,#889,.F.);
#433=ORIENTED_EDGE('',*,*,#985,.T.);
#434=ORIENTED_EDGE('',*,*,#892,.F.);
#435=ORIENTED_EDGE('',*,*,#982,.F.);
#436=ORIENTED_EDGE('',*,*,#924,.F.);
#437=ORIENTED_EDGE('',*,*,#902,.F.);
#438=ORIENTED_EDGE('',*,*,#886,.F.);
#439=ORIENTED_EDGE('',*,*,#905,.F.);
#440=ORIENTED_EDGE('',*,*,#930,.F.);
#441=ORIENTED_EDGE('',*,*,#980,.F.);
#442=ORIENTED_EDGE('',*,*,#890,.F.);
#443=ORIENTED_EDGE('',*,*,#984,.F.);
#444=ORIENTED_EDGE('',*,*,#926,.F.);
#445=ORIENTED_EDGE('',*,*,#983,.F.);
#446=ORIENTED_EDGE('',*,*,#888,.F.);
#447=ORIENTED_EDGE('',*,*,#981,.F.);
#448=ORIENTED_EDGE('',*,*,#928,.F.);
#449=ORIENTED_EDGE('',*,*,#985,.F.);
#450=ORIENTED_EDGE('',*,*,#895,.T.);
#451=ORIENTED_EDGE('',*,*,#986,.T.);
#452=ORIENTED_EDGE('',*,*,#833,.F.);
#453=ORIENTED_EDGE('',*,*,#987,.T.);
#454=ORIENTED_EDGE('',*,*,#829,.T.);
#455=ORIENTED_EDGE('',*,*,#988,.T.);
#456=ORIENTED_EDGE('',*,*,#899,.F.);
#457=ORIENTED_EDGE('',*,*,#989,.T.);
#458=ORIENTED_EDGE('',*,*,#831,.T.);
#459=ORIENTED_EDGE('',*,*,#990,.T.);
#460=ORIENTED_EDGE('',*,*,#897,.F.);
#461=ORIENTED_EDGE('',*,*,#991,.T.);
#462=ORIENTED_EDGE('',*,*,#900,.F.);
#463=ORIENTED_EDGE('',*,*,#988,.F.);
#464=ORIENTED_EDGE('',*,*,#828,.F.);
#465=ORIENTED_EDGE('',*,*,#872,.F.);
#466=ORIENTED_EDGE('',*,*,#894,.F.);
#467=ORIENTED_EDGE('',*,*,#901,.F.);
#468=ORIENTED_EDGE('',*,*,#834,.F.);
#469=ORIENTED_EDGE('',*,*,#986,.F.);
#470=ORIENTED_EDGE('',*,*,#898,.F.);
#471=ORIENTED_EDGE('',*,*,#990,.F.);
#472=ORIENTED_EDGE('',*,*,#830,.F.);
#473=ORIENTED_EDGE('',*,*,#989,.F.);
#474=ORIENTED_EDGE('',*,*,#896,.F.);
#475=ORIENTED_EDGE('',*,*,#987,.F.);
#476=ORIENTED_EDGE('',*,*,#832,.F.);
#477=ORIENTED_EDGE('',*,*,#991,.F.);
#478=ORIENTED_EDGE('',*,*,#955,.F.);
#479=ORIENTED_EDGE('',*,*,#855,.T.);
#480=ORIENTED_EDGE('',*,*,#836,.T.);
#481=ORIENTED_EDGE('',*,*,#796,.F.);
#482=ORIENTED_EDGE('',*,*,#865,.T.);
#483=ORIENTED_EDGE('',*,*,#798,.T.);
#484=ORIENTED_EDGE('',*,*,#923,.F.);
#485=ORIENTED_EDGE('',*,*,#908,.F.);
#486=ORIENTED_EDGE('',*,*,#992,.F.);
#487=ORIENTED_EDGE('',*,*,#993,.T.);
#488=ORIENTED_EDGE('',*,*,#994,.T.);
#489=ORIENTED_EDGE('',*,*,#873,.T.);
#490=ORIENTED_EDGE('',*,*,#852,.F.);
#491=ORIENTED_EDGE('',*,*,#995,.T.);
#492=ORIENTED_EDGE('',*,*,#996,.T.);
#493=ORIENTED_EDGE('',*,*,#997,.T.);
#494=ORIENTED_EDGE('',*,*,#998,.T.);
#495=ORIENTED_EDGE('',*,*,#999,.T.);
#496=ORIENTED_EDGE('',*,*,#806,.F.);
#497=ORIENTED_EDGE('',*,*,#994,.F.);
#498=ORIENTED_EDGE('',*,*,#1000,.T.);
#499=ORIENTED_EDGE('',*,*,#1001,.T.);
#500=ORIENTED_EDGE('',*,*,#992,.T.);
#501=ORIENTED_EDGE('',*,*,#826,.T.);
#502=ORIENTED_EDGE('',*,*,#854,.F.);
#503=ORIENTED_EDGE('',*,*,#1002,.T.);
#504=ORIENTED_EDGE('',*,*,#1003,.T.);
#505=ORIENTED_EDGE('',*,*,#1004,.T.);
#506=ORIENTED_EDGE('',*,*,#1005,.T.);
#507=ORIENTED_EDGE('',*,*,#1006,.F.);
#508=ORIENTED_EDGE('',*,*,#1007,.T.);
#509=ORIENTED_EDGE('',*,*,#1008,.T.);
#510=ORIENTED_EDGE('',*,*,#933,.T.);
#511=ORIENTED_EDGE('',*,*,#845,.F.);
#512=ORIENTED_EDGE('',*,*,#1009,.T.);
#513=ORIENTED_EDGE('',*,*,#1010,.T.);
#514=ORIENTED_EDGE('',*,*,#1006,.T.);
#515=ORIENTED_EDGE('',*,*,#1011,.T.);
#516=ORIENTED_EDGE('',*,*,#1012,.T.);
#517=ORIENTED_EDGE('',*,*,#971,.T.);
#518=ORIENTED_EDGE('',*,*,#1013,.T.);
#519=ORIENTED_EDGE('',*,*,#1008,.F.);
#520=ORIENTED_EDGE('',*,*,#1014,.T.);
#521=ORIENTED_EDGE('',*,*,#1015,.T.);
#522=ORIENTED_EDGE('',*,*,#969,.F.);
#523=ORIENTED_EDGE('',*,*,#959,.F.);
#524=ORIENTED_EDGE('',*,*,#1016,.T.);
#525=ORIENTED_EDGE('',*,*,#1017,.T.);
#526=ORIENTED_EDGE('',*,*,#1018,.T.);
#527=ORIENTED_EDGE('',*,*,#1019,.T.);
#528=ORIENTED_EDGE('',*,*,#1020,.F.);
#529=ORIENTED_EDGE('',*,*,#1014,.F.);
#530=ORIENTED_EDGE('',*,*,#1021,.F.);
#531=ORIENTED_EDGE('',*,*,#1018,.F.);
#532=ORIENTED_EDGE('',*,*,#970,.F.);
#533=ORIENTED_EDGE('',*,*,#1015,.F.);
#534=ORIENTED_EDGE('',*,*,#1022,.F.);
#535=ORIENTED_EDGE('',*,*,#1013,.F.);
#536=ORIENTED_EDGE('',*,*,#1021,.T.);
#537=ORIENTED_EDGE('',*,*,#1007,.F.);
#538=ORIENTED_EDGE('',*,*,#1023,.F.);
#539=ORIENTED_EDGE('',*,*,#1019,.F.);
#540=ORIENTED_EDGE('',*,*,#1022,.T.);
#541=ORIENTED_EDGE('',*,*,#1020,.T.);
#542=ORIENTED_EDGE('',*,*,#1024,.F.);
#543=ORIENTED_EDGE('',*,*,#1023,.T.);
#544=ORIENTED_EDGE('',*,*,#1010,.F.);
#545=ORIENTED_EDGE('',*,*,#1025,.F.);
#546=ORIENTED_EDGE('',*,*,#1016,.F.);
#547=ORIENTED_EDGE('',*,*,#1024,.T.);
#548=ORIENTED_EDGE('',*,*,#1017,.F.);
#549=ORIENTED_EDGE('',*,*,#1026,.F.);
#550=ORIENTED_EDGE('',*,*,#1011,.F.);
#551=ORIENTED_EDGE('',*,*,#1026,.T.);
#552=ORIENTED_EDGE('',*,*,#1025,.T.);
#553=ORIENTED_EDGE('',*,*,#1027,.F.);
#554=ORIENTED_EDGE('',*,*,#1027,.T.);
#555=ORIENTED_EDGE('',*,*,#1009,.F.);
#556=ORIENTED_EDGE('',*,*,#844,.F.);
#557=ORIENTED_EDGE('',*,*,#848,.F.);
#558=ORIENTED_EDGE('',*,*,#972,.F.);
#559=ORIENTED_EDGE('',*,*,#1012,.F.);
#560=ORIENTED_EDGE('',*,*,#853,.F.);
#561=ORIENTED_EDGE('',*,*,#997,.F.);
#562=ORIENTED_EDGE('',*,*,#1028,.F.);
#563=ORIENTED_EDGE('',*,*,#1000,.F.);
#564=ORIENTED_EDGE('',*,*,#1029,.F.);
#565=ORIENTED_EDGE('',*,*,#1001,.F.);
#566=ORIENTED_EDGE('',*,*,#1030,.F.);
#567=ORIENTED_EDGE('',*,*,#1003,.F.);
#568=ORIENTED_EDGE('',*,*,#1030,.T.);
#569=ORIENTED_EDGE('',*,*,#1028,.T.);
#570=ORIENTED_EDGE('',*,*,#1031,.F.);
#571=ORIENTED_EDGE('',*,*,#1029,.T.);
#572=ORIENTED_EDGE('',*,*,#1002,.F.);
#573=ORIENTED_EDGE('',*,*,#1032,.F.);
#574=ORIENTED_EDGE('',*,*,#993,.F.);
#575=ORIENTED_EDGE('',*,*,#1031,.T.);
#576=ORIENTED_EDGE('',*,*,#996,.F.);
#577=ORIENTED_EDGE('',*,*,#1033,.F.);
#578=ORIENTED_EDGE('',*,*,#1004,.F.);
#579=ORIENTED_EDGE('',*,*,#1032,.T.);
#580=ORIENTED_EDGE('',*,*,#1005,.F.);
#581=ORIENTED_EDGE('',*,*,#1034,.F.);
#582=ORIENTED_EDGE('',*,*,#998,.F.);
#583=ORIENTED_EDGE('',*,*,#1034,.T.);
#584=ORIENTED_EDGE('',*,*,#1033,.T.);
#585=ORIENTED_EDGE('',*,*,#1035,.F.);
#586=ORIENTED_EDGE('',*,*,#1035,.T.);
#587=ORIENTED_EDGE('',*,*,#995,.F.);
#588=ORIENTED_EDGE('',*,*,#851,.F.);
#589=ORIENTED_EDGE('',*,*,#958,.F.);
#590=ORIENTED_EDGE('',*,*,#807,.F.);
#591=ORIENTED_EDGE('',*,*,#999,.F.);
#592=ORIENTED_EDGE('',*,*,#922,.F.);
#593=ORIENTED_EDGE('',*,*,#1036,.T.);
#594=ORIENTED_EDGE('',*,*,#823,.F.);
#595=ORIENTED_EDGE('',*,*,#780,.T.);
#596=ORIENTED_EDGE('',*,*,#1037,.T.);
#597=ORIENTED_EDGE('',*,*,#920,.T.);
#598=ORIENTED_EDGE('',*,*,#1038,.T.);
#599=ORIENTED_EDGE('',*,*,#841,.T.);
#600=ORIENTED_EDGE('',*,*,#1039,.T.);
#601=ORIENTED_EDGE('',*,*,#918,.T.);
#602=ORIENTED_EDGE('',*,*,#921,.F.);
#603=ORIENTED_EDGE('',*,*,#1037,.F.);
#604=ORIENTED_EDGE('',*,*,#779,.F.);
#605=ORIENTED_EDGE('',*,*,#824,.F.);
#606=ORIENTED_EDGE('',*,*,#1036,.F.);
#607=ORIENTED_EDGE('',*,*,#919,.F.);
#608=ORIENTED_EDGE('',*,*,#1039,.F.);
#609=ORIENTED_EDGE('',*,*,#840,.F.);
#610=ORIENTED_EDGE('',*,*,#781,.F.);
#611=ORIENTED_EDGE('',*,*,#1038,.F.);
#612=ORIENTED_EDGE('',*,*,#915,.F.);
#613=ORIENTED_EDGE('',*,*,#1040,.T.);
#614=ORIENTED_EDGE('',*,*,#818,.F.);
#615=ORIENTED_EDGE('',*,*,#913,.F.);
#616=ORIENTED_EDGE('',*,*,#1041,.T.);
#617=ORIENTED_EDGE('',*,*,#776,.F.);
#618=ORIENTED_EDGE('',*,*,#1042,.T.);
#619=ORIENTED_EDGE('',*,*,#821,.T.);
#620=ORIENTED_EDGE('',*,*,#1043,.T.);
#621=ORIENTED_EDGE('',*,*,#911,.T.);
#622=ORIENTED_EDGE('',*,*,#912,.F.);
#623=ORIENTED_EDGE('',*,*,#1043,.F.);
#624=ORIENTED_EDGE('',*,*,#825,.F.);
#625=ORIENTED_EDGE('',*,*,#777,.F.);
#626=ORIENTED_EDGE('',*,*,#1041,.F.);
#627=ORIENTED_EDGE('',*,*,#914,.F.);
#628=ORIENTED_EDGE('',*,*,#1042,.F.);
#629=ORIENTED_EDGE('',*,*,#775,.F.);
#630=ORIENTED_EDGE('',*,*,#819,.F.);
#631=ORIENTED_EDGE('',*,*,#1040,.F.);
#632=ORIENTED_EDGE('',*,*,#953,.F.);
#633=ORIENTED_EDGE('',*,*,#1044,.T.);
#634=ORIENTED_EDGE('',*,*,#810,.F.);
#635=ORIENTED_EDGE('',*,*,#951,.F.);
#636=ORIENTED_EDGE('',*,*,#1045,.T.);
#637=ORIENTED_EDGE('',*,*,#760,.F.);
#638=ORIENTED_EDGE('',*,*,#1046,.T.);
#639=ORIENTED_EDGE('',*,*,#788,.T.);
#640=ORIENTED_EDGE('',*,*,#1047,.T.);
#641=ORIENTED_EDGE('',*,*,#949,.T.);
#642=ORIENTED_EDGE('',*,*,#950,.F.);
#643=ORIENTED_EDGE('',*,*,#1047,.F.);
#644=ORIENTED_EDGE('',*,*,#787,.F.);
#645=ORIENTED_EDGE('',*,*,#761,.F.);
#646=ORIENTED_EDGE('',*,*,#1045,.F.);
#647=ORIENTED_EDGE('',*,*,#952,.F.);
#648=ORIENTED_EDGE('',*,*,#1046,.F.);
#649=ORIENTED_EDGE('',*,*,#759,.F.);
#650=ORIENTED_EDGE('',*,*,#811,.F.);
#651=ORIENTED_EDGE('',*,*,#1044,.F.);
#652=ORIENTED_EDGE('',*,*,#864,.F.);
#653=ORIENTED_EDGE('',*,*,#1048,.T.);
#654=ORIENTED_EDGE('',*,*,#800,.F.);
#655=ORIENTED_EDGE('',*,*,#862,.F.);
#656=ORIENTED_EDGE('',*,*,#1049,.T.);
#657=ORIENTED_EDGE('',*,*,#768,.F.);
#658=ORIENTED_EDGE('',*,*,#1050,.T.);
#659=ORIENTED_EDGE('',*,*,#793,.T.);
#660=ORIENTED_EDGE('',*,*,#1051,.T.);
#661=ORIENTED_EDGE('',*,*,#860,.T.);
#662=ORIENTED_EDGE('',*,*,#861,.F.);
#663=ORIENTED_EDGE('',*,*,#1051,.F.);
#664=ORIENTED_EDGE('',*,*,#792,.F.);
#665=ORIENTED_EDGE('',*,*,#769,.F.);
#666=ORIENTED_EDGE('',*,*,#1049,.F.);
#667=ORIENTED_EDGE('',*,*,#863,.F.);
#668=ORIENTED_EDGE('',*,*,#1050,.F.);
#669=ORIENTED_EDGE('',*,*,#767,.F.);
#670=ORIENTED_EDGE('',*,*,#801,.F.);
#671=ORIENTED_EDGE('',*,*,#1048,.F.);
#672=ORIENTED_EDGE('',*,*,#859,.F.);
#673=ORIENTED_EDGE('',*,*,#1052,.T.);
#674=ORIENTED_EDGE('',*,*,#790,.F.);
#675=ORIENTED_EDGE('',*,*,#772,.T.);
#676=ORIENTED_EDGE('',*,*,#1053,.T.);
#677=ORIENTED_EDGE('',*,*,#857,.T.);
#678=ORIENTED_EDGE('',*,*,#1054,.T.);
#679=ORIENTED_EDGE('',*,*,#812,.T.);
#680=ORIENTED_EDGE('',*,*,#1055,.T.);
#681=ORIENTED_EDGE('',*,*,#868,.T.);
#682=ORIENTED_EDGE('',*,*,#858,.F.);
#683=ORIENTED_EDGE('',*,*,#1053,.F.);
#684=ORIENTED_EDGE('',*,*,#771,.F.);
#685=ORIENTED_EDGE('',*,*,#791,.F.);
#686=ORIENTED_EDGE('',*,*,#1052,.F.);
#687=ORIENTED_EDGE('',*,*,#869,.F.);
#688=ORIENTED_EDGE('',*,*,#1055,.F.);
#689=ORIENTED_EDGE('',*,*,#820,.F.);
#690=ORIENTED_EDGE('',*,*,#773,.F.);
#691=ORIENTED_EDGE('',*,*,#1054,.F.);
#692=ORIENTED_EDGE('',*,*,#948,.F.);
#693=ORIENTED_EDGE('',*,*,#1056,.T.);
#694=ORIENTED_EDGE('',*,*,#785,.F.);
#695=ORIENTED_EDGE('',*,*,#764,.T.);
#696=ORIENTED_EDGE('',*,*,#1057,.T.);
#697=ORIENTED_EDGE('',*,*,#946,.T.);
#698=ORIENTED_EDGE('',*,*,#1058,.T.);
#699=ORIENTED_EDGE('',*,*,#794,.T.);
#700=ORIENTED_EDGE('',*,*,#1059,.T.);
#701=ORIENTED_EDGE('',*,*,#956,.T.);
#702=ORIENTED_EDGE('',*,*,#947,.F.);
#703=ORIENTED_EDGE('',*,*,#1057,.F.);
#704=ORIENTED_EDGE('',*,*,#763,.F.);
#705=ORIENTED_EDGE('',*,*,#786,.F.);
#706=ORIENTED_EDGE('',*,*,#1056,.F.);
#707=ORIENTED_EDGE('',*,*,#957,.F.);
#708=ORIENTED_EDGE('',*,*,#1059,.F.);
#709=ORIENTED_EDGE('',*,*,#802,.F.);
#710=ORIENTED_EDGE('',*,*,#765,.F.);
#711=ORIENTED_EDGE('',*,*,#1058,.F.);
#712=ORIENTED_EDGE('',*,*,#1060,.F.);
#713=ORIENTED_EDGE('',*,*,#941,.F.);
#714=ORIENTED_EDGE('',*,*,#932,.F.);
#715=ORIENTED_EDGE('',*,*,#876,.F.);
#716=ORIENTED_EDGE('',*,*,#1061,.F.);
#717=ORIENTED_EDGE('',*,*,#1060,.T.);
#718=ORIENTED_EDGE('',*,*,#1062,.F.);
#719=ORIENTED_EDGE('',*,*,#870,.F.);
#720=ORIENTED_EDGE('',*,*,#938,.F.);
#721=ORIENTED_EDGE('',*,*,#1063,.F.);
#722=ORIENTED_EDGE('',*,*,#874,.F.);
#723=ORIENTED_EDGE('',*,*,#1062,.T.);
#724=ORIENTED_EDGE('',*,*,#875,.F.);
#725=ORIENTED_EDGE('',*,*,#1064,.F.);
#726=ORIENTED_EDGE('',*,*,#943,.F.);
#727=ORIENTED_EDGE('',*,*,#1061,.T.);
#728=ORIENTED_EDGE('',*,*,#942,.F.);
#729=ORIENTED_EDGE('',*,*,#1065,.F.);
#730=ORIENTED_EDGE('',*,*,#939,.F.);
#731=ORIENTED_EDGE('',*,*,#839,.F.);
#732=ORIENTED_EDGE('',*,*,#940,.F.);
#733=ORIENTED_EDGE('',*,*,#1066,.F.);
#734=ORIENTED_EDGE('',*,*,#783,.F.);
#735=ORIENTED_EDGE('',*,*,#1064,.T.);
#736=ORIENTED_EDGE('',*,*,#1063,.T.);
#737=ORIENTED_EDGE('',*,*,#1067,.F.);
#738=ORIENTED_EDGE('',*,*,#1066,.T.);
#739=ORIENTED_EDGE('',*,*,#1065,.T.);
#740=ORIENTED_EDGE('',*,*,#1068,.F.);
#741=ORIENTED_EDGE('',*,*,#1067,.T.);
#742=ORIENTED_EDGE('',*,*,#937,.F.);
#743=ORIENTED_EDGE('',*,*,#1069,.F.);
#744=ORIENTED_EDGE('',*,*,#944,.F.);
#745=ORIENTED_EDGE('',*,*,#1068,.T.);
#746=ORIENTED_EDGE('',*,*,#945,.F.);
#747=ORIENTED_EDGE('',*,*,#1070,.F.);
#748=ORIENTED_EDGE('',*,*,#756,.F.);
#749=ORIENTED_EDGE('',*,*,#1070,.T.);
#750=ORIENTED_EDGE('',*,*,#1069,.T.);
#751=ORIENTED_EDGE('',*,*,#1071,.F.);
#752=ORIENTED_EDGE('',*,*,#1071,.T.);
#753=ORIENTED_EDGE('',*,*,#936,.F.);
#754=ORIENTED_EDGE('',*,*,#803,.F.);
#755=ORIENTED_EDGE('',*,*,#757,.F.);
#756=EDGE_CURVE('',#1072,#1073,#1270,.F.);
#757=EDGE_CURVE('',#1073,#1074,#1271,.T.);
#758=EDGE_CURVE('',#1074,#1075,#1272,.T.);
#759=EDGE_CURVE('',#1075,#1076,#62,.T.);
#760=EDGE_CURVE('',#1076,#1077,#1273,.T.);
#761=EDGE_CURVE('',#1077,#1078,#63,.T.);
#762=EDGE_CURVE('',#1078,#1079,#1274,.T.);
#763=EDGE_CURVE('',#1079,#1080,#64,.T.);
#764=EDGE_CURVE('',#1081,#1080,#1275,.T.);
#765=EDGE_CURVE('',#1081,#1082,#65,.T.);
#766=EDGE_CURVE('',#1082,#1083,#1276,.T.);
#767=EDGE_CURVE('',#1083,#1084,#66,.T.);
#768=EDGE_CURVE('',#1084,#1085,#1277,.T.);
#769=EDGE_CURVE('',#1085,#1086,#67,.T.);
#770=EDGE_CURVE('',#1086,#1087,#1278,.T.);
#771=EDGE_CURVE('',#1087,#1088,#68,.T.);
#772=EDGE_CURVE('',#1089,#1088,#1279,.T.);
#773=EDGE_CURVE('',#1089,#1090,#69,.T.);
#774=EDGE_CURVE('',#1090,#1091,#1280,.T.);
#775=EDGE_CURVE('',#1091,#1092,#70,.T.);
#776=EDGE_CURVE('',#1092,#1093,#1281,.T.);
#777=EDGE_CURVE('',#1093,#1094,#71,.T.);
#778=EDGE_CURVE('',#1094,#1095,#1282,.T.);
#779=EDGE_CURVE('',#1095,#1096,#72,.T.);
#780=EDGE_CURVE('',#1097,#1096,#1283,.T.);
#781=EDGE_CURVE('',#1097,#1098,#73,.T.);
#782=EDGE_CURVE('',#1098,#1099,#1284,.T.);
#783=EDGE_CURVE('',#1099,#1072,#1285,.F.);
#784=EDGE_CURVE('',#1100,#1101,#1286,.T.);
#785=EDGE_CURVE('',#1100,#1102,#1287,.T.);
#786=EDGE_CURVE('',#1102,#1079,#48,.F.);
#787=EDGE_CURVE('',#1078,#1103,#49,.F.);
#788=EDGE_CURVE('',#1101,#1103,#1288,.T.);
#789=EDGE_CURVE('',#1104,#1105,#1289,.T.);
#790=EDGE_CURVE('',#1104,#1106,#1290,.T.);
#791=EDGE_CURVE('',#1106,#1087,#50,.F.);
#792=EDGE_CURVE('',#1086,#1107,#51,.F.);
#793=EDGE_CURVE('',#1105,#1107,#1291,.T.);
#794=EDGE_CURVE('',#1108,#1109,#1292,.T.);
#795=EDGE_CURVE('',#1110,#1108,#1293,.T.);
#796=EDGE_CURVE('',#1110,#1111,#1294,.T.);
#797=EDGE_CURVE('',#1111,#1112,#1295,.T.);
#798=EDGE_CURVE('',#1113,#1112,#1296,.T.);
#799=EDGE_CURVE('',#1114,#1113,#1297,.T.);
#800=EDGE_CURVE('',#1114,#1115,#1298,.T.);
#801=EDGE_CURVE('',#1115,#1083,#52,.F.);
#802=EDGE_CURVE('',#1082,#1109,#53,.F.);
#803=EDGE_CURVE('',#1074,#1116,#54,.T.);
#804=EDGE_CURVE('',#1116,#1117,#1299,.T.);
#805=EDGE_CURVE('',#1117,#1118,#1300,.T.);
#806=EDGE_CURVE('',#1118,#1119,#1301,.T.);
#807=EDGE_CURVE('',#1119,#1120,#1302,.T.);
#808=EDGE_CURVE('',#1121,#1120,#1303,.T.);
#809=EDGE_CURVE('',#1122,#1121,#1304,.T.);
#810=EDGE_CURVE('',#1122,#1123,#1305,.T.);
#811=EDGE_CURVE('',#1123,#1075,#55,.F.);
#812=EDGE_CURVE('',#1124,#1125,#1306,.T.);
#813=EDGE_CURVE('',#1126,#1124,#1307,.T.);
#814=EDGE_CURVE('',#1126,#1127,#1308,.T.);
#815=EDGE_CURVE('',#1127,#1128,#1309,.T.);
#816=EDGE_CURVE('',#1129,#1128,#1310,.T.);
#817=EDGE_CURVE('',#1130,#1129,#1311,.T.);
#818=EDGE_CURVE('',#1130,#1131,#1312,.T.);
#819=EDGE_CURVE('',#1131,#1091,#56,.F.);
#820=EDGE_CURVE('',#1090,#1125,#57,.F.);
#821=EDGE_CURVE('',#1132,#1133,#1313,.T.);
#822=EDGE_CURVE('',#1134,#1132,#1314,.T.);
#823=EDGE_CURVE('',#1134,#1135,#1315,.T.);
#824=EDGE_CURVE('',#1135,#1095,#58,.F.);
#825=EDGE_CURVE('',#1094,#1133,#59,.F.);
#826=EDGE_CURVE('',#1136,#1137,#1316,.T.);
#827=EDGE_CURVE('',#1136,#1138,#1317,.T.);
#828=EDGE_CURVE('',#1138,#1139,#74,.F.);
#829=EDGE_CURVE('',#1140,#1139,#1318,.T.);
#830=EDGE_CURVE('',#1140,#1141,#75,.T.);
#831=EDGE_CURVE('',#1142,#1141,#1319,.T.);
#832=EDGE_CURVE('',#1142,#1143,#76,.T.);
#833=EDGE_CURVE('',#1143,#1144,#1320,.T.);
#834=EDGE_CURVE('',#1144,#1145,#77,.F.);
#835=EDGE_CURVE('',#1145,#1111,#1321,.T.);
#836=EDGE_CURVE('',#1146,#1111,#1322,.T.);
#837=EDGE_CURVE('',#1137,#1146,#1323,.T.);
#838=EDGE_CURVE('',#1147,#1148,#1324,.T.);
#839=EDGE_CURVE('',#1147,#1099,#60,.T.);
#840=EDGE_CURVE('',#1098,#1149,#61,.F.);
#841=EDGE_CURVE('',#1150,#1149,#1325,.T.);
#842=EDGE_CURVE('',#1151,#1150,#1326,.T.);
#843=EDGE_CURVE('',#1151,#1152,#1327,.T.);
#844=EDGE_CURVE('',#1152,#1153,#1328,.F.);
#845=EDGE_CURVE('',#1153,#1154,#1329,.T.);
#846=EDGE_CURVE('',#1154,#1148,#1330,.T.);
#847=EDGE_CURVE('',#1155,#1156,#1331,.T.);
#848=EDGE_CURVE('',#1156,#1152,#1332,.F.);
#849=EDGE_CURVE('',#1155,#1151,#1333,.T.);
#850=EDGE_CURVE('',#1157,#1158,#1334,.T.);
#851=EDGE_CURVE('',#1158,#1159,#1335,.T.);
#852=EDGE_CURVE('',#1159,#1160,#1336,.T.);
#853=EDGE_CURVE('',#1160,#1161,#1337,.F.);
#854=EDGE_CURVE('',#1161,#1137,#1338,.T.);
#855=EDGE_CURVE('',#1162,#1146,#1339,.T.);
#856=EDGE_CURVE('',#1162,#1157,#1340,.T.);
#857=EDGE_CURVE('',#1163,#1164,#1341,.T.);
#858=EDGE_CURVE('',#1163,#1165,#78,.T.);
#859=EDGE_CURVE('',#1165,#1104,#1342,.T.);
#860=EDGE_CURVE('',#1166,#1105,#1343,.T.);
#861=EDGE_CURVE('',#1166,#1167,#79,.T.);
#862=EDGE_CURVE('',#1167,#1168,#1344,.T.);
#863=EDGE_CURVE('',#1168,#1169,#80,.T.);
#864=EDGE_CURVE('',#1169,#1114,#1345,.T.);
#865=EDGE_CURVE('',#1170,#1113,#1346,.T.);
#866=EDGE_CURVE('',#1171,#1170,#1347,.T.);
#867=EDGE_CURVE('',#1171,#1126,#1348,.T.);
#868=EDGE_CURVE('',#1172,#1124,#1349,.T.);
#869=EDGE_CURVE('',#1172,#1164,#81,.T.);
#870=EDGE_CURVE('',#1117,#1173,#82,.T.);
#871=EDGE_CURVE('',#1173,#1174,#1350,.T.);
#872=EDGE_CURVE('',#1174,#1138,#1351,.T.);
#873=EDGE_CURVE('',#1118,#1136,#1352,.T.);
#874=EDGE_CURVE('',#1173,#1175,#1353,.F.);
#875=EDGE_CURVE('',#1175,#1176,#1354,.T.);
#876=EDGE_CURVE('',#1176,#1177,#1355,.T.);
#877=EDGE_CURVE('',#1178,#1177,#1356,.T.);
#878=EDGE_CURVE('',#1178,#1179,#83,.F.);
#879=EDGE_CURVE('',#1180,#1179,#1357,.T.);
#880=EDGE_CURVE('',#1180,#1181,#84,.T.);
#881=EDGE_CURVE('',#1181,#1182,#1358,.T.);
#882=EDGE_CURVE('',#1182,#1183,#85,.T.);
#883=EDGE_CURVE('',#1183,#1184,#1359,.T.);
#884=EDGE_CURVE('',#1184,#1185,#86,.F.);
#885=EDGE_CURVE('',#1186,#1185,#1360,.T.);
#886=EDGE_CURVE('',#1186,#1187,#87,.F.);
#887=EDGE_CURVE('',#1188,#1187,#1361,.T.);
#888=EDGE_CURVE('',#1188,#1189,#88,.T.);
#889=EDGE_CURVE('',#1189,#1190,#1362,.T.);
#890=EDGE_CURVE('',#1190,#1191,#89,.T.);
#891=EDGE_CURVE('',#1191,#1192,#1363,.T.);
#892=EDGE_CURVE('',#1192,#1193,#90,.F.);
#893=EDGE_CURVE('',#1194,#1193,#1364,.T.);
#894=EDGE_CURVE('',#1194,#1195,#91,.F.);
#895=EDGE_CURVE('',#1196,#1195,#1365,.T.);
#896=EDGE_CURVE('',#1196,#1197,#92,.T.);
#897=EDGE_CURVE('',#1197,#1198,#1366,.T.);
#898=EDGE_CURVE('',#1198,#1199,#93,.T.);
#899=EDGE_CURVE('',#1199,#1200,#1367,.T.);
#900=EDGE_CURVE('',#1200,#1174,#94,.F.);
#901=EDGE_CURVE('',#1145,#1194,#1368,.F.);
#902=EDGE_CURVE('',#1193,#1201,#1369,.T.);
#903=EDGE_CURVE('',#1112,#1201,#1370,.T.);
#904=EDGE_CURVE('',#1202,#1127,#1371,.T.);
#905=EDGE_CURVE('',#1202,#1186,#1372,.F.);
#906=EDGE_CURVE('',#1185,#1203,#1373,.T.);
#907=EDGE_CURVE('',#1128,#1203,#1374,.T.);
#908=EDGE_CURVE('',#1170,#1204,#1375,.T.);
#909=EDGE_CURVE('',#1204,#1205,#1376,.T.);
#910=EDGE_CURVE('',#1171,#1205,#1377,.T.);
#911=EDGE_CURVE('',#1206,#1132,#1378,.T.);
#912=EDGE_CURVE('',#1206,#1207,#95,.T.);
#913=EDGE_CURVE('',#1207,#1208,#1379,.T.);
#914=EDGE_CURVE('',#1208,#1209,#96,.T.);
#915=EDGE_CURVE('',#1209,#1130,#1380,.T.);
#916=EDGE_CURVE('',#1210,#1129,#1381,.T.);
#917=EDGE_CURVE('',#1155,#1210,#1382,.T.);
#918=EDGE_CURVE('',#1211,#1150,#1383,.T.);
#919=EDGE_CURVE('',#1211,#1212,#97,.T.);
#920=EDGE_CURVE('',#1213,#1212,#1384,.T.);
#921=EDGE_CURVE('',#1213,#1214,#98,.T.);
#922=EDGE_CURVE('',#1214,#1134,#1385,.T.);
#923=EDGE_CURVE('',#1204,#1112,#1386,.T.);
#924=EDGE_CURVE('',#1201,#1215,#99,.F.);
#925=EDGE_CURVE('',#1216,#1215,#1387,.T.);
#926=EDGE_CURVE('',#1216,#1217,#100,.T.);
#927=EDGE_CURVE('',#1218,#1217,#1388,.T.);
#928=EDGE_CURVE('',#1218,#1219,#101,.T.);
#929=EDGE_CURVE('',#1219,#1220,#1389,.T.);
#930=EDGE_CURVE('',#1220,#1202,#102,.F.);
#931=EDGE_CURVE('',#1205,#1127,#1390,.T.);
#932=EDGE_CURVE('',#1177,#1148,#103,.T.);
#933=EDGE_CURVE('',#1221,#1154,#1391,.T.);
#934=EDGE_CURVE('',#1222,#1221,#1392,.T.);
#935=EDGE_CURVE('',#1222,#1178,#1393,.F.);
#936=EDGE_CURVE('',#1116,#1223,#1394,.F.);
#937=EDGE_CURVE('',#1223,#1224,#1395,.F.);
#938=EDGE_CURVE('',#1224,#1117,#1396,.T.);
#939=EDGE_CURVE('',#1225,#1226,#1397,.T.);
#940=EDGE_CURVE('',#1226,#1147,#1398,.T.);
#941=EDGE_CURVE('',#1148,#1225,#1399,.F.);
#942=EDGE_CURVE('',#1227,#1228,#1400,.F.);
#943=EDGE_CURVE('',#1228,#1229,#1401,.F.);
#944=EDGE_CURVE('',#1229,#1230,#1402,.T.);
#945=EDGE_CURVE('',#1230,#1227,#1403,.T.);
#946=EDGE_CURVE('',#1231,#1232,#1404,.T.);
#947=EDGE_CURVE('',#1231,#1233,#104,.T.);
#948=EDGE_CURVE('',#1233,#1100,#1405,.T.);
#949=EDGE_CURVE('',#1234,#1101,#1406,.T.);
#950=EDGE_CURVE('',#1234,#1235,#105,.T.);
#951=EDGE_CURVE('',#1235,#1236,#1407,.T.);
#952=EDGE_CURVE('',#1236,#1237,#106,.T.);
#953=EDGE_CURVE('',#1237,#1122,#1408,.T.);
#954=EDGE_CURVE('',#1157,#1121,#1409,.T.);
#955=EDGE_CURVE('',#1162,#1110,#1410,.T.);
#956=EDGE_CURVE('',#1238,#1108,#1411,.T.);
#957=EDGE_CURVE('',#1238,#1232,#107,.T.);
#958=EDGE_CURVE('',#1120,#1158,#1412,.T.);
#959=EDGE_CURVE('',#1221,#1239,#1413,.T.);
#960=EDGE_CURVE('',#1240,#1239,#1414,.T.);
#961=EDGE_CURVE('',#1240,#1128,#1415,.T.);
#962=EDGE_CURVE('',#1203,#1241,#108,.F.);
#963=EDGE_CURVE('',#1242,#1241,#1416,.T.);
#964=EDGE_CURVE('',#1242,#1243,#109,.T.);
#965=EDGE_CURVE('',#1244,#1243,#1417,.T.);
#966=EDGE_CURVE('',#1244,#1245,#110,.T.);
#967=EDGE_CURVE('',#1245,#1246,#1418,.T.);
#968=EDGE_CURVE('',#1246,#1222,#111,.F.);
#969=EDGE_CURVE('',#1239,#1247,#1419,.T.);
#970=EDGE_CURVE('',#1247,#1248,#1420,.T.);
#971=EDGE_CURVE('',#1249,#1248,#1421,.T.);
#972=EDGE_CURVE('',#1249,#1156,#1422,.F.);
#973=EDGE_CURVE('',#1210,#1240,#1423,.T.);
#974=EDGE_CURVE('',#1179,#1246,#1424,.T.);
#975=EDGE_CURVE('',#1245,#1180,#1425,.F.);
#976=EDGE_CURVE('',#1241,#1184,#1426,.F.);
#977=EDGE_CURVE('',#1183,#1242,#1427,.T.);
#978=EDGE_CURVE('',#1243,#1182,#1428,.F.);
#979=EDGE_CURVE('',#1181,#1244,#1429,.T.);
#980=EDGE_CURVE('',#1187,#1220,#1430,.T.);
#981=EDGE_CURVE('',#1219,#1188,#1431,.F.);
#982=EDGE_CURVE('',#1215,#1192,#1432,.F.);
#983=EDGE_CURVE('',#1191,#1216,#1433,.T.);
#984=EDGE_CURVE('',#1217,#1190,#1434,.F.);
#985=EDGE_CURVE('',#1189,#1218,#1435,.T.);
#986=EDGE_CURVE('',#1195,#1144,#1436,.T.);
#987=EDGE_CURVE('',#1143,#1196,#1437,.F.);
#988=EDGE_CURVE('',#1139,#1200,#1438,.F.);
#989=EDGE_CURVE('',#1199,#1140,#1439,.T.);
#990=EDGE_CURVE('',#1141,#1198,#1440,.F.);
#991=EDGE_CURVE('',#1197,#1142,#1441,.T.);
#992=EDGE_CURVE('',#1250,#1136,#1442,.T.);
#993=EDGE_CURVE('',#1250,#1251,#1443,.T.);
#994=EDGE_CURVE('',#1251,#1118,#1444,.T.);
#995=EDGE_CURVE('',#1159,#1252,#1445,.T.);
#996=EDGE_CURVE('',#1252,#1253,#1446,.T.);
#997=EDGE_CURVE('',#1253,#1160,#1447,.T.);
#998=EDGE_CURVE('',#1251,#1254,#1448,.T.);
#999=EDGE_CURVE('',#1254,#1119,#1449,.T.);
#1000=EDGE_CURVE('',#1161,#1255,#1450,.T.);
#1001=EDGE_CURVE('',#1255,#1250,#1451,.T.);
#1002=EDGE_CURVE('',#1256,#1257,#1452,.T.);
#1003=EDGE_CURVE('',#1257,#1258,#1453,.T.);
#1004=EDGE_CURVE('',#1258,#1259,#1454,.T.);
#1005=EDGE_CURVE('',#1259,#1256,#1455,.T.);
#1006=EDGE_CURVE('',#1260,#1154,#1456,.T.);
#1007=EDGE_CURVE('',#1260,#1261,#1457,.T.);
#1008=EDGE_CURVE('',#1261,#1221,#1458,.T.);
#1009=EDGE_CURVE('',#1153,#1262,#1459,.T.);
#1010=EDGE_CURVE('',#1262,#1260,#1460,.T.);
#1011=EDGE_CURVE('',#1263,#1264,#1461,.T.);
#1012=EDGE_CURVE('',#1264,#1249,#1462,.T.);
#1013=EDGE_CURVE('',#1248,#1263,#1463,.T.);
#1014=EDGE_CURVE('',#1261,#1265,#1464,.T.);
#1015=EDGE_CURVE('',#1265,#1247,#1465,.T.);
#1016=EDGE_CURVE('',#1266,#1267,#1466,.T.);
#1017=EDGE_CURVE('',#1267,#1268,#1467,.T.);
#1018=EDGE_CURVE('',#1268,#1269,#1468,.T.);
#1019=EDGE_CURVE('',#1269,#1266,#1469,.T.);
#1020=EDGE_CURVE('',#1265,#1268,#1470,.F.);
#1021=EDGE_CURVE('',#1269,#1261,#1471,.T.);
#1022=EDGE_CURVE('',#1263,#1265,#1472,.T.);
#1023=EDGE_CURVE('',#1266,#1260,#1473,.F.);
#1024=EDGE_CURVE('',#1263,#1268,#1474,.F.);
#1025=EDGE_CURVE('',#1267,#1262,#1475,.T.);
#1026=EDGE_CURVE('',#1264,#1267,#1476,.T.);
#1027=EDGE_CURVE('',#1264,#1262,#1477,.T.);
#1028=EDGE_CURVE('',#1255,#1253,#1478,.F.);
#1029=EDGE_CURVE('',#1250,#1257,#1479,.F.);
#1030=EDGE_CURVE('',#1258,#1255,#1480,.F.);
#1031=EDGE_CURVE('',#1258,#1253,#1481,.T.);
#1032=EDGE_CURVE('',#1251,#1256,#1482,.T.);
#1033=EDGE_CURVE('',#1259,#1252,#1483,.F.);
#1034=EDGE_CURVE('',#1254,#1259,#1484,.T.);
#1035=EDGE_CURVE('',#1254,#1252,#1485,.F.);
#1036=EDGE_CURVE('',#1214,#1135,#1486,.T.);
#1037=EDGE_CURVE('',#1096,#1213,#1487,.F.);
#1038=EDGE_CURVE('',#1212,#1097,#1488,.T.);
#1039=EDGE_CURVE('',#1149,#1211,#1489,.F.);
#1040=EDGE_CURVE('',#1209,#1131,#1490,.T.);
#1041=EDGE_CURVE('',#1207,#1093,#1491,.T.);
#1042=EDGE_CURVE('',#1092,#1208,#1492,.F.);
#1043=EDGE_CURVE('',#1133,#1206,#1493,.F.);
#1044=EDGE_CURVE('',#1237,#1123,#1494,.T.);
#1045=EDGE_CURVE('',#1235,#1077,#1495,.T.);
#1046=EDGE_CURVE('',#1076,#1236,#1496,.F.);
#1047=EDGE_CURVE('',#1103,#1234,#1497,.F.);
#1048=EDGE_CURVE('',#1169,#1115,#1498,.T.);
#1049=EDGE_CURVE('',#1167,#1085,#1499,.T.);
#1050=EDGE_CURVE('',#1084,#1168,#1500,.F.);
#1051=EDGE_CURVE('',#1107,#1166,#1501,.F.);
#1052=EDGE_CURVE('',#1165,#1106,#1502,.T.);
#1053=EDGE_CURVE('',#1088,#1163,#1503,.F.);
#1054=EDGE_CURVE('',#1164,#1089,#1504,.T.);
#1055=EDGE_CURVE('',#1125,#1172,#1505,.F.);
#1056=EDGE_CURVE('',#1233,#1102,#1506,.T.);
#1057=EDGE_CURVE('',#1080,#1231,#1507,.F.);
#1058=EDGE_CURVE('',#1232,#1081,#1508,.T.);
#1059=EDGE_CURVE('',#1109,#1238,#1509,.F.);
#1060=EDGE_CURVE('',#1225,#1176,#112,.T.);
#1061=EDGE_CURVE('',#1225,#1228,#113,.F.);
#1062=EDGE_CURVE('',#1228,#1176,#114,.F.);
#1063=EDGE_CURVE('',#1175,#1224,#115,.T.);
#1064=EDGE_CURVE('',#1229,#1175,#116,.T.);
#1065=EDGE_CURVE('',#1226,#1227,#117,.T.);
#1066=EDGE_CURVE('',#1072,#1226,#118,.T.);
#1067=EDGE_CURVE('',#1229,#1224,#119,.F.);
#1068=EDGE_CURVE('',#1072,#1227,#120,.F.);
#1069=EDGE_CURVE('',#1230,#1223,#121,.T.);
#1070=EDGE_CURVE('',#1073,#1230,#122,.T.);
#1071=EDGE_CURVE('',#1073,#1223,#123,.F.);
#1072=VERTEX_POINT('',#3040);
#1073=VERTEX_POINT('',#3041);
#1074=VERTEX_POINT('',#3043);
#1075=VERTEX_POINT('',#3045);
#1076=VERTEX_POINT('',#3047);
#1077=VERTEX_POINT('',#3049);
#1078=VERTEX_POINT('',#3051);
#1079=VERTEX_POINT('',#3053);
#1080=VERTEX_POINT('',#3055);
#1081=VERTEX_POINT('',#3057);
#1082=VERTEX_POINT('',#3059);
#1083=VERTEX_POINT('',#3061);
#1084=VERTEX_POINT('',#3063);
#1085=VERTEX_POINT('',#3065);
#1086=VERTEX_POINT('',#3067);
#1087=VERTEX_POINT('',#3069);
#1088=VERTEX_POINT('',#3071);
#1089=VERTEX_POINT('',#3073);
#1090=VERTEX_POINT('',#3075);
#1091=VERTEX_POINT('',#3077);
#1092=VERTEX_POINT('',#3079);
#1093=VERTEX_POINT('',#3081);
#1094=VERTEX_POINT('',#3083);
#1095=VERTEX_POINT('',#3085);
#1096=VERTEX_POINT('',#3087);
#1097=VERTEX_POINT('',#3089);
#1098=VERTEX_POINT('',#3091);
#1099=VERTEX_POINT('',#3093);
#1100=VERTEX_POINT('',#3097);
#1101=VERTEX_POINT('',#3098);
#1102=VERTEX_POINT('',#3100);
#1103=VERTEX_POINT('',#3103);
#1104=VERTEX_POINT('',#3107);
#1105=VERTEX_POINT('',#3108);
#1106=VERTEX_POINT('',#3110);
#1107=VERTEX_POINT('',#3113);
#1108=VERTEX_POINT('',#3117);
#1109=VERTEX_POINT('',#3118);
#1110=VERTEX_POINT('',#3120);
#1111=VERTEX_POINT('',#3122);
#1112=VERTEX_POINT('',#3124);
#1113=VERTEX_POINT('',#3126);
#1114=VERTEX_POINT('',#3128);
#1115=VERTEX_POINT('',#3130);
#1116=VERTEX_POINT('',#3135);
#1117=VERTEX_POINT('',#3137);
#1118=VERTEX_POINT('',#3139);
#1119=VERTEX_POINT('',#3141);
#1120=VERTEX_POINT('',#3143);
#1121=VERTEX_POINT('',#3145);
#1122=VERTEX_POINT('',#3147);
#1123=VERTEX_POINT('',#3149);
#1124=VERTEX_POINT('',#3153);
#1125=VERTEX_POINT('',#3154);
#1126=VERTEX_POINT('',#3156);
#1127=VERTEX_POINT('',#3158);
#1128=VERTEX_POINT('',#3160);
#1129=VERTEX_POINT('',#3162);
#1130=VERTEX_POINT('',#3164);
#1131=VERTEX_POINT('',#3166);
#1132=VERTEX_POINT('',#3171);
#1133=VERTEX_POINT('',#3172);
#1134=VERTEX_POINT('',#3174);
#1135=VERTEX_POINT('',#3176);
#1136=VERTEX_POINT('',#3181);
#1137=VERTEX_POINT('',#3182);
#1138=VERTEX_POINT('',#3184);
#1139=VERTEX_POINT('',#3186);
#1140=VERTEX_POINT('',#3188);
#1141=VERTEX_POINT('',#3190);
#1142=VERTEX_POINT('',#3192);
#1143=VERTEX_POINT('',#3194);
#1144=VERTEX_POINT('',#3196);
#1145=VERTEX_POINT('',#3198);
#1146=VERTEX_POINT('',#3201);
#1147=VERTEX_POINT('',#3205);
#1148=VERTEX_POINT('',#3206);
#1149=VERTEX_POINT('',#3209);
#1150=VERTEX_POINT('',#3211);
#1151=VERTEX_POINT('',#3213);
#1152=VERTEX_POINT('',#3215);
#1153=VERTEX_POINT('',#3217);
#1154=VERTEX_POINT('',#3219);
#1155=VERTEX_POINT('',#3223);
#1156=VERTEX_POINT('',#3224);
#1157=VERTEX_POINT('',#3229);
#1158=VERTEX_POINT('',#3230);
#1159=VERTEX_POINT('',#3232);
#1160=VERTEX_POINT('',#3234);
#1161=VERTEX_POINT('',#3236);
#1162=VERTEX_POINT('',#3239);
#1163=VERTEX_POINT('',#3243);
#1164=VERTEX_POINT('',#3244);
#1165=VERTEX_POINT('',#3246);
#1166=VERTEX_POINT('',#3249);
#1167=VERTEX_POINT('',#3251);
#1168=VERTEX_POINT('',#3253);
#1169=VERTEX_POINT('',#3255);
#1170=VERTEX_POINT('',#3258);
#1171=VERTEX_POINT('',#3260);
#1172=VERTEX_POINT('',#3263);
#1173=VERTEX_POINT('',#3267);
#1174=VERTEX_POINT('',#3269);
#1175=VERTEX_POINT('',#3274);
#1176=VERTEX_POINT('',#3276);
#1177=VERTEX_POINT('',#3278);
#1178=VERTEX_POINT('',#3280);
#1179=VERTEX_POINT('',#3282);
#1180=VERTEX_POINT('',#3284);
#1181=VERTEX_POINT('',#3286);
#1182=VERTEX_POINT('',#3288);
#1183=VERTEX_POINT('',#3290);
#1184=VERTEX_POINT('',#3292);
#1185=VERTEX_POINT('',#3294);
#1186=VERTEX_POINT('',#3296);
#1187=VERTEX_POINT('',#3298);
#1188=VERTEX_POINT('',#3300);
#1189=VERTEX_POINT('',#3302);
#1190=VERTEX_POINT('',#3304);
#1191=VERTEX_POINT('',#3306);
#1192=VERTEX_POINT('',#3308);
#1193=VERTEX_POINT('',#3310);
#1194=VERTEX_POINT('',#3312);
#1195=VERTEX_POINT('',#3314);
#1196=VERTEX_POINT('',#3316);
#1197=VERTEX_POINT('',#3318);
#1198=VERTEX_POINT('',#3320);
#1199=VERTEX_POINT('',#3322);
#1200=VERTEX_POINT('',#3324);
#1201=VERTEX_POINT('',#3329);
#1202=VERTEX_POINT('',#3333);
#1203=VERTEX_POINT('',#3336);
#1204=VERTEX_POINT('',#3340);
#1205=VERTEX_POINT('',#3342);
#1206=VERTEX_POINT('',#3346);
#1207=VERTEX_POINT('',#3348);
#1208=VERTEX_POINT('',#3350);
#1209=VERTEX_POINT('',#3352);
#1210=VERTEX_POINT('',#3355);
#1211=VERTEX_POINT('',#3358);
#1212=VERTEX_POINT('',#3360);
#1213=VERTEX_POINT('',#3362);
#1214=VERTEX_POINT('',#3364);
#1215=VERTEX_POINT('',#3369);
#1216=VERTEX_POINT('',#3371);
#1217=VERTEX_POINT('',#3373);
#1218=VERTEX_POINT('',#3375);
#1219=VERTEX_POINT('',#3377);
#1220=VERTEX_POINT('',#3379);
#1221=VERTEX_POINT('',#3385);
#1222=VERTEX_POINT('',#3387);
#1223=VERTEX_POINT('',#3391);
#1224=VERTEX_POINT('',#3393);
#1225=VERTEX_POINT('',#3397);
#1226=VERTEX_POINT('',#3398);
#1227=VERTEX_POINT('',#3403);
#1228=VERTEX_POINT('',#3404);
#1229=VERTEX_POINT('',#3406);
#1230=VERTEX_POINT('',#3408);
#1231=VERTEX_POINT('',#3412);
#1232=VERTEX_POINT('',#3413);
#1233=VERTEX_POINT('',#3415);
#1234=VERTEX_POINT('',#3418);
#1235=VERTEX_POINT('',#3420);
#1236=VERTEX_POINT('',#3422);
#1237=VERTEX_POINT('',#3424);
#1238=VERTEX_POINT('',#3429);
#1239=VERTEX_POINT('',#3435);
#1240=VERTEX_POINT('',#3437);
#1241=VERTEX_POINT('',#3440);
#1242=VERTEX_POINT('',#3442);
#1243=VERTEX_POINT('',#3444);
#1244=VERTEX_POINT('',#3446);
#1245=VERTEX_POINT('',#3448);
#1246=VERTEX_POINT('',#3450);
#1247=VERTEX_POINT('',#3454);
#1248=VERTEX_POINT('',#3456);
#1249=VERTEX_POINT('',#3458);
#1250=VERTEX_POINT('',#3506);
#1251=VERTEX_POINT('',#3508);
#1252=VERTEX_POINT('',#3512);
#1253=VERTEX_POINT('',#3514);
#1254=VERTEX_POINT('',#3518);
#1255=VERTEX_POINT('',#3522);
#1256=VERTEX_POINT('',#3526);
#1257=VERTEX_POINT('',#3527);
#1258=VERTEX_POINT('',#3529);
#1259=VERTEX_POINT('',#3531);
#1260=VERTEX_POINT('',#3535);
#1261=VERTEX_POINT('',#3537);
#1262=VERTEX_POINT('',#3541);
#1263=VERTEX_POINT('',#3545);
#1264=VERTEX_POINT('',#3546);
#1265=VERTEX_POINT('',#3551);
#1266=VERTEX_POINT('',#3555);
#1267=VERTEX_POINT('',#3556);
#1268=VERTEX_POINT('',#3558);
#1269=VERTEX_POINT('',#3560);
#1270=LINE('',#3039,#1510);
#1271=LINE('',#3042,#1511);
#1272=LINE('',#3044,#1512);
#1273=LINE('',#3048,#1513);
#1274=LINE('',#3052,#1514);
#1275=LINE('',#3056,#1515);
#1276=LINE('',#3060,#1516);
#1277=LINE('',#3064,#1517);
#1278=LINE('',#3068,#1518);
#1279=LINE('',#3072,#1519);
#1280=LINE('',#3076,#1520);
#1281=LINE('',#3080,#1521);
#1282=LINE('',#3084,#1522);
#1283=LINE('',#3088,#1523);
#1284=LINE('',#3092,#1524);
#1285=LINE('',#3094,#1525);
#1286=LINE('',#3096,#1526);
#1287=LINE('',#3099,#1527);
#1288=LINE('',#3104,#1528);
#1289=LINE('',#3106,#1529);
#1290=LINE('',#3109,#1530);
#1291=LINE('',#3114,#1531);
#1292=LINE('',#3116,#1532);
#1293=LINE('',#3119,#1533);
#1294=LINE('',#3121,#1534);
#1295=LINE('',#3123,#1535);
#1296=LINE('',#3125,#1536);
#1297=LINE('',#3127,#1537);
#1298=LINE('',#3129,#1538);
#1299=LINE('',#3136,#1539);
#1300=LINE('',#3138,#1540);
#1301=LINE('',#3140,#1541);
#1302=LINE('',#3142,#1542);
#1303=LINE('',#3144,#1543);
#1304=LINE('',#3146,#1544);
#1305=LINE('',#3148,#1545);
#1306=LINE('',#3152,#1546);
#1307=LINE('',#3155,#1547);
#1308=LINE('',#3157,#1548);
#1309=LINE('',#3159,#1549);
#1310=LINE('',#3161,#1550);
#1311=LINE('',#3163,#1551);
#1312=LINE('',#3165,#1552);
#1313=LINE('',#3170,#1553);
#1314=LINE('',#3173,#1554);
#1315=LINE('',#3175,#1555);
#1316=LINE('',#3180,#1556);
#1317=LINE('',#3183,#1557);
#1318=LINE('',#3187,#1558);
#1319=LINE('',#3191,#1559);
#1320=LINE('',#3195,#1560);
#1321=LINE('',#3199,#1561);
#1322=LINE('',#3200,#1562);
#1323=LINE('',#3202,#1563);
#1324=LINE('',#3204,#1564);
#1325=LINE('',#3210,#1565);
#1326=LINE('',#3212,#1566);
#1327=LINE('',#3214,#1567);
#1328=LINE('',#3216,#1568);
#1329=LINE('',#3218,#1569);
#1330=LINE('',#3220,#1570);
#1331=LINE('',#3222,#1571);
#1332=LINE('',#3225,#1572);
#1333=LINE('',#3226,#1573);
#1334=LINE('',#3228,#1574);
#1335=LINE('',#3231,#1575);
#1336=LINE('',#3233,#1576);
#1337=LINE('',#3235,#1577);
#1338=LINE('',#3237,#1578);
#1339=LINE('',#3238,#1579);
#1340=LINE('',#3240,#1580);
#1341=LINE('',#3242,#1581);
#1342=LINE('',#3247,#1582);
#1343=LINE('',#3248,#1583);
#1344=LINE('',#3252,#1584);
#1345=LINE('',#3256,#1585);
#1346=LINE('',#3257,#1586);
#1347=LINE('',#3259,#1587);
#1348=LINE('',#3261,#1588);
#1349=LINE('',#3262,#1589);
#1350=LINE('',#3268,#1590);
#1351=LINE('',#3270,#1591);
#1352=LINE('',#3271,#1592);
#1353=LINE('',#3273,#1593);
#1354=LINE('',#3275,#1594);
#1355=LINE('',#3277,#1595);
#1356=LINE('',#3279,#1596);
#1357=LINE('',#3283,#1597);
#1358=LINE('',#3287,#1598);
#1359=LINE('',#3291,#1599);
#1360=LINE('',#3295,#1600);
#1361=LINE('',#3299,#1601);
#1362=LINE('',#3303,#1602);
#1363=LINE('',#3307,#1603);
#1364=LINE('',#3311,#1604);
#1365=LINE('',#3315,#1605);
#1366=LINE('',#3319,#1606);
#1367=LINE('',#3323,#1607);
#1368=LINE('',#3327,#1608);
#1369=LINE('',#3328,#1609);
#1370=LINE('',#3330,#1610);
#1371=LINE('',#3332,#1611);
#1372=LINE('',#3334,#1612);
#1373=LINE('',#3335,#1613);
#1374=LINE('',#3337,#1614);
#1375=LINE('',#3339,#1615);
#1376=LINE('',#3341,#1616);
#1377=LINE('',#3343,#1617);
#1378=LINE('',#3345,#1618);
#1379=LINE('',#3349,#1619);
#1380=LINE('',#3353,#1620);
#1381=LINE('',#3354,#1621);
#1382=LINE('',#3356,#1622);
#1383=LINE('',#3357,#1623);
#1384=LINE('',#3361,#1624);
#1385=LINE('',#3365,#1625);
#1386=LINE('',#3367,#1626);
#1387=LINE('',#3370,#1627);
#1388=LINE('',#3374,#1628);
#1389=LINE('',#3378,#1629);
#1390=LINE('',#3381,#1630);
#1391=LINE('',#3384,#1631);
#1392=LINE('',#3386,#1632);
#1393=LINE('',#3388,#1633);
#1394=LINE('',#3390,#1634);
#1395=LINE('',#3392,#1635);
#1396=LINE('',#3394,#1636);
#1397=LINE('',#3396,#1637);
#1398=LINE('',#3399,#1638);
#1399=LINE('',#3400,#1639);
#1400=LINE('',#3402,#1640);
#1401=LINE('',#3405,#1641);
#1402=LINE('',#3407,#1642);
#1403=LINE('',#3409,#1643);
#1404=LINE('',#3411,#1644);
#1405=LINE('',#3416,#1645);
#1406=LINE('',#3417,#1646);
#1407=LINE('',#3421,#1647);
#1408=LINE('',#3425,#1648);
#1409=LINE('',#3426,#1649);
#1410=LINE('',#3427,#1650);
#1411=LINE('',#3428,#1651);
#1412=LINE('',#3432,#1652);
#1413=LINE('',#3434,#1653);
#1414=LINE('',#3436,#1654);
#1415=LINE('',#3438,#1655);
#1416=LINE('',#3441,#1656);
#1417=LINE('',#3445,#1657);
#1418=LINE('',#3449,#1658);
#1419=LINE('',#3453,#1659);
#1420=LINE('',#3455,#1660);
#1421=LINE('',#3457,#1661);
#1422=LINE('',#3459,#1662);
#1423=LINE('',#3460,#1663);
#1424=LINE('',#3464,#1664);
#1425=LINE('',#3465,#1665);
#1426=LINE('',#3467,#1666);
#1427=LINE('',#3468,#1667);
#1428=LINE('',#3470,#1668);
#1429=LINE('',#3471,#1669);
#1430=LINE('',#3477,#1670);
#1431=LINE('',#3478,#1671);
#1432=LINE('',#3480,#1672);
#1433=LINE('',#3481,#1673);
#1434=LINE('',#3483,#1674);
#1435=LINE('',#3484,#1675);
#1436=LINE('',#3490,#1676);
#1437=LINE('',#3491,#1677);
#1438=LINE('',#3493,#1678);
#1439=LINE('',#3494,#1679);
#1440=LINE('',#3496,#1680);
#1441=LINE('',#3497,#1681);
#1442=LINE('',#3505,#1682);
#1443=LINE('',#3507,#1683);
#1444=LINE('',#3509,#1684);
#1445=LINE('',#3511,#1685);
#1446=LINE('',#3513,#1686);
#1447=LINE('',#3515,#1687);
#1448=LINE('',#3517,#1688);
#1449=LINE('',#3519,#1689);
#1450=LINE('',#3521,#1690);
#1451=LINE('',#3523,#1691);
#1452=LINE('',#3525,#1692);
#1453=LINE('',#3528,#1693);
#1454=LINE('',#3530,#1694);
#1455=LINE('',#3532,#1695);
#1456=LINE('',#3534,#1696);
#1457=LINE('',#3536,#1697);
#1458=LINE('',#3538,#1698);
#1459=LINE('',#3540,#1699);
#1460=LINE('',#3542,#1700);
#1461=LINE('',#3544,#1701);
#1462=LINE('',#3547,#1702);
#1463=LINE('',#3548,#1703);
#1464=LINE('',#3550,#1704);
#1465=LINE('',#3552,#1705);
#1466=LINE('',#3554,#1706);
#1467=LINE('',#3557,#1707);
#1468=LINE('',#3559,#1708);
#1469=LINE('',#3561,#1709);
#1470=LINE('',#3563,#1710);
#1471=LINE('',#3564,#1711);
#1472=LINE('',#3566,#1712);
#1473=LINE('',#3568,#1713);
#1474=LINE('',#3570,#1714);
#1475=LINE('',#3572,#1715);
#1476=LINE('',#3574,#1716);
#1477=LINE('',#3576,#1717);
#1478=LINE('',#3579,#1718);
#1479=LINE('',#3581,#1719);
#1480=LINE('',#3582,#1720);
#1481=LINE('',#3584,#1721);
#1482=LINE('',#3586,#1722);
#1483=LINE('',#3588,#1723);
#1484=LINE('',#3590,#1724);
#1485=LINE('',#3592,#1725);
#1486=LINE('',#3595,#1726);
#1487=LINE('',#3597,#1727);
#1488=LINE('',#3598,#1728);
#1489=LINE('',#3600,#1729);
#1490=LINE('',#3604,#1730);
#1491=LINE('',#3606,#1731);
#1492=LINE('',#3607,#1732);
#1493=LINE('',#3609,#1733);
#1494=LINE('',#3613,#1734);
#1495=LINE('',#3615,#1735);
#1496=LINE('',#3616,#1736);
#1497=LINE('',#3618,#1737);
#1498=LINE('',#3622,#1738);
#1499=LINE('',#3624,#1739);
#1500=LINE('',#3625,#1740);
#1501=LINE('',#3627,#1741);
#1502=LINE('',#3631,#1742);
#1503=LINE('',#3633,#1743);
#1504=LINE('',#3634,#1744);
#1505=LINE('',#3636,#1745);
#1506=LINE('',#3640,#1746);
#1507=LINE('',#3642,#1747);
#1508=LINE('',#3643,#1748);
#1509=LINE('',#3645,#1749);
#1510=VECTOR('',#2407,1.);
#1511=VECTOR('',#2408,1.);
#1512=VECTOR('',#2409,1.);
#1513=VECTOR('',#2412,1.);
#1514=VECTOR('',#2415,1.);
#1515=VECTOR('',#2418,1.);
#1516=VECTOR('',#2421,1.);
#1517=VECTOR('',#2424,1.);
#1518=VECTOR('',#2427,1.);
#1519=VECTOR('',#2430,1.);
#1520=VECTOR('',#2433,1.);
#1521=VECTOR('',#2436,1.);
#1522=VECTOR('',#2439,1.);
#1523=VECTOR('',#2442,1.);
#1524=VECTOR('',#2445,1.);
#1525=VECTOR('',#2446,1.);
#1526=VECTOR('',#2449,1.);
#1527=VECTOR('',#2450,1.);
#1528=VECTOR('',#2455,1.);
#1529=VECTOR('',#2458,1.);
#1530=VECTOR('',#2459,1.);
#1531=VECTOR('',#2464,1.);
#1532=VECTOR('',#2467,1.);
#1533=VECTOR('',#2468,1.);
#1534=VECTOR('',#2469,1.);
#1535=VECTOR('',#2470,1.);
#1536=VECTOR('',#2471,1.);
#1537=VECTOR('',#2472,1.);
#1538=VECTOR('',#2473,1.);
#1539=VECTOR('',#2482,1.);
#1540=VECTOR('',#2483,1.);
#1541=VECTOR('',#2484,1.);
#1542=VECTOR('',#2485,1.);
#1543=VECTOR('',#2486,1.);
#1544=VECTOR('',#2487,1.);
#1545=VECTOR('',#2488,1.);
#1546=VECTOR('',#2493,1.);
#1547=VECTOR('',#2494,1.);
#1548=VECTOR('',#2495,1.);
#1549=VECTOR('',#2496,1.);
#1550=VECTOR('',#2497,1.);
#1551=VECTOR('',#2498,1.);
#1552=VECTOR('',#2499,1.);
#1553=VECTOR('',#2506,1.);
#1554=VECTOR('',#2507,1.);
#1555=VECTOR('',#2508,1.);
#1556=VECTOR('',#2515,1.);
#1557=VECTOR('',#2516,1.);
#1558=VECTOR('',#2519,1.);
#1559=VECTOR('',#2522,1.);
#1560=VECTOR('',#2525,1.);
#1561=VECTOR('',#2528,1.);
#1562=VECTOR('',#2529,1.);
#1563=VECTOR('',#2530,1.);
#1564=VECTOR('',#2533,1.);
#1565=VECTOR('',#2538,1.);
#1566=VECTOR('',#2539,1.);
#1567=VECTOR('',#2540,1.);
#1568=VECTOR('',#2541,1.);
#1569=VECTOR('',#2542,1.);
#1570=VECTOR('',#2543,1.);
#1571=VECTOR('',#2546,1.);
#1572=VECTOR('',#2547,1.);
#1573=VECTOR('',#2548,1.);
#1574=VECTOR('',#2551,1.);
#1575=VECTOR('',#2552,1.);
#1576=VECTOR('',#2553,1.);
#1577=VECTOR('',#2554,1.);
#1578=VECTOR('',#2555,1.);
#1579=VECTOR('',#2556,1.);
#1580=VECTOR('',#2557,1.);
#1581=VECTOR('',#2560,1.);
#1582=VECTOR('',#2563,1.);
#1583=VECTOR('',#2564,1.);
#1584=VECTOR('',#2567,1.);
#1585=VECTOR('',#2570,1.);
#1586=VECTOR('',#2571,1.);
#1587=VECTOR('',#2572,1.);
#1588=VECTOR('',#2573,1.);
#1589=VECTOR('',#2574,1.);
#1590=VECTOR('',#2581,1.);
#1591=VECTOR('',#2582,1.);
#1592=VECTOR('',#2583,1.);
#1593=VECTOR('',#2586,1.);
#1594=VECTOR('',#2587,1.);
#1595=VECTOR('',#2588,1.);
#1596=VECTOR('',#2589,1.);
#1597=VECTOR('',#2592,1.);
#1598=VECTOR('',#2595,1.);
#1599=VECTOR('',#2598,1.);
#1600=VECTOR('',#2601,1.);
#1601=VECTOR('',#2604,1.);
#1602=VECTOR('',#2607,1.);
#1603=VECTOR('',#2610,1.);
#1604=VECTOR('',#2613,1.);
#1605=VECTOR('',#2616,1.);
#1606=VECTOR('',#2619,1.);
#1607=VECTOR('',#2622,1.);
#1608=VECTOR('',#2627,1.);
#1609=VECTOR('',#2628,1.);
#1610=VECTOR('',#2629,1.);
#1611=VECTOR('',#2632,1.);
#1612=VECTOR('',#2633,1.);
#1613=VECTOR('',#2634,1.);
#1614=VECTOR('',#2635,1.);
#1615=VECTOR('',#2638,1.);
#1616=VECTOR('',#2639,1.);
#1617=VECTOR('',#2640,1.);
#1618=VECTOR('',#2643,1.);
#1619=VECTOR('',#2646,1.);
#1620=VECTOR('',#2649,1.);
#1621=VECTOR('',#2650,1.);
#1622=VECTOR('',#2651,1.);
#1623=VECTOR('',#2652,1.);
#1624=VECTOR('',#2655,1.);
#1625=VECTOR('',#2658,1.);
#1626=VECTOR('',#2661,1.);
#1627=VECTOR('',#2664,1.);
#1628=VECTOR('',#2667,1.);
#1629=VECTOR('',#2670,1.);
#1630=VECTOR('',#2673,1.);
#1631=VECTOR('',#2678,1.);
#1632=VECTOR('',#2679,1.);
#1633=VECTOR('',#2680,1.);
#1634=VECTOR('',#2683,1.);
#1635=VECTOR('',#2684,1.);
#1636=VECTOR('',#2685,1.);
#1637=VECTOR('',#2688,1.);
#1638=VECTOR('',#2689,1.);
#1639=VECTOR('',#2690,1.);
#1640=VECTOR('',#2693,1.);
#1641=VECTOR('',#2694,1.);
#1642=VECTOR('',#2695,1.);
#1643=VECTOR('',#2696,1.);
#1644=VECTOR('',#2699,1.);
#1645=VECTOR('',#2702,1.);
#1646=VECTOR('',#2703,1.);
#1647=VECTOR('',#2706,1.);
#1648=VECTOR('',#2709,1.);
#1649=VECTOR('',#2710,1.);
#1650=VECTOR('',#2711,1.);
#1651=VECTOR('',#2712,1.);
#1652=VECTOR('',#2717,1.);
#1653=VECTOR('',#2720,1.);
#1654=VECTOR('',#2721,1.);
#1655=VECTOR('',#2722,1.);
#1656=VECTOR('',#2725,1.);
#1657=VECTOR('',#2728,1.);
#1658=VECTOR('',#2731,1.);
#1659=VECTOR('',#2736,1.);
#1660=VECTOR('',#2737,1.);
#1661=VECTOR('',#2738,1.);
#1662=VECTOR('',#2739,1.);
#1663=VECTOR('',#2740,1.);
#1664=VECTOR('',#2747,1.);
#1665=VECTOR('',#2748,1.);
#1666=VECTOR('',#2751,1.);
#1667=VECTOR('',#2752,1.);
#1668=VECTOR('',#2755,1.);
#1669=VECTOR('',#2756,1.);
#1670=VECTOR('',#2767,1.);
#1671=VECTOR('',#2768,1.);
#1672=VECTOR('',#2771,1.);
#1673=VECTOR('',#2772,1.);
#1674=VECTOR('',#2775,1.);
#1675=VECTOR('',#2776,1.);
#1676=VECTOR('',#2787,1.);
#1677=VECTOR('',#2788,1.);
#1678=VECTOR('',#2791,1.);
#1679=VECTOR('',#2792,1.);
#1680=VECTOR('',#2795,1.);
#1681=VECTOR('',#2796,1.);
#1682=VECTOR('',#2811,1.);
#1683=VECTOR('',#2812,1.);
#1684=VECTOR('',#2813,1.);
#1685=VECTOR('',#2816,1.);
#1686=VECTOR('',#2817,1.);
#1687=VECTOR('',#2818,1.);
#1688=VECTOR('',#2821,1.);
#1689=VECTOR('',#2822,1.);
#1690=VECTOR('',#2825,1.);
#1691=VECTOR('',#2826,1.);
#1692=VECTOR('',#2829,1.);
#1693=VECTOR('',#2830,1.);
#1694=VECTOR('',#2831,1.);
#1695=VECTOR('',#2832,1.);
#1696=VECTOR('',#2835,1.);
#1697=VECTOR('',#2836,1.);
#1698=VECTOR('',#2837,1.);
#1699=VECTOR('',#2840,1.);
#1700=VECTOR('',#2841,1.);
#1701=VECTOR('',#2844,1.);
#1702=VECTOR('',#2845,1.);
#1703=VECTOR('',#2846,1.);
#1704=VECTOR('',#2849,1.);
#1705=VECTOR('',#2850,1.);
#1706=VECTOR('',#2853,1.);
#1707=VECTOR('',#2854,1.);
#1708=VECTOR('',#2855,1.);
#1709=VECTOR('',#2856,1.);
#1710=VECTOR('',#2859,1.);
#1711=VECTOR('',#2860,1.);
#1712=VECTOR('',#2863,1.);
#1713=VECTOR('',#2866,1.);
#1714=VECTOR('',#2869,1.);
#1715=VECTOR('',#2872,1.);
#1716=VECTOR('',#2875,1.);
#1717=VECTOR('',#2878,1.);
#1718=VECTOR('',#2883,1.);
#1719=VECTOR('',#2886,1.);
#1720=VECTOR('',#2887,1.);
#1721=VECTOR('',#2890,1.);
#1722=VECTOR('',#2893,1.);
#1723=VECTOR('',#2896,1.);
#1724=VECTOR('',#2899,1.);
#1725=VECTOR('',#2902,1.);
#1726=VECTOR('',#2907,1.);
#1727=VECTOR('',#2910,1.);
#1728=VECTOR('',#2911,1.);
#1729=VECTOR('',#2914,1.);
#1730=VECTOR('',#2921,1.);
#1731=VECTOR('',#2924,1.);
#1732=VECTOR('',#2925,1.);
#1733=VECTOR('',#2928,1.);
#1734=VECTOR('',#2935,1.);
#1735=VECTOR('',#2938,1.);
#1736=VECTOR('',#2939,1.);
#1737=VECTOR('',#2942,1.);
#1738=VECTOR('',#2949,1.);
#1739=VECTOR('',#2952,1.);
#1740=VECTOR('',#2953,1.);
#1741=VECTOR('',#2956,1.);
#1742=VECTOR('',#2963,1.);
#1743=VECTOR('',#2966,1.);
#1744=VECTOR('',#2967,1.);
#1745=VECTOR('',#2970,1.);
#1746=VECTOR('',#2977,1.);
#1747=VECTOR('',#2980,1.);
#1748=VECTOR('',#2981,1.);
#1749=VECTOR('',#2984,1.);
#1750=EDGE_LOOP('',(#124,#125,#126,#127,#128,#129,#130,#131,#132,#133,#134,
#135,#136,#137,#138,#139,#140,#141,#142,#143,#144,#145,#146,#147,#148,#149,
#150,#151));
#1751=EDGE_LOOP('',(#152,#153,#154,#155,#156,#157));
#1752=EDGE_LOOP('',(#158,#159,#160,#161,#162,#163));
#1753=EDGE_LOOP('',(#164,#165,#166,#167,#168,#169,#170,#171,#172,#173));
#1754=EDGE_LOOP('',(#174,#175,#176,#177,#178,#179,#180,#181,#182,#183));
#1755=EDGE_LOOP('',(#184,#185,#186,#187,#188,#189,#190,#191,#192,#193));
#1756=EDGE_LOOP('',(#194,#195,#196,#197,#198,#199));
#1757=EDGE_LOOP('',(#200,#201,#202,#203,#204,#205,#206,#207,#208,#209,#210,
#211));
#1758=EDGE_LOOP('',(#212,#213,#214,#215,#216,#217,#218,#219,#220,#221));
#1759=EDGE_LOOP('',(#222,#223,#224,#225));
#1760=EDGE_LOOP('',(#226,#227,#228,#229,#230,#231,#232,#233));
#1761=EDGE_LOOP('',(#234,#235,#236,#237,#238,#239,#240,#241,#242,#243,#244,
#245,#246,#247,#248,#249));
#1762=EDGE_LOOP('',(#250,#251,#252,#253,#254,#255));
#1763=EDGE_LOOP('',(#256,#257,#258,#259,#260,#261,#262,#263,#264,#265,#266,
#267,#268,#269,#270,#271,#272,#273,#274,#275,#276,#277,#278,#279,#280,#281,
#282,#283));
#1764=EDGE_LOOP('',(#284,#285,#286,#287,#288,#289));
#1765=EDGE_LOOP('',(#290,#291,#292,#293,#294,#295));
#1766=EDGE_LOOP('',(#296,#297,#298,#299));
#1767=EDGE_LOOP('',(#300,#301,#302,#303,#304,#305,#306,#307,#308,#309,#310,
#311,#312,#313,#314,#315));
#1768=EDGE_LOOP('',(#316,#317,#318,#319,#320,#321,#322,#323,#324,#325,#326,
#327));
#1769=EDGE_LOOP('',(#328,#329,#330,#331,#332,#333));
#1770=EDGE_LOOP('',(#334,#335,#336,#337));
#1771=EDGE_LOOP('',(#338,#339,#340,#341));
#1772=EDGE_LOOP('',(#342,#343,#344,#345));
#1773=EDGE_LOOP('',(#346,#347,#348,#349,#350,#351,#352,#353,#354,#355,#356,
#357,#358,#359,#360,#361));
#1774=EDGE_LOOP('',(#362,#363,#364,#365));
#1775=EDGE_LOOP('',(#366,#367,#368,#369,#370,#371,#372,#373,#374,#375,#376,
#377));
#1776=EDGE_LOOP('',(#378,#379,#380,#381,#382,#383,#384,#385));
#1777=EDGE_LOOP('',(#386,#387,#388,#389));
#1778=EDGE_LOOP('',(#390,#391,#392,#393));
#1779=EDGE_LOOP('',(#394,#395,#396,#397));
#1780=EDGE_LOOP('',(#398,#399,#400,#401));
#1781=EDGE_LOOP('',(#402,#403,#404,#405));
#1782=EDGE_LOOP('',(#406,#407,#408,#409));
#1783=EDGE_LOOP('',(#410,#411,#412,#413));
#1784=EDGE_LOOP('',(#414,#415,#416,#417));
#1785=EDGE_LOOP('',(#418,#419,#420,#421));
#1786=EDGE_LOOP('',(#422,#423,#424,#425));
#1787=EDGE_LOOP('',(#426,#427,#428,#429));
#1788=EDGE_LOOP('',(#430,#431,#432,#433));
#1789=EDGE_LOOP('',(#434,#435,#436,#437));
#1790=EDGE_LOOP('',(#438,#439,#440,#441));
#1791=EDGE_LOOP('',(#442,#443,#444,#445));
#1792=EDGE_LOOP('',(#446,#447,#448,#449));
#1793=EDGE_LOOP('',(#450,#451,#452,#453));
#1794=EDGE_LOOP('',(#454,#455,#456,#457));
#1795=EDGE_LOOP('',(#458,#459,#460,#461));
#1796=EDGE_LOOP('',(#462,#463,#464,#465));
#1797=EDGE_LOOP('',(#466,#467,#468,#469));
#1798=EDGE_LOOP('',(#470,#471,#472,#473));
#1799=EDGE_LOOP('',(#474,#475,#476,#477));
#1800=EDGE_LOOP('',(#478,#479,#480,#481));
#1801=EDGE_LOOP('',(#482,#483,#484,#485));
#1802=EDGE_LOOP('',(#486,#487,#488,#489));
#1803=EDGE_LOOP('',(#490,#491,#492,#493));
#1804=EDGE_LOOP('',(#494,#495,#496,#497));
#1805=EDGE_LOOP('',(#498,#499,#500,#501,#502));
#1806=EDGE_LOOP('',(#503,#504,#505,#506));
#1807=EDGE_LOOP('',(#507,#508,#509,#510));
#1808=EDGE_LOOP('',(#511,#512,#513,#514));
#1809=EDGE_LOOP('',(#515,#516,#517,#518));
#1810=EDGE_LOOP('',(#519,#520,#521,#522,#523));
#1811=EDGE_LOOP('',(#524,#525,#526,#527));
#1812=EDGE_LOOP('',(#528,#529,#530,#531));
#1813=EDGE_LOOP('',(#532,#533,#534,#535));
#1814=EDGE_LOOP('',(#536,#537,#538,#539));
#1815=EDGE_LOOP('',(#540,#541,#542));
#1816=EDGE_LOOP('',(#543,#544,#545,#546));
#1817=EDGE_LOOP('',(#547,#548,#549,#550));
#1818=EDGE_LOOP('',(#551,#552,#553));
#1819=EDGE_LOOP('',(#554,#555,#556,#557,#558,#559));
#1820=EDGE_LOOP('',(#560,#561,#562,#563));
#1821=EDGE_LOOP('',(#564,#565,#566,#567));
#1822=EDGE_LOOP('',(#568,#569,#570));
#1823=EDGE_LOOP('',(#571,#572,#573,#574));
#1824=EDGE_LOOP('',(#575,#576,#577,#578));
#1825=EDGE_LOOP('',(#579,#580,#581,#582));
#1826=EDGE_LOOP('',(#583,#584,#585));
#1827=EDGE_LOOP('',(#586,#587,#588,#589,#590,#591));
#1828=EDGE_LOOP('',(#592,#593,#594));
#1829=EDGE_LOOP('',(#595,#596,#597,#598));
#1830=EDGE_LOOP('',(#599,#600,#601));
#1831=EDGE_LOOP('',(#602,#603,#604,#605,#606));
#1832=EDGE_LOOP('',(#607,#608,#609,#610,#611));
#1833=EDGE_LOOP('',(#612,#613,#614));
#1834=EDGE_LOOP('',(#615,#616,#617,#618));
#1835=EDGE_LOOP('',(#619,#620,#621));
#1836=EDGE_LOOP('',(#622,#623,#624,#625,#626));
#1837=EDGE_LOOP('',(#627,#628,#629,#630,#631));
#1838=EDGE_LOOP('',(#632,#633,#634));
#1839=EDGE_LOOP('',(#635,#636,#637,#638));
#1840=EDGE_LOOP('',(#639,#640,#641));
#1841=EDGE_LOOP('',(#642,#643,#644,#645,#646));
#1842=EDGE_LOOP('',(#647,#648,#649,#650,#651));
#1843=EDGE_LOOP('',(#652,#653,#654));
#1844=EDGE_LOOP('',(#655,#656,#657,#658));
#1845=EDGE_LOOP('',(#659,#660,#661));
#1846=EDGE_LOOP('',(#662,#663,#664,#665,#666));
#1847=EDGE_LOOP('',(#667,#668,#669,#670,#671));
#1848=EDGE_LOOP('',(#672,#673,#674));
#1849=EDGE_LOOP('',(#675,#676,#677,#678));
#1850=EDGE_LOOP('',(#679,#680,#681));
#1851=EDGE_LOOP('',(#682,#683,#684,#685,#686));
#1852=EDGE_LOOP('',(#687,#688,#689,#690,#691));
#1853=EDGE_LOOP('',(#692,#693,#694));
#1854=EDGE_LOOP('',(#695,#696,#697,#698));
#1855=EDGE_LOOP('',(#699,#700,#701));
#1856=EDGE_LOOP('',(#702,#703,#704,#705,#706));
#1857=EDGE_LOOP('',(#707,#708,#709,#710,#711));
#1858=EDGE_LOOP('',(#712,#713,#714,#715));
#1859=EDGE_LOOP('',(#716,#717,#718));
#1860=EDGE_LOOP('',(#719,#720,#721,#722));
#1861=EDGE_LOOP('',(#723,#724,#725,#726));
#1862=EDGE_LOOP('',(#727,#728,#729,#730));
#1863=EDGE_LOOP('',(#731,#732,#733,#734));
#1864=EDGE_LOOP('',(#735,#736,#737));
#1865=EDGE_LOOP('',(#738,#739,#740));
#1866=EDGE_LOOP('',(#741,#742,#743,#744));
#1867=EDGE_LOOP('',(#745,#746,#747,#748));
#1868=EDGE_LOOP('',(#749,#750,#751));
#1869=EDGE_LOOP('',(#752,#753,#754,#755));
#1870=FACE_BOUND('',#1750,.T.);
#1871=FACE_BOUND('',#1751,.T.);
#1872=FACE_BOUND('',#1752,.T.);
#1873=FACE_BOUND('',#1753,.T.);
#1874=FACE_BOUND('',#1754,.T.);
#1875=FACE_BOUND('',#1755,.T.);
#1876=FACE_BOUND('',#1756,.T.);
#1877=FACE_BOUND('',#1757,.T.);
#1878=FACE_BOUND('',#1758,.T.);
#1879=FACE_BOUND('',#1759,.T.);
#1880=FACE_BOUND('',#1760,.T.);
#1881=FACE_BOUND('',#1761,.T.);
#1882=FACE_BOUND('',#1762,.T.);
#1883=FACE_BOUND('',#1763,.T.);
#1884=FACE_BOUND('',#1764,.T.);
#1885=FACE_BOUND('',#1765,.T.);
#1886=FACE_BOUND('',#1766,.T.);
#1887=FACE_BOUND('',#1767,.T.);
#1888=FACE_BOUND('',#1768,.T.);
#1889=FACE_BOUND('',#1769,.T.);
#1890=FACE_BOUND('',#1770,.T.);
#1891=FACE_BOUND('',#1771,.T.);
#1892=FACE_BOUND('',#1772,.T.);
#1893=FACE_BOUND('',#1773,.T.);
#1894=FACE_BOUND('',#1774,.T.);
#1895=FACE_BOUND('',#1775,.T.);
#1896=FACE_BOUND('',#1776,.T.);
#1897=FACE_BOUND('',#1777,.T.);
#1898=FACE_BOUND('',#1778,.T.);
#1899=FACE_BOUND('',#1779,.T.);
#1900=FACE_BOUND('',#1780,.T.);
#1901=FACE_BOUND('',#1781,.T.);
#1902=FACE_BOUND('',#1782,.T.);
#1903=FACE_BOUND('',#1783,.T.);
#1904=FACE_BOUND('',#1784,.T.);
#1905=FACE_BOUND('',#1785,.T.);
#1906=FACE_BOUND('',#1786,.T.);
#1907=FACE_BOUND('',#1787,.T.);
#1908=FACE_BOUND('',#1788,.T.);
#1909=FACE_BOUND('',#1789,.T.);
#1910=FACE_BOUND('',#1790,.T.);
#1911=FACE_BOUND('',#1791,.T.);
#1912=FACE_BOUND('',#1792,.T.);
#1913=FACE_BOUND('',#1793,.T.);
#1914=FACE_BOUND('',#1794,.T.);
#1915=FACE_BOUND('',#1795,.T.);
#1916=FACE_BOUND('',#1796,.T.);
#1917=FACE_BOUND('',#1797,.T.);
#1918=FACE_BOUND('',#1798,.T.);
#1919=FACE_BOUND('',#1799,.T.);
#1920=FACE_BOUND('',#1800,.T.);
#1921=FACE_BOUND('',#1801,.T.);
#1922=FACE_BOUND('',#1802,.T.);
#1923=FACE_BOUND('',#1803,.T.);
#1924=FACE_BOUND('',#1804,.T.);
#1925=FACE_BOUND('',#1805,.T.);
#1926=FACE_BOUND('',#1806,.T.);
#1927=FACE_BOUND('',#1807,.T.);
#1928=FACE_BOUND('',#1808,.T.);
#1929=FACE_BOUND('',#1809,.T.);
#1930=FACE_BOUND('',#1810,.T.);
#1931=FACE_BOUND('',#1811,.T.);
#1932=FACE_BOUND('',#1812,.T.);
#1933=FACE_BOUND('',#1813,.T.);
#1934=FACE_BOUND('',#1814,.T.);
#1935=FACE_BOUND('',#1815,.T.);
#1936=FACE_BOUND('',#1816,.T.);
#1937=FACE_BOUND('',#1817,.T.);
#1938=FACE_BOUND('',#1818,.T.);
#1939=FACE_BOUND('',#1819,.T.);
#1940=FACE_BOUND('',#1820,.T.);
#1941=FACE_BOUND('',#1821,.T.);
#1942=FACE_BOUND('',#1822,.T.);
#1943=FACE_BOUND('',#1823,.T.);
#1944=FACE_BOUND('',#1824,.T.);
#1945=FACE_BOUND('',#1825,.T.);
#1946=FACE_BOUND('',#1826,.T.);
#1947=FACE_BOUND('',#1827,.T.);
#1948=FACE_BOUND('',#1828,.T.);
#1949=FACE_BOUND('',#1829,.T.);
#1950=FACE_BOUND('',#1830,.T.);
#1951=FACE_BOUND('',#1831,.T.);
#1952=FACE_BOUND('',#1832,.T.);
#1953=FACE_BOUND('',#1833,.T.);
#1954=FACE_BOUND('',#1834,.T.);
#1955=FACE_BOUND('',#1835,.T.);
#1956=FACE_BOUND('',#1836,.T.);
#1957=FACE_BOUND('',#1837,.T.);
#1958=FACE_BOUND('',#1838,.T.);
#1959=FACE_BOUND('',#1839,.T.);
#1960=FACE_BOUND('',#1840,.T.);
#1961=FACE_BOUND('',#1841,.T.);
#1962=FACE_BOUND('',#1842,.T.);
#1963=FACE_BOUND('',#1843,.T.);
#1964=FACE_BOUND('',#1844,.T.);
#1965=FACE_BOUND('',#1845,.T.);
#1966=FACE_BOUND('',#1846,.T.);
#1967=FACE_BOUND('',#1847,.T.);
#1968=FACE_BOUND('',#1848,.T.);
#1969=FACE_BOUND('',#1849,.T.);
#1970=FACE_BOUND('',#1850,.T.);
#1971=FACE_BOUND('',#1851,.T.);
#1972=FACE_BOUND('',#1852,.T.);
#1973=FACE_BOUND('',#1853,.T.);
#1974=FACE_BOUND('',#1854,.T.);
#1975=FACE_BOUND('',#1855,.T.);
#1976=FACE_BOUND('',#1856,.T.);
#1977=FACE_BOUND('',#1857,.T.);
#1978=FACE_BOUND('',#1858,.T.);
#1979=FACE_BOUND('',#1859,.T.);
#1980=FACE_BOUND('',#1860,.T.);
#1981=FACE_BOUND('',#1861,.T.);
#1982=FACE_BOUND('',#1862,.T.);
#1983=FACE_BOUND('',#1863,.T.);
#1984=FACE_BOUND('',#1864,.T.);
#1985=FACE_BOUND('',#1865,.T.);
#1986=FACE_BOUND('',#1866,.T.);
#1987=FACE_BOUND('',#1867,.T.);
#1988=FACE_BOUND('',#1868,.T.);
#1989=FACE_BOUND('',#1869,.T.);
#1990=PLANE('',#2207);
#1991=PLANE('',#2220);
#1992=PLANE('',#2223);
#1993=PLANE('',#2226);
#1994=PLANE('',#2229);
#1995=PLANE('',#2232);
#1996=PLANE('',#2235);
#1997=PLANE('',#2238);
#1998=PLANE('',#2243);
#1999=PLANE('',#2246);
#2000=PLANE('',#2247);
#2001=PLANE('',#2248);
#2002=PLANE('',#2253);
#2003=PLANE('',#2255);
#2004=PLANE('',#2268);
#2005=PLANE('',#2269);
#2006=PLANE('',#2270);
#2007=PLANE('',#2271);
#2008=PLANE('',#2276);
#2009=PLANE('',#2281);
#2010=PLANE('',#2283);
#2011=PLANE('',#2284);
#2012=PLANE('',#2285);
#2013=PLANE('',#2286);
#2014=PLANE('',#2291);
#2015=PLANE('',#2292);
#2016=PLANE('',#2297);
#2017=PLANE('',#2298);
#2018=PLANE('',#2299);
#2019=PLANE('',#2300);
#2020=PLANE('',#2301);
#2021=PLANE('',#2302);
#2022=PLANE('',#2307);
#2023=PLANE('',#2308);
#2024=PLANE('',#2309);
#2025=PLANE('',#2314);
#2026=PLANE('',#2315);
#2027=PLANE('',#2316);
#2028=PLANE('',#2321);
#2029=PLANE('',#2322);
#2030=PLANE('',#2323);
#2031=PLANE('',#2324);
#2032=PLANE('',#2325);
#2033=PLANE('',#2326);
#2034=PLANE('',#2327);
#2035=PLANE('',#2328);
#2036=PLANE('',#2329);
#2037=PLANE('',#2330);
#2038=PLANE('',#2331);
#2039=PLANE('',#2332);
#2040=PLANE('',#2333);
#2041=PLANE('',#2334);
#2042=PLANE('',#2335);
#2043=PLANE('',#2336);
#2044=PLANE('',#2337);
#2045=PLANE('',#2338);
#2046=PLANE('',#2339);
#2047=PLANE('',#2340);
#2048=PLANE('',#2341);
#2049=PLANE('',#2342);
#2050=PLANE('',#2343);
#2051=PLANE('',#2344);
#2052=PLANE('',#2345);
#2053=PLANE('',#2346);
#2054=PLANE('',#2347);
#2055=PLANE('',#2348);
#2056=PLANE('',#2349);
#2057=PLANE('',#2350);
#2058=PLANE('',#2351);
#2059=PLANE('',#2354);
#2060=PLANE('',#2355);
#2061=PLANE('',#2356);
#2062=PLANE('',#2359);
#2063=PLANE('',#2360);
#2064=PLANE('',#2361);
#2065=PLANE('',#2364);
#2066=PLANE('',#2365);
#2067=PLANE('',#2366);
#2068=PLANE('',#2369);
#2069=PLANE('',#2370);
#2070=PLANE('',#2371);
#2071=PLANE('',#2374);
#2072=PLANE('',#2375);
#2073=PLANE('',#2376);
#2074=ADVANCED_FACE('',(#1870),#1990,.F.);
#2075=ADVANCED_FACE('',(#1871),#1991,.T.);
#2076=ADVANCED_FACE('',(#1872),#1992,.T.);
#2077=ADVANCED_FACE('',(#1873),#1993,.T.);
#2078=ADVANCED_FACE('',(#1874),#1994,.T.);
#2079=ADVANCED_FACE('',(#1875),#1995,.T.);
#2080=ADVANCED_FACE('',(#1876),#1996,.T.);
#2081=ADVANCED_FACE('',(#1877),#1997,.F.);
#2082=ADVANCED_FACE('',(#1878),#1998,.T.);
#2083=ADVANCED_FACE('',(#1879),#1999,.T.);
#2084=ADVANCED_FACE('',(#1880),#2000,.F.);
#2085=ADVANCED_FACE('',(#1881),#2001,.F.);
#2086=ADVANCED_FACE('',(#1882),#2002,.T.);
#2087=ADVANCED_FACE('',(#1883),#2003,.F.);
#2088=ADVANCED_FACE('',(#1884),#2004,.T.);
#2089=ADVANCED_FACE('',(#1885),#2005,.T.);
#2090=ADVANCED_FACE('',(#1886),#2006,.F.);
#2091=ADVANCED_FACE('',(#1887),#2007,.F.);
#2092=ADVANCED_FACE('',(#1888),#2008,.F.);
#2093=ADVANCED_FACE('',(#1889),#2009,.T.);
#2094=ADVANCED_FACE('',(#1890),#2010,.F.);
#2095=ADVANCED_FACE('',(#1891),#2011,.T.);
#2096=ADVANCED_FACE('',(#1892),#2012,.T.);
#2097=ADVANCED_FACE('',(#1893),#2013,.F.);
#2098=ADVANCED_FACE('',(#1894),#2014,.F.);
#2099=ADVANCED_FACE('',(#1895),#2015,.F.);
#2100=ADVANCED_FACE('',(#1896),#2016,.F.);
#2101=ADVANCED_FACE('',(#1897),#2017,.T.);
#2102=ADVANCED_FACE('',(#1898),#2018,.F.);
#2103=ADVANCED_FACE('',(#1899),#2019,.T.);
#2104=ADVANCED_FACE('',(#1900),#2020,.F.);
#2105=ADVANCED_FACE('',(#1901),#2021,.F.);
#2106=ADVANCED_FACE('',(#1902),#16,.T.);
#2107=ADVANCED_FACE('',(#1903),#17,.T.);
#2108=ADVANCED_FACE('',(#1904),#18,.F.);
#2109=ADVANCED_FACE('',(#1905),#19,.F.);
#2110=ADVANCED_FACE('',(#1906),#2022,.T.);
#2111=ADVANCED_FACE('',(#1907),#2023,.F.);
#2112=ADVANCED_FACE('',(#1908),#2024,.F.);
#2113=ADVANCED_FACE('',(#1909),#20,.T.);
#2114=ADVANCED_FACE('',(#1910),#21,.T.);
#2115=ADVANCED_FACE('',(#1911),#22,.F.);
#2116=ADVANCED_FACE('',(#1912),#23,.F.);
#2117=ADVANCED_FACE('',(#1913),#2025,.T.);
#2118=ADVANCED_FACE('',(#1914),#2026,.F.);
#2119=ADVANCED_FACE('',(#1915),#2027,.F.);
#2120=ADVANCED_FACE('',(#1916),#24,.T.);
#2121=ADVANCED_FACE('',(#1917),#25,.T.);
#2122=ADVANCED_FACE('',(#1918),#26,.F.);
#2123=ADVANCED_FACE('',(#1919),#27,.F.);
#2124=ADVANCED_FACE('',(#1920),#2028,.T.);
#2125=ADVANCED_FACE('',(#1921),#2029,.F.);
#2126=ADVANCED_FACE('',(#1922),#2030,.F.);
#2127=ADVANCED_FACE('',(#1923),#2031,.T.);
#2128=ADVANCED_FACE('',(#1924),#2032,.F.);
#2129=ADVANCED_FACE('',(#1925),#2033,.T.);
#2130=ADVANCED_FACE('',(#1926),#2034,.T.);
#2131=ADVANCED_FACE('',(#1927),#2035,.T.);
#2132=ADVANCED_FACE('',(#1928),#2036,.F.);
#2133=ADVANCED_FACE('',(#1929),#2037,.F.);
#2134=ADVANCED_FACE('',(#1930),#2038,.T.);
#2135=ADVANCED_FACE('',(#1931),#2039,.T.);
#2136=ADVANCED_FACE('',(#1932),#2040,.F.);
#2137=ADVANCED_FACE('',(#1933),#2041,.T.);
#2138=ADVANCED_FACE('',(#1934),#2042,.F.);
#2139=ADVANCED_FACE('',(#1935),#2043,.T.);
#2140=ADVANCED_FACE('',(#1936),#2044,.T.);
#2141=ADVANCED_FACE('',(#1937),#2045,.T.);
#2142=ADVANCED_FACE('',(#1938),#2046,.T.);
#2143=ADVANCED_FACE('',(#1939),#2047,.F.);
#2144=ADVANCED_FACE('',(#1940),#2048,.F.);
#2145=ADVANCED_FACE('',(#1941),#2049,.F.);
#2146=ADVANCED_FACE('',(#1942),#2050,.T.);
#2147=ADVANCED_FACE('',(#1943),#2051,.T.);
#2148=ADVANCED_FACE('',(#1944),#2052,.F.);
#2149=ADVANCED_FACE('',(#1945),#2053,.T.);
#2150=ADVANCED_FACE('',(#1946),#2054,.T.);
#2151=ADVANCED_FACE('',(#1947),#2055,.T.);
#2152=ADVANCED_FACE('',(#1948),#2056,.T.);
#2153=ADVANCED_FACE('',(#1949),#2057,.F.);
#2154=ADVANCED_FACE('',(#1950),#2058,.F.);
#2155=ADVANCED_FACE('',(#1951),#28,.F.);
#2156=ADVANCED_FACE('',(#1952),#29,.F.);
#2157=ADVANCED_FACE('',(#1953),#2059,.T.);
#2158=ADVANCED_FACE('',(#1954),#2060,.T.);
#2159=ADVANCED_FACE('',(#1955),#2061,.F.);
#2160=ADVANCED_FACE('',(#1956),#30,.F.);
#2161=ADVANCED_FACE('',(#1957),#31,.F.);
#2162=ADVANCED_FACE('',(#1958),#2062,.T.);
#2163=ADVANCED_FACE('',(#1959),#2063,.T.);
#2164=ADVANCED_FACE('',(#1960),#2064,.F.);
#2165=ADVANCED_FACE('',(#1961),#32,.F.);
#2166=ADVANCED_FACE('',(#1962),#33,.F.);
#2167=ADVANCED_FACE('',(#1963),#2065,.T.);
#2168=ADVANCED_FACE('',(#1964),#2066,.T.);
#2169=ADVANCED_FACE('',(#1965),#2067,.F.);
#2170=ADVANCED_FACE('',(#1966),#34,.F.);
#2171=ADVANCED_FACE('',(#1967),#35,.F.);
#2172=ADVANCED_FACE('',(#1968),#2068,.T.);
#2173=ADVANCED_FACE('',(#1969),#2069,.F.);
#2174=ADVANCED_FACE('',(#1970),#2070,.F.);
#2175=ADVANCED_FACE('',(#1971),#36,.F.);
#2176=ADVANCED_FACE('',(#1972),#37,.F.);
#2177=ADVANCED_FACE('',(#1973),#2071,.T.);
#2178=ADVANCED_FACE('',(#1974),#2072,.F.);
#2179=ADVANCED_FACE('',(#1975),#2073,.F.);
#2180=ADVANCED_FACE('',(#1976),#38,.F.);
#2181=ADVANCED_FACE('',(#1977),#39,.F.);
#2182=ADVANCED_FACE('',(#1978),#40,.T.);
#2183=ADVANCED_FACE('',(#1979),#12,.T.);
#2184=ADVANCED_FACE('',(#1980),#41,.T.);
#2185=ADVANCED_FACE('',(#1981),#42,.T.);
#2186=ADVANCED_FACE('',(#1982),#43,.T.);
#2187=ADVANCED_FACE('',(#1983),#44,.T.);
#2188=ADVANCED_FACE('',(#1984),#13,.T.);
#2189=ADVANCED_FACE('',(#1985),#14,.T.);
#2190=ADVANCED_FACE('',(#1986),#45,.T.);
#2191=ADVANCED_FACE('',(#1987),#46,.T.);
#2192=ADVANCED_FACE('',(#1988),#15,.T.);
#2193=ADVANCED_FACE('',(#1989),#47,.T.);
#2194=CLOSED_SHELL('',(#2074,#2075,#2076,#2077,#2078,#2079,#2080,#2081,
#2082,#2083,#2084,#2085,#2086,#2087,#2088,#2089,#2090,#2091,#2092,#2093,
#2094,#2095,#2096,#2097,#2098,#2099,#2100,#2101,#2102,#2103,#2104,#2105,
#2106,#2107,#2108,#2109,#2110,#2111,#2112,#2113,#2114,#2115,#2116,#2117,
#2118,#2119,#2120,#2121,#2122,#2123,#2124,#2125,#2126,#2127,#2128,#2129,
#2130,#2131,#2132,#2133,#2134,#2135,#2136,#2137,#2138,#2139,#2140,#2141,
#2142,#2143,#2144,#2145,#2146,#2147,#2148,#2149,#2150,#2151,#2152,#2153,
#2154,#2155,#2156,#2157,#2158,#2159,#2160,#2161,#2162,#2163,#2164,#2165,
#2166,#2167,#2168,#2169,#2170,#2171,#2172,#2173,#2174,#2175,#2176,#2177,
#2178,#2179,#2180,#2181,#2182,#2183,#2184,#2185,#2186,#2187,#2188,#2189,
#2190,#2191,#2192,#2193));
#2195=STYLED_ITEM('',(#2196),#2203);
#2196=PRESENTATION_STYLE_ASSIGNMENT((#2197));
#2197=SURFACE_STYLE_USAGE(.BOTH.,#2198);
#2198=SURFACE_SIDE_STYLE('',(#2199));
#2199=SURFACE_STYLE_FILL_AREA(#2200);
#2200=FILL_AREA_STYLE('',(#2201));
#2201=FILL_AREA_STYLE_COLOUR('',#2202);
#2202=COLOUR_RGB('',0.866666666666667,0.32156862745098,0.156862745098039);
#2203=MANIFOLD_SOLID_BREP('Topper',#2194);
#2204=SHAPE_DEFINITION_REPRESENTATION(#3678,#2205);
#2205=SHAPE_REPRESENTATION('Topper',(#2206),#3673);
#2206=AXIS2_PLACEMENT_3D('',#3037,#2403,#2404);
#2207=AXIS2_PLACEMENT_3D('',#3038,#2405,#2406);
#2208=AXIS2_PLACEMENT_3D('',#3046,#2410,#2411);
#2209=AXIS2_PLACEMENT_3D('',#3050,#2413,#2414);
#2210=AXIS2_PLACEMENT_3D('',#3054,#2416,#2417);
#2211=AXIS2_PLACEMENT_3D('',#3058,#2419,#2420);
#2212=AXIS2_PLACEMENT_3D('',#3062,#2422,#2423);
#2213=AXIS2_PLACEMENT_3D('',#3066,#2425,#2426);
#2214=AXIS2_PLACEMENT_3D('',#3070,#2428,#2429);
#2215=AXIS2_PLACEMENT_3D('',#3074,#2431,#2432);
#2216=AXIS2_PLACEMENT_3D('',#3078,#2434,#2435);
#2217=AXIS2_PLACEMENT_3D('',#3082,#2437,#2438);
#2218=AXIS2_PLACEMENT_3D('',#3086,#2440,#2441);
#2219=AXIS2_PLACEMENT_3D('',#3090,#2443,#2444);
#2220=AXIS2_PLACEMENT_3D('',#3095,#2447,#2448);
#2221=AXIS2_PLACEMENT_3D('',#3101,#2451,#2452);
#2222=AXIS2_PLACEMENT_3D('',#3102,#2453,#2454);
#2223=AXIS2_PLACEMENT_3D('',#3105,#2456,#2457);
#2224=AXIS2_PLACEMENT_3D('',#3111,#2460,#2461);
#2225=AXIS2_PLACEMENT_3D('',#3112,#2462,#2463);
#2226=AXIS2_PLACEMENT_3D('',#3115,#2465,#2466);
#2227=AXIS2_PLACEMENT_3D('',#3131,#2474,#2475);
#2228=AXIS2_PLACEMENT_3D('',#3132,#2476,#2477);
#2229=AXIS2_PLACEMENT_3D('',#3133,#2478,#2479);
#2230=AXIS2_PLACEMENT_3D('',#3134,#2480,#2481);
#2231=AXIS2_PLACEMENT_3D('',#3150,#2489,#2490);
#2232=AXIS2_PLACEMENT_3D('',#3151,#2491,#2492);
#2233=AXIS2_PLACEMENT_3D('',#3167,#2500,#2501);
#2234=AXIS2_PLACEMENT_3D('',#3168,#2502,#2503);
#2235=AXIS2_PLACEMENT_3D('',#3169,#2504,#2505);
#2236=AXIS2_PLACEMENT_3D('',#3177,#2509,#2510);
#2237=AXIS2_PLACEMENT_3D('',#3178,#2511,#2512);
#2238=AXIS2_PLACEMENT_3D('',#3179,#2513,#2514);
#2239=AXIS2_PLACEMENT_3D('',#3185,#2517,#2518);
#2240=AXIS2_PLACEMENT_3D('',#3189,#2520,#2521);
#2241=AXIS2_PLACEMENT_3D('',#3193,#2523,#2524);
#2242=AXIS2_PLACEMENT_3D('',#3197,#2526,#2527);
#2243=AXIS2_PLACEMENT_3D('',#3203,#2531,#2532);
#2244=AXIS2_PLACEMENT_3D('',#3207,#2534,#2535);
#2245=AXIS2_PLACEMENT_3D('',#3208,#2536,#2537);
#2246=AXIS2_PLACEMENT_3D('',#3221,#2544,#2545);
#2247=AXIS2_PLACEMENT_3D('',#3227,#2549,#2550);
#2248=AXIS2_PLACEMENT_3D('',#3241,#2558,#2559);
#2249=AXIS2_PLACEMENT_3D('',#3245,#2561,#2562);
#2250=AXIS2_PLACEMENT_3D('',#3250,#2565,#2566);
#2251=AXIS2_PLACEMENT_3D('',#3254,#2568,#2569);
#2252=AXIS2_PLACEMENT_3D('',#3264,#2575,#2576);
#2253=AXIS2_PLACEMENT_3D('',#3265,#2577,#2578);
#2254=AXIS2_PLACEMENT_3D('',#3266,#2579,#2580);
#2255=AXIS2_PLACEMENT_3D('',#3272,#2584,#2585);
#2256=AXIS2_PLACEMENT_3D('',#3281,#2590,#2591);
#2257=AXIS2_PLACEMENT_3D('',#3285,#2593,#2594);
#2258=AXIS2_PLACEMENT_3D('',#3289,#2596,#2597);
#2259=AXIS2_PLACEMENT_3D('',#3293,#2599,#2600);
#2260=AXIS2_PLACEMENT_3D('',#3297,#2602,#2603);
#2261=AXIS2_PLACEMENT_3D('',#3301,#2605,#2606);
#2262=AXIS2_PLACEMENT_3D('',#3305,#2608,#2609);
#2263=AXIS2_PLACEMENT_3D('',#3309,#2611,#2612);
#2264=AXIS2_PLACEMENT_3D('',#3313,#2614,#2615);
#2265=AXIS2_PLACEMENT_3D('',#3317,#2617,#2618);
#2266=AXIS2_PLACEMENT_3D('',#3321,#2620,#2621);
#2267=AXIS2_PLACEMENT_3D('',#3325,#2623,#2624);
#2268=AXIS2_PLACEMENT_3D('',#3326,#2625,#2626);
#2269=AXIS2_PLACEMENT_3D('',#3331,#2630,#2631);
#2270=AXIS2_PLACEMENT_3D('',#3338,#2636,#2637);
#2271=AXIS2_PLACEMENT_3D('',#3344,#2641,#2642);
#2272=AXIS2_PLACEMENT_3D('',#3347,#2644,#2645);
#2273=AXIS2_PLACEMENT_3D('',#3351,#2647,#2648);
#2274=AXIS2_PLACEMENT_3D('',#3359,#2653,#2654);
#2275=AXIS2_PLACEMENT_3D('',#3363,#2656,#2657);
#2276=AXIS2_PLACEMENT_3D('',#3366,#2659,#2660);
#2277=AXIS2_PLACEMENT_3D('',#3368,#2662,#2663);
#2278=AXIS2_PLACEMENT_3D('',#3372,#2665,#2666);
#2279=AXIS2_PLACEMENT_3D('',#3376,#2668,#2669);
#2280=AXIS2_PLACEMENT_3D('',#3380,#2671,#2672);
#2281=AXIS2_PLACEMENT_3D('',#3382,#2674,#2675);
#2282=AXIS2_PLACEMENT_3D('',#3383,#2676,#2677);
#2283=AXIS2_PLACEMENT_3D('',#3389,#2681,#2682);
#2284=AXIS2_PLACEMENT_3D('',#3395,#2686,#2687);
#2285=AXIS2_PLACEMENT_3D('',#3401,#2691,#2692);
#2286=AXIS2_PLACEMENT_3D('',#3410,#2697,#2698);
#2287=AXIS2_PLACEMENT_3D('',#3414,#2700,#2701);
#2288=AXIS2_PLACEMENT_3D('',#3419,#2704,#2705);
#2289=AXIS2_PLACEMENT_3D('',#3423,#2707,#2708);
#2290=AXIS2_PLACEMENT_3D('',#3430,#2713,#2714);
#2291=AXIS2_PLACEMENT_3D('',#3431,#2715,#2716);
#2292=AXIS2_PLACEMENT_3D('',#3433,#2718,#2719);
#2293=AXIS2_PLACEMENT_3D('',#3439,#2723,#2724);
#2294=AXIS2_PLACEMENT_3D('',#3443,#2726,#2727);
#2295=AXIS2_PLACEMENT_3D('',#3447,#2729,#2730);
#2296=AXIS2_PLACEMENT_3D('',#3451,#2732,#2733);
#2297=AXIS2_PLACEMENT_3D('',#3452,#2734,#2735);
#2298=AXIS2_PLACEMENT_3D('',#3461,#2741,#2742);
#2299=AXIS2_PLACEMENT_3D('',#3462,#2743,#2744);
#2300=AXIS2_PLACEMENT_3D('',#3463,#2745,#2746);
#2301=AXIS2_PLACEMENT_3D('',#3466,#2749,#2750);
#2302=AXIS2_PLACEMENT_3D('',#3469,#2753,#2754);
#2303=AXIS2_PLACEMENT_3D('',#3472,#2757,#2758);
#2304=AXIS2_PLACEMENT_3D('',#3473,#2759,#2760);
#2305=AXIS2_PLACEMENT_3D('',#3474,#2761,#2762);
#2306=AXIS2_PLACEMENT_3D('',#3475,#2763,#2764);
#2307=AXIS2_PLACEMENT_3D('',#3476,#2765,#2766);
#2308=AXIS2_PLACEMENT_3D('',#3479,#2769,#2770);
#2309=AXIS2_PLACEMENT_3D('',#3482,#2773,#2774);
#2310=AXIS2_PLACEMENT_3D('',#3485,#2777,#2778);
#2311=AXIS2_PLACEMENT_3D('',#3486,#2779,#2780);
#2312=AXIS2_PLACEMENT_3D('',#3487,#2781,#2782);
#2313=AXIS2_PLACEMENT_3D('',#3488,#2783,#2784);
#2314=AXIS2_PLACEMENT_3D('',#3489,#2785,#2786);
#2315=AXIS2_PLACEMENT_3D('',#3492,#2789,#2790);
#2316=AXIS2_PLACEMENT_3D('',#3495,#2793,#2794);
#2317=AXIS2_PLACEMENT_3D('',#3498,#2797,#2798);
#2318=AXIS2_PLACEMENT_3D('',#3499,#2799,#2800);
#2319=AXIS2_PLACEMENT_3D('',#3500,#2801,#2802);
#2320=AXIS2_PLACEMENT_3D('',#3501,#2803,#2804);
#2321=AXIS2_PLACEMENT_3D('',#3502,#2805,#2806);
#2322=AXIS2_PLACEMENT_3D('',#3503,#2807,#2808);
#2323=AXIS2_PLACEMENT_3D('',#3504,#2809,#2810);
#2324=AXIS2_PLACEMENT_3D('',#3510,#2814,#2815);
#2325=AXIS2_PLACEMENT_3D('',#3516,#2819,#2820);
#2326=AXIS2_PLACEMENT_3D('',#3520,#2823,#2824);
#2327=AXIS2_PLACEMENT_3D('',#3524,#2827,#2828);
#2328=AXIS2_PLACEMENT_3D('',#3533,#2833,#2834);
#2329=AXIS2_PLACEMENT_3D('',#3539,#2838,#2839);
#2330=AXIS2_PLACEMENT_3D('',#3543,#2842,#2843);
#2331=AXIS2_PLACEMENT_3D('',#3549,#2847,#2848);
#2332=AXIS2_PLACEMENT_3D('',#3553,#2851,#2852);
#2333=AXIS2_PLACEMENT_3D('',#3562,#2857,#2858);
#2334=AXIS2_PLACEMENT_3D('',#3565,#2861,#2862);
#2335=AXIS2_PLACEMENT_3D('',#3567,#2864,#2865);
#2336=AXIS2_PLACEMENT_3D('',#3569,#2867,#2868);
#2337=AXIS2_PLACEMENT_3D('',#3571,#2870,#2871);
#2338=AXIS2_PLACEMENT_3D('',#3573,#2873,#2874);
#2339=AXIS2_PLACEMENT_3D('',#3575,#2876,#2877);
#2340=AXIS2_PLACEMENT_3D('',#3577,#2879,#2880);
#2341=AXIS2_PLACEMENT_3D('',#3578,#2881,#2882);
#2342=AXIS2_PLACEMENT_3D('',#3580,#2884,#2885);
#2343=AXIS2_PLACEMENT_3D('',#3583,#2888,#2889);
#2344=AXIS2_PLACEMENT_3D('',#3585,#2891,#2892);
#2345=AXIS2_PLACEMENT_3D('',#3587,#2894,#2895);
#2346=AXIS2_PLACEMENT_3D('',#3589,#2897,#2898);
#2347=AXIS2_PLACEMENT_3D('',#3591,#2900,#2901);
#2348=AXIS2_PLACEMENT_3D('',#3593,#2903,#2904);
#2349=AXIS2_PLACEMENT_3D('',#3594,#2905,#2906);
#2350=AXIS2_PLACEMENT_3D('',#3596,#2908,#2909);
#2351=AXIS2_PLACEMENT_3D('',#3599,#2912,#2913);
#2352=AXIS2_PLACEMENT_3D('',#3601,#2915,#2916);
#2353=AXIS2_PLACEMENT_3D('',#3602,#2917,#2918);
#2354=AXIS2_PLACEMENT_3D('',#3603,#2919,#2920);
#2355=AXIS2_PLACEMENT_3D('',#3605,#2922,#2923);
#2356=AXIS2_PLACEMENT_3D('',#3608,#2926,#2927);
#2357=AXIS2_PLACEMENT_3D('',#3610,#2929,#2930);
#2358=AXIS2_PLACEMENT_3D('',#3611,#2931,#2932);
#2359=AXIS2_PLACEMENT_3D('',#3612,#2933,#2934);
#2360=AXIS2_PLACEMENT_3D('',#3614,#2936,#2937);
#2361=AXIS2_PLACEMENT_3D('',#3617,#2940,#2941);
#2362=AXIS2_PLACEMENT_3D('',#3619,#2943,#2944);
#2363=AXIS2_PLACEMENT_3D('',#3620,#2945,#2946);
#2364=AXIS2_PLACEMENT_3D('',#3621,#2947,#2948);
#2365=AXIS2_PLACEMENT_3D('',#3623,#2950,#2951);
#2366=AXIS2_PLACEMENT_3D('',#3626,#2954,#2955);
#2367=AXIS2_PLACEMENT_3D('',#3628,#2957,#2958);
#2368=AXIS2_PLACEMENT_3D('',#3629,#2959,#2960);
#2369=AXIS2_PLACEMENT_3D('',#3630,#2961,#2962);
#2370=AXIS2_PLACEMENT_3D('',#3632,#2964,#2965);
#2371=AXIS2_PLACEMENT_3D('',#3635,#2968,#2969);
#2372=AXIS2_PLACEMENT_3D('',#3637,#2971,#2972);
#2373=AXIS2_PLACEMENT_3D('',#3638,#2973,#2974);
#2374=AXIS2_PLACEMENT_3D('',#3639,#2975,#2976);
#2375=AXIS2_PLACEMENT_3D('',#3641,#2978,#2979);
#2376=AXIS2_PLACEMENT_3D('',#3644,#2982,#2983);
#2377=AXIS2_PLACEMENT_3D('',#3646,#2985,#2986);
#2378=AXIS2_PLACEMENT_3D('',#3647,#2987,#2988);
#2379=AXIS2_PLACEMENT_3D('',#3648,#2989,#2990);
#2380=AXIS2_PLACEMENT_3D('',#3649,#2991,#2992);
#2381=AXIS2_PLACEMENT_3D('',#3650,#2993,#2994);
#2382=AXIS2_PLACEMENT_3D('',#3651,#2995,#2996);
#2383=AXIS2_PLACEMENT_3D('',#3652,#2997,#2998);
#2384=AXIS2_PLACEMENT_3D('',#3653,#2999,#3000);
#2385=AXIS2_PLACEMENT_3D('',#3654,#3001,#3002);
#2386=AXIS2_PLACEMENT_3D('',#3655,#3003,#3004);
#2387=AXIS2_PLACEMENT_3D('',#3656,#3005,#3006);
#2388=AXIS2_PLACEMENT_3D('',#3657,#3007,#3008);
#2389=AXIS2_PLACEMENT_3D('',#3658,#3009,#3010);
#2390=AXIS2_PLACEMENT_3D('',#3659,#3011,#3012);
#2391=AXIS2_PLACEMENT_3D('',#3660,#3013,#3014);
#2392=AXIS2_PLACEMENT_3D('',#3661,#3015,#3016);
#2393=AXIS2_PLACEMENT_3D('',#3662,#3017,#3018);
#2394=AXIS2_PLACEMENT_3D('',#3663,#3019,#3020);
#2395=AXIS2_PLACEMENT_3D('',#3664,#3021,#3022);
#2396=AXIS2_PLACEMENT_3D('',#3665,#3023,#3024);
#2397=AXIS2_PLACEMENT_3D('',#3666,#3025,#3026);
#2398=AXIS2_PLACEMENT_3D('',#3667,#3027,#3028);
#2399=AXIS2_PLACEMENT_3D('',#3668,#3029,#3030);
#2400=AXIS2_PLACEMENT_3D('',#3669,#3031,#3032);
#2401=AXIS2_PLACEMENT_3D('',#3670,#3033,#3034);
#2402=AXIS2_PLACEMENT_3D('',#3671,#3035,#3036);
#2403=DIRECTION('',(0.,0.,1.));
#2404=DIRECTION('',(1.,0.,0.));
#2405=DIRECTION('',(-2.95939599319908E-32,1.,-1.22464679914735E-16));
#2406=DIRECTION('',(4.83306043058215E-16,1.22464679914735E-16,1.));
#2407=DIRECTION('',(-1.,7.88216850488857E-34,2.48089300552885E-16));
#2408=DIRECTION('',(2.48089300552885E-16,1.22464679914735E-16,1.));
#2409=DIRECTION('',(-1.,7.88216850488857E-34,2.48089300552885E-16));
#2410=DIRECTION('',(-2.95939599319908E-32,1.,-1.22464679914735E-16));
#2411=DIRECTION('',(4.83306043058215E-16,1.22464679914735E-16,1.));
#2412=DIRECTION('',(-1.,2.95939599319908E-32,4.83306043058215E-16));
#2413=DIRECTION('',(-2.95939599319908E-32,1.,-1.22464679914735E-16));
#2414=DIRECTION('',(4.83306043058215E-16,1.22464679914735E-16,1.));
#2415=DIRECTION('',(-1.,7.88216850488857E-34,2.48089300552885E-16));
#2416=DIRECTION('',(-2.95939599319908E-32,1.,-1.22464679914735E-16));
#2417=DIRECTION('',(4.83306043058215E-16,1.22464679914735E-16,1.));
#2418=DIRECTION('',(1.,-2.95939599319908E-32,-4.83306043058215E-16));
#2419=DIRECTION('',(-2.95939599319908E-32,1.,-1.22464679914735E-16));
#2420=DIRECTION('',(4.83306043058215E-16,1.22464679914735E-16,1.));
#2421=DIRECTION('',(-1.,7.88216850488857E-34,2.48089300552885E-16));
#2422=DIRECTION('',(-2.95939599319908E-32,1.,-1.22464679914735E-16));
#2423=DIRECTION('',(4.83306043058215E-16,1.22464679914735E-16,1.));
#2424=DIRECTION('',(-1.,2.95939599319908E-32,4.83306043058215E-16));
#2425=DIRECTION('',(-2.95939599319908E-32,1.,-1.22464679914735E-16));
#2426=DIRECTION('',(4.83306043058215E-16,1.22464679914735E-16,1.));
#2427=DIRECTION('',(-1.,7.88216850488857E-34,2.48089300552885E-16));
#2428=DIRECTION('',(-2.95939599319908E-32,1.,-1.22464679914735E-16));
#2429=DIRECTION('',(4.83306043058215E-16,1.22464679914735E-16,1.));
#2430=DIRECTION('',(1.,-2.95939599319908E-32,-4.83306043058215E-16));
#2431=DIRECTION('',(-2.95939599319908E-32,1.,-1.22464679914735E-16));
#2432=DIRECTION('',(4.83306043058215E-16,1.22464679914735E-16,1.));
#2433=DIRECTION('',(-1.,7.88216850488857E-34,2.48089300552885E-16));
#2434=DIRECTION('',(-2.95939599319908E-32,1.,-1.22464679914735E-16));
#2435=DIRECTION('',(4.83306043058215E-16,1.22464679914735E-16,1.));
#2436=DIRECTION('',(-1.,2.95939599319908E-32,4.83306043058215E-16));
#2437=DIRECTION('',(-2.95939599319908E-32,1.,-1.22464679914735E-16));
#2438=DIRECTION('',(4.83306043058215E-16,1.22464679914735E-16,1.));
#2439=DIRECTION('',(-1.,7.88216850488857E-34,2.48089300552885E-16));
#2440=DIRECTION('',(-2.95939599319908E-32,1.,-1.22464679914735E-16));
#2441=DIRECTION('',(4.83306043058215E-16,1.22464679914735E-16,1.));
#2442=DIRECTION('',(1.,-2.95939599319908E-32,-4.83306043058215E-16));
#2443=DIRECTION('',(-2.95939599319908E-32,1.,-1.22464679914735E-16));
#2444=DIRECTION('',(4.83306043058215E-16,1.22464679914735E-16,1.));
#2445=DIRECTION('',(-1.,7.88216850488857E-34,2.48089300552885E-16));
#2446=DIRECTION('',(2.48089300552885E-16,1.22464679914735E-16,1.));
#2447=DIRECTION('',(9.97294333195232E-17,-0.915644030191284,0.401990062035198));
#2448=DIRECTION('',(-4.42536293081627E-16,-0.401990062035198,-0.915644030191284));
#2449=DIRECTION('',(1.,1.73220089833056E-16,1.46467570733521E-16));
#2450=DIRECTION('',(-2.83697373600542E-16,-0.401990062035198,-0.915644030191284));
#2451=DIRECTION('',(9.97294333195232E-17,-0.915644030191284,0.401990062035198));
#2452=DIRECTION('',(-2.2716148700558E-16,-0.401990062035198,-0.915644030191284));
#2453=DIRECTION('',(9.97294333195232E-17,-0.915644030191284,0.401990062035198));
#2454=DIRECTION('',(-2.2716148700558E-16,-0.401990062035198,-0.915644030191284));
#2455=DIRECTION('',(-6.0137521256271E-16,-0.401990062035198,-0.915644030191284));
#2456=DIRECTION('',(9.97294333195232E-17,-0.915644030191284,0.401990062035198));
#2457=DIRECTION('',(-4.42536293081627E-16,-0.401990062035198,-0.915644030191284));
#2458=DIRECTION('',(1.,1.73220089833056E-16,1.46467570733521E-16));
#2459=DIRECTION('',(-2.83697373600542E-16,-0.401990062035198,-0.915644030191284));
#2460=DIRECTION('',(9.97294333195232E-17,-0.915644030191284,0.401990062035198));
#2461=DIRECTION('',(-2.2716148700558E-16,-0.401990062035198,-0.915644030191284));
#2462=DIRECTION('',(9.97294333195232E-17,-0.915644030191284,0.401990062035198));
#2463=DIRECTION('',(-2.2716148700558E-16,-0.401990062035198,-0.915644030191284));
#2464=DIRECTION('',(-6.0137521256271E-16,-0.401990062035198,-0.915644030191284));
#2465=DIRECTION('',(9.97294333195232E-17,-0.915644030191284,0.401990062035198));
#2466=DIRECTION('',(-4.42536293081627E-16,-0.401990062035198,-0.915644030191284));
#2467=DIRECTION('',(-1.24858454119459E-16,-0.401990062035198,-0.915644030191284));
#2468=DIRECTION('',(1.,1.73220089833056E-16,1.46467570733521E-16));
#2469=DIRECTION('',(3.70112920911668E-17,0.401990062035198,0.915644030191284));
#2470=DIRECTION('',(-1.,-4.73022128835026E-16,2.48089300552885E-16));
#2471=DIRECTION('',(3.70112920911668E-17,0.401990062035198,0.915644030191284));
#2472=DIRECTION('',(1.,1.73220089833056E-16,1.46467570733521E-16));
#2473=DIRECTION('',(-7.60214132043794E-16,-0.401990062035198,-0.915644030191284));
#2474=DIRECTION('',(9.97294333195232E-17,-0.915644030191284,0.401990062035198));
#2475=DIRECTION('',(2.2716148700558E-16,0.401990062035198,0.915644030191284));
#2476=DIRECTION('',(9.97294333195232E-17,-0.915644030191284,0.401990062035198));
#2477=DIRECTION('',(2.2716148700558E-16,0.401990062035198,0.915644030191284));
#2478=DIRECTION('',(9.97294333195232E-17,-0.915644030191284,0.401990062035198));
#2479=DIRECTION('',(-4.42536293081627E-16,-0.401990062035198,-0.915644030191284));
#2480=DIRECTION('',(9.97294333195232E-17,-0.915644030191284,0.401990062035198));
#2481=DIRECTION('',(2.2716148700558E-16,0.401990062035198,0.915644030191284));
#2482=DIRECTION('',(2.2716148700558E-16,0.401990062035198,0.915644030191284));
#2483=DIRECTION('',(-1.,7.88216850488857E-34,2.48089300552885E-16));
#2484=DIRECTION('',(-2.2716148700558E-16,-0.401990062035198,-0.915644030191284));
#2485=DIRECTION('',(-0.372981903334039,-0.372981903334043,-0.84956989092754));
#2486=DIRECTION('',(-1.17956371088022E-15,0.401990062035198,0.915644030191284));
#2487=DIRECTION('',(1.,1.73220089833056E-16,1.46467570733521E-16));
#2488=DIRECTION('',(-7.60214132043794E-16,-0.401990062035198,-0.915644030191284));
#2489=DIRECTION('',(9.97294333195232E-17,-0.915644030191284,0.401990062035198));
#2490=DIRECTION('',(2.2716148700558E-16,0.401990062035198,0.915644030191284));
#2491=DIRECTION('',(9.97294333195232E-17,-0.915644030191284,0.401990062035198));
#2492=DIRECTION('',(-4.42536293081627E-16,-0.401990062035198,-0.915644030191284));
#2493=DIRECTION('',(-1.24858454119459E-16,-0.401990062035198,-0.915644030191284));
#2494=DIRECTION('',(1.,1.73220089833056E-16,1.46467570733521E-16));
#2495=DIRECTION('',(3.70112920911668E-17,0.401990062035198,0.915644030191284));
#2496=DIRECTION('',(-1.,-4.73022128835026E-16,2.48089300552885E-16));
#2497=DIRECTION('',(3.70112920911668E-17,0.401990062035198,0.915644030191284));
#2498=DIRECTION('',(1.,1.73220089833056E-16,1.46467570733521E-16));
#2499=DIRECTION('',(-7.60214132043794E-16,-0.401990062035198,-0.915644030191284));
#2500=DIRECTION('',(9.97294333195232E-17,-0.915644030191284,0.401990062035198));
#2501=DIRECTION('',(2.2716148700558E-16,0.401990062035198,0.915644030191284));
#2502=DIRECTION('',(9.97294333195232E-17,-0.915644030191284,0.401990062035198));
#2503=DIRECTION('',(2.2716148700558E-16,0.401990062035198,0.915644030191284));
#2504=DIRECTION('',(9.97294333195232E-17,-0.915644030191284,0.401990062035198));
#2505=DIRECTION('',(-4.42536293081627E-16,-0.401990062035198,-0.915644030191284));
#2506=DIRECTION('',(-6.0137521256271E-16,-0.401990062035198,-0.915644030191284));
#2507=DIRECTION('',(1.,1.73220089833056E-16,1.46467570733521E-16));
#2508=DIRECTION('',(-2.83697373600542E-16,-0.401990062035198,-0.915644030191284));
#2509=DIRECTION('',(9.97294333195232E-17,-0.915644030191284,0.401990062035198));
#2510=DIRECTION('',(-2.2716148700558E-16,-0.401990062035198,-0.915644030191284));
#2511=DIRECTION('',(9.97294333195232E-17,-0.915644030191284,0.401990062035198));
#2512=DIRECTION('',(-2.2716148700558E-16,-0.401990062035198,-0.915644030191284));
#2513=DIRECTION('',(-2.95939599319908E-32,1.,-1.22464679914735E-16));
#2514=DIRECTION('',(4.83306043058215E-16,1.22464679914735E-16,1.));
#2515=DIRECTION('',(-2.48089300552885E-16,-1.22464679914735E-16,-1.));
#2516=DIRECTION('',(-1.,7.88216850488857E-34,2.48089300552885E-16));
#2517=DIRECTION('',(-2.95939599319908E-32,1.,-1.22464679914735E-16));
#2518=DIRECTION('',(4.83306043058215E-16,1.22464679914735E-16,1.));
#2519=DIRECTION('',(2.90558990171903E-16,1.22464679914735E-16,1.));
#2520=DIRECTION('',(-2.95939599319908E-32,1.,-1.22464679914735E-16));
#2521=DIRECTION('',(4.83306043058215E-16,1.22464679914735E-16,1.));
#2522=DIRECTION('',(1.,-1.33148522518317E-32,-3.50377041067655E-16));
#2523=DIRECTION('',(-2.95939599319908E-32,1.,-1.22464679914735E-16));
#2524=DIRECTION('',(4.83306043058215E-16,1.22464679914735E-16,1.));
#2525=DIRECTION('',(2.90558990171903E-16,1.22464679914735E-16,1.));
#2526=DIRECTION('',(-2.95939599319908E-32,1.,-1.22464679914735E-16));
#2527=DIRECTION('',(4.83306043058215E-16,1.22464679914735E-16,1.));
#2528=DIRECTION('',(-1.,7.88216850488857E-34,2.48089300552885E-16));
#2529=DIRECTION('',(2.48089300552885E-16,1.22464679914735E-16,1.));
#2530=DIRECTION('',(-1.,7.88216850488857E-34,2.48089300552885E-16));
#2531=DIRECTION('',(9.97294333195232E-17,-0.915644030191284,0.401990062035198));
#2532=DIRECTION('',(-4.42536293081627E-16,-0.401990062035198,-0.915644030191284));
#2533=DIRECTION('',(2.2716148700558E-16,0.401990062035198,0.915644030191284));
#2534=DIRECTION('',(9.97294333195232E-17,-0.915644030191284,0.401990062035198));
#2535=DIRECTION('',(-2.2716148700558E-16,-0.401990062035198,-0.915644030191284));
#2536=DIRECTION('',(9.97294333195232E-17,-0.915644030191284,0.401990062035198));
#2537=DIRECTION('',(2.2716148700558E-16,0.401990062035198,0.915644030191284));
#2538=DIRECTION('',(-1.24858454119459E-16,-0.401990062035198,-0.915644030191284));
#2539=DIRECTION('',(1.,1.73220089833056E-16,1.46467570733521E-16));
#2540=DIRECTION('',(3.70112920911668E-17,0.401990062035198,0.915644030191284));
#2541=DIRECTION('',(0.37298190333404,-0.372981903334042,-0.84956989092754));
#2542=DIRECTION('',(2.2716148700558E-16,0.401990062035198,0.915644030191284));
#2543=DIRECTION('',(-1.,7.88216850488857E-34,2.48089300552885E-16));
#2544=DIRECTION('',(1.,4.73022128835026E-16,-2.48089300552885E-16));
#2545=DIRECTION('',(4.73022128835026E-16,-1.,1.22464679914735E-16));
#2546=DIRECTION('',(-4.73022128835026E-16,1.,-1.22464679914735E-16));
#2547=DIRECTION('',(-2.48089300552885E-16,-1.22464679914735E-16,-1.));
#2548=DIRECTION('',(2.48089300552885E-16,1.22464679914735E-16,1.));
#2549=DIRECTION('',(-2.48089300552885E-16,-1.22464679914735E-16,-1.));
#2550=DIRECTION('',(1.,-7.88216850488857E-34,-2.48089300552885E-16));
#2551=DIRECTION('',(-3.49940292245987E-15,1.,-1.22464679914734E-16));
#2552=DIRECTION('',(-0.707106781186545,-0.707106781186551,2.62021232384321E-16));
#2553=DIRECTION('',(-1.,-1.35525271560689E-16,2.48089300552885E-16));
#2554=DIRECTION('',(0.707106781186551,-0.707106781186544,-8.88300211372246E-17));
#2555=DIRECTION('',(-2.95939599319908E-32,1.,-1.22464679914735E-16));
#2556=DIRECTION('',(-4.73022128835026E-16,1.,-1.22464679914735E-16));
#2557=DIRECTION('',(1.,1.73220089833056E-16,-2.48089300552885E-16));
#2558=DIRECTION('',(1.73220089833056E-16,-1.,1.22464679914735E-16));
#2559=DIRECTION('',(-1.,-1.73220089833056E-16,4.83306043058215E-16));
#2560=DIRECTION('',(-1.,-1.73220089833056E-16,4.83306043058215E-16));
#2561=DIRECTION('',(1.73220089833056E-16,-1.,1.22464679914735E-16));
#2562=DIRECTION('',(-1.,-1.73220089833056E-16,4.83306043058215E-16));
#2563=DIRECTION('',(3.09833695460534E-16,1.22464679914735E-16,1.));
#2564=DIRECTION('',(6.56778390655896E-16,1.22464679914735E-16,1.));
#2565=DIRECTION('',(1.73220089833056E-16,-1.,1.22464679914735E-16));
#2566=DIRECTION('',(-1.,-1.73220089833056E-16,4.83306043058215E-16));
#2567=DIRECTION('',(1.,1.73220089833056E-16,-4.83306043058215E-16));
#2568=DIRECTION('',(1.73220089833056E-16,-1.,1.22464679914735E-16));
#2569=DIRECTION('',(-1.,-1.73220089833056E-16,4.83306043058215E-16));
#2570=DIRECTION('',(8.30250738253576E-16,1.22464679914735E-16,1.));
#2571=DIRECTION('',(2.48089300552885E-16,1.22464679914735E-16,1.));
#2572=DIRECTION('',(1.,1.73220089833056E-16,-2.48089300552885E-16));
#2573=DIRECTION('',(2.48089300552885E-16,1.22464679914735E-16,1.));
#2574=DIRECTION('',(1.36361347862853E-16,1.22464679914735E-16,1.));
#2575=DIRECTION('',(1.73220089833056E-16,-1.,1.22464679914735E-16));
#2576=DIRECTION('',(-1.,-1.73220089833056E-16,4.83306043058215E-16));
#2577=DIRECTION('',(2.48089300552885E-16,1.22464679914735E-16,1.));
#2578=DIRECTION('',(-1.,7.88216850488857E-34,2.48089300552885E-16));
#2579=DIRECTION('',(2.48089300552885E-16,1.22464679914735E-16,1.));
#2580=DIRECTION('',(1.,0.,-2.48089300552885E-16));
#2581=DIRECTION('',(-1.,7.88216850488857E-34,2.48089300552885E-16));
#2582=DIRECTION('',(2.95939599319908E-32,-1.,1.22464679914735E-16));
#2583=DIRECTION('',(-1.,7.88216850488857E-34,2.48089300552885E-16));
#2584=DIRECTION('',(2.95939599319908E-32,-1.,1.22464679914735E-16));
#2585=DIRECTION('',(-4.83306043058215E-16,-1.22464679914735E-16,-1.));
#2586=DIRECTION('',(2.48089300552885E-16,1.22464679914735E-16,1.));
#2587=DIRECTION('',(-1.,7.88216850488857E-34,2.48089300552885E-16));
#2588=DIRECTION('',(2.48089300552885E-16,1.22464679914735E-16,1.));
#2589=DIRECTION('',(-1.,7.88216850488857E-34,2.48089300552885E-16));
#2590=DIRECTION('',(2.95939599319908E-32,-1.,1.22464679914735E-16));
#2591=DIRECTION('',(-4.83306043058215E-16,-1.22464679914735E-16,-1.));
#2592=DIRECTION('',(2.90558990171903E-16,1.22464679914735E-16,1.));
#2593=DIRECTION('',(2.95939599319908E-32,-1.,1.22464679914735E-16));
#2594=DIRECTION('',(-4.83306043058215E-16,-1.22464679914735E-16,-1.));
#2595=DIRECTION('',(1.,-1.33148522518317E-32,-3.50377041067655E-16));
#2596=DIRECTION('',(2.95939599319908E-32,-1.,1.22464679914735E-16));
#2597=DIRECTION('',(-4.83306043058215E-16,-1.22464679914735E-16,-1.));
#2598=DIRECTION('',(2.90558990171903E-16,1.22464679914735E-16,1.));
#2599=DIRECTION('',(2.95939599319908E-32,-1.,1.22464679914735E-16));
#2600=DIRECTION('',(-4.83306043058215E-16,-1.22464679914735E-16,-1.));
#2601=DIRECTION('',(-1.,7.88216850488857E-34,2.48089300552885E-16));
#2602=DIRECTION('',(2.95939599319908E-32,-1.,1.22464679914735E-16));
#2603=DIRECTION('',(-4.83306043058215E-16,-1.22464679914735E-16,-1.));
#2604=DIRECTION('',(2.90558990171903E-16,1.22464679914735E-16,1.));
#2605=DIRECTION('',(2.95939599319908E-32,-1.,1.22464679914735E-16));
#2606=DIRECTION('',(-4.83306043058215E-16,-1.22464679914735E-16,-1.));
#2607=DIRECTION('',(1.,-1.33148522518317E-32,-3.50377041067655E-16));
#2608=DIRECTION('',(2.95939599319908E-32,-1.,1.22464679914735E-16));
#2609=DIRECTION('',(-4.83306043058215E-16,-1.22464679914735E-16,-1.));
#2610=DIRECTION('',(2.90558990171903E-16,1.22464679914735E-16,1.));
#2611=DIRECTION('',(2.95939599319908E-32,-1.,1.22464679914735E-16));
#2612=DIRECTION('',(-4.83306043058215E-16,-1.22464679914735E-16,-1.));
#2613=DIRECTION('',(-1.,7.88216850488857E-34,2.48089300552885E-16));
#2614=DIRECTION('',(2.95939599319908E-32,-1.,1.22464679914735E-16));
#2615=DIRECTION('',(-4.83306043058215E-16,-1.22464679914735E-16,-1.));
#2616=DIRECTION('',(2.90558990171903E-16,1.22464679914735E-16,1.));
#2617=DIRECTION('',(2.95939599319908E-32,-1.,1.22464679914735E-16));
#2618=DIRECTION('',(-4.83306043058215E-16,-1.22464679914735E-16,-1.));
#2619=DIRECTION('',(1.,-1.33148522518317E-32,-3.50377041067655E-16));
#2620=DIRECTION('',(2.95939599319908E-32,-1.,1.22464679914735E-16));
#2621=DIRECTION('',(-4.83306043058215E-16,-1.22464679914735E-16,-1.));
#2622=DIRECTION('',(2.90558990171903E-16,1.22464679914735E-16,1.));
#2623=DIRECTION('',(2.95939599319908E-32,-1.,1.22464679914735E-16));
#2624=DIRECTION('',(-4.83306043058215E-16,-1.22464679914735E-16,-1.));
#2625=DIRECTION('',(2.48089300552885E-16,1.22464679914735E-16,1.));
#2626=DIRECTION('',(-1.,7.88216850488857E-34,2.48089300552885E-16));
#2627=DIRECTION('',(2.95939599319908E-32,-1.,1.22464679914735E-16));
#2628=DIRECTION('',(2.95939599319908E-32,-1.,1.22464679914735E-16));
#2629=DIRECTION('',(-1.,7.88216850488857E-34,2.48089300552885E-16));
#2630=DIRECTION('',(2.48089300552885E-16,1.22464679914735E-16,1.));
#2631=DIRECTION('',(-1.,7.88216850488857E-34,2.48089300552885E-16));
#2632=DIRECTION('',(-1.,7.88216850488857E-34,2.48089300552885E-16));
#2633=DIRECTION('',(2.95939599319908E-32,-1.,1.22464679914735E-16));
#2634=DIRECTION('',(2.95939599319908E-32,-1.,1.22464679914735E-16));
#2635=DIRECTION('',(-1.,7.88216850488857E-34,2.48089300552885E-16));
#2636=DIRECTION('',(-2.48089300552885E-16,-1.22464679914735E-16,-1.));
#2637=DIRECTION('',(1.,-7.88216850488857E-34,-2.48089300552885E-16));
#2638=DIRECTION('',(-4.73022128835026E-16,1.,-1.22464679914735E-16));
#2639=DIRECTION('',(-1.,7.88216850488857E-34,2.48089300552885E-16));
#2640=DIRECTION('',(-4.73022128835026E-16,1.,-1.22464679914735E-16));
#2641=DIRECTION('',(1.73220089833056E-16,-1.,1.22464679914735E-16));
#2642=DIRECTION('',(-1.,-1.73220089833056E-16,4.83306043058215E-16));
#2643=DIRECTION('',(6.56778390655896E-16,1.22464679914735E-16,1.));
#2644=DIRECTION('',(1.73220089833056E-16,-1.,1.22464679914735E-16));
#2645=DIRECTION('',(-1.,-1.73220089833056E-16,4.83306043058215E-16));
#2646=DIRECTION('',(1.,1.73220089833056E-16,-4.83306043058215E-16));
#2647=DIRECTION('',(1.73220089833056E-16,-1.,1.22464679914735E-16));
#2648=DIRECTION('',(-1.,-1.73220089833056E-16,4.83306043058215E-16));
#2649=DIRECTION('',(8.30250738253576E-16,1.22464679914735E-16,1.));
#2650=DIRECTION('',(2.48089300552885E-16,1.22464679914735E-16,1.));
#2651=DIRECTION('',(1.,1.73220089833056E-16,-2.48089300552885E-16));
#2652=DIRECTION('',(1.36361347862853E-16,1.22464679914735E-16,1.));
#2653=DIRECTION('',(1.73220089833056E-16,-1.,1.22464679914735E-16));
#2654=DIRECTION('',(-1.,-1.73220089833056E-16,4.83306043058215E-16));
#2655=DIRECTION('',(-1.,-1.73220089833056E-16,4.83306043058215E-16));
#2656=DIRECTION('',(1.73220089833056E-16,-1.,1.22464679914735E-16));
#2657=DIRECTION('',(-1.,-1.73220089833056E-16,4.83306043058215E-16));
#2658=DIRECTION('',(3.09833695460534E-16,1.22464679914735E-16,1.));
#2659=DIRECTION('',(-2.95939599319908E-32,1.,-1.22464679914735E-16));
#2660=DIRECTION('',(4.83306043058215E-16,1.22464679914735E-16,1.));
#2661=DIRECTION('',(2.48089300552885E-16,1.22464679914735E-16,1.));
#2662=DIRECTION('',(-2.95939599319908E-32,1.,-1.22464679914735E-16));
#2663=DIRECTION('',(4.83306043058215E-16,1.22464679914735E-16,1.));
#2664=DIRECTION('',(2.90558990171903E-16,1.22464679914735E-16,1.));
#2665=DIRECTION('',(-2.95939599319908E-32,1.,-1.22464679914735E-16));
#2666=DIRECTION('',(4.83306043058215E-16,1.22464679914735E-16,1.));
#2667=DIRECTION('',(1.,-1.33148522518317E-32,-3.50377041067655E-16));
#2668=DIRECTION('',(-2.95939599319908E-32,1.,-1.22464679914735E-16));
#2669=DIRECTION('',(4.83306043058215E-16,1.22464679914735E-16,1.));
#2670=DIRECTION('',(2.90558990171903E-16,1.22464679914735E-16,1.));
#2671=DIRECTION('',(-2.95939599319908E-32,1.,-1.22464679914735E-16));
#2672=DIRECTION('',(4.83306043058215E-16,1.22464679914735E-16,1.));
#2673=DIRECTION('',(2.48089300552885E-16,1.22464679914735E-16,1.));
#2674=DIRECTION('',(2.48089300552885E-16,1.22464679914735E-16,1.));
#2675=DIRECTION('',(-1.,7.88216850488857E-34,2.48089300552885E-16));
#2676=DIRECTION('',(2.48089300552885E-16,1.22464679914735E-16,1.));
#2677=DIRECTION('',(1.,0.,-2.48089300552885E-16));
#2678=DIRECTION('',(-1.,7.88216850488857E-34,2.48089300552885E-16));
#2679=DIRECTION('',(-1.,7.88216850488857E-34,2.48089300552885E-16));
#2680=DIRECTION('',(2.95939599319908E-32,-1.,1.22464679914735E-16));
#2681=DIRECTION('',(-1.,7.88216850488857E-34,2.48089300552885E-16));
#2682=DIRECTION('',(-2.95939599319908E-32,1.,-1.22464679914735E-16));
#2683=DIRECTION('',(2.48089300552885E-16,1.22464679914735E-16,1.));
#2684=DIRECTION('',(2.95939599319908E-32,-1.,1.22464679914735E-16));
#2685=DIRECTION('',(2.48089300552885E-16,1.22464679914735E-16,1.));
#2686=DIRECTION('',(-1.,7.88216850488857E-34,2.48089300552885E-16));
#2687=DIRECTION('',(-2.95939599319908E-32,1.,-1.22464679914735E-16));
#2688=DIRECTION('',(2.95939599319908E-32,-1.,1.22464679914735E-16));
#2689=DIRECTION('',(2.48089300552885E-16,1.22464679914735E-16,1.));
#2690=DIRECTION('',(2.48089300552885E-16,1.22464679914735E-16,1.));
#2691=DIRECTION('',(-2.48089300552885E-16,-1.22464679914735E-16,-1.));
#2692=DIRECTION('',(1.,-7.88216850488857E-34,-2.48089300552885E-16));
#2693=DIRECTION('',(2.95939599319908E-32,-1.,1.22464679914735E-16));
#2694=DIRECTION('',(-1.,7.88216850488857E-34,2.48089300552885E-16));
#2695=DIRECTION('',(2.95939599319908E-32,-1.,1.22464679914735E-16));
#2696=DIRECTION('',(-1.,7.88216850488857E-34,2.48089300552885E-16));
#2697=DIRECTION('',(1.73220089833056E-16,-1.,1.22464679914735E-16));
#2698=DIRECTION('',(-1.,-1.73220089833056E-16,4.83306043058215E-16));
#2699=DIRECTION('',(-1.,-1.73220089833056E-16,4.83306043058215E-16));
#2700=DIRECTION('',(1.73220089833056E-16,-1.,1.22464679914735E-16));
#2701=DIRECTION('',(-1.,-1.73220089833056E-16,4.83306043058215E-16));
#2702=DIRECTION('',(3.09833695460534E-16,1.22464679914735E-16,1.));
#2703=DIRECTION('',(6.56778390655896E-16,1.22464679914735E-16,1.));
#2704=DIRECTION('',(1.73220089833056E-16,-1.,1.22464679914735E-16));
#2705=DIRECTION('',(-1.,-1.73220089833056E-16,4.83306043058215E-16));
#2706=DIRECTION('',(1.,1.73220089833056E-16,-4.83306043058215E-16));
#2707=DIRECTION('',(1.73220089833056E-16,-1.,1.22464679914735E-16));
#2708=DIRECTION('',(-1.,-1.73220089833056E-16,4.83306043058215E-16));
#2709=DIRECTION('',(8.30250738253576E-16,1.22464679914735E-16,1.));
#2710=DIRECTION('',(2.48089300552885E-16,1.22464679914735E-16,1.));
#2711=DIRECTION('',(2.48089300552885E-16,1.22464679914735E-16,1.));
#2712=DIRECTION('',(1.36361347862853E-16,1.22464679914735E-16,1.));
#2713=DIRECTION('',(1.73220089833056E-16,-1.,1.22464679914735E-16));
#2714=DIRECTION('',(-1.,-1.73220089833056E-16,4.83306043058215E-16));
#2715=DIRECTION('',(1.,3.49940292245987E-15,-2.48089300552885E-16));
#2716=DIRECTION('',(3.49940292245987E-15,-1.,1.22464679914734E-16));
#2717=DIRECTION('',(-2.48089300552885E-16,-1.22464679914735E-16,-1.));
#2718=DIRECTION('',(-2.95939599319908E-32,1.,-1.22464679914735E-16));
#2719=DIRECTION('',(4.83306043058215E-16,1.22464679914735E-16,1.));
#2720=DIRECTION('',(-2.48089300552885E-16,-1.22464679914735E-16,-1.));
#2721=DIRECTION('',(-1.,7.88216850488857E-34,2.48089300552885E-16));
#2722=DIRECTION('',(2.48089300552885E-16,1.22464679914735E-16,1.));
#2723=DIRECTION('',(-2.95939599319908E-32,1.,-1.22464679914735E-16));
#2724=DIRECTION('',(4.83306043058215E-16,1.22464679914735E-16,1.));
#2725=DIRECTION('',(2.90558990171903E-16,1.22464679914735E-16,1.));
#2726=DIRECTION('',(-2.95939599319908E-32,1.,-1.22464679914735E-16));
#2727=DIRECTION('',(4.83306043058215E-16,1.22464679914735E-16,1.));
#2728=DIRECTION('',(1.,-1.33148522518317E-32,-3.50377041067655E-16));
#2729=DIRECTION('',(-2.95939599319908E-32,1.,-1.22464679914735E-16));
#2730=DIRECTION('',(4.83306043058215E-16,1.22464679914735E-16,1.));
#2731=DIRECTION('',(2.90558990171903E-16,1.22464679914735E-16,1.));
#2732=DIRECTION('',(-2.95939599319908E-32,1.,-1.22464679914735E-16));
#2733=DIRECTION('',(4.83306043058215E-16,1.22464679914735E-16,1.));
#2734=DIRECTION('',(-2.48089300552885E-16,-1.22464679914735E-16,-1.));
#2735=DIRECTION('',(1.,-7.88216850488857E-34,-2.48089300552885E-16));
#2736=DIRECTION('',(2.95939599319908E-32,-1.,1.22464679914735E-16));
#2737=DIRECTION('',(-0.707106781186551,-0.707106781186544,2.62021232384322E-16));
#2738=DIRECTION('',(1.,1.35525271560688E-16,-2.48089300552885E-16));
#2739=DIRECTION('',(0.707106781186546,-0.707106781186549,-8.88300211372226E-17));
#2740=DIRECTION('',(-4.73022128835026E-16,1.,-1.22464679914735E-16));
#2741=DIRECTION('',(1.,4.73022128835026E-16,-2.48089300552885E-16));
#2742=DIRECTION('',(4.73022128835026E-16,-1.,1.22464679914735E-16));
#2743=DIRECTION('',(1.,4.73022128835026E-16,-2.48089300552885E-16));
#2744=DIRECTION('',(4.73022128835026E-16,-1.,1.22464679914735E-16));
#2745=DIRECTION('',(1.,-5.98925379576004E-33,-2.90558990171903E-16));
#2746=DIRECTION('',(2.90558990171903E-16,1.22464679914735E-16,1.));
#2747=DIRECTION('',(2.95939599319908E-32,-1.,1.22464679914735E-16));
#2748=DIRECTION('',(2.95939599319908E-32,-1.,1.22464679914735E-16));
#2749=DIRECTION('',(1.,-5.98925379576006E-33,-2.90558990171903E-16));
#2750=DIRECTION('',(2.90558990171903E-16,1.22464679914735E-16,1.));
#2751=DIRECTION('',(2.95939599319908E-32,-1.,1.22464679914735E-16));
#2752=DIRECTION('',(2.95939599319908E-32,-1.,1.22464679914735E-16));
#2753=DIRECTION('',(-3.50377041067655E-16,-1.22464679914735E-16,-1.));
#2754=DIRECTION('',(1.,-1.33148522518317E-32,-3.50377041067655E-16));
#2755=DIRECTION('',(2.95939599319908E-32,-1.,1.22464679914735E-16));
#2756=DIRECTION('',(2.95939599319908E-32,-1.,1.22464679914735E-16));
#2757=DIRECTION('',(-2.95939599319908E-32,1.,-1.22464679914735E-16));
#2758=DIRECTION('',(4.83306043058215E-16,1.22464679914735E-16,1.));
#2759=DIRECTION('',(2.95939599319908E-32,-1.,1.22464679914735E-16));
#2760=DIRECTION('',(-4.83306043058215E-16,-1.22464679914735E-16,-1.));
#2761=DIRECTION('',(-2.95939599319908E-32,1.,-1.22464679914735E-16));
#2762=DIRECTION('',(4.83306043058215E-16,1.22464679914735E-16,1.));
#2763=DIRECTION('',(2.95939599319908E-32,-1.,1.22464679914735E-16));
#2764=DIRECTION('',(-4.83306043058215E-16,-1.22464679914735E-16,-1.));
#2765=DIRECTION('',(1.,-5.98925379576004E-33,-2.90558990171903E-16));
#2766=DIRECTION('',(2.90558990171903E-16,1.22464679914735E-16,1.));
#2767=DIRECTION('',(2.95939599319908E-32,-1.,1.22464679914735E-16));
#2768=DIRECTION('',(2.95939599319908E-32,-1.,1.22464679914735E-16));
#2769=DIRECTION('',(1.,-5.98925379576006E-33,-2.90558990171903E-16));
#2770=DIRECTION('',(2.90558990171903E-16,1.22464679914735E-16,1.));
#2771=DIRECTION('',(2.95939599319908E-32,-1.,1.22464679914735E-16));
#2772=DIRECTION('',(2.95939599319908E-32,-1.,1.22464679914735E-16));
#2773=DIRECTION('',(-3.50377041067655E-16,-1.22464679914735E-16,-1.));
#2774=DIRECTION('',(1.,-1.33148522518317E-32,-3.50377041067655E-16));
#2775=DIRECTION('',(2.95939599319908E-32,-1.,1.22464679914735E-16));
#2776=DIRECTION('',(2.95939599319908E-32,-1.,1.22464679914735E-16));
#2777=DIRECTION('',(-2.95939599319908E-32,1.,-1.22464679914735E-16));
#2778=DIRECTION('',(4.83306043058215E-16,1.22464679914735E-16,1.));
#2779=DIRECTION('',(2.95939599319908E-32,-1.,1.22464679914735E-16));
#2780=DIRECTION('',(-4.83306043058215E-16,-1.22464679914735E-16,-1.));
#2781=DIRECTION('',(-2.95939599319908E-32,1.,-1.22464679914735E-16));
#2782=DIRECTION('',(4.83306043058215E-16,1.22464679914735E-16,1.));
#2783=DIRECTION('',(2.95939599319908E-32,-1.,1.22464679914735E-16));
#2784=DIRECTION('',(-4.83306043058215E-16,-1.22464679914735E-16,-1.));
#2785=DIRECTION('',(1.,-5.98925379576004E-33,-2.90558990171903E-16));
#2786=DIRECTION('',(2.90558990171903E-16,1.22464679914735E-16,1.));
#2787=DIRECTION('',(2.95939599319908E-32,-1.,1.22464679914735E-16));
#2788=DIRECTION('',(2.95939599319908E-32,-1.,1.22464679914735E-16));
#2789=DIRECTION('',(1.,-5.98925379576006E-33,-2.90558990171903E-16));
#2790=DIRECTION('',(2.90558990171903E-16,1.22464679914735E-16,1.));
#2791=DIRECTION('',(2.95939599319908E-32,-1.,1.22464679914735E-16));
#2792=DIRECTION('',(2.95939599319908E-32,-1.,1.22464679914735E-16));
#2793=DIRECTION('',(-3.50377041067655E-16,-1.22464679914735E-16,-1.));
#2794=DIRECTION('',(1.,-1.33148522518317E-32,-3.50377041067655E-16));
#2795=DIRECTION('',(2.95939599319908E-32,-1.,1.22464679914735E-16));
#2796=DIRECTION('',(2.95939599319908E-32,-1.,1.22464679914735E-16));
#2797=DIRECTION('',(-2.95939599319908E-32,1.,-1.22464679914735E-16));
#2798=DIRECTION('',(4.83306043058215E-16,1.22464679914735E-16,1.));
#2799=DIRECTION('',(2.95939599319908E-32,-1.,1.22464679914735E-16));
#2800=DIRECTION('',(-4.83306043058215E-16,-1.22464679914735E-16,-1.));
#2801=DIRECTION('',(-2.95939599319908E-32,1.,-1.22464679914735E-16));
#2802=DIRECTION('',(4.83306043058215E-16,1.22464679914735E-16,1.));
#2803=DIRECTION('',(2.95939599319908E-32,-1.,1.22464679914735E-16));
#2804=DIRECTION('',(-4.83306043058215E-16,-1.22464679914735E-16,-1.));
#2805=DIRECTION('',(1.,4.73022128835026E-16,-2.48089300552885E-16));
#2806=DIRECTION('',(4.73022128835026E-16,-1.,1.22464679914735E-16));
#2807=DIRECTION('',(1.,4.73022128835026E-16,-2.48089300552885E-16));
#2808=DIRECTION('',(4.73022128835026E-16,-1.,1.22464679914735E-16));
#2809=DIRECTION('',(2.95939599319908E-32,-1.,1.22464679914735E-16));
#2810=DIRECTION('',(-4.83306043058215E-16,-1.22464679914735E-16,-1.));
#2811=DIRECTION('',(-2.48089300552885E-16,-1.22464679914735E-16,-1.));
#2812=DIRECTION('',(1.,-7.88216850488857E-34,-2.48089300552885E-16));
#2813=DIRECTION('',(-2.48089300552885E-16,-1.22464679914735E-16,-1.));
#2814=DIRECTION('',(1.35525271560689E-16,-1.,1.22464679914735E-16));
#2815=DIRECTION('',(-1.,-1.35525271560689E-16,4.83306043058215E-16));
#2816=DIRECTION('',(2.48089300552885E-16,1.22464679914735E-16,1.));
#2817=DIRECTION('',(-1.,-1.35525271560689E-16,2.48089300552885E-16));
#2818=DIRECTION('',(-2.48089300552885E-16,-1.22464679914735E-16,-1.));
#2819=DIRECTION('',(-1.,7.88216850488857E-34,2.48089300552885E-16));
#2820=DIRECTION('',(-2.48089300552885E-16,-1.22464679914735E-16,-1.));
#2821=DIRECTION('',(2.95939599319908E-32,-1.,1.22464679914735E-16));
#2822=DIRECTION('',(-2.48089300552885E-16,-1.22464679914735E-16,-1.));
#2823=DIRECTION('',(-1.,7.88216850488857E-34,2.48089300552885E-16));
#2824=DIRECTION('',(-2.48089300552885E-16,-1.22464679914735E-16,-1.));
#2825=DIRECTION('',(2.48089300552885E-16,1.22464679914735E-16,1.));
#2826=DIRECTION('',(-2.95939599319908E-32,1.,-1.22464679914735E-16));
#2827=DIRECTION('',(2.48089300552885E-16,1.22464679914735E-16,1.));
#2828=DIRECTION('',(1.,-7.88216850488857E-34,-2.48089300552885E-16));
#2829=DIRECTION('',(-1.,7.88216850488857E-34,2.48089300552885E-16));
#2830=DIRECTION('',(2.95939599319908E-32,-1.,1.22464679914735E-16));
#2831=DIRECTION('',(1.,1.35525271560689E-16,-2.48089300552885E-16));
#2832=DIRECTION('',(-2.95939599319908E-32,1.,-1.22464679914735E-16));
#2833=DIRECTION('',(-2.95939599319908E-32,1.,-1.22464679914735E-16));
#2834=DIRECTION('',(4.83306043058215E-16,1.22464679914735E-16,1.));
#2835=DIRECTION('',(-2.48089300552885E-16,-1.22464679914735E-16,-1.));
#2836=DIRECTION('',(1.,-7.88216850488857E-34,-2.48089300552885E-16));
#2837=DIRECTION('',(-2.48089300552885E-16,-1.22464679914735E-16,-1.));
#2838=DIRECTION('',(1.,-7.88216850488857E-34,-2.48089300552885E-16));
#2839=DIRECTION('',(2.48089300552885E-16,1.22464679914735E-16,1.));
#2840=DIRECTION('',(2.48089300552885E-16,1.22464679914735E-16,1.));
#2841=DIRECTION('',(-2.95939599319908E-32,1.,-1.22464679914735E-16));
#2842=DIRECTION('',(-1.35525271560688E-16,1.,-1.22464679914735E-16));
#2843=DIRECTION('',(1.,1.35525271560688E-16,-4.83306043058215E-16));
#2844=DIRECTION('',(-1.,-1.35525271560688E-16,2.48089300552885E-16));
#2845=DIRECTION('',(-2.48089300552885E-16,-1.22464679914735E-16,-1.));
#2846=DIRECTION('',(2.48089300552885E-16,1.22464679914735E-16,1.));
#2847=DIRECTION('',(1.,-7.88216850488857E-34,-2.48089300552885E-16));
#2848=DIRECTION('',(2.48089300552885E-16,1.22464679914735E-16,1.));
#2849=DIRECTION('',(2.95939599319908E-32,-1.,1.22464679914735E-16));
#2850=DIRECTION('',(-2.48089300552885E-16,-1.22464679914735E-16,-1.));
#2851=DIRECTION('',(2.48089300552885E-16,1.22464679914735E-16,1.));
#2852=DIRECTION('',(1.,-7.88216850488857E-34,-2.48089300552885E-16));
#2853=DIRECTION('',(2.95939599319908E-32,-1.,1.22464679914735E-16));
#2854=DIRECTION('',(1.,1.35525271560688E-16,-2.48089300552885E-16));
#2855=DIRECTION('',(-2.95939599319908E-32,1.,-1.22464679914735E-16));
#2856=DIRECTION('',(-1.,7.88216850488857E-34,2.48089300552885E-16));
#2857=DIRECTION('',(-0.70710678118655,-8.65956056235491E-17,-0.707106781186545));
#2858=DIRECTION('',(2.95939599319908E-32,-1.,1.22464679914735E-16));
#2859=DIRECTION('',(0.707106781186545,2.77009284833613E-15,-0.70710678118655));
#2860=DIRECTION('',(0.577350269189623,0.577350269189627,-0.577350269189627));
#2861=DIRECTION('',(0.707106781186544,-0.707106781186551,-8.88300211372219E-17));
#2862=DIRECTION('',(2.48089300552885E-16,1.22464679914735E-16,1.));
#2863=DIRECTION('',(0.707106781186551,0.707106781186544,3.56831522881316E-15));
#2864=DIRECTION('',(-1.75425626760772E-16,-0.707106781186548,-0.707106781186548));
#2865=DIRECTION('',(1.,-7.88216850488857E-34,-2.48089300552885E-16));
#2866=DIRECTION('',(0.577350269189629,-0.577350269189624,0.577350269189624));
#2867=DIRECTION('',(0.577350269189625,-0.577350269189634,0.577350269189619));
#2868=DIRECTION('',(-0.707106781186553,-0.707106781186542,4.28344586058453E-16));
#2869=DIRECTION('',(-9.57196987507603E-15,-0.707106781186543,-0.707106781186552));
#2870=DIRECTION('',(-0.707106781186544,8.65956056235497E-17,0.707106781186551));
#2871=DIRECTION('',(-2.95939599319908E-32,1.,-1.22464679914735E-16));
#2872=DIRECTION('',(-0.707106781186551,4.1439223044203E-15,-0.707106781186544));
#2873=DIRECTION('',(2.71256465303483E-16,-0.707106781186552,0.707106781186544));
#2874=DIRECTION('',(-1.,-1.35525271560688E-16,2.48089300552885E-16));
#2875=DIRECTION('',(1.00527105466719E-14,0.707106781186543,0.707106781186552));
#2876=DIRECTION('',(-0.577350269189625,-0.577350269189626,0.577350269189627));
#2877=DIRECTION('',(-3.41748980434901E-16,-0.707106781186548,-0.707106781186547));
#2878=DIRECTION('',(-0.707106781186546,0.707106781186549,4.58288733639939E-15));
#2879=DIRECTION('',(0.707106781186549,0.707106781186546,-2.62021232384322E-16));
#2880=DIRECTION('',(-2.48089300552885E-16,-1.22464679914735E-16,-1.));
#2881=DIRECTION('',(0.707106781186544,0.707106781186551,-2.62021232384321E-16));
#2882=DIRECTION('',(-2.48089300552885E-16,-1.22464679914735E-16,-1.));
#2883=DIRECTION('',(-0.707106781186551,0.707106781186544,-2.73110878994763E-15));
#2884=DIRECTION('',(0.707106781186549,-8.65956056235492E-17,-0.707106781186547));
#2885=DIRECTION('',(-2.95939599319908E-32,1.,-1.22464679914735E-16));
#2886=DIRECTION('',(-0.577350269189625,0.577350269189625,-0.577350269189627));
#2887=DIRECTION('',(0.707106781186547,7.46224637258463E-15,0.707106781186548));
#2888=DIRECTION('',(-0.577350269189623,-0.577350269189627,0.577350269189628));
#2889=DIRECTION('',(-3.41748980434901E-16,-0.707106781186548,-0.707106781186547));
#2890=DIRECTION('',(-4.65652690369709E-16,-0.707106781186548,-0.707106781186547));
#2891=DIRECTION('',(1.75425626760772E-16,0.707106781186549,0.707106781186546));
#2892=DIRECTION('',(1.,-7.88216850488857E-34,-2.48089300552885E-16));
#2893=DIRECTION('',(-0.577350269189625,-0.577350269189625,0.577350269189627));
#2894=DIRECTION('',(-2.71256465303484E-16,0.707106781186547,-0.707106781186548));
#2895=DIRECTION('',(-1.,-1.35525271560689E-16,2.48089300552885E-16));
#2896=DIRECTION('',(2.17845270500095E-16,0.707106781186548,0.707106781186547));
#2897=DIRECTION('',(0.707106781186549,8.65956056235492E-17,0.707106781186546));
#2898=DIRECTION('',(2.95939599319908E-32,-1.,1.22464679914735E-16));
#2899=DIRECTION('',(-0.707106781186546,-5.90234429778115E-15,0.707106781186549));
#2900=DIRECTION('',(0.577350269189631,-0.577350269189623,0.577350269189623));
#2901=DIRECTION('',(-0.707106781186543,8.65956056235499E-17,0.707106781186552));
#2902=DIRECTION('',(0.707106781186545,0.707106781186551,-3.32275241898904E-15));
#2903=DIRECTION('',(0.707106781186551,-0.707106781186545,-8.88300211372244E-17));
#2904=DIRECTION('',(2.48089300552885E-16,1.22464679914735E-16,1.));
#2905=DIRECTION('',(-1.,8.34972440938312E-33,3.09833695460534E-16));
#2906=DIRECTION('',(-3.09833695460534E-16,-1.22464679914735E-16,-1.));
#2907=DIRECTION('',(2.95939599319908E-32,-1.,1.22464679914735E-16));
#2908=DIRECTION('',(-4.83306043058215E-16,-1.22464679914735E-16,-1.));
#2909=DIRECTION('',(1.,-2.95939599319908E-32,-4.83306043058215E-16));
#2910=DIRECTION('',(2.95939599319908E-32,-1.,1.22464679914735E-16));
#2911=DIRECTION('',(2.95939599319908E-32,-1.,1.22464679914735E-16));
#2912=DIRECTION('',(-1.,-1.28945111132245E-32,1.36361347862854E-16));
#2913=DIRECTION('',(-1.36361347862854E-16,-1.22464679914735E-16,-1.));
#2914=DIRECTION('',(2.95939599319908E-32,-1.,1.22464679914735E-16));
#2915=DIRECTION('',(2.95939599319908E-32,-1.,1.22464679914735E-16));
#2916=DIRECTION('',(-4.83306043058215E-16,-1.22464679914735E-16,-1.));
#2917=DIRECTION('',(-2.95939599319908E-32,1.,-1.22464679914735E-16));
#2918=DIRECTION('',(4.83306043058215E-16,1.22464679914735E-16,1.));
#2919=DIRECTION('',(-1.,7.20824309772061E-32,8.30250738253576E-16));
#2920=DIRECTION('',(-8.30250738253576E-16,-1.22464679914735E-16,-1.));
#2921=DIRECTION('',(2.95939599319908E-32,-1.,1.22464679914735E-16));
#2922=DIRECTION('',(4.83306043058215E-16,1.22464679914735E-16,1.));
#2923=DIRECTION('',(-1.,2.95939599319908E-32,4.83306043058215E-16));
#2924=DIRECTION('',(2.95939599319908E-32,-1.,1.22464679914735E-16));
#2925=DIRECTION('',(2.95939599319908E-32,-1.,1.22464679914735E-16));
#2926=DIRECTION('',(-1.,5.08381954545985E-32,6.56778390655896E-16));
#2927=DIRECTION('',(-6.56778390655896E-16,-1.22464679914735E-16,-1.));
#2928=DIRECTION('',(2.95939599319908E-32,-1.,1.22464679914735E-16));
#2929=DIRECTION('',(2.95939599319908E-32,-1.,1.22464679914735E-16));
#2930=DIRECTION('',(-4.83306043058215E-16,-1.22464679914735E-16,-1.));
#2931=DIRECTION('',(-2.95939599319908E-32,1.,-1.22464679914735E-16));
#2932=DIRECTION('',(4.83306043058215E-16,1.22464679914735E-16,1.));
#2933=DIRECTION('',(-1.,7.20824309772061E-32,8.30250738253576E-16));
#2934=DIRECTION('',(-8.30250738253576E-16,-1.22464679914735E-16,-1.));
#2935=DIRECTION('',(2.95939599319908E-32,-1.,1.22464679914735E-16));
#2936=DIRECTION('',(4.83306043058215E-16,1.22464679914735E-16,1.));
#2937=DIRECTION('',(-1.,2.95939599319908E-32,4.83306043058215E-16));
#2938=DIRECTION('',(2.95939599319908E-32,-1.,1.22464679914735E-16));
#2939=DIRECTION('',(2.95939599319908E-32,-1.,1.22464679914735E-16));
#2940=DIRECTION('',(-1.,5.08381954545985E-32,6.56778390655896E-16));
#2941=DIRECTION('',(-6.56778390655896E-16,-1.22464679914735E-16,-1.));
#2942=DIRECTION('',(2.95939599319908E-32,-1.,1.22464679914735E-16));
#2943=DIRECTION('',(2.95939599319908E-32,-1.,1.22464679914735E-16));
#2944=DIRECTION('',(-4.83306043058215E-16,-1.22464679914735E-16,-1.));
#2945=DIRECTION('',(-2.95939599319908E-32,1.,-1.22464679914735E-16));
#2946=DIRECTION('',(4.83306043058215E-16,1.22464679914735E-16,1.));
#2947=DIRECTION('',(-1.,7.20824309772061E-32,8.30250738253576E-16));
#2948=DIRECTION('',(-8.30250738253576E-16,-1.22464679914735E-16,-1.));
#2949=DIRECTION('',(2.95939599319908E-32,-1.,1.22464679914735E-16));
#2950=DIRECTION('',(4.83306043058215E-16,1.22464679914735E-16,1.));
#2951=DIRECTION('',(-1.,2.95939599319908E-32,4.83306043058215E-16));
#2952=DIRECTION('',(2.95939599319908E-32,-1.,1.22464679914735E-16));
#2953=DIRECTION('',(2.95939599319908E-32,-1.,1.22464679914735E-16));
#2954=DIRECTION('',(-1.,5.08381954545985E-32,6.56778390655896E-16));
#2955=DIRECTION('',(-6.56778390655896E-16,-1.22464679914735E-16,-1.));
#2956=DIRECTION('',(2.95939599319908E-32,-1.,1.22464679914735E-16));
#2957=DIRECTION('',(2.95939599319908E-32,-1.,1.22464679914735E-16));
#2958=DIRECTION('',(-4.83306043058215E-16,-1.22464679914735E-16,-1.));
#2959=DIRECTION('',(-2.95939599319908E-32,1.,-1.22464679914735E-16));
#2960=DIRECTION('',(4.83306043058215E-16,1.22464679914735E-16,1.));
#2961=DIRECTION('',(-1.,8.34972440938312E-33,3.09833695460534E-16));
#2962=DIRECTION('',(-3.09833695460534E-16,-1.22464679914735E-16,-1.));
#2963=DIRECTION('',(2.95939599319908E-32,-1.,1.22464679914735E-16));
#2964=DIRECTION('',(-4.83306043058215E-16,-1.22464679914735E-16,-1.));
#2965=DIRECTION('',(1.,-2.95939599319908E-32,-4.83306043058215E-16));
#2966=DIRECTION('',(2.95939599319908E-32,-1.,1.22464679914735E-16));
#2967=DIRECTION('',(2.95939599319908E-32,-1.,1.22464679914735E-16));
#2968=DIRECTION('',(-1.,-1.28945111132245E-32,1.36361347862854E-16));
#2969=DIRECTION('',(-1.36361347862854E-16,-1.22464679914735E-16,-1.));
#2970=DIRECTION('',(2.95939599319908E-32,-1.,1.22464679914735E-16));
#2971=DIRECTION('',(2.95939599319908E-32,-1.,1.22464679914735E-16));
#2972=DIRECTION('',(-4.83306043058215E-16,-1.22464679914735E-16,-1.));
#2973=DIRECTION('',(-2.95939599319908E-32,1.,-1.22464679914735E-16));
#2974=DIRECTION('',(4.83306043058215E-16,1.22464679914735E-16,1.));
#2975=DIRECTION('',(-1.,8.34972440938312E-33,3.09833695460534E-16));
#2976=DIRECTION('',(-3.09833695460534E-16,-1.22464679914735E-16,-1.));
#2977=DIRECTION('',(2.95939599319908E-32,-1.,1.22464679914735E-16));
#2978=DIRECTION('',(-4.83306043058215E-16,-1.22464679914735E-16,-1.));
#2979=DIRECTION('',(1.,-2.95939599319908E-32,-4.83306043058215E-16));
#2980=DIRECTION('',(2.95939599319908E-32,-1.,1.22464679914735E-16));
#2981=DIRECTION('',(2.95939599319908E-32,-1.,1.22464679914735E-16));
#2982=DIRECTION('',(-1.,-1.28945111132245E-32,1.36361347862854E-16));
#2983=DIRECTION('',(-1.36361347862854E-16,-1.22464679914735E-16,-1.));
#2984=DIRECTION('',(2.95939599319908E-32,-1.,1.22464679914735E-16));
#2985=DIRECTION('',(2.95939599319908E-32,-1.,1.22464679914735E-16));
#2986=DIRECTION('',(-4.83306043058215E-16,-1.22464679914735E-16,-1.));
#2987=DIRECTION('',(-2.95939599319908E-32,1.,-1.22464679914735E-16));
#2988=DIRECTION('',(4.83306043058215E-16,1.22464679914735E-16,1.));
#2989=DIRECTION('',(-2.48089300552885E-16,-1.22464679914735E-16,-1.));
#2990=DIRECTION('',(-1.,0.,2.48089300552885E-16));
#2991=DIRECTION('',(0.,0.,-1.));
#2992=DIRECTION('',(-1.,0.,0.));
#2993=DIRECTION('',(-8.67361737988403E-15,1.,0.));
#2994=DIRECTION('',(-1.,-8.67361737988403E-15,0.));
#2995=DIRECTION('',(0.,1.,0.));
#2996=DIRECTION('',(0.,0.,1.));
#2997=DIRECTION('',(-1.,0.,-8.67361737988401E-15));
#2998=DIRECTION('',(-8.67361737988401E-15,0.,1.));
#2999=DIRECTION('',(2.48089300552885E-16,1.22464679914735E-16,1.));
#3000=DIRECTION('',(1.,0.,-2.48089300552885E-16));
#3001=DIRECTION('',(0.,0.,-1.));
#3002=DIRECTION('',(-1.,0.,0.));
#3003=DIRECTION('',(1.,-7.88216850488857E-34,-2.48089300552885E-16));
#3004=DIRECTION('',(-2.48089300552885E-16,0.,-1.));
#3005=DIRECTION('',(1.,0.,0.));
#3006=DIRECTION('',(0.,0.,-1.));
#3007=DIRECTION('',(2.95939599319908E-32,-1.,1.22464679914735E-16));
#3008=DIRECTION('',(0.,-1.22464679914735E-16,-1.));
#3009=DIRECTION('',(0.,-1.,0.));
#3010=DIRECTION('',(0.,0.,-1.));
#3011=DIRECTION('',(-2.48089300552885E-16,-1.22464679914735E-16,-1.));
#3012=DIRECTION('',(-1.,0.,2.48089300552885E-16));
#3013=DIRECTION('',(0.,0.,-1.));
#3014=DIRECTION('',(-1.,0.,0.));
#3015=DIRECTION('',(0.,1.,0.));
#3016=DIRECTION('',(0.,0.,1.));
#3017=DIRECTION('',(0.,1.,0.));
#3018=DIRECTION('',(0.,0.,1.));
#3019=DIRECTION('',(-1.,0.,0.));
#3020=DIRECTION('',(0.,0.,1.));
#3021=DIRECTION('',(-1.,0.,0.));
#3022=DIRECTION('',(0.,0.,1.));
#3023=DIRECTION('',(-2.95939599319908E-32,1.,-1.22464679914735E-16));
#3024=DIRECTION('',(0.,1.22464679914735E-16,1.));
#3025=DIRECTION('',(0.,-1.,0.));
#3026=DIRECTION('',(0.,0.,-1.));
#3027=DIRECTION('',(1.,-7.88216850488857E-34,-2.48089300552885E-16));
#3028=DIRECTION('',(-2.48089300552885E-16,0.,-1.));
#3029=DIRECTION('',(1.,0.,0.));
#3030=DIRECTION('',(0.,0.,-1.));
#3031=DIRECTION('',(0.,0.,-1.));
#3032=DIRECTION('',(-1.,0.,0.));
#3033=DIRECTION('',(0.,0.,-1.));
#3034=DIRECTION('',(-1.,0.,0.));
#3035=DIRECTION('',(2.48089300552885E-16,1.22464679914735E-16,1.));
#3036=DIRECTION('',(1.,0.,-2.48089300552885E-16));
#3037=CARTESIAN_POINT('',(0.,0.,0.));
#3038=CARTESIAN_POINT('',(0.1675,-0.016,0.04845));
#3039=CARTESIAN_POINT('',(0.1675,-0.016,0.04925));
#3040=CARTESIAN_POINT('',(-0.0327,-0.016,0.04925));
#3041=CARTESIAN_POINT('',(0.1667,-0.016,0.04925));
#3042=CARTESIAN_POINT('',(0.1667,-0.016,0.04845));
#3043=CARTESIAN_POINT('',(0.1667,-0.016,0.05265));
#3044=CARTESIAN_POINT('',(0.1675,-0.016,0.05265));
#3045=CARTESIAN_POINT('',(0.1605416407865,-0.016,0.05265));
#3046=CARTESIAN_POINT('',(0.1592,-0.016,0.05305));
#3047=CARTESIAN_POINT('',(0.1592,-0.016,0.05165));
#3048=CARTESIAN_POINT('',(0.1544,-0.016,0.05165));
#3049=CARTESIAN_POINT('',(0.1496,-0.016,0.05165));
#3050=CARTESIAN_POINT('',(0.1496,-0.016,0.05305));
#3051=CARTESIAN_POINT('',(0.1482583592135,-0.016,0.05265));
#3052=CARTESIAN_POINT('',(0.1675,-0.016,0.05265));
#3053=CARTESIAN_POINT('',(0.1197416407865,-0.016,0.05265));
#3054=CARTESIAN_POINT('',(0.1184,-0.016,0.05305));
#3055=CARTESIAN_POINT('',(0.1184,-0.016,0.05165));
#3056=CARTESIAN_POINT('',(0.1136,-0.016,0.05165));
#3057=CARTESIAN_POINT('',(0.1088,-0.016,0.05165));
#3058=CARTESIAN_POINT('',(0.1088,-0.016,0.05305));
#3059=CARTESIAN_POINT('',(0.1074583592135,-0.016,0.05265));
#3060=CARTESIAN_POINT('',(0.1675,-0.016,0.05265));
#3061=CARTESIAN_POINT('',(0.0935416407864999,-0.016,0.05265));
#3062=CARTESIAN_POINT('',(0.0922,-0.016,0.05305));
#3063=CARTESIAN_POINT('',(0.0922,-0.016,0.05165));
#3064=CARTESIAN_POINT('',(0.0874,-0.016,0.05165));
#3065=CARTESIAN_POINT('',(0.0826,-0.016,0.05165));
#3066=CARTESIAN_POINT('',(0.0826,-0.016,0.05305));
#3067=CARTESIAN_POINT('',(0.0812583592135001,-0.016,0.05265));
#3068=CARTESIAN_POINT('',(0.1675,-0.016,0.05265));
#3069=CARTESIAN_POINT('',(0.0527416407864999,-0.016,0.05265));
#3070=CARTESIAN_POINT('',(0.0514,-0.016,0.05305));
#3071=CARTESIAN_POINT('',(0.0514,-0.016,0.05165));
#3072=CARTESIAN_POINT('',(0.0466,-0.016,0.05165));
#3073=CARTESIAN_POINT('',(0.0418,-0.016,0.05165));
#3074=CARTESIAN_POINT('',(0.0418,-0.016,0.05305));
#3075=CARTESIAN_POINT('',(0.0404583592135002,-0.016,0.05265));
#3076=CARTESIAN_POINT('',(0.1675,-0.016,0.05265));
#3077=CARTESIAN_POINT('',(0.0265416407864999,-0.016,0.05265));
#3078=CARTESIAN_POINT('',(0.0252,-0.016,0.05305));
#3079=CARTESIAN_POINT('',(0.0252,-0.016,0.05165));
#3080=CARTESIAN_POINT('',(0.0204,-0.016,0.05165));
#3081=CARTESIAN_POINT('',(0.0156,-0.016,0.05165));
#3082=CARTESIAN_POINT('',(0.0156,-0.016,0.05305));
#3083=CARTESIAN_POINT('',(0.0142583592135001,-0.016,0.05265));
#3084=CARTESIAN_POINT('',(0.1675,-0.016,0.05265));
#3085=CARTESIAN_POINT('',(-0.0142583592135001,-0.016,0.05265));
#3086=CARTESIAN_POINT('',(-0.0156,-0.016,0.05305));
#3087=CARTESIAN_POINT('',(-0.0156,-0.016,0.05165));
#3088=CARTESIAN_POINT('',(-0.0204,-0.016,0.05165));
#3089=CARTESIAN_POINT('',(-0.0252,-0.016,0.05165));
#3090=CARTESIAN_POINT('',(-0.0252,-0.016,0.05305));
#3091=CARTESIAN_POINT('',(-0.0265416407864998,-0.016,0.05265));
#3092=CARTESIAN_POINT('',(0.1675,-0.016,0.05265));
#3093=CARTESIAN_POINT('',(-0.0327,-0.016,0.05265));
#3094=CARTESIAN_POINT('',(-0.0327,-0.016,0.04845));
#3095=CARTESIAN_POINT('',(0.1675,-0.0124,0.06085));
#3096=CARTESIAN_POINT('',(0.067,-0.0156784079503718,0.053382515224153));
#3097=CARTESIAN_POINT('',(0.1198,-0.0156784079503718,0.0533825152241531));
#3098=CARTESIAN_POINT('',(0.1482,-0.0156784079503718,0.0533825152241531));
#3099=CARTESIAN_POINT('',(0.1198,-0.0124,0.06085));
#3100=CARTESIAN_POINT('',(0.1198,-0.0158243902439025,0.05305));
#3101=CARTESIAN_POINT('',(0.1184,-0.0158243902439025,0.05305));
#3102=CARTESIAN_POINT('',(0.1496,-0.0158243902439025,0.05305));
#3103=CARTESIAN_POINT('',(0.1482,-0.0158243902439025,0.05305));
#3104=CARTESIAN_POINT('',(0.1482,-0.0124,0.06085));
#3105=CARTESIAN_POINT('',(0.1675,-0.0124,0.06085));
#3106=CARTESIAN_POINT('',(0.067,-0.0156784079503718,0.053382515224153));
#3107=CARTESIAN_POINT('',(0.0528,-0.0156784079503718,0.0533825152241531));
#3108=CARTESIAN_POINT('',(0.0812,-0.0156784079503718,0.0533825152241531));
#3109=CARTESIAN_POINT('',(0.0528,-0.0124,0.06085));
#3110=CARTESIAN_POINT('',(0.0528,-0.0158243902439025,0.05305));
#3111=CARTESIAN_POINT('',(0.0514,-0.0158243902439025,0.05305));
#3112=CARTESIAN_POINT('',(0.0826,-0.0158243902439025,0.05305));
#3113=CARTESIAN_POINT('',(0.0812,-0.0158243902439025,0.05305));
#3114=CARTESIAN_POINT('',(0.0812,-0.0124,0.06085));
#3115=CARTESIAN_POINT('',(0.1675,-0.0124,0.06085));
#3116=CARTESIAN_POINT('',(0.1074,-0.0124,0.06085));
#3117=CARTESIAN_POINT('',(0.1074,-0.0156784079503718,0.0533825152241531));
#3118=CARTESIAN_POINT('',(0.1074,-0.0158243902439025,0.05305));
#3119=CARTESIAN_POINT('',(0.067,-0.0156784079503718,0.053382515224153));
#3120=CARTESIAN_POINT('',(0.1013,-0.0156784079503718,0.053382515224153));
#3121=CARTESIAN_POINT('',(0.1013,-0.0122392039751857,0.0612162576120765));
#3122=CARTESIAN_POINT('',(0.1013,-0.00879999999999973,0.06905));
#3123=CARTESIAN_POINT('',(0.1013,-0.00879999999999973,0.06905));
#3124=CARTESIAN_POINT('',(0.0997,-0.00879999999999973,0.06905));
#3125=CARTESIAN_POINT('',(0.0997,-0.0122392039751857,0.0612162576120765));
#3126=CARTESIAN_POINT('',(0.0997,-0.0156784079503716,0.053382515224153));
#3127=CARTESIAN_POINT('',(0.067,-0.0156784079503718,0.053382515224153));
#3128=CARTESIAN_POINT('',(0.0936,-0.0156784079503718,0.0533825152241531));
#3129=CARTESIAN_POINT('',(0.0936,-0.0124,0.06085));
#3130=CARTESIAN_POINT('',(0.0936,-0.0158243902439025,0.05305));
#3131=CARTESIAN_POINT('',(0.0922,-0.0158243902439025,0.05305));
#3132=CARTESIAN_POINT('',(0.1088,-0.0158243902439025,0.05305));
#3133=CARTESIAN_POINT('',(0.1675,-0.0124,0.06085));
#3134=CARTESIAN_POINT('',(0.1667,-0.0152,0.0544722222222222));
#3135=CARTESIAN_POINT('',(0.1675,-0.0152,0.0544722222222222));
#3136=CARTESIAN_POINT('',(0.1675,-0.0124,0.06085));
#3137=CARTESIAN_POINT('',(0.1675,-0.0088,0.06905));
#3138=CARTESIAN_POINT('',(0.1675,-0.0088,0.06905));
#3139=CARTESIAN_POINT('',(0.1662,-0.0088,0.06905));
#3140=CARTESIAN_POINT('',(0.1662,-0.0124,0.06085));
#3141=CARTESIAN_POINT('',(0.1662,-0.0139784079503718,0.0572547374463753));
#3142=CARTESIAN_POINT('',(0.177732719521072,-0.0024456884293005,0.0835237096888155));
#3143=CARTESIAN_POINT('',(0.1661,-0.0140784079503718,0.0570269596685976));
#3144=CARTESIAN_POINT('',(0.1661,-0.0122392039751859,0.0612162576120765));
#3145=CARTESIAN_POINT('',(0.1661,-0.0156784079503718,0.053382515224153));
#3146=CARTESIAN_POINT('',(0.067,-0.0156784079503718,0.053382515224153));
#3147=CARTESIAN_POINT('',(0.1606,-0.0156784079503718,0.0533825152241531));
#3148=CARTESIAN_POINT('',(0.1606,-0.0124,0.06085));
#3149=CARTESIAN_POINT('',(0.1606,-0.0158243902439025,0.05305));
#3150=CARTESIAN_POINT('',(0.1592,-0.0158243902439025,0.05305));
#3151=CARTESIAN_POINT('',(0.1675,-0.0124,0.06085));
#3152=CARTESIAN_POINT('',(0.0404,-0.0124,0.06085));
#3153=CARTESIAN_POINT('',(0.0404,-0.0156784079503718,0.0533825152241531));
#3154=CARTESIAN_POINT('',(0.0404,-0.0158243902439025,0.05305));
#3155=CARTESIAN_POINT('',(0.067,-0.0156784079503718,0.053382515224153));
#3156=CARTESIAN_POINT('',(0.0343,-0.0156784079503718,0.053382515224153));
#3157=CARTESIAN_POINT('',(0.0343,-0.0122392039751859,0.0612162576120765));
#3158=CARTESIAN_POINT('',(0.0343,-0.0088,0.06905));
#3159=CARTESIAN_POINT('',(0.0343,-0.0088,0.06905));
#3160=CARTESIAN_POINT('',(0.0327,-0.0088,0.06905));
#3161=CARTESIAN_POINT('',(0.0327,-0.0122392039751859,0.0612162576120765));
#3162=CARTESIAN_POINT('',(0.0327,-0.0156784079503718,0.053382515224153));
#3163=CARTESIAN_POINT('',(0.067,-0.0156784079503718,0.053382515224153));
#3164=CARTESIAN_POINT('',(0.0266,-0.0156784079503718,0.0533825152241531));
#3165=CARTESIAN_POINT('',(0.0266,-0.0124,0.06085));
#3166=CARTESIAN_POINT('',(0.0266,-0.0158243902439025,0.05305));
#3167=CARTESIAN_POINT('',(0.0252,-0.0158243902439025,0.05305));
#3168=CARTESIAN_POINT('',(0.0418,-0.0158243902439025,0.05305));
#3169=CARTESIAN_POINT('',(0.1675,-0.0124,0.06085));
#3170=CARTESIAN_POINT('',(0.0142,-0.0124,0.06085));
#3171=CARTESIAN_POINT('',(0.0142,-0.0156784079503718,0.053382515224153));
#3172=CARTESIAN_POINT('',(0.0142,-0.0158243902439025,0.05305));
#3173=CARTESIAN_POINT('',(0.067,-0.0156784079503718,0.053382515224153));
#3174=CARTESIAN_POINT('',(-0.0142,-0.0156784079503718,0.053382515224153));
#3175=CARTESIAN_POINT('',(-0.0142,-0.0124,0.06085));
#3176=CARTESIAN_POINT('',(-0.0142,-0.0158243902439025,0.05305));
#3177=CARTESIAN_POINT('',(-0.0156,-0.0158243902439025,0.05305));
#3178=CARTESIAN_POINT('',(0.0156,-0.0158243902439025,0.05305));
#3179=CARTESIAN_POINT('',(0.1675,-0.0088,-0.282312581184708));
#3180=CARTESIAN_POINT('',(0.1646,-0.0088,0.09365));
#3181=CARTESIAN_POINT('',(0.1646,-0.0088,0.06905));
#3182=CARTESIAN_POINT('',(0.1646,-0.0088,0.04965));
#3183=CARTESIAN_POINT('',(0.1675,-0.0088,0.06905));
#3184=CARTESIAN_POINT('',(0.1621,-0.0088,0.06905));
#3185=CARTESIAN_POINT('',(0.1621,-0.0088,0.06705));
#3186=CARTESIAN_POINT('',(0.1601,-0.0088,0.06705));
#3187=CARTESIAN_POINT('',(0.1601,-0.0088,0.06005));
#3188=CARTESIAN_POINT('',(0.1601,-0.0088,0.05305));
#3189=CARTESIAN_POINT('',(0.1581,-0.0088,0.05305));
#3190=CARTESIAN_POINT('',(0.1581,-0.0088,0.05105));
#3191=CARTESIAN_POINT('',(0.134,-0.0088,0.05105));
#3192=CARTESIAN_POINT('',(0.1099,-0.0088,0.05105));
#3193=CARTESIAN_POINT('',(0.1099,-0.0088,0.05305));
#3194=CARTESIAN_POINT('',(0.1079,-0.0088,0.05305));
#3195=CARTESIAN_POINT('',(0.1079,-0.0088,0.06005));
#3196=CARTESIAN_POINT('',(0.1079,-0.0088,0.06705));
#3197=CARTESIAN_POINT('',(0.1059,-0.0088,0.06705));
#3198=CARTESIAN_POINT('',(0.1059,-0.0088,0.06905));
#3199=CARTESIAN_POINT('',(0.1675,-0.0088,0.06905));
#3200=CARTESIAN_POINT('',(0.1013,-0.00879999999999977,-0.282312581184708));
#3201=CARTESIAN_POINT('',(0.1013,-0.00879999999999973,0.04965));
#3202=CARTESIAN_POINT('',(0.1675,-0.0088,0.04965));
#3203=CARTESIAN_POINT('',(0.1675,-0.0124,0.06085));
#3204=CARTESIAN_POINT('',(-0.0335,-0.0124,0.06085));
#3205=CARTESIAN_POINT('',(-0.0335,-0.0152,0.0544722222222222));
#3206=CARTESIAN_POINT('',(-0.0335,-0.0088,0.06905));
#3207=CARTESIAN_POINT('',(-0.0327,-0.0152,0.0544722222222222));
#3208=CARTESIAN_POINT('',(-0.0252,-0.0158243902439025,0.05305));
#3209=CARTESIAN_POINT('',(-0.0266,-0.0158243902439025,0.05305));
#3210=CARTESIAN_POINT('',(-0.0266,-0.0124,0.06085));
#3211=CARTESIAN_POINT('',(-0.0266,-0.0156784079503718,0.053382515224153));
#3212=CARTESIAN_POINT('',(0.067,-0.0156784079503718,0.053382515224153));
#3213=CARTESIAN_POINT('',(-0.0321,-0.0156784079503718,0.053382515224153));
#3214=CARTESIAN_POINT('',(-0.0321,-0.0122392039751859,0.0612162576120765));
#3215=CARTESIAN_POINT('',(-0.0321,-0.0140784079503718,0.0570269596685975));
#3216=CARTESIAN_POINT('',(-0.0435936040208566,-0.0025848039295152,0.083206835493882));
#3217=CARTESIAN_POINT('',(-0.0322,-0.0139784079503718,0.0572547374463753));
#3218=CARTESIAN_POINT('',(-0.0322,-0.0124,0.06085));
#3219=CARTESIAN_POINT('',(-0.0322,-0.0088,0.06905));
#3220=CARTESIAN_POINT('',(0.1675,-0.0088,0.06905));
#3221=CARTESIAN_POINT('',(-0.0321,-0.012239203975186,-0.290146323572631));
#3222=CARTESIAN_POINT('',(-0.0321,-0.0122392039751859,0.04965));
#3223=CARTESIAN_POINT('',(-0.0321,-0.0156784079503718,0.04965));
#3224=CARTESIAN_POINT('',(-0.0321,-0.0140784079503718,0.04965));
#3225=CARTESIAN_POINT('',(-0.0321,-0.0140784079503718,0.09365));
#3226=CARTESIAN_POINT('',(-0.0321,-0.0156784079503719,-0.297980065960555));
#3227=CARTESIAN_POINT('',(0.1675,-0.008,0.04965));
#3228=CARTESIAN_POINT('',(0.1661,-0.0122392039751859,0.04965));
#3229=CARTESIAN_POINT('',(0.1661,-0.0156784079503718,0.04965));
#3230=CARTESIAN_POINT('',(0.1661,-0.0140784079503718,0.04965));
#3231=CARTESIAN_POINT('',(0.169839203975186,-0.0103392039751859,0.04965));
#3232=CARTESIAN_POINT('',(0.1657,-0.0144784079503718,0.04965));
#3233=CARTESIAN_POINT('',(0.1654,-0.0144784079503718,0.04965));
#3234=CARTESIAN_POINT('',(0.1651,-0.0144784079503718,0.04965));
#3235=CARTESIAN_POINT('',(0.163060796024814,-0.0124392039751859,0.04965));
#3236=CARTESIAN_POINT('',(0.1646,-0.0139784079503718,0.04965));
#3237=CARTESIAN_POINT('',(0.1646,-0.0116392039751859,0.04965));
#3238=CARTESIAN_POINT('',(0.1013,-0.0122392039751857,0.04965));
#3239=CARTESIAN_POINT('',(0.1013,-0.0156784079503716,0.04965));
#3240=CARTESIAN_POINT('',(0.067,-0.0156784079503718,0.04965));
#3241=CARTESIAN_POINT('',(0.067,-0.0156784079503718,-0.297980065960555));
#3242=CARTESIAN_POINT('',(0.0466,-0.0156784079503718,0.05165));
#3243=CARTESIAN_POINT('',(0.0514,-0.0156784079503718,0.05165));
#3244=CARTESIAN_POINT('',(0.0418,-0.0156784079503718,0.05165));
#3245=CARTESIAN_POINT('',(0.0514,-0.0156784079503718,0.05305));
#3246=CARTESIAN_POINT('',(0.0528,-0.0156784079503718,0.05305));
#3247=CARTESIAN_POINT('',(0.0528,-0.0156784079503718,0.05665));
#3248=CARTESIAN_POINT('',(0.0812,-0.0156784079503718,0.05665));
#3249=CARTESIAN_POINT('',(0.0812,-0.0156784079503718,0.05305));
#3250=CARTESIAN_POINT('',(0.0826,-0.0156784079503718,0.05305));
#3251=CARTESIAN_POINT('',(0.0826,-0.0156784079503718,0.05165));
#3252=CARTESIAN_POINT('',(0.0874,-0.0156784079503718,0.05165));
#3253=CARTESIAN_POINT('',(0.0922,-0.0156784079503718,0.05165));
#3254=CARTESIAN_POINT('',(0.0922,-0.0156784079503718,0.05305));
#3255=CARTESIAN_POINT('',(0.0936,-0.0156784079503718,0.05305));
#3256=CARTESIAN_POINT('',(0.0936,-0.0156784079503718,0.05665));
#3257=CARTESIAN_POINT('',(0.0997,-0.0156784079503716,-0.297980065960555));
#3258=CARTESIAN_POINT('',(0.0997,-0.0156784079503716,0.04965));
#3259=CARTESIAN_POINT('',(0.067,-0.0156784079503718,0.04965));
#3260=CARTESIAN_POINT('',(0.0343,-0.0156784079503718,0.04965));
#3261=CARTESIAN_POINT('',(0.0343,-0.0156784079503718,-0.297980065960555));
#3262=CARTESIAN_POINT('',(0.0404,-0.0156784079503718,0.05665));
#3263=CARTESIAN_POINT('',(0.0404,-0.0156784079503718,0.05305));
#3264=CARTESIAN_POINT('',(0.0418,-0.0156784079503718,0.05305));
#3265=CARTESIAN_POINT('',(0.1675,-0.0084,0.06905));
#3266=CARTESIAN_POINT('',(0.1667,-0.0088,0.06905));
#3267=CARTESIAN_POINT('',(0.1667,-0.008,0.06905));
#3268=CARTESIAN_POINT('',(0.1675,-0.008,0.06905));
#3269=CARTESIAN_POINT('',(0.1621,-0.008,0.06905));
#3270=CARTESIAN_POINT('',(0.1621,-0.0088,0.06905));
#3271=CARTESIAN_POINT('',(0.1675,-0.0088,0.06905));
#3272=CARTESIAN_POINT('',(0.1675,-0.008,0.0969));
#3273=CARTESIAN_POINT('',(0.1667,-0.008,0.0969));
#3274=CARTESIAN_POINT('',(0.1667,-0.008,0.04925));
#3275=CARTESIAN_POINT('',(-0.0335,-0.008,0.04925));
#3276=CARTESIAN_POINT('',(-0.0327,-0.008,0.04925));
#3277=CARTESIAN_POINT('',(-0.0327,-0.008,0.06905));
#3278=CARTESIAN_POINT('',(-0.0327,-0.008,0.06905));
#3279=CARTESIAN_POINT('',(0.1675,-0.008,0.06905));
#3280=CARTESIAN_POINT('',(-0.0281,-0.008,0.06905));
#3281=CARTESIAN_POINT('',(-0.0281,-0.008,0.06705));
#3282=CARTESIAN_POINT('',(-0.0261,-0.008,0.06705));
#3283=CARTESIAN_POINT('',(-0.0261,-0.008,0.0969));
#3284=CARTESIAN_POINT('',(-0.0261,-0.008,0.05305));
#3285=CARTESIAN_POINT('',(-0.0241,-0.008,0.05305));
#3286=CARTESIAN_POINT('',(-0.0241,-0.008,0.05105));
#3287=CARTESIAN_POINT('',(0.1675,-0.008,0.05105));
#3288=CARTESIAN_POINT('',(0.0241,-0.008,0.05105));
#3289=CARTESIAN_POINT('',(0.0241,-0.008,0.05305));
#3290=CARTESIAN_POINT('',(0.0261,-0.008,0.05305));
#3291=CARTESIAN_POINT('',(0.0261,-0.008,0.0969));
#3292=CARTESIAN_POINT('',(0.0261,-0.008,0.06705));
#3293=CARTESIAN_POINT('',(0.0281,-0.008,0.06705));
#3294=CARTESIAN_POINT('',(0.0281,-0.008,0.06905));
#3295=CARTESIAN_POINT('',(0.1675,-0.008,0.06905));
#3296=CARTESIAN_POINT('',(0.0389,-0.008,0.06905));
#3297=CARTESIAN_POINT('',(0.0389,-0.008,0.06705));
#3298=CARTESIAN_POINT('',(0.0409,-0.008,0.06705));
#3299=CARTESIAN_POINT('',(0.0409,-0.008,0.0969));
#3300=CARTESIAN_POINT('',(0.0409,-0.008,0.05305));
#3301=CARTESIAN_POINT('',(0.0429,-0.008,0.05305));
#3302=CARTESIAN_POINT('',(0.0429,-0.008,0.05105));
#3303=CARTESIAN_POINT('',(0.1675,-0.008,0.05105));
#3304=CARTESIAN_POINT('',(0.0911,-0.008,0.05105));
#3305=CARTESIAN_POINT('',(0.0911,-0.008,0.05305));
#3306=CARTESIAN_POINT('',(0.0931,-0.008,0.05305));
#3307=CARTESIAN_POINT('',(0.0931,-0.008,0.0969));
#3308=CARTESIAN_POINT('',(0.0931,-0.008,0.06705));
#3309=CARTESIAN_POINT('',(0.0951,-0.008,0.06705));
#3310=CARTESIAN_POINT('',(0.0951,-0.008,0.06905));
#3311=CARTESIAN_POINT('',(0.1675,-0.008,0.06905));
#3312=CARTESIAN_POINT('',(0.1059,-0.008,0.06905));
#3313=CARTESIAN_POINT('',(0.1059,-0.008,0.06705));
#3314=CARTESIAN_POINT('',(0.1079,-0.008,0.06705));
#3315=CARTESIAN_POINT('',(0.1079,-0.008,0.0969));
#3316=CARTESIAN_POINT('',(0.1079,-0.008,0.05305));
#3317=CARTESIAN_POINT('',(0.1099,-0.008,0.05305));
#3318=CARTESIAN_POINT('',(0.1099,-0.008,0.05105));
#3319=CARTESIAN_POINT('',(0.1675,-0.008,0.05105));
#3320=CARTESIAN_POINT('',(0.1581,-0.008,0.05105));
#3321=CARTESIAN_POINT('',(0.1581,-0.008,0.05305));
#3322=CARTESIAN_POINT('',(0.1601,-0.008,0.05305));
#3323=CARTESIAN_POINT('',(0.1601,-0.008,0.0969));
#3324=CARTESIAN_POINT('',(0.1601,-0.008,0.06705));
#3325=CARTESIAN_POINT('',(0.1621,-0.008,0.06705));
#3326=CARTESIAN_POINT('',(0.1675,-0.0084,0.06905));
#3327=CARTESIAN_POINT('',(0.1059,-0.0084,0.06905));
#3328=CARTESIAN_POINT('',(0.0951,-0.0088,0.06905));
#3329=CARTESIAN_POINT('',(0.0951,-0.0088,0.06905));
#3330=CARTESIAN_POINT('',(0.1675,-0.0088,0.06905));
#3331=CARTESIAN_POINT('',(0.1675,-0.0084,0.06905));
#3332=CARTESIAN_POINT('',(0.1675,-0.0088,0.06905));
#3333=CARTESIAN_POINT('',(0.0389,-0.0088,0.06905));
#3334=CARTESIAN_POINT('',(0.0389,-0.0084,0.06905));
#3335=CARTESIAN_POINT('',(0.0281,-0.0088,0.06905));
#3336=CARTESIAN_POINT('',(0.0281,-0.0088,0.06905));
#3337=CARTESIAN_POINT('',(0.1675,-0.0088,0.06905));
#3338=CARTESIAN_POINT('',(0.1675,-0.008,0.04965));
#3339=CARTESIAN_POINT('',(0.0997,-0.0122392039751857,0.04965));
#3340=CARTESIAN_POINT('',(0.0997,-0.00879999999999973,0.04965));
#3341=CARTESIAN_POINT('',(0.1675,-0.0088,0.04965));
#3342=CARTESIAN_POINT('',(0.0343,-0.0088,0.04965));
#3343=CARTESIAN_POINT('',(0.0343,-0.0122392039751859,0.04965));
#3344=CARTESIAN_POINT('',(0.067,-0.0156784079503718,-0.297980065960555));
#3345=CARTESIAN_POINT('',(0.0142,-0.0156784079503718,0.05665));
#3346=CARTESIAN_POINT('',(0.0142,-0.0156784079503718,0.05305));
#3347=CARTESIAN_POINT('',(0.0156,-0.0156784079503718,0.05305));
#3348=CARTESIAN_POINT('',(0.0156,-0.0156784079503718,0.05165));
#3349=CARTESIAN_POINT('',(0.0204,-0.0156784079503718,0.05165));
#3350=CARTESIAN_POINT('',(0.0252,-0.0156784079503718,0.05165));
#3351=CARTESIAN_POINT('',(0.0252,-0.0156784079503718,0.05305));
#3352=CARTESIAN_POINT('',(0.0266,-0.0156784079503718,0.05305));
#3353=CARTESIAN_POINT('',(0.0266,-0.0156784079503718,0.05665));
#3354=CARTESIAN_POINT('',(0.0327,-0.0156784079503718,-0.297980065960555));
#3355=CARTESIAN_POINT('',(0.0327,-0.0156784079503718,0.04965));
#3356=CARTESIAN_POINT('',(0.067,-0.0156784079503718,0.04965));
#3357=CARTESIAN_POINT('',(-0.0266,-0.0156784079503718,0.05665));
#3358=CARTESIAN_POINT('',(-0.0266,-0.0156784079503718,0.05305));
#3359=CARTESIAN_POINT('',(-0.0252,-0.0156784079503718,0.05305));
#3360=CARTESIAN_POINT('',(-0.0252,-0.0156784079503718,0.05165));
#3361=CARTESIAN_POINT('',(-0.0204,-0.0156784079503718,0.05165));
#3362=CARTESIAN_POINT('',(-0.0156,-0.0156784079503718,0.05165));
#3363=CARTESIAN_POINT('',(-0.0156,-0.0156784079503718,0.05305));
#3364=CARTESIAN_POINT('',(-0.0142,-0.0156784079503718,0.05305));
#3365=CARTESIAN_POINT('',(-0.0142,-0.0156784079503718,0.05665));
#3366=CARTESIAN_POINT('',(0.1675,-0.0088,-0.282312581184708));
#3367=CARTESIAN_POINT('',(0.0997,-0.00879999999999977,-0.282312581184708));
#3368=CARTESIAN_POINT('',(0.0951,-0.0088,0.06705));
#3369=CARTESIAN_POINT('',(0.0931,-0.0088,0.06705));
#3370=CARTESIAN_POINT('',(0.0931,-0.0088,0.06005));
#3371=CARTESIAN_POINT('',(0.0931,-0.0088,0.05305));
#3372=CARTESIAN_POINT('',(0.0911,-0.0088,0.05305));
#3373=CARTESIAN_POINT('',(0.0911,-0.0088,0.05105));
#3374=CARTESIAN_POINT('',(0.067,-0.0088,0.05105));
#3375=CARTESIAN_POINT('',(0.0429,-0.0088,0.05105));
#3376=CARTESIAN_POINT('',(0.0429,-0.0088,0.05305));
#3377=CARTESIAN_POINT('',(0.0409,-0.0088,0.05305));
#3378=CARTESIAN_POINT('',(0.0409,-0.0088,0.06005));
#3379=CARTESIAN_POINT('',(0.0409,-0.0088,0.06705));
#3380=CARTESIAN_POINT('',(0.0389,-0.0088,0.06705));
#3381=CARTESIAN_POINT('',(0.0343,-0.0088,-0.282312581184708));
#3382=CARTESIAN_POINT('',(0.1675,-0.0084,0.06905));
#3383=CARTESIAN_POINT('',(-0.0327,-0.0088,0.06905));
#3384=CARTESIAN_POINT('',(0.1675,-0.0088,0.06905));
#3385=CARTESIAN_POINT('',(-0.0306,-0.0088,0.06905));
#3386=CARTESIAN_POINT('',(0.1675,-0.0088,0.06905));
#3387=CARTESIAN_POINT('',(-0.0281,-0.0088,0.06905));
#3388=CARTESIAN_POINT('',(-0.0281,-0.0084,0.06905));
#3389=CARTESIAN_POINT('',(0.1675,-0.012,0.0974));
#3390=CARTESIAN_POINT('',(0.1675,-0.0152,0.0974));
#3391=CARTESIAN_POINT('',(0.1675,-0.0152,0.04925));
#3392=CARTESIAN_POINT('',(0.1675,-0.008,0.04925));
#3393=CARTESIAN_POINT('',(0.1675,-0.0088,0.04925));
#3394=CARTESIAN_POINT('',(0.1675,-0.0088,0.0974));
#3395=CARTESIAN_POINT('',(-0.0335,-0.012,0.0974));
#3396=CARTESIAN_POINT('',(-0.0335,-0.012,0.04925));
#3397=CARTESIAN_POINT('',(-0.0335,-0.0088,0.04925));
#3398=CARTESIAN_POINT('',(-0.0335,-0.0152,0.04925));
#3399=CARTESIAN_POINT('',(-0.0335,-0.0152,0.05265));
#3400=CARTESIAN_POINT('',(-0.0335,-0.0088,0.04845));
#3401=CARTESIAN_POINT('',(0.1675,-0.008,0.04845));
#3402=CARTESIAN_POINT('',(-0.0327,-0.008,0.04845));
#3403=CARTESIAN_POINT('',(-0.0327,-0.0152,0.04845));
#3404=CARTESIAN_POINT('',(-0.0327,-0.0088,0.04845));
#3405=CARTESIAN_POINT('',(0.1675,-0.0088,0.04845));
#3406=CARTESIAN_POINT('',(0.1667,-0.0088,0.04845));
#3407=CARTESIAN_POINT('',(0.1667,-0.016,0.04845));
#3408=CARTESIAN_POINT('',(0.1667,-0.0152,0.04845));
#3409=CARTESIAN_POINT('',(-0.0335,-0.0152,0.04845));
#3410=CARTESIAN_POINT('',(0.067,-0.0156784079503718,-0.297980065960555));
#3411=CARTESIAN_POINT('',(0.1136,-0.0156784079503718,0.05165));
#3412=CARTESIAN_POINT('',(0.1184,-0.0156784079503718,0.05165));
#3413=CARTESIAN_POINT('',(0.1088,-0.0156784079503718,0.05165));
#3414=CARTESIAN_POINT('',(0.1184,-0.0156784079503718,0.05305));
#3415=CARTESIAN_POINT('',(0.1198,-0.0156784079503718,0.05305));
#3416=CARTESIAN_POINT('',(0.1198,-0.0156784079503718,0.05665));
#3417=CARTESIAN_POINT('',(0.1482,-0.0156784079503718,0.05665));
#3418=CARTESIAN_POINT('',(0.1482,-0.0156784079503718,0.05305));
#3419=CARTESIAN_POINT('',(0.1496,-0.0156784079503718,0.05305));
#3420=CARTESIAN_POINT('',(0.1496,-0.0156784079503718,0.05165));
#3421=CARTESIAN_POINT('',(0.1544,-0.0156784079503718,0.05165));
#3422=CARTESIAN_POINT('',(0.1592,-0.0156784079503718,0.05165));
#3423=CARTESIAN_POINT('',(0.1592,-0.0156784079503718,0.05305));
#3424=CARTESIAN_POINT('',(0.1606,-0.0156784079503718,0.05305));
#3425=CARTESIAN_POINT('',(0.1606,-0.0156784079503718,0.05665));
#3426=CARTESIAN_POINT('',(0.1661,-0.0156784079503718,-0.297980065960555));
#3427=CARTESIAN_POINT('',(0.1013,-0.0156784079503716,-0.297980065960555));
#3428=CARTESIAN_POINT('',(0.1074,-0.0156784079503718,0.05665));
#3429=CARTESIAN_POINT('',(0.1074,-0.0156784079503718,0.05305));
#3430=CARTESIAN_POINT('',(0.1088,-0.0156784079503718,0.05305));
#3431=CARTESIAN_POINT('',(0.1661,-0.0122392039751859,-0.290146323572631));
#3432=CARTESIAN_POINT('',(0.1661,-0.0140784079503718,-0.290146323572631));
#3433=CARTESIAN_POINT('',(0.1675,-0.0088,-0.282312581184708));
#3434=CARTESIAN_POINT('',(-0.0306,-0.0088,0.09365));
#3435=CARTESIAN_POINT('',(-0.0306,-0.0088,0.04965));
#3436=CARTESIAN_POINT('',(0.1675,-0.0088,0.04965));
#3437=CARTESIAN_POINT('',(0.0327,-0.0088,0.04965));
#3438=CARTESIAN_POINT('',(0.0327,-0.0088,-0.282312581184708));
#3439=CARTESIAN_POINT('',(0.0281,-0.0088,0.06705));
#3440=CARTESIAN_POINT('',(0.0261,-0.0088,0.06705));
#3441=CARTESIAN_POINT('',(0.0261,-0.0088,0.06005));
#3442=CARTESIAN_POINT('',(0.0261,-0.0088,0.05305));
#3443=CARTESIAN_POINT('',(0.0241,-0.0088,0.05305));
#3444=CARTESIAN_POINT('',(0.0241,-0.0088,0.05105));
#3445=CARTESIAN_POINT('',(5.41682508687604E-17,-0.0088,0.05105));
#3446=CARTESIAN_POINT('',(-0.0241,-0.0088,0.05105));
#3447=CARTESIAN_POINT('',(-0.0241,-0.0088,0.05305));
#3448=CARTESIAN_POINT('',(-0.0261,-0.0088,0.05305));
#3449=CARTESIAN_POINT('',(-0.0261,-0.0088,0.06005));
#3450=CARTESIAN_POINT('',(-0.0261,-0.0088,0.06705));
#3451=CARTESIAN_POINT('',(-0.0281,-0.0088,0.06705));
#3452=CARTESIAN_POINT('',(0.1675,-0.008,0.04965));
#3453=CARTESIAN_POINT('',(-0.0306,-0.0116392039751859,0.04965));
#3454=CARTESIAN_POINT('',(-0.0306,-0.0139784079503718,0.04965));
#3455=CARTESIAN_POINT('',(0.0714392039751869,0.0880607960248141,0.04965));
#3456=CARTESIAN_POINT('',(-0.0311,-0.0144784079503718,0.04965));
#3457=CARTESIAN_POINT('',(-0.0314,-0.0144784079503718,0.04965));
#3458=CARTESIAN_POINT('',(-0.0317,-0.0144784079503718,0.04965));
#3459=CARTESIAN_POINT('',(0.0646607960248136,-0.110839203975186,0.04965));
#3460=CARTESIAN_POINT('',(0.0327,-0.0122392039751859,0.04965));
#3461=CARTESIAN_POINT('',(0.0343,-0.0122392039751859,0.05935));
#3462=CARTESIAN_POINT('',(0.0327,-0.0122392039751859,0.05935));
#3463=CARTESIAN_POINT('',(-0.0261,0.0162,0.06005));
#3464=CARTESIAN_POINT('',(-0.0261,0.0162,0.06705));
#3465=CARTESIAN_POINT('',(-0.0261,0.0162,0.05305));
#3466=CARTESIAN_POINT('',(0.0261,0.0162,0.06005));
#3467=CARTESIAN_POINT('',(0.0261,-0.008,0.06705));
#3468=CARTESIAN_POINT('',(0.0261,-0.0088,0.05305));
#3469=CARTESIAN_POINT('',(5.41682508687604E-17,0.0162,0.05105));
#3470=CARTESIAN_POINT('',(0.0241,-0.008,0.05105));
#3471=CARTESIAN_POINT('',(-0.0241,0.0162,0.05105));
#3472=CARTESIAN_POINT('',(0.0281,-0.0084,0.06705));
#3473=CARTESIAN_POINT('',(-0.0281,0.0162,0.06705));
#3474=CARTESIAN_POINT('',(0.0241,0.0162,0.05305));
#3475=CARTESIAN_POINT('',(-0.0241,0.0162,0.05305));
#3476=CARTESIAN_POINT('',(0.0409,0.0162,0.06005));
#3477=CARTESIAN_POINT('',(0.0409,0.0162,0.06705));
#3478=CARTESIAN_POINT('',(0.0409,0.0162,0.05305));
#3479=CARTESIAN_POINT('',(0.0931,0.0162,0.06005));
#3480=CARTESIAN_POINT('',(0.0931,-0.008,0.06705));
#3481=CARTESIAN_POINT('',(0.0931,-0.0088,0.05305));
#3482=CARTESIAN_POINT('',(0.067,0.0162,0.05105));
#3483=CARTESIAN_POINT('',(0.0911,-0.008,0.05105));
#3484=CARTESIAN_POINT('',(0.0429,0.0162,0.05105));
#3485=CARTESIAN_POINT('',(0.0951,-0.0084,0.06705));
#3486=CARTESIAN_POINT('',(0.0389,0.0162,0.06705));
#3487=CARTESIAN_POINT('',(0.0911,0.0162,0.05305));
#3488=CARTESIAN_POINT('',(0.0429,0.0162,0.05305));
#3489=CARTESIAN_POINT('',(0.1079,0.0162,0.06005));
#3490=CARTESIAN_POINT('',(0.1079,0.0162,0.06705));
#3491=CARTESIAN_POINT('',(0.1079,0.0162,0.05305));
#3492=CARTESIAN_POINT('',(0.1601,0.0162,0.06005));
#3493=CARTESIAN_POINT('',(0.1601,-0.008,0.06705));
#3494=CARTESIAN_POINT('',(0.1601,-0.0088,0.05305));
#3495=CARTESIAN_POINT('',(0.134,0.0162,0.05105));
#3496=CARTESIAN_POINT('',(0.1581,-0.008,0.05105));
#3497=CARTESIAN_POINT('',(0.1099,0.0162,0.05105));
#3498=CARTESIAN_POINT('',(0.1621,-0.0084,0.06705));
#3499=CARTESIAN_POINT('',(0.1059,0.0162,0.06705));
#3500=CARTESIAN_POINT('',(0.1581,0.0162,0.05305));
#3501=CARTESIAN_POINT('',(0.1099,0.0162,0.05305));
#3502=CARTESIAN_POINT('',(0.1013,-0.0122392039751856,0.05935));
#3503=CARTESIAN_POINT('',(0.0997,-0.0122392039751856,0.05935));
#3504=CARTESIAN_POINT('',(0.1654,-0.0088,0.09365));
#3505=CARTESIAN_POINT('',(0.1646,-0.0088,0.09365));
#3506=CARTESIAN_POINT('',(0.1646,-0.0088,0.09315));
#3507=CARTESIAN_POINT('',(0.1662,-0.0088,0.09315));
#3508=CARTESIAN_POINT('',(0.1662,-0.0088,0.09315));
#3509=CARTESIAN_POINT('',(0.1662,-0.0088,0.09365));
#3510=CARTESIAN_POINT('',(0.1654,-0.0144784079503718,0.09365));
#3511=CARTESIAN_POINT('',(0.1657,-0.0144784079503718,0.09365));
#3512=CARTESIAN_POINT('',(0.1657,-0.0144784079503718,0.09315));
#3513=CARTESIAN_POINT('',(0.1654,-0.0144784079503718,0.09315));
#3514=CARTESIAN_POINT('',(0.1651,-0.0144784079503718,0.09315));
#3515=CARTESIAN_POINT('',(0.1651,-0.0144784079503718,0.09365));
#3516=CARTESIAN_POINT('',(0.1662,-0.0116392039751859,0.09365));
#3517=CARTESIAN_POINT('',(0.1662,-0.0144784079503718,0.09315));
#3518=CARTESIAN_POINT('',(0.1662,-0.0139784079503718,0.09315));
#3519=CARTESIAN_POINT('',(0.1662,-0.0139784079503718,0.0561158485574865));
#3520=CARTESIAN_POINT('',(0.1646,-0.0116392039751859,0.09365));
#3521=CARTESIAN_POINT('',(0.1646,-0.0139784079503718,0.09365));
#3522=CARTESIAN_POINT('',(0.1646,-0.0139784079503718,0.09315));
#3523=CARTESIAN_POINT('',(0.1646,-0.0116392039751859,0.09315));
#3524=CARTESIAN_POINT('',(0.103602998928781,-0.0108065255288925,0.09365));
#3525=CARTESIAN_POINT('',(0.1646,-0.0093,0.09365));
#3526=CARTESIAN_POINT('',(0.1657,-0.0093,0.09365));
#3527=CARTESIAN_POINT('',(0.1651,-0.0093,0.09365));
#3528=CARTESIAN_POINT('',(0.1651,-0.0108065255288925,0.09365));
#3529=CARTESIAN_POINT('',(0.1651,-0.0139784079503718,0.09365));
#3530=CARTESIAN_POINT('',(0.103602998928781,-0.0139784079503718,0.09365));
#3531=CARTESIAN_POINT('',(0.1657,-0.0139784079503718,0.09365));
#3532=CARTESIAN_POINT('',(0.1657,-0.0088,0.09365));
#3533=CARTESIAN_POINT('',(-0.0314,-0.0088,0.09365));
#3534=CARTESIAN_POINT('',(-0.0322,-0.0088,0.09365));
#3535=CARTESIAN_POINT('',(-0.0322,-0.0088,0.09315));
#3536=CARTESIAN_POINT('',(-0.0314,-0.0088,0.09315));
#3537=CARTESIAN_POINT('',(-0.0306,-0.0088,0.09315));
#3538=CARTESIAN_POINT('',(-0.0306,-0.0088,0.09365));
#3539=CARTESIAN_POINT('',(-0.0322,-0.0116392039751859,0.09365));
#3540=CARTESIAN_POINT('',(-0.0322,-0.0139784079503718,0.09365));
#3541=CARTESIAN_POINT('',(-0.0322,-0.0139784079503718,0.09315));
#3542=CARTESIAN_POINT('',(-0.0322,-0.0088,0.09315));
#3543=CARTESIAN_POINT('',(-0.0314,-0.0144784079503718,0.09365));
#3544=CARTESIAN_POINT('',(-0.0322,-0.0144784079503718,0.09315));
#3545=CARTESIAN_POINT('',(-0.0311,-0.0144784079503718,0.09315));
#3546=CARTESIAN_POINT('',(-0.0317,-0.0144784079503718,0.09315));
#3547=CARTESIAN_POINT('',(-0.0317,-0.0144784079503718,0.09365));
#3548=CARTESIAN_POINT('',(-0.0311,-0.0144784079503718,0.09365));
#3549=CARTESIAN_POINT('',(-0.0306,-0.0116392039751859,0.09365));
#3550=CARTESIAN_POINT('',(-0.0306,-0.0116392039751859,0.09315));
#3551=CARTESIAN_POINT('',(-0.0306,-0.0139784079503718,0.09315));
#3552=CARTESIAN_POINT('',(-0.0306,-0.0139784079503718,0.04965));
#3553=CARTESIAN_POINT('',(0.103602998928781,-0.0108065255288925,0.09365));
#3554=CARTESIAN_POINT('',(-0.0317,-0.0144784079503718,0.09365));
#3555=CARTESIAN_POINT('',(-0.0317,-0.0093,0.09365));
#3556=CARTESIAN_POINT('',(-0.0317,-0.0139784079503718,0.09365));
#3557=CARTESIAN_POINT('',(-0.0306,-0.0139784079503718,0.09365));
#3558=CARTESIAN_POINT('',(-0.0311,-0.0139784079503718,0.09365));
#3559=CARTESIAN_POINT('',(-0.0311,-0.0108065255288925,0.09365));
#3560=CARTESIAN_POINT('',(-0.0311,-0.0093,0.09365));
#3561=CARTESIAN_POINT('',(0.103602998928781,-0.0093,0.09365));
#3562=CARTESIAN_POINT('',(-0.0306,-0.0116392039751859,0.09315));
#3563=CARTESIAN_POINT('',(-0.0311,-0.0139784079503718,0.09365));
#3564=CARTESIAN_POINT('',(-0.0308666666666666,-0.00906666666666666,0.0934166666666667));
#3565=CARTESIAN_POINT('',(-0.0306,-0.0139784079503718,0.09365));
#3566=CARTESIAN_POINT('',(-0.03085,-0.0142284079503718,0.09315));
#3567=CARTESIAN_POINT('',(-0.0314,-0.0088,0.09315));
#3568=CARTESIAN_POINT('',(-0.0311978248237025,-0.00980217517629749,0.0941521751762975));
#3569=CARTESIAN_POINT('',(-0.0311,-0.0139784079503718,0.09365));
#3570=CARTESIAN_POINT('',(-0.0311,-0.0139784079503718,0.09365));
#3571=CARTESIAN_POINT('',(-0.0317,-0.0108065255288925,0.09365));
#3572=CARTESIAN_POINT('',(-0.0322,-0.0139784079503718,0.09315));
#3573=CARTESIAN_POINT('',(0.103602998928781,-0.0139784079503718,0.09365));
#3574=CARTESIAN_POINT('',(-0.0317,-0.0142284079503718,0.0934));
#3575=CARTESIAN_POINT('',(-0.0322,-0.0139784079503718,0.09315));
#3576=CARTESIAN_POINT('',(-0.0322,-0.0139784079503718,0.09315));
#3577=CARTESIAN_POINT('',(-0.0317,-0.0144784079503718,0.09365));
#3578=CARTESIAN_POINT('',(0.1651,-0.0144784079503718,0.09365));
#3579=CARTESIAN_POINT('',(0.16485,-0.0142284079503718,0.09315));
#3580=CARTESIAN_POINT('',(0.1646,-0.0116392039751859,0.09315));
#3581=CARTESIAN_POINT('',(0.144600999642927,0.0111990003570731,0.0731509996429268));
#3582=CARTESIAN_POINT('',(0.1651,-0.0139784079503718,0.09365));
#3583=CARTESIAN_POINT('',(0.1651,-0.0139784079503718,0.09365));
#3584=CARTESIAN_POINT('',(0.1651,-0.0139784079503718,0.09365));
#3585=CARTESIAN_POINT('',(0.103602998928781,-0.0093,0.09365));
#3586=CARTESIAN_POINT('',(0.165197824823703,-0.00980217517629749,0.0941521751762974));
#3587=CARTESIAN_POINT('',(0.1654,-0.0144784079503718,0.09315));
#3588=CARTESIAN_POINT('',(0.1657,-0.0144784079503718,0.09315));
#3589=CARTESIAN_POINT('',(0.1657,-0.0108065255288925,0.09365));
#3590=CARTESIAN_POINT('',(0.16595,-0.0139784079503718,0.0934));
#3591=CARTESIAN_POINT('',(0.1657,-0.0144784079503718,0.09315));
#3592=CARTESIAN_POINT('',(0.1657,-0.0144784079503718,0.09315));
#3593=CARTESIAN_POINT('',(0.1662,-0.0139784079503718,0.09365));
#3594=CARTESIAN_POINT('',(-0.0142,-0.0156764079503718,0.05665));
#3595=CARTESIAN_POINT('',(-0.0142,-0.0156764079503718,0.05305));
#3596=CARTESIAN_POINT('',(-0.0204,-0.0156764079503718,0.05165));
#3597=CARTESIAN_POINT('',(-0.0156,-0.0156764079503718,0.05165));
#3598=CARTESIAN_POINT('',(-0.0252,-0.016,0.05165));
#3599=CARTESIAN_POINT('',(-0.0266,-0.0156764079503718,0.05665));
#3600=CARTESIAN_POINT('',(-0.0266,-0.0156784079503718,0.05305));
#3601=CARTESIAN_POINT('',(-0.0156,-0.0156764079503718,0.05305));
#3602=CARTESIAN_POINT('',(-0.0252,-0.0156764079503718,0.05305));
#3603=CARTESIAN_POINT('',(0.0266,-0.0156764079503718,0.05665));
#3604=CARTESIAN_POINT('',(0.0266,-0.016,0.05305));
#3605=CARTESIAN_POINT('',(0.0204,-0.0156764079503718,0.05165));
#3606=CARTESIAN_POINT('',(0.0156,-0.0156764079503718,0.05165));
#3607=CARTESIAN_POINT('',(0.0252,-0.0156784079503718,0.05165));
#3608=CARTESIAN_POINT('',(0.0142,-0.0156764079503718,0.05665));
#3609=CARTESIAN_POINT('',(0.0142,-0.0156764079503718,0.05305));
#3610=CARTESIAN_POINT('',(0.0156,-0.0156764079503718,0.05305));
#3611=CARTESIAN_POINT('',(0.0252,-0.0156764079503718,0.05305));
#3612=CARTESIAN_POINT('',(0.1606,-0.0156764079503718,0.05665));
#3613=CARTESIAN_POINT('',(0.1606,-0.016,0.05305));
#3614=CARTESIAN_POINT('',(0.1544,-0.0156764079503718,0.05165));
#3615=CARTESIAN_POINT('',(0.1496,-0.0156764079503718,0.05165));
#3616=CARTESIAN_POINT('',(0.1592,-0.0156784079503718,0.05165));
#3617=CARTESIAN_POINT('',(0.1482,-0.0156764079503718,0.05665));
#3618=CARTESIAN_POINT('',(0.1482,-0.0156764079503718,0.05305));
#3619=CARTESIAN_POINT('',(0.1496,-0.0156764079503718,0.05305));
#3620=CARTESIAN_POINT('',(0.1592,-0.0156764079503718,0.05305));
#3621=CARTESIAN_POINT('',(0.0936,-0.0156764079503718,0.05665));
#3622=CARTESIAN_POINT('',(0.0936,-0.016,0.05305));
#3623=CARTESIAN_POINT('',(0.0874,-0.0156764079503718,0.05165));
#3624=CARTESIAN_POINT('',(0.0826,-0.0156764079503718,0.05165));
#3625=CARTESIAN_POINT('',(0.0922,-0.0156784079503718,0.05165));
#3626=CARTESIAN_POINT('',(0.0812,-0.0156764079503718,0.05665));
#3627=CARTESIAN_POINT('',(0.0812,-0.0156764079503718,0.05305));
#3628=CARTESIAN_POINT('',(0.0826,-0.0156764079503718,0.05305));
#3629=CARTESIAN_POINT('',(0.0922,-0.0156764079503718,0.05305));
#3630=CARTESIAN_POINT('',(0.0528,-0.0156764079503718,0.05665));
#3631=CARTESIAN_POINT('',(0.0528,-0.0156764079503718,0.05305));
#3632=CARTESIAN_POINT('',(0.0466,-0.0156764079503718,0.05165));
#3633=CARTESIAN_POINT('',(0.0514,-0.0156764079503718,0.05165));
#3634=CARTESIAN_POINT('',(0.0418,-0.016,0.05165));
#3635=CARTESIAN_POINT('',(0.0404,-0.0156764079503718,0.05665));
#3636=CARTESIAN_POINT('',(0.0404,-0.0156784079503718,0.05305));
#3637=CARTESIAN_POINT('',(0.0514,-0.0156764079503718,0.05305));
#3638=CARTESIAN_POINT('',(0.0418,-0.0156764079503718,0.05305));
#3639=CARTESIAN_POINT('',(0.1198,-0.0156764079503718,0.05665));
#3640=CARTESIAN_POINT('',(0.1198,-0.0156764079503718,0.05305));
#3641=CARTESIAN_POINT('',(0.1136,-0.0156764079503718,0.05165));
#3642=CARTESIAN_POINT('',(0.1184,-0.0156764079503718,0.05165));
#3643=CARTESIAN_POINT('',(0.1088,-0.016,0.05165));
#3644=CARTESIAN_POINT('',(0.1074,-0.0156764079503718,0.05665));
#3645=CARTESIAN_POINT('',(0.1074,-0.0156784079503718,0.05305));
#3646=CARTESIAN_POINT('',(0.1184,-0.0156764079503718,0.05305));
#3647=CARTESIAN_POINT('',(0.1088,-0.0156764079503718,0.05305));
#3648=CARTESIAN_POINT('',(-0.0327,-0.0088,0.0969));
#3649=CARTESIAN_POINT('',(-0.0327,-0.0088,0.04925));
#3650=CARTESIAN_POINT('',(-0.0327,-0.0088,0.04925));
#3651=CARTESIAN_POINT('',(-0.0327,-0.0088,0.04925));
#3652=CARTESIAN_POINT('',(-0.0327,-0.0088,0.04925));
#3653=CARTESIAN_POINT('',(0.1667,-0.0088,0.0974));
#3654=CARTESIAN_POINT('',(0.1667,-0.0088,0.04925));
#3655=CARTESIAN_POINT('',(0.1675,-0.0088,0.04925));
#3656=CARTESIAN_POINT('',(0.1667,-0.0088,0.04925));
#3657=CARTESIAN_POINT('',(-0.0327,-0.012,0.04925));
#3658=CARTESIAN_POINT('',(-0.0327,-0.0152,0.04925));
#3659=CARTESIAN_POINT('',(-0.0327,-0.0152,0.0974));
#3660=CARTESIAN_POINT('',(-0.0327,-0.0152,0.04925));
#3661=CARTESIAN_POINT('',(0.1667,-0.0088,0.04925));
#3662=CARTESIAN_POINT('',(0.1667,-0.0088,0.04925));
#3663=CARTESIAN_POINT('',(-0.0327,-0.0152,0.04925));
#3664=CARTESIAN_POINT('',(-0.0327,-0.0152,0.04925));
#3665=CARTESIAN_POINT('',(0.1667,-0.008,0.04925));
#3666=CARTESIAN_POINT('',(0.1667,-0.0152,0.04925));
#3667=CARTESIAN_POINT('',(0.1675,-0.0152,0.04925));
#3668=CARTESIAN_POINT('',(0.1667,-0.0152,0.04925));
#3669=CARTESIAN_POINT('',(0.1667,-0.0152,0.04925));
#3670=CARTESIAN_POINT('',(0.1667,-0.0152,0.04925));
#3671=CARTESIAN_POINT('',(0.1667,-0.0152,0.04845));
#3672=MECHANICAL_DESIGN_GEOMETRIC_PRESENTATION_REPRESENTATION('',(#2195),
#3673);
#3673=(
GEOMETRIC_REPRESENTATION_CONTEXT(3)
GLOBAL_UNCERTAINTY_ASSIGNED_CONTEXT((#3674))
GLOBAL_UNIT_ASSIGNED_CONTEXT((#3677,#3676,#3675))
REPRESENTATION_CONTEXT('Topper','TOP_LEVEL_ASSEMBLY_PART')
);
#3674=UNCERTAINTY_MEASURE_WITH_UNIT(LENGTH_MEASURE(1.E-8),#3677,
'DISTANCE_ACCURACY_VALUE','Maximum Tolerance applied to model');
#3675=(
NAMED_UNIT(*)
SI_UNIT($,.STERADIAN.)
SOLID_ANGLE_UNIT()
);
#3676=(
NAMED_UNIT(*)
PLANE_ANGLE_UNIT()
SI_UNIT($,.RADIAN.)
);
#3677=(
LENGTH_UNIT()
NAMED_UNIT(*)
SI_UNIT($,.METRE.)
);
#3678=PRODUCT_DEFINITION_SHAPE('','',#3679);
#3679=PRODUCT_DEFINITION('','',#3681,#3680);
#3680=PRODUCT_DEFINITION_CONTEXT('',#3687,'design');
#3681=PRODUCT_DEFINITION_FORMATION_WITH_SPECIFIED_SOURCE('','',#3683,
 .NOT_KNOWN.);
#3682=PRODUCT_RELATED_PRODUCT_CATEGORY('','',(#3683));
#3683=PRODUCT('Topper','Topper','Topper',(#3685));
#3684=PRODUCT_CATEGORY('','');
#3685=PRODUCT_CONTEXT('',#3687,'mechanical');
#3686=APPLICATION_PROTOCOL_DEFINITION('international standard',
'ap242_managed_model_based_3d_engineering',2020,#3687);
#3687=APPLICATION_CONTEXT('managed model based 3d engineering');
ENDSEC;
END-ISO-10303-21;
