ISO-10303-21;
HEADER;
/* Generated by software containing ST-Developer
 * from STEP Tools, Inc. (www.steptools.com) 
 */
/* OPTION: using custom renumber hook */

FILE_DESCRIPTION(
/* description */ ('STEP AP242 Edition 2',
'CAx-IF Rec.Pracs.---Representation and Presentation of Product Manufa
cturing Information (PMI)---4.0---2014-10-13',
'CAx-IF Rec.Pracs.---3D Tessellated Geometry---0.4---2014-09-14','2;1',
'CAx-IF Rec.Pracs.---User Defined Attributes---1.5---2016-08-15'),
/* implementation_level */ '2;1');

FILE_NAME(
/* name */ 'Topper',
/* time_stamp */ '2026-09-03T08:50:23Z',
/* author */ (''),
/* organization */ (''),
/* preprocessor_version */ 'ST-DEVELOPER v20',
/* originating_system */ 'ONSHAPE BY PTC INC, 1.220',
/* authorisation */ '  ');

FILE_SCHEMA (('AP242_MANAGED_MODEL_BASED_3D_ENGINEERING_MIM_LF { 1 0 10303 442 3 1 4 }'));
ENDSEC;

DATA;
#10=SHAPE_REPRESENTATION_RELATIONSHIP('','',#2546,#11);
#11=ADVANCED_BREP_SHAPE_REPRESENTATION('',(#2544),#4214);
#12=CYLINDRICAL_SURFACE('',#2666,0.002);
#13=CYLINDRICAL_SURFACE('',#2667,0.002);
#14=CYLINDRICAL_SURFACE('',#2668,0.002);
#15=CYLINDRICAL_SURFACE('',#2669,0.002);
#16=CYLINDRICAL_SURFACE('',#2673,0.002);
#17=CYLINDRICAL_SURFACE('',#2674,0.002);
#18=CYLINDRICAL_SURFACE('',#2675,0.002);
#19=CYLINDRICAL_SURFACE('',#2676,0.002);
#20=CYLINDRICAL_SURFACE('',#2680,0.002);
#21=CYLINDRICAL_SURFACE('',#2681,0.002);
#22=CYLINDRICAL_SURFACE('',#2682,0.002);
#23=CYLINDRICAL_SURFACE('',#2683,0.002);
#24=CYLINDRICAL_SURFACE('',#2687,0.002);
#25=CYLINDRICAL_SURFACE('',#2688,0.002);
#26=CYLINDRICAL_SURFACE('',#2689,0.002);
#27=CYLINDRICAL_SURFACE('',#2690,0.002);
#28=CYLINDRICAL_SURFACE('',#2724,0.0014);
#29=CYLINDRICAL_SURFACE('',#2725,0.0014);
#30=CYLINDRICAL_SURFACE('',#2729,0.0014);
#31=CYLINDRICAL_SURFACE('',#2730,0.0014);
#32=CYLINDRICAL_SURFACE('',#2734,0.0014);
#33=CYLINDRICAL_SURFACE('',#2735,0.0014);
#34=CYLINDRICAL_SURFACE('',#2739,0.0014);
#35=CYLINDRICAL_SURFACE('',#2740,0.0014);
#36=CYLINDRICAL_SURFACE('',#2744,0.0014);
#37=CYLINDRICAL_SURFACE('',#2745,0.0014);
#38=CYLINDRICAL_SURFACE('',#2749,0.0014);
#39=CYLINDRICAL_SURFACE('',#2750,0.0014);
#40=CYLINDRICAL_SURFACE('',#2754,0.0014);
#41=CYLINDRICAL_SURFACE('',#2755,0.0014);
#42=CYLINDRICAL_SURFACE('',#2759,0.0014);
#43=CYLINDRICAL_SURFACE('',#2760,0.0014);
#44=ELLIPSE('',#2566,0.00168338021906146,0.0014);
#45=ELLIPSE('',#2567,0.00168338021906146,0.0014);
#46=ELLIPSE('',#2569,0.00168338021906146,0.0014);
#47=ELLIPSE('',#2570,0.00168338021906146,0.0014);
#48=ELLIPSE('',#2572,0.00168338021906146,0.0014);
#49=ELLIPSE('',#2573,0.00168338021906146,0.0014);
#50=ELLIPSE('',#2575,0.00168338021906146,0.0014);
#51=ELLIPSE('',#2576,0.00168338021906146,0.0014);
#52=ELLIPSE('',#2578,0.00168338021906146,0.0014);
#53=ELLIPSE('',#2579,0.00168338021906146,0.0014);
#54=ELLIPSE('',#2581,0.00168338021906146,0.0014);
#55=ELLIPSE('',#2583,0.00168338021906146,0.0014);
#56=ELLIPSE('',#2584,0.00168338021906146,0.0014);
#57=ELLIPSE('',#2586,0.00168338021906146,0.0014);
#58=ELLIPSE('',#2587,0.00168338021906146,0.0014);
#59=ELLIPSE('',#2594,0.00168338021906146,0.0014);
#60=CIRCLE('',#2549,0.0014);
#61=CIRCLE('',#2550,0.0014);
#62=CIRCLE('',#2551,0.0014);
#63=CIRCLE('',#2552,0.0014);
#64=CIRCLE('',#2553,0.0014);
#65=CIRCLE('',#2554,0.0014);
#66=CIRCLE('',#2555,0.0014);
#67=CIRCLE('',#2556,0.0014);
#68=CIRCLE('',#2557,0.0014);
#69=CIRCLE('',#2558,0.0014);
#70=CIRCLE('',#2559,0.0014);
#71=CIRCLE('',#2560,0.0014);
#72=CIRCLE('',#2561,0.0014);
#73=CIRCLE('',#2562,0.0014);
#74=CIRCLE('',#2563,0.0014);
#75=CIRCLE('',#2564,0.0014);
#76=CIRCLE('',#2589,0.002);
#77=CIRCLE('',#2590,0.002);
#78=CIRCLE('',#2591,0.002);
#79=CIRCLE('',#2592,0.002);
#80=CIRCLE('',#2598,0.0014);
#81=CIRCLE('',#2599,0.0014);
#82=CIRCLE('',#2600,0.0014);
#83=CIRCLE('',#2601,0.0014);
#84=CIRCLE('',#2604,0.002);
#85=CIRCLE('',#2605,0.002);
#86=CIRCLE('',#2606,0.002);
#87=CIRCLE('',#2607,0.002);
#88=CIRCLE('',#2609,0.0014);
#89=CIRCLE('',#2610,0.0014);
#90=CIRCLE('',#2611,0.0014);
#91=CIRCLE('',#2612,0.0014);
#92=CIRCLE('',#2615,0.002);
#93=CIRCLE('',#2616,0.002);
#94=CIRCLE('',#2617,0.002);
#95=CIRCLE('',#2618,0.002);
#96=CIRCLE('',#2619,0.002);
#97=CIRCLE('',#2620,0.002);
#98=CIRCLE('',#2621,0.002);
#99=CIRCLE('',#2622,0.002);
#100=CIRCLE('',#2623,0.002);
#101=CIRCLE('',#2624,0.002);
#102=CIRCLE('',#2625,0.002);
#103=CIRCLE('',#2626,0.002);
#104=CIRCLE('',#2627,0.002);
#105=CIRCLE('',#2628,0.002);
#106=CIRCLE('',#2629,0.002);
#107=CIRCLE('',#2630,0.002);
#108=CIRCLE('',#2636,0.0014);
#109=CIRCLE('',#2637,0.0014);
#110=CIRCLE('',#2638,0.0014);
#111=CIRCLE('',#2639,0.0014);
#112=CIRCLE('',#2641,0.002);
#113=CIRCLE('',#2642,0.002);
#114=CIRCLE('',#2643,0.002);
#115=CIRCLE('',#2644,0.002);
#116=CIRCLE('',#2650,0.0014);
#117=CIRCLE('',#2651,0.0014);
#118=CIRCLE('',#2652,0.0014);
#119=CIRCLE('',#2653,0.0014);
#120=CIRCLE('',#2656,0.002);
#121=CIRCLE('',#2657,0.002);
#122=CIRCLE('',#2658,0.002);
#123=CIRCLE('',#2659,0.002);
#124=ORIENTED_EDGE('',*,*,#858,.F.);
#125=ORIENTED_EDGE('',*,*,#859,.T.);
#126=ORIENTED_EDGE('',*,*,#860,.T.);
#127=ORIENTED_EDGE('',*,*,#861,.T.);
#128=ORIENTED_EDGE('',*,*,#862,.T.);
#129=ORIENTED_EDGE('',*,*,#863,.T.);
#130=ORIENTED_EDGE('',*,*,#864,.T.);
#131=ORIENTED_EDGE('',*,*,#865,.T.);
#132=ORIENTED_EDGE('',*,*,#866,.F.);
#133=ORIENTED_EDGE('',*,*,#867,.T.);
#134=ORIENTED_EDGE('',*,*,#868,.T.);
#135=ORIENTED_EDGE('',*,*,#869,.T.);
#136=ORIENTED_EDGE('',*,*,#870,.T.);
#137=ORIENTED_EDGE('',*,*,#871,.T.);
#138=ORIENTED_EDGE('',*,*,#872,.T.);
#139=ORIENTED_EDGE('',*,*,#873,.T.);
#140=ORIENTED_EDGE('',*,*,#874,.F.);
#141=ORIENTED_EDGE('',*,*,#875,.T.);
#142=ORIENTED_EDGE('',*,*,#876,.T.);
#143=ORIENTED_EDGE('',*,*,#877,.T.);
#144=ORIENTED_EDGE('',*,*,#878,.T.);
#145=ORIENTED_EDGE('',*,*,#879,.T.);
#146=ORIENTED_EDGE('',*,*,#880,.T.);
#147=ORIENTED_EDGE('',*,*,#881,.T.);
#148=ORIENTED_EDGE('',*,*,#882,.F.);
#149=ORIENTED_EDGE('',*,*,#883,.T.);
#150=ORIENTED_EDGE('',*,*,#884,.T.);
#151=ORIENTED_EDGE('',*,*,#885,.F.);
#152=ORIENTED_EDGE('',*,*,#886,.F.);
#153=ORIENTED_EDGE('',*,*,#887,.T.);
#154=ORIENTED_EDGE('',*,*,#888,.T.);
#155=ORIENTED_EDGE('',*,*,#889,.T.);
#156=ORIENTED_EDGE('',*,*,#890,.T.);
#157=ORIENTED_EDGE('',*,*,#891,.T.);
#158=ORIENTED_EDGE('',*,*,#892,.T.);
#159=ORIENTED_EDGE('',*,*,#893,.T.);
#160=ORIENTED_EDGE('',*,*,#894,.F.);
#161=ORIENTED_EDGE('',*,*,#895,.T.);
#162=ORIENTED_EDGE('',*,*,#896,.T.);
#163=ORIENTED_EDGE('',*,*,#892,.F.);
#164=ORIENTED_EDGE('',*,*,#897,.T.);
#165=ORIENTED_EDGE('',*,*,#898,.F.);
#166=ORIENTED_EDGE('',*,*,#899,.F.);
#167=ORIENTED_EDGE('',*,*,#900,.T.);
#168=ORIENTED_EDGE('',*,*,#901,.T.);
#169=ORIENTED_EDGE('',*,*,#864,.F.);
#170=ORIENTED_EDGE('',*,*,#902,.T.);
#171=ORIENTED_EDGE('',*,*,#903,.F.);
#172=ORIENTED_EDGE('',*,*,#904,.F.);
#173=ORIENTED_EDGE('',*,*,#905,.T.);
#174=ORIENTED_EDGE('',*,*,#906,.T.);
#175=ORIENTED_EDGE('',*,*,#872,.F.);
#176=ORIENTED_EDGE('',*,*,#907,.T.);
#177=ORIENTED_EDGE('',*,*,#908,.F.);
#178=ORIENTED_EDGE('',*,*,#909,.F.);
#179=ORIENTED_EDGE('',*,*,#910,.F.);
#180=ORIENTED_EDGE('',*,*,#911,.T.);
#181=ORIENTED_EDGE('',*,*,#912,.T.);
#182=ORIENTED_EDGE('',*,*,#913,.F.);
#183=ORIENTED_EDGE('',*,*,#914,.F.);
#184=ORIENTED_EDGE('',*,*,#915,.T.);
#185=ORIENTED_EDGE('',*,*,#916,.T.);
#186=ORIENTED_EDGE('',*,*,#868,.F.);
#187=ORIENTED_EDGE('',*,*,#917,.T.);
#188=ORIENTED_EDGE('',*,*,#918,.F.);
#189=ORIENTED_EDGE('',*,*,#919,.F.);
#190=ORIENTED_EDGE('',*,*,#920,.T.);
#191=ORIENTED_EDGE('',*,*,#921,.T.);
#192=ORIENTED_EDGE('',*,*,#922,.F.);
#193=ORIENTED_EDGE('',*,*,#923,.F.);
#194=ORIENTED_EDGE('',*,*,#924,.T.);
#195=ORIENTED_EDGE('',*,*,#925,.T.);
#196=ORIENTED_EDGE('',*,*,#860,.F.);
#197=ORIENTED_EDGE('',*,*,#926,.T.);
#198=ORIENTED_EDGE('',*,*,#927,.F.);
#199=ORIENTED_EDGE('',*,*,#928,.T.);
#200=ORIENTED_EDGE('',*,*,#929,.T.);
#201=ORIENTED_EDGE('',*,*,#888,.F.);
#202=ORIENTED_EDGE('',*,*,#930,.T.);
#203=ORIENTED_EDGE('',*,*,#931,.T.);
#204=ORIENTED_EDGE('',*,*,#932,.T.);
#205=ORIENTED_EDGE('',*,*,#933,.T.);
#206=ORIENTED_EDGE('',*,*,#934,.F.);
#207=ORIENTED_EDGE('',*,*,#935,.F.);
#208=ORIENTED_EDGE('',*,*,#936,.F.);
#209=ORIENTED_EDGE('',*,*,#937,.T.);
#210=ORIENTED_EDGE('',*,*,#938,.T.);
#211=ORIENTED_EDGE('',*,*,#939,.F.);
#212=ORIENTED_EDGE('',*,*,#940,.F.);
#213=ORIENTED_EDGE('',*,*,#941,.T.);
#214=ORIENTED_EDGE('',*,*,#942,.T.);
#215=ORIENTED_EDGE('',*,*,#876,.F.);
#216=ORIENTED_EDGE('',*,*,#943,.T.);
#217=ORIENTED_EDGE('',*,*,#944,.F.);
#218=ORIENTED_EDGE('',*,*,#945,.F.);
#219=ORIENTED_EDGE('',*,*,#946,.T.);
#220=ORIENTED_EDGE('',*,*,#947,.T.);
#221=ORIENTED_EDGE('',*,*,#880,.F.);
#222=ORIENTED_EDGE('',*,*,#948,.T.);
#223=ORIENTED_EDGE('',*,*,#949,.F.);
#224=ORIENTED_EDGE('',*,*,#950,.T.);
#225=ORIENTED_EDGE('',*,*,#951,.T.);
#226=ORIENTED_EDGE('',*,*,#952,.F.);
#227=ORIENTED_EDGE('',*,*,#953,.T.);
#228=ORIENTED_EDGE('',*,*,#954,.F.);
#229=ORIENTED_EDGE('',*,*,#955,.T.);
#230=ORIENTED_EDGE('',*,*,#956,.T.);
#231=ORIENTED_EDGE('',*,*,#957,.T.);
#232=ORIENTED_EDGE('',*,*,#958,.T.);
#233=ORIENTED_EDGE('',*,*,#959,.F.);
#234=ORIENTED_EDGE('',*,*,#960,.F.);
#235=ORIENTED_EDGE('',*,*,#961,.F.);
#236=ORIENTED_EDGE('',*,*,#962,.F.);
#237=ORIENTED_EDGE('',*,*,#963,.T.);
#238=ORIENTED_EDGE('',*,*,#964,.T.);
#239=ORIENTED_EDGE('',*,*,#965,.T.);
#240=ORIENTED_EDGE('',*,*,#966,.T.);
#241=ORIENTED_EDGE('',*,*,#967,.F.);
#242=ORIENTED_EDGE('',*,*,#884,.F.);
#243=ORIENTED_EDGE('',*,*,#968,.T.);
#244=ORIENTED_EDGE('',*,*,#969,.T.);
#245=ORIENTED_EDGE('',*,*,#970,.T.);
#246=ORIENTED_EDGE('',*,*,#963,.F.);
#247=ORIENTED_EDGE('',*,*,#971,.F.);
#248=ORIENTED_EDGE('',*,*,#972,.T.);
#249=ORIENTED_EDGE('',*,*,#973,.T.);
#250=ORIENTED_EDGE('',*,*,#974,.T.);
#251=ORIENTED_EDGE('',*,*,#975,.T.);
#252=ORIENTED_EDGE('',*,*,#976,.T.);
#253=ORIENTED_EDGE('',*,*,#960,.T.);
#254=ORIENTED_EDGE('',*,*,#977,.F.);
#255=ORIENTED_EDGE('',*,*,#978,.T.);
#256=ORIENTED_EDGE('',*,*,#979,.F.);
#257=ORIENTED_EDGE('',*,*,#980,.T.);
#258=ORIENTED_EDGE('',*,*,#981,.T.);
#259=ORIENTED_EDGE('',*,*,#899,.T.);
#260=ORIENTED_EDGE('',*,*,#982,.F.);
#261=ORIENTED_EDGE('',*,*,#983,.T.);
#262=ORIENTED_EDGE('',*,*,#984,.T.);
#263=ORIENTED_EDGE('',*,*,#985,.T.);
#264=ORIENTED_EDGE('',*,*,#986,.T.);
#265=ORIENTED_EDGE('',*,*,#923,.T.);
#266=ORIENTED_EDGE('',*,*,#987,.F.);
#267=ORIENTED_EDGE('',*,*,#988,.F.);
#268=ORIENTED_EDGE('',*,*,#989,.T.);
#269=ORIENTED_EDGE('',*,*,#910,.T.);
#270=ORIENTED_EDGE('',*,*,#990,.F.);
#271=ORIENTED_EDGE('',*,*,#991,.T.);
#272=ORIENTED_EDGE('',*,*,#988,.T.);
#273=ORIENTED_EDGE('',*,*,#992,.T.);
#274=ORIENTED_EDGE('',*,*,#993,.T.);
#275=ORIENTED_EDGE('',*,*,#994,.F.);
#276=ORIENTED_EDGE('',*,*,#993,.F.);
#277=ORIENTED_EDGE('',*,*,#995,.T.);
#278=ORIENTED_EDGE('',*,*,#996,.T.);
#279=ORIENTED_EDGE('',*,*,#997,.T.);
#280=ORIENTED_EDGE('',*,*,#998,.F.);
#281=ORIENTED_EDGE('',*,*,#999,.T.);
#282=ORIENTED_EDGE('',*,*,#1000,.F.);
#283=ORIENTED_EDGE('',*,*,#1001,.T.);
#284=ORIENTED_EDGE('',*,*,#1002,.T.);
#285=ORIENTED_EDGE('',*,*,#1003,.T.);
#286=ORIENTED_EDGE('',*,*,#1004,.T.);
#287=ORIENTED_EDGE('',*,*,#1005,.F.);
#288=ORIENTED_EDGE('',*,*,#1006,.F.);
#289=ORIENTED_EDGE('',*,*,#1007,.T.);
#290=ORIENTED_EDGE('',*,*,#1008,.T.);
#291=ORIENTED_EDGE('',*,*,#904,.T.);
#292=ORIENTED_EDGE('',*,*,#1009,.F.);
#293=ORIENTED_EDGE('',*,*,#1010,.T.);
#294=ORIENTED_EDGE('',*,*,#1011,.T.);
#295=ORIENTED_EDGE('',*,*,#1012,.T.);
#296=ORIENTED_EDGE('',*,*,#1013,.T.);
#297=ORIENTED_EDGE('',*,*,#914,.T.);
#298=ORIENTED_EDGE('',*,*,#1014,.F.);
#299=ORIENTED_EDGE('',*,*,#1015,.F.);
#300=ORIENTED_EDGE('',*,*,#1016,.T.);
#301=ORIENTED_EDGE('',*,*,#936,.T.);
#302=ORIENTED_EDGE('',*,*,#1017,.F.);
#303=ORIENTED_EDGE('',*,*,#1018,.T.);
#304=ORIENTED_EDGE('',*,*,#1019,.T.);
#305=ORIENTED_EDGE('',*,*,#1020,.T.);
#306=ORIENTED_EDGE('',*,*,#950,.F.);
#307=ORIENTED_EDGE('',*,*,#1021,.F.);
#308=ORIENTED_EDGE('',*,*,#931,.F.);
#309=ORIENTED_EDGE('',*,*,#1022,.T.);
#310=ORIENTED_EDGE('',*,*,#1023,.T.);
#311=ORIENTED_EDGE('',*,*,#1024,.T.);
#312=ORIENTED_EDGE('',*,*,#1019,.F.);
#313=ORIENTED_EDGE('',*,*,#1025,.F.);
#314=ORIENTED_EDGE('',*,*,#1026,.T.);
#315=ORIENTED_EDGE('',*,*,#1027,.T.);
#316=ORIENTED_EDGE('',*,*,#1028,.F.);
#317=ORIENTED_EDGE('',*,*,#1029,.T.);
#318=ORIENTED_EDGE('',*,*,#1030,.F.);
#319=ORIENTED_EDGE('',*,*,#1031,.T.);
#320=ORIENTED_EDGE('',*,*,#1032,.T.);
#321=ORIENTED_EDGE('',*,*,#1033,.T.);
#322=ORIENTED_EDGE('',*,*,#1034,.T.);
#323=ORIENTED_EDGE('',*,*,#1035,.T.);
#324=ORIENTED_EDGE('',*,*,#1036,.F.);
#325=ORIENTED_EDGE('',*,*,#1037,.T.);
#326=ORIENTED_EDGE('',*,*,#1038,.F.);
#327=ORIENTED_EDGE('',*,*,#1039,.T.);
#328=ORIENTED_EDGE('',*,*,#1040,.T.);
#329=ORIENTED_EDGE('',*,*,#1041,.T.);
#330=ORIENTED_EDGE('',*,*,#1042,.T.);
#331=ORIENTED_EDGE('',*,*,#1043,.T.);
#332=ORIENTED_EDGE('',*,*,#1044,.F.);
#333=ORIENTED_EDGE('',*,*,#1045,.T.);
#334=ORIENTED_EDGE('',*,*,#1046,.F.);
#335=ORIENTED_EDGE('',*,*,#1047,.T.);
#336=ORIENTED_EDGE('',*,*,#1048,.T.);
#337=ORIENTED_EDGE('',*,*,#1049,.T.);
#338=ORIENTED_EDGE('',*,*,#1050,.T.);
#339=ORIENTED_EDGE('',*,*,#1051,.T.);
#340=ORIENTED_EDGE('',*,*,#1052,.F.);
#341=ORIENTED_EDGE('',*,*,#1053,.T.);
#342=ORIENTED_EDGE('',*,*,#1054,.F.);
#343=ORIENTED_EDGE('',*,*,#1055,.T.);
#344=ORIENTED_EDGE('',*,*,#1056,.T.);
#345=ORIENTED_EDGE('',*,*,#1057,.T.);
#346=ORIENTED_EDGE('',*,*,#958,.F.);
#347=ORIENTED_EDGE('',*,*,#1058,.T.);
#348=ORIENTED_EDGE('',*,*,#1052,.T.);
#349=ORIENTED_EDGE('',*,*,#1059,.T.);
#350=ORIENTED_EDGE('',*,*,#996,.F.);
#351=ORIENTED_EDGE('',*,*,#921,.F.);
#352=ORIENTED_EDGE('',*,*,#1004,.F.);
#353=ORIENTED_EDGE('',*,*,#1060,.T.);
#354=ORIENTED_EDGE('',*,*,#1044,.T.);
#355=ORIENTED_EDGE('',*,*,#1061,.T.);
#356=ORIENTED_EDGE('',*,*,#1062,.F.);
#357=ORIENTED_EDGE('',*,*,#912,.F.);
#358=ORIENTED_EDGE('',*,*,#1063,.F.);
#359=ORIENTED_EDGE('',*,*,#1064,.T.);
#360=ORIENTED_EDGE('',*,*,#1036,.T.);
#361=ORIENTED_EDGE('',*,*,#1065,.T.);
#362=ORIENTED_EDGE('',*,*,#1066,.F.);
#363=ORIENTED_EDGE('',*,*,#938,.F.);
#364=ORIENTED_EDGE('',*,*,#1015,.T.);
#365=ORIENTED_EDGE('',*,*,#1067,.T.);
#366=ORIENTED_EDGE('',*,*,#1068,.T.);
#367=ORIENTED_EDGE('',*,*,#1069,.F.);
#368=ORIENTED_EDGE('',*,*,#1070,.F.);
#369=ORIENTED_EDGE('',*,*,#1071,.T.);
#370=ORIENTED_EDGE('',*,*,#1072,.T.);
#371=ORIENTED_EDGE('',*,*,#1073,.T.);
#372=ORIENTED_EDGE('',*,*,#1074,.T.);
#373=ORIENTED_EDGE('',*,*,#940,.T.);
#374=ORIENTED_EDGE('',*,*,#1075,.F.);
#375=ORIENTED_EDGE('',*,*,#1076,.F.);
#376=ORIENTED_EDGE('',*,*,#971,.T.);
#377=ORIENTED_EDGE('',*,*,#962,.T.);
#378=ORIENTED_EDGE('',*,*,#1077,.F.);
#379=ORIENTED_EDGE('',*,*,#1078,.T.);
#380=ORIENTED_EDGE('',*,*,#1079,.F.);
#381=ORIENTED_EDGE('',*,*,#1080,.T.);
#382=ORIENTED_EDGE('',*,*,#1081,.T.);
#383=ORIENTED_EDGE('',*,*,#945,.T.);
#384=ORIENTED_EDGE('',*,*,#1068,.F.);
#385=ORIENTED_EDGE('',*,*,#1082,.T.);
#386=ORIENTED_EDGE('',*,*,#1062,.T.);
#387=ORIENTED_EDGE('',*,*,#1083,.T.);
#388=ORIENTED_EDGE('',*,*,#1084,.F.);
#389=ORIENTED_EDGE('',*,*,#1085,.T.);
#390=ORIENTED_EDGE('',*,*,#1086,.F.);
#391=ORIENTED_EDGE('',*,*,#1087,.T.);
#392=ORIENTED_EDGE('',*,*,#1088,.T.);
#393=ORIENTED_EDGE('',*,*,#1089,.T.);
#394=ORIENTED_EDGE('',*,*,#1063,.T.);
#395=ORIENTED_EDGE('',*,*,#1090,.F.);
#396=ORIENTED_EDGE('',*,*,#1091,.F.);
#397=ORIENTED_EDGE('',*,*,#1092,.T.);
#398=ORIENTED_EDGE('',*,*,#1028,.T.);
#399=ORIENTED_EDGE('',*,*,#1093,.F.);
#400=ORIENTED_EDGE('',*,*,#966,.F.);
#401=ORIENTED_EDGE('',*,*,#1094,.F.);
#402=ORIENTED_EDGE('',*,*,#930,.F.);
#403=ORIENTED_EDGE('',*,*,#887,.F.);
#404=ORIENTED_EDGE('',*,*,#1095,.F.);
#405=ORIENTED_EDGE('',*,*,#1025,.T.);
#406=ORIENTED_EDGE('',*,*,#1022,.F.);
#407=ORIENTED_EDGE('',*,*,#1027,.F.);
#408=ORIENTED_EDGE('',*,*,#1096,.T.);
#409=ORIENTED_EDGE('',*,*,#885,.T.);
#410=ORIENTED_EDGE('',*,*,#967,.T.);
#411=ORIENTED_EDGE('',*,*,#1093,.T.);
#412=ORIENTED_EDGE('',*,*,#1096,.F.);
#413=ORIENTED_EDGE('',*,*,#1026,.F.);
#414=ORIENTED_EDGE('',*,*,#1095,.T.);
#415=ORIENTED_EDGE('',*,*,#886,.T.);
#416=ORIENTED_EDGE('',*,*,#1097,.F.);
#417=ORIENTED_EDGE('',*,*,#1098,.T.);
#418=ORIENTED_EDGE('',*,*,#1099,.T.);
#419=ORIENTED_EDGE('',*,*,#894,.T.);
#420=ORIENTED_EDGE('',*,*,#1100,.F.);
#421=ORIENTED_EDGE('',*,*,#1101,.T.);
#422=ORIENTED_EDGE('',*,*,#1102,.T.);
#423=ORIENTED_EDGE('',*,*,#1103,.T.);
#424=ORIENTED_EDGE('',*,*,#1104,.T.);
#425=ORIENTED_EDGE('',*,*,#927,.T.);
#426=ORIENTED_EDGE('',*,*,#1105,.F.);
#427=ORIENTED_EDGE('',*,*,#978,.F.);
#428=ORIENTED_EDGE('',*,*,#1106,.T.);
#429=ORIENTED_EDGE('',*,*,#919,.T.);
#430=ORIENTED_EDGE('',*,*,#1107,.F.);
#431=ORIENTED_EDGE('',*,*,#1108,.T.);
#432=ORIENTED_EDGE('',*,*,#934,.T.);
#433=ORIENTED_EDGE('',*,*,#1109,.T.);
#434=ORIENTED_EDGE('',*,*,#972,.F.);
#435=ORIENTED_EDGE('',*,*,#1105,.T.);
#436=ORIENTED_EDGE('',*,*,#1091,.T.);
#437=ORIENTED_EDGE('',*,*,#1110,.T.);
#438=ORIENTED_EDGE('',*,*,#1111,.F.);
#439=ORIENTED_EDGE('',*,*,#1112,.T.);
#440=ORIENTED_EDGE('',*,*,#1066,.T.);
#441=ORIENTED_EDGE('',*,*,#1113,.T.);
#442=ORIENTED_EDGE('',*,*,#1114,.F.);
#443=ORIENTED_EDGE('',*,*,#1115,.T.);
#444=ORIENTED_EDGE('',*,*,#1116,.F.);
#445=ORIENTED_EDGE('',*,*,#1117,.T.);
#446=ORIENTED_EDGE('',*,*,#1118,.T.);
#447=ORIENTED_EDGE('',*,*,#1119,.T.);
#448=ORIENTED_EDGE('',*,*,#1111,.T.);
#449=ORIENTED_EDGE('',*,*,#1120,.T.);
#450=ORIENTED_EDGE('',*,*,#1121,.T.);
#451=ORIENTED_EDGE('',*,*,#1122,.F.);
#452=ORIENTED_EDGE('',*,*,#1123,.T.);
#453=ORIENTED_EDGE('',*,*,#969,.F.);
#454=ORIENTED_EDGE('',*,*,#1076,.T.);
#455=ORIENTED_EDGE('',*,*,#1124,.T.);
#456=ORIENTED_EDGE('',*,*,#1016,.F.);
#457=ORIENTED_EDGE('',*,*,#1069,.T.);
#458=ORIENTED_EDGE('',*,*,#1090,.T.);
#459=ORIENTED_EDGE('',*,*,#937,.F.);
#460=ORIENTED_EDGE('',*,*,#1075,.T.);
#461=ORIENTED_EDGE('',*,*,#939,.T.);
#462=ORIENTED_EDGE('',*,*,#1112,.F.);
#463=ORIENTED_EDGE('',*,*,#1124,.F.);
#464=ORIENTED_EDGE('',*,*,#1030,.T.);
#465=ORIENTED_EDGE('',*,*,#1125,.T.);
#466=ORIENTED_EDGE('',*,*,#1118,.F.);
#467=ORIENTED_EDGE('',*,*,#1126,.T.);
#468=ORIENTED_EDGE('',*,*,#1114,.T.);
#469=ORIENTED_EDGE('',*,*,#1127,.T.);
#470=ORIENTED_EDGE('',*,*,#1034,.F.);
#471=ORIENTED_EDGE('',*,*,#1128,.T.);
#472=ORIENTED_EDGE('',*,*,#1116,.T.);
#473=ORIENTED_EDGE('',*,*,#1129,.T.);
#474=ORIENTED_EDGE('',*,*,#1032,.F.);
#475=ORIENTED_EDGE('',*,*,#1130,.T.);
#476=ORIENTED_EDGE('',*,*,#1035,.F.);
#477=ORIENTED_EDGE('',*,*,#1127,.F.);
#478=ORIENTED_EDGE('',*,*,#1113,.F.);
#479=ORIENTED_EDGE('',*,*,#1065,.F.);
#480=ORIENTED_EDGE('',*,*,#1029,.F.);
#481=ORIENTED_EDGE('',*,*,#1092,.F.);
#482=ORIENTED_EDGE('',*,*,#1119,.F.);
#483=ORIENTED_EDGE('',*,*,#1125,.F.);
#484=ORIENTED_EDGE('',*,*,#1033,.F.);
#485=ORIENTED_EDGE('',*,*,#1129,.F.);
#486=ORIENTED_EDGE('',*,*,#1115,.F.);
#487=ORIENTED_EDGE('',*,*,#1128,.F.);
#488=ORIENTED_EDGE('',*,*,#1031,.F.);
#489=ORIENTED_EDGE('',*,*,#1126,.F.);
#490=ORIENTED_EDGE('',*,*,#1117,.F.);
#491=ORIENTED_EDGE('',*,*,#1130,.F.);
#492=ORIENTED_EDGE('',*,*,#1038,.T.);
#493=ORIENTED_EDGE('',*,*,#1131,.T.);
#494=ORIENTED_EDGE('',*,*,#1088,.F.);
#495=ORIENTED_EDGE('',*,*,#1132,.T.);
#496=ORIENTED_EDGE('',*,*,#1084,.T.);
#497=ORIENTED_EDGE('',*,*,#1133,.T.);
#498=ORIENTED_EDGE('',*,*,#1042,.F.);
#499=ORIENTED_EDGE('',*,*,#1134,.T.);
#500=ORIENTED_EDGE('',*,*,#1086,.T.);
#501=ORIENTED_EDGE('',*,*,#1135,.T.);
#502=ORIENTED_EDGE('',*,*,#1040,.F.);
#503=ORIENTED_EDGE('',*,*,#1136,.T.);
#504=ORIENTED_EDGE('',*,*,#1043,.F.);
#505=ORIENTED_EDGE('',*,*,#1133,.F.);
#506=ORIENTED_EDGE('',*,*,#1083,.F.);
#507=ORIENTED_EDGE('',*,*,#1061,.F.);
#508=ORIENTED_EDGE('',*,*,#1037,.F.);
#509=ORIENTED_EDGE('',*,*,#1064,.F.);
#510=ORIENTED_EDGE('',*,*,#1089,.F.);
#511=ORIENTED_EDGE('',*,*,#1131,.F.);
#512=ORIENTED_EDGE('',*,*,#1041,.F.);
#513=ORIENTED_EDGE('',*,*,#1135,.F.);
#514=ORIENTED_EDGE('',*,*,#1085,.F.);
#515=ORIENTED_EDGE('',*,*,#1134,.F.);
#516=ORIENTED_EDGE('',*,*,#1039,.F.);
#517=ORIENTED_EDGE('',*,*,#1132,.F.);
#518=ORIENTED_EDGE('',*,*,#1087,.F.);
#519=ORIENTED_EDGE('',*,*,#1136,.F.);
#520=ORIENTED_EDGE('',*,*,#1046,.T.);
#521=ORIENTED_EDGE('',*,*,#1137,.T.);
#522=ORIENTED_EDGE('',*,*,#1002,.F.);
#523=ORIENTED_EDGE('',*,*,#1138,.T.);
#524=ORIENTED_EDGE('',*,*,#998,.T.);
#525=ORIENTED_EDGE('',*,*,#1139,.T.);
#526=ORIENTED_EDGE('',*,*,#1050,.F.);
#527=ORIENTED_EDGE('',*,*,#1140,.T.);
#528=ORIENTED_EDGE('',*,*,#1000,.T.);
#529=ORIENTED_EDGE('',*,*,#1141,.T.);
#530=ORIENTED_EDGE('',*,*,#1048,.F.);
#531=ORIENTED_EDGE('',*,*,#1142,.T.);
#532=ORIENTED_EDGE('',*,*,#1051,.F.);
#533=ORIENTED_EDGE('',*,*,#1139,.F.);
#534=ORIENTED_EDGE('',*,*,#997,.F.);
#535=ORIENTED_EDGE('',*,*,#1059,.F.);
#536=ORIENTED_EDGE('',*,*,#1045,.F.);
#537=ORIENTED_EDGE('',*,*,#1060,.F.);
#538=ORIENTED_EDGE('',*,*,#1003,.F.);
#539=ORIENTED_EDGE('',*,*,#1137,.F.);
#540=ORIENTED_EDGE('',*,*,#1049,.F.);
#541=ORIENTED_EDGE('',*,*,#1141,.F.);
#542=ORIENTED_EDGE('',*,*,#999,.F.);
#543=ORIENTED_EDGE('',*,*,#1140,.F.);
#544=ORIENTED_EDGE('',*,*,#1047,.F.);
#545=ORIENTED_EDGE('',*,*,#1138,.F.);
#546=ORIENTED_EDGE('',*,*,#1001,.F.);
#547=ORIENTED_EDGE('',*,*,#1142,.F.);
#548=ORIENTED_EDGE('',*,*,#1054,.T.);
#549=ORIENTED_EDGE('',*,*,#1143,.T.);
#550=ORIENTED_EDGE('',*,*,#956,.F.);
#551=ORIENTED_EDGE('',*,*,#1144,.T.);
#552=ORIENTED_EDGE('',*,*,#952,.T.);
#553=ORIENTED_EDGE('',*,*,#1145,.T.);
#554=ORIENTED_EDGE('',*,*,#1023,.F.);
#555=ORIENTED_EDGE('',*,*,#1146,.T.);
#556=ORIENTED_EDGE('',*,*,#954,.T.);
#557=ORIENTED_EDGE('',*,*,#1147,.T.);
#558=ORIENTED_EDGE('',*,*,#1056,.F.);
#559=ORIENTED_EDGE('',*,*,#1148,.T.);
#560=ORIENTED_EDGE('',*,*,#1024,.F.);
#561=ORIENTED_EDGE('',*,*,#1145,.F.);
#562=ORIENTED_EDGE('',*,*,#951,.F.);
#563=ORIENTED_EDGE('',*,*,#1020,.F.);
#564=ORIENTED_EDGE('',*,*,#1053,.F.);
#565=ORIENTED_EDGE('',*,*,#1058,.F.);
#566=ORIENTED_EDGE('',*,*,#957,.F.);
#567=ORIENTED_EDGE('',*,*,#1143,.F.);
#568=ORIENTED_EDGE('',*,*,#1057,.F.);
#569=ORIENTED_EDGE('',*,*,#1147,.F.);
#570=ORIENTED_EDGE('',*,*,#953,.F.);
#571=ORIENTED_EDGE('',*,*,#1146,.F.);
#572=ORIENTED_EDGE('',*,*,#1055,.F.);
#573=ORIENTED_EDGE('',*,*,#1144,.F.);
#574=ORIENTED_EDGE('',*,*,#955,.F.);
#575=ORIENTED_EDGE('',*,*,#1148,.F.);
#576=ORIENTED_EDGE('',*,*,#989,.F.);
#577=ORIENTED_EDGE('',*,*,#994,.T.);
#578=ORIENTED_EDGE('',*,*,#1005,.T.);
#579=ORIENTED_EDGE('',*,*,#911,.F.);
#580=ORIENTED_EDGE('',*,*,#1014,.T.);
#581=ORIENTED_EDGE('',*,*,#913,.T.);
#582=ORIENTED_EDGE('',*,*,#1082,.F.);
#583=ORIENTED_EDGE('',*,*,#1067,.F.);
#584=ORIENTED_EDGE('',*,*,#1106,.F.);
#585=ORIENTED_EDGE('',*,*,#977,.T.);
#586=ORIENTED_EDGE('',*,*,#959,.T.);
#587=ORIENTED_EDGE('',*,*,#920,.F.);
#588=ORIENTED_EDGE('',*,*,#987,.T.);
#589=ORIENTED_EDGE('',*,*,#922,.T.);
#590=ORIENTED_EDGE('',*,*,#995,.F.);
#591=ORIENTED_EDGE('',*,*,#992,.F.);
#592=ORIENTED_EDGE('',*,*,#1149,.F.);
#593=ORIENTED_EDGE('',*,*,#1150,.T.);
#594=ORIENTED_EDGE('',*,*,#1151,.T.);
#595=ORIENTED_EDGE('',*,*,#1021,.T.);
#596=ORIENTED_EDGE('',*,*,#974,.F.);
#597=ORIENTED_EDGE('',*,*,#1152,.T.);
#598=ORIENTED_EDGE('',*,*,#1153,.T.);
#599=ORIENTED_EDGE('',*,*,#1154,.T.);
#600=ORIENTED_EDGE('',*,*,#1155,.T.);
#601=ORIENTED_EDGE('',*,*,#1156,.T.);
#602=ORIENTED_EDGE('',*,*,#932,.F.);
#603=ORIENTED_EDGE('',*,*,#1151,.F.);
#604=ORIENTED_EDGE('',*,*,#1157,.T.);
#605=ORIENTED_EDGE('',*,*,#1158,.T.);
#606=ORIENTED_EDGE('',*,*,#1149,.T.);
#607=ORIENTED_EDGE('',*,*,#949,.T.);
#608=ORIENTED_EDGE('',*,*,#976,.F.);
#609=ORIENTED_EDGE('',*,*,#1159,.T.);
#610=ORIENTED_EDGE('',*,*,#1160,.T.);
#611=ORIENTED_EDGE('',*,*,#1161,.T.);
#612=ORIENTED_EDGE('',*,*,#1162,.T.);
#613=ORIENTED_EDGE('',*,*,#1163,.F.);
#614=ORIENTED_EDGE('',*,*,#1164,.T.);
#615=ORIENTED_EDGE('',*,*,#1165,.T.);
#616=ORIENTED_EDGE('',*,*,#1094,.T.);
#617=ORIENTED_EDGE('',*,*,#965,.F.);
#618=ORIENTED_EDGE('',*,*,#1166,.T.);
#619=ORIENTED_EDGE('',*,*,#1167,.T.);
#620=ORIENTED_EDGE('',*,*,#1163,.T.);
#621=ORIENTED_EDGE('',*,*,#1168,.T.);
#622=ORIENTED_EDGE('',*,*,#1169,.T.);
#623=ORIENTED_EDGE('',*,*,#1122,.T.);
#624=ORIENTED_EDGE('',*,*,#1170,.T.);
#625=ORIENTED_EDGE('',*,*,#1165,.F.);
#626=ORIENTED_EDGE('',*,*,#1171,.T.);
#627=ORIENTED_EDGE('',*,*,#1172,.T.);
#628=ORIENTED_EDGE('',*,*,#1120,.F.);
#629=ORIENTED_EDGE('',*,*,#1110,.F.);
#630=ORIENTED_EDGE('',*,*,#1173,.T.);
#631=ORIENTED_EDGE('',*,*,#1174,.T.);
#632=ORIENTED_EDGE('',*,*,#1175,.T.);
#633=ORIENTED_EDGE('',*,*,#1176,.T.);
#634=ORIENTED_EDGE('',*,*,#1177,.F.);
#635=ORIENTED_EDGE('',*,*,#1171,.F.);
#636=ORIENTED_EDGE('',*,*,#1178,.F.);
#637=ORIENTED_EDGE('',*,*,#1175,.F.);
#638=ORIENTED_EDGE('',*,*,#1121,.F.);
#639=ORIENTED_EDGE('',*,*,#1172,.F.);
#640=ORIENTED_EDGE('',*,*,#1179,.F.);
#641=ORIENTED_EDGE('',*,*,#1170,.F.);
#642=ORIENTED_EDGE('',*,*,#1178,.T.);
#643=ORIENTED_EDGE('',*,*,#1164,.F.);
#644=ORIENTED_EDGE('',*,*,#1180,.F.);
#645=ORIENTED_EDGE('',*,*,#1176,.F.);
#646=ORIENTED_EDGE('',*,*,#1179,.T.);
#647=ORIENTED_EDGE('',*,*,#1177,.T.);
#648=ORIENTED_EDGE('',*,*,#1181,.F.);
#649=ORIENTED_EDGE('',*,*,#1180,.T.);
#650=ORIENTED_EDGE('',*,*,#1167,.F.);
#651=ORIENTED_EDGE('',*,*,#1182,.F.);
#652=ORIENTED_EDGE('',*,*,#1173,.F.);
#653=ORIENTED_EDGE('',*,*,#1181,.T.);
#654=ORIENTED_EDGE('',*,*,#1174,.F.);
#655=ORIENTED_EDGE('',*,*,#1183,.F.);
#656=ORIENTED_EDGE('',*,*,#1168,.F.);
#657=ORIENTED_EDGE('',*,*,#1183,.T.);
#658=ORIENTED_EDGE('',*,*,#1182,.T.);
#659=ORIENTED_EDGE('',*,*,#1184,.F.);
#660=ORIENTED_EDGE('',*,*,#1184,.T.);
#661=ORIENTED_EDGE('',*,*,#1166,.F.);
#662=ORIENTED_EDGE('',*,*,#964,.F.);
#663=ORIENTED_EDGE('',*,*,#970,.F.);
#664=ORIENTED_EDGE('',*,*,#1123,.F.);
#665=ORIENTED_EDGE('',*,*,#1169,.F.);
#666=ORIENTED_EDGE('',*,*,#975,.F.);
#667=ORIENTED_EDGE('',*,*,#1154,.F.);
#668=ORIENTED_EDGE('',*,*,#1185,.F.);
#669=ORIENTED_EDGE('',*,*,#1157,.F.);
#670=ORIENTED_EDGE('',*,*,#1186,.F.);
#671=ORIENTED_EDGE('',*,*,#1158,.F.);
#672=ORIENTED_EDGE('',*,*,#1187,.F.);
#673=ORIENTED_EDGE('',*,*,#1160,.F.);
#674=ORIENTED_EDGE('',*,*,#1187,.T.);
#675=ORIENTED_EDGE('',*,*,#1185,.T.);
#676=ORIENTED_EDGE('',*,*,#1188,.F.);
#677=ORIENTED_EDGE('',*,*,#1186,.T.);
#678=ORIENTED_EDGE('',*,*,#1159,.F.);
#679=ORIENTED_EDGE('',*,*,#1189,.F.);
#680=ORIENTED_EDGE('',*,*,#1150,.F.);
#681=ORIENTED_EDGE('',*,*,#1188,.T.);
#682=ORIENTED_EDGE('',*,*,#1153,.F.);
#683=ORIENTED_EDGE('',*,*,#1190,.F.);
#684=ORIENTED_EDGE('',*,*,#1161,.F.);
#685=ORIENTED_EDGE('',*,*,#1189,.T.);
#686=ORIENTED_EDGE('',*,*,#1162,.F.);
#687=ORIENTED_EDGE('',*,*,#1191,.F.);
#688=ORIENTED_EDGE('',*,*,#1155,.F.);
#689=ORIENTED_EDGE('',*,*,#1191,.T.);
#690=ORIENTED_EDGE('',*,*,#1190,.T.);
#691=ORIENTED_EDGE('',*,*,#1192,.F.);
#692=ORIENTED_EDGE('',*,*,#1192,.T.);
#693=ORIENTED_EDGE('',*,*,#1152,.F.);
#694=ORIENTED_EDGE('',*,*,#973,.F.);
#695=ORIENTED_EDGE('',*,*,#1109,.F.);
#696=ORIENTED_EDGE('',*,*,#933,.F.);
#697=ORIENTED_EDGE('',*,*,#1156,.F.);
#698=ORIENTED_EDGE('',*,*,#1081,.F.);
#699=ORIENTED_EDGE('',*,*,#1193,.T.);
#700=ORIENTED_EDGE('',*,*,#946,.F.);
#701=ORIENTED_EDGE('',*,*,#882,.T.);
#702=ORIENTED_EDGE('',*,*,#1194,.T.);
#703=ORIENTED_EDGE('',*,*,#1079,.T.);
#704=ORIENTED_EDGE('',*,*,#1195,.T.);
#705=ORIENTED_EDGE('',*,*,#961,.T.);
#706=ORIENTED_EDGE('',*,*,#1196,.T.);
#707=ORIENTED_EDGE('',*,*,#1077,.T.);
#708=ORIENTED_EDGE('',*,*,#1080,.F.);
#709=ORIENTED_EDGE('',*,*,#1194,.F.);
#710=ORIENTED_EDGE('',*,*,#881,.F.);
#711=ORIENTED_EDGE('',*,*,#947,.F.);
#712=ORIENTED_EDGE('',*,*,#1193,.F.);
#713=ORIENTED_EDGE('',*,*,#1078,.F.);
#714=ORIENTED_EDGE('',*,*,#1196,.F.);
#715=ORIENTED_EDGE('',*,*,#968,.F.);
#716=ORIENTED_EDGE('',*,*,#883,.F.);
#717=ORIENTED_EDGE('',*,*,#1195,.F.);
#718=ORIENTED_EDGE('',*,*,#1074,.F.);
#719=ORIENTED_EDGE('',*,*,#1197,.T.);
#720=ORIENTED_EDGE('',*,*,#941,.F.);
#721=ORIENTED_EDGE('',*,*,#1072,.F.);
#722=ORIENTED_EDGE('',*,*,#1198,.T.);
#723=ORIENTED_EDGE('',*,*,#878,.F.);
#724=ORIENTED_EDGE('',*,*,#1199,.T.);
#725=ORIENTED_EDGE('',*,*,#944,.T.);
#726=ORIENTED_EDGE('',*,*,#1200,.T.);
#727=ORIENTED_EDGE('',*,*,#1070,.T.);
#728=ORIENTED_EDGE('',*,*,#1071,.F.);
#729=ORIENTED_EDGE('',*,*,#1200,.F.);
#730=ORIENTED_EDGE('',*,*,#948,.F.);
#731=ORIENTED_EDGE('',*,*,#879,.F.);
#732=ORIENTED_EDGE('',*,*,#1198,.F.);
#733=ORIENTED_EDGE('',*,*,#1073,.F.);
#734=ORIENTED_EDGE('',*,*,#1199,.F.);
#735=ORIENTED_EDGE('',*,*,#877,.F.);
#736=ORIENTED_EDGE('',*,*,#942,.F.);
#737=ORIENTED_EDGE('',*,*,#1197,.F.);
#738=ORIENTED_EDGE('',*,*,#1104,.F.);
#739=ORIENTED_EDGE('',*,*,#1201,.T.);
#740=ORIENTED_EDGE('',*,*,#928,.F.);
#741=ORIENTED_EDGE('',*,*,#1102,.F.);
#742=ORIENTED_EDGE('',*,*,#1202,.T.);
#743=ORIENTED_EDGE('',*,*,#890,.F.);
#744=ORIENTED_EDGE('',*,*,#1203,.T.);
#745=ORIENTED_EDGE('',*,*,#898,.T.);
#746=ORIENTED_EDGE('',*,*,#1204,.T.);
#747=ORIENTED_EDGE('',*,*,#1100,.T.);
#748=ORIENTED_EDGE('',*,*,#1101,.F.);
#749=ORIENTED_EDGE('',*,*,#1204,.F.);
#750=ORIENTED_EDGE('',*,*,#897,.F.);
#751=ORIENTED_EDGE('',*,*,#891,.F.);
#752=ORIENTED_EDGE('',*,*,#1202,.F.);
#753=ORIENTED_EDGE('',*,*,#1103,.F.);
#754=ORIENTED_EDGE('',*,*,#1203,.F.);
#755=ORIENTED_EDGE('',*,*,#889,.F.);
#756=ORIENTED_EDGE('',*,*,#929,.F.);
#757=ORIENTED_EDGE('',*,*,#1201,.F.);
#758=ORIENTED_EDGE('',*,*,#986,.F.);
#759=ORIENTED_EDGE('',*,*,#1205,.T.);
#760=ORIENTED_EDGE('',*,*,#924,.F.);
#761=ORIENTED_EDGE('',*,*,#984,.F.);
#762=ORIENTED_EDGE('',*,*,#1206,.T.);
#763=ORIENTED_EDGE('',*,*,#862,.F.);
#764=ORIENTED_EDGE('',*,*,#1207,.T.);
#765=ORIENTED_EDGE('',*,*,#903,.T.);
#766=ORIENTED_EDGE('',*,*,#1208,.T.);
#767=ORIENTED_EDGE('',*,*,#982,.T.);
#768=ORIENTED_EDGE('',*,*,#983,.F.);
#769=ORIENTED_EDGE('',*,*,#1208,.F.);
#770=ORIENTED_EDGE('',*,*,#902,.F.);
#771=ORIENTED_EDGE('',*,*,#863,.F.);
#772=ORIENTED_EDGE('',*,*,#1206,.F.);
#773=ORIENTED_EDGE('',*,*,#985,.F.);
#774=ORIENTED_EDGE('',*,*,#1207,.F.);
#775=ORIENTED_EDGE('',*,*,#861,.F.);
#776=ORIENTED_EDGE('',*,*,#925,.F.);
#777=ORIENTED_EDGE('',*,*,#1205,.F.);
#778=ORIENTED_EDGE('',*,*,#1013,.F.);
#779=ORIENTED_EDGE('',*,*,#1209,.T.);
#780=ORIENTED_EDGE('',*,*,#915,.F.);
#781=ORIENTED_EDGE('',*,*,#1011,.F.);
#782=ORIENTED_EDGE('',*,*,#1210,.T.);
#783=ORIENTED_EDGE('',*,*,#870,.F.);
#784=ORIENTED_EDGE('',*,*,#1211,.T.);
#785=ORIENTED_EDGE('',*,*,#908,.T.);
#786=ORIENTED_EDGE('',*,*,#1212,.T.);
#787=ORIENTED_EDGE('',*,*,#1009,.T.);
#788=ORIENTED_EDGE('',*,*,#1010,.F.);
#789=ORIENTED_EDGE('',*,*,#1212,.F.);
#790=ORIENTED_EDGE('',*,*,#907,.F.);
#791=ORIENTED_EDGE('',*,*,#871,.F.);
#792=ORIENTED_EDGE('',*,*,#1210,.F.);
#793=ORIENTED_EDGE('',*,*,#1012,.F.);
#794=ORIENTED_EDGE('',*,*,#1211,.F.);
#795=ORIENTED_EDGE('',*,*,#869,.F.);
#796=ORIENTED_EDGE('',*,*,#916,.F.);
#797=ORIENTED_EDGE('',*,*,#1209,.F.);
#798=ORIENTED_EDGE('',*,*,#1008,.F.);
#799=ORIENTED_EDGE('',*,*,#1213,.T.);
#800=ORIENTED_EDGE('',*,*,#905,.F.);
#801=ORIENTED_EDGE('',*,*,#874,.T.);
#802=ORIENTED_EDGE('',*,*,#1214,.T.);
#803=ORIENTED_EDGE('',*,*,#1006,.T.);
#804=ORIENTED_EDGE('',*,*,#1215,.T.);
#805=ORIENTED_EDGE('',*,*,#935,.T.);
#806=ORIENTED_EDGE('',*,*,#1216,.T.);
#807=ORIENTED_EDGE('',*,*,#1017,.T.);
#808=ORIENTED_EDGE('',*,*,#1007,.F.);
#809=ORIENTED_EDGE('',*,*,#1214,.F.);
#810=ORIENTED_EDGE('',*,*,#873,.F.);
#811=ORIENTED_EDGE('',*,*,#906,.F.);
#812=ORIENTED_EDGE('',*,*,#1213,.F.);
#813=ORIENTED_EDGE('',*,*,#1018,.F.);
#814=ORIENTED_EDGE('',*,*,#1216,.F.);
#815=ORIENTED_EDGE('',*,*,#943,.F.);
#816=ORIENTED_EDGE('',*,*,#875,.F.);
#817=ORIENTED_EDGE('',*,*,#1215,.F.);
#818=ORIENTED_EDGE('',*,*,#981,.F.);
#819=ORIENTED_EDGE('',*,*,#1217,.T.);
#820=ORIENTED_EDGE('',*,*,#900,.F.);
#821=ORIENTED_EDGE('',*,*,#866,.T.);
#822=ORIENTED_EDGE('',*,*,#1218,.T.);
#823=ORIENTED_EDGE('',*,*,#979,.T.);
#824=ORIENTED_EDGE('',*,*,#1219,.T.);
#825=ORIENTED_EDGE('',*,*,#909,.T.);
#826=ORIENTED_EDGE('',*,*,#1220,.T.);
#827=ORIENTED_EDGE('',*,*,#990,.T.);
#828=ORIENTED_EDGE('',*,*,#980,.F.);
#829=ORIENTED_EDGE('',*,*,#1218,.F.);
#830=ORIENTED_EDGE('',*,*,#865,.F.);
#831=ORIENTED_EDGE('',*,*,#901,.F.);
#832=ORIENTED_EDGE('',*,*,#1217,.F.);
#833=ORIENTED_EDGE('',*,*,#991,.F.);
#834=ORIENTED_EDGE('',*,*,#1220,.F.);
#835=ORIENTED_EDGE('',*,*,#917,.F.);
#836=ORIENTED_EDGE('',*,*,#867,.F.);
#837=ORIENTED_EDGE('',*,*,#1219,.F.);
#838=ORIENTED_EDGE('',*,*,#1099,.F.);
#839=ORIENTED_EDGE('',*,*,#1221,.T.);
#840=ORIENTED_EDGE('',*,*,#895,.F.);
#841=ORIENTED_EDGE('',*,*,#858,.T.);
#842=ORIENTED_EDGE('',*,*,#1222,.T.);
#843=ORIENTED_EDGE('',*,*,#1097,.T.);
#844=ORIENTED_EDGE('',*,*,#1223,.T.);
#845=ORIENTED_EDGE('',*,*,#918,.T.);
#846=ORIENTED_EDGE('',*,*,#1224,.T.);
#847=ORIENTED_EDGE('',*,*,#1107,.T.);
#848=ORIENTED_EDGE('',*,*,#1098,.F.);
#849=ORIENTED_EDGE('',*,*,#1222,.F.);
#850=ORIENTED_EDGE('',*,*,#893,.F.);
#851=ORIENTED_EDGE('',*,*,#896,.F.);
#852=ORIENTED_EDGE('',*,*,#1221,.F.);
#853=ORIENTED_EDGE('',*,*,#1108,.F.);
#854=ORIENTED_EDGE('',*,*,#1224,.F.);
#855=ORIENTED_EDGE('',*,*,#926,.F.);
#856=ORIENTED_EDGE('',*,*,#859,.F.);
#857=ORIENTED_EDGE('',*,*,#1223,.F.);
#858=EDGE_CURVE('',#1225,#1226,#1461,.T.);
#859=EDGE_CURVE('',#1225,#1227,#60,.T.);
#860=EDGE_CURVE('',#1227,#1228,#1462,.T.);
#861=EDGE_CURVE('',#1228,#1229,#61,.T.);
#862=EDGE_CURVE('',#1229,#1230,#1463,.T.);
#863=EDGE_CURVE('',#1230,#1231,#62,.T.);
#864=EDGE_CURVE('',#1231,#1232,#1464,.T.);
#865=EDGE_CURVE('',#1232,#1233,#63,.T.);
#866=EDGE_CURVE('',#1234,#1233,#1465,.T.);
#867=EDGE_CURVE('',#1234,#1235,#64,.T.);
#868=EDGE_CURVE('',#1235,#1236,#1466,.T.);
#869=EDGE_CURVE('',#1236,#1237,#65,.T.);
#870=EDGE_CURVE('',#1237,#1238,#1467,.T.);
#871=EDGE_CURVE('',#1238,#1239,#66,.T.);
#872=EDGE_CURVE('',#1239,#1240,#1468,.T.);
#873=EDGE_CURVE('',#1240,#1241,#67,.T.);
#874=EDGE_CURVE('',#1242,#1241,#1469,.T.);
#875=EDGE_CURVE('',#1242,#1243,#68,.T.);
#876=EDGE_CURVE('',#1243,#1244,#1470,.T.);
#877=EDGE_CURVE('',#1244,#1245,#69,.T.);
#878=EDGE_CURVE('',#1245,#1246,#1471,.T.);
#879=EDGE_CURVE('',#1246,#1247,#70,.T.);
#880=EDGE_CURVE('',#1247,#1248,#1472,.T.);
#881=EDGE_CURVE('',#1248,#1249,#71,.T.);
#882=EDGE_CURVE('',#1250,#1249,#1473,.T.);
#883=EDGE_CURVE('',#1250,#1251,#72,.T.);
#884=EDGE_CURVE('',#1251,#1252,#1474,.T.);
#885=EDGE_CURVE('',#1253,#1252,#1475,.T.);
#886=EDGE_CURVE('',#1254,#1253,#1476,.T.);
#887=EDGE_CURVE('',#1254,#1255,#1477,.T.);
#888=EDGE_CURVE('',#1255,#1256,#1478,.T.);
#889=EDGE_CURVE('',#1256,#1257,#73,.T.);
#890=EDGE_CURVE('',#1257,#1258,#1479,.T.);
#891=EDGE_CURVE('',#1258,#1259,#74,.T.);
#892=EDGE_CURVE('',#1259,#1260,#1480,.T.);
#893=EDGE_CURVE('',#1260,#1226,#75,.T.);
#894=EDGE_CURVE('',#1261,#1262,#1481,.T.);
#895=EDGE_CURVE('',#1261,#1263,#1482,.T.);
#896=EDGE_CURVE('',#1263,#1260,#44,.F.);
#897=EDGE_CURVE('',#1259,#1264,#45,.F.);
#898=EDGE_CURVE('',#1262,#1264,#1483,.T.);
#899=EDGE_CURVE('',#1265,#1266,#1484,.T.);
#900=EDGE_CURVE('',#1265,#1267,#1485,.T.);
#901=EDGE_CURVE('',#1267,#1232,#46,.F.);
#902=EDGE_CURVE('',#1231,#1268,#47,.F.);
#903=EDGE_CURVE('',#1266,#1268,#1486,.T.);
#904=EDGE_CURVE('',#1269,#1270,#1487,.T.);
#905=EDGE_CURVE('',#1269,#1271,#1488,.T.);
#906=EDGE_CURVE('',#1271,#1240,#48,.F.);
#907=EDGE_CURVE('',#1239,#1272,#49,.F.);
#908=EDGE_CURVE('',#1270,#1272,#1489,.T.);
#909=EDGE_CURVE('',#1273,#1274,#1490,.T.);
#910=EDGE_CURVE('',#1275,#1273,#1491,.T.);
#911=EDGE_CURVE('',#1275,#1276,#1492,.T.);
#912=EDGE_CURVE('',#1276,#1277,#1493,.T.);
#913=EDGE_CURVE('',#1278,#1277,#1494,.T.);
#914=EDGE_CURVE('',#1279,#1278,#1495,.T.);
#915=EDGE_CURVE('',#1279,#1280,#1496,.T.);
#916=EDGE_CURVE('',#1280,#1236,#50,.F.);
#917=EDGE_CURVE('',#1235,#1274,#51,.F.);
#918=EDGE_CURVE('',#1281,#1282,#1497,.T.);
#919=EDGE_CURVE('',#1283,#1281,#1498,.T.);
#920=EDGE_CURVE('',#1283,#1284,#1499,.T.);
#921=EDGE_CURVE('',#1284,#1285,#1500,.T.);
#922=EDGE_CURVE('',#1286,#1285,#1501,.T.);
#923=EDGE_CURVE('',#1287,#1286,#1502,.T.);
#924=EDGE_CURVE('',#1287,#1288,#1503,.T.);
#925=EDGE_CURVE('',#1288,#1228,#52,.F.);
#926=EDGE_CURVE('',#1227,#1282,#53,.F.);
#927=EDGE_CURVE('',#1289,#1290,#1504,.T.);
#928=EDGE_CURVE('',#1289,#1291,#1505,.T.);
#929=EDGE_CURVE('',#1291,#1256,#54,.F.);
#930=EDGE_CURVE('',#1255,#1292,#1506,.T.);
#931=EDGE_CURVE('',#1292,#1293,#1507,.T.);
#932=EDGE_CURVE('',#1293,#1294,#1508,.T.);
#933=EDGE_CURVE('',#1294,#1295,#1509,.T.);
#934=EDGE_CURVE('',#1290,#1295,#1510,.T.);
#935=EDGE_CURVE('',#1296,#1297,#1511,.T.);
#936=EDGE_CURVE('',#1298,#1296,#1512,.T.);
#937=EDGE_CURVE('',#1298,#1299,#1513,.T.);
#938=EDGE_CURVE('',#1299,#1300,#1514,.T.);
#939=EDGE_CURVE('',#1301,#1300,#1515,.T.);
#940=EDGE_CURVE('',#1302,#1301,#1516,.T.);
#941=EDGE_CURVE('',#1302,#1303,#1517,.T.);
#942=EDGE_CURVE('',#1303,#1244,#55,.F.);
#943=EDGE_CURVE('',#1243,#1297,#56,.F.);
#944=EDGE_CURVE('',#1304,#1305,#1518,.T.);
#945=EDGE_CURVE('',#1306,#1304,#1519,.T.);
#946=EDGE_CURVE('',#1306,#1307,#1520,.T.);
#947=EDGE_CURVE('',#1307,#1248,#57,.F.);
#948=EDGE_CURVE('',#1247,#1305,#58,.F.);
#949=EDGE_CURVE('',#1308,#1309,#1521,.T.);
#950=EDGE_CURVE('',#1308,#1310,#1522,.T.);
#951=EDGE_CURVE('',#1310,#1311,#76,.F.);
#952=EDGE_CURVE('',#1312,#1311,#1523,.T.);
#953=EDGE_CURVE('',#1312,#1313,#77,.T.);
#954=EDGE_CURVE('',#1314,#1313,#1524,.T.);
#955=EDGE_CURVE('',#1314,#1315,#78,.T.);
#956=EDGE_CURVE('',#1315,#1316,#1525,.T.);
#957=EDGE_CURVE('',#1316,#1317,#79,.F.);
#958=EDGE_CURVE('',#1317,#1284,#1526,.T.);
#959=EDGE_CURVE('',#1318,#1284,#1527,.T.);
#960=EDGE_CURVE('',#1309,#1318,#1528,.T.);
#961=EDGE_CURVE('',#1319,#1320,#1529,.T.);
#962=EDGE_CURVE('',#1321,#1319,#1530,.T.);
#963=EDGE_CURVE('',#1321,#1322,#1531,.T.);
#964=EDGE_CURVE('',#1322,#1323,#1532,.F.);
#965=EDGE_CURVE('',#1323,#1324,#1533,.T.);
#966=EDGE_CURVE('',#1324,#1325,#1534,.T.);
#967=EDGE_CURVE('',#1252,#1325,#1535,.T.);
#968=EDGE_CURVE('',#1251,#1320,#59,.F.);
#969=EDGE_CURVE('',#1326,#1327,#1536,.T.);
#970=EDGE_CURVE('',#1327,#1322,#1537,.F.);
#971=EDGE_CURVE('',#1326,#1321,#1538,.T.);
#972=EDGE_CURVE('',#1328,#1329,#1539,.T.);
#973=EDGE_CURVE('',#1329,#1330,#1540,.T.);
#974=EDGE_CURVE('',#1330,#1331,#1541,.T.);
#975=EDGE_CURVE('',#1331,#1332,#1542,.F.);
#976=EDGE_CURVE('',#1332,#1309,#1543,.T.);
#977=EDGE_CURVE('',#1333,#1318,#1544,.T.);
#978=EDGE_CURVE('',#1333,#1328,#1545,.T.);
#979=EDGE_CURVE('',#1334,#1335,#1546,.T.);
#980=EDGE_CURVE('',#1334,#1336,#80,.T.);
#981=EDGE_CURVE('',#1336,#1265,#1547,.T.);
#982=EDGE_CURVE('',#1337,#1266,#1548,.T.);
#983=EDGE_CURVE('',#1337,#1338,#81,.T.);
#984=EDGE_CURVE('',#1338,#1339,#1549,.T.);
#985=EDGE_CURVE('',#1339,#1340,#82,.T.);
#986=EDGE_CURVE('',#1340,#1287,#1550,.T.);
#987=EDGE_CURVE('',#1341,#1286,#1551,.T.);
#988=EDGE_CURVE('',#1342,#1341,#1552,.T.);
#989=EDGE_CURVE('',#1342,#1275,#1553,.T.);
#990=EDGE_CURVE('',#1343,#1273,#1554,.T.);
#991=EDGE_CURVE('',#1343,#1335,#83,.T.);
#992=EDGE_CURVE('',#1341,#1344,#1555,.T.);
#993=EDGE_CURVE('',#1344,#1345,#1556,.T.);
#994=EDGE_CURVE('',#1342,#1345,#1557,.T.);
#995=EDGE_CURVE('',#1344,#1285,#1558,.T.);
#996=EDGE_CURVE('',#1285,#1346,#1559,.T.);
#997=EDGE_CURVE('',#1346,#1347,#84,.F.);
#998=EDGE_CURVE('',#1348,#1347,#1560,.T.);
#999=EDGE_CURVE('',#1348,#1349,#85,.T.);
#1000=EDGE_CURVE('',#1350,#1349,#1561,.T.);
#1001=EDGE_CURVE('',#1350,#1351,#86,.T.);
#1002=EDGE_CURVE('',#1351,#1352,#1562,.T.);
#1003=EDGE_CURVE('',#1352,#1353,#87,.F.);
#1004=EDGE_CURVE('',#1353,#1276,#1563,.T.);
#1005=EDGE_CURVE('',#1345,#1276,#1564,.T.);
#1006=EDGE_CURVE('',#1354,#1355,#1565,.T.);
#1007=EDGE_CURVE('',#1354,#1356,#88,.T.);
#1008=EDGE_CURVE('',#1356,#1269,#1566,.T.);
#1009=EDGE_CURVE('',#1357,#1270,#1567,.T.);
#1010=EDGE_CURVE('',#1357,#1358,#89,.T.);
#1011=EDGE_CURVE('',#1358,#1359,#1568,.T.);
#1012=EDGE_CURVE('',#1359,#1360,#90,.T.);
#1013=EDGE_CURVE('',#1360,#1279,#1569,.T.);
#1014=EDGE_CURVE('',#1361,#1278,#1570,.T.);
#1015=EDGE_CURVE('',#1362,#1361,#1571,.T.);
#1016=EDGE_CURVE('',#1362,#1298,#1572,.T.);
#1017=EDGE_CURVE('',#1363,#1296,#1573,.T.);
#1018=EDGE_CURVE('',#1363,#1355,#91,.T.);
#1019=EDGE_CURVE('',#1364,#1365,#1574,.T.);
#1020=EDGE_CURVE('',#1365,#1310,#1575,.T.);
#1021=EDGE_CURVE('',#1293,#1308,#1576,.T.);
#1022=EDGE_CURVE('',#1292,#1364,#1577,.T.);
#1023=EDGE_CURVE('',#1366,#1367,#1578,.T.);
#1024=EDGE_CURVE('',#1367,#1365,#92,.F.);
#1025=EDGE_CURVE('',#1368,#1364,#1579,.T.);
#1026=EDGE_CURVE('',#1368,#1369,#1580,.T.);
#1027=EDGE_CURVE('',#1369,#1370,#1581,.T.);
#1028=EDGE_CURVE('',#1371,#1370,#1582,.T.);
#1029=EDGE_CURVE('',#1371,#1372,#93,.F.);
#1030=EDGE_CURVE('',#1373,#1372,#1583,.T.);
#1031=EDGE_CURVE('',#1373,#1374,#94,.T.);
#1032=EDGE_CURVE('',#1374,#1375,#1584,.T.);
#1033=EDGE_CURVE('',#1375,#1376,#95,.T.);
#1034=EDGE_CURVE('',#1376,#1377,#1585,.T.);
#1035=EDGE_CURVE('',#1377,#1378,#96,.F.);
#1036=EDGE_CURVE('',#1379,#1378,#1586,.T.);
#1037=EDGE_CURVE('',#1379,#1380,#97,.F.);
#1038=EDGE_CURVE('',#1381,#1380,#1587,.T.);
#1039=EDGE_CURVE('',#1381,#1382,#98,.T.);
#1040=EDGE_CURVE('',#1382,#1383,#1588,.T.);
#1041=EDGE_CURVE('',#1383,#1384,#99,.T.);
#1042=EDGE_CURVE('',#1384,#1385,#1589,.T.);
#1043=EDGE_CURVE('',#1385,#1386,#100,.F.);
#1044=EDGE_CURVE('',#1387,#1386,#1590,.T.);
#1045=EDGE_CURVE('',#1387,#1388,#101,.F.);
#1046=EDGE_CURVE('',#1389,#1388,#1591,.T.);
#1047=EDGE_CURVE('',#1389,#1390,#102,.T.);
#1048=EDGE_CURVE('',#1390,#1391,#1592,.T.);
#1049=EDGE_CURVE('',#1391,#1392,#103,.T.);
#1050=EDGE_CURVE('',#1392,#1393,#1593,.T.);
#1051=EDGE_CURVE('',#1393,#1394,#104,.F.);
#1052=EDGE_CURVE('',#1395,#1394,#1594,.T.);
#1053=EDGE_CURVE('',#1395,#1396,#105,.F.);
#1054=EDGE_CURVE('',#1397,#1396,#1595,.T.);
#1055=EDGE_CURVE('',#1397,#1398,#106,.T.);
#1056=EDGE_CURVE('',#1398,#1399,#1596,.T.);
#1057=EDGE_CURVE('',#1399,#1366,#107,.T.);
#1058=EDGE_CURVE('',#1317,#1395,#1597,.F.);
#1059=EDGE_CURVE('',#1394,#1346,#1598,.T.);
#1060=EDGE_CURVE('',#1353,#1387,#1599,.F.);
#1061=EDGE_CURVE('',#1386,#1400,#1600,.T.);
#1062=EDGE_CURVE('',#1277,#1400,#1601,.T.);
#1063=EDGE_CURVE('',#1401,#1299,#1602,.T.);
#1064=EDGE_CURVE('',#1401,#1379,#1603,.F.);
#1065=EDGE_CURVE('',#1378,#1402,#1604,.T.);
#1066=EDGE_CURVE('',#1300,#1402,#1605,.T.);
#1067=EDGE_CURVE('',#1361,#1403,#1606,.T.);
#1068=EDGE_CURVE('',#1403,#1404,#1607,.T.);
#1069=EDGE_CURVE('',#1362,#1404,#1608,.T.);
#1070=EDGE_CURVE('',#1405,#1304,#1609,.T.);
#1071=EDGE_CURVE('',#1405,#1406,#108,.T.);
#1072=EDGE_CURVE('',#1406,#1407,#1610,.T.);
#1073=EDGE_CURVE('',#1407,#1408,#109,.T.);
#1074=EDGE_CURVE('',#1408,#1302,#1611,.T.);
#1075=EDGE_CURVE('',#1409,#1301,#1612,.T.);
#1076=EDGE_CURVE('',#1326,#1409,#1613,.T.);
#1077=EDGE_CURVE('',#1410,#1319,#1614,.T.);
#1078=EDGE_CURVE('',#1410,#1411,#110,.T.);
#1079=EDGE_CURVE('',#1412,#1411,#1615,.T.);
#1080=EDGE_CURVE('',#1412,#1413,#111,.T.);
#1081=EDGE_CURVE('',#1413,#1306,#1616,.T.);
#1082=EDGE_CURVE('',#1403,#1277,#1617,.T.);
#1083=EDGE_CURVE('',#1400,#1414,#112,.F.);
#1084=EDGE_CURVE('',#1415,#1414,#1618,.T.);
#1085=EDGE_CURVE('',#1415,#1416,#113,.T.);
#1086=EDGE_CURVE('',#1417,#1416,#1619,.T.);
#1087=EDGE_CURVE('',#1417,#1418,#114,.T.);
#1088=EDGE_CURVE('',#1418,#1419,#1620,.T.);
#1089=EDGE_CURVE('',#1419,#1401,#115,.F.);
#1090=EDGE_CURVE('',#1404,#1299,#1621,.T.);
#1091=EDGE_CURVE('',#1420,#1421,#1622,.T.);
#1092=EDGE_CURVE('',#1420,#1371,#1623,.F.);
#1093=EDGE_CURVE('',#1325,#1370,#1624,.T.);
#1094=EDGE_CURVE('',#1421,#1324,#1625,.T.);
#1095=EDGE_CURVE('',#1368,#1254,#1626,.T.);
#1096=EDGE_CURVE('',#1369,#1253,#1627,.T.);
#1097=EDGE_CURVE('',#1422,#1423,#1628,.T.);
#1098=EDGE_CURVE('',#1422,#1424,#116,.T.);
#1099=EDGE_CURVE('',#1424,#1261,#1629,.T.);
#1100=EDGE_CURVE('',#1425,#1262,#1630,.T.);
#1101=EDGE_CURVE('',#1425,#1426,#117,.T.);
#1102=EDGE_CURVE('',#1426,#1427,#1631,.T.);
#1103=EDGE_CURVE('',#1427,#1428,#118,.T.);
#1104=EDGE_CURVE('',#1428,#1289,#1632,.T.);
#1105=EDGE_CURVE('',#1328,#1290,#1633,.T.);
#1106=EDGE_CURVE('',#1333,#1283,#1634,.T.);
#1107=EDGE_CURVE('',#1429,#1281,#1635,.T.);
#1108=EDGE_CURVE('',#1429,#1423,#119,.T.);
#1109=EDGE_CURVE('',#1295,#1329,#1636,.T.);
#1110=EDGE_CURVE('',#1421,#1430,#1637,.T.);
#1111=EDGE_CURVE('',#1431,#1430,#1638,.T.);
#1112=EDGE_CURVE('',#1431,#1300,#1639,.T.);
#1113=EDGE_CURVE('',#1402,#1432,#120,.F.);
#1114=EDGE_CURVE('',#1433,#1432,#1640,.T.);
#1115=EDGE_CURVE('',#1433,#1434,#121,.T.);
#1116=EDGE_CURVE('',#1435,#1434,#1641,.T.);
#1117=EDGE_CURVE('',#1435,#1436,#122,.T.);
#1118=EDGE_CURVE('',#1436,#1437,#1642,.T.);
#1119=EDGE_CURVE('',#1437,#1420,#123,.F.);
#1120=EDGE_CURVE('',#1430,#1438,#1643,.T.);
#1121=EDGE_CURVE('',#1438,#1439,#1644,.T.);
#1122=EDGE_CURVE('',#1440,#1439,#1645,.T.);
#1123=EDGE_CURVE('',#1440,#1327,#1646,.F.);
#1124=EDGE_CURVE('',#1409,#1431,#1647,.T.);
#1125=EDGE_CURVE('',#1372,#1437,#1648,.T.);
#1126=EDGE_CURVE('',#1436,#1373,#1649,.F.);
#1127=EDGE_CURVE('',#1432,#1377,#1650,.F.);
#1128=EDGE_CURVE('',#1376,#1433,#1651,.T.);
#1129=EDGE_CURVE('',#1434,#1375,#1652,.F.);
#1130=EDGE_CURVE('',#1374,#1435,#1653,.T.);
#1131=EDGE_CURVE('',#1380,#1419,#1654,.T.);
#1132=EDGE_CURVE('',#1418,#1381,#1655,.F.);
#1133=EDGE_CURVE('',#1414,#1385,#1656,.F.);
#1134=EDGE_CURVE('',#1384,#1415,#1657,.T.);
#1135=EDGE_CURVE('',#1416,#1383,#1658,.F.);
#1136=EDGE_CURVE('',#1382,#1417,#1659,.T.);
#1137=EDGE_CURVE('',#1388,#1352,#1660,.T.);
#1138=EDGE_CURVE('',#1351,#1389,#1661,.F.);
#1139=EDGE_CURVE('',#1347,#1393,#1662,.F.);
#1140=EDGE_CURVE('',#1392,#1348,#1663,.T.);
#1141=EDGE_CURVE('',#1349,#1391,#1664,.F.);
#1142=EDGE_CURVE('',#1390,#1350,#1665,.T.);
#1143=EDGE_CURVE('',#1396,#1316,#1666,.T.);
#1144=EDGE_CURVE('',#1315,#1397,#1667,.F.);
#1145=EDGE_CURVE('',#1311,#1367,#1668,.F.);
#1146=EDGE_CURVE('',#1366,#1312,#1669,.T.);
#1147=EDGE_CURVE('',#1313,#1399,#1670,.F.);
#1148=EDGE_CURVE('',#1398,#1314,#1671,.T.);
#1149=EDGE_CURVE('',#1441,#1308,#1672,.T.);
#1150=EDGE_CURVE('',#1441,#1442,#1673,.T.);
#1151=EDGE_CURVE('',#1442,#1293,#1674,.T.);
#1152=EDGE_CURVE('',#1330,#1443,#1675,.T.);
#1153=EDGE_CURVE('',#1443,#1444,#1676,.T.);
#1154=EDGE_CURVE('',#1444,#1331,#1677,.T.);
#1155=EDGE_CURVE('',#1442,#1445,#1678,.T.);
#1156=EDGE_CURVE('',#1445,#1294,#1679,.T.);
#1157=EDGE_CURVE('',#1332,#1446,#1680,.T.);
#1158=EDGE_CURVE('',#1446,#1441,#1681,.T.);
#1159=EDGE_CURVE('',#1447,#1448,#1682,.T.);
#1160=EDGE_CURVE('',#1448,#1449,#1683,.T.);
#1161=EDGE_CURVE('',#1449,#1450,#1684,.T.);
#1162=EDGE_CURVE('',#1450,#1447,#1685,.T.);
#1163=EDGE_CURVE('',#1451,#1324,#1686,.T.);
#1164=EDGE_CURVE('',#1451,#1452,#1687,.T.);
#1165=EDGE_CURVE('',#1452,#1421,#1688,.T.);
#1166=EDGE_CURVE('',#1323,#1453,#1689,.T.);
#1167=EDGE_CURVE('',#1453,#1451,#1690,.T.);
#1168=EDGE_CURVE('',#1454,#1455,#1691,.T.);
#1169=EDGE_CURVE('',#1455,#1440,#1692,.T.);
#1170=EDGE_CURVE('',#1439,#1454,#1693,.T.);
#1171=EDGE_CURVE('',#1452,#1456,#1694,.T.);
#1172=EDGE_CURVE('',#1456,#1438,#1695,.T.);
#1173=EDGE_CURVE('',#1457,#1458,#1696,.T.);
#1174=EDGE_CURVE('',#1458,#1459,#1697,.T.);
#1175=EDGE_CURVE('',#1459,#1460,#1698,.T.);
#1176=EDGE_CURVE('',#1460,#1457,#1699,.T.);
#1177=EDGE_CURVE('',#1456,#1459,#1700,.F.);
#1178=EDGE_CURVE('',#1460,#1452,#1701,.T.);
#1179=EDGE_CURVE('',#1454,#1456,#1702,.T.);
#1180=EDGE_CURVE('',#1457,#1451,#1703,.F.);
#1181=EDGE_CURVE('',#1454,#1459,#1704,.F.);
#1182=EDGE_CURVE('',#1458,#1453,#1705,.T.);
#1183=EDGE_CURVE('',#1455,#1458,#1706,.T.);
#1184=EDGE_CURVE('',#1455,#1453,#1707,.T.);
#1185=EDGE_CURVE('',#1446,#1444,#1708,.F.);
#1186=EDGE_CURVE('',#1441,#1448,#1709,.F.);
#1187=EDGE_CURVE('',#1449,#1446,#1710,.F.);
#1188=EDGE_CURVE('',#1449,#1444,#1711,.T.);
#1189=EDGE_CURVE('',#1442,#1447,#1712,.T.);
#1190=EDGE_CURVE('',#1450,#1443,#1713,.F.);
#1191=EDGE_CURVE('',#1445,#1450,#1714,.T.);
#1192=EDGE_CURVE('',#1445,#1443,#1715,.F.);
#1193=EDGE_CURVE('',#1413,#1307,#1716,.T.);
#1194=EDGE_CURVE('',#1249,#1412,#1717,.F.);
#1195=EDGE_CURVE('',#1411,#1250,#1718,.T.);
#1196=EDGE_CURVE('',#1320,#1410,#1719,.F.);
#1197=EDGE_CURVE('',#1408,#1303,#1720,.T.);
#1198=EDGE_CURVE('',#1406,#1246,#1721,.T.);
#1199=EDGE_CURVE('',#1245,#1407,#1722,.F.);
#1200=EDGE_CURVE('',#1305,#1405,#1723,.F.);
#1201=EDGE_CURVE('',#1428,#1291,#1724,.T.);
#1202=EDGE_CURVE('',#1426,#1258,#1725,.T.);
#1203=EDGE_CURVE('',#1257,#1427,#1726,.F.);
#1204=EDGE_CURVE('',#1264,#1425,#1727,.F.);
#1205=EDGE_CURVE('',#1340,#1288,#1728,.T.);
#1206=EDGE_CURVE('',#1338,#1230,#1729,.T.);
#1207=EDGE_CURVE('',#1229,#1339,#1730,.F.);
#1208=EDGE_CURVE('',#1268,#1337,#1731,.F.);
#1209=EDGE_CURVE('',#1360,#1280,#1732,.T.);
#1210=EDGE_CURVE('',#1358,#1238,#1733,.T.);
#1211=EDGE_CURVE('',#1237,#1359,#1734,.F.);
#1212=EDGE_CURVE('',#1272,#1357,#1735,.F.);
#1213=EDGE_CURVE('',#1356,#1271,#1736,.T.);
#1214=EDGE_CURVE('',#1241,#1354,#1737,.F.);
#1215=EDGE_CURVE('',#1355,#1242,#1738,.T.);
#1216=EDGE_CURVE('',#1297,#1363,#1739,.F.);
#1217=EDGE_CURVE('',#1336,#1267,#1740,.T.);
#1218=EDGE_CURVE('',#1233,#1334,#1741,.F.);
#1219=EDGE_CURVE('',#1335,#1234,#1742,.T.);
#1220=EDGE_CURVE('',#1274,#1343,#1743,.F.);
#1221=EDGE_CURVE('',#1424,#1263,#1744,.T.);
#1222=EDGE_CURVE('',#1226,#1422,#1745,.F.);
#1223=EDGE_CURVE('',#1423,#1225,#1746,.T.);
#1224=EDGE_CURVE('',#1282,#1429,#1747,.F.);
#1225=VERTEX_POINT('',#3479);
#1226=VERTEX_POINT('',#3480);
#1227=VERTEX_POINT('',#3482);
#1228=VERTEX_POINT('',#3484);
#1229=VERTEX_POINT('',#3486);
#1230=VERTEX_POINT('',#3488);
#1231=VERTEX_POINT('',#3490);
#1232=VERTEX_POINT('',#3492);
#1233=VERTEX_POINT('',#3494);
#1234=VERTEX_POINT('',#3496);
#1235=VERTEX_POINT('',#3498);
#1236=VERTEX_POINT('',#3500);
#1237=VERTEX_POINT('',#3502);
#1238=VERTEX_POINT('',#3504);
#1239=VERTEX_POINT('',#3506);
#1240=VERTEX_POINT('',#3508);
#1241=VERTEX_POINT('',#3510);
#1242=VERTEX_POINT('',#3512);
#1243=VERTEX_POINT('',#3514);
#1244=VERTEX_POINT('',#3516);
#1245=VERTEX_POINT('',#3518);
#1246=VERTEX_POINT('',#3520);
#1247=VERTEX_POINT('',#3522);
#1248=VERTEX_POINT('',#3524);
#1249=VERTEX_POINT('',#3526);
#1250=VERTEX_POINT('',#3528);
#1251=VERTEX_POINT('',#3530);
#1252=VERTEX_POINT('',#3532);
#1253=VERTEX_POINT('',#3534);
#1254=VERTEX_POINT('',#3536);
#1255=VERTEX_POINT('',#3538);
#1256=VERTEX_POINT('',#3540);
#1257=VERTEX_POINT('',#3542);
#1258=VERTEX_POINT('',#3544);
#1259=VERTEX_POINT('',#3546);
#1260=VERTEX_POINT('',#3548);
#1261=VERTEX_POINT('',#3552);
#1262=VERTEX_POINT('',#3553);
#1263=VERTEX_POINT('',#3555);
#1264=VERTEX_POINT('',#3558);
#1265=VERTEX_POINT('',#3562);
#1266=VERTEX_POINT('',#3563);
#1267=VERTEX_POINT('',#3565);
#1268=VERTEX_POINT('',#3568);
#1269=VERTEX_POINT('',#3572);
#1270=VERTEX_POINT('',#3573);
#1271=VERTEX_POINT('',#3575);
#1272=VERTEX_POINT('',#3578);
#1273=VERTEX_POINT('',#3582);
#1274=VERTEX_POINT('',#3583);
#1275=VERTEX_POINT('',#3585);
#1276=VERTEX_POINT('',#3587);
#1277=VERTEX_POINT('',#3589);
#1278=VERTEX_POINT('',#3591);
#1279=VERTEX_POINT('',#3593);
#1280=VERTEX_POINT('',#3595);
#1281=VERTEX_POINT('',#3600);
#1282=VERTEX_POINT('',#3601);
#1283=VERTEX_POINT('',#3603);
#1284=VERTEX_POINT('',#3605);
#1285=VERTEX_POINT('',#3607);
#1286=VERTEX_POINT('',#3609);
#1287=VERTEX_POINT('',#3611);
#1288=VERTEX_POINT('',#3613);
#1289=VERTEX_POINT('',#3618);
#1290=VERTEX_POINT('',#3619);
#1291=VERTEX_POINT('',#3621);
#1292=VERTEX_POINT('',#3624);
#1293=VERTEX_POINT('',#3626);
#1294=VERTEX_POINT('',#3628);
#1295=VERTEX_POINT('',#3630);
#1296=VERTEX_POINT('',#3634);
#1297=VERTEX_POINT('',#3635);
#1298=VERTEX_POINT('',#3637);
#1299=VERTEX_POINT('',#3639);
#1300=VERTEX_POINT('',#3641);
#1301=VERTEX_POINT('',#3643);
#1302=VERTEX_POINT('',#3645);
#1303=VERTEX_POINT('',#3647);
#1304=VERTEX_POINT('',#3652);
#1305=VERTEX_POINT('',#3653);
#1306=VERTEX_POINT('',#3655);
#1307=VERTEX_POINT('',#3657);
#1308=VERTEX_POINT('',#3662);
#1309=VERTEX_POINT('',#3663);
#1310=VERTEX_POINT('',#3665);
#1311=VERTEX_POINT('',#3667);
#1312=VERTEX_POINT('',#3669);
#1313=VERTEX_POINT('',#3671);
#1314=VERTEX_POINT('',#3673);
#1315=VERTEX_POINT('',#3675);
#1316=VERTEX_POINT('',#3677);
#1317=VERTEX_POINT('',#3679);
#1318=VERTEX_POINT('',#3682);
#1319=VERTEX_POINT('',#3686);
#1320=VERTEX_POINT('',#3687);
#1321=VERTEX_POINT('',#3689);
#1322=VERTEX_POINT('',#3691);
#1323=VERTEX_POINT('',#3693);
#1324=VERTEX_POINT('',#3695);
#1325=VERTEX_POINT('',#3697);
#1326=VERTEX_POINT('',#3702);
#1327=VERTEX_POINT('',#3703);
#1328=VERTEX_POINT('',#3708);
#1329=VERTEX_POINT('',#3709);
#1330=VERTEX_POINT('',#3711);
#1331=VERTEX_POINT('',#3713);
#1332=VERTEX_POINT('',#3715);
#1333=VERTEX_POINT('',#3718);
#1334=VERTEX_POINT('',#3722);
#1335=VERTEX_POINT('',#3723);
#1336=VERTEX_POINT('',#3725);
#1337=VERTEX_POINT('',#3728);
#1338=VERTEX_POINT('',#3730);
#1339=VERTEX_POINT('',#3732);
#1340=VERTEX_POINT('',#3734);
#1341=VERTEX_POINT('',#3737);
#1342=VERTEX_POINT('',#3739);
#1343=VERTEX_POINT('',#3742);
#1344=VERTEX_POINT('',#3746);
#1345=VERTEX_POINT('',#3748);
#1346=VERTEX_POINT('',#3753);
#1347=VERTEX_POINT('',#3755);
#1348=VERTEX_POINT('',#3757);
#1349=VERTEX_POINT('',#3759);
#1350=VERTEX_POINT('',#3761);
#1351=VERTEX_POINT('',#3763);
#1352=VERTEX_POINT('',#3765);
#1353=VERTEX_POINT('',#3767);
#1354=VERTEX_POINT('',#3772);
#1355=VERTEX_POINT('',#3773);
#1356=VERTEX_POINT('',#3775);
#1357=VERTEX_POINT('',#3778);
#1358=VERTEX_POINT('',#3780);
#1359=VERTEX_POINT('',#3782);
#1360=VERTEX_POINT('',#3784);
#1361=VERTEX_POINT('',#3787);
#1362=VERTEX_POINT('',#3789);
#1363=VERTEX_POINT('',#3792);
#1364=VERTEX_POINT('',#3796);
#1365=VERTEX_POINT('',#3797);
#1366=VERTEX_POINT('',#3803);
#1367=VERTEX_POINT('',#3804);
#1368=VERTEX_POINT('',#3807);
#1369=VERTEX_POINT('',#3809);
#1370=VERTEX_POINT('',#3811);
#1371=VERTEX_POINT('',#3813);
#1372=VERTEX_POINT('',#3815);
#1373=VERTEX_POINT('',#3817);
#1374=VERTEX_POINT('',#3819);
#1375=VERTEX_POINT('',#3821);
#1376=VERTEX_POINT('',#3823);
#1377=VERTEX_POINT('',#3825);
#1378=VERTEX_POINT('',#3827);
#1379=VERTEX_POINT('',#3829);
#1380=VERTEX_POINT('',#3831);
#1381=VERTEX_POINT('',#3833);
#1382=VERTEX_POINT('',#3835);
#1383=VERTEX_POINT('',#3837);
#1384=VERTEX_POINT('',#3839);
#1385=VERTEX_POINT('',#3841);
#1386=VERTEX_POINT('',#3843);
#1387=VERTEX_POINT('',#3845);
#1388=VERTEX_POINT('',#3847);
#1389=VERTEX_POINT('',#3849);
#1390=VERTEX_POINT('',#3851);
#1391=VERTEX_POINT('',#3853);
#1392=VERTEX_POINT('',#3855);
#1393=VERTEX_POINT('',#3857);
#1394=VERTEX_POINT('',#3859);
#1395=VERTEX_POINT('',#3861);
#1396=VERTEX_POINT('',#3863);
#1397=VERTEX_POINT('',#3865);
#1398=VERTEX_POINT('',#3867);
#1399=VERTEX_POINT('',#3869);
#1400=VERTEX_POINT('',#3877);
#1401=VERTEX_POINT('',#3881);
#1402=VERTEX_POINT('',#3884);
#1403=VERTEX_POINT('',#3888);
#1404=VERTEX_POINT('',#3890);
#1405=VERTEX_POINT('',#3894);
#1406=VERTEX_POINT('',#3896);
#1407=VERTEX_POINT('',#3898);
#1408=VERTEX_POINT('',#3900);
#1409=VERTEX_POINT('',#3903);
#1410=VERTEX_POINT('',#3906);
#1411=VERTEX_POINT('',#3908);
#1412=VERTEX_POINT('',#3910);
#1413=VERTEX_POINT('',#3912);
#1414=VERTEX_POINT('',#3917);
#1415=VERTEX_POINT('',#3919);
#1416=VERTEX_POINT('',#3921);
#1417=VERTEX_POINT('',#3923);
#1418=VERTEX_POINT('',#3925);
#1419=VERTEX_POINT('',#3927);
#1420=VERTEX_POINT('',#3932);
#1421=VERTEX_POINT('',#3933);
#1422=VERTEX_POINT('',#3944);
#1423=VERTEX_POINT('',#3945);
#1424=VERTEX_POINT('',#3947);
#1425=VERTEX_POINT('',#3950);
#1426=VERTEX_POINT('',#3952);
#1427=VERTEX_POINT('',#3954);
#1428=VERTEX_POINT('',#3956);
#1429=VERTEX_POINT('',#3961);
#1430=VERTEX_POINT('',#3967);
#1431=VERTEX_POINT('',#3969);
#1432=VERTEX_POINT('',#3972);
#1433=VERTEX_POINT('',#3974);
#1434=VERTEX_POINT('',#3976);
#1435=VERTEX_POINT('',#3978);
#1436=VERTEX_POINT('',#3980);
#1437=VERTEX_POINT('',#3982);
#1438=VERTEX_POINT('',#3986);
#1439=VERTEX_POINT('',#3988);
#1440=VERTEX_POINT('',#3990);
#1441=VERTEX_POINT('',#4053);
#1442=VERTEX_POINT('',#4055);
#1443=VERTEX_POINT('',#4059);
#1444=VERTEX_POINT('',#4061);
#1445=VERTEX_POINT('',#4065);
#1446=VERTEX_POINT('',#4069);
#1447=VERTEX_POINT('',#4073);
#1448=VERTEX_POINT('',#4074);
#1449=VERTEX_POINT('',#4076);
#1450=VERTEX_POINT('',#4078);
#1451=VERTEX_POINT('',#4082);
#1452=VERTEX_POINT('',#4084);
#1453=VERTEX_POINT('',#4088);
#1454=VERTEX_POINT('',#4092);
#1455=VERTEX_POINT('',#4093);
#1456=VERTEX_POINT('',#4098);
#1457=VERTEX_POINT('',#4102);
#1458=VERTEX_POINT('',#4103);
#1459=VERTEX_POINT('',#4105);
#1460=VERTEX_POINT('',#4107);
#1461=LINE('',#3478,#1748);
#1462=LINE('',#3483,#1749);
#1463=LINE('',#3487,#1750);
#1464=LINE('',#3491,#1751);
#1465=LINE('',#3495,#1752);
#1466=LINE('',#3499,#1753);
#1467=LINE('',#3503,#1754);
#1468=LINE('',#3507,#1755);
#1469=LINE('',#3511,#1756);
#1470=LINE('',#3515,#1757);
#1471=LINE('',#3519,#1758);
#1472=LINE('',#3523,#1759);
#1473=LINE('',#3527,#1760);
#1474=LINE('',#3531,#1761);
#1475=LINE('',#3533,#1762);
#1476=LINE('',#3535,#1763);
#1477=LINE('',#3537,#1764);
#1478=LINE('',#3539,#1765);
#1479=LINE('',#3543,#1766);
#1480=LINE('',#3547,#1767);
#1481=LINE('',#3551,#1768);
#1482=LINE('',#3554,#1769);
#1483=LINE('',#3559,#1770);
#1484=LINE('',#3561,#1771);
#1485=LINE('',#3564,#1772);
#1486=LINE('',#3569,#1773);
#1487=LINE('',#3571,#1774);
#1488=LINE('',#3574,#1775);
#1489=LINE('',#3579,#1776);
#1490=LINE('',#3581,#1777);
#1491=LINE('',#3584,#1778);
#1492=LINE('',#3586,#1779);
#1493=LINE('',#3588,#1780);
#1494=LINE('',#3590,#1781);
#1495=LINE('',#3592,#1782);
#1496=LINE('',#3594,#1783);
#1497=LINE('',#3599,#1784);
#1498=LINE('',#3602,#1785);
#1499=LINE('',#3604,#1786);
#1500=LINE('',#3606,#1787);
#1501=LINE('',#3608,#1788);
#1502=LINE('',#3610,#1789);
#1503=LINE('',#3612,#1790);
#1504=LINE('',#3617,#1791);
#1505=LINE('',#3620,#1792);
#1506=LINE('',#3623,#1793);
#1507=LINE('',#3625,#1794);
#1508=LINE('',#3627,#1795);
#1509=LINE('',#3629,#1796);
#1510=LINE('',#3631,#1797);
#1511=LINE('',#3633,#1798);
#1512=LINE('',#3636,#1799);
#1513=LINE('',#3638,#1800);
#1514=LINE('',#3640,#1801);
#1515=LINE('',#3642,#1802);
#1516=LINE('',#3644,#1803);
#1517=LINE('',#3646,#1804);
#1518=LINE('',#3651,#1805);
#1519=LINE('',#3654,#1806);
#1520=LINE('',#3656,#1807);
#1521=LINE('',#3661,#1808);
#1522=LINE('',#3664,#1809);
#1523=LINE('',#3668,#1810);
#1524=LINE('',#3672,#1811);
#1525=LINE('',#3676,#1812);
#1526=LINE('',#3680,#1813);
#1527=LINE('',#3681,#1814);
#1528=LINE('',#3683,#1815);
#1529=LINE('',#3685,#1816);
#1530=LINE('',#3688,#1817);
#1531=LINE('',#3690,#1818);
#1532=LINE('',#3692,#1819);
#1533=LINE('',#3694,#1820);
#1534=LINE('',#3696,#1821);
#1535=LINE('',#3698,#1822);
#1536=LINE('',#3701,#1823);
#1537=LINE('',#3704,#1824);
#1538=LINE('',#3705,#1825);
#1539=LINE('',#3707,#1826);
#1540=LINE('',#3710,#1827);
#1541=LINE('',#3712,#1828);
#1542=LINE('',#3714,#1829);
#1543=LINE('',#3716,#1830);
#1544=LINE('',#3717,#1831);
#1545=LINE('',#3719,#1832);
#1546=LINE('',#3721,#1833);
#1547=LINE('',#3726,#1834);
#1548=LINE('',#3727,#1835);
#1549=LINE('',#3731,#1836);
#1550=LINE('',#3735,#1837);
#1551=LINE('',#3736,#1838);
#1552=LINE('',#3738,#1839);
#1553=LINE('',#3740,#1840);
#1554=LINE('',#3741,#1841);
#1555=LINE('',#3745,#1842);
#1556=LINE('',#3747,#1843);
#1557=LINE('',#3749,#1844);
#1558=LINE('',#3751,#1845);
#1559=LINE('',#3752,#1846);
#1560=LINE('',#3756,#1847);
#1561=LINE('',#3760,#1848);
#1562=LINE('',#3764,#1849);
#1563=LINE('',#3768,#1850);
#1564=LINE('',#3769,#1851);
#1565=LINE('',#3771,#1852);
#1566=LINE('',#3776,#1853);
#1567=LINE('',#3777,#1854);
#1568=LINE('',#3781,#1855);
#1569=LINE('',#3785,#1856);
#1570=LINE('',#3786,#1857);
#1571=LINE('',#3788,#1858);
#1572=LINE('',#3790,#1859);
#1573=LINE('',#3791,#1860);
#1574=LINE('',#3795,#1861);
#1575=LINE('',#3798,#1862);
#1576=LINE('',#3799,#1863);
#1577=LINE('',#3800,#1864);
#1578=LINE('',#3802,#1865);
#1579=LINE('',#3806,#1866);
#1580=LINE('',#3808,#1867);
#1581=LINE('',#3810,#1868);
#1582=LINE('',#3812,#1869);
#1583=LINE('',#3816,#1870);
#1584=LINE('',#3820,#1871);
#1585=LINE('',#3824,#1872);
#1586=LINE('',#3828,#1873);
#1587=LINE('',#3832,#1874);
#1588=LINE('',#3836,#1875);
#1589=LINE('',#3840,#1876);
#1590=LINE('',#3844,#1877);
#1591=LINE('',#3848,#1878);
#1592=LINE('',#3852,#1879);
#1593=LINE('',#3856,#1880);
#1594=LINE('',#3860,#1881);
#1595=LINE('',#3864,#1882);
#1596=LINE('',#3868,#1883);
#1597=LINE('',#3872,#1884);
#1598=LINE('',#3873,#1885);
#1599=LINE('',#3875,#1886);
#1600=LINE('',#3876,#1887);
#1601=LINE('',#3878,#1888);
#1602=LINE('',#3880,#1889);
#1603=LINE('',#3882,#1890);
#1604=LINE('',#3883,#1891);
#1605=LINE('',#3885,#1892);
#1606=LINE('',#3887,#1893);
#1607=LINE('',#3889,#1894);
#1608=LINE('',#3891,#1895);
#1609=LINE('',#3893,#1896);
#1610=LINE('',#3897,#1897);
#1611=LINE('',#3901,#1898);
#1612=LINE('',#3902,#1899);
#1613=LINE('',#3904,#1900);
#1614=LINE('',#3905,#1901);
#1615=LINE('',#3909,#1902);
#1616=LINE('',#3913,#1903);
#1617=LINE('',#3915,#1904);
#1618=LINE('',#3918,#1905);
#1619=LINE('',#3922,#1906);
#1620=LINE('',#3926,#1907);
#1621=LINE('',#3929,#1908);
#1622=LINE('',#3931,#1909);
#1623=LINE('',#3934,#1910);
#1624=LINE('',#3935,#1911);
#1625=LINE('',#3936,#1912);
#1626=LINE('',#3938,#1913);
#1627=LINE('',#3940,#1914);
#1628=LINE('',#3943,#1915);
#1629=LINE('',#3948,#1916);
#1630=LINE('',#3949,#1917);
#1631=LINE('',#3953,#1918);
#1632=LINE('',#3957,#1919);
#1633=LINE('',#3958,#1920);
#1634=LINE('',#3959,#1921);
#1635=LINE('',#3960,#1922);
#1636=LINE('',#3964,#1923);
#1637=LINE('',#3966,#1924);
#1638=LINE('',#3968,#1925);
#1639=LINE('',#3970,#1926);
#1640=LINE('',#3973,#1927);
#1641=LINE('',#3977,#1928);
#1642=LINE('',#3981,#1929);
#1643=LINE('',#3985,#1930);
#1644=LINE('',#3987,#1931);
#1645=LINE('',#3989,#1932);
#1646=LINE('',#3991,#1933);
#1647=LINE('',#3992,#1934);
#1648=LINE('',#3996,#1935);
#1649=LINE('',#3997,#1936);
#1650=LINE('',#3999,#1937);
#1651=LINE('',#4000,#1938);
#1652=LINE('',#4002,#1939);
#1653=LINE('',#4003,#1940);
#1654=LINE('',#4009,#1941);
#1655=LINE('',#4010,#1942);
#1656=LINE('',#4012,#1943);
#1657=LINE('',#4013,#1944);
#1658=LINE('',#4015,#1945);
#1659=LINE('',#4016,#1946);
#1660=LINE('',#4022,#1947);
#1661=LINE('',#4023,#1948);
#1662=LINE('',#4025,#1949);
#1663=LINE('',#4026,#1950);
#1664=LINE('',#4028,#1951);
#1665=LINE('',#4029,#1952);
#1666=LINE('',#4035,#1953);
#1667=LINE('',#4036,#1954);
#1668=LINE('',#4038,#1955);
#1669=LINE('',#4039,#1956);
#1670=LINE('',#4041,#1957);
#1671=LINE('',#4042,#1958);
#1672=LINE('',#4052,#1959);
#1673=LINE('',#4054,#1960);
#1674=LINE('',#4056,#1961);
#1675=LINE('',#4058,#1962);
#1676=LINE('',#4060,#1963);
#1677=LINE('',#4062,#1964);
#1678=LINE('',#4064,#1965);
#1679=LINE('',#4066,#1966);
#1680=LINE('',#4068,#1967);
#1681=LINE('',#4070,#1968);
#1682=LINE('',#4072,#1969);
#1683=LINE('',#4075,#1970);
#1684=LINE('',#4077,#1971);
#1685=LINE('',#4079,#1972);
#1686=LINE('',#4081,#1973);
#1687=LINE('',#4083,#1974);
#1688=LINE('',#4085,#1975);
#1689=LINE('',#4087,#1976);
#1690=LINE('',#4089,#1977);
#1691=LINE('',#4091,#1978);
#1692=LINE('',#4094,#1979);
#1693=LINE('',#4095,#1980);
#1694=LINE('',#4097,#1981);
#1695=LINE('',#4099,#1982);
#1696=LINE('',#4101,#1983);
#1697=LINE('',#4104,#1984);
#1698=LINE('',#4106,#1985);
#1699=LINE('',#4108,#1986);
#1700=LINE('',#4110,#1987);
#1701=LINE('',#4111,#1988);
#1702=LINE('',#4113,#1989);
#1703=LINE('',#4115,#1990);
#1704=LINE('',#4117,#1991);
#1705=LINE('',#4119,#1992);
#1706=LINE('',#4121,#1993);
#1707=LINE('',#4123,#1994);
#1708=LINE('',#4126,#1995);
#1709=LINE('',#4128,#1996);
#1710=LINE('',#4129,#1997);
#1711=LINE('',#4131,#1998);
#1712=LINE('',#4133,#1999);
#1713=LINE('',#4135,#2000);
#1714=LINE('',#4137,#2001);
#1715=LINE('',#4139,#2002);
#1716=LINE('',#4142,#2003);
#1717=LINE('',#4144,#2004);
#1718=LINE('',#4145,#2005);
#1719=LINE('',#4147,#2006);
#1720=LINE('',#4151,#2007);
#1721=LINE('',#4153,#2008);
#1722=LINE('',#4154,#2009);
#1723=LINE('',#4156,#2010);
#1724=LINE('',#4160,#2011);
#1725=LINE('',#4162,#2012);
#1726=LINE('',#4163,#2013);
#1727=LINE('',#4165,#2014);
#1728=LINE('',#4169,#2015);
#1729=LINE('',#4171,#2016);
#1730=LINE('',#4172,#2017);
#1731=LINE('',#4174,#2018);
#1732=LINE('',#4178,#2019);
#1733=LINE('',#4180,#2020);
#1734=LINE('',#4181,#2021);
#1735=LINE('',#4183,#2022);
#1736=LINE('',#4187,#2023);
#1737=LINE('',#4189,#2024);
#1738=LINE('',#4190,#2025);
#1739=LINE('',#4192,#2026);
#1740=LINE('',#4196,#2027);
#1741=LINE('',#4198,#2028);
#1742=LINE('',#4199,#2029);
#1743=LINE('',#4201,#2030);
#1744=LINE('',#4205,#2031);
#1745=LINE('',#4207,#2032);
#1746=LINE('',#4208,#2033);
#1747=LINE('',#4210,#2034);
#1748=VECTOR('',#2765,1.);
#1749=VECTOR('',#2768,1.);
#1750=VECTOR('',#2771,1.);
#1751=VECTOR('',#2774,1.);
#1752=VECTOR('',#2777,1.);
#1753=VECTOR('',#2780,1.);
#1754=VECTOR('',#2783,1.);
#1755=VECTOR('',#2786,1.);
#1756=VECTOR('',#2789,1.);
#1757=VECTOR('',#2792,1.);
#1758=VECTOR('',#2795,1.);
#1759=VECTOR('',#2798,1.);
#1760=VECTOR('',#2801,1.);
#1761=VECTOR('',#2804,1.);
#1762=VECTOR('',#2805,1.);
#1763=VECTOR('',#2806,1.);
#1764=VECTOR('',#2807,1.);
#1765=VECTOR('',#2808,1.);
#1766=VECTOR('',#2811,1.);
#1767=VECTOR('',#2814,1.);
#1768=VECTOR('',#2819,1.);
#1769=VECTOR('',#2820,1.);
#1770=VECTOR('',#2825,1.);
#1771=VECTOR('',#2828,1.);
#1772=VECTOR('',#2829,1.);
#1773=VECTOR('',#2834,1.);
#1774=VECTOR('',#2837,1.);
#1775=VECTOR('',#2838,1.);
#1776=VECTOR('',#2843,1.);
#1777=VECTOR('',#2846,1.);
#1778=VECTOR('',#2847,1.);
#1779=VECTOR('',#2848,1.);
#1780=VECTOR('',#2849,1.);
#1781=VECTOR('',#2850,1.);
#1782=VECTOR('',#2851,1.);
#1783=VECTOR('',#2852,1.);
#1784=VECTOR('',#2859,1.);
#1785=VECTOR('',#2860,1.);
#1786=VECTOR('',#2861,1.);
#1787=VECTOR('',#2862,1.);
#1788=VECTOR('',#2863,1.);
#1789=VECTOR('',#2864,1.);
#1790=VECTOR('',#2865,1.);
#1791=VECTOR('',#2872,1.);
#1792=VECTOR('',#2873,1.);
#1793=VECTOR('',#2876,1.);
#1794=VECTOR('',#2877,1.);
#1795=VECTOR('',#2878,1.);
#1796=VECTOR('',#2879,1.);
#1797=VECTOR('',#2880,1.);
#1798=VECTOR('',#2883,1.);
#1799=VECTOR('',#2884,1.);
#1800=VECTOR('',#2885,1.);
#1801=VECTOR('',#2886,1.);
#1802=VECTOR('',#2887,1.);
#1803=VECTOR('',#2888,1.);
#1804=VECTOR('',#2889,1.);
#1805=VECTOR('',#2896,1.);
#1806=VECTOR('',#2897,1.);
#1807=VECTOR('',#2898,1.);
#1808=VECTOR('',#2905,1.);
#1809=VECTOR('',#2906,1.);
#1810=VECTOR('',#2909,1.);
#1811=VECTOR('',#2912,1.);
#1812=VECTOR('',#2915,1.);
#1813=VECTOR('',#2918,1.);
#1814=VECTOR('',#2919,1.);
#1815=VECTOR('',#2920,1.);
#1816=VECTOR('',#2923,1.);
#1817=VECTOR('',#2924,1.);
#1818=VECTOR('',#2925,1.);
#1819=VECTOR('',#2926,1.);
#1820=VECTOR('',#2927,1.);
#1821=VECTOR('',#2928,1.);
#1822=VECTOR('',#2929,1.);
#1823=VECTOR('',#2934,1.);
#1824=VECTOR('',#2935,1.);
#1825=VECTOR('',#2936,1.);
#1826=VECTOR('',#2939,1.);
#1827=VECTOR('',#2940,1.);
#1828=VECTOR('',#2941,1.);
#1829=VECTOR('',#2942,1.);
#1830=VECTOR('',#2943,1.);
#1831=VECTOR('',#2944,1.);
#1832=VECTOR('',#2945,1.);
#1833=VECTOR('',#2948,1.);
#1834=VECTOR('',#2951,1.);
#1835=VECTOR('',#2952,1.);
#1836=VECTOR('',#2955,1.);
#1837=VECTOR('',#2958,1.);
#1838=VECTOR('',#2959,1.);
#1839=VECTOR('',#2960,1.);
#1840=VECTOR('',#2961,1.);
#1841=VECTOR('',#2962,1.);
#1842=VECTOR('',#2967,1.);
#1843=VECTOR('',#2968,1.);
#1844=VECTOR('',#2969,1.);
#1845=VECTOR('',#2972,1.);
#1846=VECTOR('',#2973,1.);
#1847=VECTOR('',#2976,1.);
#1848=VECTOR('',#2979,1.);
#1849=VECTOR('',#2982,1.);
#1850=VECTOR('',#2985,1.);
#1851=VECTOR('',#2986,1.);
#1852=VECTOR('',#2989,1.);
#1853=VECTOR('',#2992,1.);
#1854=VECTOR('',#2993,1.);
#1855=VECTOR('',#2996,1.);
#1856=VECTOR('',#2999,1.);
#1857=VECTOR('',#3000,1.);
#1858=VECTOR('',#3001,1.);
#1859=VECTOR('',#3002,1.);
#1860=VECTOR('',#3003,1.);
#1861=VECTOR('',#3008,1.);
#1862=VECTOR('',#3009,1.);
#1863=VECTOR('',#3010,1.);
#1864=VECTOR('',#3011,1.);
#1865=VECTOR('',#3014,1.);
#1866=VECTOR('',#3017,1.);
#1867=VECTOR('',#3018,1.);
#1868=VECTOR('',#3019,1.);
#1869=VECTOR('',#3020,1.);
#1870=VECTOR('',#3023,1.);
#1871=VECTOR('',#3026,1.);
#1872=VECTOR('',#3029,1.);
#1873=VECTOR('',#3032,1.);
#1874=VECTOR('',#3035,1.);
#1875=VECTOR('',#3038,1.);
#1876=VECTOR('',#3041,1.);
#1877=VECTOR('',#3044,1.);
#1878=VECTOR('',#3047,1.);
#1879=VECTOR('',#3050,1.);
#1880=VECTOR('',#3053,1.);
#1881=VECTOR('',#3056,1.);
#1882=VECTOR('',#3059,1.);
#1883=VECTOR('',#3062,1.);
#1884=VECTOR('',#3067,1.);
#1885=VECTOR('',#3068,1.);
#1886=VECTOR('',#3071,1.);
#1887=VECTOR('',#3072,1.);
#1888=VECTOR('',#3073,1.);
#1889=VECTOR('',#3076,1.);
#1890=VECTOR('',#3077,1.);
#1891=VECTOR('',#3078,1.);
#1892=VECTOR('',#3079,1.);
#1893=VECTOR('',#3082,1.);
#1894=VECTOR('',#3083,1.);
#1895=VECTOR('',#3084,1.);
#1896=VECTOR('',#3087,1.);
#1897=VECTOR('',#3090,1.);
#1898=VECTOR('',#3093,1.);
#1899=VECTOR('',#3094,1.);
#1900=VECTOR('',#3095,1.);
#1901=VECTOR('',#3096,1.);
#1902=VECTOR('',#3099,1.);
#1903=VECTOR('',#3102,1.);
#1904=VECTOR('',#3105,1.);
#1905=VECTOR('',#3108,1.);
#1906=VECTOR('',#3111,1.);
#1907=VECTOR('',#3114,1.);
#1908=VECTOR('',#3117,1.);
#1909=VECTOR('',#3120,1.);
#1910=VECTOR('',#3121,1.);
#1911=VECTOR('',#3122,1.);
#1912=VECTOR('',#3123,1.);
#1913=VECTOR('',#3126,1.);
#1914=VECTOR('',#3129,1.);
#1915=VECTOR('',#3134,1.);
#1916=VECTOR('',#3137,1.);
#1917=VECTOR('',#3138,1.);
#1918=VECTOR('',#3141,1.);
#1919=VECTOR('',#3144,1.);
#1920=VECTOR('',#3145,1.);
#1921=VECTOR('',#3146,1.);
#1922=VECTOR('',#3147,1.);
#1923=VECTOR('',#3152,1.);
#1924=VECTOR('',#3155,1.);
#1925=VECTOR('',#3156,1.);
#1926=VECTOR('',#3157,1.);
#1927=VECTOR('',#3160,1.);
#1928=VECTOR('',#3163,1.);
#1929=VECTOR('',#3166,1.);
#1930=VECTOR('',#3171,1.);
#1931=VECTOR('',#3172,1.);
#1932=VECTOR('',#3173,1.);
#1933=VECTOR('',#3174,1.);
#1934=VECTOR('',#3175,1.);
#1935=VECTOR('',#3182,1.);
#1936=VECTOR('',#3183,1.);
#1937=VECTOR('',#3186,1.);
#1938=VECTOR('',#3187,1.);
#1939=VECTOR('',#3190,1.);
#1940=VECTOR('',#3191,1.);
#1941=VECTOR('',#3202,1.);
#1942=VECTOR('',#3203,1.);
#1943=VECTOR('',#3206,1.);
#1944=VECTOR('',#3207,1.);
#1945=VECTOR('',#3210,1.);
#1946=VECTOR('',#3211,1.);
#1947=VECTOR('',#3222,1.);
#1948=VECTOR('',#3223,1.);
#1949=VECTOR('',#3226,1.);
#1950=VECTOR('',#3227,1.);
#1951=VECTOR('',#3230,1.);
#1952=VECTOR('',#3231,1.);
#1953=VECTOR('',#3242,1.);
#1954=VECTOR('',#3243,1.);
#1955=VECTOR('',#3246,1.);
#1956=VECTOR('',#3247,1.);
#1957=VECTOR('',#3250,1.);
#1958=VECTOR('',#3251,1.);
#1959=VECTOR('',#3270,1.);
#1960=VECTOR('',#3271,1.);
#1961=VECTOR('',#3272,1.);
#1962=VECTOR('',#3275,1.);
#1963=VECTOR('',#3276,1.);
#1964=VECTOR('',#3277,1.);
#1965=VECTOR('',#3280,1.);
#1966=VECTOR('',#3281,1.);
#1967=VECTOR('',#3284,1.);
#1968=VECTOR('',#3285,1.);
#1969=VECTOR('',#3288,1.);
#1970=VECTOR('',#3289,1.);
#1971=VECTOR('',#3290,1.);
#1972=VECTOR('',#3291,1.);
#1973=VECTOR('',#3294,1.);
#1974=VECTOR('',#3295,1.);
#1975=VECTOR('',#3296,1.);
#1976=VECTOR('',#3299,1.);
#1977=VECTOR('',#3300,1.);
#1978=VECTOR('',#3303,1.);
#1979=VECTOR('',#3304,1.);
#1980=VECTOR('',#3305,1.);
#1981=VECTOR('',#3308,1.);
#1982=VECTOR('',#3309,1.);
#1983=VECTOR('',#3312,1.);
#1984=VECTOR('',#3313,1.);
#1985=VECTOR('',#3314,1.);
#1986=VECTOR('',#3315,1.);
#1987=VECTOR('',#3318,1.);
#1988=VECTOR('',#3319,1.);
#1989=VECTOR('',#3322,1.);
#1990=VECTOR('',#3325,1.);
#1991=VECTOR('',#3328,1.);
#1992=VECTOR('',#3331,1.);
#1993=VECTOR('',#3334,1.);
#1994=VECTOR('',#3337,1.);
#1995=VECTOR('',#3342,1.);
#1996=VECTOR('',#3345,1.);
#1997=VECTOR('',#3346,1.);
#1998=VECTOR('',#3349,1.);
#1999=VECTOR('',#3352,1.);
#2000=VECTOR('',#3355,1.);
#2001=VECTOR('',#3358,1.);
#2002=VECTOR('',#3361,1.);
#2003=VECTOR('',#3366,1.);
#2004=VECTOR('',#3369,1.);
#2005=VECTOR('',#3370,1.);
#2006=VECTOR('',#3373,1.);
#2007=VECTOR('',#3380,1.);
#2008=VECTOR('',#3383,1.);
#2009=VECTOR('',#3384,1.);
#2010=VECTOR('',#3387,1.);
#2011=VECTOR('',#3394,1.);
#2012=VECTOR('',#3397,1.);
#2013=VECTOR('',#3398,1.);
#2014=VECTOR('',#3401,1.);
#2015=VECTOR('',#3408,1.);
#2016=VECTOR('',#3411,1.);
#2017=VECTOR('',#3412,1.);
#2018=VECTOR('',#3415,1.);
#2019=VECTOR('',#3422,1.);
#2020=VECTOR('',#3425,1.);
#2021=VECTOR('',#3426,1.);
#2022=VECTOR('',#3429,1.);
#2023=VECTOR('',#3436,1.);
#2024=VECTOR('',#3439,1.);
#2025=VECTOR('',#3440,1.);
#2026=VECTOR('',#3443,1.);
#2027=VECTOR('',#3450,1.);
#2028=VECTOR('',#3453,1.);
#2029=VECTOR('',#3454,1.);
#2030=VECTOR('',#3457,1.);
#2031=VECTOR('',#3464,1.);
#2032=VECTOR('',#3467,1.);
#2033=VECTOR('',#3468,1.);
#2034=VECTOR('',#3471,1.);
#2035=EDGE_LOOP('',(#124,#125,#126,#127,#128,#129,#130,#131,#132,#133,#134,
#135,#136,#137,#138,#139,#140,#141,#142,#143,#144,#145,#146,#147,#148,#149,
#150,#151,#152,#153,#154,#155,#156,#157,#158,#159));
#2036=EDGE_LOOP('',(#160,#161,#162,#163,#164,#165));
#2037=EDGE_LOOP('',(#166,#167,#168,#169,#170,#171));
#2038=EDGE_LOOP('',(#172,#173,#174,#175,#176,#177));
#2039=EDGE_LOOP('',(#178,#179,#180,#181,#182,#183,#184,#185,#186,#187));
#2040=EDGE_LOOP('',(#188,#189,#190,#191,#192,#193,#194,#195,#196,#197));
#2041=EDGE_LOOP('',(#198,#199,#200,#201,#202,#203,#204,#205,#206));
#2042=EDGE_LOOP('',(#207,#208,#209,#210,#211,#212,#213,#214,#215,#216));
#2043=EDGE_LOOP('',(#217,#218,#219,#220,#221,#222));
#2044=EDGE_LOOP('',(#223,#224,#225,#226,#227,#228,#229,#230,#231,#232,#233,
#234));
#2045=EDGE_LOOP('',(#235,#236,#237,#238,#239,#240,#241,#242,#243));
#2046=EDGE_LOOP('',(#244,#245,#246,#247));
#2047=EDGE_LOOP('',(#248,#249,#250,#251,#252,#253,#254,#255));
#2048=EDGE_LOOP('',(#256,#257,#258,#259,#260,#261,#262,#263,#264,#265,#266,
#267,#268,#269,#270,#271));
#2049=EDGE_LOOP('',(#272,#273,#274,#275));
#2050=EDGE_LOOP('',(#276,#277,#278,#279,#280,#281,#282,#283,#284,#285,#286,
#287));
#2051=EDGE_LOOP('',(#288,#289,#290,#291,#292,#293,#294,#295,#296,#297,#298,
#299,#300,#301,#302,#303));
#2052=EDGE_LOOP('',(#304,#305,#306,#307,#308,#309));
#2053=EDGE_LOOP('',(#310,#311,#312,#313,#314,#315,#316,#317,#318,#319,#320,
#321,#322,#323,#324,#325,#326,#327,#328,#329,#330,#331,#332,#333,#334,#335,
#336,#337,#338,#339,#340,#341,#342,#343,#344,#345));
#2054=EDGE_LOOP('',(#346,#347,#348,#349,#350,#351));
#2055=EDGE_LOOP('',(#352,#353,#354,#355,#356,#357));
#2056=EDGE_LOOP('',(#358,#359,#360,#361,#362,#363));
#2057=EDGE_LOOP('',(#364,#365,#366,#367));
#2058=EDGE_LOOP('',(#368,#369,#370,#371,#372,#373,#374,#375,#376,#377,#378,
#379,#380,#381,#382,#383));
#2059=EDGE_LOOP('',(#384,#385,#386,#387,#388,#389,#390,#391,#392,#393,#394,
#395));
#2060=EDGE_LOOP('',(#396,#397,#398,#399,#400,#401));
#2061=EDGE_LOOP('',(#402,#403,#404,#405,#406));
#2062=EDGE_LOOP('',(#407,#408,#409,#410,#411));
#2063=EDGE_LOOP('',(#412,#413,#414,#415));
#2064=EDGE_LOOP('',(#416,#417,#418,#419,#420,#421,#422,#423,#424,#425,#426,
#427,#428,#429,#430,#431));
#2065=EDGE_LOOP('',(#432,#433,#434,#435));
#2066=EDGE_LOOP('',(#436,#437,#438,#439,#440,#441,#442,#443,#444,#445,#446,
#447));
#2067=EDGE_LOOP('',(#448,#449,#450,#451,#452,#453,#454,#455));
#2068=EDGE_LOOP('',(#456,#457,#458,#459));
#2069=EDGE_LOOP('',(#460,#461,#462,#463));
#2070=EDGE_LOOP('',(#464,#465,#466,#467));
#2071=EDGE_LOOP('',(#468,#469,#470,#471));
#2072=EDGE_LOOP('',(#472,#473,#474,#475));
#2073=EDGE_LOOP('',(#476,#477,#478,#479));
#2074=EDGE_LOOP('',(#480,#481,#482,#483));
#2075=EDGE_LOOP('',(#484,#485,#486,#487));
#2076=EDGE_LOOP('',(#488,#489,#490,#491));
#2077=EDGE_LOOP('',(#492,#493,#494,#495));
#2078=EDGE_LOOP('',(#496,#497,#498,#499));
#2079=EDGE_LOOP('',(#500,#501,#502,#503));
#2080=EDGE_LOOP('',(#504,#505,#506,#507));
#2081=EDGE_LOOP('',(#508,#509,#510,#511));
#2082=EDGE_LOOP('',(#512,#513,#514,#515));
#2083=EDGE_LOOP('',(#516,#517,#518,#519));
#2084=EDGE_LOOP('',(#520,#521,#522,#523));
#2085=EDGE_LOOP('',(#524,#525,#526,#527));
#2086=EDGE_LOOP('',(#528,#529,#530,#531));
#2087=EDGE_LOOP('',(#532,#533,#534,#535));
#2088=EDGE_LOOP('',(#536,#537,#538,#539));
#2089=EDGE_LOOP('',(#540,#541,#542,#543));
#2090=EDGE_LOOP('',(#544,#545,#546,#547));
#2091=EDGE_LOOP('',(#548,#549,#550,#551));
#2092=EDGE_LOOP('',(#552,#553,#554,#555));
#2093=EDGE_LOOP('',(#556,#557,#558,#559));
#2094=EDGE_LOOP('',(#560,#561,#562,#563));
#2095=EDGE_LOOP('',(#564,#565,#566,#567));
#2096=EDGE_LOOP('',(#568,#569,#570,#571));
#2097=EDGE_LOOP('',(#572,#573,#574,#575));
#2098=EDGE_LOOP('',(#576,#577,#578,#579));
#2099=EDGE_LOOP('',(#580,#581,#582,#583));
#2100=EDGE_LOOP('',(#584,#585,#586,#587));
#2101=EDGE_LOOP('',(#588,#589,#590,#591));
#2102=EDGE_LOOP('',(#592,#593,#594,#595));
#2103=EDGE_LOOP('',(#596,#597,#598,#599));
#2104=EDGE_LOOP('',(#600,#601,#602,#603));
#2105=EDGE_LOOP('',(#604,#605,#606,#607,#608));
#2106=EDGE_LOOP('',(#609,#610,#611,#612));
#2107=EDGE_LOOP('',(#613,#614,#615,#616));
#2108=EDGE_LOOP('',(#617,#618,#619,#620));
#2109=EDGE_LOOP('',(#621,#622,#623,#624));
#2110=EDGE_LOOP('',(#625,#626,#627,#628,#629));
#2111=EDGE_LOOP('',(#630,#631,#632,#633));
#2112=EDGE_LOOP('',(#634,#635,#636,#637));
#2113=EDGE_LOOP('',(#638,#639,#640,#641));
#2114=EDGE_LOOP('',(#642,#643,#644,#645));
#2115=EDGE_LOOP('',(#646,#647,#648));
#2116=EDGE_LOOP('',(#649,#650,#651,#652));
#2117=EDGE_LOOP('',(#653,#654,#655,#656));
#2118=EDGE_LOOP('',(#657,#658,#659));
#2119=EDGE_LOOP('',(#660,#661,#662,#663,#664,#665));
#2120=EDGE_LOOP('',(#666,#667,#668,#669));
#2121=EDGE_LOOP('',(#670,#671,#672,#673));
#2122=EDGE_LOOP('',(#674,#675,#676));
#2123=EDGE_LOOP('',(#677,#678,#679,#680));
#2124=EDGE_LOOP('',(#681,#682,#683,#684));
#2125=EDGE_LOOP('',(#685,#686,#687,#688));
#2126=EDGE_LOOP('',(#689,#690,#691));
#2127=EDGE_LOOP('',(#692,#693,#694,#695,#696,#697));
#2128=EDGE_LOOP('',(#698,#699,#700));
#2129=EDGE_LOOP('',(#701,#702,#703,#704));
#2130=EDGE_LOOP('',(#705,#706,#707));
#2131=EDGE_LOOP('',(#708,#709,#710,#711,#712));
#2132=EDGE_LOOP('',(#713,#714,#715,#716,#717));
#2133=EDGE_LOOP('',(#718,#719,#720));
#2134=EDGE_LOOP('',(#721,#722,#723,#724));
#2135=EDGE_LOOP('',(#725,#726,#727));
#2136=EDGE_LOOP('',(#728,#729,#730,#731,#732));
#2137=EDGE_LOOP('',(#733,#734,#735,#736,#737));
#2138=EDGE_LOOP('',(#738,#739,#740));
#2139=EDGE_LOOP('',(#741,#742,#743,#744));
#2140=EDGE_LOOP('',(#745,#746,#747));
#2141=EDGE_LOOP('',(#748,#749,#750,#751,#752));
#2142=EDGE_LOOP('',(#753,#754,#755,#756,#757));
#2143=EDGE_LOOP('',(#758,#759,#760));
#2144=EDGE_LOOP('',(#761,#762,#763,#764));
#2145=EDGE_LOOP('',(#765,#766,#767));
#2146=EDGE_LOOP('',(#768,#769,#770,#771,#772));
#2147=EDGE_LOOP('',(#773,#774,#775,#776,#777));
#2148=EDGE_LOOP('',(#778,#779,#780));
#2149=EDGE_LOOP('',(#781,#782,#783,#784));
#2150=EDGE_LOOP('',(#785,#786,#787));
#2151=EDGE_LOOP('',(#788,#789,#790,#791,#792));
#2152=EDGE_LOOP('',(#793,#794,#795,#796,#797));
#2153=EDGE_LOOP('',(#798,#799,#800));
#2154=EDGE_LOOP('',(#801,#802,#803,#804));
#2155=EDGE_LOOP('',(#805,#806,#807));
#2156=EDGE_LOOP('',(#808,#809,#810,#811,#812));
#2157=EDGE_LOOP('',(#813,#814,#815,#816,#817));
#2158=EDGE_LOOP('',(#818,#819,#820));
#2159=EDGE_LOOP('',(#821,#822,#823,#824));
#2160=EDGE_LOOP('',(#825,#826,#827));
#2161=EDGE_LOOP('',(#828,#829,#830,#831,#832));
#2162=EDGE_LOOP('',(#833,#834,#835,#836,#837));
#2163=EDGE_LOOP('',(#838,#839,#840));
#2164=EDGE_LOOP('',(#841,#842,#843,#844));
#2165=EDGE_LOOP('',(#845,#846,#847));
#2166=EDGE_LOOP('',(#848,#849,#850,#851,#852));
#2167=EDGE_LOOP('',(#853,#854,#855,#856,#857));
#2168=FACE_BOUND('',#2035,.T.);
#2169=FACE_BOUND('',#2036,.T.);
#2170=FACE_BOUND('',#2037,.T.);
#2171=FACE_BOUND('',#2038,.T.);
#2172=FACE_BOUND('',#2039,.T.);
#2173=FACE_BOUND('',#2040,.T.);
#2174=FACE_BOUND('',#2041,.T.);
#2175=FACE_BOUND('',#2042,.T.);
#2176=FACE_BOUND('',#2043,.T.);
#2177=FACE_BOUND('',#2044,.T.);
#2178=FACE_BOUND('',#2045,.T.);
#2179=FACE_BOUND('',#2046,.T.);
#2180=FACE_BOUND('',#2047,.T.);
#2181=FACE_BOUND('',#2048,.T.);
#2182=FACE_BOUND('',#2049,.T.);
#2183=FACE_BOUND('',#2050,.T.);
#2184=FACE_BOUND('',#2051,.T.);
#2185=FACE_BOUND('',#2052,.T.);
#2186=FACE_BOUND('',#2053,.T.);
#2187=FACE_BOUND('',#2054,.T.);
#2188=FACE_BOUND('',#2055,.T.);
#2189=FACE_BOUND('',#2056,.T.);
#2190=FACE_BOUND('',#2057,.T.);
#2191=FACE_BOUND('',#2058,.T.);
#2192=FACE_BOUND('',#2059,.T.);
#2193=FACE_BOUND('',#2060,.T.);
#2194=FACE_BOUND('',#2061,.T.);
#2195=FACE_BOUND('',#2062,.T.);
#2196=FACE_BOUND('',#2063,.T.);
#2197=FACE_BOUND('',#2064,.T.);
#2198=FACE_BOUND('',#2065,.T.);
#2199=FACE_BOUND('',#2066,.T.);
#2200=FACE_BOUND('',#2067,.T.);
#2201=FACE_BOUND('',#2068,.T.);
#2202=FACE_BOUND('',#2069,.T.);
#2203=FACE_BOUND('',#2070,.T.);
#2204=FACE_BOUND('',#2071,.T.);
#2205=FACE_BOUND('',#2072,.T.);
#2206=FACE_BOUND('',#2073,.T.);
#2207=FACE_BOUND('',#2074,.T.);
#2208=FACE_BOUND('',#2075,.T.);
#2209=FACE_BOUND('',#2076,.T.);
#2210=FACE_BOUND('',#2077,.T.);
#2211=FACE_BOUND('',#2078,.T.);
#2212=FACE_BOUND('',#2079,.T.);
#2213=FACE_BOUND('',#2080,.T.);
#2214=FACE_BOUND('',#2081,.T.);
#2215=FACE_BOUND('',#2082,.T.);
#2216=FACE_BOUND('',#2083,.T.);
#2217=FACE_BOUND('',#2084,.T.);
#2218=FACE_BOUND('',#2085,.T.);
#2219=FACE_BOUND('',#2086,.T.);
#2220=FACE_BOUND('',#2087,.T.);
#2221=FACE_BOUND('',#2088,.T.);
#2222=FACE_BOUND('',#2089,.T.);
#2223=FACE_BOUND('',#2090,.T.);
#2224=FACE_BOUND('',#2091,.T.);
#2225=FACE_BOUND('',#2092,.T.);
#2226=FACE_BOUND('',#2093,.T.);
#2227=FACE_BOUND('',#2094,.T.);
#2228=FACE_BOUND('',#2095,.T.);
#2229=FACE_BOUND('',#2096,.T.);
#2230=FACE_BOUND('',#2097,.T.);
#2231=FACE_BOUND('',#2098,.T.);
#2232=FACE_BOUND('',#2099,.T.);
#2233=FACE_BOUND('',#2100,.T.);
#2234=FACE_BOUND('',#2101,.T.);
#2235=FACE_BOUND('',#2102,.T.);
#2236=FACE_BOUND('',#2103,.T.);
#2237=FACE_BOUND('',#2104,.T.);
#2238=FACE_BOUND('',#2105,.T.);
#2239=FACE_BOUND('',#2106,.T.);
#2240=FACE_BOUND('',#2107,.T.);
#2241=FACE_BOUND('',#2108,.T.);
#2242=FACE_BOUND('',#2109,.T.);
#2243=FACE_BOUND('',#2110,.T.);
#2244=FACE_BOUND('',#2111,.T.);
#2245=FACE_BOUND('',#2112,.T.);
#2246=FACE_BOUND('',#2113,.T.);
#2247=FACE_BOUND('',#2114,.T.);
#2248=FACE_BOUND('',#2115,.T.);
#2249=FACE_BOUND('',#2116,.T.);
#2250=FACE_BOUND('',#2117,.T.);
#2251=FACE_BOUND('',#2118,.T.);
#2252=FACE_BOUND('',#2119,.T.);
#2253=FACE_BOUND('',#2120,.T.);
#2254=FACE_BOUND('',#2121,.T.);
#2255=FACE_BOUND('',#2122,.T.);
#2256=FACE_BOUND('',#2123,.T.);
#2257=FACE_BOUND('',#2124,.T.);
#2258=FACE_BOUND('',#2125,.T.);
#2259=FACE_BOUND('',#2126,.T.);
#2260=FACE_BOUND('',#2127,.T.);
#2261=FACE_BOUND('',#2128,.T.);
#2262=FACE_BOUND('',#2129,.T.);
#2263=FACE_BOUND('',#2130,.T.);
#2264=FACE_BOUND('',#2131,.T.);
#2265=FACE_BOUND('',#2132,.T.);
#2266=FACE_BOUND('',#2133,.T.);
#2267=FACE_BOUND('',#2134,.T.);
#2268=FACE_BOUND('',#2135,.T.);
#2269=FACE_BOUND('',#2136,.T.);
#2270=FACE_BOUND('',#2137,.T.);
#2271=FACE_BOUND('',#2138,.T.);
#2272=FACE_BOUND('',#2139,.T.);
#2273=FACE_BOUND('',#2140,.T.);
#2274=FACE_BOUND('',#2141,.T.);
#2275=FACE_BOUND('',#2142,.T.);
#2276=FACE_BOUND('',#2143,.T.);
#2277=FACE_BOUND('',#2144,.T.);
#2278=FACE_BOUND('',#2145,.T.);
#2279=FACE_BOUND('',#2146,.T.);
#2280=FACE_BOUND('',#2147,.T.);
#2281=FACE_BOUND('',#2148,.T.);
#2282=FACE_BOUND('',#2149,.T.);
#2283=FACE_BOUND('',#2150,.T.);
#2284=FACE_BOUND('',#2151,.T.);
#2285=FACE_BOUND('',#2152,.T.);
#2286=FACE_BOUND('',#2153,.T.);
#2287=FACE_BOUND('',#2154,.T.);
#2288=FACE_BOUND('',#2155,.T.);
#2289=FACE_BOUND('',#2156,.T.);
#2290=FACE_BOUND('',#2157,.T.);
#2291=FACE_BOUND('',#2158,.T.);
#2292=FACE_BOUND('',#2159,.T.);
#2293=FACE_BOUND('',#2160,.T.);
#2294=FACE_BOUND('',#2161,.T.);
#2295=FACE_BOUND('',#2162,.T.);
#2296=FACE_BOUND('',#2163,.T.);
#2297=FACE_BOUND('',#2164,.T.);
#2298=FACE_BOUND('',#2165,.T.);
#2299=FACE_BOUND('',#2166,.T.);
#2300=FACE_BOUND('',#2167,.T.);
#2301=PLANE('',#2548);
#2302=PLANE('',#2565);
#2303=PLANE('',#2568);
#2304=PLANE('',#2571);
#2305=PLANE('',#2574);
#2306=PLANE('',#2577);
#2307=PLANE('',#2580);
#2308=PLANE('',#2582);
#2309=PLANE('',#2585);
#2310=PLANE('',#2588);
#2311=PLANE('',#2593);
#2312=PLANE('',#2595);
#2313=PLANE('',#2596);
#2314=PLANE('',#2597);
#2315=PLANE('',#2602);
#2316=PLANE('',#2603);
#2317=PLANE('',#2608);
#2318=PLANE('',#2613);
#2319=PLANE('',#2614);
#2320=PLANE('',#2631);
#2321=PLANE('',#2632);
#2322=PLANE('',#2633);
#2323=PLANE('',#2634);
#2324=PLANE('',#2635);
#2325=PLANE('',#2640);
#2326=PLANE('',#2645);
#2327=PLANE('',#2646);
#2328=PLANE('',#2647);
#2329=PLANE('',#2648);
#2330=PLANE('',#2649);
#2331=PLANE('',#2654);
#2332=PLANE('',#2655);
#2333=PLANE('',#2660);
#2334=PLANE('',#2661);
#2335=PLANE('',#2662);
#2336=PLANE('',#2663);
#2337=PLANE('',#2664);
#2338=PLANE('',#2665);
#2339=PLANE('',#2670);
#2340=PLANE('',#2671);
#2341=PLANE('',#2672);
#2342=PLANE('',#2677);
#2343=PLANE('',#2678);
#2344=PLANE('',#2679);
#2345=PLANE('',#2684);
#2346=PLANE('',#2685);
#2347=PLANE('',#2686);
#2348=PLANE('',#2691);
#2349=PLANE('',#2692);
#2350=PLANE('',#2693);
#2351=PLANE('',#2694);
#2352=PLANE('',#2695);
#2353=PLANE('',#2696);
#2354=PLANE('',#2697);
#2355=PLANE('',#2698);
#2356=PLANE('',#2699);
#2357=PLANE('',#2700);
#2358=PLANE('',#2701);
#2359=PLANE('',#2702);
#2360=PLANE('',#2703);
#2361=PLANE('',#2704);
#2362=PLANE('',#2705);
#2363=PLANE('',#2706);
#2364=PLANE('',#2707);
#2365=PLANE('',#2708);
#2366=PLANE('',#2709);
#2367=PLANE('',#2710);
#2368=PLANE('',#2711);
#2369=PLANE('',#2712);
#2370=PLANE('',#2713);
#2371=PLANE('',#2714);
#2372=PLANE('',#2715);
#2373=PLANE('',#2716);
#2374=PLANE('',#2717);
#2375=PLANE('',#2718);
#2376=PLANE('',#2719);
#2377=PLANE('',#2720);
#2378=PLANE('',#2721);
#2379=PLANE('',#2722);
#2380=PLANE('',#2723);
#2381=PLANE('',#2726);
#2382=PLANE('',#2727);
#2383=PLANE('',#2728);
#2384=PLANE('',#2731);
#2385=PLANE('',#2732);
#2386=PLANE('',#2733);
#2387=PLANE('',#2736);
#2388=PLANE('',#2737);
#2389=PLANE('',#2738);
#2390=PLANE('',#2741);
#2391=PLANE('',#2742);
#2392=PLANE('',#2743);
#2393=PLANE('',#2746);
#2394=PLANE('',#2747);
#2395=PLANE('',#2748);
#2396=PLANE('',#2751);
#2397=PLANE('',#2752);
#2398=PLANE('',#2753);
#2399=PLANE('',#2756);
#2400=PLANE('',#2757);
#2401=PLANE('',#2758);
#2402=ADVANCED_FACE('',(#2168),#2301,.F.);
#2403=ADVANCED_FACE('',(#2169),#2302,.T.);
#2404=ADVANCED_FACE('',(#2170),#2303,.T.);
#2405=ADVANCED_FACE('',(#2171),#2304,.T.);
#2406=ADVANCED_FACE('',(#2172),#2305,.T.);
#2407=ADVANCED_FACE('',(#2173),#2306,.T.);
#2408=ADVANCED_FACE('',(#2174),#2307,.T.);
#2409=ADVANCED_FACE('',(#2175),#2308,.T.);
#2410=ADVANCED_FACE('',(#2176),#2309,.T.);
#2411=ADVANCED_FACE('',(#2177),#2310,.F.);
#2412=ADVANCED_FACE('',(#2178),#2311,.T.);
#2413=ADVANCED_FACE('',(#2179),#2312,.T.);
#2414=ADVANCED_FACE('',(#2180),#2313,.F.);
#2415=ADVANCED_FACE('',(#2181),#2314,.F.);
#2416=ADVANCED_FACE('',(#2182),#2315,.F.);
#2417=ADVANCED_FACE('',(#2183),#2316,.F.);
#2418=ADVANCED_FACE('',(#2184),#2317,.F.);
#2419=ADVANCED_FACE('',(#2185),#2318,.T.);
#2420=ADVANCED_FACE('',(#2186),#2319,.F.);
#2421=ADVANCED_FACE('',(#2187),#2320,.T.);
#2422=ADVANCED_FACE('',(#2188),#2321,.T.);
#2423=ADVANCED_FACE('',(#2189),#2322,.T.);
#2424=ADVANCED_FACE('',(#2190),#2323,.F.);
#2425=ADVANCED_FACE('',(#2191),#2324,.F.);
#2426=ADVANCED_FACE('',(#2192),#2325,.F.);
#2427=ADVANCED_FACE('',(#2193),#2326,.T.);
#2428=ADVANCED_FACE('',(#2194),#2327,.F.);
#2429=ADVANCED_FACE('',(#2195),#2328,.T.);
#2430=ADVANCED_FACE('',(#2196),#2329,.T.);
#2431=ADVANCED_FACE('',(#2197),#2330,.F.);
#2432=ADVANCED_FACE('',(#2198),#2331,.F.);
#2433=ADVANCED_FACE('',(#2199),#2332,.F.);
#2434=ADVANCED_FACE('',(#2200),#2333,.F.);
#2435=ADVANCED_FACE('',(#2201),#2334,.T.);
#2436=ADVANCED_FACE('',(#2202),#2335,.F.);
#2437=ADVANCED_FACE('',(#2203),#2336,.T.);
#2438=ADVANCED_FACE('',(#2204),#2337,.F.);
#2439=ADVANCED_FACE('',(#2205),#2338,.F.);
#2440=ADVANCED_FACE('',(#2206),#12,.T.);
#2441=ADVANCED_FACE('',(#2207),#13,.T.);
#2442=ADVANCED_FACE('',(#2208),#14,.F.);
#2443=ADVANCED_FACE('',(#2209),#15,.F.);
#2444=ADVANCED_FACE('',(#2210),#2339,.T.);
#2445=ADVANCED_FACE('',(#2211),#2340,.F.);
#2446=ADVANCED_FACE('',(#2212),#2341,.F.);
#2447=ADVANCED_FACE('',(#2213),#16,.T.);
#2448=ADVANCED_FACE('',(#2214),#17,.T.);
#2449=ADVANCED_FACE('',(#2215),#18,.F.);
#2450=ADVANCED_FACE('',(#2216),#19,.F.);
#2451=ADVANCED_FACE('',(#2217),#2342,.T.);
#2452=ADVANCED_FACE('',(#2218),#2343,.F.);
#2453=ADVANCED_FACE('',(#2219),#2344,.F.);
#2454=ADVANCED_FACE('',(#2220),#20,.T.);
#2455=ADVANCED_FACE('',(#2221),#21,.T.);
#2456=ADVANCED_FACE('',(#2222),#22,.F.);
#2457=ADVANCED_FACE('',(#2223),#23,.F.);
#2458=ADVANCED_FACE('',(#2224),#2345,.T.);
#2459=ADVANCED_FACE('',(#2225),#2346,.F.);
#2460=ADVANCED_FACE('',(#2226),#2347,.F.);
#2461=ADVANCED_FACE('',(#2227),#24,.T.);
#2462=ADVANCED_FACE('',(#2228),#25,.T.);
#2463=ADVANCED_FACE('',(#2229),#26,.F.);
#2464=ADVANCED_FACE('',(#2230),#27,.F.);
#2465=ADVANCED_FACE('',(#2231),#2348,.T.);
#2466=ADVANCED_FACE('',(#2232),#2349,.F.);
#2467=ADVANCED_FACE('',(#2233),#2350,.T.);
#2468=ADVANCED_FACE('',(#2234),#2351,.F.);
#2469=ADVANCED_FACE('',(#2235),#2352,.F.);
#2470=ADVANCED_FACE('',(#2236),#2353,.T.);
#2471=ADVANCED_FACE('',(#2237),#2354,.F.);
#2472=ADVANCED_FACE('',(#2238),#2355,.T.);
#2473=ADVANCED_FACE('',(#2239),#2356,.T.);
#2474=ADVANCED_FACE('',(#2240),#2357,.T.);
#2475=ADVANCED_FACE('',(#2241),#2358,.F.);
#2476=ADVANCED_FACE('',(#2242),#2359,.F.);
#2477=ADVANCED_FACE('',(#2243),#2360,.T.);
#2478=ADVANCED_FACE('',(#2244),#2361,.T.);
#2479=ADVANCED_FACE('',(#2245),#2362,.F.);
#2480=ADVANCED_FACE('',(#2246),#2363,.T.);
#2481=ADVANCED_FACE('',(#2247),#2364,.F.);
#2482=ADVANCED_FACE('',(#2248),#2365,.T.);
#2483=ADVANCED_FACE('',(#2249),#2366,.T.);
#2484=ADVANCED_FACE('',(#2250),#2367,.T.);
#2485=ADVANCED_FACE('',(#2251),#2368,.T.);
#2486=ADVANCED_FACE('',(#2252),#2369,.F.);
#2487=ADVANCED_FACE('',(#2253),#2370,.F.);
#2488=ADVANCED_FACE('',(#2254),#2371,.F.);
#2489=ADVANCED_FACE('',(#2255),#2372,.T.);
#2490=ADVANCED_FACE('',(#2256),#2373,.T.);
#2491=ADVANCED_FACE('',(#2257),#2374,.F.);
#2492=ADVANCED_FACE('',(#2258),#2375,.T.);
#2493=ADVANCED_FACE('',(#2259),#2376,.T.);
#2494=ADVANCED_FACE('',(#2260),#2377,.T.);
#2495=ADVANCED_FACE('',(#2261),#2378,.T.);
#2496=ADVANCED_FACE('',(#2262),#2379,.F.);
#2497=ADVANCED_FACE('',(#2263),#2380,.F.);
#2498=ADVANCED_FACE('',(#2264),#28,.F.);
#2499=ADVANCED_FACE('',(#2265),#29,.F.);
#2500=ADVANCED_FACE('',(#2266),#2381,.T.);
#2501=ADVANCED_FACE('',(#2267),#2382,.T.);
#2502=ADVANCED_FACE('',(#2268),#2383,.F.);
#2503=ADVANCED_FACE('',(#2269),#30,.F.);
#2504=ADVANCED_FACE('',(#2270),#31,.F.);
#2505=ADVANCED_FACE('',(#2271),#2384,.T.);
#2506=ADVANCED_FACE('',(#2272),#2385,.T.);
#2507=ADVANCED_FACE('',(#2273),#2386,.F.);
#2508=ADVANCED_FACE('',(#2274),#32,.F.);
#2509=ADVANCED_FACE('',(#2275),#33,.F.);
#2510=ADVANCED_FACE('',(#2276),#2387,.T.);
#2511=ADVANCED_FACE('',(#2277),#2388,.T.);
#2512=ADVANCED_FACE('',(#2278),#2389,.F.);
#2513=ADVANCED_FACE('',(#2279),#34,.F.);
#2514=ADVANCED_FACE('',(#2280),#35,.F.);
#2515=ADVANCED_FACE('',(#2281),#2390,.T.);
#2516=ADVANCED_FACE('',(#2282),#2391,.T.);
#2517=ADVANCED_FACE('',(#2283),#2392,.F.);
#2518=ADVANCED_FACE('',(#2284),#36,.F.);
#2519=ADVANCED_FACE('',(#2285),#37,.F.);
#2520=ADVANCED_FACE('',(#2286),#2393,.T.);
#2521=ADVANCED_FACE('',(#2287),#2394,.F.);
#2522=ADVANCED_FACE('',(#2288),#2395,.F.);
#2523=ADVANCED_FACE('',(#2289),#38,.F.);
#2524=ADVANCED_FACE('',(#2290),#39,.F.);
#2525=ADVANCED_FACE('',(#2291),#2396,.T.);
#2526=ADVANCED_FACE('',(#2292),#2397,.F.);
#2527=ADVANCED_FACE('',(#2293),#2398,.F.);
#2528=ADVANCED_FACE('',(#2294),#40,.F.);
#2529=ADVANCED_FACE('',(#2295),#41,.F.);
#2530=ADVANCED_FACE('',(#2296),#2399,.T.);
#2531=ADVANCED_FACE('',(#2297),#2400,.F.);
#2532=ADVANCED_FACE('',(#2298),#2401,.F.);
#2533=ADVANCED_FACE('',(#2299),#42,.F.);
#2534=ADVANCED_FACE('',(#2300),#43,.F.);
#2535=CLOSED_SHELL('',(#2402,#2403,#2404,#2405,#2406,#2407,#2408,#2409,
#2410,#2411,#2412,#2413,#2414,#2415,#2416,#2417,#2418,#2419,#2420,#2421,
#2422,#2423,#2424,#2425,#2426,#2427,#2428,#2429,#2430,#2431,#2432,#2433,
#2434,#2435,#2436,#2437,#2438,#2439,#2440,#2441,#2442,#2443,#2444,#2445,
#2446,#2447,#2448,#2449,#2450,#2451,#2452,#2453,#2454,#2455,#2456,#2457,
#2458,#2459,#2460,#2461,#2462,#2463,#2464,#2465,#2466,#2467,#2468,#2469,
#2470,#2471,#2472,#2473,#2474,#2475,#2476,#2477,#2478,#2479,#2480,#2481,
#2482,#2483,#2484,#2485,#2486,#2487,#2488,#2489,#2490,#2491,#2492,#2493,
#2494,#2495,#2496,#2497,#2498,#2499,#2500,#2501,#2502,#2503,#2504,#2505,
#2506,#2507,#2508,#2509,#2510,#2511,#2512,#2513,#2514,#2515,#2516,#2517,
#2518,#2519,#2520,#2521,#2522,#2523,#2524,#2525,#2526,#2527,#2528,#2529,
#2530,#2531,#2532,#2533,#2534));
#2536=STYLED_ITEM('',(#2537),#2544);
#2537=PRESENTATION_STYLE_ASSIGNMENT((#2538));
#2538=SURFACE_STYLE_USAGE(.BOTH.,#2539);
#2539=SURFACE_SIDE_STYLE('',(#2540));
#2540=SURFACE_STYLE_FILL_AREA(#2541);
#2541=FILL_AREA_STYLE('',(#2542));
#2542=FILL_AREA_STYLE_COLOUR('',#2543);
#2543=COLOUR_RGB('',0.866666666666667,0.32156862745098,0.156862745098039);
#2544=MANIFOLD_SOLID_BREP('Topper',#2535);
#2545=SHAPE_DEFINITION_REPRESENTATION(#4219,#2546);
#2546=SHAPE_REPRESENTATION('Topper',(#2547),#4214);
#2547=AXIS2_PLACEMENT_3D('',#3476,#2761,#2762);
#2548=AXIS2_PLACEMENT_3D('',#3477,#2763,#2764);
#2549=AXIS2_PLACEMENT_3D('',#3481,#2766,#2767);
#2550=AXIS2_PLACEMENT_3D('',#3485,#2769,#2770);
#2551=AXIS2_PLACEMENT_3D('',#3489,#2772,#2773);
#2552=AXIS2_PLACEMENT_3D('',#3493,#2775,#2776);
#2553=AXIS2_PLACEMENT_3D('',#3497,#2778,#2779);
#2554=AXIS2_PLACEMENT_3D('',#3501,#2781,#2782);
#2555=AXIS2_PLACEMENT_3D('',#3505,#2784,#2785);
#2556=AXIS2_PLACEMENT_3D('',#3509,#2787,#2788);
#2557=AXIS2_PLACEMENT_3D('',#3513,#2790,#2791);
#2558=AXIS2_PLACEMENT_3D('',#3517,#2793,#2794);
#2559=AXIS2_PLACEMENT_3D('',#3521,#2796,#2797);
#2560=AXIS2_PLACEMENT_3D('',#3525,#2799,#2800);
#2561=AXIS2_PLACEMENT_3D('',#3529,#2802,#2803);
#2562=AXIS2_PLACEMENT_3D('',#3541,#2809,#2810);
#2563=AXIS2_PLACEMENT_3D('',#3545,#2812,#2813);
#2564=AXIS2_PLACEMENT_3D('',#3549,#2815,#2816);
#2565=AXIS2_PLACEMENT_3D('',#3550,#2817,#2818);
#2566=AXIS2_PLACEMENT_3D('',#3556,#2821,#2822);
#2567=AXIS2_PLACEMENT_3D('',#3557,#2823,#2824);
#2568=AXIS2_PLACEMENT_3D('',#3560,#2826,#2827);
#2569=AXIS2_PLACEMENT_3D('',#3566,#2830,#2831);
#2570=AXIS2_PLACEMENT_3D('',#3567,#2832,#2833);
#2571=AXIS2_PLACEMENT_3D('',#3570,#2835,#2836);
#2572=AXIS2_PLACEMENT_3D('',#3576,#2839,#2840);
#2573=AXIS2_PLACEMENT_3D('',#3577,#2841,#2842);
#2574=AXIS2_PLACEMENT_3D('',#3580,#2844,#2845);
#2575=AXIS2_PLACEMENT_3D('',#3596,#2853,#2854);
#2576=AXIS2_PLACEMENT_3D('',#3597,#2855,#2856);
#2577=AXIS2_PLACEMENT_3D('',#3598,#2857,#2858);
#2578=AXIS2_PLACEMENT_3D('',#3614,#2866,#2867);
#2579=AXIS2_PLACEMENT_3D('',#3615,#2868,#2869);
#2580=AXIS2_PLACEMENT_3D('',#3616,#2870,#2871);
#2581=AXIS2_PLACEMENT_3D('',#3622,#2874,#2875);
#2582=AXIS2_PLACEMENT_3D('',#3632,#2881,#2882);
#2583=AXIS2_PLACEMENT_3D('',#3648,#2890,#2891);
#2584=AXIS2_PLACEMENT_3D('',#3649,#2892,#2893);
#2585=AXIS2_PLACEMENT_3D('',#3650,#2894,#2895);
#2586=AXIS2_PLACEMENT_3D('',#3658,#2899,#2900);
#2587=AXIS2_PLACEMENT_3D('',#3659,#2901,#2902);
#2588=AXIS2_PLACEMENT_3D('',#3660,#2903,#2904);
#2589=AXIS2_PLACEMENT_3D('',#3666,#2907,#2908);
#2590=AXIS2_PLACEMENT_3D('',#3670,#2910,#2911);
#2591=AXIS2_PLACEMENT_3D('',#3674,#2913,#2914);
#2592=AXIS2_PLACEMENT_3D('',#3678,#2916,#2917);
#2593=AXIS2_PLACEMENT_3D('',#3684,#2921,#2922);
#2594=AXIS2_PLACEMENT_3D('',#3699,#2930,#2931);
#2595=AXIS2_PLACEMENT_3D('',#3700,#2932,#2933);
#2596=AXIS2_PLACEMENT_3D('',#3706,#2937,#2938);
#2597=AXIS2_PLACEMENT_3D('',#3720,#2946,#2947);
#2598=AXIS2_PLACEMENT_3D('',#3724,#2949,#2950);
#2599=AXIS2_PLACEMENT_3D('',#3729,#2953,#2954);
#2600=AXIS2_PLACEMENT_3D('',#3733,#2956,#2957);
#2601=AXIS2_PLACEMENT_3D('',#3743,#2963,#2964);
#2602=AXIS2_PLACEMENT_3D('',#3744,#2965,#2966);
#2603=AXIS2_PLACEMENT_3D('',#3750,#2970,#2971);
#2604=AXIS2_PLACEMENT_3D('',#3754,#2974,#2975);
#2605=AXIS2_PLACEMENT_3D('',#3758,#2977,#2978);
#2606=AXIS2_PLACEMENT_3D('',#3762,#2980,#2981);
#2607=AXIS2_PLACEMENT_3D('',#3766,#2983,#2984);
#2608=AXIS2_PLACEMENT_3D('',#3770,#2987,#2988);
#2609=AXIS2_PLACEMENT_3D('',#3774,#2990,#2991);
#2610=AXIS2_PLACEMENT_3D('',#3779,#2994,#2995);
#2611=AXIS2_PLACEMENT_3D('',#3783,#2997,#2998);
#2612=AXIS2_PLACEMENT_3D('',#3793,#3004,#3005);
#2613=AXIS2_PLACEMENT_3D('',#3794,#3006,#3007);
#2614=AXIS2_PLACEMENT_3D('',#3801,#3012,#3013);
#2615=AXIS2_PLACEMENT_3D('',#3805,#3015,#3016);
#2616=AXIS2_PLACEMENT_3D('',#3814,#3021,#3022);
#2617=AXIS2_PLACEMENT_3D('',#3818,#3024,#3025);
#2618=AXIS2_PLACEMENT_3D('',#3822,#3027,#3028);
#2619=AXIS2_PLACEMENT_3D('',#3826,#3030,#3031);
#2620=AXIS2_PLACEMENT_3D('',#3830,#3033,#3034);
#2621=AXIS2_PLACEMENT_3D('',#3834,#3036,#3037);
#2622=AXIS2_PLACEMENT_3D('',#3838,#3039,#3040);
#2623=AXIS2_PLACEMENT_3D('',#3842,#3042,#3043);
#2624=AXIS2_PLACEMENT_3D('',#3846,#3045,#3046);
#2625=AXIS2_PLACEMENT_3D('',#3850,#3048,#3049);
#2626=AXIS2_PLACEMENT_3D('',#3854,#3051,#3052);
#2627=AXIS2_PLACEMENT_3D('',#3858,#3054,#3055);
#2628=AXIS2_PLACEMENT_3D('',#3862,#3057,#3058);
#2629=AXIS2_PLACEMENT_3D('',#3866,#3060,#3061);
#2630=AXIS2_PLACEMENT_3D('',#3870,#3063,#3064);
#2631=AXIS2_PLACEMENT_3D('',#3871,#3065,#3066);
#2632=AXIS2_PLACEMENT_3D('',#3874,#3069,#3070);
#2633=AXIS2_PLACEMENT_3D('',#3879,#3074,#3075);
#2634=AXIS2_PLACEMENT_3D('',#3886,#3080,#3081);
#2635=AXIS2_PLACEMENT_3D('',#3892,#3085,#3086);
#2636=AXIS2_PLACEMENT_3D('',#3895,#3088,#3089);
#2637=AXIS2_PLACEMENT_3D('',#3899,#3091,#3092);
#2638=AXIS2_PLACEMENT_3D('',#3907,#3097,#3098);
#2639=AXIS2_PLACEMENT_3D('',#3911,#3100,#3101);
#2640=AXIS2_PLACEMENT_3D('',#3914,#3103,#3104);
#2641=AXIS2_PLACEMENT_3D('',#3916,#3106,#3107);
#2642=AXIS2_PLACEMENT_3D('',#3920,#3109,#3110);
#2643=AXIS2_PLACEMENT_3D('',#3924,#3112,#3113);
#2644=AXIS2_PLACEMENT_3D('',#3928,#3115,#3116);
#2645=AXIS2_PLACEMENT_3D('',#3930,#3118,#3119);
#2646=AXIS2_PLACEMENT_3D('',#3937,#3124,#3125);
#2647=AXIS2_PLACEMENT_3D('',#3939,#3127,#3128);
#2648=AXIS2_PLACEMENT_3D('',#3941,#3130,#3131);
#2649=AXIS2_PLACEMENT_3D('',#3942,#3132,#3133);
#2650=AXIS2_PLACEMENT_3D('',#3946,#3135,#3136);
#2651=AXIS2_PLACEMENT_3D('',#3951,#3139,#3140);
#2652=AXIS2_PLACEMENT_3D('',#3955,#3142,#3143);
#2653=AXIS2_PLACEMENT_3D('',#3962,#3148,#3149);
#2654=AXIS2_PLACEMENT_3D('',#3963,#3150,#3151);
#2655=AXIS2_PLACEMENT_3D('',#3965,#3153,#3154);
#2656=AXIS2_PLACEMENT_3D('',#3971,#3158,#3159);
#2657=AXIS2_PLACEMENT_3D('',#3975,#3161,#3162);
#2658=AXIS2_PLACEMENT_3D('',#3979,#3164,#3165);
#2659=AXIS2_PLACEMENT_3D('',#3983,#3167,#3168);
#2660=AXIS2_PLACEMENT_3D('',#3984,#3169,#3170);
#2661=AXIS2_PLACEMENT_3D('',#3993,#3176,#3177);
#2662=AXIS2_PLACEMENT_3D('',#3994,#3178,#3179);
#2663=AXIS2_PLACEMENT_3D('',#3995,#3180,#3181);
#2664=AXIS2_PLACEMENT_3D('',#3998,#3184,#3185);
#2665=AXIS2_PLACEMENT_3D('',#4001,#3188,#3189);
#2666=AXIS2_PLACEMENT_3D('',#4004,#3192,#3193);
#2667=AXIS2_PLACEMENT_3D('',#4005,#3194,#3195);
#2668=AXIS2_PLACEMENT_3D('',#4006,#3196,#3197);
#2669=AXIS2_PLACEMENT_3D('',#4007,#3198,#3199);
#2670=AXIS2_PLACEMENT_3D('',#4008,#3200,#3201);
#2671=AXIS2_PLACEMENT_3D('',#4011,#3204,#3205);
#2672=AXIS2_PLACEMENT_3D('',#4014,#3208,#3209);
#2673=AXIS2_PLACEMENT_3D('',#4017,#3212,#3213);
#2674=AXIS2_PLACEMENT_3D('',#4018,#3214,#3215);
#2675=AXIS2_PLACEMENT_3D('',#4019,#3216,#3217);
#2676=AXIS2_PLACEMENT_3D('',#4020,#3218,#3219);
#2677=AXIS2_PLACEMENT_3D('',#4021,#3220,#3221);
#2678=AXIS2_PLACEMENT_3D('',#4024,#3224,#3225);
#2679=AXIS2_PLACEMENT_3D('',#4027,#3228,#3229);
#2680=AXIS2_PLACEMENT_3D('',#4030,#3232,#3233);
#2681=AXIS2_PLACEMENT_3D('',#4031,#3234,#3235);
#2682=AXIS2_PLACEMENT_3D('',#4032,#3236,#3237);
#2683=AXIS2_PLACEMENT_3D('',#4033,#3238,#3239);
#2684=AXIS2_PLACEMENT_3D('',#4034,#3240,#3241);
#2685=AXIS2_PLACEMENT_3D('',#4037,#3244,#3245);
#2686=AXIS2_PLACEMENT_3D('',#4040,#3248,#3249);
#2687=AXIS2_PLACEMENT_3D('',#4043,#3252,#3253);
#2688=AXIS2_PLACEMENT_3D('',#4044,#3254,#3255);
#2689=AXIS2_PLACEMENT_3D('',#4045,#3256,#3257);
#2690=AXIS2_PLACEMENT_3D('',#4046,#3258,#3259);
#2691=AXIS2_PLACEMENT_3D('',#4047,#3260,#3261);
#2692=AXIS2_PLACEMENT_3D('',#4048,#3262,#3263);
#2693=AXIS2_PLACEMENT_3D('',#4049,#3264,#3265);
#2694=AXIS2_PLACEMENT_3D('',#4050,#3266,#3267);
#2695=AXIS2_PLACEMENT_3D('',#4051,#3268,#3269);
#2696=AXIS2_PLACEMENT_3D('',#4057,#3273,#3274);
#2697=AXIS2_PLACEMENT_3D('',#4063,#3278,#3279);
#2698=AXIS2_PLACEMENT_3D('',#4067,#3282,#3283);
#2699=AXIS2_PLACEMENT_3D('',#4071,#3286,#3287);
#2700=AXIS2_PLACEMENT_3D('',#4080,#3292,#3293);
#2701=AXIS2_PLACEMENT_3D('',#4086,#3297,#3298);
#2702=AXIS2_PLACEMENT_3D('',#4090,#3301,#3302);
#2703=AXIS2_PLACEMENT_3D('',#4096,#3306,#3307);
#2704=AXIS2_PLACEMENT_3D('',#4100,#3310,#3311);
#2705=AXIS2_PLACEMENT_3D('',#4109,#3316,#3317);
#2706=AXIS2_PLACEMENT_3D('',#4112,#3320,#3321);
#2707=AXIS2_PLACEMENT_3D('',#4114,#3323,#3324);
#2708=AXIS2_PLACEMENT_3D('',#4116,#3326,#3327);
#2709=AXIS2_PLACEMENT_3D('',#4118,#3329,#3330);
#2710=AXIS2_PLACEMENT_3D('',#4120,#3332,#3333);
#2711=AXIS2_PLACEMENT_3D('',#4122,#3335,#3336);
#2712=AXIS2_PLACEMENT_3D('',#4124,#3338,#3339);
#2713=AXIS2_PLACEMENT_3D('',#4125,#3340,#3341);
#2714=AXIS2_PLACEMENT_3D('',#4127,#3343,#3344);
#2715=AXIS2_PLACEMENT_3D('',#4130,#3347,#3348);
#2716=AXIS2_PLACEMENT_3D('',#4132,#3350,#3351);
#2717=AXIS2_PLACEMENT_3D('',#4134,#3353,#3354);
#2718=AXIS2_PLACEMENT_3D('',#4136,#3356,#3357);
#2719=AXIS2_PLACEMENT_3D('',#4138,#3359,#3360);
#2720=AXIS2_PLACEMENT_3D('',#4140,#3362,#3363);
#2721=AXIS2_PLACEMENT_3D('',#4141,#3364,#3365);
#2722=AXIS2_PLACEMENT_3D('',#4143,#3367,#3368);
#2723=AXIS2_PLACEMENT_3D('',#4146,#3371,#3372);
#2724=AXIS2_PLACEMENT_3D('',#4148,#3374,#3375);
#2725=AXIS2_PLACEMENT_3D('',#4149,#3376,#3377);
#2726=AXIS2_PLACEMENT_3D('',#4150,#3378,#3379);
#2727=AXIS2_PLACEMENT_3D('',#4152,#3381,#3382);
#2728=AXIS2_PLACEMENT_3D('',#4155,#3385,#3386);
#2729=AXIS2_PLACEMENT_3D('',#4157,#3388,#3389);
#2730=AXIS2_PLACEMENT_3D('',#4158,#3390,#3391);
#2731=AXIS2_PLACEMENT_3D('',#4159,#3392,#3393);
#2732=AXIS2_PLACEMENT_3D('',#4161,#3395,#3396);
#2733=AXIS2_PLACEMENT_3D('',#4164,#3399,#3400);
#2734=AXIS2_PLACEMENT_3D('',#4166,#3402,#3403);
#2735=AXIS2_PLACEMENT_3D('',#4167,#3404,#3405);
#2736=AXIS2_PLACEMENT_3D('',#4168,#3406,#3407);
#2737=AXIS2_PLACEMENT_3D('',#4170,#3409,#3410);
#2738=AXIS2_PLACEMENT_3D('',#4173,#3413,#3414);
#2739=AXIS2_PLACEMENT_3D('',#4175,#3416,#3417);
#2740=AXIS2_PLACEMENT_3D('',#4176,#3418,#3419);
#2741=AXIS2_PLACEMENT_3D('',#4177,#3420,#3421);
#2742=AXIS2_PLACEMENT_3D('',#4179,#3423,#3424);
#2743=AXIS2_PLACEMENT_3D('',#4182,#3427,#3428);
#2744=AXIS2_PLACEMENT_3D('',#4184,#3430,#3431);
#2745=AXIS2_PLACEMENT_3D('',#4185,#3432,#3433);
#2746=AXIS2_PLACEMENT_3D('',#4186,#3434,#3435);
#2747=AXIS2_PLACEMENT_3D('',#4188,#3437,#3438);
#2748=AXIS2_PLACEMENT_3D('',#4191,#3441,#3442);
#2749=AXIS2_PLACEMENT_3D('',#4193,#3444,#3445);
#2750=AXIS2_PLACEMENT_3D('',#4194,#3446,#3447);
#2751=AXIS2_PLACEMENT_3D('',#4195,#3448,#3449);
#2752=AXIS2_PLACEMENT_3D('',#4197,#3451,#3452);
#2753=AXIS2_PLACEMENT_3D('',#4200,#3455,#3456);
#2754=AXIS2_PLACEMENT_3D('',#4202,#3458,#3459);
#2755=AXIS2_PLACEMENT_3D('',#4203,#3460,#3461);
#2756=AXIS2_PLACEMENT_3D('',#4204,#3462,#3463);
#2757=AXIS2_PLACEMENT_3D('',#4206,#3465,#3466);
#2758=AXIS2_PLACEMENT_3D('',#4209,#3469,#3470);
#2759=AXIS2_PLACEMENT_3D('',#4211,#3472,#3473);
#2760=AXIS2_PLACEMENT_3D('',#4212,#3474,#3475);
#2761=DIRECTION('',(0.,0.,1.));
#2762=DIRECTION('',(1.,0.,0.));
#2763=DIRECTION('',(0.,-1.,0.));
#2764=DIRECTION('',(0.,0.,-1.));
#2765=DIRECTION('',(1.,0.,0.));
#2766=DIRECTION('',(0.,-1.,0.));
#2767=DIRECTION('',(0.,0.,-1.));
#2768=DIRECTION('',(-1.,0.,2.3521674250533E-16));
#2769=DIRECTION('',(0.,-1.,0.));
#2770=DIRECTION('',(0.,0.,-1.));
#2771=DIRECTION('',(-1.,0.,0.));
#2772=DIRECTION('',(0.,-1.,0.));
#2773=DIRECTION('',(0.,0.,-1.));
#2774=DIRECTION('',(-1.,0.,2.3521674250533E-16));
#2775=DIRECTION('',(0.,-1.,0.));
#2776=DIRECTION('',(0.,0.,-1.));
#2777=DIRECTION('',(1.,0.,0.));
#2778=DIRECTION('',(0.,-1.,0.));
#2779=DIRECTION('',(0.,0.,-1.));
#2780=DIRECTION('',(-1.,0.,2.3521674250533E-16));
#2781=DIRECTION('',(0.,-1.,0.));
#2782=DIRECTION('',(0.,0.,-1.));
#2783=DIRECTION('',(-1.,0.,0.));
#2784=DIRECTION('',(0.,-1.,0.));
#2785=DIRECTION('',(0.,0.,-1.));
#2786=DIRECTION('',(-1.,0.,2.3521674250533E-16));
#2787=DIRECTION('',(0.,-1.,0.));
#2788=DIRECTION('',(0.,0.,-1.));
#2789=DIRECTION('',(1.,0.,0.));
#2790=DIRECTION('',(0.,-1.,0.));
#2791=DIRECTION('',(0.,0.,-1.));
#2792=DIRECTION('',(-1.,0.,2.3521674250533E-16));
#2793=DIRECTION('',(0.,-1.,0.));
#2794=DIRECTION('',(0.,0.,-1.));
#2795=DIRECTION('',(-1.,0.,0.));
#2796=DIRECTION('',(0.,-1.,0.));
#2797=DIRECTION('',(0.,0.,-1.));
#2798=DIRECTION('',(-1.,0.,2.3521674250533E-16));
#2799=DIRECTION('',(0.,-1.,0.));
#2800=DIRECTION('',(0.,0.,-1.));
#2801=DIRECTION('',(1.,0.,0.));
#2802=DIRECTION('',(0.,-1.,0.));
#2803=DIRECTION('',(0.,0.,-1.));
#2804=DIRECTION('',(-1.,0.,2.3521674250533E-16));
#2805=DIRECTION('',(-2.3521674250533E-16,0.,-1.));
#2806=DIRECTION('',(-1.,0.,2.3521674250533E-16));
#2807=DIRECTION('',(-2.3521674250533E-16,0.,-1.));
#2808=DIRECTION('',(-1.,0.,2.3521674250533E-16));
#2809=DIRECTION('',(0.,-1.,0.));
#2810=DIRECTION('',(0.,0.,-1.));
#2811=DIRECTION('',(-1.,0.,0.));
#2812=DIRECTION('',(0.,-1.,0.));
#2813=DIRECTION('',(0.,0.,-1.));
#2814=DIRECTION('',(-1.,0.,2.3521674250533E-16));
#2815=DIRECTION('',(0.,-1.,0.));
#2816=DIRECTION('',(0.,0.,-1.));
#2817=DIRECTION('',(-1.30612372544018E-16,0.831660004167414,-0.555285185709341));
#2818=DIRECTION('',(0.,0.555285185709341,0.831660004167414));
#2819=DIRECTION('',(1.,-2.34568183996042E-16,-5.86533474700314E-16));
#2820=DIRECTION('',(1.44270013326018E-16,0.555285185709341,0.831660004167414));
#2821=DIRECTION('',(-1.30612372544018E-16,0.831660004167414,-0.555285185709341));
#2822=DIRECTION('',(1.95620357052228E-16,0.555285185709341,0.831660004167414));
#2823=DIRECTION('',(-1.30612372544018E-16,0.831660004167414,-0.555285185709341));
#2824=DIRECTION('',(1.95620357052228E-16,0.555285185709341,0.831660004167414));
#2825=DIRECTION('',(-1.44270013326018E-16,0.555285185709341,0.831660004167414));
#2826=DIRECTION('',(-1.30612372544018E-16,0.831660004167414,-0.555285185709341));
#2827=DIRECTION('',(0.,0.555285185709341,0.831660004167414));
#2828=DIRECTION('',(1.,-2.34568183996042E-16,-5.86533474700314E-16));
#2829=DIRECTION('',(1.44270013326018E-16,0.555285185709341,0.831660004167414));
#2830=DIRECTION('',(-1.30612372544018E-16,0.831660004167414,-0.555285185709341));
#2831=DIRECTION('',(1.95620357052228E-16,0.555285185709341,0.831660004167414));
#2832=DIRECTION('',(-1.30612372544018E-16,0.831660004167414,-0.555285185709341));
#2833=DIRECTION('',(1.95620357052228E-16,0.555285185709341,0.831660004167414));
#2834=DIRECTION('',(-1.44270013326018E-16,0.555285185709341,0.831660004167414));
#2835=DIRECTION('',(-1.30612372544018E-16,0.831660004167414,-0.555285185709341));
#2836=DIRECTION('',(0.,0.555285185709341,0.831660004167414));
#2837=DIRECTION('',(1.,-2.34568183996042E-16,-5.86533474700314E-16));
#2838=DIRECTION('',(1.44270013326018E-16,0.555285185709341,0.831660004167414));
#2839=DIRECTION('',(-1.30612372544018E-16,0.831660004167414,-0.555285185709341));
#2840=DIRECTION('',(1.95620357052228E-16,0.555285185709341,0.831660004167414));
#2841=DIRECTION('',(-1.30612372544018E-16,0.831660004167414,-0.555285185709341));
#2842=DIRECTION('',(1.95620357052228E-16,0.555285185709341,0.831660004167414));
#2843=DIRECTION('',(-1.44270013326018E-16,0.555285185709341,0.831660004167414));
#2844=DIRECTION('',(-1.30612372544018E-16,0.831660004167414,-0.555285185709341));
#2845=DIRECTION('',(0.,0.555285185709341,0.831660004167414));
#2846=DIRECTION('',(2.88540026652036E-16,0.555285185709341,0.831660004167414));
#2847=DIRECTION('',(1.,-2.34568183996042E-16,-5.86533474700314E-16));
#2848=DIRECTION('',(7.25044316496438E-33,-0.555285185709341,-0.831660004167414));
#2849=DIRECTION('',(-1.,-3.52288089231727E-16,2.3521674250533E-16));
#2850=DIRECTION('',(7.25044316496438E-33,-0.555285185709341,-0.831660004167414));
#2851=DIRECTION('',(1.,-2.34568183996042E-16,-5.86533474700314E-16));
#2852=DIRECTION('',(-2.88540026652036E-16,0.555285185709341,0.831660004167414));
#2853=DIRECTION('',(-1.30612372544018E-16,0.831660004167414,-0.555285185709341));
#2854=DIRECTION('',(-1.95620357052228E-16,-0.555285185709341,-0.831660004167414));
#2855=DIRECTION('',(-1.30612372544018E-16,0.831660004167414,-0.555285185709341));
#2856=DIRECTION('',(-1.95620357052228E-16,-0.555285185709341,-0.831660004167414));
#2857=DIRECTION('',(-1.30612372544018E-16,0.831660004167414,-0.555285185709341));
#2858=DIRECTION('',(0.,0.555285185709341,0.831660004167414));
#2859=DIRECTION('',(2.88540026652036E-16,0.555285185709341,0.831660004167414));
#2860=DIRECTION('',(1.,-2.34568183996042E-16,-5.86533474700314E-16));
#2861=DIRECTION('',(7.25044316496438E-33,-0.555285185709341,-0.831660004167414));
#2862=DIRECTION('',(-1.,-3.52288089231727E-16,2.3521674250533E-16));
#2863=DIRECTION('',(7.25044316496438E-33,-0.555285185709341,-0.831660004167414));
#2864=DIRECTION('',(1.,-2.34568183996042E-16,-5.86533474700314E-16));
#2865=DIRECTION('',(-2.88540026652036E-16,0.555285185709341,0.831660004167414));
#2866=DIRECTION('',(-1.30612372544018E-16,0.831660004167414,-0.555285185709341));
#2867=DIRECTION('',(-1.95620357052228E-16,-0.555285185709341,-0.831660004167414));
#2868=DIRECTION('',(-1.30612372544018E-16,0.831660004167414,-0.555285185709341));
#2869=DIRECTION('',(-1.95620357052228E-16,-0.555285185709341,-0.831660004167414));
#2870=DIRECTION('',(-1.30612372544018E-16,0.831660004167414,-0.555285185709341));
#2871=DIRECTION('',(0.,0.555285185709341,0.831660004167414));
#2872=DIRECTION('',(1.,-2.34568183996042E-16,-5.86533474700314E-16));
#2873=DIRECTION('',(-2.88540026652036E-16,0.555285185709341,0.831660004167414));
#2874=DIRECTION('',(-1.30612372544018E-16,0.831660004167414,-0.555285185709341));
#2875=DIRECTION('',(-1.95620357052228E-16,-0.555285185709341,-0.831660004167414));
#2876=DIRECTION('',(-1.95620357052228E-16,-0.555285185709341,-0.831660004167414));
#2877=DIRECTION('',(-1.,0.,2.3521674250533E-16));
#2878=DIRECTION('',(1.95620357052228E-16,0.555285185709341,0.831660004167414));
#2879=DIRECTION('',(-0.485462296241432,0.485462296241437,0.727085082955212));
#2880=DIRECTION('',(-1.46702785651039E-15,-0.555285185709341,-0.831660004167414));
#2881=DIRECTION('',(-1.30612372544018E-16,0.831660004167414,-0.555285185709341));
#2882=DIRECTION('',(0.,0.555285185709341,0.831660004167414));
#2883=DIRECTION('',(2.88540026652036E-16,0.555285185709341,0.831660004167414));
#2884=DIRECTION('',(1.,-2.34568183996042E-16,-5.86533474700314E-16));
#2885=DIRECTION('',(7.25044316496438E-33,-0.555285185709341,-0.831660004167414));
#2886=DIRECTION('',(-1.,-3.52288089231727E-16,2.3521674250533E-16));
#2887=DIRECTION('',(7.25044316496438E-33,-0.555285185709341,-0.831660004167414));
#2888=DIRECTION('',(1.,-2.34568183996042E-16,-5.86533474700314E-16));
#2889=DIRECTION('',(-2.88540026652036E-16,0.555285185709341,0.831660004167414));
#2890=DIRECTION('',(-1.30612372544018E-16,0.831660004167414,-0.555285185709341));
#2891=DIRECTION('',(-1.95620357052228E-16,-0.555285185709341,-0.831660004167414));
#2892=DIRECTION('',(-1.30612372544018E-16,0.831660004167414,-0.555285185709341));
#2893=DIRECTION('',(-1.95620357052228E-16,-0.555285185709341,-0.831660004167414));
#2894=DIRECTION('',(-1.30612372544018E-16,0.831660004167414,-0.555285185709341));
#2895=DIRECTION('',(0.,0.555285185709341,0.831660004167414));
#2896=DIRECTION('',(-1.44270013326018E-16,0.555285185709341,0.831660004167414));
#2897=DIRECTION('',(1.,-2.34568183996042E-16,-5.86533474700314E-16));
#2898=DIRECTION('',(1.44270013326018E-16,0.555285185709341,0.831660004167414));
#2899=DIRECTION('',(-1.30612372544018E-16,0.831660004167414,-0.555285185709341));
#2900=DIRECTION('',(1.95620357052228E-16,0.555285185709341,0.831660004167414));
#2901=DIRECTION('',(-1.30612372544018E-16,0.831660004167414,-0.555285185709341));
#2902=DIRECTION('',(1.95620357052228E-16,0.555285185709341,0.831660004167414));
#2903=DIRECTION('',(0.,-1.,0.));
#2904=DIRECTION('',(0.,0.,-1.));
#2905=DIRECTION('',(2.3521674250533E-16,0.,1.));
#2906=DIRECTION('',(-1.,0.,2.3521674250533E-16));
#2907=DIRECTION('',(0.,-1.,0.));
#2908=DIRECTION('',(0.,0.,-1.));
#2909=DIRECTION('',(-1.92747052886311E-16,0.,-1.));
#2910=DIRECTION('',(0.,-1.,0.));
#2911=DIRECTION('',(0.,0.,-1.));
#2912=DIRECTION('',(1.,0.,-1.28023872765816E-16));
#2913=DIRECTION('',(0.,-1.,0.));
#2914=DIRECTION('',(0.,0.,-1.));
#2915=DIRECTION('',(-1.92747052886312E-16,0.,-1.));
#2916=DIRECTION('',(0.,-1.,0.));
#2917=DIRECTION('',(0.,0.,-1.));
#2918=DIRECTION('',(-1.,0.,2.3521674250533E-16));
#2919=DIRECTION('',(-2.3521674250533E-16,0.,-1.));
#2920=DIRECTION('',(-1.,0.,2.3521674250533E-16));
#2921=DIRECTION('',(-1.30612372544018E-16,0.831660004167414,-0.555285185709341));
#2922=DIRECTION('',(0.,0.555285185709341,0.831660004167414));
#2923=DIRECTION('',(2.88540026652036E-16,0.555285185709341,0.831660004167414));
#2924=DIRECTION('',(1.,-2.34568183996042E-16,-5.86533474700314E-16));
#2925=DIRECTION('',(7.25044316496438E-33,-0.555285185709341,-0.831660004167414));
#2926=DIRECTION('',(0.485462296241434,0.485462296241436,0.727085082955211));
#2927=DIRECTION('',(-1.95620357052228E-16,-0.555285185709341,-0.831660004167414));
#2928=DIRECTION('',(-1.,0.,2.3521674250533E-16));
#2929=DIRECTION('',(-1.95620357052228E-16,-0.555285185709341,-0.831660004167414));
#2930=DIRECTION('',(-1.30612372544018E-16,0.831660004167414,-0.555285185709341));
#2931=DIRECTION('',(-1.95620357052228E-16,-0.555285185709341,-0.831660004167414));
#2932=DIRECTION('',(1.,3.52288089231727E-16,-2.3521674250533E-16));
#2933=DIRECTION('',(-3.52288089231727E-16,1.,0.));
#2934=DIRECTION('',(3.52288089231727E-16,-1.,-8.28640567725137E-32));
#2935=DIRECTION('',(2.3521674250533E-16,0.,1.));
#2936=DIRECTION('',(-2.3521674250533E-16,0.,-1.));
#2937=DIRECTION('',(2.3521674250533E-16,0.,1.));
#2938=DIRECTION('',(1.,0.,-2.3521674250533E-16));
#2939=DIRECTION('',(-2.28964779212329E-15,-1.,5.38563495147759E-31));
#2940=DIRECTION('',(-0.707106781186544,0.707106781186551,1.66323353674128E-16));
#2941=DIRECTION('',(-1.,1.35525271560689E-16,2.3521674250533E-16));
#2942=DIRECTION('',(0.707106781186461,0.707106781186634,-1.66323353674108E-16));
#2943=DIRECTION('',(0.,-1.,0.));
#2944=DIRECTION('',(3.52288089231727E-16,-1.,-8.28640567725137E-32));
#2945=DIRECTION('',(1.,-2.34568183996042E-16,-2.3521674250533E-16));
#2946=DIRECTION('',(2.34568183996042E-16,1.,-5.51743641349397E-32));
#2947=DIRECTION('',(-1.,2.34568183996042E-16,0.));
#2948=DIRECTION('',(-1.,2.34568183996042E-16,0.));
#2949=DIRECTION('',(2.34568183996042E-16,1.,-5.51743641349397E-32));
#2950=DIRECTION('',(-1.,2.34568183996042E-16,0.));
#2951=DIRECTION('',(-1.7347234759768E-16,-1.44832705854217E-32,-1.));
#2952=DIRECTION('',(1.7347234759768E-16,-9.58654576844578E-32,-1.));
#2953=DIRECTION('',(2.34568183996042E-16,1.,-5.51743641349397E-32));
#2954=DIRECTION('',(-1.,2.34568183996042E-16,0.));
#2955=DIRECTION('',(1.,-2.34568183996042E-16,0.));
#2956=DIRECTION('',(2.34568183996042E-16,1.,-5.51743641349397E-32));
#2957=DIRECTION('',(-1.,2.34568183996042E-16,0.));
#2958=DIRECTION('',(3.46944695195362E-16,-1.36556551233976E-31,-1.));
#2959=DIRECTION('',(-2.3521674250533E-16,0.,-1.));
#2960=DIRECTION('',(1.,-2.34568183996042E-16,-2.3521674250533E-16));
#2961=DIRECTION('',(-2.3521674250533E-16,0.,-1.));
#2962=DIRECTION('',(-3.46944695195362E-16,2.62078229640963E-32,-1.));
#2963=DIRECTION('',(2.34568183996042E-16,1.,-5.51743641349397E-32));
#2964=DIRECTION('',(-1.,2.34568183996042E-16,0.));
#2965=DIRECTION('',(2.3521674250533E-16,0.,1.));
#2966=DIRECTION('',(1.,0.,-2.3521674250533E-16));
#2967=DIRECTION('',(3.52288089231727E-16,-1.,-8.28640567725137E-32));
#2968=DIRECTION('',(-1.,0.,2.3521674250533E-16));
#2969=DIRECTION('',(3.52288089231727E-16,-1.,-8.28640567725137E-32));
#2970=DIRECTION('',(0.,-1.,0.));
#2971=DIRECTION('',(0.,0.,-1.));
#2972=DIRECTION('',(-2.3521674250533E-16,0.,-1.));
#2973=DIRECTION('',(-1.,0.,2.3521674250533E-16));
#2974=DIRECTION('',(0.,-1.,0.));
#2975=DIRECTION('',(0.,0.,-1.));
#2976=DIRECTION('',(-1.92747052886311E-16,0.,-1.));
#2977=DIRECTION('',(0.,-1.,0.));
#2978=DIRECTION('',(0.,0.,-1.));
#2979=DIRECTION('',(1.,0.,-1.28023872765816E-16));
#2980=DIRECTION('',(0.,-1.,0.));
#2981=DIRECTION('',(0.,0.,-1.));
#2982=DIRECTION('',(-1.92747052886312E-16,0.,-1.));
#2983=DIRECTION('',(0.,-1.,0.));
#2984=DIRECTION('',(0.,0.,-1.));
#2985=DIRECTION('',(-1.,0.,2.3521674250533E-16));
#2986=DIRECTION('',(-2.3521674250533E-16,0.,-1.));
#2987=DIRECTION('',(2.34568183996042E-16,1.,-5.51743641349397E-32));
#2988=DIRECTION('',(-1.,2.34568183996042E-16,0.));
#2989=DIRECTION('',(-1.,2.34568183996042E-16,0.));
#2990=DIRECTION('',(2.34568183996042E-16,1.,-5.51743641349397E-32));
#2991=DIRECTION('',(-1.,2.34568183996042E-16,0.));
#2992=DIRECTION('',(-1.7347234759768E-16,-1.44832705854217E-32,-1.));
#2993=DIRECTION('',(1.7347234759768E-16,-9.58654576844578E-32,-1.));
#2994=DIRECTION('',(2.34568183996042E-16,1.,-5.51743641349397E-32));
#2995=DIRECTION('',(-1.,2.34568183996042E-16,0.));
#2996=DIRECTION('',(1.,-2.34568183996042E-16,0.));
#2997=DIRECTION('',(2.34568183996042E-16,1.,-5.51743641349397E-32));
#2998=DIRECTION('',(-1.,2.34568183996042E-16,0.));
#2999=DIRECTION('',(3.46944695195362E-16,-1.36556551233976E-31,-1.));
#3000=DIRECTION('',(-2.3521674250533E-16,0.,-1.));
#3001=DIRECTION('',(1.,-2.34568183996042E-16,-2.3521674250533E-16));
#3002=DIRECTION('',(-2.3521674250533E-16,0.,-1.));
#3003=DIRECTION('',(-3.46944695195362E-16,2.62078229640963E-32,-1.));
#3004=DIRECTION('',(2.34568183996042E-16,1.,-5.51743641349397E-32));
#3005=DIRECTION('',(-1.,2.34568183996042E-16,0.));
#3006=DIRECTION('',(-2.3521674250533E-16,0.,-1.));
#3007=DIRECTION('',(-1.,0.,2.3521674250533E-16));
#3008=DIRECTION('',(-1.,0.,2.3521674250533E-16));
#3009=DIRECTION('',(0.,1.,0.));
#3010=DIRECTION('',(-1.,0.,2.3521674250533E-16));
#3011=DIRECTION('',(0.,-1.,0.));
#3012=DIRECTION('',(0.,1.,0.));
#3013=DIRECTION('',(0.,0.,1.));
#3014=DIRECTION('',(-1.92747052886311E-16,0.,-1.));
#3015=DIRECTION('',(0.,1.,0.));
#3016=DIRECTION('',(0.,0.,1.));
#3017=DIRECTION('',(-2.3521674250533E-16,0.,-1.));
#3018=DIRECTION('',(-1.,0.,2.3521674250533E-16));
#3019=DIRECTION('',(-2.3521674250533E-16,0.,-1.));
#3020=DIRECTION('',(-1.,0.,2.3521674250533E-16));
#3021=DIRECTION('',(0.,1.,0.));
#3022=DIRECTION('',(0.,0.,1.));
#3023=DIRECTION('',(-1.92747052886312E-16,0.,-1.));
#3024=DIRECTION('',(0.,1.,0.));
#3025=DIRECTION('',(0.,0.,1.));
#3026=DIRECTION('',(1.,0.,-1.28023872765816E-16));
#3027=DIRECTION('',(0.,1.,0.));
#3028=DIRECTION('',(0.,0.,1.));
#3029=DIRECTION('',(-1.92747052886311E-16,0.,-1.));
#3030=DIRECTION('',(0.,1.,0.));
#3031=DIRECTION('',(0.,0.,1.));
#3032=DIRECTION('',(-1.,0.,2.3521674250533E-16));
#3033=DIRECTION('',(0.,1.,0.));
#3034=DIRECTION('',(0.,0.,1.));
#3035=DIRECTION('',(-1.92747052886312E-16,0.,-1.));
#3036=DIRECTION('',(0.,1.,0.));
#3037=DIRECTION('',(0.,0.,1.));
#3038=DIRECTION('',(1.,0.,-1.28023872765816E-16));
#3039=DIRECTION('',(0.,1.,0.));
#3040=DIRECTION('',(0.,0.,1.));
#3041=DIRECTION('',(-1.92747052886311E-16,0.,-1.));
#3042=DIRECTION('',(0.,1.,0.));
#3043=DIRECTION('',(0.,0.,1.));
#3044=DIRECTION('',(-1.,0.,2.3521674250533E-16));
#3045=DIRECTION('',(0.,1.,0.));
#3046=DIRECTION('',(0.,0.,1.));
#3047=DIRECTION('',(-1.92747052886312E-16,0.,-1.));
#3048=DIRECTION('',(0.,1.,0.));
#3049=DIRECTION('',(0.,0.,1.));
#3050=DIRECTION('',(1.,0.,-1.28023872765816E-16));
#3051=DIRECTION('',(0.,1.,0.));
#3052=DIRECTION('',(0.,0.,1.));
#3053=DIRECTION('',(-1.92747052886311E-16,0.,-1.));
#3054=DIRECTION('',(0.,1.,0.));
#3055=DIRECTION('',(0.,0.,1.));
#3056=DIRECTION('',(-1.,0.,2.3521674250533E-16));
#3057=DIRECTION('',(0.,1.,0.));
#3058=DIRECTION('',(0.,0.,1.));
#3059=DIRECTION('',(-1.92747052886312E-16,0.,-1.));
#3060=DIRECTION('',(0.,1.,0.));
#3061=DIRECTION('',(0.,0.,1.));
#3062=DIRECTION('',(1.,0.,-1.28023872765816E-16));
#3063=DIRECTION('',(0.,1.,0.));
#3064=DIRECTION('',(0.,0.,1.));
#3065=DIRECTION('',(-2.3521674250533E-16,0.,-1.));
#3066=DIRECTION('',(-1.,0.,2.3521674250533E-16));
#3067=DIRECTION('',(0.,1.,0.));
#3068=DIRECTION('',(0.,1.,0.));
#3069=DIRECTION('',(-2.3521674250533E-16,0.,-1.));
#3070=DIRECTION('',(-1.,0.,2.3521674250533E-16));
#3071=DIRECTION('',(0.,1.,0.));
#3072=DIRECTION('',(0.,1.,0.));
#3073=DIRECTION('',(-1.,0.,2.3521674250533E-16));
#3074=DIRECTION('',(-2.3521674250533E-16,0.,-1.));
#3075=DIRECTION('',(-1.,0.,2.3521674250533E-16));
#3076=DIRECTION('',(-1.,0.,2.3521674250533E-16));
#3077=DIRECTION('',(0.,1.,0.));
#3078=DIRECTION('',(0.,1.,0.));
#3079=DIRECTION('',(-1.,0.,2.3521674250533E-16));
#3080=DIRECTION('',(2.3521674250533E-16,0.,1.));
#3081=DIRECTION('',(1.,0.,-2.3521674250533E-16));
#3082=DIRECTION('',(3.52288089231727E-16,-1.,-8.28640567725137E-32));
#3083=DIRECTION('',(-1.,0.,2.3521674250533E-16));
#3084=DIRECTION('',(3.52288089231727E-16,-1.,-8.28640567725137E-32));
#3085=DIRECTION('',(2.34568183996042E-16,1.,-5.51743641349397E-32));
#3086=DIRECTION('',(-1.,2.34568183996042E-16,0.));
#3087=DIRECTION('',(1.7347234759768E-16,-9.58654576844578E-32,-1.));
#3088=DIRECTION('',(2.34568183996042E-16,1.,-5.51743641349397E-32));
#3089=DIRECTION('',(-1.,2.34568183996042E-16,0.));
#3090=DIRECTION('',(1.,-2.34568183996042E-16,0.));
#3091=DIRECTION('',(2.34568183996042E-16,1.,-5.51743641349397E-32));
#3092=DIRECTION('',(-1.,2.34568183996042E-16,0.));
#3093=DIRECTION('',(3.46944695195362E-16,-1.36556551233976E-31,-1.));
#3094=DIRECTION('',(-2.3521674250533E-16,0.,-1.));
#3095=DIRECTION('',(1.,-2.34568183996042E-16,-2.3521674250533E-16));
#3096=DIRECTION('',(-3.46944695195362E-16,2.62078229640963E-32,-1.));
#3097=DIRECTION('',(2.34568183996042E-16,1.,-5.51743641349397E-32));
#3098=DIRECTION('',(-1.,2.34568183996042E-16,0.));
#3099=DIRECTION('',(-1.,2.34568183996042E-16,0.));
#3100=DIRECTION('',(2.34568183996042E-16,1.,-5.51743641349397E-32));
#3101=DIRECTION('',(-1.,2.34568183996042E-16,0.));
#3102=DIRECTION('',(-1.7347234759768E-16,-1.44832705854217E-32,-1.));
#3103=DIRECTION('',(0.,-1.,0.));
#3104=DIRECTION('',(0.,0.,-1.));
#3105=DIRECTION('',(-2.3521674250533E-16,0.,-1.));
#3106=DIRECTION('',(0.,-1.,0.));
#3107=DIRECTION('',(0.,0.,-1.));
#3108=DIRECTION('',(-1.92747052886311E-16,0.,-1.));
#3109=DIRECTION('',(0.,-1.,0.));
#3110=DIRECTION('',(0.,0.,-1.));
#3111=DIRECTION('',(1.,0.,-1.28023872765816E-16));
#3112=DIRECTION('',(0.,-1.,0.));
#3113=DIRECTION('',(0.,0.,-1.));
#3114=DIRECTION('',(-1.92747052886312E-16,0.,-1.));
#3115=DIRECTION('',(0.,-1.,0.));
#3116=DIRECTION('',(0.,0.,-1.));
#3117=DIRECTION('',(-2.3521674250533E-16,0.,-1.));
#3118=DIRECTION('',(-2.3521674250533E-16,0.,-1.));
#3119=DIRECTION('',(-1.,0.,2.3521674250533E-16));
#3120=DIRECTION('',(-1.,0.,2.3521674250533E-16));
#3121=DIRECTION('',(0.,1.,0.));
#3122=DIRECTION('',(0.,-1.,0.));
#3123=DIRECTION('',(-1.,0.,2.3521674250533E-16));
#3124=DIRECTION('',(-1.,0.,2.3521674250533E-16));
#3125=DIRECTION('',(0.,-1.,0.));
#3126=DIRECTION('',(0.,1.,0.));
#3127=DIRECTION('',(-1.,0.,2.3521674250533E-16));
#3128=DIRECTION('',(0.,-1.,0.));
#3129=DIRECTION('',(0.,1.,0.));
#3130=DIRECTION('',(2.3521674250533E-16,0.,1.));
#3131=DIRECTION('',(1.,0.,-2.3521674250533E-16));
#3132=DIRECTION('',(2.34568183996042E-16,1.,-5.51743641349397E-32));
#3133=DIRECTION('',(-1.,2.34568183996042E-16,0.));
#3134=DIRECTION('',(-1.,2.34568183996042E-16,0.));
#3135=DIRECTION('',(2.34568183996042E-16,1.,-5.51743641349397E-32));
#3136=DIRECTION('',(-1.,2.34568183996042E-16,0.));
#3137=DIRECTION('',(-1.7347234759768E-16,-1.44832705854217E-32,-1.));
#3138=DIRECTION('',(1.7347234759768E-16,-9.58654576844578E-32,-1.));
#3139=DIRECTION('',(2.34568183996042E-16,1.,-5.51743641349397E-32));
#3140=DIRECTION('',(-1.,2.34568183996042E-16,0.));
#3141=DIRECTION('',(1.,-2.34568183996042E-16,0.));
#3142=DIRECTION('',(2.34568183996042E-16,1.,-5.51743641349397E-32));
#3143=DIRECTION('',(-1.,2.34568183996042E-16,0.));
#3144=DIRECTION('',(3.46944695195362E-16,-1.36556551233976E-31,-1.));
#3145=DIRECTION('',(-2.3521674250533E-16,0.,-1.));
#3146=DIRECTION('',(-2.3521674250533E-16,0.,-1.));
#3147=DIRECTION('',(-3.46944695195362E-16,2.62078229640963E-32,-1.));
#3148=DIRECTION('',(2.34568183996042E-16,1.,-5.51743641349397E-32));
#3149=DIRECTION('',(-1.,2.34568183996042E-16,0.));
#3150=DIRECTION('',(1.,-2.28964779212329E-15,-2.3521674250533E-16));
#3151=DIRECTION('',(2.28964779212329E-15,1.,0.));
#3152=DIRECTION('',(2.3521674250533E-16,-7.98241191247657E-47,1.));
#3153=DIRECTION('',(0.,-1.,0.));
#3154=DIRECTION('',(0.,0.,-1.));
#3155=DIRECTION('',(2.3521674250533E-16,0.,1.));
#3156=DIRECTION('',(-1.,0.,2.3521674250533E-16));
#3157=DIRECTION('',(-2.3521674250533E-16,0.,-1.));
#3158=DIRECTION('',(0.,-1.,0.));
#3159=DIRECTION('',(0.,0.,-1.));
#3160=DIRECTION('',(-1.92747052886311E-16,0.,-1.));
#3161=DIRECTION('',(0.,-1.,0.));
#3162=DIRECTION('',(0.,0.,-1.));
#3163=DIRECTION('',(1.,0.,-1.28023872765816E-16));
#3164=DIRECTION('',(0.,-1.,0.));
#3165=DIRECTION('',(0.,0.,-1.));
#3166=DIRECTION('',(-1.92747052886312E-16,0.,-1.));
#3167=DIRECTION('',(0.,-1.,0.));
#3168=DIRECTION('',(0.,0.,-1.));
#3169=DIRECTION('',(2.3521674250533E-16,0.,1.));
#3170=DIRECTION('',(1.,0.,-2.3521674250533E-16));
#3171=DIRECTION('',(0.,1.,0.));
#3172=DIRECTION('',(-0.70710678118655,0.707106781186546,1.66323353674129E-16));
#3173=DIRECTION('',(1.,-2.71050543121377E-16,-2.3521674250533E-16));
#3174=DIRECTION('',(0.707106781186546,0.707106781186549,-1.66323353674128E-16));
#3175=DIRECTION('',(3.52288089231727E-16,-1.,-8.28640567725137E-32));
#3176=DIRECTION('',(1.,3.52288089231727E-16,-2.3521674250533E-16));
#3177=DIRECTION('',(-3.52288089231727E-16,1.,8.28640567725137E-32));
#3178=DIRECTION('',(1.,3.52288089231727E-16,-2.3521674250533E-16));
#3179=DIRECTION('',(-3.52288089231727E-16,1.,8.28640567725137E-32));
#3180=DIRECTION('',(1.,0.,-1.92747052886312E-16));
#3181=DIRECTION('',(-1.92747052886312E-16,0.,-1.));
#3182=DIRECTION('',(0.,1.,0.));
#3183=DIRECTION('',(0.,1.,0.));
#3184=DIRECTION('',(1.,0.,-1.92747052886311E-16));
#3185=DIRECTION('',(-1.92747052886311E-16,0.,-1.));
#3186=DIRECTION('',(0.,1.,0.));
#3187=DIRECTION('',(0.,1.,0.));
#3188=DIRECTION('',(1.28023872765816E-16,0.,1.));
#3189=DIRECTION('',(1.,0.,-1.28023872765816E-16));
#3190=DIRECTION('',(0.,1.,0.));
#3191=DIRECTION('',(0.,1.,0.));
#3192=DIRECTION('',(0.,-1.,0.));
#3193=DIRECTION('',(0.,0.,-1.));
#3194=DIRECTION('',(0.,1.,0.));
#3195=DIRECTION('',(0.,0.,1.));
#3196=DIRECTION('',(0.,-1.,0.));
#3197=DIRECTION('',(0.,0.,-1.));
#3198=DIRECTION('',(0.,1.,0.));
#3199=DIRECTION('',(0.,0.,1.));
#3200=DIRECTION('',(1.,0.,-1.92747052886312E-16));
#3201=DIRECTION('',(-1.92747052886312E-16,0.,-1.));
#3202=DIRECTION('',(0.,1.,0.));
#3203=DIRECTION('',(0.,1.,0.));
#3204=DIRECTION('',(1.,0.,-1.92747052886311E-16));
#3205=DIRECTION('',(-1.92747052886311E-16,0.,-1.));
#3206=DIRECTION('',(0.,1.,0.));
#3207=DIRECTION('',(0.,1.,0.));
#3208=DIRECTION('',(1.28023872765816E-16,0.,1.));
#3209=DIRECTION('',(1.,0.,-1.28023872765816E-16));
#3210=DIRECTION('',(0.,1.,0.));
#3211=DIRECTION('',(0.,1.,0.));
#3212=DIRECTION('',(0.,-1.,0.));
#3213=DIRECTION('',(0.,0.,-1.));
#3214=DIRECTION('',(0.,1.,0.));
#3215=DIRECTION('',(0.,0.,1.));
#3216=DIRECTION('',(0.,-1.,0.));
#3217=DIRECTION('',(0.,0.,-1.));
#3218=DIRECTION('',(0.,1.,0.));
#3219=DIRECTION('',(0.,0.,1.));
#3220=DIRECTION('',(1.,0.,-1.92747052886312E-16));
#3221=DIRECTION('',(-1.92747052886312E-16,0.,-1.));
#3222=DIRECTION('',(0.,1.,0.));
#3223=DIRECTION('',(0.,1.,0.));
#3224=DIRECTION('',(1.,0.,-1.92747052886311E-16));
#3225=DIRECTION('',(-1.92747052886311E-16,0.,-1.));
#3226=DIRECTION('',(0.,1.,0.));
#3227=DIRECTION('',(0.,1.,0.));
#3228=DIRECTION('',(1.28023872765816E-16,0.,1.));
#3229=DIRECTION('',(1.,0.,-1.28023872765816E-16));
#3230=DIRECTION('',(0.,1.,0.));
#3231=DIRECTION('',(0.,1.,0.));
#3232=DIRECTION('',(0.,-1.,0.));
#3233=DIRECTION('',(0.,0.,-1.));
#3234=DIRECTION('',(0.,1.,0.));
#3235=DIRECTION('',(0.,0.,1.));
#3236=DIRECTION('',(0.,-1.,0.));
#3237=DIRECTION('',(0.,0.,-1.));
#3238=DIRECTION('',(0.,1.,0.));
#3239=DIRECTION('',(0.,0.,1.));
#3240=DIRECTION('',(1.,0.,-1.92747052886312E-16));
#3241=DIRECTION('',(-1.92747052886312E-16,0.,-1.));
#3242=DIRECTION('',(0.,1.,0.));
#3243=DIRECTION('',(0.,1.,0.));
#3244=DIRECTION('',(1.,0.,-1.92747052886311E-16));
#3245=DIRECTION('',(-1.92747052886311E-16,0.,-1.));
#3246=DIRECTION('',(0.,1.,0.));
#3247=DIRECTION('',(0.,1.,0.));
#3248=DIRECTION('',(1.28023872765816E-16,0.,1.));
#3249=DIRECTION('',(1.,0.,-1.28023872765816E-16));
#3250=DIRECTION('',(0.,1.,0.));
#3251=DIRECTION('',(0.,1.,0.));
#3252=DIRECTION('',(0.,-1.,0.));
#3253=DIRECTION('',(0.,0.,-1.));
#3254=DIRECTION('',(0.,1.,0.));
#3255=DIRECTION('',(0.,0.,1.));
#3256=DIRECTION('',(0.,-1.,0.));
#3257=DIRECTION('',(0.,0.,-1.));
#3258=DIRECTION('',(0.,1.,0.));
#3259=DIRECTION('',(0.,0.,1.));
#3260=DIRECTION('',(1.,3.52288089231727E-16,-2.3521674250533E-16));
#3261=DIRECTION('',(-3.52288089231727E-16,1.,8.28640567725137E-32));
#3262=DIRECTION('',(1.,3.52288089231727E-16,-2.3521674250533E-16));
#3263=DIRECTION('',(-3.52288089231727E-16,1.,8.28640567725137E-32));
#3264=DIRECTION('',(1.,3.52288089231727E-16,-2.3521674250533E-16));
#3265=DIRECTION('',(-3.52288089231727E-16,1.,8.28640567725137E-32));
#3266=DIRECTION('',(1.,3.52288089231727E-16,-2.3521674250533E-16));
#3267=DIRECTION('',(-3.52288089231727E-16,1.,8.28640567725137E-32));
#3268=DIRECTION('',(0.,1.,0.));
#3269=DIRECTION('',(0.,0.,1.));
#3270=DIRECTION('',(2.3521674250533E-16,0.,1.));
#3271=DIRECTION('',(1.,0.,-2.3521674250533E-16));
#3272=DIRECTION('',(2.3521674250533E-16,0.,1.));
#3273=DIRECTION('',(1.35525271560689E-16,1.,-3.18778129036554E-32));
#3274=DIRECTION('',(-1.,1.35525271560689E-16,0.));
#3275=DIRECTION('',(-2.3521674250533E-16,0.,-1.));
#3276=DIRECTION('',(-1.,1.35525271560689E-16,2.3521674250533E-16));
#3277=DIRECTION('',(2.3521674250533E-16,0.,1.));
#3278=DIRECTION('',(-1.,0.,2.3521674250533E-16));
#3279=DIRECTION('',(2.3521674250533E-16,0.,1.));
#3280=DIRECTION('',(0.,1.,0.));
#3281=DIRECTION('',(2.3521674250533E-16,0.,1.));
#3282=DIRECTION('',(-1.,0.,2.3521674250533E-16));
#3283=DIRECTION('',(2.3521674250533E-16,0.,1.));
#3284=DIRECTION('',(-2.3521674250533E-16,0.,-1.));
#3285=DIRECTION('',(0.,-1.,0.));
#3286=DIRECTION('',(-2.3521674250533E-16,0.,-1.));
#3287=DIRECTION('',(1.,0.,-2.3521674250533E-16));
#3288=DIRECTION('',(-1.,0.,2.3521674250533E-16));
#3289=DIRECTION('',(0.,1.,0.));
#3290=DIRECTION('',(1.,-1.35525271560689E-16,-2.3521674250533E-16));
#3291=DIRECTION('',(0.,-1.,0.));
#3292=DIRECTION('',(0.,-1.,0.));
#3293=DIRECTION('',(0.,0.,-1.));
#3294=DIRECTION('',(2.3521674250533E-16,0.,1.));
#3295=DIRECTION('',(1.,0.,-2.3521674250533E-16));
#3296=DIRECTION('',(2.3521674250533E-16,0.,1.));
#3297=DIRECTION('',(1.,0.,-2.3521674250533E-16));
#3298=DIRECTION('',(-2.3521674250533E-16,0.,-1.));
#3299=DIRECTION('',(-2.3521674250533E-16,0.,-1.));
#3300=DIRECTION('',(0.,-1.,0.));
#3301=DIRECTION('',(-2.71050543121377E-16,-1.,6.37556258073106E-32));
#3302=DIRECTION('',(1.,-2.71050543121377E-16,0.));
#3303=DIRECTION('',(-1.,2.71050543121377E-16,2.3521674250533E-16));
#3304=DIRECTION('',(2.3521674250533E-16,0.,1.));
#3305=DIRECTION('',(-2.3521674250533E-16,0.,-1.));
#3306=DIRECTION('',(1.,0.,-2.3521674250533E-16));
#3307=DIRECTION('',(-2.3521674250533E-16,0.,-1.));
#3308=DIRECTION('',(0.,1.,0.));
#3309=DIRECTION('',(2.3521674250533E-16,0.,1.));
#3310=DIRECTION('',(-2.3521674250533E-16,0.,-1.));
#3311=DIRECTION('',(1.,0.,-2.3521674250533E-16));
#3312=DIRECTION('',(0.,1.,0.));
#3313=DIRECTION('',(1.,-2.71050543121377E-16,-2.3521674250533E-16));
#3314=DIRECTION('',(0.,-1.,0.));
#3315=DIRECTION('',(-1.,0.,2.3521674250533E-16));
#3316=DIRECTION('',(-0.707106781186549,0.,0.707106781186546));
#3317=DIRECTION('',(0.,1.,0.));
#3318=DIRECTION('',(0.707106781186546,4.49120673738572E-15,0.707106781186549));
#3319=DIRECTION('',(0.577350269189624,-0.577350269189626,0.577350269189627));
#3320=DIRECTION('',(0.707106781186546,0.70710678118655,-1.66323353674128E-16));
#3321=DIRECTION('',(-2.3521674250533E-16,0.,-1.));
#3322=DIRECTION('',(0.707106781186549,-0.707106781186546,-3.19772640403146E-15));
#3323=DIRECTION('',(1.66323353674128E-16,0.707106781186548,0.707106781186547));
#3324=DIRECTION('',(1.,0.,-2.3521674250533E-16));
#3325=DIRECTION('',(0.57735026918963,0.577350269189624,-0.577350269189624));
#3326=DIRECTION('',(0.577350269189623,0.577350269189629,-0.577350269189625));
#3327=DIRECTION('',(0.,0.707106781186545,0.707106781186551));
#3328=DIRECTION('',(1.37382945608413E-15,0.707106781186544,0.707106781186551));
#3329=DIRECTION('',(-0.707106781186544,0.,-0.707106781186551));
#3330=DIRECTION('',(0.,-1.,0.));
#3331=DIRECTION('',(-0.707106781186551,-3.65362910412878E-15,0.707106781186544));
#3332=DIRECTION('',(2.53383234112952E-17,0.707106781186551,-0.707106781186544));
#3333=DIRECTION('',(-1.,2.71050543121377E-16,2.3521674250533E-16));
#3334=DIRECTION('',(9.77935412494056E-15,-0.707106781186544,-0.707106781186551));
#3335=DIRECTION('',(-0.577350269189625,0.577350269189625,-0.577350269189627));
#3336=DIRECTION('',(0.,0.707106781186549,0.707106781186546));
#3337=DIRECTION('',(-0.707106781186546,-0.707106781186549,-3.72109681938629E-15));
#3338=DIRECTION('',(0.707106781186549,-0.707106781186546,-1.66323353674129E-16));
#3339=DIRECTION('',(2.3521674250533E-16,0.,1.));
#3340=DIRECTION('',(0.707106781186634,-0.707106781186461,-1.66323353674149E-16));
#3341=DIRECTION('',(2.3521674250533E-16,0.,1.));
#3342=DIRECTION('',(-0.707106781186461,-0.707106781186634,-3.0503609209721E-15));
#3343=DIRECTION('',(0.707106781186544,0.,0.707106781186551));
#3344=DIRECTION('',(0.,-1.,0.));
#3345=DIRECTION('',(-0.577350269189628,-0.577350269189628,0.577350269189622));
#3346=DIRECTION('',(0.707106781186551,1.76115626497133E-13,-0.707106781186544));
#3347=DIRECTION('',(-0.577350269189718,0.57735026918958,-0.57735026918958));
#3348=DIRECTION('',(-0.707106781186463,0.,0.707106781186632));
#3349=DIRECTION('',(-9.61481343191629E-17,0.707106781186548,0.707106781186547));
#3350=DIRECTION('',(-1.66323353674129E-16,-0.707106781186544,-0.707106781186551));
#3351=DIRECTION('',(1.,0.,-2.3521674250533E-16));
#3352=DIRECTION('',(-0.577350269189628,0.577350269189628,-0.577350269189622));
#3353=DIRECTION('',(7.04925151314174E-17,-0.707106781186547,0.707106781186548));
#3354=DIRECTION('',(-1.,1.35525271560689E-16,2.3521674250533E-16));
#3355=DIRECTION('',(-7.69185074553423E-16,-0.707106781186548,-0.707106781186547));
#3356=DIRECTION('',(0.707106781186544,0.,-0.707106781186551));
#3357=DIRECTION('',(0.,1.,0.));
#3358=DIRECTION('',(-0.707106781186551,1.04801466407904E-14,-0.707106781186544));
#3359=DIRECTION('',(0.577350269189628,0.577350269189624,-0.577350269189625));
#3360=DIRECTION('',(-0.707106781186546,0.,-0.707106781186549));
#3361=DIRECTION('',(0.707106781186544,-0.707106781186551,-2.31552626634447E-15));
#3362=DIRECTION('',(0.707106781186551,0.707106781186544,-1.66323353674129E-16));
#3363=DIRECTION('',(-2.3521674250533E-16,0.,-1.));
#3364=DIRECTION('',(-1.,0.,1.7347234759768E-16));
#3365=DIRECTION('',(1.7347234759768E-16,0.,1.));
#3366=DIRECTION('',(0.,1.,0.));
#3367=DIRECTION('',(0.,0.,1.));
#3368=DIRECTION('',(1.,0.,0.));
#3369=DIRECTION('',(0.,1.,0.));
#3370=DIRECTION('',(0.,1.,0.));
#3371=DIRECTION('',(-1.,0.,3.46944695195362E-16));
#3372=DIRECTION('',(3.46944695195362E-16,0.,1.));
#3373=DIRECTION('',(0.,1.,0.));
#3374=DIRECTION('',(0.,1.,0.));
#3375=DIRECTION('',(0.,0.,1.));
#3376=DIRECTION('',(0.,-1.,0.));
#3377=DIRECTION('',(0.,0.,-1.));
#3378=DIRECTION('',(-1.,0.,-3.46944695195362E-16));
#3379=DIRECTION('',(-3.46944695195362E-16,0.,1.));
#3380=DIRECTION('',(0.,1.,0.));
#3381=DIRECTION('',(0.,0.,-1.));
#3382=DIRECTION('',(-1.,0.,0.));
#3383=DIRECTION('',(0.,1.,0.));
#3384=DIRECTION('',(0.,1.,0.));
#3385=DIRECTION('',(-1.,0.,-1.7347234759768E-16));
#3386=DIRECTION('',(-1.7347234759768E-16,0.,1.));
#3387=DIRECTION('',(0.,1.,0.));
#3388=DIRECTION('',(0.,1.,0.));
#3389=DIRECTION('',(0.,0.,1.));
#3390=DIRECTION('',(0.,-1.,0.));
#3391=DIRECTION('',(0.,0.,-1.));
#3392=DIRECTION('',(-1.,0.,-3.46944695195362E-16));
#3393=DIRECTION('',(-3.46944695195362E-16,0.,1.));
#3394=DIRECTION('',(0.,1.,0.));
#3395=DIRECTION('',(0.,0.,-1.));
#3396=DIRECTION('',(-1.,0.,0.));
#3397=DIRECTION('',(0.,1.,0.));
#3398=DIRECTION('',(0.,1.,0.));
#3399=DIRECTION('',(-1.,0.,-1.7347234759768E-16));
#3400=DIRECTION('',(-1.7347234759768E-16,0.,1.));
#3401=DIRECTION('',(0.,1.,0.));
#3402=DIRECTION('',(0.,1.,0.));
#3403=DIRECTION('',(0.,0.,1.));
#3404=DIRECTION('',(0.,-1.,0.));
#3405=DIRECTION('',(0.,0.,-1.));
#3406=DIRECTION('',(-1.,0.,-3.46944695195362E-16));
#3407=DIRECTION('',(-3.46944695195362E-16,0.,1.));
#3408=DIRECTION('',(0.,1.,0.));
#3409=DIRECTION('',(0.,0.,-1.));
#3410=DIRECTION('',(-1.,0.,0.));
#3411=DIRECTION('',(0.,1.,0.));
#3412=DIRECTION('',(0.,1.,0.));
#3413=DIRECTION('',(-1.,0.,-1.7347234759768E-16));
#3414=DIRECTION('',(-1.7347234759768E-16,0.,1.));
#3415=DIRECTION('',(0.,1.,0.));
#3416=DIRECTION('',(0.,1.,0.));
#3417=DIRECTION('',(0.,0.,1.));
#3418=DIRECTION('',(0.,-1.,0.));
#3419=DIRECTION('',(0.,0.,-1.));
#3420=DIRECTION('',(-1.,0.,-3.46944695195362E-16));
#3421=DIRECTION('',(-3.46944695195362E-16,0.,1.));
#3422=DIRECTION('',(0.,1.,0.));
#3423=DIRECTION('',(0.,0.,-1.));
#3424=DIRECTION('',(-1.,0.,0.));
#3425=DIRECTION('',(0.,1.,0.));
#3426=DIRECTION('',(0.,1.,0.));
#3427=DIRECTION('',(-1.,0.,-1.7347234759768E-16));
#3428=DIRECTION('',(-1.7347234759768E-16,0.,1.));
#3429=DIRECTION('',(0.,1.,0.));
#3430=DIRECTION('',(0.,1.,0.));
#3431=DIRECTION('',(0.,0.,1.));
#3432=DIRECTION('',(0.,-1.,0.));
#3433=DIRECTION('',(0.,0.,-1.));
#3434=DIRECTION('',(-1.,0.,1.7347234759768E-16));
#3435=DIRECTION('',(1.7347234759768E-16,0.,1.));
#3436=DIRECTION('',(0.,1.,0.));
#3437=DIRECTION('',(0.,0.,1.));
#3438=DIRECTION('',(1.,0.,0.));
#3439=DIRECTION('',(0.,1.,0.));
#3440=DIRECTION('',(0.,1.,0.));
#3441=DIRECTION('',(-1.,0.,3.46944695195362E-16));
#3442=DIRECTION('',(3.46944695195362E-16,0.,1.));
#3443=DIRECTION('',(0.,1.,0.));
#3444=DIRECTION('',(0.,1.,0.));
#3445=DIRECTION('',(0.,0.,1.));
#3446=DIRECTION('',(0.,-1.,0.));
#3447=DIRECTION('',(0.,0.,-1.));
#3448=DIRECTION('',(-1.,0.,1.7347234759768E-16));
#3449=DIRECTION('',(1.7347234759768E-16,0.,1.));
#3450=DIRECTION('',(0.,1.,0.));
#3451=DIRECTION('',(0.,0.,1.));
#3452=DIRECTION('',(1.,0.,0.));
#3453=DIRECTION('',(0.,1.,0.));
#3454=DIRECTION('',(0.,1.,0.));
#3455=DIRECTION('',(-1.,0.,3.46944695195362E-16));
#3456=DIRECTION('',(3.46944695195362E-16,0.,1.));
#3457=DIRECTION('',(0.,1.,0.));
#3458=DIRECTION('',(0.,1.,0.));
#3459=DIRECTION('',(0.,0.,1.));
#3460=DIRECTION('',(0.,-1.,0.));
#3461=DIRECTION('',(0.,0.,-1.));
#3462=DIRECTION('',(-1.,0.,1.7347234759768E-16));
#3463=DIRECTION('',(1.7347234759768E-16,0.,1.));
#3464=DIRECTION('',(0.,1.,0.));
#3465=DIRECTION('',(0.,0.,1.));
#3466=DIRECTION('',(1.,0.,0.));
#3467=DIRECTION('',(0.,1.,0.));
#3468=DIRECTION('',(0.,1.,0.));
#3469=DIRECTION('',(-1.,0.,3.46944695195362E-16));
#3470=DIRECTION('',(3.46944695195362E-16,0.,1.));
#3471=DIRECTION('',(0.,1.,0.));
#3472=DIRECTION('',(0.,1.,0.));
#3473=DIRECTION('',(0.,0.,1.));
#3474=DIRECTION('',(0.,-1.,0.));
#3475=DIRECTION('',(0.,0.,-1.));
#3476=CARTESIAN_POINT('',(0.,0.,0.));
#3477=CARTESIAN_POINT('',(0.2415,0.,0.04845));
#3478=CARTESIAN_POINT('',(0.1866,0.,0.04525));
#3479=CARTESIAN_POINT('',(0.1818,0.,0.04525));
#3480=CARTESIAN_POINT('',(0.1914,0.,0.04525));
#3481=CARTESIAN_POINT('',(0.1818,0.,0.04385));
#3482=CARTESIAN_POINT('',(0.1804583592135,0.,0.04425));
#3483=CARTESIAN_POINT('',(0.2415,0.,0.04425));
#3484=CARTESIAN_POINT('',(0.1645416407865,0.,0.04425));
#3485=CARTESIAN_POINT('',(0.1632,0.,0.04385));
#3486=CARTESIAN_POINT('',(0.1632,0.,0.04525));
#3487=CARTESIAN_POINT('',(0.1584,0.,0.04525));
#3488=CARTESIAN_POINT('',(0.1536,0.,0.04525));
#3489=CARTESIAN_POINT('',(0.1536,0.,0.04385));
#3490=CARTESIAN_POINT('',(0.1522583592135,0.,0.04425));
#3491=CARTESIAN_POINT('',(0.2415,0.,0.04425));
#3492=CARTESIAN_POINT('',(0.1237416407865,0.,0.04425));
#3493=CARTESIAN_POINT('',(0.1224,0.,0.04385));
#3494=CARTESIAN_POINT('',(0.1224,0.,0.04525));
#3495=CARTESIAN_POINT('',(0.1176,0.,0.04525));
#3496=CARTESIAN_POINT('',(0.1128,0.,0.04525));
#3497=CARTESIAN_POINT('',(0.1128,0.,0.04385));
#3498=CARTESIAN_POINT('',(0.1114583592135,0.,0.04425));
#3499=CARTESIAN_POINT('',(0.2415,0.,0.04425));
#3500=CARTESIAN_POINT('',(0.0955416407864999,0.,0.04425));
#3501=CARTESIAN_POINT('',(0.0942,0.,0.04385));
#3502=CARTESIAN_POINT('',(0.0942,0.,0.04525));
#3503=CARTESIAN_POINT('',(0.0894,0.,0.04525));
#3504=CARTESIAN_POINT('',(0.0846,0.,0.04525));
#3505=CARTESIAN_POINT('',(0.0846,0.,0.04385));
#3506=CARTESIAN_POINT('',(0.0832583592135001,0.,0.04425));
#3507=CARTESIAN_POINT('',(0.2415,0.,0.04425));
#3508=CARTESIAN_POINT('',(0.0547416407864999,0.,0.04425));
#3509=CARTESIAN_POINT('',(0.0534,0.,0.04385));
#3510=CARTESIAN_POINT('',(0.0534,0.,0.04525));
#3511=CARTESIAN_POINT('',(0.0486,0.,0.04525));
#3512=CARTESIAN_POINT('',(0.0438,0.,0.04525));
#3513=CARTESIAN_POINT('',(0.0438,0.,0.04385));
#3514=CARTESIAN_POINT('',(0.0424583592135001,0.,0.04425));
#3515=CARTESIAN_POINT('',(0.2415,0.,0.04425));
#3516=CARTESIAN_POINT('',(0.0265416407864998,0.,0.04425));
#3517=CARTESIAN_POINT('',(0.0252,0.,0.04385));
#3518=CARTESIAN_POINT('',(0.0252,0.,0.04525));
#3519=CARTESIAN_POINT('',(0.0204,0.,0.04525));
#3520=CARTESIAN_POINT('',(0.0156,0.,0.04525));
#3521=CARTESIAN_POINT('',(0.0156,0.,0.04385));
#3522=CARTESIAN_POINT('',(0.0142583592135001,0.,0.04425));
#3523=CARTESIAN_POINT('',(0.2415,0.,0.04425));
#3524=CARTESIAN_POINT('',(-0.0142583592135001,0.,0.04425));
#3525=CARTESIAN_POINT('',(-0.0156,0.,0.04385));
#3526=CARTESIAN_POINT('',(-0.0156,0.,0.04525));
#3527=CARTESIAN_POINT('',(-0.0204,0.,0.04525));
#3528=CARTESIAN_POINT('',(-0.0252,0.,0.04525));
#3529=CARTESIAN_POINT('',(-0.0252,0.,0.04385));
#3530=CARTESIAN_POINT('',(-0.0265416407864998,0.,0.04425));
#3531=CARTESIAN_POINT('',(0.2415,0.,0.04425));
#3532=CARTESIAN_POINT('',(-0.0345,0.,0.04425));
#3533=CARTESIAN_POINT('',(-0.0345,0.,0.04845));
#3534=CARTESIAN_POINT('',(-0.0345,0.,0.04845));
#3535=CARTESIAN_POINT('',(0.2415,0.,0.04845));
#3536=CARTESIAN_POINT('',(0.2415,0.,0.04845));
#3537=CARTESIAN_POINT('',(0.2415,0.,0.04845));
#3538=CARTESIAN_POINT('',(0.2415,0.,0.04425));
#3539=CARTESIAN_POINT('',(0.2415,0.,0.04425));
#3540=CARTESIAN_POINT('',(0.2335416407865,0.,0.04425));
#3541=CARTESIAN_POINT('',(0.2322,0.,0.04385));
#3542=CARTESIAN_POINT('',(0.2322,0.,0.04525));
#3543=CARTESIAN_POINT('',(0.2274,0.,0.04525));
#3544=CARTESIAN_POINT('',(0.2226,0.,0.04525));
#3545=CARTESIAN_POINT('',(0.2226,0.,0.04385));
#3546=CARTESIAN_POINT('',(0.2212583592135,0.,0.04425));
#3547=CARTESIAN_POINT('',(0.2415,0.,0.04425));
#3548=CARTESIAN_POINT('',(0.1927416407865,0.,0.04425));
#3549=CARTESIAN_POINT('',(0.1914,0.,0.04385));
#3550=CARTESIAN_POINT('',(0.2415,-0.005475,0.03605));
#3551=CARTESIAN_POINT('',(0.1035,-0.000444228148567501,0.043584671996666));
#3552=CARTESIAN_POINT('',(0.1928,-0.000444228148567523,0.0435846719966659));
#3553=CARTESIAN_POINT('',(0.2212,-0.000444228148567528,0.0435846719966659));
#3554=CARTESIAN_POINT('',(0.1928,-0.005475,0.03605));
#3555=CARTESIAN_POINT('',(0.1928,-0.00026707317073167,0.04385));
#3556=CARTESIAN_POINT('',(0.1914,-0.000267073170731671,0.04385));
#3557=CARTESIAN_POINT('',(0.2226,-0.000267073170731666,0.04385));
#3558=CARTESIAN_POINT('',(0.2212,-0.000267073170731667,0.04385));
#3559=CARTESIAN_POINT('',(0.2212,-0.005475,0.03605));
#3560=CARTESIAN_POINT('',(0.2415,-0.005475,0.03605));
#3561=CARTESIAN_POINT('',(0.1035,-0.000444228148567501,0.043584671996666));
#3562=CARTESIAN_POINT('',(0.1238,-0.000444228148567507,0.043584671996666));
#3563=CARTESIAN_POINT('',(0.1522,-0.000444228148567512,0.0435846719966659));
#3564=CARTESIAN_POINT('',(0.1238,-0.005475,0.03605));
#3565=CARTESIAN_POINT('',(0.1238,-0.00026707317073168,0.04385));
#3566=CARTESIAN_POINT('',(0.1224,-0.000267073170731682,0.04385));
#3567=CARTESIAN_POINT('',(0.1536,-0.000267073170731677,0.04385));
#3568=CARTESIAN_POINT('',(0.1522,-0.000267073170731675,0.04385));
#3569=CARTESIAN_POINT('',(0.1522,-0.005475,0.03605));
#3570=CARTESIAN_POINT('',(0.2415,-0.005475,0.03605));
#3571=CARTESIAN_POINT('',(0.1035,-0.000444228148567501,0.043584671996666));
#3572=CARTESIAN_POINT('',(0.0548,-0.00044422814856749,0.043584671996666));
#3573=CARTESIAN_POINT('',(0.0832,-0.000444228148567497,0.043584671996666));
#3574=CARTESIAN_POINT('',(0.0548,-0.005475,0.03605));
#3575=CARTESIAN_POINT('',(0.0548,-0.000267073170731693,0.04385));
#3576=CARTESIAN_POINT('',(0.0534,-0.000267073170731692,0.04385));
#3577=CARTESIAN_POINT('',(0.0846,-0.000267073170731688,0.04385));
#3578=CARTESIAN_POINT('',(0.0832,-0.000267073170731688,0.04385));
#3579=CARTESIAN_POINT('',(0.0832,-0.005475,0.03605));
#3580=CARTESIAN_POINT('',(0.2415,-0.005475,0.03605));
#3581=CARTESIAN_POINT('',(0.1114,-0.005475,0.03605));
#3582=CARTESIAN_POINT('',(0.1114,-0.000444228148567503,0.043584671996666));
#3583=CARTESIAN_POINT('',(0.1114,-0.000267073170731685,0.04385));
#3584=CARTESIAN_POINT('',(0.1035,-0.000444228148567501,0.043584671996666));
#3585=CARTESIAN_POINT('',(0.1043,-0.000444228148567501,0.043584671996666));
#3586=CARTESIAN_POINT('',(0.1043,-0.00569711407428387,0.035717335998333));
#3587=CARTESIAN_POINT('',(0.1043,-0.0109500000000001,0.02785));
#3588=CARTESIAN_POINT('',(0.1043,-0.0109500000000001,0.02785));
#3589=CARTESIAN_POINT('',(0.1027,-0.0109500000000001,0.02785));
#3590=CARTESIAN_POINT('',(0.1027,-0.00569711407428387,0.035717335998333));
#3591=CARTESIAN_POINT('',(0.1027,-0.000444228148567602,0.043584671996666));
#3592=CARTESIAN_POINT('',(0.1035,-0.000444228148567501,0.043584671996666));
#3593=CARTESIAN_POINT('',(0.0956,-0.0004442281485675,0.043584671996666));
#3594=CARTESIAN_POINT('',(0.0956,-0.005475,0.03605));
#3595=CARTESIAN_POINT('',(0.0956,-0.000267073170731685,0.04385));
#3596=CARTESIAN_POINT('',(0.0942,-0.000267073170731686,0.04385));
#3597=CARTESIAN_POINT('',(0.1128,-0.000267073170731683,0.04385));
#3598=CARTESIAN_POINT('',(0.2415,-0.005475,0.03605));
#3599=CARTESIAN_POINT('',(0.1804,-0.005475,0.03605));
#3600=CARTESIAN_POINT('',(0.1804,-0.000444228148567519,0.0435846719966659));
#3601=CARTESIAN_POINT('',(0.1804,-0.000267073170731673,0.04385));
#3602=CARTESIAN_POINT('',(0.1035,-0.000444228148567501,0.043584671996666));
#3603=CARTESIAN_POINT('',(0.1733,-0.000444228148567518,0.0435846719966659));
#3604=CARTESIAN_POINT('',(0.1733,-0.00569711407428403,0.035717335998333));
#3605=CARTESIAN_POINT('',(0.1733,-0.0109500000000003,0.02785));
#3606=CARTESIAN_POINT('',(0.1733,-0.0109500000000003,0.02785));
#3607=CARTESIAN_POINT('',(0.1717,-0.0109500000000003,0.02785));
#3608=CARTESIAN_POINT('',(0.1717,-0.00569711407428403,0.035717335998333));
#3609=CARTESIAN_POINT('',(0.1717,-0.00044422814856776,0.043584671996666));
#3610=CARTESIAN_POINT('',(0.1035,-0.000444228148567501,0.043584671996666));
#3611=CARTESIAN_POINT('',(0.1646,-0.000444228148567516,0.0435846719966659));
#3612=CARTESIAN_POINT('',(0.1646,-0.005475,0.03605));
#3613=CARTESIAN_POINT('',(0.1646,-0.000267073170731676,0.04385));
#3614=CARTESIAN_POINT('',(0.1632,-0.000267073170731675,0.04385));
#3615=CARTESIAN_POINT('',(0.1818,-0.000267073170731672,0.04385));
#3616=CARTESIAN_POINT('',(0.2415,-0.005475,0.03605));
#3617=CARTESIAN_POINT('',(0.1035,-0.000444228148567501,0.043584671996666));
#3618=CARTESIAN_POINT('',(0.2336,-0.000444228148567532,0.0435846719966659));
#3619=CARTESIAN_POINT('',(0.2401,-0.000444228148567531,0.0435846719966659));
#3620=CARTESIAN_POINT('',(0.2336,-0.005475,0.03605));
#3621=CARTESIAN_POINT('',(0.2336,-0.000267073170731666,0.04385));
#3622=CARTESIAN_POINT('',(0.2322,-0.000267073170731664,0.04385));
#3623=CARTESIAN_POINT('',(0.2415,-0.005475,0.03605));
#3624=CARTESIAN_POINT('',(0.2415,-0.01095,0.02785));
#3625=CARTESIAN_POINT('',(0.2415,-0.01095,0.02785));
#3626=CARTESIAN_POINT('',(0.2402,-0.01095,0.02785));
#3627=CARTESIAN_POINT('',(0.2402,-0.005475,0.03605));
#3628=CARTESIAN_POINT('',(0.2402,-0.00214422814856747,0.0410385532752048));
#3629=CARTESIAN_POINT('',(0.253538316112864,-0.0154825442614316,0.021061531882422));
#3630=CARTESIAN_POINT('',(0.2401,-0.00204422814856748,0.0411883249647026));
#3631=CARTESIAN_POINT('',(0.2401,-0.00569711407428377,0.035717335998333));
#3632=CARTESIAN_POINT('',(0.2415,-0.005475,0.03605));
#3633=CARTESIAN_POINT('',(0.0424,-0.005475,0.03605));
#3634=CARTESIAN_POINT('',(0.0424,-0.000444228148567486,0.043584671996666));
#3635=CARTESIAN_POINT('',(0.0424,-0.000267073170731695,0.04385));
#3636=CARTESIAN_POINT('',(0.1035,-0.000444228148567501,0.043584671996666));
#3637=CARTESIAN_POINT('',(0.0353,-0.000444228148567485,0.043584671996666));
#3638=CARTESIAN_POINT('',(0.0353,-0.00569711407428371,0.0357173359983331));
#3639=CARTESIAN_POINT('',(0.0353,-0.01095,0.02785));
#3640=CARTESIAN_POINT('',(0.0353,-0.01095,0.02785));
#3641=CARTESIAN_POINT('',(0.0337,-0.01095,0.02785));
#3642=CARTESIAN_POINT('',(0.0337,-0.00569711407428371,0.0357173359983331));
#3643=CARTESIAN_POINT('',(0.0337,-0.000444228148567485,0.043584671996666));
#3644=CARTESIAN_POINT('',(0.1035,-0.000444228148567501,0.043584671996666));
#3645=CARTESIAN_POINT('',(0.0266,-0.000444228148567482,0.043584671996666));
#3646=CARTESIAN_POINT('',(0.0266,-0.005475,0.03605));
#3647=CARTESIAN_POINT('',(0.0266,-0.000267073170731699,0.04385));
#3648=CARTESIAN_POINT('',(0.0252,-0.000267073170731697,0.04385));
#3649=CARTESIAN_POINT('',(0.0438,-0.000267073170731694,0.04385));
#3650=CARTESIAN_POINT('',(0.2415,-0.005475,0.03605));
#3651=CARTESIAN_POINT('',(0.0142,-0.005475,0.03605));
#3652=CARTESIAN_POINT('',(0.0142,-0.000444228148567479,0.043584671996666));
#3653=CARTESIAN_POINT('',(0.0142,-0.000267073170731698,0.04385));
#3654=CARTESIAN_POINT('',(0.1035,-0.000444228148567501,0.043584671996666));
#3655=CARTESIAN_POINT('',(-0.0142,-0.000444228148567473,0.043584671996666));
#3656=CARTESIAN_POINT('',(-0.0142,-0.005475,0.03605));
#3657=CARTESIAN_POINT('',(-0.0142,-0.000267073170731703,0.04385));
#3658=CARTESIAN_POINT('',(-0.0156,-0.000267073170731704,0.04385));
#3659=CARTESIAN_POINT('',(0.0156,-0.000267073170731698,0.04385));
#3660=CARTESIAN_POINT('',(0.2415,-0.01095,0.436029741187597));
#3661=CARTESIAN_POINT('',(0.2386,-0.01095,0.00324999999999993));
#3662=CARTESIAN_POINT('',(0.2386,-0.01095,0.02785));
#3663=CARTESIAN_POINT('',(0.2386,-0.01095,0.04725));
#3664=CARTESIAN_POINT('',(0.2415,-0.01095,0.02785));
#3665=CARTESIAN_POINT('',(0.2361,-0.01095,0.02785));
#3666=CARTESIAN_POINT('',(0.2361,-0.01095,0.02985));
#3667=CARTESIAN_POINT('',(0.2341,-0.01095,0.02985));
#3668=CARTESIAN_POINT('',(0.2341,-0.01095,0.03685));
#3669=CARTESIAN_POINT('',(0.2341,-0.01095,0.04385));
#3670=CARTESIAN_POINT('',(0.2321,-0.01095,0.04385));
#3671=CARTESIAN_POINT('',(0.2321,-0.01095,0.04585));
#3672=CARTESIAN_POINT('',(0.207,-0.01095,0.04585));
#3673=CARTESIAN_POINT('',(0.1819,-0.01095,0.04585));
#3674=CARTESIAN_POINT('',(0.1819,-0.01095,0.04385));
#3675=CARTESIAN_POINT('',(0.1799,-0.01095,0.04385));
#3676=CARTESIAN_POINT('',(0.1799,-0.01095,0.03685));
#3677=CARTESIAN_POINT('',(0.1799,-0.01095,0.02985));
#3678=CARTESIAN_POINT('',(0.1779,-0.01095,0.02985));
#3679=CARTESIAN_POINT('',(0.1779,-0.01095,0.02785));
#3680=CARTESIAN_POINT('',(0.2415,-0.01095,0.02785));
#3681=CARTESIAN_POINT('',(0.1733,-0.0109500000000003,0.436029741187597));
#3682=CARTESIAN_POINT('',(0.1733,-0.0109500000000003,0.04725));
#3683=CARTESIAN_POINT('',(0.2415,-0.01095,0.04725));
#3684=CARTESIAN_POINT('',(0.2415,-0.005475,0.03605));
#3685=CARTESIAN_POINT('',(-0.0266,-0.005475,0.03605));
#3686=CARTESIAN_POINT('',(-0.0266,-0.000444228148567471,0.043584671996666));
#3687=CARTESIAN_POINT('',(-0.0266,-0.000267073170731706,0.04385));
#3688=CARTESIAN_POINT('',(0.1035,-0.000444228148567501,0.043584671996666));
#3689=CARTESIAN_POINT('',(-0.0331,-0.000444228148567467,0.0435846719966661));
#3690=CARTESIAN_POINT('',(-0.0331,-0.00569711407428374,0.0357173359983331));
#3691=CARTESIAN_POINT('',(-0.0331,-0.00204422814856748,0.0411883249647026));
#3692=CARTESIAN_POINT('',(-0.046302642471792,-0.0152468706203595,0.0214145042763564));
#3693=CARTESIAN_POINT('',(-0.0332,-0.00214422814856747,0.0410385532752049));
#3694=CARTESIAN_POINT('',(-0.0332,-0.005475,0.03605));
#3695=CARTESIAN_POINT('',(-0.0332,-0.01095,0.02785));
#3696=CARTESIAN_POINT('',(0.2415,-0.01095,0.02785));
#3697=CARTESIAN_POINT('',(-0.0345,-0.01095,0.02785));
#3698=CARTESIAN_POINT('',(-0.0345,-0.005475,0.03605));
#3699=CARTESIAN_POINT('',(-0.0252,-0.000267073170731705,0.04385));
#3700=CARTESIAN_POINT('',(-0.0331,-0.00569711407428374,0.44389707718593));
#3701=CARTESIAN_POINT('',(-0.0331,-0.00569711407428374,0.04725));
#3702=CARTESIAN_POINT('',(-0.0331,-0.000444228148567467,0.04725));
#3703=CARTESIAN_POINT('',(-0.0331,-0.00204422814856748,0.04725));
#3704=CARTESIAN_POINT('',(-0.0331,-0.00204422814856748,0.00325));
#3705=CARTESIAN_POINT('',(-0.0331,-0.000444228148567467,0.451764413184263));
#3706=CARTESIAN_POINT('',(0.2415,-0.01175,0.04725));
#3707=CARTESIAN_POINT('',(0.2401,-0.00569711407428377,0.04725));
#3708=CARTESIAN_POINT('',(0.2401,-0.000444228148567531,0.04725));
#3709=CARTESIAN_POINT('',(0.2401,-0.00204422814856747,0.04725));
#3710=CARTESIAN_POINT('',(0.245652885925716,-0.00759711407428378,0.04725));
#3711=CARTESIAN_POINT('',(0.2397,-0.00164422814856747,0.04725));
#3712=CARTESIAN_POINT('',(0.2394,-0.00164422814856747,0.04725));
#3713=CARTESIAN_POINT('',(0.2391,-0.00164422814856747,0.04725));
#3714=CARTESIAN_POINT('',(0.235247114074284,-0.00549711407428498,0.04725));
#3715=CARTESIAN_POINT('',(0.2386,-0.00214422814856759,0.04725));
#3716=CARTESIAN_POINT('',(0.2386,-0.00629711407428377,0.04725));
#3717=CARTESIAN_POINT('',(0.1733,-0.00569711407428403,0.04725));
#3718=CARTESIAN_POINT('',(0.1733,-0.000444228148567759,0.04725));
#3719=CARTESIAN_POINT('',(0.1035,-0.000444228148567501,0.04725));
#3720=CARTESIAN_POINT('',(0.1035,-0.000444228148567501,0.451764413184263));
#3721=CARTESIAN_POINT('',(0.1176,-0.000444228148567504,0.04525));
#3722=CARTESIAN_POINT('',(0.1224,-0.000444228148567506,0.04525));
#3723=CARTESIAN_POINT('',(0.1128,-0.000444228148567503,0.04525));
#3724=CARTESIAN_POINT('',(0.1224,-0.000444228148567506,0.04385));
#3725=CARTESIAN_POINT('',(0.1238,-0.000444228148567506,0.04385));
#3726=CARTESIAN_POINT('',(0.1238,-0.000444228148567506,0.04025));
#3727=CARTESIAN_POINT('',(0.1522,-0.000444228148567513,0.04025));
#3728=CARTESIAN_POINT('',(0.1522,-0.000444228148567513,0.04385));
#3729=CARTESIAN_POINT('',(0.1536,-0.000444228148567513,0.04385));
#3730=CARTESIAN_POINT('',(0.1536,-0.000444228148567513,0.04525));
#3731=CARTESIAN_POINT('',(0.1584,-0.000444228148567514,0.04525));
#3732=CARTESIAN_POINT('',(0.1632,-0.000444228148567515,0.04525));
#3733=CARTESIAN_POINT('',(0.1632,-0.000444228148567515,0.04385));
#3734=CARTESIAN_POINT('',(0.1646,-0.000444228148567515,0.04385));
#3735=CARTESIAN_POINT('',(0.1646,-0.000444228148567515,0.04025));
#3736=CARTESIAN_POINT('',(0.1717,-0.00044422814856776,0.451764413184263));
#3737=CARTESIAN_POINT('',(0.1717,-0.00044422814856776,0.04725));
#3738=CARTESIAN_POINT('',(0.1035,-0.000444228148567501,0.04725));
#3739=CARTESIAN_POINT('',(0.1043,-0.000444228148567601,0.04725));
#3740=CARTESIAN_POINT('',(0.1043,-0.000444228148567601,0.451764413184263));
#3741=CARTESIAN_POINT('',(0.1114,-0.000444228148567503,0.04025));
#3742=CARTESIAN_POINT('',(0.1114,-0.000444228148567503,0.04385));
#3743=CARTESIAN_POINT('',(0.1128,-0.000444228148567503,0.04385));
#3744=CARTESIAN_POINT('',(0.2415,-0.01175,0.04725));
#3745=CARTESIAN_POINT('',(0.1717,-0.00569711407428403,0.04725));
#3746=CARTESIAN_POINT('',(0.1717,-0.0109500000000003,0.04725));
#3747=CARTESIAN_POINT('',(0.2415,-0.01095,0.04725));
#3748=CARTESIAN_POINT('',(0.1043,-0.0109500000000001,0.04725));
#3749=CARTESIAN_POINT('',(0.1043,-0.00569711407428387,0.04725));
#3750=CARTESIAN_POINT('',(0.2415,-0.01095,0.436029741187597));
#3751=CARTESIAN_POINT('',(0.1717,-0.0109500000000003,0.436029741187597));
#3752=CARTESIAN_POINT('',(0.2415,-0.01095,0.02785));
#3753=CARTESIAN_POINT('',(0.1671,-0.01095,0.02785));
#3754=CARTESIAN_POINT('',(0.1671,-0.01095,0.02985));
#3755=CARTESIAN_POINT('',(0.1651,-0.01095,0.02985));
#3756=CARTESIAN_POINT('',(0.1651,-0.01095,0.03685));
#3757=CARTESIAN_POINT('',(0.1651,-0.01095,0.04385));
#3758=CARTESIAN_POINT('',(0.1631,-0.01095,0.04385));
#3759=CARTESIAN_POINT('',(0.1631,-0.01095,0.04585));
#3760=CARTESIAN_POINT('',(0.138,-0.01095,0.04585));
#3761=CARTESIAN_POINT('',(0.1129,-0.01095,0.04585));
#3762=CARTESIAN_POINT('',(0.1129,-0.01095,0.04385));
#3763=CARTESIAN_POINT('',(0.1109,-0.01095,0.04385));
#3764=CARTESIAN_POINT('',(0.1109,-0.01095,0.03685));
#3765=CARTESIAN_POINT('',(0.1109,-0.01095,0.02985));
#3766=CARTESIAN_POINT('',(0.1089,-0.01095,0.02985));
#3767=CARTESIAN_POINT('',(0.1089,-0.01095,0.02785));
#3768=CARTESIAN_POINT('',(0.2415,-0.01095,0.02785));
#3769=CARTESIAN_POINT('',(0.1043,-0.0109500000000001,0.436029741187597));
#3770=CARTESIAN_POINT('',(0.1035,-0.000444228148567501,0.451764413184263));
#3771=CARTESIAN_POINT('',(0.0486,-0.000444228148567488,0.04525));
#3772=CARTESIAN_POINT('',(0.0534,-0.000444228148567489,0.04525));
#3773=CARTESIAN_POINT('',(0.0438,-0.000444228148567487,0.04525));
#3774=CARTESIAN_POINT('',(0.0534,-0.000444228148567489,0.04385));
#3775=CARTESIAN_POINT('',(0.0548,-0.00044422814856749,0.04385));
#3776=CARTESIAN_POINT('',(0.0548,-0.00044422814856749,0.04025));
#3777=CARTESIAN_POINT('',(0.0832,-0.000444228148567496,0.04025));
#3778=CARTESIAN_POINT('',(0.0832,-0.000444228148567496,0.04385));
#3779=CARTESIAN_POINT('',(0.0846,-0.000444228148567497,0.04385));
#3780=CARTESIAN_POINT('',(0.0846,-0.000444228148567497,0.04525));
#3781=CARTESIAN_POINT('',(0.0894,-0.000444228148567498,0.04525));
#3782=CARTESIAN_POINT('',(0.0942,-0.000444228148567499,0.04525));
#3783=CARTESIAN_POINT('',(0.0942,-0.000444228148567499,0.04385));
#3784=CARTESIAN_POINT('',(0.0956,-0.000444228148567499,0.04385));
#3785=CARTESIAN_POINT('',(0.0956,-0.000444228148567499,0.04025));
#3786=CARTESIAN_POINT('',(0.1027,-0.000444228148567602,0.451764413184263));
#3787=CARTESIAN_POINT('',(0.1027,-0.000444228148567602,0.04725));
#3788=CARTESIAN_POINT('',(0.1035,-0.000444228148567501,0.04725));
#3789=CARTESIAN_POINT('',(0.0353,-0.000444228148567485,0.04725));
#3790=CARTESIAN_POINT('',(0.0353,-0.000444228148567443,0.451764413184263));
#3791=CARTESIAN_POINT('',(0.0424,-0.000444228148567487,0.04025));
#3792=CARTESIAN_POINT('',(0.0424,-0.000444228148567487,0.04385));
#3793=CARTESIAN_POINT('',(0.0438,-0.000444228148567487,0.04385));
#3794=CARTESIAN_POINT('',(0.2415,-0.01135,0.02785));
#3795=CARTESIAN_POINT('',(0.2415,-0.01175,0.02785));
#3796=CARTESIAN_POINT('',(0.2415,-0.01175,0.02785));
#3797=CARTESIAN_POINT('',(0.2361,-0.01175,0.02785));
#3798=CARTESIAN_POINT('',(0.2361,-0.01095,0.02785));
#3799=CARTESIAN_POINT('',(0.2415,-0.01095,0.02785));
#3800=CARTESIAN_POINT('',(0.2415,-0.01135,0.02785));
#3801=CARTESIAN_POINT('',(0.2415,-0.01175,-6.4919820931471E-17));
#3802=CARTESIAN_POINT('',(0.2341,-0.01175,-6.34934927401123E-17));
#3803=CARTESIAN_POINT('',(0.2341,-0.01175,0.04385));
#3804=CARTESIAN_POINT('',(0.2341,-0.01175,0.02985));
#3805=CARTESIAN_POINT('',(0.2361,-0.01175,0.02985));
#3806=CARTESIAN_POINT('',(0.2415,-0.01175,-6.4919820931471E-17));
#3807=CARTESIAN_POINT('',(0.2415,-0.01175,0.04845));
#3808=CARTESIAN_POINT('',(0.2415,-0.01175,0.04845));
#3809=CARTESIAN_POINT('',(-0.0345,-0.01175,0.04845));
#3810=CARTESIAN_POINT('',(-0.0345,-0.01175,0.));
#3811=CARTESIAN_POINT('',(-0.0345,-0.01175,0.02785));
#3812=CARTESIAN_POINT('',(0.2415,-0.01175,0.02785));
#3813=CARTESIAN_POINT('',(-0.0291,-0.01175,0.02785));
#3814=CARTESIAN_POINT('',(-0.0291,-0.01175,0.02985));
#3815=CARTESIAN_POINT('',(-0.0271,-0.01175,0.02985));
#3816=CARTESIAN_POINT('',(-0.0271,-0.01175,-1.31479625262076E-17));
#3817=CARTESIAN_POINT('',(-0.0271,-0.01175,0.04385));
#3818=CARTESIAN_POINT('',(-0.0251,-0.01175,0.04385));
#3819=CARTESIAN_POINT('',(-0.0251,-0.01175,0.04585));
#3820=CARTESIAN_POINT('',(0.2415,-0.01175,0.04585));
#3821=CARTESIAN_POINT('',(0.0251,-0.01175,0.04585));
#3822=CARTESIAN_POINT('',(0.0251,-0.01175,0.04385));
#3823=CARTESIAN_POINT('',(0.0271,-0.01175,0.04385));
#3824=CARTESIAN_POINT('',(0.0271,-0.01175,-2.35948527926458E-17));
#3825=CARTESIAN_POINT('',(0.0271,-0.01175,0.02985));
#3826=CARTESIAN_POINT('',(0.0291,-0.01175,0.02985));
#3827=CARTESIAN_POINT('',(0.0291,-0.01175,0.02785));
#3828=CARTESIAN_POINT('',(0.2415,-0.01175,0.02785));
#3829=CARTESIAN_POINT('',(0.0399,-0.01175,0.02785));
#3830=CARTESIAN_POINT('',(0.0399,-0.01175,0.02985));
#3831=CARTESIAN_POINT('',(0.0419,-0.01175,0.02985));
#3832=CARTESIAN_POINT('',(0.0419,-0.01175,-2.64475091753632E-17));
#3833=CARTESIAN_POINT('',(0.0419,-0.01175,0.04385));
#3834=CARTESIAN_POINT('',(0.0439,-0.01175,0.04385));
#3835=CARTESIAN_POINT('',(0.0439,-0.01175,0.04585));
#3836=CARTESIAN_POINT('',(0.2415,-0.01175,0.04585));
#3837=CARTESIAN_POINT('',(0.0941,-0.01175,0.04585));
#3838=CARTESIAN_POINT('',(0.0941,-0.01175,0.04385));
#3839=CARTESIAN_POINT('',(0.0961,-0.01175,0.04385));
#3840=CARTESIAN_POINT('',(0.0961,-0.01175,-3.68943994418013E-17));
#3841=CARTESIAN_POINT('',(0.0961,-0.01175,0.02985));
#3842=CARTESIAN_POINT('',(0.0981,-0.01175,0.02985));
#3843=CARTESIAN_POINT('',(0.0981,-0.01175,0.02785));
#3844=CARTESIAN_POINT('',(0.2415,-0.01175,0.02785));
#3845=CARTESIAN_POINT('',(0.1089,-0.01175,0.02785));
#3846=CARTESIAN_POINT('',(0.1089,-0.01175,0.02985));
#3847=CARTESIAN_POINT('',(0.1109,-0.01175,0.02985));
#3848=CARTESIAN_POINT('',(0.1109,-0.01175,-3.97470558245187E-17));
#3849=CARTESIAN_POINT('',(0.1109,-0.01175,0.04385));
#3850=CARTESIAN_POINT('',(0.1129,-0.01175,0.04385));
#3851=CARTESIAN_POINT('',(0.1129,-0.01175,0.04585));
#3852=CARTESIAN_POINT('',(0.2415,-0.01175,0.04585));
#3853=CARTESIAN_POINT('',(0.1631,-0.01175,0.04585));
#3854=CARTESIAN_POINT('',(0.1631,-0.01175,0.04385));
#3855=CARTESIAN_POINT('',(0.1651,-0.01175,0.04385));
#3856=CARTESIAN_POINT('',(0.1651,-0.01175,-5.01939460909568E-17));
#3857=CARTESIAN_POINT('',(0.1651,-0.01175,0.02985));
#3858=CARTESIAN_POINT('',(0.1671,-0.01175,0.02985));
#3859=CARTESIAN_POINT('',(0.1671,-0.01175,0.02785));
#3860=CARTESIAN_POINT('',(0.2415,-0.01175,0.02785));
#3861=CARTESIAN_POINT('',(0.1779,-0.01175,0.02785));
#3862=CARTESIAN_POINT('',(0.1779,-0.01175,0.02985));
#3863=CARTESIAN_POINT('',(0.1799,-0.01175,0.02985));
#3864=CARTESIAN_POINT('',(0.1799,-0.01175,-5.30466024736742E-17));
#3865=CARTESIAN_POINT('',(0.1799,-0.01175,0.04385));
#3866=CARTESIAN_POINT('',(0.1819,-0.01175,0.04385));
#3867=CARTESIAN_POINT('',(0.1819,-0.01175,0.04585));
#3868=CARTESIAN_POINT('',(0.2415,-0.01175,0.04585));
#3869=CARTESIAN_POINT('',(0.2321,-0.01175,0.04585));
#3870=CARTESIAN_POINT('',(0.2321,-0.01175,0.04385));
#3871=CARTESIAN_POINT('',(0.2415,-0.01135,0.02785));
#3872=CARTESIAN_POINT('',(0.1779,-0.01135,0.02785));
#3873=CARTESIAN_POINT('',(0.1671,-0.01095,0.02785));
#3874=CARTESIAN_POINT('',(0.2415,-0.01135,0.02785));
#3875=CARTESIAN_POINT('',(0.1089,-0.01135,0.02785));
#3876=CARTESIAN_POINT('',(0.0981,-0.01095,0.02785));
#3877=CARTESIAN_POINT('',(0.0981,-0.01095,0.02785));
#3878=CARTESIAN_POINT('',(0.2415,-0.01095,0.02785));
#3879=CARTESIAN_POINT('',(0.2415,-0.01135,0.02785));
#3880=CARTESIAN_POINT('',(0.2415,-0.01095,0.02785));
#3881=CARTESIAN_POINT('',(0.0399,-0.01095,0.02785));
#3882=CARTESIAN_POINT('',(0.0399,-0.01135,0.02785));
#3883=CARTESIAN_POINT('',(0.0291,-0.01095,0.02785));
#3884=CARTESIAN_POINT('',(0.0291,-0.01095,0.02785));
#3885=CARTESIAN_POINT('',(0.2415,-0.01095,0.02785));
#3886=CARTESIAN_POINT('',(0.2415,-0.01175,0.04725));
#3887=CARTESIAN_POINT('',(0.1027,-0.00569711407428387,0.04725));
#3888=CARTESIAN_POINT('',(0.1027,-0.0109500000000001,0.04725));
#3889=CARTESIAN_POINT('',(0.2415,-0.01095,0.04725));
#3890=CARTESIAN_POINT('',(0.0353,-0.01095,0.04725));
#3891=CARTESIAN_POINT('',(0.0353,-0.00569711407428371,0.04725));
#3892=CARTESIAN_POINT('',(0.1035,-0.000444228148567501,0.451764413184263));
#3893=CARTESIAN_POINT('',(0.0142,-0.00044422814856748,0.04025));
#3894=CARTESIAN_POINT('',(0.0142,-0.00044422814856748,0.04385));
#3895=CARTESIAN_POINT('',(0.0156,-0.000444228148567481,0.04385));
#3896=CARTESIAN_POINT('',(0.0156,-0.00044422814856748,0.04525));
#3897=CARTESIAN_POINT('',(0.0204,-0.000444228148567482,0.04525));
#3898=CARTESIAN_POINT('',(0.0252,-0.000444228148567482,0.04525));
#3899=CARTESIAN_POINT('',(0.0252,-0.000444228148567482,0.04385));
#3900=CARTESIAN_POINT('',(0.0266,-0.000444228148567483,0.04385));
#3901=CARTESIAN_POINT('',(0.0266,-0.000444228148567483,0.04025));
#3902=CARTESIAN_POINT('',(0.0337,-0.000444228148567444,0.451764413184263));
#3903=CARTESIAN_POINT('',(0.0337,-0.000444228148567485,0.04725));
#3904=CARTESIAN_POINT('',(0.1035,-0.000444228148567501,0.04725));
#3905=CARTESIAN_POINT('',(-0.0266,-0.000444228148567471,0.04025));
#3906=CARTESIAN_POINT('',(-0.0266,-0.000444228148567471,0.04385));
#3907=CARTESIAN_POINT('',(-0.0252,-0.000444228148567471,0.04385));
#3908=CARTESIAN_POINT('',(-0.0252,-0.000444228148567471,0.04525));
#3909=CARTESIAN_POINT('',(-0.0204,-0.000444228148567472,0.04525));
#3910=CARTESIAN_POINT('',(-0.0156,-0.000444228148567473,0.04525));
#3911=CARTESIAN_POINT('',(-0.0156,-0.000444228148567473,0.04385));
#3912=CARTESIAN_POINT('',(-0.0142,-0.000444228148567473,0.04385));
#3913=CARTESIAN_POINT('',(-0.0142,-0.000444228148567473,0.04025));
#3914=CARTESIAN_POINT('',(0.2415,-0.01095,0.436029741187597));
#3915=CARTESIAN_POINT('',(0.1027,-0.0109500000000001,0.436029741187597));
#3916=CARTESIAN_POINT('',(0.0981,-0.01095,0.02985));
#3917=CARTESIAN_POINT('',(0.0961,-0.01095,0.02985));
#3918=CARTESIAN_POINT('',(0.0961,-0.01095,0.03685));
#3919=CARTESIAN_POINT('',(0.0961,-0.01095,0.04385));
#3920=CARTESIAN_POINT('',(0.0941,-0.01095,0.04385));
#3921=CARTESIAN_POINT('',(0.0941,-0.01095,0.04585));
#3922=CARTESIAN_POINT('',(0.069,-0.01095,0.04585));
#3923=CARTESIAN_POINT('',(0.0439,-0.01095,0.04585));
#3924=CARTESIAN_POINT('',(0.0439,-0.01095,0.04385));
#3925=CARTESIAN_POINT('',(0.0419,-0.01095,0.04385));
#3926=CARTESIAN_POINT('',(0.0419,-0.01095,0.03685));
#3927=CARTESIAN_POINT('',(0.0419,-0.01095,0.02985));
#3928=CARTESIAN_POINT('',(0.0399,-0.01095,0.02985));
#3929=CARTESIAN_POINT('',(0.0353,-0.01095,0.436029741187597));
#3930=CARTESIAN_POINT('',(0.2415,-0.01135,0.02785));
#3931=CARTESIAN_POINT('',(0.2415,-0.01095,0.02785));
#3932=CARTESIAN_POINT('',(-0.0291,-0.01095,0.02785));
#3933=CARTESIAN_POINT('',(-0.0316,-0.01095,0.02785));
#3934=CARTESIAN_POINT('',(-0.0291,-0.01135,0.02785));
#3935=CARTESIAN_POINT('',(-0.0345,-0.01135,0.02785));
#3936=CARTESIAN_POINT('',(0.2415,-0.01095,0.02785));
#3937=CARTESIAN_POINT('',(0.2415,-0.005875,-0.000500000000000057));
#3938=CARTESIAN_POINT('',(0.2415,-0.01175,0.04845));
#3939=CARTESIAN_POINT('',(-0.0345,-0.005875,-0.000499999999999992));
#3940=CARTESIAN_POINT('',(-0.0345,-0.01175,0.04845));
#3941=CARTESIAN_POINT('',(0.2415,-0.01175,0.04845));
#3942=CARTESIAN_POINT('',(0.1035,-0.000444228148567501,0.451764413184263));
#3943=CARTESIAN_POINT('',(0.1866,-0.00044422814856752,0.04525));
#3944=CARTESIAN_POINT('',(0.1914,-0.000444228148567522,0.04525));
#3945=CARTESIAN_POINT('',(0.1818,-0.00044422814856752,0.04525));
#3946=CARTESIAN_POINT('',(0.1914,-0.000444228148567522,0.04385));
#3947=CARTESIAN_POINT('',(0.1928,-0.000444228148567522,0.04385));
#3948=CARTESIAN_POINT('',(0.1928,-0.000444228148567522,0.04025));
#3949=CARTESIAN_POINT('',(0.2212,-0.000444228148567529,0.04025));
#3950=CARTESIAN_POINT('',(0.2212,-0.000444228148567529,0.04385));
#3951=CARTESIAN_POINT('',(0.2226,-0.000444228148567529,0.04385));
#3952=CARTESIAN_POINT('',(0.2226,-0.000444228148567529,0.04525));
#3953=CARTESIAN_POINT('',(0.2274,-0.00044422814856753,0.04525));
#3954=CARTESIAN_POINT('',(0.2322,-0.000444228148567531,0.04525));
#3955=CARTESIAN_POINT('',(0.2322,-0.000444228148567531,0.04385));
#3956=CARTESIAN_POINT('',(0.2336,-0.000444228148567532,0.04385));
#3957=CARTESIAN_POINT('',(0.2336,-0.000444228148567532,0.04025));
#3958=CARTESIAN_POINT('',(0.2401,-0.000444228148567531,0.451764413184263));
#3959=CARTESIAN_POINT('',(0.1733,-0.000444228148567759,0.451764413184263));
#3960=CARTESIAN_POINT('',(0.1804,-0.000444228148567519,0.04025));
#3961=CARTESIAN_POINT('',(0.1804,-0.000444228148567519,0.04385));
#3962=CARTESIAN_POINT('',(0.1818,-0.00044422814856752,0.04385));
#3963=CARTESIAN_POINT('',(0.2401,-0.00569711407428377,0.44389707718593));
#3964=CARTESIAN_POINT('',(0.2401,-0.00204422814856748,0.44389707718593));
#3965=CARTESIAN_POINT('',(0.2415,-0.01095,0.436029741187597));
#3966=CARTESIAN_POINT('',(-0.0316,-0.01095,0.00325));
#3967=CARTESIAN_POINT('',(-0.0316,-0.01095,0.04725));
#3968=CARTESIAN_POINT('',(0.2415,-0.01095,0.04725));
#3969=CARTESIAN_POINT('',(0.0337,-0.01095,0.04725));
#3970=CARTESIAN_POINT('',(0.0337,-0.01095,0.436029741187597));
#3971=CARTESIAN_POINT('',(0.0291,-0.01095,0.02985));
#3972=CARTESIAN_POINT('',(0.0271,-0.01095,0.02985));
#3973=CARTESIAN_POINT('',(0.0271,-0.01095,0.03685));
#3974=CARTESIAN_POINT('',(0.0271,-0.01095,0.04385));
#3975=CARTESIAN_POINT('',(0.0251,-0.01095,0.04385));
#3976=CARTESIAN_POINT('',(0.0251,-0.01095,0.04585));
#3977=CARTESIAN_POINT('',(4.16333634234433E-17,-0.01095,0.04585));
#3978=CARTESIAN_POINT('',(-0.0251,-0.01095,0.04585));
#3979=CARTESIAN_POINT('',(-0.0251,-0.01095,0.04385));
#3980=CARTESIAN_POINT('',(-0.0271,-0.01095,0.04385));
#3981=CARTESIAN_POINT('',(-0.0271,-0.01095,0.03685));
#3982=CARTESIAN_POINT('',(-0.0271,-0.01095,0.02985));
#3983=CARTESIAN_POINT('',(-0.0291,-0.01095,0.02985));
#3984=CARTESIAN_POINT('',(0.2415,-0.01175,0.04725));
#3985=CARTESIAN_POINT('',(-0.0316,-0.00629711407428374,0.04725));
#3986=CARTESIAN_POINT('',(-0.0316,-0.00214422814856746,0.04725));
#3987=CARTESIAN_POINT('',(0.109752885925717,-0.143497114074284,0.04725));
#3988=CARTESIAN_POINT('',(-0.0321,-0.00164422814856747,0.04725));
#3989=CARTESIAN_POINT('',(-0.0324,-0.00164422814856747,0.04725));
#3990=CARTESIAN_POINT('',(-0.0327,-0.00164422814856747,0.04725));
#3991=CARTESIAN_POINT('',(0.0993471140742831,0.130402885925716,0.04725));
#3992=CARTESIAN_POINT('',(0.0337,-0.00569711407428371,0.04725));
#3993=CARTESIAN_POINT('',(0.0353,-0.00569711407428371,0.03755));
#3994=CARTESIAN_POINT('',(0.0337,-0.00569711407428371,0.03755));
#3995=CARTESIAN_POINT('',(-0.0271,-0.03595,0.03685));
#3996=CARTESIAN_POINT('',(-0.0271,-0.03595,0.02985));
#3997=CARTESIAN_POINT('',(-0.0271,-0.03595,0.04385));
#3998=CARTESIAN_POINT('',(0.0271,-0.03595,0.03685));
#3999=CARTESIAN_POINT('',(0.0271,-0.01175,0.02985));
#4000=CARTESIAN_POINT('',(0.0271,-0.01095,0.04385));
#4001=CARTESIAN_POINT('',(4.16333634234433E-17,-0.03595,0.04585));
#4002=CARTESIAN_POINT('',(0.0251,-0.01175,0.04585));
#4003=CARTESIAN_POINT('',(-0.0251,-0.03595,0.04585));
#4004=CARTESIAN_POINT('',(0.0291,-0.01135,0.02985));
#4005=CARTESIAN_POINT('',(-0.0291,-0.03595,0.02985));
#4006=CARTESIAN_POINT('',(0.0251,-0.03595,0.04385));
#4007=CARTESIAN_POINT('',(-0.0251,-0.03595,0.04385));
#4008=CARTESIAN_POINT('',(0.0419,-0.03595,0.03685));
#4009=CARTESIAN_POINT('',(0.0419,-0.03595,0.02985));
#4010=CARTESIAN_POINT('',(0.0419,-0.03595,0.04385));
#4011=CARTESIAN_POINT('',(0.0961,-0.03595,0.03685));
#4012=CARTESIAN_POINT('',(0.0961,-0.01175,0.02985));
#4013=CARTESIAN_POINT('',(0.0961,-0.01095,0.04385));
#4014=CARTESIAN_POINT('',(0.069,-0.03595,0.04585));
#4015=CARTESIAN_POINT('',(0.0941,-0.01175,0.04585));
#4016=CARTESIAN_POINT('',(0.0439,-0.03595,0.04585));
#4017=CARTESIAN_POINT('',(0.0981,-0.01135,0.02985));
#4018=CARTESIAN_POINT('',(0.0399,-0.03595,0.02985));
#4019=CARTESIAN_POINT('',(0.0941,-0.03595,0.04385));
#4020=CARTESIAN_POINT('',(0.0439,-0.03595,0.04385));
#4021=CARTESIAN_POINT('',(0.1109,-0.03595,0.03685));
#4022=CARTESIAN_POINT('',(0.1109,-0.03595,0.02985));
#4023=CARTESIAN_POINT('',(0.1109,-0.03595,0.04385));
#4024=CARTESIAN_POINT('',(0.1651,-0.03595,0.03685));
#4025=CARTESIAN_POINT('',(0.1651,-0.01175,0.02985));
#4026=CARTESIAN_POINT('',(0.1651,-0.01095,0.04385));
#4027=CARTESIAN_POINT('',(0.138,-0.03595,0.04585));
#4028=CARTESIAN_POINT('',(0.1631,-0.01175,0.04585));
#4029=CARTESIAN_POINT('',(0.1129,-0.03595,0.04585));
#4030=CARTESIAN_POINT('',(0.1671,-0.01135,0.02985));
#4031=CARTESIAN_POINT('',(0.1089,-0.03595,0.02985));
#4032=CARTESIAN_POINT('',(0.1631,-0.03595,0.04385));
#4033=CARTESIAN_POINT('',(0.1129,-0.03595,0.04385));
#4034=CARTESIAN_POINT('',(0.1799,-0.03595,0.03685));
#4035=CARTESIAN_POINT('',(0.1799,-0.03595,0.02985));
#4036=CARTESIAN_POINT('',(0.1799,-0.03595,0.04385));
#4037=CARTESIAN_POINT('',(0.2341,-0.03595,0.03685));
#4038=CARTESIAN_POINT('',(0.2341,-0.01175,0.02985));
#4039=CARTESIAN_POINT('',(0.2341,-0.01095,0.04385));
#4040=CARTESIAN_POINT('',(0.207,-0.03595,0.04585));
#4041=CARTESIAN_POINT('',(0.2321,-0.01175,0.04585));
#4042=CARTESIAN_POINT('',(0.1819,-0.03595,0.04585));
#4043=CARTESIAN_POINT('',(0.2361,-0.01135,0.02985));
#4044=CARTESIAN_POINT('',(0.1779,-0.03595,0.02985));
#4045=CARTESIAN_POINT('',(0.2321,-0.03595,0.04385));
#4046=CARTESIAN_POINT('',(0.1819,-0.03595,0.04385));
#4047=CARTESIAN_POINT('',(0.1043,-0.00569711407428387,0.03755));
#4048=CARTESIAN_POINT('',(0.1027,-0.00569711407428387,0.03755));
#4049=CARTESIAN_POINT('',(0.1733,-0.00569711407428402,0.03755));
#4050=CARTESIAN_POINT('',(0.1717,-0.00569711407428403,0.03755));
#4051=CARTESIAN_POINT('',(0.2394,-0.01095,0.00324999999999993));
#4052=CARTESIAN_POINT('',(0.2386,-0.01095,0.00324999999999993));
#4053=CARTESIAN_POINT('',(0.2386,-0.01095,0.00374999999999993));
#4054=CARTESIAN_POINT('',(0.2402,-0.01095,0.00374999999999993));
#4055=CARTESIAN_POINT('',(0.2402,-0.01095,0.00374999999999993));
#4056=CARTESIAN_POINT('',(0.2402,-0.01095,0.00324999999999993));
#4057=CARTESIAN_POINT('',(0.2394,-0.00164422814856747,0.00324999999999993));
#4058=CARTESIAN_POINT('',(0.2397,-0.00164422814856747,0.00324999999999993));
#4059=CARTESIAN_POINT('',(0.2397,-0.00164422814856747,0.00374999999999993));
#4060=CARTESIAN_POINT('',(0.2394,-0.00164422814856747,0.00374999999999993));
#4061=CARTESIAN_POINT('',(0.2391,-0.00164422814856747,0.00374999999999993));
#4062=CARTESIAN_POINT('',(0.2391,-0.00164422814856747,0.00324999999999993));
#4063=CARTESIAN_POINT('',(0.2402,-0.00629711407428374,0.00324999999999993));
#4064=CARTESIAN_POINT('',(0.2402,-0.00164422814856747,0.00374999999999993));
#4065=CARTESIAN_POINT('',(0.2402,-0.00214422814856747,0.00374999999999993));
#4066=CARTESIAN_POINT('',(0.2402,-0.00214422814856747,0.0417874117226934));
#4067=CARTESIAN_POINT('',(0.2386,-0.00629711407428377,0.00324999999999993));
#4068=CARTESIAN_POINT('',(0.2386,-0.00214422814856759,0.00324999999999993));
#4069=CARTESIAN_POINT('',(0.2386,-0.00214422814856759,0.00374999999999993));
#4070=CARTESIAN_POINT('',(0.2386,-0.00629711407428377,0.00374999999999993));
#4071=CARTESIAN_POINT('',(0.1035,-0.00569711407428374,0.00325));
#4072=CARTESIAN_POINT('',(0.2386,-0.01045,0.00324999999999993));
#4073=CARTESIAN_POINT('',(0.2397,-0.01045,0.00324999999999993));
#4074=CARTESIAN_POINT('',(0.2391,-0.01045,0.00324999999999993));
#4075=CARTESIAN_POINT('',(0.2391,-0.00569711407428374,0.00324999999999993));
#4076=CARTESIAN_POINT('',(0.2391,-0.00214422814856746,0.00324999999999993));
#4077=CARTESIAN_POINT('',(0.1035,-0.00214422814856745,0.00325));
#4078=CARTESIAN_POINT('',(0.2397,-0.00214422814856746,0.00324999999999993));
#4079=CARTESIAN_POINT('',(0.2397,-0.01095,0.00324999999999993));
#4080=CARTESIAN_POINT('',(-0.0324,-0.01095,0.00325));
#4081=CARTESIAN_POINT('',(-0.0332,-0.01095,0.00325));
#4082=CARTESIAN_POINT('',(-0.0332,-0.01095,0.00375));
#4083=CARTESIAN_POINT('',(-0.0324,-0.01095,0.00375));
#4084=CARTESIAN_POINT('',(-0.0316,-0.01095,0.00375));
#4085=CARTESIAN_POINT('',(-0.0316,-0.01095,0.00325));
#4086=CARTESIAN_POINT('',(-0.0332,-0.00629711407428374,0.00325));
#4087=CARTESIAN_POINT('',(-0.0332,-0.00214422814856747,0.00325));
#4088=CARTESIAN_POINT('',(-0.0332,-0.00214422814856747,0.00375));
#4089=CARTESIAN_POINT('',(-0.0332,-0.01095,0.00375));
#4090=CARTESIAN_POINT('',(-0.0324,-0.00164422814856747,0.00325));
#4091=CARTESIAN_POINT('',(-0.0332,-0.00164422814856747,0.00375));
#4092=CARTESIAN_POINT('',(-0.0321,-0.00164422814856747,0.00375));
#4093=CARTESIAN_POINT('',(-0.0327,-0.00164422814856747,0.00375));
#4094=CARTESIAN_POINT('',(-0.0327,-0.00164422814856747,0.00325));
#4095=CARTESIAN_POINT('',(-0.0321,-0.00164422814856747,0.00325));
#4096=CARTESIAN_POINT('',(-0.0316,-0.00629711407428374,0.00325));
#4097=CARTESIAN_POINT('',(-0.0316,-0.00629711407428374,0.00375));
#4098=CARTESIAN_POINT('',(-0.0316,-0.00214422814856746,0.00375));
#4099=CARTESIAN_POINT('',(-0.0316,-0.00214422814856746,0.04725));
#4100=CARTESIAN_POINT('',(0.1035,-0.00569711407428374,0.00325));
#4101=CARTESIAN_POINT('',(-0.0327,-0.00164422814856747,0.00325));
#4102=CARTESIAN_POINT('',(-0.0327,-0.01045,0.00325));
#4103=CARTESIAN_POINT('',(-0.0327,-0.00214422814856747,0.00325));
#4104=CARTESIAN_POINT('',(-0.0316,-0.00214422814856747,0.00325));
#4105=CARTESIAN_POINT('',(-0.0321,-0.00214422814856747,0.00325));
#4106=CARTESIAN_POINT('',(-0.0321,-0.00569711407428374,0.00325));
#4107=CARTESIAN_POINT('',(-0.0321,-0.01045,0.00325));
#4108=CARTESIAN_POINT('',(0.1035,-0.01045,0.00325));
#4109=CARTESIAN_POINT('',(-0.0316,-0.00629711407428374,0.00375));
#4110=CARTESIAN_POINT('',(-0.0321,-0.00214422814856747,0.00325));
#4111=CARTESIAN_POINT('',(-0.0318666666666667,-0.0106833333333333,0.00348333333333333));
#4112=CARTESIAN_POINT('',(-0.0316,-0.00214422814856746,0.00325));
#4113=CARTESIAN_POINT('',(-0.03185,-0.00189422814856747,0.00375));
#4114=CARTESIAN_POINT('',(-0.0324,-0.01095,0.00375));
#4115=CARTESIAN_POINT('',(-0.0311157046914279,-0.00886570469142792,0.00166570469142792));
#4116=CARTESIAN_POINT('',(-0.0321,-0.00214422814856747,0.00325));
#4117=CARTESIAN_POINT('',(-0.0321,-0.00214422814856747,0.00325));
#4118=CARTESIAN_POINT('',(-0.0327,-0.00569711407428374,0.00325));
#4119=CARTESIAN_POINT('',(-0.0332,-0.00214422814856747,0.00375));
#4120=CARTESIAN_POINT('',(0.1035,-0.0021442281485675,0.00325));
#4121=CARTESIAN_POINT('',(-0.0327,-0.00189422814856746,0.0035));
#4122=CARTESIAN_POINT('',(-0.0332,-0.00214422814856747,0.00375));
#4123=CARTESIAN_POINT('',(-0.0332,-0.00214422814856747,0.00375));
#4124=CARTESIAN_POINT('',(-0.0327,-0.00164422814856747,0.00325));
#4125=CARTESIAN_POINT('',(0.2391,-0.00164422814856747,0.00324999999999993));
#4126=CARTESIAN_POINT('',(0.23885,-0.00189422814856753,0.00374999999999993));
#4127=CARTESIAN_POINT('',(0.2386,-0.00629711407428377,0.00374999999999993));
#4128=CARTESIAN_POINT('',(0.1939,-0.05565,0.04845));
#4129=CARTESIAN_POINT('',(0.2391,-0.00214422814856746,0.00324999999999993));
#4130=CARTESIAN_POINT('',(0.2391,-0.00214422814856746,0.00324999999999993));
#4131=CARTESIAN_POINT('',(0.2391,-0.00214422814856746,0.00324999999999993));
#4132=CARTESIAN_POINT('',(0.1035,-0.01045,0.00325));
#4133=CARTESIAN_POINT('',(0.238115704691428,-0.0088657046914279,0.00166570469142785));
#4134=CARTESIAN_POINT('',(0.2394,-0.00164422814856747,0.00374999999999993));
#4135=CARTESIAN_POINT('',(0.2397,-0.00164422814856747,0.00374999999999993));
#4136=CARTESIAN_POINT('',(0.2397,-0.00569711407428374,0.00324999999999993));
#4137=CARTESIAN_POINT('',(0.23995,-0.00214422814856747,0.00349999999999993));
#4138=CARTESIAN_POINT('',(0.2397,-0.00164422814856747,0.00374999999999993));
#4139=CARTESIAN_POINT('',(0.2397,-0.00164422814856747,0.00374999999999993));
#4140=CARTESIAN_POINT('',(0.2402,-0.00214422814856747,0.00324999999999993));
#4141=CARTESIAN_POINT('',(-0.0142,-0.000446228148567501,0.04025));
#4142=CARTESIAN_POINT('',(-0.0142,-0.000446228148567501,0.04385));
#4143=CARTESIAN_POINT('',(-0.0204,-0.000446228148567501,0.04525));
#4144=CARTESIAN_POINT('',(-0.0156,-0.000446228148567501,0.04525));
#4145=CARTESIAN_POINT('',(-0.0252,0.,0.04525));
#4146=CARTESIAN_POINT('',(-0.0266,-0.000446228148567501,0.04025));
#4147=CARTESIAN_POINT('',(-0.0266,-0.000444228148567472,0.04385));
#4148=CARTESIAN_POINT('',(-0.0156,-0.000446228148567501,0.04385));
#4149=CARTESIAN_POINT('',(-0.0252,-0.000446228148567501,0.04385));
#4150=CARTESIAN_POINT('',(0.0266,-0.000446228148567501,0.04025));
#4151=CARTESIAN_POINT('',(0.0266,0.,0.04385));
#4152=CARTESIAN_POINT('',(0.0204,-0.000446228148567501,0.04525));
#4153=CARTESIAN_POINT('',(0.0156,-0.000446228148567501,0.04525));
#4154=CARTESIAN_POINT('',(0.0252,-0.000444228148567483,0.04525));
#4155=CARTESIAN_POINT('',(0.0142,-0.000446228148567501,0.04025));
#4156=CARTESIAN_POINT('',(0.0142,-0.000446228148567501,0.04385));
#4157=CARTESIAN_POINT('',(0.0156,-0.000446228148567501,0.04385));
#4158=CARTESIAN_POINT('',(0.0252,-0.000446228148567501,0.04385));
#4159=CARTESIAN_POINT('',(0.2336,-0.000446228148567501,0.04025));
#4160=CARTESIAN_POINT('',(0.2336,0.,0.04385));
#4161=CARTESIAN_POINT('',(0.2274,-0.000446228148567501,0.04525));
#4162=CARTESIAN_POINT('',(0.2226,-0.000446228148567501,0.04525));
#4163=CARTESIAN_POINT('',(0.2322,-0.000444228148567532,0.04525));
#4164=CARTESIAN_POINT('',(0.2212,-0.000446228148567501,0.04025));
#4165=CARTESIAN_POINT('',(0.2212,-0.000446228148567501,0.04385));
#4166=CARTESIAN_POINT('',(0.2226,-0.000446228148567501,0.04385));
#4167=CARTESIAN_POINT('',(0.2322,-0.000446228148567501,0.04385));
#4168=CARTESIAN_POINT('',(0.1646,-0.000446228148567501,0.04025));
#4169=CARTESIAN_POINT('',(0.1646,0.,0.04385));
#4170=CARTESIAN_POINT('',(0.1584,-0.000446228148567501,0.04525));
#4171=CARTESIAN_POINT('',(0.1536,-0.000446228148567501,0.04525));
#4172=CARTESIAN_POINT('',(0.1632,-0.000444228148567515,0.04525));
#4173=CARTESIAN_POINT('',(0.1522,-0.000446228148567501,0.04025));
#4174=CARTESIAN_POINT('',(0.1522,-0.000446228148567501,0.04385));
#4175=CARTESIAN_POINT('',(0.1536,-0.000446228148567501,0.04385));
#4176=CARTESIAN_POINT('',(0.1632,-0.000446228148567501,0.04385));
#4177=CARTESIAN_POINT('',(0.0956,-0.000446228148567501,0.04025));
#4178=CARTESIAN_POINT('',(0.0956,0.,0.04385));
#4179=CARTESIAN_POINT('',(0.0894,-0.000446228148567501,0.04525));
#4180=CARTESIAN_POINT('',(0.0846,-0.000446228148567501,0.04525));
#4181=CARTESIAN_POINT('',(0.0942,-0.000444228148567499,0.04525));
#4182=CARTESIAN_POINT('',(0.0832,-0.000446228148567501,0.04025));
#4183=CARTESIAN_POINT('',(0.0832,-0.000446228148567501,0.04385));
#4184=CARTESIAN_POINT('',(0.0846,-0.000446228148567501,0.04385));
#4185=CARTESIAN_POINT('',(0.0942,-0.000446228148567501,0.04385));
#4186=CARTESIAN_POINT('',(0.0548,-0.000446228148567501,0.04025));
#4187=CARTESIAN_POINT('',(0.0548,-0.000446228148567501,0.04385));
#4188=CARTESIAN_POINT('',(0.0486,-0.000446228148567501,0.04525));
#4189=CARTESIAN_POINT('',(0.0534,-0.000446228148567501,0.04525));
#4190=CARTESIAN_POINT('',(0.0438,0.,0.04525));
#4191=CARTESIAN_POINT('',(0.0424,-0.000446228148567501,0.04025));
#4192=CARTESIAN_POINT('',(0.0424,-0.000444228148567488,0.04385));
#4193=CARTESIAN_POINT('',(0.0534,-0.000446228148567501,0.04385));
#4194=CARTESIAN_POINT('',(0.0438,-0.000446228148567501,0.04385));
#4195=CARTESIAN_POINT('',(0.1238,-0.000446228148567501,0.04025));
#4196=CARTESIAN_POINT('',(0.1238,-0.000446228148567501,0.04385));
#4197=CARTESIAN_POINT('',(0.1176,-0.000446228148567501,0.04525));
#4198=CARTESIAN_POINT('',(0.1224,-0.000446228148567501,0.04525));
#4199=CARTESIAN_POINT('',(0.1128,0.,0.04525));
#4200=CARTESIAN_POINT('',(0.1114,-0.000446228148567501,0.04025));
#4201=CARTESIAN_POINT('',(0.1114,-0.000444228148567504,0.04385));
#4202=CARTESIAN_POINT('',(0.1224,-0.000446228148567501,0.04385));
#4203=CARTESIAN_POINT('',(0.1128,-0.000446228148567501,0.04385));
#4204=CARTESIAN_POINT('',(0.1928,-0.000446228148567501,0.04025));
#4205=CARTESIAN_POINT('',(0.1928,-0.000446228148567501,0.04385));
#4206=CARTESIAN_POINT('',(0.1866,-0.000446228148567501,0.04525));
#4207=CARTESIAN_POINT('',(0.1914,-0.000446228148567501,0.04525));
#4208=CARTESIAN_POINT('',(0.1818,0.,0.04525));
#4209=CARTESIAN_POINT('',(0.1804,-0.000446228148567501,0.04025));
#4210=CARTESIAN_POINT('',(0.1804,-0.00044422814856752,0.04385));
#4211=CARTESIAN_POINT('',(0.1914,-0.000446228148567501,0.04385));
#4212=CARTESIAN_POINT('',(0.1818,-0.000446228148567501,0.04385));
#4213=MECHANICAL_DESIGN_GEOMETRIC_PRESENTATION_REPRESENTATION('',(#2536),
#4214);
#4214=(
GEOMETRIC_REPRESENTATION_CONTEXT(3)
GLOBAL_UNCERTAINTY_ASSIGNED_CONTEXT((#4215))
GLOBAL_UNIT_ASSIGNED_CONTEXT((#4218,#4217,#4216))
REPRESENTATION_CONTEXT('Topper','TOP_LEVEL_ASSEMBLY_PART')
);
#4215=UNCERTAINTY_MEASURE_WITH_UNIT(LENGTH_MEASURE(1.E-8),#4218,
'DISTANCE_ACCURACY_VALUE','Maximum Tolerance applied to model');
#4216=(
NAMED_UNIT(*)
SI_UNIT($,.STERADIAN.)
SOLID_ANGLE_UNIT()
);
#4217=(
NAMED_UNIT(*)
PLANE_ANGLE_UNIT()
SI_UNIT($,.RADIAN.)
);
#4218=(
LENGTH_UNIT()
NAMED_UNIT(*)
SI_UNIT($,.METRE.)
);
#4219=PRODUCT_DEFINITION_SHAPE('','',#4220);
#4220=PRODUCT_DEFINITION('','',#4222,#4221);
#4221=PRODUCT_DEFINITION_CONTEXT('',#4228,'design');
#4222=PRODUCT_DEFINITION_FORMATION_WITH_SPECIFIED_SOURCE('','',#4224,
 .NOT_KNOWN.);
#4223=PRODUCT_RELATED_PRODUCT_CATEGORY('','',(#4224));
#4224=PRODUCT('Topper','Topper','Topper',(#4226));
#4225=PRODUCT_CATEGORY('','');
#4226=PRODUCT_CONTEXT('',#4228,'mechanical');
#4227=APPLICATION_PROTOCOL_DEFINITION('international standard',
'ap242_managed_model_based_3d_engineering',2020,#4228);
#4228=APPLICATION_CONTEXT('managed model based 3d engineering');
ENDSEC;
END-ISO-10303-21;
