  0
SECTION
  2
HEADER
  9
$ACADVER
  1
AC1027
  9
$ACADMAINTVER
 70
105
  9
$DWGCODEPAGE
  3
ANSI_1252
  9
$LASTSAVEDBY
  1
ezdxf
  9
$REQUIREDVERSIONS
160
0
  9
$INSBASE
 10
0.0
 20
0.0
 30
0.0
  9
$EXTMIN
 10
1e+20
 20
1e+20
 30
1e+20
  9
$EXTMAX
 10
-1e+20
 20
-1e+20
 30
-1e+20
  9
$LIMMIN
 10
0.0
 20
0.0
  9
$LIMMAX
 10
420.0
 20
297.0
  9
$ORTHOMODE
 70
0
  9
$REGENMODE
 70
1
  9
$FILLMODE
 70
1
  9
$QTEXTMODE
 70
0
  9
$MIRRTEXT
 70
1
  9
$LTSCALE
 40
1.0
  9
$ATTMODE
 70
1
  9
$TEXTSIZE
 40
2.5
  9
$TRACEWID
 40
1.0
  9
$TEXTSTYLE
  7
Standard
  9
$CLAYER
  8
0
  9
$CELTYPE
  6
ByLayer
  9
$CECOLOR
 62
256
  9
$CELTSCALE
 40
1.0
  9
$DISPSILH
 70
0
  9
$DIMSCALE
 40
1.0
  9
$DIMASZ
 40
2.5
  9
$DIMEXO
 40
0.625
  9
$DIMDLI
 40
3.75
  9
$DIMRND
 40
0.0
  9
$DIMDLE
 40
0.0
  9
$DIMEXE
 40
1.25
  9
$DIMTP
 40
0.0
  9
$DIMTM
 40
0.0
  9
$DIMTXT
 40
2.5
  9
$DIMCEN
 40
2.5
  9
$DIMTSZ
 40
0.0
  9
$DIMTOL
 70
0
  9
$DIMLIM
 70
0
  9
$DIMTIH
 70
0
  9
$DIMTOH
 70
0
  9
$DIMSE1
 70
0
  9
$DIMSE2
 70
0
  9
$DIMTAD
 70
1
  9
$DIMZIN
 70
8
  9
$DIMBLK
  1

  9
$DIMASO
 70
1
  9
$DIMSHO
 70
1
  9
$DIMPOST
  1

  9
$DIMAPOST
  1

  9
$DIMALT
 70
0
  9
$DIMALTD
 70
3
  9
$DIMALTF
 40
0.03937007874
  9
$DIMLFAC
 40
1.0
  9
$DIMTOFL
 70
1
  9
$DIMTVP
 40
0.0
  9
$DIMTIX
 70
0
  9
$DIMSOXD
 70
0
  9
$DIMSAH
 70
0
  9
$DIMBLK1
  1

  9
$DIMBLK2
  1

  9
$DIMSTYLE
  2
ISO-25
  9
$DIMCLRD
 70
0
  9
$DIMCLRE
 70
0
  9
$DIMCLRT
 70
0
  9
$DIMTFAC
 40
1.0
  9
$DIMGAP
 40
0.625
  9
$DIMJUST
 70
0
  9
$DIMSD1
 70
0
  9
$DIMSD2
 70
0
  9
$DIMTOLJ
 70
0
  9
$DIMTZIN
 70
8
  9
$DIMALTZ
 70
0
  9
$DIMALTTZ
 70
0
  9
$DIMUPT
 70
0
  9
$DIMDEC
 70
2
  9
$DIMTDEC
 70
2
  9
$DIMALTU
 70
2
  9
$DIMALTTD
 70
3
  9
$DIMTXSTY
  7
Standard
  9
$DIMAUNIT
 70
0
  9
$DIMADEC
 70
0
  9
$DIMALTRND
 40
0.0
  9
$DIMAZIN
 70
0
  9
$DIMDSEP
 70
44
  9
$DIMATFIT
 70
3
  9
$DIMFRAC
 70
0
  9
$DIMLDRBLK
  1

  9
$DIMLUNIT
 70
2
  9
$DIMLWD
 70
-2
  9
$DIMLWE
 70
-2
  9
$DIMTMOVE
 70
0
  9
$DIMFXL
 40
1.0
  9
$DIMFXLON
 70
0
  9
$DIMJOGANG
 40
0.785398163397
  9
$DIMTFILL
 70
0
  9
$DIMTFILLCLR
 70
0
  9
$DIMARCSYM
 70
0
  9
$DIMLTYPE
  6

  9
$DIMLTEX1
  6

  9
$DIMLTEX2
  6

  9
$DIMTXTDIRECTION
 70
0
  9
$LUNITS
 70
2
  9
$LUPREC
 70
4
  9
$SKETCHINC
 40
1.0
  9
$FILLETRAD
 40
10.0
  9
$AUNITS
 70
0
  9
$AUPREC
 70
2
  9
$MENU
  1
.
  9
$ELEVATION
 40
0.0
  9
$PELEVATION
 40
0.0
  9
$THICKNESS
 40
0.0
  9
$LIMCHECK
 70
0
  9
$CHAMFERA
 40
0.0
  9
$CHAMFERB
 40
0.0
  9
$CHAMFERC
 40
0.0
  9
$CHAMFERD
 40
0.0
  9
$SKPOLY
 70
0
  9
$TDCREATE
 40
2461286.700266204
  9
$TDUCREATE
 40
2458532.153996898
  9
$TDUPDATE
 40
2461286.700266204
  9
$TDUUPDATE
 40
2458532.1544311
  9
$TDINDWG
 40
0.0
  9
$TDUSRTIMER
 40
0.0
  9
$USRTIMER
 70
1
  9
$ANGBASE
 50
0.0
  9
$ANGDIR
 70
0
  9
$PDMODE
 70
0
  9
$PDSIZE
 40
0.0
  9
$PLINEWID
 40
0.0
  9
$SPLFRAME
 70
0
  9
$SPLINETYPE
 70
6
  9
$SPLINESEGS
 70
8
  9
$HANDSEED
  5
19EF
  9
$SURFTAB1
 70
6
  9
$SURFTAB2
 70
6
  9
$SURFTYPE
 70
6
  9
$SURFU
 70
6
  9
$SURFV
 70
6
  9
$UCSBASE
  2

  9
$UCSNAME
  2

  9
$UCSORG
 10
0.0
 20
0.0
 30
0.0
  9
$UCSXDIR
 10
1.0
 20
0.0
 30
0.0
  9
$UCSYDIR
 10
0.0
 20
1.0
 30
0.0
  9
$UCSORTHOREF
  2

  9
$UCSORTHOVIEW
 70
0
  9
$UCSORGTOP
 10
0.0
 20
0.0
 30
0.0
  9
$UCSORGBOTTOM
 10
0.0
 20
0.0
 30
0.0
  9
$UCSORGLEFT
 10
0.0
 20
0.0
 30
0.0
  9
$UCSORGRIGHT
 10
0.0
 20
0.0
 30
0.0
  9
$UCSORGFRONT
 10
0.0
 20
0.0
 30
0.0
  9
$UCSORGBACK
 10
0.0
 20
0.0
 30
0.0
  9
$PUCSBASE
  2

  9
$PUCSNAME
  2

  9
$PUCSORG
 10
0.0
 20
0.0
 30
0.0
  9
$PUCSXDIR
 10
1.0
 20
0.0
 30
0.0
  9
$PUCSYDIR
 10
0.0
 20
1.0
 30
0.0
  9
$PUCSORTHOREF
  2

  9
$PUCSORTHOVIEW
 70
0
  9
$PUCSORGTOP
 10
0.0
 20
0.0
 30
0.0
  9
$PUCSORGBOTTOM
 10
0.0
 20
0.0
 30
0.0
  9
$PUCSORGLEFT
 10
0.0
 20
0.0
 30
0.0
  9
$PUCSORGRIGHT
 10
0.0
 20
0.0
 30
0.0
  9
$PUCSORGFRONT
 10
0.0
 20
0.0
 30
0.0
  9
$PUCSORGBACK
 10
0.0
 20
0.0
 30
0.0
  9
$USERI1
 70
0
  9
$USERI2
 70
0
  9
$USERI3
 70
0
  9
$USERI4
 70
0
  9
$USERI5
 70
0
  9
$USERR1
 40
0.0
  9
$USERR2
 40
0.0
  9
$USERR3
 40
0.0
  9
$USERR4
 40
0.0
  9
$USERR5
 40
0.0
  9
$WORLDVIEW
 70
1
  9
$SHADEDGE
 70
3
  9
$SHADEDIF
 70
70
  9
$TILEMODE
 70
1
  9
$MAXACTVP
 70
64
  9
$PINSBASE
 10
0.0
 20
0.0
 30
0.0
  9
$PLIMCHECK
 70
0
  9
$PEXTMIN
 10
1e+20
 20
1e+20
 30
1e+20
  9
$PEXTMAX
 10
-1e+20
 20
-1e+20
 30
-1e+20
  9
$PLIMMIN
 10
0.0
 20
0.0
  9
$PLIMMAX
 10
420.0
 20
297.0
  9
$UNITMODE
 70
0
  9
$VISRETAIN
 70
1
  9
$PLINEGEN
 70
0
  9
$PSLTSCALE
 70
1
  9
$TREEDEPTH
 70
3020
  9
$CMLSTYLE
  2
Standard
  9
$CMLJUST
 70
0
  9
$CMLSCALE
 40
20.0
  9
$PROXYGRAPHICS
 70
1
  9
$MEASUREMENT
 70
1
  9
$CELWEIGHT
370
-1
  9
$ENDCAPS
280
0
  9
$JOINSTYLE
280
0
  9
$LWDISPLAY
290
0
  9
$INSUNITS
 70
4
  9
$HYPERLINKBASE
  1

  9
$STYLESHEET
  1

  9
$XEDIT
290
1
  9
$CEPSNTYPE
380
0
  9
$PSTYLEMODE
290
1
  9
$FINGERPRINTGUID
  2
{94411944-F4C6-4E88-A4F6-6E9DA4402FEF}
  9
$VERSIONGUID
  2
{47DE90B4-5350-432E-9A3B-59A0C1A69897}
  9
$EXTNAMES
290
1
  9
$PSVPSCALE
 40
0.0
  9
$OLESTARTUP
290
0
  9
$SORTENTS
280
127
  9
$INDEXCTL
280
0
  9
$HIDETEXT
280
1
  9
$XCLIPFRAME
280
1
  9
$HALOGAP
280
0
  9
$OBSCOLOR
 70
257
  9
$OBSLTYPE
280
0
  9
$INTERSECTIONDISPLAY
280
0
  9
$INTERSECTIONCOLOR
 70
257
  9
$DIMASSOC
280
2
  9
$PROJECTNAME
  1

  9
$CAMERADISPLAY
290
0
  9
$LENSLENGTH
 40
50.0
  9
$CAMERAHEIGHT
 40
0.0
  9
$STEPSPERSEC
 40
24.0
  9
$STEPSIZE
 40
100.0
  9
$3DDWFPREC
 40
2.0
  9
$PSOLWIDTH
 40
0.005
  9
$PSOLHEIGHT
 40
0.08
  9
$LOFTANG1
 40
1.570796326795
  9
$LOFTANG2
 40
1.570796326795
  9
$LOFTMAG1
 40
0.0
  9
$LOFTMAG2
 40
0.0
  9
$LOFTPARAM
 70
7
  9
$LOFTNORMALS
280
1
  9
$LATITUDE
 40
37.795
  9
$LONGITUDE
 40
-122.394
  9
$NORTHDIRECTION
 40
0.0
  9
$TIMEZONE
 70
-8000
  9
$LIGHTGLYPHDISPLAY
280
1
  9
$TILEMODELIGHTSYNCH
280
1
  9
$CMATERIAL
347
20
  9
$SOLIDHIST
280
0
  9
$SHOWHIST
280
1
  9
$DWFFRAME
280
2
  9
$DGNFRAME
280
2
  9
$REALWORLDSCALE
290
1
  9
$INTERFERECOLOR
 62
256
  9
$CSHADOW
280
0
  9
$SHADOWPLANELOCATION
 40
0.0
  0
ENDSEC
  0
SECTION
  2
CLASSES
  0
CLASS
  1
ACDBDICTIONARYWDFLT
  2
AcDbDictionaryWithDefault
  3
ObjectDBX Classes
 90
0
 91
0
280
0
281
0
  0
CLASS
  1
SUN
  2
AcDbSun
  3
SCENEOE
 90
1153
 91
0
280
0
281
0
  0
CLASS
  1
VISUALSTYLE
  2
AcDbVisualStyle
  3
ObjectDBX Classes
 90
4095
 91
0
280
0
281
0
  0
CLASS
  1
MATERIAL
  2
AcDbMaterial
  3
ObjectDBX Classes
 90
1153
 91
0
280
0
281
0
  0
CLASS
  1
SCALE
  2
AcDbScale
  3
ObjectDBX Classes
 90
1153
 91
0
280
0
281
0
  0
CLASS
  1
TABLESTYLE
  2
AcDbTableStyle
  3
ObjectDBX Classes
 90
4095
 91
0
280
0
281
0
  0
CLASS
  1
MLEADERSTYLE
  2
AcDbMLeaderStyle
  3
ACDB_MLEADERSTYLE_CLASS
 90
4095
 91
0
280
0
281
0
  0
CLASS
  1
DICTIONARYVAR
  2
AcDbDictionaryVar
  3
ObjectDBX Classes
 90
0
 91
0
280
0
281
0
  0
CLASS
  1
CELLSTYLEMAP
  2
AcDbCellStyleMap
  3
ObjectDBX Classes
 90
1152
 91
0
280
0
281
0
  0
CLASS
  1
MENTALRAYRENDERSETTINGS
  2
AcDbMentalRayRenderSettings
  3
SCENEOE
 90
1024
 91
0
280
0
281
0
  0
CLASS
  1
ACDBDETAILVIEWSTYLE
  2
AcDbDetailViewStyle
  3
ObjectDBX Classes
 90
1025
 91
0
280
0
281
0
  0
CLASS
  1
ACDBSECTIONVIEWSTYLE
  2
AcDbSectionViewStyle
  3
ObjectDBX Classes
 90
1025
 91
0
280
0
281
0
  0
CLASS
  1
RASTERVARIABLES
  2
AcDbRasterVariables
  3
ISM
 90
0
 91
0
280
0
281
0
  0
CLASS
  1
ACDBPLACEHOLDER
  2
AcDbPlaceHolder
  3
ObjectDBX Classes
 90
0
 91
0
280
0
281
0
  0
CLASS
  1
LAYOUT
  2
AcDbLayout
  3
ObjectDBX Classes
 90
0
 91
0
280
0
281
0
  0
ENDSEC
  0
SECTION
  2
TABLES
  0
TABLE
  2
VPORT
  5
8
330
0
100
AcDbSymbolTable
 70
1
  0
VPORT
  5
19EB
330
8
100
AcDbSymbolTableRecord
100
AcDbViewportTableRecord
  2
*Active
 70
0
 10
0.0
 20
0.0
 11
1.0
 21
1.0
 12
1.3829749999999947
 22
-0.6184899999999978
 13
0.0
 23
0.0
 14
0.5
 24
0.5
 15
0.5
 25
0.5
 16
0.0
 26
0.0
 36
1.0
 17
0.0
 27
0.0
 37
0.0
 40
48.885335
 41
1.34
 42
50.0
 43
0.0
 44
0.0
 50
0.0
 51
0.0
 71
0
 72
1000
 73
1
 74
3
 75
0
 76
0
 77
0
 78
0
281
0
 65
1
110
0.0
120
0.0
130
0.0
111
1.0
121
0.0
131
0.0
112
0.0
122
1.0
132
0.0
 79
0
146
0.0
  0
ENDTAB
  0
TABLE
  2
LTYPE
  5
2
330
0
100
AcDbSymbolTable
 70
3
  0
LTYPE
  5
24
330
2
100
AcDbSymbolTableRecord
100
AcDbLinetypeTableRecord
  2
ByBlock
 70
0
  3

 72
65
 73
0
 40
0.0
  0
LTYPE
  5
25
330
2
100
AcDbSymbolTableRecord
100
AcDbLinetypeTableRecord
  2
ByLayer
 70
0
  3

 72
65
 73
0
 40
0.0
  0
LTYPE
  5
26
330
2
100
AcDbSymbolTableRecord
100
AcDbLinetypeTableRecord
  2
Continuous
 70
0
  3

 72
65
 73
0
 40
0.0
  0
ENDTAB
  0
TABLE
  2
LAYER
  5
1
330
0
100
AcDbSymbolTable
 70
2
  0
LAYER
  5
27
330
1
100
AcDbSymbolTableRecord
100
AcDbLayerTableRecord
  2
0
 70
0
 62
7
  6
Continuous
370
-3
390
13
347
21
  0
LAYER
  5
28
330
1
100
AcDbSymbolTableRecord
100
AcDbLayerTableRecord
  2
Defpoints
 70
0
 62
7
  6
Continuous
290
0
370
-3
390
13
347
21
  0
ENDTAB
  0
TABLE
  2
STYLE
  5
5
330
0
100
AcDbSymbolTable
 70
1
  0
STYLE
  5
29
330
5
100
AcDbSymbolTableRecord
100
AcDbTextStyleTableRecord
  2
Standard
 70
0
 40
0.0
 41
1.0
 50
0.0
 71
0
 42
2.5
  3
txt
  4

  0
ENDTAB
  0
TABLE
  2
VIEW
  5
7
330
0
100
AcDbSymbolTable
 70
0
  0
ENDTAB
  0
TABLE
  2
UCS
  5
6
330
0
100
AcDbSymbolTable
 70
0
  0
ENDTAB
  0
TABLE
  2
APPID
  5
3
330
0
100
AcDbSymbolTable
 70
3
  0
APPID
  5
2A
330
3
100
AcDbSymbolTableRecord
100
AcDbRegAppTableRecord
  2
ACAD
 70
0
  0
APPID
  5
19EC
330
3
100
AcDbSymbolTableRecord
100
AcDbRegAppTableRecord
  2
HATCHBACKGROUNDCOLOR
 70
0
  0
APPID
  5
19ED
330
3
100
AcDbSymbolTableRecord
100
AcDbRegAppTableRecord
  2
EZDXF
 70
0
  0
ENDTAB
  0
TABLE
  2
DIMSTYLE
  5
4
330
0
100
AcDbSymbolTable
 70
1
100
AcDbDimStyleTable
  0
DIMSTYLE
105
2B
330
4
100
AcDbSymbolTableRecord
100
AcDbDimStyleTableRecord
  2
Standard
 70
0
 40
1.0
 41
2.5
 42
0.625
 43
3.75
 44
1.25
 45
0.0
 46
0.0
 47
0.0
 48
0.0
 49
2.5
140
2.5
141
2.5
142
0.0
143
0.03937007874
144
1.0
145
0.0
146
1.0
147
0.625
148
0.0
 69
0
 70
0
 71
0
 72
0
 73
0
 74
0
 75
0
 76
0
 77
1
 78
8
 79
3
170
0
171
3
172
1
173
0
174
0
175
0
176
0
177
0
178
0
179
2
271
2
272
2
273
2
274
3
275
0
276
0
277
2
278
44
279
0
280
0
281
0
282
0
283
0
284
8
285
0
286
0
288
0
289
3
290
0
371
-2
372
-2
  0
ENDTAB
  0
TABLE
  2
BLOCK_RECORD
  5
9
330
0
100
AcDbSymbolTable
 70
2
  0
BLOCK_RECORD
  5
17
330
9
100
AcDbSymbolTableRecord
100
AcDbBlockTableRecord
  2
*Model_Space
340
1A
 70
0
280
1
281
0
  0
BLOCK_RECORD
  5
1B
330
9
100
AcDbSymbolTableRecord
100
AcDbBlockTableRecord
  2
*Paper_Space
340
1E
 70
0
280
1
281
0
  0
ENDTAB
  0
ENDSEC
  0
SECTION
  2
BLOCKS
  0
BLOCK
  5
18
330
17
100
AcDbEntity
  8
0
100
AcDbBlockBegin
  2
*Model_Space
 70
0
 10
0.0
 20
0.0
 30
0.0
  3
*Model_Space
  1

  0
ENDBLK
  5
19
330
17
100
AcDbEntity
  8
0
100
AcDbBlockEnd
  0
BLOCK
  5
1C
330
1B
100
AcDbEntity
  8
0
100
AcDbBlockBegin
  2
*Paper_Space
 70
0
 10
0.0
 20
0.0
 30
0.0
  3
*Paper_Space
  1

  0
ENDBLK
  5
1D
330
1B
100
AcDbEntity
  8
0
100
AcDbBlockEnd
  0
ENDSEC
  0
SECTION
  2
ENTITIES
  0
LINE
  5
2F
330
17
100
AcDbEntity
  8
0
100
AcDbLine
 10
-13.86381
 20
1.26342
 30
0.0
 11
-13.8766
 21
1.25106
 31
0.0
  0
LINE
  5
30
330
17
100
AcDbEntity
  8
0
100
AcDbLine
 10
-13.8766
 20
1.25106
 30
0.0
 11
-13.88812
 21
1.2375
 31
0.0
  0
LINE
  5
31
330
17
100
AcDbEntity
  8
0
100
AcDbLine
 10
-13.88812
 20
1.2375
 30
0.0
 11
-13.899180000000001
 21
1.22152
 31
0.0
  0
LINE
  5
32
330
17
100
AcDbEntity
  8
0
100
AcDbLine
 10
-13.899180000000001
 20
1.22152
 30
0.0
 11
-13.908570000000001
 21
1.20451
 31
0.0
  0
LINE
  5
33
330
17
100
AcDbEntity
  8
0
100
AcDbLine
 10
-13.908570000000001
 20
1.20451
 30
0.0
 11
-13.9162
 21
1.1866299999999999
 31
0.0
  0
LINE
  5
34
330
17
100
AcDbEntity
  8
0
100
AcDbLine
 10
-13.9162
 20
1.1866299999999999
 30
0.0
 11
-13.921990000000001
 21
1.16808
 31
0.0
  0
LINE
  5
35
330
17
100
AcDbEntity
  8
0
100
AcDbLine
 10
-13.921990000000001
 20
1.16808
 30
0.0
 11
-13.925889999999999
 21
1.14904
 31
0.0
  0
LINE
  5
36
330
17
100
AcDbEntity
  8
0
100
AcDbLine
 10
-13.925889999999999
 20
1.14904
 30
0.0
 11
-13.92784
 21
1.12971
 31
0.0
  0
LINE
  5
37
330
17
100
AcDbEntity
  8
0
100
AcDbLine
 10
-13.92784
 20
1.12971
 30
0.0
 11
-13.92784
 21
1.11028
 31
0.0
  0
LINE
  5
38
330
17
100
AcDbEntity
  8
0
100
AcDbLine
 10
-13.92784
 20
1.11028
 30
0.0
 11
-13.925889999999999
 21
1.09094
 31
0.0
  0
LINE
  5
39
330
17
100
AcDbEntity
  8
0
100
AcDbLine
 10
-13.925889999999999
 20
1.09094
 30
0.0
 11
-13.921990000000001
 21
1.0719
 31
0.0
  0
LINE
  5
3A
330
17
100
AcDbEntity
  8
0
100
AcDbLine
 10
-13.921990000000001
 20
1.0719
 30
0.0
 11
-13.9162
 21
1.05335
 31
0.0
  0
LINE
  5
3B
330
17
100
AcDbEntity
  8
0
100
AcDbLine
 10
-13.9162
 20
1.05335
 30
0.0
 11
-13.908570000000001
 21
1.0354800000000002
 31
0.0
  0
LINE
  5
3C
330
17
100
AcDbEntity
  8
0
100
AcDbLine
 10
-13.908570000000001
 20
1.0354800000000002
 30
0.0
 11
-13.899180000000001
 21
1.01846
 31
0.0
  0
LINE
  5
3D
330
17
100
AcDbEntity
  8
0
100
AcDbLine
 10
-13.899180000000001
 20
1.01846
 30
0.0
 11
-13.88812
 21
1.00248
 31
0.0
  0
LINE
  5
3E
330
17
100
AcDbEntity
  8
0
100
AcDbLine
 10
-13.88812
 20
1.00248
 30
0.0
 11
-13.8766
 21
0.9889300000000001
 31
0.0
  0
LINE
  5
3F
330
17
100
AcDbEntity
  8
0
100
AcDbLine
 10
-13.8766
 20
0.9889300000000001
 30
0.0
 11
-13.86381
 21
0.97656
 31
0.0
  0
LINE
  5
40
330
17
100
AcDbEntity
  8
0
100
AcDbLine
 10
-13.86381
 20
0.97656
 30
0.0
 11
-13.84988
 21
0.9655
 31
0.0
  0
LINE
  5
41
330
17
100
AcDbEntity
  8
0
100
AcDbLine
 10
-13.84988
 20
0.9655
 30
0.0
 11
-13.83493
 21
0.95585
 31
0.0
  0
LINE
  5
42
330
17
100
AcDbEntity
  8
0
100
AcDbLine
 10
-13.83493
 20
0.95585
 30
0.0
 11
-13.81911
 21
0.94771
 31
0.0
  0
LINE
  5
43
330
17
100
AcDbEntity
  8
0
100
AcDbLine
 10
-13.81911
 20
0.94771
 30
0.0
 11
-13.80258
 21
0.9411499999999999
 31
0.0
  0
LINE
  5
44
330
17
100
AcDbEntity
  8
0
100
AcDbLine
 10
-13.80258
 20
0.9411499999999999
 30
0.0
 11
-13.78548
 21
0.93624
 31
0.0
  0
LINE
  5
45
330
17
100
AcDbEntity
  8
0
100
AcDbLine
 10
-13.78548
 20
0.93624
 30
0.0
 11
-13.674669999999999
 21
0.91628
 31
0.0
  0
LINE
  5
46
330
17
100
AcDbEntity
  8
0
100
AcDbLine
 10
-13.674669999999999
 20
0.91628
 30
0.0
 11
-13.562370000000001
 21
0.9081300000000001
 31
0.0
  0
LINE
  5
47
330
17
100
AcDbEntity
  8
0
100
AcDbLine
 10
-13.562370000000001
 20
0.9081300000000001
 30
0.0
 11
-13.004520000000001
 21
0.90268
 31
0.0
  0
LINE
  5
48
330
17
100
AcDbEntity
  8
0
100
AcDbLine
 10
-13.004520000000001
 20
0.90268
 30
0.0
 11
-12.44667
 21
0.9081300000000001
 31
0.0
  0
LINE
  5
49
330
17
100
AcDbEntity
  8
0
100
AcDbLine
 10
-12.44667
 20
0.9081300000000001
 30
0.0
 11
-12.334370000000002
 21
0.91628
 31
0.0
  0
LINE
  5
4A
330
17
100
AcDbEntity
  8
0
100
AcDbLine
 10
-12.334370000000002
 20
0.91628
 30
0.0
 11
-12.223559999999999
 21
0.93624
 31
0.0
  0
LINE
  5
4B
330
17
100
AcDbEntity
  8
0
100
AcDbLine
 10
-12.223559999999999
 20
0.93624
 30
0.0
 11
-12.20646
 21
0.9411499999999999
 31
0.0
  0
LINE
  5
4C
330
17
100
AcDbEntity
  8
0
100
AcDbLine
 10
-12.20646
 20
0.9411499999999999
 30
0.0
 11
-12.18993
 21
0.94771
 31
0.0
  0
LINE
  5
4D
330
17
100
AcDbEntity
  8
0
100
AcDbLine
 10
-12.18993
 20
0.94771
 30
0.0
 11
-12.17411
 21
0.95585
 31
0.0
  0
LINE
  5
4E
330
17
100
AcDbEntity
  8
0
100
AcDbLine
 10
-12.17411
 20
0.95585
 30
0.0
 11
-12.15916
 21
0.9655
 31
0.0
  0
LINE
  5
4F
330
17
100
AcDbEntity
  8
0
100
AcDbLine
 10
-12.15916
 20
0.9655
 30
0.0
 11
-12.14523
 21
0.97656
 31
0.0
  0
LINE
  5
50
330
17
100
AcDbEntity
  8
0
100
AcDbLine
 10
-12.14523
 20
0.97656
 30
0.0
 11
-12.132439999999999
 21
0.9889300000000001
 31
0.0
  0
LINE
  5
51
330
17
100
AcDbEntity
  8
0
100
AcDbLine
 10
-12.132439999999999
 20
0.9889300000000001
 30
0.0
 11
-12.12091
 21
1.00248
 31
0.0
  0
LINE
  5
52
330
17
100
AcDbEntity
  8
0
100
AcDbLine
 10
-12.12091
 20
1.00248
 30
0.0
 11
-12.10986
 21
1.01846
 31
0.0
  0
LINE
  5
53
330
17
100
AcDbEntity
  8
0
100
AcDbLine
 10
-12.10986
 20
1.01846
 30
0.0
 11
-12.10047
 21
1.0354800000000002
 31
0.0
  0
LINE
  5
54
330
17
100
AcDbEntity
  8
0
100
AcDbLine
 10
-12.10047
 20
1.0354800000000002
 30
0.0
 11
-12.09284
 21
1.05335
 31
0.0
  0
LINE
  5
55
330
17
100
AcDbEntity
  8
0
100
AcDbLine
 10
-12.09284
 20
1.05335
 30
0.0
 11
-12.08705
 21
1.0719
 31
0.0
  0
LINE
  5
56
330
17
100
AcDbEntity
  8
0
100
AcDbLine
 10
-12.08705
 20
1.0719
 30
0.0
 11
-12.083150000000002
 21
1.09094
 31
0.0
  0
LINE
  5
57
330
17
100
AcDbEntity
  8
0
100
AcDbLine
 10
-12.083150000000002
 20
1.09094
 30
0.0
 11
-12.081190000000001
 21
1.11028
 31
0.0
  0
LINE
  5
58
330
17
100
AcDbEntity
  8
0
100
AcDbLine
 10
-12.081190000000001
 20
1.11028
 30
0.0
 11
-12.081190000000001
 21
1.12971
 31
0.0
  0
LINE
  5
59
330
17
100
AcDbEntity
  8
0
100
AcDbLine
 10
-12.081190000000001
 20
1.12971
 30
0.0
 11
-12.083150000000002
 21
1.14904
 31
0.0
  0
LINE
  5
5A
330
17
100
AcDbEntity
  8
0
100
AcDbLine
 10
-12.083150000000002
 20
1.14904
 30
0.0
 11
-12.08705
 21
1.16808
 31
0.0
  0
LINE
  5
5B
330
17
100
AcDbEntity
  8
0
100
AcDbLine
 10
-12.08705
 20
1.16808
 30
0.0
 11
-12.09284
 21
1.1866299999999999
 31
0.0
  0
LINE
  5
5C
330
17
100
AcDbEntity
  8
0
100
AcDbLine
 10
-12.09284
 20
1.1866299999999999
 30
0.0
 11
-12.10047
 21
1.20451
 31
0.0
  0
LINE
  5
5D
330
17
100
AcDbEntity
  8
0
100
AcDbLine
 10
-12.10047
 20
1.20451
 30
0.0
 11
-12.10986
 21
1.22152
 31
0.0
  0
LINE
  5
5E
330
17
100
AcDbEntity
  8
0
100
AcDbLine
 10
-12.10986
 20
1.22152
 30
0.0
 11
-12.12091
 21
1.2375
 31
0.0
  0
LINE
  5
5F
330
17
100
AcDbEntity
  8
0
100
AcDbLine
 10
-12.12091
 20
1.2375
 30
0.0
 11
-12.132439999999999
 21
1.25106
 31
0.0
  0
LINE
  5
60
330
17
100
AcDbEntity
  8
0
100
AcDbLine
 10
-12.132439999999999
 20
1.25106
 30
0.0
 11
-12.14523
 21
1.26342
 31
0.0
  0
LINE
  5
61
330
17
100
AcDbEntity
  8
0
100
AcDbLine
 10
-12.14523
 20
1.26342
 30
0.0
 11
-12.15916
 21
1.2744799999999998
 31
0.0
  0
LINE
  5
62
330
17
100
AcDbEntity
  8
0
100
AcDbLine
 10
-12.15916
 20
1.2744799999999998
 30
0.0
 11
-12.17411
 21
1.28413
 31
0.0
  0
LINE
  5
63
330
17
100
AcDbEntity
  8
0
100
AcDbLine
 10
-12.17411
 20
1.28413
 30
0.0
 11
-12.18993
 21
1.29227
 31
0.0
  0
LINE
  5
64
330
17
100
AcDbEntity
  8
0
100
AcDbLine
 10
-12.18993
 20
1.29227
 30
0.0
 11
-12.20646
 21
1.29883
 31
0.0
  0
LINE
  5
65
330
17
100
AcDbEntity
  8
0
100
AcDbLine
 10
-12.20646
 20
1.29883
 30
0.0
 11
-12.223559999999999
 21
1.30375
 31
0.0
  0
LINE
  5
66
330
17
100
AcDbEntity
  8
0
100
AcDbLine
 10
-12.223559999999999
 20
1.30375
 30
0.0
 11
-12.334370000000002
 21
1.3237100000000002
 31
0.0
  0
LINE
  5
67
330
17
100
AcDbEntity
  8
0
100
AcDbLine
 10
-12.334370000000002
 20
1.3237100000000002
 30
0.0
 11
-12.44667
 21
1.3318500000000002
 31
0.0
  0
LINE
  5
68
330
17
100
AcDbEntity
  8
0
100
AcDbLine
 10
-12.44667
 20
1.3318500000000002
 30
0.0
 11
-13.004520000000001
 21
1.3373
 31
0.0
  0
LINE
  5
69
330
17
100
AcDbEntity
  8
0
100
AcDbLine
 10
-13.004520000000001
 20
1.3373
 30
0.0
 11
-13.562370000000001
 21
1.3318500000000002
 31
0.0
  0
LINE
  5
6A
330
17
100
AcDbEntity
  8
0
100
AcDbLine
 10
-13.562370000000001
 20
1.3318500000000002
 30
0.0
 11
-13.674669999999999
 21
1.3237100000000002
 31
0.0
  0
LINE
  5
6B
330
17
100
AcDbEntity
  8
0
100
AcDbLine
 10
-13.674669999999999
 20
1.3237100000000002
 30
0.0
 11
-13.78548
 21
1.30375
 31
0.0
  0
LINE
  5
6C
330
17
100
AcDbEntity
  8
0
100
AcDbLine
 10
-13.78548
 20
1.30375
 30
0.0
 11
-13.80258
 21
1.29883
 31
0.0
  0
LINE
  5
6D
330
17
100
AcDbEntity
  8
0
100
AcDbLine
 10
-13.80258
 20
1.29883
 30
0.0
 11
-13.81911
 21
1.29227
 31
0.0
  0
LINE
  5
6E
330
17
100
AcDbEntity
  8
0
100
AcDbLine
 10
-13.81911
 20
1.29227
 30
0.0
 11
-13.83493
 21
1.28413
 31
0.0
  0
LINE
  5
6F
330
17
100
AcDbEntity
  8
0
100
AcDbLine
 10
-13.83493
 20
1.28413
 30
0.0
 11
-13.84988
 21
1.2744799999999998
 31
0.0
  0
LINE
  5
70
330
17
100
AcDbEntity
  8
0
100
AcDbLine
 10
-13.84988
 20
1.2744799999999998
 30
0.0
 11
-13.86381
 21
1.26342
 31
0.0
  0
LINE
  5
71
330
17
100
AcDbEntity
  8
0
100
AcDbLine
 10
-19.67128
 20
12.88661
 30
0.0
 11
-19.665200000000002
 21
12.89441
 31
0.0
  0
LINE
  5
72
330
17
100
AcDbEntity
  8
0
100
AcDbLine
 10
-19.665200000000002
 20
12.89441
 30
0.0
 11
-19.659989999999997
 21
12.90282
 31
0.0
  0
LINE
  5
73
330
17
100
AcDbEntity
  8
0
100
AcDbLine
 10
-19.659989999999997
 20
12.90282
 30
0.0
 11
-19.655700000000003
 21
12.91173
 31
0.0
  0
LINE
  5
74
330
17
100
AcDbEntity
  8
0
100
AcDbLine
 10
-19.655700000000003
 20
12.91173
 30
0.0
 11
-19.65239
 21
12.92106
 31
0.0
  0
LINE
  5
75
330
17
100
AcDbEntity
  8
0
100
AcDbLine
 10
-19.65239
 20
12.92106
 30
0.0
 11
-19.650100000000002
 21
12.93068
 31
0.0
  0
LINE
  5
76
330
17
100
AcDbEntity
  8
0
100
AcDbLine
 10
-19.650100000000002
 20
12.93068
 30
0.0
 11
-19.62393
 21
13.10038
 31
0.0
  0
LINE
  5
77
330
17
100
AcDbEntity
  8
0
100
AcDbLine
 10
-19.62393
 20
13.10038
 30
0.0
 11
-19.60722
 21
13.271279999999999
 31
0.0
  0
LINE
  5
78
330
17
100
AcDbEntity
  8
0
100
AcDbLine
 10
-19.60722
 20
13.271279999999999
 30
0.0
 11
-19.58341
 21
13.88399
 31
0.0
  0
LINE
  5
79
330
17
100
AcDbEntity
  8
0
100
AcDbLine
 10
-19.58341
 20
13.88399
 30
0.0
 11
-19.57816
 21
15.190850000000001
 31
0.0
  0
LINE
  5
7A
330
17
100
AcDbEntity
  8
0
100
AcDbLine
 10
-19.57816
 20
15.190850000000001
 30
0.0
 11
-19.58341
 21
16.497709999999998
 31
0.0
  0
LINE
  5
7B
330
17
100
AcDbEntity
  8
0
100
AcDbLine
 10
-19.58341
 20
16.497709999999998
 30
0.0
 11
-19.60722
 21
17.11043
 31
0.0
  0
LINE
  5
7C
330
17
100
AcDbEntity
  8
0
100
AcDbLine
 10
-19.60722
 20
17.11043
 30
0.0
 11
-19.62393
 21
17.28132
 31
0.0
  0
LINE
  5
7D
330
17
100
AcDbEntity
  8
0
100
AcDbLine
 10
-19.62393
 20
17.28132
 30
0.0
 11
-19.650100000000002
 21
17.45103
 31
0.0
  0
LINE
  5
7E
330
17
100
AcDbEntity
  8
0
100
AcDbLine
 10
-19.650100000000002
 20
17.45103
 30
0.0
 11
-19.65239
 21
17.46065
 31
0.0
  0
LINE
  5
7F
330
17
100
AcDbEntity
  8
0
100
AcDbLine
 10
-19.65239
 20
17.46065
 30
0.0
 11
-19.655700000000003
 21
17.46997
 31
0.0
  0
LINE
  5
80
330
17
100
AcDbEntity
  8
0
100
AcDbLine
 10
-19.655700000000003
 20
17.46997
 30
0.0
 11
-19.659989999999997
 21
17.47888
 31
0.0
  0
LINE
  5
81
330
17
100
AcDbEntity
  8
0
100
AcDbLine
 10
-19.659989999999997
 20
17.47888
 30
0.0
 11
-19.665200000000002
 21
17.487289999999998
 31
0.0
  0
LINE
  5
82
330
17
100
AcDbEntity
  8
0
100
AcDbLine
 10
-19.665200000000002
 20
17.487289999999998
 30
0.0
 11
-19.67128
 21
17.49509
 31
0.0
  0
LINE
  5
83
330
17
100
AcDbEntity
  8
0
100
AcDbLine
 10
-19.67128
 20
17.49509
 30
0.0
 11
-19.67816
 21
17.5022
 31
0.0
  0
LINE
  5
84
330
17
100
AcDbEntity
  8
0
100
AcDbLine
 10
-19.67816
 20
17.5022
 30
0.0
 11
-19.68576
 21
17.50854
 31
0.0
  0
LINE
  5
85
330
17
100
AcDbEntity
  8
0
100
AcDbLine
 10
-19.68576
 20
17.50854
 30
0.0
 11
-19.693990000000003
 21
17.514029999999998
 31
0.0
  0
LINE
  5
86
330
17
100
AcDbEntity
  8
0
100
AcDbLine
 10
-19.693990000000003
 20
17.514029999999998
 30
0.0
 11
-19.70276
 21
17.5186
 31
0.0
  0
LINE
  5
87
330
17
100
AcDbEntity
  8
0
100
AcDbLine
 10
-19.70276
 20
17.5186
 30
0.0
 11
-19.71196
 21
17.52222
 31
0.0
  0
LINE
  5
88
330
17
100
AcDbEntity
  8
0
100
AcDbLine
 10
-19.71196
 20
17.52222
 30
0.0
 11
-19.7215
 21
17.52483
 31
0.0
  0
LINE
  5
89
330
17
100
AcDbEntity
  8
0
100
AcDbLine
 10
-19.7215
 20
17.52483
 30
0.0
 11
-19.73127
 21
17.52641
 31
0.0
  0
LINE
  5
8A
330
17
100
AcDbEntity
  8
0
100
AcDbLine
 10
-19.73127
 20
17.52641
 30
0.0
 11
-19.741149999999998
 21
17.52694
 31
0.0
  0
LINE
  5
8B
330
17
100
AcDbEntity
  8
0
100
AcDbLine
 10
-19.741149999999998
 20
17.52694
 30
0.0
 11
-19.75102
 21
17.52641
 31
0.0
  0
LINE
  5
8C
330
17
100
AcDbEntity
  8
0
100
AcDbLine
 10
-19.75102
 20
17.52641
 30
0.0
 11
-19.76079
 21
17.52483
 31
0.0
  0
LINE
  5
8D
330
17
100
AcDbEntity
  8
0
100
AcDbLine
 10
-19.76079
 20
17.52483
 30
0.0
 11
-19.770329999999998
 21
17.52222
 31
0.0
  0
LINE
  5
8E
330
17
100
AcDbEntity
  8
0
100
AcDbLine
 10
-19.770329999999998
 20
17.52222
 30
0.0
 11
-19.77954
 21
17.5186
 31
0.0
  0
LINE
  5
8F
330
17
100
AcDbEntity
  8
0
100
AcDbLine
 10
-19.77954
 20
17.5186
 30
0.0
 11
-19.78831
 21
17.514029999999998
 31
0.0
  0
LINE
  5
90
330
17
100
AcDbEntity
  8
0
100
AcDbLine
 10
-19.78831
 20
17.514029999999998
 30
0.0
 11
-19.79653
 21
17.50854
 31
0.0
  0
LINE
  5
91
330
17
100
AcDbEntity
  8
0
100
AcDbLine
 10
-19.79653
 20
17.50854
 30
0.0
 11
-19.80413
 21
17.5022
 31
0.0
  0
LINE
  5
92
330
17
100
AcDbEntity
  8
0
100
AcDbLine
 10
-19.80413
 20
17.5022
 30
0.0
 11
-19.81101
 21
17.49509
 31
0.0
  0
LINE
  5
93
330
17
100
AcDbEntity
  8
0
100
AcDbLine
 10
-19.81101
 20
17.49509
 30
0.0
 11
-19.81709
 21
17.487289999999998
 31
0.0
  0
LINE
  5
94
330
17
100
AcDbEntity
  8
0
100
AcDbLine
 10
-19.81709
 20
17.487289999999998
 30
0.0
 11
-19.822300000000002
 21
17.47888
 31
0.0
  0
LINE
  5
95
330
17
100
AcDbEntity
  8
0
100
AcDbLine
 10
-19.822300000000002
 20
17.47888
 30
0.0
 11
-19.826590000000003
 21
17.46997
 31
0.0
  0
LINE
  5
96
330
17
100
AcDbEntity
  8
0
100
AcDbLine
 10
-19.826590000000003
 20
17.46997
 30
0.0
 11
-19.829900000000002
 21
17.46065
 31
0.0
  0
LINE
  5
97
330
17
100
AcDbEntity
  8
0
100
AcDbLine
 10
-19.829900000000002
 20
17.46065
 30
0.0
 11
-19.8322
 21
17.45103
 31
0.0
  0
LINE
  5
98
330
17
100
AcDbEntity
  8
0
100
AcDbLine
 10
-19.8322
 20
17.45103
 30
0.0
 11
-19.85837
 21
17.28132
 31
0.0
  0
LINE
  5
99
330
17
100
AcDbEntity
  8
0
100
AcDbLine
 10
-19.85837
 20
17.28132
 30
0.0
 11
-19.87507
 21
17.11043
 31
0.0
  0
LINE
  5
9A
330
17
100
AcDbEntity
  8
0
100
AcDbLine
 10
-19.87507
 20
17.11043
 30
0.0
 11
-19.898880000000002
 21
16.497709999999998
 31
0.0
  0
LINE
  5
9B
330
17
100
AcDbEntity
  8
0
100
AcDbLine
 10
-19.898880000000002
 20
16.497709999999998
 30
0.0
 11
-19.90413
 21
15.190850000000001
 31
0.0
  0
LINE
  5
9C
330
17
100
AcDbEntity
  8
0
100
AcDbLine
 10
-19.90413
 20
15.190850000000001
 30
0.0
 11
-19.898880000000002
 21
13.88399
 31
0.0
  0
LINE
  5
9D
330
17
100
AcDbEntity
  8
0
100
AcDbLine
 10
-19.898880000000002
 20
13.88399
 30
0.0
 11
-19.87507
 21
13.271279999999999
 31
0.0
  0
LINE
  5
9E
330
17
100
AcDbEntity
  8
0
100
AcDbLine
 10
-19.87507
 20
13.271279999999999
 30
0.0
 11
-19.85837
 21
13.10038
 31
0.0
  0
LINE
  5
9F
330
17
100
AcDbEntity
  8
0
100
AcDbLine
 10
-19.85837
 20
13.10038
 30
0.0
 11
-19.8322
 21
12.93068
 31
0.0
  0
LINE
  5
A0
330
17
100
AcDbEntity
  8
0
100
AcDbLine
 10
-19.8322
 20
12.93068
 30
0.0
 11
-19.829900000000002
 21
12.92106
 31
0.0
  0
LINE
  5
A1
330
17
100
AcDbEntity
  8
0
100
AcDbLine
 10
-19.829900000000002
 20
12.92106
 30
0.0
 11
-19.826590000000003
 21
12.91173
 31
0.0
  0
LINE
  5
A2
330
17
100
AcDbEntity
  8
0
100
AcDbLine
 10
-19.826590000000003
 20
12.91173
 30
0.0
 11
-19.822300000000002
 21
12.90282
 31
0.0
  0
LINE
  5
A3
330
17
100
AcDbEntity
  8
0
100
AcDbLine
 10
-19.822300000000002
 20
12.90282
 30
0.0
 11
-19.81709
 21
12.89441
 31
0.0
  0
LINE
  5
A4
330
17
100
AcDbEntity
  8
0
100
AcDbLine
 10
-19.81709
 20
12.89441
 30
0.0
 11
-19.81101
 21
12.88661
 31
0.0
  0
LINE
  5
A5
330
17
100
AcDbEntity
  8
0
100
AcDbLine
 10
-19.81101
 20
12.88661
 30
0.0
 11
-19.80413
 21
12.8795
 31
0.0
  0
LINE
  5
A6
330
17
100
AcDbEntity
  8
0
100
AcDbLine
 10
-19.80413
 20
12.8795
 30
0.0
 11
-19.79653
 21
12.87317
 31
0.0
  0
LINE
  5
A7
330
17
100
AcDbEntity
  8
0
100
AcDbLine
 10
-19.79653
 20
12.87317
 30
0.0
 11
-19.78831
 21
12.86768
 31
0.0
  0
LINE
  5
A8
330
17
100
AcDbEntity
  8
0
100
AcDbLine
 10
-19.78831
 20
12.86768
 30
0.0
 11
-19.77954
 21
12.863100000000001
 31
0.0
  0
LINE
  5
A9
330
17
100
AcDbEntity
  8
0
100
AcDbLine
 10
-19.77954
 20
12.863100000000001
 30
0.0
 11
-19.770329999999998
 21
12.85948
 31
0.0
  0
LINE
  5
AA
330
17
100
AcDbEntity
  8
0
100
AcDbLine
 10
-19.770329999999998
 20
12.85948
 30
0.0
 11
-19.76079
 21
12.856869999999999
 31
0.0
  0
LINE
  5
AB
330
17
100
AcDbEntity
  8
0
100
AcDbLine
 10
-19.76079
 20
12.856869999999999
 30
0.0
 11
-19.75102
 21
12.85529
 31
0.0
  0
LINE
  5
AC
330
17
100
AcDbEntity
  8
0
100
AcDbLine
 10
-19.75102
 20
12.85529
 30
0.0
 11
-19.741149999999998
 21
12.85476
 31
0.0
  0
LINE
  5
AD
330
17
100
AcDbEntity
  8
0
100
AcDbLine
 10
-19.741149999999998
 20
12.85476
 30
0.0
 11
-19.73127
 21
12.85529
 31
0.0
  0
LINE
  5
AE
330
17
100
AcDbEntity
  8
0
100
AcDbLine
 10
-19.73127
 20
12.85529
 30
0.0
 11
-19.7215
 21
12.856869999999999
 31
0.0
  0
LINE
  5
AF
330
17
100
AcDbEntity
  8
0
100
AcDbLine
 10
-19.7215
 20
12.856869999999999
 30
0.0
 11
-19.71196
 21
12.85948
 31
0.0
  0
LINE
  5
B0
330
17
100
AcDbEntity
  8
0
100
AcDbLine
 10
-19.71196
 20
12.85948
 30
0.0
 11
-19.70276
 21
12.863100000000001
 31
0.0
  0
LINE
  5
B1
330
17
100
AcDbEntity
  8
0
100
AcDbLine
 10
-19.70276
 20
12.863100000000001
 30
0.0
 11
-19.693990000000003
 21
12.86768
 31
0.0
  0
LINE
  5
B2
330
17
100
AcDbEntity
  8
0
100
AcDbLine
 10
-19.693990000000003
 20
12.86768
 30
0.0
 11
-19.68576
 21
12.87317
 31
0.0
  0
LINE
  5
B3
330
17
100
AcDbEntity
  8
0
100
AcDbLine
 10
-19.68576
 20
12.87317
 30
0.0
 11
-19.67816
 21
12.8795
 31
0.0
  0
LINE
  5
B4
330
17
100
AcDbEntity
  8
0
100
AcDbLine
 10
-19.67816
 20
12.8795
 30
0.0
 11
-19.67128
 21
12.88661
 31
0.0
  0
LINE
  5
B5
330
17
100
AcDbEntity
  8
0
100
AcDbLine
 10
10.078850000000001
 20
-13.209810000000001
 30
0.0
 11
10.074309999999999
 21
-13.20606
 31
0.0
  0
LINE
  5
B6
330
17
100
AcDbEntity
  8
0
100
AcDbLine
 10
10.074309999999999
 20
-13.20606
 30
0.0
 11
10.07018
 21
-13.201849999999999
 31
0.0
  0
LINE
  5
B7
330
17
100
AcDbEntity
  8
0
100
AcDbLine
 10
10.07018
 20
-13.201849999999999
 30
0.0
 11
10.066510000000001
 21
-13.197230000000001
 31
0.0
  0
LINE
  5
B8
330
17
100
AcDbEntity
  8
0
100
AcDbLine
 10
10.066510000000001
 20
-13.197230000000001
 30
0.0
 11
10.06335
 21
-13.192250000000001
 31
0.0
  0
LINE
  5
B9
330
17
100
AcDbEntity
  8
0
100
AcDbLine
 10
10.06335
 20
-13.192250000000001
 30
0.0
 11
10.060740000000001
 21
-13.186969999999999
 31
0.0
  0
LINE
  5
BA
330
17
100
AcDbEntity
  8
0
100
AcDbLine
 10
10.060740000000001
 20
-13.186969999999999
 30
0.0
 11
10.05869
 21
-13.18144
 31
0.0
  0
LINE
  5
BB
330
17
100
AcDbEntity
  8
0
100
AcDbLine
 10
10.05869
 20
-13.18144
 30
0.0
 11
10.05723
 21
-13.17572
 31
0.0
  0
LINE
  5
BC
330
17
100
AcDbEntity
  8
0
100
AcDbLine
 10
10.05723
 20
-13.17572
 30
0.0
 11
10.05611
 21
-13.1682
 31
0.0
  0
LINE
  5
BD
330
17
100
AcDbEntity
  8
0
100
AcDbLine
 10
10.05611
 20
-13.1682
 30
0.0
 11
10.05575
 21
-13.16061
 31
0.0
  0
LINE
  5
BE
330
17
100
AcDbEntity
  8
0
100
AcDbLine
 10
10.05575
 20
-13.16061
 30
0.0
 11
10.05615
 21
-13.15302
 31
0.0
  0
LINE
  5
BF
330
17
100
AcDbEntity
  8
0
100
AcDbLine
 10
10.05615
 20
-13.15302
 30
0.0
 11
10.0573
 21
-13.145499999999998
 31
0.0
  0
LINE
  5
C0
330
17
100
AcDbEntity
  8
0
100
AcDbLine
 10
10.0573
 20
-13.145499999999998
 30
0.0
 11
10.0592
 21
-13.13814
 31
0.0
  0
LINE
  5
C1
330
17
100
AcDbEntity
  8
0
100
AcDbLine
 10
10.0592
 20
-13.13814
 30
0.0
 11
10.06181
 21
-13.131
 31
0.0
  0
LINE
  5
C2
330
17
100
AcDbEntity
  8
0
100
AcDbLine
 10
10.06181
 20
-13.131
 30
0.0
 11
10.06513
 21
-13.12416
 31
0.0
  0
LINE
  5
C3
330
17
100
AcDbEntity
  8
0
100
AcDbLine
 10
10.06513
 20
-13.12416
 30
0.0
 11
10.069109999999998
 21
-13.11769
 31
0.0
  0
LINE
  5
C4
330
17
100
AcDbEntity
  8
0
100
AcDbLine
 10
10.069109999999998
 20
-13.11769
 30
0.0
 11
10.07371
 21
-13.111640000000001
 31
0.0
  0
LINE
  5
C5
330
17
100
AcDbEntity
  8
0
100
AcDbLine
 10
10.07371
 20
-13.111640000000001
 30
0.0
 11
10.0789
 21
-13.10608
 31
0.0
  0
LINE
  5
C6
330
17
100
AcDbEntity
  8
0
100
AcDbLine
 10
10.0789
 20
-13.10608
 30
0.0
 11
10.084610000000001
 21
-13.101059999999999
 31
0.0
  0
LINE
  5
C7
330
17
100
AcDbEntity
  8
0
100
AcDbLine
 10
10.084610000000001
 20
-13.101059999999999
 30
0.0
 11
10.19789
 21
-13.017479999999999
 31
0.0
  0
LINE
  5
C8
330
17
100
AcDbEntity
  8
0
100
AcDbLine
 10
10.19789
 20
-13.017479999999999
 30
0.0
 11
10.31677
 21
-12.94209
 31
0.0
  0
LINE
  5
C9
330
17
100
AcDbEntity
  8
0
100
AcDbLine
 10
10.31677
 20
-12.94209
 30
0.0
 11
10.84531
 21
-12.63871
 31
0.0
  0
LINE
  5
CA
330
17
100
AcDbEntity
  8
0
100
AcDbLine
 10
10.84531
 20
-12.63871
 30
0.0
 11
11.87753
 21
-12.0583
 31
0.0
  0
LINE
  5
CB
330
17
100
AcDbEntity
  8
0
100
AcDbLine
 10
11.87753
 20
-12.0583
 30
0.0
 11
11.93648
 21
-10.01716
 31
0.0
  0
LINE
  5
CC
330
17
100
AcDbEntity
  8
0
100
AcDbLine
 10
11.93648
 20
-10.01716
 30
0.0
 11
10.086
 21
-9.03927
 31
0.0
  0
LINE
  5
CD
330
17
100
AcDbEntity
  8
0
100
AcDbLine
 10
10.086
 20
-9.03927
 30
0.0
 11
10.08472
 21
-7.68108
 31
0.0
  0
LINE
  5
CE
330
17
100
AcDbEntity
  8
0
100
AcDbLine
 10
10.08472
 20
-7.68108
 30
0.0
 11
7.7234
 21
-7.68108
 31
0.0
  0
LINE
  5
CF
330
17
100
AcDbEntity
  8
0
100
AcDbLine
 10
7.7234
 20
-7.68108
 30
0.0
 11
6.26917
 21
-6.8683499999999995
 31
0.0
  0
LINE
  5
D0
330
17
100
AcDbEntity
  8
0
100
AcDbLine
 10
6.26917
 20
-6.8683499999999995
 30
0.0
 11
5.70588
 21
-6.55668
 31
0.0
  0
LINE
  5
D1
330
17
100
AcDbEntity
  8
0
100
AcDbLine
 10
5.70588
 20
-6.55668
 30
0.0
 11
5.21818
 21
-6.29372
 31
0.0
  0
LINE
  5
D2
330
17
100
AcDbEntity
  8
0
100
AcDbLine
 10
5.21818
 20
-6.29372
 30
0.0
 11
4.79247
 21
-6.068849999999999
 31
0.0
  0
LINE
  5
D3
330
17
100
AcDbEntity
  8
0
100
AcDbLine
 10
4.79247
 20
-6.068849999999999
 30
0.0
 11
4.7813300000000005
 21
-6.063630000000001
 31
0.0
  0
LINE
  5
D4
330
17
100
AcDbEntity
  8
0
100
AcDbLine
 10
4.7813300000000005
 20
-6.063630000000001
 30
0.0
 11
4.76976
 21
-6.05945
 31
0.0
  0
LINE
  5
D5
330
17
100
AcDbEntity
  8
0
100
AcDbLine
 10
4.76976
 20
-6.05945
 30
0.0
 11
4.75785
 21
-6.0563400000000005
 31
0.0
  0
LINE
  5
D6
330
17
100
AcDbEntity
  8
0
100
AcDbLine
 10
4.75785
 20
-6.0563400000000005
 30
0.0
 11
4.74572
 21
-6.05433
 31
0.0
  0
LINE
  5
D7
330
17
100
AcDbEntity
  8
0
100
AcDbLine
 10
4.74572
 20
-6.05433
 30
0.0
 11
4.73345
 21
-6.05344
 31
0.0
  0
LINE
  5
D8
330
17
100
AcDbEntity
  8
0
100
AcDbLine
 10
4.73345
 20
-6.05344
 30
0.0
 11
4.73006
 21
-6.05352
 31
0.0
  0
LINE
  5
D9
330
17
100
AcDbEntity
  8
0
100
AcDbLine
 10
4.73006
 20
-6.05352
 30
0.0
 11
4.7267
 21
-6.05397
 31
0.0
  0
LINE
  5
DA
330
17
100
AcDbEntity
  8
0
100
AcDbLine
 10
4.7267
 20
-6.05397
 30
0.0
 11
4.72341
 21
-6.05477
 31
0.0
  0
LINE
  5
DB
330
17
100
AcDbEntity
  8
0
100
AcDbLine
 10
4.72341
 20
-6.05477
 30
0.0
 11
4.720219999999999
 21
-6.05591
 31
0.0
  0
LINE
  5
DC
330
17
100
AcDbEntity
  8
0
100
AcDbLine
 10
4.720219999999999
 20
-6.05591
 30
0.0
 11
4.717169999999999
 21
-6.05739
 31
0.0
  0
LINE
  5
DD
330
17
100
AcDbEntity
  8
0
100
AcDbLine
 10
4.717169999999999
 20
-6.05739
 30
0.0
 11
4.714300000000001
 21
-6.05918
 31
0.0
  0
LINE
  5
DE
330
17
100
AcDbEntity
  8
0
100
AcDbLine
 10
4.714300000000001
 20
-6.05918
 30
0.0
 11
4.7116299999999995
 21
-6.06126
 31
0.0
  0
LINE
  5
DF
330
17
100
AcDbEntity
  8
0
100
AcDbLine
 10
4.7116299999999995
 20
-6.06126
 30
0.0
 11
4.70919
 21
-6.063619999999999
 31
0.0
  0
LINE
  5
E0
330
17
100
AcDbEntity
  8
0
100
AcDbLine
 10
4.70919
 20
-6.063619999999999
 30
0.0
 11
4.70702
 21
-6.06621
 31
0.0
  0
LINE
  5
E1
330
17
100
AcDbEntity
  8
0
100
AcDbLine
 10
4.70702
 20
-6.06621
 30
0.0
 11
4.7051300000000005
 21
-6.069030000000001
 31
0.0
  0
LINE
  5
E2
330
17
100
AcDbEntity
  8
0
100
AcDbLine
 10
4.7051300000000005
 20
-6.069030000000001
 30
0.0
 11
4.7035599999999995
 21
-6.07203
 31
0.0
  0
LINE
  5
E3
330
17
100
AcDbEntity
  8
0
100
AcDbLine
 10
4.7035599999999995
 20
-6.07203
 30
0.0
 11
4.702310000000001
 21
-6.07517
 31
0.0
  0
LINE
  5
E4
330
17
100
AcDbEntity
  8
0
100
AcDbLine
 10
4.702310000000001
 20
-6.07517
 30
0.0
 11
4.7014
 21
-6.07844
 31
0.0
  0
LINE
  5
E5
330
17
100
AcDbEntity
  8
0
100
AcDbLine
 10
4.7014
 20
-6.07844
 30
0.0
 11
4.70084
 21
-6.08178
 31
0.0
  0
LINE
  5
E6
330
17
100
AcDbEntity
  8
0
100
AcDbLine
 10
4.70084
 20
-6.08178
 30
0.0
 11
4.67589
 21
-6.3327599999999995
 31
0.0
  0
LINE
  5
E7
330
17
100
AcDbEntity
  8
0
100
AcDbLine
 10
4.67589
 20
-6.3327599999999995
 30
0.0
 11
4.65782
 21
-6.640949999999999
 31
0.0
  0
LINE
  5
E8
330
17
100
AcDbEntity
  8
0
100
AcDbLine
 10
4.65782
 20
-6.640949999999999
 30
0.0
 11
4.65196
 21
-7.00741
 31
0.0
  0
LINE
  5
E9
330
17
100
AcDbEntity
  8
0
100
AcDbLine
 10
4.65196
 20
-7.00741
 30
0.0
 11
4.65196
 21
-7.963579999999999
 31
0.0
  0
LINE
  5
EA
330
17
100
AcDbEntity
  8
0
100
AcDbLine
 10
4.65196
 20
-7.963579999999999
 30
0.0
 11
7.36416
 21
-9.47807
 31
0.0
  0
LINE
  5
EB
330
17
100
AcDbEntity
  8
0
100
AcDbLine
 10
7.36416
 20
-9.47807
 30
0.0
 11
8.448129999999999
 21
-10.09351
 31
0.0
  0
LINE
  5
EC
330
17
100
AcDbEntity
  8
0
100
AcDbLine
 10
8.448129999999999
 20
-10.09351
 30
0.0
 11
9.290750000000001
 21
-10.59621
 31
0.0
  0
LINE
  5
ED
330
17
100
AcDbEntity
  8
0
100
AcDbLine
 10
9.290750000000001
 20
-10.59621
 30
0.0
 11
9.97143
 21
-11.02022
 31
0.0
  0
LINE
  5
EE
330
17
100
AcDbEntity
  8
0
100
AcDbLine
 10
9.97143
 20
-11.02022
 30
0.0
 11
9.97528
 21
-11.02294
 31
0.0
  0
LINE
  5
EF
330
17
100
AcDbEntity
  8
0
100
AcDbLine
 10
9.97528
 20
-11.02294
 30
0.0
 11
9.978829999999999
 21
-11.026050000000001
 31
0.0
  0
LINE
  5
F0
330
17
100
AcDbEntity
  8
0
100
AcDbLine
 10
9.978829999999999
 20
-11.026050000000001
 30
0.0
 11
9.98203
 21
-11.02952
 31
0.0
  0
LINE
  5
F1
330
17
100
AcDbEntity
  8
0
100
AcDbLine
 10
9.98203
 20
-11.02952
 30
0.0
 11
9.98484
 21
-11.03331
 31
0.0
  0
LINE
  5
F2
330
17
100
AcDbEntity
  8
0
100
AcDbLine
 10
9.98484
 20
-11.03331
 30
0.0
 11
9.98725
 21
-11.03737
 31
0.0
  0
LINE
  5
F3
330
17
100
AcDbEntity
  8
0
100
AcDbLine
 10
9.98725
 20
-11.03737
 30
0.0
 11
9.98921
 21
-11.04166
 31
0.0
  0
LINE
  5
F4
330
17
100
AcDbEntity
  8
0
100
AcDbLine
 10
9.98921
 20
-11.04166
 30
0.0
 11
9.9907
 21
-11.04613
 31
0.0
  0
LINE
  5
F5
330
17
100
AcDbEntity
  8
0
100
AcDbLine
 10
9.9907
 20
-11.04613
 30
0.0
 11
9.99172
 21
-11.05074
 31
0.0
  0
LINE
  5
F6
330
17
100
AcDbEntity
  8
0
100
AcDbLine
 10
9.99172
 20
-11.05074
 30
0.0
 11
9.992249999999999
 21
-11.05543
 31
0.0
  0
LINE
  5
F7
330
17
100
AcDbEntity
  8
0
100
AcDbLine
 10
9.992249999999999
 20
-11.05543
 30
0.0
 11
9.99228
 21
-11.06015
 31
0.0
  0
LINE
  5
F8
330
17
100
AcDbEntity
  8
0
100
AcDbLine
 10
9.99228
 20
-11.06015
 30
0.0
 11
9.991810000000001
 21
-11.06484
 31
0.0
  0
LINE
  5
F9
330
17
100
AcDbEntity
  8
0
100
AcDbLine
 10
9.991810000000001
 20
-11.06484
 30
0.0
 11
9.99085
 21
-11.06946
 31
0.0
  0
LINE
  5
FA
330
17
100
AcDbEntity
  8
0
100
AcDbLine
 10
9.99085
 20
-11.06946
 30
0.0
 11
9.989410000000001
 21
-11.073960000000001
 31
0.0
  0
LINE
  5
FB
330
17
100
AcDbEntity
  8
0
100
AcDbLine
 10
9.989410000000001
 20
-11.073960000000001
 30
0.0
 11
9.9875
 21
-11.07827
 31
0.0
  0
LINE
  5
FC
330
17
100
AcDbEntity
  8
0
100
AcDbLine
 10
9.9875
 20
-11.07827
 30
0.0
 11
9.985149999999999
 21
-11.08236
 31
0.0
  0
LINE
  5
FD
330
17
100
AcDbEntity
  8
0
100
AcDbLine
 10
9.985149999999999
 20
-11.08236
 30
0.0
 11
9.982380000000001
 21
-11.086179999999999
 31
0.0
  0
LINE
  5
FE
330
17
100
AcDbEntity
  8
0
100
AcDbLine
 10
9.982380000000001
 20
-11.086179999999999
 30
0.0
 11
9.97922
 21
-11.08969
 31
0.0
  0
LINE
  5
FF
330
17
100
AcDbEntity
  8
0
100
AcDbLine
 10
9.97922
 20
-11.08969
 30
0.0
 11
9.946679999999999
 21
-11.11906
 31
0.0
  0
LINE
  5
100
330
17
100
AcDbEntity
  8
0
100
AcDbLine
 10
9.946679999999999
 20
-11.11906
 30
0.0
 11
9.91131
 21
-11.144950000000001
 31
0.0
  0
LINE
  5
101
330
17
100
AcDbEntity
  8
0
100
AcDbLine
 10
9.91131
 20
-11.144950000000001
 30
0.0
 11
9.72494
 21
-11.26481
 31
0.0
  0
LINE
  5
102
330
17
100
AcDbEntity
  8
0
100
AcDbLine
 10
9.72494
 20
-11.26481
 30
0.0
 11
9.49915
 21
-11.40348
 31
0.0
  0
LINE
  5
103
330
17
100
AcDbEntity
  8
0
100
AcDbLine
 10
9.49915
 20
-11.40348
 30
0.0
 11
9.249979999999999
 21
-11.549439999999999
 31
0.0
  0
LINE
  5
104
330
17
100
AcDbEntity
  8
0
100
AcDbLine
 10
9.249979999999999
 20
-11.549439999999999
 30
0.0
 11
8.61787
 21
-11.91205
 31
0.0
  0
LINE
  5
105
330
17
100
AcDbEntity
  8
0
100
AcDbLine
 10
8.61787
 20
-11.91205
 30
0.0
 11
9.07966
 21
-11.91534
 31
0.0
  0
LINE
  5
106
330
17
100
AcDbEntity
  8
0
100
AcDbLine
 10
9.07966
 20
-11.91534
 30
0.0
 11
9.364569999999999
 21
-11.92531
 31
0.0
  0
LINE
  5
107
330
17
100
AcDbEntity
  8
0
100
AcDbLine
 10
9.364569999999999
 20
-11.92531
 30
0.0
 11
9.38432
 21
-11.927470000000001
 31
0.0
  0
LINE
  5
108
330
17
100
AcDbEntity
  8
0
100
AcDbLine
 10
9.38432
 20
-11.927470000000001
 30
0.0
 11
9.40379
 21
-11.93146
 31
0.0
  0
LINE
  5
109
330
17
100
AcDbEntity
  8
0
100
AcDbLine
 10
9.40379
 20
-11.93146
 30
0.0
 11
9.42281
 21
-11.93723
 31
0.0
  0
LINE
  5
10A
330
17
100
AcDbEntity
  8
0
100
AcDbLine
 10
9.42281
 20
-11.93723
 30
0.0
 11
9.4412
 21
-11.944740000000001
 31
0.0
  0
LINE
  5
10B
330
17
100
AcDbEntity
  8
0
100
AcDbLine
 10
9.4412
 20
-11.944740000000001
 30
0.0
 11
9.458829999999999
 21
-11.95392
 31
0.0
  0
LINE
  5
10C
330
17
100
AcDbEntity
  8
0
100
AcDbLine
 10
9.458829999999999
 20
-11.95392
 30
0.0
 11
9.47552
 21
-11.964690000000001
 31
0.0
  0
LINE
  5
10D
330
17
100
AcDbEntity
  8
0
100
AcDbLine
 10
9.47552
 20
-11.964690000000001
 30
0.0
 11
9.48563
 21
-11.9727
 31
0.0
  0
LINE
  5
10E
330
17
100
AcDbEntity
  8
0
100
AcDbLine
 10
9.48563
 20
-11.9727
 30
0.0
 11
9.49487
 21
-11.98169
 31
0.0
  0
LINE
  5
10F
330
17
100
AcDbEntity
  8
0
100
AcDbLine
 10
9.49487
 20
-11.98169
 30
0.0
 11
9.50316
 21
-11.99157
 31
0.0
  0
LINE
  5
110
330
17
100
AcDbEntity
  8
0
100
AcDbLine
 10
9.50316
 20
-11.99157
 30
0.0
 11
9.51041
 21
-12.002229999999999
 31
0.0
  0
LINE
  5
111
330
17
100
AcDbEntity
  8
0
100
AcDbLine
 10
9.51041
 20
-12.002229999999999
 30
0.0
 11
9.51655
 21
-12.01357
 31
0.0
  0
LINE
  5
112
330
17
100
AcDbEntity
  8
0
100
AcDbLine
 10
9.51655
 20
-12.01357
 30
0.0
 11
9.5215
 21
-12.02547
 31
0.0
  0
LINE
  5
113
330
17
100
AcDbEntity
  8
0
100
AcDbLine
 10
9.5215
 20
-12.02547
 30
0.0
 11
9.52523
 21
-12.03782
 31
0.0
  0
LINE
  5
114
330
17
100
AcDbEntity
  8
0
100
AcDbLine
 10
9.52523
 20
-12.03782
 30
0.0
 11
9.52769
 21
-12.05047
 31
0.0
  0
LINE
  5
115
330
17
100
AcDbEntity
  8
0
100
AcDbLine
 10
9.52769
 20
-12.05047
 30
0.0
 11
9.538
 21
-12.14729
 31
0.0
  0
LINE
  5
116
330
17
100
AcDbEntity
  8
0
100
AcDbLine
 10
9.538
 20
-12.14729
 30
0.0
 11
9.54144
 21
-12.2446
 31
0.0
  0
LINE
  5
117
330
17
100
AcDbEntity
  8
0
100
AcDbLine
 10
9.54144
 20
-12.2446
 30
0.0
 11
9.54144
 21
-12.57056
 31
0.0
  0
LINE
  5
118
330
17
100
AcDbEntity
  8
0
100
AcDbLine
 10
9.54144
 20
-12.57056
 30
0.0
 11
8.56355
 21
-12.57056
 31
0.0
  0
LINE
  5
119
330
17
100
AcDbEntity
  8
0
100
AcDbLine
 10
8.56355
 20
-12.57056
 30
0.0
 11
8.188580000000002
 21
-12.56682
 31
0.0
  0
LINE
  5
11A
330
17
100
AcDbEntity
  8
0
100
AcDbLine
 10
8.188580000000002
 20
-12.56682
 30
0.0
 11
7.87291
 21
-12.555250000000001
 31
0.0
  0
LINE
  5
11B
330
17
100
AcDbEntity
  8
0
100
AcDbLine
 10
7.87291
 20
-12.555250000000001
 30
0.0
 11
7.60541
 21
-12.53952
 31
0.0
  0
LINE
  5
11C
330
17
100
AcDbEntity
  8
0
100
AcDbLine
 10
7.60541
 20
-12.53952
 30
0.0
 11
7.60315
 21
-12.539250000000001
 31
0.0
  0
LINE
  5
11D
330
17
100
AcDbEntity
  8
0
100
AcDbLine
 10
7.60315
 20
-12.539250000000001
 30
0.0
 11
7.60094
 21
-12.538739999999999
 31
0.0
  0
LINE
  5
11E
330
17
100
AcDbEntity
  8
0
100
AcDbLine
 10
7.60094
 20
-12.538739999999999
 30
0.0
 11
7.59879
 21
-12.538
 31
0.0
  0
LINE
  5
11F
330
17
100
AcDbEntity
  8
0
100
AcDbLine
 10
7.59879
 20
-12.538
 30
0.0
 11
7.5967400000000005
 21
-12.53703
 31
0.0
  0
LINE
  5
120
330
17
100
AcDbEntity
  8
0
100
AcDbLine
 10
7.5967400000000005
 20
-12.53703
 30
0.0
 11
7.594799999999999
 21
-12.53585
 31
0.0
  0
LINE
  5
121
330
17
100
AcDbEntity
  8
0
100
AcDbLine
 10
7.594799999999999
 20
-12.53585
 30
0.0
 11
7.593
 21
-12.534460000000001
 31
0.0
  0
LINE
  5
122
330
17
100
AcDbEntity
  8
0
100
AcDbLine
 10
7.593
 20
-12.534460000000001
 30
0.0
 11
7.59136
 21
-12.53289
 31
0.0
  0
LINE
  5
123
330
17
100
AcDbEntity
  8
0
100
AcDbLine
 10
7.59136
 20
-12.53289
 30
0.0
 11
7.5899
 21
-12.53115
 31
0.0
  0
LINE
  5
124
330
17
100
AcDbEntity
  8
0
100
AcDbLine
 10
7.5899
 20
-12.53115
 30
0.0
 11
7.58863
 21
-12.52927
 31
0.0
  0
LINE
  5
125
330
17
100
AcDbEntity
  8
0
100
AcDbLine
 10
7.58863
 20
-12.52927
 30
0.0
 11
7.58757
 21
-12.52726
 31
0.0
  0
LINE
  5
126
330
17
100
AcDbEntity
  8
0
100
AcDbLine
 10
7.58757
 20
-12.52726
 30
0.0
 11
7.58674
 21
-12.52514
 31
0.0
  0
LINE
  5
127
330
17
100
AcDbEntity
  8
0
100
AcDbLine
 10
7.58674
 20
-12.52514
 30
0.0
 11
7.58614
 21
-12.52295
 31
0.0
  0
LINE
  5
128
330
17
100
AcDbEntity
  8
0
100
AcDbLine
 10
7.58614
 20
-12.52295
 30
0.0
 11
7.58577
 21
-12.520710000000001
 31
0.0
  0
LINE
  5
129
330
17
100
AcDbEntity
  8
0
100
AcDbLine
 10
7.58577
 20
-12.520710000000001
 30
0.0
 11
7.58565
 21
-12.51845
 31
0.0
  0
LINE
  5
12A
330
17
100
AcDbEntity
  8
0
100
AcDbLine
 10
7.58565
 20
-12.51845
 30
0.0
 11
7.58585
 21
-12.51472
 31
0.0
  0
LINE
  5
12B
330
17
100
AcDbEntity
  8
0
100
AcDbLine
 10
7.58585
 20
-12.51472
 30
0.0
 11
7.58645
 21
-12.51104
 31
0.0
  0
LINE
  5
12C
330
17
100
AcDbEntity
  8
0
100
AcDbLine
 10
7.58645
 20
-12.51104
 30
0.0
 11
7.58745
 21
-12.50745
 31
0.0
  0
LINE
  5
12D
330
17
100
AcDbEntity
  8
0
100
AcDbLine
 10
7.58745
 20
-12.50745
 30
0.0
 11
7.58884
 21
-12.50399
 31
0.0
  0
LINE
  5
12E
330
17
100
AcDbEntity
  8
0
100
AcDbLine
 10
7.58884
 20
-12.50399
 30
0.0
 11
7.59058
 21
-12.5007
 31
0.0
  0
LINE
  5
12F
330
17
100
AcDbEntity
  8
0
100
AcDbLine
 10
7.59058
 20
-12.5007
 30
0.0
 11
7.59268
 21
-12.49761
 31
0.0
  0
LINE
  5
130
330
17
100
AcDbEntity
  8
0
100
AcDbLine
 10
7.59268
 20
-12.49761
 30
0.0
 11
7.5950999999999995
 21
-12.49477
 31
0.0
  0
LINE
  5
131
330
17
100
AcDbEntity
  8
0
100
AcDbLine
 10
7.5950999999999995
 20
-12.49477
 30
0.0
 11
7.59781
 21
-12.49221
 31
0.0
  0
LINE
  5
132
330
17
100
AcDbEntity
  8
0
100
AcDbLine
 10
7.59781
 20
-12.49221
 30
0.0
 11
7.600779999999999
 21
-12.48996
 31
0.0
  0
LINE
  5
133
330
17
100
AcDbEntity
  8
0
100
AcDbLine
 10
7.600779999999999
 20
-12.48996
 30
0.0
 11
7.71332
 21
-12.416500000000001
 31
0.0
  0
LINE
  5
134
330
17
100
AcDbEntity
  8
0
100
AcDbLine
 10
7.71332
 20
-12.416500000000001
 30
0.0
 11
7.8537
 21
-12.33335
 31
0.0
  0
LINE
  5
135
330
17
100
AcDbEntity
  8
0
100
AcDbLine
 10
7.8537
 20
-12.33335
 30
0.0
 11
8.02027
 21
-12.2446
 31
0.0
  0
LINE
  5
136
330
17
100
AcDbEntity
  8
0
100
AcDbLine
 10
8.02027
 20
-12.2446
 30
0.0
 11
8.18684
 21
-12.15585
 31
0.0
  0
LINE
  5
137
330
17
100
AcDbEntity
  8
0
100
AcDbLine
 10
8.18684
 20
-12.15585
 30
0.0
 11
8.32722
 21
-12.07269
 31
0.0
  0
LINE
  5
138
330
17
100
AcDbEntity
  8
0
100
AcDbLine
 10
8.32722
 20
-12.07269
 30
0.0
 11
8.43976
 21
-11.99924
 31
0.0
  0
LINE
  5
139
330
17
100
AcDbEntity
  8
0
100
AcDbLine
 10
8.43976
 20
-11.99924
 30
0.0
 11
8.442730000000001
 21
-11.99698
 31
0.0
  0
LINE
  5
13A
330
17
100
AcDbEntity
  8
0
100
AcDbLine
 10
8.442730000000001
 20
-11.99698
 30
0.0
 11
8.44544
 21
-11.99442
 31
0.0
  0
LINE
  5
13B
330
17
100
AcDbEntity
  8
0
100
AcDbLine
 10
8.44544
 20
-11.99442
 30
0.0
 11
8.44786
 21
-11.99158
 31
0.0
  0
LINE
  5
13C
330
17
100
AcDbEntity
  8
0
100
AcDbLine
 10
8.44786
 20
-11.99158
 30
0.0
 11
8.44995
 21
-11.988499999999998
 31
0.0
  0
LINE
  5
13D
330
17
100
AcDbEntity
  8
0
100
AcDbLine
 10
8.44995
 20
-11.988499999999998
 30
0.0
 11
8.451699999999999
 21
-11.98521
 31
0.0
  0
LINE
  5
13E
330
17
100
AcDbEntity
  8
0
100
AcDbLine
 10
8.451699999999999
 20
-11.98521
 30
0.0
 11
8.45309
 21
-11.98175
 31
0.0
  0
LINE
  5
13F
330
17
100
AcDbEntity
  8
0
100
AcDbLine
 10
8.45309
 20
-11.98175
 30
0.0
 11
8.45408
 21
-11.97815
 31
0.0
  0
LINE
  5
140
330
17
100
AcDbEntity
  8
0
100
AcDbLine
 10
8.45408
 20
-11.97815
 30
0.0
 11
8.454690000000001
 21
-11.974469999999998
 31
0.0
  0
LINE
  5
141
330
17
100
AcDbEntity
  8
0
100
AcDbLine
 10
8.454690000000001
 20
-11.974469999999998
 30
0.0
 11
8.454889999999999
 21
-11.97075
 31
0.0
  0
LINE
  5
142
330
17
100
AcDbEntity
  8
0
100
AcDbLine
 10
8.454889999999999
 20
-11.97075
 30
0.0
 11
8.45478
 21
-11.968589999999999
 31
0.0
  0
LINE
  5
143
330
17
100
AcDbEntity
  8
0
100
AcDbLine
 10
8.45478
 20
-11.968589999999999
 30
0.0
 11
8.454450000000001
 21
-11.96646
 31
0.0
  0
LINE
  5
144
330
17
100
AcDbEntity
  8
0
100
AcDbLine
 10
8.454450000000001
 20
-11.96646
 30
0.0
 11
8.45391
 21
-11.96437
 31
0.0
  0
LINE
  5
145
330
17
100
AcDbEntity
  8
0
100
AcDbLine
 10
8.45391
 20
-11.96437
 30
0.0
 11
8.453149999999999
 21
-11.96234
 31
0.0
  0
LINE
  5
146
330
17
100
AcDbEntity
  8
0
100
AcDbLine
 10
8.453149999999999
 20
-11.96234
 30
0.0
 11
8.4522
 21
-11.9604
 31
0.0
  0
LINE
  5
147
330
17
100
AcDbEntity
  8
0
100
AcDbLine
 10
8.4522
 20
-11.9604
 30
0.0
 11
8.45105
 21
-11.95857
 31
0.0
  0
LINE
  5
148
330
17
100
AcDbEntity
  8
0
100
AcDbLine
 10
8.45105
 20
-11.95857
 30
0.0
 11
8.449720000000001
 21
-11.95687
 31
0.0
  0
LINE
  5
149
330
17
100
AcDbEntity
  8
0
100
AcDbLine
 10
8.449720000000001
 20
-11.95687
 30
0.0
 11
8.44822
 21
-11.95531
 31
0.0
  0
LINE
  5
14A
330
17
100
AcDbEntity
  8
0
100
AcDbLine
 10
8.44822
 20
-11.95531
 30
0.0
 11
8.44658
 21
-11.95391
 31
0.0
  0
LINE
  5
14B
330
17
100
AcDbEntity
  8
0
100
AcDbLine
 10
8.44658
 20
-11.95391
 30
0.0
 11
8.4448
 21
-11.95269
 31
0.0
  0
LINE
  5
14C
330
17
100
AcDbEntity
  8
0
100
AcDbLine
 10
8.4448
 20
-11.95269
 30
0.0
 11
8.4429
 21
-11.951649999999999
 31
0.0
  0
LINE
  5
14D
330
17
100
AcDbEntity
  8
0
100
AcDbLine
 10
8.4429
 20
-11.951649999999999
 30
0.0
 11
8.440909999999999
 21
-11.950809999999999
 31
0.0
  0
LINE
  5
14E
330
17
100
AcDbEntity
  8
0
100
AcDbLine
 10
8.440909999999999
 20
-11.950809999999999
 30
0.0
 11
8.438839999999999
 21
-11.95018
 31
0.0
  0
LINE
  5
14F
330
17
100
AcDbEntity
  8
0
100
AcDbLine
 10
8.438839999999999
 20
-11.95018
 30
0.0
 11
8.43672
 21
-11.94976
 31
0.0
  0
LINE
  5
150
330
17
100
AcDbEntity
  8
0
100
AcDbLine
 10
8.43672
 20
-11.94976
 30
0.0
 11
8.43457
 21
-11.94956
 31
0.0
  0
LINE
  5
151
330
17
100
AcDbEntity
  8
0
100
AcDbLine
 10
8.43457
 20
-11.94956
 30
0.0
 11
8.03996
 21
-11.93394
 31
0.0
  0
LINE
  5
152
330
17
100
AcDbEntity
  8
0
100
AcDbLine
 10
8.03996
 20
-11.93394
 30
0.0
 11
7.584
 21
-11.92238
 31
0.0
  0
LINE
  5
153
330
17
100
AcDbEntity
  8
0
100
AcDbLine
 10
7.584
 20
-11.92238
 30
0.0
 11
7.04237
 21
-11.91863
 31
0.0
  0
LINE
  5
154
330
17
100
AcDbEntity
  8
0
100
AcDbLine
 10
7.04237
 20
-11.91863
 30
0.0
 11
5.629849999999999
 21
-11.91863
 31
0.0
  0
LINE
  5
155
330
17
100
AcDbEntity
  8
0
100
AcDbLine
 10
5.629849999999999
 20
-11.91863
 30
0.0
 11
5.629849999999999
 21
-12.56142
 31
0.0
  0
LINE
  5
156
330
17
100
AcDbEntity
  8
0
100
AcDbLine
 10
5.629849999999999
 20
-12.56142
 30
0.0
 11
7.314010000000001
 21
-12.62489
 31
0.0
  0
LINE
  5
157
330
17
100
AcDbEntity
  8
0
100
AcDbLine
 10
7.314010000000001
 20
-12.62489
 30
0.0
 11
4.65196
 21
-14.116679999999999
 31
0.0
  0
LINE
  5
158
330
17
100
AcDbEntity
  8
0
100
AcDbLine
 10
4.65196
 20
-14.116679999999999
 30
0.0
 11
4.65196
 21
-15.08211
 31
0.0
  0
LINE
  5
159
330
17
100
AcDbEntity
  8
0
100
AcDbLine
 10
4.65196
 20
-15.08211
 30
0.0
 11
4.65674
 21
-15.45228
 31
0.0
  0
LINE
  5
15A
330
17
100
AcDbEntity
  8
0
100
AcDbLine
 10
4.65674
 20
-15.45228
 30
0.0
 11
4.6715
 21
-15.76394
 31
0.0
  0
LINE
  5
15B
330
17
100
AcDbEntity
  8
0
100
AcDbLine
 10
4.6715
 20
-15.76394
 30
0.0
 11
4.69173
 21
-16.023
 31
0.0
  0
LINE
  5
15C
330
17
100
AcDbEntity
  8
0
100
AcDbLine
 10
4.69173
 20
-16.023
 30
0.0
 11
4.69213
 21
-16.02582
 31
0.0
  0
LINE
  5
15D
330
17
100
AcDbEntity
  8
0
100
AcDbLine
 10
4.69213
 20
-16.02582
 30
0.0
 11
4.69282
 21
-16.02858
 31
0.0
  0
LINE
  5
15E
330
17
100
AcDbEntity
  8
0
100
AcDbLine
 10
4.69282
 20
-16.02858
 30
0.0
 11
4.6937999999999995
 21
-16.03125
 31
0.0
  0
LINE
  5
15F
330
17
100
AcDbEntity
  8
0
100
AcDbLine
 10
4.6937999999999995
 20
-16.03125
 30
0.0
 11
4.69506
 21
-16.03381
 31
0.0
  0
LINE
  5
160
330
17
100
AcDbEntity
  8
0
100
AcDbLine
 10
4.69506
 20
-16.03381
 30
0.0
 11
4.69658
 21
-16.036209999999997
 31
0.0
  0
LINE
  5
161
330
17
100
AcDbEntity
  8
0
100
AcDbLine
 10
4.69658
 20
-16.036209999999997
 30
0.0
 11
4.69835
 21
-16.03844
 31
0.0
  0
LINE
  5
162
330
17
100
AcDbEntity
  8
0
100
AcDbLine
 10
4.69835
 20
-16.03844
 30
0.0
 11
4.70034
 21
-16.040470000000003
 31
0.0
  0
LINE
  5
163
330
17
100
AcDbEntity
  8
0
100
AcDbLine
 10
4.70034
 20
-16.040470000000003
 30
0.0
 11
4.70254
 21
-16.042279999999998
 31
0.0
  0
LINE
  5
164
330
17
100
AcDbEntity
  8
0
100
AcDbLine
 10
4.70254
 20
-16.042279999999998
 30
0.0
 11
4.70491
 21
-16.04385
 31
0.0
  0
LINE
  5
165
330
17
100
AcDbEntity
  8
0
100
AcDbLine
 10
4.70491
 20
-16.04385
 30
0.0
 11
4.70744
 21
-16.04516
 31
0.0
  0
LINE
  5
166
330
17
100
AcDbEntity
  8
0
100
AcDbLine
 10
4.70744
 20
-16.04516
 30
0.0
 11
4.71009
 21
-16.04619
 31
0.0
  0
LINE
  5
167
330
17
100
AcDbEntity
  8
0
100
AcDbLine
 10
4.71009
 20
-16.04619
 30
0.0
 11
4.71284
 21
-16.04693
 31
0.0
  0
LINE
  5
168
330
17
100
AcDbEntity
  8
0
100
AcDbLine
 10
4.71284
 20
-16.04693
 30
0.0
 11
4.71565
 21
-16.04738
 31
0.0
  0
LINE
  5
169
330
17
100
AcDbEntity
  8
0
100
AcDbLine
 10
4.71565
 20
-16.04738
 30
0.0
 11
4.71849
 21
-16.047530000000002
 31
0.0
  0
LINE
  5
16A
330
17
100
AcDbEntity
  8
0
100
AcDbLine
 10
4.71849
 20
-16.047530000000002
 30
0.0
 11
4.74368
 21
-16.04625
 31
0.0
  0
LINE
  5
16B
330
17
100
AcDbEntity
  8
0
100
AcDbLine
 10
4.74368
 20
-16.04625
 30
0.0
 11
4.768610000000001
 21
-16.042399999999997
 31
0.0
  0
LINE
  5
16C
330
17
100
AcDbEntity
  8
0
100
AcDbLine
 10
4.768610000000001
 20
-16.042399999999997
 30
0.0
 11
4.793010000000001
 21
-16.03603
 31
0.0
  0
LINE
  5
16D
330
17
100
AcDbEntity
  8
0
100
AcDbLine
 10
4.793010000000001
 20
-16.03603
 30
0.0
 11
4.81664
 21
-16.02721
 31
0.0
  0
LINE
  5
16E
330
17
100
AcDbEntity
  8
0
100
AcDbLine
 10
4.81664
 20
-16.02721
 30
0.0
 11
4.83925
 21
-16.01603
 31
0.0
  0
LINE
  5
16F
330
17
100
AcDbEntity
  8
0
100
AcDbLine
 10
4.83925
 20
-16.01603
 30
0.0
 11
6.64932
 21
-15.00155
 31
0.0
  0
LINE
  5
170
330
17
100
AcDbEntity
  8
0
100
AcDbLine
 10
6.64932
 20
-15.00155
 30
0.0
 11
8.40971
 21
-14.01163
 31
0.0
  0
LINE
  5
171
330
17
100
AcDbEntity
  8
0
100
AcDbLine
 10
8.40971
 20
-14.01163
 30
0.0
 11
8.4812
 21
-13.967469999999999
 31
0.0
  0
LINE
  5
172
330
17
100
AcDbEntity
  8
0
100
AcDbLine
 10
8.4812
 20
-13.967469999999999
 30
0.0
 11
8.54893
 21
-13.91772
 31
0.0
  0
LINE
  5
173
330
17
100
AcDbEntity
  8
0
100
AcDbLine
 10
8.54893
 20
-13.91772
 30
0.0
 11
8.612440000000001
 21
-13.8627
 31
0.0
  0
LINE
  5
174
330
17
100
AcDbEntity
  8
0
100
AcDbLine
 10
8.612440000000001
 20
-13.8627
 30
0.0
 11
8.61432
 21
-13.86074
 31
0.0
  0
LINE
  5
175
330
17
100
AcDbEntity
  8
0
100
AcDbLine
 10
8.61432
 20
-13.86074
 30
0.0
 11
8.61598
 21
-13.85858
 31
0.0
  0
LINE
  5
176
330
17
100
AcDbEntity
  8
0
100
AcDbLine
 10
8.61598
 20
-13.85858
 30
0.0
 11
8.6174
 21
-13.85626
 31
0.0
  0
LINE
  5
177
330
17
100
AcDbEntity
  8
0
100
AcDbLine
 10
8.6174
 20
-13.85626
 30
0.0
 11
8.61856
 21
-13.85381
 31
0.0
  0
LINE
  5
178
330
17
100
AcDbEntity
  8
0
100
AcDbLine
 10
8.61856
 20
-13.85381
 30
0.0
 11
8.61945
 21
-13.85124
 31
0.0
  0
LINE
  5
179
330
17
100
AcDbEntity
  8
0
100
AcDbLine
 10
8.61945
 20
-13.85124
 30
0.0
 11
8.62006
 21
-13.84859
 31
0.0
  0
LINE
  5
17A
330
17
100
AcDbEntity
  8
0
100
AcDbLine
 10
8.62006
 20
-13.84859
 30
0.0
 11
8.62039
 21
-13.845889999999999
 31
0.0
  0
LINE
  5
17B
330
17
100
AcDbEntity
  8
0
100
AcDbLine
 10
8.62039
 20
-13.845889999999999
 30
0.0
 11
8.62043
 21
-13.84318
 31
0.0
  0
LINE
  5
17C
330
17
100
AcDbEntity
  8
0
100
AcDbLine
 10
8.62043
 20
-13.84318
 30
0.0
 11
8.62017
 21
-13.84047
 31
0.0
  0
LINE
  5
17D
330
17
100
AcDbEntity
  8
0
100
AcDbLine
 10
8.62017
 20
-13.84047
 30
0.0
 11
8.619629999999999
 21
-13.837810000000001
 31
0.0
  0
LINE
  5
17E
330
17
100
AcDbEntity
  8
0
100
AcDbLine
 10
8.619629999999999
 20
-13.837810000000001
 30
0.0
 11
8.61881
 21
-13.83522
 31
0.0
  0
LINE
  5
17F
330
17
100
AcDbEntity
  8
0
100
AcDbLine
 10
8.61881
 20
-13.83522
 30
0.0
 11
8.61771
 21
-13.83273
 31
0.0
  0
LINE
  5
180
330
17
100
AcDbEntity
  8
0
100
AcDbLine
 10
8.61771
 20
-13.83273
 30
0.0
 11
8.61635
 21
-13.83038
 31
0.0
  0
LINE
  5
181
330
17
100
AcDbEntity
  8
0
100
AcDbLine
 10
8.61635
 20
-13.83038
 30
0.0
 11
8.614749999999999
 21
-13.828180000000001
 31
0.0
  0
LINE
  5
182
330
17
100
AcDbEntity
  8
0
100
AcDbLine
 10
8.614749999999999
 20
-13.828180000000001
 30
0.0
 11
8.61293
 21
-13.826170000000001
 31
0.0
  0
LINE
  5
183
330
17
100
AcDbEntity
  8
0
100
AcDbLine
 10
8.61293
 20
-13.826170000000001
 30
0.0
 11
8.610899999999999
 21
-13.82436
 31
0.0
  0
LINE
  5
184
330
17
100
AcDbEntity
  8
0
100
AcDbLine
 10
8.610899999999999
 20
-13.82436
 30
0.0
 11
8.59909
 21
-13.81576
 31
0.0
  0
LINE
  5
185
330
17
100
AcDbEntity
  8
0
100
AcDbLine
 10
8.59909
 20
-13.81576
 30
0.0
 11
8.58657
 21
-13.80823
 31
0.0
  0
LINE
  5
186
330
17
100
AcDbEntity
  8
0
100
AcDbLine
 10
8.58657
 20
-13.80823
 30
0.0
 11
8.57343
 21
-13.801829999999999
 31
0.0
  0
LINE
  5
187
330
17
100
AcDbEntity
  8
0
100
AcDbLine
 10
8.57343
 20
-13.801829999999999
 30
0.0
 11
8.55979
 21
-13.7966
 31
0.0
  0
LINE
  5
188
330
17
100
AcDbEntity
  8
0
100
AcDbLine
 10
8.55979
 20
-13.7966
 30
0.0
 11
8.54574
 21
-13.7926
 31
0.0
  0
LINE
  5
189
330
17
100
AcDbEntity
  8
0
100
AcDbLine
 10
8.54574
 20
-13.7926
 30
0.0
 11
8.47656
 21
-13.77927
 31
0.0
  0
LINE
  5
18A
330
17
100
AcDbEntity
  8
0
100
AcDbLine
 10
8.47656
 20
-13.77927
 30
0.0
 11
8.406500000000001
 21
-13.77194
 31
0.0
  0
LINE
  5
18B
330
17
100
AcDbEntity
  8
0
100
AcDbLine
 10
8.406500000000001
 20
-13.77194
 30
0.0
 11
8.20498
 21
-13.76577
 31
0.0
  0
LINE
  5
18C
330
17
100
AcDbEntity
  8
0
100
AcDbLine
 10
8.20498
 20
-13.76577
 30
0.0
 11
7.92549
 21
-13.7584
 31
0.0
  0
LINE
  5
18D
330
17
100
AcDbEntity
  8
0
100
AcDbLine
 10
7.92549
 20
-13.7584
 30
0.0
 11
7.8902
 21
-13.755049999999999
 31
0.0
  0
LINE
  5
18E
330
17
100
AcDbEntity
  8
0
100
AcDbLine
 10
7.8902
 20
-13.755049999999999
 30
0.0
 11
7.855310000000001
 21
-13.74874
 31
0.0
  0
LINE
  5
18F
330
17
100
AcDbEntity
  8
0
100
AcDbLine
 10
7.855310000000001
 20
-13.74874
 30
0.0
 11
7.821079999999999
 21
-13.73953
 31
0.0
  0
LINE
  5
190
330
17
100
AcDbEntity
  8
0
100
AcDbLine
 10
7.821079999999999
 20
-13.73953
 30
0.0
 11
7.787739999999999
 21
-13.72747
 31
0.0
  0
LINE
  5
191
330
17
100
AcDbEntity
  8
0
100
AcDbLine
 10
7.787739999999999
 20
-13.72747
 30
0.0
 11
7.77541
 21
-13.72166
 31
0.0
  0
LINE
  5
192
330
17
100
AcDbEntity
  8
0
100
AcDbLine
 10
7.77541
 20
-13.72166
 30
0.0
 11
7.76374
 21
-13.71461
 31
0.0
  0
LINE
  5
193
330
17
100
AcDbEntity
  8
0
100
AcDbLine
 10
7.76374
 20
-13.71461
 30
0.0
 11
7.752870000000001
 21
-13.70639
 31
0.0
  0
LINE
  5
194
330
17
100
AcDbEntity
  8
0
100
AcDbLine
 10
7.752870000000001
 20
-13.70639
 30
0.0
 11
7.7429
 21
-13.6971
 31
0.0
  0
LINE
  5
195
330
17
100
AcDbEntity
  8
0
100
AcDbLine
 10
7.7429
 20
-13.6971
 30
0.0
 11
7.73393
 21
-13.68683
 31
0.0
  0
LINE
  5
196
330
17
100
AcDbEntity
  8
0
100
AcDbLine
 10
7.73393
 20
-13.68683
 30
0.0
 11
7.72608
 21
-13.675690000000001
 31
0.0
  0
LINE
  5
197
330
17
100
AcDbEntity
  8
0
100
AcDbLine
 10
7.72608
 20
-13.675690000000001
 30
0.0
 11
7.719410000000001
 21
-13.6638
 31
0.0
  0
LINE
  5
198
330
17
100
AcDbEntity
  8
0
100
AcDbLine
 10
7.719410000000001
 20
-13.6638
 30
0.0
 11
7.71047
 21
-13.64344
 31
0.0
  0
LINE
  5
199
330
17
100
AcDbEntity
  8
0
100
AcDbLine
 10
7.71047
 20
-13.64344
 30
0.0
 11
7.70344
 21
-13.62234
 31
0.0
  0
LINE
  5
19A
330
17
100
AcDbEntity
  8
0
100
AcDbLine
 10
7.70344
 20
-13.62234
 30
0.0
 11
7.69838
 21
-13.60069
 31
0.0
  0
LINE
  5
19B
330
17
100
AcDbEntity
  8
0
100
AcDbLine
 10
7.69838
 20
-13.60069
 30
0.0
 11
7.695320000000001
 21
-13.57866
 31
0.0
  0
LINE
  5
19C
330
17
100
AcDbEntity
  8
0
100
AcDbLine
 10
7.695320000000001
 20
-13.57866
 30
0.0
 11
7.6943
 21
-13.55645
 31
0.0
  0
LINE
  5
19D
330
17
100
AcDbEntity
  8
0
100
AcDbLine
 10
7.6943
 20
-13.55645
 30
0.0
 11
7.6952
 21
-13.53892
 31
0.0
  0
LINE
  5
19E
330
17
100
AcDbEntity
  8
0
100
AcDbLine
 10
7.6952
 20
-13.53892
 30
0.0
 11
7.69788
 21
-13.52157
 31
0.0
  0
LINE
  5
19F
330
17
100
AcDbEntity
  8
0
100
AcDbLine
 10
7.69788
 20
-13.52157
 30
0.0
 11
7.70233
 21
-13.50459
 31
0.0
  0
LINE
  5
1A0
330
17
100
AcDbEntity
  8
0
100
AcDbLine
 10
7.70233
 20
-13.50459
 30
0.0
 11
7.70848
 21
-13.48816
 31
0.0
  0
LINE
  5
1A1
330
17
100
AcDbEntity
  8
0
100
AcDbLine
 10
7.70848
 20
-13.48816
 30
0.0
 11
7.71628
 21
-13.472430000000001
 31
0.0
  0
LINE
  5
1A2
330
17
100
AcDbEntity
  8
0
100
AcDbLine
 10
7.71628
 20
-13.472430000000001
 30
0.0
 11
7.72565
 21
-13.45759
 31
0.0
  0
LINE
  5
1A3
330
17
100
AcDbEntity
  8
0
100
AcDbLine
 10
7.72565
 20
-13.45759
 30
0.0
 11
7.736479999999999
 21
-13.44378
 31
0.0
  0
LINE
  5
1A4
330
17
100
AcDbEntity
  8
0
100
AcDbLine
 10
7.736479999999999
 20
-13.44378
 30
0.0
 11
7.75159
 21
-13.42808
 31
0.0
  0
LINE
  5
1A5
330
17
100
AcDbEntity
  8
0
100
AcDbLine
 10
7.75159
 20
-13.42808
 30
0.0
 11
7.76818
 21
-13.41395
 31
0.0
  0
LINE
  5
1A6
330
17
100
AcDbEntity
  8
0
100
AcDbLine
 10
7.76818
 20
-13.41395
 30
0.0
 11
7.78609
 21
-13.40153
 31
0.0
  0
LINE
  5
1A7
330
17
100
AcDbEntity
  8
0
100
AcDbLine
 10
7.78609
 20
-13.40153
 30
0.0
 11
7.805140000000001
 21
-13.39095
 31
0.0
  0
LINE
  5
1A8
330
17
100
AcDbEntity
  8
0
100
AcDbLine
 10
7.805140000000001
 20
-13.39095
 30
0.0
 11
7.82515
 21
-13.38232
 31
0.0
  0
LINE
  5
1A9
330
17
100
AcDbEntity
  8
0
100
AcDbLine
 10
7.82515
 20
-13.38232
 30
0.0
 11
7.845909999999999
 21
-13.3757
 31
0.0
  0
LINE
  5
1AA
330
17
100
AcDbEntity
  8
0
100
AcDbLine
 10
7.845909999999999
 20
-13.3757
 30
0.0
 11
7.961050000000001
 21
-13.351280000000001
 31
0.0
  0
LINE
  5
1AB
330
17
100
AcDbEntity
  8
0
100
AcDbLine
 10
7.961050000000001
 20
-13.351280000000001
 30
0.0
 11
8.07804
 21
-13.33842
 31
0.0
  0
LINE
  5
1AC
330
17
100
AcDbEntity
  8
0
100
AcDbLine
 10
8.07804
 20
-13.33842
 30
0.0
 11
8.61813
 21
-13.311969999999999
 31
0.0
  0
LINE
  5
1AD
330
17
100
AcDbEntity
  8
0
100
AcDbLine
 10
8.61813
 20
-13.311969999999999
 30
0.0
 11
8.97234
 21
-13.30293
 31
0.0
  0
LINE
  5
1AE
330
17
100
AcDbEntity
  8
0
100
AcDbLine
 10
8.97234
 20
-13.30293
 30
0.0
 11
9.270499999999998
 21
-13.3053
 31
0.0
  0
LINE
  5
1AF
330
17
100
AcDbEntity
  8
0
100
AcDbLine
 10
9.270499999999998
 20
-13.3053
 30
0.0
 11
9.518880000000001
 21
-13.31461
 31
0.0
  0
LINE
  5
1B0
330
17
100
AcDbEntity
  8
0
100
AcDbLine
 10
9.518880000000001
 20
-13.31461
 30
0.0
 11
9.52131
 21
-13.31485
 31
0.0
  0
LINE
  5
1B1
330
17
100
AcDbEntity
  8
0
100
AcDbLine
 10
9.52131
 20
-13.31485
 30
0.0
 11
9.52369
 21
-13.31533
 31
0.0
  0
LINE
  5
1B2
330
17
100
AcDbEntity
  8
0
100
AcDbLine
 10
9.52369
 20
-13.31533
 30
0.0
 11
9.526019999999999
 21
-13.316049999999999
 31
0.0
  0
LINE
  5
1B3
330
17
100
AcDbEntity
  8
0
100
AcDbLine
 10
9.526019999999999
 20
-13.316049999999999
 30
0.0
 11
9.52826
 21
-13.31701
 31
0.0
  0
LINE
  5
1B4
330
17
100
AcDbEntity
  8
0
100
AcDbLine
 10
9.52826
 20
-13.31701
 30
0.0
 11
9.5304
 21
-13.31818
 31
0.0
  0
LINE
  5
1B5
330
17
100
AcDbEntity
  8
0
100
AcDbLine
 10
9.5304
 20
-13.31818
 30
0.0
 11
9.532399999999999
 21
-13.319569999999999
 31
0.0
  0
LINE
  5
1B6
330
17
100
AcDbEntity
  8
0
100
AcDbLine
 10
9.532399999999999
 20
-13.319569999999999
 30
0.0
 11
9.53425
 21
-13.32116
 31
0.0
  0
LINE
  5
1B7
330
17
100
AcDbEntity
  8
0
100
AcDbLine
 10
9.53425
 20
-13.32116
 30
0.0
 11
9.53593
 21
-13.32292
 31
0.0
  0
LINE
  5
1B8
330
17
100
AcDbEntity
  8
0
100
AcDbLine
 10
9.53593
 20
-13.32292
 30
0.0
 11
9.53742
 21
-13.32485
 31
0.0
  0
LINE
  5
1B9
330
17
100
AcDbEntity
  8
0
100
AcDbLine
 10
9.53742
 20
-13.32485
 30
0.0
 11
9.53871
 21
-13.326920000000001
 31
0.0
  0
LINE
  5
1BA
330
17
100
AcDbEntity
  8
0
100
AcDbLine
 10
9.53871
 20
-13.326920000000001
 30
0.0
 11
9.539779999999999
 21
-13.32911
 31
0.0
  0
LINE
  5
1BB
330
17
100
AcDbEntity
  8
0
100
AcDbLine
 10
9.539779999999999
 20
-13.32911
 30
0.0
 11
9.54062
 21
-13.3314
 31
0.0
  0
LINE
  5
1BC
330
17
100
AcDbEntity
  8
0
100
AcDbLine
 10
9.54062
 20
-13.3314
 30
0.0
 11
9.54122
 21
-13.33376
 31
0.0
  0
LINE
  5
1BD
330
17
100
AcDbEntity
  8
0
100
AcDbLine
 10
9.54122
 20
-13.33376
 30
0.0
 11
9.54158
 21
-13.33617
 31
0.0
  0
LINE
  5
1BE
330
17
100
AcDbEntity
  8
0
100
AcDbLine
 10
9.54158
 20
-13.33617
 30
0.0
 11
9.5417
 21
-13.338600000000001
 31
0.0
  0
LINE
  5
1BF
330
17
100
AcDbEntity
  8
0
100
AcDbLine
 10
9.5417
 20
-13.338600000000001
 30
0.0
 11
9.54147
 21
-13.34275
 31
0.0
  0
LINE
  5
1C0
330
17
100
AcDbEntity
  8
0
100
AcDbLine
 10
9.54147
 20
-13.34275
 30
0.0
 11
9.54082
 21
-13.34684
 31
0.0
  0
LINE
  5
1C1
330
17
100
AcDbEntity
  8
0
100
AcDbLine
 10
9.54082
 20
-13.34684
 30
0.0
 11
9.53976
 21
-13.35086
 31
0.0
  0
LINE
  5
1C2
330
17
100
AcDbEntity
  8
0
100
AcDbLine
 10
9.53976
 20
-13.35086
 30
0.0
 11
9.5383
 21
-13.35474
 31
0.0
  0
LINE
  5
1C3
330
17
100
AcDbEntity
  8
0
100
AcDbLine
 10
9.5383
 20
-13.35474
 30
0.0
 11
9.53645
 21
-13.358460000000001
 31
0.0
  0
LINE
  5
1C4
330
17
100
AcDbEntity
  8
0
100
AcDbLine
 10
9.53645
 20
-13.358460000000001
 30
0.0
 11
9.534239999999999
 21
-13.361960000000002
 31
0.0
  0
LINE
  5
1C5
330
17
100
AcDbEntity
  8
0
100
AcDbLine
 10
9.534239999999999
 20
-13.361960000000002
 30
0.0
 11
9.531680000000001
 21
-13.36523
 31
0.0
  0
LINE
  5
1C6
330
17
100
AcDbEntity
  8
0
100
AcDbLine
 10
9.531680000000001
 20
-13.36523
 30
0.0
 11
9.5288
 21
-13.36822
 31
0.0
  0
LINE
  5
1C7
330
17
100
AcDbEntity
  8
0
100
AcDbLine
 10
9.5288
 20
-13.36822
 30
0.0
 11
9.52563
 21
-13.3709
 31
0.0
  0
LINE
  5
1C8
330
17
100
AcDbEntity
  8
0
100
AcDbLine
 10
9.52563
 20
-13.3709
 30
0.0
 11
9.43779
 21
-13.433860000000001
 31
0.0
  0
LINE
  5
1C9
330
17
100
AcDbEntity
  8
0
100
AcDbLine
 10
9.43779
 20
-13.433860000000001
 30
0.0
 11
9.32364
 21
-13.5043
 31
0.0
  0
LINE
  5
1CA
330
17
100
AcDbEntity
  8
0
100
AcDbLine
 10
9.32364
 20
-13.5043
 30
0.0
 11
9.18831
 21
-13.576130000000001
 31
0.0
  0
LINE
  5
1CB
330
17
100
AcDbEntity
  8
0
100
AcDbLine
 10
9.18831
 20
-13.576130000000001
 30
0.0
 11
8.83518
 21
-13.75187
 31
0.0
  0
LINE
  5
1CC
330
17
100
AcDbEntity
  8
0
100
AcDbLine
 10
8.83518
 20
-13.75187
 30
0.0
 11
9.62294
 21
-13.75882
 31
0.0
  0
LINE
  5
1CD
330
17
100
AcDbEntity
  8
0
100
AcDbLine
 10
9.62294
 20
-13.75882
 30
0.0
 11
10.13162
 21
-13.75804
 31
0.0
  0
LINE
  5
1CE
330
17
100
AcDbEntity
  8
0
100
AcDbLine
 10
10.13162
 20
-13.75804
 30
0.0
 11
10.19048
 21
-13.75427
 31
0.0
  0
LINE
  5
1CF
330
17
100
AcDbEntity
  8
0
100
AcDbLine
 10
10.19048
 20
-13.75427
 30
0.0
 11
10.24863
 21
-13.7444
 31
0.0
  0
LINE
  5
1D0
330
17
100
AcDbEntity
  8
0
100
AcDbLine
 10
10.24863
 20
-13.7444
 30
0.0
 11
10.30544
 21
-13.72855
 31
0.0
  0
LINE
  5
1D1
330
17
100
AcDbEntity
  8
0
100
AcDbLine
 10
10.30544
 20
-13.72855
 30
0.0
 11
10.317210000000001
 21
-13.723930000000001
 31
0.0
  0
LINE
  5
1D2
330
17
100
AcDbEntity
  8
0
100
AcDbLine
 10
10.317210000000001
 20
-13.723930000000001
 30
0.0
 11
10.32845
 21
-13.71814
 31
0.0
  0
LINE
  5
1D3
330
17
100
AcDbEntity
  8
0
100
AcDbLine
 10
10.32845
 20
-13.71814
 30
0.0
 11
10.33906
 21
-13.71125
 31
0.0
  0
LINE
  5
1D4
330
17
100
AcDbEntity
  8
0
100
AcDbLine
 10
10.33906
 20
-13.71125
 30
0.0
 11
10.34891
 21
-13.70332
 31
0.0
  0
LINE
  5
1D5
330
17
100
AcDbEntity
  8
0
100
AcDbLine
 10
10.34891
 20
-13.70332
 30
0.0
 11
10.35792
 21
-13.69445
 31
0.0
  0
LINE
  5
1D6
330
17
100
AcDbEntity
  8
0
100
AcDbLine
 10
10.35792
 20
-13.69445
 30
0.0
 11
10.36599
 21
-13.684709999999999
 31
0.0
  0
LINE
  5
1D7
330
17
100
AcDbEntity
  8
0
100
AcDbLine
 10
10.36599
 20
-13.684709999999999
 30
0.0
 11
10.37303
 21
-13.674209999999999
 31
0.0
  0
LINE
  5
1D8
330
17
100
AcDbEntity
  8
0
100
AcDbLine
 10
10.37303
 20
-13.674209999999999
 30
0.0
 11
10.37899
 21
-13.66305
 31
0.0
  0
LINE
  5
1D9
330
17
100
AcDbEntity
  8
0
100
AcDbLine
 10
10.37899
 20
-13.66305
 30
0.0
 11
10.383790000000001
 21
-13.651349999999999
 31
0.0
  0
LINE
  5
1DA
330
17
100
AcDbEntity
  8
0
100
AcDbLine
 10
10.383790000000001
 20
-13.651349999999999
 30
0.0
 11
10.39549
 21
-13.61305
 31
0.0
  0
LINE
  5
1DB
330
17
100
AcDbEntity
  8
0
100
AcDbLine
 10
10.39549
 20
-13.61305
 30
0.0
 11
10.40391
 21
-13.57389
 31
0.0
  0
LINE
  5
1DC
330
17
100
AcDbEntity
  8
0
100
AcDbLine
 10
10.40391
 20
-13.57389
 30
0.0
 11
10.40899
 21
-13.53415
 31
0.0
  0
LINE
  5
1DD
330
17
100
AcDbEntity
  8
0
100
AcDbLine
 10
10.40899
 20
-13.53415
 30
0.0
 11
10.41069
 21
-13.49413
 31
0.0
  0
LINE
  5
1DE
330
17
100
AcDbEntity
  8
0
100
AcDbLine
 10
10.41069
 20
-13.49413
 30
0.0
 11
10.407380000000002
 21
-13.42333
 31
0.0
  0
LINE
  5
1DF
330
17
100
AcDbEntity
  8
0
100
AcDbLine
 10
10.407380000000002
 20
-13.42333
 30
0.0
 11
10.39747
 21
-13.35314
 31
0.0
  0
LINE
  5
1E0
330
17
100
AcDbEntity
  8
0
100
AcDbLine
 10
10.39747
 20
-13.35314
 30
0.0
 11
10.39382
 21
-13.33826
 31
0.0
  0
LINE
  5
1E1
330
17
100
AcDbEntity
  8
0
100
AcDbLine
 10
10.39382
 20
-13.33826
 30
0.0
 11
10.3886
 21
-13.32386
 31
0.0
  0
LINE
  5
1E2
330
17
100
AcDbEntity
  8
0
100
AcDbLine
 10
10.3886
 20
-13.32386
 30
0.0
 11
10.38187
 21
-13.3101
 31
0.0
  0
LINE
  5
1E3
330
17
100
AcDbEntity
  8
0
100
AcDbLine
 10
10.38187
 20
-13.3101
 30
0.0
 11
10.373709999999999
 21
-13.297130000000001
 31
0.0
  0
LINE
  5
1E4
330
17
100
AcDbEntity
  8
0
100
AcDbLine
 10
10.373709999999999
 20
-13.297130000000001
 30
0.0
 11
10.36421
 21
-13.28512
 31
0.0
  0
LINE
  5
1E5
330
17
100
AcDbEntity
  8
0
100
AcDbLine
 10
10.36421
 20
-13.28512
 30
0.0
 11
10.35347
 21
-13.27418
 31
0.0
  0
LINE
  5
1E6
330
17
100
AcDbEntity
  8
0
100
AcDbLine
 10
10.35347
 20
-13.27418
 30
0.0
 11
10.341140000000001
 21
-13.26397
 31
0.0
  0
LINE
  5
1E7
330
17
100
AcDbEntity
  8
0
100
AcDbLine
 10
10.341140000000001
 20
-13.26397
 30
0.0
 11
10.327869999999999
 21
-13.255009999999999
 31
0.0
  0
LINE
  5
1E8
330
17
100
AcDbEntity
  8
0
100
AcDbLine
 10
10.327869999999999
 20
-13.255009999999999
 30
0.0
 11
10.31379
 21
-13.24738
 31
0.0
  0
LINE
  5
1E9
330
17
100
AcDbEntity
  8
0
100
AcDbLine
 10
10.31379
 20
-13.24738
 30
0.0
 11
10.29903
 21
-13.24118
 31
0.0
  0
LINE
  5
1EA
330
17
100
AcDbEntity
  8
0
100
AcDbLine
 10
10.29903
 20
-13.24118
 30
0.0
 11
10.28373
 21
-13.23644
 31
0.0
  0
LINE
  5
1EB
330
17
100
AcDbEntity
  8
0
100
AcDbLine
 10
10.28373
 20
-13.23644
 30
0.0
 11
10.268040000000001
 21
-13.23323
 31
0.0
  0
LINE
  5
1EC
330
17
100
AcDbEntity
  8
0
100
AcDbLine
 10
10.268040000000001
 20
-13.23323
 30
0.0
 11
10.19019
 21
-13.22414
 31
0.0
  0
LINE
  5
1ED
330
17
100
AcDbEntity
  8
0
100
AcDbLine
 10
10.19019
 20
-13.22414
 30
0.0
 11
10.11188
 21
-13.22081
 31
0.0
  0
LINE
  5
1EE
330
17
100
AcDbEntity
  8
0
100
AcDbLine
 10
10.11188
 20
-13.22081
 30
0.0
 11
10.106
 21
-13.22046
 31
0.0
  0
LINE
  5
1EF
330
17
100
AcDbEntity
  8
0
100
AcDbLine
 10
10.106
 20
-13.22046
 30
0.0
 11
10.10018
 21
-13.2195
 31
0.0
  0
LINE
  5
1F0
330
17
100
AcDbEntity
  8
0
100
AcDbLine
 10
10.10018
 20
-13.2195
 30
0.0
 11
10.094489999999999
 21
-13.217939999999999
 31
0.0
  0
LINE
  5
1F1
330
17
100
AcDbEntity
  8
0
100
AcDbLine
 10
10.094489999999999
 20
-13.217939999999999
 30
0.0
 11
10.08901
 21
-13.21578
 31
0.0
  0
LINE
  5
1F2
330
17
100
AcDbEntity
  8
0
100
AcDbLine
 10
10.08901
 20
-13.21578
 30
0.0
 11
10.083770000000001
 21
-13.21306
 31
0.0
  0
LINE
  5
1F3
330
17
100
AcDbEntity
  8
0
100
AcDbLine
 10
10.083770000000001
 20
-13.21306
 30
0.0
 11
10.078850000000001
 21
-13.209810000000001
 31
0.0
  0
LINE
  5
1F4
330
17
100
AcDbEntity
  8
0
100
AcDbLine
 10
7.80443
 20
-8.009640000000001
 30
0.0
 11
7.80885
 21
-7.958079999999999
 31
0.0
  0
LINE
  5
1F5
330
17
100
AcDbEntity
  8
0
100
AcDbLine
 10
7.80885
 20
-7.958079999999999
 30
0.0
 11
7.815849999999999
 21
-7.9150599999999995
 31
0.0
  0
LINE
  5
1F6
330
17
100
AcDbEntity
  8
0
100
AcDbLine
 10
7.815849999999999
 20
-7.9150599999999995
 30
0.0
 11
7.826899999999999
 21
-7.87288
 31
0.0
  0
LINE
  5
1F7
330
17
100
AcDbEntity
  8
0
100
AcDbLine
 10
7.826899999999999
 20
-7.87288
 30
0.0
 11
7.834020000000001
 21
-7.85313
 31
0.0
  0
LINE
  5
1F8
330
17
100
AcDbEntity
  8
0
100
AcDbLine
 10
7.834020000000001
 20
-7.85313
 30
0.0
 11
7.842790000000001
 21
-7.83405
 31
0.0
  0
LINE
  5
1F9
330
17
100
AcDbEntity
  8
0
100
AcDbLine
 10
7.842790000000001
 20
-7.83405
 30
0.0
 11
7.85314
 21
-7.815779999999999
 31
0.0
  0
LINE
  5
1FA
330
17
100
AcDbEntity
  8
0
100
AcDbLine
 10
7.85314
 20
-7.815779999999999
 30
0.0
 11
7.855040000000001
 21
-7.8130500000000005
 31
0.0
  0
LINE
  5
1FB
330
17
100
AcDbEntity
  8
0
100
AcDbLine
 10
7.855040000000001
 20
-7.8130500000000005
 30
0.0
 11
7.85722
 21
-7.81055
 31
0.0
  0
LINE
  5
1FC
330
17
100
AcDbEntity
  8
0
100
AcDbLine
 10
7.85722
 20
-7.81055
 30
0.0
 11
7.859649999999999
 21
-7.80828
 31
0.0
  0
LINE
  5
1FD
330
17
100
AcDbEntity
  8
0
100
AcDbLine
 10
7.859649999999999
 20
-7.80828
 30
0.0
 11
7.862299999999999
 21
-7.806279999999999
 31
0.0
  0
LINE
  5
1FE
330
17
100
AcDbEntity
  8
0
100
AcDbLine
 10
7.862299999999999
 20
-7.806279999999999
 30
0.0
 11
7.865139999999999
 21
-7.80457
 31
0.0
  0
LINE
  5
1FF
330
17
100
AcDbEntity
  8
0
100
AcDbLine
 10
7.865139999999999
 20
-7.80457
 30
0.0
 11
7.868150000000001
 21
-7.80317
 31
0.0
  0
LINE
  5
200
330
17
100
AcDbEntity
  8
0
100
AcDbLine
 10
7.868150000000001
 20
-7.80317
 30
0.0
 11
7.871289999999999
 21
-7.80208
 31
0.0
  0
LINE
  5
201
330
17
100
AcDbEntity
  8
0
100
AcDbLine
 10
7.871289999999999
 20
-7.80208
 30
0.0
 11
7.874529999999999
 21
-7.801340000000001
 31
0.0
  0
LINE
  5
202
330
17
100
AcDbEntity
  8
0
100
AcDbLine
 10
7.874529999999999
 20
-7.801340000000001
 30
0.0
 11
7.877820000000001
 21
-7.80093
 31
0.0
  0
LINE
  5
203
330
17
100
AcDbEntity
  8
0
100
AcDbLine
 10
7.877820000000001
 20
-7.80093
 30
0.0
 11
7.88114
 21
-7.80087
 31
0.0
  0
LINE
  5
204
330
17
100
AcDbEntity
  8
0
100
AcDbLine
 10
7.88114
 20
-7.80087
 30
0.0
 11
7.884449999999999
 21
-7.801159999999999
 31
0.0
  0
LINE
  5
205
330
17
100
AcDbEntity
  8
0
100
AcDbLine
 10
7.884449999999999
 20
-7.801159999999999
 30
0.0
 11
7.91768
 21
-7.80743
 31
0.0
  0
LINE
  5
206
330
17
100
AcDbEntity
  8
0
100
AcDbLine
 10
7.91768
 20
-7.80743
 30
0.0
 11
7.950169999999999
 21
-7.81679
 31
0.0
  0
LINE
  5
207
330
17
100
AcDbEntity
  8
0
100
AcDbLine
 10
7.950169999999999
 20
-7.81679
 30
0.0
 11
7.98164
 21
-7.82916
 31
0.0
  0
LINE
  5
208
330
17
100
AcDbEntity
  8
0
100
AcDbLine
 10
7.98164
 20
-7.82916
 30
0.0
 11
8.011809999999999
 21
-7.844429999999999
 31
0.0
  0
LINE
  5
209
330
17
100
AcDbEntity
  8
0
100
AcDbLine
 10
8.011809999999999
 20
-7.844429999999999
 30
0.0
 11
8.85938
 21
-8.3269
 31
0.0
  0
LINE
  5
20A
330
17
100
AcDbEntity
  8
0
100
AcDbLine
 10
8.85938
 20
-8.3269
 30
0.0
 11
9.68802
 21
-8.8034
 31
0.0
  0
LINE
  5
20B
330
17
100
AcDbEntity
  8
0
100
AcDbLine
 10
9.68802
 20
-8.8034
 30
0.0
 11
9.740169999999999
 21
-8.83667
 31
0.0
  0
LINE
  5
20C
330
17
100
AcDbEntity
  8
0
100
AcDbLine
 10
9.740169999999999
 20
-8.83667
 30
0.0
 11
9.78923
 21
-8.87435
 31
0.0
  0
LINE
  5
20D
330
17
100
AcDbEntity
  8
0
100
AcDbLine
 10
9.78923
 20
-8.87435
 30
0.0
 11
9.83484
 21
-8.91615
 31
0.0
  0
LINE
  5
20E
330
17
100
AcDbEntity
  8
0
100
AcDbLine
 10
9.83484
 20
-8.91615
 30
0.0
 11
9.83597
 21
-8.91741
 31
0.0
  0
LINE
  5
20F
330
17
100
AcDbEntity
  8
0
100
AcDbLine
 10
9.83597
 20
-8.91741
 30
0.0
 11
9.83697
 21
-8.91878
 31
0.0
  0
LINE
  5
210
330
17
100
AcDbEntity
  8
0
100
AcDbLine
 10
9.83697
 20
-8.91878
 30
0.0
 11
9.837810000000001
 21
-8.92024
 31
0.0
  0
LINE
  5
211
330
17
100
AcDbEntity
  8
0
100
AcDbLine
 10
9.837810000000001
 20
-8.92024
 30
0.0
 11
9.83851
 21
-8.921790000000001
 31
0.0
  0
LINE
  5
212
330
17
100
AcDbEntity
  8
0
100
AcDbLine
 10
9.83851
 20
-8.921790000000001
 30
0.0
 11
9.839030000000001
 21
-8.923399999999999
 31
0.0
  0
LINE
  5
213
330
17
100
AcDbEntity
  8
0
100
AcDbLine
 10
9.839030000000001
 20
-8.923399999999999
 30
0.0
 11
9.83939
 21
-8.92506
 31
0.0
  0
LINE
  5
214
330
17
100
AcDbEntity
  8
0
100
AcDbLine
 10
9.83939
 20
-8.92506
 30
0.0
 11
9.83957
 21
-8.92674
 31
0.0
  0
LINE
  5
215
330
17
100
AcDbEntity
  8
0
100
AcDbLine
 10
9.83957
 20
-8.92674
 30
0.0
 11
9.83957
 21
-8.92844
 31
0.0
  0
LINE
  5
216
330
17
100
AcDbEntity
  8
0
100
AcDbLine
 10
9.83957
 20
-8.92844
 30
0.0
 11
9.8394
 21
-8.93012
 31
0.0
  0
LINE
  5
217
330
17
100
AcDbEntity
  8
0
100
AcDbLine
 10
9.8394
 20
-8.93012
 30
0.0
 11
9.83905
 21
-8.93178
 31
0.0
  0
LINE
  5
218
330
17
100
AcDbEntity
  8
0
100
AcDbLine
 10
9.83905
 20
-8.93178
 30
0.0
 11
9.83853
 21
-8.93339
 31
0.0
  0
LINE
  5
219
330
17
100
AcDbEntity
  8
0
100
AcDbLine
 10
9.83853
 20
-8.93339
 30
0.0
 11
9.83785
 21
-8.934940000000001
 31
0.0
  0
LINE
  5
21A
330
17
100
AcDbEntity
  8
0
100
AcDbLine
 10
9.83785
 20
-8.934940000000001
 30
0.0
 11
9.83701
 21
-8.93641
 31
0.0
  0
LINE
  5
21B
330
17
100
AcDbEntity
  8
0
100
AcDbLine
 10
9.83701
 20
-8.93641
 30
0.0
 11
9.83602
 21
-8.93779
 31
0.0
  0
LINE
  5
21C
330
17
100
AcDbEntity
  8
0
100
AcDbLine
 10
9.83602
 20
-8.93779
 30
0.0
 11
9.834890000000001
 21
-8.93905
 31
0.0
  0
LINE
  5
21D
330
17
100
AcDbEntity
  8
0
100
AcDbLine
 10
9.834890000000001
 20
-8.93905
 30
0.0
 11
9.833639999999999
 21
-8.940190000000001
 31
0.0
  0
LINE
  5
21E
330
17
100
AcDbEntity
  8
0
100
AcDbLine
 10
9.833639999999999
 20
-8.940190000000001
 30
0.0
 11
9.832270000000001
 21
-8.94119
 31
0.0
  0
LINE
  5
21F
330
17
100
AcDbEntity
  8
0
100
AcDbLine
 10
9.832270000000001
 20
-8.94119
 30
0.0
 11
9.830810000000001
 21
-8.94205
 31
0.0
  0
LINE
  5
220
330
17
100
AcDbEntity
  8
0
100
AcDbLine
 10
9.830810000000001
 20
-8.94205
 30
0.0
 11
9.82927
 21
-8.94275
 31
0.0
  0
LINE
  5
221
330
17
100
AcDbEntity
  8
0
100
AcDbLine
 10
9.82927
 20
-8.94275
 30
0.0
 11
9.82766
 21
-8.94328
 31
0.0
  0
LINE
  5
222
330
17
100
AcDbEntity
  8
0
100
AcDbLine
 10
9.82766
 20
-8.94328
 30
0.0
 11
9.82601
 21
-8.94365
 31
0.0
  0
LINE
  5
223
330
17
100
AcDbEntity
  8
0
100
AcDbLine
 10
9.82601
 20
-8.94365
 30
0.0
 11
9.824319999999998
 21
-8.94383
 31
0.0
  0
LINE
  5
224
330
17
100
AcDbEntity
  8
0
100
AcDbLine
 10
9.824319999999998
 20
-8.94383
 30
0.0
 11
9.43126
 21
-8.964730000000001
 31
0.0
  0
LINE
  5
225
330
17
100
AcDbEntity
  8
0
100
AcDbLine
 10
9.43126
 20
-8.964730000000001
 30
0.0
 11
8.94994
 21
-8.98003
 31
0.0
  0
LINE
  5
226
330
17
100
AcDbEntity
  8
0
100
AcDbLine
 10
8.94994
 20
-8.98003
 30
0.0
 11
8.36434
 21
-8.98494
 31
0.0
  0
LINE
  5
227
330
17
100
AcDbEntity
  8
0
100
AcDbLine
 10
8.36434
 20
-8.98494
 30
0.0
 11
6.82506
 21
-8.98494
 31
0.0
  0
LINE
  5
228
330
17
100
AcDbEntity
  8
0
100
AcDbLine
 10
6.82506
 20
-8.98494
 30
0.0
 11
6.82506
 21
-8.65897
 31
0.0
  0
LINE
  5
229
330
17
100
AcDbEntity
  8
0
100
AcDbLine
 10
6.82506
 20
-8.65897
 30
0.0
 11
6.828609999999999
 21
-8.56086
 31
0.0
  0
LINE
  5
22A
330
17
100
AcDbEntity
  8
0
100
AcDbLine
 10
6.828609999999999
 20
-8.56086
 30
0.0
 11
6.83924
 21
-8.46327
 31
0.0
  0
LINE
  5
22B
330
17
100
AcDbEntity
  8
0
100
AcDbLine
 10
6.83924
 20
-8.46327
 30
0.0
 11
6.841780000000001
 21
-8.450579999999999
 31
0.0
  0
LINE
  5
22C
330
17
100
AcDbEntity
  8
0
100
AcDbLine
 10
6.841780000000001
 20
-8.450579999999999
 30
0.0
 11
6.84562
 21
-8.438229999999999
 31
0.0
  0
LINE
  5
22D
330
17
100
AcDbEntity
  8
0
100
AcDbLine
 10
6.84562
 20
-8.438229999999999
 30
0.0
 11
6.85074
 21
-8.42634
 31
0.0
  0
LINE
  5
22E
330
17
100
AcDbEntity
  8
0
100
AcDbLine
 10
6.85074
 20
-8.42634
 30
0.0
 11
6.85707
 21
-8.41506
 31
0.0
  0
LINE
  5
22F
330
17
100
AcDbEntity
  8
0
100
AcDbLine
 10
6.85707
 20
-8.41506
 30
0.0
 11
6.8645499999999995
 21
-8.4045
 31
0.0
  0
LINE
  5
230
330
17
100
AcDbEntity
  8
0
100
AcDbLine
 10
6.8645499999999995
 20
-8.4045
 30
0.0
 11
6.87309
 21
-8.394779999999999
 31
0.0
  0
LINE
  5
231
330
17
100
AcDbEntity
  8
0
100
AcDbLine
 10
6.87309
 20
-8.394779999999999
 30
0.0
 11
6.8826
 21
-8.386009999999999
 31
0.0
  0
LINE
  5
232
330
17
100
AcDbEntity
  8
0
100
AcDbLine
 10
6.8826
 20
-8.386009999999999
 30
0.0
 11
6.89297
 21
-8.37828
 31
0.0
  0
LINE
  5
233
330
17
100
AcDbEntity
  8
0
100
AcDbLine
 10
6.89297
 20
-8.37828
 30
0.0
 11
6.91402
 21
-8.365829999999999
 31
0.0
  0
LINE
  5
234
330
17
100
AcDbEntity
  8
0
100
AcDbLine
 10
6.91402
 20
-8.365829999999999
 30
0.0
 11
6.9363
 21
-8.35572
 31
0.0
  0
LINE
  5
235
330
17
100
AcDbEntity
  8
0
100
AcDbLine
 10
6.9363
 20
-8.35572
 30
0.0
 11
6.95953
 21
-8.348059999999998
 31
0.0
  0
LINE
  5
236
330
17
100
AcDbEntity
  8
0
100
AcDbLine
 10
6.95953
 20
-8.348059999999998
 30
0.0
 11
6.98345
 21
-8.34296
 31
0.0
  0
LINE
  5
237
330
17
100
AcDbEntity
  8
0
100
AcDbLine
 10
6.98345
 20
-8.34296
 30
0.0
 11
7.00778
 21
-8.340449999999999
 31
0.0
  0
LINE
  5
238
330
17
100
AcDbEntity
  8
0
100
AcDbLine
 10
7.00778
 20
-8.340449999999999
 30
0.0
 11
7.314010000000001
 21
-8.33301
 31
0.0
  0
LINE
  5
239
330
17
100
AcDbEntity
  8
0
100
AcDbLine
 10
7.314010000000001
 20
-8.33301
 30
0.0
 11
7.60519
 21
-8.325610000000001
 31
0.0
  0
LINE
  5
23A
330
17
100
AcDbEntity
  8
0
100
AcDbLine
 10
7.60519
 20
-8.325610000000001
 30
0.0
 11
7.630610000000001
 21
-8.32315
 31
0.0
  0
LINE
  5
23B
330
17
100
AcDbEntity
  8
0
100
AcDbLine
 10
7.630610000000001
 20
-8.32315
 30
0.0
 11
7.65569
 21
-8.31839
 31
0.0
  0
LINE
  5
23C
330
17
100
AcDbEntity
  8
0
100
AcDbLine
 10
7.65569
 20
-8.31839
 30
0.0
 11
7.6802399999999995
 21
-8.31136
 31
0.0
  0
LINE
  5
23D
330
17
100
AcDbEntity
  8
0
100
AcDbLine
 10
7.6802399999999995
 20
-8.31136
 30
0.0
 11
7.70404
 21
-8.30212
 31
0.0
  0
LINE
  5
23E
330
17
100
AcDbEntity
  8
0
100
AcDbLine
 10
7.70404
 20
-8.30212
 30
0.0
 11
7.7269
 21
-8.29075
 31
0.0
  0
LINE
  5
23F
330
17
100
AcDbEntity
  8
0
100
AcDbLine
 10
7.7269
 20
-8.29075
 30
0.0
 11
7.73737
 21
-8.2842
 31
0.0
  0
LINE
  5
240
330
17
100
AcDbEntity
  8
0
100
AcDbLine
 10
7.73737
 20
-8.2842
 30
0.0
 11
7.74711
 21
-8.2766
 31
0.0
  0
LINE
  5
241
330
17
100
AcDbEntity
  8
0
100
AcDbLine
 10
7.74711
 20
-8.2766
 30
0.0
 11
7.75601
 21
-8.268040000000001
 31
0.0
  0
LINE
  5
242
330
17
100
AcDbEntity
  8
0
100
AcDbLine
 10
7.75601
 20
-8.268040000000001
 30
0.0
 11
7.76398
 21
-8.25859
 31
0.0
  0
LINE
  5
243
330
17
100
AcDbEntity
  8
0
100
AcDbLine
 10
7.76398
 20
-8.25859
 30
0.0
 11
7.77093
 21
-8.24838
 31
0.0
  0
LINE
  5
244
330
17
100
AcDbEntity
  8
0
100
AcDbLine
 10
7.77093
 20
-8.24838
 30
0.0
 11
7.77678
 21
-8.2375
 31
0.0
  0
LINE
  5
245
330
17
100
AcDbEntity
  8
0
100
AcDbLine
 10
7.77678
 20
-8.2375
 30
0.0
 11
7.78148
 21
-8.22607
 31
0.0
  0
LINE
  5
246
330
17
100
AcDbEntity
  8
0
100
AcDbLine
 10
7.78148
 20
-8.22607
 30
0.0
 11
7.78496
 21
-8.21422
 31
0.0
  0
LINE
  5
247
330
17
100
AcDbEntity
  8
0
100
AcDbLine
 10
7.78496
 20
-8.21422
 30
0.0
 11
7.79494
 21
-8.16379
 31
0.0
  0
LINE
  5
248
330
17
100
AcDbEntity
  8
0
100
AcDbLine
 10
7.79494
 20
-8.16379
 30
0.0
 11
7.80095
 21
-8.11274
 31
0.0
  0
LINE
  5
249
330
17
100
AcDbEntity
  8
0
100
AcDbLine
 10
7.80095
 20
-8.11274
 30
0.0
 11
7.802960000000001
 21
-8.06137
 31
0.0
  0
LINE
  5
24A
330
17
100
AcDbEntity
  8
0
100
AcDbLine
 10
7.802960000000001
 20
-8.06137
 30
0.0
 11
7.80443
 21
-8.009640000000001
 31
0.0
  0
LINE
  5
24B
330
17
100
AcDbEntity
  8
0
100
AcDbLine
 10
15.622910000000001
 20
9.97126
 30
0.0
 11
15.631269999999999
 21
9.98273
 31
0.0
  0
LINE
  5
24C
330
17
100
AcDbEntity
  8
0
100
AcDbLine
 10
15.631269999999999
 20
9.98273
 30
0.0
 11
15.63839
 21
9.99501
 31
0.0
  0
LINE
  5
24D
330
17
100
AcDbEntity
  8
0
100
AcDbLine
 10
15.63839
 20
9.99501
 30
0.0
 11
15.644189999999998
 21
10.00796
 31
0.0
  0
LINE
  5
24E
330
17
100
AcDbEntity
  8
0
100
AcDbLine
 10
15.644189999999998
 20
10.00796
 30
0.0
 11
15.673010000000001
 21
10.09463
 31
0.0
  0
LINE
  5
24F
330
17
100
AcDbEntity
  8
0
100
AcDbLine
 10
15.673010000000001
 20
10.09463
 30
0.0
 11
15.69346
 21
10.18364
 31
0.0
  0
LINE
  5
250
330
17
100
AcDbEntity
  8
0
100
AcDbLine
 10
15.69346
 20
10.18364
 30
0.0
 11
15.70537
 21
10.2742
 31
0.0
  0
LINE
  5
251
330
17
100
AcDbEntity
  8
0
100
AcDbLine
 10
15.70537
 20
10.2742
 30
0.0
 11
15.73062
 21
10.84704
 31
0.0
  0
LINE
  5
252
330
17
100
AcDbEntity
  8
0
100
AcDbLine
 10
15.73062
 20
10.84704
 30
0.0
 11
15.734789999999998
 21
12.5288
 31
0.0
  0
LINE
  5
253
330
17
100
AcDbEntity
  8
0
100
AcDbLine
 10
15.734789999999998
 20
12.5288
 30
0.0
 11
15.73062
 21
14.210560000000001
 31
0.0
  0
LINE
  5
254
330
17
100
AcDbEntity
  8
0
100
AcDbLine
 10
15.73062
 20
14.210560000000001
 30
0.0
 11
15.70537
 21
14.78339
 31
0.0
  0
LINE
  5
255
330
17
100
AcDbEntity
  8
0
100
AcDbLine
 10
15.70537
 20
14.78339
 30
0.0
 11
15.69346
 21
14.87395
 31
0.0
  0
LINE
  5
256
330
17
100
AcDbEntity
  8
0
100
AcDbLine
 10
15.69346
 20
14.87395
 30
0.0
 11
15.673010000000001
 21
14.96296
 31
0.0
  0
LINE
  5
257
330
17
100
AcDbEntity
  8
0
100
AcDbLine
 10
15.673010000000001
 20
14.96296
 30
0.0
 11
15.644189999999998
 21
15.049629999999999
 31
0.0
  0
LINE
  5
258
330
17
100
AcDbEntity
  8
0
100
AcDbLine
 10
15.644189999999998
 20
15.049629999999999
 30
0.0
 11
15.63839
 21
15.06259
 31
0.0
  0
LINE
  5
259
330
17
100
AcDbEntity
  8
0
100
AcDbLine
 10
15.63839
 20
15.06259
 30
0.0
 11
15.631269999999999
 21
15.07487
 31
0.0
  0
LINE
  5
25A
330
17
100
AcDbEntity
  8
0
100
AcDbLine
 10
15.631269999999999
 20
15.07487
 30
0.0
 11
15.622910000000001
 21
15.08634
 31
0.0
  0
LINE
  5
25B
330
17
100
AcDbEntity
  8
0
100
AcDbLine
 10
15.622910000000001
 20
15.08634
 30
0.0
 11
15.613399999999999
 21
15.096870000000001
 31
0.0
  0
LINE
  5
25C
330
17
100
AcDbEntity
  8
0
100
AcDbLine
 10
15.613399999999999
 20
15.096870000000001
 30
0.0
 11
15.60284
 21
15.106349999999999
 31
0.0
  0
LINE
  5
25D
330
17
100
AcDbEntity
  8
0
100
AcDbLine
 10
15.60284
 20
15.106349999999999
 30
0.0
 11
15.59135
 21
15.11468
 31
0.0
  0
LINE
  5
25E
330
17
100
AcDbEntity
  8
0
100
AcDbLine
 10
15.59135
 20
15.11468
 30
0.0
 11
15.57905
 21
15.12177
 31
0.0
  0
LINE
  5
25F
330
17
100
AcDbEntity
  8
0
100
AcDbLine
 10
15.57905
 20
15.12177
 30
0.0
 11
15.56608
 21
15.12753
 31
0.0
  0
LINE
  5
260
330
17
100
AcDbEntity
  8
0
100
AcDbLine
 10
15.56608
 20
15.12753
 30
0.0
 11
15.55258
 21
15.13191
 31
0.0
  0
LINE
  5
261
330
17
100
AcDbEntity
  8
0
100
AcDbLine
 10
15.55258
 20
15.13191
 30
0.0
 11
15.5387
 21
15.13486
 31
0.0
  0
LINE
  5
262
330
17
100
AcDbEntity
  8
0
100
AcDbLine
 10
15.5387
 20
15.13486
 30
0.0
 11
15.52458
 21
15.13634
 31
0.0
  0
LINE
  5
263
330
17
100
AcDbEntity
  8
0
100
AcDbLine
 10
15.52458
 20
15.13634
 30
0.0
 11
15.510390000000001
 21
15.13634
 31
0.0
  0
LINE
  5
264
330
17
100
AcDbEntity
  8
0
100
AcDbLine
 10
15.510390000000001
 20
15.13634
 30
0.0
 11
15.496269999999999
 21
15.13486
 31
0.0
  0
LINE
  5
265
330
17
100
AcDbEntity
  8
0
100
AcDbLine
 10
15.496269999999999
 20
15.13486
 30
0.0
 11
15.48239
 21
15.13191
 31
0.0
  0
LINE
  5
266
330
17
100
AcDbEntity
  8
0
100
AcDbLine
 10
15.48239
 20
15.13191
 30
0.0
 11
15.46889
 21
15.12753
 31
0.0
  0
LINE
  5
267
330
17
100
AcDbEntity
  8
0
100
AcDbLine
 10
15.46889
 20
15.12753
 30
0.0
 11
15.455919999999999
 21
15.12177
 31
0.0
  0
LINE
  5
268
330
17
100
AcDbEntity
  8
0
100
AcDbLine
 10
15.455919999999999
 20
15.12177
 30
0.0
 11
15.44362
 21
15.11468
 31
0.0
  0
LINE
  5
269
330
17
100
AcDbEntity
  8
0
100
AcDbLine
 10
15.44362
 20
15.11468
 30
0.0
 11
15.43213
 21
15.106349999999999
 31
0.0
  0
LINE
  5
26A
330
17
100
AcDbEntity
  8
0
100
AcDbLine
 10
15.43213
 20
15.106349999999999
 30
0.0
 11
15.421570000000001
 21
15.096870000000001
 31
0.0
  0
LINE
  5
26B
330
17
100
AcDbEntity
  8
0
100
AcDbLine
 10
15.421570000000001
 20
15.096870000000001
 30
0.0
 11
15.41206
 21
15.08634
 31
0.0
  0
LINE
  5
26C
330
17
100
AcDbEntity
  8
0
100
AcDbLine
 10
15.41206
 20
15.08634
 30
0.0
 11
15.40369
 21
15.07487
 31
0.0
  0
LINE
  5
26D
330
17
100
AcDbEntity
  8
0
100
AcDbLine
 10
15.40369
 20
15.07487
 30
0.0
 11
15.39658
 21
15.06259
 31
0.0
  0
LINE
  5
26E
330
17
100
AcDbEntity
  8
0
100
AcDbLine
 10
15.39658
 20
15.06259
 30
0.0
 11
15.39078
 21
15.049629999999999
 31
0.0
  0
LINE
  5
26F
330
17
100
AcDbEntity
  8
0
100
AcDbLine
 10
15.39078
 20
15.049629999999999
 30
0.0
 11
15.36196
 21
14.96296
 31
0.0
  0
LINE
  5
270
330
17
100
AcDbEntity
  8
0
100
AcDbLine
 10
15.36196
 20
14.96296
 30
0.0
 11
15.34151
 21
14.87395
 31
0.0
  0
LINE
  5
271
330
17
100
AcDbEntity
  8
0
100
AcDbLine
 10
15.34151
 20
14.87395
 30
0.0
 11
15.329600000000001
 21
14.78339
 31
0.0
  0
LINE
  5
272
330
17
100
AcDbEntity
  8
0
100
AcDbLine
 10
15.329600000000001
 20
14.78339
 30
0.0
 11
15.30435
 21
14.210560000000001
 31
0.0
  0
LINE
  5
273
330
17
100
AcDbEntity
  8
0
100
AcDbLine
 10
15.30435
 20
14.210560000000001
 30
0.0
 11
15.30017
 21
12.5288
 31
0.0
  0
LINE
  5
274
330
17
100
AcDbEntity
  8
0
100
AcDbLine
 10
15.30017
 20
12.5288
 30
0.0
 11
15.30435
 21
10.84704
 31
0.0
  0
LINE
  5
275
330
17
100
AcDbEntity
  8
0
100
AcDbLine
 10
15.30435
 20
10.84704
 30
0.0
 11
15.329600000000001
 21
10.2742
 31
0.0
  0
LINE
  5
276
330
17
100
AcDbEntity
  8
0
100
AcDbLine
 10
15.329600000000001
 20
10.2742
 30
0.0
 11
15.34151
 21
10.18364
 31
0.0
  0
LINE
  5
277
330
17
100
AcDbEntity
  8
0
100
AcDbLine
 10
15.34151
 20
10.18364
 30
0.0
 11
15.36196
 21
10.09463
 31
0.0
  0
LINE
  5
278
330
17
100
AcDbEntity
  8
0
100
AcDbLine
 10
15.36196
 20
10.09463
 30
0.0
 11
15.39078
 21
10.00796
 31
0.0
  0
LINE
  5
279
330
17
100
AcDbEntity
  8
0
100
AcDbLine
 10
15.39078
 20
10.00796
 30
0.0
 11
15.39658
 21
9.99501
 31
0.0
  0
LINE
  5
27A
330
17
100
AcDbEntity
  8
0
100
AcDbLine
 10
15.39658
 20
9.99501
 30
0.0
 11
15.40369
 21
9.98273
 31
0.0
  0
LINE
  5
27B
330
17
100
AcDbEntity
  8
0
100
AcDbLine
 10
15.40369
 20
9.98273
 30
0.0
 11
15.41206
 21
9.97126
 31
0.0
  0
LINE
  5
27C
330
17
100
AcDbEntity
  8
0
100
AcDbLine
 10
15.41206
 20
9.97126
 30
0.0
 11
15.421570000000001
 21
9.960719999999998
 31
0.0
  0
LINE
  5
27D
330
17
100
AcDbEntity
  8
0
100
AcDbLine
 10
15.421570000000001
 20
9.960719999999998
 30
0.0
 11
15.43213
 21
9.95124
 31
0.0
  0
LINE
  5
27E
330
17
100
AcDbEntity
  8
0
100
AcDbLine
 10
15.43213
 20
9.95124
 30
0.0
 11
15.44362
 21
9.94291
 31
0.0
  0
LINE
  5
27F
330
17
100
AcDbEntity
  8
0
100
AcDbLine
 10
15.44362
 20
9.94291
 30
0.0
 11
15.455919999999999
 21
9.93583
 31
0.0
  0
LINE
  5
280
330
17
100
AcDbEntity
  8
0
100
AcDbLine
 10
15.455919999999999
 20
9.93583
 30
0.0
 11
15.46889
 21
9.93006
 31
0.0
  0
LINE
  5
281
330
17
100
AcDbEntity
  8
0
100
AcDbLine
 10
15.46889
 20
9.93006
 30
0.0
 11
15.48239
 21
9.92568
 31
0.0
  0
LINE
  5
282
330
17
100
AcDbEntity
  8
0
100
AcDbLine
 10
15.48239
 20
9.92568
 30
0.0
 11
15.496269999999999
 21
9.92274
 31
0.0
  0
LINE
  5
283
330
17
100
AcDbEntity
  8
0
100
AcDbLine
 10
15.496269999999999
 20
9.92274
 30
0.0
 11
15.510390000000001
 21
9.92126
 31
0.0
  0
LINE
  5
284
330
17
100
AcDbEntity
  8
0
100
AcDbLine
 10
15.510390000000001
 20
9.92126
 30
0.0
 11
15.52458
 21
9.92126
 31
0.0
  0
LINE
  5
285
330
17
100
AcDbEntity
  8
0
100
AcDbLine
 10
15.52458
 20
9.92126
 30
0.0
 11
15.5387
 21
9.92274
 31
0.0
  0
LINE
  5
286
330
17
100
AcDbEntity
  8
0
100
AcDbLine
 10
15.5387
 20
9.92274
 30
0.0
 11
15.55258
 21
9.92568
 31
0.0
  0
LINE
  5
287
330
17
100
AcDbEntity
  8
0
100
AcDbLine
 10
15.55258
 20
9.92568
 30
0.0
 11
15.56608
 21
9.93006
 31
0.0
  0
LINE
  5
288
330
17
100
AcDbEntity
  8
0
100
AcDbLine
 10
15.56608
 20
9.93006
 30
0.0
 11
15.57905
 21
9.93583
 31
0.0
  0
LINE
  5
289
330
17
100
AcDbEntity
  8
0
100
AcDbLine
 10
15.57905
 20
9.93583
 30
0.0
 11
15.59135
 21
9.94291
 31
0.0
  0
LINE
  5
28A
330
17
100
AcDbEntity
  8
0
100
AcDbLine
 10
15.59135
 20
9.94291
 30
0.0
 11
15.60284
 21
9.95124
 31
0.0
  0
LINE
  5
28B
330
17
100
AcDbEntity
  8
0
100
AcDbLine
 10
15.60284
 20
9.95124
 30
0.0
 11
15.613399999999999
 21
9.960719999999998
 31
0.0
  0
LINE
  5
28C
330
17
100
AcDbEntity
  8
0
100
AcDbLine
 10
15.613399999999999
 20
9.960719999999998
 30
0.0
 11
15.622910000000001
 21
9.97126
 31
0.0
  0
LINE
  5
28D
330
17
100
AcDbEntity
  8
0
100
AcDbLine
 10
-7.162039999999999
 20
-9.3704
 30
0.0
 11
-7.1618200000000005
 21
-9.37313
 31
0.0
  0
LINE
  5
28E
330
17
100
AcDbEntity
  8
0
100
AcDbLine
 10
-7.1618200000000005
 20
-9.37313
 30
0.0
 11
-7.16129
 21
-9.37582
 31
0.0
  0
LINE
  5
28F
330
17
100
AcDbEntity
  8
0
100
AcDbLine
 10
-7.16129
 20
-9.37582
 30
0.0
 11
-7.160480000000001
 21
-9.37844
 31
0.0
  0
LINE
  5
290
330
17
100
AcDbEntity
  8
0
100
AcDbLine
 10
-7.160480000000001
 20
-9.37844
 30
0.0
 11
-7.1594
 21
-9.38095
 31
0.0
  0
LINE
  5
291
330
17
100
AcDbEntity
  8
0
100
AcDbLine
 10
-7.1594
 20
-9.38095
 30
0.0
 11
-7.15804
 21
-9.38333
 31
0.0
  0
LINE
  5
292
330
17
100
AcDbEntity
  8
0
100
AcDbLine
 10
-7.15804
 20
-9.38333
 30
0.0
 11
-7.15644
 21
-9.38555
 31
0.0
  0
LINE
  5
293
330
17
100
AcDbEntity
  8
0
100
AcDbLine
 10
-7.15644
 20
-9.38555
 30
0.0
 11
-7.154599999999999
 21
-9.38758
 31
0.0
  0
LINE
  5
294
330
17
100
AcDbEntity
  8
0
100
AcDbLine
 10
-7.154599999999999
 20
-9.38758
 30
0.0
 11
-7.152559999999999
 21
-9.389399999999998
 31
0.0
  0
LINE
  5
295
330
17
100
AcDbEntity
  8
0
100
AcDbLine
 10
-7.152559999999999
 20
-9.389399999999998
 30
0.0
 11
-7.14384
 21
-9.39563
 31
0.0
  0
LINE
  5
296
330
17
100
AcDbEntity
  8
0
100
AcDbLine
 10
-7.14384
 20
-9.39563
 30
0.0
 11
-7.134510000000001
 21
-9.40089
 31
0.0
  0
LINE
  5
297
330
17
100
AcDbEntity
  8
0
100
AcDbLine
 10
-7.134510000000001
 20
-9.40089
 30
0.0
 11
-7.1246599999999995
 21
-9.40512
 31
0.0
  0
LINE
  5
298
330
17
100
AcDbEntity
  8
0
100
AcDbLine
 10
-7.1246599999999995
 20
-9.40512
 30
0.0
 11
-7.11442
 21
-9.40827
 31
0.0
  0
LINE
  5
299
330
17
100
AcDbEntity
  8
0
100
AcDbLine
 10
-7.11442
 20
-9.40827
 30
0.0
 11
-7.103899999999999
 21
-9.4103
 31
0.0
  0
LINE
  5
29A
330
17
100
AcDbEntity
  8
0
100
AcDbLine
 10
-7.103899999999999
 20
-9.4103
 30
0.0
 11
-7.09322
 21
-9.4112
 31
0.0
  0
LINE
  5
29B
330
17
100
AcDbEntity
  8
0
100
AcDbLine
 10
-7.09322
 20
-9.4112
 30
0.0
 11
-6.83833
 21
-9.41611
 31
0.0
  0
LINE
  5
29C
330
17
100
AcDbEntity
  8
0
100
AcDbLine
 10
-6.83833
 20
-9.41611
 30
0.0
 11
-6.653499999999999
 21
-9.40914
 31
0.0
  0
LINE
  5
29D
330
17
100
AcDbEntity
  8
0
100
AcDbLine
 10
-6.653499999999999
 20
-9.40914
 30
0.0
 11
-6.61134
 21
-9.40368
 31
0.0
  0
LINE
  5
29E
330
17
100
AcDbEntity
  8
0
100
AcDbLine
 10
-6.61134
 20
-9.40368
 30
0.0
 11
-6.56984
 21
-9.39445
 31
0.0
  0
LINE
  5
29F
330
17
100
AcDbEntity
  8
0
100
AcDbLine
 10
-6.56984
 20
-9.39445
 30
0.0
 11
-6.52933
 21
-9.381530000000001
 31
0.0
  0
LINE
  5
2A0
330
17
100
AcDbEntity
  8
0
100
AcDbLine
 10
-6.52933
 20
-9.381530000000001
 30
0.0
 11
-6.5132699999999994
 21
-9.37473
 31
0.0
  0
LINE
  5
2A1
330
17
100
AcDbEntity
  8
0
100
AcDbLine
 10
-6.5132699999999994
 20
-9.37473
 30
0.0
 11
-6.49792
 21
-9.36644
 31
0.0
  0
LINE
  5
2A2
330
17
100
AcDbEntity
  8
0
100
AcDbLine
 10
-6.49792
 20
-9.36644
 30
0.0
 11
-6.48342
 21
-9.35675
 31
0.0
  0
LINE
  5
2A3
330
17
100
AcDbEntity
  8
0
100
AcDbLine
 10
-6.48342
 20
-9.35675
 30
0.0
 11
-6.4698899999999995
 21
-9.34574
 31
0.0
  0
LINE
  5
2A4
330
17
100
AcDbEntity
  8
0
100
AcDbLine
 10
-6.4698899999999995
 20
-9.34574
 30
0.0
 11
-6.45746
 21
-9.33351
 31
0.0
  0
LINE
  5
2A5
330
17
100
AcDbEntity
  8
0
100
AcDbLine
 10
-6.45746
 20
-9.33351
 30
0.0
 11
-6.4506499999999996
 21
-9.32532
 31
0.0
  0
LINE
  5
2A6
330
17
100
AcDbEntity
  8
0
100
AcDbLine
 10
-6.4506499999999996
 20
-9.32532
 30
0.0
 11
-6.44475
 21
-9.31644
 31
0.0
  0
LINE
  5
2A7
330
17
100
AcDbEntity
  8
0
100
AcDbLine
 10
-6.44475
 20
-9.31644
 30
0.0
 11
-6.43983
 21
-9.306989999999999
 31
0.0
  0
LINE
  5
2A8
330
17
100
AcDbEntity
  8
0
100
AcDbLine
 10
-6.43983
 20
-9.306989999999999
 30
0.0
 11
-6.43595
 21
-9.29707
 31
0.0
  0
LINE
  5
2A9
330
17
100
AcDbEntity
  8
0
100
AcDbLine
 10
-6.43595
 20
-9.29707
 30
0.0
 11
-6.433140000000001
 21
-9.28679
 31
0.0
  0
LINE
  5
2AA
330
17
100
AcDbEntity
  8
0
100
AcDbLine
 10
-6.433140000000001
 20
-9.28679
 30
0.0
 11
-6.43144
 21
-9.27627
 31
0.0
  0
LINE
  5
2AB
330
17
100
AcDbEntity
  8
0
100
AcDbLine
 10
-6.43144
 20
-9.27627
 30
0.0
 11
-6.43087
 21
-9.26563
 31
0.0
  0
LINE
  5
2AC
330
17
100
AcDbEntity
  8
0
100
AcDbLine
 10
-6.43087
 20
-9.26563
 30
0.0
 11
-6.4317899999999995
 21
-9.24489
 31
0.0
  0
LINE
  5
2AD
330
17
100
AcDbEntity
  8
0
100
AcDbLine
 10
-6.4317899999999995
 20
-9.24489
 30
0.0
 11
-6.43454
 21
-9.22431
 31
0.0
  0
LINE
  5
2AE
330
17
100
AcDbEntity
  8
0
100
AcDbLine
 10
-6.43454
 20
-9.22431
 30
0.0
 11
-6.439089999999999
 21
-9.20405
 31
0.0
  0
LINE
  5
2AF
330
17
100
AcDbEntity
  8
0
100
AcDbLine
 10
-6.439089999999999
 20
-9.20405
 30
0.0
 11
-6.4454400000000005
 21
-9.184080000000002
 31
0.0
  0
LINE
  5
2B0
330
17
100
AcDbEntity
  8
0
100
AcDbLine
 10
-6.4454400000000005
 20
-9.184080000000002
 30
0.0
 11
-6.45348
 21
-9.16474
 31
0.0
  0
LINE
  5
2B1
330
17
100
AcDbEntity
  8
0
100
AcDbLine
 10
-6.45348
 20
-9.16474
 30
0.0
 11
-6.46316
 21
-9.14616
 31
0.0
  0
LINE
  5
2B2
330
17
100
AcDbEntity
  8
0
100
AcDbLine
 10
-6.46316
 20
-9.14616
 30
0.0
 11
-6.4736
 21
-9.12987
 31
0.0
  0
LINE
  5
2B3
330
17
100
AcDbEntity
  8
0
100
AcDbLine
 10
-6.4736
 20
-9.12987
 30
0.0
 11
-6.4855
 21
-9.11462
 31
0.0
  0
LINE
  5
2B4
330
17
100
AcDbEntity
  8
0
100
AcDbLine
 10
-6.4855
 20
-9.11462
 30
0.0
 11
-6.49876
 21
-9.10055
 31
0.0
  0
LINE
  5
2B5
330
17
100
AcDbEntity
  8
0
100
AcDbLine
 10
-6.49876
 20
-9.10055
 30
0.0
 11
-6.50619
 21
-9.09399
 31
0.0
  0
LINE
  5
2B6
330
17
100
AcDbEntity
  8
0
100
AcDbLine
 10
-6.50619
 20
-9.09399
 30
0.0
 11
-6.51417
 21
-9.08811
 31
0.0
  0
LINE
  5
2B7
330
17
100
AcDbEntity
  8
0
100
AcDbLine
 10
-6.51417
 20
-9.08811
 30
0.0
 11
-6.52264
 21
-9.08298
 31
0.0
  0
LINE
  5
2B8
330
17
100
AcDbEntity
  8
0
100
AcDbLine
 10
-6.52264
 20
-9.08298
 30
0.0
 11
-6.53154
 21
-9.078610000000001
 31
0.0
  0
LINE
  5
2B9
330
17
100
AcDbEntity
  8
0
100
AcDbLine
 10
-6.53154
 20
-9.078610000000001
 30
0.0
 11
-6.54079
 21
-9.075059999999999
 31
0.0
  0
LINE
  5
2BA
330
17
100
AcDbEntity
  8
0
100
AcDbLine
 10
-6.54079
 20
-9.075059999999999
 30
0.0
 11
-6.5427599999999995
 21
-9.074290000000001
 31
0.0
  0
LINE
  5
2BB
330
17
100
AcDbEntity
  8
0
100
AcDbLine
 10
-6.5427599999999995
 20
-9.074290000000001
 30
0.0
 11
-6.54464
 21
-9.073319999999999
 31
0.0
  0
LINE
  5
2BC
330
17
100
AcDbEntity
  8
0
100
AcDbLine
 10
-6.54464
 20
-9.073319999999999
 30
0.0
 11
-6.54641
 21
-9.072149999999999
 31
0.0
  0
LINE
  5
2BD
330
17
100
AcDbEntity
  8
0
100
AcDbLine
 10
-6.54641
 20
-9.072149999999999
 30
0.0
 11
-6.548039999999999
 21
-9.07081
 31
0.0
  0
LINE
  5
2BE
330
17
100
AcDbEntity
  8
0
100
AcDbLine
 10
-6.548039999999999
 20
-9.07081
 30
0.0
 11
-6.54953
 21
-9.0693
 31
0.0
  0
LINE
  5
2BF
330
17
100
AcDbEntity
  8
0
100
AcDbLine
 10
-6.54953
 20
-9.0693
 30
0.0
 11
-6.5508500000000005
 21
-9.06765
 31
0.0
  0
LINE
  5
2C0
330
17
100
AcDbEntity
  8
0
100
AcDbLine
 10
-6.5508500000000005
 20
-9.06765
 30
0.0
 11
-6.55199
 21
-9.06587
 31
0.0
  0
LINE
  5
2C1
330
17
100
AcDbEntity
  8
0
100
AcDbLine
 10
-6.55199
 20
-9.06587
 30
0.0
 11
-6.55294
 21
-9.063979999999999
 31
0.0
  0
LINE
  5
2C2
330
17
100
AcDbEntity
  8
0
100
AcDbLine
 10
-6.55294
 20
-9.063979999999999
 30
0.0
 11
-6.5536900000000005
 21
-9.062000000000001
 31
0.0
  0
LINE
  5
2C3
330
17
100
AcDbEntity
  8
0
100
AcDbLine
 10
-6.5536900000000005
 20
-9.062000000000001
 30
0.0
 11
-6.5542300000000004
 21
-9.05995
 31
0.0
  0
LINE
  5
2C4
330
17
100
AcDbEntity
  8
0
100
AcDbLine
 10
-6.5542300000000004
 20
-9.05995
 30
0.0
 11
-6.55455
 21
-9.05786
 31
0.0
  0
LINE
  5
2C5
330
17
100
AcDbEntity
  8
0
100
AcDbLine
 10
-6.55455
 20
-9.05786
 30
0.0
 11
-6.5546500000000005
 21
-9.05574
 31
0.0
  0
LINE
  5
2C6
330
17
100
AcDbEntity
  8
0
100
AcDbLine
 10
-6.5546500000000005
 20
-9.05574
 30
0.0
 11
-6.554530000000001
 21
-9.05363
 31
0.0
  0
LINE
  5
2C7
330
17
100
AcDbEntity
  8
0
100
AcDbLine
 10
-6.554530000000001
 20
-9.05363
 30
0.0
 11
-6.554189999999999
 21
-9.051540000000001
 31
0.0
  0
LINE
  5
2C8
330
17
100
AcDbEntity
  8
0
100
AcDbLine
 10
-6.554189999999999
 20
-9.051540000000001
 30
0.0
 11
-6.55363
 21
-9.0495
 31
0.0
  0
LINE
  5
2C9
330
17
100
AcDbEntity
  8
0
100
AcDbLine
 10
-6.55363
 20
-9.0495
 30
0.0
 11
-6.55286
 21
-9.04753
 31
0.0
  0
LINE
  5
2CA
330
17
100
AcDbEntity
  8
0
100
AcDbLine
 10
-6.55286
 20
-9.04753
 30
0.0
 11
-6.55189
 21
-9.04564
 31
0.0
  0
LINE
  5
2CB
330
17
100
AcDbEntity
  8
0
100
AcDbLine
 10
-6.55189
 20
-9.04564
 30
0.0
 11
-6.550730000000001
 21
-9.04387
 31
0.0
  0
LINE
  5
2CC
330
17
100
AcDbEntity
  8
0
100
AcDbLine
 10
-6.550730000000001
 20
-9.04387
 30
0.0
 11
-6.5494
 21
-9.04223
 31
0.0
  0
LINE
  5
2CD
330
17
100
AcDbEntity
  8
0
100
AcDbLine
 10
-6.5494
 20
-9.04223
 30
0.0
 11
-6.54789
 21
-9.04074
 31
0.0
  0
LINE
  5
2CE
330
17
100
AcDbEntity
  8
0
100
AcDbLine
 10
-6.54789
 20
-9.04074
 30
0.0
 11
-6.54625
 21
-9.03942
 31
0.0
  0
LINE
  5
2CF
330
17
100
AcDbEntity
  8
0
100
AcDbLine
 10
-6.54625
 20
-9.03942
 30
0.0
 11
-6.3308
 21
-8.89005
 31
0.0
  0
LINE
  5
2D0
330
17
100
AcDbEntity
  8
0
100
AcDbLine
 10
-6.3308
 20
-8.89005
 30
0.0
 11
-6.03946
 21
-8.70718
 31
0.0
  0
LINE
  5
2D1
330
17
100
AcDbEntity
  8
0
100
AcDbLine
 10
-6.03946
 20
-8.70718
 30
0.0
 11
-5.67155
 21
-8.49669
 31
0.0
  0
LINE
  5
2D2
330
17
100
AcDbEntity
  8
0
100
AcDbLine
 10
-5.67155
 20
-8.49669
 30
0.0
 11
-4.6923900000000005
 21
-7.954960000000001
 31
0.0
  0
LINE
  5
2D3
330
17
100
AcDbEntity
  8
0
100
AcDbLine
 10
-4.6923900000000005
 20
-7.954960000000001
 30
0.0
 11
-4.6923900000000005
 21
-7.0031
 31
0.0
  0
LINE
  5
2D4
330
17
100
AcDbEntity
  8
0
100
AcDbLine
 10
-4.6923900000000005
 20
-7.0031
 30
0.0
 11
-4.69818
 21
-6.63814
 31
0.0
  0
LINE
  5
2D5
330
17
100
AcDbEntity
  8
0
100
AcDbLine
 10
-4.69818
 20
-6.63814
 30
0.0
 11
-4.71605
 21
-6.33085
 31
0.0
  0
LINE
  5
2D6
330
17
100
AcDbEntity
  8
0
100
AcDbLine
 10
-4.71605
 20
-6.33085
 30
0.0
 11
-4.74069
 21
-6.08007
 31
0.0
  0
LINE
  5
2D7
330
17
100
AcDbEntity
  8
0
100
AcDbLine
 10
-4.74069
 20
-6.08007
 30
0.0
 11
-4.7412399999999995
 21
-6.07674
 31
0.0
  0
LINE
  5
2D8
330
17
100
AcDbEntity
  8
0
100
AcDbLine
 10
-4.7412399999999995
 20
-6.07674
 30
0.0
 11
-4.74214
 21
-6.07348
 31
0.0
  0
LINE
  5
2D9
330
17
100
AcDbEntity
  8
0
100
AcDbLine
 10
-4.74214
 20
-6.07348
 30
0.0
 11
-4.74336
 21
-6.070329999999999
 31
0.0
  0
LINE
  5
2DA
330
17
100
AcDbEntity
  8
0
100
AcDbLine
 10
-4.74336
 20
-6.070329999999999
 30
0.0
 11
-4.74491
 21
-6.06733
 31
0.0
  0
LINE
  5
2DB
330
17
100
AcDbEntity
  8
0
100
AcDbLine
 10
-4.74491
 20
-6.06733
 30
0.0
 11
-4.74677
 21
-6.0645
 31
0.0
  0
LINE
  5
2DC
330
17
100
AcDbEntity
  8
0
100
AcDbLine
 10
-4.74677
 20
-6.0645
 30
0.0
 11
-4.748900000000001
 21
-6.06189
 31
0.0
  0
LINE
  5
2DD
330
17
100
AcDbEntity
  8
0
100
AcDbLine
 10
-4.748900000000001
 20
-6.06189
 30
0.0
 11
-4.7513
 21
-6.0595099999999995
 31
0.0
  0
LINE
  5
2DE
330
17
100
AcDbEntity
  8
0
100
AcDbLine
 10
-4.7513
 20
-6.0595099999999995
 30
0.0
 11
-4.75394
 21
-6.05739
 31
0.0
  0
LINE
  5
2DF
330
17
100
AcDbEntity
  8
0
100
AcDbLine
 10
-4.75394
 20
-6.05739
 30
0.0
 11
-4.75678
 21
-6.05555
 31
0.0
  0
LINE
  5
2E0
330
17
100
AcDbEntity
  8
0
100
AcDbLine
 10
-4.75678
 20
-6.05555
 30
0.0
 11
-4.75979
 21
-6.05403
 31
0.0
  0
LINE
  5
2E1
330
17
100
AcDbEntity
  8
0
100
AcDbLine
 10
-4.75979
 20
-6.05403
 30
0.0
 11
-4.76295
 21
-6.0528200000000005
 31
0.0
  0
LINE
  5
2E2
330
17
100
AcDbEntity
  8
0
100
AcDbLine
 10
-4.76295
 20
-6.0528200000000005
 30
0.0
 11
-4.76621
 21
-6.051950000000001
 31
0.0
  0
LINE
  5
2E3
330
17
100
AcDbEntity
  8
0
100
AcDbLine
 10
-4.76621
 20
-6.051950000000001
 30
0.0
 11
-4.76955
 21
-6.05142
 31
0.0
  0
LINE
  5
2E4
330
17
100
AcDbEntity
  8
0
100
AcDbLine
 10
-4.76955
 20
-6.05142
 30
0.0
 11
-4.77293
 21
-6.0512500000000005
 31
0.0
  0
LINE
  5
2E5
330
17
100
AcDbEntity
  8
0
100
AcDbLine
 10
-4.77293
 20
-6.0512500000000005
 30
0.0
 11
-4.78544
 21
-6.05187
 31
0.0
  0
LINE
  5
2E6
330
17
100
AcDbEntity
  8
0
100
AcDbLine
 10
-4.78544
 20
-6.05187
 30
0.0
 11
-4.79783
 21
-6.05372
 31
0.0
  0
LINE
  5
2E7
330
17
100
AcDbEntity
  8
0
100
AcDbLine
 10
-4.79783
 20
-6.05372
 30
0.0
 11
-4.80998
 21
-6.05679
 31
0.0
  0
LINE
  5
2E8
330
17
100
AcDbEntity
  8
0
100
AcDbLine
 10
-4.80998
 20
-6.05679
 30
0.0
 11
-4.821759999999999
 21
-6.06104
 31
0.0
  0
LINE
  5
2E9
330
17
100
AcDbEntity
  8
0
100
AcDbLine
 10
-4.821759999999999
 20
-6.06104
 30
0.0
 11
-4.83307
 21
-6.06643
 31
0.0
  0
LINE
  5
2EA
330
17
100
AcDbEntity
  8
0
100
AcDbLine
 10
-4.83307
 20
-6.06643
 30
0.0
 11
-5.61765
 21
-6.4901100000000005
 31
0.0
  0
LINE
  5
2EB
330
17
100
AcDbEntity
  8
0
100
AcDbLine
 10
-5.61765
 20
-6.4901100000000005
 30
0.0
 11
-6.50148
 21
-6.9725
 31
0.0
  0
LINE
  5
2EC
330
17
100
AcDbEntity
  8
0
100
AcDbLine
 10
-6.50148
 20
-6.9725
 30
0.0
 11
-7.5355
 21
-7.54526
 31
0.0
  0
LINE
  5
2ED
330
17
100
AcDbEntity
  8
0
100
AcDbLine
 10
-7.5355
 20
-7.54526
 30
0.0
 11
-10.21753
 21
-9.03927
 31
0.0
  0
LINE
  5
2EE
330
17
100
AcDbEntity
  8
0
100
AcDbLine
 10
-10.21753
 20
-9.03927
 30
0.0
 11
-8.52463
 21
-9.069280000000001
 31
0.0
  0
LINE
  5
2EF
330
17
100
AcDbEntity
  8
0
100
AcDbLine
 10
-8.52463
 20
-9.069280000000001
 30
0.0
 11
-7.5380899999999995
 21
-9.09104
 31
0.0
  0
LINE
  5
2F0
330
17
100
AcDbEntity
  8
0
100
AcDbLine
 10
-7.5380899999999995
 20
-9.09104
 30
0.0
 11
-7.14972
 21
-9.12049
 31
0.0
  0
LINE
  5
2F1
330
17
100
AcDbEntity
  8
0
100
AcDbLine
 10
-7.14972
 20
-9.12049
 30
0.0
 11
-7.12819
 21
-9.12439
 31
0.0
  0
LINE
  5
2F2
330
17
100
AcDbEntity
  8
0
100
AcDbLine
 10
-7.12819
 20
-9.12439
 30
0.0
 11
-7.10721
 21
-9.13061
 31
0.0
  0
LINE
  5
2F3
330
17
100
AcDbEntity
  8
0
100
AcDbLine
 10
-7.10721
 20
-9.13061
 30
0.0
 11
-7.08703
 21
-9.139069999999998
 31
0.0
  0
LINE
  5
2F4
330
17
100
AcDbEntity
  8
0
100
AcDbLine
 10
-7.08703
 20
-9.139069999999998
 30
0.0
 11
-7.06789
 21
-9.14967
 31
0.0
  0
LINE
  5
2F5
330
17
100
AcDbEntity
  8
0
100
AcDbLine
 10
-7.06789
 20
-9.14967
 30
0.0
 11
-7.050009999999999
 21
-9.16229
 31
0.0
  0
LINE
  5
2F6
330
17
100
AcDbEntity
  8
0
100
AcDbLine
 10
-7.050009999999999
 20
-9.16229
 30
0.0
 11
-7.03361
 21
-9.176770000000001
 31
0.0
  0
LINE
  5
2F7
330
17
100
AcDbEntity
  8
0
100
AcDbLine
 10
-7.03361
 20
-9.176770000000001
 30
0.0
 11
-7.02982
 21
-9.18093
 31
0.0
  0
LINE
  5
2F8
330
17
100
AcDbEntity
  8
0
100
AcDbLine
 10
-7.02982
 20
-9.18093
 30
0.0
 11
-7.0264999999999995
 21
-9.185459999999999
 31
0.0
  0
LINE
  5
2F9
330
17
100
AcDbEntity
  8
0
100
AcDbLine
 10
-7.0264999999999995
 20
-9.185459999999999
 30
0.0
 11
-7.02368
 21
-9.19033
 31
0.0
  0
LINE
  5
2FA
330
17
100
AcDbEntity
  8
0
100
AcDbLine
 10
-7.02368
 20
-9.19033
 30
0.0
 11
-7.0214
 21
-9.19547
 31
0.0
  0
LINE
  5
2FB
330
17
100
AcDbEntity
  8
0
100
AcDbLine
 10
-7.0214
 20
-9.19547
 30
0.0
 11
-7.019690000000001
 21
-9.20082
 31
0.0
  0
LINE
  5
2FC
330
17
100
AcDbEntity
  8
0
100
AcDbLine
 10
-7.019690000000001
 20
-9.20082
 30
0.0
 11
-7.01855
 21
-9.206330000000001
 31
0.0
  0
LINE
  5
2FD
330
17
100
AcDbEntity
  8
0
100
AcDbLine
 10
-7.01855
 20
-9.206330000000001
 30
0.0
 11
-7.01801
 21
-9.21193
 31
0.0
  0
LINE
  5
2FE
330
17
100
AcDbEntity
  8
0
100
AcDbLine
 10
-7.01801
 20
-9.21193
 30
0.0
 11
-7.01808
 21
-9.21755
 31
0.0
  0
LINE
  5
2FF
330
17
100
AcDbEntity
  8
0
100
AcDbLine
 10
-7.01808
 20
-9.21755
 30
0.0
 11
-7.01874
 21
-9.22313
 31
0.0
  0
LINE
  5
300
330
17
100
AcDbEntity
  8
0
100
AcDbLine
 10
-7.01874
 20
-9.22313
 30
0.0
 11
-7.0200000000000005
 21
-9.22861
 31
0.0
  0
LINE
  5
301
330
17
100
AcDbEntity
  8
0
100
AcDbLine
 10
-7.0200000000000005
 20
-9.22861
 30
0.0
 11
-7.02184
 21
-9.23392
 31
0.0
  0
LINE
  5
302
330
17
100
AcDbEntity
  8
0
100
AcDbLine
 10
-7.02184
 20
-9.23392
 30
0.0
 11
-7.02424
 21
-9.23901
 31
0.0
  0
LINE
  5
303
330
17
100
AcDbEntity
  8
0
100
AcDbLine
 10
-7.02424
 20
-9.23901
 30
0.0
 11
-7.02716
 21
-9.24381
 31
0.0
  0
LINE
  5
304
330
17
100
AcDbEntity
  8
0
100
AcDbLine
 10
-7.02716
 20
-9.24381
 30
0.0
 11
-7.03059
 21
-9.24827
 31
0.0
  0
LINE
  5
305
330
17
100
AcDbEntity
  8
0
100
AcDbLine
 10
-7.03059
 20
-9.24827
 30
0.0
 11
-7.03447
 21
-9.25234
 31
0.0
  0
LINE
  5
306
330
17
100
AcDbEntity
  8
0
100
AcDbLine
 10
-7.03447
 20
-9.25234
 30
0.0
 11
-7.0387699999999995
 21
-9.255970000000001
 31
0.0
  0
LINE
  5
307
330
17
100
AcDbEntity
  8
0
100
AcDbLine
 10
-7.0387699999999995
 20
-9.255970000000001
 30
0.0
 11
-7.15369
 21
-9.35088
 31
0.0
  0
LINE
  5
308
330
17
100
AcDbEntity
  8
0
100
AcDbLine
 10
-7.15369
 20
-9.35088
 30
0.0
 11
-7.15562
 21
-9.35282
 31
0.0
  0
LINE
  5
309
330
17
100
AcDbEntity
  8
0
100
AcDbLine
 10
-7.15562
 20
-9.35282
 30
0.0
 11
-7.15734
 21
-9.35496
 31
0.0
  0
LINE
  5
30A
330
17
100
AcDbEntity
  8
0
100
AcDbLine
 10
-7.15734
 20
-9.35496
 30
0.0
 11
-7.15881
 21
-9.357270000000002
 31
0.0
  0
LINE
  5
30B
330
17
100
AcDbEntity
  8
0
100
AcDbLine
 10
-7.15881
 20
-9.357270000000002
 30
0.0
 11
-7.160019999999999
 21
-9.35972
 31
0.0
  0
LINE
  5
30C
330
17
100
AcDbEntity
  8
0
100
AcDbLine
 10
-7.160019999999999
 20
-9.35972
 30
0.0
 11
-7.16096
 21
-9.36229
 31
0.0
  0
LINE
  5
30D
330
17
100
AcDbEntity
  8
0
100
AcDbLine
 10
-7.16096
 20
-9.36229
 30
0.0
 11
-7.16161
 21
-9.36495
 31
0.0
  0
LINE
  5
30E
330
17
100
AcDbEntity
  8
0
100
AcDbLine
 10
-7.16161
 20
-9.36495
 30
0.0
 11
-7.16198
 21
-9.36767
 31
0.0
  0
LINE
  5
30F
330
17
100
AcDbEntity
  8
0
100
AcDbLine
 10
-7.16198
 20
-9.36767
 30
0.0
 11
-7.162039999999999
 21
-9.3704
 31
0.0
  0
LINE
  5
310
330
17
100
AcDbEntity
  8
0
100
AcDbLine
 10
-33.04575
 20
12.92305
 30
0.0
 11
-33.066570000000006
 21
12.914719999999999
 31
0.0
  0
LINE
  5
311
330
17
100
AcDbEntity
  8
0
100
AcDbLine
 10
-33.066570000000006
 20
12.914719999999999
 30
0.0
 11
-33.08656
 21
12.90454
 31
0.0
  0
LINE
  5
312
330
17
100
AcDbEntity
  8
0
100
AcDbLine
 10
-33.08656
 20
12.90454
 30
0.0
 11
-33.10555
 21
12.8926
 31
0.0
  0
LINE
  5
313
330
17
100
AcDbEntity
  8
0
100
AcDbLine
 10
-33.10555
 20
12.8926
 30
0.0
 11
-33.12338
 21
12.879
 31
0.0
  0
LINE
  5
314
330
17
100
AcDbEntity
  8
0
100
AcDbLine
 10
-33.12338
 20
12.879
 30
0.0
 11
-33.131099999999996
 21
12.871830000000001
 31
0.0
  0
LINE
  5
315
330
17
100
AcDbEntity
  8
0
100
AcDbLine
 10
-33.131099999999996
 20
12.871830000000001
 30
0.0
 11
-33.138040000000004
 21
12.863919999999998
 31
0.0
  0
LINE
  5
316
330
17
100
AcDbEntity
  8
0
100
AcDbLine
 10
-33.138040000000004
 20
12.863919999999998
 30
0.0
 11
-33.144130000000004
 21
12.85533
 31
0.0
  0
LINE
  5
317
330
17
100
AcDbEntity
  8
0
100
AcDbLine
 10
-33.144130000000004
 20
12.85533
 30
0.0
 11
-33.14931
 21
12.846160000000001
 31
0.0
  0
LINE
  5
318
330
17
100
AcDbEntity
  8
0
100
AcDbLine
 10
-33.14931
 20
12.846160000000001
 30
0.0
 11
-33.15351
 21
12.83651
 31
0.0
  0
LINE
  5
319
330
17
100
AcDbEntity
  8
0
100
AcDbLine
 10
-33.15351
 20
12.83651
 30
0.0
 11
-33.15671
 21
12.82648
 31
0.0
  0
LINE
  5
31A
330
17
100
AcDbEntity
  8
0
100
AcDbLine
 10
-33.15671
 20
12.82648
 30
0.0
 11
-33.15886
 21
12.81617
 31
0.0
  0
LINE
  5
31B
330
17
100
AcDbEntity
  8
0
100
AcDbLine
 10
-33.15886
 20
12.81617
 30
0.0
 11
-33.15994
 21
12.8057
 31
0.0
  0
LINE
  5
31C
330
17
100
AcDbEntity
  8
0
100
AcDbLine
 10
-33.15994
 20
12.8057
 30
0.0
 11
-33.15994
 21
12.79517
 31
0.0
  0
LINE
  5
31D
330
17
100
AcDbEntity
  8
0
100
AcDbLine
 10
-33.15994
 20
12.79517
 30
0.0
 11
-33.15886
 21
12.784699999999999
 31
0.0
  0
LINE
  5
31E
330
17
100
AcDbEntity
  8
0
100
AcDbLine
 10
-33.15886
 20
12.784699999999999
 30
0.0
 11
-33.15671
 21
12.77439
 31
0.0
  0
LINE
  5
31F
330
17
100
AcDbEntity
  8
0
100
AcDbLine
 10
-33.15671
 20
12.77439
 30
0.0
 11
-33.15351
 21
12.76436
 31
0.0
  0
LINE
  5
320
330
17
100
AcDbEntity
  8
0
100
AcDbLine
 10
-33.15351
 20
12.76436
 30
0.0
 11
-33.14931
 21
12.754710000000001
 31
0.0
  0
LINE
  5
321
330
17
100
AcDbEntity
  8
0
100
AcDbLine
 10
-33.14931
 20
12.754710000000001
 30
0.0
 11
-33.144130000000004
 21
12.74554
 31
0.0
  0
LINE
  5
322
330
17
100
AcDbEntity
  8
0
100
AcDbLine
 10
-33.144130000000004
 20
12.74554
 30
0.0
 11
-33.138040000000004
 21
12.73696
 31
0.0
  0
LINE
  5
323
330
17
100
AcDbEntity
  8
0
100
AcDbLine
 10
-33.138040000000004
 20
12.73696
 30
0.0
 11
-33.131099999999996
 21
12.729040000000001
 31
0.0
  0
LINE
  5
324
330
17
100
AcDbEntity
  8
0
100
AcDbLine
 10
-33.131099999999996
 20
12.729040000000001
 30
0.0
 11
-33.12338
 21
12.72187
 31
0.0
  0
LINE
  5
325
330
17
100
AcDbEntity
  8
0
100
AcDbLine
 10
-33.12338
 20
12.72187
 30
0.0
 11
-33.10555
 21
12.70827
 31
0.0
  0
LINE
  5
326
330
17
100
AcDbEntity
  8
0
100
AcDbLine
 10
-33.10555
 20
12.70827
 30
0.0
 11
-33.08656
 21
12.69633
 31
0.0
  0
LINE
  5
327
330
17
100
AcDbEntity
  8
0
100
AcDbLine
 10
-33.08656
 20
12.69633
 30
0.0
 11
-33.066570000000006
 21
12.686160000000001
 31
0.0
  0
LINE
  5
328
330
17
100
AcDbEntity
  8
0
100
AcDbLine
 10
-33.066570000000006
 20
12.686160000000001
 30
0.0
 11
-33.04575
 21
12.677819999999999
 31
0.0
  0
LINE
  5
329
330
17
100
AcDbEntity
  8
0
100
AcDbLine
 10
-33.04575
 20
12.677819999999999
 30
0.0
 11
-33.02426
 21
12.67141
 31
0.0
  0
LINE
  5
32A
330
17
100
AcDbEntity
  8
0
100
AcDbLine
 10
-33.02426
 20
12.67141
 30
0.0
 11
-32.93182
 21
12.65321
 31
0.0
  0
LINE
  5
32B
330
17
100
AcDbEntity
  8
0
100
AcDbLine
 10
-32.93182
 20
12.65321
 30
0.0
 11
-32.838010000000004
 21
12.64446
 31
0.0
  0
LINE
  5
32C
330
17
100
AcDbEntity
  8
0
100
AcDbLine
 10
-32.838010000000004
 20
12.64446
 30
0.0
 11
-32.50814
 21
12.63745
 31
0.0
  0
LINE
  5
32D
330
17
100
AcDbEntity
  8
0
100
AcDbLine
 10
-32.50814
 20
12.63745
 30
0.0
 11
-32.178270000000005
 21
12.64446
 31
0.0
  0
LINE
  5
32E
330
17
100
AcDbEntity
  8
0
100
AcDbLine
 10
-32.178270000000005
 20
12.64446
 30
0.0
 11
-32.084469999999996
 21
12.65321
 31
0.0
  0
LINE
  5
32F
330
17
100
AcDbEntity
  8
0
100
AcDbLine
 10
-32.084469999999996
 20
12.65321
 30
0.0
 11
-31.992029999999996
 21
12.67141
 31
0.0
  0
LINE
  5
330
330
17
100
AcDbEntity
  8
0
100
AcDbLine
 10
-31.992029999999996
 20
12.67141
 30
0.0
 11
-31.97054
 21
12.677819999999999
 31
0.0
  0
LINE
  5
331
330
17
100
AcDbEntity
  8
0
100
AcDbLine
 10
-31.97054
 20
12.677819999999999
 30
0.0
 11
-31.94971
 21
12.686160000000001
 31
0.0
  0
LINE
  5
332
330
17
100
AcDbEntity
  8
0
100
AcDbLine
 10
-31.94971
 20
12.686160000000001
 30
0.0
 11
-31.929730000000003
 21
12.69633
 31
0.0
  0
LINE
  5
333
330
17
100
AcDbEntity
  8
0
100
AcDbLine
 10
-31.929730000000003
 20
12.69633
 30
0.0
 11
-31.91074
 21
12.70827
 31
0.0
  0
LINE
  5
334
330
17
100
AcDbEntity
  8
0
100
AcDbLine
 10
-31.91074
 20
12.70827
 30
0.0
 11
-31.892909999999997
 21
12.72187
 31
0.0
  0
LINE
  5
335
330
17
100
AcDbEntity
  8
0
100
AcDbLine
 10
-31.892909999999997
 20
12.72187
 30
0.0
 11
-31.88519
 21
12.729040000000001
 31
0.0
  0
LINE
  5
336
330
17
100
AcDbEntity
  8
0
100
AcDbLine
 10
-31.88519
 20
12.729040000000001
 30
0.0
 11
-31.878249999999998
 21
12.73696
 31
0.0
  0
LINE
  5
337
330
17
100
AcDbEntity
  8
0
100
AcDbLine
 10
-31.878249999999998
 20
12.73696
 30
0.0
 11
-31.872159999999997
 21
12.74554
 31
0.0
  0
LINE
  5
338
330
17
100
AcDbEntity
  8
0
100
AcDbLine
 10
-31.872159999999997
 20
12.74554
 30
0.0
 11
-31.86698
 21
12.754710000000001
 31
0.0
  0
LINE
  5
339
330
17
100
AcDbEntity
  8
0
100
AcDbLine
 10
-31.86698
 20
12.754710000000001
 30
0.0
 11
-31.862769999999998
 21
12.76436
 31
0.0
  0
LINE
  5
33A
330
17
100
AcDbEntity
  8
0
100
AcDbLine
 10
-31.862769999999998
 20
12.76436
 30
0.0
 11
-31.859579999999998
 21
12.77439
 31
0.0
  0
LINE
  5
33B
330
17
100
AcDbEntity
  8
0
100
AcDbLine
 10
-31.859579999999998
 20
12.77439
 30
0.0
 11
-31.85743
 21
12.784699999999999
 31
0.0
  0
LINE
  5
33C
330
17
100
AcDbEntity
  8
0
100
AcDbLine
 10
-31.85743
 20
12.784699999999999
 30
0.0
 11
-31.85635
 21
12.79517
 31
0.0
  0
LINE
  5
33D
330
17
100
AcDbEntity
  8
0
100
AcDbLine
 10
-31.85635
 20
12.79517
 30
0.0
 11
-31.85635
 21
12.8057
 31
0.0
  0
LINE
  5
33E
330
17
100
AcDbEntity
  8
0
100
AcDbLine
 10
-31.85635
 20
12.8057
 30
0.0
 11
-31.85743
 21
12.81617
 31
0.0
  0
LINE
  5
33F
330
17
100
AcDbEntity
  8
0
100
AcDbLine
 10
-31.85743
 20
12.81617
 30
0.0
 11
-31.859579999999998
 21
12.82648
 31
0.0
  0
LINE
  5
340
330
17
100
AcDbEntity
  8
0
100
AcDbLine
 10
-31.859579999999998
 20
12.82648
 30
0.0
 11
-31.862769999999998
 21
12.83651
 31
0.0
  0
LINE
  5
341
330
17
100
AcDbEntity
  8
0
100
AcDbLine
 10
-31.862769999999998
 20
12.83651
 30
0.0
 11
-31.86698
 21
12.846160000000001
 31
0.0
  0
LINE
  5
342
330
17
100
AcDbEntity
  8
0
100
AcDbLine
 10
-31.86698
 20
12.846160000000001
 30
0.0
 11
-31.872159999999997
 21
12.85533
 31
0.0
  0
LINE
  5
343
330
17
100
AcDbEntity
  8
0
100
AcDbLine
 10
-31.872159999999997
 20
12.85533
 30
0.0
 11
-31.878249999999998
 21
12.863919999999998
 31
0.0
  0
LINE
  5
344
330
17
100
AcDbEntity
  8
0
100
AcDbLine
 10
-31.878249999999998
 20
12.863919999999998
 30
0.0
 11
-31.88519
 21
12.871830000000001
 31
0.0
  0
LINE
  5
345
330
17
100
AcDbEntity
  8
0
100
AcDbLine
 10
-31.88519
 20
12.871830000000001
 30
0.0
 11
-31.892909999999997
 21
12.879
 31
0.0
  0
LINE
  5
346
330
17
100
AcDbEntity
  8
0
100
AcDbLine
 10
-31.892909999999997
 20
12.879
 30
0.0
 11
-31.91074
 21
12.8926
 31
0.0
  0
LINE
  5
347
330
17
100
AcDbEntity
  8
0
100
AcDbLine
 10
-31.91074
 20
12.8926
 30
0.0
 11
-31.929730000000003
 21
12.90454
 31
0.0
  0
LINE
  5
348
330
17
100
AcDbEntity
  8
0
100
AcDbLine
 10
-31.929730000000003
 20
12.90454
 30
0.0
 11
-31.94971
 21
12.914719999999999
 31
0.0
  0
LINE
  5
349
330
17
100
AcDbEntity
  8
0
100
AcDbLine
 10
-31.94971
 20
12.914719999999999
 30
0.0
 11
-31.97054
 21
12.92305
 31
0.0
  0
LINE
  5
34A
330
17
100
AcDbEntity
  8
0
100
AcDbLine
 10
-31.97054
 20
12.92305
 30
0.0
 11
-31.992029999999996
 21
12.92946
 31
0.0
  0
LINE
  5
34B
330
17
100
AcDbEntity
  8
0
100
AcDbLine
 10
-31.992029999999996
 20
12.92946
 30
0.0
 11
-32.084469999999996
 21
12.947659999999999
 31
0.0
  0
LINE
  5
34C
330
17
100
AcDbEntity
  8
0
100
AcDbLine
 10
-32.084469999999996
 20
12.947659999999999
 30
0.0
 11
-32.178270000000005
 21
12.95642
 31
0.0
  0
LINE
  5
34D
330
17
100
AcDbEntity
  8
0
100
AcDbLine
 10
-32.178270000000005
 20
12.95642
 30
0.0
 11
-32.50814
 21
12.96342
 31
0.0
  0
LINE
  5
34E
330
17
100
AcDbEntity
  8
0
100
AcDbLine
 10
-32.50814
 20
12.96342
 30
0.0
 11
-32.838010000000004
 21
12.95642
 31
0.0
  0
LINE
  5
34F
330
17
100
AcDbEntity
  8
0
100
AcDbLine
 10
-32.838010000000004
 20
12.95642
 30
0.0
 11
-32.93182
 21
12.947659999999999
 31
0.0
  0
LINE
  5
350
330
17
100
AcDbEntity
  8
0
100
AcDbLine
 10
-32.93182
 20
12.947659999999999
 30
0.0
 11
-33.02426
 21
12.92946
 31
0.0
  0
LINE
  5
351
330
17
100
AcDbEntity
  8
0
100
AcDbLine
 10
-33.02426
 20
12.92946
 30
0.0
 11
-33.04575
 21
12.92305
 31
0.0
  0
LINE
  5
352
330
17
100
AcDbEntity
  8
0
100
AcDbLine
 10
-4.22906
 20
-13.592369999999999
 30
0.0
 11
-4.23952
 21
-13.58704
 31
0.0
  0
LINE
  5
353
330
17
100
AcDbEntity
  8
0
100
AcDbLine
 10
-4.23952
 20
-13.58704
 30
0.0
 11
-4.2504800000000005
 21
-13.58287
 31
0.0
  0
LINE
  5
354
330
17
100
AcDbEntity
  8
0
100
AcDbLine
 10
-4.2504800000000005
 20
-13.58287
 30
0.0
 11
-4.30783
 21
-13.56751
 31
0.0
  0
LINE
  5
355
330
17
100
AcDbEntity
  8
0
100
AcDbLine
 10
-4.30783
 20
-13.56751
 30
0.0
 11
-4.3664000000000005
 21
-13.557780000000001
 31
0.0
  0
LINE
  5
356
330
17
100
AcDbEntity
  8
0
100
AcDbLine
 10
-4.3664000000000005
 20
-13.557780000000001
 30
0.0
 11
-4.42564
 21
-13.55377
 31
0.0
  0
LINE
  5
357
330
17
100
AcDbEntity
  8
0
100
AcDbLine
 10
-4.42564
 20
-13.55377
 30
0.0
 11
-4.92931
 21
-13.54918
 31
0.0
  0
LINE
  5
358
330
17
100
AcDbEntity
  8
0
100
AcDbLine
 10
-4.92931
 20
-13.54918
 30
0.0
 11
-5.72461
 21
-13.54989
 31
0.0
  0
LINE
  5
359
330
17
100
AcDbEntity
  8
0
100
AcDbLine
 10
-5.72461
 20
-13.54989
 30
0.0
 11
-5.07268
 21
-13.98165
 31
0.0
  0
LINE
  5
35A
330
17
100
AcDbEntity
  8
0
100
AcDbLine
 10
-5.07268
 20
-13.98165
 30
0.0
 11
-6.02342
 21
-13.98237
 31
0.0
  0
LINE
  5
35B
330
17
100
AcDbEntity
  8
0
100
AcDbLine
 10
-6.02342
 20
-13.98237
 30
0.0
 11
-6.59324
 21
-13.97734
 31
0.0
  0
LINE
  5
35C
330
17
100
AcDbEntity
  8
0
100
AcDbLine
 10
-6.59324
 20
-13.97734
 30
0.0
 11
-6.70983
 21
-13.96936
 31
0.0
  0
LINE
  5
35D
330
17
100
AcDbEntity
  8
0
100
AcDbLine
 10
-6.70983
 20
-13.96936
 30
0.0
 11
-6.82505
 21
-13.94978
 31
0.0
  0
LINE
  5
35E
330
17
100
AcDbEntity
  8
0
100
AcDbLine
 10
-6.82505
 20
-13.94978
 30
0.0
 11
-6.84549
 21
-13.94407
 31
0.0
  0
LINE
  5
35F
330
17
100
AcDbEntity
  8
0
100
AcDbLine
 10
-6.84549
 20
-13.94407
 30
0.0
 11
-6.8652
 21
-13.9362
 31
0.0
  0
LINE
  5
360
330
17
100
AcDbEntity
  8
0
100
AcDbLine
 10
-6.8652
 20
-13.9362
 30
0.0
 11
-6.88394
 21
-13.92625
 31
0.0
  0
LINE
  5
361
330
17
100
AcDbEntity
  8
0
100
AcDbLine
 10
-6.88394
 20
-13.92625
 30
0.0
 11
-6.9014999999999995
 21
-13.914340000000001
 31
0.0
  0
LINE
  5
362
330
17
100
AcDbEntity
  8
0
100
AcDbLine
 10
-6.9014999999999995
 20
-13.914340000000001
 30
0.0
 11
-6.91768
 21
-13.90061
 31
0.0
  0
LINE
  5
363
330
17
100
AcDbEntity
  8
0
100
AcDbLine
 10
-6.91768
 20
-13.90061
 30
0.0
 11
-6.93229
 21
-13.88521
 31
0.0
  0
LINE
  5
364
330
17
100
AcDbEntity
  8
0
100
AcDbLine
 10
-6.93229
 20
-13.88521
 30
0.0
 11
-6.94305
 21
-13.87119
 31
0.0
  0
LINE
  5
365
330
17
100
AcDbEntity
  8
0
100
AcDbLine
 10
-6.94305
 20
-13.87119
 30
0.0
 11
-6.95235
 21
-13.85616
 31
0.0
  0
LINE
  5
366
330
17
100
AcDbEntity
  8
0
100
AcDbLine
 10
-6.95235
 20
-13.85616
 30
0.0
 11
-6.96009
 21
-13.84028
 31
0.0
  0
LINE
  5
367
330
17
100
AcDbEntity
  8
0
100
AcDbLine
 10
-6.96009
 20
-13.84028
 30
0.0
 11
-6.9662
 21
-13.82369
 31
0.0
  0
LINE
  5
368
330
17
100
AcDbEntity
  8
0
100
AcDbLine
 10
-6.9662
 20
-13.82369
 30
0.0
 11
-6.9706
 21
-13.80657
 31
0.0
  0
LINE
  5
369
330
17
100
AcDbEntity
  8
0
100
AcDbLine
 10
-6.9706
 20
-13.80657
 30
0.0
 11
-6.97326
 21
-13.7891
 31
0.0
  0
LINE
  5
36A
330
17
100
AcDbEntity
  8
0
100
AcDbLine
 10
-6.97326
 20
-13.7891
 30
0.0
 11
-6.97415
 21
-13.77145
 31
0.0
  0
LINE
  5
36B
330
17
100
AcDbEntity
  8
0
100
AcDbLine
 10
-6.97415
 20
-13.77145
 30
0.0
 11
-6.97299
 21
-13.74856
 31
0.0
  0
LINE
  5
36C
330
17
100
AcDbEntity
  8
0
100
AcDbLine
 10
-6.97299
 20
-13.74856
 30
0.0
 11
-6.96953
 21
-13.72589
 31
0.0
  0
LINE
  5
36D
330
17
100
AcDbEntity
  8
0
100
AcDbLine
 10
-6.96953
 20
-13.72589
 30
0.0
 11
-6.96381
 21
-13.7037
 31
0.0
  0
LINE
  5
36E
330
17
100
AcDbEntity
  8
0
100
AcDbLine
 10
-6.96381
 20
-13.7037
 30
0.0
 11
-6.9558800000000005
 21
-13.68219
 31
0.0
  0
LINE
  5
36F
330
17
100
AcDbEntity
  8
0
100
AcDbLine
 10
-6.9558800000000005
 20
-13.68219
 30
0.0
 11
-6.94581
 21
-13.66159
 31
0.0
  0
LINE
  5
370
330
17
100
AcDbEntity
  8
0
100
AcDbLine
 10
-6.94581
 20
-13.66159
 30
0.0
 11
-6.93797
 21
-13.64886
 31
0.0
  0
LINE
  5
371
330
17
100
AcDbEntity
  8
0
100
AcDbLine
 10
-6.93797
 20
-13.64886
 30
0.0
 11
-6.92896
 21
-13.63692
 31
0.0
  0
LINE
  5
372
330
17
100
AcDbEntity
  8
0
100
AcDbLine
 10
-6.92896
 20
-13.63692
 30
0.0
 11
-6.91886
 21
-13.62589
 31
0.0
  0
LINE
  5
373
330
17
100
AcDbEntity
  8
0
100
AcDbLine
 10
-6.91886
 20
-13.62589
 30
0.0
 11
-6.907769999999999
 21
-13.61585
 31
0.0
  0
LINE
  5
374
330
17
100
AcDbEntity
  8
0
100
AcDbLine
 10
-6.907769999999999
 20
-13.61585
 30
0.0
 11
-6.895779999999999
 21
-13.60691
 31
0.0
  0
LINE
  5
375
330
17
100
AcDbEntity
  8
0
100
AcDbLine
 10
-6.895779999999999
 20
-13.60691
 30
0.0
 11
-6.8830100000000005
 21
-13.599139999999998
 31
0.0
  0
LINE
  5
376
330
17
100
AcDbEntity
  8
0
100
AcDbLine
 10
-6.8830100000000005
 20
-13.599139999999998
 30
0.0
 11
-6.86955
 21
-13.5926
 31
0.0
  0
LINE
  5
377
330
17
100
AcDbEntity
  8
0
100
AcDbLine
 10
-6.86955
 20
-13.5926
 30
0.0
 11
-6.81961
 21
-13.57409
 31
0.0
  0
LINE
  5
378
330
17
100
AcDbEntity
  8
0
100
AcDbLine
 10
-6.81961
 20
-13.57409
 30
0.0
 11
-6.76806
 21
-13.56065
 31
0.0
  0
LINE
  5
379
330
17
100
AcDbEntity
  8
0
100
AcDbLine
 10
-6.76806
 20
-13.56065
 30
0.0
 11
-6.715439999999999
 21
-13.55241
 31
0.0
  0
LINE
  5
37A
330
17
100
AcDbEntity
  8
0
100
AcDbLine
 10
-6.715439999999999
 20
-13.55241
 30
0.0
 11
-6.40371
 21
-13.52698
 31
0.0
  0
LINE
  5
37B
330
17
100
AcDbEntity
  8
0
100
AcDbLine
 10
-6.40371
 20
-13.52698
 30
0.0
 11
-5.83327
 21
-13.49413
 31
0.0
  0
LINE
  5
37C
330
17
100
AcDbEntity
  8
0
100
AcDbLine
 10
-5.83327
 20
-13.49413
 30
0.0
 11
-7.975440000000001
 21
-12.29893
 31
0.0
  0
LINE
  5
37D
330
17
100
AcDbEntity
  8
0
100
AcDbLine
 10
-7.975440000000001
 20
-12.29893
 30
0.0
 11
-8.79702
 21
-11.83623
 31
0.0
  0
LINE
  5
37E
330
17
100
AcDbEntity
  8
0
100
AcDbLine
 10
-8.79702
 20
-11.83623
 30
0.0
 11
-9.48946
 21
-11.43662
 31
0.0
  0
LINE
  5
37F
330
17
100
AcDbEntity
  8
0
100
AcDbLine
 10
-9.48946
 20
-11.43662
 30
0.0
 11
-10.09863
 21
-11.078930000000001
 31
0.0
  0
LINE
  5
380
330
17
100
AcDbEntity
  8
0
100
AcDbLine
 10
-10.09863
 20
-11.078930000000001
 30
0.0
 11
-10.10282
 21
-11.07614
 31
0.0
  0
LINE
  5
381
330
17
100
AcDbEntity
  8
0
100
AcDbLine
 10
-10.10282
 20
-11.07614
 30
0.0
 11
-10.10669
 21
-11.07292
 31
0.0
  0
LINE
  5
382
330
17
100
AcDbEntity
  8
0
100
AcDbLine
 10
-10.10669
 20
-11.07292
 30
0.0
 11
-10.11018
 21
-11.0693
 31
0.0
  0
LINE
  5
383
330
17
100
AcDbEntity
  8
0
100
AcDbLine
 10
-10.11018
 20
-11.0693
 30
0.0
 11
-10.11326
 21
-11.06531
 31
0.0
  0
LINE
  5
384
330
17
100
AcDbEntity
  8
0
100
AcDbLine
 10
-10.11326
 20
-11.06531
 30
0.0
 11
-10.11589
 21
-11.06102
 31
0.0
  0
LINE
  5
385
330
17
100
AcDbEntity
  8
0
100
AcDbLine
 10
-10.11589
 20
-11.06102
 30
0.0
 11
-10.11804
 21
-11.056470000000001
 31
0.0
  0
LINE
  5
386
330
17
100
AcDbEntity
  8
0
100
AcDbLine
 10
-10.11804
 20
-11.056470000000001
 30
0.0
 11
-10.11969
 21
-11.05171
 31
0.0
  0
LINE
  5
387
330
17
100
AcDbEntity
  8
0
100
AcDbLine
 10
-10.11969
 20
-11.05171
 30
0.0
 11
-10.120809999999999
 21
-11.046800000000001
 31
0.0
  0
LINE
  5
388
330
17
100
AcDbEntity
  8
0
100
AcDbLine
 10
-10.120809999999999
 20
-11.046800000000001
 30
0.0
 11
-10.121379999999998
 21
-11.041799999999999
 31
0.0
  0
LINE
  5
389
330
17
100
AcDbEntity
  8
0
100
AcDbLine
 10
-10.121379999999998
 20
-11.041799999999999
 30
0.0
 11
-10.121410000000001
 21
-11.037460000000001
 31
0.0
  0
LINE
  5
38A
330
17
100
AcDbEntity
  8
0
100
AcDbLine
 10
-10.121410000000001
 20
-11.037460000000001
 30
0.0
 11
-10.12097
 21
-11.03314
 31
0.0
  0
LINE
  5
38B
330
17
100
AcDbEntity
  8
0
100
AcDbLine
 10
-10.12097
 20
-11.03314
 30
0.0
 11
-10.12006
 21
-11.0289
 31
0.0
  0
LINE
  5
38C
330
17
100
AcDbEntity
  8
0
100
AcDbLine
 10
-10.12006
 20
-11.0289
 30
0.0
 11
-10.118699999999999
 21
-11.02478
 31
0.0
  0
LINE
  5
38D
330
17
100
AcDbEntity
  8
0
100
AcDbLine
 10
-10.118699999999999
 20
-11.02478
 30
0.0
 11
-10.1169
 21
-11.02083
 31
0.0
  0
LINE
  5
38E
330
17
100
AcDbEntity
  8
0
100
AcDbLine
 10
-10.1169
 20
-11.02083
 30
0.0
 11
-10.114690000000001
 21
-11.017100000000001
 31
0.0
  0
LINE
  5
38F
330
17
100
AcDbEntity
  8
0
100
AcDbLine
 10
-10.114690000000001
 20
-11.017100000000001
 30
0.0
 11
-10.11208
 21
-11.01364
 31
0.0
  0
LINE
  5
390
330
17
100
AcDbEntity
  8
0
100
AcDbLine
 10
-10.11208
 20
-11.01364
 30
0.0
 11
-10.10911
 21
-11.01047
 31
0.0
  0
LINE
  5
391
330
17
100
AcDbEntity
  8
0
100
AcDbLine
 10
-10.10911
 20
-11.01047
 30
0.0
 11
-10.10582
 21
-11.00765
 31
0.0
  0
LINE
  5
392
330
17
100
AcDbEntity
  8
0
100
AcDbLine
 10
-10.10582
 20
-11.00765
 30
0.0
 11
-10.10224
 21
-11.0052
 31
0.0
  0
LINE
  5
393
330
17
100
AcDbEntity
  8
0
100
AcDbLine
 10
-10.10224
 20
-11.0052
 30
0.0
 11
-9.72425
 21
-10.776869999999999
 31
0.0
  0
LINE
  5
394
330
17
100
AcDbEntity
  8
0
100
AcDbLine
 10
-9.72425
 20
-10.776869999999999
 30
0.0
 11
-9.28567
 21
-10.52003
 31
0.0
  0
LINE
  5
395
330
17
100
AcDbEntity
  8
0
100
AcDbLine
 10
-9.28567
 20
-10.52003
 30
0.0
 11
-8.76416
 21
-10.226880000000001
 31
0.0
  0
LINE
  5
396
330
17
100
AcDbEntity
  8
0
100
AcDbLine
 10
-8.76416
 20
-10.226880000000001
 30
0.0
 11
-7.40316
 21
-9.47389
 31
0.0
  0
LINE
  5
397
330
17
100
AcDbEntity
  8
0
100
AcDbLine
 10
-7.40316
 20
-9.47389
 30
0.0
 11
-9.06296
 21
-9.41956
 31
0.0
  0
LINE
  5
398
330
17
100
AcDbEntity
  8
0
100
AcDbLine
 10
-9.06296
 20
-9.41956
 30
0.0
 11
-9.95514
 21
-9.385610000000002
 31
0.0
  0
LINE
  5
399
330
17
100
AcDbEntity
  8
0
100
AcDbLine
 10
-9.95514
 20
-9.385610000000002
 30
0.0
 11
-10.36428
 21
-9.3503
 31
0.0
  0
LINE
  5
39A
330
17
100
AcDbEntity
  8
0
100
AcDbLine
 10
-10.36428
 20
-9.3503
 30
0.0
 11
-10.401530000000001
 21
-9.34342
 31
0.0
  0
LINE
  5
39B
330
17
100
AcDbEntity
  8
0
100
AcDbLine
 10
-10.401530000000001
 20
-9.34342
 30
0.0
 11
-10.43782
 21
-9.33257
 31
0.0
  0
LINE
  5
39C
330
17
100
AcDbEntity
  8
0
100
AcDbLine
 10
-10.43782
 20
-9.33257
 30
0.0
 11
-10.47273
 21
-9.31788
 31
0.0
  0
LINE
  5
39D
330
17
100
AcDbEntity
  8
0
100
AcDbLine
 10
-10.47273
 20
-9.31788
 30
0.0
 11
-10.50586
 21
-9.299520000000001
 31
0.0
  0
LINE
  5
39E
330
17
100
AcDbEntity
  8
0
100
AcDbLine
 10
-10.50586
 20
-9.299520000000001
 30
0.0
 11
-10.5093
 21
-9.2971
 31
0.0
  0
LINE
  5
39F
330
17
100
AcDbEntity
  8
0
100
AcDbLine
 10
-10.5093
 20
-9.2971
 30
0.0
 11
-10.51245
 21
-9.29433
 31
0.0
  0
LINE
  5
3A0
330
17
100
AcDbEntity
  8
0
100
AcDbLine
 10
-10.51245
 20
-9.29433
 30
0.0
 11
-10.5153
 21
-9.291229999999999
 31
0.0
  0
LINE
  5
3A1
330
17
100
AcDbEntity
  8
0
100
AcDbLine
 10
-10.5153
 20
-9.291229999999999
 30
0.0
 11
-10.517790000000002
 21
-9.28785
 31
0.0
  0
LINE
  5
3A2
330
17
100
AcDbEntity
  8
0
100
AcDbLine
 10
-10.517790000000002
 20
-9.28785
 30
0.0
 11
-10.519910000000001
 21
-9.28422
 31
0.0
  0
LINE
  5
3A3
330
17
100
AcDbEntity
  8
0
100
AcDbLine
 10
-10.519910000000001
 20
-9.28422
 30
0.0
 11
-10.52164
 21
-9.280389999999999
 31
0.0
  0
LINE
  5
3A4
330
17
100
AcDbEntity
  8
0
100
AcDbLine
 10
-10.52164
 20
-9.280389999999999
 30
0.0
 11
-10.52294
 21
-9.2764
 31
0.0
  0
LINE
  5
3A5
330
17
100
AcDbEntity
  8
0
100
AcDbLine
 10
-10.52294
 20
-9.2764
 30
0.0
 11
-10.5238
 21
-9.27228
 31
0.0
  0
LINE
  5
3A6
330
17
100
AcDbEntity
  8
0
100
AcDbLine
 10
-10.5238
 20
-9.27228
 30
0.0
 11
-10.524230000000001
 21
-9.2681
 31
0.0
  0
LINE
  5
3A7
330
17
100
AcDbEntity
  8
0
100
AcDbLine
 10
-10.524230000000001
 20
-9.2681
 30
0.0
 11
-10.524199999999999
 21
-9.2639
 31
0.0
  0
LINE
  5
3A8
330
17
100
AcDbEntity
  8
0
100
AcDbLine
 10
-10.524199999999999
 20
-9.2639
 30
0.0
 11
-10.52373
 21
-9.259730000000001
 31
0.0
  0
LINE
  5
3A9
330
17
100
AcDbEntity
  8
0
100
AcDbLine
 10
-10.52373
 20
-9.259730000000001
 30
0.0
 11
-10.52281
 21
-9.25563
 31
0.0
  0
LINE
  5
3AA
330
17
100
AcDbEntity
  8
0
100
AcDbLine
 10
-10.52281
 20
-9.25563
 30
0.0
 11
-10.52146
 21
-9.25165
 31
0.0
  0
LINE
  5
3AB
330
17
100
AcDbEntity
  8
0
100
AcDbLine
 10
-10.52146
 20
-9.25165
 30
0.0
 11
-10.51969
 21
-9.24784
 31
0.0
  0
LINE
  5
3AC
330
17
100
AcDbEntity
  8
0
100
AcDbLine
 10
-10.51969
 20
-9.24784
 30
0.0
 11
-10.517520000000001
 21
-9.244240000000001
 31
0.0
  0
LINE
  5
3AD
330
17
100
AcDbEntity
  8
0
100
AcDbLine
 10
-10.517520000000001
 20
-9.244240000000001
 30
0.0
 11
-10.514990000000001
 21
-9.24089
 31
0.0
  0
LINE
  5
3AE
330
17
100
AcDbEntity
  8
0
100
AcDbLine
 10
-10.514990000000001
 20
-9.24089
 30
0.0
 11
-10.5121
 21
-9.23783
 31
0.0
  0
LINE
  5
3AF
330
17
100
AcDbEntity
  8
0
100
AcDbLine
 10
-10.5121
 20
-9.23783
 30
0.0
 11
-10.50891
 21
-9.23509
 31
0.0
  0
LINE
  5
3B0
330
17
100
AcDbEntity
  8
0
100
AcDbLine
 10
-10.50891
 20
-9.23509
 30
0.0
 11
-10.50545
 21
-9.23272
 31
0.0
  0
LINE
  5
3B1
330
17
100
AcDbEntity
  8
0
100
AcDbLine
 10
-10.50545
 20
-9.23272
 30
0.0
 11
-10.45495
 21
-9.19875
 31
0.0
  0
LINE
  5
3B2
330
17
100
AcDbEntity
  8
0
100
AcDbLine
 10
-10.45495
 20
-9.19875
 30
0.0
 11
-10.407680000000001
 21
-9.16042
 31
0.0
  0
LINE
  5
3B3
330
17
100
AcDbEntity
  8
0
100
AcDbLine
 10
-10.407680000000001
 20
-9.16042
 30
0.0
 11
-10.40596
 21
-9.15873
 31
0.0
  0
LINE
  5
3B4
330
17
100
AcDbEntity
  8
0
100
AcDbLine
 10
-10.40596
 20
-9.15873
 30
0.0
 11
-10.40443
 21
-9.15687
 31
0.0
  0
LINE
  5
3B5
330
17
100
AcDbEntity
  8
0
100
AcDbLine
 10
-10.40443
 20
-9.15687
 30
0.0
 11
-10.40311
 21
-9.154860000000001
 31
0.0
  0
LINE
  5
3B6
330
17
100
AcDbEntity
  8
0
100
AcDbLine
 10
-10.40311
 20
-9.154860000000001
 30
0.0
 11
-10.402
 21
-9.15273
 31
0.0
  0
LINE
  5
3B7
330
17
100
AcDbEntity
  8
0
100
AcDbLine
 10
-10.402
 20
-9.15273
 30
0.0
 11
-10.40112
 21
-9.15048
 31
0.0
  0
LINE
  5
3B8
330
17
100
AcDbEntity
  8
0
100
AcDbLine
 10
-10.40112
 20
-9.15048
 30
0.0
 11
-10.40048
 21
-9.14816
 31
0.0
  0
LINE
  5
3B9
330
17
100
AcDbEntity
  8
0
100
AcDbLine
 10
-10.40048
 20
-9.14816
 30
0.0
 11
-10.40009
 21
-9.145790000000002
 31
0.0
  0
LINE
  5
3BA
330
17
100
AcDbEntity
  8
0
100
AcDbLine
 10
-10.40009
 20
-9.145790000000002
 30
0.0
 11
-10.399939999999999
 21
-9.14339
 31
0.0
  0
LINE
  5
3BB
330
17
100
AcDbEntity
  8
0
100
AcDbLine
 10
-10.399939999999999
 20
-9.14339
 30
0.0
 11
-10.400049999999998
 21
-9.14098
 31
0.0
  0
LINE
  5
3BC
330
17
100
AcDbEntity
  8
0
100
AcDbLine
 10
-10.400049999999998
 20
-9.14098
 30
0.0
 11
-10.40041
 21
-9.1386
 31
0.0
  0
LINE
  5
3BD
330
17
100
AcDbEntity
  8
0
100
AcDbLine
 10
-10.40041
 20
-9.1386
 30
0.0
 11
-10.401010000000001
 21
-9.13627
 31
0.0
  0
LINE
  5
3BE
330
17
100
AcDbEntity
  8
0
100
AcDbLine
 10
-10.401010000000001
 20
-9.13627
 30
0.0
 11
-10.401860000000001
 21
-9.13402
 31
0.0
  0
LINE
  5
3BF
330
17
100
AcDbEntity
  8
0
100
AcDbLine
 10
-10.401860000000001
 20
-9.13402
 30
0.0
 11
-10.40294
 21
-9.131870000000001
 31
0.0
  0
LINE
  5
3C0
330
17
100
AcDbEntity
  8
0
100
AcDbLine
 10
-10.40294
 20
-9.131870000000001
 30
0.0
 11
-10.40423
 21
-9.12984
 31
0.0
  0
LINE
  5
3C1
330
17
100
AcDbEntity
  8
0
100
AcDbLine
 10
-10.40423
 20
-9.12984
 30
0.0
 11
-10.40573
 21
-9.12796
 31
0.0
  0
LINE
  5
3C2
330
17
100
AcDbEntity
  8
0
100
AcDbLine
 10
-10.40573
 20
-9.12796
 30
0.0
 11
-10.40742
 21
-9.126240000000001
 31
0.0
  0
LINE
  5
3C3
330
17
100
AcDbEntity
  8
0
100
AcDbLine
 10
-10.40742
 20
-9.126240000000001
 30
0.0
 11
-10.40928
 21
-9.124709999999999
 31
0.0
  0
LINE
  5
3C4
330
17
100
AcDbEntity
  8
0
100
AcDbLine
 10
-10.40928
 20
-9.124709999999999
 30
0.0
 11
-10.41129
 21
-9.123380000000001
 31
0.0
  0
LINE
  5
3C5
330
17
100
AcDbEntity
  8
0
100
AcDbLine
 10
-10.41129
 20
-9.123380000000001
 30
0.0
 11
-10.41343
 21
-9.12228
 31
0.0
  0
LINE
  5
3C6
330
17
100
AcDbEntity
  8
0
100
AcDbLine
 10
-10.41343
 20
-9.12228
 30
0.0
 11
-10.43474
 21
-9.11385
 31
0.0
  0
LINE
  5
3C7
330
17
100
AcDbEntity
  8
0
100
AcDbLine
 10
-10.43474
 20
-9.11385
 30
0.0
 11
-10.45679
 21
-9.10759
 31
0.0
  0
LINE
  5
3C8
330
17
100
AcDbEntity
  8
0
100
AcDbLine
 10
-10.45679
 20
-9.10759
 30
0.0
 11
-10.47936
 21
-9.10357
 31
0.0
  0
LINE
  5
3C9
330
17
100
AcDbEntity
  8
0
100
AcDbLine
 10
-10.47936
 20
-9.10357
 30
0.0
 11
-10.50221
 21
-9.10182
 31
0.0
  0
LINE
  5
3CA
330
17
100
AcDbEntity
  8
0
100
AcDbLine
 10
-10.50221
 20
-9.10182
 30
0.0
 11
-10.80425
 21
-9.0969
 31
0.0
  0
LINE
  5
3CB
330
17
100
AcDbEntity
  8
0
100
AcDbLine
 10
-10.80425
 20
-9.0969
 30
0.0
 11
-11.05014
 21
-9.10303
 31
0.0
  0
LINE
  5
3CC
330
17
100
AcDbEntity
  8
0
100
AcDbLine
 10
-11.05014
 20
-9.10303
 30
0.0
 11
-11.10183
 21
-9.10793
 31
0.0
  0
LINE
  5
3CD
330
17
100
AcDbEntity
  8
0
100
AcDbLine
 10
-11.10183
 20
-9.10793
 30
0.0
 11
-11.153
 21
-9.116769999999999
 31
0.0
  0
LINE
  5
3CE
330
17
100
AcDbEntity
  8
0
100
AcDbLine
 10
-11.153
 20
-9.116769999999999
 30
0.0
 11
-11.20334
 21
-9.12949
 31
0.0
  0
LINE
  5
3CF
330
17
100
AcDbEntity
  8
0
100
AcDbLine
 10
-11.20334
 20
-9.12949
 30
0.0
 11
-11.222029999999998
 21
-9.13592
 31
0.0
  0
LINE
  5
3D0
330
17
100
AcDbEntity
  8
0
100
AcDbLine
 10
-11.222029999999998
 20
-9.13592
 30
0.0
 11
-11.24007
 21
-9.144
 31
0.0
  0
LINE
  5
3D1
330
17
100
AcDbEntity
  8
0
100
AcDbLine
 10
-11.24007
 20
-9.144
 30
0.0
 11
-11.25731
 21
-9.15367
 31
0.0
  0
LINE
  5
3D2
330
17
100
AcDbEntity
  8
0
100
AcDbLine
 10
-11.25731
 20
-9.15367
 30
0.0
 11
-11.2736
 21
-9.164850000000001
 31
0.0
  0
LINE
  5
3D3
330
17
100
AcDbEntity
  8
0
100
AcDbLine
 10
-11.2736
 20
-9.164850000000001
 30
0.0
 11
-11.288829999999999
 21
-9.17745
 31
0.0
  0
LINE
  5
3D4
330
17
100
AcDbEntity
  8
0
100
AcDbLine
 10
-11.288829999999999
 20
-9.17745
 30
0.0
 11
-11.29589
 21
-9.18455
 31
0.0
  0
LINE
  5
3D5
330
17
100
AcDbEntity
  8
0
100
AcDbLine
 10
-11.29589
 20
-9.18455
 30
0.0
 11
-11.30217
 21
-9.19235
 31
0.0
  0
LINE
  5
3D6
330
17
100
AcDbEntity
  8
0
100
AcDbLine
 10
-11.30217
 20
-9.19235
 30
0.0
 11
-11.307599999999999
 21
-9.20076
 31
0.0
  0
LINE
  5
3D7
330
17
100
AcDbEntity
  8
0
100
AcDbLine
 10
-11.307599999999999
 20
-9.20076
 30
0.0
 11
-11.31213
 21
-9.20969
 31
0.0
  0
LINE
  5
3D8
330
17
100
AcDbEntity
  8
0
100
AcDbLine
 10
-11.31213
 20
-9.20969
 30
0.0
 11
-11.3157
 21
-9.21905
 31
0.0
  0
LINE
  5
3D9
330
17
100
AcDbEntity
  8
0
100
AcDbLine
 10
-11.3157
 20
-9.21905
 30
0.0
 11
-11.31828
 21
-9.22872
 31
0.0
  0
LINE
  5
3DA
330
17
100
AcDbEntity
  8
0
100
AcDbLine
 10
-11.31828
 20
-9.22872
 30
0.0
 11
-11.31984
 21
-9.23861
 31
0.0
  0
LINE
  5
3DB
330
17
100
AcDbEntity
  8
0
100
AcDbLine
 10
-11.31984
 20
-9.23861
 30
0.0
 11
-11.320359999999999
 21
-9.248610000000001
 31
0.0
  0
LINE
  5
3DC
330
17
100
AcDbEntity
  8
0
100
AcDbLine
 10
-11.320359999999999
 20
-9.248610000000001
 30
0.0
 11
-11.31949
 21
-9.26455
 31
0.0
  0
LINE
  5
3DD
330
17
100
AcDbEntity
  8
0
100
AcDbLine
 10
-11.31949
 20
-9.26455
 30
0.0
 11
-11.316889999999999
 21
-9.28029
 31
0.0
  0
LINE
  5
3DE
330
17
100
AcDbEntity
  8
0
100
AcDbLine
 10
-11.316889999999999
 20
-9.28029
 30
0.0
 11
-11.31259
 21
-9.295660000000002
 31
0.0
  0
LINE
  5
3DF
330
17
100
AcDbEntity
  8
0
100
AcDbLine
 10
-11.31259
 20
-9.295660000000002
 30
0.0
 11
-11.30665
 21
-9.310469999999999
 31
0.0
  0
LINE
  5
3E0
330
17
100
AcDbEntity
  8
0
100
AcDbLine
 10
-11.30665
 20
-9.310469999999999
 30
0.0
 11
-11.295589999999999
 21
-9.33118
 31
0.0
  0
LINE
  5
3E1
330
17
100
AcDbEntity
  8
0
100
AcDbLine
 10
-11.295589999999999
 20
-9.33118
 30
0.0
 11
-11.28235
 21
-9.350570000000001
 31
0.0
  0
LINE
  5
3E2
330
17
100
AcDbEntity
  8
0
100
AcDbLine
 10
-11.28235
 20
-9.350570000000001
 30
0.0
 11
-11.267100000000001
 21
-9.36841
 31
0.0
  0
LINE
  5
3E3
330
17
100
AcDbEntity
  8
0
100
AcDbLine
 10
-11.267100000000001
 20
-9.36841
 30
0.0
 11
-11.24908
 21
-9.38547
 31
0.0
  0
LINE
  5
3E4
330
17
100
AcDbEntity
  8
0
100
AcDbLine
 10
-11.24908
 20
-9.38547
 30
0.0
 11
-11.22941
 21
-9.40061
 31
0.0
  0
LINE
  5
3E5
330
17
100
AcDbEntity
  8
0
100
AcDbLine
 10
-11.22941
 20
-9.40061
 30
0.0
 11
-11.20831
 21
-9.413670000000002
 31
0.0
  0
LINE
  5
3E6
330
17
100
AcDbEntity
  8
0
100
AcDbLine
 10
-11.20831
 20
-9.413670000000002
 30
0.0
 11
-11.18613
 21
-9.42443
 31
0.0
  0
LINE
  5
3E7
330
17
100
AcDbEntity
  8
0
100
AcDbLine
 10
-11.18613
 20
-9.42443
 30
0.0
 11
-11.16295
 21
-9.43282
 31
0.0
  0
LINE
  5
3E8
330
17
100
AcDbEntity
  8
0
100
AcDbLine
 10
-11.16295
 20
-9.43282
 30
0.0
 11
-11.13903
 21
-9.438759999999998
 31
0.0
  0
LINE
  5
3E9
330
17
100
AcDbEntity
  8
0
100
AcDbLine
 10
-11.13903
 20
-9.438759999999998
 30
0.0
 11
-11.13556
 21
-9.43962
 31
0.0
  0
LINE
  5
3EA
330
17
100
AcDbEntity
  8
0
100
AcDbLine
 10
-11.13556
 20
-9.43962
 30
0.0
 11
-11.13221
 21
-9.44086
 31
0.0
  0
LINE
  5
3EB
330
17
100
AcDbEntity
  8
0
100
AcDbLine
 10
-11.13221
 20
-9.44086
 30
0.0
 11
-11.129
 21
-9.44244
 31
0.0
  0
LINE
  5
3EC
330
17
100
AcDbEntity
  8
0
100
AcDbLine
 10
-11.129
 20
-9.44244
 30
0.0
 11
-11.12599
 21
-9.44435
 31
0.0
  0
LINE
  5
3ED
330
17
100
AcDbEntity
  8
0
100
AcDbLine
 10
-11.12599
 20
-9.44435
 30
0.0
 11
-11.12319
 21
-9.446579999999999
 31
0.0
  0
LINE
  5
3EE
330
17
100
AcDbEntity
  8
0
100
AcDbLine
 10
-11.12319
 20
-9.446579999999999
 30
0.0
 11
-11.12065
 21
-9.44909
 31
0.0
  0
LINE
  5
3EF
330
17
100
AcDbEntity
  8
0
100
AcDbLine
 10
-11.12065
 20
-9.44909
 30
0.0
 11
-11.11839
 21
-9.45186
 31
0.0
  0
LINE
  5
3F0
330
17
100
AcDbEntity
  8
0
100
AcDbLine
 10
-11.11839
 20
-9.45186
 30
0.0
 11
-11.11644
 21
-9.45486
 31
0.0
  0
LINE
  5
3F1
330
17
100
AcDbEntity
  8
0
100
AcDbLine
 10
-11.11644
 20
-9.45486
 30
0.0
 11
-11.11482
 21
-9.458039999999999
 31
0.0
  0
LINE
  5
3F2
330
17
100
AcDbEntity
  8
0
100
AcDbLine
 10
-11.11482
 20
-9.458039999999999
 30
0.0
 11
-11.11355
 21
-9.46139
 31
0.0
  0
LINE
  5
3F3
330
17
100
AcDbEntity
  8
0
100
AcDbLine
 10
-11.11355
 20
-9.46139
 30
0.0
 11
-11.11265
 21
-9.46484
 31
0.0
  0
LINE
  5
3F4
330
17
100
AcDbEntity
  8
0
100
AcDbLine
 10
-11.11265
 20
-9.46484
 30
0.0
 11
-11.112119999999999
 21
-9.46838
 31
0.0
  0
LINE
  5
3F5
330
17
100
AcDbEntity
  8
0
100
AcDbLine
 10
-11.112119999999999
 20
-9.46838
 30
0.0
 11
-11.111970000000001
 21
-9.47195
 31
0.0
  0
LINE
  5
3F6
330
17
100
AcDbEntity
  8
0
100
AcDbLine
 10
-11.111970000000001
 20
-9.47195
 30
0.0
 11
-11.1122
 21
-9.47551
 31
0.0
  0
LINE
  5
3F7
330
17
100
AcDbEntity
  8
0
100
AcDbLine
 10
-11.1122
 20
-9.47551
 30
0.0
 11
-11.112810000000001
 21
-9.47903
 31
0.0
  0
LINE
  5
3F8
330
17
100
AcDbEntity
  8
0
100
AcDbLine
 10
-11.112810000000001
 20
-9.47903
 30
0.0
 11
-11.11631
 21
-9.491380000000001
 31
0.0
  0
LINE
  5
3F9
330
17
100
AcDbEntity
  8
0
100
AcDbLine
 10
-11.11631
 20
-9.491380000000001
 30
0.0
 11
-11.12107
 21
-9.503309999999999
 31
0.0
  0
LINE
  5
3FA
330
17
100
AcDbEntity
  8
0
100
AcDbLine
 10
-11.12107
 20
-9.503309999999999
 30
0.0
 11
-11.12701
 21
-9.51469
 31
0.0
  0
LINE
  5
3FB
330
17
100
AcDbEntity
  8
0
100
AcDbLine
 10
-11.12701
 20
-9.51469
 30
0.0
 11
-11.134089999999999
 21
-9.5254
 31
0.0
  0
LINE
  5
3FC
330
17
100
AcDbEntity
  8
0
100
AcDbLine
 10
-11.134089999999999
 20
-9.5254
 30
0.0
 11
-11.14223
 21
-9.53533
 31
0.0
  0
LINE
  5
3FD
330
17
100
AcDbEntity
  8
0
100
AcDbLine
 10
-11.14223
 20
-9.53533
 30
0.0
 11
-11.15134
 21
-9.54438
 31
0.0
  0
LINE
  5
3FE
330
17
100
AcDbEntity
  8
0
100
AcDbLine
 10
-11.15134
 20
-9.54438
 30
0.0
 11
-11.21719
 21
-9.598189999999999
 31
0.0
  0
LINE
  5
3FF
330
17
100
AcDbEntity
  8
0
100
AcDbLine
 10
-11.21719
 20
-9.598189999999999
 30
0.0
 11
-11.28767
 21
-9.64578
 31
0.0
  0
LINE
  5
400
330
17
100
AcDbEntity
  8
0
100
AcDbLine
 10
-11.28767
 20
-9.64578
 30
0.0
 11
-11.51932
 21
-9.77947
 31
0.0
  0
LINE
  5
401
330
17
100
AcDbEntity
  8
0
100
AcDbLine
 10
-11.51932
 20
-9.77947
 30
0.0
 11
-12.08095
 21
-10.08506
 31
0.0
  0
LINE
  5
402
330
17
100
AcDbEntity
  8
0
100
AcDbLine
 10
-12.08095
 20
-10.08506
 30
0.0
 11
-12.08095
 21
-10.98854
 31
0.0
  0
LINE
  5
403
330
17
100
AcDbEntity
  8
0
100
AcDbLine
 10
-12.08095
 20
-10.98854
 30
0.0
 11
-12.07284
 21
-11.42216
 31
0.0
  0
LINE
  5
404
330
17
100
AcDbEntity
  8
0
100
AcDbLine
 10
-12.07284
 20
-11.42216
 30
0.0
 11
-12.06316
 21
-11.56935
 31
0.0
  0
LINE
  5
405
330
17
100
AcDbEntity
  8
0
100
AcDbLine
 10
-12.06316
 20
-11.56935
 30
0.0
 11
-12.04515
 21
-11.715760000000001
 31
0.0
  0
LINE
  5
406
330
17
100
AcDbEntity
  8
0
100
AcDbLine
 10
-12.04515
 20
-11.715760000000001
 30
0.0
 11
-12.02567
 21
-11.81568
 31
0.0
  0
LINE
  5
407
330
17
100
AcDbEntity
  8
0
100
AcDbLine
 10
-12.02567
 20
-11.81568
 30
0.0
 11
-11.99795
 21
-11.91362
 31
0.0
  0
LINE
  5
408
330
17
100
AcDbEntity
  8
0
100
AcDbLine
 10
-11.99795
 20
-11.91362
 30
0.0
 11
-11.99003
 21
-11.93437
 31
0.0
  0
LINE
  5
409
330
17
100
AcDbEntity
  8
0
100
AcDbLine
 10
-11.99003
 20
-11.93437
 30
0.0
 11
-11.98022
 21
-11.954289999999999
 31
0.0
  0
LINE
  5
40A
330
17
100
AcDbEntity
  8
0
100
AcDbLine
 10
-11.98022
 20
-11.954289999999999
 30
0.0
 11
-11.968589999999999
 21
-11.97321
 31
0.0
  0
LINE
  5
40B
330
17
100
AcDbEntity
  8
0
100
AcDbLine
 10
-11.968589999999999
 20
-11.97321
 30
0.0
 11
-11.955250000000001
 21
-11.99097
 31
0.0
  0
LINE
  5
40C
330
17
100
AcDbEntity
  8
0
100
AcDbLine
 10
-11.955250000000001
 20
-11.99097
 30
0.0
 11
-11.94031
 21
-12.0074
 31
0.0
  0
LINE
  5
40D
330
17
100
AcDbEntity
  8
0
100
AcDbLine
 10
-11.94031
 20
-12.0074
 30
0.0
 11
-11.9239
 21
-12.022359999999999
 31
0.0
  0
LINE
  5
40E
330
17
100
AcDbEntity
  8
0
100
AcDbLine
 10
-11.9239
 20
-12.022359999999999
 30
0.0
 11
-11.86188
 21
-12.06954
 31
0.0
  0
LINE
  5
40F
330
17
100
AcDbEntity
  8
0
100
AcDbLine
 10
-11.86188
 20
-12.06954
 30
0.0
 11
-11.79609
 21
-12.11131
 31
0.0
  0
LINE
  5
410
330
17
100
AcDbEntity
  8
0
100
AcDbLine
 10
-11.79609
 20
-12.11131
 30
0.0
 11
-10.79787
 21
-12.686110000000001
 31
0.0
  0
LINE
  5
411
330
17
100
AcDbEntity
  8
0
100
AcDbLine
 10
-10.79787
 20
-12.686110000000001
 30
0.0
 11
-9.64698
 21
-13.343549999999999
 31
0.0
  0
LINE
  5
412
330
17
100
AcDbEntity
  8
0
100
AcDbLine
 10
-9.64698
 20
-13.343549999999999
 30
0.0
 11
-8.31111
 21
-14.09892
 31
0.0
  0
LINE
  5
413
330
17
100
AcDbEntity
  8
0
100
AcDbLine
 10
-8.31111
 20
-14.09892
 30
0.0
 11
-4.855370000000001
 21
-16.04513
 31
0.0
  0
LINE
  5
414
330
17
100
AcDbEntity
  8
0
100
AcDbLine
 10
-4.855370000000001
 20
-16.04513
 30
0.0
 11
-4.8242199999999995
 21
-15.07527
 31
0.0
  0
LINE
  5
415
330
17
100
AcDbEntity
  8
0
100
AcDbLine
 10
-4.8242199999999995
 20
-15.07527
 30
0.0
 11
-4.79842
 21
-14.43567
 31
0.0
  0
LINE
  5
416
330
17
100
AcDbEntity
  8
0
100
AcDbLine
 10
-4.79842
 20
-14.43567
 30
0.0
 11
-4.79175
 21
-14.36409
 31
0.0
  0
LINE
  5
417
330
17
100
AcDbEntity
  8
0
100
AcDbLine
 10
-4.79175
 20
-14.36409
 30
0.0
 11
-4.77879
 21
-14.29337
 31
0.0
  0
LINE
  5
418
330
17
100
AcDbEntity
  8
0
100
AcDbLine
 10
-4.77879
 20
-14.29337
 30
0.0
 11
-4.75964
 21
-14.22408
 31
0.0
  0
LINE
  5
419
330
17
100
AcDbEntity
  8
0
100
AcDbLine
 10
-4.75964
 20
-14.22408
 30
0.0
 11
-4.75354
 21
-14.20806
 31
0.0
  0
LINE
  5
41A
330
17
100
AcDbEntity
  8
0
100
AcDbLine
 10
-4.75354
 20
-14.20806
 30
0.0
 11
-4.74588
 21
-14.192730000000001
 31
0.0
  0
LINE
  5
41B
330
17
100
AcDbEntity
  8
0
100
AcDbLine
 10
-4.74588
 20
-14.192730000000001
 30
0.0
 11
-4.736739999999999
 21
-14.17824
 31
0.0
  0
LINE
  5
41C
330
17
100
AcDbEntity
  8
0
100
AcDbLine
 10
-4.736739999999999
 20
-14.17824
 30
0.0
 11
-4.72621
 21
-14.16472
 31
0.0
  0
LINE
  5
41D
330
17
100
AcDbEntity
  8
0
100
AcDbLine
 10
-4.72621
 20
-14.16472
 30
0.0
 11
-4.714379999999999
 21
-14.15232
 31
0.0
  0
LINE
  5
41E
330
17
100
AcDbEntity
  8
0
100
AcDbLine
 10
-4.714379999999999
 20
-14.15232
 30
0.0
 11
-4.7013799999999994
 21
-14.14116
 31
0.0
  0
LINE
  5
41F
330
17
100
AcDbEntity
  8
0
100
AcDbLine
 10
-4.7013799999999994
 20
-14.14116
 30
0.0
 11
-4.68734
 21
-14.13134
 31
0.0
  0
LINE
  5
420
330
17
100
AcDbEntity
  8
0
100
AcDbLine
 10
-4.68734
 20
-14.13134
 30
0.0
 11
-4.67239
 21
-14.12297
 31
0.0
  0
LINE
  5
421
330
17
100
AcDbEntity
  8
0
100
AcDbLine
 10
-4.67239
 20
-14.12297
 30
0.0
 11
-4.6307
 21
-14.10446
 31
0.0
  0
LINE
  5
422
330
17
100
AcDbEntity
  8
0
100
AcDbLine
 10
-4.6307
 20
-14.10446
 30
0.0
 11
-4.58756
 21
-14.089630000000001
 31
0.0
  0
LINE
  5
423
330
17
100
AcDbEntity
  8
0
100
AcDbLine
 10
-4.58756
 20
-14.089630000000001
 30
0.0
 11
-4.5433
 21
-14.07859
 31
0.0
  0
LINE
  5
424
330
17
100
AcDbEntity
  8
0
100
AcDbLine
 10
-4.5433
 20
-14.07859
 30
0.0
 11
-4.498259999999999
 21
-14.07141
 31
0.0
  0
LINE
  5
425
330
17
100
AcDbEntity
  8
0
100
AcDbLine
 10
-4.498259999999999
 20
-14.07141
 30
0.0
 11
-4.4287
 21
-14.05994
 31
0.0
  0
LINE
  5
426
330
17
100
AcDbEntity
  8
0
100
AcDbLine
 10
-4.4287
 20
-14.05994
 30
0.0
 11
-4.36059
 21
-14.04179
 31
0.0
  0
LINE
  5
427
330
17
100
AcDbEntity
  8
0
100
AcDbLine
 10
-4.36059
 20
-14.04179
 30
0.0
 11
-4.3346
 21
-14.032070000000001
 31
0.0
  0
LINE
  5
428
330
17
100
AcDbEntity
  8
0
100
AcDbLine
 10
-4.3346
 20
-14.032070000000001
 30
0.0
 11
-4.30968
 21
-14.01984
 31
0.0
  0
LINE
  5
429
330
17
100
AcDbEntity
  8
0
100
AcDbLine
 10
-4.30968
 20
-14.01984
 30
0.0
 11
-4.286090000000001
 21
-14.005230000000001
 31
0.0
  0
LINE
  5
42A
330
17
100
AcDbEntity
  8
0
100
AcDbLine
 10
-4.286090000000001
 20
-14.005230000000001
 30
0.0
 11
-4.26403
 21
-13.98838
 31
0.0
  0
LINE
  5
42B
330
17
100
AcDbEntity
  8
0
100
AcDbLine
 10
-4.26403
 20
-13.98838
 30
0.0
 11
-4.2488600000000005
 21
-13.97437
 31
0.0
  0
LINE
  5
42C
330
17
100
AcDbEntity
  8
0
100
AcDbLine
 10
-4.2488600000000005
 20
-13.97437
 30
0.0
 11
-4.23498
 21
-13.95908
 31
0.0
  0
LINE
  5
42D
330
17
100
AcDbEntity
  8
0
100
AcDbLine
 10
-4.23498
 20
-13.95908
 30
0.0
 11
-4.222499999999999
 21
-13.94263
 31
0.0
  0
LINE
  5
42E
330
17
100
AcDbEntity
  8
0
100
AcDbLine
 10
-4.222499999999999
 20
-13.94263
 30
0.0
 11
-4.21151
 21
-13.92515
 31
0.0
  0
LINE
  5
42F
330
17
100
AcDbEntity
  8
0
100
AcDbLine
 10
-4.21151
 20
-13.92515
 30
0.0
 11
-4.20209
 21
-13.90677
 31
0.0
  0
LINE
  5
430
330
17
100
AcDbEntity
  8
0
100
AcDbLine
 10
-4.20209
 20
-13.90677
 30
0.0
 11
-4.187340000000001
 21
-13.86996
 31
0.0
  0
LINE
  5
431
330
17
100
AcDbEntity
  8
0
100
AcDbLine
 10
-4.187340000000001
 20
-13.86996
 30
0.0
 11
-4.17618
 21
-13.83189
 31
0.0
  0
LINE
  5
432
330
17
100
AcDbEntity
  8
0
100
AcDbLine
 10
-4.17618
 20
-13.83189
 30
0.0
 11
-4.1687199999999995
 21
-13.79294
 31
0.0
  0
LINE
  5
433
330
17
100
AcDbEntity
  8
0
100
AcDbLine
 10
-4.1687199999999995
 20
-13.79294
 30
0.0
 11
-4.165710000000001
 21
-13.758289999999999
 31
0.0
  0
LINE
  5
434
330
17
100
AcDbEntity
  8
0
100
AcDbLine
 10
-4.165710000000001
 20
-13.758289999999999
 30
0.0
 11
-4.16647
 21
-13.72353
 31
0.0
  0
LINE
  5
435
330
17
100
AcDbEntity
  8
0
100
AcDbLine
 10
-4.16647
 20
-13.72353
 30
0.0
 11
-4.17101
 21
-13.68905
 31
0.0
  0
LINE
  5
436
330
17
100
AcDbEntity
  8
0
100
AcDbLine
 10
-4.17101
 20
-13.68905
 30
0.0
 11
-4.17925
 21
-13.65527
 31
0.0
  0
LINE
  5
437
330
17
100
AcDbEntity
  8
0
100
AcDbLine
 10
-4.17925
 20
-13.65527
 30
0.0
 11
-4.18325
 21
-13.64424
 31
0.0
  0
LINE
  5
438
330
17
100
AcDbEntity
  8
0
100
AcDbLine
 10
-4.18325
 20
-13.64424
 30
0.0
 11
-4.1884
 21
-13.633700000000001
 31
0.0
  0
LINE
  5
439
330
17
100
AcDbEntity
  8
0
100
AcDbLine
 10
-4.1884
 20
-13.633700000000001
 30
0.0
 11
-4.19466
 21
-13.62378
 31
0.0
  0
LINE
  5
43A
330
17
100
AcDbEntity
  8
0
100
AcDbLine
 10
-4.19466
 20
-13.62378
 30
0.0
 11
-4.2019400000000005
 21
-13.61458
 31
0.0
  0
LINE
  5
43B
330
17
100
AcDbEntity
  8
0
100
AcDbLine
 10
-4.2019400000000005
 20
-13.61458
 30
0.0
 11
-4.21017
 21
-13.60622
 31
0.0
  0
LINE
  5
43C
330
17
100
AcDbEntity
  8
0
100
AcDbLine
 10
-4.21017
 20
-13.60622
 30
0.0
 11
-4.21924
 21
-13.59879
 31
0.0
  0
LINE
  5
43D
330
17
100
AcDbEntity
  8
0
100
AcDbLine
 10
-4.21924
 20
-13.59879
 30
0.0
 11
-4.22906
 21
-13.592369999999999
 31
0.0
  0
LINE
  5
43E
330
17
100
AcDbEntity
  8
0
100
AcDbLine
 10
42.13619
 20
8.6593
 30
0.0
 11
42.13699
 21
8.66133
 31
0.0
  0
LINE
  5
43F
330
17
100
AcDbEntity
  8
0
100
AcDbLine
 10
42.13699
 20
8.66133
 30
0.0
 11
42.13756
 21
8.66342
 31
0.0
  0
LINE
  5
440
330
17
100
AcDbEntity
  8
0
100
AcDbLine
 10
42.13756
 20
8.66342
 30
0.0
 11
42.13791
 21
8.665569999999999
 31
0.0
  0
LINE
  5
441
330
17
100
AcDbEntity
  8
0
100
AcDbLine
 10
42.13791
 20
8.665569999999999
 30
0.0
 11
42.13803
 21
8.66774
 31
0.0
  0
LINE
  5
442
330
17
100
AcDbEntity
  8
0
100
AcDbLine
 10
42.13803
 20
8.66774
 30
0.0
 11
42.13744
 21
8.6798
 31
0.0
  0
LINE
  5
443
330
17
100
AcDbEntity
  8
0
100
AcDbLine
 10
42.13744
 20
8.6798
 30
0.0
 11
42.13568
 21
8.69174
 31
0.0
  0
LINE
  5
444
330
17
100
AcDbEntity
  8
0
100
AcDbLine
 10
42.13568
 20
8.69174
 30
0.0
 11
42.13277
 21
8.70346
 31
0.0
  0
LINE
  5
445
330
17
100
AcDbEntity
  8
0
100
AcDbLine
 10
42.13277
 20
8.70346
 30
0.0
 11
42.08619
 21
8.85615
 31
0.0
  0
LINE
  5
446
330
17
100
AcDbEntity
  8
0
100
AcDbLine
 10
42.08619
 20
8.85615
 30
0.0
 11
42.02917
 21
9.0353
 31
0.0
  0
LINE
  5
447
330
17
100
AcDbEntity
  8
0
100
AcDbLine
 10
42.02917
 20
9.0353
 30
0.0
 11
41.96154
 21
9.23818
 31
0.0
  0
LINE
  5
448
330
17
100
AcDbEntity
  8
0
100
AcDbLine
 10
41.96154
 20
9.23818
 30
0.0
 11
41.80618
 21
9.62754
 31
0.0
  0
LINE
  5
449
330
17
100
AcDbEntity
  8
0
100
AcDbLine
 10
41.80618
 20
9.62754
 30
0.0
 11
41.610929999999996
 21
9.99851
 31
0.0
  0
LINE
  5
44A
330
17
100
AcDbEntity
  8
0
100
AcDbLine
 10
41.610929999999996
 20
9.99851
 30
0.0
 11
41.46757
 21
10.21763
 31
0.0
  0
LINE
  5
44B
330
17
100
AcDbEntity
  8
0
100
AcDbLine
 10
41.46757
 20
10.21763
 30
0.0
 11
41.30612
 21
10.4238
 31
0.0
  0
LINE
  5
44C
330
17
100
AcDbEntity
  8
0
100
AcDbLine
 10
41.30612
 20
10.4238
 30
0.0
 11
41.12776
 21
10.61553
 31
0.0
  0
LINE
  5
44D
330
17
100
AcDbEntity
  8
0
100
AcDbLine
 10
41.12776
 20
10.61553
 30
0.0
 11
40.93162
 21
10.793610000000001
 31
0.0
  0
LINE
  5
44E
330
17
100
AcDbEntity
  8
0
100
AcDbLine
 10
40.93162
 20
10.793610000000001
 30
0.0
 11
40.72127
 21
10.95467
 31
0.0
  0
LINE
  5
44F
330
17
100
AcDbEntity
  8
0
100
AcDbLine
 10
40.72127
 20
10.95467
 30
0.0
 11
40.4982
 21
11.09757
 31
0.0
  0
LINE
  5
450
330
17
100
AcDbEntity
  8
0
100
AcDbLine
 10
40.4982
 20
11.09757
 30
0.0
 11
40.11463
 21
11.29683
 31
0.0
  0
LINE
  5
451
330
17
100
AcDbEntity
  8
0
100
AcDbLine
 10
40.11463
 20
11.29683
 30
0.0
 11
39.71346
 21
11.45776
 31
0.0
  0
LINE
  5
452
330
17
100
AcDbEntity
  8
0
100
AcDbLine
 10
39.71346
 20
11.45776
 30
0.0
 11
39.1407
 21
11.63714
 31
0.0
  0
LINE
  5
453
330
17
100
AcDbEntity
  8
0
100
AcDbLine
 10
39.1407
 20
11.63714
 30
0.0
 11
39.071149999999996
 21
11.65269
 31
0.0
  0
LINE
  5
454
330
17
100
AcDbEntity
  8
0
100
AcDbLine
 10
39.071149999999996
 20
11.65269
 30
0.0
 11
39.000319999999995
 21
11.660590000000001
 31
0.0
  0
LINE
  5
455
330
17
100
AcDbEntity
  8
0
100
AcDbLine
 10
39.000319999999995
 20
11.660590000000001
 30
0.0
 11
38.92906
 21
11.660749999999998
 31
0.0
  0
LINE
  5
456
330
17
100
AcDbEntity
  8
0
100
AcDbLine
 10
38.92906
 20
11.660749999999998
 30
0.0
 11
38.858200000000004
 21
11.65318
 31
0.0
  0
LINE
  5
457
330
17
100
AcDbEntity
  8
0
100
AcDbLine
 10
38.858200000000004
 20
11.65318
 30
0.0
 11
38.83952
 21
11.64918
 31
0.0
  0
LINE
  5
458
330
17
100
AcDbEntity
  8
0
100
AcDbLine
 10
38.83952
 20
11.64918
 30
0.0
 11
38.82133
 21
11.64333
 31
0.0
  0
LINE
  5
459
330
17
100
AcDbEntity
  8
0
100
AcDbLine
 10
38.82133
 20
11.64333
 30
0.0
 11
38.80382
 21
11.6357
 31
0.0
  0
LINE
  5
45A
330
17
100
AcDbEntity
  8
0
100
AcDbLine
 10
38.80382
 20
11.6357
 30
0.0
 11
38.78716
 21
11.62635
 31
0.0
  0
LINE
  5
45B
330
17
100
AcDbEntity
  8
0
100
AcDbLine
 10
38.78716
 20
11.62635
 30
0.0
 11
38.771519999999995
 21
11.61538
 31
0.0
  0
LINE
  5
45C
330
17
100
AcDbEntity
  8
0
100
AcDbLine
 10
38.771519999999995
 20
11.61538
 30
0.0
 11
38.75705
 21
11.60291
 31
0.0
  0
LINE
  5
45D
330
17
100
AcDbEntity
  8
0
100
AcDbLine
 10
38.75705
 20
11.60291
 30
0.0
 11
38.7439
 21
11.58905
 31
0.0
  0
LINE
  5
45E
330
17
100
AcDbEntity
  8
0
100
AcDbLine
 10
38.7439
 20
11.58905
 30
0.0
 11
38.7322
 21
11.57394
 31
0.0
  0
LINE
  5
45F
330
17
100
AcDbEntity
  8
0
100
AcDbLine
 10
38.7322
 20
11.57394
 30
0.0
 11
38.72208
 21
11.55775
 31
0.0
  0
LINE
  5
460
330
17
100
AcDbEntity
  8
0
100
AcDbLine
 10
38.72208
 20
11.55775
 30
0.0
 11
38.71362
 21
11.54062
 31
0.0
  0
LINE
  5
461
330
17
100
AcDbEntity
  8
0
100
AcDbLine
 10
38.71362
 20
11.54062
 30
0.0
 11
38.69081
 21
11.47956
 31
0.0
  0
LINE
  5
462
330
17
100
AcDbEntity
  8
0
100
AcDbLine
 10
38.69081
 20
11.47956
 30
0.0
 11
38.67434
 21
11.41649
 31
0.0
  0
LINE
  5
463
330
17
100
AcDbEntity
  8
0
100
AcDbLine
 10
38.67434
 20
11.41649
 30
0.0
 11
38.66439
 21
11.352070000000001
 31
0.0
  0
LINE
  5
464
330
17
100
AcDbEntity
  8
0
100
AcDbLine
 10
38.66439
 20
11.352070000000001
 30
0.0
 11
38.66106
 21
11.28697
 31
0.0
  0
LINE
  5
465
330
17
100
AcDbEntity
  8
0
100
AcDbLine
 10
38.66106
 20
11.28697
 30
0.0
 11
38.665600000000005
 21
11.17418
 31
0.0
  0
LINE
  5
466
330
17
100
AcDbEntity
  8
0
100
AcDbLine
 10
38.665600000000005
 20
11.17418
 30
0.0
 11
38.67921
 21
11.06213
 31
0.0
  0
LINE
  5
467
330
17
100
AcDbEntity
  8
0
100
AcDbLine
 10
38.67921
 20
11.06213
 30
0.0
 11
38.68325
 21
11.042959999999999
 31
0.0
  0
LINE
  5
468
330
17
100
AcDbEntity
  8
0
100
AcDbLine
 10
38.68325
 20
11.042959999999999
 30
0.0
 11
38.68907
 21
11.02427
 31
0.0
  0
LINE
  5
469
330
17
100
AcDbEntity
  8
0
100
AcDbLine
 10
38.68907
 20
11.02427
 30
0.0
 11
38.69662
 21
11.006200000000002
 31
0.0
  0
LINE
  5
46A
330
17
100
AcDbEntity
  8
0
100
AcDbLine
 10
38.69662
 20
11.006200000000002
 30
0.0
 11
38.705839999999995
 21
10.988919999999998
 31
0.0
  0
LINE
  5
46B
330
17
100
AcDbEntity
  8
0
100
AcDbLine
 10
38.705839999999995
 20
10.988919999999998
 30
0.0
 11
38.71663
 21
10.972579999999999
 31
0.0
  0
LINE
  5
46C
330
17
100
AcDbEntity
  8
0
100
AcDbLine
 10
38.71663
 20
10.972579999999999
 30
0.0
 11
38.728899999999996
 21
10.95732
 31
0.0
  0
LINE
  5
46D
330
17
100
AcDbEntity
  8
0
100
AcDbLine
 10
38.728899999999996
 20
10.95732
 30
0.0
 11
38.742560000000005
 21
10.94329
 31
0.0
  0
LINE
  5
46E
330
17
100
AcDbEntity
  8
0
100
AcDbLine
 10
38.742560000000005
 20
10.94329
 30
0.0
 11
38.77396
 21
10.91686
 31
0.0
  0
LINE
  5
46F
330
17
100
AcDbEntity
  8
0
100
AcDbLine
 10
38.77396
 20
10.91686
 30
0.0
 11
38.80798
 21
10.89388
 31
0.0
  0
LINE
  5
470
330
17
100
AcDbEntity
  8
0
100
AcDbLine
 10
38.80798
 20
10.89388
 30
0.0
 11
38.84422
 21
10.87461
 31
0.0
  0
LINE
  5
471
330
17
100
AcDbEntity
  8
0
100
AcDbLine
 10
38.84422
 20
10.87461
 30
0.0
 11
38.8823
 21
10.85927
 31
0.0
  0
LINE
  5
472
330
17
100
AcDbEntity
  8
0
100
AcDbLine
 10
38.8823
 20
10.85927
 30
0.0
 11
39.23843
 21
10.746540000000001
 31
0.0
  0
LINE
  5
473
330
17
100
AcDbEntity
  8
0
100
AcDbLine
 10
39.23843
 20
10.746540000000001
 30
0.0
 11
39.54347
 21
10.643460000000001
 31
0.0
  0
LINE
  5
474
330
17
100
AcDbEntity
  8
0
100
AcDbLine
 10
39.54347
 20
10.643460000000001
 30
0.0
 11
39.83854
 21
10.51458
 31
0.0
  0
LINE
  5
475
330
17
100
AcDbEntity
  8
0
100
AcDbLine
 10
39.83854
 20
10.51458
 30
0.0
 11
40.0084
 21
10.42307
 31
0.0
  0
LINE
  5
476
330
17
100
AcDbEntity
  8
0
100
AcDbLine
 10
40.0084
 20
10.42307
 30
0.0
 11
40.17052
 21
10.31847
 31
0.0
  0
LINE
  5
477
330
17
100
AcDbEntity
  8
0
100
AcDbLine
 10
40.17052
 20
10.31847
 30
0.0
 11
40.32391
 21
10.201440000000002
 31
0.0
  0
LINE
  5
478
330
17
100
AcDbEntity
  8
0
100
AcDbLine
 10
40.32391
 20
10.201440000000002
 30
0.0
 11
40.46395
 21
10.07564
 31
0.0
  0
LINE
  5
479
330
17
100
AcDbEntity
  8
0
100
AcDbLine
 10
40.46395
 20
10.07564
 30
0.0
 11
40.59331
 21
9.938870000000001
 31
0.0
  0
LINE
  5
47A
330
17
100
AcDbEntity
  8
0
100
AcDbLine
 10
40.59331
 20
9.938870000000001
 30
0.0
 11
40.71112
 21
9.79204
 31
0.0
  0
LINE
  5
47B
330
17
100
AcDbEntity
  8
0
100
AcDbLine
 10
40.71112
 20
9.79204
 30
0.0
 11
40.87788
 21
9.54054
 31
0.0
  0
LINE
  5
47C
330
17
100
AcDbEntity
  8
0
100
AcDbLine
 10
40.87788
 20
9.54054
 30
0.0
 11
41.01871
 21
9.27365
 31
0.0
  0
LINE
  5
47D
330
17
100
AcDbEntity
  8
0
100
AcDbLine
 10
41.01871
 20
9.27365
 30
0.0
 11
41.21716
 21
8.8685
 31
0.0
  0
LINE
  5
47E
330
17
100
AcDbEntity
  8
0
100
AcDbLine
 10
41.21716
 20
8.8685
 30
0.0
 11
41.24192
 21
8.8252
 31
0.0
  0
LINE
  5
47F
330
17
100
AcDbEntity
  8
0
100
AcDbLine
 10
41.24192
 20
8.8252
 30
0.0
 11
41.27038
 21
8.78424
 31
0.0
  0
LINE
  5
480
330
17
100
AcDbEntity
  8
0
100
AcDbLine
 10
41.27038
 20
8.78424
 30
0.0
 11
41.302319999999995
 21
8.745930000000001
 31
0.0
  0
LINE
  5
481
330
17
100
AcDbEntity
  8
0
100
AcDbLine
 10
41.302319999999995
 20
8.745930000000001
 30
0.0
 11
41.337489999999995
 21
8.71057
 31
0.0
  0
LINE
  5
482
330
17
100
AcDbEntity
  8
0
100
AcDbLine
 10
41.337489999999995
 20
8.71057
 30
0.0
 11
41.35826
 21
8.69322
 31
0.0
  0
LINE
  5
483
330
17
100
AcDbEntity
  8
0
100
AcDbLine
 10
41.35826
 20
8.69322
 30
0.0
 11
41.380590000000005
 21
8.67792
 31
0.0
  0
LINE
  5
484
330
17
100
AcDbEntity
  8
0
100
AcDbLine
 10
41.380590000000005
 20
8.67792
 30
0.0
 11
41.40428
 21
8.66483
 31
0.0
  0
LINE
  5
485
330
17
100
AcDbEntity
  8
0
100
AcDbLine
 10
41.40428
 20
8.66483
 30
0.0
 11
41.42912
 21
8.654069999999999
 31
0.0
  0
LINE
  5
486
330
17
100
AcDbEntity
  8
0
100
AcDbLine
 10
41.42912
 20
8.654069999999999
 30
0.0
 11
41.45487
 21
8.64573
 31
0.0
  0
LINE
  5
487
330
17
100
AcDbEntity
  8
0
100
AcDbLine
 10
41.45487
 20
8.64573
 30
0.0
 11
41.4813
 21
8.639890000000001
 31
0.0
  0
LINE
  5
488
330
17
100
AcDbEntity
  8
0
100
AcDbLine
 10
41.4813
 20
8.639890000000001
 30
0.0
 11
41.60548
 21
8.62391
 31
0.0
  0
LINE
  5
489
330
17
100
AcDbEntity
  8
0
100
AcDbLine
 10
41.60548
 20
8.62391
 30
0.0
 11
41.73057
 21
8.61834
 31
0.0
  0
LINE
  5
48A
330
17
100
AcDbEntity
  8
0
100
AcDbLine
 10
41.73057
 20
8.61834
 30
0.0
 11
41.88679
 21
8.621540000000001
 31
0.0
  0
LINE
  5
48B
330
17
100
AcDbEntity
  8
0
100
AcDbLine
 10
41.88679
 20
8.621540000000001
 30
0.0
 11
42.01834
 21
8.63238
 31
0.0
  0
LINE
  5
48C
330
17
100
AcDbEntity
  8
0
100
AcDbLine
 10
42.01834
 20
8.63238
 30
0.0
 11
42.12131
 21
8.647780000000001
 31
0.0
  0
LINE
  5
48D
330
17
100
AcDbEntity
  8
0
100
AcDbLine
 10
42.12131
 20
8.647780000000001
 30
0.0
 11
42.123430000000006
 21
8.64827
 31
0.0
  0
LINE
  5
48E
330
17
100
AcDbEntity
  8
0
100
AcDbLine
 10
42.123430000000006
 20
8.64827
 30
0.0
 11
42.12548
 21
8.648990000000001
 31
0.0
  0
LINE
  5
48F
330
17
100
AcDbEntity
  8
0
100
AcDbLine
 10
42.12548
 20
8.648990000000001
 30
0.0
 11
42.12744
 21
8.64993
 31
0.0
  0
LINE
  5
490
330
17
100
AcDbEntity
  8
0
100
AcDbLine
 10
42.12744
 20
8.64993
 30
0.0
 11
42.12929
 21
8.65107
 31
0.0
  0
LINE
  5
491
330
17
100
AcDbEntity
  8
0
100
AcDbLine
 10
42.12929
 20
8.65107
 30
0.0
 11
42.13101
 21
8.6524
 31
0.0
  0
LINE
  5
492
330
17
100
AcDbEntity
  8
0
100
AcDbLine
 10
42.13101
 20
8.6524
 30
0.0
 11
42.132580000000004
 21
8.6539
 31
0.0
  0
LINE
  5
493
330
17
100
AcDbEntity
  8
0
100
AcDbLine
 10
42.132580000000004
 20
8.6539
 30
0.0
 11
42.13397
 21
8.655569999999999
 31
0.0
  0
LINE
  5
494
330
17
100
AcDbEntity
  8
0
100
AcDbLine
 10
42.13397
 20
8.655569999999999
 30
0.0
 11
42.13518
 21
8.65738
 31
0.0
  0
LINE
  5
495
330
17
100
AcDbEntity
  8
0
100
AcDbLine
 10
42.13518
 20
8.65738
 30
0.0
 11
42.13619
 21
8.6593
 31
0.0
  0
LINE
  5
496
330
17
100
AcDbEntity
  8
0
100
AcDbLine
 10
1.27862
 20
-19.46248
 30
0.0
 11
1.26071
 21
-19.46674
 31
0.0
  0
LINE
  5
497
330
17
100
AcDbEntity
  8
0
100
AcDbLine
 10
1.26071
 20
-19.46674
 30
0.0
 11
1.24245
 21
-19.469179999999998
 31
0.0
  0
LINE
  5
498
330
17
100
AcDbEntity
  8
0
100
AcDbLine
 10
1.24245
 20
-19.469179999999998
 30
0.0
 11
1.21153
 21
-19.47009
 31
0.0
  0
LINE
  5
499
330
17
100
AcDbEntity
  8
0
100
AcDbLine
 10
1.21153
 20
-19.47009
 30
0.0
 11
1.18068
 21
-19.46767
 31
0.0
  0
LINE
  5
49A
330
17
100
AcDbEntity
  8
0
100
AcDbLine
 10
1.18068
 20
-19.46767
 30
0.0
 11
1.15028
 21
-19.46196
 31
0.0
  0
LINE
  5
49B
330
17
100
AcDbEntity
  8
0
100
AcDbLine
 10
1.15028
 20
-19.46196
 30
0.0
 11
1.1206600000000002
 21
-19.45303
 31
0.0
  0
LINE
  5
49C
330
17
100
AcDbEntity
  8
0
100
AcDbLine
 10
1.1206600000000002
 20
-19.45303
 30
0.0
 11
1.01401
 21
-19.42059
 31
0.0
  0
LINE
  5
49D
330
17
100
AcDbEntity
  8
0
100
AcDbLine
 10
1.01401
 20
-19.42059
 30
0.0
 11
0.9045799999999999
 21
-19.39928
 31
0.0
  0
LINE
  5
49E
330
17
100
AcDbEntity
  8
0
100
AcDbLine
 10
0.9045799999999999
 20
-19.39928
 30
0.0
 11
0.79355
 21
-19.38933
 31
0.0
  0
LINE
  5
49F
330
17
100
AcDbEntity
  8
0
100
AcDbLine
 10
0.79355
 20
-19.38933
 30
0.0
 11
0.08255999999999997
 21
-19.37679
 31
0.0
  0
LINE
  5
4A0
330
17
100
AcDbEntity
  8
0
100
AcDbLine
 10
0.08256
 20
-19.37679
 30
0.0
 11
-0.62827
 21
-19.39309
 31
0.0
  0
LINE
  5
4A1
330
17
100
AcDbEntity
  8
0
100
AcDbLine
 10
-0.62827
 20
-19.39309
 30
0.0
 11
-0.7397699999999999
 21
-19.403630000000003
 31
0.0
  0
LINE
  5
4A2
330
17
100
AcDbEntity
  8
0
100
AcDbLine
 10
-0.7397699999999999
 20
-19.403630000000003
 30
0.0
 11
-0.84962
 21
-19.42549
 31
0.0
  0
LINE
  5
4A3
330
17
100
AcDbEntity
  8
0
100
AcDbLine
 10
-0.84962
 20
-19.42549
 30
0.0
 11
-0.9566600000000001
 21
-19.45844
 31
0.0
  0
LINE
  5
4A4
330
17
100
AcDbEntity
  8
0
100
AcDbLine
 10
-0.9566600000000001
 20
-19.45844
 30
0.0
 11
-0.98883
 21
-19.468349999999997
 31
0.0
  0
LINE
  5
4A5
330
17
100
AcDbEntity
  8
0
100
AcDbLine
 10
-0.98883
 20
-19.468349999999997
 30
0.0
 11
-1.02183
 21
-19.47495
 31
0.0
  0
LINE
  5
4A6
330
17
100
AcDbEntity
  8
0
100
AcDbLine
 10
-1.02183
 20
-19.47495
 30
0.0
 11
-1.0553299999999999
 21
-19.47817
 31
0.0
  0
LINE
  5
4A7
330
17
100
AcDbEntity
  8
0
100
AcDbLine
 10
-1.0553299999999999
 20
-19.47817
 30
0.0
 11
-1.08899
 21
-19.47798
 31
0.0
  0
LINE
  5
4A8
330
17
100
AcDbEntity
  8
0
100
AcDbLine
 10
-1.08899
 20
-19.47798
 30
0.0
 11
-1.10826
 21
-19.47587
 31
0.0
  0
LINE
  5
4A9
330
17
100
AcDbEntity
  8
0
100
AcDbLine
 10
-1.10826
 20
-19.47587
 30
0.0
 11
-1.1272
 21
-19.47177
 31
0.0
  0
LINE
  5
4AA
330
17
100
AcDbEntity
  8
0
100
AcDbLine
 10
-1.1272
 20
-19.47177
 30
0.0
 11
-1.1456000000000002
 21
-19.46571
 31
0.0
  0
LINE
  5
4AB
330
17
100
AcDbEntity
  8
0
100
AcDbLine
 10
-1.1456000000000002
 20
-19.46571
 30
0.0
 11
-1.16328
 21
-19.45777
 31
0.0
  0
LINE
  5
4AC
330
17
100
AcDbEntity
  8
0
100
AcDbLine
 10
-1.16328
 20
-19.45777
 30
0.0
 11
-1.1800300000000001
 21
-19.44802
 31
0.0
  0
LINE
  5
4AD
330
17
100
AcDbEntity
  8
0
100
AcDbLine
 10
-1.1800300000000001
 20
-19.44802
 30
0.0
 11
-1.19567
 21
-19.43658
 31
0.0
  0
LINE
  5
4AE
330
17
100
AcDbEntity
  8
0
100
AcDbLine
 10
-1.19567
 20
-19.43658
 30
0.0
 11
-1.2364
 21
-19.39957
 31
0.0
  0
LINE
  5
4AF
330
17
100
AcDbEntity
  8
0
100
AcDbLine
 10
-1.2364
 20
-19.39957
 30
0.0
 11
-1.2729300000000001
 21
-19.3584
 31
0.0
  0
LINE
  5
4B0
330
17
100
AcDbEntity
  8
0
100
AcDbLine
 10
-1.2729300000000001
 20
-19.3584
 30
0.0
 11
-1.30484
 21
-19.31356
 31
0.0
  0
LINE
  5
4B1
330
17
100
AcDbEntity
  8
0
100
AcDbLine
 10
-1.30484
 20
-19.31356
 30
0.0
 11
-1.4656300000000002
 21
-19.04359
 31
0.0
  0
LINE
  5
4B2
330
17
100
AcDbEntity
  8
0
100
AcDbLine
 10
-1.4656300000000002
 20
-19.04359
 30
0.0
 11
-1.74441
 21
-18.5448
 31
0.0
  0
LINE
  5
4B3
330
17
100
AcDbEntity
  8
0
100
AcDbLine
 10
-1.74441
 20
-18.5448
 30
0.0
 11
-1.43646
 21
-18.385550000000002
 31
0.0
  0
LINE
  5
4B4
330
17
100
AcDbEntity
  8
0
100
AcDbLine
 10
-1.43646
 20
-18.385550000000002
 30
0.0
 11
-1.3549499999999999
 21
-18.33793
 31
0.0
  0
LINE
  5
4B5
330
17
100
AcDbEntity
  8
0
100
AcDbLine
 10
-1.3549499999999999
 20
-18.33793
 30
0.0
 11
-1.2787600000000001
 21
-18.2822
 31
0.0
  0
LINE
  5
4B6
330
17
100
AcDbEntity
  8
0
100
AcDbLine
 10
-1.2787600000000001
 20
-18.2822
 30
0.0
 11
-1.2087
 21
-18.21893
 31
0.0
  0
LINE
  5
4B7
330
17
100
AcDbEntity
  8
0
100
AcDbLine
 10
-1.2087
 20
-18.21893
 30
0.0
 11
-1.14551
 21
-18.1488
 31
0.0
  0
LINE
  5
4B8
330
17
100
AcDbEntity
  8
0
100
AcDbLine
 10
-1.14551
 20
-18.1488
 30
0.0
 11
-0.9912
 21
-17.94181
 31
0.0
  0
LINE
  5
4B9
330
17
100
AcDbEntity
  8
0
100
AcDbLine
 10
-0.9912
 20
-17.94181
 30
0.0
 11
-0.85451
 21
-17.72279
 31
0.0
  0
LINE
  5
4BA
330
17
100
AcDbEntity
  8
0
100
AcDbLine
 10
-0.85451
 20
-17.72279
 30
0.0
 11
-0.73446
 21
-17.48947
 31
0.0
  0
LINE
  5
4BB
330
17
100
AcDbEntity
  8
0
100
AcDbLine
 10
-0.73446
 20
-17.48947
 30
0.0
 11
-0.6341100000000001
 21
-17.24702
 31
0.0
  0
LINE
  5
4BC
330
17
100
AcDbEntity
  8
0
100
AcDbLine
 10
-0.6341100000000001
 20
-17.24702
 30
0.0
 11
-0.60339
 21
-17.15017
 31
0.0
  0
LINE
  5
4BD
330
17
100
AcDbEntity
  8
0
100
AcDbLine
 10
-0.60339
 20
-17.15017
 30
0.0
 11
-0.58128
 21
-17.051000000000002
 31
0.0
  0
LINE
  5
4BE
330
17
100
AcDbEntity
  8
0
100
AcDbLine
 10
-0.58128
 20
-17.051000000000002
 30
0.0
 11
-0.56795
 21
-16.95027
 31
0.0
  0
LINE
  5
4BF
330
17
100
AcDbEntity
  8
0
100
AcDbLine
 10
-0.56795
 20
-16.95027
 30
0.0
 11
-0.56349
 21
-16.848760000000002
 31
0.0
  0
LINE
  5
4C0
330
17
100
AcDbEntity
  8
0
100
AcDbLine
 10
-0.56349
 20
-16.848760000000002
 30
0.0
 11
-0.56349
 21
-16.48216
 31
0.0
  0
LINE
  5
4C1
330
17
100
AcDbEntity
  8
0
100
AcDbLine
 10
-0.56349
 20
-16.48216
 30
0.0
 11
0.034109999999999974
 21
-16.48216
 31
0.0
  0
LINE
  5
4C2
330
17
100
AcDbEntity
  8
0
100
AcDbLine
 10
0.034109999999999994
 20
-16.48216
 30
0.0
 11
0.40541
 21
-16.4885
 31
0.0
  0
LINE
  5
4C3
330
17
100
AcDbEntity
  8
0
100
AcDbLine
 10
0.40541
 20
-16.4885
 30
0.0
 11
0.44157
 21
-16.49155
 31
0.0
  0
LINE
  5
4C4
330
17
100
AcDbEntity
  8
0
100
AcDbLine
 10
0.44157
 20
-16.49155
 30
0.0
 11
0.47724
 21
-16.49817
 31
0.0
  0
LINE
  5
4C5
330
17
100
AcDbEntity
  8
0
100
AcDbLine
 10
0.47724
 20
-16.49817
 30
0.0
 11
0.51207
 21
-16.50831
 31
0.0
  0
LINE
  5
4C6
330
17
100
AcDbEntity
  8
0
100
AcDbLine
 10
0.51207
 20
-16.50831
 30
0.0
 11
0.54572
 21
-16.52186
 31
0.0
  0
LINE
  5
4C7
330
17
100
AcDbEntity
  8
0
100
AcDbLine
 10
0.54572
 20
-16.52186
 30
0.0
 11
0.55603
 21
-16.52725
 31
0.0
  0
LINE
  5
4C8
330
17
100
AcDbEntity
  8
0
100
AcDbLine
 10
0.55603
 20
-16.52725
 30
0.0
 11
0.56576
 21
-16.53361
 31
0.0
  0
LINE
  5
4C9
330
17
100
AcDbEntity
  8
0
100
AcDbLine
 10
0.56576
 20
-16.53361
 30
0.0
 11
0.5748300000000001
 21
-16.540889999999997
 31
0.0
  0
LINE
  5
4CA
330
17
100
AcDbEntity
  8
0
100
AcDbLine
 10
0.5748300000000001
 20
-16.540889999999997
 30
0.0
 11
0.58314
 21
-16.54901
 31
0.0
  0
LINE
  5
4CB
330
17
100
AcDbEntity
  8
0
100
AcDbLine
 10
0.58314
 20
-16.54901
 30
0.0
 11
0.59062
 21
-16.55791
 31
0.0
  0
LINE
  5
4CC
330
17
100
AcDbEntity
  8
0
100
AcDbLine
 10
0.59062
 20
-16.55791
 30
0.0
 11
0.5972
 21
-16.5675
 31
0.0
  0
LINE
  5
4CD
330
17
100
AcDbEntity
  8
0
100
AcDbLine
 10
0.5972
 20
-16.5675
 30
0.0
 11
0.60282
 21
-16.57768
 31
0.0
  0
LINE
  5
4CE
330
17
100
AcDbEntity
  8
0
100
AcDbLine
 10
0.60282
 20
-16.57768
 30
0.0
 11
0.60742
 21
-16.58836
 31
0.0
  0
LINE
  5
4CF
330
17
100
AcDbEntity
  8
0
100
AcDbLine
 10
0.60742
 20
-16.58836
 30
0.0
 11
0.61095
 21
-16.599429999999998
 31
0.0
  0
LINE
  5
4D0
330
17
100
AcDbEntity
  8
0
100
AcDbLine
 10
0.61095
 20
-16.599429999999998
 30
0.0
 11
0.62245
 21
-16.65166
 31
0.0
  0
LINE
  5
4D1
330
17
100
AcDbEntity
  8
0
100
AcDbLine
 10
0.62245
 20
-16.65166
 30
0.0
 11
0.62939
 21
-16.704690000000003
 31
0.0
  0
LINE
  5
4D2
330
17
100
AcDbEntity
  8
0
100
AcDbLine
 10
0.62939
 20
-16.704690000000003
 30
0.0
 11
0.63171
 21
-16.75812
 31
0.0
  0
LINE
  5
4D3
330
17
100
AcDbEntity
  8
0
100
AcDbLine
 10
0.63171
 20
-16.75812
 30
0.0
 11
0.63553
 21
-16.84374
 31
0.0
  0
LINE
  5
4D4
330
17
100
AcDbEntity
  8
0
100
AcDbLine
 10
0.63553
 20
-16.84374
 30
0.0
 11
0.6469699999999999
 21
-16.92868
 31
0.0
  0
LINE
  5
4D5
330
17
100
AcDbEntity
  8
0
100
AcDbLine
 10
0.6469699999999999
 20
-16.92868
 30
0.0
 11
0.66593
 21
-17.01226
 31
0.0
  0
LINE
  5
4D6
330
17
100
AcDbEntity
  8
0
100
AcDbLine
 10
0.66593
 20
-17.01226
 30
0.0
 11
0.69226
 21
-17.09382
 31
0.0
  0
LINE
  5
4D7
330
17
100
AcDbEntity
  8
0
100
AcDbLine
 10
0.69226
 20
-17.09382
 30
0.0
 11
0.78215
 21
-17.31094
 31
0.0
  0
LINE
  5
4D8
330
17
100
AcDbEntity
  8
0
100
AcDbLine
 10
0.78215
 20
-17.31094
 30
0.0
 11
0.8872599999999999
 21
-17.52112
 31
0.0
  0
LINE
  5
4D9
330
17
100
AcDbEntity
  8
0
100
AcDbLine
 10
0.8872599999999999
 20
-17.52112
 30
0.0
 11
1.01577
 21
-17.73835
 31
0.0
  0
LINE
  5
4DA
330
17
100
AcDbEntity
  8
0
100
AcDbLine
 10
1.01577
 20
-17.73835
 30
0.0
 11
1.1591399999999998
 21
-17.94608
 31
0.0
  0
LINE
  5
4DB
330
17
100
AcDbEntity
  8
0
100
AcDbLine
 10
1.1591399999999998
 20
-17.94608
 30
0.0
 11
1.3034100000000002
 21
-18.12212
 31
0.0
  0
LINE
  5
4DC
330
17
100
AcDbEntity
  8
0
100
AcDbLine
 10
1.3034100000000002
 20
-18.12212
 30
0.0
 11
1.4637499999999999
 21
-18.283669999999997
 31
0.0
  0
LINE
  5
4DD
330
17
100
AcDbEntity
  8
0
100
AcDbLine
 10
1.4637499999999999
 20
-18.283669999999997
 30
0.0
 11
1.82908
 21
-18.61835
 31
0.0
  0
LINE
  5
4DE
330
17
100
AcDbEntity
  8
0
100
AcDbLine
 10
1.82908
 20
-18.61835
 30
0.0
 11
1.58353
 21
-19.07495
 31
0.0
  0
LINE
  5
4DF
330
17
100
AcDbEntity
  8
0
100
AcDbLine
 10
1.58353
 20
-19.07495
 30
0.0
 11
1.44532
 21
-19.312820000000002
 31
0.0
  0
LINE
  5
4E0
330
17
100
AcDbEntity
  8
0
100
AcDbLine
 10
1.44532
 20
-19.312820000000002
 30
0.0
 11
1.41562
 21
-19.354969999999998
 31
0.0
  0
LINE
  5
4E1
330
17
100
AcDbEntity
  8
0
100
AcDbLine
 10
1.41562
 20
-19.354969999999998
 30
0.0
 11
1.38152
 21
-19.393649999999997
 31
0.0
  0
LINE
  5
4E2
330
17
100
AcDbEntity
  8
0
100
AcDbLine
 10
1.38152
 20
-19.393649999999997
 30
0.0
 11
1.34341
 21
-19.4284
 31
0.0
  0
LINE
  5
4E3
330
17
100
AcDbEntity
  8
0
100
AcDbLine
 10
1.34341
 20
-19.4284
 30
0.0
 11
1.32858
 21
-19.43932
 31
0.0
  0
LINE
  5
4E4
330
17
100
AcDbEntity
  8
0
100
AcDbLine
 10
1.32858
 20
-19.43932
 30
0.0
 11
1.31273
 21
-19.4487
 31
0.0
  0
LINE
  5
4E5
330
17
100
AcDbEntity
  8
0
100
AcDbLine
 10
1.31273
 20
-19.4487
 30
0.0
 11
1.29603
 21
-19.456439999999997
 31
0.0
  0
LINE
  5
4E6
330
17
100
AcDbEntity
  8
0
100
AcDbLine
 10
1.29603
 20
-19.456439999999997
 30
0.0
 11
1.27862
 21
-19.46248
 31
0.0
  0
LINE
  5
4E7
330
17
100
AcDbEntity
  8
0
100
AcDbLine
 10
0.61165
 20
-15.17829
 30
0.0
 11
-0.5091600000000001
 21
-15.18747
 31
0.0
  0
LINE
  5
4E8
330
17
100
AcDbEntity
  8
0
100
AcDbLine
 10
-0.5091600000000001
 20
-15.18747
 30
0.0
 11
-1.70437
 21
-17.139789999999998
 31
0.0
  0
LINE
  5
4E9
330
17
100
AcDbEntity
  8
0
100
AcDbLine
 10
-1.70437
 20
-17.139789999999998
 30
0.0
 11
-2.16881
 21
-17.90211
 31
0.0
  0
LINE
  5
4EA
330
17
100
AcDbEntity
  8
0
100
AcDbLine
 10
-2.16881
 20
-17.90211
 30
0.0
 11
-2.57474
 21
-18.57638
 31
0.0
  0
LINE
  5
4EB
330
17
100
AcDbEntity
  8
0
100
AcDbLine
 10
-2.57474
 20
-18.57638
 30
0.0
 11
-2.91705
 21
-19.151020000000003
 31
0.0
  0
LINE
  5
4EC
330
17
100
AcDbEntity
  8
0
100
AcDbLine
 10
-2.91705
 20
-19.151020000000003
 30
0.0
 11
-2.95487
 21
-19.2189
 31
0.0
  0
LINE
  5
4ED
330
17
100
AcDbEntity
  8
0
100
AcDbLine
 10
-2.95487
 20
-19.2189
 30
0.0
 11
-2.98894
 21
-19.288739999999997
 31
0.0
  0
LINE
  5
4EE
330
17
100
AcDbEntity
  8
0
100
AcDbLine
 10
-2.98894
 20
-19.288739999999997
 30
0.0
 11
-2.99949
 21
-19.315559999999998
 31
0.0
  0
LINE
  5
4EF
330
17
100
AcDbEntity
  8
0
100
AcDbLine
 10
-2.99949
 20
-19.315559999999998
 30
0.0
 11
-3.00721
 21
-19.34331
 31
0.0
  0
LINE
  5
4F0
330
17
100
AcDbEntity
  8
0
100
AcDbLine
 10
-3.00721
 20
-19.34331
 30
0.0
 11
-3.01201
 21
-19.37172
 31
0.0
  0
LINE
  5
4F1
330
17
100
AcDbEntity
  8
0
100
AcDbLine
 10
-3.01201
 20
-19.37172
 30
0.0
 11
-3.01386
 21
-19.40047
 31
0.0
  0
LINE
  5
4F2
330
17
100
AcDbEntity
  8
0
100
AcDbLine
 10
-3.01386
 20
-19.40047
 30
0.0
 11
-3.0125
 21
-19.44581
 31
0.0
  0
LINE
  5
4F3
330
17
100
AcDbEntity
  8
0
100
AcDbLine
 10
-3.0125
 20
-19.44581
 30
0.0
 11
-3.00732
 21
-19.49087
 31
0.0
  0
LINE
  5
4F4
330
17
100
AcDbEntity
  8
0
100
AcDbLine
 10
-3.00732
 20
-19.49087
 30
0.0
 11
-2.9983700000000004
 21
-19.53533
 31
0.0
  0
LINE
  5
4F5
330
17
100
AcDbEntity
  8
0
100
AcDbLine
 10
-2.9983700000000004
 20
-19.53533
 30
0.0
 11
-2.97409
 21
-19.616850000000003
 31
0.0
  0
LINE
  5
4F6
330
17
100
AcDbEntity
  8
0
100
AcDbLine
 10
-2.97409
 20
-19.616850000000003
 30
0.0
 11
-2.94204
 21
-19.695649999999997
 31
0.0
  0
LINE
  5
4F7
330
17
100
AcDbEntity
  8
0
100
AcDbLine
 10
-2.94204
 20
-19.695649999999997
 30
0.0
 11
-2.84239
 21
-19.88524
 31
0.0
  0
LINE
  5
4F8
330
17
100
AcDbEntity
  8
0
100
AcDbLine
 10
-2.84239
 20
-19.88524
 30
0.0
 11
-2.60647
 21
-20.28509
 31
0.0
  0
LINE
  5
4F9
330
17
100
AcDbEntity
  8
0
100
AcDbLine
 10
-2.60647
 20
-20.28509
 30
0.0
 11
2.7648
 21
-20.28509
 31
0.0
  0
LINE
  5
4FA
330
17
100
AcDbEntity
  8
0
100
AcDbLine
 10
2.7648
 20
-20.28509
 30
0.0
 11
3.2458
 21
-19.42926
 31
0.0
  0
LINE
  5
4FB
330
17
100
AcDbEntity
  8
0
100
AcDbLine
 10
3.2458
 20
-19.42926
 30
0.0
 11
0.61165
 21
-15.17829
 31
0.0
  0
LINE
  5
4FC
330
17
100
AcDbEntity
  8
0
100
AcDbLine
 10
-42.5162
 20
6.492170000000001
 30
0.0
 11
-42.507709999999996
 21
6.48484
 31
0.0
  0
LINE
  5
4FD
330
17
100
AcDbEntity
  8
0
100
AcDbLine
 10
-42.507709999999996
 20
6.48484
 30
0.0
 11
-42.49848
 21
6.47844
 31
0.0
  0
LINE
  5
4FE
330
17
100
AcDbEntity
  8
0
100
AcDbLine
 10
-42.49848
 20
6.47844
 30
0.0
 11
-42.48863
 21
6.47306
 31
0.0
  0
LINE
  5
4FF
330
17
100
AcDbEntity
  8
0
100
AcDbLine
 10
-42.48863
 20
6.47306
 30
0.0
 11
-42.47827
 21
6.46875
 31
0.0
  0
LINE
  5
500
330
17
100
AcDbEntity
  8
0
100
AcDbLine
 10
-42.47827
 20
6.46875
 30
0.0
 11
-42.46751
 21
6.4655700000000005
 31
0.0
  0
LINE
  5
501
330
17
100
AcDbEntity
  8
0
100
AcDbLine
 10
-42.46751
 20
6.4655700000000005
 30
0.0
 11
-42.45647
 21
6.46353
 31
0.0
  0
LINE
  5
502
330
17
100
AcDbEntity
  8
0
100
AcDbLine
 10
-42.45647
 20
6.46353
 30
0.0
 11
-42.445280000000004
 21
6.46268
 31
0.0
  0
LINE
  5
503
330
17
100
AcDbEntity
  8
0
100
AcDbLine
 10
-42.445280000000004
 20
6.46268
 30
0.0
 11
-42.43406
 21
6.46302
 31
0.0
  0
LINE
  5
504
330
17
100
AcDbEntity
  8
0
100
AcDbLine
 10
-42.43406
 20
6.46302
 30
0.0
 11
-42.42294
 21
6.46454
 31
0.0
  0
LINE
  5
505
330
17
100
AcDbEntity
  8
0
100
AcDbLine
 10
-42.42294
 20
6.46454
 30
0.0
 11
-42.4079
 21
6.4682
 31
0.0
  0
LINE
  5
506
330
17
100
AcDbEntity
  8
0
100
AcDbLine
 10
-42.4079
 20
6.4682
 30
0.0
 11
-42.39329
 21
6.47335
 31
0.0
  0
LINE
  5
507
330
17
100
AcDbEntity
  8
0
100
AcDbLine
 10
-42.39329
 20
6.47335
 30
0.0
 11
-42.37928
 21
6.47992
 31
0.0
  0
LINE
  5
508
330
17
100
AcDbEntity
  8
0
100
AcDbLine
 10
-42.37928
 20
6.47992
 30
0.0
 11
-42.36599
 21
6.4878599999999995
 31
0.0
  0
LINE
  5
509
330
17
100
AcDbEntity
  8
0
100
AcDbLine
 10
-42.36599
 20
6.4878599999999995
 30
0.0
 11
-42.35355
 21
6.4970799999999995
 31
0.0
  0
LINE
  5
50A
330
17
100
AcDbEntity
  8
0
100
AcDbLine
 10
-42.35355
 20
6.4970799999999995
 30
0.0
 11
-42.3421
 21
6.507490000000001
 31
0.0
  0
LINE
  5
50B
330
17
100
AcDbEntity
  8
0
100
AcDbLine
 10
-42.3421
 20
6.507490000000001
 30
0.0
 11
-42.331739999999996
 21
6.518999999999999
 31
0.0
  0
LINE
  5
50C
330
17
100
AcDbEntity
  8
0
100
AcDbLine
 10
-42.331739999999996
 20
6.518999999999999
 30
0.0
 11
-42.32258
 21
6.53148
 31
0.0
  0
LINE
  5
50D
330
17
100
AcDbEntity
  8
0
100
AcDbLine
 10
-42.32258
 20
6.53148
 30
0.0
 11
-42.30213
 21
6.56588
 31
0.0
  0
LINE
  5
50E
330
17
100
AcDbEntity
  8
0
100
AcDbLine
 10
-42.30213
 20
6.56588
 30
0.0
 11
-42.28501
 21
6.60206
 31
0.0
  0
LINE
  5
50F
330
17
100
AcDbEntity
  8
0
100
AcDbLine
 10
-42.28501
 20
6.60206
 30
0.0
 11
-42.27138
 21
6.63969
 31
0.0
  0
LINE
  5
510
330
17
100
AcDbEntity
  8
0
100
AcDbLine
 10
-42.27138
 20
6.63969
 30
0.0
 11
-42.261340000000004
 21
6.67843
 31
0.0
  0
LINE
  5
511
330
17
100
AcDbEntity
  8
0
100
AcDbLine
 10
-42.261340000000004
 20
6.67843
 30
0.0
 11
-42.23793
 21
6.81646
 31
0.0
  0
LINE
  5
512
330
17
100
AcDbEntity
  8
0
100
AcDbLine
 10
-42.23793
 20
6.81646
 30
0.0
 11
-42.225150000000006
 21
6.95587
 31
0.0
  0
LINE
  5
513
330
17
100
AcDbEntity
  8
0
100
AcDbLine
 10
-42.225150000000006
 20
6.95587
 30
0.0
 11
-42.201299999999996
 21
7.52374
 31
0.0
  0
LINE
  5
514
330
17
100
AcDbEntity
  8
0
100
AcDbLine
 10
-42.201299999999996
 20
7.52374
 30
0.0
 11
-42.19326
 21
7.926030000000001
 31
0.0
  0
LINE
  5
515
330
17
100
AcDbEntity
  8
0
100
AcDbLine
 10
-42.19326
 20
7.926030000000001
 30
0.0
 11
-42.19529
 21
8.288409999999999
 31
0.0
  0
LINE
  5
516
330
17
100
AcDbEntity
  8
0
100
AcDbLine
 10
-42.19529
 20
8.288409999999999
 30
0.0
 11
-42.20451
 21
8.59097
 31
0.0
  0
LINE
  5
517
330
17
100
AcDbEntity
  8
0
100
AcDbLine
 10
-42.20451
 20
8.59097
 30
0.0
 11
-42.20773
 21
8.62484
 31
0.0
  0
LINE
  5
518
330
17
100
AcDbEntity
  8
0
100
AcDbLine
 10
-42.20773
 20
8.62484
 30
0.0
 11
-42.21461
 21
8.65817
 31
0.0
  0
LINE
  5
519
330
17
100
AcDbEntity
  8
0
100
AcDbLine
 10
-42.21461
 20
8.65817
 30
0.0
 11
-42.22505
 21
8.69055
 31
0.0
  0
LINE
  5
51A
330
17
100
AcDbEntity
  8
0
100
AcDbLine
 10
-42.22505
 20
8.69055
 30
0.0
 11
-42.23153000000001
 21
8.70539
 31
0.0
  0
LINE
  5
51B
330
17
100
AcDbEntity
  8
0
100
AcDbLine
 10
-42.23153000000001
 20
8.70539
 30
0.0
 11
-42.239329999999995
 21
8.71959
 31
0.0
  0
LINE
  5
51C
330
17
100
AcDbEntity
  8
0
100
AcDbLine
 10
-42.239329999999995
 20
8.71959
 30
0.0
 11
-42.248380000000004
 21
8.73302
 31
0.0
  0
LINE
  5
51D
330
17
100
AcDbEntity
  8
0
100
AcDbLine
 10
-42.248380000000004
 20
8.73302
 30
0.0
 11
-42.2586
 21
8.74559
 31
0.0
  0
LINE
  5
51E
330
17
100
AcDbEntity
  8
0
100
AcDbLine
 10
-42.2586
 20
8.74559
 30
0.0
 11
-42.275310000000005
 21
8.76272
 31
0.0
  0
LINE
  5
51F
330
17
100
AcDbEntity
  8
0
100
AcDbLine
 10
-42.275310000000005
 20
8.76272
 30
0.0
 11
-42.29348
 21
8.77831
 31
0.0
  0
LINE
  5
520
330
17
100
AcDbEntity
  8
0
100
AcDbLine
 10
-42.29348
 20
8.77831
 30
0.0
 11
-42.31295
 21
8.79223
 31
0.0
  0
LINE
  5
521
330
17
100
AcDbEntity
  8
0
100
AcDbLine
 10
-42.31295
 20
8.79223
 30
0.0
 11
-42.33401
 21
8.804640000000001
 31
0.0
  0
LINE
  5
522
330
17
100
AcDbEntity
  8
0
100
AcDbLine
 10
-42.33401
 20
8.804640000000001
 30
0.0
 11
-42.35606
 21
8.81517
 31
0.0
  0
LINE
  5
523
330
17
100
AcDbEntity
  8
0
100
AcDbLine
 10
-42.35606
 20
8.81517
 30
0.0
 11
-42.37896
 21
8.82375
 31
0.0
  0
LINE
  5
524
330
17
100
AcDbEntity
  8
0
100
AcDbLine
 10
-42.37896
 20
8.82375
 30
0.0
 11
-42.401109999999996
 21
8.829709999999999
 31
0.0
  0
LINE
  5
525
330
17
100
AcDbEntity
  8
0
100
AcDbLine
 10
-42.401109999999996
 20
8.829709999999999
 30
0.0
 11
-42.42378
 21
8.83331
 31
0.0
  0
LINE
  5
526
330
17
100
AcDbEntity
  8
0
100
AcDbLine
 10
-42.42378
 20
8.83331
 30
0.0
 11
-42.446690000000004
 21
8.83452
 31
0.0
  0
LINE
  5
527
330
17
100
AcDbEntity
  8
0
100
AcDbLine
 10
-42.446690000000004
 20
8.83452
 30
0.0
 11
-42.45652
 21
8.83401
 31
0.0
  0
LINE
  5
528
330
17
100
AcDbEntity
  8
0
100
AcDbLine
 10
-42.45652
 20
8.83401
 30
0.0
 11
-42.46624
 21
8.83248
 31
0.0
  0
LINE
  5
529
330
17
100
AcDbEntity
  8
0
100
AcDbLine
 10
-42.46624
 20
8.83248
 30
0.0
 11
-42.47576
 21
8.82996
 31
0.0
  0
LINE
  5
52A
330
17
100
AcDbEntity
  8
0
100
AcDbLine
 10
-42.47576
 20
8.82996
 30
0.0
 11
-42.48496
 21
8.826469999999999
 31
0.0
  0
LINE
  5
52B
330
17
100
AcDbEntity
  8
0
100
AcDbLine
 10
-42.48496
 20
8.826469999999999
 30
0.0
 11
-42.49375
 21
8.822049999999999
 31
0.0
  0
LINE
  5
52C
330
17
100
AcDbEntity
  8
0
100
AcDbLine
 10
-42.49375
 20
8.822049999999999
 30
0.0
 11
-42.50204
 21
8.81674
 31
0.0
  0
LINE
  5
52D
330
17
100
AcDbEntity
  8
0
100
AcDbLine
 10
-42.50204
 20
8.81674
 30
0.0
 11
-42.509730000000005
 21
8.8106
 31
0.0
  0
LINE
  5
52E
330
17
100
AcDbEntity
  8
0
100
AcDbLine
 10
-42.509730000000005
 20
8.8106
 30
0.0
 11
-42.51674
 21
8.80369
 31
0.0
  0
LINE
  5
52F
330
17
100
AcDbEntity
  8
0
100
AcDbLine
 10
-42.51674
 20
8.80369
 30
0.0
 11
-42.52301
 21
8.7961
 31
0.0
  0
LINE
  5
530
330
17
100
AcDbEntity
  8
0
100
AcDbLine
 10
-42.52301
 20
8.7961
 30
0.0
 11
-42.528459999999995
 21
8.78791
 31
0.0
  0
LINE
  5
531
330
17
100
AcDbEntity
  8
0
100
AcDbLine
 10
-42.528459999999995
 20
8.78791
 30
0.0
 11
-42.53302
 21
8.77919
 31
0.0
  0
LINE
  5
532
330
17
100
AcDbEntity
  8
0
100
AcDbLine
 10
-42.53302
 20
8.77919
 30
0.0
 11
-42.55487
 21
8.7248
 31
0.0
  0
LINE
  5
533
330
17
100
AcDbEntity
  8
0
100
AcDbLine
 10
-42.55487
 20
8.7248
 30
0.0
 11
-42.571310000000004
 21
8.66853
 31
0.0
  0
LINE
  5
534
330
17
100
AcDbEntity
  8
0
100
AcDbLine
 10
-42.571310000000004
 20
8.66853
 30
0.0
 11
-42.582170000000005
 21
8.61093
 31
0.0
  0
LINE
  5
535
330
17
100
AcDbEntity
  8
0
100
AcDbLine
 10
-42.582170000000005
 20
8.61093
 30
0.0
 11
-42.59957
 21
8.449629999999999
 31
0.0
  0
LINE
  5
536
330
17
100
AcDbEntity
  8
0
100
AcDbLine
 10
-42.59957
 20
8.449629999999999
 30
0.0
 11
-42.60729
 21
8.28756
 31
0.0
  0
LINE
  5
537
330
17
100
AcDbEntity
  8
0
100
AcDbLine
 10
-42.60729
 20
8.28756
 30
0.0
 11
-42.61309
 21
7.631340000000001
 31
0.0
  0
LINE
  5
538
330
17
100
AcDbEntity
  8
0
100
AcDbLine
 10
-42.61309
 20
7.631340000000001
 30
0.0
 11
-42.60806
 21
6.918760000000001
 31
0.0
  0
LINE
  5
539
330
17
100
AcDbEntity
  8
0
100
AcDbLine
 10
-42.60806
 20
6.918760000000001
 30
0.0
 11
-42.60062
 21
6.77285
 31
0.0
  0
LINE
  5
53A
330
17
100
AcDbEntity
  8
0
100
AcDbLine
 10
-42.60062
 20
6.77285
 30
0.0
 11
-42.58245
 21
6.62788
 31
0.0
  0
LINE
  5
53B
330
17
100
AcDbEntity
  8
0
100
AcDbLine
 10
-42.58245
 20
6.62788
 30
0.0
 11
-42.57638
 21
6.60014
 31
0.0
  0
LINE
  5
53C
330
17
100
AcDbEntity
  8
0
100
AcDbLine
 10
-42.57638
 20
6.60014
 30
0.0
 11
-42.56737
 21
6.57322
 31
0.0
  0
LINE
  5
53D
330
17
100
AcDbEntity
  8
0
100
AcDbLine
 10
-42.56737
 20
6.57322
 30
0.0
 11
-42.55552
 21
6.54742
 31
0.0
  0
LINE
  5
53E
330
17
100
AcDbEntity
  8
0
100
AcDbLine
 10
-42.55552
 20
6.54742
 30
0.0
 11
-42.540960000000005
 21
6.52304
 31
0.0
  0
LINE
  5
53F
330
17
100
AcDbEntity
  8
0
100
AcDbLine
 10
-42.540960000000005
 20
6.52304
 30
0.0
 11
-42.523869999999995
 21
6.500360000000001
 31
0.0
  0
LINE
  5
540
330
17
100
AcDbEntity
  8
0
100
AcDbLine
 10
-42.523869999999995
 20
6.500360000000001
 30
0.0
 11
-42.5162
 21
6.492170000000001
 31
0.0
  0
LINE
  5
541
330
17
100
AcDbEntity
  8
0
100
AcDbLine
 10
-25.04282
 20
3.82212
 30
0.0
 11
-25.03755
 21
3.83061
 31
0.0
  0
LINE
  5
542
330
17
100
AcDbEntity
  8
0
100
AcDbLine
 10
-25.03755
 20
3.83061
 30
0.0
 11
-25.03322
 21
3.83962
 31
0.0
  0
LINE
  5
543
330
17
100
AcDbEntity
  8
0
100
AcDbLine
 10
-25.03322
 20
3.83962
 30
0.0
 11
-25.02987
 21
3.84905
 31
0.0
  0
LINE
  5
544
330
17
100
AcDbEntity
  8
0
100
AcDbLine
 10
-25.02987
 20
3.84905
 30
0.0
 11
-25.027549999999998
 21
3.8587700000000003
 31
0.0
  0
LINE
  5
545
330
17
100
AcDbEntity
  8
0
100
AcDbLine
 10
-25.027549999999998
 20
3.8587700000000003
 30
0.0
 11
-24.980659999999997
 21
4.21701
 31
0.0
  0
LINE
  5
546
330
17
100
AcDbEntity
  8
0
100
AcDbLine
 10
-24.980659999999997
 20
4.21701
 30
0.0
 11
-24.94897
 21
4.8544599999999996
 31
0.0
  0
LINE
  5
547
330
17
100
AcDbEntity
  8
0
100
AcDbLine
 10
-24.94897
 20
4.8544599999999996
 30
0.0
 11
-24.92736
 21
6.19963
 31
0.0
  0
LINE
  5
548
330
17
100
AcDbEntity
  8
0
100
AcDbLine
 10
-24.92736
 20
6.19963
 30
0.0
 11
-24.912380000000002
 21
7.77457
 31
0.0
  0
LINE
  5
549
330
17
100
AcDbEntity
  8
0
100
AcDbLine
 10
-24.912380000000002
 20
7.77457
 30
0.0
 11
-24.931310000000003
 21
8.29711
 31
0.0
  0
LINE
  5
54A
330
17
100
AcDbEntity
  8
0
100
AcDbLine
 10
-24.931310000000003
 20
8.29711
 30
0.0
 11
-24.93882
 21
8.35825
 31
0.0
  0
LINE
  5
54B
330
17
100
AcDbEntity
  8
0
100
AcDbLine
 10
-24.93882
 20
8.35825
 30
0.0
 11
-24.951529999999998
 21
8.41853
 31
0.0
  0
LINE
  5
54C
330
17
100
AcDbEntity
  8
0
100
AcDbLine
 10
-24.951529999999998
 20
8.41853
 30
0.0
 11
-24.969350000000002
 21
8.477500000000001
 31
0.0
  0
LINE
  5
54D
330
17
100
AcDbEntity
  8
0
100
AcDbLine
 10
-24.969350000000002
 20
8.477500000000001
 30
0.0
 11
-24.992150000000002
 21
8.534730000000001
 31
0.0
  0
LINE
  5
54E
330
17
100
AcDbEntity
  8
0
100
AcDbLine
 10
-24.992150000000002
 20
8.534730000000001
 30
0.0
 11
-24.99881
 21
8.54771
 31
0.0
  0
LINE
  5
54F
330
17
100
AcDbEntity
  8
0
100
AcDbLine
 10
-24.99881
 20
8.54771
 30
0.0
 11
-25.006790000000002
 21
8.55991
 31
0.0
  0
LINE
  5
550
330
17
100
AcDbEntity
  8
0
100
AcDbLine
 10
-25.006790000000002
 20
8.55991
 30
0.0
 11
-25.01599
 21
8.571219999999999
 31
0.0
  0
LINE
  5
551
330
17
100
AcDbEntity
  8
0
100
AcDbLine
 10
-25.01599
 20
8.571219999999999
 30
0.0
 11
-25.026320000000002
 21
8.58151
 31
0.0
  0
LINE
  5
552
330
17
100
AcDbEntity
  8
0
100
AcDbLine
 10
-25.026320000000002
 20
8.58151
 30
0.0
 11
-25.037670000000002
 21
8.59067
 31
0.0
  0
LINE
  5
553
330
17
100
AcDbEntity
  8
0
100
AcDbLine
 10
-25.037670000000002
 20
8.59067
 30
0.0
 11
-25.04991
 21
8.59859
 31
0.0
  0
LINE
  5
554
330
17
100
AcDbEntity
  8
0
100
AcDbLine
 10
-25.04991
 20
8.59859
 30
0.0
 11
-25.062910000000002
 21
8.60519
 31
0.0
  0
LINE
  5
555
330
17
100
AcDbEntity
  8
0
100
AcDbLine
 10
-25.062910000000002
 20
8.60519
 30
0.0
 11
-25.076529999999998
 21
8.61041
 31
0.0
  0
LINE
  5
556
330
17
100
AcDbEntity
  8
0
100
AcDbLine
 10
-25.076529999999998
 20
8.61041
 30
0.0
 11
-25.09062
 21
8.614170000000001
 31
0.0
  0
LINE
  5
557
330
17
100
AcDbEntity
  8
0
100
AcDbLine
 10
-25.09062
 20
8.614170000000001
 30
0.0
 11
-25.10502
 21
8.616449999999999
 31
0.0
  0
LINE
  5
558
330
17
100
AcDbEntity
  8
0
100
AcDbLine
 10
-25.10502
 20
8.616449999999999
 30
0.0
 11
-25.11958
 21
8.61721
 31
0.0
  0
LINE
  5
559
330
17
100
AcDbEntity
  8
0
100
AcDbLine
 10
-25.11958
 20
8.61721
 30
0.0
 11
-25.13414
 21
8.616449999999999
 31
0.0
  0
LINE
  5
55A
330
17
100
AcDbEntity
  8
0
100
AcDbLine
 10
-25.13414
 20
8.616449999999999
 30
0.0
 11
-25.14855
 21
8.614170000000001
 31
0.0
  0
LINE
  5
55B
330
17
100
AcDbEntity
  8
0
100
AcDbLine
 10
-25.14855
 20
8.614170000000001
 30
0.0
 11
-25.16264
 21
8.61041
 31
0.0
  0
LINE
  5
55C
330
17
100
AcDbEntity
  8
0
100
AcDbLine
 10
-25.16264
 20
8.61041
 30
0.0
 11
-25.17625
 21
8.60519
 31
0.0
  0
LINE
  5
55D
330
17
100
AcDbEntity
  8
0
100
AcDbLine
 10
-25.17625
 20
8.60519
 30
0.0
 11
-25.18925
 21
8.59859
 31
0.0
  0
LINE
  5
55E
330
17
100
AcDbEntity
  8
0
100
AcDbLine
 10
-25.18925
 20
8.59859
 30
0.0
 11
-25.201500000000003
 21
8.59067
 31
0.0
  0
LINE
  5
55F
330
17
100
AcDbEntity
  8
0
100
AcDbLine
 10
-25.201500000000003
 20
8.59067
 30
0.0
 11
-25.21284
 21
8.58151
 31
0.0
  0
LINE
  5
560
330
17
100
AcDbEntity
  8
0
100
AcDbLine
 10
-25.21284
 20
8.58151
 30
0.0
 11
-25.223180000000003
 21
8.571219999999999
 31
0.0
  0
LINE
  5
561
330
17
100
AcDbEntity
  8
0
100
AcDbLine
 10
-25.223180000000003
 20
8.571219999999999
 30
0.0
 11
-25.23238
 21
8.55991
 31
0.0
  0
LINE
  5
562
330
17
100
AcDbEntity
  8
0
100
AcDbLine
 10
-25.23238
 20
8.55991
 30
0.0
 11
-25.240350000000003
 21
8.54771
 31
0.0
  0
LINE
  5
563
330
17
100
AcDbEntity
  8
0
100
AcDbLine
 10
-25.240350000000003
 20
8.54771
 30
0.0
 11
-25.24701
 21
8.534730000000001
 31
0.0
  0
LINE
  5
564
330
17
100
AcDbEntity
  8
0
100
AcDbLine
 10
-25.24701
 20
8.534730000000001
 30
0.0
 11
-25.26981
 21
8.477500000000001
 31
0.0
  0
LINE
  5
565
330
17
100
AcDbEntity
  8
0
100
AcDbLine
 10
-25.26981
 20
8.477500000000001
 30
0.0
 11
-25.28764
 21
8.41853
 31
0.0
  0
LINE
  5
566
330
17
100
AcDbEntity
  8
0
100
AcDbLine
 10
-25.28764
 20
8.41853
 30
0.0
 11
-25.300349999999998
 21
8.35825
 31
0.0
  0
LINE
  5
567
330
17
100
AcDbEntity
  8
0
100
AcDbLine
 10
-25.300349999999998
 20
8.35825
 30
0.0
 11
-25.30786
 21
8.29711
 31
0.0
  0
LINE
  5
568
330
17
100
AcDbEntity
  8
0
100
AcDbLine
 10
-25.30786
 20
8.29711
 30
0.0
 11
-25.32679
 21
7.77457
 31
0.0
  0
LINE
  5
569
330
17
100
AcDbEntity
  8
0
100
AcDbLine
 10
-25.32679
 20
7.77457
 30
0.0
 11
-25.31181
 21
6.19963
 31
0.0
  0
LINE
  5
56A
330
17
100
AcDbEntity
  8
0
100
AcDbLine
 10
-25.31181
 20
6.19963
 30
0.0
 11
-25.2902
 21
4.8544599999999996
 31
0.0
  0
LINE
  5
56B
330
17
100
AcDbEntity
  8
0
100
AcDbLine
 10
-25.2902
 20
4.8544599999999996
 30
0.0
 11
-25.258499999999998
 21
4.21701
 31
0.0
  0
LINE
  5
56C
330
17
100
AcDbEntity
  8
0
100
AcDbLine
 10
-25.258499999999998
 20
4.21701
 30
0.0
 11
-25.21162
 21
3.8587700000000003
 31
0.0
  0
LINE
  5
56D
330
17
100
AcDbEntity
  8
0
100
AcDbLine
 10
-25.21162
 20
3.8587700000000003
 30
0.0
 11
-25.20929
 21
3.84905
 31
0.0
  0
LINE
  5
56E
330
17
100
AcDbEntity
  8
0
100
AcDbLine
 10
-25.20929
 20
3.84905
 30
0.0
 11
-25.20595
 21
3.83962
 31
0.0
  0
LINE
  5
56F
330
17
100
AcDbEntity
  8
0
100
AcDbLine
 10
-25.20595
 20
3.83962
 30
0.0
 11
-25.20161
 21
3.83061
 31
0.0
  0
LINE
  5
570
330
17
100
AcDbEntity
  8
0
100
AcDbLine
 10
-25.20161
 20
3.83061
 30
0.0
 11
-25.19635
 21
3.82212
 31
0.0
  0
LINE
  5
571
330
17
100
AcDbEntity
  8
0
100
AcDbLine
 10
-25.19635
 20
3.82212
 30
0.0
 11
-25.1902
 21
3.8142300000000002
 31
0.0
  0
LINE
  5
572
330
17
100
AcDbEntity
  8
0
100
AcDbLine
 10
-25.1902
 20
3.8142300000000002
 30
0.0
 11
-25.18325
 21
3.8070500000000003
 31
0.0
  0
LINE
  5
573
330
17
100
AcDbEntity
  8
0
100
AcDbLine
 10
-25.18325
 20
3.8070500000000003
 30
0.0
 11
-25.17557
 21
3.80064
 31
0.0
  0
LINE
  5
574
330
17
100
AcDbEntity
  8
0
100
AcDbLine
 10
-25.17557
 20
3.80064
 30
0.0
 11
-25.16725
 21
3.7951
 31
0.0
  0
LINE
  5
575
330
17
100
AcDbEntity
  8
0
100
AcDbLine
 10
-25.16725
 20
3.7951
 30
0.0
 11
-25.15839
 21
3.79047
 31
0.0
  0
LINE
  5
576
330
17
100
AcDbEntity
  8
0
100
AcDbLine
 10
-25.15839
 20
3.79047
 30
0.0
 11
-25.14908
 21
3.78682
 31
0.0
  0
LINE
  5
577
330
17
100
AcDbEntity
  8
0
100
AcDbLine
 10
-25.14908
 20
3.78682
 30
0.0
 11
-25.13944
 21
3.7841799999999997
 31
0.0
  0
LINE
  5
578
330
17
100
AcDbEntity
  8
0
100
AcDbLine
 10
-25.13944
 20
3.7841799999999997
 30
0.0
 11
-25.12957
 21
3.78258
 31
0.0
  0
LINE
  5
579
330
17
100
AcDbEntity
  8
0
100
AcDbLine
 10
-25.12957
 20
3.78258
 30
0.0
 11
-25.11958
 21
3.78205
 31
0.0
  0
LINE
  5
57A
330
17
100
AcDbEntity
  8
0
100
AcDbLine
 10
-25.11958
 20
3.78205
 30
0.0
 11
-25.1096
 21
3.78258
 31
0.0
  0
LINE
  5
57B
330
17
100
AcDbEntity
  8
0
100
AcDbLine
 10
-25.1096
 20
3.78258
 30
0.0
 11
-25.09973
 21
3.7841799999999997
 31
0.0
  0
LINE
  5
57C
330
17
100
AcDbEntity
  8
0
100
AcDbLine
 10
-25.09973
 20
3.7841799999999997
 30
0.0
 11
-25.09009
 21
3.78682
 31
0.0
  0
LINE
  5
57D
330
17
100
AcDbEntity
  8
0
100
AcDbLine
 10
-25.09009
 20
3.78682
 30
0.0
 11
-25.08078
 21
3.79047
 31
0.0
  0
LINE
  5
57E
330
17
100
AcDbEntity
  8
0
100
AcDbLine
 10
-25.08078
 20
3.79047
 30
0.0
 11
-25.071920000000002
 21
3.7951
 31
0.0
  0
LINE
  5
57F
330
17
100
AcDbEntity
  8
0
100
AcDbLine
 10
-25.071920000000002
 20
3.7951
 30
0.0
 11
-25.063599999999997
 21
3.80064
 31
0.0
  0
LINE
  5
580
330
17
100
AcDbEntity
  8
0
100
AcDbLine
 10
-25.063599999999997
 20
3.80064
 30
0.0
 11
-25.05592
 21
3.8070500000000003
 31
0.0
  0
LINE
  5
581
330
17
100
AcDbEntity
  8
0
100
AcDbLine
 10
-25.05592
 20
3.8070500000000003
 30
0.0
 11
-25.04897
 21
3.8142300000000002
 31
0.0
  0
LINE
  5
582
330
17
100
AcDbEntity
  8
0
100
AcDbLine
 10
-25.04897
 20
3.8142300000000002
 30
0.0
 11
-25.04282
 21
3.82212
 31
0.0
  0
LINE
  5
583
330
17
100
AcDbEntity
  8
0
100
AcDbLine
 10
-10.33187
 20
11.931189999999999
 30
0.0
 11
-10.125210000000001
 21
11.96212
 31
0.0
  0
LINE
  5
584
330
17
100
AcDbEntity
  8
0
100
AcDbLine
 10
-10.125210000000001
 20
11.96212
 30
0.0
 11
-9.717699999999999
 21
11.98314
 31
0.0
  0
LINE
  5
585
330
17
100
AcDbEntity
  8
0
100
AcDbLine
 10
-9.717699999999999
 20
11.98314
 30
0.0
 11
-9.210080000000001
 21
11.97935
 31
0.0
  0
LINE
  5
586
330
17
100
AcDbEntity
  8
0
100
AcDbLine
 10
-9.210080000000001
 20
11.97935
 30
0.0
 11
-9.150979999999999
 21
11.97522
 31
0.0
  0
LINE
  5
587
330
17
100
AcDbEntity
  8
0
100
AcDbLine
 10
-9.150979999999999
 20
11.97522
 30
0.0
 11
-9.092619999999998
 21
11.96498
 31
0.0
  0
LINE
  5
588
330
17
100
AcDbEntity
  8
0
100
AcDbLine
 10
-9.092619999999998
 20
11.96498
 30
0.0
 11
-9.035649999999999
 21
11.948749999999999
 31
0.0
  0
LINE
  5
589
330
17
100
AcDbEntity
  8
0
100
AcDbLine
 10
-9.035649999999999
 20
11.948749999999999
 30
0.0
 11
-9.02384
 21
11.944049999999999
 31
0.0
  0
LINE
  5
58A
330
17
100
AcDbEntity
  8
0
100
AcDbLine
 10
-9.02384
 20
11.944049999999999
 30
0.0
 11
-9.012569999999998
 21
11.93818
 31
0.0
  0
LINE
  5
58B
330
17
100
AcDbEntity
  8
0
100
AcDbLine
 10
-9.012569999999998
 20
11.93818
 30
0.0
 11
-9.00193
 21
11.93123
 31
0.0
  0
LINE
  5
58C
330
17
100
AcDbEntity
  8
0
100
AcDbLine
 10
-9.00193
 20
11.93123
 30
0.0
 11
-9.00189
 21
11.931189999999999
 31
0.0
  0
LINE
  5
58D
330
17
100
AcDbEntity
  8
0
100
AcDbLine
 10
-9.00189
 20
11.931189999999999
 30
0.0
 11
-8.992049999999999
 21
11.92324
 31
0.0
  0
LINE
  5
58E
330
17
100
AcDbEntity
  8
0
100
AcDbLine
 10
-8.992049999999999
 20
11.92324
 30
0.0
 11
-8.98301
 21
11.914309999999999
 31
0.0
  0
LINE
  5
58F
330
17
100
AcDbEntity
  8
0
100
AcDbLine
 10
-8.98301
 20
11.914309999999999
 30
0.0
 11
-8.97491
 21
11.90452
 31
0.0
  0
LINE
  5
590
330
17
100
AcDbEntity
  8
0
100
AcDbLine
 10
-8.97491
 20
11.90452
 30
0.0
 11
-8.96783
 21
11.89396
 31
0.0
  0
LINE
  5
591
330
17
100
AcDbEntity
  8
0
100
AcDbLine
 10
-8.96783
 20
11.89396
 30
0.0
 11
-8.96184
 21
11.88276
 31
0.0
  0
LINE
  5
592
330
17
100
AcDbEntity
  8
0
100
AcDbLine
 10
-8.96184
 20
11.88276
 30
0.0
 11
-8.95699
 21
11.87101
 31
0.0
  0
LINE
  5
593
330
17
100
AcDbEntity
  8
0
100
AcDbLine
 10
-8.95699
 20
11.87101
 30
0.0
 11
-8.94523
 21
11.83274
 31
0.0
  0
LINE
  5
594
330
17
100
AcDbEntity
  8
0
100
AcDbLine
 10
-8.94523
 20
11.83274
 30
0.0
 11
-8.93676
 21
11.7936
 31
0.0
  0
LINE
  5
595
330
17
100
AcDbEntity
  8
0
100
AcDbLine
 10
-8.93676
 20
11.7936
 30
0.0
 11
-8.93165
 21
11.75389
 31
0.0
  0
LINE
  5
596
330
17
100
AcDbEntity
  8
0
100
AcDbLine
 10
-8.93165
 20
11.75389
 30
0.0
 11
-8.929950000000002
 21
11.71388
 31
0.0
  0
LINE
  5
597
330
17
100
AcDbEntity
  8
0
100
AcDbLine
 10
-8.929950000000002
 20
11.71388
 30
0.0
 11
-8.927050000000001
 21
11.64937
 31
0.0
  0
LINE
  5
598
330
17
100
AcDbEntity
  8
0
100
AcDbLine
 10
-8.927050000000001
 20
11.64937
 30
0.0
 11
-8.91838
 21
11.58537
 31
0.0
  0
LINE
  5
599
330
17
100
AcDbEntity
  8
0
100
AcDbLine
 10
-8.91838
 20
11.58537
 30
0.0
 11
-8.914250000000001
 21
11.56765
 31
0.0
  0
LINE
  5
59A
330
17
100
AcDbEntity
  8
0
100
AcDbLine
 10
-8.914250000000001
 20
11.56765
 30
0.0
 11
-8.908380000000001
 21
11.55042
 31
0.0
  0
LINE
  5
59B
330
17
100
AcDbEntity
  8
0
100
AcDbLine
 10
-8.908380000000001
 20
11.55042
 30
0.0
 11
-8.90084
 21
11.53386
 31
0.0
  0
LINE
  5
59C
330
17
100
AcDbEntity
  8
0
100
AcDbLine
 10
-8.90084
 20
11.53386
 30
0.0
 11
-8.8917
 21
11.51812
 31
0.0
  0
LINE
  5
59D
330
17
100
AcDbEntity
  8
0
100
AcDbLine
 10
-8.8917
 20
11.51812
 30
0.0
 11
-8.88105
 21
11.50336
 31
0.0
  0
LINE
  5
59E
330
17
100
AcDbEntity
  8
0
100
AcDbLine
 10
-8.88105
 20
11.50336
 30
0.0
 11
-8.87199
 21
11.493120000000001
 31
0.0
  0
LINE
  5
59F
330
17
100
AcDbEntity
  8
0
100
AcDbLine
 10
-8.87199
 20
11.493120000000001
 30
0.0
 11
-8.86196
 21
11.48382
 31
0.0
  0
LINE
  5
5A0
330
17
100
AcDbEntity
  8
0
100
AcDbLine
 10
-8.86196
 20
11.48382
 30
0.0
 11
-8.851059999999999
 21
11.47556
 31
0.0
  0
LINE
  5
5A1
330
17
100
AcDbEntity
  8
0
100
AcDbLine
 10
-8.851059999999999
 20
11.47556
 30
0.0
 11
-8.839400000000001
 21
11.46841
 31
0.0
  0
LINE
  5
5A2
330
17
100
AcDbEntity
  8
0
100
AcDbLine
 10
-8.839400000000001
 20
11.46841
 30
0.0
 11
-8.82709
 21
11.46245
 31
0.0
  0
LINE
  5
5A3
330
17
100
AcDbEntity
  8
0
100
AcDbLine
 10
-8.82709
 20
11.46245
 30
0.0
 11
-8.81426
 21
11.45774
 31
0.0
  0
LINE
  5
5A4
330
17
100
AcDbEntity
  8
0
100
AcDbLine
 10
-8.81426
 20
11.45774
 30
0.0
 11
-8.78096
 21
11.44916
 31
0.0
  0
LINE
  5
5A5
330
17
100
AcDbEntity
  8
0
100
AcDbLine
 10
-8.78096
 20
11.44916
 30
0.0
 11
-8.74697
 21
11.44398
 31
0.0
  0
LINE
  5
5A6
330
17
100
AcDbEntity
  8
0
100
AcDbLine
 10
-8.74697
 20
11.44398
 30
0.0
 11
-8.71264
 21
11.44224
 31
0.0
  0
LINE
  5
5A7
330
17
100
AcDbEntity
  8
0
100
AcDbLine
 10
-8.71264
 20
11.44224
 30
0.0
 11
-8.6783
 21
11.44398
 31
0.0
  0
LINE
  5
5A8
330
17
100
AcDbEntity
  8
0
100
AcDbLine
 10
-8.6783
 20
11.44398
 30
0.0
 11
-8.64431
 21
11.44916
 31
0.0
  0
LINE
  5
5A9
330
17
100
AcDbEntity
  8
0
100
AcDbLine
 10
-8.64431
 20
11.44916
 30
0.0
 11
-8.61101
 21
11.45774
 31
0.0
  0
LINE
  5
5AA
330
17
100
AcDbEntity
  8
0
100
AcDbLine
 10
-8.61101
 20
11.45774
 30
0.0
 11
-8.598180000000001
 21
11.46245
 31
0.0
  0
LINE
  5
5AB
330
17
100
AcDbEntity
  8
0
100
AcDbLine
 10
-8.598180000000001
 20
11.46245
 30
0.0
 11
-8.58587
 21
11.46841
 31
0.0
  0
LINE
  5
5AC
330
17
100
AcDbEntity
  8
0
100
AcDbLine
 10
-8.58587
 20
11.46841
 30
0.0
 11
-8.57421
 21
11.47556
 31
0.0
  0
LINE
  5
5AD
330
17
100
AcDbEntity
  8
0
100
AcDbLine
 10
-8.57421
 20
11.47556
 30
0.0
 11
-8.56331
 21
11.48382
 31
0.0
  0
LINE
  5
5AE
330
17
100
AcDbEntity
  8
0
100
AcDbLine
 10
-8.56331
 20
11.48382
 30
0.0
 11
-8.553279999999999
 21
11.493120000000001
 31
0.0
  0
LINE
  5
5AF
330
17
100
AcDbEntity
  8
0
100
AcDbLine
 10
-8.553279999999999
 20
11.493120000000001
 30
0.0
 11
-8.54422
 21
11.50336
 31
0.0
  0
LINE
  5
5B0
330
17
100
AcDbEntity
  8
0
100
AcDbLine
 10
-8.54422
 20
11.50336
 30
0.0
 11
-8.533570000000001
 21
11.51812
 31
0.0
  0
LINE
  5
5B1
330
17
100
AcDbEntity
  8
0
100
AcDbLine
 10
-8.533570000000001
 20
11.51812
 30
0.0
 11
-8.524429999999999
 21
11.53386
 31
0.0
  0
LINE
  5
5B2
330
17
100
AcDbEntity
  8
0
100
AcDbLine
 10
-8.524429999999999
 20
11.53386
 30
0.0
 11
-8.51689
 21
11.55042
 31
0.0
  0
LINE
  5
5B3
330
17
100
AcDbEntity
  8
0
100
AcDbLine
 10
-8.51689
 20
11.55042
 30
0.0
 11
-8.51103
 21
11.56765
 31
0.0
  0
LINE
  5
5B4
330
17
100
AcDbEntity
  8
0
100
AcDbLine
 10
-8.51103
 20
11.56765
 30
0.0
 11
-8.50689
 21
11.58537
 31
0.0
  0
LINE
  5
5B5
330
17
100
AcDbEntity
  8
0
100
AcDbLine
 10
-8.50689
 20
11.58537
 30
0.0
 11
-8.49822
 21
11.64937
 31
0.0
  0
LINE
  5
5B6
330
17
100
AcDbEntity
  8
0
100
AcDbLine
 10
-8.49822
 20
11.64937
 30
0.0
 11
-8.495320000000001
 21
11.71388
 31
0.0
  0
LINE
  5
5B7
330
17
100
AcDbEntity
  8
0
100
AcDbLine
 10
-8.495320000000001
 20
11.71388
 30
0.0
 11
-8.49367
 21
11.7538
 31
0.0
  0
LINE
  5
5B8
330
17
100
AcDbEntity
  8
0
100
AcDbLine
 10
-8.49367
 20
11.7538
 30
0.0
 11
-8.48871
 21
11.79344
 31
0.0
  0
LINE
  5
5B9
330
17
100
AcDbEntity
  8
0
100
AcDbLine
 10
-8.48871
 20
11.79344
 30
0.0
 11
-8.48049
 21
11.832540000000002
 31
0.0
  0
LINE
  5
5BA
330
17
100
AcDbEntity
  8
0
100
AcDbLine
 10
-8.48049
 20
11.832540000000002
 30
0.0
 11
-8.46906
 21
11.87082
 31
0.0
  0
LINE
  5
5BB
330
17
100
AcDbEntity
  8
0
100
AcDbLine
 10
-8.46906
 20
11.87082
 30
0.0
 11
-8.46438
 21
11.88249
 31
0.0
  0
LINE
  5
5BC
330
17
100
AcDbEntity
  8
0
100
AcDbLine
 10
-8.46438
 20
11.88249
 30
0.0
 11
-8.45856
 21
11.89363
 31
0.0
  0
LINE
  5
5BD
330
17
100
AcDbEntity
  8
0
100
AcDbLine
 10
-8.45856
 20
11.89363
 30
0.0
 11
-8.45167
 21
11.904150000000001
 31
0.0
  0
LINE
  5
5BE
330
17
100
AcDbEntity
  8
0
100
AcDbLine
 10
-8.45167
 20
11.904150000000001
 30
0.0
 11
-8.44376
 21
11.91392
 31
0.0
  0
LINE
  5
5BF
330
17
100
AcDbEntity
  8
0
100
AcDbLine
 10
-8.44376
 20
11.91392
 30
0.0
 11
-8.43492
 21
11.92286
 31
0.0
  0
LINE
  5
5C0
330
17
100
AcDbEntity
  8
0
100
AcDbLine
 10
-8.43492
 20
11.92286
 30
0.0
 11
-8.42523
 21
11.93088
 31
0.0
  0
LINE
  5
5C1
330
17
100
AcDbEntity
  8
0
100
AcDbLine
 10
-8.42523
 20
11.93088
 30
0.0
 11
-8.42477
 21
11.931189999999999
 31
0.0
  0
LINE
  5
5C2
330
17
100
AcDbEntity
  8
0
100
AcDbLine
 10
-8.42477
 20
11.931189999999999
 30
0.0
 11
-8.4148
 21
11.937899999999999
 31
0.0
  0
LINE
  5
5C3
330
17
100
AcDbEntity
  8
0
100
AcDbLine
 10
-8.4148
 20
11.937899999999999
 30
0.0
 11
-8.40372
 21
11.943840000000002
 31
0.0
  0
LINE
  5
5C4
330
17
100
AcDbEntity
  8
0
100
AcDbLine
 10
-8.40372
 20
11.943840000000002
 30
0.0
 11
-8.3921
 21
11.94866
 31
0.0
  0
LINE
  5
5C5
330
17
100
AcDbEntity
  8
0
100
AcDbLine
 10
-8.3921
 20
11.94866
 30
0.0
 11
-8.33667
 21
11.96517
 31
0.0
  0
LINE
  5
5C6
330
17
100
AcDbEntity
  8
0
100
AcDbLine
 10
-8.33667
 20
11.96517
 30
0.0
 11
-8.27979
 21
11.97568
 31
0.0
  0
LINE
  5
5C7
330
17
100
AcDbEntity
  8
0
100
AcDbLine
 10
-8.27979
 20
11.97568
 30
0.0
 11
-8.22212
 21
11.98006
 31
0.0
  0
LINE
  5
5C8
330
17
100
AcDbEntity
  8
0
100
AcDbLine
 10
-8.22212
 20
11.98006
 30
0.0
 11
-7.73474
 21
11.98552
 31
0.0
  0
LINE
  5
5C9
330
17
100
AcDbEntity
  8
0
100
AcDbLine
 10
-7.73474
 20
11.98552
 30
0.0
 11
-6.97415
 21
11.98552
 31
0.0
  0
LINE
  5
5CA
330
17
100
AcDbEntity
  8
0
100
AcDbLine
 10
-6.97415
 20
11.98552
 30
0.0
 11
-6.97415
 21
11.931189999999999
 31
0.0
  0
LINE
  5
5CB
330
17
100
AcDbEntity
  8
0
100
AcDbLine
 10
-6.97415
 20
11.931189999999999
 30
0.0
 11
-6.97415
 21
10.464350000000001
 31
0.0
  0
LINE
  5
5CC
330
17
100
AcDbEntity
  8
0
100
AcDbLine
 10
-6.97415
 20
10.464350000000001
 30
0.0
 11
-7.571750000000001
 21
10.464350000000001
 31
0.0
  0
LINE
  5
5CD
330
17
100
AcDbEntity
  8
0
100
AcDbLine
 10
-7.571750000000001
 20
10.464350000000001
 30
0.0
 11
-7.87033
 21
10.45711
 31
0.0
  0
LINE
  5
5CE
330
17
100
AcDbEntity
  8
0
100
AcDbLine
 10
-7.87033
 20
10.45711
 30
0.0
 11
-7.957209999999999
 21
10.44814
 31
0.0
  0
LINE
  5
5CF
330
17
100
AcDbEntity
  8
0
100
AcDbLine
 10
-7.957209999999999
 20
10.44814
 30
0.0
 11
-8.04259
 21
10.42977
 31
0.0
  0
LINE
  5
5D0
330
17
100
AcDbEntity
  8
0
100
AcDbLine
 10
-8.04259
 20
10.42977
 30
0.0
 11
-8.06281
 21
10.42322
 31
0.0
  0
LINE
  5
5D1
330
17
100
AcDbEntity
  8
0
100
AcDbLine
 10
-8.06281
 20
10.42322
 30
0.0
 11
-8.08233
 21
10.4148
 31
0.0
  0
LINE
  5
5D2
330
17
100
AcDbEntity
  8
0
100
AcDbLine
 10
-8.08233
 20
10.4148
 30
0.0
 11
-8.10096
 21
10.40457
 31
0.0
  0
LINE
  5
5D3
330
17
100
AcDbEntity
  8
0
100
AcDbLine
 10
-8.10096
 20
10.40457
 30
0.0
 11
-8.11855
 21
10.39264
 31
0.0
  0
LINE
  5
5D4
330
17
100
AcDbEntity
  8
0
100
AcDbLine
 10
-8.11855
 20
10.39264
 30
0.0
 11
-8.13494
 21
10.37911
 31
0.0
  0
LINE
  5
5D5
330
17
100
AcDbEntity
  8
0
100
AcDbLine
 10
-8.13494
 20
10.37911
 30
0.0
 11
-8.14264
 21
10.37135
 31
0.0
  0
LINE
  5
5D6
330
17
100
AcDbEntity
  8
0
100
AcDbLine
 10
-8.14264
 20
10.37135
 30
0.0
 11
-8.1495
 21
10.36282
 31
0.0
  0
LINE
  5
5D7
330
17
100
AcDbEntity
  8
0
100
AcDbLine
 10
-8.1495
 20
10.36282
 30
0.0
 11
-8.15543
 21
10.35363
 31
0.0
  0
LINE
  5
5D8
330
17
100
AcDbEntity
  8
0
100
AcDbLine
 10
-8.15543
 20
10.35363
 30
0.0
 11
-8.16037
 21
10.34388
 31
0.0
  0
LINE
  5
5D9
330
17
100
AcDbEntity
  8
0
100
AcDbLine
 10
-8.16037
 20
10.34388
 30
0.0
 11
-8.16427
 21
10.33366
 31
0.0
  0
LINE
  5
5DA
330
17
100
AcDbEntity
  8
0
100
AcDbLine
 10
-8.16427
 20
10.33366
 30
0.0
 11
-8.16709
 21
10.32309
 31
0.0
  0
LINE
  5
5DB
330
17
100
AcDbEntity
  8
0
100
AcDbLine
 10
-8.16709
 20
10.32309
 30
0.0
 11
-8.16879
 21
10.31229
 31
0.0
  0
LINE
  5
5DC
330
17
100
AcDbEntity
  8
0
100
AcDbLine
 10
-8.16879
 20
10.31229
 30
0.0
 11
-8.169360000000001
 21
10.30136
 31
0.0
  0
LINE
  5
5DD
330
17
100
AcDbEntity
  8
0
100
AcDbLine
 10
-8.169360000000001
 20
10.30136
 30
0.0
 11
-8.16879
 21
10.29044
 31
0.0
  0
LINE
  5
5DE
330
17
100
AcDbEntity
  8
0
100
AcDbLine
 10
-8.16879
 20
10.29044
 30
0.0
 11
-8.16709
 21
10.279639999999999
 31
0.0
  0
LINE
  5
5DF
330
17
100
AcDbEntity
  8
0
100
AcDbLine
 10
-8.16709
 20
10.279639999999999
 30
0.0
 11
-8.16427
 21
10.26907
 31
0.0
  0
LINE
  5
5E0
330
17
100
AcDbEntity
  8
0
100
AcDbLine
 10
-8.16427
 20
10.26907
 30
0.0
 11
-8.16037
 21
10.25885
 31
0.0
  0
LINE
  5
5E1
330
17
100
AcDbEntity
  8
0
100
AcDbLine
 10
-8.16037
 20
10.25885
 30
0.0
 11
-8.15543
 21
10.24909
 31
0.0
  0
LINE
  5
5E2
330
17
100
AcDbEntity
  8
0
100
AcDbLine
 10
-8.15543
 20
10.24909
 30
0.0
 11
-8.1495
 21
10.2399
 31
0.0
  0
LINE
  5
5E3
330
17
100
AcDbEntity
  8
0
100
AcDbLine
 10
-8.1495
 20
10.2399
 30
0.0
 11
-8.14264
 21
10.23138
 31
0.0
  0
LINE
  5
5E4
330
17
100
AcDbEntity
  8
0
100
AcDbLine
 10
-8.14264
 20
10.23138
 30
0.0
 11
-8.13494
 21
10.223619999999999
 31
0.0
  0
LINE
  5
5E5
330
17
100
AcDbEntity
  8
0
100
AcDbLine
 10
-8.13494
 20
10.223619999999999
 30
0.0
 11
-8.11855
 21
10.21008
 31
0.0
  0
LINE
  5
5E6
330
17
100
AcDbEntity
  8
0
100
AcDbLine
 10
-8.11855
 20
10.21008
 30
0.0
 11
-8.10096
 21
10.19815
 31
0.0
  0
LINE
  5
5E7
330
17
100
AcDbEntity
  8
0
100
AcDbLine
 10
-8.10096
 20
10.19815
 30
0.0
 11
-8.08233
 21
10.18793
 31
0.0
  0
LINE
  5
5E8
330
17
100
AcDbEntity
  8
0
100
AcDbLine
 10
-8.08233
 20
10.18793
 30
0.0
 11
-8.06281
 21
10.179499999999999
 31
0.0
  0
LINE
  5
5E9
330
17
100
AcDbEntity
  8
0
100
AcDbLine
 10
-8.06281
 20
10.179499999999999
 30
0.0
 11
-8.04259
 21
10.17295
 31
0.0
  0
LINE
  5
5EA
330
17
100
AcDbEntity
  8
0
100
AcDbLine
 10
-8.04259
 20
10.17295
 30
0.0
 11
-7.957209999999999
 21
10.15459
 31
0.0
  0
LINE
  5
5EB
330
17
100
AcDbEntity
  8
0
100
AcDbLine
 10
-7.957209999999999
 20
10.15459
 30
0.0
 11
-7.87033
 21
10.14562
 31
0.0
  0
LINE
  5
5EC
330
17
100
AcDbEntity
  8
0
100
AcDbLine
 10
-7.87033
 20
10.14562
 30
0.0
 11
-7.571750000000001
 21
10.138380000000002
 31
0.0
  0
LINE
  5
5ED
330
17
100
AcDbEntity
  8
0
100
AcDbLine
 10
-7.571750000000001
 20
10.138380000000002
 30
0.0
 11
-6.97415
 21
10.138380000000002
 31
0.0
  0
LINE
  5
5EE
330
17
100
AcDbEntity
  8
0
100
AcDbLine
 10
-6.97415
 20
10.138380000000002
 30
0.0
 11
-6.97415
 21
8.56288
 31
0.0
  0
LINE
  5
5EF
330
17
100
AcDbEntity
  8
0
100
AcDbLine
 10
-6.97415
 20
8.56288
 30
0.0
 11
-6.97415
 21
7.8566199999999995
 31
0.0
  0
LINE
  5
5F0
330
17
100
AcDbEntity
  8
0
100
AcDbLine
 10
-6.97415
 20
7.8566199999999995
 30
0.0
 11
-9.47322
 21
7.8566199999999995
 31
0.0
  0
LINE
  5
5F1
330
17
100
AcDbEntity
  8
0
100
AcDbLine
 10
-9.47322
 20
7.8566199999999995
 30
0.0
 11
-9.47322
 21
8.23691
 31
0.0
  0
LINE
  5
5F2
330
17
100
AcDbEntity
  8
0
100
AcDbLine
 10
-9.47322
 20
8.23691
 30
0.0
 11
-9.48212
 21
8.411200000000001
 31
0.0
  0
LINE
  5
5F3
330
17
100
AcDbEntity
  8
0
100
AcDbLine
 10
-9.48212
 20
8.411200000000001
 30
0.0
 11
-9.48818
 21
8.45063
 31
0.0
  0
LINE
  5
5F4
330
17
100
AcDbEntity
  8
0
100
AcDbLine
 10
-9.48818
 20
8.45063
 30
0.0
 11
-9.49818
 21
8.48925
 31
0.0
  0
LINE
  5
5F5
330
17
100
AcDbEntity
  8
0
100
AcDbLine
 10
-9.49818
 20
8.48925
 30
0.0
 11
-9.51203
 21
8.52666
 31
0.0
  0
LINE
  5
5F6
330
17
100
AcDbEntity
  8
0
100
AcDbLine
 10
-9.51203
 20
8.52666
 30
0.0
 11
-9.51948
 21
8.54184
 31
0.0
  0
LINE
  5
5F7
330
17
100
AcDbEntity
  8
0
100
AcDbLine
 10
-9.51948
 20
8.54184
 30
0.0
 11
-9.528450000000001
 21
8.55618
 31
0.0
  0
LINE
  5
5F8
330
17
100
AcDbEntity
  8
0
100
AcDbLine
 10
-9.528450000000001
 20
8.55618
 30
0.0
 11
-9.533679999999999
 21
8.56288
 31
0.0
  0
LINE
  5
5F9
330
17
100
AcDbEntity
  8
0
100
AcDbLine
 10
-9.533679999999999
 20
8.56288
 30
0.0
 11
-9.53885
 21
8.569510000000001
 31
0.0
  0
LINE
  5
5FA
330
17
100
AcDbEntity
  8
0
100
AcDbLine
 10
-9.53885
 20
8.569510000000001
 30
0.0
 11
-9.550559999999999
 21
8.58171
 31
0.0
  0
LINE
  5
5FB
330
17
100
AcDbEntity
  8
0
100
AcDbLine
 10
-9.550559999999999
 20
8.58171
 30
0.0
 11
-9.563469999999999
 21
8.592640000000001
 31
0.0
  0
LINE
  5
5FC
330
17
100
AcDbEntity
  8
0
100
AcDbLine
 10
-9.563469999999999
 20
8.592640000000001
 30
0.0
 11
-9.57423
 21
8.59996
 31
0.0
  0
LINE
  5
5FD
330
17
100
AcDbEntity
  8
0
100
AcDbLine
 10
-9.57423
 20
8.59996
 30
0.0
 11
-9.58573
 21
8.60607
 31
0.0
  0
LINE
  5
5FE
330
17
100
AcDbEntity
  8
0
100
AcDbLine
 10
-9.58573
 20
8.60607
 30
0.0
 11
-9.59782
 21
8.610899999999999
 31
0.0
  0
LINE
  5
5FF
330
17
100
AcDbEntity
  8
0
100
AcDbLine
 10
-9.59782
 20
8.610899999999999
 30
0.0
 11
-9.61036
 21
8.61439
 31
0.0
  0
LINE
  5
600
330
17
100
AcDbEntity
  8
0
100
AcDbLine
 10
-9.61036
 20
8.61439
 30
0.0
 11
-9.62321
 21
8.616499999999998
 31
0.0
  0
LINE
  5
601
330
17
100
AcDbEntity
  8
0
100
AcDbLine
 10
-9.62321
 20
8.616499999999998
 30
0.0
 11
-9.636199999999999
 21
8.61721
 31
0.0
  0
LINE
  5
602
330
17
100
AcDbEntity
  8
0
100
AcDbLine
 10
-9.636199999999999
 20
8.61721
 30
0.0
 11
-9.64746
 21
8.61667
 31
0.0
  0
LINE
  5
603
330
17
100
AcDbEntity
  8
0
100
AcDbLine
 10
-9.64746
 20
8.61667
 30
0.0
 11
-9.65861
 21
8.61508
 31
0.0
  0
LINE
  5
604
330
17
100
AcDbEntity
  8
0
100
AcDbLine
 10
-9.65861
 20
8.61508
 30
0.0
 11
-9.66956
 21
8.612430000000002
 31
0.0
  0
LINE
  5
605
330
17
100
AcDbEntity
  8
0
100
AcDbLine
 10
-9.66956
 20
8.612430000000002
 30
0.0
 11
-9.68021
 21
8.60876
 31
0.0
  0
LINE
  5
606
330
17
100
AcDbEntity
  8
0
100
AcDbLine
 10
-9.68021
 20
8.60876
 30
0.0
 11
-9.69047
 21
8.60409
 31
0.0
  0
LINE
  5
607
330
17
100
AcDbEntity
  8
0
100
AcDbLine
 10
-9.69047
 20
8.60409
 30
0.0
 11
-9.70024
 21
8.59848
 31
0.0
  0
LINE
  5
608
330
17
100
AcDbEntity
  8
0
100
AcDbLine
 10
-9.70024
 20
8.59848
 30
0.0
 11
-9.70943
 21
8.591959999999998
 31
0.0
  0
LINE
  5
609
330
17
100
AcDbEntity
  8
0
100
AcDbLine
 10
-9.70943
 20
8.591959999999998
 30
0.0
 11
-9.722389999999999
 21
8.5807
 31
0.0
  0
LINE
  5
60A
330
17
100
AcDbEntity
  8
0
100
AcDbLine
 10
-9.722389999999999
 20
8.5807
 30
0.0
 11
-9.73413
 21
8.56815
 31
0.0
  0
LINE
  5
60B
330
17
100
AcDbEntity
  8
0
100
AcDbLine
 10
-9.73413
 20
8.56815
 30
0.0
 11
-9.73813
 21
8.56288
 31
0.0
  0
LINE
  5
60C
330
17
100
AcDbEntity
  8
0
100
AcDbLine
 10
-9.73813
 20
8.56288
 30
0.0
 11
-9.74452
 21
8.55447
 31
0.0
  0
LINE
  5
60D
330
17
100
AcDbEntity
  8
0
100
AcDbLine
 10
-9.74452
 20
8.55447
 30
0.0
 11
-9.753440000000001
 21
8.53979
 31
0.0
  0
LINE
  5
60E
330
17
100
AcDbEntity
  8
0
100
AcDbLine
 10
-9.753440000000001
 20
8.53979
 30
0.0
 11
-9.7608
 21
8.524280000000001
 31
0.0
  0
LINE
  5
60F
330
17
100
AcDbEntity
  8
0
100
AcDbLine
 10
-9.7608
 20
8.524280000000001
 30
0.0
 11
-9.7746
 21
8.48556
 31
0.0
  0
LINE
  5
610
330
17
100
AcDbEntity
  8
0
100
AcDbLine
 10
-9.7746
 20
8.48556
 30
0.0
 11
-9.78452
 21
8.44567
 31
0.0
  0
LINE
  5
611
330
17
100
AcDbEntity
  8
0
100
AcDbLine
 10
-9.78452
 20
8.44567
 30
0.0
 11
-9.790460000000001
 21
8.405
 31
0.0
  0
LINE
  5
612
330
17
100
AcDbEntity
  8
0
100
AcDbLine
 10
-9.790460000000001
 20
8.405
 30
0.0
 11
-9.79919
 21
8.22261
 31
0.0
  0
LINE
  5
613
330
17
100
AcDbEntity
  8
0
100
AcDbLine
 10
-9.79919
 20
8.22261
 30
0.0
 11
-9.79919
 21
7.82801
 31
0.0
  0
LINE
  5
614
330
17
100
AcDbEntity
  8
0
100
AcDbLine
 10
-9.79919
 20
7.82801
 30
0.0
 11
-10.21841
 21
7.884240000000001
 31
0.0
  0
LINE
  5
615
330
17
100
AcDbEntity
  8
0
100
AcDbLine
 10
-10.21841
 20
7.884240000000001
 30
0.0
 11
-10.45462
 21
7.9269300000000005
 31
0.0
  0
LINE
  5
616
330
17
100
AcDbEntity
  8
0
100
AcDbLine
 10
-10.45462
 20
7.9269300000000005
 30
0.0
 11
-10.685979999999999
 21
7.99092
 31
0.0
  0
LINE
  5
617
330
17
100
AcDbEntity
  8
0
100
AcDbLine
 10
-10.685979999999999
 20
7.99092
 30
0.0
 11
-10.91057
 21
8.07565
 31
0.0
  0
LINE
  5
618
330
17
100
AcDbEntity
  8
0
100
AcDbLine
 10
-10.91057
 20
8.07565
 30
0.0
 11
-11.05854
 21
8.147319999999999
 31
0.0
  0
LINE
  5
619
330
17
100
AcDbEntity
  8
0
100
AcDbLine
 10
-11.05854
 20
8.147319999999999
 30
0.0
 11
-11.19951
 21
8.23193
 31
0.0
  0
LINE
  5
61A
330
17
100
AcDbEntity
  8
0
100
AcDbLine
 10
-11.19951
 20
8.23193
 30
0.0
 11
-11.33235
 21
8.328800000000001
 31
0.0
  0
LINE
  5
61B
330
17
100
AcDbEntity
  8
0
100
AcDbLine
 10
-11.33235
 20
8.328800000000001
 30
0.0
 11
-11.456
 21
8.43716
 31
0.0
  0
LINE
  5
61C
330
17
100
AcDbEntity
  8
0
100
AcDbLine
 10
-11.456
 20
8.43716
 30
0.0
 11
-11.567620000000002
 21
8.55442
 31
0.0
  0
LINE
  5
61D
330
17
100
AcDbEntity
  8
0
100
AcDbLine
 10
-11.567620000000002
 20
8.55442
 30
0.0
 11
-11.57431
 21
8.56288
 31
0.0
  0
LINE
  5
61E
330
17
100
AcDbEntity
  8
0
100
AcDbLine
 10
-11.57431
 20
8.56288
 30
0.0
 11
-11.668069999999998
 21
8.68139
 31
0.0
  0
LINE
  5
61F
330
17
100
AcDbEntity
  8
0
100
AcDbLine
 10
-11.668069999999998
 20
8.68139
 30
0.0
 11
-11.756509999999999
 21
8.81699
 31
0.0
  0
LINE
  5
620
330
17
100
AcDbEntity
  8
0
100
AcDbLine
 10
-11.756509999999999
 20
8.81699
 30
0.0
 11
-11.832199999999998
 21
8.96011
 31
0.0
  0
LINE
  5
621
330
17
100
AcDbEntity
  8
0
100
AcDbLine
 10
-11.832199999999998
 20
8.96011
 30
0.0
 11
-11.92036
 21
9.17387
 31
0.0
  0
LINE
  5
622
330
17
100
AcDbEntity
  8
0
100
AcDbLine
 10
-11.92036
 20
9.17387
 30
0.0
 11
-11.98692
 21
9.39532
 31
0.0
  0
LINE
  5
623
330
17
100
AcDbEntity
  8
0
100
AcDbLine
 10
-11.98692
 20
9.39532
 30
0.0
 11
-12.031220000000001
 21
9.62227
 31
0.0
  0
LINE
  5
624
330
17
100
AcDbEntity
  8
0
100
AcDbLine
 10
-12.031220000000001
 20
9.62227
 30
0.0
 11
-12.08635
 21
9.945020000000001
 31
0.0
  0
LINE
  5
625
330
17
100
AcDbEntity
  8
0
100
AcDbLine
 10
-12.08635
 20
9.945020000000001
 30
0.0
 11
-12.09308
 21
9.971729999999999
 31
0.0
  0
LINE
  5
626
330
17
100
AcDbEntity
  8
0
100
AcDbLine
 10
-12.09308
 20
9.971729999999999
 30
0.0
 11
-12.102500000000001
 21
9.997620000000001
 31
0.0
  0
LINE
  5
627
330
17
100
AcDbEntity
  8
0
100
AcDbLine
 10
-12.102500000000001
 20
9.997620000000001
 30
0.0
 11
-12.11453
 21
10.022400000000001
 31
0.0
  0
LINE
  5
628
330
17
100
AcDbEntity
  8
0
100
AcDbLine
 10
-12.11453
 20
10.022400000000001
 30
0.0
 11
-12.12904
 21
10.04582
 31
0.0
  0
LINE
  5
629
330
17
100
AcDbEntity
  8
0
100
AcDbLine
 10
-12.12904
 20
10.04582
 30
0.0
 11
-12.14587
 21
10.06762
 31
0.0
  0
LINE
  5
62A
330
17
100
AcDbEntity
  8
0
100
AcDbLine
 10
-12.14587
 20
10.06762
 30
0.0
 11
-12.157720000000001
 21
10.08007
 31
0.0
  0
LINE
  5
62B
330
17
100
AcDbEntity
  8
0
100
AcDbLine
 10
-12.157720000000001
 20
10.08007
 30
0.0
 11
-12.170810000000001
 21
10.09122
 31
0.0
  0
LINE
  5
62C
330
17
100
AcDbEntity
  8
0
100
AcDbLine
 10
-12.170810000000001
 20
10.09122
 30
0.0
 11
-12.18498
 21
10.10094
 31
0.0
  0
LINE
  5
62D
330
17
100
AcDbEntity
  8
0
100
AcDbLine
 10
-12.18498
 20
10.10094
 30
0.0
 11
-12.2001
 21
10.109119999999999
 31
0.0
  0
LINE
  5
62E
330
17
100
AcDbEntity
  8
0
100
AcDbLine
 10
-12.2001
 20
10.109119999999999
 30
0.0
 11
-12.21598
 21
10.11569
 31
0.0
  0
LINE
  5
62F
330
17
100
AcDbEntity
  8
0
100
AcDbLine
 10
-12.21598
 20
10.11569
 30
0.0
 11
-12.23246
 21
10.120560000000001
 31
0.0
  0
LINE
  5
630
330
17
100
AcDbEntity
  8
0
100
AcDbLine
 10
-12.23246
 20
10.120560000000001
 30
0.0
 11
-12.249360000000001
 21
10.12369
 31
0.0
  0
LINE
  5
631
330
17
100
AcDbEntity
  8
0
100
AcDbLine
 10
-12.249360000000001
 20
10.12369
 30
0.0
 11
-12.36123
 21
10.13471
 31
0.0
  0
LINE
  5
632
330
17
100
AcDbEntity
  8
0
100
AcDbLine
 10
-12.36123
 20
10.13471
 30
0.0
 11
-12.47358
 21
10.138380000000002
 31
0.0
  0
LINE
  5
633
330
17
100
AcDbEntity
  8
0
100
AcDbLine
 10
-12.47358
 20
10.138380000000002
 30
0.0
 11
-12.64089
 21
10.14743
 31
0.0
  0
LINE
  5
634
330
17
100
AcDbEntity
  8
0
100
AcDbLine
 10
-12.64089
 20
10.14743
 30
0.0
 11
-12.67924
 21
10.15361
 31
0.0
  0
LINE
  5
635
330
17
100
AcDbEntity
  8
0
100
AcDbLine
 10
-12.67924
 20
10.15361
 30
0.0
 11
-12.71676
 21
10.163689999999999
 31
0.0
  0
LINE
  5
636
330
17
100
AcDbEntity
  8
0
100
AcDbLine
 10
-12.71676
 20
10.163689999999999
 30
0.0
 11
-12.75305
 21
10.17758
 31
0.0
  0
LINE
  5
637
330
17
100
AcDbEntity
  8
0
100
AcDbLine
 10
-12.75305
 20
10.17758
 30
0.0
 11
-12.76793
 21
10.18511
 31
0.0
  0
LINE
  5
638
330
17
100
AcDbEntity
  8
0
100
AcDbLine
 10
-12.76793
 20
10.18511
 30
0.0
 11
-12.78197
 21
10.19412
 31
0.0
  0
LINE
  5
639
330
17
100
AcDbEntity
  8
0
100
AcDbLine
 10
-12.78197
 20
10.19412
 30
0.0
 11
-12.795010000000001
 21
10.20453
 31
0.0
  0
LINE
  5
63A
330
17
100
AcDbEntity
  8
0
100
AcDbLine
 10
-12.795010000000001
 20
10.20453
 30
0.0
 11
-12.80692
 21
10.21622
 31
0.0
  0
LINE
  5
63B
330
17
100
AcDbEntity
  8
0
100
AcDbLine
 10
-12.80692
 20
10.21622
 30
0.0
 11
-12.81756
 21
10.22907
 31
0.0
  0
LINE
  5
63C
330
17
100
AcDbEntity
  8
0
100
AcDbLine
 10
-12.81756
 20
10.22907
 30
0.0
 11
-12.82471
 21
10.23982
 31
0.0
  0
LINE
  5
63D
330
17
100
AcDbEntity
  8
0
100
AcDbLine
 10
-12.82471
 20
10.23982
 30
0.0
 11
-12.830670000000001
 21
10.25126
 31
0.0
  0
LINE
  5
63E
330
17
100
AcDbEntity
  8
0
100
AcDbLine
 10
-12.830670000000001
 20
10.25126
 30
0.0
 11
-12.83539
 21
10.26328
 31
0.0
  0
LINE
  5
63F
330
17
100
AcDbEntity
  8
0
100
AcDbLine
 10
-12.83539
 20
10.26328
 30
0.0
 11
-12.83879
 21
10.275730000000001
 31
0.0
  0
LINE
  5
640
330
17
100
AcDbEntity
  8
0
100
AcDbLine
 10
-12.83879
 20
10.275730000000001
 30
0.0
 11
-12.84085
 21
10.28848
 31
0.0
  0
LINE
  5
641
330
17
100
AcDbEntity
  8
0
100
AcDbLine
 10
-12.84085
 20
10.28848
 30
0.0
 11
-12.84154
 21
10.30136
 31
0.0
  0
LINE
  5
642
330
17
100
AcDbEntity
  8
0
100
AcDbLine
 10
-12.84154
 20
10.30136
 30
0.0
 11
-12.84097
 21
10.31284
 31
0.0
  0
LINE
  5
643
330
17
100
AcDbEntity
  8
0
100
AcDbLine
 10
-12.84097
 20
10.31284
 30
0.0
 11
-12.839269999999999
 21
10.32421
 31
0.0
  0
LINE
  5
644
330
17
100
AcDbEntity
  8
0
100
AcDbLine
 10
-12.839269999999999
 20
10.32421
 30
0.0
 11
-12.83645
 21
10.33536
 31
0.0
  0
LINE
  5
645
330
17
100
AcDbEntity
  8
0
100
AcDbLine
 10
-12.83645
 20
10.33536
 30
0.0
 11
-12.83255
 21
10.34617
 31
0.0
  0
LINE
  5
646
330
17
100
AcDbEntity
  8
0
100
AcDbLine
 10
-12.83255
 20
10.34617
 30
0.0
 11
-12.8276
 21
10.356539999999999
 31
0.0
  0
LINE
  5
647
330
17
100
AcDbEntity
  8
0
100
AcDbLine
 10
-12.8276
 20
10.356539999999999
 30
0.0
 11
-12.82165
 21
10.36638
 31
0.0
  0
LINE
  5
648
330
17
100
AcDbEntity
  8
0
100
AcDbLine
 10
-12.82165
 20
10.36638
 30
0.0
 11
-12.81475
 21
10.37557
 31
0.0
  0
LINE
  5
649
330
17
100
AcDbEntity
  8
0
100
AcDbLine
 10
-12.81475
 20
10.37557
 30
0.0
 11
-12.8027
 21
10.38867
 31
0.0
  0
LINE
  5
64A
330
17
100
AcDbEntity
  8
0
100
AcDbLine
 10
-12.8027
 20
10.38867
 30
0.0
 11
-12.78937
 21
10.40046
 31
0.0
  0
LINE
  5
64B
330
17
100
AcDbEntity
  8
0
100
AcDbLine
 10
-12.78937
 20
10.40046
 30
0.0
 11
-12.774890000000001
 21
10.41081
 31
0.0
  0
LINE
  5
64C
330
17
100
AcDbEntity
  8
0
100
AcDbLine
 10
-12.774890000000001
 20
10.41081
 30
0.0
 11
-12.75944
 21
10.41963
 31
0.0
  0
LINE
  5
64D
330
17
100
AcDbEntity
  8
0
100
AcDbLine
 10
-12.75944
 20
10.41963
 30
0.0
 11
-12.74316
 21
10.42682
 31
0.0
  0
LINE
  5
64E
330
17
100
AcDbEntity
  8
0
100
AcDbLine
 10
-12.74316
 20
10.42682
 30
0.0
 11
-12.70149
 21
10.44052
 31
0.0
  0
LINE
  5
64F
330
17
100
AcDbEntity
  8
0
100
AcDbLine
 10
-12.70149
 20
10.44052
 30
0.0
 11
-12.65872
 21
10.45026
 31
0.0
  0
LINE
  5
650
330
17
100
AcDbEntity
  8
0
100
AcDbLine
 10
-12.65872
 20
10.45026
 30
0.0
 11
-12.61523
 21
10.455960000000001
 31
0.0
  0
LINE
  5
651
330
17
100
AcDbEntity
  8
0
100
AcDbLine
 10
-12.61523
 20
10.455960000000001
 30
0.0
 11
-12.41424
 21
10.464350000000001
 31
0.0
  0
LINE
  5
652
330
17
100
AcDbEntity
  8
0
100
AcDbLine
 10
-12.41424
 20
10.464350000000001
 30
0.0
 11
-12.18862
 21
10.47469
 31
0.0
  0
LINE
  5
653
330
17
100
AcDbEntity
  8
0
100
AcDbLine
 10
-12.18862
 20
10.47469
 30
0.0
 11
-12.154160000000001
 21
10.479429999999999
 31
0.0
  0
LINE
  5
654
330
17
100
AcDbEntity
  8
0
100
AcDbLine
 10
-12.154160000000001
 20
10.479429999999999
 30
0.0
 11
-12.12026
 21
10.48725
 31
0.0
  0
LINE
  5
655
330
17
100
AcDbEntity
  8
0
100
AcDbLine
 10
-12.12026
 20
10.48725
 30
0.0
 11
-12.0872
 21
10.498099999999999
 31
0.0
  0
LINE
  5
656
330
17
100
AcDbEntity
  8
0
100
AcDbLine
 10
-12.0872
 20
10.498099999999999
 30
0.0
 11
-12.05526
 21
10.51188
 31
0.0
  0
LINE
  5
657
330
17
100
AcDbEntity
  8
0
100
AcDbLine
 10
-12.05526
 20
10.51188
 30
0.0
 11
-12.03541
 21
10.52284
 31
0.0
  0
LINE
  5
658
330
17
100
AcDbEntity
  8
0
100
AcDbLine
 10
-12.03541
 20
10.52284
 30
0.0
 11
-12.01681
 21
10.53581
 31
0.0
  0
LINE
  5
659
330
17
100
AcDbEntity
  8
0
100
AcDbLine
 10
-12.01681
 20
10.53581
 30
0.0
 11
-11.99967
 21
10.55065
 31
0.0
  0
LINE
  5
65A
330
17
100
AcDbEntity
  8
0
100
AcDbLine
 10
-11.99967
 20
10.55065
 30
0.0
 11
-11.98417
 21
10.5672
 31
0.0
  0
LINE
  5
65B
330
17
100
AcDbEntity
  8
0
100
AcDbLine
 10
-11.98417
 20
10.5672
 30
0.0
 11
-11.97048
 21
10.585270000000001
 31
0.0
  0
LINE
  5
65C
330
17
100
AcDbEntity
  8
0
100
AcDbLine
 10
-11.97048
 20
10.585270000000001
 30
0.0
 11
-11.94664
 21
10.62444
 31
0.0
  0
LINE
  5
65D
330
17
100
AcDbEntity
  8
0
100
AcDbLine
 10
-11.94664
 20
10.62444
 30
0.0
 11
-11.92676
 21
10.66575
 31
0.0
  0
LINE
  5
65E
330
17
100
AcDbEntity
  8
0
100
AcDbLine
 10
-11.92676
 20
10.66575
 30
0.0
 11
-11.91103
 21
10.708820000000001
 31
0.0
  0
LINE
  5
65F
330
17
100
AcDbEntity
  8
0
100
AcDbLine
 10
-11.91103
 20
10.708820000000001
 30
0.0
 11
-11.858
 21
10.855929999999999
 31
0.0
  0
LINE
  5
660
330
17
100
AcDbEntity
  8
0
100
AcDbLine
 10
-11.858
 20
10.855929999999999
 30
0.0
 11
-11.791970000000001
 21
10.997689999999999
 31
0.0
  0
LINE
  5
661
330
17
100
AcDbEntity
  8
0
100
AcDbLine
 10
-11.791970000000001
 20
10.997689999999999
 30
0.0
 11
-11.713470000000001
 21
11.13294
 31
0.0
  0
LINE
  5
662
330
17
100
AcDbEntity
  8
0
100
AcDbLine
 10
-11.713470000000001
 20
11.13294
 30
0.0
 11
-11.62315
 21
11.2606
 31
0.0
  0
LINE
  5
663
330
17
100
AcDbEntity
  8
0
100
AcDbLine
 10
-11.62315
 20
11.2606
 30
0.0
 11
-11.52355
 21
11.37678
 31
0.0
  0
LINE
  5
664
330
17
100
AcDbEntity
  8
0
100
AcDbLine
 10
-11.52355
 20
11.37678
 30
0.0
 11
-11.41328
 21
11.482890000000001
 31
0.0
  0
LINE
  5
665
330
17
100
AcDbEntity
  8
0
100
AcDbLine
 10
-11.41328
 20
11.482890000000001
 30
0.0
 11
-11.29336
 21
11.57794
 31
0.0
  0
LINE
  5
666
330
17
100
AcDbEntity
  8
0
100
AcDbLine
 10
-11.29336
 20
11.57794
 30
0.0
 11
-11.16488
 21
11.66108
 31
0.0
  0
LINE
  5
667
330
17
100
AcDbEntity
  8
0
100
AcDbLine
 10
-11.16488
 20
11.66108
 30
0.0
 11
-11.01384
 21
11.74071
 31
0.0
  0
LINE
  5
668
330
17
100
AcDbEntity
  8
0
100
AcDbLine
 10
-11.01384
 20
11.74071
 30
0.0
 11
-10.85676
 21
11.807649999999999
 31
0.0
  0
LINE
  5
669
330
17
100
AcDbEntity
  8
0
100
AcDbLine
 10
-10.85676
 20
11.807649999999999
 30
0.0
 11
-10.6947
 21
11.86144
 31
0.0
  0
LINE
  5
66A
330
17
100
AcDbEntity
  8
0
100
AcDbLine
 10
-10.6947
 20
11.86144
 30
0.0
 11
-10.52878
 21
11.901729999999999
 31
0.0
  0
LINE
  5
66B
330
17
100
AcDbEntity
  8
0
100
AcDbLine
 10
-10.52878
 20
11.901729999999999
 30
0.0
 11
-10.33187
 21
11.931189999999999
 31
0.0
  0
LINE
  5
66C
330
17
100
AcDbEntity
  8
0
100
AcDbLine
 10
6.67362
 20
5.608980000000001
 30
0.0
 11
6.67755
 21
5.604450000000001
 31
0.0
  0
LINE
  5
66D
330
17
100
AcDbEntity
  8
0
100
AcDbLine
 10
6.67755
 20
5.604450000000001
 30
0.0
 11
6.680980000000001
 21
5.599530000000001
 31
0.0
  0
LINE
  5
66E
330
17
100
AcDbEntity
  8
0
100
AcDbLine
 10
6.680980000000001
 20
5.599530000000001
 30
0.0
 11
6.683879999999999
 21
5.59428
 31
0.0
  0
LINE
  5
66F
330
17
100
AcDbEntity
  8
0
100
AcDbLine
 10
6.683879999999999
 20
5.59428
 30
0.0
 11
6.686229999999999
 21
5.58876
 31
0.0
  0
LINE
  5
670
330
17
100
AcDbEntity
  8
0
100
AcDbLine
 10
6.686229999999999
 20
5.58876
 30
0.0
 11
6.68798
 21
5.58303
 31
0.0
  0
LINE
  5
671
330
17
100
AcDbEntity
  8
0
100
AcDbLine
 10
6.68798
 20
5.58303
 30
0.0
 11
6.68913
 21
5.5771500000000005
 31
0.0
  0
LINE
  5
672
330
17
100
AcDbEntity
  8
0
100
AcDbLine
 10
6.68913
 20
5.5771500000000005
 30
0.0
 11
6.68967
 21
5.57117
 31
0.0
  0
LINE
  5
673
330
17
100
AcDbEntity
  8
0
100
AcDbLine
 10
6.68967
 20
5.57117
 30
0.0
 11
6.689579999999999
 21
5.565180000000001
 31
0.0
  0
LINE
  5
674
330
17
100
AcDbEntity
  8
0
100
AcDbLine
 10
6.689579999999999
 20
5.565180000000001
 30
0.0
 11
6.6888700000000005
 21
5.55922
 31
0.0
  0
LINE
  5
675
330
17
100
AcDbEntity
  8
0
100
AcDbLine
 10
6.6888700000000005
 20
5.55922
 30
0.0
 11
6.68755
 21
5.55337
 31
0.0
  0
LINE
  5
676
330
17
100
AcDbEntity
  8
0
100
AcDbLine
 10
6.68755
 20
5.55337
 30
0.0
 11
6.68563
 21
5.54769
 31
0.0
  0
LINE
  5
677
330
17
100
AcDbEntity
  8
0
100
AcDbLine
 10
6.68563
 20
5.54769
 30
0.0
 11
6.629020000000001
 21
5.408589999999999
 31
0.0
  0
LINE
  5
678
330
17
100
AcDbEntity
  8
0
100
AcDbLine
 10
6.629020000000001
 20
5.408589999999999
 30
0.0
 11
6.346240000000001
 21
4.71364
 31
0.0
  0
LINE
  5
679
330
17
100
AcDbEntity
  8
0
100
AcDbLine
 10
6.346240000000001
 20
4.71364
 30
0.0
 11
6.335030000000001
 21
4.69027
 31
0.0
  0
LINE
  5
67A
330
17
100
AcDbEntity
  8
0
100
AcDbLine
 10
6.335030000000001
 20
4.69027
 30
0.0
 11
6.32139
 21
4.668229999999999
 31
0.0
  0
LINE
  5
67B
330
17
100
AcDbEntity
  8
0
100
AcDbLine
 10
6.32139
 20
4.668229999999999
 30
0.0
 11
6.305479999999999
 21
4.64776
 31
0.0
  0
LINE
  5
67C
330
17
100
AcDbEntity
  8
0
100
AcDbLine
 10
6.305479999999999
 20
4.64776
 30
0.0
 11
6.28749
 21
4.629099999999999
 31
0.0
  0
LINE
  5
67D
330
17
100
AcDbEntity
  8
0
100
AcDbLine
 10
6.28749
 20
4.629099999999999
 30
0.0
 11
6.2676099999999995
 21
4.61246
 31
0.0
  0
LINE
  5
67E
330
17
100
AcDbEntity
  8
0
100
AcDbLine
 10
6.2676099999999995
 20
4.61246
 30
0.0
 11
6.24608
 21
4.59802
 31
0.0
  0
LINE
  5
67F
330
17
100
AcDbEntity
  8
0
100
AcDbLine
 10
6.24608
 20
4.59802
 30
0.0
 11
6.22314
 21
4.58596
 31
0.0
  0
LINE
  5
680
330
17
100
AcDbEntity
  8
0
100
AcDbLine
 10
6.22314
 20
4.58596
 30
0.0
 11
6.21439
 21
4.58248
 31
0.0
  0
LINE
  5
681
330
17
100
AcDbEntity
  8
0
100
AcDbLine
 10
6.21439
 20
4.58248
 30
0.0
 11
6.2053400000000005
 21
4.57992
 31
0.0
  0
LINE
  5
682
330
17
100
AcDbEntity
  8
0
100
AcDbLine
 10
6.2053400000000005
 20
4.57992
 30
0.0
 11
6.19607
 21
4.57831
 31
0.0
  0
LINE
  5
683
330
17
100
AcDbEntity
  8
0
100
AcDbLine
 10
6.19607
 20
4.57831
 30
0.0
 11
6.18668
 21
4.57766
 31
0.0
  0
LINE
  5
684
330
17
100
AcDbEntity
  8
0
100
AcDbLine
 10
6.18668
 20
4.57766
 30
0.0
 11
6.17727
 21
4.57798
 31
0.0
  0
LINE
  5
685
330
17
100
AcDbEntity
  8
0
100
AcDbLine
 10
6.17727
 20
4.57798
 30
0.0
 11
6.16795
 21
4.57927
 31
0.0
  0
LINE
  5
686
330
17
100
AcDbEntity
  8
0
100
AcDbLine
 10
6.16795
 20
4.57927
 30
0.0
 11
6.15881
 21
4.58152
 31
0.0
  0
LINE
  5
687
330
17
100
AcDbEntity
  8
0
100
AcDbLine
 10
6.15881
 20
4.58152
 30
0.0
 11
6.14996
 21
4.5847
 31
0.0
  0
LINE
  5
688
330
17
100
AcDbEntity
  8
0
100
AcDbLine
 10
6.14996
 20
4.5847
 30
0.0
 11
6.14147
 21
4.58877
 31
0.0
  0
LINE
  5
689
330
17
100
AcDbEntity
  8
0
100
AcDbLine
 10
6.14147
 20
4.58877
 30
0.0
 11
6.13346
 21
4.5937
 31
0.0
  0
LINE
  5
68A
330
17
100
AcDbEntity
  8
0
100
AcDbLine
 10
6.13346
 20
4.5937
 30
0.0
 11
6.125990000000001
 21
4.59943
 31
0.0
  0
LINE
  5
68B
330
17
100
AcDbEntity
  8
0
100
AcDbLine
 10
6.125990000000001
 20
4.59943
 30
0.0
 11
6.11916
 21
4.605899999999999
 31
0.0
  0
LINE
  5
68C
330
17
100
AcDbEntity
  8
0
100
AcDbLine
 10
6.11916
 20
4.605899999999999
 30
0.0
 11
6.11303
 21
4.61304
 31
0.0
  0
LINE
  5
68D
330
17
100
AcDbEntity
  8
0
100
AcDbLine
 10
6.11303
 20
4.61304
 30
0.0
 11
6.10766
 21
4.620769999999999
 31
0.0
  0
LINE
  5
68E
330
17
100
AcDbEntity
  8
0
100
AcDbLine
 10
6.10766
 20
4.620769999999999
 30
0.0
 11
6.10313
 21
4.629020000000001
 31
0.0
  0
LINE
  5
68F
330
17
100
AcDbEntity
  8
0
100
AcDbLine
 10
6.10313
 20
4.629020000000001
 30
0.0
 11
5.85793
 21
5.1674
 31
0.0
  0
LINE
  5
690
330
17
100
AcDbEntity
  8
0
100
AcDbLine
 10
5.85793
 20
5.1674
 30
0.0
 11
5.75496
 21
5.408589999999999
 31
0.0
  0
LINE
  5
691
330
17
100
AcDbEntity
  8
0
100
AcDbLine
 10
5.75496
 20
5.408589999999999
 30
0.0
 11
5.63758
 21
5.68351
 31
0.0
  0
LINE
  5
692
330
17
100
AcDbEntity
  8
0
100
AcDbLine
 10
5.63758
 20
5.68351
 30
0.0
 11
6.188619999999999
 21
5.68351
 31
0.0
  0
LINE
  5
693
330
17
100
AcDbEntity
  8
0
100
AcDbLine
 10
6.188619999999999
 20
5.68351
 30
0.0
 11
6.44747
 21
5.67688
 31
0.0
  0
LINE
  5
694
330
17
100
AcDbEntity
  8
0
100
AcDbLine
 10
6.44747
 20
5.67688
 30
0.0
 11
6.52474
 21
5.66873
 31
0.0
  0
LINE
  5
695
330
17
100
AcDbEntity
  8
0
100
AcDbLine
 10
6.52474
 20
5.66873
 30
0.0
 11
6.6006800000000005
 21
5.65232
 31
0.0
  0
LINE
  5
696
330
17
100
AcDbEntity
  8
0
100
AcDbLine
 10
6.6006800000000005
 20
5.65232
 30
0.0
 11
6.61697
 21
5.64691
 31
0.0
  0
LINE
  5
697
330
17
100
AcDbEntity
  8
0
100
AcDbLine
 10
6.61697
 20
5.64691
 30
0.0
 11
6.6325899999999995
 21
5.63978
 31
0.0
  0
LINE
  5
698
330
17
100
AcDbEntity
  8
0
100
AcDbLine
 10
6.6325899999999995
 20
5.63978
 30
0.0
 11
6.647349999999999
 21
5.63101
 31
0.0
  0
LINE
  5
699
330
17
100
AcDbEntity
  8
0
100
AcDbLine
 10
6.647349999999999
 20
5.63101
 30
0.0
 11
6.66108
 21
5.6207
 31
0.0
  0
LINE
  5
69A
330
17
100
AcDbEntity
  8
0
100
AcDbLine
 10
6.66108
 20
5.6207
 30
0.0
 11
6.67362
 21
5.608980000000001
 31
0.0
  0
LINE
  5
69B
330
17
100
AcDbEntity
  8
0
100
AcDbLine
 10
41.72771
 20
13.564919999999999
 30
0.0
 11
41.73086
 21
13.56593
 31
0.0
  0
LINE
  5
69C
330
17
100
AcDbEntity
  8
0
100
AcDbLine
 10
41.73086
 20
13.56593
 30
0.0
 11
41.734100000000005
 21
13.566609999999999
 31
0.0
  0
LINE
  5
69D
330
17
100
AcDbEntity
  8
0
100
AcDbLine
 10
41.734100000000005
 20
13.566609999999999
 30
0.0
 11
41.73739
 21
13.566939999999999
 31
0.0
  0
LINE
  5
69E
330
17
100
AcDbEntity
  8
0
100
AcDbLine
 10
41.73739
 20
13.566939999999999
 30
0.0
 11
42.27909
 21
13.59141
 31
0.0
  0
LINE
  5
69F
330
17
100
AcDbEntity
  8
0
100
AcDbLine
 10
42.27909
 20
13.59141
 30
0.0
 11
42.909530000000004
 21
13.609490000000001
 31
0.0
  0
LINE
  5
6A0
330
17
100
AcDbEntity
  8
0
100
AcDbLine
 10
42.909530000000004
 20
13.609490000000001
 30
0.0
 11
43.659200000000006
 21
13.61535
 31
0.0
  0
LINE
  5
6A1
330
17
100
AcDbEntity
  8
0
100
AcDbLine
 10
43.659200000000006
 20
13.61535
 30
0.0
 11
44.74511
 21
13.620719999999999
 31
0.0
  0
LINE
  5
6A2
330
17
100
AcDbEntity
  8
0
100
AcDbLine
 10
44.74511
 20
13.620719999999999
 30
0.0
 11
45.26187
 21
13.64478
 31
0.0
  0
LINE
  5
6A3
330
17
100
AcDbEntity
  8
0
100
AcDbLine
 10
45.26187
 20
13.64478
 30
0.0
 11
45.403850000000006
 21
13.66183
 31
0.0
  0
LINE
  5
6A4
330
17
100
AcDbEntity
  8
0
100
AcDbLine
 10
45.403850000000006
 20
13.66183
 30
0.0
 11
45.54422
 21
13.68918
 31
0.0
  0
LINE
  5
6A5
330
17
100
AcDbEntity
  8
0
100
AcDbLine
 10
45.54422
 20
13.68918
 30
0.0
 11
45.5533
 21
13.691790000000001
 31
0.0
  0
LINE
  5
6A6
330
17
100
AcDbEntity
  8
0
100
AcDbLine
 10
45.5533
 20
13.691790000000001
 30
0.0
 11
45.56206
 21
13.69533
 31
0.0
  0
LINE
  5
6A7
330
17
100
AcDbEntity
  8
0
100
AcDbLine
 10
45.56206
 20
13.69533
 30
0.0
 11
45.5704
 21
13.69975
 31
0.0
  0
LINE
  5
6A8
330
17
100
AcDbEntity
  8
0
100
AcDbLine
 10
45.5704
 20
13.69975
 30
0.0
 11
45.578250000000004
 21
13.705
 31
0.0
  0
LINE
  5
6A9
330
17
100
AcDbEntity
  8
0
100
AcDbLine
 10
45.578250000000004
 20
13.705
 30
0.0
 11
45.585519999999995
 21
13.71104
 31
0.0
  0
LINE
  5
6AA
330
17
100
AcDbEntity
  8
0
100
AcDbLine
 10
45.585519999999995
 20
13.71104
 30
0.0
 11
45.59212
 21
13.71779
 31
0.0
  0
LINE
  5
6AB
330
17
100
AcDbEntity
  8
0
100
AcDbLine
 10
45.59212
 20
13.71779
 30
0.0
 11
45.597989999999996
 21
13.72519
 31
0.0
  0
LINE
  5
6AC
330
17
100
AcDbEntity
  8
0
100
AcDbLine
 10
45.597989999999996
 20
13.72519
 30
0.0
 11
45.60308
 21
13.73315
 31
0.0
  0
LINE
  5
6AD
330
17
100
AcDbEntity
  8
0
100
AcDbLine
 10
45.60308
 20
13.73315
 30
0.0
 11
45.60731
 21
13.7416
 31
0.0
  0
LINE
  5
6AE
330
17
100
AcDbEntity
  8
0
100
AcDbLine
 10
45.60731
 20
13.7416
 30
0.0
 11
45.61065
 21
13.75043
 31
0.0
  0
LINE
  5
6AF
330
17
100
AcDbEntity
  8
0
100
AcDbLine
 10
45.61065
 20
13.75043
 30
0.0
 11
45.61306
 21
13.75957
 31
0.0
  0
LINE
  5
6B0
330
17
100
AcDbEntity
  8
0
100
AcDbLine
 10
45.61306
 20
13.75957
 30
0.0
 11
45.614509999999996
 21
13.7689
 31
0.0
  0
LINE
  5
6B1
330
17
100
AcDbEntity
  8
0
100
AcDbLine
 10
45.614509999999996
 20
13.7689
 30
0.0
 11
45.615
 21
13.77833
 31
0.0
  0
LINE
  5
6B2
330
17
100
AcDbEntity
  8
0
100
AcDbLine
 10
45.615
 20
13.77833
 30
0.0
 11
45.61447
 21
13.78818
 31
0.0
  0
LINE
  5
6B3
330
17
100
AcDbEntity
  8
0
100
AcDbLine
 10
45.61447
 20
13.78818
 30
0.0
 11
45.61287
 21
13.79791
 31
0.0
  0
LINE
  5
6B4
330
17
100
AcDbEntity
  8
0
100
AcDbLine
 10
45.61287
 20
13.79791
 30
0.0
 11
45.610240000000005
 21
13.80742
 31
0.0
  0
LINE
  5
6B5
330
17
100
AcDbEntity
  8
0
100
AcDbLine
 10
45.610240000000005
 20
13.80742
 30
0.0
 11
45.606590000000004
 21
13.81658
 31
0.0
  0
LINE
  5
6B6
330
17
100
AcDbEntity
  8
0
100
AcDbLine
 10
45.606590000000004
 20
13.81658
 30
0.0
 11
45.60197
 21
13.8253
 31
0.0
  0
LINE
  5
6B7
330
17
100
AcDbEntity
  8
0
100
AcDbLine
 10
45.60197
 20
13.8253
 30
0.0
 11
45.59644
 21
13.83346
 31
0.0
  0
LINE
  5
6B8
330
17
100
AcDbEntity
  8
0
100
AcDbLine
 10
45.59644
 20
13.83346
 30
0.0
 11
45.59006
 21
13.84099
 31
0.0
  0
LINE
  5
6B9
330
17
100
AcDbEntity
  8
0
100
AcDbLine
 10
45.59006
 20
13.84099
 30
0.0
 11
45.58291
 21
13.84777
 31
0.0
  0
LINE
  5
6BA
330
17
100
AcDbEntity
  8
0
100
AcDbLine
 10
45.58291
 20
13.84777
 30
0.0
 11
45.57506
 21
13.85375
 31
0.0
  0
LINE
  5
6BB
330
17
100
AcDbEntity
  8
0
100
AcDbLine
 10
45.57506
 20
13.85375
 30
0.0
 11
45.56661
 21
13.85884
 31
0.0
  0
LINE
  5
6BC
330
17
100
AcDbEntity
  8
0
100
AcDbLine
 10
45.56661
 20
13.85884
 30
0.0
 11
45.55767
 21
13.86299
 31
0.0
  0
LINE
  5
6BD
330
17
100
AcDbEntity
  8
0
100
AcDbLine
 10
45.55767
 20
13.86299
 30
0.0
 11
45.548320000000004
 21
13.866150000000001
 31
0.0
  0
LINE
  5
6BE
330
17
100
AcDbEntity
  8
0
100
AcDbLine
 10
45.548320000000004
 20
13.866150000000001
 30
0.0
 11
45.42623
 21
13.8945
 31
0.0
  0
LINE
  5
6BF
330
17
100
AcDbEntity
  8
0
100
AcDbLine
 10
45.42623
 20
13.8945
 30
0.0
 11
45.302130000000005
 21
13.91205
 31
0.0
  0
LINE
  5
6C0
330
17
100
AcDbEntity
  8
0
100
AcDbLine
 10
45.302130000000005
 20
13.91205
 30
0.0
 11
44.84668
 21
13.937140000000001
 31
0.0
  0
LINE
  5
6C1
330
17
100
AcDbEntity
  8
0
100
AcDbLine
 10
44.84668
 20
13.937140000000001
 30
0.0
 11
43.90368
 21
13.94425
 31
0.0
  0
LINE
  5
6C2
330
17
100
AcDbEntity
  8
0
100
AcDbLine
 10
43.90368
 20
13.94425
 30
0.0
 11
42.860820000000004
 21
13.95496
 31
0.0
  0
LINE
  5
6C3
330
17
100
AcDbEntity
  8
0
100
AcDbLine
 10
42.860820000000004
 20
13.95496
 30
0.0
 11
42.317750000000004
 21
13.9929
 31
0.0
  0
LINE
  5
6C4
330
17
100
AcDbEntity
  8
0
100
AcDbLine
 10
42.317750000000004
 20
13.9929
 30
0.0
 11
42.097
 21
14.028229999999999
 31
0.0
  0
LINE
  5
6C5
330
17
100
AcDbEntity
  8
0
100
AcDbLine
 10
42.097
 20
14.028229999999999
 30
0.0
 11
41.87959
 21
14.08026
 31
0.0
  0
LINE
  5
6C6
330
17
100
AcDbEntity
  8
0
100
AcDbLine
 10
41.87959
 20
14.08026
 30
0.0
 11
41.32311
 21
14.25712
 31
0.0
  0
LINE
  5
6C7
330
17
100
AcDbEntity
  8
0
100
AcDbLine
 10
41.32311
 20
14.25712
 30
0.0
 11
40.45387
 21
14.56705
 31
0.0
  0
LINE
  5
6C8
330
17
100
AcDbEntity
  8
0
100
AcDbLine
 10
40.45387
 20
14.56705
 30
0.0
 11
40.423359999999995
 21
15.88401
 31
0.0
  0
LINE
  5
6C9
330
17
100
AcDbEntity
  8
0
100
AcDbLine
 10
40.423359999999995
 20
15.88401
 30
0.0
 11
40.3996
 21
16.69064
 31
0.0
  0
LINE
  5
6CA
330
17
100
AcDbEntity
  8
0
100
AcDbLine
 10
40.3996
 20
16.69064
 30
0.0
 11
40.388189999999994
 21
16.84733
 31
0.0
  0
LINE
  5
6CB
330
17
100
AcDbEntity
  8
0
100
AcDbLine
 10
40.388189999999994
 20
16.84733
 30
0.0
 11
40.36524
 21
17.00274
 31
0.0
  0
LINE
  5
6CC
330
17
100
AcDbEntity
  8
0
100
AcDbLine
 10
40.36524
 20
17.00274
 30
0.0
 11
40.35776
 21
17.03394
 31
0.0
  0
LINE
  5
6CD
330
17
100
AcDbEntity
  8
0
100
AcDbLine
 10
40.35776
 20
17.03394
 30
0.0
 11
40.34708
 21
17.06419
 31
0.0
  0
LINE
  5
6CE
330
17
100
AcDbEntity
  8
0
100
AcDbLine
 10
40.34708
 20
17.06419
 30
0.0
 11
40.333330000000004
 21
17.09317
 31
0.0
  0
LINE
  5
6CF
330
17
100
AcDbEntity
  8
0
100
AcDbLine
 10
40.333330000000004
 20
17.09317
 30
0.0
 11
40.31666
 21
17.12057
 31
0.0
  0
LINE
  5
6D0
330
17
100
AcDbEntity
  8
0
100
AcDbLine
 10
40.31666
 20
17.12057
 30
0.0
 11
40.297230000000006
 21
17.1461
 31
0.0
  0
LINE
  5
6D1
330
17
100
AcDbEntity
  8
0
100
AcDbLine
 10
40.297230000000006
 20
17.1461
 30
0.0
 11
40.28568
 21
17.15833
 31
0.0
  0
LINE
  5
6D2
330
17
100
AcDbEntity
  8
0
100
AcDbLine
 10
40.28568
 20
17.15833
 30
0.0
 11
40.272879999999994
 21
17.16924
 31
0.0
  0
LINE
  5
6D3
330
17
100
AcDbEntity
  8
0
100
AcDbLine
 10
40.272879999999994
 20
17.16924
 30
0.0
 11
40.25897
 21
17.17869
 31
0.0
  0
LINE
  5
6D4
330
17
100
AcDbEntity
  8
0
100
AcDbLine
 10
40.25897
 20
17.17869
 30
0.0
 11
40.24411
 21
17.186590000000002
 31
0.0
  0
LINE
  5
6D5
330
17
100
AcDbEntity
  8
0
100
AcDbLine
 10
40.24411
 20
17.186590000000002
 30
0.0
 11
40.22849
 21
17.19283
 31
0.0
  0
LINE
  5
6D6
330
17
100
AcDbEntity
  8
0
100
AcDbLine
 10
40.22849
 20
17.19283
 30
0.0
 11
40.21228
 21
17.19733
 31
0.0
  0
LINE
  5
6D7
330
17
100
AcDbEntity
  8
0
100
AcDbLine
 10
40.21228
 20
17.19733
 30
0.0
 11
40.195679999999996
 21
17.20006
 31
0.0
  0
LINE
  5
6D8
330
17
100
AcDbEntity
  8
0
100
AcDbLine
 10
40.195679999999996
 20
17.20006
 30
0.0
 11
40.17889
 21
17.200969999999998
 31
0.0
  0
LINE
  5
6D9
330
17
100
AcDbEntity
  8
0
100
AcDbLine
 10
40.17889
 20
17.200969999999998
 30
0.0
 11
40.16234
 21
17.2001
 31
0.0
  0
LINE
  5
6DA
330
17
100
AcDbEntity
  8
0
100
AcDbLine
 10
40.16234
 20
17.2001
 30
0.0
 11
40.145979999999994
 21
17.19747
 31
0.0
  0
LINE
  5
6DB
330
17
100
AcDbEntity
  8
0
100
AcDbLine
 10
40.145979999999994
 20
17.19747
 30
0.0
 11
40.12999
 21
17.19314
 31
0.0
  0
LINE
  5
6DC
330
17
100
AcDbEntity
  8
0
100
AcDbLine
 10
40.12999
 20
17.19314
 30
0.0
 11
40.11455
 21
17.18713
 31
0.0
  0
LINE
  5
6DD
330
17
100
AcDbEntity
  8
0
100
AcDbLine
 10
40.11455
 20
17.18713
 30
0.0
 11
40.099830000000004
 21
17.17953
 31
0.0
  0
LINE
  5
6DE
330
17
100
AcDbEntity
  8
0
100
AcDbLine
 10
40.099830000000004
 20
17.17953
 30
0.0
 11
40.08599
 21
17.17041
 31
0.0
  0
LINE
  5
6DF
330
17
100
AcDbEntity
  8
0
100
AcDbLine
 10
40.08599
 20
17.17041
 30
0.0
 11
40.0732
 21
17.159879999999998
 31
0.0
  0
LINE
  5
6E0
330
17
100
AcDbEntity
  8
0
100
AcDbLine
 10
40.0732
 20
17.159879999999998
 30
0.0
 11
40.06159
 21
17.14805
 31
0.0
  0
LINE
  5
6E1
330
17
100
AcDbEntity
  8
0
100
AcDbLine
 10
40.06159
 20
17.14805
 30
0.0
 11
40.045629999999996
 21
17.12819
 31
0.0
  0
LINE
  5
6E2
330
17
100
AcDbEntity
  8
0
100
AcDbLine
 10
40.045629999999996
 20
17.12819
 30
0.0
 11
40.03159
 21
17.10693
 31
0.0
  0
LINE
  5
6E3
330
17
100
AcDbEntity
  8
0
100
AcDbLine
 10
40.03159
 20
17.10693
 30
0.0
 11
40.019569999999995
 21
17.08446
 31
0.0
  0
LINE
  5
6E4
330
17
100
AcDbEntity
  8
0
100
AcDbLine
 10
40.019569999999995
 20
17.08446
 30
0.0
 11
40.0097
 21
17.06097
 31
0.0
  0
LINE
  5
6E5
330
17
100
AcDbEntity
  8
0
100
AcDbLine
 10
40.0097
 20
17.06097
 30
0.0
 11
40.00204
 21
17.03667
 31
0.0
  0
LINE
  5
6E6
330
17
100
AcDbEntity
  8
0
100
AcDbLine
 10
40.00204
 20
17.03667
 30
0.0
 11
39.996669999999995
 21
17.011760000000002
 31
0.0
  0
LINE
  5
6E7
330
17
100
AcDbEntity
  8
0
100
AcDbLine
 10
39.996669999999995
 20
17.011760000000002
 30
0.0
 11
39.97755
 21
16.86263
 31
0.0
  0
LINE
  5
6E8
330
17
100
AcDbEntity
  8
0
100
AcDbLine
 10
39.97755
 20
16.86263
 30
0.0
 11
39.96993
 21
16.71247
 31
0.0
  0
LINE
  5
6E9
330
17
100
AcDbEntity
  8
0
100
AcDbLine
 10
39.96993
 20
16.71247
 30
0.0
 11
39.96515
 21
15.92427
 31
0.0
  0
LINE
  5
6EA
330
17
100
AcDbEntity
  8
0
100
AcDbLine
 10
39.96515
 20
15.92427
 30
0.0
 11
39.96538
 21
14.64758
 31
0.0
  0
LINE
  5
6EB
330
17
100
AcDbEntity
  8
0
100
AcDbLine
 10
39.96538
 20
14.64758
 30
0.0
 11
38.842620000000004
 21
14.68137
 31
0.0
  0
LINE
  5
6EC
330
17
100
AcDbEntity
  8
0
100
AcDbLine
 10
38.842620000000004
 20
14.68137
 30
0.0
 11
38.30709
 21
14.68551
 31
0.0
  0
LINE
  5
6ED
330
17
100
AcDbEntity
  8
0
100
AcDbLine
 10
38.30709
 20
14.68551
 30
0.0
 11
37.818200000000004
 21
14.66406
 31
0.0
  0
LINE
  5
6EE
330
17
100
AcDbEntity
  8
0
100
AcDbLine
 10
37.818200000000004
 20
14.66406
 30
0.0
 11
37.37766
 21
14.61747
 31
0.0
  0
LINE
  5
6EF
330
17
100
AcDbEntity
  8
0
100
AcDbLine
 10
37.37766
 20
14.61747
 30
0.0
 11
36.988510000000005
 21
14.54555
 31
0.0
  0
LINE
  5
6F0
330
17
100
AcDbEntity
  8
0
100
AcDbLine
 10
36.988510000000005
 20
14.54555
 30
0.0
 11
36.6502
 21
14.48048
 31
0.0
  0
LINE
  5
6F1
330
17
100
AcDbEntity
  8
0
100
AcDbLine
 10
36.6502
 20
14.48048
 30
0.0
 11
36.49653
 21
14.460249999999998
 31
0.0
  0
LINE
  5
6F2
330
17
100
AcDbEntity
  8
0
100
AcDbLine
 10
36.49653
 20
14.460249999999998
 30
0.0
 11
36.23459
 21
14.425759999999999
 31
0.0
  0
LINE
  5
6F3
330
17
100
AcDbEntity
  8
0
100
AcDbLine
 10
36.23459
 20
14.425759999999999
 30
0.0
 11
35.81156
 21
14.38818
 31
0.0
  0
LINE
  5
6F4
330
17
100
AcDbEntity
  8
0
100
AcDbLine
 10
35.81156
 20
14.38818
 30
0.0
 11
35.44899
 21
14.37594
 31
0.0
  0
LINE
  5
6F5
330
17
100
AcDbEntity
  8
0
100
AcDbLine
 10
35.44899
 20
14.37594
 30
0.0
 11
34.96796
 21
14.37018
 31
0.0
  0
LINE
  5
6F6
330
17
100
AcDbEntity
  8
0
100
AcDbLine
 10
34.96796
 20
14.37018
 30
0.0
 11
34.90095
 21
14.3659
 31
0.0
  0
LINE
  5
6F7
330
17
100
AcDbEntity
  8
0
100
AcDbLine
 10
34.90095
 20
14.3659
 30
0.0
 11
34.83449
 21
14.35631
 31
0.0
  0
LINE
  5
6F8
330
17
100
AcDbEntity
  8
0
100
AcDbLine
 10
34.83449
 20
14.35631
 30
0.0
 11
34.769
 21
14.341470000000001
 31
0.0
  0
LINE
  5
6F9
330
17
100
AcDbEntity
  8
0
100
AcDbLine
 10
34.769
 20
14.341470000000001
 30
0.0
 11
34.75321
 21
14.33635
 31
0.0
  0
LINE
  5
6FA
330
17
100
AcDbEntity
  8
0
100
AcDbLine
 10
34.75321
 20
14.33635
 30
0.0
 11
34.73804
 21
14.32964
 31
0.0
  0
LINE
  5
6FB
330
17
100
AcDbEntity
  8
0
100
AcDbLine
 10
34.73804
 20
14.32964
 30
0.0
 11
34.72362
 21
14.32142
 31
0.0
  0
LINE
  5
6FC
330
17
100
AcDbEntity
  8
0
100
AcDbLine
 10
34.72362
 20
14.32142
 30
0.0
 11
34.710119999999996
 21
14.31177
 31
0.0
  0
LINE
  5
6FD
330
17
100
AcDbEntity
  8
0
100
AcDbLine
 10
34.710119999999996
 20
14.31177
 30
0.0
 11
34.69767
 21
14.3008
 31
0.0
  0
LINE
  5
6FE
330
17
100
AcDbEntity
  8
0
100
AcDbLine
 10
34.69767
 20
14.3008
 30
0.0
 11
34.68641
 21
14.28861
 31
0.0
  0
LINE
  5
6FF
330
17
100
AcDbEntity
  8
0
100
AcDbLine
 10
34.68641
 20
14.28861
 30
0.0
 11
34.676449999999996
 21
14.27534
 31
0.0
  0
LINE
  5
700
330
17
100
AcDbEntity
  8
0
100
AcDbLine
 10
34.676449999999996
 20
14.27534
 30
0.0
 11
34.66578
 21
14.25768
 31
0.0
  0
LINE
  5
701
330
17
100
AcDbEntity
  8
0
100
AcDbLine
 10
34.66578
 20
14.25768
 30
0.0
 11
34.656909999999996
 21
14.239049999999999
 31
0.0
  0
LINE
  5
702
330
17
100
AcDbEntity
  8
0
100
AcDbLine
 10
34.656909999999996
 20
14.239049999999999
 30
0.0
 11
34.64992
 21
14.21964
 31
0.0
  0
LINE
  5
703
330
17
100
AcDbEntity
  8
0
100
AcDbLine
 10
34.64992
 20
14.21964
 30
0.0
 11
34.64488
 21
14.199639999999999
 31
0.0
  0
LINE
  5
704
330
17
100
AcDbEntity
  8
0
100
AcDbLine
 10
34.64488
 20
14.199639999999999
 30
0.0
 11
34.64183
 21
14.179229999999999
 31
0.0
  0
LINE
  5
705
330
17
100
AcDbEntity
  8
0
100
AcDbLine
 10
34.64183
 20
14.179229999999999
 30
0.0
 11
34.640820000000005
 21
14.15863
 31
0.0
  0
LINE
  5
706
330
17
100
AcDbEntity
  8
0
100
AcDbLine
 10
34.640820000000005
 20
14.15863
 30
0.0
 11
34.64267
 21
14.123520000000001
 31
0.0
  0
LINE
  5
707
330
17
100
AcDbEntity
  8
0
100
AcDbLine
 10
34.64267
 20
14.123520000000001
 30
0.0
 11
34.64821
 21
14.08881
 31
0.0
  0
LINE
  5
708
330
17
100
AcDbEntity
  8
0
100
AcDbLine
 10
34.64821
 20
14.08881
 30
0.0
 11
34.65737
 21
14.05488
 31
0.0
  0
LINE
  5
709
330
17
100
AcDbEntity
  8
0
100
AcDbLine
 10
34.65737
 20
14.05488
 30
0.0
 11
34.662409999999994
 21
14.0418
 31
0.0
  0
LINE
  5
70A
330
17
100
AcDbEntity
  8
0
100
AcDbLine
 10
34.662409999999994
 20
14.0418
 30
0.0
 11
34.66877
 21
14.029309999999999
 31
0.0
  0
LINE
  5
70B
330
17
100
AcDbEntity
  8
0
100
AcDbLine
 10
34.66877
 20
14.029309999999999
 30
0.0
 11
34.67637
 21
14.01754
 31
0.0
  0
LINE
  5
70C
330
17
100
AcDbEntity
  8
0
100
AcDbLine
 10
34.67637
 20
14.01754
 30
0.0
 11
34.685140000000004
 21
14.00662
 31
0.0
  0
LINE
  5
70D
330
17
100
AcDbEntity
  8
0
100
AcDbLine
 10
34.685140000000004
 20
14.00662
 30
0.0
 11
34.694990000000004
 21
13.996649999999999
 31
0.0
  0
LINE
  5
70E
330
17
100
AcDbEntity
  8
0
100
AcDbLine
 10
34.694990000000004
 20
13.996649999999999
 30
0.0
 11
34.70581
 21
13.98775
 31
0.0
  0
LINE
  5
70F
330
17
100
AcDbEntity
  8
0
100
AcDbLine
 10
34.70581
 20
13.98775
 30
0.0
 11
34.72199
 21
13.97692
 31
0.0
  0
LINE
  5
710
330
17
100
AcDbEntity
  8
0
100
AcDbLine
 10
34.72199
 20
13.97692
 30
0.0
 11
34.73913
 21
13.96768
 31
0.0
  0
LINE
  5
711
330
17
100
AcDbEntity
  8
0
100
AcDbLine
 10
34.73913
 20
13.96768
 30
0.0
 11
34.75706
 21
13.960099999999999
 31
0.0
  0
LINE
  5
712
330
17
100
AcDbEntity
  8
0
100
AcDbLine
 10
34.75706
 20
13.960099999999999
 30
0.0
 11
34.77563
 21
13.95426
 31
0.0
  0
LINE
  5
713
330
17
100
AcDbEntity
  8
0
100
AcDbLine
 10
34.77563
 20
13.95426
 30
0.0
 11
34.794669999999996
 21
13.950199999999999
 31
0.0
  0
LINE
  5
714
330
17
100
AcDbEntity
  8
0
100
AcDbLine
 10
34.794669999999996
 20
13.950199999999999
 30
0.0
 11
34.866910000000004
 21
13.94112
 31
0.0
  0
LINE
  5
715
330
17
100
AcDbEntity
  8
0
100
AcDbLine
 10
34.866910000000004
 20
13.94112
 30
0.0
 11
34.93962
 21
13.937470000000001
 31
0.0
  0
LINE
  5
716
330
17
100
AcDbEntity
  8
0
100
AcDbLine
 10
34.93962
 20
13.937470000000001
 30
0.0
 11
35.23842
 21
13.933620000000001
 31
0.0
  0
LINE
  5
717
330
17
100
AcDbEntity
  8
0
100
AcDbLine
 10
35.23842
 20
13.933620000000001
 30
0.0
 11
34.96678
 21
13.77833
 31
0.0
  0
LINE
  5
718
330
17
100
AcDbEntity
  8
0
100
AcDbLine
 10
34.96678
 20
13.77833
 30
0.0
 11
34.92054
 21
13.75437
 31
0.0
  0
LINE
  5
719
330
17
100
AcDbEntity
  8
0
100
AcDbLine
 10
34.92054
 20
13.75437
 30
0.0
 11
34.872479999999996
 21
13.734309999999999
 31
0.0
  0
LINE
  5
71A
330
17
100
AcDbEntity
  8
0
100
AcDbLine
 10
34.872479999999996
 20
13.734309999999999
 30
0.0
 11
34.822939999999996
 21
13.718259999999999
 31
0.0
  0
LINE
  5
71B
330
17
100
AcDbEntity
  8
0
100
AcDbLine
 10
34.822939999999996
 20
13.718259999999999
 30
0.0
 11
34.60461
 21
13.667530000000001
 31
0.0
  0
LINE
  5
71C
330
17
100
AcDbEntity
  8
0
100
AcDbLine
 10
34.60461
 20
13.667530000000001
 30
0.0
 11
34.35722
 21
13.63209
 31
0.0
  0
LINE
  5
71D
330
17
100
AcDbEntity
  8
0
100
AcDbLine
 10
34.35722
 20
13.63209
 30
0.0
 11
34.1153
 21
13.6192
 31
0.0
  0
LINE
  5
71E
330
17
100
AcDbEntity
  8
0
100
AcDbLine
 10
34.1153
 20
13.6192
 30
0.0
 11
33.795770000000005
 21
13.60127
 31
0.0
  0
LINE
  5
71F
330
17
100
AcDbEntity
  8
0
100
AcDbLine
 10
33.795770000000005
 20
13.60127
 30
0.0
 11
33.67393
 21
13.5818
 31
0.0
  0
LINE
  5
720
330
17
100
AcDbEntity
  8
0
100
AcDbLine
 10
33.67393
 20
13.5818
 30
0.0
 11
33.554840000000006
 21
13.54954
 31
0.0
  0
LINE
  5
721
330
17
100
AcDbEntity
  8
0
100
AcDbLine
 10
33.554840000000006
 20
13.54954
 30
0.0
 11
33.43912
 21
13.50464
 31
0.0
  0
LINE
  5
722
330
17
100
AcDbEntity
  8
0
100
AcDbLine
 10
33.43912
 20
13.50464
 30
0.0
 11
33.32874
 21
13.44785
 31
0.0
  0
LINE
  5
723
330
17
100
AcDbEntity
  8
0
100
AcDbLine
 10
33.32874
 20
13.44785
 30
0.0
 11
33.055910000000004
 21
13.27097
 31
0.0
  0
LINE
  5
724
330
17
100
AcDbEntity
  8
0
100
AcDbLine
 10
33.055910000000004
 20
13.27097
 30
0.0
 11
32.87213
 21
13.13442
 31
0.0
  0
LINE
  5
725
330
17
100
AcDbEntity
  8
0
100
AcDbLine
 10
32.87213
 20
13.13442
 30
0.0
 11
32.77469
 21
13.055670000000001
 31
0.0
  0
LINE
  5
726
330
17
100
AcDbEntity
  8
0
100
AcDbLine
 10
32.77469
 20
13.055670000000001
 30
0.0
 11
32.717200000000005
 21
13.009220000000001
 31
0.0
  0
LINE
  5
727
330
17
100
AcDbEntity
  8
0
100
AcDbLine
 10
32.717200000000005
 20
13.009220000000001
 30
0.0
 11
32.592780000000005
 21
12.90048
 31
0.0
  0
LINE
  5
728
330
17
100
AcDbEntity
  8
0
100
AcDbLine
 10
32.592780000000005
 20
12.90048
 30
0.0
 11
32.58909
 21
12.8968
 31
0.0
  0
LINE
  5
729
330
17
100
AcDbEntity
  8
0
100
AcDbLine
 10
32.58909
 20
12.8968
 30
0.0
 11
32.58581
 21
12.89275
 31
0.0
  0
LINE
  5
72A
330
17
100
AcDbEntity
  8
0
100
AcDbLine
 10
32.58581
 20
12.89275
 30
0.0
 11
32.58296
 21
12.88839
 31
0.0
  0
LINE
  5
72B
330
17
100
AcDbEntity
  8
0
100
AcDbLine
 10
32.58296
 20
12.88839
 30
0.0
 11
32.580600000000004
 21
12.88375
 31
0.0
  0
LINE
  5
72C
330
17
100
AcDbEntity
  8
0
100
AcDbLine
 10
32.580600000000004
 20
12.88375
 30
0.0
 11
32.57872
 21
12.87889
 31
0.0
  0
LINE
  5
72D
330
17
100
AcDbEntity
  8
0
100
AcDbLine
 10
32.57872
 20
12.87889
 30
0.0
 11
32.57737
 21
12.87385
 31
0.0
  0
LINE
  5
72E
330
17
100
AcDbEntity
  8
0
100
AcDbLine
 10
32.57737
 20
12.87385
 30
0.0
 11
32.57654
 21
12.86871
 31
0.0
  0
LINE
  5
72F
330
17
100
AcDbEntity
  8
0
100
AcDbLine
 10
32.57654
 20
12.86871
 30
0.0
 11
32.576260000000005
 21
12.86351
 31
0.0
  0
LINE
  5
730
330
17
100
AcDbEntity
  8
0
100
AcDbLine
 10
32.576260000000005
 20
12.86351
 30
0.0
 11
32.5764
 21
12.86084
 31
0.0
  0
LINE
  5
731
330
17
100
AcDbEntity
  8
0
100
AcDbLine
 10
32.5764
 20
12.86084
 30
0.0
 11
32.57683
 21
12.85821
 31
0.0
  0
LINE
  5
732
330
17
100
AcDbEntity
  8
0
100
AcDbLine
 10
32.57683
 20
12.85821
 30
0.0
 11
32.577549999999995
 21
12.85564
 31
0.0
  0
LINE
  5
733
330
17
100
AcDbEntity
  8
0
100
AcDbLine
 10
32.577549999999995
 20
12.85564
 30
0.0
 11
32.578540000000004
 21
12.85316
 31
0.0
  0
LINE
  5
734
330
17
100
AcDbEntity
  8
0
100
AcDbLine
 10
32.578540000000004
 20
12.85316
 30
0.0
 11
32.579789999999996
 21
12.850800000000001
 31
0.0
  0
LINE
  5
735
330
17
100
AcDbEntity
  8
0
100
AcDbLine
 10
32.579789999999996
 20
12.850800000000001
 30
0.0
 11
32.581289999999996
 21
12.8486
 31
0.0
  0
LINE
  5
736
330
17
100
AcDbEntity
  8
0
100
AcDbLine
 10
32.581289999999996
 20
12.8486
 30
0.0
 11
32.58302
 21
12.84657
 31
0.0
  0
LINE
  5
737
330
17
100
AcDbEntity
  8
0
100
AcDbLine
 10
32.58302
 20
12.84657
 30
0.0
 11
32.58497
 21
12.84474
 31
0.0
  0
LINE
  5
738
330
17
100
AcDbEntity
  8
0
100
AcDbLine
 10
32.58497
 20
12.84474
 30
0.0
 11
32.5871
 21
12.843129999999999
 31
0.0
  0
LINE
  5
739
330
17
100
AcDbEntity
  8
0
100
AcDbLine
 10
32.5871
 20
12.843129999999999
 30
0.0
 11
32.58939
 21
12.84177
 31
0.0
  0
LINE
  5
73A
330
17
100
AcDbEntity
  8
0
100
AcDbLine
 10
32.58939
 20
12.84177
 30
0.0
 11
32.59182
 21
12.84066
 31
0.0
  0
LINE
  5
73B
330
17
100
AcDbEntity
  8
0
100
AcDbLine
 10
32.59182
 20
12.84066
 30
0.0
 11
32.59435
 21
12.83982
 31
0.0
  0
LINE
  5
73C
330
17
100
AcDbEntity
  8
0
100
AcDbLine
 10
32.59435
 20
12.83982
 30
0.0
 11
32.59696
 21
12.83926
 31
0.0
  0
LINE
  5
73D
330
17
100
AcDbEntity
  8
0
100
AcDbLine
 10
32.59696
 20
12.83926
 30
0.0
 11
32.71985
 21
12.82376
 31
0.0
  0
LINE
  5
73E
330
17
100
AcDbEntity
  8
0
100
AcDbLine
 10
32.71985
 20
12.82376
 30
0.0
 11
32.87771
 21
12.81505
 31
0.0
  0
LINE
  5
73F
330
17
100
AcDbEntity
  8
0
100
AcDbLine
 10
32.87771
 20
12.81505
 30
0.0
 11
33.06521
 21
12.81677
 31
0.0
  0
LINE
  5
740
330
17
100
AcDbEntity
  8
0
100
AcDbLine
 10
33.06521
 20
12.81677
 30
0.0
 11
33.25272
 21
12.818380000000001
 31
0.0
  0
LINE
  5
741
330
17
100
AcDbEntity
  8
0
100
AcDbLine
 10
33.25272
 20
12.818380000000001
 30
0.0
 11
33.41061
 21
12.809299999999999
 31
0.0
  0
LINE
  5
742
330
17
100
AcDbEntity
  8
0
100
AcDbLine
 10
33.41061
 20
12.809299999999999
 30
0.0
 11
33.53313
 21
12.79325
 31
0.0
  0
LINE
  5
743
330
17
100
AcDbEntity
  8
0
100
AcDbLine
 10
33.53313
 20
12.79325
 30
0.0
 11
33.535799999999995
 21
12.792660000000001
 31
0.0
  0
LINE
  5
744
330
17
100
AcDbEntity
  8
0
100
AcDbLine
 10
33.535799999999995
 20
12.792660000000001
 30
0.0
 11
33.53838
 21
12.79179
 31
0.0
  0
LINE
  5
745
330
17
100
AcDbEntity
  8
0
100
AcDbLine
 10
33.53838
 20
12.79179
 30
0.0
 11
33.54086
 21
12.790650000000001
 31
0.0
  0
LINE
  5
746
330
17
100
AcDbEntity
  8
0
100
AcDbLine
 10
33.54086
 20
12.790650000000001
 30
0.0
 11
33.5432
 21
12.78924
 31
0.0
  0
LINE
  5
747
330
17
100
AcDbEntity
  8
0
100
AcDbLine
 10
33.5432
 20
12.78924
 30
0.0
 11
33.54537
 21
12.78759
 31
0.0
  0
LINE
  5
748
330
17
100
AcDbEntity
  8
0
100
AcDbLine
 10
33.54537
 20
12.78759
 30
0.0
 11
33.547349999999994
 21
12.785720000000001
 31
0.0
  0
LINE
  5
749
330
17
100
AcDbEntity
  8
0
100
AcDbLine
 10
33.547349999999994
 20
12.785720000000001
 30
0.0
 11
33.54912
 21
12.78364
 31
0.0
  0
LINE
  5
74A
330
17
100
AcDbEntity
  8
0
100
AcDbLine
 10
33.54912
 20
12.78364
 30
0.0
 11
33.550650000000005
 21
12.78138
 31
0.0
  0
LINE
  5
74B
330
17
100
AcDbEntity
  8
0
100
AcDbLine
 10
33.550650000000005
 20
12.78138
 30
0.0
 11
33.55193
 21
12.778970000000001
 31
0.0
  0
LINE
  5
74C
330
17
100
AcDbEntity
  8
0
100
AcDbLine
 10
33.55193
 20
12.778970000000001
 30
0.0
 11
33.55294000000001
 21
12.776440000000001
 31
0.0
  0
LINE
  5
74D
330
17
100
AcDbEntity
  8
0
100
AcDbLine
 10
33.55294000000001
 20
12.776440000000001
 30
0.0
 11
33.553670000000004
 21
12.77381
 31
0.0
  0
LINE
  5
74E
330
17
100
AcDbEntity
  8
0
100
AcDbLine
 10
33.553670000000004
 20
12.77381
 30
0.0
 11
33.55411
 21
12.77111
 31
0.0
  0
LINE
  5
74F
330
17
100
AcDbEntity
  8
0
100
AcDbLine
 10
33.55411
 20
12.77111
 30
0.0
 11
33.55426
 21
12.76839
 31
0.0
  0
LINE
  5
750
330
17
100
AcDbEntity
  8
0
100
AcDbLine
 10
33.55426
 20
12.76839
 30
0.0
 11
33.55392
 21
12.76163
 31
0.0
  0
LINE
  5
751
330
17
100
AcDbEntity
  8
0
100
AcDbLine
 10
33.55392
 20
12.76163
 30
0.0
 11
33.552890000000005
 21
12.75494
 31
0.0
  0
LINE
  5
752
330
17
100
AcDbEntity
  8
0
100
AcDbLine
 10
33.552890000000005
 20
12.75494
 30
0.0
 11
33.55119
 21
12.748380000000001
 31
0.0
  0
LINE
  5
753
330
17
100
AcDbEntity
  8
0
100
AcDbLine
 10
33.55119
 20
12.748380000000001
 30
0.0
 11
33.548840000000006
 21
12.74203
 31
0.0
  0
LINE
  5
754
330
17
100
AcDbEntity
  8
0
100
AcDbLine
 10
33.548840000000006
 20
12.74203
 30
0.0
 11
33.54586
 21
12.735959999999999
 31
0.0
  0
LINE
  5
755
330
17
100
AcDbEntity
  8
0
100
AcDbLine
 10
33.54586
 20
12.735959999999999
 30
0.0
 11
33.54228
 21
12.730210000000001
 31
0.0
  0
LINE
  5
756
330
17
100
AcDbEntity
  8
0
100
AcDbLine
 10
33.54228
 20
12.730210000000001
 30
0.0
 11
33.477140000000006
 21
12.64114
 31
0.0
  0
LINE
  5
757
330
17
100
AcDbEntity
  8
0
100
AcDbLine
 10
33.477140000000006
 20
12.64114
 30
0.0
 11
33.392289999999996
 21
12.537130000000001
 31
0.0
  0
LINE
  5
758
330
17
100
AcDbEntity
  8
0
100
AcDbLine
 10
33.392289999999996
 20
12.537130000000001
 30
0.0
 11
33.29172
 21
12.42609
 31
0.0
  0
LINE
  5
759
330
17
100
AcDbEntity
  8
0
100
AcDbLine
 10
33.29172
 20
12.42609
 30
0.0
 11
33.16452
 21
12.279349999999999
 31
0.0
  0
LINE
  5
75A
330
17
100
AcDbEntity
  8
0
100
AcDbLine
 10
33.16452
 20
12.279349999999999
 30
0.0
 11
32.99192
 21
12.05523
 31
0.0
  0
LINE
  5
75B
330
17
100
AcDbEntity
  8
0
100
AcDbLine
 10
32.99192
 20
12.05523
 30
0.0
 11
32.90205
 21
11.931189999999999
 31
0.0
  0
LINE
  5
75C
330
17
100
AcDbEntity
  8
0
100
AcDbLine
 10
32.90205
 20
11.931189999999999
 30
0.0
 11
32.80813
 21
11.801580000000001
 31
0.0
  0
LINE
  5
75D
330
17
100
AcDbEntity
  8
0
100
AcDbLine
 10
32.80813
 20
11.801580000000001
 30
0.0
 11
32.639790000000005
 21
11.55338
 31
0.0
  0
LINE
  5
75E
330
17
100
AcDbEntity
  8
0
100
AcDbLine
 10
32.639790000000005
 20
11.55338
 30
0.0
 11
32.37149
 21
11.147509999999999
 31
0.0
  0
LINE
  5
75F
330
17
100
AcDbEntity
  8
0
100
AcDbLine
 10
32.37149
 20
11.147509999999999
 30
0.0
 11
32.356370000000005
 21
11.12726
 31
0.0
  0
LINE
  5
760
330
17
100
AcDbEntity
  8
0
100
AcDbLine
 10
32.356370000000005
 20
11.12726
 30
0.0
 11
32.3392
 21
11.10871
 31
0.0
  0
LINE
  5
761
330
17
100
AcDbEntity
  8
0
100
AcDbLine
 10
32.3392
 20
11.10871
 30
0.0
 11
32.320170000000005
 21
11.092070000000001
 31
0.0
  0
LINE
  5
762
330
17
100
AcDbEntity
  8
0
100
AcDbLine
 10
32.320170000000005
 20
11.092070000000001
 30
0.0
 11
32.2995
 21
11.07752
 31
0.0
  0
LINE
  5
763
330
17
100
AcDbEntity
  8
0
100
AcDbLine
 10
32.2995
 20
11.07752
 30
0.0
 11
32.297
 21
11.07613
 31
0.0
  0
LINE
  5
764
330
17
100
AcDbEntity
  8
0
100
AcDbLine
 10
32.297
 20
11.07613
 30
0.0
 11
32.29437
 21
11.07502
 31
0.0
  0
LINE
  5
765
330
17
100
AcDbEntity
  8
0
100
AcDbLine
 10
32.29437
 20
11.07502
 30
0.0
 11
32.29162
 21
11.0742
 31
0.0
  0
LINE
  5
766
330
17
100
AcDbEntity
  8
0
100
AcDbLine
 10
32.29162
 20
11.0742
 30
0.0
 11
32.28881
 21
11.073680000000001
 31
0.0
  0
LINE
  5
767
330
17
100
AcDbEntity
  8
0
100
AcDbLine
 10
32.28881
 20
11.073680000000001
 30
0.0
 11
32.28596
 21
11.07346
 31
0.0
  0
LINE
  5
768
330
17
100
AcDbEntity
  8
0
100
AcDbLine
 10
32.28596
 20
11.07346
 30
0.0
 11
32.283100000000005
 21
11.07356
 31
0.0
  0
LINE
  5
769
330
17
100
AcDbEntity
  8
0
100
AcDbLine
 10
32.283100000000005
 20
11.07356
 30
0.0
 11
32.28027
 21
11.073960000000001
 31
0.0
  0
LINE
  5
76A
330
17
100
AcDbEntity
  8
0
100
AcDbLine
 10
32.28027
 20
11.073960000000001
 30
0.0
 11
32.27749
 21
11.07466
 31
0.0
  0
LINE
  5
76B
330
17
100
AcDbEntity
  8
0
100
AcDbLine
 10
32.27749
 20
11.07466
 30
0.0
 11
32.274820000000005
 21
11.07566
 31
0.0
  0
LINE
  5
76C
330
17
100
AcDbEntity
  8
0
100
AcDbLine
 10
32.274820000000005
 20
11.07566
 30
0.0
 11
32.272259999999996
 21
11.07694
 31
0.0
  0
LINE
  5
76D
330
17
100
AcDbEntity
  8
0
100
AcDbLine
 10
32.272259999999996
 20
11.07694
 30
0.0
 11
32.269850000000005
 21
11.07849
 31
0.0
  0
LINE
  5
76E
330
17
100
AcDbEntity
  8
0
100
AcDbLine
 10
32.269850000000005
 20
11.07849
 30
0.0
 11
32.26763
 21
11.08029
 31
0.0
  0
LINE
  5
76F
330
17
100
AcDbEntity
  8
0
100
AcDbLine
 10
32.26763
 20
11.08029
 30
0.0
 11
32.26561
 21
11.08232
 31
0.0
  0
LINE
  5
770
330
17
100
AcDbEntity
  8
0
100
AcDbLine
 10
32.26561
 20
11.08232
 30
0.0
 11
32.26383
 21
11.08455
 31
0.0
  0
LINE
  5
771
330
17
100
AcDbEntity
  8
0
100
AcDbLine
 10
32.26383
 20
11.08455
 30
0.0
 11
32.26229
 21
11.086969999999999
 31
0.0
  0
LINE
  5
772
330
17
100
AcDbEntity
  8
0
100
AcDbLine
 10
32.26229
 20
11.086969999999999
 30
0.0
 11
32.261030000000005
 21
11.08953
 31
0.0
  0
LINE
  5
773
330
17
100
AcDbEntity
  8
0
100
AcDbLine
 10
32.261030000000005
 20
11.08953
 30
0.0
 11
32.26004
 21
11.09222
 31
0.0
  0
LINE
  5
774
330
17
100
AcDbEntity
  8
0
100
AcDbLine
 10
32.26004
 20
11.09222
 30
0.0
 11
32.25935
 21
11.094990000000001
 31
0.0
  0
LINE
  5
775
330
17
100
AcDbEntity
  8
0
100
AcDbLine
 10
32.25935
 20
11.094990000000001
 30
0.0
 11
32.25897
 21
11.09783
 31
0.0
  0
LINE
  5
776
330
17
100
AcDbEntity
  8
0
100
AcDbLine
 10
32.25897
 20
11.09783
 30
0.0
 11
32.2504
 21
11.3089
 31
0.0
  0
LINE
  5
777
330
17
100
AcDbEntity
  8
0
100
AcDbLine
 10
32.2504
 20
11.3089
 30
0.0
 11
32.24092
 21
11.4879
 31
0.0
  0
LINE
  5
778
330
17
100
AcDbEntity
  8
0
100
AcDbLine
 10
32.24092
 20
11.4879
 30
0.0
 11
32.23769
 21
11.50911
 31
0.0
  0
LINE
  5
779
330
17
100
AcDbEntity
  8
0
100
AcDbLine
 10
32.23769
 20
11.50911
 30
0.0
 11
32.23258
 21
11.529950000000001
 31
0.0
  0
LINE
  5
77A
330
17
100
AcDbEntity
  8
0
100
AcDbLine
 10
32.23258
 20
11.529950000000001
 30
0.0
 11
32.225620000000006
 21
11.55024
 31
0.0
  0
LINE
  5
77B
330
17
100
AcDbEntity
  8
0
100
AcDbLine
 10
32.225620000000006
 20
11.55024
 30
0.0
 11
32.21687
 21
11.56983
 31
0.0
  0
LINE
  5
77C
330
17
100
AcDbEntity
  8
0
100
AcDbLine
 10
32.21687
 20
11.56983
 30
0.0
 11
32.2064
 21
11.58856
 31
0.0
  0
LINE
  5
77D
330
17
100
AcDbEntity
  8
0
100
AcDbLine
 10
32.2064
 20
11.58856
 30
0.0
 11
32.19943
 21
11.59868
 31
0.0
  0
LINE
  5
77E
330
17
100
AcDbEntity
  8
0
100
AcDbLine
 10
32.19943
 20
11.59868
 30
0.0
 11
32.1915
 21
11.60807
 31
0.0
  0
LINE
  5
77F
330
17
100
AcDbEntity
  8
0
100
AcDbLine
 10
32.1915
 20
11.60807
 30
0.0
 11
32.182700000000004
 21
11.61666
 31
0.0
  0
LINE
  5
780
330
17
100
AcDbEntity
  8
0
100
AcDbLine
 10
32.182700000000004
 20
11.61666
 30
0.0
 11
32.17312
 21
11.62434
 31
0.0
  0
LINE
  5
781
330
17
100
AcDbEntity
  8
0
100
AcDbLine
 10
32.17312
 20
11.62434
 30
0.0
 11
32.16283000000001
 21
11.63106
 31
0.0
  0
LINE
  5
782
330
17
100
AcDbEntity
  8
0
100
AcDbLine
 10
32.16283000000001
 20
11.63106
 30
0.0
 11
32.15193
 21
11.63675
 31
0.0
  0
LINE
  5
783
330
17
100
AcDbEntity
  8
0
100
AcDbLine
 10
32.15193
 20
11.63675
 30
0.0
 11
32.14054
 21
11.64136
 31
0.0
  0
LINE
  5
784
330
17
100
AcDbEntity
  8
0
100
AcDbLine
 10
32.14054
 20
11.64136
 30
0.0
 11
32.11434
 21
11.64928
 31
0.0
  0
LINE
  5
785
330
17
100
AcDbEntity
  8
0
100
AcDbLine
 10
32.11434
 20
11.64928
 30
0.0
 11
32.087579999999996
 21
11.65497
 31
0.0
  0
LINE
  5
786
330
17
100
AcDbEntity
  8
0
100
AcDbLine
 10
32.087579999999996
 20
11.65497
 30
0.0
 11
32.060430000000004
 21
11.65841
 31
0.0
  0
LINE
  5
787
330
17
100
AcDbEntity
  8
0
100
AcDbLine
 10
32.060430000000004
 20
11.65841
 30
0.0
 11
32.03309
 21
11.659559999999999
 31
0.0
  0
LINE
  5
788
330
17
100
AcDbEntity
  8
0
100
AcDbLine
 10
32.03309
 20
11.659559999999999
 30
0.0
 11
32.01742
 21
11.65873
 31
0.0
  0
LINE
  5
789
330
17
100
AcDbEntity
  8
0
100
AcDbLine
 10
32.01742
 20
11.65873
 30
0.0
 11
32.001920000000005
 21
11.65627
 31
0.0
  0
LINE
  5
78A
330
17
100
AcDbEntity
  8
0
100
AcDbLine
 10
32.001920000000005
 20
11.65627
 30
0.0
 11
31.986769999999996
 21
11.6522
 31
0.0
  0
LINE
  5
78B
330
17
100
AcDbEntity
  8
0
100
AcDbLine
 10
31.986769999999996
 20
11.6522
 30
0.0
 11
31.97212
 21
11.646560000000001
 31
0.0
  0
LINE
  5
78C
330
17
100
AcDbEntity
  8
0
100
AcDbLine
 10
31.97212
 20
11.646560000000001
 30
0.0
 11
31.958149999999996
 21
11.63941
 31
0.0
  0
LINE
  5
78D
330
17
100
AcDbEntity
  8
0
100
AcDbLine
 10
31.958149999999996
 20
11.63941
 30
0.0
 11
31.945010000000003
 21
11.63084
 31
0.0
  0
LINE
  5
78E
330
17
100
AcDbEntity
  8
0
100
AcDbLine
 10
31.945010000000003
 20
11.63084
 30
0.0
 11
31.932830000000003
 21
11.62094
 31
0.0
  0
LINE
  5
78F
330
17
100
AcDbEntity
  8
0
100
AcDbLine
 10
31.932830000000003
 20
11.62094
 30
0.0
 11
31.92176
 21
11.60982
 31
0.0
  0
LINE
  5
790
330
17
100
AcDbEntity
  8
0
100
AcDbLine
 10
31.92176
 20
11.60982
 30
0.0
 11
31.911920000000002
 21
11.5976
 31
0.0
  0
LINE
  5
791
330
17
100
AcDbEntity
  8
0
100
AcDbLine
 10
31.911920000000002
 20
11.5976
 30
0.0
 11
31.8926
 21
11.567900000000002
 31
0.0
  0
LINE
  5
792
330
17
100
AcDbEntity
  8
0
100
AcDbLine
 10
31.8926
 20
11.567900000000002
 30
0.0
 11
31.87628
 21
11.53646
 31
0.0
  0
LINE
  5
793
330
17
100
AcDbEntity
  8
0
100
AcDbLine
 10
31.87628
 20
11.53646
 30
0.0
 11
31.86311
 21
11.50357
 31
0.0
  0
LINE
  5
794
330
17
100
AcDbEntity
  8
0
100
AcDbLine
 10
31.86311
 20
11.50357
 30
0.0
 11
31.85321
 21
11.46956
 31
0.0
  0
LINE
  5
795
330
17
100
AcDbEntity
  8
0
100
AcDbLine
 10
31.85321
 20
11.46956
 30
0.0
 11
31.846680000000003
 21
11.43474
 31
0.0
  0
LINE
  5
796
330
17
100
AcDbEntity
  8
0
100
AcDbLine
 10
31.846680000000003
 20
11.43474
 30
0.0
 11
31.827800000000003
 21
11.25518
 31
0.0
  0
LINE
  5
797
330
17
100
AcDbEntity
  8
0
100
AcDbLine
 10
31.827800000000003
 20
11.25518
 30
0.0
 11
31.820380000000004
 21
11.074779999999999
 31
0.0
  0
LINE
  5
798
330
17
100
AcDbEntity
  8
0
100
AcDbLine
 10
31.820380000000004
 20
11.074779999999999
 30
0.0
 11
31.81578
 21
10.07838
 31
0.0
  0
LINE
  5
799
330
17
100
AcDbEntity
  8
0
100
AcDbLine
 10
31.81578
 20
10.07838
 30
0.0
 11
31.81578
 21
8.56288
 31
0.0
  0
LINE
  5
79A
330
17
100
AcDbEntity
  8
0
100
AcDbLine
 10
31.81578
 20
8.56288
 30
0.0
 11
31.81578
 21
8.4972
 31
0.0
  0
LINE
  5
79B
330
17
100
AcDbEntity
  8
0
100
AcDbLine
 10
31.81578
 20
8.4972
 30
0.0
 11
30.68988
 21
8.56288
 31
0.0
  0
LINE
  5
79C
330
17
100
AcDbEntity
  8
0
100
AcDbLine
 10
30.68988
 20
8.56288
 30
0.0
 11
30.49248
 21
9.377790000000001
 31
0.0
  0
LINE
  5
79D
330
17
100
AcDbEntity
  8
0
100
AcDbLine
 10
30.49248
 20
9.377790000000001
 30
0.0
 11
30.34058
 21
9.9138
 31
0.0
  0
LINE
  5
79E
330
17
100
AcDbEntity
  8
0
100
AcDbLine
 10
30.34058
 20
9.9138
 30
0.0
 11
30.147879999999997
 21
10.43653
 31
0.0
  0
LINE
  5
79F
330
17
100
AcDbEntity
  8
0
100
AcDbLine
 10
30.147879999999997
 20
10.43653
 30
0.0
 11
29.91553
 21
10.94288
 31
0.0
  0
LINE
  5
7A0
330
17
100
AcDbEntity
  8
0
100
AcDbLine
 10
29.91553
 20
10.94288
 30
0.0
 11
29.647509999999997
 21
11.42353
 31
0.0
  0
LINE
  5
7A1
330
17
100
AcDbEntity
  8
0
100
AcDbLine
 10
29.647509999999997
 20
11.42353
 30
0.0
 11
29.34198
 21
11.88126
 31
0.0
  0
LINE
  5
7A2
330
17
100
AcDbEntity
  8
0
100
AcDbLine
 10
29.34198
 20
11.88126
 30
0.0
 11
29.302539999999997
 21
11.931189999999999
 31
0.0
  0
LINE
  5
7A3
330
17
100
AcDbEntity
  8
0
100
AcDbLine
 10
29.302539999999997
 20
11.931189999999999
 30
0.0
 11
29.000890000000002
 21
12.313130000000001
 31
0.0
  0
LINE
  5
7A4
330
17
100
AcDbEntity
  8
0
100
AcDbLine
 10
29.000890000000002
 20
12.313130000000001
 30
0.0
 11
28.630670000000002
 21
12.71138
 31
0.0
  0
LINE
  5
7A5
330
17
100
AcDbEntity
  8
0
100
AcDbLine
 10
28.630670000000002
 20
12.71138
 30
0.0
 11
28.25427
 21
13.055670000000001
 31
0.0
  0
LINE
  5
7A6
330
17
100
AcDbEntity
  8
0
100
AcDbLine
 10
28.25427
 20
13.055670000000001
 30
0.0
 11
28.22945
 21
13.078380000000001
 31
0.0
  0
LINE
  5
7A7
330
17
100
AcDbEntity
  8
0
100
AcDbLine
 10
28.22945
 20
13.078380000000001
 30
0.0
 11
27.79986
 21
13.4117
 31
0.0
  0
LINE
  5
7A8
330
17
100
AcDbEntity
  8
0
100
AcDbLine
 10
27.79986
 20
13.4117
 30
0.0
 11
27.34838
 21
13.70608
 31
0.0
  0
LINE
  5
7A9
330
17
100
AcDbEntity
  8
0
100
AcDbLine
 10
27.34838
 20
13.70608
 30
0.0
 11
26.874019999999998
 21
13.961950000000002
 31
0.0
  0
LINE
  5
7AA
330
17
100
AcDbEntity
  8
0
100
AcDbLine
 10
26.874019999999998
 20
13.961950000000002
 30
0.0
 11
26.380029999999998
 21
14.177520000000001
 31
0.0
  0
LINE
  5
7AB
330
17
100
AcDbEntity
  8
0
100
AcDbLine
 10
26.380029999999998
 20
14.177520000000001
 30
0.0
 11
25.740720000000003
 21
14.425419999999999
 31
0.0
  0
LINE
  5
7AC
330
17
100
AcDbEntity
  8
0
100
AcDbLine
 10
25.740720000000003
 20
14.425419999999999
 30
0.0
 11
25.708740000000002
 21
14.971119999999999
 31
0.0
  0
LINE
  5
7AD
330
17
100
AcDbEntity
  8
0
100
AcDbLine
 10
25.708740000000002
 20
14.971119999999999
 30
0.0
 11
25.68537
 21
15.23134
 31
0.0
  0
LINE
  5
7AE
330
17
100
AcDbEntity
  8
0
100
AcDbLine
 10
25.68537
 20
15.23134
 30
0.0
 11
25.67665
 21
15.286249999999999
 31
0.0
  0
LINE
  5
7AF
330
17
100
AcDbEntity
  8
0
100
AcDbLine
 10
25.67665
 20
15.286249999999999
 30
0.0
 11
25.66387
 21
15.34036
 31
0.0
  0
LINE
  5
7B0
330
17
100
AcDbEntity
  8
0
100
AcDbLine
 10
25.66387
 20
15.34036
 30
0.0
 11
25.647119999999997
 21
15.393369999999999
 31
0.0
  0
LINE
  5
7B1
330
17
100
AcDbEntity
  8
0
100
AcDbLine
 10
25.647119999999997
 20
15.393369999999999
 30
0.0
 11
25.63677
 21
15.41812
 31
0.0
  0
LINE
  5
7B2
330
17
100
AcDbEntity
  8
0
100
AcDbLine
 10
25.63677
 20
15.41812
 30
0.0
 11
25.62387
 21
15.44164
 31
0.0
  0
LINE
  5
7B3
330
17
100
AcDbEntity
  8
0
100
AcDbLine
 10
25.62387
 20
15.44164
 30
0.0
 11
25.60855
 21
15.46367
 31
0.0
  0
LINE
  5
7B4
330
17
100
AcDbEntity
  8
0
100
AcDbLine
 10
25.60855
 20
15.46367
 30
0.0
 11
25.590999999999998
 21
15.48396
 31
0.0
  0
LINE
  5
7B5
330
17
100
AcDbEntity
  8
0
100
AcDbLine
 10
25.590999999999998
 20
15.48396
 30
0.0
 11
25.58315
 21
15.49134
 31
0.0
  0
LINE
  5
7B6
330
17
100
AcDbEntity
  8
0
100
AcDbLine
 10
25.58315
 20
15.49134
 30
0.0
 11
25.57459
 21
15.49789
 31
0.0
  0
LINE
  5
7B7
330
17
100
AcDbEntity
  8
0
100
AcDbLine
 10
25.57459
 20
15.49789
 30
0.0
 11
25.56542
 21
15.503549999999999
 31
0.0
  0
LINE
  5
7B8
330
17
100
AcDbEntity
  8
0
100
AcDbLine
 10
25.56542
 20
15.503549999999999
 30
0.0
 11
25.55574
 21
15.50826
 31
0.0
  0
LINE
  5
7B9
330
17
100
AcDbEntity
  8
0
100
AcDbLine
 10
25.55574
 20
15.50826
 30
0.0
 11
25.545620000000003
 21
15.51198
 31
0.0
  0
LINE
  5
7BA
330
17
100
AcDbEntity
  8
0
100
AcDbLine
 10
25.545620000000003
 20
15.51198
 30
0.0
 11
25.53518
 21
15.51466
 31
0.0
  0
LINE
  5
7BB
330
17
100
AcDbEntity
  8
0
100
AcDbLine
 10
25.53518
 20
15.51466
 30
0.0
 11
25.52453
 21
15.51628
 31
0.0
  0
LINE
  5
7BC
330
17
100
AcDbEntity
  8
0
100
AcDbLine
 10
25.52453
 20
15.51628
 30
0.0
 11
25.51377
 21
15.516820000000001
 31
0.0
  0
LINE
  5
7BD
330
17
100
AcDbEntity
  8
0
100
AcDbLine
 10
25.51377
 20
15.516820000000001
 30
0.0
 11
25.50325
 21
15.51631
 31
0.0
  0
LINE
  5
7BE
330
17
100
AcDbEntity
  8
0
100
AcDbLine
 10
25.50325
 20
15.51631
 30
0.0
 11
25.49283
 21
15.514800000000001
 31
0.0
  0
LINE
  5
7BF
330
17
100
AcDbEntity
  8
0
100
AcDbLine
 10
25.49283
 20
15.514800000000001
 30
0.0
 11
25.4826
 21
15.51228
 31
0.0
  0
LINE
  5
7C0
330
17
100
AcDbEntity
  8
0
100
AcDbLine
 10
25.4826
 20
15.51228
 30
0.0
 11
25.47266
 21
15.508799999999999
 31
0.0
  0
LINE
  5
7C1
330
17
100
AcDbEntity
  8
0
100
AcDbLine
 10
25.47266
 20
15.508799999999999
 30
0.0
 11
25.46309
 21
15.50438
 31
0.0
  0
LINE
  5
7C2
330
17
100
AcDbEntity
  8
0
100
AcDbLine
 10
25.46309
 20
15.50438
 30
0.0
 11
25.45401
 21
15.49906
 31
0.0
  0
LINE
  5
7C3
330
17
100
AcDbEntity
  8
0
100
AcDbLine
 10
25.45401
 20
15.49906
 30
0.0
 11
25.44547
 21
15.492890000000001
 31
0.0
  0
LINE
  5
7C4
330
17
100
AcDbEntity
  8
0
100
AcDbLine
 10
25.44547
 20
15.492890000000001
 30
0.0
 11
25.43756
 21
15.48592
 31
0.0
  0
LINE
  5
7C5
330
17
100
AcDbEntity
  8
0
100
AcDbLine
 10
25.43756
 20
15.48592
 30
0.0
 11
25.42009
 21
15.46706
 31
0.0
  0
LINE
  5
7C6
330
17
100
AcDbEntity
  8
0
100
AcDbLine
 10
25.42009
 20
15.46706
 30
0.0
 11
25.40473
 21
15.446430000000001
 31
0.0
  0
LINE
  5
7C7
330
17
100
AcDbEntity
  8
0
100
AcDbLine
 10
25.40473
 20
15.446430000000001
 30
0.0
 11
25.39166
 21
15.42428
 31
0.0
  0
LINE
  5
7C8
330
17
100
AcDbEntity
  8
0
100
AcDbLine
 10
25.39166
 20
15.42428
 30
0.0
 11
25.381040000000002
 21
15.40086
 31
0.0
  0
LINE
  5
7C9
330
17
100
AcDbEntity
  8
0
100
AcDbLine
 10
25.381040000000002
 20
15.40086
 30
0.0
 11
25.3641
 21
15.35189
 31
0.0
  0
LINE
  5
7CA
330
17
100
AcDbEntity
  8
0
100
AcDbLine
 10
25.3641
 20
15.35189
 30
0.0
 11
25.35105
 21
15.30175
 31
0.0
  0
LINE
  5
7CB
330
17
100
AcDbEntity
  8
0
100
AcDbLine
 10
25.35105
 20
15.30175
 30
0.0
 11
25.34198
 21
15.25074
 31
0.0
  0
LINE
  5
7CC
330
17
100
AcDbEntity
  8
0
100
AcDbLine
 10
25.34198
 20
15.25074
 30
0.0
 11
25.31832
 21
15.0165
 31
0.0
  0
LINE
  5
7CD
330
17
100
AcDbEntity
  8
0
100
AcDbLine
 10
25.31832
 20
15.0165
 30
0.0
 11
25.28584
 21
14.51619
 31
0.0
  0
LINE
  5
7CE
330
17
100
AcDbEntity
  8
0
100
AcDbLine
 10
25.28584
 20
14.51619
 30
0.0
 11
24.72071
 21
14.62116
 31
0.0
  0
LINE
  5
7CF
330
17
100
AcDbEntity
  8
0
100
AcDbLine
 10
24.72071
 20
14.62116
 30
0.0
 11
24.57765
 21
14.64355
 31
0.0
  0
LINE
  5
7D0
330
17
100
AcDbEntity
  8
0
100
AcDbLine
 10
24.57765
 20
14.64355
 30
0.0
 11
24.433549999999997
 21
14.657770000000001
 31
0.0
  0
LINE
  5
7D1
330
17
100
AcDbEntity
  8
0
100
AcDbLine
 10
24.433549999999997
 20
14.657770000000001
 30
0.0
 11
24.01837
 21
14.67854
 31
0.0
  0
LINE
  5
7D2
330
17
100
AcDbEntity
  8
0
100
AcDbLine
 10
24.01837
 20
14.67854
 30
0.0
 11
23.55999
 21
14.68322
 31
0.0
  0
LINE
  5
7D3
330
17
100
AcDbEntity
  8
0
100
AcDbLine
 10
23.55999
 20
14.68322
 30
0.0
 11
23.123359999999998
 21
14.66908
 31
0.0
  0
LINE
  5
7D4
330
17
100
AcDbEntity
  8
0
100
AcDbLine
 10
23.123359999999998
 20
14.66908
 30
0.0
 11
22.48682
 21
14.60794
 31
0.0
  0
LINE
  5
7D5
330
17
100
AcDbEntity
  8
0
100
AcDbLine
 10
22.48682
 20
14.60794
 30
0.0
 11
21.85734
 21
14.49542
 31
0.0
  0
LINE
  5
7D6
330
17
100
AcDbEntity
  8
0
100
AcDbLine
 10
21.85734
 20
14.49542
 30
0.0
 11
21.23904
 21
14.33227
 31
0.0
  0
LINE
  5
7D7
330
17
100
AcDbEntity
  8
0
100
AcDbLine
 10
21.23904
 20
14.33227
 30
0.0
 11
20.660899999999998
 21
14.124960000000002
 31
0.0
  0
LINE
  5
7D8
330
17
100
AcDbEntity
  8
0
100
AcDbLine
 10
20.660899999999998
 20
14.124960000000002
 30
0.0
 11
20.10413
 21
13.86569
 31
0.0
  0
LINE
  5
7D9
330
17
100
AcDbEntity
  8
0
100
AcDbLine
 10
20.10413
 20
13.86569
 30
0.0
 11
19.57339
 21
13.556610000000001
 31
0.0
  0
LINE
  5
7DA
330
17
100
AcDbEntity
  8
0
100
AcDbLine
 10
19.57339
 20
13.556610000000001
 30
0.0
 11
19.08166
 21
13.20573
 31
0.0
  0
LINE
  5
7DB
330
17
100
AcDbEntity
  8
0
100
AcDbLine
 10
19.08166
 20
13.20573
 30
0.0
 11
18.98663
 21
13.123529999999999
 31
0.0
  0
LINE
  5
7DC
330
17
100
AcDbEntity
  8
0
100
AcDbLine
 10
18.98663
 20
13.123529999999999
 30
0.0
 11
18.90818
 21
13.055670000000001
 31
0.0
  0
LINE
  5
7DD
330
17
100
AcDbEntity
  8
0
100
AcDbLine
 10
18.90818
 20
13.055670000000001
 30
0.0
 11
18.624789999999997
 21
12.81054
 31
0.0
  0
LINE
  5
7DE
330
17
100
AcDbEntity
  8
0
100
AcDbLine
 10
18.624789999999997
 20
12.81054
 30
0.0
 11
18.20675
 21
12.37447
 31
0.0
  0
LINE
  5
7DF
330
17
100
AcDbEntity
  8
0
100
AcDbLine
 10
18.20675
 20
12.37447
 30
0.0
 11
17.85359
 21
11.931189999999999
 31
0.0
  0
LINE
  5
7E0
330
17
100
AcDbEntity
  8
0
100
AcDbLine
 10
17.85359
 20
11.931189999999999
 30
0.0
 11
17.82535
 21
11.89575
 31
0.0
  0
LINE
  5
7E1
330
17
100
AcDbEntity
  8
0
100
AcDbLine
 10
17.82535
 20
11.89575
 30
0.0
 11
17.488400000000002
 21
11.38476
 31
0.0
  0
LINE
  5
7E2
330
17
100
AcDbEntity
  8
0
100
AcDbLine
 10
17.488400000000002
 20
11.38476
 30
0.0
 11
17.198620000000002
 21
10.84563
 31
0.0
  0
LINE
  5
7E3
330
17
100
AcDbEntity
  8
0
100
AcDbLine
 10
17.198620000000002
 20
10.84563
 30
0.0
 11
16.93901
 21
10.22505
 31
0.0
  0
LINE
  5
7E4
330
17
100
AcDbEntity
  8
0
100
AcDbLine
 10
16.93901
 20
10.22505
 30
0.0
 11
16.70887
 21
9.50117
 31
0.0
  0
LINE
  5
7E5
330
17
100
AcDbEntity
  8
0
100
AcDbLine
 10
16.70887
 20
9.50117
 30
0.0
 11
16.5367
 21
8.82123
 31
0.0
  0
LINE
  5
7E6
330
17
100
AcDbEntity
  8
0
100
AcDbLine
 10
16.5367
 20
8.82123
 30
0.0
 11
16.53087
 21
8.78759
 31
0.0
  0
LINE
  5
7E7
330
17
100
AcDbEntity
  8
0
100
AcDbLine
 10
16.53087
 20
8.78759
 30
0.0
 11
16.52863
 21
8.753530000000001
 31
0.0
  0
LINE
  5
7E8
330
17
100
AcDbEntity
  8
0
100
AcDbLine
 10
16.52863
 20
8.753530000000001
 30
0.0
 11
16.52999
 21
8.71942
 31
0.0
  0
LINE
  5
7E9
330
17
100
AcDbEntity
  8
0
100
AcDbLine
 10
16.52999
 20
8.71942
 30
0.0
 11
16.53495
 21
8.68564
 31
0.0
  0
LINE
  5
7EA
330
17
100
AcDbEntity
  8
0
100
AcDbLine
 10
16.53495
 20
8.68564
 30
0.0
 11
16.54345
 21
8.65257
 31
0.0
  0
LINE
  5
7EB
330
17
100
AcDbEntity
  8
0
100
AcDbLine
 10
16.54345
 20
8.65257
 30
0.0
 11
16.55539
 21
8.62059
 31
0.0
  0
LINE
  5
7EC
330
17
100
AcDbEntity
  8
0
100
AcDbLine
 10
16.55539
 20
8.62059
 30
0.0
 11
16.57064
 21
8.59004
 31
0.0
  0
LINE
  5
7ED
330
17
100
AcDbEntity
  8
0
100
AcDbLine
 10
16.57064
 20
8.59004
 30
0.0
 11
16.57426
 21
8.584359999999998
 31
0.0
  0
LINE
  5
7EE
330
17
100
AcDbEntity
  8
0
100
AcDbLine
 10
16.57426
 20
8.584359999999998
 30
0.0
 11
16.57846
 21
8.57908
 31
0.0
  0
LINE
  5
7EF
330
17
100
AcDbEntity
  8
0
100
AcDbLine
 10
16.57846
 20
8.57908
 30
0.0
 11
16.58318
 21
8.57427
 31
0.0
  0
LINE
  5
7F0
330
17
100
AcDbEntity
  8
0
100
AcDbLine
 10
16.58318
 20
8.57427
 30
0.0
 11
16.58837
 21
8.56997
 31
0.0
  0
LINE
  5
7F1
330
17
100
AcDbEntity
  8
0
100
AcDbLine
 10
16.58837
 20
8.56997
 30
0.0
 11
16.593980000000002
 21
8.56623
 31
0.0
  0
LINE
  5
7F2
330
17
100
AcDbEntity
  8
0
100
AcDbLine
 10
16.593980000000002
 20
8.56623
 30
0.0
 11
16.59994
 21
8.56309
 31
0.0
  0
LINE
  5
7F3
330
17
100
AcDbEntity
  8
0
100
AcDbLine
 10
16.59994
 20
8.56309
 30
0.0
 11
16.600469999999998
 21
8.56288
 31
0.0
  0
LINE
  5
7F4
330
17
100
AcDbEntity
  8
0
100
AcDbLine
 10
16.600469999999998
 20
8.56288
 30
0.0
 11
16.6062
 21
8.56059
 31
0.0
  0
LINE
  5
7F5
330
17
100
AcDbEntity
  8
0
100
AcDbLine
 10
16.6062
 20
8.56059
 30
0.0
 11
16.61269
 21
8.55874
 31
0.0
  0
LINE
  5
7F6
330
17
100
AcDbEntity
  8
0
100
AcDbLine
 10
16.61269
 20
8.55874
 30
0.0
 11
16.61933
 21
8.55758
 31
0.0
  0
LINE
  5
7F7
330
17
100
AcDbEntity
  8
0
100
AcDbLine
 10
16.61933
 20
8.55758
 30
0.0
 11
16.85674
 21
8.532490000000001
 31
0.0
  0
LINE
  5
7F8
330
17
100
AcDbEntity
  8
0
100
AcDbLine
 10
16.85674
 20
8.532490000000001
 30
0.0
 11
17.14567
 21
8.51445
 31
0.0
  0
LINE
  5
7F9
330
17
100
AcDbEntity
  8
0
100
AcDbLine
 10
17.14567
 20
8.51445
 30
0.0
 11
17.479689999999998
 21
8.50855
 31
0.0
  0
LINE
  5
7FA
330
17
100
AcDbEntity
  8
0
100
AcDbLine
 10
17.479689999999998
 20
8.50855
 30
0.0
 11
17.93141
 21
8.50217
 31
0.0
  0
LINE
  5
7FB
330
17
100
AcDbEntity
  8
0
100
AcDbLine
 10
17.93141
 20
8.50217
 30
0.0
 11
18.05199
 21
8.49397
 31
0.0
  0
LINE
  5
7FC
330
17
100
AcDbEntity
  8
0
100
AcDbLine
 10
18.05199
 20
8.49397
 30
0.0
 11
18.17155
 21
8.47626
 31
0.0
  0
LINE
  5
7FD
330
17
100
AcDbEntity
  8
0
100
AcDbLine
 10
18.17155
 20
8.47626
 30
0.0
 11
18.204720000000002
 21
8.468359999999999
 31
0.0
  0
LINE
  5
7FE
330
17
100
AcDbEntity
  8
0
100
AcDbLine
 10
18.204720000000002
 20
8.468359999999999
 30
0.0
 11
18.236990000000002
 21
8.4574
 31
0.0
  0
LINE
  5
7FF
330
17
100
AcDbEntity
  8
0
100
AcDbLine
 10
18.236990000000002
 20
8.4574
 30
0.0
 11
18.2681
 21
8.44346
 31
0.0
  0
LINE
  5
800
330
17
100
AcDbEntity
  8
0
100
AcDbLine
 10
18.2681
 20
8.44346
 30
0.0
 11
18.29777
 21
8.42666
 31
0.0
  0
LINE
  5
801
330
17
100
AcDbEntity
  8
0
100
AcDbLine
 10
18.29777
 20
8.42666
 30
0.0
 11
18.30567
 21
8.421100000000001
 31
0.0
  0
LINE
  5
802
330
17
100
AcDbEntity
  8
0
100
AcDbLine
 10
18.30567
 20
8.421100000000001
 30
0.0
 11
18.31298
 21
8.41478
 31
0.0
  0
LINE
  5
803
330
17
100
AcDbEntity
  8
0
100
AcDbLine
 10
18.31298
 20
8.41478
 30
0.0
 11
18.31961
 21
8.40775
 31
0.0
  0
LINE
  5
804
330
17
100
AcDbEntity
  8
0
100
AcDbLine
 10
18.31961
 20
8.40775
 30
0.0
 11
18.3255
 21
8.40009
 31
0.0
  0
LINE
  5
805
330
17
100
AcDbEntity
  8
0
100
AcDbLine
 10
18.3255
 20
8.40009
 30
0.0
 11
18.33059
 21
8.39188
 31
0.0
  0
LINE
  5
806
330
17
100
AcDbEntity
  8
0
100
AcDbLine
 10
18.33059
 20
8.39188
 30
0.0
 11
18.33483
 21
8.38319
 31
0.0
  0
LINE
  5
807
330
17
100
AcDbEntity
  8
0
100
AcDbLine
 10
18.33483
 20
8.38319
 30
0.0
 11
18.33817
 21
8.374130000000001
 31
0.0
  0
LINE
  5
808
330
17
100
AcDbEntity
  8
0
100
AcDbLine
 10
18.33817
 20
8.374130000000001
 30
0.0
 11
18.34058
 21
8.36477
 31
0.0
  0
LINE
  5
809
330
17
100
AcDbEntity
  8
0
100
AcDbLine
 10
18.34058
 20
8.36477
 30
0.0
 11
18.342029999999998
 21
8.35522
 31
0.0
  0
LINE
  5
80A
330
17
100
AcDbEntity
  8
0
100
AcDbLine
 10
18.342029999999998
 20
8.35522
 30
0.0
 11
18.34252
 21
8.34557
 31
0.0
  0
LINE
  5
80B
330
17
100
AcDbEntity
  8
0
100
AcDbLine
 10
18.34252
 20
8.34557
 30
0.0
 11
18.34204
 21
8.33564
 31
0.0
  0
LINE
  5
80C
330
17
100
AcDbEntity
  8
0
100
AcDbLine
 10
18.34204
 20
8.33564
 30
0.0
 11
18.3406
 21
8.3258
 31
0.0
  0
LINE
  5
80D
330
17
100
AcDbEntity
  8
0
100
AcDbLine
 10
18.3406
 20
8.3258
 30
0.0
 11
18.3382
 21
8.31615
 31
0.0
  0
LINE
  5
80E
330
17
100
AcDbEntity
  8
0
100
AcDbLine
 10
18.3382
 20
8.31615
 30
0.0
 11
18.334889999999998
 21
8.30677
 31
0.0
  0
LINE
  5
80F
330
17
100
AcDbEntity
  8
0
100
AcDbLine
 10
18.334889999999998
 20
8.30677
 30
0.0
 11
18.330679999999997
 21
8.29776
 31
0.0
  0
LINE
  5
810
330
17
100
AcDbEntity
  8
0
100
AcDbLine
 10
18.330679999999997
 20
8.29776
 30
0.0
 11
18.32562
 21
8.2892
 31
0.0
  0
LINE
  5
811
330
17
100
AcDbEntity
  8
0
100
AcDbLine
 10
18.32562
 20
8.2892
 30
0.0
 11
18.31975
 21
8.28117
 31
0.0
  0
LINE
  5
812
330
17
100
AcDbEntity
  8
0
100
AcDbLine
 10
18.31975
 20
8.28117
 30
0.0
 11
18.31313
 21
8.27375
 31
0.0
  0
LINE
  5
813
330
17
100
AcDbEntity
  8
0
100
AcDbLine
 10
18.31313
 20
8.27375
 30
0.0
 11
18.30583
 21
8.26701
 31
0.0
  0
LINE
  5
814
330
17
100
AcDbEntity
  8
0
100
AcDbLine
 10
18.30583
 20
8.26701
 30
0.0
 11
18.288
 21
8.2534
 31
0.0
  0
LINE
  5
815
330
17
100
AcDbEntity
  8
0
100
AcDbLine
 10
18.288
 20
8.2534
 30
0.0
 11
18.269009999999998
 21
8.241470000000001
 31
0.0
  0
LINE
  5
816
330
17
100
AcDbEntity
  8
0
100
AcDbLine
 10
18.269009999999998
 20
8.241470000000001
 30
0.0
 11
18.24902
 21
8.231290000000001
 31
0.0
  0
LINE
  5
817
330
17
100
AcDbEntity
  8
0
100
AcDbLine
 10
18.24902
 20
8.231290000000001
 30
0.0
 11
18.228189999999998
 21
8.22296
 31
0.0
  0
LINE
  5
818
330
17
100
AcDbEntity
  8
0
100
AcDbLine
 10
18.228189999999998
 20
8.22296
 30
0.0
 11
18.206699999999998
 21
8.21654
 31
0.0
  0
LINE
  5
819
330
17
100
AcDbEntity
  8
0
100
AcDbLine
 10
18.206699999999998
 20
8.21654
 30
0.0
 11
18.11426
 21
8.19835
 31
0.0
  0
LINE
  5
81A
330
17
100
AcDbEntity
  8
0
100
AcDbLine
 10
18.11426
 20
8.19835
 30
0.0
 11
18.02046
 21
8.18959
 31
0.0
  0
LINE
  5
81B
330
17
100
AcDbEntity
  8
0
100
AcDbLine
 10
18.02046
 20
8.18959
 30
0.0
 11
17.69059
 21
8.18259
 31
0.0
  0
LINE
  5
81C
330
17
100
AcDbEntity
  8
0
100
AcDbLine
 10
17.69059
 20
8.18259
 30
0.0
 11
17.31338
 21
8.17621
 31
0.0
  0
LINE
  5
81D
330
17
100
AcDbEntity
  8
0
100
AcDbLine
 10
17.31338
 20
8.17621
 30
0.0
 11
17.25715
 21
8.1716
 31
0.0
  0
LINE
  5
81E
330
17
100
AcDbEntity
  8
0
100
AcDbLine
 10
17.25715
 20
8.1716
 30
0.0
 11
17.201629999999998
 21
8.16162
 31
0.0
  0
LINE
  5
81F
330
17
100
AcDbEntity
  8
0
100
AcDbLine
 10
17.201629999999998
 20
8.16162
 30
0.0
 11
17.147309999999997
 21
8.14637
 31
0.0
  0
LINE
  5
820
330
17
100
AcDbEntity
  8
0
100
AcDbLine
 10
17.147309999999997
 20
8.14637
 30
0.0
 11
17.13332
 21
8.14086
 31
0.0
  0
LINE
  5
821
330
17
100
AcDbEntity
  8
0
100
AcDbLine
 10
17.13332
 20
8.14086
 30
0.0
 11
17.12
 21
8.133899999999999
 31
0.0
  0
LINE
  5
822
330
17
100
AcDbEntity
  8
0
100
AcDbLine
 10
17.12
 20
8.133899999999999
 30
0.0
 11
17.10749
 21
8.12556
 31
0.0
  0
LINE
  5
823
330
17
100
AcDbEntity
  8
0
100
AcDbLine
 10
17.10749
 20
8.12556
 30
0.0
 11
17.09594
 21
8.11593
 31
0.0
  0
LINE
  5
824
330
17
100
AcDbEntity
  8
0
100
AcDbLine
 10
17.09594
 20
8.11593
 30
0.0
 11
17.08548
 21
8.10514
 31
0.0
  0
LINE
  5
825
330
17
100
AcDbEntity
  8
0
100
AcDbLine
 10
17.08548
 20
8.10514
 30
0.0
 11
17.076230000000002
 21
8.09329
 31
0.0
  0
LINE
  5
826
330
17
100
AcDbEntity
  8
0
100
AcDbLine
 10
17.076230000000002
 20
8.09329
 30
0.0
 11
17.06828
 21
8.08052
 31
0.0
  0
LINE
  5
827
330
17
100
AcDbEntity
  8
0
100
AcDbLine
 10
17.06828
 20
8.08052
 30
0.0
 11
17.057760000000002
 21
8.058900000000001
 31
0.0
  0
LINE
  5
828
330
17
100
AcDbEntity
  8
0
100
AcDbLine
 10
17.057760000000002
 20
8.058900000000001
 30
0.0
 11
17.04947
 21
8.03634
 31
0.0
  0
LINE
  5
829
330
17
100
AcDbEntity
  8
0
100
AcDbLine
 10
17.04947
 20
8.03634
 30
0.0
 11
17.04348
 21
8.013050000000002
 31
0.0
  0
LINE
  5
82A
330
17
100
AcDbEntity
  8
0
100
AcDbLine
 10
17.04348
 20
8.013050000000002
 30
0.0
 11
17.039869999999997
 21
7.98929
 31
0.0
  0
LINE
  5
82B
330
17
100
AcDbEntity
  8
0
100
AcDbLine
 10
17.039869999999997
 20
7.98929
 30
0.0
 11
17.03866
 21
7.96528
 31
0.0
  0
LINE
  5
82C
330
17
100
AcDbEntity
  8
0
100
AcDbLine
 10
17.03866
 20
7.96528
 30
0.0
 11
17.03745
 21
7.941260000000001
 31
0.0
  0
LINE
  5
82D
330
17
100
AcDbEntity
  8
0
100
AcDbLine
 10
17.03745
 20
7.941260000000001
 30
0.0
 11
17.03383
 21
7.9174999999999995
 31
0.0
  0
LINE
  5
82E
330
17
100
AcDbEntity
  8
0
100
AcDbLine
 10
17.03383
 20
7.9174999999999995
 30
0.0
 11
17.02785
 21
7.89421
 31
0.0
  0
LINE
  5
82F
330
17
100
AcDbEntity
  8
0
100
AcDbLine
 10
17.02785
 20
7.89421
 30
0.0
 11
17.019550000000002
 21
7.871649999999999
 31
0.0
  0
LINE
  5
830
330
17
100
AcDbEntity
  8
0
100
AcDbLine
 10
17.019550000000002
 20
7.871649999999999
 30
0.0
 11
17.009030000000003
 21
7.850029999999999
 31
0.0
  0
LINE
  5
831
330
17
100
AcDbEntity
  8
0
100
AcDbLine
 10
17.009030000000003
 20
7.850029999999999
 30
0.0
 11
17.00109
 21
7.837260000000001
 31
0.0
  0
LINE
  5
832
330
17
100
AcDbEntity
  8
0
100
AcDbLine
 10
17.00109
 20
7.837260000000001
 30
0.0
 11
16.99184
 21
7.82541
 31
0.0
  0
LINE
  5
833
330
17
100
AcDbEntity
  8
0
100
AcDbLine
 10
16.99184
 20
7.82541
 30
0.0
 11
16.98137
 21
7.81462
 31
0.0
  0
LINE
  5
834
330
17
100
AcDbEntity
  8
0
100
AcDbLine
 10
16.98137
 20
7.81462
 30
0.0
 11
16.96982
 21
7.80499
 31
0.0
  0
LINE
  5
835
330
17
100
AcDbEntity
  8
0
100
AcDbLine
 10
16.96982
 20
7.80499
 30
0.0
 11
16.957320000000003
 21
7.79665
 31
0.0
  0
LINE
  5
836
330
17
100
AcDbEntity
  8
0
100
AcDbLine
 10
16.957320000000003
 20
7.79665
 30
0.0
 11
16.94399
 21
7.78969
 31
0.0
  0
LINE
  5
837
330
17
100
AcDbEntity
  8
0
100
AcDbLine
 10
16.94399
 20
7.78969
 30
0.0
 11
16.93
 21
7.78418
 31
0.0
  0
LINE
  5
838
330
17
100
AcDbEntity
  8
0
100
AcDbLine
 10
16.93
 20
7.78418
 30
0.0
 11
16.87569
 21
7.76893
 31
0.0
  0
LINE
  5
839
330
17
100
AcDbEntity
  8
0
100
AcDbLine
 10
16.87569
 20
7.76893
 30
0.0
 11
16.82016
 21
7.75895
 31
0.0
  0
LINE
  5
83A
330
17
100
AcDbEntity
  8
0
100
AcDbLine
 10
16.82016
 20
7.75895
 30
0.0
 11
16.76394
 21
7.75434
 31
0.0
  0
LINE
  5
83B
330
17
100
AcDbEntity
  8
0
100
AcDbLine
 10
16.76394
 20
7.75434
 30
0.0
 11
16.38673
 21
7.74796
 31
0.0
  0
LINE
  5
83C
330
17
100
AcDbEntity
  8
0
100
AcDbLine
 10
16.38673
 20
7.74796
 30
0.0
 11
15.734789999999998
 21
7.74796
 31
0.0
  0
LINE
  5
83D
330
17
100
AcDbEntity
  8
0
100
AcDbLine
 10
15.734789999999998
 20
7.74796
 30
0.0
 11
15.734789999999998
 21
8.07393
 31
0.0
  0
LINE
  5
83E
330
17
100
AcDbEntity
  8
0
100
AcDbLine
 10
15.734789999999998
 20
8.07393
 30
0.0
 11
15.73066
 21
8.1738
 31
0.0
  0
LINE
  5
83F
330
17
100
AcDbEntity
  8
0
100
AcDbLine
 10
15.73066
 20
8.1738
 30
0.0
 11
15.718269999999999
 21
8.272989999999998
 31
0.0
  0
LINE
  5
840
330
17
100
AcDbEntity
  8
0
100
AcDbLine
 10
15.718269999999999
 20
8.272989999999998
 30
0.0
 11
15.715699999999998
 21
8.2847
 31
0.0
  0
LINE
  5
841
330
17
100
AcDbEntity
  8
0
100
AcDbLine
 10
15.715699999999998
 20
8.2847
 30
0.0
 11
15.711969999999999
 21
8.296080000000002
 31
0.0
  0
LINE
  5
842
330
17
100
AcDbEntity
  8
0
100
AcDbLine
 10
15.711969999999999
 20
8.296080000000002
 30
0.0
 11
15.707120000000002
 21
8.30704
 31
0.0
  0
LINE
  5
843
330
17
100
AcDbEntity
  8
0
100
AcDbLine
 10
15.707120000000002
 20
8.30704
 30
0.0
 11
15.70119
 21
8.317450000000001
 31
0.0
  0
LINE
  5
844
330
17
100
AcDbEntity
  8
0
100
AcDbLine
 10
15.70119
 20
8.317450000000001
 30
0.0
 11
15.694240000000002
 21
8.32721
 31
0.0
  0
LINE
  5
845
330
17
100
AcDbEntity
  8
0
100
AcDbLine
 10
15.694240000000002
 20
8.32721
 30
0.0
 11
15.68634
 21
8.33623
 31
0.0
  0
LINE
  5
846
330
17
100
AcDbEntity
  8
0
100
AcDbLine
 10
15.68634
 20
8.33623
 30
0.0
 11
15.67758
 21
8.3444
 31
0.0
  0
LINE
  5
847
330
17
100
AcDbEntity
  8
0
100
AcDbLine
 10
15.67758
 20
8.3444
 30
0.0
 11
15.66805
 21
8.35166
 31
0.0
  0
LINE
  5
848
330
17
100
AcDbEntity
  8
0
100
AcDbLine
 10
15.66805
 20
8.35166
 30
0.0
 11
15.65783
 21
8.35792
 31
0.0
  0
LINE
  5
849
330
17
100
AcDbEntity
  8
0
100
AcDbLine
 10
15.65783
 20
8.35792
 30
0.0
 11
15.633129999999998
 21
8.36993
 31
0.0
  0
LINE
  5
84A
330
17
100
AcDbEntity
  8
0
100
AcDbLine
 10
15.633129999999998
 20
8.36993
 30
0.0
 11
15.60741
 21
8.379589999999999
 31
0.0
  0
LINE
  5
84B
330
17
100
AcDbEntity
  8
0
100
AcDbLine
 10
15.60741
 20
8.379589999999999
 30
0.0
 11
15.5809
 21
8.3868
 31
0.0
  0
LINE
  5
84C
330
17
100
AcDbEntity
  8
0
100
AcDbLine
 10
15.5809
 20
8.3868
 30
0.0
 11
15.55383
 21
8.39151
 31
0.0
  0
LINE
  5
84D
330
17
100
AcDbEntity
  8
0
100
AcDbLine
 10
15.55383
 20
8.39151
 30
0.0
 11
15.52645
 21
8.39367
 31
0.0
  0
LINE
  5
84E
330
17
100
AcDbEntity
  8
0
100
AcDbLine
 10
15.52645
 20
8.39367
 30
0.0
 11
15.40374
 21
8.395629999999999
 31
0.0
  0
LINE
  5
84F
330
17
100
AcDbEntity
  8
0
100
AcDbLine
 10
15.40374
 20
8.395629999999999
 30
0.0
 11
15.13719
 21
8.3999
 31
0.0
  0
LINE
  5
850
330
17
100
AcDbEntity
  8
0
100
AcDbLine
 10
15.13719
 20
8.3999
 30
0.0
 11
14.53959
 21
8.3999
 31
0.0
  0
LINE
  5
851
330
17
100
AcDbEntity
  8
0
100
AcDbLine
 10
14.53959
 20
8.3999
 30
0.0
 11
14.53959
 21
8.56288
 31
0.0
  0
LINE
  5
852
330
17
100
AcDbEntity
  8
0
100
AcDbLine
 10
14.53959
 20
8.56288
 30
0.0
 11
14.53959
 21
9.16845
 31
0.0
  0
LINE
  5
853
330
17
100
AcDbEntity
  8
0
100
AcDbLine
 10
14.53959
 20
9.16845
 30
0.0
 11
14.53395
 21
9.60792
 31
0.0
  0
LINE
  5
854
330
17
100
AcDbEntity
  8
0
100
AcDbLine
 10
14.53395
 20
9.60792
 30
0.0
 11
14.52984
 21
9.67223
 31
0.0
  0
LINE
  5
855
330
17
100
AcDbEntity
  8
0
100
AcDbLine
 10
14.52984
 20
9.67223
 30
0.0
 11
14.52085
 21
9.736049999999999
 31
0.0
  0
LINE
  5
856
330
17
100
AcDbEntity
  8
0
100
AcDbLine
 10
14.52085
 20
9.736049999999999
 30
0.0
 11
14.50702
 21
9.79899
 31
0.0
  0
LINE
  5
857
330
17
100
AcDbEntity
  8
0
100
AcDbLine
 10
14.50702
 20
9.79899
 30
0.0
 11
14.50254
 21
9.81308
 31
0.0
  0
LINE
  5
858
330
17
100
AcDbEntity
  8
0
100
AcDbLine
 10
14.50254
 20
9.81308
 30
0.0
 11
14.4966
 21
9.82662
 31
0.0
  0
LINE
  5
859
330
17
100
AcDbEntity
  8
0
100
AcDbLine
 10
14.4966
 20
9.82662
 30
0.0
 11
14.48925
 21
9.83944
 31
0.0
  0
LINE
  5
85A
330
17
100
AcDbEntity
  8
0
100
AcDbLine
 10
14.48925
 20
9.83944
 30
0.0
 11
14.48058
 21
9.85142
 31
0.0
  0
LINE
  5
85B
330
17
100
AcDbEntity
  8
0
100
AcDbLine
 10
14.48058
 20
9.85142
 30
0.0
 11
14.47069
 21
9.86241
 31
0.0
  0
LINE
  5
85C
330
17
100
AcDbEntity
  8
0
100
AcDbLine
 10
14.47069
 20
9.86241
 30
0.0
 11
14.45969
 21
9.872290000000001
 31
0.0
  0
LINE
  5
85D
330
17
100
AcDbEntity
  8
0
100
AcDbLine
 10
14.45969
 20
9.872290000000001
 30
0.0
 11
14.44771
 21
9.880939999999999
 31
0.0
  0
LINE
  5
85E
330
17
100
AcDbEntity
  8
0
100
AcDbLine
 10
14.44771
 20
9.880939999999999
 30
0.0
 11
14.436620000000001
 21
9.88736
 31
0.0
  0
LINE
  5
85F
330
17
100
AcDbEntity
  8
0
100
AcDbLine
 10
14.436620000000001
 20
9.88736
 30
0.0
 11
14.42496
 21
9.892679999999999
 31
0.0
  0
LINE
  5
860
330
17
100
AcDbEntity
  8
0
100
AcDbLine
 10
14.42496
 20
9.892679999999999
 30
0.0
 11
14.412849999999999
 21
9.89687
 31
0.0
  0
LINE
  5
861
330
17
100
AcDbEntity
  8
0
100
AcDbLine
 10
14.412849999999999
 20
9.89687
 30
0.0
 11
14.400400000000001
 21
9.89988
 31
0.0
  0
LINE
  5
862
330
17
100
AcDbEntity
  8
0
100
AcDbLine
 10
14.400400000000001
 20
9.89988
 30
0.0
 11
14.38771
 21
9.90169
 31
0.0
  0
LINE
  5
863
330
17
100
AcDbEntity
  8
0
100
AcDbLine
 10
14.38771
 20
9.90169
 30
0.0
 11
14.37491
 21
9.90228
 31
0.0
  0
LINE
  5
864
330
17
100
AcDbEntity
  8
0
100
AcDbLine
 10
14.37491
 20
9.90228
 30
0.0
 11
14.36212
 21
9.90164
 31
0.0
  0
LINE
  5
865
330
17
100
AcDbEntity
  8
0
100
AcDbLine
 10
14.36212
 20
9.90164
 30
0.0
 11
14.34944
 21
9.899790000000001
 31
0.0
  0
LINE
  5
866
330
17
100
AcDbEntity
  8
0
100
AcDbLine
 10
14.34944
 20
9.899790000000001
 30
0.0
 11
14.331760000000001
 21
9.89539
 31
0.0
  0
LINE
  5
867
330
17
100
AcDbEntity
  8
0
100
AcDbLine
 10
14.331760000000001
 20
9.89539
 30
0.0
 11
14.3146
 21
9.889240000000001
 31
0.0
  0
LINE
  5
868
330
17
100
AcDbEntity
  8
0
100
AcDbLine
 10
14.3146
 20
9.889240000000001
 30
0.0
 11
14.298160000000001
 21
9.881400000000001
 31
0.0
  0
LINE
  5
869
330
17
100
AcDbEntity
  8
0
100
AcDbLine
 10
14.298160000000001
 20
9.881400000000001
 30
0.0
 11
14.28258
 21
9.871939999999999
 31
0.0
  0
LINE
  5
86A
330
17
100
AcDbEntity
  8
0
100
AcDbLine
 10
14.28258
 20
9.871939999999999
 30
0.0
 11
14.26804
 21
9.86096
 31
0.0
  0
LINE
  5
86B
330
17
100
AcDbEntity
  8
0
100
AcDbLine
 10
14.26804
 20
9.86096
 30
0.0
 11
14.25467
 21
9.848579999999998
 31
0.0
  0
LINE
  5
86C
330
17
100
AcDbEntity
  8
0
100
AcDbLine
 10
14.25467
 20
9.848579999999998
 30
0.0
 11
14.23916
 21
9.83104
 31
0.0
  0
LINE
  5
86D
330
17
100
AcDbEntity
  8
0
100
AcDbLine
 10
14.23916
 20
9.83104
 30
0.0
 11
14.22545
 21
9.812059999999999
 31
0.0
  0
LINE
  5
86E
330
17
100
AcDbEntity
  8
0
100
AcDbLine
 10
14.22545
 20
9.812059999999999
 30
0.0
 11
14.21368
 21
9.79182
 31
0.0
  0
LINE
  5
86F
330
17
100
AcDbEntity
  8
0
100
AcDbLine
 10
14.21368
 20
9.79182
 30
0.0
 11
14.20395
 21
9.77052
 31
0.0
  0
LINE
  5
870
330
17
100
AcDbEntity
  8
0
100
AcDbLine
 10
14.20395
 20
9.77052
 30
0.0
 11
14.19637
 21
9.74836
 31
0.0
  0
LINE
  5
871
330
17
100
AcDbEntity
  8
0
100
AcDbLine
 10
14.19637
 20
9.74836
 30
0.0
 11
14.18184
 21
9.689309999999999
 31
0.0
  0
LINE
  5
872
330
17
100
AcDbEntity
  8
0
100
AcDbLine
 10
14.18184
 20
9.689309999999999
 30
0.0
 11
14.17196
 21
9.6293
 31
0.0
  0
LINE
  5
873
330
17
100
AcDbEntity
  8
0
100
AcDbLine
 10
14.17196
 20
9.6293
 30
0.0
 11
14.16681
 21
9.5687
 31
0.0
  0
LINE
  5
874
330
17
100
AcDbEntity
  8
0
100
AcDbLine
 10
14.16681
 20
9.5687
 30
0.0
 11
14.15929
 21
9.23969
 31
0.0
  0
LINE
  5
875
330
17
100
AcDbEntity
  8
0
100
AcDbLine
 10
14.15929
 20
9.23969
 30
0.0
 11
14.15929
 21
8.616810000000001
 31
0.0
  0
LINE
  5
876
330
17
100
AcDbEntity
  8
0
100
AcDbLine
 10
14.15929
 20
8.616810000000001
 30
0.0
 11
12.47514
 21
8.61721
 31
0.0
  0
LINE
  5
877
330
17
100
AcDbEntity
  8
0
100
AcDbLine
 10
12.47514
 20
8.61721
 30
0.0
 11
12.47514
 21
9.92107
 31
0.0
  0
LINE
  5
878
330
17
100
AcDbEntity
  8
0
100
AcDbLine
 10
12.47514
 20
9.92107
 30
0.0
 11
13.779
 21
9.92107
 31
0.0
  0
LINE
  5
879
330
17
100
AcDbEntity
  8
0
100
AcDbLine
 10
13.779
 20
9.92107
 30
0.0
 11
13.779
 21
11.931189999999999
 31
0.0
  0
LINE
  5
87A
330
17
100
AcDbEntity
  8
0
100
AcDbLine
 10
13.779
 20
11.931189999999999
 30
0.0
 11
13.779
 21
13.055670000000001
 31
0.0
  0
LINE
  5
87B
330
17
100
AcDbEntity
  8
0
100
AcDbLine
 10
13.779
 20
13.055670000000001
 30
0.0
 11
13.779
 21
13.39804
 31
0.0
  0
LINE
  5
87C
330
17
100
AcDbEntity
  8
0
100
AcDbLine
 10
13.779
 20
13.39804
 30
0.0
 11
13.12707
 21
13.39804
 31
0.0
  0
LINE
  5
87D
330
17
100
AcDbEntity
  8
0
100
AcDbLine
 10
13.12707
 20
13.39804
 30
0.0
 11
12.71833
 21
13.40404
 31
0.0
  0
LINE
  5
87E
330
17
100
AcDbEntity
  8
0
100
AcDbLine
 10
12.71833
 20
13.40404
 30
0.0
 11
12.67966
 21
13.40695
 31
0.0
  0
LINE
  5
87F
330
17
100
AcDbEntity
  8
0
100
AcDbLine
 10
12.67966
 20
13.40695
 30
0.0
 11
12.64142
 21
13.41337
 31
0.0
  0
LINE
  5
880
330
17
100
AcDbEntity
  8
0
100
AcDbLine
 10
12.64142
 20
13.41337
 30
0.0
 11
12.60393
 21
13.423259999999999
 31
0.0
  0
LINE
  5
881
330
17
100
AcDbEntity
  8
0
100
AcDbLine
 10
12.60393
 20
13.423259999999999
 30
0.0
 11
12.567490000000001
 21
13.43652
 31
0.0
  0
LINE
  5
882
330
17
100
AcDbEntity
  8
0
100
AcDbLine
 10
12.567490000000001
 20
13.43652
 30
0.0
 11
12.55673
 21
13.44164
 31
0.0
  0
LINE
  5
883
330
17
100
AcDbEntity
  8
0
100
AcDbLine
 10
12.55673
 20
13.44164
 30
0.0
 11
12.546520000000001
 21
13.44779
 31
0.0
  0
LINE
  5
884
330
17
100
AcDbEntity
  8
0
100
AcDbLine
 10
12.546520000000001
 20
13.44779
 30
0.0
 11
12.53697
 21
13.45491
 31
0.0
  0
LINE
  5
885
330
17
100
AcDbEntity
  8
0
100
AcDbLine
 10
12.53697
 20
13.45491
 30
0.0
 11
12.52816
 21
13.46294
 31
0.0
  0
LINE
  5
886
330
17
100
AcDbEntity
  8
0
100
AcDbLine
 10
12.52816
 20
13.46294
 30
0.0
 11
12.520190000000001
 21
13.47179
 31
0.0
  0
LINE
  5
887
330
17
100
AcDbEntity
  8
0
100
AcDbLine
 10
12.520190000000001
 20
13.47179
 30
0.0
 11
12.51312
 21
13.48139
 31
0.0
  0
LINE
  5
888
330
17
100
AcDbEntity
  8
0
100
AcDbLine
 10
12.51312
 20
13.48139
 30
0.0
 11
12.50702
 21
13.491629999999999
 31
0.0
  0
LINE
  5
889
330
17
100
AcDbEntity
  8
0
100
AcDbLine
 10
12.50702
 20
13.491629999999999
 30
0.0
 11
12.501959999999999
 21
13.502419999999999
 31
0.0
  0
LINE
  5
88A
330
17
100
AcDbEntity
  8
0
100
AcDbLine
 10
12.501959999999999
 20
13.502419999999999
 30
0.0
 11
12.49799
 21
13.51365
 31
0.0
  0
LINE
  5
88B
330
17
100
AcDbEntity
  8
0
100
AcDbLine
 10
12.49799
 20
13.51365
 30
0.0
 11
12.48533
 21
13.56484
 31
0.0
  0
LINE
  5
88C
330
17
100
AcDbEntity
  8
0
100
AcDbLine
 10
12.48533
 20
13.56484
 30
0.0
 11
12.477689999999999
 21
13.61701
 31
0.0
  0
LINE
  5
88D
330
17
100
AcDbEntity
  8
0
100
AcDbLine
 10
12.477689999999999
 20
13.61701
 30
0.0
 11
12.47514
 21
13.66968
 31
0.0
  0
LINE
  5
88E
330
17
100
AcDbEntity
  8
0
100
AcDbLine
 10
12.47514
 20
13.66968
 30
0.0
 11
12.47136
 21
13.74407
 31
0.0
  0
LINE
  5
88F
330
17
100
AcDbEntity
  8
0
100
AcDbLine
 10
12.47136
 20
13.74407
 30
0.0
 11
12.46007
 21
13.81769
 31
0.0
  0
LINE
  5
890
330
17
100
AcDbEntity
  8
0
100
AcDbLine
 10
12.46007
 20
13.81769
 30
0.0
 11
12.45666
 21
13.830689999999999
 31
0.0
  0
LINE
  5
891
330
17
100
AcDbEntity
  8
0
100
AcDbLine
 10
12.45666
 20
13.830689999999999
 30
0.0
 11
12.45189
 21
13.84325
 31
0.0
  0
LINE
  5
892
330
17
100
AcDbEntity
  8
0
100
AcDbLine
 10
12.45189
 20
13.84325
 30
0.0
 11
12.44581
 21
13.855229999999999
 31
0.0
  0
LINE
  5
893
330
17
100
AcDbEntity
  8
0
100
AcDbLine
 10
12.44581
 20
13.855229999999999
 30
0.0
 11
12.43848
 21
13.86649
 31
0.0
  0
LINE
  5
894
330
17
100
AcDbEntity
  8
0
100
AcDbLine
 10
12.43848
 20
13.86649
 30
0.0
 11
12.42999
 21
13.876909999999999
 31
0.0
  0
LINE
  5
895
330
17
100
AcDbEntity
  8
0
100
AcDbLine
 10
12.42999
 20
13.876909999999999
 30
0.0
 11
12.420449999999999
 21
13.88637
 31
0.0
  0
LINE
  5
896
330
17
100
AcDbEntity
  8
0
100
AcDbLine
 10
12.420449999999999
 20
13.88637
 30
0.0
 11
12.409939999999999
 21
13.89475
 31
0.0
  0
LINE
  5
897
330
17
100
AcDbEntity
  8
0
100
AcDbLine
 10
12.409939999999999
 20
13.89475
 30
0.0
 11
12.39148
 21
13.906500000000001
 31
0.0
  0
LINE
  5
898
330
17
100
AcDbEntity
  8
0
100
AcDbLine
 10
12.39148
 20
13.906500000000001
 30
0.0
 11
12.37186
 21
13.91622
 31
0.0
  0
LINE
  5
899
330
17
100
AcDbEntity
  8
0
100
AcDbLine
 10
12.37186
 20
13.91622
 30
0.0
 11
12.351320000000001
 21
13.92379
 31
0.0
  0
LINE
  5
89A
330
17
100
AcDbEntity
  8
0
100
AcDbLine
 10
12.351320000000001
 20
13.92379
 30
0.0
 11
12.33009
 21
13.92912
 31
0.0
  0
LINE
  5
89B
330
17
100
AcDbEntity
  8
0
100
AcDbLine
 10
12.33009
 20
13.92912
 30
0.0
 11
12.30841
 21
13.932160000000001
 31
0.0
  0
LINE
  5
89C
330
17
100
AcDbEntity
  8
0
100
AcDbLine
 10
12.30841
 20
13.932160000000001
 30
0.0
 11
12.094840000000001
 21
13.94132
 31
0.0
  0
LINE
  5
89D
330
17
100
AcDbEntity
  8
0
100
AcDbLine
 10
12.094840000000001
 20
13.94132
 30
0.0
 11
11.89663
 21
13.95025
 31
0.0
  0
LINE
  5
89E
330
17
100
AcDbEntity
  8
0
100
AcDbLine
 10
11.89663
 20
13.95025
 30
0.0
 11
11.86857
 21
13.9543
 31
0.0
  0
LINE
  5
89F
330
17
100
AcDbEntity
  8
0
100
AcDbLine
 10
11.86857
 20
13.9543
 30
0.0
 11
11.84112
 21
13.96134
 31
0.0
  0
LINE
  5
8A0
330
17
100
AcDbEntity
  8
0
100
AcDbLine
 10
11.84112
 20
13.96134
 30
0.0
 11
11.81458
 21
13.97128
 31
0.0
  0
LINE
  5
8A1
330
17
100
AcDbEntity
  8
0
100
AcDbLine
 10
11.81458
 20
13.97128
 30
0.0
 11
11.78925
 21
13.984
 31
0.0
  0
LINE
  5
8A2
330
17
100
AcDbEntity
  8
0
100
AcDbLine
 10
11.78925
 20
13.984
 30
0.0
 11
11.77869
 21
13.99076
 31
0.0
  0
LINE
  5
8A3
330
17
100
AcDbEntity
  8
0
100
AcDbLine
 10
11.77869
 20
13.99076
 30
0.0
 11
11.768870000000001
 21
13.99853
 31
0.0
  0
LINE
  5
8A4
330
17
100
AcDbEntity
  8
0
100
AcDbLine
 10
11.768870000000001
 20
13.99853
 30
0.0
 11
11.759870000000001
 21
14.00725
 31
0.0
  0
LINE
  5
8A5
330
17
100
AcDbEntity
  8
0
100
AcDbLine
 10
11.759870000000001
 20
14.00725
 30
0.0
 11
11.75179
 21
14.016829999999999
 31
0.0
  0
LINE
  5
8A6
330
17
100
AcDbEntity
  8
0
100
AcDbLine
 10
11.75179
 20
14.016829999999999
 30
0.0
 11
11.74471
 21
14.02717
 31
0.0
  0
LINE
  5
8A7
330
17
100
AcDbEntity
  8
0
100
AcDbLine
 10
11.74471
 20
14.02717
 30
0.0
 11
11.73869
 21
14.03816
 31
0.0
  0
LINE
  5
8A8
330
17
100
AcDbEntity
  8
0
100
AcDbLine
 10
11.73869
 20
14.03816
 30
0.0
 11
11.73381
 21
14.0497
 31
0.0
  0
LINE
  5
8A9
330
17
100
AcDbEntity
  8
0
100
AcDbLine
 10
11.73381
 20
14.0497
 30
0.0
 11
11.72543
 21
14.0762
 31
0.0
  0
LINE
  5
8AA
330
17
100
AcDbEntity
  8
0
100
AcDbLine
 10
11.72543
 20
14.0762
 30
0.0
 11
11.7194
 21
14.10332
 31
0.0
  0
LINE
  5
8AB
330
17
100
AcDbEntity
  8
0
100
AcDbLine
 10
11.7194
 20
14.10332
 30
0.0
 11
11.715760000000001
 21
14.13087
 31
0.0
  0
LINE
  5
8AC
330
17
100
AcDbEntity
  8
0
100
AcDbLine
 10
11.715760000000001
 20
14.13087
 30
0.0
 11
11.714550000000001
 21
14.15863
 31
0.0
  0
LINE
  5
8AD
330
17
100
AcDbEntity
  8
0
100
AcDbLine
 10
11.714550000000001
 20
14.15863
 30
0.0
 11
11.71368
 21
14.1746
 31
0.0
  0
LINE
  5
8AE
330
17
100
AcDbEntity
  8
0
100
AcDbLine
 10
11.71368
 20
14.1746
 30
0.0
 11
11.71109
 21
14.190380000000001
 31
0.0
  0
LINE
  5
8AF
330
17
100
AcDbEntity
  8
0
100
AcDbLine
 10
11.71109
 20
14.190380000000001
 30
0.0
 11
11.706809999999999
 21
14.205779999999999
 31
0.0
  0
LINE
  5
8B0
330
17
100
AcDbEntity
  8
0
100
AcDbLine
 10
11.706809999999999
 20
14.205779999999999
 30
0.0
 11
11.70088
 21
14.22064
 31
0.0
  0
LINE
  5
8B1
330
17
100
AcDbEntity
  8
0
100
AcDbLine
 10
11.70088
 20
14.22064
 30
0.0
 11
11.69338
 21
14.234760000000001
 31
0.0
  0
LINE
  5
8B2
330
17
100
AcDbEntity
  8
0
100
AcDbLine
 10
11.69338
 20
14.234760000000001
 30
0.0
 11
11.684389999999999
 21
14.24799
 31
0.0
  0
LINE
  5
8B3
330
17
100
AcDbEntity
  8
0
100
AcDbLine
 10
11.684389999999999
 20
14.24799
 30
0.0
 11
11.67403
 21
14.26017
 31
0.0
  0
LINE
  5
8B4
330
17
100
AcDbEntity
  8
0
100
AcDbLine
 10
11.67403
 20
14.26017
 30
0.0
 11
11.6624
 21
14.27115
 31
0.0
  0
LINE
  5
8B5
330
17
100
AcDbEntity
  8
0
100
AcDbLine
 10
11.6624
 20
14.27115
 30
0.0
 11
11.649659999999999
 21
14.28082
 31
0.0
  0
LINE
  5
8B6
330
17
100
AcDbEntity
  8
0
100
AcDbLine
 10
11.649659999999999
 20
14.28082
 30
0.0
 11
11.635940000000002
 21
14.28904
 31
0.0
  0
LINE
  5
8B7
330
17
100
AcDbEntity
  8
0
100
AcDbLine
 10
11.635940000000002
 20
14.28904
 30
0.0
 11
11.62142
 21
14.295729999999999
 31
0.0
  0
LINE
  5
8B8
330
17
100
AcDbEntity
  8
0
100
AcDbLine
 10
11.62142
 20
14.295729999999999
 30
0.0
 11
11.606250000000001
 21
14.30081
 31
0.0
  0
LINE
  5
8B9
330
17
100
AcDbEntity
  8
0
100
AcDbLine
 10
11.606250000000001
 20
14.30081
 30
0.0
 11
11.590629999999999
 21
14.304219999999999
 31
0.0
  0
LINE
  5
8BA
330
17
100
AcDbEntity
  8
0
100
AcDbLine
 10
11.590629999999999
 20
14.304219999999999
 30
0.0
 11
11.574720000000001
 21
14.305909999999999
 31
0.0
  0
LINE
  5
8BB
330
17
100
AcDbEntity
  8
0
100
AcDbLine
 10
11.574720000000001
 20
14.305909999999999
 30
0.0
 11
11.47843
 21
14.30945
 31
0.0
  0
LINE
  5
8BC
330
17
100
AcDbEntity
  8
0
100
AcDbLine
 10
11.47843
 20
14.30945
 30
0.0
 11
10.42427
 21
14.34819
 31
0.0
  0
LINE
  5
8BD
330
17
100
AcDbEntity
  8
0
100
AcDbLine
 10
10.42427
 20
14.34819
 30
0.0
 11
10.252650000000001
 21
14.350129999999998
 31
0.0
  0
LINE
  5
8BE
330
17
100
AcDbEntity
  8
0
100
AcDbLine
 10
10.252650000000001
 20
14.350129999999998
 30
0.0
 11
8.3818
 21
14.37128
 31
0.0
  0
LINE
  5
8BF
330
17
100
AcDbEntity
  8
0
100
AcDbLine
 10
8.3818
 20
14.37128
 30
0.0
 11
8.29895
 21
14.37222
 31
0.0
  0
LINE
  5
8C0
330
17
100
AcDbEntity
  8
0
100
AcDbLine
 10
8.29895
 20
14.37222
 30
0.0
 11
3.5149399999999993
 21
14.37488
 31
0.0
  0
LINE
  5
8C1
330
17
100
AcDbEntity
  8
0
100
AcDbLine
 10
3.5149399999999997
 20
14.37488
 30
0.0
 11
1.60961
 21
14.37594
 31
0.0
  0
LINE
  5
8C2
330
17
100
AcDbEntity
  8
0
100
AcDbLine
 10
1.60961
 20
14.37594
 30
0.0
 11
-3.5515100000000004
 21
14.37594
 31
0.0
  0
LINE
  5
8C3
330
17
100
AcDbEntity
  8
0
100
AcDbLine
 10
-3.55151
 20
14.37594
 30
0.0
 11
-8.495320000000001
 21
14.37594
 31
0.0
  0
LINE
  5
8C4
330
17
100
AcDbEntity
  8
0
100
AcDbLine
 10
-8.495320000000001
 20
14.37594
 30
0.0
 11
-8.495320000000001
 21
16.71203
 31
0.0
  0
LINE
  5
8C5
330
17
100
AcDbEntity
  8
0
100
AcDbLine
 10
-8.495320000000001
 20
16.71203
 30
0.0
 11
-8.49957
 21
18.2124
 31
0.0
  0
LINE
  5
8C6
330
17
100
AcDbEntity
  8
0
100
AcDbLine
 10
-8.49957
 20
18.2124
 30
0.0
 11
-8.52501
 21
18.728939999999998
 31
0.0
  0
LINE
  5
8C7
330
17
100
AcDbEntity
  8
0
100
AcDbLine
 10
-8.52501
 20
18.728939999999998
 30
0.0
 11
-8.537090000000001
 21
18.81035
 31
0.0
  0
LINE
  5
8C8
330
17
100
AcDbEntity
  8
0
100
AcDbLine
 10
-8.537090000000001
 20
18.81035
 30
0.0
 11
-8.55796
 21
18.889969999999998
 31
0.0
  0
LINE
  5
8C9
330
17
100
AcDbEntity
  8
0
100
AcDbLine
 10
-8.55796
 20
18.889969999999998
 30
0.0
 11
-8.58736
 21
18.966839999999998
 31
0.0
  0
LINE
  5
8CA
330
17
100
AcDbEntity
  8
0
100
AcDbLine
 10
-8.58736
 20
18.966839999999998
 30
0.0
 11
-8.59388
 21
18.97962
 31
0.0
  0
LINE
  5
8CB
330
17
100
AcDbEntity
  8
0
100
AcDbLine
 10
-8.59388
 20
18.97962
 30
0.0
 11
-8.60171
 21
18.99165
 31
0.0
  0
LINE
  5
8CC
330
17
100
AcDbEntity
  8
0
100
AcDbLine
 10
-8.60171
 20
18.99165
 30
0.0
 11
-8.61075
 21
19.002789999999997
 31
0.0
  0
LINE
  5
8CD
330
17
100
AcDbEntity
  8
0
100
AcDbLine
 10
-8.61075
 20
19.002789999999997
 30
0.0
 11
-8.6209
 21
19.01293
 31
0.0
  0
LINE
  5
8CE
330
17
100
AcDbEntity
  8
0
100
AcDbLine
 10
-8.6209
 20
19.01293
 30
0.0
 11
-8.632050000000001
 21
19.02196
 31
0.0
  0
LINE
  5
8CF
330
17
100
AcDbEntity
  8
0
100
AcDbLine
 10
-8.632050000000001
 20
19.02196
 30
0.0
 11
-8.64409
 21
19.02976
 31
0.0
  0
LINE
  5
8D0
330
17
100
AcDbEntity
  8
0
100
AcDbLine
 10
-8.64409
 20
19.02976
 30
0.0
 11
-8.656880000000001
 21
19.036270000000002
 31
0.0
  0
LINE
  5
8D1
330
17
100
AcDbEntity
  8
0
100
AcDbLine
 10
-8.656880000000001
 20
19.036270000000002
 30
0.0
 11
-8.67028
 21
19.041410000000003
 31
0.0
  0
LINE
  5
8D2
330
17
100
AcDbEntity
  8
0
100
AcDbLine
 10
-8.67028
 20
19.041410000000003
 30
0.0
 11
-8.68414
 21
19.045119999999997
 31
0.0
  0
LINE
  5
8D3
330
17
100
AcDbEntity
  8
0
100
AcDbLine
 10
-8.68414
 20
19.045119999999997
 30
0.0
 11
-8.698310000000001
 21
19.047359999999998
 31
0.0
  0
LINE
  5
8D4
330
17
100
AcDbEntity
  8
0
100
AcDbLine
 10
-8.698310000000001
 20
19.047359999999998
 30
0.0
 11
-8.71264
 21
19.04811
 31
0.0
  0
LINE
  5
8D5
330
17
100
AcDbEntity
  8
0
100
AcDbLine
 10
-8.71264
 20
19.04811
 30
0.0
 11
-8.72694
 21
19.04737
 31
0.0
  0
LINE
  5
8D6
330
17
100
AcDbEntity
  8
0
100
AcDbLine
 10
-8.72694
 20
19.04737
 30
0.0
 11
-8.74108
 21
19.04513
 31
0.0
  0
LINE
  5
8D7
330
17
100
AcDbEntity
  8
0
100
AcDbLine
 10
-8.74108
 20
19.04513
 30
0.0
 11
-8.754919999999998
 21
19.04144
 31
0.0
  0
LINE
  5
8D8
330
17
100
AcDbEntity
  8
0
100
AcDbLine
 10
-8.754919999999998
 20
19.04144
 30
0.0
 11
-8.7683
 21
19.03632
 31
0.0
  0
LINE
  5
8D9
330
17
100
AcDbEntity
  8
0
100
AcDbLine
 10
-8.7683
 20
19.03632
 30
0.0
 11
-8.78107
 21
19.02984
 31
0.0
  0
LINE
  5
8DA
330
17
100
AcDbEntity
  8
0
100
AcDbLine
 10
-8.78107
 20
19.02984
 30
0.0
 11
-8.793099999999999
 21
19.02207
 31
0.0
  0
LINE
  5
8DB
330
17
100
AcDbEntity
  8
0
100
AcDbLine
 10
-8.793099999999999
 20
19.02207
 30
0.0
 11
-8.80425
 21
19.013080000000002
 31
0.0
  0
LINE
  5
8DC
330
17
100
AcDbEntity
  8
0
100
AcDbLine
 10
-8.80425
 20
19.013080000000002
 30
0.0
 11
-8.8144
 21
19.00298
 31
0.0
  0
LINE
  5
8DD
330
17
100
AcDbEntity
  8
0
100
AcDbLine
 10
-8.8144
 20
19.00298
 30
0.0
 11
-8.82345
 21
18.991870000000002
 31
0.0
  0
LINE
  5
8DE
330
17
100
AcDbEntity
  8
0
100
AcDbLine
 10
-8.82345
 20
18.991870000000002
 30
0.0
 11
-8.831290000000001
 21
18.979889999999997
 31
0.0
  0
LINE
  5
8DF
330
17
100
AcDbEntity
  8
0
100
AcDbLine
 10
-8.831290000000001
 20
18.979889999999997
 30
0.0
 11
-8.83784
 21
18.96715
 31
0.0
  0
LINE
  5
8E0
330
17
100
AcDbEntity
  8
0
100
AcDbLine
 10
-8.83784
 20
18.96715
 30
0.0
 11
-8.860700000000001
 21
18.91017
 31
0.0
  0
LINE
  5
8E1
330
17
100
AcDbEntity
  8
0
100
AcDbLine
 10
-8.860700000000001
 20
18.91017
 30
0.0
 11
-8.8788
 21
18.8515
 31
0.0
  0
LINE
  5
8E2
330
17
100
AcDbEntity
  8
0
100
AcDbLine
 10
-8.8788
 20
18.8515
 30
0.0
 11
-8.89201
 21
18.791539999999998
 31
0.0
  0
LINE
  5
8E3
330
17
100
AcDbEntity
  8
0
100
AcDbLine
 10
-8.89201
 20
18.791539999999998
 30
0.0
 11
-8.90024
 21
18.730690000000003
 31
0.0
  0
LINE
  5
8E4
330
17
100
AcDbEntity
  8
0
100
AcDbLine
 10
-8.90024
 20
18.730690000000003
 30
0.0
 11
-8.92569
 21
18.21707
 31
0.0
  0
LINE
  5
8E5
330
17
100
AcDbEntity
  8
0
100
AcDbLine
 10
-8.92569
 20
18.21707
 30
0.0
 11
-8.929950000000002
 21
16.72606
 31
0.0
  0
LINE
  5
8E6
330
17
100
AcDbEntity
  8
0
100
AcDbLine
 10
-8.929950000000002
 20
16.72606
 30
0.0
 11
-8.929950000000002
 21
14.40402
 31
0.0
  0
LINE
  5
8E7
330
17
100
AcDbEntity
  8
0
100
AcDbLine
 10
-8.929950000000002
 20
14.40402
 30
0.0
 11
-9.69736
 21
14.3284
 31
0.0
  0
LINE
  5
8E8
330
17
100
AcDbEntity
  8
0
100
AcDbLine
 10
-9.69736
 20
14.3284
 30
0.0
 11
-10.02845
 21
14.28815
 31
0.0
  0
LINE
  5
8E9
330
17
100
AcDbEntity
  8
0
100
AcDbLine
 10
-10.02845
 20
14.28815
 30
0.0
 11
-10.38895
 21
14.22959
 31
0.0
  0
LINE
  5
8EA
330
17
100
AcDbEntity
  8
0
100
AcDbLine
 10
-10.38895
 20
14.22959
 30
0.0
 11
-10.72503
 21
14.162889999999999
 31
0.0
  0
LINE
  5
8EB
330
17
100
AcDbEntity
  8
0
100
AcDbLine
 10
-10.72503
 20
14.162889999999999
 30
0.0
 11
-10.974060000000001
 21
14.09822
 31
0.0
  0
LINE
  5
8EC
330
17
100
AcDbEntity
  8
0
100
AcDbLine
 10
-10.974060000000001
 20
14.09822
 30
0.0
 11
-11.10081
 21
14.06423
 31
0.0
  0
LINE
  5
8ED
330
17
100
AcDbEntity
  8
0
100
AcDbLine
 10
-11.10081
 20
14.06423
 30
0.0
 11
-11.22951
 21
14.03859
 31
0.0
  0
LINE
  5
8EE
330
17
100
AcDbEntity
  8
0
100
AcDbLine
 10
-11.22951
 20
14.03859
 30
0.0
 11
-11.58908
 21
13.98842
 31
0.0
  0
LINE
  5
8EF
330
17
100
AcDbEntity
  8
0
100
AcDbLine
 10
-11.58908
 20
13.98842
 30
0.0
 11
-11.98246
 21
13.95364
 31
0.0
  0
LINE
  5
8F0
330
17
100
AcDbEntity
  8
0
100
AcDbLine
 10
-11.98246
 20
13.95364
 30
0.0
 11
-12.35259
 21
13.941469999999999
 31
0.0
  0
LINE
  5
8F1
330
17
100
AcDbEntity
  8
0
100
AcDbLine
 10
-12.35259
 20
13.941469999999999
 30
0.0
 11
-12.84982
 21
13.92827
 31
0.0
  0
LINE
  5
8F2
330
17
100
AcDbEntity
  8
0
100
AcDbLine
 10
-12.84982
 20
13.92827
 30
0.0
 11
-13.009
 21
13.91344
 31
0.0
  0
LINE
  5
8F3
330
17
100
AcDbEntity
  8
0
100
AcDbLine
 10
-13.009
 20
13.91344
 30
0.0
 11
-13.16635
 21
13.88521
 31
0.0
  0
LINE
  5
8F4
330
17
100
AcDbEntity
  8
0
100
AcDbLine
 10
-13.16635
 20
13.88521
 30
0.0
 11
-13.30495
 21
13.84668
 31
0.0
  0
LINE
  5
8F5
330
17
100
AcDbEntity
  8
0
100
AcDbLine
 10
-13.30495
 20
13.84668
 30
0.0
 11
-13.438880000000001
 21
13.794179999999999
 31
0.0
  0
LINE
  5
8F6
330
17
100
AcDbEntity
  8
0
100
AcDbLine
 10
-13.438880000000001
 20
13.794179999999999
 30
0.0
 11
-13.77044
 21
13.624600000000001
 31
0.0
  0
LINE
  5
8F7
330
17
100
AcDbEntity
  8
0
100
AcDbLine
 10
-13.77044
 20
13.624600000000001
 30
0.0
 11
-13.99102
 21
13.49141
 31
0.0
  0
LINE
  5
8F8
330
17
100
AcDbEntity
  8
0
100
AcDbLine
 10
-13.99102
 20
13.49141
 30
0.0
 11
-14.20014
 21
13.351460000000001
 31
0.0
  0
LINE
  5
8F9
330
17
100
AcDbEntity
  8
0
100
AcDbLine
 10
-14.20014
 20
13.351460000000001
 30
0.0
 11
-14.37364
 21
13.223040000000001
 31
0.0
  0
LINE
  5
8FA
330
17
100
AcDbEntity
  8
0
100
AcDbLine
 10
-14.37364
 20
13.223040000000001
 30
0.0
 11
-14.42059
 21
13.182279999999999
 31
0.0
  0
LINE
  5
8FB
330
17
100
AcDbEntity
  8
0
100
AcDbLine
 10
-14.42059
 20
13.182279999999999
 30
0.0
 11
-14.46284
 21
13.136669999999999
 31
0.0
  0
LINE
  5
8FC
330
17
100
AcDbEntity
  8
0
100
AcDbLine
 10
-14.46284
 20
13.136669999999999
 30
0.0
 11
-14.49923
 21
13.08939
 31
0.0
  0
LINE
  5
8FD
330
17
100
AcDbEntity
  8
0
100
AcDbLine
 10
-14.49923
 20
13.08939
 30
0.0
 11
-14.52145
 21
13.055670000000001
 31
0.0
  0
LINE
  5
8FE
330
17
100
AcDbEntity
  8
0
100
AcDbLine
 10
-14.52145
 20
13.055670000000001
 30
0.0
 11
-14.53206
 21
13.039570000000001
 31
0.0
  0
LINE
  5
8FF
330
17
100
AcDbEntity
  8
0
100
AcDbLine
 10
-14.53206
 20
13.039570000000001
 30
0.0
 11
-14.53391
 21
13.03612
 31
0.0
  0
LINE
  5
900
330
17
100
AcDbEntity
  8
0
100
AcDbLine
 10
-14.53391
 20
13.03612
 30
0.0
 11
-14.53539
 21
13.0325
 31
0.0
  0
LINE
  5
901
330
17
100
AcDbEntity
  8
0
100
AcDbLine
 10
-14.53539
 20
13.0325
 30
0.0
 11
-14.53648
 21
13.02874
 31
0.0
  0
LINE
  5
902
330
17
100
AcDbEntity
  8
0
100
AcDbLine
 10
-14.53648
 20
13.02874
 30
0.0
 11
-14.53717
 21
13.024880000000001
 31
0.0
  0
LINE
  5
903
330
17
100
AcDbEntity
  8
0
100
AcDbLine
 10
-14.53717
 20
13.024880000000001
 30
0.0
 11
-14.53745
 21
13.02097
 31
0.0
  0
LINE
  5
904
330
17
100
AcDbEntity
  8
0
100
AcDbLine
 10
-14.53745
 20
13.02097
 30
0.0
 11
-14.53731
 21
13.01706
 31
0.0
  0
LINE
  5
905
330
17
100
AcDbEntity
  8
0
100
AcDbLine
 10
-14.53731
 20
13.01706
 30
0.0
 11
-14.536769999999999
 21
13.013179999999998
 31
0.0
  0
LINE
  5
906
330
17
100
AcDbEntity
  8
0
100
AcDbLine
 10
-14.536769999999999
 20
13.013179999999998
 30
0.0
 11
-14.53582
 21
13.00939
 31
0.0
  0
LINE
  5
907
330
17
100
AcDbEntity
  8
0
100
AcDbLine
 10
-14.53582
 20
13.00939
 30
0.0
 11
-14.53447
 21
13.00571
 31
0.0
  0
LINE
  5
908
330
17
100
AcDbEntity
  8
0
100
AcDbLine
 10
-14.53447
 20
13.00571
 30
0.0
 11
-14.53275
 21
13.00219
 31
0.0
  0
LINE
  5
909
330
17
100
AcDbEntity
  8
0
100
AcDbLine
 10
-14.53275
 20
13.00219
 30
0.0
 11
-14.530660000000001
 21
12.998880000000002
 31
0.0
  0
LINE
  5
90A
330
17
100
AcDbEntity
  8
0
100
AcDbLine
 10
-14.530660000000001
 20
12.998880000000002
 30
0.0
 11
-14.52824
 21
12.995800000000001
 31
0.0
  0
LINE
  5
90B
330
17
100
AcDbEntity
  8
0
100
AcDbLine
 10
-14.52824
 20
12.995800000000001
 30
0.0
 11
-14.52551
 21
12.992999999999999
 31
0.0
  0
LINE
  5
90C
330
17
100
AcDbEntity
  8
0
100
AcDbLine
 10
-14.52551
 20
12.992999999999999
 30
0.0
 11
-14.51823
 21
12.986920000000001
 31
0.0
  0
LINE
  5
90D
330
17
100
AcDbEntity
  8
0
100
AcDbLine
 10
-14.51823
 20
12.986920000000001
 30
0.0
 11
-14.51038
 21
12.981589999999999
 31
0.0
  0
LINE
  5
90E
330
17
100
AcDbEntity
  8
0
100
AcDbLine
 10
-14.51038
 20
12.981589999999999
 30
0.0
 11
-14.502030000000001
 21
12.97707
 31
0.0
  0
LINE
  5
90F
330
17
100
AcDbEntity
  8
0
100
AcDbLine
 10
-14.502030000000001
 20
12.97707
 30
0.0
 11
-14.49328
 21
12.97341
 31
0.0
  0
LINE
  5
910
330
17
100
AcDbEntity
  8
0
100
AcDbLine
 10
-14.49328
 20
12.97341
 30
0.0
 11
-14.484210000000001
 21
12.97064
 31
0.0
  0
LINE
  5
911
330
17
100
AcDbEntity
  8
0
100
AcDbLine
 10
-14.484210000000001
 20
12.97064
 30
0.0
 11
-14.4749
 21
12.968789999999998
 31
0.0
  0
LINE
  5
912
330
17
100
AcDbEntity
  8
0
100
AcDbLine
 10
-14.4749
 20
12.968789999999998
 30
0.0
 11
-14.46546
 21
12.96787
 31
0.0
  0
LINE
  5
913
330
17
100
AcDbEntity
  8
0
100
AcDbLine
 10
-14.46546
 20
12.96787
 30
0.0
 11
-14.27529
 21
12.96342
 31
0.0
  0
LINE
  5
914
330
17
100
AcDbEntity
  8
0
100
AcDbLine
 10
-14.27529
 20
12.96342
 30
0.0
 11
-13.94394
 21
12.96342
 31
0.0
  0
LINE
  5
915
330
17
100
AcDbEntity
  8
0
100
AcDbLine
 10
-13.94394
 20
12.96342
 30
0.0
 11
-14.31131
 21
12.35335
 31
0.0
  0
LINE
  5
916
330
17
100
AcDbEntity
  8
0
100
AcDbLine
 10
-14.31131
 20
12.35335
 30
0.0
 11
-14.46157
 21
12.07712
 31
0.0
  0
LINE
  5
917
330
17
100
AcDbEntity
  8
0
100
AcDbLine
 10
-14.46157
 20
12.07712
 30
0.0
 11
-14.52756
 21
11.931189999999999
 31
0.0
  0
LINE
  5
918
330
17
100
AcDbEntity
  8
0
100
AcDbLine
 10
-14.52756
 20
11.931189999999999
 30
0.0
 11
-14.609219999999999
 21
11.75061
 31
0.0
  0
LINE
  5
919
330
17
100
AcDbEntity
  8
0
100
AcDbLine
 10
-14.609219999999999
 20
11.75061
 30
0.0
 11
-14.73327
 21
11.42605
 31
0.0
  0
LINE
  5
91A
330
17
100
AcDbEntity
  8
0
100
AcDbLine
 10
-14.73327
 20
11.42605
 30
0.0
 11
-14.77529
 21
11.29319
 31
0.0
  0
LINE
  5
91B
330
17
100
AcDbEntity
  8
0
100
AcDbLine
 10
-14.77529
 20
11.29319
 30
0.0
 11
-14.80962
 21
11.158140000000001
 31
0.0
  0
LINE
  5
91C
330
17
100
AcDbEntity
  8
0
100
AcDbLine
 10
-14.80962
 20
11.158140000000001
 30
0.0
 11
-14.940570000000001
 21
10.573
 31
0.0
  0
LINE
  5
91D
330
17
100
AcDbEntity
  8
0
100
AcDbLine
 10
-14.940570000000001
 20
10.573
 30
0.0
 11
-15.50895
 21
10.573
 31
0.0
  0
LINE
  5
91E
330
17
100
AcDbEntity
  8
0
100
AcDbLine
 10
-15.50895
 20
10.573
 30
0.0
 11
-16.3185
 21
10.573
 31
0.0
  0
LINE
  5
91F
330
17
100
AcDbEntity
  8
0
100
AcDbLine
 10
-16.3185
 20
10.573
 30
0.0
 11
-16.3185
 21
10.89768
 31
0.0
  0
LINE
  5
920
330
17
100
AcDbEntity
  8
0
100
AcDbLine
 10
-16.3185
 20
10.89768
 30
0.0
 11
-16.322400000000002
 21
10.99082
 31
0.0
  0
LINE
  5
921
330
17
100
AcDbEntity
  8
0
100
AcDbLine
 10
-16.322400000000002
 20
10.99082
 30
0.0
 11
-16.334049999999998
 21
11.08331
 31
0.0
  0
LINE
  5
922
330
17
100
AcDbEntity
  8
0
100
AcDbLine
 10
-16.334049999999998
 20
11.08331
 30
0.0
 11
-16.33752
 21
11.09925
 31
0.0
  0
LINE
  5
923
330
17
100
AcDbEntity
  8
0
100
AcDbLine
 10
-16.33752
 20
11.09925
 30
0.0
 11
-16.34249
 21
11.11478
 31
0.0
  0
LINE
  5
924
330
17
100
AcDbEntity
  8
0
100
AcDbLine
 10
-16.34249
 20
11.11478
 30
0.0
 11
-16.34892
 21
11.12977
 31
0.0
  0
LINE
  5
925
330
17
100
AcDbEntity
  8
0
100
AcDbLine
 10
-16.34892
 20
11.12977
 30
0.0
 11
-16.356749999999998
 21
11.144070000000001
 31
0.0
  0
LINE
  5
926
330
17
100
AcDbEntity
  8
0
100
AcDbLine
 10
-16.356749999999998
 20
11.144070000000001
 30
0.0
 11
-16.36591
 21
11.15757
 31
0.0
  0
LINE
  5
927
330
17
100
AcDbEntity
  8
0
100
AcDbLine
 10
-16.36591
 20
11.15757
 30
0.0
 11
-16.3763
 21
11.17013
 31
0.0
  0
LINE
  5
928
330
17
100
AcDbEntity
  8
0
100
AcDbLine
 10
-16.3763
 20
11.17013
 30
0.0
 11
-16.38785
 21
11.18165
 31
0.0
  0
LINE
  5
929
330
17
100
AcDbEntity
  8
0
100
AcDbLine
 10
-16.38785
 20
11.18165
 30
0.0
 11
-16.407870000000003
 21
11.19806
 31
0.0
  0
LINE
  5
92A
330
17
100
AcDbEntity
  8
0
100
AcDbLine
 10
-16.407870000000003
 20
11.19806
 30
0.0
 11
-16.42943
 21
11.21238
 31
0.0
  0
LINE
  5
92B
330
17
100
AcDbEntity
  8
0
100
AcDbLine
 10
-16.42943
 20
11.21238
 30
0.0
 11
-16.45231
 21
11.22448
 31
0.0
  0
LINE
  5
92C
330
17
100
AcDbEntity
  8
0
100
AcDbLine
 10
-16.45231
 20
11.22448
 30
0.0
 11
-16.476290000000002
 21
11.23423
 31
0.0
  0
LINE
  5
92D
330
17
100
AcDbEntity
  8
0
100
AcDbLine
 10
-16.476290000000002
 20
11.23423
 30
0.0
 11
-16.50112
 21
11.24152
 31
0.0
  0
LINE
  5
92E
330
17
100
AcDbEntity
  8
0
100
AcDbLine
 10
-16.50112
 20
11.24152
 30
0.0
 11
-16.753130000000002
 21
11.291860000000002
 31
0.0
  0
LINE
  5
92F
330
17
100
AcDbEntity
  8
0
100
AcDbLine
 10
-16.753130000000002
 20
11.291860000000002
 30
0.0
 11
-16.96513
 21
11.335609999999999
 31
0.0
  0
LINE
  5
930
330
17
100
AcDbEntity
  8
0
100
AcDbLine
 10
-16.96513
 20
11.335609999999999
 30
0.0
 11
-17.00967
 21
11.34941
 31
0.0
  0
LINE
  5
931
330
17
100
AcDbEntity
  8
0
100
AcDbLine
 10
-17.00967
 20
11.34941
 30
0.0
 11
-17.05254
 21
11.36777
 31
0.0
  0
LINE
  5
932
330
17
100
AcDbEntity
  8
0
100
AcDbLine
 10
-17.05254
 20
11.36777
 30
0.0
 11
-17.09327
 21
11.39048
 31
0.0
  0
LINE
  5
933
330
17
100
AcDbEntity
  8
0
100
AcDbLine
 10
-17.09327
 20
11.39048
 30
0.0
 11
-17.11006
 21
11.402270000000001
 31
0.0
  0
LINE
  5
934
330
17
100
AcDbEntity
  8
0
100
AcDbLine
 10
-17.11006
 20
11.402270000000001
 30
0.0
 11
-17.12554
 21
11.415740000000001
 31
0.0
  0
LINE
  5
935
330
17
100
AcDbEntity
  8
0
100
AcDbLine
 10
-17.12554
 20
11.415740000000001
 30
0.0
 11
-17.13955
 21
11.43073
 31
0.0
  0
LINE
  5
936
330
17
100
AcDbEntity
  8
0
100
AcDbLine
 10
-17.13955
 20
11.43073
 30
0.0
 11
-17.15193
 21
11.44709
 31
0.0
  0
LINE
  5
937
330
17
100
AcDbEntity
  8
0
100
AcDbLine
 10
-17.15193
 20
11.44709
 30
0.0
 11
-17.16256
 21
11.46464
 31
0.0
  0
LINE
  5
938
330
17
100
AcDbEntity
  8
0
100
AcDbLine
 10
-17.16256
 20
11.46464
 30
0.0
 11
-17.17151
 21
11.48348
 31
0.0
  0
LINE
  5
939
330
17
100
AcDbEntity
  8
0
100
AcDbLine
 10
-17.17151
 20
11.48348
 30
0.0
 11
-17.178559999999997
 21
11.503110000000001
 31
0.0
  0
LINE
  5
93A
330
17
100
AcDbEntity
  8
0
100
AcDbLine
 10
-17.178559999999997
 20
11.503110000000001
 30
0.0
 11
-17.18365
 21
11.52333
 31
0.0
  0
LINE
  5
93B
330
17
100
AcDbEntity
  8
0
100
AcDbLine
 10
-17.18365
 20
11.52333
 30
0.0
 11
-17.186719999999998
 21
11.54396
 31
0.0
  0
LINE
  5
93C
330
17
100
AcDbEntity
  8
0
100
AcDbLine
 10
-17.186719999999998
 20
11.54396
 30
0.0
 11
-17.18775
 21
11.56479
 31
0.0
  0
LINE
  5
93D
330
17
100
AcDbEntity
  8
0
100
AcDbLine
 10
-17.18775
 20
11.56479
 30
0.0
 11
-17.186819999999997
 21
11.585700000000001
 31
0.0
  0
LINE
  5
93E
330
17
100
AcDbEntity
  8
0
100
AcDbLine
 10
-17.186819999999997
 20
11.585700000000001
 30
0.0
 11
-17.184060000000002
 21
11.606440000000001
 31
0.0
  0
LINE
  5
93F
330
17
100
AcDbEntity
  8
0
100
AcDbLine
 10
-17.184060000000002
 20
11.606440000000001
 30
0.0
 11
-17.17948
 21
11.626859999999999
 31
0.0
  0
LINE
  5
940
330
17
100
AcDbEntity
  8
0
100
AcDbLine
 10
-17.17948
 20
11.626859999999999
 30
0.0
 11
-17.173109999999998
 21
11.6468
 31
0.0
  0
LINE
  5
941
330
17
100
AcDbEntity
  8
0
100
AcDbLine
 10
-17.173109999999998
 20
11.6468
 30
0.0
 11
-17.165010000000002
 21
11.6661
 31
0.0
  0
LINE
  5
942
330
17
100
AcDbEntity
  8
0
100
AcDbLine
 10
-17.165010000000002
 20
11.6661
 30
0.0
 11
-17.15896
 21
11.677430000000001
 31
0.0
  0
LINE
  5
943
330
17
100
AcDbEntity
  8
0
100
AcDbLine
 10
-17.15896
 20
11.677430000000001
 30
0.0
 11
-17.15182
 21
11.6881
 31
0.0
  0
LINE
  5
944
330
17
100
AcDbEntity
  8
0
100
AcDbLine
 10
-17.15182
 20
11.6881
 30
0.0
 11
-17.14365
 21
11.69802
 31
0.0
  0
LINE
  5
945
330
17
100
AcDbEntity
  8
0
100
AcDbLine
 10
-17.14365
 20
11.69802
 30
0.0
 11
-17.134549999999997
 21
11.707089999999999
 31
0.0
  0
LINE
  5
946
330
17
100
AcDbEntity
  8
0
100
AcDbLine
 10
-17.134549999999997
 20
11.707089999999999
 30
0.0
 11
-17.1246
 21
11.71521
 31
0.0
  0
LINE
  5
947
330
17
100
AcDbEntity
  8
0
100
AcDbLine
 10
-17.1246
 20
11.71521
 30
0.0
 11
-17.1139
 21
11.72232
 31
0.0
  0
LINE
  5
948
330
17
100
AcDbEntity
  8
0
100
AcDbLine
 10
-17.1139
 20
11.72232
 30
0.0
 11
-17.10255
 21
11.72833
 31
0.0
  0
LINE
  5
949
330
17
100
AcDbEntity
  8
0
100
AcDbLine
 10
-17.10255
 20
11.72833
 30
0.0
 11
-17.073310000000003
 21
11.74042
 31
0.0
  0
LINE
  5
94A
330
17
100
AcDbEntity
  8
0
100
AcDbLine
 10
-17.073310000000003
 20
11.74042
 30
0.0
 11
-17.04309
 21
11.74978
 31
0.0
  0
LINE
  5
94B
330
17
100
AcDbEntity
  8
0
100
AcDbLine
 10
-17.04309
 20
11.74978
 30
0.0
 11
-17.01214
 21
11.75634
 31
0.0
  0
LINE
  5
94C
330
17
100
AcDbEntity
  8
0
100
AcDbLine
 10
-17.01214
 20
11.75634
 30
0.0
 11
-16.98072
 21
11.76005
 31
0.0
  0
LINE
  5
94D
330
17
100
AcDbEntity
  8
0
100
AcDbLine
 10
-16.98072
 20
11.76005
 30
0.0
 11
-16.753130000000002
 21
11.76821
 31
0.0
  0
LINE
  5
94E
330
17
100
AcDbEntity
  8
0
100
AcDbLine
 10
-16.753130000000002
 20
11.76821
 30
0.0
 11
-16.3185
 21
11.76821
 31
0.0
  0
LINE
  5
94F
330
17
100
AcDbEntity
  8
0
100
AcDbLine
 10
-16.3185
 20
11.76821
 30
0.0
 11
-16.3185
 21
11.931189999999999
 31
0.0
  0
LINE
  5
950
330
17
100
AcDbEntity
  8
0
100
AcDbLine
 10
-16.3185
 20
11.931189999999999
 30
0.0
 11
-16.3185
 21
13.055670000000001
 31
0.0
  0
LINE
  5
951
330
17
100
AcDbEntity
  8
0
100
AcDbLine
 10
-16.3185
 20
13.055670000000001
 30
0.0
 11
-16.3185
 21
13.94132
 31
0.0
  0
LINE
  5
952
330
17
100
AcDbEntity
  8
0
100
AcDbLine
 10
-16.3185
 20
13.94132
 30
0.0
 11
-16.590139999999998
 21
13.94132
 31
0.0
  0
LINE
  5
953
330
17
100
AcDbEntity
  8
0
100
AcDbLine
 10
-16.590139999999998
 20
13.94132
 30
0.0
 11
-16.654660000000003
 21
13.94421
 31
0.0
  0
LINE
  5
954
330
17
100
AcDbEntity
  8
0
100
AcDbLine
 10
-16.654660000000003
 20
13.94421
 30
0.0
 11
-16.71866
 21
13.95288
 31
0.0
  0
LINE
  5
955
330
17
100
AcDbEntity
  8
0
100
AcDbLine
 10
-16.71866
 20
13.95288
 30
0.0
 11
-16.736379999999997
 21
13.95702
 31
0.0
  0
LINE
  5
956
330
17
100
AcDbEntity
  8
0
100
AcDbLine
 10
-16.736379999999997
 20
13.95702
 30
0.0
 11
-16.75361
 21
13.96288
 31
0.0
  0
LINE
  5
957
330
17
100
AcDbEntity
  8
0
100
AcDbLine
 10
-16.75361
 20
13.96288
 30
0.0
 11
-16.77017
 21
13.97042
 31
0.0
  0
LINE
  5
958
330
17
100
AcDbEntity
  8
0
100
AcDbLine
 10
-16.77017
 20
13.97042
 30
0.0
 11
-16.78591
 21
13.979560000000001
 31
0.0
  0
LINE
  5
959
330
17
100
AcDbEntity
  8
0
100
AcDbLine
 10
-16.78591
 20
13.979560000000001
 30
0.0
 11
-16.800659999999997
 21
13.99021
 31
0.0
  0
LINE
  5
95A
330
17
100
AcDbEntity
  8
0
100
AcDbLine
 10
-16.800659999999997
 20
13.99021
 30
0.0
 11
-16.81091
 21
13.99927
 31
0.0
  0
LINE
  5
95B
330
17
100
AcDbEntity
  8
0
100
AcDbLine
 10
-16.81091
 20
13.99927
 30
0.0
 11
-16.82021
 21
14.009300000000001
 31
0.0
  0
LINE
  5
95C
330
17
100
AcDbEntity
  8
0
100
AcDbLine
 10
-16.82021
 20
14.009300000000001
 30
0.0
 11
-16.828470000000003
 21
14.0202
 31
0.0
  0
LINE
  5
95D
330
17
100
AcDbEntity
  8
0
100
AcDbLine
 10
-16.828470000000003
 20
14.0202
 30
0.0
 11
-16.83562
 21
14.03186
 31
0.0
  0
LINE
  5
95E
330
17
100
AcDbEntity
  8
0
100
AcDbLine
 10
-16.83562
 20
14.03186
 30
0.0
 11
-16.84157
 21
14.04417
 31
0.0
  0
LINE
  5
95F
330
17
100
AcDbEntity
  8
0
100
AcDbLine
 10
-16.84157
 20
14.04417
 30
0.0
 11
-16.84629
 21
14.05701
 31
0.0
  0
LINE
  5
960
330
17
100
AcDbEntity
  8
0
100
AcDbLine
 10
-16.84629
 20
14.05701
 30
0.0
 11
-16.854870000000002
 21
14.0903
 31
0.0
  0
LINE
  5
961
330
17
100
AcDbEntity
  8
0
100
AcDbLine
 10
-16.854870000000002
 20
14.0903
 30
0.0
 11
-16.86005
 21
14.12429
 31
0.0
  0
LINE
  5
962
330
17
100
AcDbEntity
  8
0
100
AcDbLine
 10
-16.86005
 20
14.12429
 30
0.0
 11
-16.86178
 21
14.15863
 31
0.0
  0
LINE
  5
963
330
17
100
AcDbEntity
  8
0
100
AcDbLine
 10
-16.86178
 20
14.15863
 30
0.0
 11
-16.86326
 21
14.1875
 31
0.0
  0
LINE
  5
964
330
17
100
AcDbEntity
  8
0
100
AcDbLine
 10
-16.86326
 20
14.1875
 30
0.0
 11
-16.86768
 21
14.216080000000002
 31
0.0
  0
LINE
  5
965
330
17
100
AcDbEntity
  8
0
100
AcDbLine
 10
-16.86768
 20
14.216080000000002
 30
0.0
 11
-16.87499
 21
14.24406
 31
0.0
  0
LINE
  5
966
330
17
100
AcDbEntity
  8
0
100
AcDbLine
 10
-16.87499
 20
14.24406
 30
0.0
 11
-16.885109999999997
 21
14.271139999999999
 31
0.0
  0
LINE
  5
967
330
17
100
AcDbEntity
  8
0
100
AcDbLine
 10
-16.885109999999997
 20
14.271139999999999
 30
0.0
 11
-16.89112
 21
14.283209999999999
 31
0.0
  0
LINE
  5
968
330
17
100
AcDbEntity
  8
0
100
AcDbLine
 10
-16.89112
 20
14.283209999999999
 30
0.0
 11
-16.89838
 21
14.29458
 31
0.0
  0
LINE
  5
969
330
17
100
AcDbEntity
  8
0
100
AcDbLine
 10
-16.89838
 20
14.29458
 30
0.0
 11
-16.9068
 21
14.305109999999999
 31
0.0
  0
LINE
  5
96A
330
17
100
AcDbEntity
  8
0
100
AcDbLine
 10
-16.9068
 20
14.305109999999999
 30
0.0
 11
-16.9163
 21
14.31469
 31
0.0
  0
LINE
  5
96B
330
17
100
AcDbEntity
  8
0
100
AcDbLine
 10
-16.9163
 20
14.31469
 30
0.0
 11
-16.926750000000002
 21
14.32321
 31
0.0
  0
LINE
  5
96C
330
17
100
AcDbEntity
  8
0
100
AcDbLine
 10
-16.926750000000002
 20
14.32321
 30
0.0
 11
-16.93805
 21
14.330580000000001
 31
0.0
  0
LINE
  5
96D
330
17
100
AcDbEntity
  8
0
100
AcDbLine
 10
-16.93805
 20
14.330580000000001
 30
0.0
 11
-16.95006
 21
14.3367
 31
0.0
  0
LINE
  5
96E
330
17
100
AcDbEntity
  8
0
100
AcDbLine
 10
-16.95006
 20
14.3367
 30
0.0
 11
-16.98167
 21
14.34906
 31
0.0
  0
LINE
  5
96F
330
17
100
AcDbEntity
  8
0
100
AcDbLine
 10
-16.98167
 20
14.34906
 30
0.0
 11
-17.01426
 21
14.35852
 31
0.0
  0
LINE
  5
970
330
17
100
AcDbEntity
  8
0
100
AcDbLine
 10
-17.01426
 20
14.35852
 30
0.0
 11
-17.04757
 21
14.364989999999999
 31
0.0
  0
LINE
  5
971
330
17
100
AcDbEntity
  8
0
100
AcDbLine
 10
-17.04757
 20
14.364989999999999
 30
0.0
 11
-17.081329999999998
 21
14.368409999999999
 31
0.0
  0
LINE
  5
972
330
17
100
AcDbEntity
  8
0
100
AcDbLine
 10
-17.081329999999998
 20
14.368409999999999
 30
0.0
 11
-17.350730000000002
 21
14.37594
 31
0.0
  0
LINE
  5
973
330
17
100
AcDbEntity
  8
0
100
AcDbLine
 10
-17.350730000000002
 20
14.37594
 30
0.0
 11
-17.83968
 21
14.37594
 31
0.0
  0
LINE
  5
974
330
17
100
AcDbEntity
  8
0
100
AcDbLine
 10
-17.83968
 20
14.37594
 30
0.0
 11
-17.83968
 21
13.77833
 31
0.0
  0
LINE
  5
975
330
17
100
AcDbEntity
  8
0
100
AcDbLine
 10
-17.83968
 20
13.77833
 30
0.0
 11
-17.846919999999997
 21
13.47976
 31
0.0
  0
LINE
  5
976
330
17
100
AcDbEntity
  8
0
100
AcDbLine
 10
-17.846919999999997
 20
13.47976
 30
0.0
 11
-17.85589
 21
13.39288
 31
0.0
  0
LINE
  5
977
330
17
100
AcDbEntity
  8
0
100
AcDbLine
 10
-17.85589
 20
13.39288
 30
0.0
 11
-17.87425
 21
13.30749
 31
0.0
  0
LINE
  5
978
330
17
100
AcDbEntity
  8
0
100
AcDbLine
 10
-17.87425
 20
13.30749
 30
0.0
 11
-17.880799999999997
 21
13.28727
 31
0.0
  0
LINE
  5
979
330
17
100
AcDbEntity
  8
0
100
AcDbLine
 10
-17.880799999999997
 20
13.28727
 30
0.0
 11
-17.889229999999998
 21
13.267759999999999
 31
0.0
  0
LINE
  5
97A
330
17
100
AcDbEntity
  8
0
100
AcDbLine
 10
-17.889229999999998
 20
13.267759999999999
 30
0.0
 11
-17.89945
 21
13.24913
 31
0.0
  0
LINE
  5
97B
330
17
100
AcDbEntity
  8
0
100
AcDbLine
 10
-17.89945
 20
13.24913
 30
0.0
 11
-17.91138
 21
13.23154
 31
0.0
  0
LINE
  5
97C
330
17
100
AcDbEntity
  8
0
100
AcDbLine
 10
-17.91138
 20
13.23154
 30
0.0
 11
-17.924909999999997
 21
13.21515
 31
0.0
  0
LINE
  5
97D
330
17
100
AcDbEntity
  8
0
100
AcDbLine
 10
-17.924909999999997
 20
13.21515
 30
0.0
 11
-17.932679999999998
 21
13.20744
 31
0.0
  0
LINE
  5
97E
330
17
100
AcDbEntity
  8
0
100
AcDbLine
 10
-17.932679999999998
 20
13.20744
 30
0.0
 11
-17.941200000000002
 21
13.20059
 31
0.0
  0
LINE
  5
97F
330
17
100
AcDbEntity
  8
0
100
AcDbLine
 10
-17.941200000000002
 20
13.20059
 30
0.0
 11
-17.95039
 21
13.19466
 31
0.0
  0
LINE
  5
980
330
17
100
AcDbEntity
  8
0
100
AcDbLine
 10
-17.95039
 20
13.19466
 30
0.0
 11
-17.960150000000002
 21
13.18972
 31
0.0
  0
LINE
  5
981
330
17
100
AcDbEntity
  8
0
100
AcDbLine
 10
-17.960150000000002
 20
13.18972
 30
0.0
 11
-17.97037
 21
13.18582
 31
0.0
  0
LINE
  5
982
330
17
100
AcDbEntity
  8
0
100
AcDbLine
 10
-17.97037
 20
13.18582
 30
0.0
 11
-17.98094
 21
13.183
 31
0.0
  0
LINE
  5
983
330
17
100
AcDbEntity
  8
0
100
AcDbLine
 10
-17.98094
 20
13.183
 30
0.0
 11
-17.99174
 21
13.1813
 31
0.0
  0
LINE
  5
984
330
17
100
AcDbEntity
  8
0
100
AcDbLine
 10
-17.99174
 20
13.1813
 30
0.0
 11
-18.00266
 21
13.18073
 31
0.0
  0
LINE
  5
985
330
17
100
AcDbEntity
  8
0
100
AcDbLine
 10
-18.00266
 20
13.18073
 30
0.0
 11
-18.01358
 21
13.1813
 31
0.0
  0
LINE
  5
986
330
17
100
AcDbEntity
  8
0
100
AcDbLine
 10
-18.01358
 20
13.1813
 30
0.0
 11
-18.02439
 21
13.183
 31
0.0
  0
LINE
  5
987
330
17
100
AcDbEntity
  8
0
100
AcDbLine
 10
-18.02439
 20
13.183
 30
0.0
 11
-18.034959999999998
 21
13.18582
 31
0.0
  0
LINE
  5
988
330
17
100
AcDbEntity
  8
0
100
AcDbLine
 10
-18.034959999999998
 20
13.18582
 30
0.0
 11
-18.045180000000002
 21
13.18972
 31
0.0
  0
LINE
  5
989
330
17
100
AcDbEntity
  8
0
100
AcDbLine
 10
-18.045180000000002
 20
13.18972
 30
0.0
 11
-18.05493
 21
13.19466
 31
0.0
  0
LINE
  5
98A
330
17
100
AcDbEntity
  8
0
100
AcDbLine
 10
-18.05493
 20
13.19466
 30
0.0
 11
-18.06412
 21
13.20059
 31
0.0
  0
LINE
  5
98B
330
17
100
AcDbEntity
  8
0
100
AcDbLine
 10
-18.06412
 20
13.20059
 30
0.0
 11
-18.07265
 21
13.20744
 31
0.0
  0
LINE
  5
98C
330
17
100
AcDbEntity
  8
0
100
AcDbLine
 10
-18.07265
 20
13.20744
 30
0.0
 11
-18.08041
 21
13.21515
 31
0.0
  0
LINE
  5
98D
330
17
100
AcDbEntity
  8
0
100
AcDbLine
 10
-18.08041
 20
13.21515
 30
0.0
 11
-18.09394
 21
13.23154
 31
0.0
  0
LINE
  5
98E
330
17
100
AcDbEntity
  8
0
100
AcDbLine
 10
-18.09394
 20
13.23154
 30
0.0
 11
-18.10587
 21
13.24913
 31
0.0
  0
LINE
  5
98F
330
17
100
AcDbEntity
  8
0
100
AcDbLine
 10
-18.10587
 20
13.24913
 30
0.0
 11
-18.1161
 21
13.267759999999999
 31
0.0
  0
LINE
  5
990
330
17
100
AcDbEntity
  8
0
100
AcDbLine
 10
-18.1161
 20
13.267759999999999
 30
0.0
 11
-18.12452
 21
13.28727
 31
0.0
  0
LINE
  5
991
330
17
100
AcDbEntity
  8
0
100
AcDbLine
 10
-18.12452
 20
13.28727
 30
0.0
 11
-18.131069999999998
 21
13.30749
 31
0.0
  0
LINE
  5
992
330
17
100
AcDbEntity
  8
0
100
AcDbLine
 10
-18.131069999999998
 20
13.30749
 30
0.0
 11
-18.149430000000002
 21
13.39288
 31
0.0
  0
LINE
  5
993
330
17
100
AcDbEntity
  8
0
100
AcDbLine
 10
-18.149430000000002
 20
13.39288
 30
0.0
 11
-18.15841
 21
13.47976
 31
0.0
  0
LINE
  5
994
330
17
100
AcDbEntity
  8
0
100
AcDbLine
 10
-18.15841
 20
13.47976
 30
0.0
 11
-18.16565
 21
13.77833
 31
0.0
  0
LINE
  5
995
330
17
100
AcDbEntity
  8
0
100
AcDbLine
 10
-18.16565
 20
13.77833
 30
0.0
 11
-18.16565
 21
14.37594
 31
0.0
  0
LINE
  5
996
330
17
100
AcDbEntity
  8
0
100
AcDbLine
 10
-18.16565
 20
14.37594
 30
0.0
 11
-19.14354
 21
14.37594
 31
0.0
  0
LINE
  5
997
330
17
100
AcDbEntity
  8
0
100
AcDbLine
 10
-19.14354
 20
14.37594
 30
0.0
 11
-19.14354
 21
13.055670000000001
 31
0.0
  0
LINE
  5
998
330
17
100
AcDbEntity
  8
0
100
AcDbLine
 10
-19.14354
 20
13.055670000000001
 30
0.0
 11
-19.14354
 21
11.931189999999999
 31
0.0
  0
LINE
  5
999
330
17
100
AcDbEntity
  8
0
100
AcDbLine
 10
-19.14354
 20
11.931189999999999
 30
0.0
 11
-19.14354
 21
11.76821
 31
0.0
  0
LINE
  5
99A
330
17
100
AcDbEntity
  8
0
100
AcDbLine
 10
-19.14354
 20
11.76821
 30
0.0
 11
-19.46951
 21
11.76821
 31
0.0
  0
LINE
  5
99B
330
17
100
AcDbEntity
  8
0
100
AcDbLine
 10
-19.46951
 20
11.76821
 30
0.0
 11
-19.5512
 21
11.7657
 31
0.0
  0
LINE
  5
99C
330
17
100
AcDbEntity
  8
0
100
AcDbLine
 10
-19.5512
 20
11.7657
 30
0.0
 11
-19.632589999999997
 21
11.75819
 31
0.0
  0
LINE
  5
99D
330
17
100
AcDbEntity
  8
0
100
AcDbLine
 10
-19.632589999999997
 20
11.75819
 30
0.0
 11
-19.652739999999998
 21
11.75474
 31
0.0
  0
LINE
  5
99E
330
17
100
AcDbEntity
  8
0
100
AcDbLine
 10
-19.652739999999998
 20
11.75474
 30
0.0
 11
-19.67247
 21
11.74944
 31
0.0
  0
LINE
  5
99F
330
17
100
AcDbEntity
  8
0
100
AcDbLine
 10
-19.67247
 20
11.74944
 30
0.0
 11
-19.69163
 21
11.74233
 31
0.0
  0
LINE
  5
9A0
330
17
100
AcDbEntity
  8
0
100
AcDbLine
 10
-19.69163
 20
11.74233
 30
0.0
 11
-19.71005
 21
11.733469999999999
 31
0.0
  0
LINE
  5
9A1
330
17
100
AcDbEntity
  8
0
100
AcDbLine
 10
-19.71005
 20
11.733469999999999
 30
0.0
 11
-19.72756
 21
11.72294
 31
0.0
  0
LINE
  5
9A2
330
17
100
AcDbEntity
  8
0
100
AcDbLine
 10
-19.72756
 20
11.72294
 30
0.0
 11
-19.73731
 21
11.715760000000001
 31
0.0
  0
LINE
  5
9A3
330
17
100
AcDbEntity
  8
0
100
AcDbLine
 10
-19.73731
 20
11.715760000000001
 30
0.0
 11
-19.74633
 21
11.707699999999999
 31
0.0
  0
LINE
  5
9A4
330
17
100
AcDbEntity
  8
0
100
AcDbLine
 10
-19.74633
 20
11.707699999999999
 30
0.0
 11
-19.75455
 21
11.69882
 31
0.0
  0
LINE
  5
9A5
330
17
100
AcDbEntity
  8
0
100
AcDbLine
 10
-19.75455
 20
11.69882
 30
0.0
 11
-19.76191
 21
11.68922
 31
0.0
  0
LINE
  5
9A6
330
17
100
AcDbEntity
  8
0
100
AcDbLine
 10
-19.76191
 20
11.68922
 30
0.0
 11
-19.76833
 21
11.67896
 31
0.0
  0
LINE
  5
9A7
330
17
100
AcDbEntity
  8
0
100
AcDbLine
 10
-19.76833
 20
11.67896
 30
0.0
 11
-19.773760000000003
 21
11.66815
 31
0.0
  0
LINE
  5
9A8
330
17
100
AcDbEntity
  8
0
100
AcDbLine
 10
-19.773760000000003
 20
11.66815
 30
0.0
 11
-19.77815
 21
11.65687
 31
0.0
  0
LINE
  5
9A9
330
17
100
AcDbEntity
  8
0
100
AcDbLine
 10
-19.77815
 20
11.65687
 30
0.0
 11
-19.787740000000003
 21
11.622240000000001
 31
0.0
  0
LINE
  5
9AA
330
17
100
AcDbEntity
  8
0
100
AcDbLine
 10
-19.787740000000003
 20
11.622240000000001
 30
0.0
 11
-19.79353
 21
11.58678
 31
0.0
  0
LINE
  5
9AB
330
17
100
AcDbEntity
  8
0
100
AcDbLine
 10
-19.79353
 20
11.58678
 30
0.0
 11
-19.795469999999998
 21
11.550899999999999
 31
0.0
  0
LINE
  5
9AC
330
17
100
AcDbEntity
  8
0
100
AcDbLine
 10
-19.795469999999998
 20
11.550899999999999
 30
0.0
 11
-19.79353
 21
11.515020000000002
 31
0.0
  0
LINE
  5
9AD
330
17
100
AcDbEntity
  8
0
100
AcDbLine
 10
-19.79353
 20
11.515020000000002
 30
0.0
 11
-19.787740000000003
 21
11.47956
 31
0.0
  0
LINE
  5
9AE
330
17
100
AcDbEntity
  8
0
100
AcDbLine
 10
-19.787740000000003
 20
11.47956
 30
0.0
 11
-19.77815
 21
11.444930000000001
 31
0.0
  0
LINE
  5
9AF
330
17
100
AcDbEntity
  8
0
100
AcDbLine
 10
-19.77815
 20
11.444930000000001
 30
0.0
 11
-19.773760000000003
 21
11.43365
 31
0.0
  0
LINE
  5
9B0
330
17
100
AcDbEntity
  8
0
100
AcDbLine
 10
-19.773760000000003
 20
11.43365
 30
0.0
 11
-19.76833
 21
11.42284
 31
0.0
  0
LINE
  5
9B1
330
17
100
AcDbEntity
  8
0
100
AcDbLine
 10
-19.76833
 20
11.42284
 30
0.0
 11
-19.76191
 21
11.41258
 31
0.0
  0
LINE
  5
9B2
330
17
100
AcDbEntity
  8
0
100
AcDbLine
 10
-19.76191
 20
11.41258
 30
0.0
 11
-19.75455
 21
11.40297
 31
0.0
  0
LINE
  5
9B3
330
17
100
AcDbEntity
  8
0
100
AcDbLine
 10
-19.75455
 20
11.40297
 30
0.0
 11
-19.74633
 21
11.3941
 31
0.0
  0
LINE
  5
9B4
330
17
100
AcDbEntity
  8
0
100
AcDbLine
 10
-19.74633
 20
11.3941
 30
0.0
 11
-19.73731
 21
11.38604
 31
0.0
  0
LINE
  5
9B5
330
17
100
AcDbEntity
  8
0
100
AcDbLine
 10
-19.73731
 20
11.38604
 30
0.0
 11
-19.72756
 21
11.37886
 31
0.0
  0
LINE
  5
9B6
330
17
100
AcDbEntity
  8
0
100
AcDbLine
 10
-19.72756
 20
11.37886
 30
0.0
 11
-19.71005
 21
11.36833
 31
0.0
  0
LINE
  5
9B7
330
17
100
AcDbEntity
  8
0
100
AcDbLine
 10
-19.71005
 20
11.36833
 30
0.0
 11
-19.69163
 21
11.35947
 31
0.0
  0
LINE
  5
9B8
330
17
100
AcDbEntity
  8
0
100
AcDbLine
 10
-19.69163
 20
11.35947
 30
0.0
 11
-19.67247
 21
11.352360000000001
 31
0.0
  0
LINE
  5
9B9
330
17
100
AcDbEntity
  8
0
100
AcDbLine
 10
-19.67247
 20
11.352360000000001
 30
0.0
 11
-19.652739999999998
 21
11.34706
 31
0.0
  0
LINE
  5
9BA
330
17
100
AcDbEntity
  8
0
100
AcDbLine
 10
-19.652739999999998
 20
11.34706
 30
0.0
 11
-19.632589999999997
 21
11.34361
 31
0.0
  0
LINE
  5
9BB
330
17
100
AcDbEntity
  8
0
100
AcDbLine
 10
-19.632589999999997
 20
11.34361
 30
0.0
 11
-19.5512
 21
11.3361
 31
0.0
  0
LINE
  5
9BC
330
17
100
AcDbEntity
  8
0
100
AcDbLine
 10
-19.5512
 20
11.3361
 30
0.0
 11
-19.46951
 21
11.33359
 31
0.0
  0
LINE
  5
9BD
330
17
100
AcDbEntity
  8
0
100
AcDbLine
 10
-19.46951
 20
11.33359
 30
0.0
 11
-19.14354
 21
11.33359
 31
0.0
  0
LINE
  5
9BE
330
17
100
AcDbEntity
  8
0
100
AcDbLine
 10
-19.14354
 20
11.33359
 30
0.0
 11
-19.14354
 21
8.56288
 31
0.0
  0
LINE
  5
9BF
330
17
100
AcDbEntity
  8
0
100
AcDbLine
 10
-19.14354
 20
8.56288
 30
0.0
 11
-19.14354
 21
8.3999
 31
0.0
  0
LINE
  5
9C0
330
17
100
AcDbEntity
  8
0
100
AcDbLine
 10
-19.14354
 20
8.3999
 30
0.0
 11
-18.8719
 21
8.3999
 31
0.0
  0
LINE
  5
9C1
330
17
100
AcDbEntity
  8
0
100
AcDbLine
 10
-18.8719
 20
8.3999
 30
0.0
 11
-18.82054
 21
8.39789
 31
0.0
  0
LINE
  5
9C2
330
17
100
AcDbEntity
  8
0
100
AcDbLine
 10
-18.82054
 20
8.39789
 30
0.0
 11
-18.76948
 21
8.39188
 31
0.0
  0
LINE
  5
9C3
330
17
100
AcDbEntity
  8
0
100
AcDbLine
 10
-18.76948
 20
8.39188
 30
0.0
 11
-18.71905
 21
8.3819
 31
0.0
  0
LINE
  5
9C4
330
17
100
AcDbEntity
  8
0
100
AcDbLine
 10
-18.71905
 20
8.3819
 30
0.0
 11
-18.7072
 21
8.378409999999999
 31
0.0
  0
LINE
  5
9C5
330
17
100
AcDbEntity
  8
0
100
AcDbLine
 10
-18.7072
 20
8.378409999999999
 30
0.0
 11
-18.69577
 21
8.373719999999999
 31
0.0
  0
LINE
  5
9C6
330
17
100
AcDbEntity
  8
0
100
AcDbLine
 10
-18.69577
 20
8.373719999999999
 30
0.0
 11
-18.684900000000003
 21
8.36787
 31
0.0
  0
LINE
  5
9C7
330
17
100
AcDbEntity
  8
0
100
AcDbLine
 10
-18.684900000000003
 20
8.36787
 30
0.0
 11
-18.67468
 21
8.36092
 31
0.0
  0
LINE
  5
9C8
330
17
100
AcDbEntity
  8
0
100
AcDbLine
 10
-18.67468
 20
8.36092
 30
0.0
 11
-18.66524
 21
8.35295
 31
0.0
  0
LINE
  5
9C9
330
17
100
AcDbEntity
  8
0
100
AcDbLine
 10
-18.66524
 20
8.35295
 30
0.0
 11
-18.656670000000002
 21
8.344050000000001
 31
0.0
  0
LINE
  5
9CA
330
17
100
AcDbEntity
  8
0
100
AcDbLine
 10
-18.656670000000002
 20
8.344050000000001
 30
0.0
 11
-18.649070000000002
 21
8.334309999999999
 31
0.0
  0
LINE
  5
9CB
330
17
100
AcDbEntity
  8
0
100
AcDbLine
 10
-18.649070000000002
 20
8.334309999999999
 30
0.0
 11
-18.642519999999998
 21
8.32384
 31
0.0
  0
LINE
  5
9CC
330
17
100
AcDbEntity
  8
0
100
AcDbLine
 10
-18.642519999999998
 20
8.32384
 30
0.0
 11
-18.631149999999998
 21
8.30098
 31
0.0
  0
LINE
  5
9CD
330
17
100
AcDbEntity
  8
0
100
AcDbLine
 10
-18.631149999999998
 20
8.30098
 30
0.0
 11
-18.62192
 21
8.27717
 31
0.0
  0
LINE
  5
9CE
330
17
100
AcDbEntity
  8
0
100
AcDbLine
 10
-18.62192
 20
8.27717
 30
0.0
 11
-18.61488
 21
8.25263
 31
0.0
  0
LINE
  5
9CF
330
17
100
AcDbEntity
  8
0
100
AcDbLine
 10
-18.61488
 20
8.25263
 30
0.0
 11
-18.610120000000002
 21
8.22754
 31
0.0
  0
LINE
  5
9D0
330
17
100
AcDbEntity
  8
0
100
AcDbLine
 10
-18.610120000000002
 20
8.22754
 30
0.0
 11
-18.607660000000003
 21
8.20213
 31
0.0
  0
LINE
  5
9D1
330
17
100
AcDbEntity
  8
0
100
AcDbLine
 10
-18.607660000000003
 20
8.20213
 30
0.0
 11
-18.607660000000003
 21
7.619759999999999
 31
0.0
  0
LINE
  5
9D2
330
17
100
AcDbEntity
  8
0
100
AcDbLine
 10
-18.607660000000003
 20
7.619759999999999
 30
0.0
 11
-18.610120000000002
 21
7.5943499999999995
 31
0.0
  0
LINE
  5
9D3
330
17
100
AcDbEntity
  8
0
100
AcDbLine
 10
-18.610120000000002
 20
7.5943499999999995
 30
0.0
 11
-18.61488
 21
7.56927
 31
0.0
  0
LINE
  5
9D4
330
17
100
AcDbEntity
  8
0
100
AcDbLine
 10
-18.61488
 20
7.56927
 30
0.0
 11
-18.62192
 21
7.544720000000001
 31
0.0
  0
LINE
  5
9D5
330
17
100
AcDbEntity
  8
0
100
AcDbLine
 10
-18.62192
 20
7.544720000000001
 30
0.0
 11
-18.631149999999998
 21
7.52092
 31
0.0
  0
LINE
  5
9D6
330
17
100
AcDbEntity
  8
0
100
AcDbLine
 10
-18.631149999999998
 20
7.52092
 30
0.0
 11
-18.642519999999998
 21
7.49806
 31
0.0
  0
LINE
  5
9D7
330
17
100
AcDbEntity
  8
0
100
AcDbLine
 10
-18.642519999999998
 20
7.49806
 30
0.0
 11
-18.649070000000002
 21
7.4875799999999995
 31
0.0
  0
LINE
  5
9D8
330
17
100
AcDbEntity
  8
0
100
AcDbLine
 10
-18.649070000000002
 20
7.4875799999999995
 30
0.0
 11
-18.656670000000002
 21
7.4778400000000005
 31
0.0
  0
LINE
  5
9D9
330
17
100
AcDbEntity
  8
0
100
AcDbLine
 10
-18.656670000000002
 20
7.4778400000000005
 30
0.0
 11
-18.66524
 21
7.46894
 31
0.0
  0
LINE
  5
9DA
330
17
100
AcDbEntity
  8
0
100
AcDbLine
 10
-18.66524
 20
7.46894
 30
0.0
 11
-18.67468
 21
7.46098
 31
0.0
  0
LINE
  5
9DB
330
17
100
AcDbEntity
  8
0
100
AcDbLine
 10
-18.67468
 20
7.46098
 30
0.0
 11
-18.684900000000003
 21
7.45403
 31
0.0
  0
LINE
  5
9DC
330
17
100
AcDbEntity
  8
0
100
AcDbLine
 10
-18.684900000000003
 20
7.45403
 30
0.0
 11
-18.69577
 21
7.448180000000001
 31
0.0
  0
LINE
  5
9DD
330
17
100
AcDbEntity
  8
0
100
AcDbLine
 10
-18.69577
 20
7.448180000000001
 30
0.0
 11
-18.7072
 21
7.44348
 31
0.0
  0
LINE
  5
9DE
330
17
100
AcDbEntity
  8
0
100
AcDbLine
 10
-18.7072
 20
7.44348
 30
0.0
 11
-18.71905
 21
7.43999
 31
0.0
  0
LINE
  5
9DF
330
17
100
AcDbEntity
  8
0
100
AcDbLine
 10
-18.71905
 20
7.43999
 30
0.0
 11
-18.76948
 21
7.43002
 31
0.0
  0
LINE
  5
9E0
330
17
100
AcDbEntity
  8
0
100
AcDbLine
 10
-18.76948
 20
7.43002
 30
0.0
 11
-18.82054
 21
7.42401
 31
0.0
  0
LINE
  5
9E1
330
17
100
AcDbEntity
  8
0
100
AcDbLine
 10
-18.82054
 20
7.42401
 30
0.0
 11
-18.8719
 21
7.422
 31
0.0
  0
LINE
  5
9E2
330
17
100
AcDbEntity
  8
0
100
AcDbLine
 10
-18.8719
 20
7.422
 30
0.0
 11
-19.14354
 21
7.422
 31
0.0
  0
LINE
  5
9E3
330
17
100
AcDbEntity
  8
0
100
AcDbLine
 10
-19.14354
 20
7.422
 30
0.0
 11
-19.14354
 21
6.00948
 31
0.0
  0
LINE
  5
9E4
330
17
100
AcDbEntity
  8
0
100
AcDbLine
 10
-19.14354
 20
6.00948
 30
0.0
 11
-19.14354
 21
5.7921700000000005
 31
0.0
  0
LINE
  5
9E5
330
17
100
AcDbEntity
  8
0
100
AcDbLine
 10
-19.14354
 20
5.7921700000000005
 30
0.0
 11
-19.14354
 21
5.408589999999999
 31
0.0
  0
LINE
  5
9E6
330
17
100
AcDbEntity
  8
0
100
AcDbLine
 10
-19.14354
 20
5.408589999999999
 30
0.0
 11
-19.14354
 21
3.00964
 31
0.0
  0
LINE
  5
9E7
330
17
100
AcDbEntity
  8
0
100
AcDbLine
 10
-19.14354
 20
3.00964
 30
0.0
 11
-19.14354
 21
2.92815
 31
0.0
  0
LINE
  5
9E8
330
17
100
AcDbEntity
  8
0
100
AcDbLine
 10
-19.14354
 20
2.92815
 30
0.0
 11
-19.14354
 21
1.6632699999999998
 31
0.0
  0
LINE
  5
9E9
330
17
100
AcDbEntity
  8
0
100
AcDbLine
 10
-19.14354
 20
1.6632699999999998
 30
0.0
 11
-21.4253
 21
1.6632699999999998
 31
0.0
  0
LINE
  5
9EA
330
17
100
AcDbEntity
  8
0
100
AcDbLine
 10
-21.4253
 20
1.6632699999999998
 30
0.0
 11
-21.4253
 21
2.92815
 31
0.0
  0
LINE
  5
9EB
330
17
100
AcDbEntity
  8
0
100
AcDbLine
 10
-21.4253
 20
2.92815
 30
0.0
 11
-21.4253
 21
3.00964
 31
0.0
  0
LINE
  5
9EC
330
17
100
AcDbEntity
  8
0
100
AcDbLine
 10
-21.4253
 20
3.00964
 30
0.0
 11
-21.4253
 21
5.408589999999999
 31
0.0
  0
LINE
  5
9ED
330
17
100
AcDbEntity
  8
0
100
AcDbLine
 10
-21.4253
 20
5.408589999999999
 30
0.0
 11
-21.4253
 21
5.7921700000000005
 31
0.0
  0
LINE
  5
9EE
330
17
100
AcDbEntity
  8
0
100
AcDbLine
 10
-21.4253
 20
5.7921700000000005
 30
0.0
 11
-21.4253
 21
6.00948
 31
0.0
  0
LINE
  5
9EF
330
17
100
AcDbEntity
  8
0
100
AcDbLine
 10
-21.4253
 20
6.00948
 30
0.0
 11
-21.4253
 21
6.66141
 31
0.0
  0
LINE
  5
9F0
330
17
100
AcDbEntity
  8
0
100
AcDbLine
 10
-21.4253
 20
6.66141
 30
0.0
 11
-20.77337
 21
6.66141
 31
0.0
  0
LINE
  5
9F1
330
17
100
AcDbEntity
  8
0
100
AcDbLine
 10
-20.77337
 20
6.66141
 30
0.0
 11
-20.39616
 21
6.66779
 31
0.0
  0
LINE
  5
9F2
330
17
100
AcDbEntity
  8
0
100
AcDbLine
 10
-20.39616
 20
6.66779
 30
0.0
 11
-20.339940000000002
 21
6.6724000000000006
 31
0.0
  0
LINE
  5
9F3
330
17
100
AcDbEntity
  8
0
100
AcDbLine
 10
-20.339940000000002
 20
6.6724000000000006
 30
0.0
 11
-20.284409999999998
 21
6.68238
 31
0.0
  0
LINE
  5
9F4
330
17
100
AcDbEntity
  8
0
100
AcDbLine
 10
-20.284409999999998
 20
6.68238
 30
0.0
 11
-20.2301
 21
6.69763
 31
0.0
  0
LINE
  5
9F5
330
17
100
AcDbEntity
  8
0
100
AcDbLine
 10
-20.2301
 20
6.69763
 30
0.0
 11
-20.21611
 21
6.703139999999999
 31
0.0
  0
LINE
  5
9F6
330
17
100
AcDbEntity
  8
0
100
AcDbLine
 10
-20.21611
 20
6.703139999999999
 30
0.0
 11
-20.20278
 21
6.7101
 31
0.0
  0
LINE
  5
9F7
330
17
100
AcDbEntity
  8
0
100
AcDbLine
 10
-20.20278
 20
6.7101
 30
0.0
 11
-20.190269999999998
 21
6.71844
 31
0.0
  0
LINE
  5
9F8
330
17
100
AcDbEntity
  8
0
100
AcDbLine
 10
-20.190269999999998
 20
6.71844
 30
0.0
 11
-20.178720000000002
 21
6.72806
 31
0.0
  0
LINE
  5
9F9
330
17
100
AcDbEntity
  8
0
100
AcDbLine
 10
-20.178720000000002
 20
6.72806
 30
0.0
 11
-20.16826
 21
6.73886
 31
0.0
  0
LINE
  5
9FA
330
17
100
AcDbEntity
  8
0
100
AcDbLine
 10
-20.16826
 20
6.73886
 30
0.0
 11
-20.159010000000002
 21
6.75071
 31
0.0
  0
LINE
  5
9FB
330
17
100
AcDbEntity
  8
0
100
AcDbLine
 10
-20.159010000000002
 20
6.75071
 30
0.0
 11
-20.15107
 21
6.7634799999999995
 31
0.0
  0
LINE
  5
9FC
330
17
100
AcDbEntity
  8
0
100
AcDbLine
 10
-20.15107
 20
6.7634799999999995
 30
0.0
 11
-20.14055
 21
6.785089999999999
 31
0.0
  0
LINE
  5
9FD
330
17
100
AcDbEntity
  8
0
100
AcDbLine
 10
-20.14055
 20
6.785089999999999
 30
0.0
 11
-20.13225
 21
6.80766
 31
0.0
  0
LINE
  5
9FE
330
17
100
AcDbEntity
  8
0
100
AcDbLine
 10
-20.13225
 20
6.80766
 30
0.0
 11
-20.12627
 21
6.83094
 31
0.0
  0
LINE
  5
9FF
330
17
100
AcDbEntity
  8
0
100
AcDbLine
 10
-20.12627
 20
6.83094
 30
0.0
 11
-20.12265
 21
6.85471
 31
0.0
  0
LINE
  5
A00
330
17
100
AcDbEntity
  8
0
100
AcDbLine
 10
-20.12265
 20
6.85471
 30
0.0
 11
-20.12144
 21
6.8787199999999995
 31
0.0
  0
LINE
  5
A01
330
17
100
AcDbEntity
  8
0
100
AcDbLine
 10
-20.12144
 20
6.8787199999999995
 30
0.0
 11
-20.12265
 21
6.90273
 31
0.0
  0
LINE
  5
A02
330
17
100
AcDbEntity
  8
0
100
AcDbLine
 10
-20.12265
 20
6.90273
 30
0.0
 11
-20.12627
 21
6.926500000000001
 31
0.0
  0
LINE
  5
A03
330
17
100
AcDbEntity
  8
0
100
AcDbLine
 10
-20.12627
 20
6.926500000000001
 30
0.0
 11
-20.13225
 21
6.94979
 31
0.0
  0
LINE
  5
A04
330
17
100
AcDbEntity
  8
0
100
AcDbLine
 10
-20.13225
 20
6.94979
 30
0.0
 11
-20.14055
 21
6.9723500000000005
 31
0.0
  0
LINE
  5
A05
330
17
100
AcDbEntity
  8
0
100
AcDbLine
 10
-20.14055
 20
6.9723500000000005
 30
0.0
 11
-20.15107
 21
6.99397
 31
0.0
  0
LINE
  5
A06
330
17
100
AcDbEntity
  8
0
100
AcDbLine
 10
-20.15107
 20
6.99397
 30
0.0
 11
-20.159010000000002
 21
7.00673
 31
0.0
  0
LINE
  5
A07
330
17
100
AcDbEntity
  8
0
100
AcDbLine
 10
-20.159010000000002
 20
7.00673
 30
0.0
 11
-20.16826
 21
7.01858
 31
0.0
  0
LINE
  5
A08
330
17
100
AcDbEntity
  8
0
100
AcDbLine
 10
-20.16826
 20
7.01858
 30
0.0
 11
-20.178720000000002
 21
7.02938
 31
0.0
  0
LINE
  5
A09
330
17
100
AcDbEntity
  8
0
100
AcDbLine
 10
-20.178720000000002
 20
7.02938
 30
0.0
 11
-20.190269999999998
 21
7.039
 31
0.0
  0
LINE
  5
A0A
330
17
100
AcDbEntity
  8
0
100
AcDbLine
 10
-20.190269999999998
 20
7.039
 30
0.0
 11
-20.20278
 21
7.04734
 31
0.0
  0
LINE
  5
A0B
330
17
100
AcDbEntity
  8
0
100
AcDbLine
 10
-20.20278
 20
7.04734
 30
0.0
 11
-20.21611
 21
7.05431
 31
0.0
  0
LINE
  5
A0C
330
17
100
AcDbEntity
  8
0
100
AcDbLine
 10
-20.21611
 20
7.05431
 30
0.0
 11
-20.2301
 21
7.05981
 31
0.0
  0
LINE
  5
A0D
330
17
100
AcDbEntity
  8
0
100
AcDbLine
 10
-20.2301
 20
7.05981
 30
0.0
 11
-20.284409999999998
 21
7.07507
 31
0.0
  0
LINE
  5
A0E
330
17
100
AcDbEntity
  8
0
100
AcDbLine
 10
-20.284409999999998
 20
7.07507
 30
0.0
 11
-20.339940000000002
 21
7.08504
 31
0.0
  0
LINE
  5
A0F
330
17
100
AcDbEntity
  8
0
100
AcDbLine
 10
-20.339940000000002
 20
7.08504
 30
0.0
 11
-20.39616
 21
7.089650000000001
 31
0.0
  0
LINE
  5
A10
330
17
100
AcDbEntity
  8
0
100
AcDbLine
 10
-20.39616
 20
7.089650000000001
 30
0.0
 11
-20.77337
 21
7.09603
 31
0.0
  0
LINE
  5
A11
330
17
100
AcDbEntity
  8
0
100
AcDbLine
 10
-20.77337
 20
7.09603
 30
0.0
 11
-21.4253
 21
7.09603
 31
0.0
  0
LINE
  5
A12
330
17
100
AcDbEntity
  8
0
100
AcDbLine
 10
-21.4253
 20
7.09603
 30
0.0
 11
-21.4253
 21
8.56288
 31
0.0
  0
LINE
  5
A13
330
17
100
AcDbEntity
  8
0
100
AcDbLine
 10
-21.4253
 20
8.56288
 30
0.0
 11
-21.4253
 21
9.92107
 31
0.0
  0
LINE
  5
A14
330
17
100
AcDbEntity
  8
0
100
AcDbLine
 10
-21.4253
 20
9.92107
 30
0.0
 11
-22.13156
 21
9.92107
 31
0.0
  0
LINE
  5
A15
330
17
100
AcDbEntity
  8
0
100
AcDbLine
 10
-22.13156
 20
9.92107
 30
0.0
 11
-22.57961
 21
9.926779999999999
 31
0.0
  0
LINE
  5
A16
330
17
100
AcDbEntity
  8
0
100
AcDbLine
 10
-22.57961
 20
9.926779999999999
 30
0.0
 11
-22.62059
 21
9.92957
 31
0.0
  0
LINE
  5
A17
330
17
100
AcDbEntity
  8
0
100
AcDbLine
 10
-22.62059
 20
9.92957
 30
0.0
 11
-22.66119
 21
9.93586
 31
0.0
  0
LINE
  5
A18
330
17
100
AcDbEntity
  8
0
100
AcDbLine
 10
-22.66119
 20
9.93586
 30
0.0
 11
-22.701099999999997
 21
9.945590000000001
 31
0.0
  0
LINE
  5
A19
330
17
100
AcDbEntity
  8
0
100
AcDbLine
 10
-22.701099999999997
 20
9.945590000000001
 30
0.0
 11
-22.74003
 21
9.95868
 31
0.0
  0
LINE
  5
A1A
330
17
100
AcDbEntity
  8
0
100
AcDbLine
 10
-22.74003
 20
9.95868
 30
0.0
 11
-22.75123
 21
9.96364
 31
0.0
  0
LINE
  5
A1B
330
17
100
AcDbEntity
  8
0
100
AcDbLine
 10
-22.75123
 20
9.96364
 30
0.0
 11
-22.76188
 21
9.96968
 31
0.0
  0
LINE
  5
A1C
330
17
100
AcDbEntity
  8
0
100
AcDbLine
 10
-22.76188
 20
9.96968
 30
0.0
 11
-22.771880000000003
 21
9.97674
 31
0.0
  0
LINE
  5
A1D
330
17
100
AcDbEntity
  8
0
100
AcDbLine
 10
-22.771880000000003
 20
9.97674
 30
0.0
 11
-22.78113
 21
9.98476
 31
0.0
  0
LINE
  5
A1E
330
17
100
AcDbEntity
  8
0
100
AcDbLine
 10
-22.78113
 20
9.98476
 30
0.0
 11
-22.78954
 21
9.99366
 31
0.0
  0
LINE
  5
A1F
330
17
100
AcDbEntity
  8
0
100
AcDbLine
 10
-22.78954
 20
9.99366
 30
0.0
 11
-22.79703
 21
10.00335
 31
0.0
  0
LINE
  5
A20
330
17
100
AcDbEntity
  8
0
100
AcDbLine
 10
-22.79703
 20
10.00335
 30
0.0
 11
-22.803520000000002
 21
10.01373
 31
0.0
  0
LINE
  5
A21
330
17
100
AcDbEntity
  8
0
100
AcDbLine
 10
-22.803520000000002
 20
10.01373
 30
0.0
 11
-22.80896
 21
10.0247
 31
0.0
  0
LINE
  5
A22
330
17
100
AcDbEntity
  8
0
100
AcDbLine
 10
-22.80896
 20
10.0247
 30
0.0
 11
-22.81328
 21
10.036150000000001
 31
0.0
  0
LINE
  5
A23
330
17
100
AcDbEntity
  8
0
100
AcDbLine
 10
-22.81328
 20
10.036150000000001
 30
0.0
 11
-22.82686
 21
10.0874
 31
0.0
  0
LINE
  5
A24
330
17
100
AcDbEntity
  8
0
100
AcDbLine
 10
-22.82686
 20
10.0874
 30
0.0
 11
-22.83508
 21
10.139769999999999
 31
0.0
  0
LINE
  5
A25
330
17
100
AcDbEntity
  8
0
100
AcDbLine
 10
-22.83508
 20
10.139769999999999
 30
0.0
 11
-22.83782
 21
10.19271
 31
0.0
  0
LINE
  5
A26
330
17
100
AcDbEntity
  8
0
100
AcDbLine
 10
-22.83782
 20
10.19271
 30
0.0
 11
-22.83462
 21
10.26258
 31
0.0
  0
LINE
  5
A27
330
17
100
AcDbEntity
  8
0
100
AcDbLine
 10
-22.83462
 20
10.26258
 30
0.0
 11
-22.82504
 21
10.33187
 31
0.0
  0
LINE
  5
A28
330
17
100
AcDbEntity
  8
0
100
AcDbLine
 10
-22.82504
 20
10.33187
 30
0.0
 11
-22.8215
 21
10.346670000000001
 31
0.0
  0
LINE
  5
A29
330
17
100
AcDbEntity
  8
0
100
AcDbLine
 10
-22.8215
 20
10.346670000000001
 30
0.0
 11
-22.81645
 21
10.36101
 31
0.0
  0
LINE
  5
A2A
330
17
100
AcDbEntity
  8
0
100
AcDbLine
 10
-22.81645
 20
10.36101
 30
0.0
 11
-22.80995
 21
10.37476
 31
0.0
  0
LINE
  5
A2B
330
17
100
AcDbEntity
  8
0
100
AcDbLine
 10
-22.80995
 20
10.37476
 30
0.0
 11
-22.802059999999997
 21
10.38777
 31
0.0
  0
LINE
  5
A2C
330
17
100
AcDbEntity
  8
0
100
AcDbLine
 10
-22.802059999999997
 20
10.38777
 30
0.0
 11
-22.79287
 21
10.399890000000001
 31
0.0
  0
LINE
  5
A2D
330
17
100
AcDbEntity
  8
0
100
AcDbLine
 10
-22.79287
 20
10.399890000000001
 30
0.0
 11
-22.78248
 21
10.411
 31
0.0
  0
LINE
  5
A2E
330
17
100
AcDbEntity
  8
0
100
AcDbLine
 10
-22.78248
 20
10.411
 30
0.0
 11
-22.770809999999997
 21
10.42117
 31
0.0
  0
LINE
  5
A2F
330
17
100
AcDbEntity
  8
0
100
AcDbLine
 10
-22.770809999999997
 20
10.42117
 30
0.0
 11
-22.7582
 21
10.430119999999999
 31
0.0
  0
LINE
  5
A30
330
17
100
AcDbEntity
  8
0
100
AcDbLine
 10
-22.7582
 20
10.430119999999999
 30
0.0
 11
-22.74474
 21
10.43777
 31
0.0
  0
LINE
  5
A31
330
17
100
AcDbEntity
  8
0
100
AcDbLine
 10
-22.74474
 20
10.43777
 30
0.0
 11
-22.7306
 21
10.44404
 31
0.0
  0
LINE
  5
A32
330
17
100
AcDbEntity
  8
0
100
AcDbLine
 10
-22.7306
 20
10.44404
 30
0.0
 11
-22.7159
 21
10.448870000000001
 31
0.0
  0
LINE
  5
A33
330
17
100
AcDbEntity
  8
0
100
AcDbLine
 10
-22.7159
 20
10.448870000000001
 30
0.0
 11
-22.70078
 21
10.45221
 31
0.0
  0
LINE
  5
A34
330
17
100
AcDbEntity
  8
0
100
AcDbLine
 10
-22.70078
 20
10.45221
 30
0.0
 11
-22.62865
 21
10.46131
 31
0.0
  0
LINE
  5
A35
330
17
100
AcDbEntity
  8
0
100
AcDbLine
 10
-22.62865
 20
10.46131
 30
0.0
 11
-22.55601
 21
10.464350000000001
 31
0.0
  0
LINE
  5
A36
330
17
100
AcDbEntity
  8
0
100
AcDbLine
 10
-22.55601
 20
10.464350000000001
 30
0.0
 11
-22.491629999999997
 21
10.46769
 31
0.0
  0
LINE
  5
A37
330
17
100
AcDbEntity
  8
0
100
AcDbLine
 10
-22.491629999999997
 20
10.46769
 30
0.0
 11
-22.42794
 21
10.47767
 31
0.0
  0
LINE
  5
A38
330
17
100
AcDbEntity
  8
0
100
AcDbLine
 10
-22.42794
 20
10.47767
 30
0.0
 11
-22.4021
 21
10.48434
 31
0.0
  0
LINE
  5
A39
330
17
100
AcDbEntity
  8
0
100
AcDbLine
 10
-22.4021
 20
10.48434
 30
0.0
 11
-22.37698
 21
10.49333
 31
0.0
  0
LINE
  5
A3A
330
17
100
AcDbEntity
  8
0
100
AcDbLine
 10
-22.37698
 20
10.49333
 30
0.0
 11
-22.35277
 21
10.50456
 31
0.0
  0
LINE
  5
A3B
330
17
100
AcDbEntity
  8
0
100
AcDbLine
 10
-22.35277
 20
10.50456
 30
0.0
 11
-22.32968
 21
10.51793
 31
0.0
  0
LINE
  5
A3C
330
17
100
AcDbEntity
  8
0
100
AcDbLine
 10
-22.32968
 20
10.51793
 30
0.0
 11
-22.30979
 21
10.5322
 31
0.0
  0
LINE
  5
A3D
330
17
100
AcDbEntity
  8
0
100
AcDbLine
 10
-22.30979
 20
10.5322
 30
0.0
 11
-22.29146
 21
10.54843
 31
0.0
  0
LINE
  5
A3E
330
17
100
AcDbEntity
  8
0
100
AcDbLine
 10
-22.29146
 20
10.54843
 30
0.0
 11
-22.2749
 21
10.566469999999999
 31
0.0
  0
LINE
  5
A3F
330
17
100
AcDbEntity
  8
0
100
AcDbLine
 10
-22.2749
 20
10.566469999999999
 30
0.0
 11
-22.26028
 21
10.58611
 31
0.0
  0
LINE
  5
A40
330
17
100
AcDbEntity
  8
0
100
AcDbLine
 10
-22.26028
 20
10.58611
 30
0.0
 11
-22.24661
 21
10.60857
 31
0.0
  0
LINE
  5
A41
330
17
100
AcDbEntity
  8
0
100
AcDbLine
 10
-22.24661
 20
10.60857
 30
0.0
 11
-22.23485
 21
10.63209
 31
0.0
  0
LINE
  5
A42
330
17
100
AcDbEntity
  8
0
100
AcDbLine
 10
-22.23485
 20
10.63209
 30
0.0
 11
-22.225080000000002
 21
10.656509999999999
 31
0.0
  0
LINE
  5
A43
330
17
100
AcDbEntity
  8
0
100
AcDbLine
 10
-22.225080000000002
 20
10.656509999999999
 30
0.0
 11
-22.21737
 21
10.68166
 31
0.0
  0
LINE
  5
A44
330
17
100
AcDbEntity
  8
0
100
AcDbLine
 10
-22.21737
 20
10.68166
 30
0.0
 11
-22.208930000000002
 21
10.70891
 31
0.0
  0
LINE
  5
A45
330
17
100
AcDbEntity
  8
0
100
AcDbLine
 10
-22.208930000000002
 20
10.70891
 30
0.0
 11
-22.19811
 21
10.735289999999999
 31
0.0
  0
LINE
  5
A46
330
17
100
AcDbEntity
  8
0
100
AcDbLine
 10
-22.19811
 20
10.735289999999999
 30
0.0
 11
-22.18497
 21
10.76061
 31
0.0
  0
LINE
  5
A47
330
17
100
AcDbEntity
  8
0
100
AcDbLine
 10
-22.18497
 20
10.76061
 30
0.0
 11
-22.169629999999998
 21
10.78466
 31
0.0
  0
LINE
  5
A48
330
17
100
AcDbEntity
  8
0
100
AcDbLine
 10
-22.169629999999998
 20
10.78466
 30
0.0
 11
-22.157
 21
10.80091
 31
0.0
  0
LINE
  5
A49
330
17
100
AcDbEntity
  8
0
100
AcDbLine
 10
-22.157
 20
10.80091
 30
0.0
 11
-22.14286
 21
10.81585
 31
0.0
  0
LINE
  5
A4A
330
17
100
AcDbEntity
  8
0
100
AcDbLine
 10
-22.14286
 20
10.81585
 30
0.0
 11
-22.12733
 21
10.82936
 31
0.0
  0
LINE
  5
A4B
330
17
100
AcDbEntity
  8
0
100
AcDbLine
 10
-22.12733
 20
10.82936
 30
0.0
 11
-22.11057
 21
10.84129
 31
0.0
  0
LINE
  5
A4C
330
17
100
AcDbEntity
  8
0
100
AcDbLine
 10
-22.11057
 20
10.84129
 30
0.0
 11
-22.092730000000003
 21
10.85155
 31
0.0
  0
LINE
  5
A4D
330
17
100
AcDbEntity
  8
0
100
AcDbLine
 10
-22.092730000000003
 20
10.85155
 30
0.0
 11
-22.06428
 21
10.86457
 31
0.0
  0
LINE
  5
A4E
330
17
100
AcDbEntity
  8
0
100
AcDbLine
 10
-22.06428
 20
10.86457
 30
0.0
 11
-22.034789999999997
 21
10.87504
 31
0.0
  0
LINE
  5
A4F
330
17
100
AcDbEntity
  8
0
100
AcDbLine
 10
-22.034789999999997
 20
10.87504
 30
0.0
 11
-22.0045
 21
10.882869999999999
 31
0.0
  0
LINE
  5
A50
330
17
100
AcDbEntity
  8
0
100
AcDbLine
 10
-22.0045
 20
10.882869999999999
 30
0.0
 11
-21.97364
 21
10.88801
 31
0.0
  0
LINE
  5
A51
330
17
100
AcDbEntity
  8
0
100
AcDbLine
 10
-21.97364
 20
10.88801
 30
0.0
 11
-21.88345
 21
10.89623
 31
0.0
  0
LINE
  5
A52
330
17
100
AcDbEntity
  8
0
100
AcDbLine
 10
-21.88345
 20
10.89623
 30
0.0
 11
-21.79293
 21
10.898969999999998
 31
0.0
  0
LINE
  5
A53
330
17
100
AcDbEntity
  8
0
100
AcDbLine
 10
-21.79293
 20
10.898969999999998
 30
0.0
 11
-21.4253
 21
10.898969999999998
 31
0.0
  0
LINE
  5
A54
330
17
100
AcDbEntity
  8
0
100
AcDbLine
 10
-21.4253
 20
10.898969999999998
 30
0.0
 11
-21.4253
 21
11.931189999999999
 31
0.0
  0
LINE
  5
A55
330
17
100
AcDbEntity
  8
0
100
AcDbLine
 10
-21.4253
 20
11.931189999999999
 30
0.0
 11
-21.4253
 21
13.055670000000001
 31
0.0
  0
LINE
  5
A56
330
17
100
AcDbEntity
  8
0
100
AcDbLine
 10
-21.4253
 20
13.055670000000001
 30
0.0
 11
-21.4253
 21
13.39804
 31
0.0
  0
LINE
  5
A57
330
17
100
AcDbEntity
  8
0
100
AcDbLine
 10
-21.4253
 20
13.39804
 30
0.0
 11
-21.751269999999998
 21
13.39804
 31
0.0
  0
LINE
  5
A58
330
17
100
AcDbEntity
  8
0
100
AcDbLine
 10
-21.751269999999998
 20
13.39804
 30
0.0
 11
-21.83909
 21
13.40068
 31
0.0
  0
LINE
  5
A59
330
17
100
AcDbEntity
  8
0
100
AcDbLine
 10
-21.83909
 20
13.40068
 30
0.0
 11
-21.9266
 21
13.4086
 31
0.0
  0
LINE
  5
A5A
330
17
100
AcDbEntity
  8
0
100
AcDbLine
 10
-21.9266
 20
13.4086
 30
0.0
 11
-21.943080000000002
 21
13.4114
 31
0.0
  0
LINE
  5
A5B
330
17
100
AcDbEntity
  8
0
100
AcDbLine
 10
-21.943080000000002
 20
13.4114
 30
0.0
 11
-21.959220000000002
 21
13.41577
 31
0.0
  0
LINE
  5
A5C
330
17
100
AcDbEntity
  8
0
100
AcDbLine
 10
-21.959220000000002
 20
13.41577
 30
0.0
 11
-21.97487
 21
13.42165
 31
0.0
  0
LINE
  5
A5D
330
17
100
AcDbEntity
  8
0
100
AcDbLine
 10
-21.97487
 20
13.42165
 30
0.0
 11
-21.989890000000003
 21
13.42901
 31
0.0
  0
LINE
  5
A5E
330
17
100
AcDbEntity
  8
0
100
AcDbLine
 10
-21.989890000000003
 20
13.42901
 30
0.0
 11
-22.00413
 21
13.43776
 31
0.0
  0
LINE
  5
A5F
330
17
100
AcDbEntity
  8
0
100
AcDbLine
 10
-22.00413
 20
13.43776
 30
0.0
 11
-22.01748
 21
13.447840000000001
 31
0.0
  0
LINE
  5
A60
330
17
100
AcDbEntity
  8
0
100
AcDbLine
 10
-22.01748
 20
13.447840000000001
 30
0.0
 11
-22.02718
 21
13.45676
 31
0.0
  0
LINE
  5
A61
330
17
100
AcDbEntity
  8
0
100
AcDbLine
 10
-22.02718
 20
13.45676
 30
0.0
 11
-22.03596
 21
13.46659
 31
0.0
  0
LINE
  5
A62
330
17
100
AcDbEntity
  8
0
100
AcDbLine
 10
-22.03596
 20
13.46659
 30
0.0
 11
-22.04373
 21
13.47723
 31
0.0
  0
LINE
  5
A63
330
17
100
AcDbEntity
  8
0
100
AcDbLine
 10
-22.04373
 20
13.47723
 30
0.0
 11
-22.05043
 21
13.48858
 31
0.0
  0
LINE
  5
A64
330
17
100
AcDbEntity
  8
0
100
AcDbLine
 10
-22.05043
 20
13.48858
 30
0.0
 11
-22.05599
 21
13.50053
 31
0.0
  0
LINE
  5
A65
330
17
100
AcDbEntity
  8
0
100
AcDbLine
 10
-22.05599
 20
13.50053
 30
0.0
 11
-22.060360000000003
 21
13.51297
 31
0.0
  0
LINE
  5
A66
330
17
100
AcDbEntity
  8
0
100
AcDbLine
 10
-22.060360000000003
 20
13.51297
 30
0.0
 11
-22.06348
 21
13.52577
 31
0.0
  0
LINE
  5
A67
330
17
100
AcDbEntity
  8
0
100
AcDbLine
 10
-22.06348
 20
13.52577
 30
0.0
 11
-22.07379
 21
13.5974
 31
0.0
  0
LINE
  5
A68
330
17
100
AcDbEntity
  8
0
100
AcDbLine
 10
-22.07379
 20
13.5974
 30
0.0
 11
-22.07724
 21
13.66968
 31
0.0
  0
LINE
  5
A69
330
17
100
AcDbEntity
  8
0
100
AcDbLine
 10
-22.07724
 20
13.66968
 30
0.0
 11
-22.07979
 21
13.722339999999999
 31
0.0
  0
LINE
  5
A6A
330
17
100
AcDbEntity
  8
0
100
AcDbLine
 10
-22.07979
 20
13.722339999999999
 30
0.0
 11
-22.08743
 21
13.77452
 31
0.0
  0
LINE
  5
A6B
330
17
100
AcDbEntity
  8
0
100
AcDbLine
 10
-22.08743
 20
13.77452
 30
0.0
 11
-22.100089999999998
 21
13.8257
 31
0.0
  0
LINE
  5
A6C
330
17
100
AcDbEntity
  8
0
100
AcDbLine
 10
-22.100089999999998
 20
13.8257
 30
0.0
 11
-22.104059999999997
 21
13.83694
 31
0.0
  0
LINE
  5
A6D
330
17
100
AcDbEntity
  8
0
100
AcDbLine
 10
-22.104059999999997
 20
13.83694
 30
0.0
 11
-22.10912
 21
13.84773
 31
0.0
  0
LINE
  5
A6E
330
17
100
AcDbEntity
  8
0
100
AcDbLine
 10
-22.10912
 20
13.84773
 30
0.0
 11
-22.11522
 21
13.85797
 31
0.0
  0
LINE
  5
A6F
330
17
100
AcDbEntity
  8
0
100
AcDbLine
 10
-22.11522
 20
13.85797
 30
0.0
 11
-22.12228
 21
13.86756
 31
0.0
  0
LINE
  5
A70
330
17
100
AcDbEntity
  8
0
100
AcDbLine
 10
-22.12228
 20
13.86756
 30
0.0
 11
-22.13026
 21
13.87642
 31
0.0
  0
LINE
  5
A71
330
17
100
AcDbEntity
  8
0
100
AcDbLine
 10
-22.13026
 20
13.87642
 30
0.0
 11
-22.13907
 21
13.88444
 31
0.0
  0
LINE
  5
A72
330
17
100
AcDbEntity
  8
0
100
AcDbLine
 10
-22.13907
 20
13.88444
 30
0.0
 11
-22.14862
 21
13.89156
 31
0.0
  0
LINE
  5
A73
330
17
100
AcDbEntity
  8
0
100
AcDbLine
 10
-22.14862
 20
13.89156
 30
0.0
 11
-22.158830000000002
 21
13.897720000000001
 31
0.0
  0
LINE
  5
A74
330
17
100
AcDbEntity
  8
0
100
AcDbLine
 10
-22.158830000000002
 20
13.897720000000001
 30
0.0
 11
-22.16959
 21
13.90283
 31
0.0
  0
LINE
  5
A75
330
17
100
AcDbEntity
  8
0
100
AcDbLine
 10
-22.16959
 20
13.90283
 30
0.0
 11
-22.206030000000002
 21
13.9161
 31
0.0
  0
LINE
  5
A76
330
17
100
AcDbEntity
  8
0
100
AcDbLine
 10
-22.206030000000002
 20
13.9161
 30
0.0
 11
-22.24352
 21
13.92598
 31
0.0
  0
LINE
  5
A77
330
17
100
AcDbEntity
  8
0
100
AcDbLine
 10
-22.24352
 20
13.92598
 30
0.0
 11
-22.281760000000002
 21
13.932409999999999
 31
0.0
  0
LINE
  5
A78
330
17
100
AcDbEntity
  8
0
100
AcDbLine
 10
-22.281760000000002
 20
13.932409999999999
 30
0.0
 11
-22.320429999999998
 21
13.93531
 31
0.0
  0
LINE
  5
A79
330
17
100
AcDbEntity
  8
0
100
AcDbLine
 10
-22.320429999999998
 20
13.93531
 30
0.0
 11
-22.72917
 21
13.94132
 31
0.0
  0
LINE
  5
A7A
330
17
100
AcDbEntity
  8
0
100
AcDbLine
 10
-22.72917
 20
13.94132
 30
0.0
 11
-23.106379999999998
 21
13.94769
 31
0.0
  0
LINE
  5
A7B
330
17
100
AcDbEntity
  8
0
100
AcDbLine
 10
-23.106379999999998
 20
13.94769
 30
0.0
 11
-23.162599999999998
 21
13.952300000000001
 31
0.0
  0
LINE
  5
A7C
330
17
100
AcDbEntity
  8
0
100
AcDbLine
 10
-23.162599999999998
 20
13.952300000000001
 30
0.0
 11
-23.21813
 21
13.96228
 31
0.0
  0
LINE
  5
A7D
330
17
100
AcDbEntity
  8
0
100
AcDbLine
 10
-23.21813
 20
13.96228
 30
0.0
 11
-23.27244
 21
13.97753
 31
0.0
  0
LINE
  5
A7E
330
17
100
AcDbEntity
  8
0
100
AcDbLine
 10
-23.27244
 20
13.97753
 30
0.0
 11
-23.28643
 21
13.98304
 31
0.0
  0
LINE
  5
A7F
330
17
100
AcDbEntity
  8
0
100
AcDbLine
 10
-23.28643
 20
13.98304
 30
0.0
 11
-23.29976
 21
13.99
 31
0.0
  0
LINE
  5
A80
330
17
100
AcDbEntity
  8
0
100
AcDbLine
 10
-23.29976
 20
13.99
 30
0.0
 11
-23.312269999999998
 21
13.998339999999999
 31
0.0
  0
LINE
  5
A81
330
17
100
AcDbEntity
  8
0
100
AcDbLine
 10
-23.312269999999998
 20
13.998339999999999
 30
0.0
 11
-23.323819999999998
 21
14.00797
 31
0.0
  0
LINE
  5
A82
330
17
100
AcDbEntity
  8
0
100
AcDbLine
 10
-23.323819999999998
 20
14.00797
 30
0.0
 11
-23.33428
 21
14.01877
 31
0.0
  0
LINE
  5
A83
330
17
100
AcDbEntity
  8
0
100
AcDbLine
 10
-23.33428
 20
14.01877
 30
0.0
 11
-23.34353
 21
14.030610000000001
 31
0.0
  0
LINE
  5
A84
330
17
100
AcDbEntity
  8
0
100
AcDbLine
 10
-23.34353
 20
14.030610000000001
 30
0.0
 11
-23.35147
 21
14.043379999999999
 31
0.0
  0
LINE
  5
A85
330
17
100
AcDbEntity
  8
0
100
AcDbLine
 10
-23.35147
 20
14.043379999999999
 30
0.0
 11
-23.36199
 21
14.065
 31
0.0
  0
LINE
  5
A86
330
17
100
AcDbEntity
  8
0
100
AcDbLine
 10
-23.36199
 20
14.065
 30
0.0
 11
-23.370289999999997
 21
14.08756
 31
0.0
  0
LINE
  5
A87
330
17
100
AcDbEntity
  8
0
100
AcDbLine
 10
-23.370289999999997
 20
14.08756
 30
0.0
 11
-23.37627
 21
14.11085
 31
0.0
  0
LINE
  5
A88
330
17
100
AcDbEntity
  8
0
100
AcDbLine
 10
-23.37627
 20
14.11085
 30
0.0
 11
-23.37989
 21
14.13462
 31
0.0
  0
LINE
  5
A89
330
17
100
AcDbEntity
  8
0
100
AcDbLine
 10
-23.37989
 20
14.13462
 30
0.0
 11
-23.3811
 21
14.15863
 31
0.0
  0
LINE
  5
A8A
330
17
100
AcDbEntity
  8
0
100
AcDbLine
 10
-23.3811
 20
14.15863
 30
0.0
 11
-23.381880000000002
 21
14.175
 31
0.0
  0
LINE
  5
A8B
330
17
100
AcDbEntity
  8
0
100
AcDbLine
 10
-23.381880000000002
 20
14.175
 30
0.0
 11
-23.38422
 21
14.191230000000001
 31
0.0
  0
LINE
  5
A8C
330
17
100
AcDbEntity
  8
0
100
AcDbLine
 10
-23.38422
 20
14.191230000000001
 30
0.0
 11
-23.38811
 21
14.20716
 31
0.0
  0
LINE
  5
A8D
330
17
100
AcDbEntity
  8
0
100
AcDbLine
 10
-23.38811
 20
14.20716
 30
0.0
 11
-23.39349
 21
14.22264
 31
0.0
  0
LINE
  5
A8E
330
17
100
AcDbEntity
  8
0
100
AcDbLine
 10
-23.39349
 20
14.22264
 30
0.0
 11
-23.40033
 21
14.23754
 31
0.0
  0
LINE
  5
A8F
330
17
100
AcDbEntity
  8
0
100
AcDbLine
 10
-23.40033
 20
14.23754
 30
0.0
 11
-23.408559999999998
 21
14.25172
 31
0.0
  0
LINE
  5
A90
330
17
100
AcDbEntity
  8
0
100
AcDbLine
 10
-23.408559999999998
 20
14.25172
 30
0.0
 11
-23.4181
 21
14.26505
 31
0.0
  0
LINE
  5
A91
330
17
100
AcDbEntity
  8
0
100
AcDbLine
 10
-23.4181
 20
14.26505
 30
0.0
 11
-23.42887
 21
14.277410000000001
 31
0.0
  0
LINE
  5
A92
330
17
100
AcDbEntity
  8
0
100
AcDbLine
 10
-23.42887
 20
14.277410000000001
 30
0.0
 11
-23.44599
 21
14.2935
 31
0.0
  0
LINE
  5
A93
330
17
100
AcDbEntity
  8
0
100
AcDbLine
 10
-23.44599
 20
14.2935
 30
0.0
 11
-23.46467
 21
14.307749999999999
 31
0.0
  0
LINE
  5
A94
330
17
100
AcDbEntity
  8
0
100
AcDbLine
 10
-23.46467
 20
14.307749999999999
 30
0.0
 11
-23.48472
 21
14.32
 31
0.0
  0
LINE
  5
A95
330
17
100
AcDbEntity
  8
0
100
AcDbLine
 10
-23.48472
 20
14.32
 30
0.0
 11
-23.50592
 21
14.33013
 31
0.0
  0
LINE
  5
A96
330
17
100
AcDbEntity
  8
0
100
AcDbLine
 10
-23.50592
 20
14.33013
 30
0.0
 11
-23.528049999999997
 21
14.33802
 31
0.0
  0
LINE
  5
A97
330
17
100
AcDbEntity
  8
0
100
AcDbLine
 10
-23.528049999999997
 20
14.33802
 30
0.0
 11
-23.550870000000003
 21
14.3436
 31
0.0
  0
LINE
  5
A98
330
17
100
AcDbEntity
  8
0
100
AcDbLine
 10
-23.550870000000003
 20
14.3436
 30
0.0
 11
-23.6845
 21
14.36308
 31
0.0
  0
LINE
  5
A99
330
17
100
AcDbEntity
  8
0
100
AcDbLine
 10
-23.6845
 20
14.36308
 30
0.0
 11
-23.81931
 21
14.370890000000001
 31
0.0
  0
LINE
  5
A9A
330
17
100
AcDbEntity
  8
0
100
AcDbLine
 10
-23.81931
 20
14.370890000000001
 30
0.0
 11
-24.52198
 21
14.37594
 31
0.0
  0
LINE
  5
A9B
330
17
100
AcDbEntity
  8
0
100
AcDbLine
 10
-24.52198
 20
14.37594
 30
0.0
 11
-25.22465
 21
14.370890000000001
 31
0.0
  0
LINE
  5
A9C
330
17
100
AcDbEntity
  8
0
100
AcDbLine
 10
-25.22465
 20
14.370890000000001
 30
0.0
 11
-25.35946
 21
14.36308
 31
0.0
  0
LINE
  5
A9D
330
17
100
AcDbEntity
  8
0
100
AcDbLine
 10
-25.35946
 20
14.36308
 30
0.0
 11
-25.49309
 21
14.3436
 31
0.0
  0
LINE
  5
A9E
330
17
100
AcDbEntity
  8
0
100
AcDbLine
 10
-25.49309
 20
14.3436
 30
0.0
 11
-25.515909999999998
 21
14.33802
 31
0.0
  0
LINE
  5
A9F
330
17
100
AcDbEntity
  8
0
100
AcDbLine
 10
-25.515909999999998
 20
14.33802
 30
0.0
 11
-25.538040000000002
 21
14.33013
 31
0.0
  0
LINE
  5
AA0
330
17
100
AcDbEntity
  8
0
100
AcDbLine
 10
-25.538040000000002
 20
14.33013
 30
0.0
 11
-25.55924
 21
14.32
 31
0.0
  0
LINE
  5
AA1
330
17
100
AcDbEntity
  8
0
100
AcDbLine
 10
-25.55924
 20
14.32
 30
0.0
 11
-25.57928
 21
14.307749999999999
 31
0.0
  0
LINE
  5
AA2
330
17
100
AcDbEntity
  8
0
100
AcDbLine
 10
-25.57928
 20
14.307749999999999
 30
0.0
 11
-25.59797
 21
14.2935
 31
0.0
  0
LINE
  5
AA3
330
17
100
AcDbEntity
  8
0
100
AcDbLine
 10
-25.59797
 20
14.2935
 30
0.0
 11
-25.61508
 21
14.277410000000001
 31
0.0
  0
LINE
  5
AA4
330
17
100
AcDbEntity
  8
0
100
AcDbLine
 10
-25.61508
 20
14.277410000000001
 30
0.0
 11
-25.62586
 21
14.26505
 31
0.0
  0
LINE
  5
AA5
330
17
100
AcDbEntity
  8
0
100
AcDbLine
 10
-25.62586
 20
14.26505
 30
0.0
 11
-25.6354
 21
14.25172
 31
0.0
  0
LINE
  5
AA6
330
17
100
AcDbEntity
  8
0
100
AcDbLine
 10
-25.6354
 20
14.25172
 30
0.0
 11
-25.64363
 21
14.23754
 31
0.0
  0
LINE
  5
AA7
330
17
100
AcDbEntity
  8
0
100
AcDbLine
 10
-25.64363
 20
14.23754
 30
0.0
 11
-25.650470000000002
 21
14.22264
 31
0.0
  0
LINE
  5
AA8
330
17
100
AcDbEntity
  8
0
100
AcDbLine
 10
-25.650470000000002
 20
14.22264
 30
0.0
 11
-25.65585
 21
14.20716
 31
0.0
  0
LINE
  5
AA9
330
17
100
AcDbEntity
  8
0
100
AcDbLine
 10
-25.65585
 20
14.20716
 30
0.0
 11
-25.65973
 21
14.191230000000001
 31
0.0
  0
LINE
  5
AAA
330
17
100
AcDbEntity
  8
0
100
AcDbLine
 10
-25.65973
 20
14.191230000000001
 30
0.0
 11
-25.66208
 21
14.175
 31
0.0
  0
LINE
  5
AAB
330
17
100
AcDbEntity
  8
0
100
AcDbLine
 10
-25.66208
 20
14.175
 30
0.0
 11
-25.66286
 21
14.15863
 31
0.0
  0
LINE
  5
AAC
330
17
100
AcDbEntity
  8
0
100
AcDbLine
 10
-25.66286
 20
14.15863
 30
0.0
 11
-25.66165
 21
14.13087
 31
0.0
  0
LINE
  5
AAD
330
17
100
AcDbEntity
  8
0
100
AcDbLine
 10
-25.66165
 20
14.13087
 30
0.0
 11
-25.658009999999997
 21
14.10332
 31
0.0
  0
LINE
  5
AAE
330
17
100
AcDbEntity
  8
0
100
AcDbLine
 10
-25.658009999999997
 20
14.10332
 30
0.0
 11
-25.651980000000002
 21
14.0762
 31
0.0
  0
LINE
  5
AAF
330
17
100
AcDbEntity
  8
0
100
AcDbLine
 10
-25.651980000000002
 20
14.0762
 30
0.0
 11
-25.6436
 21
14.0497
 31
0.0
  0
LINE
  5
AB0
330
17
100
AcDbEntity
  8
0
100
AcDbLine
 10
-25.6436
 20
14.0497
 30
0.0
 11
-25.63871
 21
14.03816
 31
0.0
  0
LINE
  5
AB1
330
17
100
AcDbEntity
  8
0
100
AcDbLine
 10
-25.63871
 20
14.03816
 30
0.0
 11
-25.6327
 21
14.02717
 31
0.0
  0
LINE
  5
AB2
330
17
100
AcDbEntity
  8
0
100
AcDbLine
 10
-25.6327
 20
14.02717
 30
0.0
 11
-25.62562
 21
14.016829999999999
 31
0.0
  0
LINE
  5
AB3
330
17
100
AcDbEntity
  8
0
100
AcDbLine
 10
-25.62562
 20
14.016829999999999
 30
0.0
 11
-25.61754
 21
14.00725
 31
0.0
  0
LINE
  5
AB4
330
17
100
AcDbEntity
  8
0
100
AcDbLine
 10
-25.61754
 20
14.00725
 30
0.0
 11
-25.608539999999998
 21
13.99853
 31
0.0
  0
LINE
  5
AB5
330
17
100
AcDbEntity
  8
0
100
AcDbLine
 10
-25.608539999999998
 20
13.99853
 30
0.0
 11
-25.59871
 21
13.99076
 31
0.0
  0
LINE
  5
AB6
330
17
100
AcDbEntity
  8
0
100
AcDbLine
 10
-25.59871
 20
13.99076
 30
0.0
 11
-25.58816
 21
13.984
 31
0.0
  0
LINE
  5
AB7
330
17
100
AcDbEntity
  8
0
100
AcDbLine
 10
-25.58816
 20
13.984
 30
0.0
 11
-25.56283
 21
13.97128
 31
0.0
  0
LINE
  5
AB8
330
17
100
AcDbEntity
  8
0
100
AcDbLine
 10
-25.56283
 20
13.97128
 30
0.0
 11
-25.53629
 21
13.96134
 31
0.0
  0
LINE
  5
AB9
330
17
100
AcDbEntity
  8
0
100
AcDbLine
 10
-25.53629
 20
13.96134
 30
0.0
 11
-25.50883
 21
13.9543
 31
0.0
  0
LINE
  5
ABA
330
17
100
AcDbEntity
  8
0
100
AcDbLine
 10
-25.50883
 20
13.9543
 30
0.0
 11
-25.480780000000003
 21
13.95025
 31
0.0
  0
LINE
  5
ABB
330
17
100
AcDbEntity
  8
0
100
AcDbLine
 10
-25.480780000000003
 20
13.95025
 30
0.0
 11
-25.28257
 21
13.94132
 31
0.0
  0
LINE
  5
ABC
330
17
100
AcDbEntity
  8
0
100
AcDbLine
 10
-25.28257
 20
13.94132
 30
0.0
 11
-25.069000000000003
 21
13.932160000000001
 31
0.0
  0
LINE
  5
ABD
330
17
100
AcDbEntity
  8
0
100
AcDbLine
 10
-25.069000000000003
 20
13.932160000000001
 30
0.0
 11
-25.047320000000003
 21
13.92912
 31
0.0
  0
LINE
  5
ABE
330
17
100
AcDbEntity
  8
0
100
AcDbLine
 10
-25.047320000000003
 20
13.92912
 30
0.0
 11
-25.02609
 21
13.92379
 31
0.0
  0
LINE
  5
ABF
330
17
100
AcDbEntity
  8
0
100
AcDbLine
 10
-25.02609
 20
13.92379
 30
0.0
 11
-25.005550000000003
 21
13.91622
 31
0.0
  0
LINE
  5
AC0
330
17
100
AcDbEntity
  8
0
100
AcDbLine
 10
-25.005550000000003
 20
13.91622
 30
0.0
 11
-24.98593
 21
13.906500000000001
 31
0.0
  0
LINE
  5
AC1
330
17
100
AcDbEntity
  8
0
100
AcDbLine
 10
-24.98593
 20
13.906500000000001
 30
0.0
 11
-24.96747
 21
13.89475
 31
0.0
  0
LINE
  5
AC2
330
17
100
AcDbEntity
  8
0
100
AcDbLine
 10
-24.96747
 20
13.89475
 30
0.0
 11
-24.95696
 21
13.88637
 31
0.0
  0
LINE
  5
AC3
330
17
100
AcDbEntity
  8
0
100
AcDbLine
 10
-24.95696
 20
13.88637
 30
0.0
 11
-24.94742
 21
13.876909999999999
 31
0.0
  0
LINE
  5
AC4
330
17
100
AcDbEntity
  8
0
100
AcDbLine
 10
-24.94742
 20
13.876909999999999
 30
0.0
 11
-24.938930000000003
 21
13.86649
 31
0.0
  0
LINE
  5
AC5
330
17
100
AcDbEntity
  8
0
100
AcDbLine
 10
-24.938930000000003
 20
13.86649
 30
0.0
 11
-24.931600000000003
 21
13.855229999999999
 31
0.0
  0
LINE
  5
AC6
330
17
100
AcDbEntity
  8
0
100
AcDbLine
 10
-24.931600000000003
 20
13.855229999999999
 30
0.0
 11
-24.92552
 21
13.84325
 31
0.0
  0
LINE
  5
AC7
330
17
100
AcDbEntity
  8
0
100
AcDbLine
 10
-24.92552
 20
13.84325
 30
0.0
 11
-24.920749999999998
 21
13.830689999999999
 31
0.0
  0
LINE
  5
AC8
330
17
100
AcDbEntity
  8
0
100
AcDbLine
 10
-24.920749999999998
 20
13.830689999999999
 30
0.0
 11
-24.91734
 21
13.81769
 31
0.0
  0
LINE
  5
AC9
330
17
100
AcDbEntity
  8
0
100
AcDbLine
 10
-24.91734
 20
13.81769
 30
0.0
 11
-24.90605
 21
13.74407
 31
0.0
  0
LINE
  5
ACA
330
17
100
AcDbEntity
  8
0
100
AcDbLine
 10
-24.90605
 20
13.74407
 30
0.0
 11
-24.90227
 21
13.66968
 31
0.0
  0
LINE
  5
ACB
330
17
100
AcDbEntity
  8
0
100
AcDbLine
 10
-24.90227
 20
13.66968
 30
0.0
 11
-24.89912
 21
13.60048
 31
0.0
  0
LINE
  5
ACC
330
17
100
AcDbEntity
  8
0
100
AcDbLine
 10
-24.89912
 20
13.60048
 30
0.0
 11
-24.8897
 21
13.53185
 31
0.0
  0
LINE
  5
ACD
330
17
100
AcDbEntity
  8
0
100
AcDbLine
 10
-24.8897
 20
13.53185
 30
0.0
 11
-24.886200000000002
 21
13.51707
 31
0.0
  0
LINE
  5
ACE
330
17
100
AcDbEntity
  8
0
100
AcDbLine
 10
-24.886200000000002
 20
13.51707
 30
0.0
 11
-24.88124
 21
13.50272
 31
0.0
  0
LINE
  5
ACF
330
17
100
AcDbEntity
  8
0
100
AcDbLine
 10
-24.88124
 20
13.50272
 30
0.0
 11
-24.874859999999998
 21
13.48893
 31
0.0
  0
LINE
  5
AD0
330
17
100
AcDbEntity
  8
0
100
AcDbLine
 10
-24.874859999999998
 20
13.48893
 30
0.0
 11
-24.86713
 21
13.475859999999999
 31
0.0
  0
LINE
  5
AD1
330
17
100
AcDbEntity
  8
0
100
AcDbLine
 10
-24.86713
 20
13.475859999999999
 30
0.0
 11
-24.85813
 21
13.46363
 31
0.0
  0
LINE
  5
AD2
330
17
100
AcDbEntity
  8
0
100
AcDbLine
 10
-24.85813
 20
13.46363
 30
0.0
 11
-24.84795
 21
13.45237
 31
0.0
  0
LINE
  5
AD3
330
17
100
AcDbEntity
  8
0
100
AcDbLine
 10
-24.84795
 20
13.45237
 30
0.0
 11
-24.83668
 21
13.44218
 31
0.0
  0
LINE
  5
AD4
330
17
100
AcDbEntity
  8
0
100
AcDbLine
 10
-24.83668
 20
13.44218
 30
0.0
 11
-24.824450000000002
 21
13.43318
 31
0.0
  0
LINE
  5
AD5
330
17
100
AcDbEntity
  8
0
100
AcDbLine
 10
-24.824450000000002
 20
13.43318
 30
0.0
 11
-24.81138
 21
13.42545
 31
0.0
  0
LINE
  5
AD6
330
17
100
AcDbEntity
  8
0
100
AcDbLine
 10
-24.81138
 20
13.42545
 30
0.0
 11
-24.7976
 21
13.41907
 31
0.0
  0
LINE
  5
AD7
330
17
100
AcDbEntity
  8
0
100
AcDbLine
 10
-24.7976
 20
13.41907
 30
0.0
 11
-24.783240000000003
 21
13.414109999999999
 31
0.0
  0
LINE
  5
AD8
330
17
100
AcDbEntity
  8
0
100
AcDbLine
 10
-24.783240000000003
 20
13.414109999999999
 30
0.0
 11
-24.76847
 21
13.41062
 31
0.0
  0
LINE
  5
AD9
330
17
100
AcDbEntity
  8
0
100
AcDbLine
 10
-24.76847
 20
13.41062
 30
0.0
 11
-24.699840000000002
 21
13.40119
 31
0.0
  0
LINE
  5
ADA
330
17
100
AcDbEntity
  8
0
100
AcDbLine
 10
-24.699840000000002
 20
13.40119
 30
0.0
 11
-24.63063
 21
13.39804
 31
0.0
  0
LINE
  5
ADB
330
17
100
AcDbEntity
  8
0
100
AcDbLine
 10
-24.63063
 20
13.39804
 30
0.0
 11
-24.358999999999998
 21
13.39804
 31
0.0
  0
LINE
  5
ADC
330
17
100
AcDbEntity
  8
0
100
AcDbLine
 10
-24.358999999999998
 20
13.39804
 30
0.0
 11
-24.358999999999998
 21
13.055670000000001
 31
0.0
  0
LINE
  5
ADD
330
17
100
AcDbEntity
  8
0
100
AcDbLine
 10
-24.358999999999998
 20
13.055670000000001
 30
0.0
 11
-24.358999999999998
 21
11.931189999999999
 31
0.0
  0
LINE
  5
ADE
330
17
100
AcDbEntity
  8
0
100
AcDbLine
 10
-24.358999999999998
 20
11.931189999999999
 30
0.0
 11
-24.358999999999998
 21
10.898969999999998
 31
0.0
  0
LINE
  5
ADF
330
17
100
AcDbEntity
  8
0
100
AcDbLine
 10
-24.358999999999998
 20
10.898969999999998
 30
0.0
 11
-25.499879999999997
 21
10.898969999999998
 31
0.0
  0
LINE
  5
AE0
330
17
100
AcDbEntity
  8
0
100
AcDbLine
 10
-25.499879999999997
 20
10.898969999999998
 30
0.0
 11
-26.202550000000002
 21
10.89392
 31
0.0
  0
LINE
  5
AE1
330
17
100
AcDbEntity
  8
0
100
AcDbLine
 10
-26.202550000000002
 20
10.89392
 30
0.0
 11
-26.33736
 21
10.886109999999999
 31
0.0
  0
LINE
  5
AE2
330
17
100
AcDbEntity
  8
0
100
AcDbLine
 10
-26.33736
 20
10.886109999999999
 30
0.0
 11
-26.47098
 21
10.86663
 31
0.0
  0
LINE
  5
AE3
330
17
100
AcDbEntity
  8
0
100
AcDbLine
 10
-26.47098
 20
10.86663
 30
0.0
 11
-26.49381
 21
10.86105
 31
0.0
  0
LINE
  5
AE4
330
17
100
AcDbEntity
  8
0
100
AcDbLine
 10
-26.49381
 20
10.86105
 30
0.0
 11
-26.51593
 21
10.85316
 31
0.0
  0
LINE
  5
AE5
330
17
100
AcDbEntity
  8
0
100
AcDbLine
 10
-26.51593
 20
10.85316
 30
0.0
 11
-26.53714
 21
10.84303
 31
0.0
  0
LINE
  5
AE6
330
17
100
AcDbEntity
  8
0
100
AcDbLine
 10
-26.53714
 20
10.84303
 30
0.0
 11
-26.55718
 21
10.83078
 31
0.0
  0
LINE
  5
AE7
330
17
100
AcDbEntity
  8
0
100
AcDbLine
 10
-26.55718
 20
10.83078
 30
0.0
 11
-26.57586
 21
10.81653
 31
0.0
  0
LINE
  5
AE8
330
17
100
AcDbEntity
  8
0
100
AcDbLine
 10
-26.57586
 20
10.81653
 30
0.0
 11
-26.592979999999997
 21
10.80044
 31
0.0
  0
LINE
  5
AE9
330
17
100
AcDbEntity
  8
0
100
AcDbLine
 10
-26.592979999999997
 20
10.80044
 30
0.0
 11
-26.604429999999997
 21
10.78722
 31
0.0
  0
LINE
  5
AEA
330
17
100
AcDbEntity
  8
0
100
AcDbLine
 10
-26.604429999999997
 20
10.78722
 30
0.0
 11
-26.61448
 21
10.77291
 31
0.0
  0
LINE
  5
AEB
330
17
100
AcDbEntity
  8
0
100
AcDbLine
 10
-26.61448
 20
10.77291
 30
0.0
 11
-26.62301
 21
10.75765
 31
0.0
  0
LINE
  5
AEC
330
17
100
AcDbEntity
  8
0
100
AcDbLine
 10
-26.62301
 20
10.75765
 30
0.0
 11
-26.62995
 21
10.74159
 31
0.0
  0
LINE
  5
AED
330
17
100
AcDbEntity
  8
0
100
AcDbLine
 10
-26.62995
 20
10.74159
 30
0.0
 11
-26.63521
 21
10.724920000000001
 31
0.0
  0
LINE
  5
AEE
330
17
100
AcDbEntity
  8
0
100
AcDbLine
 10
-26.63521
 20
10.724920000000001
 30
0.0
 11
-26.63876
 21
10.7078
 31
0.0
  0
LINE
  5
AEF
330
17
100
AcDbEntity
  8
0
100
AcDbLine
 10
-26.63876
 20
10.7078
 30
0.0
 11
-26.64053
 21
10.690399999999999
 31
0.0
  0
LINE
  5
AF0
330
17
100
AcDbEntity
  8
0
100
AcDbLine
 10
-26.64053
 20
10.690399999999999
 30
0.0
 11
-26.64053
 21
10.67291
 31
0.0
  0
LINE
  5
AF1
330
17
100
AcDbEntity
  8
0
100
AcDbLine
 10
-26.64053
 20
10.67291
 30
0.0
 11
-26.63876
 21
10.65552
 31
0.0
  0
LINE
  5
AF2
330
17
100
AcDbEntity
  8
0
100
AcDbLine
 10
-26.63876
 20
10.65552
 30
0.0
 11
-26.63521
 21
10.63839
 31
0.0
  0
LINE
  5
AF3
330
17
100
AcDbEntity
  8
0
100
AcDbLine
 10
-26.63521
 20
10.63839
 30
0.0
 11
-26.62995
 21
10.62172
 31
0.0
  0
LINE
  5
AF4
330
17
100
AcDbEntity
  8
0
100
AcDbLine
 10
-26.62995
 20
10.62172
 30
0.0
 11
-26.62301
 21
10.60567
 31
0.0
  0
LINE
  5
AF5
330
17
100
AcDbEntity
  8
0
100
AcDbLine
 10
-26.62301
 20
10.60567
 30
0.0
 11
-26.61448
 21
10.59041
 31
0.0
  0
LINE
  5
AF6
330
17
100
AcDbEntity
  8
0
100
AcDbLine
 10
-26.61448
 20
10.59041
 30
0.0
 11
-26.604429999999997
 21
10.57609
 31
0.0
  0
LINE
  5
AF7
330
17
100
AcDbEntity
  8
0
100
AcDbLine
 10
-26.604429999999997
 20
10.57609
 30
0.0
 11
-26.592979999999997
 21
10.56287
 31
0.0
  0
LINE
  5
AF8
330
17
100
AcDbEntity
  8
0
100
AcDbLine
 10
-26.592979999999997
 20
10.56287
 30
0.0
 11
-26.57586
 21
10.54678
 31
0.0
  0
LINE
  5
AF9
330
17
100
AcDbEntity
  8
0
100
AcDbLine
 10
-26.57586
 20
10.54678
 30
0.0
 11
-26.55718
 21
10.53253
 31
0.0
  0
LINE
  5
AFA
330
17
100
AcDbEntity
  8
0
100
AcDbLine
 10
-26.55718
 20
10.53253
 30
0.0
 11
-26.53714
 21
10.52028
 31
0.0
  0
LINE
  5
AFB
330
17
100
AcDbEntity
  8
0
100
AcDbLine
 10
-26.53714
 20
10.52028
 30
0.0
 11
-26.51593
 21
10.510159999999999
 31
0.0
  0
LINE
  5
AFC
330
17
100
AcDbEntity
  8
0
100
AcDbLine
 10
-26.51593
 20
10.510159999999999
 30
0.0
 11
-26.49381
 21
10.50226
 31
0.0
  0
LINE
  5
AFD
330
17
100
AcDbEntity
  8
0
100
AcDbLine
 10
-26.49381
 20
10.50226
 30
0.0
 11
-26.47098
 21
10.49668
 31
0.0
  0
LINE
  5
AFE
330
17
100
AcDbEntity
  8
0
100
AcDbLine
 10
-26.47098
 20
10.49668
 30
0.0
 11
-26.33736
 21
10.477200000000002
 31
0.0
  0
LINE
  5
AFF
330
17
100
AcDbEntity
  8
0
100
AcDbLine
 10
-26.33736
 20
10.477200000000002
 30
0.0
 11
-26.202550000000002
 21
10.4694
 31
0.0
  0
LINE
  5
B00
330
17
100
AcDbEntity
  8
0
100
AcDbLine
 10
-26.202550000000002
 20
10.4694
 30
0.0
 11
-25.499879999999997
 21
10.464350000000001
 31
0.0
  0
LINE
  5
B01
330
17
100
AcDbEntity
  8
0
100
AcDbLine
 10
-25.499879999999997
 20
10.464350000000001
 30
0.0
 11
-24.358999999999998
 21
10.464350000000001
 31
0.0
  0
LINE
  5
B02
330
17
100
AcDbEntity
  8
0
100
AcDbLine
 10
-24.358999999999998
 20
10.464350000000001
 30
0.0
 11
-24.358999999999998
 21
8.56288
 31
0.0
  0
LINE
  5
B03
330
17
100
AcDbEntity
  8
0
100
AcDbLine
 10
-24.358999999999998
 20
8.56288
 30
0.0
 11
-24.358999999999998
 21
7.10853
 31
0.0
  0
LINE
  5
B04
330
17
100
AcDbEntity
  8
0
100
AcDbLine
 10
-24.358999999999998
 20
7.10853
 30
0.0
 11
-23.89815
 21
7.07512
 31
0.0
  0
LINE
  5
B05
330
17
100
AcDbEntity
  8
0
100
AcDbLine
 10
-23.89815
 20
7.07512
 30
0.0
 11
-23.67784
 21
7.04946
 31
0.0
  0
LINE
  5
B06
330
17
100
AcDbEntity
  8
0
100
AcDbLine
 10
-23.67784
 20
7.04946
 30
0.0
 11
-23.62852
 21
7.03929
 31
0.0
  0
LINE
  5
B07
330
17
100
AcDbEntity
  8
0
100
AcDbLine
 10
-23.62852
 20
7.03929
 30
0.0
 11
-23.58028
 21
7.02484
 31
0.0
  0
LINE
  5
B08
330
17
100
AcDbEntity
  8
0
100
AcDbLine
 10
-23.58028
 20
7.02484
 30
0.0
 11
-23.53349
 21
7.006209999999999
 31
0.0
  0
LINE
  5
B09
330
17
100
AcDbEntity
  8
0
100
AcDbLine
 10
-23.53349
 20
7.006209999999999
 30
0.0
 11
-23.50904
 21
6.99362
 31
0.0
  0
LINE
  5
B0A
330
17
100
AcDbEntity
  8
0
100
AcDbLine
 10
-23.50904
 20
6.99362
 30
0.0
 11
-23.48604
 21
6.9785200000000005
 31
0.0
  0
LINE
  5
B0B
330
17
100
AcDbEntity
  8
0
100
AcDbLine
 10
-23.48604
 20
6.9785200000000005
 30
0.0
 11
-23.464760000000002
 21
6.96108
 31
0.0
  0
LINE
  5
B0C
330
17
100
AcDbEntity
  8
0
100
AcDbLine
 10
-23.464760000000002
 20
6.96108
 30
0.0
 11
-23.44544
 21
6.9415
 31
0.0
  0
LINE
  5
B0D
330
17
100
AcDbEntity
  8
0
100
AcDbLine
 10
-23.44544
 20
6.9415
 30
0.0
 11
-23.43281
 21
6.9256400000000005
 31
0.0
  0
LINE
  5
B0E
330
17
100
AcDbEntity
  8
0
100
AcDbLine
 10
-23.43281
 20
6.9256400000000005
 30
0.0
 11
-23.42196
 21
6.9085
 31
0.0
  0
LINE
  5
B0F
330
17
100
AcDbEntity
  8
0
100
AcDbLine
 10
-23.42196
 20
6.9085
 30
0.0
 11
-23.41302
 21
6.89031
 31
0.0
  0
LINE
  5
B10
330
17
100
AcDbEntity
  8
0
100
AcDbLine
 10
-23.41302
 20
6.89031
 30
0.0
 11
-23.40608
 21
6.87125
 31
0.0
  0
LINE
  5
B11
330
17
100
AcDbEntity
  8
0
100
AcDbLine
 10
-23.40608
 20
6.87125
 30
0.0
 11
-23.401229999999998
 21
6.851559999999999
 31
0.0
  0
LINE
  5
B12
330
17
100
AcDbEntity
  8
0
100
AcDbLine
 10
-23.401229999999998
 20
6.851559999999999
 30
0.0
 11
-23.39863
 21
6.83228
 31
0.0
  0
LINE
  5
B13
330
17
100
AcDbEntity
  8
0
100
AcDbLine
 10
-23.39863
 20
6.83228
 30
0.0
 11
-23.398100000000003
 21
6.81284
 31
0.0
  0
LINE
  5
B14
330
17
100
AcDbEntity
  8
0
100
AcDbLine
 10
-23.398100000000003
 20
6.81284
 30
0.0
 11
-23.399630000000002
 21
6.79345
 31
0.0
  0
LINE
  5
B15
330
17
100
AcDbEntity
  8
0
100
AcDbLine
 10
-23.399630000000002
 20
6.79345
 30
0.0
 11
-23.40323
 21
6.77433
 31
0.0
  0
LINE
  5
B16
330
17
100
AcDbEntity
  8
0
100
AcDbLine
 10
-23.40323
 20
6.77433
 30
0.0
 11
-23.40883
 21
6.7557
 31
0.0
  0
LINE
  5
B17
330
17
100
AcDbEntity
  8
0
100
AcDbLine
 10
-23.40883
 20
6.7557
 30
0.0
 11
-23.41288
 21
6.74607
 31
0.0
  0
LINE
  5
B18
330
17
100
AcDbEntity
  8
0
100
AcDbLine
 10
-23.41288
 20
6.74607
 30
0.0
 11
-23.4179
 21
6.7369200000000005
 31
0.0
  0
LINE
  5
B19
330
17
100
AcDbEntity
  8
0
100
AcDbLine
 10
-23.4179
 20
6.7369200000000005
 30
0.0
 11
-23.423849999999998
 21
6.72834
 31
0.0
  0
LINE
  5
B1A
330
17
100
AcDbEntity
  8
0
100
AcDbLine
 10
-23.423849999999998
 20
6.72834
 30
0.0
 11
-23.43066
 21
6.720420000000001
 31
0.0
  0
LINE
  5
B1B
330
17
100
AcDbEntity
  8
0
100
AcDbLine
 10
-23.43066
 20
6.720420000000001
 30
0.0
 11
-23.43826
 21
6.7132499999999995
 31
0.0
  0
LINE
  5
B1C
330
17
100
AcDbEntity
  8
0
100
AcDbLine
 10
-23.43826
 20
6.7132499999999995
 30
0.0
 11
-23.44657
 21
6.70692
 31
0.0
  0
LINE
  5
B1D
330
17
100
AcDbEntity
  8
0
100
AcDbLine
 10
-23.44657
 20
6.70692
 30
0.0
 11
-23.45548
 21
6.70148
 31
0.0
  0
LINE
  5
B1E
330
17
100
AcDbEntity
  8
0
100
AcDbLine
 10
-23.45548
 20
6.70148
 30
0.0
 11
-23.46491
 21
6.697
 31
0.0
  0
LINE
  5
B1F
330
17
100
AcDbEntity
  8
0
100
AcDbLine
 10
-23.46491
 20
6.697
 30
0.0
 11
-23.49604
 21
6.6856800000000005
 31
0.0
  0
LINE
  5
B20
330
17
100
AcDbEntity
  8
0
100
AcDbLine
 10
-23.49604
 20
6.6856800000000005
 30
0.0
 11
-23.52802
 21
6.67706
 31
0.0
  0
LINE
  5
B21
330
17
100
AcDbEntity
  8
0
100
AcDbLine
 10
-23.52802
 20
6.67706
 30
0.0
 11
-23.56061
 21
6.671200000000001
 31
0.0
  0
LINE
  5
B22
330
17
100
AcDbEntity
  8
0
100
AcDbLine
 10
-23.56061
 20
6.671200000000001
 30
0.0
 11
-23.593590000000003
 21
6.668130000000001
 31
0.0
  0
LINE
  5
B23
330
17
100
AcDbEntity
  8
0
100
AcDbLine
 10
-23.593590000000003
 20
6.668130000000001
 30
0.0
 11
-23.862080000000002
 21
6.66141
 31
0.0
  0
LINE
  5
B24
330
17
100
AcDbEntity
  8
0
100
AcDbLine
 10
-23.862080000000002
 20
6.66141
 30
0.0
 11
-24.358999999999998
 21
6.66141
 31
0.0
  0
LINE
  5
B25
330
17
100
AcDbEntity
  8
0
100
AcDbLine
 10
-24.358999999999998
 20
6.66141
 30
0.0
 11
-24.358999999999998
 21
6.00948
 31
0.0
  0
LINE
  5
B26
330
17
100
AcDbEntity
  8
0
100
AcDbLine
 10
-24.358999999999998
 20
6.00948
 30
0.0
 11
-24.358999999999998
 21
5.7921700000000005
 31
0.0
  0
LINE
  5
B27
330
17
100
AcDbEntity
  8
0
100
AcDbLine
 10
-24.358999999999998
 20
5.7921700000000005
 30
0.0
 11
-24.358999999999998
 21
5.408589999999999
 31
0.0
  0
LINE
  5
B28
330
17
100
AcDbEntity
  8
0
100
AcDbLine
 10
-24.358999999999998
 20
5.408589999999999
 30
0.0
 11
-24.358999999999998
 21
3.1844400000000004
 31
0.0
  0
LINE
  5
B29
330
17
100
AcDbEntity
  8
0
100
AcDbLine
 10
-24.358999999999998
 20
3.1844400000000004
 30
0.0
 11
-27.2112
 21
3.1844400000000004
 31
0.0
  0
LINE
  5
B2A
330
17
100
AcDbEntity
  8
0
100
AcDbLine
 10
-27.2112
 20
3.1844400000000004
 30
0.0
 11
-28.05328
 21
3.1844400000000004
 31
0.0
  0
LINE
  5
B2B
330
17
100
AcDbEntity
  8
0
100
AcDbLine
 10
-28.05328
 20
3.1844400000000004
 30
0.0
 11
-28.05328
 21
3.00964
 31
0.0
  0
LINE
  5
B2C
330
17
100
AcDbEntity
  8
0
100
AcDbLine
 10
-28.05328
 20
3.00964
 30
0.0
 11
-28.05328
 21
2.92815
 31
0.0
  0
LINE
  5
B2D
330
17
100
AcDbEntity
  8
0
100
AcDbLine
 10
-28.05328
 20
2.92815
 30
0.0
 11
-28.05328
 21
2.64117
 31
0.0
  0
LINE
  5
B2E
330
17
100
AcDbEntity
  8
0
100
AcDbLine
 10
-28.05328
 20
2.64117
 30
0.0
 11
-28.060100000000002
 21
2.31089
 31
0.0
  0
LINE
  5
B2F
330
17
100
AcDbEntity
  8
0
100
AcDbLine
 10
-28.060100000000002
 20
2.31089
 30
0.0
 11
-28.06331
 21
2.27685
 31
0.0
  0
LINE
  5
B30
330
17
100
AcDbEntity
  8
0
100
AcDbLine
 10
-28.06331
 20
2.27685
 30
0.0
 11
-28.07009
 21
2.24334
 31
0.0
  0
LINE
  5
B31
330
17
100
AcDbEntity
  8
0
100
AcDbLine
 10
-28.07009
 20
2.24334
 30
0.0
 11
-28.080370000000002
 21
2.2107300000000003
 31
0.0
  0
LINE
  5
B32
330
17
100
AcDbEntity
  8
0
100
AcDbLine
 10
-28.080370000000002
 20
2.2107300000000003
 30
0.0
 11
-28.09402
 21
2.1793799999999997
 31
0.0
  0
LINE
  5
B33
330
17
100
AcDbEntity
  8
0
100
AcDbLine
 10
-28.09402
 20
2.1793799999999997
 30
0.0
 11
-28.1003
 21
2.1683499999999998
 31
0.0
  0
LINE
  5
B34
330
17
100
AcDbEntity
  8
0
100
AcDbLine
 10
-28.1003
 20
2.1683499999999998
 30
0.0
 11
-28.10771
 21
2.15805
 31
0.0
  0
LINE
  5
B35
330
17
100
AcDbEntity
  8
0
100
AcDbLine
 10
-28.10771
 20
2.15805
 30
0.0
 11
-28.11618
 21
2.1486
 31
0.0
  0
LINE
  5
B36
330
17
100
AcDbEntity
  8
0
100
AcDbLine
 10
-28.11618
 20
2.1486
 30
0.0
 11
-28.125609999999998
 21
2.1401
 31
0.0
  0
LINE
  5
B37
330
17
100
AcDbEntity
  8
0
100
AcDbLine
 10
-28.125609999999998
 20
2.1401
 30
0.0
 11
-28.13589
 21
2.13267
 31
0.0
  0
LINE
  5
B38
330
17
100
AcDbEntity
  8
0
100
AcDbLine
 10
-28.13589
 20
2.13267
 30
0.0
 11
-28.146910000000002
 21
2.1263699999999996
 31
0.0
  0
LINE
  5
B39
330
17
100
AcDbEntity
  8
0
100
AcDbLine
 10
-28.146910000000002
 20
2.1263699999999996
 30
0.0
 11
-28.15854
 21
2.12128
 31
0.0
  0
LINE
  5
B3A
330
17
100
AcDbEntity
  8
0
100
AcDbLine
 10
-28.15854
 20
2.12128
 30
0.0
 11
-28.17064
 21
2.11746
 31
0.0
  0
LINE
  5
B3B
330
17
100
AcDbEntity
  8
0
100
AcDbLine
 10
-28.17064
 20
2.11746
 30
0.0
 11
-28.23172
 21
2.1049599999999997
 31
0.0
  0
LINE
  5
B3C
330
17
100
AcDbEntity
  8
0
100
AcDbLine
 10
-28.23172
 20
2.1049599999999997
 30
0.0
 11
-28.29374
 21
2.09868
 31
0.0
  0
LINE
  5
B3D
330
17
100
AcDbEntity
  8
0
100
AcDbLine
 10
-28.29374
 20
2.09868
 30
0.0
 11
-28.356090000000002
 21
2.09868
 31
0.0
  0
LINE
  5
B3E
330
17
100
AcDbEntity
  8
0
100
AcDbLine
 10
-28.356090000000002
 20
2.09868
 30
0.0
 11
-28.41811
 21
2.1049599999999997
 31
0.0
  0
LINE
  5
B3F
330
17
100
AcDbEntity
  8
0
100
AcDbLine
 10
-28.41811
 20
2.1049599999999997
 30
0.0
 11
-28.479190000000003
 21
2.11746
 31
0.0
  0
LINE
  5
B40
330
17
100
AcDbEntity
  8
0
100
AcDbLine
 10
-28.479190000000003
 20
2.11746
 30
0.0
 11
-28.49129
 21
2.12128
 31
0.0
  0
LINE
  5
B41
330
17
100
AcDbEntity
  8
0
100
AcDbLine
 10
-28.49129
 20
2.12128
 30
0.0
 11
-28.50292
 21
2.1263699999999996
 31
0.0
  0
LINE
  5
B42
330
17
100
AcDbEntity
  8
0
100
AcDbLine
 10
-28.50292
 20
2.1263699999999996
 30
0.0
 11
-28.51393
 21
2.13267
 31
0.0
  0
LINE
  5
B43
330
17
100
AcDbEntity
  8
0
100
AcDbLine
 10
-28.51393
 20
2.13267
 30
0.0
 11
-28.52422
 21
2.1401
 31
0.0
  0
LINE
  5
B44
330
17
100
AcDbEntity
  8
0
100
AcDbLine
 10
-28.52422
 20
2.1401
 30
0.0
 11
-28.53365
 21
2.1486
 31
0.0
  0
LINE
  5
B45
330
17
100
AcDbEntity
  8
0
100
AcDbLine
 10
-28.53365
 20
2.1486
 30
0.0
 11
-28.54212
 21
2.15805
 31
0.0
  0
LINE
  5
B46
330
17
100
AcDbEntity
  8
0
100
AcDbLine
 10
-28.54212
 20
2.15805
 30
0.0
 11
-28.54953
 21
2.1683499999999998
 31
0.0
  0
LINE
  5
B47
330
17
100
AcDbEntity
  8
0
100
AcDbLine
 10
-28.54953
 20
2.1683499999999998
 30
0.0
 11
-28.55581
 21
2.1793799999999997
 31
0.0
  0
LINE
  5
B48
330
17
100
AcDbEntity
  8
0
100
AcDbLine
 10
-28.55581
 20
2.1793799999999997
 30
0.0
 11
-28.569460000000003
 21
2.2107300000000003
 31
0.0
  0
LINE
  5
B49
330
17
100
AcDbEntity
  8
0
100
AcDbLine
 10
-28.569460000000003
 20
2.2107300000000003
 30
0.0
 11
-28.57974
 21
2.24334
 31
0.0
  0
LINE
  5
B4A
330
17
100
AcDbEntity
  8
0
100
AcDbLine
 10
-28.57974
 20
2.24334
 30
0.0
 11
-28.58652
 21
2.27685
 31
0.0
  0
LINE
  5
B4B
330
17
100
AcDbEntity
  8
0
100
AcDbLine
 10
-28.58652
 20
2.27685
 30
0.0
 11
-28.58973
 21
2.31089
 31
0.0
  0
LINE
  5
B4C
330
17
100
AcDbEntity
  8
0
100
AcDbLine
 10
-28.58973
 20
2.31089
 30
0.0
 11
-28.596549999999997
 21
2.64117
 31
0.0
  0
LINE
  5
B4D
330
17
100
AcDbEntity
  8
0
100
AcDbLine
 10
-28.596549999999997
 20
2.64117
 30
0.0
 11
-28.596549999999997
 21
2.92815
 31
0.0
  0
LINE
  5
B4E
330
17
100
AcDbEntity
  8
0
100
AcDbLine
 10
-28.596549999999997
 20
2.92815
 30
0.0
 11
-28.596549999999997
 21
3.00964
 31
0.0
  0
LINE
  5
B4F
330
17
100
AcDbEntity
  8
0
100
AcDbLine
 10
-28.596549999999997
 20
3.00964
 30
0.0
 11
-28.596549999999997
 21
3.1844400000000004
 31
0.0
  0
LINE
  5
B50
330
17
100
AcDbEntity
  8
0
100
AcDbLine
 10
-28.596549999999997
 20
3.1844400000000004
 30
0.0
 11
-31.09562
 21
3.1844400000000004
 31
0.0
  0
LINE
  5
B51
330
17
100
AcDbEntity
  8
0
100
AcDbLine
 10
-31.09562
 20
3.1844400000000004
 30
0.0
 11
-31.09562
 21
3.00964
 31
0.0
  0
LINE
  5
B52
330
17
100
AcDbEntity
  8
0
100
AcDbLine
 10
-31.09562
 20
3.00964
 30
0.0
 11
-31.09562
 21
2.92815
 31
0.0
  0
LINE
  5
B53
330
17
100
AcDbEntity
  8
0
100
AcDbLine
 10
-31.09562
 20
2.92815
 30
0.0
 11
-31.09562
 21
1.3373
 31
0.0
  0
LINE
  5
B54
330
17
100
AcDbEntity
  8
0
100
AcDbLine
 10
-31.09562
 20
1.3373
 30
0.0
 11
-33.92066
 21
1.3373
 31
0.0
  0
LINE
  5
B55
330
17
100
AcDbEntity
  8
0
100
AcDbLine
 10
-33.92066
 20
1.3373
 30
0.0
 11
-33.92066
 21
2.42386
 31
0.0
  0
LINE
  5
B56
330
17
100
AcDbEntity
  8
0
100
AcDbLine
 10
-33.92066
 20
2.42386
 30
0.0
 11
-34.73558
 21
2.42386
 31
0.0
  0
LINE
  5
B57
330
17
100
AcDbEntity
  8
0
100
AcDbLine
 10
-34.73558
 20
2.42386
 30
0.0
 11
-35.22109
 21
2.42959
 31
0.0
  0
LINE
  5
B58
330
17
100
AcDbEntity
  8
0
100
AcDbLine
 10
-35.22109
 20
2.42959
 30
0.0
 11
-35.28857
 21
2.43386
 31
0.0
  0
LINE
  5
B59
330
17
100
AcDbEntity
  8
0
100
AcDbLine
 10
-35.28857
 20
2.43386
 30
0.0
 11
-35.3555
 21
2.44344
 31
0.0
  0
LINE
  5
B5A
330
17
100
AcDbEntity
  8
0
100
AcDbLine
 10
-35.3555
 20
2.44344
 30
0.0
 11
-35.42146
 21
2.4582599999999997
 31
0.0
  0
LINE
  5
B5B
330
17
100
AcDbEntity
  8
0
100
AcDbLine
 10
-35.42146
 20
2.4582599999999997
 30
0.0
 11
-35.43732
 21
2.46337
 31
0.0
  0
LINE
  5
B5C
330
17
100
AcDbEntity
  8
0
100
AcDbLine
 10
-35.43732
 20
2.46337
 30
0.0
 11
-35.45258
 21
2.47007
 31
0.0
  0
LINE
  5
B5D
330
17
100
AcDbEntity
  8
0
100
AcDbLine
 10
-35.45258
 20
2.47007
 30
0.0
 11
-35.467079999999996
 21
2.47828
 31
0.0
  0
LINE
  5
B5E
330
17
100
AcDbEntity
  8
0
100
AcDbLine
 10
-35.467079999999996
 20
2.47828
 30
0.0
 11
-35.480669999999996
 21
2.48793
 31
0.0
  0
LINE
  5
B5F
330
17
100
AcDbEntity
  8
0
100
AcDbLine
 10
-35.480669999999996
 20
2.48793
 30
0.0
 11
-35.4932
 21
2.49891
 31
0.0
  0
LINE
  5
B60
330
17
100
AcDbEntity
  8
0
100
AcDbLine
 10
-35.4932
 20
2.49891
 30
0.0
 11
-35.50455
 21
2.51111
 31
0.0
  0
LINE
  5
B61
330
17
100
AcDbEntity
  8
0
100
AcDbLine
 10
-35.50455
 20
2.51111
 30
0.0
 11
-35.5146
 21
2.5244
 31
0.0
  0
LINE
  5
B62
330
17
100
AcDbEntity
  8
0
100
AcDbLine
 10
-35.5146
 20
2.5244
 30
0.0
 11
-35.52534
 21
2.54205
 31
0.0
  0
LINE
  5
B63
330
17
100
AcDbEntity
  8
0
100
AcDbLine
 10
-35.52534
 20
2.54205
 30
0.0
 11
-35.53427
 21
2.56067
 31
0.0
  0
LINE
  5
B64
330
17
100
AcDbEntity
  8
0
100
AcDbLine
 10
-35.53427
 20
2.56067
 30
0.0
 11
-35.54131
 21
2.58009
 31
0.0
  0
LINE
  5
B65
330
17
100
AcDbEntity
  8
0
100
AcDbLine
 10
-35.54131
 20
2.58009
 30
0.0
 11
-35.5464
 21
2.60011
 31
0.0
  0
LINE
  5
B66
330
17
100
AcDbEntity
  8
0
100
AcDbLine
 10
-35.5464
 20
2.60011
 30
0.0
 11
-35.54947
 21
2.62054
 31
0.0
  0
LINE
  5
B67
330
17
100
AcDbEntity
  8
0
100
AcDbLine
 10
-35.54947
 20
2.62054
 30
0.0
 11
-35.550489999999996
 21
2.64117
 31
0.0
  0
LINE
  5
B68
330
17
100
AcDbEntity
  8
0
100
AcDbLine
 10
-35.550489999999996
 20
2.64117
 30
0.0
 11
-35.549150000000004
 21
2.66955
 31
0.0
  0
LINE
  5
B69
330
17
100
AcDbEntity
  8
0
100
AcDbLine
 10
-35.549150000000004
 20
2.66955
 30
0.0
 11
-35.54513
 21
2.69768
 31
0.0
  0
LINE
  5
B6A
330
17
100
AcDbEntity
  8
0
100
AcDbLine
 10
-35.54513
 20
2.69768
 30
0.0
 11
-35.53846
 21
2.7253
 31
0.0
  0
LINE
  5
B6B
330
17
100
AcDbEntity
  8
0
100
AcDbLine
 10
-35.53846
 20
2.7253
 30
0.0
 11
-35.52922
 21
2.75217
 31
0.0
  0
LINE
  5
B6C
330
17
100
AcDbEntity
  8
0
100
AcDbLine
 10
-35.52922
 20
2.75217
 30
0.0
 11
-35.52379
 21
2.76398
 31
0.0
  0
LINE
  5
B6D
330
17
100
AcDbEntity
  8
0
100
AcDbLine
 10
-35.52379
 20
2.76398
 30
0.0
 11
-35.51717
 21
2.77516
 31
0.0
  0
LINE
  5
B6E
330
17
100
AcDbEntity
  8
0
100
AcDbLine
 10
-35.51717
 20
2.77516
 30
0.0
 11
-35.50942
 21
2.78559
 31
0.0
  0
LINE
  5
B6F
330
17
100
AcDbEntity
  8
0
100
AcDbLine
 10
-35.50942
 20
2.78559
 30
0.0
 11
-35.50063
 21
2.79517
 31
0.0
  0
LINE
  5
B70
330
17
100
AcDbEntity
  8
0
100
AcDbLine
 10
-35.50063
 20
2.79517
 30
0.0
 11
-35.49089
 21
2.80377
 31
0.0
  0
LINE
  5
B71
330
17
100
AcDbEntity
  8
0
100
AcDbLine
 10
-35.49089
 20
2.80377
 30
0.0
 11
-35.48031
 21
2.81132
 31
0.0
  0
LINE
  5
B72
330
17
100
AcDbEntity
  8
0
100
AcDbLine
 10
-35.48031
 20
2.81132
 30
0.0
 11
-35.469
 21
2.81773
 31
0.0
  0
LINE
  5
B73
330
17
100
AcDbEntity
  8
0
100
AcDbLine
 10
-35.469
 20
2.81773
 30
0.0
 11
-35.4405
 21
2.83027
 31
0.0
  0
LINE
  5
B74
330
17
100
AcDbEntity
  8
0
100
AcDbLine
 10
-35.4405
 20
2.83027
 30
0.0
 11
-35.410900000000005
 21
2.83994
 31
0.0
  0
LINE
  5
B75
330
17
100
AcDbEntity
  8
0
100
AcDbLine
 10
-35.410900000000005
 20
2.83994
 30
0.0
 11
-35.38049
 21
2.84666
 31
0.0
  0
LINE
  5
B76
330
17
100
AcDbEntity
  8
0
100
AcDbLine
 10
-35.38049
 20
2.84666
 30
0.0
 11
-35.34957
 21
2.85035
 31
0.0
  0
LINE
  5
B77
330
17
100
AcDbEntity
  8
0
100
AcDbLine
 10
-35.34957
 20
2.85035
 30
0.0
 11
-35.11587
 21
2.85848
 31
0.0
  0
LINE
  5
B78
330
17
100
AcDbEntity
  8
0
100
AcDbLine
 10
-35.11587
 20
2.85848
 30
0.0
 11
-34.84195
 21
2.86715
 31
0.0
  0
LINE
  5
B79
330
17
100
AcDbEntity
  8
0
100
AcDbLine
 10
-34.84195
 20
2.86715
 30
0.0
 11
-34.82592
 21
2.86892
 31
0.0
  0
LINE
  5
B7A
330
17
100
AcDbEntity
  8
0
100
AcDbLine
 10
-34.82592
 20
2.86892
 30
0.0
 11
-34.810140000000004
 21
2.8721799999999997
 31
0.0
  0
LINE
  5
B7B
330
17
100
AcDbEntity
  8
0
100
AcDbLine
 10
-34.810140000000004
 20
2.8721799999999997
 30
0.0
 11
-34.79473
 21
2.87691
 31
0.0
  0
LINE
  5
B7C
330
17
100
AcDbEntity
  8
0
100
AcDbLine
 10
-34.79473
 20
2.87691
 30
0.0
 11
-34.77983
 21
2.88305
 31
0.0
  0
LINE
  5
B7D
330
17
100
AcDbEntity
  8
0
100
AcDbLine
 10
-34.77983
 20
2.88305
 30
0.0
 11
-34.765570000000004
 21
2.89056
 31
0.0
  0
LINE
  5
B7E
330
17
100
AcDbEntity
  8
0
100
AcDbLine
 10
-34.765570000000004
 20
2.89056
 30
0.0
 11
-34.75207
 21
2.8993700000000002
 31
0.0
  0
LINE
  5
B7F
330
17
100
AcDbEntity
  8
0
100
AcDbLine
 10
-34.75207
 20
2.8993700000000002
 30
0.0
 11
-34.73946
 21
2.90941
 31
0.0
  0
LINE
  5
B80
330
17
100
AcDbEntity
  8
0
100
AcDbLine
 10
-34.73946
 20
2.90941
 30
0.0
 11
-34.728519999999996
 21
2.92008
 31
0.0
  0
LINE
  5
B81
330
17
100
AcDbEntity
  8
0
100
AcDbLine
 10
-34.728519999999996
 20
2.92008
 30
0.0
 11
-34.72187
 21
2.92815
 31
0.0
  0
LINE
  5
B82
330
17
100
AcDbEntity
  8
0
100
AcDbLine
 10
-34.72187
 20
2.92815
 30
0.0
 11
-34.718810000000005
 21
2.93187
 31
0.0
  0
LINE
  5
B83
330
17
100
AcDbEntity
  8
0
100
AcDbLine
 10
-34.718810000000005
 20
2.93187
 30
0.0
 11
-34.710440000000006
 21
2.94465
 31
0.0
  0
LINE
  5
B84
330
17
100
AcDbEntity
  8
0
100
AcDbLine
 10
-34.710440000000006
 20
2.94465
 30
0.0
 11
-34.7035
 21
2.9582599999999997
 31
0.0
  0
LINE
  5
B85
330
17
100
AcDbEntity
  8
0
100
AcDbLine
 10
-34.7035
 20
2.9582599999999997
 30
0.0
 11
-34.69808
 21
2.97254
 31
0.0
  0
LINE
  5
B86
330
17
100
AcDbEntity
  8
0
100
AcDbLine
 10
-34.69808
 20
2.97254
 30
0.0
 11
-34.69424
 21
2.98733
 31
0.0
  0
LINE
  5
B87
330
17
100
AcDbEntity
  8
0
100
AcDbLine
 10
-34.69424
 20
2.98733
 30
0.0
 11
-34.69202
 21
3.00244
 31
0.0
  0
LINE
  5
B88
330
17
100
AcDbEntity
  8
0
100
AcDbLine
 10
-34.69202
 20
3.00244
 30
0.0
 11
-34.691689999999994
 21
3.00964
 31
0.0
  0
LINE
  5
B89
330
17
100
AcDbEntity
  8
0
100
AcDbLine
 10
-34.691689999999994
 20
3.00964
 30
0.0
 11
-34.68125
 21
3.23877
 31
0.0
  0
LINE
  5
B8A
330
17
100
AcDbEntity
  8
0
100
AcDbLine
 10
-34.68125
 20
3.23877
 30
0.0
 11
-34.67113
 21
3.46995
 31
0.0
  0
LINE
  5
B8B
330
17
100
AcDbEntity
  8
0
100
AcDbLine
 10
-34.67113
 20
3.46995
 30
0.0
 11
-34.66883
 21
3.4862
 31
0.0
  0
LINE
  5
B8C
330
17
100
AcDbEntity
  8
0
100
AcDbLine
 10
-34.66883
 20
3.4862
 30
0.0
 11
-34.66479
 21
3.50211
 31
0.0
  0
LINE
  5
B8D
330
17
100
AcDbEntity
  8
0
100
AcDbLine
 10
-34.66479
 20
3.50211
 30
0.0
 11
-34.65907
 21
3.51749
 31
0.0
  0
LINE
  5
B8E
330
17
100
AcDbEntity
  8
0
100
AcDbLine
 10
-34.65907
 20
3.51749
 30
0.0
 11
-34.65173
 21
3.5321800000000003
 31
0.0
  0
LINE
  5
B8F
330
17
100
AcDbEntity
  8
0
100
AcDbLine
 10
-34.65173
 20
3.5321800000000003
 30
0.0
 11
-34.64286
 21
3.54599
 31
0.0
  0
LINE
  5
B90
330
17
100
AcDbEntity
  8
0
100
AcDbLine
 10
-34.64286
 20
3.54599
 30
0.0
 11
-34.63257
 21
3.55878
 31
0.0
  0
LINE
  5
B91
330
17
100
AcDbEntity
  8
0
100
AcDbLine
 10
-34.63257
 20
3.55878
 30
0.0
 11
-34.62096
 21
3.57038
 31
0.0
  0
LINE
  5
B92
330
17
100
AcDbEntity
  8
0
100
AcDbLine
 10
-34.62096
 20
3.57038
 30
0.0
 11
-34.608180000000004
 21
3.58068
 31
0.0
  0
LINE
  5
B93
330
17
100
AcDbEntity
  8
0
100
AcDbLine
 10
-34.608180000000004
 20
3.58068
 30
0.0
 11
-34.594359999999995
 21
3.58955
 31
0.0
  0
LINE
  5
B94
330
17
100
AcDbEntity
  8
0
100
AcDbLine
 10
-34.594359999999995
 20
3.58955
 30
0.0
 11
-34.57968
 21
3.59688
 31
0.0
  0
LINE
  5
B95
330
17
100
AcDbEntity
  8
0
100
AcDbLine
 10
-34.57968
 20
3.59688
 30
0.0
 11
-34.56429
 21
3.6026000000000002
 31
0.0
  0
LINE
  5
B96
330
17
100
AcDbEntity
  8
0
100
AcDbLine
 10
-34.56429
 20
3.6026000000000002
 30
0.0
 11
-34.548379999999995
 21
3.60664
 31
0.0
  0
LINE
  5
B97
330
17
100
AcDbEntity
  8
0
100
AcDbLine
 10
-34.548379999999995
 20
3.60664
 30
0.0
 11
-34.53213
 21
3.60895
 31
0.0
  0
LINE
  5
B98
330
17
100
AcDbEntity
  8
0
100
AcDbLine
 10
-34.53213
 20
3.60895
 30
0.0
 11
-34.300959999999996
 21
3.6190599999999997
 31
0.0
  0
LINE
  5
B99
330
17
100
AcDbEntity
  8
0
100
AcDbLine
 10
-34.300959999999996
 20
3.6190599999999997
 30
0.0
 11
-33.92066
 21
3.6190599999999997
 31
0.0
  0
LINE
  5
B9A
330
17
100
AcDbEntity
  8
0
100
AcDbLine
 10
-33.92066
 20
3.6190599999999997
 30
0.0
 11
-33.92066
 21
5.408589999999999
 31
0.0
  0
LINE
  5
B9B
330
17
100
AcDbEntity
  8
0
100
AcDbLine
 10
-33.92066
 20
5.408589999999999
 30
0.0
 11
-33.92066
 21
5.7921700000000005
 31
0.0
  0
LINE
  5
B9C
330
17
100
AcDbEntity
  8
0
100
AcDbLine
 10
-33.92066
 20
5.7921700000000005
 30
0.0
 11
-33.92066
 21
6.00948
 31
0.0
  0
LINE
  5
B9D
330
17
100
AcDbEntity
  8
0
100
AcDbLine
 10
-33.92066
 20
6.00948
 30
0.0
 11
-33.92066
 21
7.09603
 31
0.0
  0
LINE
  5
B9E
330
17
100
AcDbEntity
  8
0
100
AcDbLine
 10
-33.92066
 20
7.09603
 30
0.0
 11
-33.268730000000005
 21
7.09603
 31
0.0
  0
LINE
  5
B9F
330
17
100
AcDbEntity
  8
0
100
AcDbLine
 10
-33.268730000000005
 20
7.09603
 30
0.0
 11
-32.93886
 21
7.10304
 31
0.0
  0
LINE
  5
BA0
330
17
100
AcDbEntity
  8
0
100
AcDbLine
 10
-32.93886
 20
7.10304
 30
0.0
 11
-32.84505
 21
7.11179
 31
0.0
  0
LINE
  5
BA1
330
17
100
AcDbEntity
  8
0
100
AcDbLine
 10
-32.84505
 20
7.11179
 30
0.0
 11
-32.75262
 21
7.12999
 31
0.0
  0
LINE
  5
BA2
330
17
100
AcDbEntity
  8
0
100
AcDbLine
 10
-32.75262
 20
7.12999
 30
0.0
 11
-32.73113
 21
7.1364
 31
0.0
  0
LINE
  5
BA3
330
17
100
AcDbEntity
  8
0
100
AcDbLine
 10
-32.73113
 20
7.1364
 30
0.0
 11
-32.7103
 21
7.1447400000000005
 31
0.0
  0
LINE
  5
BA4
330
17
100
AcDbEntity
  8
0
100
AcDbLine
 10
-32.7103
 20
7.1447400000000005
 30
0.0
 11
-32.69031
 21
7.154909999999999
 31
0.0
  0
LINE
  5
BA5
330
17
100
AcDbEntity
  8
0
100
AcDbLine
 10
-32.69031
 20
7.154909999999999
 30
0.0
 11
-32.671319999999994
 21
7.16685
 31
0.0
  0
LINE
  5
BA6
330
17
100
AcDbEntity
  8
0
100
AcDbLine
 10
-32.671319999999994
 20
7.16685
 30
0.0
 11
-32.65349
 21
7.1804499999999996
 31
0.0
  0
LINE
  5
BA7
330
17
100
AcDbEntity
  8
0
100
AcDbLine
 10
-32.65349
 20
7.1804499999999996
 30
0.0
 11
-32.64578
 21
7.18762
 31
0.0
  0
LINE
  5
BA8
330
17
100
AcDbEntity
  8
0
100
AcDbLine
 10
-32.64578
 20
7.18762
 30
0.0
 11
-32.63884
 21
7.19554
 31
0.0
  0
LINE
  5
BA9
330
17
100
AcDbEntity
  8
0
100
AcDbLine
 10
-32.63884
 20
7.19554
 30
0.0
 11
-32.63275
 21
7.20412
 31
0.0
  0
LINE
  5
BAA
330
17
100
AcDbEntity
  8
0
100
AcDbLine
 10
-32.63275
 20
7.20412
 30
0.0
 11
-32.62757
 21
7.21329
 31
0.0
  0
LINE
  5
BAB
330
17
100
AcDbEntity
  8
0
100
AcDbLine
 10
-32.62757
 20
7.21329
 30
0.0
 11
-32.62336
 21
7.2229399999999995
 31
0.0
  0
LINE
  5
BAC
330
17
100
AcDbEntity
  8
0
100
AcDbLine
 10
-32.62336
 20
7.2229399999999995
 30
0.0
 11
-32.620169999999995
 21
7.23297
 31
0.0
  0
LINE
  5
BAD
330
17
100
AcDbEntity
  8
0
100
AcDbLine
 10
-32.620169999999995
 20
7.23297
 30
0.0
 11
-32.618019999999994
 21
7.24328
 31
0.0
  0
LINE
  5
BAE
330
17
100
AcDbEntity
  8
0
100
AcDbLine
 10
-32.618019999999994
 20
7.24328
 30
0.0
 11
-32.61693
 21
7.25375
 31
0.0
  0
LINE
  5
BAF
330
17
100
AcDbEntity
  8
0
100
AcDbLine
 10
-32.61693
 20
7.25375
 30
0.0
 11
-32.61693
 21
7.264279999999999
 31
0.0
  0
LINE
  5
BB0
330
17
100
AcDbEntity
  8
0
100
AcDbLine
 10
-32.61693
 20
7.264279999999999
 30
0.0
 11
-32.618019999999994
 21
7.27475
 31
0.0
  0
LINE
  5
BB1
330
17
100
AcDbEntity
  8
0
100
AcDbLine
 10
-32.618019999999994
 20
7.27475
 30
0.0
 11
-32.620169999999995
 21
7.2850600000000005
 31
0.0
  0
LINE
  5
BB2
330
17
100
AcDbEntity
  8
0
100
AcDbLine
 10
-32.620169999999995
 20
7.2850600000000005
 30
0.0
 11
-32.62336
 21
7.29509
 31
0.0
  0
LINE
  5
BB3
330
17
100
AcDbEntity
  8
0
100
AcDbLine
 10
-32.62336
 20
7.29509
 30
0.0
 11
-32.62757
 21
7.30474
 31
0.0
  0
LINE
  5
BB4
330
17
100
AcDbEntity
  8
0
100
AcDbLine
 10
-32.62757
 20
7.30474
 30
0.0
 11
-32.63275
 21
7.31391
 31
0.0
  0
LINE
  5
BB5
330
17
100
AcDbEntity
  8
0
100
AcDbLine
 10
-32.63275
 20
7.31391
 30
0.0
 11
-32.63884
 21
7.3225
 31
0.0
  0
LINE
  5
BB6
330
17
100
AcDbEntity
  8
0
100
AcDbLine
 10
-32.63884
 20
7.3225
 30
0.0
 11
-32.64578
 21
7.33041
 31
0.0
  0
LINE
  5
BB7
330
17
100
AcDbEntity
  8
0
100
AcDbLine
 10
-32.64578
 20
7.33041
 30
0.0
 11
-32.65349
 21
7.33758
 31
0.0
  0
LINE
  5
BB8
330
17
100
AcDbEntity
  8
0
100
AcDbLine
 10
-32.65349
 20
7.33758
 30
0.0
 11
-32.671319999999994
 21
7.351179999999999
 31
0.0
  0
LINE
  5
BB9
330
17
100
AcDbEntity
  8
0
100
AcDbLine
 10
-32.671319999999994
 20
7.351179999999999
 30
0.0
 11
-32.69031
 21
7.36312
 31
0.0
  0
LINE
  5
BBA
330
17
100
AcDbEntity
  8
0
100
AcDbLine
 10
-32.69031
 20
7.36312
 30
0.0
 11
-32.7103
 21
7.3733
 31
0.0
  0
LINE
  5
BBB
330
17
100
AcDbEntity
  8
0
100
AcDbLine
 10
-32.7103
 20
7.3733
 30
0.0
 11
-32.73113
 21
7.38163
 31
0.0
  0
LINE
  5
BBC
330
17
100
AcDbEntity
  8
0
100
AcDbLine
 10
-32.73113
 20
7.38163
 30
0.0
 11
-32.75262
 21
7.38804
 31
0.0
  0
LINE
  5
BBD
330
17
100
AcDbEntity
  8
0
100
AcDbLine
 10
-32.75262
 20
7.38804
 30
0.0
 11
-32.84505
 21
7.4062399999999995
 31
0.0
  0
LINE
  5
BBE
330
17
100
AcDbEntity
  8
0
100
AcDbLine
 10
-32.84505
 20
7.4062399999999995
 30
0.0
 11
-32.93886
 21
7.415
 31
0.0
  0
LINE
  5
BBF
330
17
100
AcDbEntity
  8
0
100
AcDbLine
 10
-32.93886
 20
7.415
 30
0.0
 11
-33.268730000000005
 21
7.422
 31
0.0
  0
LINE
  5
BC0
330
17
100
AcDbEntity
  8
0
100
AcDbLine
 10
-33.268730000000005
 20
7.422
 30
0.0
 11
-33.92066
 21
7.422
 31
0.0
  0
LINE
  5
BC1
330
17
100
AcDbEntity
  8
0
100
AcDbLine
 10
-33.92066
 20
7.422
 30
0.0
 11
-33.92066
 21
8.56288
 31
0.0
  0
LINE
  5
BC2
330
17
100
AcDbEntity
  8
0
100
AcDbLine
 10
-33.92066
 20
8.56288
 30
0.0
 11
-33.92066
 21
9.69126
 31
0.0
  0
LINE
  5
BC3
330
17
100
AcDbEntity
  8
0
100
AcDbLine
 10
-33.92066
 20
9.69126
 30
0.0
 11
-32.99709
 21
9.758090000000001
 31
0.0
  0
LINE
  5
BC4
330
17
100
AcDbEntity
  8
0
100
AcDbLine
 10
-32.99709
 20
9.758090000000001
 30
0.0
 11
-32.93141
 21
10.898969999999998
 31
0.0
  0
LINE
  5
BC5
330
17
100
AcDbEntity
  8
0
100
AcDbLine
 10
-32.93141
 20
10.898969999999998
 30
0.0
 11
-33.92066
 21
10.898969999999998
 31
0.0
  0
LINE
  5
BC6
330
17
100
AcDbEntity
  8
0
100
AcDbLine
 10
-33.92066
 20
10.898969999999998
 30
0.0
 11
-33.92066
 21
11.931189999999999
 31
0.0
  0
LINE
  5
BC7
330
17
100
AcDbEntity
  8
0
100
AcDbLine
 10
-33.92066
 20
11.931189999999999
 30
0.0
 11
-33.92066
 21
12.63745
 31
0.0
  0
LINE
  5
BC8
330
17
100
AcDbEntity
  8
0
100
AcDbLine
 10
-33.92066
 20
12.63745
 30
0.0
 11
-34.40961
 21
12.63745
 31
0.0
  0
LINE
  5
BC9
330
17
100
AcDbEntity
  8
0
100
AcDbLine
 10
-34.40961
 20
12.63745
 30
0.0
 11
-34.640879999999996
 21
12.64538
 31
0.0
  0
LINE
  5
BCA
330
17
100
AcDbEntity
  8
0
100
AcDbLine
 10
-34.640879999999996
 20
12.64538
 30
0.0
 11
-34.69017
 21
12.65077
 31
0.0
  0
LINE
  5
BCB
330
17
100
AcDbEntity
  8
0
100
AcDbLine
 10
-34.69017
 20
12.65077
 30
0.0
 11
-34.73887
 21
12.6601
 31
0.0
  0
LINE
  5
BCC
330
17
100
AcDbEntity
  8
0
100
AcDbLine
 10
-34.73887
 20
12.6601
 30
0.0
 11
-34.78666
 21
12.67332
 31
0.0
  0
LINE
  5
BCD
330
17
100
AcDbEntity
  8
0
100
AcDbLine
 10
-34.78666
 20
12.67332
 30
0.0
 11
-34.80468
 21
12.68003
 31
0.0
  0
LINE
  5
BCE
330
17
100
AcDbEntity
  8
0
100
AcDbLine
 10
-34.80468
 20
12.68003
 30
0.0
 11
-34.821999999999996
 21
12.68838
 31
0.0
  0
LINE
  5
BCF
330
17
100
AcDbEntity
  8
0
100
AcDbLine
 10
-34.821999999999996
 20
12.68838
 30
0.0
 11
-34.83847
 21
12.69829
 31
0.0
  0
LINE
  5
BD0
330
17
100
AcDbEntity
  8
0
100
AcDbLine
 10
-34.83847
 20
12.69829
 30
0.0
 11
-34.85396
 21
12.709689999999998
 31
0.0
  0
LINE
  5
BD1
330
17
100
AcDbEntity
  8
0
100
AcDbLine
 10
-34.85396
 20
12.709689999999998
 30
0.0
 11
-34.86833
 21
12.72246
 31
0.0
  0
LINE
  5
BD2
330
17
100
AcDbEntity
  8
0
100
AcDbLine
 10
-34.86833
 20
12.72246
 30
0.0
 11
-34.87512
 21
12.72979
 31
0.0
  0
LINE
  5
BD3
330
17
100
AcDbEntity
  8
0
100
AcDbLine
 10
-34.87512
 20
12.72979
 30
0.0
 11
-34.88115
 21
12.73775
 31
0.0
  0
LINE
  5
BD4
330
17
100
AcDbEntity
  8
0
100
AcDbLine
 10
-34.88115
 20
12.73775
 30
0.0
 11
-34.886359999999996
 21
12.74627
 31
0.0
  0
LINE
  5
BD5
330
17
100
AcDbEntity
  8
0
100
AcDbLine
 10
-34.886359999999996
 20
12.74627
 30
0.0
 11
-34.89069
 21
12.755270000000001
 31
0.0
  0
LINE
  5
BD6
330
17
100
AcDbEntity
  8
0
100
AcDbLine
 10
-34.89069
 20
12.755270000000001
 30
0.0
 11
-34.89411
 21
12.764660000000001
 31
0.0
  0
LINE
  5
BD7
330
17
100
AcDbEntity
  8
0
100
AcDbLine
 10
-34.89411
 20
12.764660000000001
 30
0.0
 11
-34.896570000000004
 21
12.77434
 31
0.0
  0
LINE
  5
BD8
330
17
100
AcDbEntity
  8
0
100
AcDbLine
 10
-34.896570000000004
 20
12.77434
 30
0.0
 11
-34.89806
 21
12.78421
 31
0.0
  0
LINE
  5
BD9
330
17
100
AcDbEntity
  8
0
100
AcDbLine
 10
-34.89806
 20
12.78421
 30
0.0
 11
-34.89856
 21
12.79419
 31
0.0
  0
LINE
  5
BDA
330
17
100
AcDbEntity
  8
0
100
AcDbLine
 10
-34.89856
 20
12.79419
 30
0.0
 11
-34.898070000000004
 21
12.804070000000001
 31
0.0
  0
LINE
  5
BDB
330
17
100
AcDbEntity
  8
0
100
AcDbLine
 10
-34.898070000000004
 20
12.804070000000001
 30
0.0
 11
-34.89661
 21
12.81386
 31
0.0
  0
LINE
  5
BDC
330
17
100
AcDbEntity
  8
0
100
AcDbLine
 10
-34.89661
 20
12.81386
 30
0.0
 11
-34.8942
 21
12.82346
 31
0.0
  0
LINE
  5
BDD
330
17
100
AcDbEntity
  8
0
100
AcDbLine
 10
-34.8942
 20
12.82346
 30
0.0
 11
-34.89085
 21
12.83277
 31
0.0
  0
LINE
  5
BDE
330
17
100
AcDbEntity
  8
0
100
AcDbLine
 10
-34.89085
 20
12.83277
 30
0.0
 11
-34.886590000000005
 21
12.841709999999999
 31
0.0
  0
LINE
  5
BDF
330
17
100
AcDbEntity
  8
0
100
AcDbLine
 10
-34.886590000000005
 20
12.841709999999999
 30
0.0
 11
-34.88149
 21
12.85019
 31
0.0
  0
LINE
  5
BE0
330
17
100
AcDbEntity
  8
0
100
AcDbLine
 10
-34.88149
 20
12.85019
 30
0.0
 11
-34.87557
 21
12.858120000000001
 31
0.0
  0
LINE
  5
BE1
330
17
100
AcDbEntity
  8
0
100
AcDbLine
 10
-34.87557
 20
12.858120000000001
 30
0.0
 11
-34.868900000000004
 21
12.86543
 31
0.0
  0
LINE
  5
BE2
330
17
100
AcDbEntity
  8
0
100
AcDbLine
 10
-34.868900000000004
 20
12.86543
 30
0.0
 11
-34.8502
 21
12.882249999999999
 31
0.0
  0
LINE
  5
BE3
330
17
100
AcDbEntity
  8
0
100
AcDbLine
 10
-34.8502
 20
12.882249999999999
 30
0.0
 11
-34.82995
 21
12.89717
 31
0.0
  0
LINE
  5
BE4
330
17
100
AcDbEntity
  8
0
100
AcDbLine
 10
-34.82995
 20
12.89717
 30
0.0
 11
-34.80834
 21
12.91005
 31
0.0
  0
LINE
  5
BE5
330
17
100
AcDbEntity
  8
0
100
AcDbLine
 10
-34.80834
 20
12.91005
 30
0.0
 11
-34.78557
 21
12.92075
 31
0.0
  0
LINE
  5
BE6
330
17
100
AcDbEntity
  8
0
100
AcDbLine
 10
-34.78557
 20
12.92075
 30
0.0
 11
-34.739520000000006
 21
12.93765
 31
0.0
  0
LINE
  5
BE7
330
17
100
AcDbEntity
  8
0
100
AcDbLine
 10
-34.739520000000006
 20
12.93765
 30
0.0
 11
-34.69229
 21
12.95091
 31
0.0
  0
LINE
  5
BE8
330
17
100
AcDbEntity
  8
0
100
AcDbLine
 10
-34.69229
 20
12.95091
 30
0.0
 11
-34.64418
 21
12.96046
 31
0.0
  0
LINE
  5
BE9
330
17
100
AcDbEntity
  8
0
100
AcDbLine
 10
-34.64418
 20
12.96046
 30
0.0
 11
-34.436769999999996
 21
12.98433
 31
0.0
  0
LINE
  5
BEA
330
17
100
AcDbEntity
  8
0
100
AcDbLine
 10
-34.436769999999996
 20
12.98433
 30
0.0
 11
-34.1417
 21
13.01593
 31
0.0
  0
LINE
  5
BEB
330
17
100
AcDbEntity
  8
0
100
AcDbLine
 10
-34.1417
 20
13.01593
 30
0.0
 11
-34.12081
 21
13.02006
 31
0.0
  0
LINE
  5
BEC
330
17
100
AcDbEntity
  8
0
100
AcDbLine
 10
-34.12081
 20
13.02006
 30
0.0
 11
-34.100480000000005
 21
13.026390000000001
 31
0.0
  0
LINE
  5
BED
330
17
100
AcDbEntity
  8
0
100
AcDbLine
 10
-34.100480000000005
 20
13.026390000000001
 30
0.0
 11
-34.08095
 21
13.03487
 31
0.0
  0
LINE
  5
BEE
330
17
100
AcDbEntity
  8
0
100
AcDbLine
 10
-34.08095
 20
13.03487
 30
0.0
 11
-34.06244
 21
13.0454
 31
0.0
  0
LINE
  5
BEF
330
17
100
AcDbEntity
  8
0
100
AcDbLine
 10
-34.06244
 20
13.0454
 30
0.0
 11
-34.048179999999995
 21
13.055670000000001
 31
0.0
  0
LINE
  5
BF0
330
17
100
AcDbEntity
  8
0
100
AcDbLine
 10
-34.048179999999995
 20
13.055670000000001
 30
0.0
 11
-34.045159999999996
 21
13.05785
 31
0.0
  0
LINE
  5
BF1
330
17
100
AcDbEntity
  8
0
100
AcDbLine
 10
-34.045159999999996
 20
13.05785
 30
0.0
 11
-34.02932
 21
13.07207
 31
0.0
  0
LINE
  5
BF2
330
17
100
AcDbEntity
  8
0
100
AcDbLine
 10
-34.02932
 20
13.07207
 30
0.0
 11
-34.01509
 21
13.087919999999999
 31
0.0
  0
LINE
  5
BF3
330
17
100
AcDbEntity
  8
0
100
AcDbLine
 10
-34.01509
 20
13.087919999999999
 30
0.0
 11
-34.00264
 21
13.1052
 31
0.0
  0
LINE
  5
BF4
330
17
100
AcDbEntity
  8
0
100
AcDbLine
 10
-34.00264
 20
13.1052
 30
0.0
 11
-33.99212
 21
13.12371
 31
0.0
  0
LINE
  5
BF5
330
17
100
AcDbEntity
  8
0
100
AcDbLine
 10
-33.99212
 20
13.12371
 30
0.0
 11
-33.98364
 21
13.14324
 31
0.0
  0
LINE
  5
BF6
330
17
100
AcDbEntity
  8
0
100
AcDbLine
 10
-33.98364
 20
13.14324
 30
0.0
 11
-33.9773
 21
13.16357
 31
0.0
  0
LINE
  5
BF7
330
17
100
AcDbEntity
  8
0
100
AcDbLine
 10
-33.9773
 20
13.16357
 30
0.0
 11
-33.97318
 21
13.18446
 31
0.0
  0
LINE
  5
BF8
330
17
100
AcDbEntity
  8
0
100
AcDbLine
 10
-33.97318
 20
13.18446
 30
0.0
 11
-33.94158
 21
13.47953
 31
0.0
  0
LINE
  5
BF9
330
17
100
AcDbEntity
  8
0
100
AcDbLine
 10
-33.94158
 20
13.47953
 30
0.0
 11
-33.90817
 21
13.94132
 31
0.0
  0
LINE
  5
BFA
330
17
100
AcDbEntity
  8
0
100
AcDbLine
 10
-33.90817
 20
13.94132
 30
0.0
 11
-34.57652
 21
13.94132
 31
0.0
  0
LINE
  5
BFB
330
17
100
AcDbEntity
  8
0
100
AcDbLine
 10
-34.57652
 20
13.94132
 30
0.0
 11
-34.951049999999995
 21
13.94863
 31
0.0
  0
LINE
  5
BFC
330
17
100
AcDbEntity
  8
0
100
AcDbLine
 10
-34.951049999999995
 20
13.94863
 30
0.0
 11
-35.01385
 21
13.953729999999998
 31
0.0
  0
LINE
  5
BFD
330
17
100
AcDbEntity
  8
0
100
AcDbLine
 10
-35.01385
 20
13.953729999999998
 30
0.0
 11
-35.07601
 21
13.96409
 31
0.0
  0
LINE
  5
BFE
330
17
100
AcDbEntity
  8
0
100
AcDbLine
 10
-35.07601
 20
13.96409
 30
0.0
 11
-35.137080000000005
 21
13.97962
 31
0.0
  0
LINE
  5
BFF
330
17
100
AcDbEntity
  8
0
100
AcDbLine
 10
-35.137080000000005
 20
13.97962
 30
0.0
 11
-35.156600000000005
 21
13.98646
 31
0.0
  0
LINE
  5
C00
330
17
100
AcDbEntity
  8
0
100
AcDbLine
 10
-35.156600000000005
 20
13.98646
 30
0.0
 11
-35.17541
 21
13.99504
 31
0.0
  0
LINE
  5
C01
330
17
100
AcDbEntity
  8
0
100
AcDbLine
 10
-35.17541
 20
13.99504
 30
0.0
 11
-35.19337
 21
14.0053
 31
0.0
  0
LINE
  5
C02
330
17
100
AcDbEntity
  8
0
100
AcDbLine
 10
-35.19337
 20
14.0053
 30
0.0
 11
-35.21032
 21
14.01715
 31
0.0
  0
LINE
  5
C03
330
17
100
AcDbEntity
  8
0
100
AcDbLine
 10
-35.21032
 20
14.01715
 30
0.0
 11
-35.22611
 21
14.0305
 31
0.0
  0
LINE
  5
C04
330
17
100
AcDbEntity
  8
0
100
AcDbLine
 10
-35.22611
 20
14.0305
 30
0.0
 11
-35.24062
 21
14.04524
 31
0.0
  0
LINE
  5
C05
330
17
100
AcDbEntity
  8
0
100
AcDbLine
 10
-35.24062
 20
14.04524
 30
0.0
 11
-35.25706
 21
14.065370000000001
 31
0.0
  0
LINE
  5
C06
330
17
100
AcDbEntity
  8
0
100
AcDbLine
 10
-35.25706
 20
14.065370000000001
 30
0.0
 11
-35.27151
 21
14.08698
 31
0.0
  0
LINE
  5
C07
330
17
100
AcDbEntity
  8
0
100
AcDbLine
 10
-35.27151
 20
14.08698
 30
0.0
 11
-35.28384
 21
14.10987
 31
0.0
  0
LINE
  5
C08
330
17
100
AcDbEntity
  8
0
100
AcDbLine
 10
-35.28384
 20
14.10987
 30
0.0
 11
-35.29393
 21
14.13382
 31
0.0
  0
LINE
  5
C09
330
17
100
AcDbEntity
  8
0
100
AcDbLine
 10
-35.29393
 20
14.13382
 30
0.0
 11
-35.3017
 21
14.15863
 31
0.0
  0
LINE
  5
C0A
330
17
100
AcDbEntity
  8
0
100
AcDbLine
 10
-35.3017
 20
14.15863
 30
0.0
 11
-35.3077
 21
14.17759
 31
0.0
  0
LINE
  5
C0B
330
17
100
AcDbEntity
  8
0
100
AcDbLine
 10
-35.3077
 20
14.17759
 30
0.0
 11
-35.31559
 21
14.195839999999999
 31
0.0
  0
LINE
  5
C0C
330
17
100
AcDbEntity
  8
0
100
AcDbLine
 10
-35.31559
 20
14.195839999999999
 30
0.0
 11
-35.3253
 21
14.2132
 31
0.0
  0
LINE
  5
C0D
330
17
100
AcDbEntity
  8
0
100
AcDbLine
 10
-35.3253
 20
14.2132
 30
0.0
 11
-35.336710000000004
 21
14.229479999999999
 31
0.0
  0
LINE
  5
C0E
330
17
100
AcDbEntity
  8
0
100
AcDbLine
 10
-35.336710000000004
 20
14.229479999999999
 30
0.0
 11
-35.34972
 21
14.24453
 31
0.0
  0
LINE
  5
C0F
330
17
100
AcDbEntity
  8
0
100
AcDbLine
 10
-35.34972
 20
14.24453
 30
0.0
 11
-35.364180000000005
 21
14.25817
 31
0.0
  0
LINE
  5
C10
330
17
100
AcDbEntity
  8
0
100
AcDbLine
 10
-35.364180000000005
 20
14.25817
 30
0.0
 11
-35.379960000000004
 21
14.27028
 31
0.0
  0
LINE
  5
C11
330
17
100
AcDbEntity
  8
0
100
AcDbLine
 10
-35.379960000000004
 20
14.27028
 30
0.0
 11
-35.396879999999996
 21
14.28073
 31
0.0
  0
LINE
  5
C12
330
17
100
AcDbEntity
  8
0
100
AcDbLine
 10
-35.396879999999996
 20
14.28073
 30
0.0
 11
-35.44336
 21
14.30349
 31
0.0
  0
LINE
  5
C13
330
17
100
AcDbEntity
  8
0
100
AcDbLine
 10
-35.44336
 20
14.30349
 30
0.0
 11
-35.491769999999995
 21
14.321769999999999
 31
0.0
  0
LINE
  5
C14
330
17
100
AcDbEntity
  8
0
100
AcDbLine
 10
-35.491769999999995
 20
14.321769999999999
 30
0.0
 11
-35.54169
 21
14.33541
 31
0.0
  0
LINE
  5
C15
330
17
100
AcDbEntity
  8
0
100
AcDbLine
 10
-35.54169
 20
14.33541
 30
0.0
 11
-35.59268
 21
14.3443
 31
0.0
  0
LINE
  5
C16
330
17
100
AcDbEntity
  8
0
100
AcDbLine
 10
-35.59268
 20
14.3443
 30
0.0
 11
-35.789880000000004
 21
14.36339
 31
0.0
  0
LINE
  5
C17
330
17
100
AcDbEntity
  8
0
100
AcDbLine
 10
-35.789880000000004
 20
14.36339
 30
0.0
 11
-35.98785
 21
14.37102
 31
0.0
  0
LINE
  5
C18
330
17
100
AcDbEntity
  8
0
100
AcDbLine
 10
-35.98785
 20
14.37102
 30
0.0
 11
-37.02376
 21
14.37594
 31
0.0
  0
LINE
  5
C19
330
17
100
AcDbEntity
  8
0
100
AcDbLine
 10
-37.02376
 20
14.37594
 30
0.0
 11
-38.689
 21
14.37594
 31
0.0
  0
LINE
  5
C1A
330
17
100
AcDbEntity
  8
0
100
AcDbLine
 10
-38.689
 20
14.37594
 30
0.0
 11
-38.722409999999996
 21
14.836780000000001
 31
0.0
  0
LINE
  5
C1B
330
17
100
AcDbEntity
  8
0
100
AcDbLine
 10
-38.722409999999996
 20
14.836780000000001
 30
0.0
 11
-38.74806
 21
15.05709
 31
0.0
  0
LINE
  5
C1C
330
17
100
AcDbEntity
  8
0
100
AcDbLine
 10
-38.74806
 20
15.05709
 30
0.0
 11
-38.75823
 21
15.10641
 31
0.0
  0
LINE
  5
C1D
330
17
100
AcDbEntity
  8
0
100
AcDbLine
 10
-38.75823
 20
15.10641
 30
0.0
 11
-38.77269
 21
15.15465
 31
0.0
  0
LINE
  5
C1E
330
17
100
AcDbEntity
  8
0
100
AcDbLine
 10
-38.77269
 20
15.15465
 30
0.0
 11
-38.79131
 21
15.20144
 31
0.0
  0
LINE
  5
C1F
330
17
100
AcDbEntity
  8
0
100
AcDbLine
 10
-38.79131
 20
15.20144
 30
0.0
 11
-38.803909999999995
 21
15.225900000000001
 31
0.0
  0
LINE
  5
C20
330
17
100
AcDbEntity
  8
0
100
AcDbLine
 10
-38.803909999999995
 20
15.225900000000001
 30
0.0
 11
-38.81901
 21
15.24889
 31
0.0
  0
LINE
  5
C21
330
17
100
AcDbEntity
  8
0
100
AcDbLine
 10
-38.81901
 20
15.24889
 30
0.0
 11
-38.83644
 21
15.27017
 31
0.0
  0
LINE
  5
C22
330
17
100
AcDbEntity
  8
0
100
AcDbLine
 10
-38.83644
 20
15.27017
 30
0.0
 11
-38.85602
 21
15.289499999999999
 31
0.0
  0
LINE
  5
C23
330
17
100
AcDbEntity
  8
0
100
AcDbLine
 10
-38.85602
 20
15.289499999999999
 30
0.0
 11
-38.87189
 21
15.30213
 31
0.0
  0
LINE
  5
C24
330
17
100
AcDbEntity
  8
0
100
AcDbLine
 10
-38.87189
 20
15.30213
 30
0.0
 11
-38.88902
 21
15.31297
 31
0.0
  0
LINE
  5
C25
330
17
100
AcDbEntity
  8
0
100
AcDbLine
 10
-38.88902
 20
15.31297
 30
0.0
 11
-38.90722
 21
15.321919999999999
 31
0.0
  0
LINE
  5
C26
330
17
100
AcDbEntity
  8
0
100
AcDbLine
 10
-38.90722
 20
15.321919999999999
 30
0.0
 11
-38.92628
 21
15.32885
 31
0.0
  0
LINE
  5
C27
330
17
100
AcDbEntity
  8
0
100
AcDbLine
 10
-38.92628
 20
15.32885
 30
0.0
 11
-38.94597
 21
15.3337
 31
0.0
  0
LINE
  5
C28
330
17
100
AcDbEntity
  8
0
100
AcDbLine
 10
-38.94597
 20
15.3337
 30
0.0
 11
-38.96525
 21
15.336300000000001
 31
0.0
  0
LINE
  5
C29
330
17
100
AcDbEntity
  8
0
100
AcDbLine
 10
-38.96525
 20
15.336300000000001
 30
0.0
 11
-38.98469
 21
15.336839999999999
 31
0.0
  0
LINE
  5
C2A
330
17
100
AcDbEntity
  8
0
100
AcDbLine
 10
-38.98469
 20
15.336839999999999
 30
0.0
 11
-39.004079999999995
 21
15.3353
 31
0.0
  0
LINE
  5
C2B
330
17
100
AcDbEntity
  8
0
100
AcDbLine
 10
-39.004079999999995
 20
15.3353
 30
0.0
 11
-39.0232
 21
15.33171
 31
0.0
  0
LINE
  5
C2C
330
17
100
AcDbEntity
  8
0
100
AcDbLine
 10
-39.0232
 20
15.33171
 30
0.0
 11
-39.04182
 21
15.3261
 31
0.0
  0
LINE
  5
C2D
330
17
100
AcDbEntity
  8
0
100
AcDbLine
 10
-39.04182
 20
15.3261
 30
0.0
 11
-39.05145
 21
15.32206
 31
0.0
  0
LINE
  5
C2E
330
17
100
AcDbEntity
  8
0
100
AcDbLine
 10
-39.05145
 20
15.32206
 30
0.0
 11
-39.060610000000004
 21
15.31703
 31
0.0
  0
LINE
  5
C2F
330
17
100
AcDbEntity
  8
0
100
AcDbLine
 10
-39.060610000000004
 20
15.31703
 30
0.0
 11
-39.06919
 21
15.311079999999999
 31
0.0
  0
LINE
  5
C30
330
17
100
AcDbEntity
  8
0
100
AcDbLine
 10
-39.06919
 20
15.311079999999999
 30
0.0
 11
-39.07711
 21
15.30427
 31
0.0
  0
LINE
  5
C31
330
17
100
AcDbEntity
  8
0
100
AcDbLine
 10
-39.07711
 20
15.30427
 30
0.0
 11
-39.08427
 21
15.29667
 31
0.0
  0
LINE
  5
C32
330
17
100
AcDbEntity
  8
0
100
AcDbLine
 10
-39.08427
 20
15.29667
 30
0.0
 11
-39.09061
 21
15.28837
 31
0.0
  0
LINE
  5
C33
330
17
100
AcDbEntity
  8
0
100
AcDbLine
 10
-39.09061
 20
15.28837
 30
0.0
 11
-39.09605
 21
15.27945
 31
0.0
  0
LINE
  5
C34
330
17
100
AcDbEntity
  8
0
100
AcDbLine
 10
-39.09605
 20
15.27945
 30
0.0
 11
-39.10053
 21
15.27002
 31
0.0
  0
LINE
  5
C35
330
17
100
AcDbEntity
  8
0
100
AcDbLine
 10
-39.10053
 20
15.27002
 30
0.0
 11
-39.11185
 21
15.23889
 31
0.0
  0
LINE
  5
C36
330
17
100
AcDbEntity
  8
0
100
AcDbLine
 10
-39.11185
 20
15.23889
 30
0.0
 11
-39.12047
 21
15.20692
 31
0.0
  0
LINE
  5
C37
330
17
100
AcDbEntity
  8
0
100
AcDbLine
 10
-39.12047
 20
15.20692
 30
0.0
 11
-39.12633
 21
15.17432
 31
0.0
  0
LINE
  5
C38
330
17
100
AcDbEntity
  8
0
100
AcDbLine
 10
-39.12633
 20
15.17432
 30
0.0
 11
-39.129400000000004
 21
15.14134
 31
0.0
  0
LINE
  5
C39
330
17
100
AcDbEntity
  8
0
100
AcDbLine
 10
-39.129400000000004
 20
15.14134
 30
0.0
 11
-39.136120000000005
 21
14.87285
 31
0.0
  0
LINE
  5
C3A
330
17
100
AcDbEntity
  8
0
100
AcDbLine
 10
-39.136120000000005
 20
14.87285
 30
0.0
 11
-39.136120000000005
 21
14.37594
 31
0.0
  0
LINE
  5
C3B
330
17
100
AcDbEntity
  8
0
100
AcDbLine
 10
-39.136120000000005
 20
14.37594
 30
0.0
 11
-42.015480000000004
 21
14.37594
 31
0.0
  0
LINE
  5
C3C
330
17
100
AcDbEntity
  8
0
100
AcDbLine
 10
-42.015480000000004
 20
14.37594
 30
0.0
 11
-43.87864
 21
14.37182
 31
0.0
  0
LINE
  5
C3D
330
17
100
AcDbEntity
  8
0
100
AcDbLine
 10
-43.87864
 20
14.37182
 30
0.0
 11
-44.18859
 21
14.359459999999999
 31
0.0
  0
LINE
  5
C3E
330
17
100
AcDbEntity
  8
0
100
AcDbLine
 10
-44.18859
 20
14.359459999999999
 30
0.0
 11
-44.50776
 21
14.34672
 31
0.0
  0
LINE
  5
C3F
330
17
100
AcDbEntity
  8
0
100
AcDbLine
 10
-44.50776
 20
14.34672
 30
0.0
 11
-44.607710000000004
 21
14.33497
 31
0.0
  0
LINE
  5
C40
330
17
100
AcDbEntity
  8
0
100
AcDbLine
 10
-44.607710000000004
 20
14.33497
 30
0.0
 11
-44.70632
 21
14.31492
 31
0.0
  0
LINE
  5
C41
330
17
100
AcDbEntity
  8
0
100
AcDbLine
 10
-44.70632
 20
14.31492
 30
0.0
 11
-44.80292
 21
14.28671
 31
0.0
  0
LINE
  5
C42
330
17
100
AcDbEntity
  8
0
100
AcDbLine
 10
-44.80292
 20
14.28671
 30
0.0
 11
-44.815960000000004
 21
14.281550000000001
 31
0.0
  0
LINE
  5
C43
330
17
100
AcDbEntity
  8
0
100
AcDbLine
 10
-44.815960000000004
 20
14.281550000000001
 30
0.0
 11
-44.82838
 21
14.275049999999998
 31
0.0
  0
LINE
  5
C44
330
17
100
AcDbEntity
  8
0
100
AcDbLine
 10
-44.82838
 20
14.275049999999998
 30
0.0
 11
-44.840070000000004
 21
14.26731
 31
0.0
  0
LINE
  5
C45
330
17
100
AcDbEntity
  8
0
100
AcDbLine
 10
-44.840070000000004
 20
14.26731
 30
0.0
 11
-44.85089
 21
14.2584
 31
0.0
  0
LINE
  5
C46
330
17
100
AcDbEntity
  8
0
100
AcDbLine
 10
-44.85089
 20
14.2584
 30
0.0
 11
-44.860730000000004
 21
14.24841
 31
0.0
  0
LINE
  5
C47
330
17
100
AcDbEntity
  8
0
100
AcDbLine
 10
-44.860730000000004
 20
14.24841
 30
0.0
 11
-44.86949
 21
14.23746
 31
0.0
  0
LINE
  5
C48
330
17
100
AcDbEntity
  8
0
100
AcDbLine
 10
-44.86949
 20
14.23746
 30
0.0
 11
-44.87706
 21
14.22566
 31
0.0
  0
LINE
  5
C49
330
17
100
AcDbEntity
  8
0
100
AcDbLine
 10
-44.87706
 20
14.22566
 30
0.0
 11
-44.88337
 21
14.213140000000001
 31
0.0
  0
LINE
  5
C4A
330
17
100
AcDbEntity
  8
0
100
AcDbLine
 10
-44.88337
 20
14.213140000000001
 30
0.0
 11
-44.88835
 21
14.20003
 31
0.0
  0
LINE
  5
C4B
330
17
100
AcDbEntity
  8
0
100
AcDbLine
 10
-44.88835
 20
14.20003
 30
0.0
 11
-44.89195
 21
14.18648
 31
0.0
  0
LINE
  5
C4C
330
17
100
AcDbEntity
  8
0
100
AcDbLine
 10
-44.89195
 20
14.18648
 30
0.0
 11
-44.89412
 21
14.17263
 31
0.0
  0
LINE
  5
C4D
330
17
100
AcDbEntity
  8
0
100
AcDbLine
 10
-44.89412
 20
14.17263
 30
0.0
 11
-44.89485
 21
14.15863
 31
0.0
  0
LINE
  5
C4E
330
17
100
AcDbEntity
  8
0
100
AcDbLine
 10
-44.89485
 20
14.15863
 30
0.0
 11
-44.89364
 21
14.13462
 31
0.0
  0
LINE
  5
C4F
330
17
100
AcDbEntity
  8
0
100
AcDbLine
 10
-44.89364
 20
14.13462
 30
0.0
 11
-44.89002
 21
14.11085
 31
0.0
  0
LINE
  5
C50
330
17
100
AcDbEntity
  8
0
100
AcDbLine
 10
-44.89002
 20
14.11085
 30
0.0
 11
-44.884029999999996
 21
14.08756
 31
0.0
  0
LINE
  5
C51
330
17
100
AcDbEntity
  8
0
100
AcDbLine
 10
-44.884029999999996
 20
14.08756
 30
0.0
 11
-44.87574
 21
14.065
 31
0.0
  0
LINE
  5
C52
330
17
100
AcDbEntity
  8
0
100
AcDbLine
 10
-44.87574
 20
14.065
 30
0.0
 11
-44.86522
 21
14.043379999999999
 31
0.0
  0
LINE
  5
C53
330
17
100
AcDbEntity
  8
0
100
AcDbLine
 10
-44.86522
 20
14.043379999999999
 30
0.0
 11
-44.85728
 21
14.030610000000001
 31
0.0
  0
LINE
  5
C54
330
17
100
AcDbEntity
  8
0
100
AcDbLine
 10
-44.85728
 20
14.030610000000001
 30
0.0
 11
-44.848029999999994
 21
14.01877
 31
0.0
  0
LINE
  5
C55
330
17
100
AcDbEntity
  8
0
100
AcDbLine
 10
-44.848029999999994
 20
14.01877
 30
0.0
 11
-44.837559999999996
 21
14.00797
 31
0.0
  0
LINE
  5
C56
330
17
100
AcDbEntity
  8
0
100
AcDbLine
 10
-44.837559999999996
 20
14.00797
 30
0.0
 11
-44.82601
 21
13.998339999999999
 31
0.0
  0
LINE
  5
C57
330
17
100
AcDbEntity
  8
0
100
AcDbLine
 10
-44.82601
 20
13.998339999999999
 30
0.0
 11
-44.8135
 21
13.99
 31
0.0
  0
LINE
  5
C58
330
17
100
AcDbEntity
  8
0
100
AcDbLine
 10
-44.8135
 20
13.99
 30
0.0
 11
-44.800180000000005
 21
13.98304
 31
0.0
  0
LINE
  5
C59
330
17
100
AcDbEntity
  8
0
100
AcDbLine
 10
-44.800180000000005
 20
13.98304
 30
0.0
 11
-44.78619
 21
13.97753
 31
0.0
  0
LINE
  5
C5A
330
17
100
AcDbEntity
  8
0
100
AcDbLine
 10
-44.78619
 20
13.97753
 30
0.0
 11
-44.731880000000004
 21
13.96228
 31
0.0
  0
LINE
  5
C5B
330
17
100
AcDbEntity
  8
0
100
AcDbLine
 10
-44.731880000000004
 20
13.96228
 30
0.0
 11
-44.67635
 21
13.952300000000001
 31
0.0
  0
LINE
  5
C5C
330
17
100
AcDbEntity
  8
0
100
AcDbLine
 10
-44.67635
 20
13.952300000000001
 30
0.0
 11
-44.62012
 21
13.94769
 31
0.0
  0
LINE
  5
C5D
330
17
100
AcDbEntity
  8
0
100
AcDbLine
 10
-44.62012
 20
13.94769
 30
0.0
 11
-44.24292
 21
13.94132
 31
0.0
  0
LINE
  5
C5E
330
17
100
AcDbEntity
  8
0
100
AcDbLine
 10
-44.24292
 20
13.94132
 30
0.0
 11
-44.18859
 21
13.94132
 31
0.0
  0
LINE
  5
C5F
330
17
100
AcDbEntity
  8
0
100
AcDbLine
 10
-44.18859
 20
13.94132
 30
0.0
 11
-43.59098
 21
13.94132
 31
0.0
  0
LINE
  5
C60
330
17
100
AcDbEntity
  8
0
100
AcDbLine
 10
-43.59098
 20
13.94132
 30
0.0
 11
-43.59098
 21
13.055670000000001
 31
0.0
  0
LINE
  5
C61
330
17
100
AcDbEntity
  8
0
100
AcDbLine
 10
-43.59098
 20
13.055670000000001
 30
0.0
 11
-43.59098
 21
11.931189999999999
 31
0.0
  0
LINE
  5
C62
330
17
100
AcDbEntity
  8
0
100
AcDbLine
 10
-43.59098
 20
11.931189999999999
 30
0.0
 11
-43.59098
 21
11.87687
 31
0.0
  0
LINE
  5
C63
330
17
100
AcDbEntity
  8
0
100
AcDbLine
 10
-43.59098
 20
11.87687
 30
0.0
 11
-39.136120000000005
 21
11.87687
 31
0.0
  0
LINE
  5
C64
330
17
100
AcDbEntity
  8
0
100
AcDbLine
 10
-39.136120000000005
 20
11.87687
 30
0.0
 11
-39.136120000000005
 21
8.83452
 31
0.0
  0
LINE
  5
C65
330
17
100
AcDbEntity
  8
0
100
AcDbLine
 10
-39.136120000000005
 20
8.83452
 30
0.0
 11
-41.63519
 21
8.83452
 31
0.0
  0
LINE
  5
C66
330
17
100
AcDbEntity
  8
0
100
AcDbLine
 10
-41.63519
 20
8.83452
 30
0.0
 11
-41.63519
 21
8.56288
 31
0.0
  0
LINE
  5
C67
330
17
100
AcDbEntity
  8
0
100
AcDbLine
 10
-41.63519
 20
8.56288
 30
0.0
 11
-41.63519
 21
6.444100000000001
 31
0.0
  0
LINE
  5
C68
330
17
100
AcDbEntity
  8
0
100
AcDbLine
 10
-41.63519
 20
6.444100000000001
 30
0.0
 11
-39.136120000000005
 21
6.444100000000001
 31
0.0
  0
LINE
  5
C69
330
17
100
AcDbEntity
  8
0
100
AcDbLine
 10
-39.136120000000005
 20
6.444100000000001
 30
0.0
 11
-39.136120000000005
 21
6.00948
 31
0.0
  0
LINE
  5
C6A
330
17
100
AcDbEntity
  8
0
100
AcDbLine
 10
-39.136120000000005
 20
6.00948
 30
0.0
 11
-39.136120000000005
 21
5.7921700000000005
 31
0.0
  0
LINE
  5
C6B
330
17
100
AcDbEntity
  8
0
100
AcDbLine
 10
-39.136120000000005
 20
5.7921700000000005
 30
0.0
 11
-39.136120000000005
 21
5.56689
 31
0.0
  0
LINE
  5
C6C
330
17
100
AcDbEntity
  8
0
100
AcDbLine
 10
-39.136120000000005
 20
5.56689
 30
0.0
 11
-39.134420000000006
 21
5.408589999999999
 31
0.0
  0
LINE
  5
C6D
330
17
100
AcDbEntity
  8
0
100
AcDbLine
 10
-39.134420000000006
 20
5.408589999999999
 30
0.0
 11
-39.13068
 21
5.05936
 31
0.0
  0
LINE
  5
C6E
330
17
100
AcDbEntity
  8
0
100
AcDbLine
 10
-39.13068
 20
5.05936
 30
0.0
 11
-39.12288
 21
4.95055
 31
0.0
  0
LINE
  5
C6F
330
17
100
AcDbEntity
  8
0
100
AcDbLine
 10
-39.12288
 20
4.95055
 30
0.0
 11
-39.104189999999996
 21
4.84307
 31
0.0
  0
LINE
  5
C70
330
17
100
AcDbEntity
  8
0
100
AcDbLine
 10
-39.104189999999996
 20
4.84307
 30
0.0
 11
-39.09987
 21
4.82756
 31
0.0
  0
LINE
  5
C71
330
17
100
AcDbEntity
  8
0
100
AcDbLine
 10
-39.09987
 20
4.82756
 30
0.0
 11
-39.094049999999996
 21
4.81255
 31
0.0
  0
LINE
  5
C72
330
17
100
AcDbEntity
  8
0
100
AcDbLine
 10
-39.094049999999996
 20
4.81255
 30
0.0
 11
-39.08679
 21
4.79819
 31
0.0
  0
LINE
  5
C73
330
17
100
AcDbEntity
  8
0
100
AcDbLine
 10
-39.08679
 20
4.79819
 30
0.0
 11
-39.078160000000004
 21
4.7846
 31
0.0
  0
LINE
  5
C74
330
17
100
AcDbEntity
  8
0
100
AcDbLine
 10
-39.078160000000004
 20
4.7846
 30
0.0
 11
-39.06823
 21
4.771929999999999
 31
0.0
  0
LINE
  5
C75
330
17
100
AcDbEntity
  8
0
100
AcDbLine
 10
-39.06823
 20
4.771929999999999
 30
0.0
 11
-39.05711
 21
4.76029
 31
0.0
  0
LINE
  5
C76
330
17
100
AcDbEntity
  8
0
100
AcDbLine
 10
-39.05711
 20
4.76029
 30
0.0
 11
-39.04491
 21
4.7498000000000005
 31
0.0
  0
LINE
  5
C77
330
17
100
AcDbEntity
  8
0
100
AcDbLine
 10
-39.04491
 20
4.7498000000000005
 30
0.0
 11
-39.03415
 21
4.74231
 31
0.0
  0
LINE
  5
C78
330
17
100
AcDbEntity
  8
0
100
AcDbLine
 10
-39.03415
 20
4.74231
 30
0.0
 11
-39.02266
 21
4.736009999999999
 31
0.0
  0
LINE
  5
C79
330
17
100
AcDbEntity
  8
0
100
AcDbLine
 10
-39.02266
 20
4.736009999999999
 30
0.0
 11
-39.01057
 21
4.7309600000000005
 31
0.0
  0
LINE
  5
C7A
330
17
100
AcDbEntity
  8
0
100
AcDbLine
 10
-39.01057
 20
4.7309600000000005
 30
0.0
 11
-38.998
 21
4.72723
 31
0.0
  0
LINE
  5
C7B
330
17
100
AcDbEntity
  8
0
100
AcDbLine
 10
-38.998
 20
4.72723
 30
0.0
 11
-38.985119999999995
 21
4.72484
 31
0.0
  0
LINE
  5
C7C
330
17
100
AcDbEntity
  8
0
100
AcDbLine
 10
-38.985119999999995
 20
4.72484
 30
0.0
 11
-38.97205
 21
4.72384
 31
0.0
  0
LINE
  5
C7D
330
17
100
AcDbEntity
  8
0
100
AcDbLine
 10
-38.97205
 20
4.72384
 30
0.0
 11
-38.95895
 21
4.724220000000001
 31
0.0
  0
LINE
  5
C7E
330
17
100
AcDbEntity
  8
0
100
AcDbLine
 10
-38.95895
 20
4.724220000000001
 30
0.0
 11
-38.94597
 21
4.72599
 31
0.0
  0
LINE
  5
C7F
330
17
100
AcDbEntity
  8
0
100
AcDbLine
 10
-38.94597
 20
4.72599
 30
0.0
 11
-38.92962
 21
4.7299999999999995
 31
0.0
  0
LINE
  5
C80
330
17
100
AcDbEntity
  8
0
100
AcDbLine
 10
-38.92962
 20
4.7299999999999995
 30
0.0
 11
-38.91378
 21
4.73567
 31
0.0
  0
LINE
  5
C81
330
17
100
AcDbEntity
  8
0
100
AcDbLine
 10
-38.91378
 20
4.73567
 30
0.0
 11
-38.8986
 21
4.74294
 31
0.0
  0
LINE
  5
C82
330
17
100
AcDbEntity
  8
0
100
AcDbLine
 10
-38.8986
 20
4.74294
 30
0.0
 11
-38.88426
 21
4.75174
 31
0.0
  0
LINE
  5
C83
330
17
100
AcDbEntity
  8
0
100
AcDbLine
 10
-38.88426
 20
4.75174
 30
0.0
 11
-38.870889999999996
 21
4.76197
 31
0.0
  0
LINE
  5
C84
330
17
100
AcDbEntity
  8
0
100
AcDbLine
 10
-38.870889999999996
 20
4.76197
 30
0.0
 11
-38.85866
 21
4.7735199999999995
 31
0.0
  0
LINE
  5
C85
330
17
100
AcDbEntity
  8
0
100
AcDbLine
 10
-38.85866
 20
4.7735199999999995
 30
0.0
 11
-38.847680000000004
 21
4.7862800000000005
 31
0.0
  0
LINE
  5
C86
330
17
100
AcDbEntity
  8
0
100
AcDbLine
 10
-38.847680000000004
 20
4.7862800000000005
 30
0.0
 11
-38.82732
 21
4.81554
 31
0.0
  0
LINE
  5
C87
330
17
100
AcDbEntity
  8
0
100
AcDbLine
 10
-38.82732
 20
4.81554
 30
0.0
 11
-38.81007
 21
4.84675
 31
0.0
  0
LINE
  5
C88
330
17
100
AcDbEntity
  8
0
100
AcDbLine
 10
-38.81007
 20
4.84675
 30
0.0
 11
-38.79612
 21
4.87956
 31
0.0
  0
LINE
  5
C89
330
17
100
AcDbEntity
  8
0
100
AcDbLine
 10
-38.79612
 20
4.87956
 30
0.0
 11
-38.78561
 21
4.91362
 31
0.0
  0
LINE
  5
C8A
330
17
100
AcDbEntity
  8
0
100
AcDbLine
 10
-38.78561
 20
4.91362
 30
0.0
 11
-38.761610000000005
 21
5.03035
 31
0.0
  0
LINE
  5
C8B
330
17
100
AcDbEntity
  8
0
100
AcDbLine
 10
-38.761610000000005
 20
5.03035
 30
0.0
 11
-38.74816
 21
5.148770000000001
 31
0.0
  0
LINE
  5
C8C
330
17
100
AcDbEntity
  8
0
100
AcDbLine
 10
-38.74816
 20
5.148770000000001
 30
0.0
 11
-38.7344
 21
5.408589999999999
 31
0.0
  0
LINE
  5
C8D
330
17
100
AcDbEntity
  8
0
100
AcDbLine
 10
-38.7344
 20
5.408589999999999
 30
0.0
 11
-38.724090000000004
 21
5.6032
 31
0.0
  0
LINE
  5
C8E
330
17
100
AcDbEntity
  8
0
100
AcDbLine
 10
-38.724090000000004
 20
5.6032
 30
0.0
 11
-38.71696
 21
5.7921700000000005
 31
0.0
  0
LINE
  5
C8F
330
17
100
AcDbEntity
  8
0
100
AcDbLine
 10
-38.71696
 20
5.7921700000000005
 30
0.0
 11
-38.70875
 21
6.00948
 31
0.0
  0
LINE
  5
C90
330
17
100
AcDbEntity
  8
0
100
AcDbLine
 10
-38.70875
 20
6.00948
 30
0.0
 11
-38.69235
 21
6.444100000000001
 31
0.0
  0
LINE
  5
C91
330
17
100
AcDbEntity
  8
0
100
AcDbLine
 10
-38.69235
 20
6.444100000000001
 30
0.0
 11
-36.854350000000004
 21
6.444100000000001
 31
0.0
  0
LINE
  5
C92
330
17
100
AcDbEntity
  8
0
100
AcDbLine
 10
-36.854350000000004
 20
6.444100000000001
 30
0.0
 11
-36.854350000000004
 21
6.00948
 31
0.0
  0
LINE
  5
C93
330
17
100
AcDbEntity
  8
0
100
AcDbLine
 10
-36.854350000000004
 20
6.00948
 30
0.0
 11
-36.854350000000004
 21
5.7921700000000005
 31
0.0
  0
LINE
  5
C94
330
17
100
AcDbEntity
  8
0
100
AcDbLine
 10
-36.854350000000004
 20
5.7921700000000005
 30
0.0
 11
-36.854350000000004
 21
5.408589999999999
 31
0.0
  0
LINE
  5
C95
330
17
100
AcDbEntity
  8
0
100
AcDbLine
 10
-36.854350000000004
 20
5.408589999999999
 30
0.0
 11
-36.854350000000004
 21
3.6190599999999997
 31
0.0
  0
LINE
  5
C96
330
17
100
AcDbEntity
  8
0
100
AcDbLine
 10
-36.854350000000004
 20
3.6190599999999997
 30
0.0
 11
-37.23465
 21
3.6190599999999997
 31
0.0
  0
LINE
  5
C97
330
17
100
AcDbEntity
  8
0
100
AcDbLine
 10
-37.23465
 20
3.6190599999999997
 30
0.0
 11
-37.43286
 21
3.61013
 31
0.0
  0
LINE
  5
C98
330
17
100
AcDbEntity
  8
0
100
AcDbLine
 10
-37.43286
 20
3.61013
 30
0.0
 11
-37.46092
 21
3.60608
 31
0.0
  0
LINE
  5
C99
330
17
100
AcDbEntity
  8
0
100
AcDbLine
 10
-37.46092
 20
3.60608
 30
0.0
 11
-37.48837
 21
3.59904
 31
0.0
  0
LINE
  5
C9A
330
17
100
AcDbEntity
  8
0
100
AcDbLine
 10
-37.48837
 20
3.59904
 30
0.0
 11
-37.51491
 21
3.5891
 31
0.0
  0
LINE
  5
C9B
330
17
100
AcDbEntity
  8
0
100
AcDbLine
 10
-37.51491
 20
3.5891
 30
0.0
 11
-37.540240000000004
 21
3.57638
 31
0.0
  0
LINE
  5
C9C
330
17
100
AcDbEntity
  8
0
100
AcDbLine
 10
-37.540240000000004
 20
3.57638
 30
0.0
 11
-37.5508
 21
3.56962
 31
0.0
  0
LINE
  5
C9D
330
17
100
AcDbEntity
  8
0
100
AcDbLine
 10
-37.5508
 20
3.56962
 30
0.0
 11
-37.56062
 21
3.56185
 31
0.0
  0
LINE
  5
C9E
330
17
100
AcDbEntity
  8
0
100
AcDbLine
 10
-37.56062
 20
3.56185
 30
0.0
 11
-37.56962
 21
3.55313
 31
0.0
  0
LINE
  5
C9F
330
17
100
AcDbEntity
  8
0
100
AcDbLine
 10
-37.56962
 20
3.55313
 30
0.0
 11
-37.5777
 21
3.5435499999999998
 31
0.0
  0
LINE
  5
CA0
330
17
100
AcDbEntity
  8
0
100
AcDbLine
 10
-37.5777
 20
3.5435499999999998
 30
0.0
 11
-37.58479
 21
3.53321
 31
0.0
  0
LINE
  5
CA1
330
17
100
AcDbEntity
  8
0
100
AcDbLine
 10
-37.58479
 20
3.53321
 30
0.0
 11
-37.5908
 21
3.52222
 31
0.0
  0
LINE
  5
CA2
330
17
100
AcDbEntity
  8
0
100
AcDbLine
 10
-37.5908
 20
3.52222
 30
0.0
 11
-37.59568
 21
3.51068
 31
0.0
  0
LINE
  5
CA3
330
17
100
AcDbEntity
  8
0
100
AcDbLine
 10
-37.59568
 20
3.51068
 30
0.0
 11
-37.604060000000004
 21
3.48418
 31
0.0
  0
LINE
  5
CA4
330
17
100
AcDbEntity
  8
0
100
AcDbLine
 10
-37.604060000000004
 20
3.48418
 30
0.0
 11
-37.61009
 21
3.4570600000000002
 31
0.0
  0
LINE
  5
CA5
330
17
100
AcDbEntity
  8
0
100
AcDbLine
 10
-37.61009
 20
3.4570600000000002
 30
0.0
 11
-37.61373
 21
3.42951
 31
0.0
  0
LINE
  5
CA6
330
17
100
AcDbEntity
  8
0
100
AcDbLine
 10
-37.61373
 20
3.42951
 30
0.0
 11
-37.61494
 21
3.40175
 31
0.0
  0
LINE
  5
CA7
330
17
100
AcDbEntity
  8
0
100
AcDbLine
 10
-37.61494
 20
3.40175
 30
0.0
 11
-37.615700000000004
 21
3.38744
 31
0.0
  0
LINE
  5
CA8
330
17
100
AcDbEntity
  8
0
100
AcDbLine
 10
-37.615700000000004
 20
3.38744
 30
0.0
 11
-37.61797
 21
3.3732900000000003
 31
0.0
  0
LINE
  5
CA9
330
17
100
AcDbEntity
  8
0
100
AcDbLine
 10
-37.61797
 20
3.3732900000000003
 30
0.0
 11
-37.62174
 21
3.35946
 31
0.0
  0
LINE
  5
CAA
330
17
100
AcDbEntity
  8
0
100
AcDbLine
 10
-37.62174
 20
3.35946
 30
0.0
 11
-37.62694
 21
3.3461
 31
0.0
  0
LINE
  5
CAB
330
17
100
AcDbEntity
  8
0
100
AcDbLine
 10
-37.62694
 20
3.3461
 30
0.0
 11
-37.63353
 21
3.33337
 31
0.0
  0
LINE
  5
CAC
330
17
100
AcDbEntity
  8
0
100
AcDbLine
 10
-37.63353
 20
3.33337
 30
0.0
 11
-37.641439999999996
 21
3.32142
 31
0.0
  0
LINE
  5
CAD
330
17
100
AcDbEntity
  8
0
100
AcDbLine
 10
-37.641439999999996
 20
3.32142
 30
0.0
 11
-37.65056
 21
3.31036
 31
0.0
  0
LINE
  5
CAE
330
17
100
AcDbEntity
  8
0
100
AcDbLine
 10
-37.65056
 20
3.31036
 30
0.0
 11
-37.660810000000005
 21
3.3003400000000003
 31
0.0
  0
LINE
  5
CAF
330
17
100
AcDbEntity
  8
0
100
AcDbLine
 10
-37.660810000000005
 20
3.3003400000000003
 30
0.0
 11
-37.67205
 21
3.29146
 31
0.0
  0
LINE
  5
CB0
330
17
100
AcDbEntity
  8
0
100
AcDbLine
 10
-37.67205
 20
3.29146
 30
0.0
 11
-37.68418
 21
3.28382
 31
0.0
  0
LINE
  5
CB1
330
17
100
AcDbEntity
  8
0
100
AcDbLine
 10
-37.68418
 20
3.28382
 30
0.0
 11
-37.697050000000004
 21
3.27751
 31
0.0
  0
LINE
  5
CB2
330
17
100
AcDbEntity
  8
0
100
AcDbLine
 10
-37.697050000000004
 20
3.27751
 30
0.0
 11
-37.710519999999995
 21
3.2726
 31
0.0
  0
LINE
  5
CB3
330
17
100
AcDbEntity
  8
0
100
AcDbLine
 10
-37.710519999999995
 20
3.2726
 30
0.0
 11
-37.815149999999996
 21
3.24489
 31
0.0
  0
LINE
  5
CB4
330
17
100
AcDbEntity
  8
0
100
AcDbLine
 10
-37.815149999999996
 20
3.24489
 30
0.0
 11
-37.921580000000006
 21
3.22516
 31
0.0
  0
LINE
  5
CB5
330
17
100
AcDbEntity
  8
0
100
AcDbLine
 10
-37.921580000000006
 20
3.22516
 30
0.0
 11
-38.02919
 21
3.2135100000000003
 31
0.0
  0
LINE
  5
CB6
330
17
100
AcDbEntity
  8
0
100
AcDbLine
 10
-38.02919
 20
3.2135100000000003
 30
0.0
 11
-38.70333
 21
3.18852
 31
0.0
  0
LINE
  5
CB7
330
17
100
AcDbEntity
  8
0
100
AcDbLine
 10
-38.70333
 20
3.18852
 30
0.0
 11
-39.136120000000005
 21
3.18764
 31
0.0
  0
LINE
  5
CB8
330
17
100
AcDbEntity
  8
0
100
AcDbLine
 10
-39.136120000000005
 20
3.18764
 30
0.0
 11
-40.711619999999996
 21
3.1844400000000004
 31
0.0
  0
LINE
  5
CB9
330
17
100
AcDbEntity
  8
0
100
AcDbLine
 10
-40.711619999999996
 20
3.1844400000000004
 30
0.0
 11
-42.460499999999996
 21
3.17935
 31
0.0
  0
LINE
  5
CBA
330
17
100
AcDbEntity
  8
0
100
AcDbLine
 10
-42.460499999999996
 20
3.17935
 30
0.0
 11
-43.26502
 21
3.15585
 31
0.0
  0
LINE
  5
CBB
330
17
100
AcDbEntity
  8
0
100
AcDbLine
 10
-43.26502
 20
3.15585
 30
0.0
 11
-43.72518
 21
3.11544
 31
0.0
  0
LINE
  5
CBC
330
17
100
AcDbEntity
  8
0
100
AcDbLine
 10
-43.72518
 20
3.11544
 30
0.0
 11
-43.73482
 21
3.11375
 31
0.0
  0
LINE
  5
CBD
330
17
100
AcDbEntity
  8
0
100
AcDbLine
 10
-43.73482
 20
3.11375
 30
0.0
 11
-43.74424
 21
3.11106
 31
0.0
  0
LINE
  5
CBE
330
17
100
AcDbEntity
  8
0
100
AcDbLine
 10
-43.74424
 20
3.11106
 30
0.0
 11
-43.753319999999995
 21
3.10742
 31
0.0
  0
LINE
  5
CBF
330
17
100
AcDbEntity
  8
0
100
AcDbLine
 10
-43.753319999999995
 20
3.10742
 30
0.0
 11
-43.76199
 21
3.1028599999999997
 31
0.0
  0
LINE
  5
CC0
330
17
100
AcDbEntity
  8
0
100
AcDbLine
 10
-43.76199
 20
3.1028599999999997
 30
0.0
 11
-43.77014
 21
3.09743
 31
0.0
  0
LINE
  5
CC1
330
17
100
AcDbEntity
  8
0
100
AcDbLine
 10
-43.77014
 20
3.09743
 30
0.0
 11
-43.77768
 21
3.0911799999999996
 31
0.0
  0
LINE
  5
CC2
330
17
100
AcDbEntity
  8
0
100
AcDbLine
 10
-43.77768
 20
3.0911799999999996
 30
0.0
 11
-43.784530000000004
 21
3.08419
 31
0.0
  0
LINE
  5
CC3
330
17
100
AcDbEntity
  8
0
100
AcDbLine
 10
-43.784530000000004
 20
3.08419
 30
0.0
 11
-43.79063
 21
3.07653
 31
0.0
  0
LINE
  5
CC4
330
17
100
AcDbEntity
  8
0
100
AcDbLine
 10
-43.79063
 20
3.07653
 30
0.0
 11
-43.79591
 21
3.06828
 31
0.0
  0
LINE
  5
CC5
330
17
100
AcDbEntity
  8
0
100
AcDbLine
 10
-43.79591
 20
3.06828
 30
0.0
 11
-43.8003
 21
3.05953
 31
0.0
  0
LINE
  5
CC6
330
17
100
AcDbEntity
  8
0
100
AcDbLine
 10
-43.8003
 20
3.05953
 30
0.0
 11
-43.80377
 21
3.05038
 31
0.0
  0
LINE
  5
CC7
330
17
100
AcDbEntity
  8
0
100
AcDbLine
 10
-43.80377
 20
3.05038
 30
0.0
 11
-43.80627
 21
3.04091
 31
0.0
  0
LINE
  5
CC8
330
17
100
AcDbEntity
  8
0
100
AcDbLine
 10
-43.80627
 20
3.04091
 30
0.0
 11
-43.80779
 21
3.03124
 31
0.0
  0
LINE
  5
CC9
330
17
100
AcDbEntity
  8
0
100
AcDbLine
 10
-43.80779
 20
3.03124
 30
0.0
 11
-43.80829
 21
3.0214600000000003
 31
0.0
  0
LINE
  5
CCA
330
17
100
AcDbEntity
  8
0
100
AcDbLine
 10
-43.80829
 20
3.0214600000000003
 30
0.0
 11
-43.808769999999996
 21
3.0121700000000002
 31
0.0
  0
LINE
  5
CCB
330
17
100
AcDbEntity
  8
0
100
AcDbLine
 10
-43.808769999999996
 20
3.0121700000000002
 30
0.0
 11
-43.80916
 21
3.00964
 31
0.0
  0
LINE
  5
CCC
330
17
100
AcDbEntity
  8
0
100
AcDbLine
 10
-43.80916
 20
3.00964
 30
0.0
 11
-43.810179999999995
 21
3.00298
 31
0.0
  0
LINE
  5
CCD
330
17
100
AcDbEntity
  8
0
100
AcDbLine
 10
-43.810179999999995
 20
3.00298
 30
0.0
 11
-43.81253
 21
2.9939799999999996
 31
0.0
  0
LINE
  5
CCE
330
17
100
AcDbEntity
  8
0
100
AcDbLine
 10
-43.81253
 20
2.9939799999999996
 30
0.0
 11
-43.81576999999999
 21
2.98527
 31
0.0
  0
LINE
  5
CCF
330
17
100
AcDbEntity
  8
0
100
AcDbLine
 10
-43.81576999999999
 20
2.98527
 30
0.0
 11
-43.81989
 21
2.97693
 31
0.0
  0
LINE
  5
CD0
330
17
100
AcDbEntity
  8
0
100
AcDbLine
 10
-43.81989
 20
2.97693
 30
0.0
 11
-43.82483
 21
2.96906
 31
0.0
  0
LINE
  5
CD1
330
17
100
AcDbEntity
  8
0
100
AcDbLine
 10
-43.82483
 20
2.96906
 30
0.0
 11
-43.83055
 21
2.96172
 31
0.0
  0
LINE
  5
CD2
330
17
100
AcDbEntity
  8
0
100
AcDbLine
 10
-43.83055
 20
2.96172
 30
0.0
 11
-43.83698
 21
2.95501
 31
0.0
  0
LINE
  5
CD3
330
17
100
AcDbEntity
  8
0
100
AcDbLine
 10
-43.83698
 20
2.95501
 30
0.0
 11
-43.84406
 21
2.94899
 31
0.0
  0
LINE
  5
CD4
330
17
100
AcDbEntity
  8
0
100
AcDbLine
 10
-43.84406
 20
2.94899
 30
0.0
 11
-43.85172
 21
2.94371
 31
0.0
  0
LINE
  5
CD5
330
17
100
AcDbEntity
  8
0
100
AcDbLine
 10
-43.85172
 20
2.94371
 30
0.0
 11
-43.85988
 21
2.93925
 31
0.0
  0
LINE
  5
CD6
330
17
100
AcDbEntity
  8
0
100
AcDbLine
 10
-43.85988
 20
2.93925
 30
0.0
 11
-43.86845
 21
2.9356299999999997
 31
0.0
  0
LINE
  5
CD7
330
17
100
AcDbEntity
  8
0
100
AcDbLine
 10
-43.86845
 20
2.9356299999999997
 30
0.0
 11
-43.877340000000004
 21
2.93291
 31
0.0
  0
LINE
  5
CD8
330
17
100
AcDbEntity
  8
0
100
AcDbLine
 10
-43.877340000000004
 20
2.93291
 30
0.0
 11
-43.90003
 21
2.92815
 31
0.0
  0
LINE
  5
CD9
330
17
100
AcDbEntity
  8
0
100
AcDbLine
 10
-43.90003
 20
2.92815
 30
0.0
 11
-44.00944
 21
2.9052100000000003
 31
0.0
  0
LINE
  5
CDA
330
17
100
AcDbEntity
  8
0
100
AcDbLine
 10
-44.00944
 20
2.9052100000000003
 30
0.0
 11
-44.14331
 21
2.88804
 31
0.0
  0
LINE
  5
CDB
330
17
100
AcDbEntity
  8
0
100
AcDbLine
 10
-44.14331
 20
2.88804
 30
0.0
 11
-44.18859
 21
2.8858
 31
0.0
  0
LINE
  5
CDC
330
17
100
AcDbEntity
  8
0
100
AcDbLine
 10
-44.18859
 20
2.8858
 30
0.0
 11
-44.63264
 21
2.86389
 31
0.0
  0
LINE
  5
CDD
330
17
100
AcDbEntity
  8
0
100
AcDbLine
 10
-44.63264
 20
2.86389
 30
0.0
 11
-45.655429999999996
 21
2.85848
 31
0.0
  0
LINE
  5
CDE
330
17
100
AcDbEntity
  8
0
100
AcDbLine
 10
-45.655429999999996
 20
2.85848
 30
0.0
 11
-46.82936
 21
2.85403
 31
0.0
  0
LINE
  5
CDF
330
17
100
AcDbEntity
  8
0
100
AcDbLine
 10
-46.82936
 20
2.85403
 30
0.0
 11
-47.037299999999995
 21
2.8467599999999997
 31
0.0
  0
LINE
  5
CE0
330
17
100
AcDbEntity
  8
0
100
AcDbLine
 10
-47.037299999999995
 20
2.8467599999999997
 30
0.0
 11
-47.24452
 21
2.8281199999999997
 31
0.0
  0
LINE
  5
CE1
330
17
100
AcDbEntity
  8
0
100
AcDbLine
 10
-47.24452
 20
2.8281199999999997
 30
0.0
 11
-47.293969999999995
 21
2.81963
 31
0.0
  0
LINE
  5
CE2
330
17
100
AcDbEntity
  8
0
100
AcDbLine
 10
-47.293969999999995
 20
2.81963
 30
0.0
 11
-47.342240000000004
 21
2.8059700000000003
 31
0.0
  0
LINE
  5
CE3
330
17
100
AcDbEntity
  8
0
100
AcDbLine
 10
-47.342240000000004
 20
2.8059700000000003
 30
0.0
 11
-47.3888
 21
2.78728
 31
0.0
  0
LINE
  5
CE4
330
17
100
AcDbEntity
  8
0
100
AcDbLine
 10
-47.3888
 20
2.78728
 30
0.0
 11
-47.43313
 21
2.7637899999999997
 31
0.0
  0
LINE
  5
CE5
330
17
100
AcDbEntity
  8
0
100
AcDbLine
 10
-47.43313
 20
2.7637899999999997
 30
0.0
 11
-47.44598
 21
2.7551099999999997
 31
0.0
  0
LINE
  5
CE6
330
17
100
AcDbEntity
  8
0
100
AcDbLine
 10
-47.44598
 20
2.7551099999999997
 30
0.0
 11
-47.4578
 21
2.74508
 31
0.0
  0
LINE
  5
CE7
330
17
100
AcDbEntity
  8
0
100
AcDbLine
 10
-47.4578
 20
2.74508
 30
0.0
 11
-47.46848
 21
2.73384
 31
0.0
  0
LINE
  5
CE8
330
17
100
AcDbEntity
  8
0
100
AcDbLine
 10
-47.46848
 20
2.73384
 30
0.0
 11
-47.477869999999996
 21
2.7215
 31
0.0
  0
LINE
  5
CE9
330
17
100
AcDbEntity
  8
0
100
AcDbLine
 10
-47.477869999999996
 20
2.7215
 30
0.0
 11
-47.48587
 21
2.70823
 31
0.0
  0
LINE
  5
CEA
330
17
100
AcDbEntity
  8
0
100
AcDbLine
 10
-47.48587
 20
2.70823
 30
0.0
 11
-47.49239
 21
2.69416
 31
0.0
  0
LINE
  5
CEB
330
17
100
AcDbEntity
  8
0
100
AcDbLine
 10
-47.49239
 20
2.69416
 30
0.0
 11
-47.49735
 21
2.6794700000000002
 31
0.0
  0
LINE
  5
CEC
330
17
100
AcDbEntity
  8
0
100
AcDbLine
 10
-47.49735
 20
2.6794700000000002
 30
0.0
 11
-47.50069
 21
2.66433
 31
0.0
  0
LINE
  5
CED
330
17
100
AcDbEntity
  8
0
100
AcDbLine
 10
-47.50069
 20
2.66433
 30
0.0
 11
-47.50236
 21
2.64892
 31
0.0
  0
LINE
  5
CEE
330
17
100
AcDbEntity
  8
0
100
AcDbLine
 10
-47.50236
 20
2.64892
 30
0.0
 11
-47.50236
 21
2.63341
 31
0.0
  0
LINE
  5
CEF
330
17
100
AcDbEntity
  8
0
100
AcDbLine
 10
-47.50236
 20
2.63341
 30
0.0
 11
-47.50069
 21
2.618
 31
0.0
  0
LINE
  5
CF0
330
17
100
AcDbEntity
  8
0
100
AcDbLine
 10
-47.50069
 20
2.618
 30
0.0
 11
-47.49735
 21
2.6028599999999997
 31
0.0
  0
LINE
  5
CF1
330
17
100
AcDbEntity
  8
0
100
AcDbLine
 10
-47.49735
 20
2.6028599999999997
 30
0.0
 11
-47.49239
 21
2.58817
 31
0.0
  0
LINE
  5
CF2
330
17
100
AcDbEntity
  8
0
100
AcDbLine
 10
-47.49239
 20
2.58817
 30
0.0
 11
-47.48587
 21
2.57411
 31
0.0
  0
LINE
  5
CF3
330
17
100
AcDbEntity
  8
0
100
AcDbLine
 10
-47.48587
 20
2.57411
 30
0.0
 11
-47.477869999999996
 21
2.56083
 31
0.0
  0
LINE
  5
CF4
330
17
100
AcDbEntity
  8
0
100
AcDbLine
 10
-47.477869999999996
 20
2.56083
 30
0.0
 11
-47.46848
 21
2.54849
 31
0.0
  0
LINE
  5
CF5
330
17
100
AcDbEntity
  8
0
100
AcDbLine
 10
-47.46848
 20
2.54849
 30
0.0
 11
-47.4578
 21
2.5372500000000002
 31
0.0
  0
LINE
  5
CF6
330
17
100
AcDbEntity
  8
0
100
AcDbLine
 10
-47.4578
 20
2.5372500000000002
 30
0.0
 11
-47.44598
 21
2.5272300000000003
 31
0.0
  0
LINE
  5
CF7
330
17
100
AcDbEntity
  8
0
100
AcDbLine
 10
-47.44598
 20
2.5272300000000003
 30
0.0
 11
-47.43313
 21
2.5185400000000002
 31
0.0
  0
LINE
  5
CF8
330
17
100
AcDbEntity
  8
0
100
AcDbLine
 10
-47.43313
 20
2.5185400000000002
 30
0.0
 11
-47.3888
 21
2.49505
 31
0.0
  0
LINE
  5
CF9
330
17
100
AcDbEntity
  8
0
100
AcDbLine
 10
-47.3888
 20
2.49505
 30
0.0
 11
-47.342240000000004
 21
2.4763699999999997
 31
0.0
  0
LINE
  5
CFA
330
17
100
AcDbEntity
  8
0
100
AcDbLine
 10
-47.342240000000004
 20
2.4763699999999997
 30
0.0
 11
-47.293969999999995
 21
2.4627
 31
0.0
  0
LINE
  5
CFB
330
17
100
AcDbEntity
  8
0
100
AcDbLine
 10
-47.293969999999995
 20
2.4627
 30
0.0
 11
-47.24452
 21
2.4542100000000002
 31
0.0
  0
LINE
  5
CFC
330
17
100
AcDbEntity
  8
0
100
AcDbLine
 10
-47.24452
 20
2.4542100000000002
 30
0.0
 11
-47.037299999999995
 21
2.4355700000000002
 31
0.0
  0
LINE
  5
CFD
330
17
100
AcDbEntity
  8
0
100
AcDbLine
 10
-47.037299999999995
 20
2.4355700000000002
 30
0.0
 11
-46.82936
 21
2.4283
 31
0.0
  0
LINE
  5
CFE
330
17
100
AcDbEntity
  8
0
100
AcDbLine
 10
-46.82936
 20
2.4283
 30
0.0
 11
-45.655429999999996
 21
2.42386
 31
0.0
  0
LINE
  5
CFF
330
17
100
AcDbEntity
  8
0
100
AcDbLine
 10
-45.655429999999996
 20
2.42386
 30
0.0
 11
-44.18859
 21
2.42386
 31
0.0
  0
LINE
  5
D00
330
17
100
AcDbEntity
  8
0
100
AcDbLine
 10
-44.18859
 20
2.42386
 30
0.0
 11
-43.80829
 21
2.42386
 31
0.0
  0
LINE
  5
D01
330
17
100
AcDbEntity
  8
0
100
AcDbLine
 10
-43.80829
 20
2.42386
 30
0.0
 11
-43.80829
 21
0.9026800000000001
 31
0.0
  0
LINE
  5
D02
330
17
100
AcDbEntity
  8
0
100
AcDbLine
 10
-43.80829
 20
0.90268
 30
0.0
 11
-42.8304
 21
0.90268
 31
0.0
  0
LINE
  5
D03
330
17
100
AcDbEntity
  8
0
100
AcDbLine
 10
-42.8304
 20
0.90268
 30
0.0
 11
-42.8304
 21
-0.07521
 31
0.0
  0
LINE
  5
D04
330
17
100
AcDbEntity
  8
0
100
AcDbLine
 10
-42.8304
 20
-0.07521000000000001
 30
0.0
 11
-42.82506
 21
-0.66924
 31
0.0
  0
LINE
  5
D05
330
17
100
AcDbEntity
  8
0
100
AcDbLine
 10
-42.82506
 20
-0.66924
 30
0.0
 11
-42.81702
 21
-0.78717
 31
0.0
  0
LINE
  5
D06
330
17
100
AcDbEntity
  8
0
100
AcDbLine
 10
-42.81702
 20
-0.78717
 30
0.0
 11
-42.79719
 21
-0.9037000000000001
 31
0.0
  0
LINE
  5
D07
330
17
100
AcDbEntity
  8
0
100
AcDbLine
 10
-42.79719
 20
-0.9037000000000001
 30
0.0
 11
-42.79236
 21
-0.92142
 31
0.0
  0
LINE
  5
D08
330
17
100
AcDbEntity
  8
0
100
AcDbLine
 10
-42.79236
 20
-0.92142
 30
0.0
 11
-42.78586
 21
-0.9386000000000001
 31
0.0
  0
LINE
  5
D09
330
17
100
AcDbEntity
  8
0
100
AcDbLine
 10
-42.78586
 20
-0.9386000000000001
 30
0.0
 11
-42.777750000000005
 21
-0.9550799999999999
 31
0.0
  0
LINE
  5
D0A
330
17
100
AcDbEntity
  8
0
100
AcDbLine
 10
-42.777750000000005
 20
-0.9550799999999999
 30
0.0
 11
-42.76811
 21
-0.97071
 31
0.0
  0
LINE
  5
D0B
330
17
100
AcDbEntity
  8
0
100
AcDbLine
 10
-42.76811
 20
-0.97071
 30
0.0
 11
-42.75703
 21
-0.9853500000000001
 31
0.0
  0
LINE
  5
D0C
330
17
100
AcDbEntity
  8
0
100
AcDbLine
 10
-42.75703
 20
-0.9853500000000001
 30
0.0
 11
-42.7446
 21
-0.99887
 31
0.0
  0
LINE
  5
D0D
330
17
100
AcDbEntity
  8
0
100
AcDbLine
 10
-42.7446
 20
-0.99887
 30
0.0
 11
-42.73093
 21
-1.01114
 31
0.0
  0
LINE
  5
D0E
330
17
100
AcDbEntity
  8
0
100
AcDbLine
 10
-42.73093
 20
-1.01114
 30
0.0
 11
-42.71627
 21
-1.02195
 31
0.0
  0
LINE
  5
D0F
330
17
100
AcDbEntity
  8
0
100
AcDbLine
 10
-42.71627
 20
-1.02195
 30
0.0
 11
-42.70062
 21
-1.0312800000000002
 31
0.0
  0
LINE
  5
D10
330
17
100
AcDbEntity
  8
0
100
AcDbLine
 10
-42.70062
 20
-1.0312800000000002
 30
0.0
 11
-42.68414
 21
-1.0390300000000001
 31
0.0
  0
LINE
  5
D11
330
17
100
AcDbEntity
  8
0
100
AcDbLine
 10
-42.68414
 20
-1.0390300000000001
 30
0.0
 11
-42.66698
 21
-1.0451499999999998
 31
0.0
  0
LINE
  5
D12
330
17
100
AcDbEntity
  8
0
100
AcDbLine
 10
-42.66698
 20
-1.0451499999999998
 30
0.0
 11
-42.649300000000004
 21
-1.04955
 31
0.0
  0
LINE
  5
D13
330
17
100
AcDbEntity
  8
0
100
AcDbLine
 10
-42.649300000000004
 20
-1.04955
 30
0.0
 11
-42.631280000000004
 21
-1.05221
 31
0.0
  0
LINE
  5
D14
330
17
100
AcDbEntity
  8
0
100
AcDbLine
 10
-42.631280000000004
 20
-1.05221
 30
0.0
 11
-42.61309
 21
-1.0531
 31
0.0
  0
LINE
  5
D15
330
17
100
AcDbEntity
  8
0
100
AcDbLine
 10
-42.61309
 20
-1.0531
 30
0.0
 11
-42.59489000000001
 21
-1.05221
 31
0.0
  0
LINE
  5
D16
330
17
100
AcDbEntity
  8
0
100
AcDbLine
 10
-42.59489000000001
 20
-1.05221
 30
0.0
 11
-42.57687
 21
-1.04955
 31
0.0
  0
LINE
  5
D17
330
17
100
AcDbEntity
  8
0
100
AcDbLine
 10
-42.57687
 20
-1.04955
 30
0.0
 11
-42.559189999999994
 21
-1.04514
 31
0.0
  0
LINE
  5
D18
330
17
100
AcDbEntity
  8
0
100
AcDbLine
 10
-42.559189999999994
 20
-1.04514
 30
0.0
 11
-42.542030000000004
 21
-1.0390300000000001
 31
0.0
  0
LINE
  5
D19
330
17
100
AcDbEntity
  8
0
100
AcDbLine
 10
-42.542030000000004
 20
-1.0390300000000001
 30
0.0
 11
-42.52554
 21
-1.03127
 31
0.0
  0
LINE
  5
D1A
330
17
100
AcDbEntity
  8
0
100
AcDbLine
 10
-42.52554
 20
-1.03127
 30
0.0
 11
-42.5099
 21
-1.02193
 31
0.0
  0
LINE
  5
D1B
330
17
100
AcDbEntity
  8
0
100
AcDbLine
 10
-42.5099
 20
-1.02193
 30
0.0
 11
-42.49523
 21
-1.0111199999999998
 31
0.0
  0
LINE
  5
D1C
330
17
100
AcDbEntity
  8
0
100
AcDbLine
 10
-42.49523
 20
-1.0111199999999998
 30
0.0
 11
-42.481570000000005
 21
-0.99884
 31
0.0
  0
LINE
  5
D1D
330
17
100
AcDbEntity
  8
0
100
AcDbLine
 10
-42.481570000000005
 20
-0.99884
 30
0.0
 11
-42.46914
 21
-0.9853100000000001
 31
0.0
  0
LINE
  5
D1E
330
17
100
AcDbEntity
  8
0
100
AcDbLine
 10
-42.46914
 20
-0.9853100000000001
 30
0.0
 11
-42.45805
 21
-0.9706600000000001
 31
0.0
  0
LINE
  5
D1F
330
17
100
AcDbEntity
  8
0
100
AcDbLine
 10
-42.45805
 20
-0.9706600000000001
 30
0.0
 11
-42.448409999999996
 21
-0.95502
 31
0.0
  0
LINE
  5
D20
330
17
100
AcDbEntity
  8
0
100
AcDbLine
 10
-42.448409999999996
 20
-0.95502
 30
0.0
 11
-42.4403
 21
-0.93853
 31
0.0
  0
LINE
  5
D21
330
17
100
AcDbEntity
  8
0
100
AcDbLine
 10
-42.4403
 20
-0.93853
 30
0.0
 11
-42.4338
 21
-0.92135
 31
0.0
  0
LINE
  5
D22
330
17
100
AcDbEntity
  8
0
100
AcDbLine
 10
-42.4338
 20
-0.92135
 30
0.0
 11
-42.42897000000001
 21
-0.9036200000000001
 31
0.0
  0
LINE
  5
D23
330
17
100
AcDbEntity
  8
0
100
AcDbLine
 10
-42.42897000000001
 20
-0.9036200000000001
 30
0.0
 11
-42.40915
 21
-0.78703
 31
0.0
  0
LINE
  5
D24
330
17
100
AcDbEntity
  8
0
100
AcDbLine
 10
-42.40915
 20
-0.78703
 30
0.0
 11
-42.401109999999996
 21
-0.66903
 31
0.0
  0
LINE
  5
D25
330
17
100
AcDbEntity
  8
0
100
AcDbLine
 10
-42.401109999999996
 20
-0.66903
 30
0.0
 11
-42.39578
 21
-0.07457000000000003
 31
0.0
  0
LINE
  5
D26
330
17
100
AcDbEntity
  8
0
100
AcDbLine
 10
-42.39578
 20
-0.07457
 30
0.0
 11
-42.39578
 21
0.90396
 31
0.0
  0
LINE
  5
D27
330
17
100
AcDbEntity
  8
0
100
AcDbLine
 10
-42.39578
 20
0.90396
 30
0.0
 11
-39.136120000000005
 21
0.89368
 31
0.0
  0
LINE
  5
D28
330
17
100
AcDbEntity
  8
0
100
AcDbLine
 10
-39.136120000000005
 20
0.89368
 30
0.0
 11
-27.2112
 21
0.85609
 31
0.0
  0
LINE
  5
D29
330
17
100
AcDbEntity
  8
0
100
AcDbLine
 10
-27.2112
 20
0.85609
 30
0.0
 11
-24.755409999999998
 21
0.84835
 31
0.0
  0
LINE
  5
D2A
330
17
100
AcDbEntity
  8
0
100
AcDbLine
 10
-24.755409999999998
 20
0.84835
 30
0.0
 11
-24.782
 21
0.11492999999999998
 31
0.0
  0
LINE
  5
D2B
330
17
100
AcDbEntity
  8
0
100
AcDbLine
 10
-24.782
 20
0.11493
 30
0.0
 11
-24.79249
 21
-0.32905000000000006
 31
0.0
  0
LINE
  5
D2C
330
17
100
AcDbEntity
  8
0
100
AcDbLine
 10
-24.79249
 20
-0.32905
 30
0.0
 11
-24.79042
 21
-0.38861
 31
0.0
  0
LINE
  5
D2D
330
17
100
AcDbEntity
  8
0
100
AcDbLine
 10
-24.79042
 20
-0.38861
 30
0.0
 11
-24.7829
 21
-0.44773
 31
0.0
  0
LINE
  5
D2E
330
17
100
AcDbEntity
  8
0
100
AcDbLine
 10
-24.7829
 20
-0.44773
 30
0.0
 11
-24.77001
 21
-0.5059100000000001
 31
0.0
  0
LINE
  5
D2F
330
17
100
AcDbEntity
  8
0
100
AcDbLine
 10
-24.77001
 20
-0.5059100000000001
 30
0.0
 11
-24.76586
 21
-0.5186499999999999
 31
0.0
  0
LINE
  5
D30
330
17
100
AcDbEntity
  8
0
100
AcDbLine
 10
-24.76586
 20
-0.5186499999999999
 30
0.0
 11
-24.76045
 21
-0.5308999999999999
 31
0.0
  0
LINE
  5
D31
330
17
100
AcDbEntity
  8
0
100
AcDbLine
 10
-24.76045
 20
-0.5308999999999999
 30
0.0
 11
-24.75383
 21
-0.54254
 31
0.0
  0
LINE
  5
D32
330
17
100
AcDbEntity
  8
0
100
AcDbLine
 10
-24.75383
 20
-0.54254
 30
0.0
 11
-24.74606
 21
-0.55345
 31
0.0
  0
LINE
  5
D33
330
17
100
AcDbEntity
  8
0
100
AcDbLine
 10
-24.74606
 20
-0.55345
 30
0.0
 11
-24.73723
 21
-0.56352
 31
0.0
  0
LINE
  5
D34
330
17
100
AcDbEntity
  8
0
100
AcDbLine
 10
-24.73723
 20
-0.56352
 30
0.0
 11
-24.72742
 21
-0.57265
 31
0.0
  0
LINE
  5
D35
330
17
100
AcDbEntity
  8
0
100
AcDbLine
 10
-24.72742
 20
-0.57265
 30
0.0
 11
-24.716749999999998
 21
-0.58074
 31
0.0
  0
LINE
  5
D36
330
17
100
AcDbEntity
  8
0
100
AcDbLine
 10
-24.716749999999998
 20
-0.58074
 30
0.0
 11
-24.70531
 21
-0.5877
 31
0.0
  0
LINE
  5
D37
330
17
100
AcDbEntity
  8
0
100
AcDbLine
 10
-24.70531
 20
-0.5877
 30
0.0
 11
-24.682470000000002
 21
-0.59864
 31
0.0
  0
LINE
  5
D38
330
17
100
AcDbEntity
  8
0
100
AcDbLine
 10
-24.682470000000002
 20
-0.59864
 30
0.0
 11
-24.658659999999998
 21
-0.6072500000000001
 31
0.0
  0
LINE
  5
D39
330
17
100
AcDbEntity
  8
0
100
AcDbLine
 10
-24.658659999999998
 20
-0.6072500000000001
 30
0.0
 11
-24.63412
 21
-0.61347
 31
0.0
  0
LINE
  5
D3A
330
17
100
AcDbEntity
  8
0
100
AcDbLine
 10
-24.63412
 20
-0.61347
 30
0.0
 11
-24.60908
 21
-0.61723
 31
0.0
  0
LINE
  5
D3B
330
17
100
AcDbEntity
  8
0
100
AcDbLine
 10
-24.60908
 20
-0.61723
 30
0.0
 11
-24.5838
 21
-0.61848
 31
0.0
  0
LINE
  5
D3C
330
17
100
AcDbEntity
  8
0
100
AcDbLine
 10
-24.5838
 20
-0.61848
 30
0.0
 11
-24.55835
 21
-0.61715
 31
0.0
  0
LINE
  5
D3D
330
17
100
AcDbEntity
  8
0
100
AcDbLine
 10
-24.55835
 20
-0.61715
 30
0.0
 11
-24.53319
 21
-0.61315
 31
0.0
  0
LINE
  5
D3E
330
17
100
AcDbEntity
  8
0
100
AcDbLine
 10
-24.53319
 20
-0.61315
 30
0.0
 11
-24.50859
 21
-0.60653
 31
0.0
  0
LINE
  5
D3F
330
17
100
AcDbEntity
  8
0
100
AcDbLine
 10
-24.50859
 20
-0.60653
 30
0.0
 11
-24.48481
 21
-0.59738
 31
0.0
  0
LINE
  5
D40
330
17
100
AcDbEntity
  8
0
100
AcDbLine
 10
-24.48481
 20
-0.59738
 30
0.0
 11
-24.46213
 21
-0.5857800000000001
 31
0.0
  0
LINE
  5
D41
330
17
100
AcDbEntity
  8
0
100
AcDbLine
 10
-24.46213
 20
-0.5857800000000001
 30
0.0
 11
-24.44868
 21
-0.57698
 31
0.0
  0
LINE
  5
D42
330
17
100
AcDbEntity
  8
0
100
AcDbLine
 10
-24.44868
 20
-0.57698
 30
0.0
 11
-24.43626
 21
-0.5667800000000001
 31
0.0
  0
LINE
  5
D43
330
17
100
AcDbEntity
  8
0
100
AcDbLine
 10
-24.43626
 20
-0.5667800000000001
 30
0.0
 11
-24.42501
 21
-0.5553
 31
0.0
  0
LINE
  5
D44
330
17
100
AcDbEntity
  8
0
100
AcDbLine
 10
-24.42501
 20
-0.5553
 30
0.0
 11
-24.41507
 21
-0.54266
 31
0.0
  0
LINE
  5
D45
330
17
100
AcDbEntity
  8
0
100
AcDbLine
 10
-24.41507
 20
-0.54266
 30
0.0
 11
-24.406560000000002
 21
-0.52903
 31
0.0
  0
LINE
  5
D46
330
17
100
AcDbEntity
  8
0
100
AcDbLine
 10
-24.406560000000002
 20
-0.52903
 30
0.0
 11
-24.39957
 21
-0.5145599999999999
 31
0.0
  0
LINE
  5
D47
330
17
100
AcDbEntity
  8
0
100
AcDbLine
 10
-24.39957
 20
-0.5145599999999999
 30
0.0
 11
-24.39419
 21
-0.49941
 31
0.0
  0
LINE
  5
D48
330
17
100
AcDbEntity
  8
0
100
AcDbLine
 10
-24.39419
 20
-0.49941
 30
0.0
 11
-24.379
 21
-0.43834
 31
0.0
  0
LINE
  5
D49
330
17
100
AcDbEntity
  8
0
100
AcDbLine
 10
-24.379
 20
-0.43834
 30
0.0
 11
-24.36919
 21
-0.37618
 31
0.0
  0
LINE
  5
D4A
330
17
100
AcDbEntity
  8
0
100
AcDbLine
 10
-24.36919
 20
-0.37618
 30
0.0
 11
-24.364839999999997
 21
-0.31339999999999996
 31
0.0
  0
LINE
  5
D4B
330
17
100
AcDbEntity
  8
0
100
AcDbLine
 10
-24.364839999999997
 20
-0.31339999999999996
 30
0.0
 11
-24.358999999999998
 21
0.14209
 31
0.0
  0
LINE
  5
D4C
330
17
100
AcDbEntity
  8
0
100
AcDbLine
 10
-24.358999999999998
 20
0.14209
 30
0.0
 11
-24.358999999999998
 21
0.9026800000000001
 31
0.0
  0
LINE
  5
D4D
330
17
100
AcDbEntity
  8
0
100
AcDbLine
 10
-24.358999999999998
 20
0.90268
 30
0.0
 11
-23.76139
 21
0.90268
 31
0.0
  0
LINE
  5
D4E
330
17
100
AcDbEntity
  8
0
100
AcDbLine
 10
-23.76139
 20
0.90268
 30
0.0
 11
-23.420199999999998
 21
0.9093600000000001
 31
0.0
  0
LINE
  5
D4F
330
17
100
AcDbEntity
  8
0
100
AcDbLine
 10
-23.420199999999998
 20
0.9093600000000001
 30
0.0
 11
-23.367729999999998
 21
0.9141400000000001
 31
0.0
  0
LINE
  5
D50
330
17
100
AcDbEntity
  8
0
100
AcDbLine
 10
-23.367729999999998
 20
0.9141400000000001
 30
0.0
 11
-23.31603
 21
0.9243
 31
0.0
  0
LINE
  5
D51
330
17
100
AcDbEntity
  8
0
100
AcDbLine
 10
-23.31603
 20
0.9243
 30
0.0
 11
-23.265649999999997
 21
0.93972
 31
0.0
  0
LINE
  5
D52
330
17
100
AcDbEntity
  8
0
100
AcDbLine
 10
-23.265649999999997
 20
0.93972
 30
0.0
 11
-23.2523
 21
0.9454
 31
0.0
  0
LINE
  5
D53
330
17
100
AcDbEntity
  8
0
100
AcDbLine
 10
-23.2523
 20
0.9454
 30
0.0
 11
-23.239639999999998
 21
0.95248
 31
0.0
  0
LINE
  5
D54
330
17
100
AcDbEntity
  8
0
100
AcDbLine
 10
-23.239639999999998
 20
0.95248
 30
0.0
 11
-23.22781
 21
0.96087
 31
0.0
  0
LINE
  5
D55
330
17
100
AcDbEntity
  8
0
100
AcDbLine
 10
-23.22781
 20
0.96087
 30
0.0
 11
-23.216939999999997
 21
0.97048
 31
0.0
  0
LINE
  5
D56
330
17
100
AcDbEntity
  8
0
100
AcDbLine
 10
-23.216939999999997
 20
0.97048
 30
0.0
 11
-23.207160000000002
 21
0.9812
 31
0.0
  0
LINE
  5
D57
330
17
100
AcDbEntity
  8
0
100
AcDbLine
 10
-23.207160000000002
 20
0.9812
 30
0.0
 11
-23.19858
 21
0.9928999999999999
 31
0.0
  0
LINE
  5
D58
330
17
100
AcDbEntity
  8
0
100
AcDbLine
 10
-23.19858
 20
0.9928999999999999
 30
0.0
 11
-23.19131
 21
1.00545
 31
0.0
  0
LINE
  5
D59
330
17
100
AcDbEntity
  8
0
100
AcDbLine
 10
-23.19131
 20
1.00545
 30
0.0
 11
-23.18152
 21
1.02711
 31
0.0
  0
LINE
  5
D5A
330
17
100
AcDbEntity
  8
0
100
AcDbLine
 10
-23.18152
 20
1.02711
 30
0.0
 11
-23.17381
 21
1.0495999999999999
 31
0.0
  0
LINE
  5
D5B
330
17
100
AcDbEntity
  8
0
100
AcDbLine
 10
-23.17381
 20
1.0495999999999999
 30
0.0
 11
-23.16826
 21
1.0727099999999998
 31
0.0
  0
LINE
  5
D5C
330
17
100
AcDbEntity
  8
0
100
AcDbLine
 10
-23.16826
 20
1.0727099999999998
 30
0.0
 11
-23.16491
 21
1.09625
 31
0.0
  0
LINE
  5
D5D
330
17
100
AcDbEntity
  8
0
100
AcDbLine
 10
-23.16491
 20
1.09625
 30
0.0
 11
-23.16379
 21
1.11999
 31
0.0
  0
LINE
  5
D5E
330
17
100
AcDbEntity
  8
0
100
AcDbLine
 10
-23.16379
 20
1.11999
 30
0.0
 11
-23.16299
 21
1.13496
 31
0.0
  0
LINE
  5
D5F
330
17
100
AcDbEntity
  8
0
100
AcDbLine
 10
-23.16299
 20
1.13496
 30
0.0
 11
-23.160610000000002
 21
1.14977
 31
0.0
  0
LINE
  5
D60
330
17
100
AcDbEntity
  8
0
100
AcDbLine
 10
-23.160610000000002
 20
1.14977
 30
0.0
 11
-23.156670000000002
 21
1.16423
 31
0.0
  0
LINE
  5
D61
330
17
100
AcDbEntity
  8
0
100
AcDbLine
 10
-23.156670000000002
 20
1.16423
 30
0.0
 11
-23.15122
 21
1.1782
 31
0.0
  0
LINE
  5
D62
330
17
100
AcDbEntity
  8
0
100
AcDbLine
 10
-23.15122
 20
1.1782
 30
0.0
 11
-23.14431
 21
1.19151
 31
0.0
  0
LINE
  5
D63
330
17
100
AcDbEntity
  8
0
100
AcDbLine
 10
-23.14431
 20
1.19151
 30
0.0
 11
-23.136029999999998
 21
1.20401
 31
0.0
  0
LINE
  5
D64
330
17
100
AcDbEntity
  8
0
100
AcDbLine
 10
-23.136029999999998
 20
1.20401
 30
0.0
 11
-23.12647
 21
1.21556
 31
0.0
  0
LINE
  5
D65
330
17
100
AcDbEntity
  8
0
100
AcDbLine
 10
-23.12647
 20
1.21556
 30
0.0
 11
-23.11574
 21
1.22603
 31
0.0
  0
LINE
  5
D66
330
17
100
AcDbEntity
  8
0
100
AcDbLine
 10
-23.11574
 20
1.22603
 30
0.0
 11
-23.10395
 21
1.2352999999999998
 31
0.0
  0
LINE
  5
D67
330
17
100
AcDbEntity
  8
0
100
AcDbLine
 10
-23.10395
 20
1.2352999999999998
 30
0.0
 11
-23.091250000000002
 21
1.24326
 31
0.0
  0
LINE
  5
D68
330
17
100
AcDbEntity
  8
0
100
AcDbLine
 10
-23.091250000000002
 20
1.24326
 30
0.0
 11
-23.04379
 21
1.26663
 31
0.0
  0
LINE
  5
D69
330
17
100
AcDbEntity
  8
0
100
AcDbLine
 10
-23.04379
 20
1.26663
 30
0.0
 11
-22.99425
 21
1.28518
 31
0.0
  0
LINE
  5
D6A
330
17
100
AcDbEntity
  8
0
100
AcDbLine
 10
-22.99425
 20
1.28518
 30
0.0
 11
-22.94311
 21
1.2987199999999999
 31
0.0
  0
LINE
  5
D6B
330
17
100
AcDbEntity
  8
0
100
AcDbLine
 10
-22.94311
 20
1.2987199999999999
 30
0.0
 11
-22.89088
 21
1.30714
 31
0.0
  0
LINE
  5
D6C
330
17
100
AcDbEntity
  8
0
100
AcDbLine
 10
-22.89088
 20
1.30714
 30
0.0
 11
-22.45108
 21
1.33291
 31
0.0
  0
LINE
  5
D6D
330
17
100
AcDbEntity
  8
0
100
AcDbLine
 10
-22.45108
 20
1.33291
 30
0.0
 11
-21.19782
 21
1.3373
 31
0.0
  0
LINE
  5
D6E
330
17
100
AcDbEntity
  8
0
100
AcDbLine
 10
-21.19782
 20
1.3373
 30
0.0
 11
-19.96144
 21
1.3326099999999999
 31
0.0
  0
LINE
  5
D6F
330
17
100
AcDbEntity
  8
0
100
AcDbLine
 10
-19.96144
 20
1.3326099999999999
 30
0.0
 11
-19.50377
 21
1.30635
 31
0.0
  0
LINE
  5
D70
330
17
100
AcDbEntity
  8
0
100
AcDbLine
 10
-19.50377
 20
1.30635
 30
0.0
 11
-19.445710000000002
 21
1.2976999999999999
 31
0.0
  0
LINE
  5
D71
330
17
100
AcDbEntity
  8
0
100
AcDbLine
 10
-19.445710000000002
 20
1.2976999999999999
 30
0.0
 11
-19.38856
 21
1.2843200000000001
 31
0.0
  0
LINE
  5
D72
330
17
100
AcDbEntity
  8
0
100
AcDbLine
 10
-19.38856
 20
1.2843200000000001
 30
0.0
 11
-19.33269
 21
1.2663200000000001
 31
0.0
  0
LINE
  5
D73
330
17
100
AcDbEntity
  8
0
100
AcDbLine
 10
-19.33269
 20
1.2663200000000001
 30
0.0
 11
-19.278480000000002
 21
1.2438099999999999
 31
0.0
  0
LINE
  5
D74
330
17
100
AcDbEntity
  8
0
100
AcDbLine
 10
-19.278480000000002
 20
1.2438099999999999
 30
0.0
 11
-19.26209
 21
1.2352100000000001
 31
0.0
  0
LINE
  5
D75
330
17
100
AcDbEntity
  8
0
100
AcDbLine
 10
-19.26209
 20
1.2352100000000001
 30
0.0
 11
-19.24661
 21
1.22504
 31
0.0
  0
LINE
  5
D76
330
17
100
AcDbEntity
  8
0
100
AcDbLine
 10
-19.24661
 20
1.22504
 30
0.0
 11
-19.23221
 21
1.21341
 31
0.0
  0
LINE
  5
D77
330
17
100
AcDbEntity
  8
0
100
AcDbLine
 10
-19.23221
 20
1.21341
 30
0.0
 11
-19.21901
 21
1.2004299999999999
 31
0.0
  0
LINE
  5
D78
330
17
100
AcDbEntity
  8
0
100
AcDbLine
 10
-19.21901
 20
1.2004299999999999
 30
0.0
 11
-19.207140000000003
 21
1.18623
 31
0.0
  0
LINE
  5
D79
330
17
100
AcDbEntity
  8
0
100
AcDbLine
 10
-19.207140000000003
 20
1.18623
 30
0.0
 11
-19.19671
 21
1.17093
 31
0.0
  0
LINE
  5
D7A
330
17
100
AcDbEntity
  8
0
100
AcDbLine
 10
-19.19671
 20
1.17093
 30
0.0
 11
-19.187829999999998
 21
1.15468
 31
0.0
  0
LINE
  5
D7B
330
17
100
AcDbEntity
  8
0
100
AcDbLine
 10
-19.187829999999998
 20
1.15468
 30
0.0
 11
-19.18058
 21
1.13765
 31
0.0
  0
LINE
  5
D7C
330
17
100
AcDbEntity
  8
0
100
AcDbLine
 10
-19.18058
 20
1.13765
 30
0.0
 11
-19.17503
 21
1.11999
 31
0.0
  0
LINE
  5
D7D
330
17
100
AcDbEntity
  8
0
100
AcDbLine
 10
-19.17503
 20
1.11999
 30
0.0
 11
-19.1659
 21
1.09105
 31
0.0
  0
LINE
  5
D7E
330
17
100
AcDbEntity
  8
0
100
AcDbLine
 10
-19.1659
 20
1.09105
 30
0.0
 11
-19.15395
 21
1.0631499999999998
 31
0.0
  0
LINE
  5
D7F
330
17
100
AcDbEntity
  8
0
100
AcDbLine
 10
-19.15395
 20
1.0631499999999998
 30
0.0
 11
-19.139300000000002
 21
1.03658
 31
0.0
  0
LINE
  5
D80
330
17
100
AcDbEntity
  8
0
100
AcDbLine
 10
-19.139300000000002
 20
1.03658
 30
0.0
 11
-19.12209
 21
1.01159
 31
0.0
  0
LINE
  5
D81
330
17
100
AcDbEntity
  8
0
100
AcDbLine
 10
-19.12209
 20
1.01159
 30
0.0
 11
-19.1078
 21
0.9948299999999999
 31
0.0
  0
LINE
  5
D82
330
17
100
AcDbEntity
  8
0
100
AcDbLine
 10
-19.1078
 20
0.9948299999999999
 30
0.0
 11
-19.09182
 21
0.9796799999999999
 31
0.0
  0
LINE
  5
D83
330
17
100
AcDbEntity
  8
0
100
AcDbLine
 10
-19.09182
 20
0.9796799999999999
 30
0.0
 11
-19.07433
 21
0.96631
 31
0.0
  0
LINE
  5
D84
330
17
100
AcDbEntity
  8
0
100
AcDbLine
 10
-19.07433
 20
0.96631
 30
0.0
 11
-19.05551
 21
0.9548599999999999
 31
0.0
  0
LINE
  5
D85
330
17
100
AcDbEntity
  8
0
100
AcDbLine
 10
-19.05551
 20
0.9548599999999999
 30
0.0
 11
-19.035590000000003
 21
0.94548
 31
0.0
  0
LINE
  5
D86
330
17
100
AcDbEntity
  8
0
100
AcDbLine
 10
-19.035590000000003
 20
0.94548
 30
0.0
 11
-18.988850000000003
 21
0.92923
 31
0.0
  0
LINE
  5
D87
330
17
100
AcDbEntity
  8
0
100
AcDbLine
 10
-18.988850000000003
 20
0.92923
 30
0.0
 11
-18.94067
 21
0.9179499999999999
 31
0.0
  0
LINE
  5
D88
330
17
100
AcDbEntity
  8
0
100
AcDbLine
 10
-18.94067
 20
0.9179499999999999
 30
0.0
 11
-18.89158
 21
0.91177
 31
0.0
  0
LINE
  5
D89
330
17
100
AcDbEntity
  8
0
100
AcDbLine
 10
-18.89158
 20
0.91177
 30
0.0
 11
-18.64192
 21
0.90268
 31
0.0
  0
LINE
  5
D8A
330
17
100
AcDbEntity
  8
0
100
AcDbLine
 10
-18.64192
 20
0.90268
 30
0.0
 11
-18.16565
 21
0.90268
 31
0.0
  0
LINE
  5
D8B
330
17
100
AcDbEntity
  8
0
100
AcDbLine
 10
-18.16565
 20
0.90268
 30
0.0
 11
-18.16565
 21
-2.84592
 31
0.0
  0
LINE
  5
D8C
330
17
100
AcDbEntity
  8
0
100
AcDbLine
 10
-18.16565
 20
-2.84592
 30
0.0
 11
-18.16565
 21
-3.76949
 31
0.0
  0
LINE
  5
D8D
330
17
100
AcDbEntity
  8
0
100
AcDbLine
 10
-18.16565
 20
-3.76949
 30
0.0
 11
-18.16071
 21
-6.43421
 31
0.0
  0
LINE
  5
D8E
330
17
100
AcDbEntity
  8
0
100
AcDbLine
 10
-18.16071
 20
-6.43421
 30
0.0
 11
-18.137529999999998
 21
-7.6358
 31
0.0
  0
LINE
  5
D8F
330
17
100
AcDbEntity
  8
0
100
AcDbLine
 10
-18.137529999999998
 20
-7.6358
 30
0.0
 11
-18.10051
 21
-8.35032
 31
0.0
  0
LINE
  5
D90
330
17
100
AcDbEntity
  8
0
100
AcDbLine
 10
-18.10051
 20
-8.35032
 30
0.0
 11
-18.09922
 21
-8.36076
 31
0.0
  0
LINE
  5
D91
330
17
100
AcDbEntity
  8
0
100
AcDbLine
 10
-18.09922
 20
-8.36076
 30
0.0
 11
-18.09683
 21
-8.371
 31
0.0
  0
LINE
  5
D92
330
17
100
AcDbEntity
  8
0
100
AcDbLine
 10
-18.09683
 20
-8.371
 30
0.0
 11
-18.09335
 21
-8.38093
 31
0.0
  0
LINE
  5
D93
330
17
100
AcDbEntity
  8
0
100
AcDbLine
 10
-18.09335
 20
-8.38093
 30
0.0
 11
-18.08883
 21
-8.39042
 31
0.0
  0
LINE
  5
D94
330
17
100
AcDbEntity
  8
0
100
AcDbLine
 10
-18.08883
 20
-8.39042
 30
0.0
 11
-18.08332
 21
-8.399379999999999
 31
0.0
  0
LINE
  5
D95
330
17
100
AcDbEntity
  8
0
100
AcDbLine
 10
-18.08332
 20
-8.399379999999999
 30
0.0
 11
-18.07688
 21
-8.4077
 31
0.0
  0
LINE
  5
D96
330
17
100
AcDbEntity
  8
0
100
AcDbLine
 10
-18.07688
 20
-8.4077
 30
0.0
 11
-18.06959
 21
-8.415280000000001
 31
0.0
  0
LINE
  5
D97
330
17
100
AcDbEntity
  8
0
100
AcDbLine
 10
-18.06959
 20
-8.415280000000001
 30
0.0
 11
-18.061529999999998
 21
-8.422030000000001
 31
0.0
  0
LINE
  5
D98
330
17
100
AcDbEntity
  8
0
100
AcDbLine
 10
-18.061529999999998
 20
-8.422030000000001
 30
0.0
 11
-18.052789999999998
 21
-8.42789
 31
0.0
  0
LINE
  5
D99
330
17
100
AcDbEntity
  8
0
100
AcDbLine
 10
-18.052789999999998
 20
-8.42789
 30
0.0
 11
-18.04347
 21
-8.43277
 31
0.0
  0
LINE
  5
D9A
330
17
100
AcDbEntity
  8
0
100
AcDbLine
 10
-18.04347
 20
-8.43277
 30
0.0
 11
-18.03369
 21
-8.436630000000001
 31
0.0
  0
LINE
  5
D9B
330
17
100
AcDbEntity
  8
0
100
AcDbLine
 10
-18.03369
 20
-8.436630000000001
 30
0.0
 11
-18.02355
 21
-8.439409999999999
 31
0.0
  0
LINE
  5
D9C
330
17
100
AcDbEntity
  8
0
100
AcDbLine
 10
-18.02355
 20
-8.439409999999999
 30
0.0
 11
-18.01317
 21
-8.4411
 31
0.0
  0
LINE
  5
D9D
330
17
100
AcDbEntity
  8
0
100
AcDbLine
 10
-18.01317
 20
-8.4411
 30
0.0
 11
-18.00266
 21
-8.44166
 31
0.0
  0
LINE
  5
D9E
330
17
100
AcDbEntity
  8
0
100
AcDbLine
 10
-18.00266
 20
-8.44166
 30
0.0
 11
-17.99216
 21
-8.4411
 31
0.0
  0
LINE
  5
D9F
330
17
100
AcDbEntity
  8
0
100
AcDbLine
 10
-17.99216
 20
-8.4411
 30
0.0
 11
-17.98178
 21
-8.439409999999999
 31
0.0
  0
LINE
  5
DA0
330
17
100
AcDbEntity
  8
0
100
AcDbLine
 10
-17.98178
 20
-8.439409999999999
 30
0.0
 11
-17.97164
 21
-8.436630000000001
 31
0.0
  0
LINE
  5
DA1
330
17
100
AcDbEntity
  8
0
100
AcDbLine
 10
-17.97164
 20
-8.436630000000001
 30
0.0
 11
-17.961850000000002
 21
-8.43277
 31
0.0
  0
LINE
  5
DA2
330
17
100
AcDbEntity
  8
0
100
AcDbLine
 10
-17.961850000000002
 20
-8.43277
 30
0.0
 11
-17.952530000000003
 21
-8.42789
 31
0.0
  0
LINE
  5
DA3
330
17
100
AcDbEntity
  8
0
100
AcDbLine
 10
-17.952530000000003
 20
-8.42789
 30
0.0
 11
-17.9438
 21
-8.422030000000001
 31
0.0
  0
LINE
  5
DA4
330
17
100
AcDbEntity
  8
0
100
AcDbLine
 10
-17.9438
 20
-8.422030000000001
 30
0.0
 11
-17.93573
 21
-8.415280000000001
 31
0.0
  0
LINE
  5
DA5
330
17
100
AcDbEntity
  8
0
100
AcDbLine
 10
-17.93573
 20
-8.415280000000001
 30
0.0
 11
-17.928440000000002
 21
-8.4077
 31
0.0
  0
LINE
  5
DA6
330
17
100
AcDbEntity
  8
0
100
AcDbLine
 10
-17.928440000000002
 20
-8.4077
 30
0.0
 11
-17.922
 21
-8.399379999999999
 31
0.0
  0
LINE
  5
DA7
330
17
100
AcDbEntity
  8
0
100
AcDbLine
 10
-17.922
 20
-8.399379999999999
 30
0.0
 11
-17.91649
 21
-8.39042
 31
0.0
  0
LINE
  5
DA8
330
17
100
AcDbEntity
  8
0
100
AcDbLine
 10
-17.91649
 20
-8.39042
 30
0.0
 11
-17.91197
 21
-8.38093
 31
0.0
  0
LINE
  5
DA9
330
17
100
AcDbEntity
  8
0
100
AcDbLine
 10
-17.91197
 20
-8.38093
 30
0.0
 11
-17.90849
 21
-8.371
 31
0.0
  0
LINE
  5
DAA
330
17
100
AcDbEntity
  8
0
100
AcDbLine
 10
-17.90849
 20
-8.371
 30
0.0
 11
-17.906100000000002
 21
-8.36076
 31
0.0
  0
LINE
  5
DAB
330
17
100
AcDbEntity
  8
0
100
AcDbLine
 10
-17.906100000000002
 20
-8.36076
 30
0.0
 11
-17.904819999999997
 21
-8.35032
 31
0.0
  0
LINE
  5
DAC
330
17
100
AcDbEntity
  8
0
100
AcDbLine
 10
-17.904819999999997
 20
-8.35032
 30
0.0
 11
-17.867790000000003
 21
-7.6358
 31
0.0
  0
LINE
  5
DAD
330
17
100
AcDbEntity
  8
0
100
AcDbLine
 10
-17.867790000000003
 20
-7.6358
 30
0.0
 11
-17.84461
 21
-6.43421
 31
0.0
  0
LINE
  5
DAE
330
17
100
AcDbEntity
  8
0
100
AcDbLine
 10
-17.84461
 20
-6.43421
 30
0.0
 11
-17.83968
 21
-3.76949
 31
0.0
  0
LINE
  5
DAF
330
17
100
AcDbEntity
  8
0
100
AcDbLine
 10
-17.83968
 20
-3.76949
 30
0.0
 11
-17.83968
 21
-2.84592
 31
0.0
  0
LINE
  5
DB0
330
17
100
AcDbEntity
  8
0
100
AcDbLine
 10
-17.83968
 20
-2.84592
 30
0.0
 11
-17.83968
 21
0.9026800000000001
 31
0.0
  0
LINE
  5
DB1
330
17
100
AcDbEntity
  8
0
100
AcDbLine
 10
-17.83968
 20
0.90268
 30
0.0
 11
-16.86178
 21
0.90268
 31
0.0
  0
LINE
  5
DB2
330
17
100
AcDbEntity
  8
0
100
AcDbLine
 10
-16.86178
 20
0.90268
 30
0.0
 11
-16.86178
 21
1.6632699999999998
 31
0.0
  0
LINE
  5
DB3
330
17
100
AcDbEntity
  8
0
100
AcDbLine
 10
-16.86178
 20
1.6632699999999998
 30
0.0
 11
-16.85632
 21
2.15065
 31
0.0
  0
LINE
  5
DB4
330
17
100
AcDbEntity
  8
0
100
AcDbLine
 10
-16.85632
 20
2.15065
 30
0.0
 11
-16.85194
 21
2.20833
 31
0.0
  0
LINE
  5
DB5
330
17
100
AcDbEntity
  8
0
100
AcDbLine
 10
-16.85194
 20
2.20833
 30
0.0
 11
-16.841430000000003
 21
2.2652
 31
0.0
  0
LINE
  5
DB6
330
17
100
AcDbEntity
  8
0
100
AcDbLine
 10
-16.841430000000003
 20
2.2652
 30
0.0
 11
-16.82492
 21
2.32063
 31
0.0
  0
LINE
  5
DB7
330
17
100
AcDbEntity
  8
0
100
AcDbLine
 10
-16.82492
 20
2.32063
 30
0.0
 11
-16.8201
 21
2.33225
 31
0.0
  0
LINE
  5
DB8
330
17
100
AcDbEntity
  8
0
100
AcDbLine
 10
-16.8201
 20
2.33225
 30
0.0
 11
-16.81416
 21
2.34333
 31
0.0
  0
LINE
  5
DB9
330
17
100
AcDbEntity
  8
0
100
AcDbLine
 10
-16.81416
 20
2.34333
 30
0.0
 11
-16.80714
 21
2.35376
 31
0.0
  0
LINE
  5
DBA
330
17
100
AcDbEntity
  8
0
100
AcDbLine
 10
-16.80714
 20
2.35376
 30
0.0
 11
-16.799129999999998
 21
2.36345
 31
0.0
  0
LINE
  5
DBB
330
17
100
AcDbEntity
  8
0
100
AcDbLine
 10
-16.799129999999998
 20
2.36345
 30
0.0
 11
-16.79018
 21
2.37229
 31
0.0
  0
LINE
  5
DBC
330
17
100
AcDbEntity
  8
0
100
AcDbLine
 10
-16.79018
 20
2.37229
 30
0.0
 11
-16.78041
 21
2.3802
 31
0.0
  0
LINE
  5
DBD
330
17
100
AcDbEntity
  8
0
100
AcDbLine
 10
-16.78041
 20
2.3802
 30
0.0
 11
-16.76989
 21
2.38709
 31
0.0
  0
LINE
  5
DBE
330
17
100
AcDbEntity
  8
0
100
AcDbLine
 10
-16.76989
 20
2.38709
 30
0.0
 11
-16.75875
 21
2.3929099999999996
 31
0.0
  0
LINE
  5
DBF
330
17
100
AcDbEntity
  8
0
100
AcDbLine
 10
-16.75875
 20
2.3929099999999996
 30
0.0
 11
-16.74708
 21
2.3975899999999997
 31
0.0
  0
LINE
  5
DC0
330
17
100
AcDbEntity
  8
0
100
AcDbLine
 10
-16.74708
 20
2.3975899999999997
 30
0.0
 11
-16.7088
 21
2.40902
 31
0.0
  0
LINE
  5
DC1
330
17
100
AcDbEntity
  8
0
100
AcDbLine
 10
-16.7088
 20
2.40902
 30
0.0
 11
-16.6697
 21
2.41724
 31
0.0
  0
LINE
  5
DC2
330
17
100
AcDbEntity
  8
0
100
AcDbLine
 10
-16.6697
 20
2.41724
 30
0.0
 11
-16.63006
 21
2.4221999999999997
 31
0.0
  0
LINE
  5
DC3
330
17
100
AcDbEntity
  8
0
100
AcDbLine
 10
-16.63006
 20
2.4221999999999997
 30
0.0
 11
-16.590139999999998
 21
2.42386
 31
0.0
  0
LINE
  5
DC4
330
17
100
AcDbEntity
  8
0
100
AcDbLine
 10
-16.590139999999998
 20
2.42386
 30
0.0
 11
-16.3185
 21
2.42386
 31
0.0
  0
LINE
  5
DC5
330
17
100
AcDbEntity
  8
0
100
AcDbLine
 10
-16.3185
 20
2.42386
 30
0.0
 11
-16.3185
 21
2.92815
 31
0.0
  0
LINE
  5
DC6
330
17
100
AcDbEntity
  8
0
100
AcDbLine
 10
-16.3185
 20
2.92815
 30
0.0
 11
-16.3185
 21
3.00964
 31
0.0
  0
LINE
  5
DC7
330
17
100
AcDbEntity
  8
0
100
AcDbLine
 10
-16.3185
 20
3.00964
 30
0.0
 11
-16.3185
 21
5.408589999999999
 31
0.0
  0
LINE
  5
DC8
330
17
100
AcDbEntity
  8
0
100
AcDbLine
 10
-16.3185
 20
5.408589999999999
 30
0.0
 11
-16.3185
 21
5.7921700000000005
 31
0.0
  0
LINE
  5
DC9
330
17
100
AcDbEntity
  8
0
100
AcDbLine
 10
-16.3185
 20
5.7921700000000005
 30
0.0
 11
-16.3185
 21
6.00948
 31
0.0
  0
LINE
  5
DCA
330
17
100
AcDbEntity
  8
0
100
AcDbLine
 10
-16.3185
 20
6.00948
 30
0.0
 11
-16.3185
 21
7.422
 31
0.0
  0
LINE
  5
DCB
330
17
100
AcDbEntity
  8
0
100
AcDbLine
 10
-16.3185
 20
7.422
 30
0.0
 11
-15.99254
 21
7.422
 31
0.0
  0
LINE
  5
DCC
330
17
100
AcDbEntity
  8
0
100
AcDbLine
 10
-15.99254
 20
7.422
 30
0.0
 11
-15.894430000000002
 21
7.42555
 31
0.0
  0
LINE
  5
DCD
330
17
100
AcDbEntity
  8
0
100
AcDbLine
 10
-15.894430000000002
 20
7.42555
 30
0.0
 11
-15.796830000000002
 21
7.436179999999999
 31
0.0
  0
LINE
  5
DCE
330
17
100
AcDbEntity
  8
0
100
AcDbLine
 10
-15.796830000000002
 20
7.436179999999999
 30
0.0
 11
-15.78415
 21
7.43872
 31
0.0
  0
LINE
  5
DCF
330
17
100
AcDbEntity
  8
0
100
AcDbLine
 10
-15.78415
 20
7.43872
 30
0.0
 11
-15.771790000000001
 21
7.44256
 31
0.0
  0
LINE
  5
DD0
330
17
100
AcDbEntity
  8
0
100
AcDbLine
 10
-15.771790000000001
 20
7.44256
 30
0.0
 11
-15.759909999999998
 21
7.44768
 31
0.0
  0
LINE
  5
DD1
330
17
100
AcDbEntity
  8
0
100
AcDbLine
 10
-15.759909999999998
 20
7.44768
 30
0.0
 11
-15.74863
 21
7.454009999999999
 31
0.0
  0
LINE
  5
DD2
330
17
100
AcDbEntity
  8
0
100
AcDbLine
 10
-15.74863
 20
7.454009999999999
 30
0.0
 11
-15.73807
 21
7.46149
 31
0.0
  0
LINE
  5
DD3
330
17
100
AcDbEntity
  8
0
100
AcDbLine
 10
-15.73807
 20
7.46149
 30
0.0
 11
-15.728349999999999
 21
7.4700299999999995
 31
0.0
  0
LINE
  5
DD4
330
17
100
AcDbEntity
  8
0
100
AcDbLine
 10
-15.728349999999999
 20
7.4700299999999995
 30
0.0
 11
-15.71958
 21
7.47953
 31
0.0
  0
LINE
  5
DD5
330
17
100
AcDbEntity
  8
0
100
AcDbLine
 10
-15.71958
 20
7.47953
 30
0.0
 11
-15.71185
 21
7.48991
 31
0.0
  0
LINE
  5
DD6
330
17
100
AcDbEntity
  8
0
100
AcDbLine
 10
-15.71185
 20
7.48991
 30
0.0
 11
-15.699399999999999
 21
7.51096
 31
0.0
  0
LINE
  5
DD7
330
17
100
AcDbEntity
  8
0
100
AcDbLine
 10
-15.699399999999999
 20
7.51096
 30
0.0
 11
-15.68928
 21
7.5332300000000005
 31
0.0
  0
LINE
  5
DD8
330
17
100
AcDbEntity
  8
0
100
AcDbLine
 10
-15.68928
 20
7.5332300000000005
 30
0.0
 11
-15.681629999999998
 21
7.55646
 31
0.0
  0
LINE
  5
DD9
330
17
100
AcDbEntity
  8
0
100
AcDbLine
 10
-15.681629999999998
 20
7.55646
 30
0.0
 11
-15.67652
 21
7.58038
 31
0.0
  0
LINE
  5
DDA
330
17
100
AcDbEntity
  8
0
100
AcDbLine
 10
-15.67652
 20
7.58038
 30
0.0
 11
-15.67402
 21
7.60471
 31
0.0
  0
LINE
  5
DDB
330
17
100
AcDbEntity
  8
0
100
AcDbLine
 10
-15.67402
 20
7.60471
 30
0.0
 11
-15.666570000000002
 21
7.91095
 31
0.0
  0
LINE
  5
DDC
330
17
100
AcDbEntity
  8
0
100
AcDbLine
 10
-15.666570000000002
 20
7.91095
 30
0.0
 11
-15.674029999999998
 21
8.21823
 31
0.0
  0
LINE
  5
DDD
330
17
100
AcDbEntity
  8
0
100
AcDbLine
 10
-15.674029999999998
 20
8.21823
 30
0.0
 11
-15.675939999999999
 21
8.23847
 31
0.0
  0
LINE
  5
DDE
330
17
100
AcDbEntity
  8
0
100
AcDbLine
 10
-15.675939999999999
 20
8.23847
 30
0.0
 11
-15.679680000000001
 21
8.25845
 31
0.0
  0
LINE
  5
DDF
330
17
100
AcDbEntity
  8
0
100
AcDbLine
 10
-15.679680000000001
 20
8.25845
 30
0.0
 11
-15.685210000000001
 21
8.278
 31
0.0
  0
LINE
  5
DE0
330
17
100
AcDbEntity
  8
0
100
AcDbLine
 10
-15.685210000000001
 20
8.278
 30
0.0
 11
-15.69251
 21
8.296980000000001
 31
0.0
  0
LINE
  5
DE1
330
17
100
AcDbEntity
  8
0
100
AcDbLine
 10
-15.69251
 20
8.296980000000001
 30
0.0
 11
-15.701489999999998
 21
8.31521
 31
0.0
  0
LINE
  5
DE2
330
17
100
AcDbEntity
  8
0
100
AcDbLine
 10
-15.701489999999998
 20
8.31521
 30
0.0
 11
-15.7121
 21
8.33255
 31
0.0
  0
LINE
  5
DE3
330
17
100
AcDbEntity
  8
0
100
AcDbLine
 10
-15.7121
 20
8.33255
 30
0.0
 11
-15.71993
 21
8.34291
 31
0.0
  0
LINE
  5
DE4
330
17
100
AcDbEntity
  8
0
100
AcDbLine
 10
-15.71993
 20
8.34291
 30
0.0
 11
-15.72879
 21
8.3524
 31
0.0
  0
LINE
  5
DE5
330
17
100
AcDbEntity
  8
0
100
AcDbLine
 10
-15.72879
 20
8.3524
 30
0.0
 11
-15.738599999999998
 21
8.360909999999999
 31
0.0
  0
LINE
  5
DE6
330
17
100
AcDbEntity
  8
0
100
AcDbLine
 10
-15.738599999999998
 20
8.360909999999999
 30
0.0
 11
-15.74924
 21
8.36835
 31
0.0
  0
LINE
  5
DE7
330
17
100
AcDbEntity
  8
0
100
AcDbLine
 10
-15.74924
 20
8.36835
 30
0.0
 11
-15.7606
 21
8.37464
 31
0.0
  0
LINE
  5
DE8
330
17
100
AcDbEntity
  8
0
100
AcDbLine
 10
-15.7606
 20
8.37464
 30
0.0
 11
-15.772549999999999
 21
8.379710000000001
 31
0.0
  0
LINE
  5
DE9
330
17
100
AcDbEntity
  8
0
100
AcDbLine
 10
-15.772549999999999
 20
8.379710000000001
 30
0.0
 11
-15.78497
 21
8.3835
 31
0.0
  0
LINE
  5
DEA
330
17
100
AcDbEntity
  8
0
100
AcDbLine
 10
-15.78497
 20
8.3835
 30
0.0
 11
-15.797720000000002
 21
8.38598
 31
0.0
  0
LINE
  5
DEB
330
17
100
AcDbEntity
  8
0
100
AcDbLine
 10
-15.797720000000002
 20
8.38598
 30
0.0
 11
-15.89717
 21
8.39641
 31
0.0
  0
LINE
  5
DEC
330
17
100
AcDbEntity
  8
0
100
AcDbLine
 10
-15.89717
 20
8.39641
 30
0.0
 11
-15.99711
 21
8.3999
 31
0.0
  0
LINE
  5
DED
330
17
100
AcDbEntity
  8
0
100
AcDbLine
 10
-15.99711
 20
8.3999
 30
0.0
 11
-16.32765
 21
8.3999
 31
0.0
  0
LINE
  5
DEE
330
17
100
AcDbEntity
  8
0
100
AcDbLine
 10
-16.32765
 20
8.3999
 30
0.0
 11
-16.3215
 21
8.56288
 31
0.0
  0
LINE
  5
DEF
330
17
100
AcDbEntity
  8
0
100
AcDbLine
 10
-16.3215
 20
8.56288
 30
0.0
 11
-16.26418
 21
10.084050000000001
 31
0.0
  0
LINE
  5
DF0
330
17
100
AcDbEntity
  8
0
100
AcDbLine
 10
-16.26418
 20
10.084050000000001
 30
0.0
 11
-15.50895
 21
10.084050000000001
 31
0.0
  0
LINE
  5
DF1
330
17
100
AcDbEntity
  8
0
100
AcDbLine
 10
-15.50895
 20
10.084050000000001
 30
0.0
 11
-14.96031
 21
10.084050000000001
 31
0.0
  0
LINE
  5
DF2
330
17
100
AcDbEntity
  8
0
100
AcDbLine
 10
-14.96031
 20
10.084050000000001
 30
0.0
 11
-14.879119999999999
 21
9.26914
 31
0.0
  0
LINE
  5
DF3
330
17
100
AcDbEntity
  8
0
100
AcDbLine
 10
-14.879119999999999
 20
9.26914
 30
0.0
 11
-14.8249
 21
8.874780000000001
 31
0.0
  0
LINE
  5
DF4
330
17
100
AcDbEntity
  8
0
100
AcDbLine
 10
-14.8249
 20
8.874780000000001
 30
0.0
 11
-14.75566
 21
8.56288
 31
0.0
  0
LINE
  5
DF5
330
17
100
AcDbEntity
  8
0
100
AcDbLine
 10
-14.75566
 20
8.56288
 30
0.0
 11
-14.74357
 21
8.50843
 31
0.0
  0
LINE
  5
DF6
330
17
100
AcDbEntity
  8
0
100
AcDbLine
 10
-14.74357
 20
8.50843
 30
0.0
 11
-14.63494
 21
8.169310000000001
 31
0.0
  0
LINE
  5
DF7
330
17
100
AcDbEntity
  8
0
100
AcDbLine
 10
-14.63494
 20
8.169310000000001
 30
0.0
 11
-14.49883
 21
7.8566199999999995
 31
0.0
  0
LINE
  5
DF8
330
17
100
AcDbEntity
  8
0
100
AcDbLine
 10
-14.49883
 20
7.8566199999999995
 30
0.0
 11
-14.30018
 21
7.48339
 31
0.0
  0
LINE
  5
DF9
330
17
100
AcDbEntity
  8
0
100
AcDbLine
 10
-14.30018
 20
7.48339
 30
0.0
 11
-14.273869999999999
 21
7.44171
 31
0.0
  0
LINE
  5
DFA
330
17
100
AcDbEntity
  8
0
100
AcDbLine
 10
-14.273869999999999
 20
7.44171
 30
0.0
 11
-14.24363
 21
7.40279
 31
0.0
  0
LINE
  5
DFB
330
17
100
AcDbEntity
  8
0
100
AcDbLine
 10
-14.24363
 20
7.40279
 30
0.0
 11
-14.20974
 21
7.367
 31
0.0
  0
LINE
  5
DFC
330
17
100
AcDbEntity
  8
0
100
AcDbLine
 10
-14.20974
 20
7.367
 30
0.0
 11
-14.172529999999998
 21
7.33468
 31
0.0
  0
LINE
  5
DFD
330
17
100
AcDbEntity
  8
0
100
AcDbLine
 10
-14.172529999999998
 20
7.33468
 30
0.0
 11
-14.14335
 21
7.314
 31
0.0
  0
LINE
  5
DFE
330
17
100
AcDbEntity
  8
0
100
AcDbLine
 10
-14.14335
 20
7.314
 30
0.0
 11
-14.11225
 21
7.29633
 31
0.0
  0
LINE
  5
DFF
330
17
100
AcDbEntity
  8
0
100
AcDbLine
 10
-14.11225
 20
7.29633
 30
0.0
 11
-14.079559999999999
 21
7.28185
 31
0.0
  0
LINE
  5
E00
330
17
100
AcDbEntity
  8
0
100
AcDbLine
 10
-14.079559999999999
 20
7.28185
 30
0.0
 11
-14.045580000000001
 21
7.2707
 31
0.0
  0
LINE
  5
E01
330
17
100
AcDbEntity
  8
0
100
AcDbLine
 10
-14.045580000000001
 20
7.2707
 30
0.0
 11
-14.01066
 21
7.26299
 31
0.0
  0
LINE
  5
E02
330
17
100
AcDbEntity
  8
0
100
AcDbLine
 10
-14.01066
 20
7.26299
 30
0.0
 11
-13.69749
 21
7.22647
 31
0.0
  0
LINE
  5
E03
330
17
100
AcDbEntity
  8
0
100
AcDbLine
 10
-13.69749
 20
7.22647
 30
0.0
 11
-13.5727
 21
7.21491
 31
0.0
  0
LINE
  5
E04
330
17
100
AcDbEntity
  8
0
100
AcDbLine
 10
-13.5727
 20
7.21491
 30
0.0
 11
-13.448730000000001
 21
7.19647
 31
0.0
  0
LINE
  5
E05
330
17
100
AcDbEntity
  8
0
100
AcDbLine
 10
-13.448730000000001
 20
7.19647
 30
0.0
 11
-13.34924
 21
7.1735999999999995
 31
0.0
  0
LINE
  5
E06
330
17
100
AcDbEntity
  8
0
100
AcDbLine
 10
-13.34924
 20
7.1735999999999995
 30
0.0
 11
-13.25258
 21
7.14078
 31
0.0
  0
LINE
  5
E07
330
17
100
AcDbEntity
  8
0
100
AcDbLine
 10
-13.25258
 20
7.14078
 30
0.0
 11
-13.19628
 21
7.11585
 31
0.0
  0
LINE
  5
E08
330
17
100
AcDbEntity
  8
0
100
AcDbLine
 10
-13.19628
 20
7.11585
 30
0.0
 11
-13.14207
 21
7.08664
 31
0.0
  0
LINE
  5
E09
330
17
100
AcDbEntity
  8
0
100
AcDbLine
 10
-13.14207
 20
7.08664
 30
0.0
 11
-13.09028
 21
7.05332
 31
0.0
  0
LINE
  5
E0A
330
17
100
AcDbEntity
  8
0
100
AcDbLine
 10
-13.09028
 20
7.05332
 30
0.0
 11
-13.01446
 21
6.99423
 31
0.0
  0
LINE
  5
E0B
330
17
100
AcDbEntity
  8
0
100
AcDbLine
 10
-13.01446
 20
6.99423
 30
0.0
 11
-12.945129999999999
 21
6.92766
 31
0.0
  0
LINE
  5
E0C
330
17
100
AcDbEntity
  8
0
100
AcDbLine
 10
-12.945129999999999
 20
6.92766
 30
0.0
 11
-12.88827
 21
6.87263
 31
0.0
  0
LINE
  5
E0D
330
17
100
AcDbEntity
  8
0
100
AcDbLine
 10
-12.88827
 20
6.87263
 30
0.0
 11
-12.82643
 21
6.82324
 31
0.0
  0
LINE
  5
E0E
330
17
100
AcDbEntity
  8
0
100
AcDbLine
 10
-12.82643
 20
6.82324
 30
0.0
 11
-12.75732
 21
6.77747
 31
0.0
  0
LINE
  5
E0F
330
17
100
AcDbEntity
  8
0
100
AcDbLine
 10
-12.75732
 20
6.77747
 30
0.0
 11
-12.68467
 21
6.73758
 31
0.0
  0
LINE
  5
E10
330
17
100
AcDbEntity
  8
0
100
AcDbLine
 10
-12.68467
 20
6.73758
 30
0.0
 11
-12.61302
 21
6.7057899999999995
 31
0.0
  0
LINE
  5
E11
330
17
100
AcDbEntity
  8
0
100
AcDbLine
 10
-12.61302
 20
6.7057899999999995
 30
0.0
 11
-12.5389
 21
6.68029
 31
0.0
  0
LINE
  5
E12
330
17
100
AcDbEntity
  8
0
100
AcDbLine
 10
-12.5389
 20
6.68029
 30
0.0
 11
-12.49619
 21
6.66984
 31
0.0
  0
LINE
  5
E13
330
17
100
AcDbEntity
  8
0
100
AcDbLine
 10
-12.49619
 20
6.66984
 30
0.0
 11
-12.452670000000001
 21
6.66352
 31
0.0
  0
LINE
  5
E14
330
17
100
AcDbEntity
  8
0
100
AcDbLine
 10
-12.452670000000001
 20
6.66352
 30
0.0
 11
-12.40874
 21
6.66141
 31
0.0
  0
LINE
  5
E15
330
17
100
AcDbEntity
  8
0
100
AcDbLine
 10
-12.40874
 20
6.66141
 30
0.0
 11
-12.34596
 21
6.6585
 31
0.0
  0
LINE
  5
E16
330
17
100
AcDbEntity
  8
0
100
AcDbLine
 10
-12.34596
 20
6.6585
 30
0.0
 11
-12.283719999999999
 21
6.64978
 31
0.0
  0
LINE
  5
E17
330
17
100
AcDbEntity
  8
0
100
AcDbLine
 10
-12.283719999999999
 20
6.64978
 30
0.0
 11
-12.213619999999999
 21
6.63434
 31
0.0
  0
LINE
  5
E18
330
17
100
AcDbEntity
  8
0
100
AcDbLine
 10
-12.213619999999999
 20
6.63434
 30
0.0
 11
-12.14462
 21
6.61455
 31
0.0
  0
LINE
  5
E19
330
17
100
AcDbEntity
  8
0
100
AcDbLine
 10
-12.14462
 20
6.61455
 30
0.0
 11
-12.07805
 21
6.590859999999999
 31
0.0
  0
LINE
  5
E1A
330
17
100
AcDbEntity
  8
0
100
AcDbLine
 10
-12.07805
 20
6.590859999999999
 30
0.0
 11
-12.013110000000001
 21
6.56302
 31
0.0
  0
LINE
  5
E1B
330
17
100
AcDbEntity
  8
0
100
AcDbLine
 10
-12.013110000000001
 20
6.56302
 30
0.0
 11
-11.96073
 21
6.53514
 31
0.0
  0
LINE
  5
E1C
330
17
100
AcDbEntity
  8
0
100
AcDbLine
 10
-11.96073
 20
6.53514
 30
0.0
 11
-11.91157
 21
6.50188
 31
0.0
  0
LINE
  5
E1D
330
17
100
AcDbEntity
  8
0
100
AcDbLine
 10
-11.91157
 20
6.50188
 30
0.0
 11
-11.880989999999999
 21
6.47611
 31
0.0
  0
LINE
  5
E1E
330
17
100
AcDbEntity
  8
0
100
AcDbLine
 10
-11.880989999999999
 20
6.47611
 30
0.0
 11
-11.8533
 21
6.44726
 31
0.0
  0
LINE
  5
E1F
330
17
100
AcDbEntity
  8
0
100
AcDbLine
 10
-11.8533
 20
6.44726
 30
0.0
 11
-11.828800000000001
 21
6.41565
 31
0.0
  0
LINE
  5
E20
330
17
100
AcDbEntity
  8
0
100
AcDbLine
 10
-11.828800000000001
 20
6.41565
 30
0.0
 11
-11.82695
 21
6.41264
 31
0.0
  0
LINE
  5
E21
330
17
100
AcDbEntity
  8
0
100
AcDbLine
 10
-11.82695
 20
6.41264
 30
0.0
 11
-11.825429999999999
 21
6.40944
 31
0.0
  0
LINE
  5
E22
330
17
100
AcDbEntity
  8
0
100
AcDbLine
 10
-11.825429999999999
 20
6.40944
 30
0.0
 11
-11.82427
 21
6.4060999999999995
 31
0.0
  0
LINE
  5
E23
330
17
100
AcDbEntity
  8
0
100
AcDbLine
 10
-11.82427
 20
6.4060999999999995
 30
0.0
 11
-11.82348
 21
6.40266
 31
0.0
  0
LINE
  5
E24
330
17
100
AcDbEntity
  8
0
100
AcDbLine
 10
-11.82348
 20
6.40266
 30
0.0
 11
-11.82308
 21
6.39914
 31
0.0
  0
LINE
  5
E25
330
17
100
AcDbEntity
  8
0
100
AcDbLine
 10
-11.82308
 20
6.39914
 30
0.0
 11
-11.82305
 21
6.3956100000000005
 31
0.0
  0
LINE
  5
E26
330
17
100
AcDbEntity
  8
0
100
AcDbLine
 10
-11.82305
 20
6.3956100000000005
 30
0.0
 11
-11.823409999999999
 21
6.39209
 31
0.0
  0
LINE
  5
E27
330
17
100
AcDbEntity
  8
0
100
AcDbLine
 10
-11.823409999999999
 20
6.39209
 30
0.0
 11
-11.82415
 21
6.3886400000000005
 31
0.0
  0
LINE
  5
E28
330
17
100
AcDbEntity
  8
0
100
AcDbLine
 10
-11.82415
 20
6.3886400000000005
 30
0.0
 11
-11.82526
 21
6.38528
 31
0.0
  0
LINE
  5
E29
330
17
100
AcDbEntity
  8
0
100
AcDbLine
 10
-11.82526
 20
6.38528
 30
0.0
 11
-11.826730000000001
 21
6.38207
 31
0.0
  0
LINE
  5
E2A
330
17
100
AcDbEntity
  8
0
100
AcDbLine
 10
-11.826730000000001
 20
6.38207
 30
0.0
 11
-11.82855
 21
6.37903
 31
0.0
  0
LINE
  5
E2B
330
17
100
AcDbEntity
  8
0
100
AcDbLine
 10
-11.82855
 20
6.37903
 30
0.0
 11
-11.83068
 21
6.37621
 31
0.0
  0
LINE
  5
E2C
330
17
100
AcDbEntity
  8
0
100
AcDbLine
 10
-11.83068
 20
6.37621
 30
0.0
 11
-11.8331
 21
6.37364
 31
0.0
  0
LINE
  5
E2D
330
17
100
AcDbEntity
  8
0
100
AcDbLine
 10
-11.8331
 20
6.37364
 30
0.0
 11
-11.835790000000001
 21
6.37135
 31
0.0
  0
LINE
  5
E2E
330
17
100
AcDbEntity
  8
0
100
AcDbLine
 10
-11.835790000000001
 20
6.37135
 30
0.0
 11
-11.83872
 21
6.36936
 31
0.0
  0
LINE
  5
E2F
330
17
100
AcDbEntity
  8
0
100
AcDbLine
 10
-11.83872
 20
6.36936
 30
0.0
 11
-11.84184
 21
6.367699999999999
 31
0.0
  0
LINE
  5
E30
330
17
100
AcDbEntity
  8
0
100
AcDbLine
 10
-11.84184
 20
6.367699999999999
 30
0.0
 11
-11.845130000000001
 21
6.3664000000000005
 31
0.0
  0
LINE
  5
E31
330
17
100
AcDbEntity
  8
0
100
AcDbLine
 10
-11.845130000000001
 20
6.3664000000000005
 30
0.0
 11
-11.888330000000002
 21
6.354229999999999
 31
0.0
  0
LINE
  5
E32
330
17
100
AcDbEntity
  8
0
100
AcDbLine
 10
-11.888330000000002
 20
6.354229999999999
 30
0.0
 11
-11.93253
 21
6.34643
 31
0.0
  0
LINE
  5
E33
330
17
100
AcDbEntity
  8
0
100
AcDbLine
 10
-11.93253
 20
6.34643
 30
0.0
 11
-11.97729
 21
6.34305
 31
0.0
  0
LINE
  5
E34
330
17
100
AcDbEntity
  8
0
100
AcDbLine
 10
-11.97729
 20
6.34305
 30
0.0
 11
-12.40691
 21
6.335450000000001
 31
0.0
  0
LINE
  5
E35
330
17
100
AcDbEntity
  8
0
100
AcDbLine
 10
-12.40691
 20
6.335450000000001
 30
0.0
 11
-12.84238
 21
6.32789
 31
0.0
  0
LINE
  5
E36
330
17
100
AcDbEntity
  8
0
100
AcDbLine
 10
-12.84238
 20
6.32789
 30
0.0
 11
-12.886099999999999
 21
6.32455
 31
0.0
  0
LINE
  5
E37
330
17
100
AcDbEntity
  8
0
100
AcDbLine
 10
-12.886099999999999
 20
6.32455
 30
0.0
 11
-12.92926
 21
6.31673
 31
0.0
  0
LINE
  5
E38
330
17
100
AcDbEntity
  8
0
100
AcDbLine
 10
-12.92926
 20
6.31673
 30
0.0
 11
-12.97138
 21
6.30452
 31
0.0
  0
LINE
  5
E39
330
17
100
AcDbEntity
  8
0
100
AcDbLine
 10
-12.97138
 20
6.30452
 30
0.0
 11
-12.97447
 21
6.30326
 31
0.0
  0
LINE
  5
E3A
330
17
100
AcDbEntity
  8
0
100
AcDbLine
 10
-12.97447
 20
6.30326
 30
0.0
 11
-12.97742
 21
6.301690000000001
 31
0.0
  0
LINE
  5
E3B
330
17
100
AcDbEntity
  8
0
100
AcDbLine
 10
-12.97742
 20
6.301690000000001
 30
0.0
 11
-12.98019
 21
6.29982
 31
0.0
  0
LINE
  5
E3C
330
17
100
AcDbEntity
  8
0
100
AcDbLine
 10
-12.98019
 20
6.29982
 30
0.0
 11
-12.98274
 21
6.29767
 31
0.0
  0
LINE
  5
E3D
330
17
100
AcDbEntity
  8
0
100
AcDbLine
 10
-12.98274
 20
6.29767
 30
0.0
 11
-12.985059999999999
 21
6.29527
 31
0.0
  0
LINE
  5
E3E
330
17
100
AcDbEntity
  8
0
100
AcDbLine
 10
-12.985059999999999
 20
6.29527
 30
0.0
 11
-12.987119999999999
 21
6.2926400000000005
 31
0.0
  0
LINE
  5
E3F
330
17
100
AcDbEntity
  8
0
100
AcDbLine
 10
-12.987119999999999
 20
6.2926400000000005
 30
0.0
 11
-12.98889
 21
6.28981
 31
0.0
  0
LINE
  5
E40
330
17
100
AcDbEntity
  8
0
100
AcDbLine
 10
-12.98889
 20
6.28981
 30
0.0
 11
-12.99035
 21
6.2868
 31
0.0
  0
LINE
  5
E41
330
17
100
AcDbEntity
  8
0
100
AcDbLine
 10
-12.99035
 20
6.2868
 30
0.0
 11
-12.9915
 21
6.28367
 31
0.0
  0
LINE
  5
E42
330
17
100
AcDbEntity
  8
0
100
AcDbLine
 10
-12.9915
 20
6.28367
 30
0.0
 11
-12.99231
 21
6.28043
 31
0.0
  0
LINE
  5
E43
330
17
100
AcDbEntity
  8
0
100
AcDbLine
 10
-12.99231
 20
6.28043
 30
0.0
 11
-12.99278
 21
6.27712
 31
0.0
  0
LINE
  5
E44
330
17
100
AcDbEntity
  8
0
100
AcDbLine
 10
-12.99278
 20
6.27712
 30
0.0
 11
-12.99291
 21
6.27379
 31
0.0
  0
LINE
  5
E45
330
17
100
AcDbEntity
  8
0
100
AcDbLine
 10
-12.99291
 20
6.27379
 30
0.0
 11
-12.99268
 21
6.27045
 31
0.0
  0
LINE
  5
E46
330
17
100
AcDbEntity
  8
0
100
AcDbLine
 10
-12.99268
 20
6.27045
 30
0.0
 11
-12.99211
 21
6.26716
 31
0.0
  0
LINE
  5
E47
330
17
100
AcDbEntity
  8
0
100
AcDbLine
 10
-12.99211
 20
6.26716
 30
0.0
 11
-12.9912
 21
6.2639499999999995
 31
0.0
  0
LINE
  5
E48
330
17
100
AcDbEntity
  8
0
100
AcDbLine
 10
-12.9912
 20
6.2639499999999995
 30
0.0
 11
-12.98996
 21
6.2608500000000005
 31
0.0
  0
LINE
  5
E49
330
17
100
AcDbEntity
  8
0
100
AcDbLine
 10
-12.98996
 20
6.2608500000000005
 30
0.0
 11
-12.9884
 21
6.2579
 31
0.0
  0
LINE
  5
E4A
330
17
100
AcDbEntity
  8
0
100
AcDbLine
 10
-12.9884
 20
6.2579
 30
0.0
 11
-12.98655
 21
6.255120000000001
 31
0.0
  0
LINE
  5
E4B
330
17
100
AcDbEntity
  8
0
100
AcDbLine
 10
-12.98655
 20
6.255120000000001
 30
0.0
 11
-12.95969
 21
6.22248
 31
0.0
  0
LINE
  5
E4C
330
17
100
AcDbEntity
  8
0
100
AcDbLine
 10
-12.95969
 20
6.22248
 30
0.0
 11
-12.92989
 21
6.1925
 31
0.0
  0
LINE
  5
E4D
330
17
100
AcDbEntity
  8
0
100
AcDbLine
 10
-12.92989
 20
6.1925
 30
0.0
 11
-12.897409999999999
 21
6.16546
 31
0.0
  0
LINE
  5
E4E
330
17
100
AcDbEntity
  8
0
100
AcDbLine
 10
-12.897409999999999
 20
6.16546
 30
0.0
 11
-12.78837
 21
6.09124
 31
0.0
  0
LINE
  5
E4F
330
17
100
AcDbEntity
  8
0
100
AcDbLine
 10
-12.78837
 20
6.09124
 30
0.0
 11
-12.67253
 21
6.02818
 31
0.0
  0
LINE
  5
E50
330
17
100
AcDbEntity
  8
0
100
AcDbLine
 10
-12.67253
 20
6.02818
 30
0.0
 11
-12.62822
 21
6.00948
 31
0.0
  0
LINE
  5
E51
330
17
100
AcDbEntity
  8
0
100
AcDbLine
 10
-12.62822
 20
6.00948
 30
0.0
 11
-12.55101
 21
5.97689
 31
0.0
  0
LINE
  5
E52
330
17
100
AcDbEntity
  8
0
100
AcDbLine
 10
-12.55101
 20
5.97689
 30
0.0
 11
-11.975589999999999
 21
5.7921700000000005
 31
0.0
  0
LINE
  5
E53
330
17
100
AcDbEntity
  8
0
100
AcDbLine
 10
-11.975589999999999
 20
5.7921700000000005
 30
0.0
 11
-11.94799
 21
5.78331
 31
0.0
  0
LINE
  5
E54
330
17
100
AcDbEntity
  8
0
100
AcDbLine
 10
-11.94799
 20
5.78331
 30
0.0
 11
-11.25648
 21
5.6203199999999995
 31
0.0
  0
LINE
  5
E55
330
17
100
AcDbEntity
  8
0
100
AcDbLine
 10
-11.25648
 20
5.6203199999999995
 30
0.0
 11
-10.58694
 21
5.52238
 31
0.0
  0
LINE
  5
E56
330
17
100
AcDbEntity
  8
0
100
AcDbLine
 10
-10.58694
 20
5.52238
 30
0.0
 11
-9.79919
 21
5.44415
 31
0.0
  0
LINE
  5
E57
330
17
100
AcDbEntity
  8
0
100
AcDbLine
 10
-9.79919
 20
5.44415
 30
0.0
 11
-9.79919
 21
5.408589999999999
 31
0.0
  0
LINE
  5
E58
330
17
100
AcDbEntity
  8
0
100
AcDbLine
 10
-9.79919
 20
5.408589999999999
 30
0.0
 11
-9.79919
 21
3.00964
 31
0.0
  0
LINE
  5
E59
330
17
100
AcDbEntity
  8
0
100
AcDbLine
 10
-9.79919
 20
3.00964
 30
0.0
 11
-9.79919
 21
2.92815
 31
0.0
  0
LINE
  5
E5A
330
17
100
AcDbEntity
  8
0
100
AcDbLine
 10
-9.79919
 20
2.92815
 30
0.0
 11
-9.79919
 21
1.86955
 31
0.0
  0
LINE
  5
E5B
330
17
100
AcDbEntity
  8
0
100
AcDbLine
 10
-9.79919
 20
1.86955
 30
0.0
 11
-9.79416
 21
-0.15712000000000015
 31
0.0
  0
LINE
  5
E5C
330
17
100
AcDbEntity
  8
0
100
AcDbLine
 10
-9.79416
 20
-0.15711999999999998
 30
0.0
 11
-9.77079
 21
-1.0821100000000001
 31
0.0
  0
LINE
  5
E5D
330
17
100
AcDbEntity
  8
0
100
AcDbLine
 10
-9.77079
 20
-1.0821100000000001
 30
0.0
 11
-9.73161
 21
-1.61874
 31
0.0
  0
LINE
  5
E5E
330
17
100
AcDbEntity
  8
0
100
AcDbLine
 10
-9.73161
 20
-1.61874
 30
0.0
 11
-9.730080000000001
 21
-1.62869
 31
0.0
  0
LINE
  5
E5F
330
17
100
AcDbEntity
  8
0
100
AcDbLine
 10
-9.730080000000001
 20
-1.62869
 30
0.0
 11
-9.72751
 21
-1.63843
 31
0.0
  0
LINE
  5
E60
330
17
100
AcDbEntity
  8
0
100
AcDbLine
 10
-9.72751
 20
-1.63843
 30
0.0
 11
-9.72394
 21
-1.64784
 31
0.0
  0
LINE
  5
E61
330
17
100
AcDbEntity
  8
0
100
AcDbLine
 10
-9.72394
 20
-1.64784
 30
0.0
 11
-9.7194
 21
-1.65682
 31
0.0
  0
LINE
  5
E62
330
17
100
AcDbEntity
  8
0
100
AcDbLine
 10
-9.7194
 20
-1.65682
 30
0.0
 11
-9.713940000000001
 21
-1.66528
 31
0.0
  0
LINE
  5
E63
330
17
100
AcDbEntity
  8
0
100
AcDbLine
 10
-9.713940000000001
 20
-1.66528
 30
0.0
 11
-9.70763
 21
-1.67313
 31
0.0
  0
LINE
  5
E64
330
17
100
AcDbEntity
  8
0
100
AcDbLine
 10
-9.70763
 20
-1.67313
 30
0.0
 11
-9.70053
 21
-1.68026
 31
0.0
  0
LINE
  5
E65
330
17
100
AcDbEntity
  8
0
100
AcDbLine
 10
-9.70053
 20
-1.68026
 30
0.0
 11
-9.69272
 21
-1.6866100000000002
 31
0.0
  0
LINE
  5
E66
330
17
100
AcDbEntity
  8
0
100
AcDbLine
 10
-9.69272
 20
-1.6866100000000002
 30
0.0
 11
-9.68428
 21
-1.69211
 31
0.0
  0
LINE
  5
E67
330
17
100
AcDbEntity
  8
0
100
AcDbLine
 10
-9.68428
 20
-1.69211
 30
0.0
 11
-9.67532
 21
-1.6967
 31
0.0
  0
LINE
  5
E68
330
17
100
AcDbEntity
  8
0
100
AcDbLine
 10
-9.67532
 20
-1.6967
 30
0.0
 11
-9.66592
 21
-1.70031
 31
0.0
  0
LINE
  5
E69
330
17
100
AcDbEntity
  8
0
100
AcDbLine
 10
-9.66592
 20
-1.70031
 30
0.0
 11
-9.6562
 21
-1.70293
 31
0.0
  0
LINE
  5
E6A
330
17
100
AcDbEntity
  8
0
100
AcDbLine
 10
-9.6562
 20
-1.70293
 30
0.0
 11
-9.64626
 21
-1.70451
 31
0.0
  0
LINE
  5
E6B
330
17
100
AcDbEntity
  8
0
100
AcDbLine
 10
-9.64626
 20
-1.70451
 30
0.0
 11
-9.636199999999999
 21
-1.70504
 31
0.0
  0
LINE
  5
E6C
330
17
100
AcDbEntity
  8
0
100
AcDbLine
 10
-9.636199999999999
 20
-1.70504
 30
0.0
 11
-9.626149999999999
 21
-1.70451
 31
0.0
  0
LINE
  5
E6D
330
17
100
AcDbEntity
  8
0
100
AcDbLine
 10
-9.626149999999999
 20
-1.70451
 30
0.0
 11
-9.616200000000001
 21
-1.70293
 31
0.0
  0
LINE
  5
E6E
330
17
100
AcDbEntity
  8
0
100
AcDbLine
 10
-9.616200000000001
 20
-1.70293
 30
0.0
 11
-9.60647
 21
-1.70031
 31
0.0
  0
LINE
  5
E6F
330
17
100
AcDbEntity
  8
0
100
AcDbLine
 10
-9.60647
 20
-1.70031
 30
0.0
 11
-9.597069999999999
 21
-1.69669
 31
0.0
  0
LINE
  5
E70
330
17
100
AcDbEntity
  8
0
100
AcDbLine
 10
-9.597069999999999
 20
-1.69669
 30
0.0
 11
-9.5881
 21
-1.6921
 31
0.0
  0
LINE
  5
E71
330
17
100
AcDbEntity
  8
0
100
AcDbLine
 10
-9.5881
 20
-1.6921
 30
0.0
 11
-9.57966
 21
-1.6865999999999999
 31
0.0
  0
LINE
  5
E72
330
17
100
AcDbEntity
  8
0
100
AcDbLine
 10
-9.57966
 20
-1.6865999999999999
 30
0.0
 11
-9.57185
 21
-1.68024
 31
0.0
  0
LINE
  5
E73
330
17
100
AcDbEntity
  8
0
100
AcDbLine
 10
-9.57185
 20
-1.68024
 30
0.0
 11
-9.56475
 21
-1.6731
 31
0.0
  0
LINE
  5
E74
330
17
100
AcDbEntity
  8
0
100
AcDbLine
 10
-9.56475
 20
-1.6731
 30
0.0
 11
-9.55843
 21
-1.6652500000000001
 31
0.0
  0
LINE
  5
E75
330
17
100
AcDbEntity
  8
0
100
AcDbLine
 10
-9.55843
 20
-1.6652500000000001
 30
0.0
 11
-9.552969999999998
 21
-1.65679
 31
0.0
  0
LINE
  5
E76
330
17
100
AcDbEntity
  8
0
100
AcDbLine
 10
-9.552969999999998
 20
-1.65679
 30
0.0
 11
-9.54843
 21
-1.64779
 31
0.0
  0
LINE
  5
E77
330
17
100
AcDbEntity
  8
0
100
AcDbLine
 10
-9.54843
 20
-1.64779
 30
0.0
 11
-9.54486
 21
-1.63837
 31
0.0
  0
LINE
  5
E78
330
17
100
AcDbEntity
  8
0
100
AcDbLine
 10
-9.54486
 20
-1.63837
 30
0.0
 11
-9.542300000000001
 21
-1.62863
 31
0.0
  0
LINE
  5
E79
330
17
100
AcDbEntity
  8
0
100
AcDbLine
 10
-9.542300000000001
 20
-1.62863
 30
0.0
 11
-9.54077
 21
-1.61868
 31
0.0
  0
LINE
  5
E7A
330
17
100
AcDbEntity
  8
0
100
AcDbLine
 10
-9.54077
 20
-1.61868
 30
0.0
 11
-9.50162
 21
-1.0802699999999998
 31
0.0
  0
LINE
  5
E7B
330
17
100
AcDbEntity
  8
0
100
AcDbLine
 10
-9.50162
 20
-1.0802699999999998
 30
0.0
 11
-9.478250000000001
 21
-0.15249999999999997
 31
0.0
  0
LINE
  5
E7C
330
17
100
AcDbEntity
  8
0
100
AcDbLine
 10
-9.478250000000001
 20
-0.1525
 30
0.0
 11
-9.47322
 21
1.88058
 31
0.0
  0
LINE
  5
E7D
330
17
100
AcDbEntity
  8
0
100
AcDbLine
 10
-9.47322
 20
1.88058
 30
0.0
 11
-9.47322
 21
2.92815
 31
0.0
  0
LINE
  5
E7E
330
17
100
AcDbEntity
  8
0
100
AcDbLine
 10
-9.47322
 20
2.92815
 30
0.0
 11
-9.47322
 21
3.00964
 31
0.0
  0
LINE
  5
E7F
330
17
100
AcDbEntity
  8
0
100
AcDbLine
 10
-9.47322
 20
3.00964
 30
0.0
 11
-9.47322
 21
5.408589999999999
 31
0.0
  0
LINE
  5
E80
330
17
100
AcDbEntity
  8
0
100
AcDbLine
 10
-9.47322
 20
5.408589999999999
 30
0.0
 11
-9.47322
 21
5.4662
 31
0.0
  0
LINE
  5
E81
330
17
100
AcDbEntity
  8
0
100
AcDbLine
 10
-9.47322
 20
5.4662
 30
0.0
 11
-6.98665
 21
5.4662
 31
0.0
  0
LINE
  5
E82
330
17
100
AcDbEntity
  8
0
100
AcDbLine
 10
-6.98665
 20
5.4662
 30
0.0
 11
-6.98248
 21
5.408589999999999
 31
0.0
  0
LINE
  5
E83
330
17
100
AcDbEntity
  8
0
100
AcDbLine
 10
-6.98248
 20
5.408589999999999
 30
0.0
 11
-6.9532300000000005
 21
5.00442
 31
0.0
  0
LINE
  5
E84
330
17
100
AcDbEntity
  8
0
100
AcDbLine
 10
-6.9532300000000005
 20
5.00442
 30
0.0
 11
-6.92638
 21
4.746
 31
0.0
  0
LINE
  5
E85
330
17
100
AcDbEntity
  8
0
100
AcDbLine
 10
-6.92638
 20
4.746
 30
0.0
 11
-6.92037
 21
4.71429
 31
0.0
  0
LINE
  5
E86
330
17
100
AcDbEntity
  8
0
100
AcDbLine
 10
-6.92037
 20
4.71429
 30
0.0
 11
-6.9110700000000005
 21
4.68339
 31
0.0
  0
LINE
  5
E87
330
17
100
AcDbEntity
  8
0
100
AcDbLine
 10
-6.9110700000000005
 20
4.68339
 30
0.0
 11
-6.8985899999999996
 21
4.65362
 31
0.0
  0
LINE
  5
E88
330
17
100
AcDbEntity
  8
0
100
AcDbLine
 10
-6.8985899999999996
 20
4.65362
 30
0.0
 11
-6.8830599999999995
 21
4.625330000000001
 31
0.0
  0
LINE
  5
E89
330
17
100
AcDbEntity
  8
0
100
AcDbLine
 10
-6.8830599999999995
 20
4.625330000000001
 30
0.0
 11
-6.87512
 21
4.61394
 31
0.0
  0
LINE
  5
E8A
330
17
100
AcDbEntity
  8
0
100
AcDbLine
 10
-6.87512
 20
4.61394
 30
0.0
 11
-6.866
 21
4.60349
 31
0.0
  0
LINE
  5
E8B
330
17
100
AcDbEntity
  8
0
100
AcDbLine
 10
-6.866
 20
4.60349
 30
0.0
 11
-6.85579
 21
4.59408
 31
0.0
  0
LINE
  5
E8C
330
17
100
AcDbEntity
  8
0
100
AcDbLine
 10
-6.85579
 20
4.59408
 30
0.0
 11
-6.8446299999999995
 21
4.58584
 31
0.0
  0
LINE
  5
E8D
330
17
100
AcDbEntity
  8
0
100
AcDbLine
 10
-6.8446299999999995
 20
4.58584
 30
0.0
 11
-6.83263
 21
4.57885
 31
0.0
  0
LINE
  5
E8E
330
17
100
AcDbEntity
  8
0
100
AcDbLine
 10
-6.83263
 20
4.57885
 30
0.0
 11
-6.81995
 21
4.57321
 31
0.0
  0
LINE
  5
E8F
330
17
100
AcDbEntity
  8
0
100
AcDbLine
 10
-6.81995
 20
4.57321
 30
0.0
 11
-6.806730000000001
 21
4.56898
 31
0.0
  0
LINE
  5
E90
330
17
100
AcDbEntity
  8
0
100
AcDbLine
 10
-6.806730000000001
 20
4.56898
 30
0.0
 11
-6.76347
 21
4.560029999999999
 31
0.0
  0
LINE
  5
E91
330
17
100
AcDbEntity
  8
0
100
AcDbLine
 10
-6.76347
 20
4.560029999999999
 30
0.0
 11
-6.719519999999999
 21
4.55557
 31
0.0
  0
LINE
  5
E92
330
17
100
AcDbEntity
  8
0
100
AcDbLine
 10
-6.719519999999999
 20
4.55557
 30
0.0
 11
-6.67535
 21
4.5556399999999995
 31
0.0
  0
LINE
  5
E93
330
17
100
AcDbEntity
  8
0
100
AcDbLine
 10
-6.67535
 20
4.5556399999999995
 30
0.0
 11
-6.61958
 21
4.55567
 31
0.0
  0
LINE
  5
E94
330
17
100
AcDbEntity
  8
0
100
AcDbLine
 10
-6.61958
 20
4.55567
 30
0.0
 11
-6.5641099999999994
 21
4.54985
 31
0.0
  0
LINE
  5
E95
330
17
100
AcDbEntity
  8
0
100
AcDbLine
 10
-6.5641099999999994
 20
4.54985
 30
0.0
 11
-6.5479199999999995
 21
4.54644
 31
0.0
  0
LINE
  5
E96
330
17
100
AcDbEntity
  8
0
100
AcDbLine
 10
-6.5479199999999995
 20
4.54644
 30
0.0
 11
-6.53216
 21
4.54141
 31
0.0
  0
LINE
  5
E97
330
17
100
AcDbEntity
  8
0
100
AcDbLine
 10
-6.53216
 20
4.54141
 30
0.0
 11
-6.51698
 21
4.53483
 31
0.0
  0
LINE
  5
E98
330
17
100
AcDbEntity
  8
0
100
AcDbLine
 10
-6.51698
 20
4.53483
 30
0.0
 11
-6.502540000000001
 21
4.52676
 31
0.0
  0
LINE
  5
E99
330
17
100
AcDbEntity
  8
0
100
AcDbLine
 10
-6.502540000000001
 20
4.52676
 30
0.0
 11
-6.48899
 21
4.51727
 31
0.0
  0
LINE
  5
E9A
330
17
100
AcDbEntity
  8
0
100
AcDbLine
 10
-6.48899
 20
4.51727
 30
0.0
 11
-6.47941
 21
4.50904
 31
0.0
  0
LINE
  5
E9B
330
17
100
AcDbEntity
  8
0
100
AcDbLine
 10
-6.47941
 20
4.50904
 30
0.0
 11
-6.470680000000001
 21
4.49992
 31
0.0
  0
LINE
  5
E9C
330
17
100
AcDbEntity
  8
0
100
AcDbLine
 10
-6.470680000000001
 20
4.49992
 30
0.0
 11
-6.46288
 21
4.49
 31
0.0
  0
LINE
  5
E9D
330
17
100
AcDbEntity
  8
0
100
AcDbLine
 10
-6.46288
 20
4.49
 30
0.0
 11
-6.4560900000000006
 21
4.47936
 31
0.0
  0
LINE
  5
E9E
330
17
100
AcDbEntity
  8
0
100
AcDbLine
 10
-6.4560900000000006
 20
4.47936
 30
0.0
 11
-6.45036
 21
4.46811
 31
0.0
  0
LINE
  5
E9F
330
17
100
AcDbEntity
  8
0
100
AcDbLine
 10
-6.45036
 20
4.46811
 30
0.0
 11
-6.44575
 21
4.4563500000000005
 31
0.0
  0
LINE
  5
EA0
330
17
100
AcDbEntity
  8
0
100
AcDbLine
 10
-6.44575
 20
4.4563500000000005
 30
0.0
 11
-6.43752
 21
4.42667
 31
0.0
  0
LINE
  5
EA1
330
17
100
AcDbEntity
  8
0
100
AcDbLine
 10
-6.43752
 20
4.42667
 30
0.0
 11
-6.4325399999999995
 21
4.39626
 31
0.0
  0
LINE
  5
EA2
330
17
100
AcDbEntity
  8
0
100
AcDbLine
 10
-6.4325399999999995
 20
4.39626
 30
0.0
 11
-6.43087
 21
4.3655
 31
0.0
  0
LINE
  5
EA3
330
17
100
AcDbEntity
  8
0
100
AcDbLine
 10
-6.43087
 20
4.3655
 30
0.0
 11
-6.43218
 21
4.34004
 31
0.0
  0
LINE
  5
EA4
330
17
100
AcDbEntity
  8
0
100
AcDbLine
 10
-6.43218
 20
4.34004
 30
0.0
 11
-6.4360800000000005
 21
4.31485
 31
0.0
  0
LINE
  5
EA5
330
17
100
AcDbEntity
  8
0
100
AcDbLine
 10
-6.4360800000000005
 20
4.31485
 30
0.0
 11
-6.4425300000000005
 21
4.29018
 31
0.0
  0
LINE
  5
EA6
330
17
100
AcDbEntity
  8
0
100
AcDbLine
 10
-6.4425300000000005
 20
4.29018
 30
0.0
 11
-6.45146
 21
4.26631
 31
0.0
  0
LINE
  5
EA7
330
17
100
AcDbEntity
  8
0
100
AcDbLine
 10
-6.45146
 20
4.26631
 30
0.0
 11
-6.45691
 21
4.25525
 31
0.0
  0
LINE
  5
EA8
330
17
100
AcDbEntity
  8
0
100
AcDbLine
 10
-6.45691
 20
4.25525
 30
0.0
 11
-6.46338
 21
4.24476
 31
0.0
  0
LINE
  5
EA9
330
17
100
AcDbEntity
  8
0
100
AcDbLine
 10
-6.46338
 20
4.24476
 30
0.0
 11
-6.47083
 21
4.234929999999999
 31
0.0
  0
LINE
  5
EAA
330
17
100
AcDbEntity
  8
0
100
AcDbLine
 10
-6.47083
 20
4.234929999999999
 30
0.0
 11
-6.47919
 21
4.22587
 31
0.0
  0
LINE
  5
EAB
330
17
100
AcDbEntity
  8
0
100
AcDbLine
 10
-6.47919
 20
4.22587
 30
0.0
 11
-6.488370000000001
 21
4.21765
 31
0.0
  0
LINE
  5
EAC
330
17
100
AcDbEntity
  8
0
100
AcDbLine
 10
-6.488370000000001
 20
4.21765
 30
0.0
 11
-6.4983
 21
4.2103399999999995
 31
0.0
  0
LINE
  5
EAD
330
17
100
AcDbEntity
  8
0
100
AcDbLine
 10
-6.4983
 20
4.2103399999999995
 30
0.0
 11
-6.50889
 21
4.20402
 31
0.0
  0
LINE
  5
EAE
330
17
100
AcDbEntity
  8
0
100
AcDbLine
 10
-6.50889
 20
4.20402
 30
0.0
 11
-6.53484
 21
4.19177
 31
0.0
  0
LINE
  5
EAF
330
17
100
AcDbEntity
  8
0
100
AcDbLine
 10
-6.53484
 20
4.19177
 30
0.0
 11
-6.56188
 21
4.18217
 31
0.0
  0
LINE
  5
EB0
330
17
100
AcDbEntity
  8
0
100
AcDbLine
 10
-6.56188
 20
4.18217
 30
0.0
 11
-6.58974
 21
4.1753
 31
0.0
  0
LINE
  5
EB1
330
17
100
AcDbEntity
  8
0
100
AcDbLine
 10
-6.58974
 20
4.1753
 30
0.0
 11
-6.6181399999999995
 21
4.17124
 31
0.0
  0
LINE
  5
EB2
330
17
100
AcDbEntity
  8
0
100
AcDbLine
 10
-6.6181399999999995
 20
4.17124
 30
0.0
 11
-6.81117
 21
4.1623399999999995
 31
0.0
  0
LINE
  5
EB3
330
17
100
AcDbEntity
  8
0
100
AcDbLine
 10
-6.81117
 20
4.1623399999999995
 30
0.0
 11
-7.19146
 21
4.1623399999999995
 31
0.0
  0
LINE
  5
EB4
330
17
100
AcDbEntity
  8
0
100
AcDbLine
 10
-7.19146
 20
4.1623399999999995
 30
0.0
 11
-7.19146
 21
3.00964
 31
0.0
  0
LINE
  5
EB5
330
17
100
AcDbEntity
  8
0
100
AcDbLine
 10
-7.19146
 20
3.00964
 30
0.0
 11
-7.19146
 21
2.92815
 31
0.0
  0
LINE
  5
EB6
330
17
100
AcDbEntity
  8
0
100
AcDbLine
 10
-7.19146
 20
2.92815
 30
0.0
 11
-7.19146
 21
1.3373
 31
0.0
  0
LINE
  5
EB7
330
17
100
AcDbEntity
  8
0
100
AcDbLine
 10
-7.19146
 20
1.3373
 30
0.0
 11
-6.25772
 21
1.3373
 31
0.0
  0
LINE
  5
EB8
330
17
100
AcDbEntity
  8
0
100
AcDbLine
 10
-6.25772
 20
1.3373
 30
0.0
 11
-5.70817
 21
1.33118
 31
0.0
  0
LINE
  5
EB9
330
17
100
AcDbEntity
  8
0
100
AcDbLine
 10
-5.70817
 20
1.33118
 30
0.0
 11
-5.58627
 21
1.32254
 31
0.0
  0
LINE
  5
EBA
330
17
100
AcDbEntity
  8
0
100
AcDbLine
 10
-5.58627
 20
1.32254
 30
0.0
 11
-5.46577
 21
1.30216
 31
0.0
  0
LINE
  5
EBB
330
17
100
AcDbEntity
  8
0
100
AcDbLine
 10
-5.46577
 20
1.30216
 30
0.0
 11
-5.43787
 21
1.29452
 31
0.0
  0
LINE
  5
EBC
330
17
100
AcDbEntity
  8
0
100
AcDbLine
 10
-5.43787
 20
1.29452
 30
0.0
 11
-5.4109
 21
1.28404
 31
0.0
  0
LINE
  5
EBD
330
17
100
AcDbEntity
  8
0
100
AcDbLine
 10
-5.4109
 20
1.28404
 30
0.0
 11
-5.38516
 21
1.27084
 31
0.0
  0
LINE
  5
EBE
330
17
100
AcDbEntity
  8
0
100
AcDbLine
 10
-5.38516
 20
1.27084
 30
0.0
 11
-5.36091
 21
1.2550599999999998
 31
0.0
  0
LINE
  5
EBF
330
17
100
AcDbEntity
  8
0
100
AcDbLine
 10
-5.36091
 20
1.2550599999999998
 30
0.0
 11
-5.33841
 21
1.23687
 31
0.0
  0
LINE
  5
EC0
330
17
100
AcDbEntity
  8
0
100
AcDbLine
 10
-5.33841
 20
1.23687
 30
0.0
 11
-5.321969999999999
 21
1.2206000000000001
 31
0.0
  0
LINE
  5
EC1
330
17
100
AcDbEntity
  8
0
100
AcDbLine
 10
-5.321969999999999
 20
1.2206000000000001
 30
0.0
 11
-5.30718
 21
1.20281
 31
0.0
  0
LINE
  5
EC2
330
17
100
AcDbEntity
  8
0
100
AcDbLine
 10
-5.30718
 20
1.20281
 30
0.0
 11
-5.2941899999999995
 21
1.18366
 31
0.0
  0
LINE
  5
EC3
330
17
100
AcDbEntity
  8
0
100
AcDbLine
 10
-5.2941899999999995
 20
1.18366
 30
0.0
 11
-5.283119999999999
 21
1.16335
 31
0.0
  0
LINE
  5
EC4
330
17
100
AcDbEntity
  8
0
100
AcDbLine
 10
-5.283119999999999
 20
1.16335
 30
0.0
 11
-5.27408
 21
1.14206
 31
0.0
  0
LINE
  5
EC5
330
17
100
AcDbEntity
  8
0
100
AcDbLine
 10
-5.27408
 20
1.14206
 30
0.0
 11
-5.26715
 21
1.11999
 31
0.0
  0
LINE
  5
EC6
330
17
100
AcDbEntity
  8
0
100
AcDbLine
 10
-5.26715
 20
1.11999
 30
0.0
 11
-5.25972
 21
1.09569
 31
0.0
  0
LINE
  5
EC7
330
17
100
AcDbEntity
  8
0
100
AcDbLine
 10
-5.25972
 20
1.09569
 30
0.0
 11
-5.25032
 21
1.07208
 31
0.0
  0
LINE
  5
EC8
330
17
100
AcDbEntity
  8
0
100
AcDbLine
 10
-5.25032
 20
1.07208
 30
0.0
 11
-5.2390099999999995
 21
1.04932
 31
0.0
  0
LINE
  5
EC9
330
17
100
AcDbEntity
  8
0
100
AcDbLine
 10
-5.2390099999999995
 20
1.04932
 30
0.0
 11
-5.225879999999999
 21
1.02756
 31
0.0
  0
LINE
  5
ECA
330
17
100
AcDbEntity
  8
0
100
AcDbLine
 10
-5.225879999999999
 20
1.02756
 30
0.0
 11
-5.211600000000001
 21
1.00804
 31
0.0
  0
LINE
  5
ECB
330
17
100
AcDbEntity
  8
0
100
AcDbLine
 10
-5.211600000000001
 20
1.00804
 30
0.0
 11
-5.195530000000001
 21
0.9899799999999999
 31
0.0
  0
LINE
  5
ECC
330
17
100
AcDbEntity
  8
0
100
AcDbLine
 10
-5.195530000000001
 20
0.9899799999999999
 30
0.0
 11
-5.17781
 21
0.9735199999999999
 31
0.0
  0
LINE
  5
ECD
330
17
100
AcDbEntity
  8
0
100
AcDbLine
 10
-5.17781
 20
0.9735199999999999
 30
0.0
 11
-5.15861
 21
0.95882
 31
0.0
  0
LINE
  5
ECE
330
17
100
AcDbEntity
  8
0
100
AcDbLine
 10
-5.15861
 20
0.95882
 30
0.0
 11
-5.13711
 21
0.94531
 31
0.0
  0
LINE
  5
ECF
330
17
100
AcDbEntity
  8
0
100
AcDbLine
 10
-5.13711
 20
0.94531
 30
0.0
 11
-5.11449
 21
0.9337599999999999
 31
0.0
  0
LINE
  5
ED0
330
17
100
AcDbEntity
  8
0
100
AcDbLine
 10
-5.11449
 20
0.9337599999999999
 30
0.0
 11
-5.090940000000001
 21
0.92426
 31
0.0
  0
LINE
  5
ED1
330
17
100
AcDbEntity
  8
0
100
AcDbLine
 10
-5.090940000000001
 20
0.92426
 30
0.0
 11
-5.06663
 21
0.9169
 31
0.0
  0
LINE
  5
ED2
330
17
100
AcDbEntity
  8
0
100
AcDbLine
 10
-5.06663
 20
0.9169
 30
0.0
 11
-5.029310000000001
 21
0.9090199999999999
 31
0.0
  0
LINE
  5
ED3
330
17
100
AcDbEntity
  8
0
100
AcDbLine
 10
-5.029310000000001
 20
0.9090199999999999
 30
0.0
 11
-4.99147
 21
0.90427
 31
0.0
  0
LINE
  5
ED4
330
17
100
AcDbEntity
  8
0
100
AcDbLine
 10
-4.99147
 20
0.90427
 30
0.0
 11
-4.95336
 21
0.90268
 31
0.0
  0
LINE
  5
ED5
330
17
100
AcDbEntity
  8
0
100
AcDbLine
 10
-4.95336
 20
0.90268
 30
0.0
 11
-4.69639
 21
0.90268
 31
0.0
  0
LINE
  5
ED6
330
17
100
AcDbEntity
  8
0
100
AcDbLine
 10
-4.69639
 20
0.90268
 30
0.0
 11
-4.66723
 21
-1.6235399999999998
 31
0.0
  0
LINE
  5
ED7
330
17
100
AcDbEntity
  8
0
100
AcDbLine
 10
-4.66723
 20
-1.62354
 30
0.0
 11
-4.64851
 21
-2.84592
 31
0.0
  0
LINE
  5
ED8
330
17
100
AcDbEntity
  8
0
100
AcDbLine
 10
-4.64851
 20
-2.84592
 30
0.0
 11
-4.64566
 21
-3.03186
 31
0.0
  0
LINE
  5
ED9
330
17
100
AcDbEntity
  8
0
100
AcDbLine
 10
-4.64566
 20
-3.03186
 30
0.0
 11
-4.614059999999999
 21
-3.69672
 31
0.0
  0
LINE
  5
EDA
330
17
100
AcDbEntity
  8
0
100
AcDbLine
 10
-4.614059999999999
 20
-3.69672
 30
0.0
 11
-4.56756
 21
-4.07188
 31
0.0
  0
LINE
  5
EDB
330
17
100
AcDbEntity
  8
0
100
AcDbLine
 10
-4.56756
 20
-4.07188
 30
0.0
 11
-4.56531
 21
-4.08173
 31
0.0
  0
LINE
  5
EDC
330
17
100
AcDbEntity
  8
0
100
AcDbLine
 10
-4.56531
 20
-4.08173
 30
0.0
 11
-4.56201
 21
-4.09128
 31
0.0
  0
LINE
  5
EDD
330
17
100
AcDbEntity
  8
0
100
AcDbLine
 10
-4.56201
 20
-4.09128
 30
0.0
 11
-4.55771
 21
-4.10042
 31
0.0
  0
LINE
  5
EDE
330
17
100
AcDbEntity
  8
0
100
AcDbLine
 10
-4.55771
 20
-4.10042
 30
0.0
 11
-4.55245
 21
-4.109039999999999
 31
0.0
  0
LINE
  5
EDF
330
17
100
AcDbEntity
  8
0
100
AcDbLine
 10
-4.55245
 20
-4.109039999999999
 30
0.0
 11
-4.54629
 21
-4.11705
 31
0.0
  0
LINE
  5
EE0
330
17
100
AcDbEntity
  8
0
100
AcDbLine
 10
-4.54629
 20
-4.11705
 30
0.0
 11
-4.53931
 21
-4.12435
 31
0.0
  0
LINE
  5
EE1
330
17
100
AcDbEntity
  8
0
100
AcDbLine
 10
-4.53931
 20
-4.12435
 30
0.0
 11
-4.53158
 21
-4.13086
 31
0.0
  0
LINE
  5
EE2
330
17
100
AcDbEntity
  8
0
100
AcDbLine
 10
-4.53158
 20
-4.13086
 30
0.0
 11
-4.5232
 21
-4.136500000000001
 31
0.0
  0
LINE
  5
EE3
330
17
100
AcDbEntity
  8
0
100
AcDbLine
 10
-4.5232
 20
-4.136500000000001
 30
0.0
 11
-4.51427
 21
-4.14121
 31
0.0
  0
LINE
  5
EE4
330
17
100
AcDbEntity
  8
0
100
AcDbLine
 10
-4.51427
 20
-4.14121
 30
0.0
 11
-4.50487
 21
-4.14492
 31
0.0
  0
LINE
  5
EE5
330
17
100
AcDbEntity
  8
0
100
AcDbLine
 10
-4.50487
 20
-4.14492
 30
0.0
 11
-4.49514
 21
-4.14761
 31
0.0
  0
LINE
  5
EE6
330
17
100
AcDbEntity
  8
0
100
AcDbLine
 10
-4.49514
 20
-4.14761
 30
0.0
 11
-4.48517
 21
-4.14924
 31
0.0
  0
LINE
  5
EE7
330
17
100
AcDbEntity
  8
0
100
AcDbLine
 10
-4.48517
 20
-4.14924
 30
0.0
 11
-4.47508
 21
-4.14978
 31
0.0
  0
LINE
  5
EE8
330
17
100
AcDbEntity
  8
0
100
AcDbLine
 10
-4.47508
 20
-4.14978
 30
0.0
 11
-4.46476
 21
-4.14923
 31
0.0
  0
LINE
  5
EE9
330
17
100
AcDbEntity
  8
0
100
AcDbLine
 10
-4.46476
 20
-4.14923
 30
0.0
 11
-4.45455
 21
-4.147600000000001
 31
0.0
  0
LINE
  5
EEA
330
17
100
AcDbEntity
  8
0
100
AcDbLine
 10
-4.45455
 20
-4.147600000000001
 30
0.0
 11
-4.44457
 21
-4.14489
 31
0.0
  0
LINE
  5
EEB
330
17
100
AcDbEntity
  8
0
100
AcDbLine
 10
-4.44457
 20
-4.14489
 30
0.0
 11
-4.43494
 21
-4.14114
 31
0.0
  0
LINE
  5
EEC
330
17
100
AcDbEntity
  8
0
100
AcDbLine
 10
-4.43494
 20
-4.14114
 30
0.0
 11
-4.42576
 21
-4.1364
 31
0.0
  0
LINE
  5
EED
330
17
100
AcDbEntity
  8
0
100
AcDbLine
 10
-4.42576
 20
-4.1364
 30
0.0
 11
-4.41713
 21
-4.1307100000000005
 31
0.0
  0
LINE
  5
EEE
330
17
100
AcDbEntity
  8
0
100
AcDbLine
 10
-4.41713
 20
-4.1307100000000005
 30
0.0
 11
-4.4091499999999995
 21
-4.12414
 31
0.0
  0
LINE
  5
EEF
330
17
100
AcDbEntity
  8
0
100
AcDbLine
 10
-4.4091499999999995
 20
-4.12414
 30
0.0
 11
-4.40191
 21
-4.116759999999999
 31
0.0
  0
LINE
  5
EF0
330
17
100
AcDbEntity
  8
0
100
AcDbLine
 10
-4.40191
 20
-4.116759999999999
 30
0.0
 11
-4.395490000000001
 21
-4.10865
 31
0.0
  0
LINE
  5
EF1
330
17
100
AcDbEntity
  8
0
100
AcDbLine
 10
-4.395490000000001
 20
-4.10865
 30
0.0
 11
-4.38997
 21
-4.09992
 31
0.0
  0
LINE
  5
EF2
330
17
100
AcDbEntity
  8
0
100
AcDbLine
 10
-4.38997
 20
-4.09992
 30
0.0
 11
-4.385400000000001
 21
-4.09065
 31
0.0
  0
LINE
  5
EF3
330
17
100
AcDbEntity
  8
0
100
AcDbLine
 10
-4.385400000000001
 20
-4.09065
 30
0.0
 11
-4.38183
 21
-4.08094
 31
0.0
  0
LINE
  5
EF4
330
17
100
AcDbEntity
  8
0
100
AcDbLine
 10
-4.38183
 20
-4.08094
 30
0.0
 11
-4.37932
 21
-4.070919999999999
 31
0.0
  0
LINE
  5
EF5
330
17
100
AcDbEntity
  8
0
100
AcDbLine
 10
-4.37932
 20
-4.070919999999999
 30
0.0
 11
-4.37787
 21
-4.06068
 31
0.0
  0
LINE
  5
EF6
330
17
100
AcDbEntity
  8
0
100
AcDbLine
 10
-4.37787
 20
-4.06068
 30
0.0
 11
-4.33555
 21
-3.4252000000000002
 31
0.0
  0
LINE
  5
EF7
330
17
100
AcDbEntity
  8
0
100
AcDbLine
 10
-4.33555
 20
-3.4252000000000002
 30
0.0
 11
-4.31899
 21
-2.84592
 31
0.0
  0
LINE
  5
EF8
330
17
100
AcDbEntity
  8
0
100
AcDbLine
 10
-4.31899
 20
-2.84592
 30
0.0
 11
-4.3048
 21
-2.34947
 31
0.0
  0
LINE
  5
EF9
330
17
100
AcDbEntity
  8
0
100
AcDbLine
 10
-4.3048
 20
-2.34947
 30
0.0
 11
-4.28364
 21
0.006279999999999841
 31
0.0
  0
LINE
  5
EFA
330
17
100
AcDbEntity
  8
0
100
AcDbLine
 10
-4.28364
 20
0.00628
 30
0.0
 11
-4.26364
 21
2.92815
 31
0.0
  0
LINE
  5
EFB
330
17
100
AcDbEntity
  8
0
100
AcDbLine
 10
-4.26364
 20
2.92815
 30
0.0
 11
-4.2630799999999995
 21
3.00964
 31
0.0
  0
LINE
  5
EFC
330
17
100
AcDbEntity
  8
0
100
AcDbLine
 10
-4.2630799999999995
 20
3.00964
 30
0.0
 11
-4.25519
 21
4.1623399999999995
 31
0.0
  0
LINE
  5
EFD
330
17
100
AcDbEntity
  8
0
100
AcDbLine
 10
-4.25519
 20
4.1623399999999995
 30
0.0
 11
-3.8761799999999997
 21
4.1623399999999995
 31
0.0
  0
LINE
  5
EFE
330
17
100
AcDbEntity
  8
0
100
AcDbLine
 10
-3.8761799999999997
 20
4.1623399999999995
 30
0.0
 11
-3.67881
 21
4.17129
 31
0.0
  0
LINE
  5
EFF
330
17
100
AcDbEntity
  8
0
100
AcDbLine
 10
-3.67881
 20
4.17129
 30
0.0
 11
-3.65082
 21
4.17536
 31
0.0
  0
LINE
  5
F00
330
17
100
AcDbEntity
  8
0
100
AcDbLine
 10
-3.65082
 20
4.17536
 30
0.0
 11
-3.62344
 21
4.18241
 31
0.0
  0
LINE
  5
F01
330
17
100
AcDbEntity
  8
0
100
AcDbLine
 10
-3.62344
 20
4.18241
 30
0.0
 11
-3.5969700000000002
 21
4.19235
 31
0.0
  0
LINE
  5
F02
330
17
100
AcDbEntity
  8
0
100
AcDbLine
 10
-3.5969700000000002
 20
4.19235
 30
0.0
 11
-3.57172
 21
4.20508
 31
0.0
  0
LINE
  5
F03
330
17
100
AcDbEntity
  8
0
100
AcDbLine
 10
-3.57172
 20
4.20508
 30
0.0
 11
-3.5611800000000002
 21
4.21184
 31
0.0
  0
LINE
  5
F04
330
17
100
AcDbEntity
  8
0
100
AcDbLine
 10
-3.5611800000000002
 20
4.21184
 30
0.0
 11
-3.55151
 21
4.21952
 31
0.0
  0
LINE
  5
F05
330
17
100
AcDbEntity
  8
0
100
AcDbLine
 10
-3.55151
 20
4.21952
 30
0.0
 11
-3.55138
 21
4.21962
 31
0.0
  0
LINE
  5
F06
330
17
100
AcDbEntity
  8
0
100
AcDbLine
 10
-3.55138
 20
4.21962
 30
0.0
 11
-3.5423999999999998
 21
4.22835
 31
0.0
  0
LINE
  5
F07
330
17
100
AcDbEntity
  8
0
100
AcDbLine
 10
-3.5423999999999998
 20
4.22835
 30
0.0
 11
-3.53433
 21
4.23793
 31
0.0
  0
LINE
  5
F08
330
17
100
AcDbEntity
  8
0
100
AcDbLine
 10
-3.53433
 20
4.23793
 30
0.0
 11
-3.5272699999999997
 21
4.24826
 31
0.0
  0
LINE
  5
F09
330
17
100
AcDbEntity
  8
0
100
AcDbLine
 10
-3.5272699999999997
 20
4.24826
 30
0.0
 11
-3.52127
 21
4.25925
 31
0.0
  0
LINE
  5
F0A
330
17
100
AcDbEntity
  8
0
100
AcDbLine
 10
-3.52127
 20
4.25925
 30
0.0
 11
-3.5164
 21
4.27079
 31
0.0
  0
LINE
  5
F0B
330
17
100
AcDbEntity
  8
0
100
AcDbLine
 10
-3.5164
 20
4.27079
 30
0.0
 11
-3.50804
 21
4.29727
 31
0.0
  0
LINE
  5
F0C
330
17
100
AcDbEntity
  8
0
100
AcDbLine
 10
-3.50804
 20
4.29727
 30
0.0
 11
-3.50202
 21
4.32438
 31
0.0
  0
LINE
  5
F0D
330
17
100
AcDbEntity
  8
0
100
AcDbLine
 10
-3.50202
 20
4.32438
 30
0.0
 11
-3.49839
 21
4.351909999999999
 31
0.0
  0
LINE
  5
F0E
330
17
100
AcDbEntity
  8
0
100
AcDbLine
 10
-3.49839
 20
4.351909999999999
 30
0.0
 11
-3.4971799999999997
 21
4.37965
 31
0.0
  0
LINE
  5
F0F
330
17
100
AcDbEntity
  8
0
100
AcDbLine
 10
-3.4971799999999997
 20
4.37965
 30
0.0
 11
-3.49891
 21
4.413989999999999
 31
0.0
  0
LINE
  5
F10
330
17
100
AcDbEntity
  8
0
100
AcDbLine
 10
-3.49891
 20
4.413989999999999
 30
0.0
 11
-3.5041
 21
4.447979999999999
 31
0.0
  0
LINE
  5
F11
330
17
100
AcDbEntity
  8
0
100
AcDbLine
 10
-3.5041
 20
4.447979999999999
 30
0.0
 11
-3.51267
 21
4.48127
 31
0.0
  0
LINE
  5
F12
330
17
100
AcDbEntity
  8
0
100
AcDbLine
 10
-3.51267
 20
4.48127
 30
0.0
 11
-3.51739
 21
4.49411
 31
0.0
  0
LINE
  5
F13
330
17
100
AcDbEntity
  8
0
100
AcDbLine
 10
-3.51739
 20
4.49411
 30
0.0
 11
-3.52335
 21
4.506419999999999
 31
0.0
  0
LINE
  5
F14
330
17
100
AcDbEntity
  8
0
100
AcDbLine
 10
-3.52335
 20
4.506419999999999
 30
0.0
 11
-3.53049
 21
4.518079999999999
 31
0.0
  0
LINE
  5
F15
330
17
100
AcDbEntity
  8
0
100
AcDbLine
 10
-3.53049
 20
4.518079999999999
 30
0.0
 11
-3.5387600000000003
 21
4.52898
 31
0.0
  0
LINE
  5
F16
330
17
100
AcDbEntity
  8
0
100
AcDbLine
 10
-3.5387600000000003
 20
4.52898
 30
0.0
 11
-3.54806
 21
4.539009999999999
 31
0.0
  0
LINE
  5
F17
330
17
100
AcDbEntity
  8
0
100
AcDbLine
 10
-3.54806
 20
4.539009999999999
 30
0.0
 11
-3.55151
 21
4.542059999999999
 31
0.0
  0
LINE
  5
F18
330
17
100
AcDbEntity
  8
0
100
AcDbLine
 10
-3.55151
 20
4.542059999999999
 30
0.0
 11
-3.5583
 21
4.54807
 31
0.0
  0
LINE
  5
F19
330
17
100
AcDbEntity
  8
0
100
AcDbLine
 10
-3.5583
 20
4.54807
 30
0.0
 11
-3.57306
 21
4.558719999999999
 31
0.0
  0
LINE
  5
F1A
330
17
100
AcDbEntity
  8
0
100
AcDbLine
 10
-3.57306
 20
4.558719999999999
 30
0.0
 11
-3.58879
 21
4.56786
 31
0.0
  0
LINE
  5
F1B
330
17
100
AcDbEntity
  8
0
100
AcDbLine
 10
-3.58879
 20
4.56786
 30
0.0
 11
-3.60536
 21
4.5754
 31
0.0
  0
LINE
  5
F1C
330
17
100
AcDbEntity
  8
0
100
AcDbLine
 10
-3.60536
 20
4.5754
 30
0.0
 11
-3.6225799999999997
 21
4.58126
 31
0.0
  0
LINE
  5
F1D
330
17
100
AcDbEntity
  8
0
100
AcDbLine
 10
-3.6225799999999997
 20
4.58126
 30
0.0
 11
-3.64031
 21
4.58539
 31
0.0
  0
LINE
  5
F1E
330
17
100
AcDbEntity
  8
0
100
AcDbLine
 10
-3.64031
 20
4.58539
 30
0.0
 11
-3.7043000000000004
 21
4.59406
 31
0.0
  0
LINE
  5
F1F
330
17
100
AcDbEntity
  8
0
100
AcDbLine
 10
-3.7043000000000004
 20
4.59406
 30
0.0
 11
-3.76882
 21
4.59696
 31
0.0
  0
LINE
  5
F20
330
17
100
AcDbEntity
  8
0
100
AcDbLine
 10
-3.76882
 20
4.59696
 30
0.0
 11
-3.82176
 21
4.59971
 31
0.0
  0
LINE
  5
F21
330
17
100
AcDbEntity
  8
0
100
AcDbLine
 10
-3.82176
 20
4.59971
 30
0.0
 11
-3.87413
 21
4.60792
 31
0.0
  0
LINE
  5
F22
330
17
100
AcDbEntity
  8
0
100
AcDbLine
 10
-3.87413
 20
4.60792
 30
0.0
 11
-3.92537
 21
4.62151
 31
0.0
  0
LINE
  5
F23
330
17
100
AcDbEntity
  8
0
100
AcDbLine
 10
-3.92537
 20
4.62151
 30
0.0
 11
-3.9368299999999996
 21
4.62583
 31
0.0
  0
LINE
  5
F24
330
17
100
AcDbEntity
  8
0
100
AcDbLine
 10
-3.9368299999999996
 20
4.62583
 30
0.0
 11
-3.9477999999999995
 21
4.63126
 31
0.0
  0
LINE
  5
F25
330
17
100
AcDbEntity
  8
0
100
AcDbLine
 10
-3.9477999999999995
 20
4.63126
 30
0.0
 11
-3.9581800000000005
 21
4.6377500000000005
 31
0.0
  0
LINE
  5
F26
330
17
100
AcDbEntity
  8
0
100
AcDbLine
 10
-3.9581800000000005
 20
4.6377500000000005
 30
0.0
 11
-3.96787
 21
4.64524
 31
0.0
  0
LINE
  5
F27
330
17
100
AcDbEntity
  8
0
100
AcDbLine
 10
-3.96787
 20
4.64524
 30
0.0
 11
-3.97676
 21
4.6536599999999995
 31
0.0
  0
LINE
  5
F28
330
17
100
AcDbEntity
  8
0
100
AcDbLine
 10
-3.97676
 20
4.6536599999999995
 30
0.0
 11
-3.98478
 21
4.66291
 31
0.0
  0
LINE
  5
F29
330
17
100
AcDbEntity
  8
0
100
AcDbLine
 10
-3.98478
 20
4.66291
 30
0.0
 11
-3.99185
 21
4.67291
 31
0.0
  0
LINE
  5
F2A
330
17
100
AcDbEntity
  8
0
100
AcDbLine
 10
-3.99185
 20
4.67291
 30
0.0
 11
-3.9978899999999995
 21
4.68356
 31
0.0
  0
LINE
  5
F2B
330
17
100
AcDbEntity
  8
0
100
AcDbLine
 10
-3.9978899999999995
 20
4.68356
 30
0.0
 11
-4.00285
 21
4.69475
 31
0.0
  0
LINE
  5
F2C
330
17
100
AcDbEntity
  8
0
100
AcDbLine
 10
-4.00285
 20
4.69475
 30
0.0
 11
-4.01594
 21
4.733689999999999
 31
0.0
  0
LINE
  5
F2D
330
17
100
AcDbEntity
  8
0
100
AcDbLine
 10
-4.01594
 20
4.733689999999999
 30
0.0
 11
-4.02567
 21
4.7736
 31
0.0
  0
LINE
  5
F2E
330
17
100
AcDbEntity
  8
0
100
AcDbLine
 10
-4.02567
 20
4.7736
 30
0.0
 11
-4.03195
 21
4.81419
 31
0.0
  0
LINE
  5
F2F
330
17
100
AcDbEntity
  8
0
100
AcDbLine
 10
-4.03195
 20
4.81419
 30
0.0
 11
-4.03475
 21
4.85518
 31
0.0
  0
LINE
  5
F30
330
17
100
AcDbEntity
  8
0
100
AcDbLine
 10
-4.03475
 20
4.85518
 30
0.0
 11
-4.04046
 21
5.30322
 31
0.0
  0
LINE
  5
F31
330
17
100
AcDbEntity
  8
0
100
AcDbLine
 10
-4.04046
 20
5.30322
 30
0.0
 11
-4.04046
 21
5.408589999999999
 31
0.0
  0
LINE
  5
F32
330
17
100
AcDbEntity
  8
0
100
AcDbLine
 10
-4.04046
 20
5.408589999999999
 30
0.0
 11
-4.04046
 21
5.7921700000000005
 31
0.0
  0
LINE
  5
F33
330
17
100
AcDbEntity
  8
0
100
AcDbLine
 10
-4.04046
 20
5.7921700000000005
 30
0.0
 11
-4.04046
 21
6.00948
 31
0.0
  0
LINE
  5
F34
330
17
100
AcDbEntity
  8
0
100
AcDbLine
 10
-4.04046
 20
6.00948
 30
0.0
 11
-3.55151
 21
6.00948
 31
0.0
  0
LINE
  5
F35
330
17
100
AcDbEntity
  8
0
100
AcDbLine
 10
-3.55151
 20
6.00948
 30
0.0
 11
-3.2719
 21
6.00948
 31
0.0
  0
LINE
  5
F36
330
17
100
AcDbEntity
  8
0
100
AcDbLine
 10
-3.2719
 20
6.00948
 30
0.0
 11
-2.83272
 21
6.015129999999999
 31
0.0
  0
LINE
  5
F37
330
17
100
AcDbEntity
  8
0
100
AcDbLine
 10
-2.83272
 20
6.015129999999999
 30
0.0
 11
-2.7683
 21
6.01925
 31
0.0
  0
LINE
  5
F38
330
17
100
AcDbEntity
  8
0
100
AcDbLine
 10
-2.7683
 20
6.01925
 30
0.0
 11
-2.70439
 21
6.02825
 31
0.0
  0
LINE
  5
F39
330
17
100
AcDbEntity
  8
0
100
AcDbLine
 10
-2.70439
 20
6.02825
 30
0.0
 11
-2.64134
 21
6.04208
 31
0.0
  0
LINE
  5
F3A
330
17
100
AcDbEntity
  8
0
100
AcDbLine
 10
-2.64134
 20
6.04208
 30
0.0
 11
-2.6272100000000003
 21
6.04656
 31
0.0
  0
LINE
  5
F3B
330
17
100
AcDbEntity
  8
0
100
AcDbLine
 10
-2.6272100000000003
 20
6.04656
 30
0.0
 11
-2.61362
 21
6.05251
 31
0.0
  0
LINE
  5
F3C
330
17
100
AcDbEntity
  8
0
100
AcDbLine
 10
-2.61362
 20
6.05251
 30
0.0
 11
-2.6007399999999996
 21
6.05985
 31
0.0
  0
LINE
  5
F3D
330
17
100
AcDbEntity
  8
0
100
AcDbLine
 10
-2.6007399999999996
 20
6.05985
 30
0.0
 11
-2.5887000000000002
 21
6.06851
 31
0.0
  0
LINE
  5
F3E
330
17
100
AcDbEntity
  8
0
100
AcDbLine
 10
-2.5887000000000002
 20
6.06851
 30
0.0
 11
-2.57764
 21
6.0784
 31
0.0
  0
LINE
  5
F3F
330
17
100
AcDbEntity
  8
0
100
AcDbLine
 10
-2.57764
 20
6.0784
 30
0.0
 11
-2.5676900000000002
 21
6.08939
 31
0.0
  0
LINE
  5
F40
330
17
100
AcDbEntity
  8
0
100
AcDbLine
 10
-2.5676900000000002
 20
6.08939
 30
0.0
 11
-2.55895
 21
6.10137
 31
0.0
  0
LINE
  5
F41
330
17
100
AcDbEntity
  8
0
100
AcDbLine
 10
-2.55895
 20
6.10137
 30
0.0
 11
-2.55247
 21
6.11244
 31
0.0
  0
LINE
  5
F42
330
17
100
AcDbEntity
  8
0
100
AcDbLine
 10
-2.55247
 20
6.11244
 30
0.0
 11
-2.5470800000000002
 21
6.124079999999999
 31
0.0
  0
LINE
  5
F43
330
17
100
AcDbEntity
  8
0
100
AcDbLine
 10
-2.5470800000000002
 20
6.124079999999999
 30
0.0
 11
-2.54283
 21
6.13617
 31
0.0
  0
LINE
  5
F44
330
17
100
AcDbEntity
  8
0
100
AcDbLine
 10
-2.54283
 20
6.13617
 30
0.0
 11
-2.5397499999999997
 21
6.148619999999999
 31
0.0
  0
LINE
  5
F45
330
17
100
AcDbEntity
  8
0
100
AcDbLine
 10
-2.5397499999999997
 20
6.148619999999999
 30
0.0
 11
-2.53787
 21
6.161309999999999
 31
0.0
  0
LINE
  5
F46
330
17
100
AcDbEntity
  8
0
100
AcDbLine
 10
-2.53787
 20
6.161309999999999
 30
0.0
 11
-2.53722
 21
6.17412
 31
0.0
  0
LINE
  5
F47
330
17
100
AcDbEntity
  8
0
100
AcDbLine
 10
-2.53722
 20
6.17412
 30
0.0
 11
-2.5377899999999998
 21
6.18693
 31
0.0
  0
LINE
  5
F48
330
17
100
AcDbEntity
  8
0
100
AcDbLine
 10
-2.5377899999999998
 20
6.18693
 30
0.0
 11
-2.53959
 21
6.19963
 31
0.0
  0
LINE
  5
F49
330
17
100
AcDbEntity
  8
0
100
AcDbLine
 10
-2.53959
 20
6.19963
 30
0.0
 11
-2.54448
 21
6.21957
 31
0.0
  0
LINE
  5
F4A
330
17
100
AcDbEntity
  8
0
100
AcDbLine
 10
-2.54448
 20
6.21957
 30
0.0
 11
-2.55142
 21
6.2388900000000005
 31
0.0
  0
LINE
  5
F4B
330
17
100
AcDbEntity
  8
0
100
AcDbLine
 10
-2.55142
 20
6.2388900000000005
 30
0.0
 11
-2.56033
 21
6.2573799999999995
 31
0.0
  0
LINE
  5
F4C
330
17
100
AcDbEntity
  8
0
100
AcDbLine
 10
-2.56033
 20
6.2573799999999995
 30
0.0
 11
-2.57112
 21
6.27485
 31
0.0
  0
LINE
  5
F4D
330
17
100
AcDbEntity
  8
0
100
AcDbLine
 10
-2.57112
 20
6.27485
 30
0.0
 11
-2.59015
 21
6.299790000000001
 31
0.0
  0
LINE
  5
F4E
330
17
100
AcDbEntity
  8
0
100
AcDbLine
 10
-2.59015
 20
6.299790000000001
 30
0.0
 11
-2.6114100000000002
 21
6.3228599999999995
 31
0.0
  0
LINE
  5
F4F
330
17
100
AcDbEntity
  8
0
100
AcDbLine
 10
-2.6114100000000002
 20
6.3228599999999995
 30
0.0
 11
-2.63471
 21
6.343859999999999
 31
0.0
  0
LINE
  5
F50
330
17
100
AcDbEntity
  8
0
100
AcDbLine
 10
-2.63471
 20
6.343859999999999
 30
0.0
 11
-2.6613499999999997
 21
6.36384
 31
0.0
  0
LINE
  5
F51
330
17
100
AcDbEntity
  8
0
100
AcDbLine
 10
-2.6613499999999997
 20
6.36384
 30
0.0
 11
-2.68962
 21
6.381419999999999
 31
0.0
  0
LINE
  5
F52
330
17
100
AcDbEntity
  8
0
100
AcDbLine
 10
-2.68962
 20
6.381419999999999
 30
0.0
 11
-2.71933
 21
6.396459999999999
 31
0.0
  0
LINE
  5
F53
330
17
100
AcDbEntity
  8
0
100
AcDbLine
 10
-2.71933
 20
6.396459999999999
 30
0.0
 11
-2.7494899999999998
 21
6.40844
 31
0.0
  0
LINE
  5
F54
330
17
100
AcDbEntity
  8
0
100
AcDbLine
 10
-2.7494899999999998
 20
6.40844
 30
0.0
 11
-2.78064
 21
6.417520000000001
 31
0.0
  0
LINE
  5
F55
330
17
100
AcDbEntity
  8
0
100
AcDbLine
 10
-2.78064
 20
6.417520000000001
 30
0.0
 11
-2.8125099999999996
 21
6.42362
 31
0.0
  0
LINE
  5
F56
330
17
100
AcDbEntity
  8
0
100
AcDbLine
 10
-2.8125099999999996
 20
6.42362
 30
0.0
 11
-2.84698
 21
6.43033
 31
0.0
  0
LINE
  5
F57
330
17
100
AcDbEntity
  8
0
100
AcDbLine
 10
-2.84698
 20
6.43033
 30
0.0
 11
-2.8806000000000003
 21
6.44047
 31
0.0
  0
LINE
  5
F58
330
17
100
AcDbEntity
  8
0
100
AcDbLine
 10
-2.8806000000000003
 20
6.44047
 30
0.0
 11
-2.91302
 21
6.45394
 31
0.0
  0
LINE
  5
F59
330
17
100
AcDbEntity
  8
0
100
AcDbLine
 10
-2.91302
 20
6.45394
 30
0.0
 11
-2.93532
 21
6.46574
 31
0.0
  0
LINE
  5
F5A
330
17
100
AcDbEntity
  8
0
100
AcDbLine
 10
-2.93532
 20
6.46574
 30
0.0
 11
-2.95652
 21
6.47941
 31
0.0
  0
LINE
  5
F5B
330
17
100
AcDbEntity
  8
0
100
AcDbLine
 10
-2.95652
 20
6.47941
 30
0.0
 11
-2.97647
 21
6.49485
 31
0.0
  0
LINE
  5
F5C
330
17
100
AcDbEntity
  8
0
100
AcDbLine
 10
-2.97647
 20
6.49485
 30
0.0
 11
-2.9950200000000002
 21
6.51194
 31
0.0
  0
LINE
  5
F5D
330
17
100
AcDbEntity
  8
0
100
AcDbLine
 10
-2.9950200000000002
 20
6.51194
 30
0.0
 11
-3.01206
 21
6.53059
 31
0.0
  0
LINE
  5
F5E
330
17
100
AcDbEntity
  8
0
100
AcDbLine
 10
-3.01206
 20
6.53059
 30
0.0
 11
-3.02745
 21
6.55063
 31
0.0
  0
LINE
  5
F5F
330
17
100
AcDbEntity
  8
0
100
AcDbLine
 10
-3.02745
 20
6.55063
 30
0.0
 11
-3.04106
 21
6.57191
 31
0.0
  0
LINE
  5
F60
330
17
100
AcDbEntity
  8
0
100
AcDbLine
 10
-3.04106
 20
6.57191
 30
0.0
 11
-3.05281
 21
6.59428
 31
0.0
  0
LINE
  5
F61
330
17
100
AcDbEntity
  8
0
100
AcDbLine
 10
-3.05281
 20
6.59428
 30
0.0
 11
-3.06623
 21
6.62688
 31
0.0
  0
LINE
  5
F62
330
17
100
AcDbEntity
  8
0
100
AcDbLine
 10
-3.06623
 20
6.62688
 30
0.0
 11
-3.07634
 21
6.6606499999999995
 31
0.0
  0
LINE
  5
F63
330
17
100
AcDbEntity
  8
0
100
AcDbLine
 10
-3.07634
 20
6.6606499999999995
 30
0.0
 11
-3.08304
 21
6.695259999999999
 31
0.0
  0
LINE
  5
F64
330
17
100
AcDbEntity
  8
0
100
AcDbLine
 10
-3.08304
 20
6.695259999999999
 30
0.0
 11
-3.08899
 21
6.727
 31
0.0
  0
LINE
  5
F65
330
17
100
AcDbEntity
  8
0
100
AcDbLine
 10
-3.08899
 20
6.727
 30
0.0
 11
-3.09769
 21
6.758089999999999
 31
0.0
  0
LINE
  5
F66
330
17
100
AcDbEntity
  8
0
100
AcDbLine
 10
-3.09769
 20
6.758089999999999
 30
0.0
 11
-3.10909
 21
6.78831
 31
0.0
  0
LINE
  5
F67
330
17
100
AcDbEntity
  8
0
100
AcDbLine
 10
-3.10909
 20
6.78831
 30
0.0
 11
-3.12309
 21
6.817410000000001
 31
0.0
  0
LINE
  5
F68
330
17
100
AcDbEntity
  8
0
100
AcDbLine
 10
-3.12309
 20
6.817410000000001
 30
0.0
 11
-3.13245
 21
6.83301
 31
0.0
  0
LINE
  5
F69
330
17
100
AcDbEntity
  8
0
100
AcDbLine
 10
-3.13245
 20
6.83301
 30
0.0
 11
-3.14326
 21
6.84764
 31
0.0
  0
LINE
  5
F6A
330
17
100
AcDbEntity
  8
0
100
AcDbLine
 10
-3.14326
 20
6.84764
 30
0.0
 11
-3.15544
 21
6.86116
 31
0.0
  0
LINE
  5
F6B
330
17
100
AcDbEntity
  8
0
100
AcDbLine
 10
-3.15544
 20
6.86116
 30
0.0
 11
-3.16885
 21
6.87345
 31
0.0
  0
LINE
  5
F6C
330
17
100
AcDbEntity
  8
0
100
AcDbLine
 10
-3.16885
 20
6.87345
 30
0.0
 11
-3.1833899999999997
 21
6.88439
 31
0.0
  0
LINE
  5
F6D
330
17
100
AcDbEntity
  8
0
100
AcDbLine
 10
-3.1833899999999997
 20
6.88439
 30
0.0
 11
-3.19891
 21
6.89388
 31
0.0
  0
LINE
  5
F6E
330
17
100
AcDbEntity
  8
0
100
AcDbLine
 10
-3.19891
 20
6.89388
 30
0.0
 11
-3.23099
 21
6.90964
 31
0.0
  0
LINE
  5
F6F
330
17
100
AcDbEntity
  8
0
100
AcDbLine
 10
-3.23099
 20
6.90964
 30
0.0
 11
-3.2643199999999997
 21
6.92252
 31
0.0
  0
LINE
  5
F70
330
17
100
AcDbEntity
  8
0
100
AcDbLine
 10
-3.2643199999999997
 20
6.92252
 30
0.0
 11
-3.29866
 21
6.93242
 31
0.0
  0
LINE
  5
F71
330
17
100
AcDbEntity
  8
0
100
AcDbLine
 10
-3.29866
 20
6.93242
 30
0.0
 11
-3.33373
 21
6.93927
 31
0.0
  0
LINE
  5
F72
330
17
100
AcDbEntity
  8
0
100
AcDbLine
 10
-3.33373
 20
6.93927
 30
0.0
 11
-3.55151
 21
6.963450000000001
 31
0.0
  0
LINE
  5
F73
330
17
100
AcDbEntity
  8
0
100
AcDbLine
 10
-3.55151
 20
6.963450000000001
 30
0.0
 11
-3.57867
 21
6.96646
 31
0.0
  0
LINE
  5
F74
330
17
100
AcDbEntity
  8
0
100
AcDbLine
 10
-3.57867
 20
6.96646
 30
0.0
 11
-4.04046
 21
6.9998700000000005
 31
0.0
  0
LINE
  5
F75
330
17
100
AcDbEntity
  8
0
100
AcDbLine
 10
-4.04046
 20
6.9998700000000005
 30
0.0
 11
-4.04046
 21
8.56288
 31
0.0
  0
LINE
  5
F76
330
17
100
AcDbEntity
  8
0
100
AcDbLine
 10
-4.04046
 20
8.56288
 30
0.0
 11
-4.04046
 21
10.138380000000002
 31
0.0
  0
LINE
  5
F77
330
17
100
AcDbEntity
  8
0
100
AcDbLine
 10
-4.04046
 20
10.138380000000002
 30
0.0
 11
-4.63806
 21
10.138380000000002
 31
0.0
  0
LINE
  5
F78
330
17
100
AcDbEntity
  8
0
100
AcDbLine
 10
-4.63806
 20
10.138380000000002
 30
0.0
 11
-4.93094
 21
10.14569
 31
0.0
  0
LINE
  5
F79
330
17
100
AcDbEntity
  8
0
100
AcDbLine
 10
-4.93094
 20
10.14569
 30
0.0
 11
-5.01883
 21
10.15467
 31
0.0
  0
LINE
  5
F7A
330
17
100
AcDbEntity
  8
0
100
AcDbLine
 10
-5.01883
 20
10.15467
 30
0.0
 11
-5.10531
 21
10.17269
 31
0.0
  0
LINE
  5
F7B
330
17
100
AcDbEntity
  8
0
100
AcDbLine
 10
-5.10531
 20
10.17269
 30
0.0
 11
-5.13101
 21
10.180969999999999
 31
0.0
  0
LINE
  5
F7C
330
17
100
AcDbEntity
  8
0
100
AcDbLine
 10
-5.13101
 20
10.180969999999999
 30
0.0
 11
-5.155670000000001
 21
10.19196
 31
0.0
  0
LINE
  5
F7D
330
17
100
AcDbEntity
  8
0
100
AcDbLine
 10
-5.155670000000001
 20
10.19196
 30
0.0
 11
-5.17899
 21
10.20555
 31
0.0
  0
LINE
  5
F7E
330
17
100
AcDbEntity
  8
0
100
AcDbLine
 10
-5.17899
 20
10.20555
 30
0.0
 11
-5.20072
 21
10.22158
 31
0.0
  0
LINE
  5
F7F
330
17
100
AcDbEntity
  8
0
100
AcDbLine
 10
-5.20072
 20
10.22158
 30
0.0
 11
-5.20767
 21
10.22791
 31
0.0
  0
LINE
  5
F80
330
17
100
AcDbEntity
  8
0
100
AcDbLine
 10
-5.20767
 20
10.22791
 30
0.0
 11
-5.21397
 21
10.23489
 31
0.0
  0
LINE
  5
F81
330
17
100
AcDbEntity
  8
0
100
AcDbLine
 10
-5.21397
 20
10.23489
 30
0.0
 11
-5.2195599999999995
 21
10.24245
 31
0.0
  0
LINE
  5
F82
330
17
100
AcDbEntity
  8
0
100
AcDbLine
 10
-5.2195599999999995
 20
10.24245
 30
0.0
 11
-5.22438
 21
10.250520000000002
 31
0.0
  0
LINE
  5
F83
330
17
100
AcDbEntity
  8
0
100
AcDbLine
 10
-5.22438
 20
10.250520000000002
 30
0.0
 11
-5.22839
 21
10.259020000000001
 31
0.0
  0
LINE
  5
F84
330
17
100
AcDbEntity
  8
0
100
AcDbLine
 10
-5.22839
 20
10.259020000000001
 30
0.0
 11
-5.2315499999999995
 21
10.26788
 31
0.0
  0
LINE
  5
F85
330
17
100
AcDbEntity
  8
0
100
AcDbLine
 10
-5.2315499999999995
 20
10.26788
 30
0.0
 11
-5.23383
 21
10.277
 31
0.0
  0
LINE
  5
F86
330
17
100
AcDbEntity
  8
0
100
AcDbLine
 10
-5.23383
 20
10.277
 30
0.0
 11
-5.2352099999999995
 21
10.2863
 31
0.0
  0
LINE
  5
F87
330
17
100
AcDbEntity
  8
0
100
AcDbLine
 10
-5.2352099999999995
 20
10.2863
 30
0.0
 11
-5.235670000000001
 21
10.29569
 31
0.0
  0
LINE
  5
F88
330
17
100
AcDbEntity
  8
0
100
AcDbLine
 10
-5.235670000000001
 20
10.29569
 30
0.0
 11
-5.2350900000000005
 21
10.3062
 31
0.0
  0
LINE
  5
F89
330
17
100
AcDbEntity
  8
0
100
AcDbLine
 10
-5.2350900000000005
 20
10.3062
 30
0.0
 11
-5.23339
 21
10.316600000000001
 31
0.0
  0
LINE
  5
F8A
330
17
100
AcDbEntity
  8
0
100
AcDbLine
 10
-5.23339
 20
10.316600000000001
 30
0.0
 11
-5.2305600000000005
 21
10.32675
 31
0.0
  0
LINE
  5
F8B
330
17
100
AcDbEntity
  8
0
100
AcDbLine
 10
-5.2305600000000005
 20
10.32675
 30
0.0
 11
-5.22666
 21
10.33653
 31
0.0
  0
LINE
  5
F8C
330
17
100
AcDbEntity
  8
0
100
AcDbLine
 10
-5.22666
 20
10.33653
 30
0.0
 11
-5.22172
 21
10.34584
 31
0.0
  0
LINE
  5
F8D
330
17
100
AcDbEntity
  8
0
100
AcDbLine
 10
-5.22172
 20
10.34584
 30
0.0
 11
-5.2158
 21
10.35455
 31
0.0
  0
LINE
  5
F8E
330
17
100
AcDbEntity
  8
0
100
AcDbLine
 10
-5.2158
 20
10.35455
 30
0.0
 11
-5.20897
 21
10.36257
 31
0.0
  0
LINE
  5
F8F
330
17
100
AcDbEntity
  8
0
100
AcDbLine
 10
-5.20897
 20
10.36257
 30
0.0
 11
-5.201309999999999
 21
10.3698
 31
0.0
  0
LINE
  5
F90
330
17
100
AcDbEntity
  8
0
100
AcDbLine
 10
-5.201309999999999
 20
10.3698
 30
0.0
 11
-5.17912
 21
10.386849999999999
 31
0.0
  0
LINE
  5
F91
330
17
100
AcDbEntity
  8
0
100
AcDbLine
 10
-5.17912
 20
10.386849999999999
 30
0.0
 11
-5.15542
 21
10.4017
 31
0.0
  0
LINE
  5
F92
330
17
100
AcDbEntity
  8
0
100
AcDbLine
 10
-5.15542
 20
10.4017
 30
0.0
 11
-5.13041
 21
10.41423
 31
0.0
  0
LINE
  5
F93
330
17
100
AcDbEntity
  8
0
100
AcDbLine
 10
-5.13041
 20
10.41423
 30
0.0
 11
-5.10433
 21
10.424330000000001
 31
0.0
  0
LINE
  5
F94
330
17
100
AcDbEntity
  8
0
100
AcDbLine
 10
-5.10433
 20
10.424330000000001
 30
0.0
 11
-5.02007
 21
10.447700000000001
 31
0.0
  0
LINE
  5
F95
330
17
100
AcDbEntity
  8
0
100
AcDbLine
 10
-5.02007
 20
10.447700000000001
 30
0.0
 11
-4.93387
 21
10.462340000000001
 31
0.0
  0
LINE
  5
F96
330
17
100
AcDbEntity
  8
0
100
AcDbLine
 10
-4.93387
 20
10.462340000000001
 30
0.0
 11
-4.66523
 21
10.48583
 31
0.0
  0
LINE
  5
F97
330
17
100
AcDbEntity
  8
0
100
AcDbLine
 10
-4.66523
 20
10.48583
 30
0.0
 11
-4.09479
 21
10.518680000000002
 31
0.0
  0
LINE
  5
F98
330
17
100
AcDbEntity
  8
0
100
AcDbLine
 10
-4.09479
 20
10.518680000000002
 30
0.0
 11
-4.05928
 21
11.931189999999999
 31
0.0
  0
LINE
  5
F99
330
17
100
AcDbEntity
  8
0
100
AcDbLine
 10
-4.05928
 20
11.931189999999999
 30
0.0
 11
-4.03334
 21
12.96342
 31
0.0
  0
LINE
  5
F9A
330
17
100
AcDbEntity
  8
0
100
AcDbLine
 10
-4.03334
 20
12.96342
 30
0.0
 11
-4.41719
 21
12.96342
 31
0.0
  0
LINE
  5
F9B
330
17
100
AcDbEntity
  8
0
100
AcDbLine
 10
-4.41719
 20
12.96342
 30
0.0
 11
-4.6601799999999995
 21
12.97479
 31
0.0
  0
LINE
  5
F9C
330
17
100
AcDbEntity
  8
0
100
AcDbLine
 10
-4.6601799999999995
 20
12.97479
 30
0.0
 11
-4.6735500000000005
 21
12.97673
 31
0.0
  0
LINE
  5
F9D
330
17
100
AcDbEntity
  8
0
100
AcDbLine
 10
-4.6735500000000005
 20
12.97673
 30
0.0
 11
-4.68666
 21
12.98002
 31
0.0
  0
LINE
  5
F9E
330
17
100
AcDbEntity
  8
0
100
AcDbLine
 10
-4.68666
 20
12.98002
 30
0.0
 11
-4.699369999999999
 21
12.984620000000001
 31
0.0
  0
LINE
  5
F9F
330
17
100
AcDbEntity
  8
0
100
AcDbLine
 10
-4.699369999999999
 20
12.984620000000001
 30
0.0
 11
-4.71155
 21
12.99048
 31
0.0
  0
LINE
  5
FA0
330
17
100
AcDbEntity
  8
0
100
AcDbLine
 10
-4.71155
 20
12.99048
 30
0.0
 11
-4.72307
 21
12.99755
 31
0.0
  0
LINE
  5
FA1
330
17
100
AcDbEntity
  8
0
100
AcDbLine
 10
-4.72307
 20
12.99755
 30
0.0
 11
-4.73382
 21
13.00575
 31
0.0
  0
LINE
  5
FA2
330
17
100
AcDbEntity
  8
0
100
AcDbLine
 10
-4.73382
 20
13.00575
 30
0.0
 11
-4.74368
 21
13.014990000000001
 31
0.0
  0
LINE
  5
FA3
330
17
100
AcDbEntity
  8
0
100
AcDbLine
 10
-4.74368
 20
13.014990000000001
 30
0.0
 11
-4.75256
 21
13.02518
 31
0.0
  0
LINE
  5
FA4
330
17
100
AcDbEntity
  8
0
100
AcDbLine
 10
-4.75256
 20
13.02518
 30
0.0
 11
-4.76396
 21
13.041360000000001
 31
0.0
  0
LINE
  5
FA5
330
17
100
AcDbEntity
  8
0
100
AcDbLine
 10
-4.76396
 20
13.041360000000001
 30
0.0
 11
-4.771990000000001
 21
13.055670000000001
 31
0.0
  0
LINE
  5
FA6
330
17
100
AcDbEntity
  8
0
100
AcDbLine
 10
-4.771990000000001
 20
13.055670000000001
 30
0.0
 11
-4.77365
 21
13.058629999999999
 31
0.0
  0
LINE
  5
FA7
330
17
100
AcDbEntity
  8
0
100
AcDbLine
 10
-4.77365
 20
13.058629999999999
 30
0.0
 11
-4.78151
 21
13.076799999999999
 31
0.0
  0
LINE
  5
FA8
330
17
100
AcDbEntity
  8
0
100
AcDbLine
 10
-4.78151
 20
13.076799999999999
 30
0.0
 11
-4.78746
 21
13.09568
 31
0.0
  0
LINE
  5
FA9
330
17
100
AcDbEntity
  8
0
100
AcDbLine
 10
-4.78746
 20
13.09568
 30
0.0
 11
-4.79144
 21
13.11507
 31
0.0
  0
LINE
  5
FAA
330
17
100
AcDbEntity
  8
0
100
AcDbLine
 10
-4.79144
 20
13.11507
 30
0.0
 11
-4.79341
 21
13.13477
 31
0.0
  0
LINE
  5
FAB
330
17
100
AcDbEntity
  8
0
100
AcDbLine
 10
-4.79341
 20
13.13477
 30
0.0
 11
-4.80104
 21
13.45237
 31
0.0
  0
LINE
  5
FAC
330
17
100
AcDbEntity
  8
0
100
AcDbLine
 10
-4.80104
 20
13.45237
 30
0.0
 11
-4.80104
 21
13.94132
 31
0.0
  0
LINE
  5
FAD
330
17
100
AcDbEntity
  8
0
100
AcDbLine
 10
-4.80104
 20
13.94132
 30
0.0
 11
-3.55151
 21
13.94132
 31
0.0
  0
LINE
  5
FAE
330
17
100
AcDbEntity
  8
0
100
AcDbLine
 10
-3.55151
 20
13.94132
 30
0.0
 11
-2.19332
 21
13.94132
 31
0.0
  0
LINE
  5
FAF
330
17
100
AcDbEntity
  8
0
100
AcDbLine
 10
-2.19332
 20
13.94132
 30
0.0
 11
-2.19332
 21
13.66968
 31
0.0
  0
LINE
  5
FB0
330
17
100
AcDbEntity
  8
0
100
AcDbLine
 10
-2.19332
 20
13.66968
 30
0.0
 11
-2.1895399999999996
 21
13.59529
 31
0.0
  0
LINE
  5
FB1
330
17
100
AcDbEntity
  8
0
100
AcDbLine
 10
-2.1895399999999996
 20
13.59529
 30
0.0
 11
-2.1782500000000002
 21
13.52167
 31
0.0
  0
LINE
  5
FB2
330
17
100
AcDbEntity
  8
0
100
AcDbLine
 10
-2.1782500000000002
 20
13.52167
 30
0.0
 11
-2.17484
 21
13.50867
 31
0.0
  0
LINE
  5
FB3
330
17
100
AcDbEntity
  8
0
100
AcDbLine
 10
-2.17484
 20
13.50867
 30
0.0
 11
-2.17007
 21
13.49611
 31
0.0
  0
LINE
  5
FB4
330
17
100
AcDbEntity
  8
0
100
AcDbLine
 10
-2.17007
 20
13.49611
 30
0.0
 11
-2.16399
 21
13.48413
 31
0.0
  0
LINE
  5
FB5
330
17
100
AcDbEntity
  8
0
100
AcDbLine
 10
-2.16399
 20
13.48413
 30
0.0
 11
-2.15666
 21
13.472859999999999
 31
0.0
  0
LINE
  5
FB6
330
17
100
AcDbEntity
  8
0
100
AcDbLine
 10
-2.15666
 20
13.472859999999999
 30
0.0
 11
-2.14817
 21
13.46244
 31
0.0
  0
LINE
  5
FB7
330
17
100
AcDbEntity
  8
0
100
AcDbLine
 10
-2.14817
 20
13.46244
 30
0.0
 11
-2.13863
 21
13.45299
 31
0.0
  0
LINE
  5
FB8
330
17
100
AcDbEntity
  8
0
100
AcDbLine
 10
-2.13863
 20
13.45299
 30
0.0
 11
-2.12812
 21
13.444609999999999
 31
0.0
  0
LINE
  5
FB9
330
17
100
AcDbEntity
  8
0
100
AcDbLine
 10
-2.12812
 20
13.444609999999999
 30
0.0
 11
-2.1096600000000003
 21
13.43285
 31
0.0
  0
LINE
  5
FBA
330
17
100
AcDbEntity
  8
0
100
AcDbLine
 10
-2.1096600000000003
 20
13.43285
 30
0.0
 11
-2.09004
 21
13.42314
 31
0.0
  0
LINE
  5
FBB
330
17
100
AcDbEntity
  8
0
100
AcDbLine
 10
-2.09004
 20
13.42314
 30
0.0
 11
-2.0695
 21
13.41557
 31
0.0
  0
LINE
  5
FBC
330
17
100
AcDbEntity
  8
0
100
AcDbLine
 10
-2.0695
 20
13.41557
 30
0.0
 11
-2.04827
 21
13.41024
 31
0.0
  0
LINE
  5
FBD
330
17
100
AcDbEntity
  8
0
100
AcDbLine
 10
-2.04827
 20
13.41024
 30
0.0
 11
-2.02659
 21
13.4072
 31
0.0
  0
LINE
  5
FBE
330
17
100
AcDbEntity
  8
0
100
AcDbLine
 10
-2.02659
 20
13.4072
 30
0.0
 11
-1.81302
 21
13.39804
 31
0.0
  0
LINE
  5
FBF
330
17
100
AcDbEntity
  8
0
100
AcDbLine
 10
-1.81302
 20
13.39804
 30
0.0
 11
-1.4327299999999998
 21
13.39804
 31
0.0
  0
LINE
  5
FC0
330
17
100
AcDbEntity
  8
0
100
AcDbLine
 10
-1.4327299999999998
 20
13.39804
 30
0.0
 11
-1.4327299999999998
 21
13.055670000000001
 31
0.0
  0
LINE
  5
FC1
330
17
100
AcDbEntity
  8
0
100
AcDbLine
 10
-1.4327299999999998
 20
13.055670000000001
 30
0.0
 11
-1.4327299999999998
 21
11.931189999999999
 31
0.0
  0
LINE
  5
FC2
330
17
100
AcDbEntity
  8
0
100
AcDbLine
 10
-1.4327299999999998
 20
11.931189999999999
 30
0.0
 11
-1.4327299999999998
 21
8.56288
 31
0.0
  0
LINE
  5
FC3
330
17
100
AcDbEntity
  8
0
100
AcDbLine
 10
-1.4327299999999998
 20
8.56288
 30
0.0
 11
-1.4327299999999998
 21
8.3999
 31
0.0
  0
LINE
  5
FC4
330
17
100
AcDbEntity
  8
0
100
AcDbLine
 10
-1.4327299999999998
 20
8.3999
 30
0.0
 11
-2.28414
 21
8.3999
 31
0.0
  0
LINE
  5
FC5
330
17
100
AcDbEntity
  8
0
100
AcDbLine
 10
-2.28414
 20
8.3999
 30
0.0
 11
-2.3563
 21
6.87823
 31
0.0
  0
LINE
  5
FC6
330
17
100
AcDbEntity
  8
0
100
AcDbLine
 10
-2.3563
 20
6.87823
 30
0.0
 11
-1.61271
 21
6.878480000000001
 31
0.0
  0
LINE
  5
FC7
330
17
100
AcDbEntity
  8
0
100
AcDbLine
 10
-1.61271
 20
6.878480000000001
 30
0.0
 11
-1.18866
 21
6.87174
 31
0.0
  0
LINE
  5
FC8
330
17
100
AcDbEntity
  8
0
100
AcDbLine
 10
-1.18866
 20
6.87174
 30
0.0
 11
-1.12058
 21
6.866910000000001
 31
0.0
  0
LINE
  5
FC9
330
17
100
AcDbEntity
  8
0
100
AcDbLine
 10
-1.12058
 20
6.866910000000001
 30
0.0
 11
-1.05308
 21
6.856809999999999
 31
0.0
  0
LINE
  5
FCA
330
17
100
AcDbEntity
  8
0
100
AcDbLine
 10
-1.05308
 20
6.856809999999999
 30
0.0
 11
-0.98657
 21
6.84151
 31
0.0
  0
LINE
  5
FCB
330
17
100
AcDbEntity
  8
0
100
AcDbLine
 10
-0.98657
 20
6.84151
 30
0.0
 11
-0.96193
 21
6.83337
 31
0.0
  0
LINE
  5
FCC
330
17
100
AcDbEntity
  8
0
100
AcDbLine
 10
-0.96193
 20
6.83337
 30
0.0
 11
-0.9383199999999999
 21
6.82262
 31
0.0
  0
LINE
  5
FCD
330
17
100
AcDbEntity
  8
0
100
AcDbLine
 10
-0.9383199999999999
 20
6.82262
 30
0.0
 11
-0.91601
 21
6.809360000000001
 31
0.0
  0
LINE
  5
FCE
330
17
100
AcDbEntity
  8
0
100
AcDbLine
 10
-0.91601
 20
6.809360000000001
 30
0.0
 11
-0.89527
 21
6.79377
 31
0.0
  0
LINE
  5
FCF
330
17
100
AcDbEntity
  8
0
100
AcDbLine
 10
-0.89527
 20
6.79377
 30
0.0
 11
-0.87633
 21
6.7760299999999996
 31
0.0
  0
LINE
  5
FD0
330
17
100
AcDbEntity
  8
0
100
AcDbLine
 10
-0.87633
 20
6.7760299999999996
 30
0.0
 11
-0.85899
 21
6.75595
 31
0.0
  0
LINE
  5
FD1
330
17
100
AcDbEntity
  8
0
100
AcDbLine
 10
-0.85899
 20
6.75595
 30
0.0
 11
-0.8437600000000001
 21
6.73422
 31
0.0
  0
LINE
  5
FD2
330
17
100
AcDbEntity
  8
0
100
AcDbLine
 10
-0.8437600000000001
 20
6.73422
 30
0.0
 11
-0.83082
 21
6.71106
 31
0.0
  0
LINE
  5
FD3
330
17
100
AcDbEntity
  8
0
100
AcDbLine
 10
-0.83082
 20
6.71106
 30
0.0
 11
-0.82029
 21
6.686710000000001
 31
0.0
  0
LINE
  5
FD4
330
17
100
AcDbEntity
  8
0
100
AcDbLine
 10
-0.82029
 20
6.686710000000001
 30
0.0
 11
-0.81228
 21
6.66141
 31
0.0
  0
LINE
  5
FD5
330
17
100
AcDbEntity
  8
0
100
AcDbLine
 10
-0.81228
 20
6.66141
 30
0.0
 11
-0.80348
 21
6.63323
 31
0.0
  0
LINE
  5
FD6
330
17
100
AcDbEntity
  8
0
100
AcDbLine
 10
-0.80348
 20
6.63323
 30
0.0
 11
-0.7920699999999999
 21
6.60599
 31
0.0
  0
LINE
  5
FD7
330
17
100
AcDbEntity
  8
0
100
AcDbLine
 10
-0.7920699999999999
 20
6.60599
 30
0.0
 11
-0.77815
 21
6.57995
 31
0.0
  0
LINE
  5
FD8
330
17
100
AcDbEntity
  8
0
100
AcDbLine
 10
-0.77815
 20
6.57995
 30
0.0
 11
-0.76186
 21
6.55533
 31
0.0
  0
LINE
  5
FD9
330
17
100
AcDbEntity
  8
0
100
AcDbLine
 10
-0.76186
 20
6.55533
 30
0.0
 11
-0.74843
 21
6.53882
 31
0.0
  0
LINE
  5
FDA
330
17
100
AcDbEntity
  8
0
100
AcDbLine
 10
-0.74843
 20
6.53882
 30
0.0
 11
-0.7333799999999999
 21
6.5237799999999995
 31
0.0
  0
LINE
  5
FDB
330
17
100
AcDbEntity
  8
0
100
AcDbLine
 10
-0.7333799999999999
 20
6.5237799999999995
 30
0.0
 11
-0.71686
 21
6.51035
 31
0.0
  0
LINE
  5
FDC
330
17
100
AcDbEntity
  8
0
100
AcDbLine
 10
-0.71686
 20
6.51035
 30
0.0
 11
-0.69906
 21
6.49869
 31
0.0
  0
LINE
  5
FDD
330
17
100
AcDbEntity
  8
0
100
AcDbLine
 10
-0.69906
 20
6.49869
 30
0.0
 11
-0.68016
 21
6.48891
 31
0.0
  0
LINE
  5
FDE
330
17
100
AcDbEntity
  8
0
100
AcDbLine
 10
-0.68016
 20
6.48891
 30
0.0
 11
-0.64845
 21
6.47609
 31
0.0
  0
LINE
  5
FDF
330
17
100
AcDbEntity
  8
0
100
AcDbLine
 10
-0.64845
 20
6.47609
 30
0.0
 11
-0.6157699999999999
 21
6.465949999999999
 31
0.0
  0
LINE
  5
FE0
330
17
100
AcDbEntity
  8
0
100
AcDbLine
 10
-0.6157699999999999
 20
6.465949999999999
 30
0.0
 11
-0.58236
 21
6.45857
 31
0.0
  0
LINE
  5
FE1
330
17
100
AcDbEntity
  8
0
100
AcDbLine
 10
-0.58236
 20
6.45857
 30
0.0
 11
-0.54846
 21
6.454009999999999
 31
0.0
  0
LINE
  5
FE2
330
17
100
AcDbEntity
  8
0
100
AcDbLine
 10
-0.54846
 20
6.454009999999999
 30
0.0
 11
-0.33351000000000003
 21
6.444100000000001
 31
0.0
  0
LINE
  5
FE3
330
17
100
AcDbEntity
  8
0
100
AcDbLine
 10
-0.33351000000000003
 20
6.444100000000001
 30
0.0
 11
-0.13556
 21
6.43566
 31
0.0
  0
LINE
  5
FE4
330
17
100
AcDbEntity
  8
0
100
AcDbLine
 10
-0.13556
 20
6.43566
 30
0.0
 11
-0.09253
 21
6.42992
 31
0.0
  0
LINE
  5
FE5
330
17
100
AcDbEntity
  8
0
100
AcDbLine
 10
-0.09253
 20
6.42992
 30
0.0
 11
-0.05023
 21
6.42016
 31
0.0
  0
LINE
  5
FE6
330
17
100
AcDbEntity
  8
0
100
AcDbLine
 10
-0.05023
 20
6.42016
 30
0.0
 11
-0.009050000000000002
 21
6.40645
 31
0.0
  0
LINE
  5
FE7
330
17
100
AcDbEntity
  8
0
100
AcDbLine
 10
-0.009049999999999999
 20
6.40645
 30
0.0
 11
0.007099999999999999
 21
6.399229999999999
 31
0.0
  0
LINE
  5
FE8
330
17
100
AcDbEntity
  8
0
100
AcDbLine
 10
0.0070999999999999995
 20
6.399229999999999
 30
0.0
 11
0.022430000000000002
 21
6.39039
 31
0.0
  0
LINE
  5
FE9
330
17
100
AcDbEntity
  8
0
100
AcDbLine
 10
0.022430000000000002
 20
6.39039
 30
0.0
 11
0.036770000000000004
 21
6.38003
 31
0.0
  0
LINE
  5
FEA
330
17
100
AcDbEntity
  8
0
100
AcDbLine
 10
0.036770000000000004
 20
6.38003
 30
0.0
 11
0.04998
 21
6.36825
 31
0.0
  0
LINE
  5
FEB
330
17
100
AcDbEntity
  8
0
100
AcDbLine
 10
0.04998
 20
6.36825
 30
0.0
 11
0.061900000000000004
 21
6.35518
 31
0.0
  0
LINE
  5
FEC
330
17
100
AcDbEntity
  8
0
100
AcDbLine
 10
0.061900000000000004
 20
6.35518
 30
0.0
 11
0.06873
 21
6.34598
 31
0.0
  0
LINE
  5
FED
330
17
100
AcDbEntity
  8
0
100
AcDbLine
 10
0.06873
 20
6.34598
 30
0.0
 11
0.07463
 21
6.33615
 31
0.0
  0
LINE
  5
FEE
330
17
100
AcDbEntity
  8
0
100
AcDbLine
 10
0.07463
 20
6.33615
 30
0.0
 11
0.07954
 21
6.3258
 31
0.0
  0
LINE
  5
FEF
330
17
100
AcDbEntity
  8
0
100
AcDbLine
 10
0.07954
 20
6.3258
 30
0.0
 11
0.08339999999999999
 21
6.31501
 31
0.0
  0
LINE
  5
FF0
330
17
100
AcDbEntity
  8
0
100
AcDbLine
 10
0.08339999999999999
 20
6.31501
 30
0.0
 11
0.08619
 21
6.3039000000000005
 31
0.0
  0
LINE
  5
FF1
330
17
100
AcDbEntity
  8
0
100
AcDbLine
 10
0.08619
 20
6.3039000000000005
 30
0.0
 11
0.08787
 21
6.29256
 31
0.0
  0
LINE
  5
FF2
330
17
100
AcDbEntity
  8
0
100
AcDbLine
 10
0.08787
 20
6.29256
 30
0.0
 11
0.08843000000000001
 21
6.2811200000000005
 31
0.0
  0
LINE
  5
FF3
330
17
100
AcDbEntity
  8
0
100
AcDbLine
 10
0.08843000000000001
 20
6.2811200000000005
 30
0.0
 11
0.08789
 21
6.27077
 31
0.0
  0
LINE
  5
FF4
330
17
100
AcDbEntity
  8
0
100
AcDbLine
 10
0.08789
 20
6.27077
 30
0.0
 11
0.08626
 21
6.26054
 31
0.0
  0
LINE
  5
FF5
330
17
100
AcDbEntity
  8
0
100
AcDbLine
 10
0.08626
 20
6.26054
 30
0.0
 11
0.08356000000000001
 21
6.2505299999999995
 31
0.0
  0
LINE
  5
FF6
330
17
100
AcDbEntity
  8
0
100
AcDbLine
 10
0.08356000000000001
 20
6.2505299999999995
 30
0.0
 11
0.07983
 21
6.24086
 31
0.0
  0
LINE
  5
FF7
330
17
100
AcDbEntity
  8
0
100
AcDbLine
 10
0.07983
 20
6.24086
 30
0.0
 11
0.0751
 21
6.2316400000000005
 31
0.0
  0
LINE
  5
FF8
330
17
100
AcDbEntity
  8
0
100
AcDbLine
 10
0.0751
 20
6.2316400000000005
 30
0.0
 11
0.06943
 21
6.22297
 31
0.0
  0
LINE
  5
FF9
330
17
100
AcDbEntity
  8
0
100
AcDbLine
 10
0.06943
 20
6.22297
 30
0.0
 11
0.06287999999999999
 21
6.21494
 31
0.0
  0
LINE
  5
FFA
330
17
100
AcDbEntity
  8
0
100
AcDbLine
 10
0.06287999999999999
 20
6.21494
 30
0.0
 11
0.05552
 21
6.2076400000000005
 31
0.0
  0
LINE
  5
FFB
330
17
100
AcDbEntity
  8
0
100
AcDbLine
 10
0.05552
 20
6.2076400000000005
 30
0.0
 11
0.04743
 21
6.20116
 31
0.0
  0
LINE
  5
FFC
330
17
100
AcDbEntity
  8
0
100
AcDbLine
 10
0.04743
 20
6.20116
 30
0.0
 11
0.02129
 21
6.18434
 31
0.0
  0
LINE
  5
FFD
330
17
100
AcDbEntity
  8
0
100
AcDbLine
 10
0.02129
 20
6.18434
 30
0.0
 11
-0.006440000000000001
 21
6.1703
 31
0.0
  0
LINE
  5
FFE
330
17
100
AcDbEntity
  8
0
100
AcDbLine
 10
-0.00644
 20
6.1703
 30
0.0
 11
-0.035469999999999995
 21
6.15919
 31
0.0
  0
LINE
  5
FFF
330
17
100
AcDbEntity
  8
0
100
AcDbLine
 10
-0.035469999999999995
 20
6.15919
 30
0.0
 11
-0.06548999999999999
 21
6.151120000000001
 31
0.0
  0
LINE
  5
1000
330
17
100
AcDbEntity
  8
0
100
AcDbLine
 10
-0.06548999999999999
 20
6.151120000000001
 30
0.0
 11
-0.17194
 21
6.1332
 31
0.0
  0
LINE
  5
1001
330
17
100
AcDbEntity
  8
0
100
AcDbLine
 10
-0.17194
 20
6.1332
 30
0.0
 11
-0.27954999999999997
 21
6.12477
 31
0.0
  0
LINE
  5
1002
330
17
100
AcDbEntity
  8
0
100
AcDbLine
 10
-0.27954999999999997
 20
6.12477
 30
0.0
 11
-0.67214
 21
6.11814
 31
0.0
  0
LINE
  5
1003
330
17
100
AcDbEntity
  8
0
100
AcDbLine
 10
-0.67214
 20
6.11814
 30
0.0
 11
-1.4327299999999998
 21
6.11814
 31
0.0
  0
LINE
  5
1004
330
17
100
AcDbEntity
  8
0
100
AcDbLine
 10
-1.4327299999999998
 20
6.11814
 30
0.0
 11
-1.4327299999999998
 21
6.00948
 31
0.0
  0
LINE
  5
1005
330
17
100
AcDbEntity
  8
0
100
AcDbLine
 10
-1.4327299999999998
 20
6.00948
 30
0.0
 11
-1.4327299999999998
 21
5.7921700000000005
 31
0.0
  0
LINE
  5
1006
330
17
100
AcDbEntity
  8
0
100
AcDbLine
 10
-1.4327299999999998
 20
5.7921700000000005
 30
0.0
 11
-1.4327299999999998
 21
5.408589999999999
 31
0.0
  0
LINE
  5
1007
330
17
100
AcDbEntity
  8
0
100
AcDbLine
 10
-1.4327299999999998
 20
5.408589999999999
 30
0.0
 11
-1.4327299999999998
 21
3.00964
 31
0.0
  0
LINE
  5
1008
330
17
100
AcDbEntity
  8
0
100
AcDbLine
 10
-1.4327299999999998
 20
3.00964
 30
0.0
 11
-1.4327299999999998
 21
2.92815
 31
0.0
  0
LINE
  5
1009
330
17
100
AcDbEntity
  8
0
100
AcDbLine
 10
-1.4327299999999998
 20
2.92815
 30
0.0
 11
-1.4327299999999998
 21
-0.35024999999999995
 31
0.0
  0
LINE
  5
100A
330
17
100
AcDbEntity
  8
0
100
AcDbLine
 10
-1.4327299999999998
 20
-0.35024999999999995
 30
0.0
 11
-1.42938
 21
-2.84592
 31
0.0
  0
LINE
  5
100B
330
17
100
AcDbEntity
  8
0
100
AcDbLine
 10
-1.42938
 20
-2.84592
 30
0.0
 11
-1.42777
 21
-4.0386
 31
0.0
  0
LINE
  5
100C
330
17
100
AcDbEntity
  8
0
100
AcDbLine
 10
-1.42777
 20
-4.0386
 30
0.0
 11
-1.40462
 21
-5.7137899999999995
 31
0.0
  0
LINE
  5
100D
330
17
100
AcDbEntity
  8
0
100
AcDbLine
 10
-1.40462
 20
-5.7137899999999995
 30
0.0
 11
-1.36944
 21
-6.7427
 31
0.0
  0
LINE
  5
100E
330
17
100
AcDbEntity
  8
0
100
AcDbLine
 10
-1.36944
 20
-6.7427
 30
0.0
 11
-1.36787
 21
-6.75903
 31
0.0
  0
LINE
  5
100F
330
17
100
AcDbEntity
  8
0
100
AcDbLine
 10
-1.36787
 20
-6.75903
 30
0.0
 11
-1.36458
 21
-6.77511
 31
0.0
  0
LINE
  5
1010
330
17
100
AcDbEntity
  8
0
100
AcDbLine
 10
-1.36458
 20
-6.77511
 30
0.0
 11
-1.35961
 21
-6.79076
 31
0.0
  0
LINE
  5
1011
330
17
100
AcDbEntity
  8
0
100
AcDbLine
 10
-1.35961
 20
-6.79076
 30
0.0
 11
-1.3530300000000002
 21
-6.80579
 31
0.0
  0
LINE
  5
1012
330
17
100
AcDbEntity
  8
0
100
AcDbLine
 10
-1.3530300000000002
 20
-6.80579
 30
0.0
 11
-1.3449
 21
-6.82005
 31
0.0
  0
LINE
  5
1013
330
17
100
AcDbEntity
  8
0
100
AcDbLine
 10
-1.3449
 20
-6.82005
 30
0.0
 11
-1.33531
 21
-6.83337
 31
0.0
  0
LINE
  5
1014
330
17
100
AcDbEntity
  8
0
100
AcDbLine
 10
-1.33531
 20
-6.83337
 30
0.0
 11
-1.32437
 21
-6.845610000000001
 31
0.0
  0
LINE
  5
1015
330
17
100
AcDbEntity
  8
0
100
AcDbLine
 10
-1.32437
 20
-6.845610000000001
 30
0.0
 11
-1.3121999999999998
 21
-6.8566199999999995
 31
0.0
  0
LINE
  5
1016
330
17
100
AcDbEntity
  8
0
100
AcDbLine
 10
-1.3121999999999998
 20
-6.8566199999999995
 30
0.0
 11
-1.29894
 21
-6.866289999999999
 31
0.0
  0
LINE
  5
1017
330
17
100
AcDbEntity
  8
0
100
AcDbLine
 10
-1.29894
 20
-6.866289999999999
 30
0.0
 11
-1.28474
 21
-6.87452
 31
0.0
  0
LINE
  5
1018
330
17
100
AcDbEntity
  8
0
100
AcDbLine
 10
-1.28474
 20
-6.87452
 30
0.0
 11
-1.2697500000000002
 21
-6.8812
 31
0.0
  0
LINE
  5
1019
330
17
100
AcDbEntity
  8
0
100
AcDbLine
 10
-1.2697500000000002
 20
-6.8812
 30
0.0
 11
-1.2562
 21
-6.8871899999999995
 31
0.0
  0
LINE
  5
101A
330
17
100
AcDbEntity
  8
0
100
AcDbLine
 10
-1.2562
 20
-6.8871899999999995
 30
0.0
 11
-1.24332
 21
-6.89451
 31
0.0
  0
LINE
  5
101B
330
17
100
AcDbEntity
  8
0
100
AcDbLine
 10
-1.24332
 20
-6.89451
 30
0.0
 11
-1.23123
 21
-6.90308
 31
0.0
  0
LINE
  5
101C
330
17
100
AcDbEntity
  8
0
100
AcDbLine
 10
-1.23123
 20
-6.90308
 30
0.0
 11
-1.22006
 21
-6.91282
 31
0.0
  0
LINE
  5
101D
330
17
100
AcDbEntity
  8
0
100
AcDbLine
 10
-1.22006
 20
-6.91282
 30
0.0
 11
-1.20993
 21
-6.92363
 31
0.0
  0
LINE
  5
101E
330
17
100
AcDbEntity
  8
0
100
AcDbLine
 10
-1.20993
 20
-6.92363
 30
0.0
 11
-1.20092
 21
-6.93539
 31
0.0
  0
LINE
  5
101F
330
17
100
AcDbEntity
  8
0
100
AcDbLine
 10
-1.20092
 20
-6.93539
 30
0.0
 11
-1.19314
 21
-6.948
 31
0.0
  0
LINE
  5
1020
330
17
100
AcDbEntity
  8
0
100
AcDbLine
 10
-1.19314
 20
-6.948
 30
0.0
 11
-1.18666
 21
-6.96133
 31
0.0
  0
LINE
  5
1021
330
17
100
AcDbEntity
  8
0
100
AcDbLine
 10
-1.18666
 20
-6.96133
 30
0.0
 11
-1.18154
 21
-6.97523
 31
0.0
  0
LINE
  5
1022
330
17
100
AcDbEntity
  8
0
100
AcDbLine
 10
-1.18154
 20
-6.97523
 30
0.0
 11
-1.17784
 21
-6.989579999999999
 31
0.0
  0
LINE
  5
1023
330
17
100
AcDbEntity
  8
0
100
AcDbLine
 10
-1.17784
 20
-6.989579999999999
 30
0.0
 11
-1.1756
 21
-7.00423
 31
0.0
  0
LINE
  5
1024
330
17
100
AcDbEntity
  8
0
100
AcDbLine
 10
-1.1756
 20
-7.00423
 30
0.0
 11
-1.13572
 21
-7.53872
 31
0.0
  0
LINE
  5
1025
330
17
100
AcDbEntity
  8
0
100
AcDbLine
 10
-1.13572
 20
-7.53872
 30
0.0
 11
-1.1120299999999999
 21
-8.44322
 31
0.0
  0
LINE
  5
1026
330
17
100
AcDbEntity
  8
0
100
AcDbLine
 10
-1.1120299999999999
 20
-8.44322
 30
0.0
 11
-1.10676
 21
-10.354759999999999
 31
0.0
  0
LINE
  5
1027
330
17
100
AcDbEntity
  8
0
100
AcDbLine
 10
-1.10676
 20
-10.354759999999999
 30
0.0
 11
-1.10676
 21
-13.76577
 31
0.0
  0
LINE
  5
1028
330
17
100
AcDbEntity
  8
0
100
AcDbLine
 10
-1.10676
 20
-13.76577
 30
0.0
 11
-0.29184999999999994
 21
-13.76577
 31
0.0
  0
LINE
  5
1029
330
17
100
AcDbEntity
  8
0
100
AcDbLine
 10
-0.29185
 20
-13.76577
 30
0.0
 11
0.020569999999999977
 21
-13.75847
 31
0.0
  0
LINE
  5
102A
330
17
100
AcDbEntity
  8
0
100
AcDbLine
 10
0.02057
 20
-13.75847
 30
0.0
 11
0.28367000000000003
 21
-13.73598
 31
0.0
  0
LINE
  5
102B
330
17
100
AcDbEntity
  8
0
100
AcDbLine
 10
0.28367000000000003
 20
-13.73598
 30
0.0
 11
0.48954000000000003
 21
-13.70449
 31
0.0
  0
LINE
  5
102C
330
17
100
AcDbEntity
  8
0
100
AcDbLine
 10
0.48954000000000003
 20
-13.70449
 30
0.0
 11
0.49378
 21
-13.70348
 31
0.0
  0
LINE
  5
102D
330
17
100
AcDbEntity
  8
0
100
AcDbLine
 10
0.49378
 20
-13.70348
 30
0.0
 11
0.4979
 21
-13.70203
 31
0.0
  0
LINE
  5
102E
330
17
100
AcDbEntity
  8
0
100
AcDbLine
 10
0.4979
 20
-13.70203
 30
0.0
 11
0.50183
 21
-13.70014
 31
0.0
  0
LINE
  5
102F
330
17
100
AcDbEntity
  8
0
100
AcDbLine
 10
0.50183
 20
-13.70014
 30
0.0
 11
0.50555
 21
-13.69784
 31
0.0
  0
LINE
  5
1030
330
17
100
AcDbEntity
  8
0
100
AcDbLine
 10
0.50555
 20
-13.69784
 30
0.0
 11
0.5089899999999999
 21
-13.69516
 31
0.0
  0
LINE
  5
1031
330
17
100
AcDbEntity
  8
0
100
AcDbLine
 10
0.5089899999999999
 20
-13.69516
 30
0.0
 11
0.51213
 21
-13.69213
 31
0.0
  0
LINE
  5
1032
330
17
100
AcDbEntity
  8
0
100
AcDbLine
 10
0.51213
 20
-13.69213
 30
0.0
 11
0.51493
 21
-13.68878
 31
0.0
  0
LINE
  5
1033
330
17
100
AcDbEntity
  8
0
100
AcDbLine
 10
0.51493
 20
-13.68878
 30
0.0
 11
0.51735
 21
-13.68514
 31
0.0
  0
LINE
  5
1034
330
17
100
AcDbEntity
  8
0
100
AcDbLine
 10
0.51735
 20
-13.68514
 30
0.0
 11
0.51937
 21
-13.681280000000001
 31
0.0
  0
LINE
  5
1035
330
17
100
AcDbEntity
  8
0
100
AcDbLine
 10
0.51937
 20
-13.681280000000001
 30
0.0
 11
0.52097
 21
-13.67721
 31
0.0
  0
LINE
  5
1036
330
17
100
AcDbEntity
  8
0
100
AcDbLine
 10
0.52097
 20
-13.67721
 30
0.0
 11
0.52212
 21
-13.673
 31
0.0
  0
LINE
  5
1037
330
17
100
AcDbEntity
  8
0
100
AcDbLine
 10
0.52212
 20
-13.673
 30
0.0
 11
0.5228200000000001
 21
-13.668690000000002
 31
0.0
  0
LINE
  5
1038
330
17
100
AcDbEntity
  8
0
100
AcDbLine
 10
0.5228200000000001
 20
-13.668690000000002
 30
0.0
 11
0.5230499999999999
 21
-13.664330000000001
 31
0.0
  0
LINE
  5
1039
330
17
100
AcDbEntity
  8
0
100
AcDbLine
 10
0.5230499999999999
 20
-13.664330000000001
 30
0.0
 11
0.5233300000000001
 21
-13.659030000000001
 31
0.0
  0
LINE
  5
103A
330
17
100
AcDbEntity
  8
0
100
AcDbLine
 10
0.5233300000000001
 20
-13.659030000000001
 30
0.0
 11
0.52413
 21
-13.653780000000001
 31
0.0
  0
LINE
  5
103B
330
17
100
AcDbEntity
  8
0
100
AcDbLine
 10
0.52413
 20
-13.653780000000001
 30
0.0
 11
0.52547
 21
-13.64864
 31
0.0
  0
LINE
  5
103C
330
17
100
AcDbEntity
  8
0
100
AcDbLine
 10
0.52547
 20
-13.64864
 30
0.0
 11
0.52733
 21
-13.64366
 31
0.0
  0
LINE
  5
103D
330
17
100
AcDbEntity
  8
0
100
AcDbLine
 10
0.52733
 20
-13.64366
 30
0.0
 11
0.52968
 21
-13.638900000000001
 31
0.0
  0
LINE
  5
103E
330
17
100
AcDbEntity
  8
0
100
AcDbLine
 10
0.52968
 20
-13.638900000000001
 30
0.0
 11
0.53251
 21
-13.6344
 31
0.0
  0
LINE
  5
103F
330
17
100
AcDbEntity
  8
0
100
AcDbLine
 10
0.53251
 20
-13.6344
 30
0.0
 11
0.53577
 21
-13.63022
 31
0.0
  0
LINE
  5
1040
330
17
100
AcDbEntity
  8
0
100
AcDbLine
 10
0.53577
 20
-13.63022
 30
0.0
 11
0.53945
 21
-13.626380000000001
 31
0.0
  0
LINE
  5
1041
330
17
100
AcDbEntity
  8
0
100
AcDbLine
 10
0.53945
 20
-13.626380000000001
 30
0.0
 11
0.5435
 21
-13.62294
 31
0.0
  0
LINE
  5
1042
330
17
100
AcDbEntity
  8
0
100
AcDbLine
 10
0.5435
 20
-13.62294
 30
0.0
 11
0.5649000000000001
 21
-13.607809999999999
 31
0.0
  0
LINE
  5
1043
330
17
100
AcDbEntity
  8
0
100
AcDbLine
 10
0.5649000000000001
 20
-13.607809999999999
 30
0.0
 11
0.5873900000000001
 21
-13.59434
 31
0.0
  0
LINE
  5
1044
330
17
100
AcDbEntity
  8
0
100
AcDbLine
 10
0.5873900000000001
 20
-13.59434
 30
0.0
 11
0.61083
 21
-13.58259
 31
0.0
  0
LINE
  5
1045
330
17
100
AcDbEntity
  8
0
100
AcDbLine
 10
0.61083
 20
-13.58259
 30
0.0
 11
0.65835
 21
-13.563600000000001
 31
0.0
  0
LINE
  5
1046
330
17
100
AcDbEntity
  8
0
100
AcDbLine
 10
0.65835
 20
-13.563600000000001
 30
0.0
 11
0.70742
 21
-13.54909
 31
0.0
  0
LINE
  5
1047
330
17
100
AcDbEntity
  8
0
100
AcDbLine
 10
0.70742
 20
-13.54909
 30
0.0
 11
0.76431
 21
-13.536990000000001
 31
0.0
  0
LINE
  5
1048
330
17
100
AcDbEntity
  8
0
100
AcDbLine
 10
0.76431
 20
-13.536990000000001
 30
0.0
 11
0.82186
 21
-13.52851
 31
0.0
  0
LINE
  5
1049
330
17
100
AcDbEntity
  8
0
100
AcDbLine
 10
0.82186
 20
-13.52851
 30
0.0
 11
1.1206600000000002
 21
-13.49413
 31
0.0
  0
LINE
  5
104A
330
17
100
AcDbEntity
  8
0
100
AcDbLine
 10
1.1206600000000002
 20
-13.49413
 30
0.0
 11
1.18188
 21
-10.94074
 31
0.0
  0
LINE
  5
104B
330
17
100
AcDbEntity
  8
0
100
AcDbLine
 10
1.18188
 20
-10.94074
 30
0.0
 11
0.8524700000000001
 21
-10.94074
 31
0.0
  0
LINE
  5
104C
330
17
100
AcDbEntity
  8
0
100
AcDbLine
 10
0.8524700000000001
 20
-10.94074
 30
0.0
 11
0.7634500000000001
 21
-10.938120000000001
 31
0.0
  0
LINE
  5
104D
330
17
100
AcDbEntity
  8
0
100
AcDbLine
 10
0.7634500000000001
 20
-10.938120000000001
 30
0.0
 11
0.67473
 21
-10.93027
 31
0.0
  0
LINE
  5
104E
330
17
100
AcDbEntity
  8
0
100
AcDbLine
 10
0.67473
 20
-10.93027
 30
0.0
 11
0.65814
 21
-10.92751
 31
0.0
  0
LINE
  5
104F
330
17
100
AcDbEntity
  8
0
100
AcDbLine
 10
0.65814
 20
-10.92751
 30
0.0
 11
0.64189
 21
-10.923179999999999
 31
0.0
  0
LINE
  5
1050
330
17
100
AcDbEntity
  8
0
100
AcDbLine
 10
0.64189
 20
-10.923179999999999
 30
0.0
 11
0.6261300000000001
 21
-10.91732
 31
0.0
  0
LINE
  5
1051
330
17
100
AcDbEntity
  8
0
100
AcDbLine
 10
0.6261300000000001
 20
-10.91732
 30
0.0
 11
0.611
 21
-10.90998
 31
0.0
  0
LINE
  5
1052
330
17
100
AcDbEntity
  8
0
100
AcDbLine
 10
0.611
 20
-10.90998
 30
0.0
 11
0.59663
 21
-10.90124
 31
0.0
  0
LINE
  5
1053
330
17
100
AcDbEntity
  8
0
100
AcDbLine
 10
0.59663
 20
-10.90124
 30
0.0
 11
0.58316
 21
-10.89117
 31
0.0
  0
LINE
  5
1054
330
17
100
AcDbEntity
  8
0
100
AcDbLine
 10
0.58316
 20
-10.89117
 30
0.0
 11
0.57341
 21
-10.88229
 31
0.0
  0
LINE
  5
1055
330
17
100
AcDbEntity
  8
0
100
AcDbLine
 10
0.57341
 20
-10.88229
 30
0.0
 11
0.56457
 21
-10.87248
 31
0.0
  0
LINE
  5
1056
330
17
100
AcDbEntity
  8
0
100
AcDbLine
 10
0.56457
 20
-10.87248
 30
0.0
 11
0.55675
 21
-10.86186
 31
0.0
  0
LINE
  5
1057
330
17
100
AcDbEntity
  8
0
100
AcDbLine
 10
0.55675
 20
-10.86186
 30
0.0
 11
0.55001
 21
-10.850520000000001
 31
0.0
  0
LINE
  5
1058
330
17
100
AcDbEntity
  8
0
100
AcDbLine
 10
0.55001
 20
-10.850520000000001
 30
0.0
 11
0.54442
 21
-10.83857
 31
0.0
  0
LINE
  5
1059
330
17
100
AcDbEntity
  8
0
100
AcDbLine
 10
0.54442
 20
-10.83857
 30
0.0
 11
0.54003
 21
-10.82613
 31
0.0
  0
LINE
  5
105A
330
17
100
AcDbEntity
  8
0
100
AcDbLine
 10
0.54003
 20
-10.82613
 30
0.0
 11
0.5368900000000001
 21
-10.81331
 31
0.0
  0
LINE
  5
105B
330
17
100
AcDbEntity
  8
0
100
AcDbLine
 10
0.5368900000000001
 20
-10.81331
 30
0.0
 11
0.5265200000000001
 21
-10.74154
 31
0.0
  0
LINE
  5
105C
330
17
100
AcDbEntity
  8
0
100
AcDbLine
 10
0.5265200000000001
 20
-10.74154
 30
0.0
 11
0.5230499999999999
 21
-10.6691
 31
0.0
  0
LINE
  5
105D
330
17
100
AcDbEntity
  8
0
100
AcDbLine
 10
0.5230499999999999
 20
-10.6691
 30
0.0
 11
0.5265
 21
-10.59682
 31
0.0
  0
LINE
  5
105E
330
17
100
AcDbEntity
  8
0
100
AcDbLine
 10
0.5265
 20
-10.59682
 30
0.0
 11
0.53681
 21
-10.52519
 31
0.0
  0
LINE
  5
105F
330
17
100
AcDbEntity
  8
0
100
AcDbLine
 10
0.53681
 20
-10.52519
 30
0.0
 11
0.53993
 21
-10.51239
 31
0.0
  0
LINE
  5
1060
330
17
100
AcDbEntity
  8
0
100
AcDbLine
 10
0.53993
 20
-10.51239
 30
0.0
 11
0.5442999999999999
 21
-10.499949999999998
 31
0.0
  0
LINE
  5
1061
330
17
100
AcDbEntity
  8
0
100
AcDbLine
 10
0.5442999999999999
 20
-10.499949999999998
 30
0.0
 11
0.54986
 21
-10.488000000000001
 31
0.0
  0
LINE
  5
1062
330
17
100
AcDbEntity
  8
0
100
AcDbLine
 10
0.54986
 20
-10.488000000000001
 30
0.0
 11
0.5565599999999999
 21
-10.476650000000001
 31
0.0
  0
LINE
  5
1063
330
17
100
AcDbEntity
  8
0
100
AcDbLine
 10
0.5565599999999999
 20
-10.476650000000001
 30
0.0
 11
0.56433
 21
-10.466009999999999
 31
0.0
  0
LINE
  5
1064
330
17
100
AcDbEntity
  8
0
100
AcDbLine
 10
0.56433
 20
-10.466009999999999
 30
0.0
 11
0.57312
 21
-10.45618
 31
0.0
  0
LINE
  5
1065
330
17
100
AcDbEntity
  8
0
100
AcDbLine
 10
0.57312
 20
-10.45618
 30
0.0
 11
0.58281
 21
-10.44726
 31
0.0
  0
LINE
  5
1066
330
17
100
AcDbEntity
  8
0
100
AcDbLine
 10
0.58281
 20
-10.44726
 30
0.0
 11
0.59616
 21
-10.437180000000001
 31
0.0
  0
LINE
  5
1067
330
17
100
AcDbEntity
  8
0
100
AcDbLine
 10
0.59616
 20
-10.437180000000001
 30
0.0
 11
0.6103999999999999
 21
-10.42843
 31
0.0
  0
LINE
  5
1068
330
17
100
AcDbEntity
  8
0
100
AcDbLine
 10
0.6103999999999999
 20
-10.42843
 30
0.0
 11
0.62542
 21
-10.421069999999999
 31
0.0
  0
LINE
  5
1069
330
17
100
AcDbEntity
  8
0
100
AcDbLine
 10
0.62542
 20
-10.421069999999999
 30
0.0
 11
0.64107
 21
-10.415189999999999
 31
0.0
  0
LINE
  5
106A
330
17
100
AcDbEntity
  8
0
100
AcDbLine
 10
0.64107
 20
-10.415189999999999
 30
0.0
 11
0.65721
 21
-10.41082
 31
0.0
  0
LINE
  5
106B
330
17
100
AcDbEntity
  8
0
100
AcDbLine
 10
0.65721
 20
-10.41082
 30
0.0
 11
0.67369
 21
-10.40802
 31
0.0
  0
LINE
  5
106C
330
17
100
AcDbEntity
  8
0
100
AcDbLine
 10
0.67369
 20
-10.40802
 30
0.0
 11
0.7612
 21
-10.4001
 31
0.0
  0
LINE
  5
106D
330
17
100
AcDbEntity
  8
0
100
AcDbLine
 10
0.7612
 20
-10.4001
 30
0.0
 11
0.84902
 21
-10.39746
 31
0.0
  0
LINE
  5
106E
330
17
100
AcDbEntity
  8
0
100
AcDbLine
 10
0.84902
 20
-10.39746
 30
0.0
 11
1.1749900000000002
 21
-10.39746
 31
0.0
  0
LINE
  5
106F
330
17
100
AcDbEntity
  8
0
100
AcDbLine
 10
1.1749900000000002
 20
-10.39746
 30
0.0
 11
1.1749900000000002
 21
-8.55032
 31
0.0
  0
LINE
  5
1070
330
17
100
AcDbEntity
  8
0
100
AcDbLine
 10
1.1749900000000002
 20
-8.55032
 30
0.0
 11
1.61757
 21
-8.55032
 31
0.0
  0
LINE
  5
1071
330
17
100
AcDbEntity
  8
0
100
AcDbLine
 10
1.61757
 20
-8.55032
 30
0.0
 11
1.8519999999999999
 21
-8.5432
 31
0.0
  0
LINE
  5
1072
330
17
100
AcDbEntity
  8
0
100
AcDbLine
 10
1.8519999999999999
 20
-8.5432
 30
0.0
 11
1.8819100000000002
 21
-8.539959999999999
 31
0.0
  0
LINE
  5
1073
330
17
100
AcDbEntity
  8
0
100
AcDbLine
 10
1.8819100000000002
 20
-8.539959999999999
 30
0.0
 11
1.91138
 21
-8.53393
 31
0.0
  0
LINE
  5
1074
330
17
100
AcDbEntity
  8
0
100
AcDbLine
 10
1.91138
 20
-8.53393
 30
0.0
 11
1.94016
 21
-8.52514
 31
0.0
  0
LINE
  5
1075
330
17
100
AcDbEntity
  8
0
100
AcDbLine
 10
1.94016
 20
-8.52514
 30
0.0
 11
1.9679799999999998
 21
-8.5137
 31
0.0
  0
LINE
  5
1076
330
17
100
AcDbEntity
  8
0
100
AcDbLine
 10
1.9679799999999998
 20
-8.5137
 30
0.0
 11
1.97678
 21
-8.508999999999999
 31
0.0
  0
LINE
  5
1077
330
17
100
AcDbEntity
  8
0
100
AcDbLine
 10
1.97678
 20
-8.508999999999999
 30
0.0
 11
1.98505
 21
-8.50342
 31
0.0
  0
LINE
  5
1078
330
17
100
AcDbEntity
  8
0
100
AcDbLine
 10
1.98505
 20
-8.50342
 30
0.0
 11
1.99269
 21
-8.497
 31
0.0
  0
LINE
  5
1079
330
17
100
AcDbEntity
  8
0
100
AcDbLine
 10
1.99269
 20
-8.497
 30
0.0
 11
1.9996200000000002
 21
-8.48982
 31
0.0
  0
LINE
  5
107A
330
17
100
AcDbEntity
  8
0
100
AcDbLine
 10
1.9996200000000002
 20
-8.48982
 30
0.0
 11
2.00577
 21
-8.48196
 31
0.0
  0
LINE
  5
107B
330
17
100
AcDbEntity
  8
0
100
AcDbLine
 10
2.00577
 20
-8.48196
 30
0.0
 11
2.0110599999999996
 21
-8.4735
 31
0.0
  0
LINE
  5
107C
330
17
100
AcDbEntity
  8
0
100
AcDbLine
 10
2.0110599999999996
 20
-8.4735
 30
0.0
 11
2.01544
 21
-8.46454
 31
0.0
  0
LINE
  5
107D
330
17
100
AcDbEntity
  8
0
100
AcDbLine
 10
2.01544
 20
-8.46454
 30
0.0
 11
2.0188699999999997
 21
-8.45516
 31
0.0
  0
LINE
  5
107E
330
17
100
AcDbEntity
  8
0
100
AcDbLine
 10
2.0188699999999997
 20
-8.45516
 30
0.0
 11
2.0236099999999997
 21
-8.436549999999999
 31
0.0
  0
LINE
  5
107F
330
17
100
AcDbEntity
  8
0
100
AcDbLine
 10
2.0236099999999997
 20
-8.436549999999999
 30
0.0
 11
2.02652
 21
-8.41757
 31
0.0
  0
LINE
  5
1080
330
17
100
AcDbEntity
  8
0
100
AcDbLine
 10
2.02652
 20
-8.41757
 30
0.0
 11
2.02759
 21
-8.398390000000001
 31
0.0
  0
LINE
  5
1081
330
17
100
AcDbEntity
  8
0
100
AcDbLine
 10
2.02759
 20
-8.398390000000001
 30
0.0
 11
2.02678
 21
-8.379199999999999
 31
0.0
  0
LINE
  5
1082
330
17
100
AcDbEntity
  8
0
100
AcDbLine
 10
2.02678
 20
-8.379199999999999
 30
0.0
 11
2.02413
 21
-8.36017
 31
0.0
  0
LINE
  5
1083
330
17
100
AcDbEntity
  8
0
100
AcDbLine
 10
2.02413
 20
-8.36017
 30
0.0
 11
2.0195
 21
-8.34115
 31
0.0
  0
LINE
  5
1084
330
17
100
AcDbEntity
  8
0
100
AcDbLine
 10
2.0195
 20
-8.34115
 30
0.0
 11
2.0129599999999996
 21
-8.322700000000001
 31
0.0
  0
LINE
  5
1085
330
17
100
AcDbEntity
  8
0
100
AcDbLine
 10
2.0129599999999996
 20
-8.322700000000001
 30
0.0
 11
2.0045599999999997
 21
-8.305019999999999
 31
0.0
  0
LINE
  5
1086
330
17
100
AcDbEntity
  8
0
100
AcDbLine
 10
2.0045599999999997
 20
-8.305019999999999
 30
0.0
 11
1.9943899999999999
 21
-8.28828
 31
0.0
  0
LINE
  5
1087
330
17
100
AcDbEntity
  8
0
100
AcDbLine
 10
1.9943899999999999
 20
-8.28828
 30
0.0
 11
1.98257
 21
-8.27268
 31
0.0
  0
LINE
  5
1088
330
17
100
AcDbEntity
  8
0
100
AcDbLine
 10
1.98257
 20
-8.27268
 30
0.0
 11
1.9645000000000001
 21
-8.25327
 31
0.0
  0
LINE
  5
1089
330
17
100
AcDbEntity
  8
0
100
AcDbLine
 10
1.9645000000000001
 20
-8.25327
 30
0.0
 11
1.9445599999999998
 21
-8.23578
 31
0.0
  0
LINE
  5
108A
330
17
100
AcDbEntity
  8
0
100
AcDbLine
 10
1.9445599999999998
 20
-8.23578
 30
0.0
 11
1.92297
 21
-8.22039
 31
0.0
  0
LINE
  5
108B
330
17
100
AcDbEntity
  8
0
100
AcDbLine
 10
1.92297
 20
-8.22039
 30
0.0
 11
1.89994
 21
-8.207239999999999
 31
0.0
  0
LINE
  5
108C
330
17
100
AcDbEntity
  8
0
100
AcDbLine
 10
1.89994
 20
-8.207239999999999
 30
0.0
 11
1.8578100000000002
 21
-8.1883
 31
0.0
  0
LINE
  5
108D
330
17
100
AcDbEntity
  8
0
100
AcDbLine
 10
1.8578100000000002
 20
-8.1883
 30
0.0
 11
1.8141100000000001
 21
-8.1733
 31
0.0
  0
LINE
  5
108E
330
17
100
AcDbEntity
  8
0
100
AcDbLine
 10
1.8141100000000001
 20
-8.1733
 30
0.0
 11
1.76923
 21
-8.16236
 31
0.0
  0
LINE
  5
108F
330
17
100
AcDbEntity
  8
0
100
AcDbLine
 10
1.76923
 20
-8.16236
 30
0.0
 11
1.6757499999999999
 21
-8.14674
 31
0.0
  0
LINE
  5
1090
330
17
100
AcDbEntity
  8
0
100
AcDbLine
 10
1.6757499999999999
 20
-8.14674
 30
0.0
 11
1.58154
 21
-8.1363
 31
0.0
  0
LINE
  5
1091
330
17
100
AcDbEntity
  8
0
100
AcDbLine
 10
1.58154
 20
-8.1363
 30
0.0
 11
1.1749900000000002
 21
-8.10258
 31
0.0
  0
LINE
  5
1092
330
17
100
AcDbEntity
  8
0
100
AcDbLine
 10
1.1749900000000002
 20
-8.10258
 30
0.0
 11
1.1749900000000002
 21
-5.66439
 31
0.0
  0
LINE
  5
1093
330
17
100
AcDbEntity
  8
0
100
AcDbLine
 10
1.1749900000000002
 20
-5.66439
 30
0.0
 11
1.18023
 21
-4.3026
 31
0.0
  0
LINE
  5
1094
330
17
100
AcDbEntity
  8
0
100
AcDbLine
 10
1.18023
 20
-4.3026
 30
0.0
 11
1.20396
 21
-3.66213
 31
0.0
  0
LINE
  5
1095
330
17
100
AcDbEntity
  8
0
100
AcDbLine
 10
1.20396
 20
-3.66213
 30
0.0
 11
1.2461600000000002
 21
-3.30299
 31
0.0
  0
LINE
  5
1096
330
17
100
AcDbEntity
  8
0
100
AcDbLine
 10
1.2461600000000002
 20
-3.30299
 30
0.0
 11
1.24834
 21
-3.29329
 31
0.0
  0
LINE
  5
1097
330
17
100
AcDbEntity
  8
0
100
AcDbLine
 10
1.24834
 20
-3.29329
 30
0.0
 11
1.25156
 21
-3.28388
 31
0.0
  0
LINE
  5
1098
330
17
100
AcDbEntity
  8
0
100
AcDbLine
 10
1.25156
 20
-3.28388
 30
0.0
 11
1.25577
 21
-3.27488
 31
0.0
  0
LINE
  5
1099
330
17
100
AcDbEntity
  8
0
100
AcDbLine
 10
1.25577
 20
-3.27488
 30
0.0
 11
1.2609299999999999
 21
-3.2663800000000003
 31
0.0
  0
LINE
  5
109A
330
17
100
AcDbEntity
  8
0
100
AcDbLine
 10
1.2609299999999999
 20
-3.2663800000000003
 30
0.0
 11
1.2669700000000002
 21
-3.2584799999999996
 31
0.0
  0
LINE
  5
109B
330
17
100
AcDbEntity
  8
0
100
AcDbLine
 10
1.2669700000000002
 20
-3.2584799999999996
 30
0.0
 11
1.27383
 21
-3.25129
 31
0.0
  0
LINE
  5
109C
330
17
100
AcDbEntity
  8
0
100
AcDbLine
 10
1.27383
 20
-3.25129
 30
0.0
 11
1.28142
 21
-3.24487
 31
0.0
  0
LINE
  5
109D
330
17
100
AcDbEntity
  8
0
100
AcDbLine
 10
1.28142
 20
-3.24487
 30
0.0
 11
1.28966
 21
-3.23931
 31
0.0
  0
LINE
  5
109E
330
17
100
AcDbEntity
  8
0
100
AcDbLine
 10
1.28966
 20
-3.23931
 30
0.0
 11
1.29845
 21
-3.23467
 31
0.0
  0
LINE
  5
109F
330
17
100
AcDbEntity
  8
0
100
AcDbLine
 10
1.29845
 20
-3.23467
 30
0.0
 11
1.3076999999999999
 21
-3.231
 31
0.0
  0
LINE
  5
10A0
330
17
100
AcDbEntity
  8
0
100
AcDbLine
 10
1.3076999999999999
 20
-3.231
 30
0.0
 11
1.31728
 21
-3.2283500000000003
 31
0.0
  0
LINE
  5
10A1
330
17
100
AcDbEntity
  8
0
100
AcDbLine
 10
1.31728
 20
-3.2283500000000003
 30
0.0
 11
1.3270899999999999
 21
-3.22675
 31
0.0
  0
LINE
  5
10A2
330
17
100
AcDbEntity
  8
0
100
AcDbLine
 10
1.3270899999999999
 20
-3.22675
 30
0.0
 11
1.3370199999999999
 21
-3.22621
 31
0.0
  0
LINE
  5
10A3
330
17
100
AcDbEntity
  8
0
100
AcDbLine
 10
1.3370199999999999
 20
-3.22621
 30
0.0
 11
1.34774
 21
-3.22563
 31
0.0
  0
LINE
  5
10A4
330
17
100
AcDbEntity
  8
0
100
AcDbLine
 10
1.34774
 20
-3.22563
 30
0.0
 11
1.3583399999999999
 21
-3.22389
 31
0.0
  0
LINE
  5
10A5
330
17
100
AcDbEntity
  8
0
100
AcDbLine
 10
1.3583399999999999
 20
-3.22389
 30
0.0
 11
1.3686900000000002
 21
-3.2210199999999998
 31
0.0
  0
LINE
  5
10A6
330
17
100
AcDbEntity
  8
0
100
AcDbLine
 10
1.3686900000000002
 20
-3.2210199999999998
 30
0.0
 11
1.37867
 21
-3.21705
 31
0.0
  0
LINE
  5
10A7
330
17
100
AcDbEntity
  8
0
100
AcDbLine
 10
1.37867
 20
-3.21705
 30
0.0
 11
1.38816
 21
-3.21202
 31
0.0
  0
LINE
  5
10A8
330
17
100
AcDbEntity
  8
0
100
AcDbLine
 10
1.38816
 20
-3.21202
 30
0.0
 11
1.39705
 21
-3.2059900000000003
 31
0.0
  0
LINE
  5
10A9
330
17
100
AcDbEntity
  8
0
100
AcDbLine
 10
1.39705
 20
-3.2059900000000003
 30
0.0
 11
1.40523
 21
-3.19904
 31
0.0
  0
LINE
  5
10AA
330
17
100
AcDbEntity
  8
0
100
AcDbLine
 10
1.40523
 20
-3.19904
 30
0.0
 11
1.41262
 21
-3.19125
 31
0.0
  0
LINE
  5
10AB
330
17
100
AcDbEntity
  8
0
100
AcDbLine
 10
1.41262
 20
-3.19125
 30
0.0
 11
1.41913
 21
-3.1827
 31
0.0
  0
LINE
  5
10AC
330
17
100
AcDbEntity
  8
0
100
AcDbLine
 10
1.41913
 20
-3.1827
 30
0.0
 11
1.42467
 21
-3.1735
 31
0.0
  0
LINE
  5
10AD
330
17
100
AcDbEntity
  8
0
100
AcDbLine
 10
1.42467
 20
-3.1735
 30
0.0
 11
1.42918
 21
-3.16375
 31
0.0
  0
LINE
  5
10AE
330
17
100
AcDbEntity
  8
0
100
AcDbLine
 10
1.42918
 20
-3.16375
 30
0.0
 11
1.43261
 21
-3.15357
 31
0.0
  0
LINE
  5
10AF
330
17
100
AcDbEntity
  8
0
100
AcDbLine
 10
1.43261
 20
-3.15357
 30
0.0
 11
1.43493
 21
-3.14309
 31
0.0
  0
LINE
  5
10B0
330
17
100
AcDbEntity
  8
0
100
AcDbLine
 10
1.43493
 20
-3.14309
 30
0.0
 11
1.4360899999999999
 21
-3.13241
 31
0.0
  0
LINE
  5
10B1
330
17
100
AcDbEntity
  8
0
100
AcDbLine
 10
1.4360899999999999
 20
-3.13241
 30
0.0
 11
1.44865
 21
-2.84592
 31
0.0
  0
LINE
  5
10B2
330
17
100
AcDbEntity
  8
0
100
AcDbLine
 10
1.44865
 20
-2.84592
 30
0.0
 11
1.4758600000000002
 21
-2.2251
 31
0.0
  0
LINE
  5
10B3
330
17
100
AcDbEntity
  8
0
100
AcDbLine
 10
1.4758600000000002
 20
-2.2251
 30
0.0
 11
1.50622
 21
-0.73481
 31
0.0
  0
LINE
  5
10B4
330
17
100
AcDbEntity
  8
0
100
AcDbLine
 10
1.50622
 20
-0.7348100000000001
 30
0.0
 11
1.52716
 21
2.55519
 31
0.0
  0
LINE
  5
10B5
330
17
100
AcDbEntity
  8
0
100
AcDbLine
 10
1.52716
 20
2.55519
 30
0.0
 11
1.52898
 21
2.92815
 31
0.0
  0
LINE
  5
10B6
330
17
100
AcDbEntity
  8
0
100
AcDbLine
 10
1.52898
 20
2.92815
 30
0.0
 11
1.52937
 21
3.00964
 31
0.0
  0
LINE
  5
10B7
330
17
100
AcDbEntity
  8
0
100
AcDbLine
 10
1.52937
 20
3.00964
 30
0.0
 11
1.54104
 21
5.408589999999999
 31
0.0
  0
LINE
  5
10B8
330
17
100
AcDbEntity
  8
0
100
AcDbLine
 10
1.54104
 20
5.408589999999999
 30
0.0
 11
1.54291
 21
5.7921700000000005
 31
0.0
  0
LINE
  5
10B9
330
17
100
AcDbEntity
  8
0
100
AcDbLine
 10
1.54291
 20
5.7921700000000005
 30
0.0
 11
1.54396
 21
6.00948
 31
0.0
  0
LINE
  5
10BA
330
17
100
AcDbEntity
  8
0
100
AcDbLine
 10
1.54396
 20
6.00948
 30
0.0
 11
1.55528
 21
8.33661
 31
0.0
  0
LINE
  5
10BB
330
17
100
AcDbEntity
  8
0
100
AcDbLine
 10
1.55528
 20
8.33661
 30
0.0
 11
2.54881
 21
6.00948
 31
0.0
  0
LINE
  5
10BC
330
17
100
AcDbEntity
  8
0
100
AcDbLine
 10
2.54881
 20
6.00948
 30
0.0
 11
2.64159
 21
5.7921700000000005
 31
0.0
  0
LINE
  5
10BD
330
17
100
AcDbEntity
  8
0
100
AcDbLine
 10
2.64159
 20
5.7921700000000005
 30
0.0
 11
2.80536
 21
5.408589999999999
 31
0.0
  0
LINE
  5
10BE
330
17
100
AcDbEntity
  8
0
100
AcDbLine
 10
2.80536
 20
5.408589999999999
 30
0.0
 11
3.23944
 21
4.39186
 31
0.0
  0
LINE
  5
10BF
330
17
100
AcDbEntity
  8
0
100
AcDbLine
 10
3.23944
 20
4.39186
 30
0.0
 11
3.23944
 21
3.00964
 31
0.0
  0
LINE
  5
10C0
330
17
100
AcDbEntity
  8
0
100
AcDbLine
 10
3.23944
 20
3.00964
 30
0.0
 11
3.23944
 21
2.92815
 31
0.0
  0
LINE
  5
10C1
330
17
100
AcDbEntity
  8
0
100
AcDbLine
 10
3.23944
 20
2.92815
 30
0.0
 11
3.23944
 21
1.88668
 31
0.0
  0
LINE
  5
10C2
330
17
100
AcDbEntity
  8
0
100
AcDbLine
 10
3.23944
 20
1.88668
 30
0.0
 11
3.24464
 21
0.48157000000000005
 31
0.0
  0
LINE
  5
10C3
330
17
100
AcDbEntity
  8
0
100
AcDbLine
 10
3.24464
 20
0.48157
 30
0.0
 11
3.26837
 21
-0.17378999999999994
 31
0.0
  0
LINE
  5
10C4
330
17
100
AcDbEntity
  8
0
100
AcDbLine
 10
3.26837
 20
-0.17379
 30
0.0
 11
3.31063
 21
-0.54067
 31
0.0
  0
LINE
  5
10C5
330
17
100
AcDbEntity
  8
0
100
AcDbLine
 10
3.31063
 20
-0.54067
 30
0.0
 11
3.31281
 21
-0.55049
 31
0.0
  0
LINE
  5
10C6
330
17
100
AcDbEntity
  8
0
100
AcDbLine
 10
3.31281
 20
-0.55049
 30
0.0
 11
3.31604
 21
-0.5600200000000001
 31
0.0
  0
LINE
  5
10C7
330
17
100
AcDbEntity
  8
0
100
AcDbLine
 10
3.31604
 20
-0.5600200000000001
 30
0.0
 11
3.32028
 21
-0.56914
 31
0.0
  0
LINE
  5
10C8
330
17
100
AcDbEntity
  8
0
100
AcDbLine
 10
3.32028
 20
-0.56914
 30
0.0
 11
3.32548
 21
-0.5777599999999999
 31
0.0
  0
LINE
  5
10C9
330
17
100
AcDbEntity
  8
0
100
AcDbLine
 10
3.32548
 20
-0.5777599999999999
 30
0.0
 11
3.3315799999999998
 21
-0.58576
 31
0.0
  0
LINE
  5
10CA
330
17
100
AcDbEntity
  8
0
100
AcDbLine
 10
3.3315799999999998
 20
-0.58576
 30
0.0
 11
3.3385
 21
-0.5930500000000001
 31
0.0
  0
LINE
  5
10CB
330
17
100
AcDbEntity
  8
0
100
AcDbLine
 10
3.3385
 20
-0.5930500000000001
 30
0.0
 11
3.34618
 21
-0.59956
 31
0.0
  0
LINE
  5
10CC
330
17
100
AcDbEntity
  8
0
100
AcDbLine
 10
3.34618
 20
-0.59956
 30
0.0
 11
3.35451
 21
-0.6052
 31
0.0
  0
LINE
  5
10CD
330
17
100
AcDbEntity
  8
0
100
AcDbLine
 10
3.35451
 20
-0.6052
 30
0.0
 11
3.3634
 21
-0.60991
 31
0.0
  0
LINE
  5
10CE
330
17
100
AcDbEntity
  8
0
100
AcDbLine
 10
3.3634
 20
-0.60991
 30
0.0
 11
3.37275
 21
-0.61363
 31
0.0
  0
LINE
  5
10CF
330
17
100
AcDbEntity
  8
0
100
AcDbLine
 10
3.37275
 20
-0.61363
 30
0.0
 11
3.38244
 21
-0.61631
 31
0.0
  0
LINE
  5
10D0
330
17
100
AcDbEntity
  8
0
100
AcDbLine
 10
3.38244
 20
-0.61631
 30
0.0
 11
3.39237
 21
-0.6179399999999999
 31
0.0
  0
LINE
  5
10D1
330
17
100
AcDbEntity
  8
0
100
AcDbLine
 10
3.39237
 20
-0.6179399999999999
 30
0.0
 11
3.40242
 21
-0.61848
 31
0.0
  0
LINE
  5
10D2
330
17
100
AcDbEntity
  8
0
100
AcDbLine
 10
3.40242
 20
-0.61848
 30
0.0
 11
3.41195
 21
-0.61799
 31
0.0
  0
LINE
  5
10D3
330
17
100
AcDbEntity
  8
0
100
AcDbLine
 10
3.41195
 20
-0.61799
 30
0.0
 11
3.42137
 21
-0.6164999999999999
 31
0.0
  0
LINE
  5
10D4
330
17
100
AcDbEntity
  8
0
100
AcDbLine
 10
3.42137
 20
-0.6164999999999999
 30
0.0
 11
3.43059
 21
-0.61405
 31
0.0
  0
LINE
  5
10D5
330
17
100
AcDbEntity
  8
0
100
AcDbLine
 10
3.43059
 20
-0.61405
 30
0.0
 11
3.4395
 21
-0.61065
 31
0.0
  0
LINE
  5
10D6
330
17
100
AcDbEntity
  8
0
100
AcDbLine
 10
3.4395
 20
-0.61065
 30
0.0
 11
3.44801
 21
-0.60635
 31
0.0
  0
LINE
  5
10D7
330
17
100
AcDbEntity
  8
0
100
AcDbLine
 10
3.44801
 20
-0.60635
 30
0.0
 11
3.45603
 21
-0.6011799999999999
 31
0.0
  0
LINE
  5
10D8
330
17
100
AcDbEntity
  8
0
100
AcDbLine
 10
3.45603
 20
-0.6011799999999999
 30
0.0
 11
3.46347
 21
-0.59521
 31
0.0
  0
LINE
  5
10D9
330
17
100
AcDbEntity
  8
0
100
AcDbLine
 10
3.46347
 20
-0.59521
 30
0.0
 11
3.4702499999999996
 21
-0.5885
 31
0.0
  0
LINE
  5
10DA
330
17
100
AcDbEntity
  8
0
100
AcDbLine
 10
3.4702499999999996
 20
-0.5885
 30
0.0
 11
3.47629
 21
-0.58112
 31
0.0
  0
LINE
  5
10DB
330
17
100
AcDbEntity
  8
0
100
AcDbLine
 10
3.47629
 20
-0.58112
 30
0.0
 11
3.48154
 21
-0.57316
 31
0.0
  0
LINE
  5
10DC
330
17
100
AcDbEntity
  8
0
100
AcDbLine
 10
3.48154
 20
-0.57316
 30
0.0
 11
3.4859299999999998
 21
-0.5646899999999999
 31
0.0
  0
LINE
  5
10DD
330
17
100
AcDbEntity
  8
0
100
AcDbLine
 10
3.4859299999999998
 20
-0.5646899999999999
 30
0.0
 11
3.48942
 21
-0.55581
 31
0.0
  0
LINE
  5
10DE
330
17
100
AcDbEntity
  8
0
100
AcDbLine
 10
3.48942
 20
-0.55581
 30
0.0
 11
3.49196
 21
-0.54662
 31
0.0
  0
LINE
  5
10DF
330
17
100
AcDbEntity
  8
0
100
AcDbLine
 10
3.49196
 20
-0.54662
 30
0.0
 11
3.5149399999999997
 21
-0.42297
 31
0.0
  0
LINE
  5
10E0
330
17
100
AcDbEntity
  8
0
100
AcDbLine
 10
3.5149399999999997
 20
-0.42297
 30
0.0
 11
3.51907
 21
-0.40070999999999996
 31
0.0
  0
LINE
  5
10E1
330
17
100
AcDbEntity
  8
0
100
AcDbLine
 10
3.51907
 20
-0.40070999999999996
 30
0.0
 11
3.53606
 21
-0.25328
 31
0.0
  0
LINE
  5
10E2
330
17
100
AcDbEntity
  8
0
100
AcDbLine
 10
3.53606
 20
-0.25328
 30
0.0
 11
3.56006
 21
0.28175
 31
0.0
  0
LINE
  5
10E3
330
17
100
AcDbEntity
  8
0
100
AcDbLine
 10
3.56006
 20
0.28175
 30
0.0
 11
3.5654
 21
1.40974
 31
0.0
  0
LINE
  5
10E4
330
17
100
AcDbEntity
  8
0
100
AcDbLine
 10
3.5654
 20
1.40974
 30
0.0
 11
3.57069
 21
2.1824700000000004
 31
0.0
  0
LINE
  5
10E5
330
17
100
AcDbEntity
  8
0
100
AcDbLine
 10
3.57069
 20
2.1824700000000004
 30
0.0
 11
3.5871000000000004
 21
2.8204800000000003
 31
0.0
  0
LINE
  5
10E6
330
17
100
AcDbEntity
  8
0
100
AcDbLine
 10
3.5871000000000004
 20
2.8204800000000003
 30
0.0
 11
3.59162
 21
2.92815
 31
0.0
  0
LINE
  5
10E7
330
17
100
AcDbEntity
  8
0
100
AcDbLine
 10
3.59162
 20
2.92815
 30
0.0
 11
3.59504
 21
3.00964
 31
0.0
  0
LINE
  5
10E8
330
17
100
AcDbEntity
  8
0
100
AcDbLine
 10
3.59504
 20
3.00964
 30
0.0
 11
3.60942
 21
3.3525199999999997
 31
0.0
  0
LINE
  5
10E9
330
17
100
AcDbEntity
  8
0
100
AcDbLine
 10
3.60942
 20
3.3525199999999997
 30
0.0
 11
3.6096
 21
3.3543499999999997
 31
0.0
  0
LINE
  5
10EA
330
17
100
AcDbEntity
  8
0
100
AcDbLine
 10
3.6096
 20
3.3543499999999997
 30
0.0
 11
3.60997
 21
3.35615
 31
0.0
  0
LINE
  5
10EB
330
17
100
AcDbEntity
  8
0
100
AcDbLine
 10
3.60997
 20
3.35615
 30
0.0
 11
3.61053
 21
3.3579
 31
0.0
  0
LINE
  5
10EC
330
17
100
AcDbEntity
  8
0
100
AcDbLine
 10
3.61053
 20
3.3579
 30
0.0
 11
3.61127
 21
3.3595800000000002
 31
0.0
  0
LINE
  5
10ED
330
17
100
AcDbEntity
  8
0
100
AcDbLine
 10
3.61127
 20
3.3595800000000002
 30
0.0
 11
3.61218
 21
3.36118
 31
0.0
  0
LINE
  5
10EE
330
17
100
AcDbEntity
  8
0
100
AcDbLine
 10
3.61218
 20
3.36118
 30
0.0
 11
3.6132500000000003
 21
3.36267
 31
0.0
  0
LINE
  5
10EF
330
17
100
AcDbEntity
  8
0
100
AcDbLine
 10
3.6132500000000003
 20
3.36267
 30
0.0
 11
3.61447
 21
3.36404
 31
0.0
  0
LINE
  5
10F0
330
17
100
AcDbEntity
  8
0
100
AcDbLine
 10
3.61447
 20
3.36404
 30
0.0
 11
3.61583
 21
3.36527
 31
0.0
  0
LINE
  5
10F1
330
17
100
AcDbEntity
  8
0
100
AcDbLine
 10
3.61583
 20
3.36527
 30
0.0
 11
3.61731
 21
3.3663600000000002
 31
0.0
  0
LINE
  5
10F2
330
17
100
AcDbEntity
  8
0
100
AcDbLine
 10
3.61731
 20
3.3663600000000002
 30
0.0
 11
3.6189
 21
3.36728
 31
0.0
  0
LINE
  5
10F3
330
17
100
AcDbEntity
  8
0
100
AcDbLine
 10
3.6189
 20
3.36728
 30
0.0
 11
3.62058
 21
3.36804
 31
0.0
  0
LINE
  5
10F4
330
17
100
AcDbEntity
  8
0
100
AcDbLine
 10
3.62058
 20
3.36804
 30
0.0
 11
3.62232
 21
3.3686100000000003
 31
0.0
  0
LINE
  5
10F5
330
17
100
AcDbEntity
  8
0
100
AcDbLine
 10
3.62232
 20
3.3686100000000003
 30
0.0
 11
3.62412
 21
3.369
 31
0.0
  0
LINE
  5
10F6
330
17
100
AcDbEntity
  8
0
100
AcDbLine
 10
3.62412
 20
3.369
 30
0.0
 11
3.62595
 21
3.36919
 31
0.0
  0
LINE
  5
10F7
330
17
100
AcDbEntity
  8
0
100
AcDbLine
 10
3.62595
 20
3.36919
 30
0.0
 11
3.62778
 21
3.3692
 31
0.0
  0
LINE
  5
10F8
330
17
100
AcDbEntity
  8
0
100
AcDbLine
 10
3.62778
 20
3.3692
 30
0.0
 11
3.62961
 21
3.36901
 31
0.0
  0
LINE
  5
10F9
330
17
100
AcDbEntity
  8
0
100
AcDbLine
 10
3.62961
 20
3.36901
 30
0.0
 11
3.63141
 21
3.36863
 31
0.0
  0
LINE
  5
10FA
330
17
100
AcDbEntity
  8
0
100
AcDbLine
 10
3.63141
 20
3.36863
 30
0.0
 11
3.6331599999999997
 21
3.36806
 31
0.0
  0
LINE
  5
10FB
330
17
100
AcDbEntity
  8
0
100
AcDbLine
 10
3.6331599999999997
 20
3.36806
 30
0.0
 11
3.63484
 21
3.36732
 31
0.0
  0
LINE
  5
10FC
330
17
100
AcDbEntity
  8
0
100
AcDbLine
 10
3.63484
 20
3.36732
 30
0.0
 11
3.63643
 21
3.3664
 31
0.0
  0
LINE
  5
10FD
330
17
100
AcDbEntity
  8
0
100
AcDbLine
 10
3.63643
 20
3.3664
 30
0.0
 11
3.6379200000000003
 21
3.36532
 31
0.0
  0
LINE
  5
10FE
330
17
100
AcDbEntity
  8
0
100
AcDbLine
 10
3.6379200000000003
 20
3.36532
 30
0.0
 11
3.63928
 21
3.36409
 31
0.0
  0
LINE
  5
10FF
330
17
100
AcDbEntity
  8
0
100
AcDbLine
 10
3.63928
 20
3.36409
 30
0.0
 11
3.6520799999999998
 21
3.35015
 31
0.0
  0
LINE
  5
1100
330
17
100
AcDbEntity
  8
0
100
AcDbLine
 10
3.6520799999999998
 20
3.35015
 30
0.0
 11
3.6636300000000004
 21
3.3351499999999996
 31
0.0
  0
LINE
  5
1101
330
17
100
AcDbEntity
  8
0
100
AcDbLine
 10
3.6636300000000004
 20
3.3351499999999996
 30
0.0
 11
3.6738600000000003
 21
3.3192299999999997
 31
0.0
  0
LINE
  5
1102
330
17
100
AcDbEntity
  8
0
100
AcDbLine
 10
3.6738600000000003
 20
3.3192299999999997
 30
0.0
 11
3.68268
 21
3.30248
 31
0.0
  0
LINE
  5
1103
330
17
100
AcDbEntity
  8
0
100
AcDbLine
 10
3.68268
 20
3.30248
 30
0.0
 11
3.81991
 21
3.00964
 31
0.0
  0
LINE
  5
1104
330
17
100
AcDbEntity
  8
0
100
AcDbLine
 10
3.81991
 20
3.00964
 30
0.0
 11
3.83885
 21
2.9692299999999996
 31
0.0
  0
LINE
  5
1105
330
17
100
AcDbEntity
  8
0
100
AcDbLine
 10
3.83885
 20
2.9692299999999996
 30
0.0
 11
3.85749
 21
2.92815
 31
0.0
  0
LINE
  5
1106
330
17
100
AcDbEntity
  8
0
100
AcDbLine
 10
3.85749
 20
2.92815
 30
0.0
 11
4.01729
 21
2.57601
 31
0.0
  0
LINE
  5
1107
330
17
100
AcDbEntity
  8
0
100
AcDbLine
 10
4.01729
 20
2.57601
 30
0.0
 11
4.21491
 21
2.12361
 31
0.0
  0
LINE
  5
1108
330
17
100
AcDbEntity
  8
0
100
AcDbLine
 10
4.21491
 20
2.12361
 30
0.0
 11
4.71667
 21
0.9570099999999999
 31
0.0
  0
LINE
  5
1109
330
17
100
AcDbEntity
  8
0
100
AcDbLine
 10
4.71667
 20
0.95701
 30
0.0
 11
7.65203
 21
0.89682
 31
0.0
  0
LINE
  5
110A
330
17
100
AcDbEntity
  8
0
100
AcDbLine
 10
7.65203
 20
0.89682
 30
0.0
 11
8.3818
 21
2.5945899999999997
 31
0.0
  0
LINE
  5
110B
330
17
100
AcDbEntity
  8
0
100
AcDbLine
 10
8.3818
 20
2.5945899999999997
 30
0.0
 11
8.52518
 21
2.92815
 31
0.0
  0
LINE
  5
110C
330
17
100
AcDbEntity
  8
0
100
AcDbLine
 10
8.52518
 20
2.92815
 30
0.0
 11
8.56021
 21
3.00964
 31
0.0
  0
LINE
  5
110D
330
17
100
AcDbEntity
  8
0
100
AcDbLine
 10
8.56021
 20
3.00964
 30
0.0
 11
9.59137
 21
5.408589999999999
 31
0.0
  0
LINE
  5
110E
330
17
100
AcDbEntity
  8
0
100
AcDbLine
 10
9.59137
 20
5.408589999999999
 30
0.0
 11
9.75625
 21
5.7921700000000005
 31
0.0
  0
LINE
  5
110F
330
17
100
AcDbEntity
  8
0
100
AcDbLine
 10
9.75625
 20
5.7921700000000005
 30
0.0
 11
9.84966
 21
6.00948
 31
0.0
  0
LINE
  5
1110
330
17
100
AcDbEntity
  8
0
100
AcDbLine
 10
9.84966
 20
6.00948
 30
0.0
 11
10.228110000000001
 21
6.8899
 31
0.0
  0
LINE
  5
1111
330
17
100
AcDbEntity
  8
0
100
AcDbLine
 10
10.228110000000001
 20
6.8899
 30
0.0
 11
10.252650000000001
 21
6.887510000000001
 31
0.0
  0
LINE
  5
1112
330
17
100
AcDbEntity
  8
0
100
AcDbLine
 10
10.252650000000001
 20
6.887510000000001
 30
0.0
 11
10.89963
 21
6.824389999999999
 31
0.0
  0
LINE
  5
1113
330
17
100
AcDbEntity
  8
0
100
AcDbLine
 10
10.89963
 20
6.824389999999999
 30
0.0
 11
10.90643
 21
6.00948
 31
0.0
  0
LINE
  5
1114
330
17
100
AcDbEntity
  8
0
100
AcDbLine
 10
10.90643
 20
6.00948
 30
0.0
 11
10.90824
 21
5.7921700000000005
 31
0.0
  0
LINE
  5
1115
330
17
100
AcDbEntity
  8
0
100
AcDbLine
 10
10.90824
 20
5.7921700000000005
 30
0.0
 11
10.911439999999999
 21
5.408589999999999
 31
0.0
  0
LINE
  5
1116
330
17
100
AcDbEntity
  8
0
100
AcDbLine
 10
10.911439999999999
 20
5.408589999999999
 30
0.0
 11
10.93143
 21
3.00964
 31
0.0
  0
LINE
  5
1117
330
17
100
AcDbEntity
  8
0
100
AcDbLine
 10
10.93143
 20
3.00964
 30
0.0
 11
10.93211
 21
2.92815
 31
0.0
  0
LINE
  5
1118
330
17
100
AcDbEntity
  8
0
100
AcDbLine
 10
10.93211
 20
2.92815
 30
0.0
 11
10.94854
 21
0.9570099999999999
 31
0.0
  0
LINE
  5
1119
330
17
100
AcDbEntity
  8
0
100
AcDbLine
 10
10.94854
 20
0.95701
 30
0.0
 11
11.47843
 21
0.94566
 31
0.0
  0
LINE
  5
111A
330
17
100
AcDbEntity
  8
0
100
AcDbLine
 10
11.47843
 20
0.94566
 30
0.0
 11
13.779
 21
0.89637
 31
0.0
  0
LINE
  5
111B
330
17
100
AcDbEntity
  8
0
100
AcDbLine
 10
13.779
 20
0.89637
 30
0.0
 11
13.779
 21
2.92815
 31
0.0
  0
LINE
  5
111C
330
17
100
AcDbEntity
  8
0
100
AcDbLine
 10
13.779
 20
2.92815
 30
0.0
 11
13.779
 21
3.00964
 31
0.0
  0
LINE
  5
111D
330
17
100
AcDbEntity
  8
0
100
AcDbLine
 10
13.779
 20
3.00964
 30
0.0
 11
13.779
 21
5.408589999999999
 31
0.0
  0
LINE
  5
111E
330
17
100
AcDbEntity
  8
0
100
AcDbLine
 10
13.779
 20
5.408589999999999
 30
0.0
 11
13.779
 21
5.7921700000000005
 31
0.0
  0
LINE
  5
111F
330
17
100
AcDbEntity
  8
0
100
AcDbLine
 10
13.779
 20
5.7921700000000005
 30
0.0
 11
13.779
 21
6.00948
 31
0.0
  0
LINE
  5
1120
330
17
100
AcDbEntity
  8
0
100
AcDbLine
 10
13.779
 20
6.00948
 30
0.0
 11
13.779
 21
7.96528
 31
0.0
  0
LINE
  5
1121
330
17
100
AcDbEntity
  8
0
100
AcDbLine
 10
13.779
 20
7.96528
 30
0.0
 11
14.53959
 21
7.96528
 31
0.0
  0
LINE
  5
1122
330
17
100
AcDbEntity
  8
0
100
AcDbLine
 10
14.53959
 20
7.96528
 30
0.0
 11
14.83915
 21
7.95773
 31
0.0
  0
LINE
  5
1123
330
17
100
AcDbEntity
  8
0
100
AcDbLine
 10
14.83915
 20
7.95773
 30
0.0
 11
15.08286
 21
7.93423
 31
0.0
  0
LINE
  5
1124
330
17
100
AcDbEntity
  8
0
100
AcDbLine
 10
15.08286
 20
7.93423
 30
0.0
 11
15.26498
 21
7.90067
 31
0.0
  0
LINE
  5
1125
330
17
100
AcDbEntity
  8
0
100
AcDbLine
 10
15.26498
 20
7.90067
 30
0.0
 11
15.26948
 21
7.899400000000001
 31
0.0
  0
LINE
  5
1126
330
17
100
AcDbEntity
  8
0
100
AcDbLine
 10
15.26948
 20
7.899400000000001
 30
0.0
 11
15.27383
 21
7.89768
 31
0.0
  0
LINE
  5
1127
330
17
100
AcDbEntity
  8
0
100
AcDbLine
 10
15.27383
 20
7.89768
 30
0.0
 11
15.27798
 21
7.89551
 31
0.0
  0
LINE
  5
1128
330
17
100
AcDbEntity
  8
0
100
AcDbLine
 10
15.27798
 20
7.89551
 30
0.0
 11
15.281889999999999
 21
7.892919999999999
 31
0.0
  0
LINE
  5
1129
330
17
100
AcDbEntity
  8
0
100
AcDbLine
 10
15.281889999999999
 20
7.892919999999999
 30
0.0
 11
15.2855
 21
7.88994
 31
0.0
  0
LINE
  5
112A
330
17
100
AcDbEntity
  8
0
100
AcDbLine
 10
15.2855
 20
7.88994
 30
0.0
 11
15.28879
 21
7.8866000000000005
 31
0.0
  0
LINE
  5
112B
330
17
100
AcDbEntity
  8
0
100
AcDbLine
 10
15.28879
 20
7.8866000000000005
 30
0.0
 11
15.29171
 21
7.882949999999999
 31
0.0
  0
LINE
  5
112C
330
17
100
AcDbEntity
  8
0
100
AcDbLine
 10
15.29171
 20
7.882949999999999
 30
0.0
 11
15.29424
 21
7.879010000000001
 31
0.0
  0
LINE
  5
112D
330
17
100
AcDbEntity
  8
0
100
AcDbLine
 10
15.29424
 20
7.879010000000001
 30
0.0
 11
15.29634
 21
7.87482
 31
0.0
  0
LINE
  5
112E
330
17
100
AcDbEntity
  8
0
100
AcDbLine
 10
15.29634
 20
7.87482
 30
0.0
 11
15.298010000000001
 21
7.870449999999999
 31
0.0
  0
LINE
  5
112F
330
17
100
AcDbEntity
  8
0
100
AcDbLine
 10
15.298010000000001
 20
7.870449999999999
 30
0.0
 11
15.29921
 21
7.86592
 31
0.0
  0
LINE
  5
1130
330
17
100
AcDbEntity
  8
0
100
AcDbLine
 10
15.29921
 20
7.86592
 30
0.0
 11
15.29993
 21
7.8613
 31
0.0
  0
LINE
  5
1131
330
17
100
AcDbEntity
  8
0
100
AcDbLine
 10
15.29993
 20
7.8613
 30
0.0
 11
15.30017
 21
7.8566199999999995
 31
0.0
  0
LINE
  5
1132
330
17
100
AcDbEntity
  8
0
100
AcDbLine
 10
15.30017
 20
7.8566199999999995
 30
0.0
 11
15.29965
 21
7.846000000000001
 31
0.0
  0
LINE
  5
1133
330
17
100
AcDbEntity
  8
0
100
AcDbLine
 10
15.29965
 20
7.846000000000001
 30
0.0
 11
15.29808
 21
7.8354800000000004
 31
0.0
  0
LINE
  5
1134
330
17
100
AcDbEntity
  8
0
100
AcDbLine
 10
15.29808
 20
7.8354800000000004
 30
0.0
 11
15.29548
 21
7.8251599999999994
 31
0.0
  0
LINE
  5
1135
330
17
100
AcDbEntity
  8
0
100
AcDbLine
 10
15.29548
 20
7.8251599999999994
 30
0.0
 11
15.29188
 21
7.81515
 31
0.0
  0
LINE
  5
1136
330
17
100
AcDbEntity
  8
0
100
AcDbLine
 10
15.29188
 20
7.81515
 30
0.0
 11
15.2873
 21
7.80551
 31
0.0
  0
LINE
  5
1137
330
17
100
AcDbEntity
  8
0
100
AcDbLine
 10
15.2873
 20
7.80551
 30
0.0
 11
15.281789999999999
 21
7.79636
 31
0.0
  0
LINE
  5
1138
330
17
100
AcDbEntity
  8
0
100
AcDbLine
 10
15.281789999999999
 20
7.79636
 30
0.0
 11
15.27543
 21
7.78779
 31
0.0
  0
LINE
  5
1139
330
17
100
AcDbEntity
  8
0
100
AcDbLine
 10
15.27543
 20
7.78779
 30
0.0
 11
15.26826
 21
7.77988
 31
0.0
  0
LINE
  5
113A
330
17
100
AcDbEntity
  8
0
100
AcDbLine
 10
15.26826
 20
7.77988
 30
0.0
 11
15.26035
 21
7.77271
 31
0.0
  0
LINE
  5
113B
330
17
100
AcDbEntity
  8
0
100
AcDbLine
 10
15.26035
 20
7.77271
 30
0.0
 11
15.25178
 21
7.7663400000000005
 31
0.0
  0
LINE
  5
113C
330
17
100
AcDbEntity
  8
0
100
AcDbLine
 10
15.25178
 20
7.7663400000000005
 30
0.0
 11
15.24263
 21
7.76084
 31
0.0
  0
LINE
  5
113D
330
17
100
AcDbEntity
  8
0
100
AcDbLine
 10
15.24263
 20
7.76084
 30
0.0
 11
15.232990000000001
 21
7.75626
 31
0.0
  0
LINE
  5
113E
330
17
100
AcDbEntity
  8
0
100
AcDbLine
 10
15.232990000000001
 20
7.75626
 30
0.0
 11
15.22298
 21
7.75266
 31
0.0
  0
LINE
  5
113F
330
17
100
AcDbEntity
  8
0
100
AcDbLine
 10
15.22298
 20
7.75266
 30
0.0
 11
15.21266
 21
7.7500599999999995
 31
0.0
  0
LINE
  5
1140
330
17
100
AcDbEntity
  8
0
100
AcDbLine
 10
15.21266
 20
7.7500599999999995
 30
0.0
 11
15.20214
 21
7.74849
 31
0.0
  0
LINE
  5
1141
330
17
100
AcDbEntity
  8
0
100
AcDbLine
 10
15.20214
 20
7.74849
 30
0.0
 11
15.19152
 21
7.74796
 31
0.0
  0
LINE
  5
1142
330
17
100
AcDbEntity
  8
0
100
AcDbLine
 10
15.19152
 20
7.74796
 30
0.0
 11
15.18688
 21
7.747719999999999
 31
0.0
  0
LINE
  5
1143
330
17
100
AcDbEntity
  8
0
100
AcDbLine
 10
15.18688
 20
7.747719999999999
 30
0.0
 11
15.1823
 21
7.747000000000001
 31
0.0
  0
LINE
  5
1144
330
17
100
AcDbEntity
  8
0
100
AcDbLine
 10
15.1823
 20
7.747000000000001
 30
0.0
 11
15.17781
 21
7.74581
 31
0.0
  0
LINE
  5
1145
330
17
100
AcDbEntity
  8
0
100
AcDbLine
 10
15.17781
 20
7.74581
 30
0.0
 11
15.17347
 21
7.74416
 31
0.0
  0
LINE
  5
1146
330
17
100
AcDbEntity
  8
0
100
AcDbLine
 10
15.17347
 20
7.74416
 30
0.0
 11
15.16933
 21
7.74206
 31
0.0
  0
LINE
  5
1147
330
17
100
AcDbEntity
  8
0
100
AcDbLine
 10
15.16933
 20
7.74206
 30
0.0
 11
15.16543
 21
7.73955
 31
0.0
  0
LINE
  5
1148
330
17
100
AcDbEntity
  8
0
100
AcDbLine
 10
15.16543
 20
7.73955
 30
0.0
 11
15.1618
 21
7.73665
 31
0.0
  0
LINE
  5
1149
330
17
100
AcDbEntity
  8
0
100
AcDbLine
 10
15.1618
 20
7.73665
 30
0.0
 11
15.1585
 21
7.7333799999999995
 31
0.0
  0
LINE
  5
114A
330
17
100
AcDbEntity
  8
0
100
AcDbLine
 10
15.1585
 20
7.7333799999999995
 30
0.0
 11
15.15556
 21
7.72979
 31
0.0
  0
LINE
  5
114B
330
17
100
AcDbEntity
  8
0
100
AcDbLine
 10
15.15556
 20
7.72979
 30
0.0
 11
15.153
 21
7.7259199999999995
 31
0.0
  0
LINE
  5
114C
330
17
100
AcDbEntity
  8
0
100
AcDbLine
 10
15.153
 20
7.7259199999999995
 30
0.0
 11
15.15086
 21
7.7218
 31
0.0
  0
LINE
  5
114D
330
17
100
AcDbEntity
  8
0
100
AcDbLine
 10
15.15086
 20
7.7218
 30
0.0
 11
15.14916
 21
7.717479999999999
 31
0.0
  0
LINE
  5
114E
330
17
100
AcDbEntity
  8
0
100
AcDbLine
 10
15.14916
 20
7.717479999999999
 30
0.0
 11
15.12994
 21
7.6534699999999996
 31
0.0
  0
LINE
  5
114F
330
17
100
AcDbEntity
  8
0
100
AcDbLine
 10
15.12994
 20
7.6534699999999996
 30
0.0
 11
15.11478
 21
7.58838
 31
0.0
  0
LINE
  5
1150
330
17
100
AcDbEntity
  8
0
100
AcDbLine
 10
15.11478
 20
7.58838
 30
0.0
 11
15.10007
 21
7.50102
 31
0.0
  0
LINE
  5
1151
330
17
100
AcDbEntity
  8
0
100
AcDbLine
 10
15.10007
 20
7.50102
 30
0.0
 11
15.09071
 21
7.41293
 31
0.0
  0
LINE
  5
1152
330
17
100
AcDbEntity
  8
0
100
AcDbLine
 10
15.09071
 20
7.41293
 30
0.0
 11
15.08286
 21
7.204689999999999
 31
0.0
  0
LINE
  5
1153
330
17
100
AcDbEntity
  8
0
100
AcDbLine
 10
15.08286
 20
7.204689999999999
 30
0.0
 11
15.08286
 21
6.66141
 31
0.0
  0
LINE
  5
1154
330
17
100
AcDbEntity
  8
0
100
AcDbLine
 10
15.08286
 20
6.66141
 30
0.0
 11
15.40374
 21
6.66141
 31
0.0
  0
LINE
  5
1155
330
17
100
AcDbEntity
  8
0
100
AcDbLine
 10
15.40374
 20
6.66141
 30
0.0
 11
15.78705
 21
6.66141
 31
0.0
  0
LINE
  5
1156
330
17
100
AcDbEntity
  8
0
100
AcDbLine
 10
15.78705
 20
6.66141
 30
0.0
 11
16.232960000000002
 21
6.65486
 31
0.0
  0
LINE
  5
1157
330
17
100
AcDbEntity
  8
0
100
AcDbLine
 10
16.232960000000002
 20
6.65486
 30
0.0
 11
16.276419999999998
 21
6.65172
 31
0.0
  0
LINE
  5
1158
330
17
100
AcDbEntity
  8
0
100
AcDbLine
 10
16.276419999999998
 20
6.65172
 30
0.0
 11
16.31945
 21
6.64488
 31
0.0
  0
LINE
  5
1159
330
17
100
AcDbEntity
  8
0
100
AcDbLine
 10
16.31945
 20
6.64488
 30
0.0
 11
16.36174
 21
6.634379999999999
 31
0.0
  0
LINE
  5
115A
330
17
100
AcDbEntity
  8
0
100
AcDbLine
 10
16.36174
 20
6.634379999999999
 30
0.0
 11
16.40298
 21
6.62031
 31
0.0
  0
LINE
  5
115B
330
17
100
AcDbEntity
  8
0
100
AcDbLine
 10
16.40298
 20
6.62031
 30
0.0
 11
16.41942
 21
6.61287
 31
0.0
  0
LINE
  5
115C
330
17
100
AcDbEntity
  8
0
100
AcDbLine
 10
16.41942
 20
6.61287
 30
0.0
 11
16.43498
 21
6.60374
 31
0.0
  0
LINE
  5
115D
330
17
100
AcDbEntity
  8
0
100
AcDbLine
 10
16.43498
 20
6.60374
 30
0.0
 11
16.449479999999998
 21
6.59301
 31
0.0
  0
LINE
  5
115E
330
17
100
AcDbEntity
  8
0
100
AcDbLine
 10
16.449479999999998
 20
6.59301
 30
0.0
 11
16.462770000000003
 21
6.5808
 31
0.0
  0
LINE
  5
115F
330
17
100
AcDbEntity
  8
0
100
AcDbLine
 10
16.462770000000003
 20
6.5808
 30
0.0
 11
16.47469
 21
6.5672500000000005
 31
0.0
  0
LINE
  5
1160
330
17
100
AcDbEntity
  8
0
100
AcDbLine
 10
16.47469
 20
6.5672500000000005
 30
0.0
 11
16.4851
 21
6.55251
 31
0.0
  0
LINE
  5
1161
330
17
100
AcDbEntity
  8
0
100
AcDbLine
 10
16.4851
 20
6.55251
 30
0.0
 11
16.4939
 21
6.53676
 31
0.0
  0
LINE
  5
1162
330
17
100
AcDbEntity
  8
0
100
AcDbLine
 10
16.4939
 20
6.53676
 30
0.0
 11
16.51867
 21
6.48044
 31
0.0
  0
LINE
  5
1163
330
17
100
AcDbEntity
  8
0
100
AcDbLine
 10
16.51867
 20
6.48044
 30
0.0
 11
16.53867
 21
6.42226
 31
0.0
  0
LINE
  5
1164
330
17
100
AcDbEntity
  8
0
100
AcDbLine
 10
16.53867
 20
6.42226
 30
0.0
 11
16.55377
 21
6.36261
 31
0.0
  0
LINE
  5
1165
330
17
100
AcDbEntity
  8
0
100
AcDbLine
 10
16.55377
 20
6.36261
 30
0.0
 11
16.64204
 21
6.00948
 31
0.0
  0
LINE
  5
1166
330
17
100
AcDbEntity
  8
0
100
AcDbLine
 10
16.64204
 20
6.00948
 30
0.0
 11
16.69635
 21
5.7921700000000005
 31
0.0
  0
LINE
  5
1167
330
17
100
AcDbEntity
  8
0
100
AcDbLine
 10
16.69635
 20
5.7921700000000005
 30
0.0
 11
16.79223
 21
5.408589999999999
 31
0.0
  0
LINE
  5
1168
330
17
100
AcDbEntity
  8
0
100
AcDbLine
 10
16.79223
 20
5.408589999999999
 30
0.0
 11
16.79895
 21
5.3816999999999995
 31
0.0
  0
LINE
  5
1169
330
17
100
AcDbEntity
  8
0
100
AcDbLine
 10
16.79895
 20
5.3816999999999995
 30
0.0
 11
16.93327
 21
4.9677999999999995
 31
0.0
  0
LINE
  5
116A
330
17
100
AcDbEntity
  8
0
100
AcDbLine
 10
16.93327
 20
4.9677999999999995
 30
0.0
 11
17.09234
 21
4.56276
 31
0.0
  0
LINE
  5
116B
330
17
100
AcDbEntity
  8
0
100
AcDbLine
 10
17.09234
 20
4.56276
 30
0.0
 11
17.26532
 21
4.19259
 31
0.0
  0
LINE
  5
116C
330
17
100
AcDbEntity
  8
0
100
AcDbLine
 10
17.26532
 20
4.19259
 30
0.0
 11
17.46214
 21
3.83453
 31
0.0
  0
LINE
  5
116D
330
17
100
AcDbEntity
  8
0
100
AcDbLine
 10
17.46214
 20
3.83453
 30
0.0
 11
17.6895
 21
3.47541
 31
0.0
  0
LINE
  5
116E
330
17
100
AcDbEntity
  8
0
100
AcDbLine
 10
17.6895
 20
3.47541
 30
0.0
 11
17.93734
 21
3.13011
 31
0.0
  0
LINE
  5
116F
330
17
100
AcDbEntity
  8
0
100
AcDbLine
 10
17.93734
 20
3.13011
 30
0.0
 11
18.029239999999998
 21
3.00964
 31
0.0
  0
LINE
  5
1170
330
17
100
AcDbEntity
  8
0
100
AcDbLine
 10
18.029239999999998
 20
3.00964
 30
0.0
 11
18.0914
 21
2.92815
 31
0.0
  0
LINE
  5
1171
330
17
100
AcDbEntity
  8
0
100
AcDbLine
 10
18.0914
 20
2.92815
 30
0.0
 11
18.434630000000002
 21
2.47818
 31
0.0
  0
LINE
  5
1172
330
17
100
AcDbEntity
  8
0
100
AcDbLine
 10
18.434630000000002
 20
2.47818
 30
0.0
 11
17.423930000000002
 21
2.3695299999999997
 31
0.0
  0
LINE
  5
1173
330
17
100
AcDbEntity
  8
0
100
AcDbLine
 10
17.423930000000002
 20
2.3695299999999997
 30
0.0
 11
17.85365
 21
2.0164
 31
0.0
  0
LINE
  5
1174
330
17
100
AcDbEntity
  8
0
100
AcDbLine
 10
17.85365
 20
2.0164
 30
0.0
 11
18.106270000000002
 21
1.829
 31
0.0
  0
LINE
  5
1175
330
17
100
AcDbEntity
  8
0
100
AcDbLine
 10
18.106270000000002
 20
1.829
 30
0.0
 11
18.17134
 21
1.7894
 31
0.0
  0
LINE
  5
1176
330
17
100
AcDbEntity
  8
0
100
AcDbLine
 10
18.17134
 20
1.7894
 30
0.0
 11
18.2395
 21
1.75539
 31
0.0
  0
LINE
  5
1177
330
17
100
AcDbEntity
  8
0
100
AcDbLine
 10
18.2395
 20
1.75539
 30
0.0
 11
18.31027
 21
1.7272100000000001
 31
0.0
  0
LINE
  5
1178
330
17
100
AcDbEntity
  8
0
100
AcDbLine
 10
18.31027
 20
1.7272100000000001
 30
0.0
 11
18.38411
 21
1.70469
 31
0.0
  0
LINE
  5
1179
330
17
100
AcDbEntity
  8
0
100
AcDbLine
 10
18.38411
 20
1.70469
 30
0.0
 11
18.45954
 21
1.68829
 31
0.0
  0
LINE
  5
117A
330
17
100
AcDbEntity
  8
0
100
AcDbLine
 10
18.45954
 20
1.68829
 30
0.0
 11
18.53606
 21
1.67812
 31
0.0
  0
LINE
  5
117B
330
17
100
AcDbEntity
  8
0
100
AcDbLine
 10
18.53606
 20
1.67812
 30
0.0
 11
18.86162
 21
1.6632699999999998
 31
0.0
  0
LINE
  5
117C
330
17
100
AcDbEntity
  8
0
100
AcDbLine
 10
18.86162
 20
1.6632699999999998
 30
0.0
 11
18.98663
 21
1.65689
 31
0.0
  0
LINE
  5
117D
330
17
100
AcDbEntity
  8
0
100
AcDbLine
 10
18.98663
 20
1.65689
 30
0.0
 11
19.118820000000003
 21
1.65015
 31
0.0
  0
LINE
  5
117E
330
17
100
AcDbEntity
  8
0
100
AcDbLine
 10
19.118820000000003
 20
1.65015
 30
0.0
 11
19.37589
 21
1.6109099999999998
 31
0.0
  0
LINE
  5
117F
330
17
100
AcDbEntity
  8
0
100
AcDbLine
 10
19.37589
 20
1.6109099999999998
 30
0.0
 11
19.60795
 21
1.55085
 31
0.0
  0
LINE
  5
1180
330
17
100
AcDbEntity
  8
0
100
AcDbLine
 10
19.60795
 20
1.55085
 30
0.0
 11
19.6996
 21
1.5170299999999999
 31
0.0
  0
LINE
  5
1181
330
17
100
AcDbEntity
  8
0
100
AcDbLine
 10
19.6996
 20
1.5170299999999999
 30
0.0
 11
19.787599999999998
 21
1.47461
 31
0.0
  0
LINE
  5
1182
330
17
100
AcDbEntity
  8
0
100
AcDbLine
 10
19.787599999999998
 20
1.47461
 30
0.0
 11
20.13533
 21
1.28595
 31
0.0
  0
LINE
  5
1183
330
17
100
AcDbEntity
  8
0
100
AcDbLine
 10
20.13533
 20
1.28595
 30
0.0
 11
19.83653
 21
1.25008
 31
0.0
  0
LINE
  5
1184
330
17
100
AcDbEntity
  8
0
100
AcDbLine
 10
19.83653
 20
1.25008
 30
0.0
 11
19.77736
 21
1.24018
 31
0.0
  0
LINE
  5
1185
330
17
100
AcDbEntity
  8
0
100
AcDbLine
 10
19.77736
 20
1.24018
 30
0.0
 11
19.719359999999998
 21
1.22485
 31
0.0
  0
LINE
  5
1186
330
17
100
AcDbEntity
  8
0
100
AcDbLine
 10
19.719359999999998
 20
1.22485
 30
0.0
 11
19.68604
 21
1.21272
 31
0.0
  0
LINE
  5
1187
330
17
100
AcDbEntity
  8
0
100
AcDbLine
 10
19.68604
 20
1.21272
 30
0.0
 11
19.65392
 21
1.1977
 31
0.0
  0
LINE
  5
1188
330
17
100
AcDbEntity
  8
0
100
AcDbLine
 10
19.65392
 20
1.1977
 30
0.0
 11
19.62326
 21
1.1799
 31
0.0
  0
LINE
  5
1189
330
17
100
AcDbEntity
  8
0
100
AcDbLine
 10
19.62326
 20
1.1799
 30
0.0
 11
19.60559
 21
1.16749
 31
0.0
  0
LINE
  5
118A
330
17
100
AcDbEntity
  8
0
100
AcDbLine
 10
19.60559
 20
1.16749
 30
0.0
 11
19.589019999999998
 21
1.15364
 31
0.0
  0
LINE
  5
118B
330
17
100
AcDbEntity
  8
0
100
AcDbLine
 10
19.589019999999998
 20
1.15364
 30
0.0
 11
19.57368
 21
1.13845
 31
0.0
  0
LINE
  5
118C
330
17
100
AcDbEntity
  8
0
100
AcDbLine
 10
19.57368
 20
1.13845
 30
0.0
 11
19.55967
 21
1.12203
 31
0.0
  0
LINE
  5
118D
330
17
100
AcDbEntity
  8
0
100
AcDbLine
 10
19.55967
 20
1.12203
 30
0.0
 11
19.55401
 21
1.11405
 31
0.0
  0
LINE
  5
118E
330
17
100
AcDbEntity
  8
0
100
AcDbLine
 10
19.55401
 20
1.11405
 30
0.0
 11
19.54913
 21
1.10557
 31
0.0
  0
LINE
  5
118F
330
17
100
AcDbEntity
  8
0
100
AcDbLine
 10
19.54913
 20
1.10557
 30
0.0
 11
19.545070000000003
 21
1.09666
 31
0.0
  0
LINE
  5
1190
330
17
100
AcDbEntity
  8
0
100
AcDbLine
 10
19.545070000000003
 20
1.09666
 30
0.0
 11
19.541880000000003
 21
1.08742
 31
0.0
  0
LINE
  5
1191
330
17
100
AcDbEntity
  8
0
100
AcDbLine
 10
19.541880000000003
 20
1.08742
 30
0.0
 11
19.53958
 21
1.0779100000000001
 31
0.0
  0
LINE
  5
1192
330
17
100
AcDbEntity
  8
0
100
AcDbLine
 10
19.53958
 20
1.0779100000000001
 30
0.0
 11
19.53819
 21
1.06822
 31
0.0
  0
LINE
  5
1193
330
17
100
AcDbEntity
  8
0
100
AcDbLine
 10
19.53819
 20
1.06822
 30
0.0
 11
19.53773
 21
1.0584500000000001
 31
0.0
  0
LINE
  5
1194
330
17
100
AcDbEntity
  8
0
100
AcDbLine
 10
19.53773
 20
1.0584500000000001
 30
0.0
 11
19.53825
 21
1.0487199999999999
 31
0.0
  0
LINE
  5
1195
330
17
100
AcDbEntity
  8
0
100
AcDbLine
 10
19.53825
 20
1.0487199999999999
 30
0.0
 11
19.53982
 21
1.03911
 31
0.0
  0
LINE
  5
1196
330
17
100
AcDbEntity
  8
0
100
AcDbLine
 10
19.53982
 20
1.03911
 30
0.0
 11
19.54241
 21
1.02972
 31
0.0
  0
LINE
  5
1197
330
17
100
AcDbEntity
  8
0
100
AcDbLine
 10
19.54241
 20
1.02972
 30
0.0
 11
19.54599
 21
1.02067
 31
0.0
  0
LINE
  5
1198
330
17
100
AcDbEntity
  8
0
100
AcDbLine
 10
19.54599
 20
1.02067
 30
0.0
 11
19.55052
 21
1.0120500000000001
 31
0.0
  0
LINE
  5
1199
330
17
100
AcDbEntity
  8
0
100
AcDbLine
 10
19.55052
 20
1.0120500000000001
 30
0.0
 11
19.55595
 21
1.00396
 31
0.0
  0
LINE
  5
119A
330
17
100
AcDbEntity
  8
0
100
AcDbLine
 10
19.55595
 20
1.00396
 30
0.0
 11
19.56222
 21
0.9965099999999999
 31
0.0
  0
LINE
  5
119B
330
17
100
AcDbEntity
  8
0
100
AcDbLine
 10
19.56222
 20
0.9965099999999999
 30
0.0
 11
19.56925
 21
0.98978
 31
0.0
  0
LINE
  5
119C
330
17
100
AcDbEntity
  8
0
100
AcDbLine
 10
19.56925
 20
0.98978
 30
0.0
 11
19.57697
 21
0.98383
 31
0.0
  0
LINE
  5
119D
330
17
100
AcDbEntity
  8
0
100
AcDbLine
 10
19.57697
 20
0.98383
 30
0.0
 11
19.60266
 21
0.96793
 31
0.0
  0
LINE
  5
119E
330
17
100
AcDbEntity
  8
0
100
AcDbLine
 10
19.60266
 20
0.96793
 30
0.0
 11
19.629739999999998
 21
0.9545600000000001
 31
0.0
  0
LINE
  5
119F
330
17
100
AcDbEntity
  8
0
100
AcDbLine
 10
19.629739999999998
 20
0.9545600000000001
 30
0.0
 11
19.65799
 21
0.94384
 31
0.0
  0
LINE
  5
11A0
330
17
100
AcDbEntity
  8
0
100
AcDbLine
 10
19.65799
 20
0.94384
 30
0.0
 11
19.68713
 21
0.93588
 31
0.0
  0
LINE
  5
11A1
330
17
100
AcDbEntity
  8
0
100
AcDbLine
 10
19.68713
 20
0.93588
 30
0.0
 11
19.78764
 21
0.9182199999999999
 31
0.0
  0
LINE
  5
11A2
330
17
100
AcDbEntity
  8
0
100
AcDbLine
 10
19.78764
 20
0.9182199999999999
 30
0.0
 11
19.88933
 21
0.90962
 31
0.0
  0
LINE
  5
11A3
330
17
100
AcDbEntity
  8
0
100
AcDbLine
 10
19.88933
 20
0.90962
 30
0.0
 11
20.238690000000002
 21
0.90268
 31
0.0
  0
LINE
  5
11A4
330
17
100
AcDbEntity
  8
0
100
AcDbLine
 10
20.238690000000002
 20
0.90268
 30
0.0
 11
20.55286
 21
0.8905500000000001
 31
0.0
  0
LINE
  5
11A5
330
17
100
AcDbEntity
  8
0
100
AcDbLine
 10
20.55286
 20
0.8905500000000001
 30
0.0
 11
20.91882
 21
0.85331
 31
0.0
  0
LINE
  5
11A6
330
17
100
AcDbEntity
  8
0
100
AcDbLine
 10
20.91882
 20
0.85331
 30
0.0
 11
21.2779
 21
0.79908
 31
0.0
  0
LINE
  5
11A7
330
17
100
AcDbEntity
  8
0
100
AcDbLine
 10
21.2779
 20
0.79908
 30
0.0
 11
21.56972
 21
0.73461
 31
0.0
  0
LINE
  5
11A8
330
17
100
AcDbEntity
  8
0
100
AcDbLine
 10
21.56972
 20
0.73461
 30
0.0
 11
21.91974
 21
0.65322
 31
0.0
  0
LINE
  5
11A9
330
17
100
AcDbEntity
  8
0
100
AcDbLine
 10
21.91974
 20
0.65322
 30
0.0
 11
22.274269999999998
 21
0.59453
 31
0.0
  0
LINE
  5
11AA
330
17
100
AcDbEntity
  8
0
100
AcDbLine
 10
22.274269999999998
 20
0.59453
 30
0.0
 11
23.143
 21
0.51121
 31
0.0
  0
LINE
  5
11AB
330
17
100
AcDbEntity
  8
0
100
AcDbLine
 10
23.143
 20
0.51121
 30
0.0
 11
24.00219
 21
0.49132
 31
0.0
  0
LINE
  5
11AC
330
17
100
AcDbEntity
  8
0
100
AcDbLine
 10
24.00219
 20
0.49132
 30
0.0
 11
24.33804
 21
0.5082599999999999
 31
0.0
  0
LINE
  5
11AD
330
17
100
AcDbEntity
  8
0
100
AcDbLine
 10
24.33804
 20
0.5082599999999999
 30
0.0
 11
24.671689999999998
 21
0.55018
 31
0.0
  0
LINE
  5
11AE
330
17
100
AcDbEntity
  8
0
100
AcDbLine
 10
24.671689999999998
 20
0.55018
 30
0.0
 11
25.29646
 21
0.65247
 31
0.0
  0
LINE
  5
11AF
330
17
100
AcDbEntity
  8
0
100
AcDbLine
 10
25.29646
 20
0.65247
 30
0.0
 11
25.29646
 21
-2.4820699999999998
 31
0.0
  0
LINE
  5
11B0
330
17
100
AcDbEntity
  8
0
100
AcDbLine
 10
25.29646
 20
-2.4820699999999998
 30
0.0
 11
25.29719
 21
-2.84592
 31
0.0
  0
LINE
  5
11B1
330
17
100
AcDbEntity
  8
0
100
AcDbLine
 10
25.29719
 20
-2.84592
 30
0.0
 11
25.300530000000002
 21
-4.515650000000001
 31
0.0
  0
LINE
  5
11B2
330
17
100
AcDbEntity
  8
0
100
AcDbLine
 10
25.300530000000002
 20
-4.515650000000001
 30
0.0
 11
25.325509999999998
 21
-5.19764
 31
0.0
  0
LINE
  5
11B3
330
17
100
AcDbEntity
  8
0
100
AcDbLine
 10
25.325509999999998
 20
-5.19764
 30
0.0
 11
25.33714
 21
-5.3065999999999995
 31
0.0
  0
LINE
  5
11B4
330
17
100
AcDbEntity
  8
0
100
AcDbLine
 10
25.33714
 20
-5.3065999999999995
 30
0.0
 11
25.35682
 21
-5.4144
 31
0.0
  0
LINE
  5
11B5
330
17
100
AcDbEntity
  8
0
100
AcDbLine
 10
25.35682
 20
-5.4144
 30
0.0
 11
25.38444
 21
-5.52044
 31
0.0
  0
LINE
  5
11B6
330
17
100
AcDbEntity
  8
0
100
AcDbLine
 10
25.38444
 20
-5.52044
 30
0.0
 11
25.3893
 21
-5.53398
 31
0.0
  0
LINE
  5
11B7
330
17
100
AcDbEntity
  8
0
100
AcDbLine
 10
25.3893
 20
-5.53398
 30
0.0
 11
25.39559
 21
-5.54692
 31
0.0
  0
LINE
  5
11B8
330
17
100
AcDbEntity
  8
0
100
AcDbLine
 10
25.39559
 20
-5.54692
 30
0.0
 11
25.403209999999998
 21
-5.55912
 31
0.0
  0
LINE
  5
11B9
330
17
100
AcDbEntity
  8
0
100
AcDbLine
 10
25.403209999999998
 20
-5.55912
 30
0.0
 11
25.41208
 21
-5.5704400000000005
 31
0.0
  0
LINE
  5
11BA
330
17
100
AcDbEntity
  8
0
100
AcDbLine
 10
25.41208
 20
-5.5704400000000005
 30
0.0
 11
25.42211
 21
-5.58076
 31
0.0
  0
LINE
  5
11BB
330
17
100
AcDbEntity
  8
0
100
AcDbLine
 10
25.42211
 20
-5.58076
 30
0.0
 11
25.43318
 21
-5.5899399999999995
 31
0.0
  0
LINE
  5
11BC
330
17
100
AcDbEntity
  8
0
100
AcDbLine
 10
25.43318
 20
-5.5899399999999995
 30
0.0
 11
25.44517
 21
-5.5979
 31
0.0
  0
LINE
  5
11BD
330
17
100
AcDbEntity
  8
0
100
AcDbLine
 10
25.44517
 20
-5.5979
 30
0.0
 11
25.45793
 21
-5.60454
 31
0.0
  0
LINE
  5
11BE
330
17
100
AcDbEntity
  8
0
100
AcDbLine
 10
25.45793
 20
-5.60454
 30
0.0
 11
25.471330000000002
 21
-5.60978
 31
0.0
  0
LINE
  5
11BF
330
17
100
AcDbEntity
  8
0
100
AcDbLine
 10
25.471330000000002
 20
-5.60978
 30
0.0
 11
25.4852
 21
-5.61357
 31
0.0
  0
LINE
  5
11C0
330
17
100
AcDbEntity
  8
0
100
AcDbLine
 10
25.4852
 20
-5.61357
 30
0.0
 11
25.49941
 21
-5.6158600000000005
 31
0.0
  0
LINE
  5
11C1
330
17
100
AcDbEntity
  8
0
100
AcDbLine
 10
25.49941
 20
-5.6158600000000005
 30
0.0
 11
25.51377
 21
-5.61663
 31
0.0
  0
LINE
  5
11C2
330
17
100
AcDbEntity
  8
0
100
AcDbLine
 10
25.51377
 20
-5.61663
 30
0.0
 11
25.528209999999998
 21
-5.61585
 31
0.0
  0
LINE
  5
11C3
330
17
100
AcDbEntity
  8
0
100
AcDbLine
 10
25.528209999999998
 20
-5.61585
 30
0.0
 11
25.54249
 21
-5.61354
 31
0.0
  0
LINE
  5
11C4
330
17
100
AcDbEntity
  8
0
100
AcDbLine
 10
25.54249
 20
-5.61354
 30
0.0
 11
25.55644
 21
-5.609710000000001
 31
0.0
  0
LINE
  5
11C5
330
17
100
AcDbEntity
  8
0
100
AcDbLine
 10
25.55644
 20
-5.609710000000001
 30
0.0
 11
25.56989
 21
-5.60441
 31
0.0
  0
LINE
  5
11C6
330
17
100
AcDbEntity
  8
0
100
AcDbLine
 10
25.56989
 20
-5.60441
 30
0.0
 11
25.582710000000002
 21
-5.597709999999999
 31
0.0
  0
LINE
  5
11C7
330
17
100
AcDbEntity
  8
0
100
AcDbLine
 10
25.582710000000002
 20
-5.597709999999999
 30
0.0
 11
25.59473
 21
-5.58967
 31
0.0
  0
LINE
  5
11C8
330
17
100
AcDbEntity
  8
0
100
AcDbLine
 10
25.59473
 20
-5.58967
 30
0.0
 11
25.60583
 21
-5.58039
 31
0.0
  0
LINE
  5
11C9
330
17
100
AcDbEntity
  8
0
100
AcDbLine
 10
25.60583
 20
-5.58039
 30
0.0
 11
25.615869999999997
 21
-5.56998
 31
0.0
  0
LINE
  5
11CA
330
17
100
AcDbEntity
  8
0
100
AcDbLine
 10
25.615869999999997
 20
-5.56998
 30
0.0
 11
25.62473
 21
-5.55856
 31
0.0
  0
LINE
  5
11CB
330
17
100
AcDbEntity
  8
0
100
AcDbLine
 10
25.62473
 20
-5.55856
 30
0.0
 11
25.63233
 21
-5.54625
 31
0.0
  0
LINE
  5
11CC
330
17
100
AcDbEntity
  8
0
100
AcDbLine
 10
25.63233
 20
-5.54625
 30
0.0
 11
25.638569999999998
 21
-5.5332
 31
0.0
  0
LINE
  5
11CD
330
17
100
AcDbEntity
  8
0
100
AcDbLine
 10
25.638569999999998
 20
-5.5332
 30
0.0
 11
25.643369999999997
 21
-5.519559999999999
 31
0.0
  0
LINE
  5
11CE
330
17
100
AcDbEntity
  8
0
100
AcDbLine
 10
25.643369999999997
 20
-5.519559999999999
 30
0.0
 11
25.681659999999997
 21
-5.35668
 31
0.0
  0
LINE
  5
11CF
330
17
100
AcDbEntity
  8
0
100
AcDbLine
 10
25.681659999999997
 20
-5.35668
 30
0.0
 11
25.70207
 21
-5.19062
 31
0.0
  0
LINE
  5
11D0
330
17
100
AcDbEntity
  8
0
100
AcDbLine
 10
25.70207
 20
-5.19062
 30
0.0
 11
25.72702
 21
-4.496980000000001
 31
0.0
  0
LINE
  5
11D1
330
17
100
AcDbEntity
  8
0
100
AcDbLine
 10
25.72702
 20
-4.496980000000001
 30
0.0
 11
25.73026
 21
-2.84592
 31
0.0
  0
LINE
  5
11D2
330
17
100
AcDbEntity
  8
0
100
AcDbLine
 10
25.73026
 20
-2.84592
 30
0.0
 11
25.73108
 21
-2.4258499999999996
 31
0.0
  0
LINE
  5
11D3
330
17
100
AcDbEntity
  8
0
100
AcDbLine
 10
25.73108
 20
-2.4258499999999996
 30
0.0
 11
25.73108
 21
0.76491
 31
0.0
  0
LINE
  5
11D4
330
17
100
AcDbEntity
  8
0
100
AcDbLine
 10
25.73108
 20
0.7649100000000001
 30
0.0
 11
26.367
 21
0.9967800000000001
 31
0.0
  0
LINE
  5
11D5
330
17
100
AcDbEntity
  8
0
100
AcDbLine
 10
26.367
 20
0.9967800000000001
 30
0.0
 11
26.60352
 21
1.0721
 31
0.0
  0
LINE
  5
11D6
330
17
100
AcDbEntity
  8
0
100
AcDbLine
 10
26.60352
 20
1.0721
 30
0.0
 11
26.84545
 21
1.12763
 31
0.0
  0
LINE
  5
11D7
330
17
100
AcDbEntity
  8
0
100
AcDbLine
 10
26.84545
 20
1.12763
 30
0.0
 11
27.1154
 21
1.16932
 31
0.0
  0
LINE
  5
11D8
330
17
100
AcDbEntity
  8
0
100
AcDbLine
 10
27.1154
 20
1.16932
 30
0.0
 11
27.387410000000003
 21
1.19417
 31
0.0
  0
LINE
  5
11D9
330
17
100
AcDbEntity
  8
0
100
AcDbLine
 10
27.387410000000003
 20
1.19417
 30
0.0
 11
28.251600000000003
 21
1.22272
 31
0.0
  0
LINE
  5
11DA
330
17
100
AcDbEntity
  8
0
100
AcDbLine
 10
28.251600000000003
 20
1.22272
 30
0.0
 11
30.22427
 21
1.22865
 31
0.0
  0
LINE
  5
11DB
330
17
100
AcDbEntity
  8
0
100
AcDbLine
 10
30.22427
 20
1.22865
 30
0.0
 11
32.31581
 21
1.2327
 31
0.0
  0
LINE
  5
11DC
330
17
100
AcDbEntity
  8
0
100
AcDbLine
 10
32.31581
 20
1.2327
 30
0.0
 11
33.01578
 21
1.2576399999999999
 31
0.0
  0
LINE
  5
11DD
330
17
100
AcDbEntity
  8
0
100
AcDbLine
 10
33.01578
 20
1.2576399999999999
 30
0.0
 11
33.183490000000006
 21
1.27802
 31
0.0
  0
LINE
  5
11DE
330
17
100
AcDbEntity
  8
0
100
AcDbLine
 10
33.183490000000006
 20
1.27802
 30
0.0
 11
33.34807
 21
1.3162099999999999
 31
0.0
  0
LINE
  5
11DF
330
17
100
AcDbEntity
  8
0
100
AcDbLine
 10
33.34807
 20
1.3162099999999999
 30
0.0
 11
33.36177
 21
1.32098
 31
0.0
  0
LINE
  5
11E0
330
17
100
AcDbEntity
  8
0
100
AcDbLine
 10
33.36177
 20
1.32098
 30
0.0
 11
33.37487
 21
1.3272
 31
0.0
  0
LINE
  5
11E1
330
17
100
AcDbEntity
  8
0
100
AcDbLine
 10
33.37487
 20
1.3272
 30
0.0
 11
33.38724
 21
1.33478
 31
0.0
  0
LINE
  5
11E2
330
17
100
AcDbEntity
  8
0
100
AcDbLine
 10
33.38724
 20
1.33478
 30
0.0
 11
33.39871
 21
1.34365
 31
0.0
  0
LINE
  5
11E3
330
17
100
AcDbEntity
  8
0
100
AcDbLine
 10
33.39871
 20
1.34365
 30
0.0
 11
33.40918
 21
1.35369
 31
0.0
  0
LINE
  5
11E4
330
17
100
AcDbEntity
  8
0
100
AcDbLine
 10
33.40918
 20
1.35369
 30
0.0
 11
33.418499999999995
 21
1.3648
 31
0.0
  0
LINE
  5
11E5
330
17
100
AcDbEntity
  8
0
100
AcDbLine
 10
33.418499999999995
 20
1.3648
 30
0.0
 11
33.426579999999994
 21
1.37684
 31
0.0
  0
LINE
  5
11E6
330
17
100
AcDbEntity
  8
0
100
AcDbLine
 10
33.426579999999994
 20
1.37684
 30
0.0
 11
33.43333
 21
1.3896799999999998
 31
0.0
  0
LINE
  5
11E7
330
17
100
AcDbEntity
  8
0
100
AcDbLine
 10
33.43333
 20
1.3896799999999998
 30
0.0
 11
33.43865
 21
1.4031799999999999
 31
0.0
  0
LINE
  5
11E8
330
17
100
AcDbEntity
  8
0
100
AcDbLine
 10
33.43865
 20
1.4031799999999999
 30
0.0
 11
33.4425
 21
1.41716
 31
0.0
  0
LINE
  5
11E9
330
17
100
AcDbEntity
  8
0
100
AcDbLine
 10
33.4425
 20
1.41716
 30
0.0
 11
33.44483
 21
1.4314799999999999
 31
0.0
  0
LINE
  5
11EA
330
17
100
AcDbEntity
  8
0
100
AcDbLine
 10
33.44483
 20
1.4314799999999999
 30
0.0
 11
33.44561
 21
1.4459600000000001
 31
0.0
  0
LINE
  5
11EB
330
17
100
AcDbEntity
  8
0
100
AcDbLine
 10
33.44561
 20
1.4459600000000001
 30
0.0
 11
33.44492
 21
1.45958
 31
0.0
  0
LINE
  5
11EC
330
17
100
AcDbEntity
  8
0
100
AcDbLine
 10
33.44492
 20
1.45958
 30
0.0
 11
33.442859999999996
 21
1.4730699999999999
 31
0.0
  0
LINE
  5
11ED
330
17
100
AcDbEntity
  8
0
100
AcDbLine
 10
33.442859999999996
 20
1.4730699999999999
 30
0.0
 11
33.43945
 21
1.48628
 31
0.0
  0
LINE
  5
11EE
330
17
100
AcDbEntity
  8
0
100
AcDbLine
 10
33.43945
 20
1.48628
 30
0.0
 11
33.43473
 21
1.49908
 31
0.0
  0
LINE
  5
11EF
330
17
100
AcDbEntity
  8
0
100
AcDbLine
 10
33.43473
 20
1.49908
 30
0.0
 11
33.42875
 21
1.51134
 31
0.0
  0
LINE
  5
11F0
330
17
100
AcDbEntity
  8
0
100
AcDbLine
 10
33.42875
 20
1.51134
 30
0.0
 11
33.42155
 21
1.52294
 31
0.0
  0
LINE
  5
11F1
330
17
100
AcDbEntity
  8
0
100
AcDbLine
 10
33.42155
 20
1.52294
 30
0.0
 11
33.41323
 21
1.53375
 31
0.0
  0
LINE
  5
11F2
330
17
100
AcDbEntity
  8
0
100
AcDbLine
 10
33.41323
 20
1.53375
 30
0.0
 11
33.40386
 21
1.54366
 31
0.0
  0
LINE
  5
11F3
330
17
100
AcDbEntity
  8
0
100
AcDbLine
 10
33.40386
 20
1.54366
 30
0.0
 11
33.39354
 21
1.55259
 31
0.0
  0
LINE
  5
11F4
330
17
100
AcDbEntity
  8
0
100
AcDbLine
 10
33.39354
 20
1.55259
 30
0.0
 11
33.38237
 21
1.5604200000000001
 31
0.0
  0
LINE
  5
11F5
330
17
100
AcDbEntity
  8
0
100
AcDbLine
 10
33.38237
 20
1.5604200000000001
 30
0.0
 11
33.37047
 21
1.5670899999999999
 31
0.0
  0
LINE
  5
11F6
330
17
100
AcDbEntity
  8
0
100
AcDbLine
 10
33.37047
 20
1.5670899999999999
 30
0.0
 11
33.35796
 21
1.57253
 31
0.0
  0
LINE
  5
11F7
330
17
100
AcDbEntity
  8
0
100
AcDbLine
 10
33.35796
 20
1.57253
 30
0.0
 11
33.34496
 21
1.57668
 31
0.0
  0
LINE
  5
11F8
330
17
100
AcDbEntity
  8
0
100
AcDbLine
 10
33.34496
 20
1.57668
 30
0.0
 11
33.168549999999996
 21
1.61422
 31
0.0
  0
LINE
  5
11F9
330
17
100
AcDbEntity
  8
0
100
AcDbLine
 10
33.168549999999996
 20
1.61422
 30
0.0
 11
32.989329999999995
 21
1.63439
 31
0.0
  0
LINE
  5
11FA
330
17
100
AcDbEntity
  8
0
100
AcDbLine
 10
32.989329999999995
 20
1.63439
 30
0.0
 11
32.24553
 21
1.65925
 31
0.0
  0
LINE
  5
11FB
330
17
100
AcDbEntity
  8
0
100
AcDbLine
 10
32.24553
 20
1.65925
 30
0.0
 11
30.012690000000003
 21
1.6632699999999998
 31
0.0
  0
LINE
  5
11FC
330
17
100
AcDbEntity
  8
0
100
AcDbLine
 10
30.012690000000003
 20
1.6632699999999998
 30
0.0
 11
26.57976
 21
1.6632699999999998
 31
0.0
  0
LINE
  5
11FD
330
17
100
AcDbEntity
  8
0
100
AcDbLine
 10
26.57976
 20
1.6632699999999998
 30
0.0
 11
27.03495
 21
2.04356
 31
0.0
  0
LINE
  5
11FE
330
17
100
AcDbEntity
  8
0
100
AcDbLine
 10
27.03495
 20
2.04356
 30
0.0
 11
27.3047
 21
2.24959
 31
0.0
  0
LINE
  5
11FF
330
17
100
AcDbEntity
  8
0
100
AcDbLine
 10
27.3047
 20
2.24959
 30
0.0
 11
27.37054
 21
2.29141
 31
0.0
  0
LINE
  5
1200
330
17
100
AcDbEntity
  8
0
100
AcDbLine
 10
27.37054
 20
2.29141
 30
0.0
 11
27.43972
 21
2.32746
 31
0.0
  0
LINE
  5
1201
330
17
100
AcDbEntity
  8
0
100
AcDbLine
 10
27.43972
 20
2.32746
 30
0.0
 11
27.51171
 21
2.35749
 31
0.0
  0
LINE
  5
1202
330
17
100
AcDbEntity
  8
0
100
AcDbLine
 10
27.51171
 20
2.35749
 30
0.0
 11
27.5854
 21
2.38101
 31
0.0
  0
LINE
  5
1203
330
17
100
AcDbEntity
  8
0
100
AcDbLine
 10
27.5854
 20
2.38101
 30
0.0
 11
27.66084
 21
2.39807
 31
0.0
  0
LINE
  5
1204
330
17
100
AcDbEntity
  8
0
100
AcDbLine
 10
27.66084
 20
2.39807
 30
0.0
 11
27.73749
 21
2.40854
 31
0.0
  0
LINE
  5
1205
330
17
100
AcDbEntity
  8
0
100
AcDbLine
 10
27.73749
 20
2.40854
 30
0.0
 11
28.06898
 21
2.42386
 31
0.0
  0
LINE
  5
1206
330
17
100
AcDbEntity
  8
0
100
AcDbLine
 10
28.06898
 20
2.42386
 30
0.0
 11
28.4222
 21
2.4381199999999996
 31
0.0
  0
LINE
  5
1207
330
17
100
AcDbEntity
  8
0
100
AcDbLine
 10
28.4222
 20
2.4381199999999996
 30
0.0
 11
28.4736
 21
2.44463
 31
0.0
  0
LINE
  5
1208
330
17
100
AcDbEntity
  8
0
100
AcDbLine
 10
28.4736
 20
2.44463
 30
0.0
 11
28.52421
 21
2.45574
 31
0.0
  0
LINE
  5
1209
330
17
100
AcDbEntity
  8
0
100
AcDbLine
 10
28.52421
 20
2.45574
 30
0.0
 11
28.57361
 21
2.4713600000000002
 31
0.0
  0
LINE
  5
120A
330
17
100
AcDbEntity
  8
0
100
AcDbLine
 10
28.57361
 20
2.4713600000000002
 30
0.0
 11
28.6214
 21
2.4913700000000003
 31
0.0
  0
LINE
  5
120B
330
17
100
AcDbEntity
  8
0
100
AcDbLine
 10
28.6214
 20
2.4913700000000003
 30
0.0
 11
28.668059999999997
 21
2.5159499999999997
 31
0.0
  0
LINE
  5
120C
330
17
100
AcDbEntity
  8
0
100
AcDbLine
 10
28.668059999999997
 20
2.5159499999999997
 30
0.0
 11
28.712419999999998
 21
2.54448
 31
0.0
  0
LINE
  5
120D
330
17
100
AcDbEntity
  8
0
100
AcDbLine
 10
28.712419999999998
 20
2.54448
 30
0.0
 11
28.75414
 21
2.57675
 31
0.0
  0
LINE
  5
120E
330
17
100
AcDbEntity
  8
0
100
AcDbLine
 10
28.75414
 20
2.57675
 30
0.0
 11
28.79292
 21
2.6125
 31
0.0
  0
LINE
  5
120F
330
17
100
AcDbEntity
  8
0
100
AcDbLine
 10
28.79292
 20
2.6125
 30
0.0
 11
29.045830000000002
 21
2.88564
 31
0.0
  0
LINE
  5
1210
330
17
100
AcDbEntity
  8
0
100
AcDbLine
 10
29.045830000000002
 20
2.88564
 30
0.0
 11
29.079790000000003
 21
2.92815
 31
0.0
  0
LINE
  5
1211
330
17
100
AcDbEntity
  8
0
100
AcDbLine
 10
29.079790000000003
 20
2.92815
 30
0.0
 11
29.14488
 21
3.00964
 31
0.0
  0
LINE
  5
1212
330
17
100
AcDbEntity
  8
0
100
AcDbLine
 10
29.14488
 20
3.00964
 30
0.0
 11
29.32473
 21
3.23481
 31
0.0
  0
LINE
  5
1213
330
17
100
AcDbEntity
  8
0
100
AcDbLine
 10
29.32473
 20
3.23481
 30
0.0
 11
29.5768
 21
3.6038200000000002
 31
0.0
  0
LINE
  5
1214
330
17
100
AcDbEntity
  8
0
100
AcDbLine
 10
29.5768
 20
3.6038200000000002
 30
0.0
 11
29.81654
 21
4.01246
 31
0.0
  0
LINE
  5
1215
330
17
100
AcDbEntity
  8
0
100
AcDbLine
 10
29.81654
 20
4.01246
 30
0.0
 11
30.0302
 21
4.43533
 31
0.0
  0
LINE
  5
1216
330
17
100
AcDbEntity
  8
0
100
AcDbLine
 10
30.0302
 20
4.43533
 30
0.0
 11
30.21489
 21
4.86631
 31
0.0
  0
LINE
  5
1217
330
17
100
AcDbEntity
  8
0
100
AcDbLine
 10
30.21489
 20
4.86631
 30
0.0
 11
30.37198
 21
5.30811
 31
0.0
  0
LINE
  5
1218
330
17
100
AcDbEntity
  8
0
100
AcDbLine
 10
30.37198
 20
5.30811
 30
0.0
 11
30.39975
 21
5.408589999999999
 31
0.0
  0
LINE
  5
1219
330
17
100
AcDbEntity
  8
0
100
AcDbLine
 10
30.39975
 20
5.408589999999999
 30
0.0
 11
30.487190000000002
 21
5.7249099999999995
 31
0.0
  0
LINE
  5
121A
330
17
100
AcDbEntity
  8
0
100
AcDbLine
 10
30.487190000000002
 20
5.7249099999999995
 30
0.0
 11
30.50007
 21
5.7921700000000005
 31
0.0
  0
LINE
  5
121B
330
17
100
AcDbEntity
  8
0
100
AcDbLine
 10
30.50007
 20
5.7921700000000005
 30
0.0
 11
30.54167
 21
6.00948
 31
0.0
  0
LINE
  5
121C
330
17
100
AcDbEntity
  8
0
100
AcDbLine
 10
30.54167
 20
6.00948
 30
0.0
 11
30.5685
 21
6.149629999999999
 31
0.0
  0
LINE
  5
121D
330
17
100
AcDbEntity
  8
0
100
AcDbLine
 10
30.5685
 20
6.149629999999999
 30
0.0
 11
30.64524
 21
6.66141
 31
0.0
  0
LINE
  5
121E
330
17
100
AcDbEntity
  8
0
100
AcDbLine
 10
30.64524
 20
6.66141
 30
0.0
 11
29.53402
 21
6.66141
 31
0.0
  0
LINE
  5
121F
330
17
100
AcDbEntity
  8
0
100
AcDbLine
 10
29.53402
 20
6.66141
 30
0.0
 11
29.53402
 21
7.74796
 31
0.0
  0
LINE
  5
1220
330
17
100
AcDbEntity
  8
0
100
AcDbLine
 10
29.53402
 20
7.74796
 30
0.0
 11
30.559829999999998
 21
7.74796
 31
0.0
  0
LINE
  5
1221
330
17
100
AcDbEntity
  8
0
100
AcDbLine
 10
30.559829999999998
 20
7.74796
 30
0.0
 11
30.95896
 21
7.75581
 31
0.0
  0
LINE
  5
1222
330
17
100
AcDbEntity
  8
0
100
AcDbLine
 10
30.95896
 20
7.75581
 30
0.0
 11
31.304899999999996
 21
7.77978
 31
0.0
  0
LINE
  5
1223
330
17
100
AcDbEntity
  8
0
100
AcDbLine
 10
31.304899999999996
 20
7.77978
 30
0.0
 11
31.58641
 21
7.81334
 31
0.0
  0
LINE
  5
1224
330
17
100
AcDbEntity
  8
0
100
AcDbLine
 10
31.58641
 20
7.81334
 30
0.0
 11
31.59535
 21
7.815040000000001
 31
0.0
  0
LINE
  5
1225
330
17
100
AcDbEntity
  8
0
100
AcDbLine
 10
31.59535
 20
7.815040000000001
 30
0.0
 11
31.604069999999997
 21
7.817589999999999
 31
0.0
  0
LINE
  5
1226
330
17
100
AcDbEntity
  8
0
100
AcDbLine
 10
31.604069999999997
 20
7.817589999999999
 30
0.0
 11
31.6125
 21
7.82098
 31
0.0
  0
LINE
  5
1227
330
17
100
AcDbEntity
  8
0
100
AcDbLine
 10
31.6125
 20
7.82098
 30
0.0
 11
31.62057
 21
7.82518
 31
0.0
  0
LINE
  5
1228
330
17
100
AcDbEntity
  8
0
100
AcDbLine
 10
31.62057
 20
7.82518
 30
0.0
 11
31.62818
 21
7.830139999999999
 31
0.0
  0
LINE
  5
1229
330
17
100
AcDbEntity
  8
0
100
AcDbLine
 10
31.62818
 20
7.830139999999999
 30
0.0
 11
31.63528
 21
7.8358300000000005
 31
0.0
  0
LINE
  5
122A
330
17
100
AcDbEntity
  8
0
100
AcDbLine
 10
31.63528
 20
7.8358300000000005
 30
0.0
 11
31.641790000000004
 21
7.842180000000001
 31
0.0
  0
LINE
  5
122B
330
17
100
AcDbEntity
  8
0
100
AcDbLine
 10
31.641790000000004
 20
7.842180000000001
 30
0.0
 11
31.64764
 21
7.84913
 31
0.0
  0
LINE
  5
122C
330
17
100
AcDbEntity
  8
0
100
AcDbLine
 10
31.64764
 20
7.84913
 30
0.0
 11
31.65279
 21
7.8566199999999995
 31
0.0
  0
LINE
  5
122D
330
17
100
AcDbEntity
  8
0
100
AcDbLine
 10
31.65279
 20
7.8566199999999995
 30
0.0
 11
31.65457
 21
7.85987
 31
0.0
  0
LINE
  5
122E
330
17
100
AcDbEntity
  8
0
100
AcDbLine
 10
31.65457
 20
7.85987
 30
0.0
 11
31.65598
 21
7.8633
 31
0.0
  0
LINE
  5
122F
330
17
100
AcDbEntity
  8
0
100
AcDbLine
 10
31.65598
 20
7.8633
 30
0.0
 11
31.65701
 21
7.86686
 31
0.0
  0
LINE
  5
1230
330
17
100
AcDbEntity
  8
0
100
AcDbLine
 10
31.65701
 20
7.86686
 30
0.0
 11
31.65764
 21
7.87051
 31
0.0
  0
LINE
  5
1231
330
17
100
AcDbEntity
  8
0
100
AcDbLine
 10
31.65764
 20
7.87051
 30
0.0
 11
31.65788
 21
7.87421
 31
0.0
  0
LINE
  5
1232
330
17
100
AcDbEntity
  8
0
100
AcDbLine
 10
31.65788
 20
7.87421
 30
0.0
 11
31.657709999999998
 21
7.87791
 31
0.0
  0
LINE
  5
1233
330
17
100
AcDbEntity
  8
0
100
AcDbLine
 10
31.657709999999998
 20
7.87791
 30
0.0
 11
31.657140000000002
 21
7.881569999999999
 31
0.0
  0
LINE
  5
1234
330
17
100
AcDbEntity
  8
0
100
AcDbLine
 10
31.657140000000002
 20
7.881569999999999
 30
0.0
 11
31.65618
 21
7.88515
 31
0.0
  0
LINE
  5
1235
330
17
100
AcDbEntity
  8
0
100
AcDbLine
 10
31.65618
 20
7.88515
 30
0.0
 11
31.65483
 21
7.888600000000001
 31
0.0
  0
LINE
  5
1236
330
17
100
AcDbEntity
  8
0
100
AcDbLine
 10
31.65483
 20
7.888600000000001
 30
0.0
 11
31.65312
 21
7.89189
 31
0.0
  0
LINE
  5
1237
330
17
100
AcDbEntity
  8
0
100
AcDbLine
 10
31.65312
 20
7.89189
 30
0.0
 11
31.65106
 21
7.89497
 31
0.0
  0
LINE
  5
1238
330
17
100
AcDbEntity
  8
0
100
AcDbLine
 10
31.65106
 20
7.89497
 30
0.0
 11
31.648669999999996
 21
7.89781
 31
0.0
  0
LINE
  5
1239
330
17
100
AcDbEntity
  8
0
100
AcDbLine
 10
31.648669999999996
 20
7.89781
 30
0.0
 11
31.645989999999998
 21
7.900370000000001
 31
0.0
  0
LINE
  5
123A
330
17
100
AcDbEntity
  8
0
100
AcDbLine
 10
31.645989999999998
 20
7.900370000000001
 30
0.0
 11
31.63124
 21
7.911720000000001
 31
0.0
  0
LINE
  5
123B
330
17
100
AcDbEntity
  8
0
100
AcDbLine
 10
31.63124
 20
7.911720000000001
 30
0.0
 11
31.61535
 21
7.9214400000000005
 31
0.0
  0
LINE
  5
123C
330
17
100
AcDbEntity
  8
0
100
AcDbLine
 10
31.61535
 20
7.9214400000000005
 30
0.0
 11
31.598519999999997
 21
7.92941
 31
0.0
  0
LINE
  5
123D
330
17
100
AcDbEntity
  8
0
100
AcDbLine
 10
31.598519999999997
 20
7.92941
 30
0.0
 11
31.580940000000002
 21
7.935549999999999
 31
0.0
  0
LINE
  5
123E
330
17
100
AcDbEntity
  8
0
100
AcDbLine
 10
31.580940000000002
 20
7.935549999999999
 30
0.0
 11
31.51905
 21
7.9501599999999994
 31
0.0
  0
LINE
  5
123F
330
17
100
AcDbEntity
  8
0
100
AcDbLine
 10
31.51905
 20
7.9501599999999994
 30
0.0
 11
31.45598
 21
7.958359999999999
 31
0.0
  0
LINE
  5
1240
330
17
100
AcDbEntity
  8
0
100
AcDbLine
 10
31.45598
 20
7.958359999999999
 30
0.0
 11
31.27891
 21
7.96528
 31
0.0
  0
LINE
  5
1241
330
17
100
AcDbEntity
  8
0
100
AcDbLine
 10
31.27891
 20
7.96528
 30
0.0
 11
31.10989
 21
7.97314
 31
0.0
  0
LINE
  5
1242
330
17
100
AcDbEntity
  8
0
100
AcDbLine
 10
31.10989
 20
7.97314
 30
0.0
 11
31.03822
 21
7.98252
 31
0.0
  0
LINE
  5
1243
330
17
100
AcDbEntity
  8
0
100
AcDbLine
 10
31.03822
 20
7.98252
 30
0.0
 11
30.96743
 21
7.99719
 31
0.0
  0
LINE
  5
1244
330
17
100
AcDbEntity
  8
0
100
AcDbLine
 10
30.96743
 20
7.99719
 30
0.0
 11
30.915660000000003
 21
8.01233
 31
0.0
  0
LINE
  5
1245
330
17
100
AcDbEntity
  8
0
100
AcDbLine
 10
30.915660000000003
 20
8.01233
 30
0.0
 11
30.865380000000002
 21
8.03185
 31
0.0
  0
LINE
  5
1246
330
17
100
AcDbEntity
  8
0
100
AcDbLine
 10
30.865380000000002
 20
8.03185
 30
0.0
 11
30.86106
 21
8.03402
 31
0.0
  0
LINE
  5
1247
330
17
100
AcDbEntity
  8
0
100
AcDbLine
 10
30.86106
 20
8.03402
 30
0.0
 11
30.85699
 21
8.036629999999999
 31
0.0
  0
LINE
  5
1248
330
17
100
AcDbEntity
  8
0
100
AcDbLine
 10
30.85699
 20
8.036629999999999
 30
0.0
 11
30.85322
 21
8.039660000000001
 31
0.0
  0
LINE
  5
1249
330
17
100
AcDbEntity
  8
0
100
AcDbLine
 10
30.85322
 20
8.039660000000001
 30
0.0
 11
30.84979
 21
8.043059999999999
 31
0.0
  0
LINE
  5
124A
330
17
100
AcDbEntity
  8
0
100
AcDbLine
 10
30.84979
 20
8.043059999999999
 30
0.0
 11
30.84674
 21
8.046809999999999
 31
0.0
  0
LINE
  5
124B
330
17
100
AcDbEntity
  8
0
100
AcDbLine
 10
30.84674
 20
8.046809999999999
 30
0.0
 11
30.8441
 21
8.05085
 31
0.0
  0
LINE
  5
124C
330
17
100
AcDbEntity
  8
0
100
AcDbLine
 10
30.8441
 20
8.05085
 30
0.0
 11
30.84189
 21
8.055150000000001
 31
0.0
  0
LINE
  5
124D
330
17
100
AcDbEntity
  8
0
100
AcDbLine
 10
30.84189
 20
8.055150000000001
 30
0.0
 11
30.84015
 21
8.05966
 31
0.0
  0
LINE
  5
124E
330
17
100
AcDbEntity
  8
0
100
AcDbLine
 10
30.84015
 20
8.05966
 30
0.0
 11
30.83889
 21
8.06433
 31
0.0
  0
LINE
  5
124F
330
17
100
AcDbEntity
  8
0
100
AcDbLine
 10
30.83889
 20
8.06433
 30
0.0
 11
30.83813
 21
8.069099999999999
 31
0.0
  0
LINE
  5
1250
330
17
100
AcDbEntity
  8
0
100
AcDbLine
 10
30.83813
 20
8.069099999999999
 30
0.0
 11
30.837880000000002
 21
8.07393
 31
0.0
  0
LINE
  5
1251
330
17
100
AcDbEntity
  8
0
100
AcDbLine
 10
30.837880000000002
 20
8.07393
 30
0.0
 11
30.83813
 21
8.0787
 31
0.0
  0
LINE
  5
1252
330
17
100
AcDbEntity
  8
0
100
AcDbLine
 10
30.83813
 20
8.0787
 30
0.0
 11
30.83888
 21
8.083409999999999
 31
0.0
  0
LINE
  5
1253
330
17
100
AcDbEntity
  8
0
100
AcDbLine
 10
30.83888
 20
8.083409999999999
 30
0.0
 11
30.84012
 21
8.08802
 31
0.0
  0
LINE
  5
1254
330
17
100
AcDbEntity
  8
0
100
AcDbLine
 10
30.84012
 20
8.08802
 30
0.0
 11
30.84183
 21
8.092469999999999
 31
0.0
  0
LINE
  5
1255
330
17
100
AcDbEntity
  8
0
100
AcDbLine
 10
30.84183
 20
8.092469999999999
 30
0.0
 11
30.844
 21
8.09672
 31
0.0
  0
LINE
  5
1256
330
17
100
AcDbEntity
  8
0
100
AcDbLine
 10
30.844
 20
8.09672
 30
0.0
 11
30.84661
 21
8.10072
 31
0.0
  0
LINE
  5
1257
330
17
100
AcDbEntity
  8
0
100
AcDbLine
 10
30.84661
 20
8.10072
 30
0.0
 11
30.84961
 21
8.104429999999999
 31
0.0
  0
LINE
  5
1258
330
17
100
AcDbEntity
  8
0
100
AcDbLine
 10
30.84961
 20
8.104429999999999
 30
0.0
 11
30.852990000000002
 21
8.1078
 31
0.0
  0
LINE
  5
1259
330
17
100
AcDbEntity
  8
0
100
AcDbLine
 10
30.852990000000002
 20
8.1078
 30
0.0
 11
30.85671
 21
8.11079
 31
0.0
  0
LINE
  5
125A
330
17
100
AcDbEntity
  8
0
100
AcDbLine
 10
30.85671
 20
8.11079
 30
0.0
 11
30.86072
 21
8.11338
 31
0.0
  0
LINE
  5
125B
330
17
100
AcDbEntity
  8
0
100
AcDbLine
 10
30.86072
 20
8.11338
 30
0.0
 11
30.86497
 21
8.11554
 31
0.0
  0
LINE
  5
125C
330
17
100
AcDbEntity
  8
0
100
AcDbLine
 10
30.86497
 20
8.11554
 30
0.0
 11
30.86943
 21
8.117239999999999
 31
0.0
  0
LINE
  5
125D
330
17
100
AcDbEntity
  8
0
100
AcDbLine
 10
30.86943
 20
8.117239999999999
 30
0.0
 11
30.87405
 21
8.118459999999999
 31
0.0
  0
LINE
  5
125E
330
17
100
AcDbEntity
  8
0
100
AcDbLine
 10
30.87405
 20
8.118459999999999
 30
0.0
 11
31.06877
 21
8.151800000000001
 31
0.0
  0
LINE
  5
125F
330
17
100
AcDbEntity
  8
0
100
AcDbLine
 10
31.06877
 20
8.151800000000001
 30
0.0
 11
31.32927
 21
8.17513
 31
0.0
  0
LINE
  5
1260
330
17
100
AcDbEntity
  8
0
100
AcDbLine
 10
31.32927
 20
8.17513
 30
0.0
 11
31.65279
 21
8.18259
 31
0.0
  0
LINE
  5
1261
330
17
100
AcDbEntity
  8
0
100
AcDbLine
 10
31.65279
 20
8.18259
 30
0.0
 11
32.07679
 21
8.189079999999999
 31
0.0
  0
LINE
  5
1262
330
17
100
AcDbEntity
  8
0
100
AcDbLine
 10
32.07679
 20
8.189079999999999
 30
0.0
 11
32.1913
 21
8.19738
 31
0.0
  0
LINE
  5
1263
330
17
100
AcDbEntity
  8
0
100
AcDbLine
 10
32.1913
 20
8.19738
 30
0.0
 11
32.30473
 21
8.21518
 31
0.0
  0
LINE
  5
1264
330
17
100
AcDbEntity
  8
0
100
AcDbLine
 10
32.30473
 20
8.21518
 30
0.0
 11
32.33641
 21
8.22315
 31
0.0
  0
LINE
  5
1265
330
17
100
AcDbEntity
  8
0
100
AcDbLine
 10
32.33641
 20
8.22315
 30
0.0
 11
32.367149999999995
 21
8.23419
 31
0.0
  0
LINE
  5
1266
330
17
100
AcDbEntity
  8
0
100
AcDbLine
 10
32.367149999999995
 20
8.23419
 30
0.0
 11
32.39667
 21
8.248180000000001
 31
0.0
  0
LINE
  5
1267
330
17
100
AcDbEntity
  8
0
100
AcDbLine
 10
32.39667
 20
8.248180000000001
 30
0.0
 11
32.424679999999995
 21
8.26499
 31
0.0
  0
LINE
  5
1268
330
17
100
AcDbEntity
  8
0
100
AcDbLine
 10
32.424679999999995
 20
8.26499
 30
0.0
 11
32.43312
 21
8.27134
 31
0.0
  0
LINE
  5
1269
330
17
100
AcDbEntity
  8
0
100
AcDbLine
 10
32.43312
 20
8.27134
 30
0.0
 11
32.44083
 21
8.27856
 31
0.0
  0
LINE
  5
126A
330
17
100
AcDbEntity
  8
0
100
AcDbLine
 10
32.44083
 20
8.27856
 30
0.0
 11
32.447700000000005
 21
8.28658
 31
0.0
  0
LINE
  5
126B
330
17
100
AcDbEntity
  8
0
100
AcDbLine
 10
32.447700000000005
 20
8.28658
 30
0.0
 11
32.45366
 21
8.295300000000001
 31
0.0
  0
LINE
  5
126C
330
17
100
AcDbEntity
  8
0
100
AcDbLine
 10
32.45366
 20
8.295300000000001
 30
0.0
 11
32.458639999999995
 21
8.30462
 31
0.0
  0
LINE
  5
126D
330
17
100
AcDbEntity
  8
0
100
AcDbLine
 10
32.458639999999995
 20
8.30462
 30
0.0
 11
32.46257000000001
 21
8.31443
 31
0.0
  0
LINE
  5
126E
330
17
100
AcDbEntity
  8
0
100
AcDbLine
 10
32.46257000000001
 20
8.31443
 30
0.0
 11
32.46541
 21
8.3246
 31
0.0
  0
LINE
  5
126F
330
17
100
AcDbEntity
  8
0
100
AcDbLine
 10
32.46541
 20
8.3246
 30
0.0
 11
32.46713
 21
8.33502
 31
0.0
  0
LINE
  5
1270
330
17
100
AcDbEntity
  8
0
100
AcDbLine
 10
32.46713
 20
8.33502
 30
0.0
 11
32.46771
 21
8.34557
 31
0.0
  0
LINE
  5
1271
330
17
100
AcDbEntity
  8
0
100
AcDbLine
 10
32.46771
 20
8.34557
 30
0.0
 11
32.4668
 21
8.36655
 31
0.0
  0
LINE
  5
1272
330
17
100
AcDbEntity
  8
0
100
AcDbLine
 10
32.4668
 20
8.36655
 30
0.0
 11
32.46409
 21
8.38737
 31
0.0
  0
LINE
  5
1273
330
17
100
AcDbEntity
  8
0
100
AcDbLine
 10
32.46409
 20
8.38737
 30
0.0
 11
32.459590000000006
 21
8.407879999999999
 31
0.0
  0
LINE
  5
1274
330
17
100
AcDbEntity
  8
0
100
AcDbLine
 10
32.459590000000006
 20
8.407879999999999
 30
0.0
 11
32.4553
 21
8.42177
 31
0.0
  0
LINE
  5
1275
330
17
100
AcDbEntity
  8
0
100
AcDbLine
 10
32.4553
 20
8.42177
 30
0.0
 11
32.44987
 21
8.43526
 31
0.0
  0
LINE
  5
1276
330
17
100
AcDbEntity
  8
0
100
AcDbLine
 10
32.44987
 20
8.43526
 30
0.0
 11
32.44335
 21
8.448260000000001
 31
0.0
  0
LINE
  5
1277
330
17
100
AcDbEntity
  8
0
100
AcDbLine
 10
32.44335
 20
8.448260000000001
 30
0.0
 11
32.43579
 21
8.46068
 31
0.0
  0
LINE
  5
1278
330
17
100
AcDbEntity
  8
0
100
AcDbLine
 10
32.43579
 20
8.46068
 30
0.0
 11
32.42832
 21
8.47077
 31
0.0
  0
LINE
  5
1279
330
17
100
AcDbEntity
  8
0
100
AcDbLine
 10
32.42832
 20
8.47077
 30
0.0
 11
32.41989
 21
8.48008
 31
0.0
  0
LINE
  5
127A
330
17
100
AcDbEntity
  8
0
100
AcDbLine
 10
32.41989
 20
8.48008
 30
0.0
 11
32.41058
 21
8.48852
 31
0.0
  0
LINE
  5
127B
330
17
100
AcDbEntity
  8
0
100
AcDbLine
 10
32.41058
 20
8.48852
 30
0.0
 11
32.40049
 21
8.49599
 31
0.0
  0
LINE
  5
127C
330
17
100
AcDbEntity
  8
0
100
AcDbLine
 10
32.40049
 20
8.49599
 30
0.0
 11
32.39421
 21
8.49975
 31
0.0
  0
LINE
  5
127D
330
17
100
AcDbEntity
  8
0
100
AcDbLine
 10
32.39421
 20
8.49975
 30
0.0
 11
32.38759
 21
8.502880000000001
 31
0.0
  0
LINE
  5
127E
330
17
100
AcDbEntity
  8
0
100
AcDbLine
 10
32.38759
 20
8.502880000000001
 30
0.0
 11
32.3807
 21
8.50534
 31
0.0
  0
LINE
  5
127F
330
17
100
AcDbEntity
  8
0
100
AcDbLine
 10
32.3807
 20
8.50534
 30
0.0
 11
32.3736
 21
8.50712
 31
0.0
  0
LINE
  5
1280
330
17
100
AcDbEntity
  8
0
100
AcDbLine
 10
32.3736
 20
8.50712
 30
0.0
 11
32.366369999999996
 21
8.50819
 31
0.0
  0
LINE
  5
1281
330
17
100
AcDbEntity
  8
0
100
AcDbLine
 10
32.366369999999996
 20
8.50819
 30
0.0
 11
32.35905
 21
8.50855
 31
0.0
  0
LINE
  5
1282
330
17
100
AcDbEntity
  8
0
100
AcDbLine
 10
32.35905
 20
8.50855
 30
0.0
 11
32.35433
 21
8.5088
 31
0.0
  0
LINE
  5
1283
330
17
100
AcDbEntity
  8
0
100
AcDbLine
 10
32.35433
 20
8.5088
 30
0.0
 11
32.349650000000004
 21
8.509559999999999
 31
0.0
  0
LINE
  5
1284
330
17
100
AcDbEntity
  8
0
100
AcDbLine
 10
32.349650000000004
 20
8.509559999999999
 30
0.0
 11
32.345079999999996
 21
8.510810000000001
 31
0.0
  0
LINE
  5
1285
330
17
100
AcDbEntity
  8
0
100
AcDbLine
 10
32.345079999999996
 20
8.510810000000001
 30
0.0
 11
32.34068
 21
8.512540000000001
 31
0.0
  0
LINE
  5
1286
330
17
100
AcDbEntity
  8
0
100
AcDbLine
 10
32.34068
 20
8.512540000000001
 30
0.0
 11
32.33648
 21
8.51473
 31
0.0
  0
LINE
  5
1287
330
17
100
AcDbEntity
  8
0
100
AcDbLine
 10
32.33648
 20
8.51473
 30
0.0
 11
32.33254
 21
8.51736
 31
0.0
  0
LINE
  5
1288
330
17
100
AcDbEntity
  8
0
100
AcDbLine
 10
32.33254
 20
8.51736
 30
0.0
 11
32.3289
 21
8.520389999999999
 31
0.0
  0
LINE
  5
1289
330
17
100
AcDbEntity
  8
0
100
AcDbLine
 10
32.3289
 20
8.520389999999999
 30
0.0
 11
32.32561
 21
8.5238
 31
0.0
  0
LINE
  5
128A
330
17
100
AcDbEntity
  8
0
100
AcDbLine
 10
32.32561
 20
8.5238
 30
0.0
 11
32.322700000000005
 21
8.52753
 31
0.0
  0
LINE
  5
128B
330
17
100
AcDbEntity
  8
0
100
AcDbLine
 10
32.322700000000005
 20
8.52753
 30
0.0
 11
32.3202
 21
8.53156
 31
0.0
  0
LINE
  5
128C
330
17
100
AcDbEntity
  8
0
100
AcDbLine
 10
32.3202
 20
8.53156
 30
0.0
 11
32.318149999999996
 21
8.53582
 31
0.0
  0
LINE
  5
128D
330
17
100
AcDbEntity
  8
0
100
AcDbLine
 10
32.318149999999996
 20
8.53582
 30
0.0
 11
32.316570000000006
 21
8.54029
 31
0.0
  0
LINE
  5
128E
330
17
100
AcDbEntity
  8
0
100
AcDbLine
 10
32.316570000000006
 20
8.54029
 30
0.0
 11
32.311189999999996
 21
8.56288
 31
0.0
  0
LINE
  5
128F
330
17
100
AcDbEntity
  8
0
100
AcDbLine
 10
32.311189999999996
 20
8.56288
 30
0.0
 11
32.282320000000006
 21
8.6841
 31
0.0
  0
LINE
  5
1290
330
17
100
AcDbEntity
  8
0
100
AcDbLine
 10
32.282320000000006
 20
8.6841
 30
0.0
 11
32.26759
 21
8.78025
 31
0.0
  0
LINE
  5
1291
330
17
100
AcDbEntity
  8
0
100
AcDbLine
 10
32.26759
 20
8.78025
 30
0.0
 11
32.25824
 21
8.877070000000002
 31
0.0
  0
LINE
  5
1292
330
17
100
AcDbEntity
  8
0
100
AcDbLine
 10
32.25824
 20
8.877070000000002
 30
0.0
 11
32.2504
 21
9.106160000000001
 31
0.0
  0
LINE
  5
1293
330
17
100
AcDbEntity
  8
0
100
AcDbLine
 10
32.2504
 20
9.106160000000001
 30
0.0
 11
32.2504
 21
9.70376
 31
0.0
  0
LINE
  5
1294
330
17
100
AcDbEntity
  8
0
100
AcDbLine
 10
32.2504
 20
9.70376
 30
0.0
 11
34.8038
 21
9.70807
 31
0.0
  0
LINE
  5
1295
330
17
100
AcDbEntity
  8
0
100
AcDbLine
 10
34.8038
 20
9.70807
 30
0.0
 11
35.129760000000005
 21
10.25976
 31
0.0
  0
LINE
  5
1296
330
17
100
AcDbEntity
  8
0
100
AcDbLine
 10
35.129760000000005
 20
10.25976
 30
0.0
 11
35.29388
 21
10.51535
 31
0.0
  0
LINE
  5
1297
330
17
100
AcDbEntity
  8
0
100
AcDbLine
 10
35.29388
 20
10.51535
 30
0.0
 11
35.47653
 21
10.75804
 31
0.0
  0
LINE
  5
1298
330
17
100
AcDbEntity
  8
0
100
AcDbLine
 10
35.47653
 20
10.75804
 30
0.0
 11
35.67409
 21
10.982759999999999
 31
0.0
  0
LINE
  5
1299
330
17
100
AcDbEntity
  8
0
100
AcDbLine
 10
35.67409
 20
10.982759999999999
 30
0.0
 11
35.88849999999999
 21
11.19145
 31
0.0
  0
LINE
  5
129A
330
17
100
AcDbEntity
  8
0
100
AcDbLine
 10
35.88849999999999
 20
11.19145
 30
0.0
 11
36.12036
 21
11.38457
 31
0.0
  0
LINE
  5
129B
330
17
100
AcDbEntity
  8
0
100
AcDbLine
 10
36.12036
 20
11.38457
 30
0.0
 11
36.36638
 21
11.55928
 31
0.0
  0
LINE
  5
129C
330
17
100
AcDbEntity
  8
0
100
AcDbLine
 10
36.36638
 20
11.55928
 30
0.0
 11
36.49653
 21
11.63797
 31
0.0
  0
LINE
  5
129D
330
17
100
AcDbEntity
  8
0
100
AcDbLine
 10
36.49653
 20
11.63797
 30
0.0
 11
36.63264
 21
11.72027
 31
0.0
  0
LINE
  5
129E
330
17
100
AcDbEntity
  8
0
100
AcDbLine
 10
36.63264
 20
11.72027
 30
0.0
 11
36.90954
 21
11.86218
 31
0.0
  0
LINE
  5
129F
330
17
100
AcDbEntity
  8
0
100
AcDbLine
 10
36.90954
 20
11.86218
 30
0.0
 11
37.07772
 21
11.931189999999999
 31
0.0
  0
LINE
  5
12A0
330
17
100
AcDbEntity
  8
0
100
AcDbLine
 10
37.07772
 20
11.931189999999999
 30
0.0
 11
37.28716
 21
12.017130000000002
 31
0.0
  0
LINE
  5
12A1
330
17
100
AcDbEntity
  8
0
100
AcDbLine
 10
37.28716
 20
12.017130000000002
 30
0.0
 11
37.44675
 21
12.06576
 31
0.0
  0
LINE
  5
12A2
330
17
100
AcDbEntity
  8
0
100
AcDbLine
 10
37.44675
 20
12.06576
 30
0.0
 11
37.61003
 21
12.09998
 31
0.0
  0
LINE
  5
12A3
330
17
100
AcDbEntity
  8
0
100
AcDbLine
 10
37.61003
 20
12.09998
 30
0.0
 11
37.80639
 21
12.125530000000001
 31
0.0
  0
LINE
  5
12A4
330
17
100
AcDbEntity
  8
0
100
AcDbLine
 10
37.80639
 20
12.125530000000001
 30
0.0
 11
38.00399
 21
12.1382
 31
0.0
  0
LINE
  5
12A5
330
17
100
AcDbEntity
  8
0
100
AcDbLine
 10
38.00399
 20
12.1382
 30
0.0
 11
38.66106
 21
12.1485
 31
0.0
  0
LINE
  5
12A6
330
17
100
AcDbEntity
  8
0
100
AcDbLine
 10
38.66106
 20
12.1485
 30
0.0
 11
39.31977
 21
12.13817
 31
0.0
  0
LINE
  5
12A7
330
17
100
AcDbEntity
  8
0
100
AcDbLine
 10
39.31977
 20
12.13817
 30
0.0
 11
39.5173
 21
12.125459999999999
 31
0.0
  0
LINE
  5
12A8
330
17
100
AcDbEntity
  8
0
100
AcDbLine
 10
39.5173
 20
12.125459999999999
 30
0.0
 11
39.71357
 21
12.099779999999999
 31
0.0
  0
LINE
  5
12A9
330
17
100
AcDbEntity
  8
0
100
AcDbLine
 10
39.71357
 20
12.099779999999999
 30
0.0
 11
39.877250000000004
 21
12.06527
 31
0.0
  0
LINE
  5
12AA
330
17
100
AcDbEntity
  8
0
100
AcDbLine
 10
39.877250000000004
 20
12.06527
 30
0.0
 11
40.0372
 21
12.01628
 31
0.0
  0
LINE
  5
12AB
330
17
100
AcDbEntity
  8
0
100
AcDbLine
 10
40.0372
 20
12.01628
 30
0.0
 11
40.24409
 21
11.931189999999999
 31
0.0
  0
LINE
  5
12AC
330
17
100
AcDbEntity
  8
0
100
AcDbLine
 10
40.24409
 20
11.931189999999999
 30
0.0
 11
40.418580000000006
 21
11.859440000000001
 31
0.0
  0
LINE
  5
12AD
330
17
100
AcDbEntity
  8
0
100
AcDbLine
 10
40.418580000000006
 20
11.859440000000001
 30
0.0
 11
40.70653
 21
11.71037
 31
0.0
  0
LINE
  5
12AE
330
17
100
AcDbEntity
  8
0
100
AcDbLine
 10
40.70653
 20
11.71037
 30
0.0
 11
40.981869999999994
 21
11.53912
 31
0.0
  0
LINE
  5
12AF
330
17
100
AcDbEntity
  8
0
100
AcDbLine
 10
40.981869999999994
 20
11.53912
 30
0.0
 11
41.24966
 21
11.3429
 31
0.0
  0
LINE
  5
12B0
330
17
100
AcDbEntity
  8
0
100
AcDbLine
 10
41.24966
 20
11.3429
 30
0.0
 11
41.50236
 21
11.12759
 31
0.0
  0
LINE
  5
12B1
330
17
100
AcDbEntity
  8
0
100
AcDbLine
 10
41.50236
 20
11.12759
 30
0.0
 11
41.73384
 21
10.89874
 31
0.0
  0
LINE
  5
12B2
330
17
100
AcDbEntity
  8
0
100
AcDbLine
 10
41.73384
 20
10.89874
 30
0.0
 11
41.947610000000005
 21
10.65327
 31
0.0
  0
LINE
  5
12B3
330
17
100
AcDbEntity
  8
0
100
AcDbLine
 10
41.947610000000005
 20
10.65327
 30
0.0
 11
42.1285
 21
10.40722
 31
0.0
  0
LINE
  5
12B4
330
17
100
AcDbEntity
  8
0
100
AcDbLine
 10
42.1285
 20
10.40722
 30
0.0
 11
42.28646
 21
10.145859999999999
 31
0.0
  0
LINE
  5
12B5
330
17
100
AcDbEntity
  8
0
100
AcDbLine
 10
42.28646
 20
10.145859999999999
 30
0.0
 11
42.40406
 21
9.905769999999999
 31
0.0
  0
LINE
  5
12B6
330
17
100
AcDbEntity
  8
0
100
AcDbLine
 10
42.40406
 20
9.905769999999999
 30
0.0
 11
42.50064
 21
9.65649
 31
0.0
  0
LINE
  5
12B7
330
17
100
AcDbEntity
  8
0
100
AcDbLine
 10
42.50064
 20
9.65649
 30
0.0
 11
42.71066
 21
8.95776
 31
0.0
  0
LINE
  5
12B8
330
17
100
AcDbEntity
  8
0
100
AcDbLine
 10
42.71066
 20
8.95776
 30
0.0
 11
42.806709999999995
 21
8.56288
 31
0.0
  0
LINE
  5
12B9
330
17
100
AcDbEntity
  8
0
100
AcDbLine
 10
42.806709999999995
 20
8.56288
 30
0.0
 11
42.881710000000005
 21
8.25456
 31
0.0
  0
LINE
  5
12BA
330
17
100
AcDbEntity
  8
0
100
AcDbLine
 10
42.881710000000005
 20
8.25456
 30
0.0
 11
42.88494
 21
8.23569
 31
0.0
  0
LINE
  5
12BB
330
17
100
AcDbEntity
  8
0
100
AcDbLine
 10
42.88494
 20
8.23569
 30
0.0
 11
42.88626
 21
8.216579999999999
 31
0.0
  0
LINE
  5
12BC
330
17
100
AcDbEntity
  8
0
100
AcDbLine
 10
42.88626
 20
8.216579999999999
 30
0.0
 11
42.88566
 21
8.19744
 31
0.0
  0
LINE
  5
12BD
330
17
100
AcDbEntity
  8
0
100
AcDbLine
 10
42.88566
 20
8.19744
 30
0.0
 11
42.88314
 21
8.17846
 31
0.0
  0
LINE
  5
12BE
330
17
100
AcDbEntity
  8
0
100
AcDbLine
 10
42.88314
 20
8.17846
 30
0.0
 11
42.87873
 21
8.15982
 31
0.0
  0
LINE
  5
12BF
330
17
100
AcDbEntity
  8
0
100
AcDbLine
 10
42.87873
 20
8.15982
 30
0.0
 11
42.87247
 21
8.14172
 31
0.0
  0
LINE
  5
12C0
330
17
100
AcDbEntity
  8
0
100
AcDbLine
 10
42.87247
 20
8.14172
 30
0.0
 11
42.86442
 21
8.12434
 31
0.0
  0
LINE
  5
12C1
330
17
100
AcDbEntity
  8
0
100
AcDbLine
 10
42.86442
 20
8.12434
 30
0.0
 11
42.85468
 21
8.10786
 31
0.0
  0
LINE
  5
12C2
330
17
100
AcDbEntity
  8
0
100
AcDbLine
 10
42.85468
 20
8.10786
 30
0.0
 11
42.84332
 21
8.09244
 31
0.0
  0
LINE
  5
12C3
330
17
100
AcDbEntity
  8
0
100
AcDbLine
 10
42.84332
 20
8.09244
 30
0.0
 11
42.830479999999994
 21
8.078230000000001
 31
0.0
  0
LINE
  5
12C4
330
17
100
AcDbEntity
  8
0
100
AcDbLine
 10
42.830479999999994
 20
8.078230000000001
 30
0.0
 11
42.81734
 21
8.06624
 31
0.0
  0
LINE
  5
12C5
330
17
100
AcDbEntity
  8
0
100
AcDbLine
 10
42.81734
 20
8.06624
 30
0.0
 11
42.803149999999995
 21
8.0555
 31
0.0
  0
LINE
  5
12C6
330
17
100
AcDbEntity
  8
0
100
AcDbLine
 10
42.803149999999995
 20
8.0555
 30
0.0
 11
42.78804
 21
8.04611
 31
0.0
  0
LINE
  5
12C7
330
17
100
AcDbEntity
  8
0
100
AcDbLine
 10
42.78804
 20
8.04611
 30
0.0
 11
42.77213
 21
8.038139999999999
 31
0.0
  0
LINE
  5
12C8
330
17
100
AcDbEntity
  8
0
100
AcDbLine
 10
42.77213
 20
8.038139999999999
 30
0.0
 11
42.755559999999996
 21
8.031649999999999
 31
0.0
  0
LINE
  5
12C9
330
17
100
AcDbEntity
  8
0
100
AcDbLine
 10
42.755559999999996
 20
8.031649999999999
 30
0.0
 11
42.69983
 21
8.01598
 31
0.0
  0
LINE
  5
12CA
330
17
100
AcDbEntity
  8
0
100
AcDbLine
 10
42.69983
 20
8.01598
 30
0.0
 11
42.64275
 21
8.006269999999999
 31
0.0
  0
LINE
  5
12CB
330
17
100
AcDbEntity
  8
0
100
AcDbLine
 10
42.64275
 20
8.006269999999999
 30
0.0
 11
42.44328
 21
7.99156
 31
0.0
  0
LINE
  5
12CC
330
17
100
AcDbEntity
  8
0
100
AcDbLine
 10
42.44328
 20
7.99156
 30
0.0
 11
41.97505
 21
7.978860000000001
 31
0.0
  0
LINE
  5
12CD
330
17
100
AcDbEntity
  8
0
100
AcDbLine
 10
41.97505
 20
7.978860000000001
 30
0.0
 11
41.37744
 21
7.96528
 31
0.0
  0
LINE
  5
12CE
330
17
100
AcDbEntity
  8
0
100
AcDbLine
 10
41.37744
 20
7.96528
 30
0.0
 11
41.37744
 21
7.58498
 31
0.0
  0
LINE
  5
12CF
330
17
100
AcDbEntity
  8
0
100
AcDbLine
 10
41.37744
 20
7.58498
 30
0.0
 11
41.3813
 21
7.49934
 31
0.0
  0
LINE
  5
12D0
330
17
100
AcDbEntity
  8
0
100
AcDbLine
 10
41.3813
 20
7.49934
 30
0.0
 11
41.39286
 21
7.41439
 31
0.0
  0
LINE
  5
12D1
330
17
100
AcDbEntity
  8
0
100
AcDbLine
 10
41.39286
 20
7.41439
 30
0.0
 11
41.41201
 21
7.33082
 31
0.0
  0
LINE
  5
12D2
330
17
100
AcDbEntity
  8
0
100
AcDbLine
 10
41.41201
 20
7.33082
 30
0.0
 11
41.418820000000004
 21
7.3106100000000005
 31
0.0
  0
LINE
  5
12D3
330
17
100
AcDbEntity
  8
0
100
AcDbLine
 10
41.418820000000004
 20
7.3106100000000005
 30
0.0
 11
41.42778
 21
7.29127
 31
0.0
  0
LINE
  5
12D4
330
17
100
AcDbEntity
  8
0
100
AcDbLine
 10
41.42778
 20
7.29127
 30
0.0
 11
41.4388
 21
7.27301
 31
0.0
  0
LINE
  5
12D5
330
17
100
AcDbEntity
  8
0
100
AcDbLine
 10
41.4388
 20
7.27301
 30
0.0
 11
41.45174
 21
7.25606
 31
0.0
  0
LINE
  5
12D6
330
17
100
AcDbEntity
  8
0
100
AcDbLine
 10
41.45174
 20
7.25606
 30
0.0
 11
41.46645
 21
7.2406299999999995
 31
0.0
  0
LINE
  5
12D7
330
17
100
AcDbEntity
  8
0
100
AcDbLine
 10
41.46645
 20
7.2406299999999995
 30
0.0
 11
41.482749999999996
 21
7.2268799999999995
 31
0.0
  0
LINE
  5
12D8
330
17
100
AcDbEntity
  8
0
100
AcDbLine
 10
41.482749999999996
 20
7.2268799999999995
 30
0.0
 11
41.500460000000004
 21
7.21499
 31
0.0
  0
LINE
  5
12D9
330
17
100
AcDbEntity
  8
0
100
AcDbLine
 10
41.500460000000004
 20
7.21499
 30
0.0
 11
41.519349999999996
 21
7.2051
 31
0.0
  0
LINE
  5
12DA
330
17
100
AcDbEntity
  8
0
100
AcDbLine
 10
41.519349999999996
 20
7.2051
 30
0.0
 11
41.529129999999995
 21
7.20124
 31
0.0
  0
LINE
  5
12DB
330
17
100
AcDbEntity
  8
0
100
AcDbLine
 10
41.529129999999995
 20
7.20124
 30
0.0
 11
41.53926
 21
7.19839
 31
0.0
  0
LINE
  5
12DC
330
17
100
AcDbEntity
  8
0
100
AcDbLine
 10
41.53926
 20
7.19839
 30
0.0
 11
41.549620000000004
 21
7.1966
 31
0.0
  0
LINE
  5
12DD
330
17
100
AcDbEntity
  8
0
100
AcDbLine
 10
41.549620000000004
 20
7.1966
 30
0.0
 11
41.560109999999995
 21
7.19589
 31
0.0
  0
LINE
  5
12DE
330
17
100
AcDbEntity
  8
0
100
AcDbLine
 10
41.560109999999995
 20
7.19589
 30
0.0
 11
41.570620000000005
 21
7.19625
 31
0.0
  0
LINE
  5
12DF
330
17
100
AcDbEntity
  8
0
100
AcDbLine
 10
41.570620000000005
 20
7.19625
 30
0.0
 11
41.58104
 21
7.19769
 31
0.0
  0
LINE
  5
12E0
330
17
100
AcDbEntity
  8
0
100
AcDbLine
 10
41.58104
 20
7.19769
 30
0.0
 11
41.59126
 21
7.20019
 31
0.0
  0
LINE
  5
12E1
330
17
100
AcDbEntity
  8
0
100
AcDbLine
 10
41.59126
 20
7.20019
 30
0.0
 11
41.60116
 21
7.20373
 31
0.0
  0
LINE
  5
12E2
330
17
100
AcDbEntity
  8
0
100
AcDbLine
 10
41.60116
 20
7.20373
 30
0.0
 11
41.61065
 21
7.20826
 31
0.0
  0
LINE
  5
12E3
330
17
100
AcDbEntity
  8
0
100
AcDbLine
 10
41.61065
 20
7.20826
 30
0.0
 11
41.61963
 21
7.21375
 31
0.0
  0
LINE
  5
12E4
330
17
100
AcDbEntity
  8
0
100
AcDbLine
 10
41.61963
 20
7.21375
 30
0.0
 11
41.628
 21
7.22012
 31
0.0
  0
LINE
  5
12E5
330
17
100
AcDbEntity
  8
0
100
AcDbLine
 10
41.628
 20
7.22012
 30
0.0
 11
41.63566
 21
7.22732
 31
0.0
  0
LINE
  5
12E6
330
17
100
AcDbEntity
  8
0
100
AcDbLine
 10
41.63566
 20
7.22732
 30
0.0
 11
41.64255
 21
7.23527
 31
0.0
  0
LINE
  5
12E7
330
17
100
AcDbEntity
  8
0
100
AcDbLine
 10
41.64255
 20
7.23527
 30
0.0
 11
41.67266
 21
7.278180000000001
 31
0.0
  0
LINE
  5
12E8
330
17
100
AcDbEntity
  8
0
100
AcDbLine
 10
41.67266
 20
7.278180000000001
 30
0.0
 11
41.69825
 21
7.32392
 31
0.0
  0
LINE
  5
12E9
330
17
100
AcDbEntity
  8
0
100
AcDbLine
 10
41.69825
 20
7.32392
 30
0.0
 11
41.719069999999995
 21
7.37203
 31
0.0
  0
LINE
  5
12EA
330
17
100
AcDbEntity
  8
0
100
AcDbLine
 10
41.719069999999995
 20
7.37203
 30
0.0
 11
41.73489
 21
7.422
 31
0.0
  0
LINE
  5
12EB
330
17
100
AcDbEntity
  8
0
100
AcDbLine
 10
41.73489
 20
7.422
 30
0.0
 11
41.74183
 21
7.44407
 31
0.0
  0
LINE
  5
12EC
330
17
100
AcDbEntity
  8
0
100
AcDbLine
 10
41.74183
 20
7.44407
 30
0.0
 11
41.75087
 21
7.4653599999999996
 31
0.0
  0
LINE
  5
12ED
330
17
100
AcDbEntity
  8
0
100
AcDbLine
 10
41.75087
 20
7.4653599999999996
 30
0.0
 11
41.76193
 21
7.48567
 31
0.0
  0
LINE
  5
12EE
330
17
100
AcDbEntity
  8
0
100
AcDbLine
 10
41.76193
 20
7.48567
 30
0.0
 11
41.77492
 21
7.50481
 31
0.0
  0
LINE
  5
12EF
330
17
100
AcDbEntity
  8
0
100
AcDbLine
 10
41.77492
 20
7.50481
 30
0.0
 11
41.78971
 21
7.5226
 31
0.0
  0
LINE
  5
12F0
330
17
100
AcDbEntity
  8
0
100
AcDbLine
 10
41.78971
 20
7.5226
 30
0.0
 11
41.80615
 21
7.538869999999999
 31
0.0
  0
LINE
  5
12F1
330
17
100
AcDbEntity
  8
0
100
AcDbLine
 10
41.80615
 20
7.538869999999999
 30
0.0
 11
41.82865
 21
7.55706
 31
0.0
  0
LINE
  5
12F2
330
17
100
AcDbEntity
  8
0
100
AcDbLine
 10
41.82865
 20
7.55706
 30
0.0
 11
41.8529
 21
7.57284
 31
0.0
  0
LINE
  5
12F3
330
17
100
AcDbEntity
  8
0
100
AcDbLine
 10
41.8529
 20
7.57284
 30
0.0
 11
41.878640000000004
 21
7.58604
 31
0.0
  0
LINE
  5
12F4
330
17
100
AcDbEntity
  8
0
100
AcDbLine
 10
41.878640000000004
 20
7.58604
 30
0.0
 11
41.90561
 21
7.59652
 31
0.0
  0
LINE
  5
12F5
330
17
100
AcDbEntity
  8
0
100
AcDbLine
 10
41.90561
 20
7.59652
 30
0.0
 11
41.93351
 21
7.604170000000001
 31
0.0
  0
LINE
  5
12F6
330
17
100
AcDbEntity
  8
0
100
AcDbLine
 10
41.93351
 20
7.604170000000001
 30
0.0
 11
42.054010000000005
 21
7.62455
 31
0.0
  0
LINE
  5
12F7
330
17
100
AcDbEntity
  8
0
100
AcDbLine
 10
42.054010000000005
 20
7.62455
 30
0.0
 11
42.175909999999995
 21
7.633179999999999
 31
0.0
  0
LINE
  5
12F8
330
17
100
AcDbEntity
  8
0
100
AcDbLine
 10
42.175909999999995
 20
7.633179999999999
 30
0.0
 11
42.72546
 21
7.63931
 31
0.0
  0
LINE
  5
12F9
330
17
100
AcDbEntity
  8
0
100
AcDbLine
 10
42.72546
 20
7.63931
 30
0.0
 11
43.33836
 21
7.63442
 31
0.0
  0
LINE
  5
12FA
330
17
100
AcDbEntity
  8
0
100
AcDbLine
 10
43.33836
 20
7.63442
 30
0.0
 11
43.405939999999994
 21
7.63033
 31
0.0
  0
LINE
  5
12FB
330
17
100
AcDbEntity
  8
0
100
AcDbLine
 10
43.405939999999994
 20
7.63033
 30
0.0
 11
43.472879999999996
 21
7.620240000000001
 31
0.0
  0
LINE
  5
12FC
330
17
100
AcDbEntity
  8
0
100
AcDbLine
 10
43.472879999999996
 20
7.620240000000001
 30
0.0
 11
43.53866
 21
7.60424
 31
0.0
  0
LINE
  5
12FD
330
17
100
AcDbEntity
  8
0
100
AcDbLine
 10
43.53866
 20
7.60424
 30
0.0
 11
43.55156
 21
7.5997900000000005
 31
0.0
  0
LINE
  5
12FE
330
17
100
AcDbEntity
  8
0
100
AcDbLine
 10
43.55156
 20
7.5997900000000005
 30
0.0
 11
43.56395
 21
7.5940900000000005
 31
0.0
  0
LINE
  5
12FF
330
17
100
AcDbEntity
  8
0
100
AcDbLine
 10
43.56395
 20
7.5940900000000005
 30
0.0
 11
43.57572
 21
7.58719
 31
0.0
  0
LINE
  5
1300
330
17
100
AcDbEntity
  8
0
100
AcDbLine
 10
43.57572
 20
7.58719
 30
0.0
 11
43.58675
 21
7.5791699999999995
 31
0.0
  0
LINE
  5
1301
330
17
100
AcDbEntity
  8
0
100
AcDbLine
 10
43.58675
 20
7.5791699999999995
 30
0.0
 11
43.59693
 21
7.5701
 31
0.0
  0
LINE
  5
1302
330
17
100
AcDbEntity
  8
0
100
AcDbLine
 10
43.59693
 20
7.5701
 30
0.0
 11
43.60617
 21
7.5600700000000005
 31
0.0
  0
LINE
  5
1303
330
17
100
AcDbEntity
  8
0
100
AcDbLine
 10
43.60617
 20
7.5600700000000005
 30
0.0
 11
43.614380000000004
 21
7.54917
 31
0.0
  0
LINE
  5
1304
330
17
100
AcDbEntity
  8
0
100
AcDbLine
 10
43.614380000000004
 20
7.54917
 30
0.0
 11
43.62147
 21
7.53752
 31
0.0
  0
LINE
  5
1305
330
17
100
AcDbEntity
  8
0
100
AcDbLine
 10
43.62147
 20
7.53752
 30
0.0
 11
43.62738
 21
7.52523
 31
0.0
  0
LINE
  5
1306
330
17
100
AcDbEntity
  8
0
100
AcDbLine
 10
43.62738
 20
7.52523
 30
0.0
 11
43.6412
 21
7.48723
 31
0.0
  0
LINE
  5
1307
330
17
100
AcDbEntity
  8
0
100
AcDbLine
 10
43.6412
 20
7.48723
 30
0.0
 11
43.65117
 21
7.448040000000001
 31
0.0
  0
LINE
  5
1308
330
17
100
AcDbEntity
  8
0
100
AcDbLine
 10
43.65117
 20
7.448040000000001
 30
0.0
 11
43.65719
 21
7.40806
 31
0.0
  0
LINE
  5
1309
330
17
100
AcDbEntity
  8
0
100
AcDbLine
 10
43.65719
 20
7.40806
 30
0.0
 11
43.659200000000006
 21
7.3676699999999995
 31
0.0
  0
LINE
  5
130A
330
17
100
AcDbEntity
  8
0
100
AcDbLine
 10
43.659200000000006
 20
7.3676699999999995
 30
0.0
 11
43.66298
 21
7.29328
 31
0.0
  0
LINE
  5
130B
330
17
100
AcDbEntity
  8
0
100
AcDbLine
 10
43.66298
 20
7.29328
 30
0.0
 11
43.67427
 21
7.21966
 31
0.0
  0
LINE
  5
130C
330
17
100
AcDbEntity
  8
0
100
AcDbLine
 10
43.67427
 20
7.21966
 30
0.0
 11
43.67768
 21
7.20666
 31
0.0
  0
LINE
  5
130D
330
17
100
AcDbEntity
  8
0
100
AcDbLine
 10
43.67768
 20
7.20666
 30
0.0
 11
43.682449999999996
 21
7.1941
 31
0.0
  0
LINE
  5
130E
330
17
100
AcDbEntity
  8
0
100
AcDbLine
 10
43.682449999999996
 20
7.1941
 30
0.0
 11
43.68853
 21
7.18212
 31
0.0
  0
LINE
  5
130F
330
17
100
AcDbEntity
  8
0
100
AcDbLine
 10
43.68853
 20
7.18212
 30
0.0
 11
43.69586
 21
7.17086
 31
0.0
  0
LINE
  5
1310
330
17
100
AcDbEntity
  8
0
100
AcDbLine
 10
43.69586
 20
7.17086
 30
0.0
 11
43.704350000000005
 21
7.1604399999999995
 31
0.0
  0
LINE
  5
1311
330
17
100
AcDbEntity
  8
0
100
AcDbLine
 10
43.704350000000005
 20
7.1604399999999995
 30
0.0
 11
43.71389
 21
7.150980000000001
 31
0.0
  0
LINE
  5
1312
330
17
100
AcDbEntity
  8
0
100
AcDbLine
 10
43.71389
 20
7.150980000000001
 30
0.0
 11
43.724399999999996
 21
7.1426
 31
0.0
  0
LINE
  5
1313
330
17
100
AcDbEntity
  8
0
100
AcDbLine
 10
43.724399999999996
 20
7.1426
 30
0.0
 11
43.74286
 21
7.130850000000001
 31
0.0
  0
LINE
  5
1314
330
17
100
AcDbEntity
  8
0
100
AcDbLine
 10
43.74286
 20
7.130850000000001
 30
0.0
 11
43.76248
 21
7.12113
 31
0.0
  0
LINE
  5
1315
330
17
100
AcDbEntity
  8
0
100
AcDbLine
 10
43.76248
 20
7.12113
 30
0.0
 11
43.78302
 21
7.11356
 31
0.0
  0
LINE
  5
1316
330
17
100
AcDbEntity
  8
0
100
AcDbLine
 10
43.78302
 20
7.11356
 30
0.0
 11
43.80425
 21
7.10823
 31
0.0
  0
LINE
  5
1317
330
17
100
AcDbEntity
  8
0
100
AcDbLine
 10
43.80425
 20
7.10823
 30
0.0
 11
43.82593
 21
7.10519
 31
0.0
  0
LINE
  5
1318
330
17
100
AcDbEntity
  8
0
100
AcDbLine
 10
43.82593
 20
7.10519
 30
0.0
 11
44.039500000000004
 21
7.09603
 31
0.0
  0
LINE
  5
1319
330
17
100
AcDbEntity
  8
0
100
AcDbLine
 10
44.039500000000004
 20
7.09603
 30
0.0
 11
44.23772
 21
7.0870999999999995
 31
0.0
  0
LINE
  5
131A
330
17
100
AcDbEntity
  8
0
100
AcDbLine
 10
44.23772
 20
7.0870999999999995
 30
0.0
 11
44.26577
 21
7.08304
 31
0.0
  0
LINE
  5
131B
330
17
100
AcDbEntity
  8
0
100
AcDbLine
 10
44.26577
 20
7.08304
 30
0.0
 11
44.29322
 21
7.07601
 31
0.0
  0
LINE
  5
131C
330
17
100
AcDbEntity
  8
0
100
AcDbLine
 10
44.29322
 20
7.07601
 30
0.0
 11
44.31977
 21
7.06607
 31
0.0
  0
LINE
  5
131D
330
17
100
AcDbEntity
  8
0
100
AcDbLine
 10
44.31977
 20
7.06607
 30
0.0
 11
44.34509
 21
7.05335
 31
0.0
  0
LINE
  5
131E
330
17
100
AcDbEntity
  8
0
100
AcDbLine
 10
44.34509
 20
7.05335
 30
0.0
 11
44.355650000000004
 21
7.04659
 31
0.0
  0
LINE
  5
131F
330
17
100
AcDbEntity
  8
0
100
AcDbLine
 10
44.355650000000004
 20
7.04659
 30
0.0
 11
44.365469999999995
 21
7.03882
 31
0.0
  0
LINE
  5
1320
330
17
100
AcDbEntity
  8
0
100
AcDbLine
 10
44.365469999999995
 20
7.03882
 30
0.0
 11
44.37447
 21
7.0301
 31
0.0
  0
LINE
  5
1321
330
17
100
AcDbEntity
  8
0
100
AcDbLine
 10
44.37447
 20
7.0301
 30
0.0
 11
44.38255
 21
7.020519999999999
 31
0.0
  0
LINE
  5
1322
330
17
100
AcDbEntity
  8
0
100
AcDbLine
 10
44.38255
 20
7.020519999999999
 30
0.0
 11
44.38963
 21
7.01018
 31
0.0
  0
LINE
  5
1323
330
17
100
AcDbEntity
  8
0
100
AcDbLine
 10
44.38963
 20
7.01018
 30
0.0
 11
44.39565
 21
6.99919
 31
0.0
  0
LINE
  5
1324
330
17
100
AcDbEntity
  8
0
100
AcDbLine
 10
44.39565
 20
6.99919
 30
0.0
 11
44.40053
 21
6.9876499999999995
 31
0.0
  0
LINE
  5
1325
330
17
100
AcDbEntity
  8
0
100
AcDbLine
 10
44.40053
 20
6.9876499999999995
 30
0.0
 11
44.408910000000006
 21
6.96115
 31
0.0
  0
LINE
  5
1326
330
17
100
AcDbEntity
  8
0
100
AcDbLine
 10
44.408910000000006
 20
6.96115
 30
0.0
 11
44.41494
 21
6.93403
 31
0.0
  0
LINE
  5
1327
330
17
100
AcDbEntity
  8
0
100
AcDbLine
 10
44.41494
 20
6.93403
 30
0.0
 11
44.418569999999995
 21
6.90648
 31
0.0
  0
LINE
  5
1328
330
17
100
AcDbEntity
  8
0
100
AcDbLine
 10
44.418569999999995
 20
6.90648
 30
0.0
 11
44.41979
 21
6.8787199999999995
 31
0.0
  0
LINE
  5
1329
330
17
100
AcDbEntity
  8
0
100
AcDbLine
 10
44.41979
 20
6.8787199999999995
 30
0.0
 11
44.418600000000005
 21
6.854769999999999
 31
0.0
  0
LINE
  5
132A
330
17
100
AcDbEntity
  8
0
100
AcDbLine
 10
44.418600000000005
 20
6.854769999999999
 30
0.0
 11
44.41505
 21
6.83106
 31
0.0
  0
LINE
  5
132B
330
17
100
AcDbEntity
  8
0
100
AcDbLine
 10
44.41505
 20
6.83106
 30
0.0
 11
44.40916
 21
6.80781
 31
0.0
  0
LINE
  5
132C
330
17
100
AcDbEntity
  8
0
100
AcDbLine
 10
44.40916
 20
6.80781
 30
0.0
 11
44.40101
 21
6.78526
 31
0.0
  0
LINE
  5
132D
330
17
100
AcDbEntity
  8
0
100
AcDbLine
 10
44.40101
 20
6.78526
 30
0.0
 11
44.39066
 21
6.76363
 31
0.0
  0
LINE
  5
132E
330
17
100
AcDbEntity
  8
0
100
AcDbLine
 10
44.39066
 20
6.76363
 30
0.0
 11
44.38287
 21
6.750909999999999
 31
0.0
  0
LINE
  5
132F
330
17
100
AcDbEntity
  8
0
100
AcDbLine
 10
44.38287
 20
6.750909999999999
 30
0.0
 11
44.373780000000004
 21
6.73909
 31
0.0
  0
LINE
  5
1330
330
17
100
AcDbEntity
  8
0
100
AcDbLine
 10
44.373780000000004
 20
6.73909
 30
0.0
 11
44.36347
 21
6.72832
 31
0.0
  0
LINE
  5
1331
330
17
100
AcDbEntity
  8
0
100
AcDbLine
 10
44.36347
 20
6.72832
 30
0.0
 11
44.35209
 21
6.7187
 31
0.0
  0
LINE
  5
1332
330
17
100
AcDbEntity
  8
0
100
AcDbLine
 10
44.35209
 20
6.7187
 30
0.0
 11
44.33973
 21
6.71034
 31
0.0
  0
LINE
  5
1333
330
17
100
AcDbEntity
  8
0
100
AcDbLine
 10
44.33973
 20
6.71034
 30
0.0
 11
44.32656
 21
6.70335
 31
0.0
  0
LINE
  5
1334
330
17
100
AcDbEntity
  8
0
100
AcDbLine
 10
44.32656
 20
6.70335
 30
0.0
 11
44.31272
 21
6.6978100000000005
 31
0.0
  0
LINE
  5
1335
330
17
100
AcDbEntity
  8
0
100
AcDbLine
 10
44.31272
 20
6.6978100000000005
 30
0.0
 11
44.259319999999995
 21
6.68252
 31
0.0
  0
LINE
  5
1336
330
17
100
AcDbEntity
  8
0
100
AcDbLine
 10
44.259319999999995
 20
6.68252
 30
0.0
 11
44.20469
 21
6.672499999999999
 31
0.0
  0
LINE
  5
1337
330
17
100
AcDbEntity
  8
0
100
AcDbLine
 10
44.20469
 20
6.672499999999999
 30
0.0
 11
44.14934
 21
6.66786
 31
0.0
  0
LINE
  5
1338
330
17
100
AcDbEntity
  8
0
100
AcDbLine
 10
44.14934
 20
6.66786
 30
0.0
 11
43.78053
 21
6.66141
 31
0.0
  0
LINE
  5
1339
330
17
100
AcDbEntity
  8
0
100
AcDbLine
 10
43.78053
 20
6.66141
 30
0.0
 11
43.41196
 21
6.668839999999999
 31
0.0
  0
LINE
  5
133A
330
17
100
AcDbEntity
  8
0
100
AcDbLine
 10
43.41196
 20
6.668839999999999
 30
0.0
 11
43.35285
 21
6.67408
 31
0.0
  0
LINE
  5
133B
330
17
100
AcDbEntity
  8
0
100
AcDbLine
 10
43.35285
 20
6.67408
 30
0.0
 11
43.294520000000006
 21
6.68497
 31
0.0
  0
LINE
  5
133C
330
17
100
AcDbEntity
  8
0
100
AcDbLine
 10
43.294520000000006
 20
6.68497
 30
0.0
 11
43.23751
 21
6.70143
 31
0.0
  0
LINE
  5
133D
330
17
100
AcDbEntity
  8
0
100
AcDbLine
 10
43.23751
 20
6.70143
 30
0.0
 11
43.21854
 21
6.70899
 31
0.0
  0
LINE
  5
133E
330
17
100
AcDbEntity
  8
0
100
AcDbLine
 10
43.21854
 20
6.70899
 30
0.0
 11
43.20042
 21
6.71843
 31
0.0
  0
LINE
  5
133F
330
17
100
AcDbEntity
  8
0
100
AcDbLine
 10
43.20042
 20
6.71843
 30
0.0
 11
43.183350000000004
 21
6.72964
 31
0.0
  0
LINE
  5
1340
330
17
100
AcDbEntity
  8
0
100
AcDbLine
 10
43.183350000000004
 20
6.72964
 30
0.0
 11
43.16749
 21
6.74252
 31
0.0
  0
LINE
  5
1341
330
17
100
AcDbEntity
  8
0
100
AcDbLine
 10
43.16749
 20
6.74252
 30
0.0
 11
43.15301
 21
6.756919999999999
 31
0.0
  0
LINE
  5
1342
330
17
100
AcDbEntity
  8
0
100
AcDbLine
 10
43.15301
 20
6.756919999999999
 30
0.0
 11
43.14005
 21
6.77271
 31
0.0
  0
LINE
  5
1343
330
17
100
AcDbEntity
  8
0
100
AcDbLine
 10
43.14005
 20
6.77271
 30
0.0
 11
43.12015
 21
6.80247
 31
0.0
  0
LINE
  5
1344
330
17
100
AcDbEntity
  8
0
100
AcDbLine
 10
43.12015
 20
6.80247
 30
0.0
 11
43.103179999999995
 21
6.83399
 31
0.0
  0
LINE
  5
1345
330
17
100
AcDbEntity
  8
0
100
AcDbLine
 10
43.103179999999995
 20
6.83399
 30
0.0
 11
43.08928
 21
6.86698
 31
0.0
  0
LINE
  5
1346
330
17
100
AcDbEntity
  8
0
100
AcDbLine
 10
43.08928
 20
6.86698
 30
0.0
 11
43.078579999999995
 21
6.90114
 31
0.0
  0
LINE
  5
1347
330
17
100
AcDbEntity
  8
0
100
AcDbLine
 10
43.078579999999995
 20
6.90114
 30
0.0
 11
43.06669
 21
6.93927
 31
0.0
  0
LINE
  5
1348
330
17
100
AcDbEntity
  8
0
100
AcDbLine
 10
43.06669
 20
6.93927
 30
0.0
 11
43.0513
 21
6.97612
 31
0.0
  0
LINE
  5
1349
330
17
100
AcDbEntity
  8
0
100
AcDbLine
 10
43.0513
 20
6.97612
 30
0.0
 11
43.03256
 21
7.01138
 31
0.0
  0
LINE
  5
134A
330
17
100
AcDbEntity
  8
0
100
AcDbLine
 10
43.03256
 20
7.01138
 30
0.0
 11
43.01061
 21
7.04475
 31
0.0
  0
LINE
  5
134B
330
17
100
AcDbEntity
  8
0
100
AcDbLine
 10
43.01061
 20
7.04475
 30
0.0
 11
43.00766
 21
7.0484
 31
0.0
  0
LINE
  5
134C
330
17
100
AcDbEntity
  8
0
100
AcDbLine
 10
43.00766
 20
7.0484
 30
0.0
 11
43.00434
 21
7.05172
 31
0.0
  0
LINE
  5
134D
330
17
100
AcDbEntity
  8
0
100
AcDbLine
 10
43.00434
 20
7.05172
 30
0.0
 11
43.0007
 21
7.05467
 31
0.0
  0
LINE
  5
134E
330
17
100
AcDbEntity
  8
0
100
AcDbLine
 10
43.0007
 20
7.05467
 30
0.0
 11
42.99677
 21
7.057230000000001
 31
0.0
  0
LINE
  5
134F
330
17
100
AcDbEntity
  8
0
100
AcDbLine
 10
42.99677
 20
7.057230000000001
 30
0.0
 11
42.99259
 21
7.0593699999999995
 31
0.0
  0
LINE
  5
1350
330
17
100
AcDbEntity
  8
0
100
AcDbLine
 10
42.99259
 20
7.0593699999999995
 30
0.0
 11
42.98821
 21
7.06106
 31
0.0
  0
LINE
  5
1351
330
17
100
AcDbEntity
  8
0
100
AcDbLine
 10
42.98821
 20
7.06106
 30
0.0
 11
42.98368000000001
 21
7.0622799999999994
 31
0.0
  0
LINE
  5
1352
330
17
100
AcDbEntity
  8
0
100
AcDbLine
 10
42.98368000000001
 20
7.0622799999999994
 30
0.0
 11
42.979040000000005
 21
7.0630299999999995
 31
0.0
  0
LINE
  5
1353
330
17
100
AcDbEntity
  8
0
100
AcDbLine
 10
42.979040000000005
 20
7.0630299999999995
 30
0.0
 11
42.974360000000004
 21
7.06329
 31
0.0
  0
LINE
  5
1354
330
17
100
AcDbEntity
  8
0
100
AcDbLine
 10
42.974360000000004
 20
7.06329
 30
0.0
 11
42.96967
 21
7.06306
 31
0.0
  0
LINE
  5
1355
330
17
100
AcDbEntity
  8
0
100
AcDbLine
 10
42.96967
 20
7.06306
 30
0.0
 11
42.96503
 21
7.062340000000001
 31
0.0
  0
LINE
  5
1356
330
17
100
AcDbEntity
  8
0
100
AcDbLine
 10
42.96503
 20
7.062340000000001
 30
0.0
 11
42.960499999999996
 21
7.06114
 31
0.0
  0
LINE
  5
1357
330
17
100
AcDbEntity
  8
0
100
AcDbLine
 10
42.960499999999996
 20
7.06114
 30
0.0
 11
42.956109999999995
 21
7.05948
 31
0.0
  0
LINE
  5
1358
330
17
100
AcDbEntity
  8
0
100
AcDbLine
 10
42.956109999999995
 20
7.05948
 30
0.0
 11
42.951919999999994
 21
7.057370000000001
 31
0.0
  0
LINE
  5
1359
330
17
100
AcDbEntity
  8
0
100
AcDbLine
 10
42.951919999999994
 20
7.057370000000001
 30
0.0
 11
42.947970000000005
 21
7.05483
 31
0.0
  0
LINE
  5
135A
330
17
100
AcDbEntity
  8
0
100
AcDbLine
 10
42.947970000000005
 20
7.05483
 30
0.0
 11
42.94431
 21
7.05189
 31
0.0
  0
LINE
  5
135B
330
17
100
AcDbEntity
  8
0
100
AcDbLine
 10
42.94431
 20
7.05189
 30
0.0
 11
42.94097
 21
7.048590000000001
 31
0.0
  0
LINE
  5
135C
330
17
100
AcDbEntity
  8
0
100
AcDbLine
 10
42.94097
 20
7.048590000000001
 30
0.0
 11
42.937999999999995
 21
7.0449600000000006
 31
0.0
  0
LINE
  5
135D
330
17
100
AcDbEntity
  8
0
100
AcDbLine
 10
42.937999999999995
 20
7.0449600000000006
 30
0.0
 11
42.91251
 21
7.0064400000000004
 31
0.0
  0
LINE
  5
135E
330
17
100
AcDbEntity
  8
0
100
AcDbLine
 10
42.91251
 20
7.0064400000000004
 30
0.0
 11
42.89098
 21
6.96559
 31
0.0
  0
LINE
  5
135F
330
17
100
AcDbEntity
  8
0
100
AcDbLine
 10
42.89098
 20
6.96559
 30
0.0
 11
42.87361
 21
6.92279
 31
0.0
  0
LINE
  5
1360
330
17
100
AcDbEntity
  8
0
100
AcDbLine
 10
42.87361
 20
6.92279
 30
0.0
 11
42.86058
 21
6.87849
 31
0.0
  0
LINE
  5
1361
330
17
100
AcDbEntity
  8
0
100
AcDbLine
 10
42.86058
 20
6.87849
 30
0.0
 11
42.778150000000004
 21
6.492719999999999
 31
0.0
  0
LINE
  5
1362
330
17
100
AcDbEntity
  8
0
100
AcDbLine
 10
42.778150000000004
 20
6.492719999999999
 30
0.0
 11
42.70337
 21
6.16657
 31
0.0
  0
LINE
  5
1363
330
17
100
AcDbEntity
  8
0
100
AcDbLine
 10
42.70337
 20
6.16657
 30
0.0
 11
42.65361
 21
6.00948
 31
0.0
  0
LINE
  5
1364
330
17
100
AcDbEntity
  8
0
100
AcDbLine
 10
42.65361
 20
6.00948
 30
0.0
 11
42.60233
 21
5.84757
 31
0.0
  0
LINE
  5
1365
330
17
100
AcDbEntity
  8
0
100
AcDbLine
 10
42.60233
 20
5.84757
 30
0.0
 11
42.57968
 21
5.7921700000000005
 31
0.0
  0
LINE
  5
1366
330
17
100
AcDbEntity
  8
0
100
AcDbLine
 10
42.57968
 20
5.7921700000000005
 30
0.0
 11
42.47569
 21
5.537850000000001
 31
0.0
  0
LINE
  5
1367
330
17
100
AcDbEntity
  8
0
100
AcDbLine
 10
42.47569
 20
5.537850000000001
 30
0.0
 11
42.40808
 21
5.408589999999999
 31
0.0
  0
LINE
  5
1368
330
17
100
AcDbEntity
  8
0
100
AcDbLine
 10
42.40808
 20
5.408589999999999
 30
0.0
 11
42.2321
 21
5.07218
 31
0.0
  0
LINE
  5
1369
330
17
100
AcDbEntity
  8
0
100
AcDbLine
 10
42.2321
 20
5.07218
 30
0.0
 11
41.94048
 21
4.6349800000000005
 31
0.0
  0
LINE
  5
136A
330
17
100
AcDbEntity
  8
0
100
AcDbLine
 10
41.94048
 20
4.6349800000000005
 30
0.0
 11
41.61273
 21
4.2426
 31
0.0
  0
LINE
  5
136B
330
17
100
AcDbEntity
  8
0
100
AcDbLine
 10
41.61273
 20
4.2426
 30
0.0
 11
41.24425
 21
3.8882
 31
0.0
  0
LINE
  5
136C
330
17
100
AcDbEntity
  8
0
100
AcDbLine
 10
41.24425
 20
3.8882
 30
0.0
 11
41.001290000000004
 21
3.69876
 31
0.0
  0
LINE
  5
136D
330
17
100
AcDbEntity
  8
0
100
AcDbLine
 10
41.001290000000004
 20
3.69876
 30
0.0
 11
40.74092
 21
3.53409
 31
0.0
  0
LINE
  5
136E
330
17
100
AcDbEntity
  8
0
100
AcDbLine
 10
40.74092
 20
3.53409
 30
0.0
 11
40.46564
 21
3.3957599999999997
 31
0.0
  0
LINE
  5
136F
330
17
100
AcDbEntity
  8
0
100
AcDbLine
 10
40.46564
 20
3.3957599999999997
 30
0.0
 11
40.20634
 21
3.29373
 31
0.0
  0
LINE
  5
1370
330
17
100
AcDbEntity
  8
0
100
AcDbLine
 10
40.20634
 20
3.29373
 30
0.0
 11
39.93947
 21
3.2136
 31
0.0
  0
LINE
  5
1371
330
17
100
AcDbEntity
  8
0
100
AcDbLine
 10
39.93947
 20
3.2136
 30
0.0
 11
39.66686
 21
3.15591
 31
0.0
  0
LINE
  5
1372
330
17
100
AcDbEntity
  8
0
100
AcDbLine
 10
39.66686
 20
3.15591
 30
0.0
 11
39.17652
 21
3.09226
 31
0.0
  0
LINE
  5
1373
330
17
100
AcDbEntity
  8
0
100
AcDbLine
 10
39.17652
 20
3.09226
 30
0.0
 11
38.682759999999995
 21
3.06588
 31
0.0
  0
LINE
  5
1374
330
17
100
AcDbEntity
  8
0
100
AcDbLine
 10
38.682759999999995
 20
3.06588
 30
0.0
 11
38.205330000000004
 21
3.07669
 31
0.0
  0
LINE
  5
1375
330
17
100
AcDbEntity
  8
0
100
AcDbLine
 10
38.205330000000004
 20
3.07669
 30
0.0
 11
37.730109999999996
 21
3.12387
 31
0.0
  0
LINE
  5
1376
330
17
100
AcDbEntity
  8
0
100
AcDbLine
 10
37.730109999999996
 20
3.12387
 30
0.0
 11
37.551359999999995
 21
3.15633
 31
0.0
  0
LINE
  5
1377
330
17
100
AcDbEntity
  8
0
100
AcDbLine
 10
37.551359999999995
 20
3.15633
 30
0.0
 11
37.376
 21
3.2038499999999996
 31
0.0
  0
LINE
  5
1378
330
17
100
AcDbEntity
  8
0
100
AcDbLine
 10
37.376
 20
3.2038499999999996
 30
0.0
 11
37.20532
 21
3.26609
 31
0.0
  0
LINE
  5
1379
330
17
100
AcDbEntity
  8
0
100
AcDbLine
 10
37.20532
 20
3.26609
 30
0.0
 11
37.04054
 21
3.34261
 31
0.0
  0
LINE
  5
137A
330
17
100
AcDbEntity
  8
0
100
AcDbLine
 10
37.04054
 20
3.34261
 30
0.0
 11
36.70527
 21
3.51599
 31
0.0
  0
LINE
  5
137B
330
17
100
AcDbEntity
  8
0
100
AcDbLine
 10
36.70527
 20
3.51599
 30
0.0
 11
36.70527
 21
4.70841
 31
0.0
  0
LINE
  5
137C
330
17
100
AcDbEntity
  8
0
100
AcDbLine
 10
36.70527
 20
4.70841
 30
0.0
 11
36.69939
 21
5.35111
 31
0.0
  0
LINE
  5
137D
330
17
100
AcDbEntity
  8
0
100
AcDbLine
 10
36.69939
 20
5.35111
 30
0.0
 11
36.69665
 21
5.408589999999999
 31
0.0
  0
LINE
  5
137E
330
17
100
AcDbEntity
  8
0
100
AcDbLine
 10
36.69665
 20
5.408589999999999
 30
0.0
 11
36.69165
 21
5.51338
 31
0.0
  0
LINE
  5
137F
330
17
100
AcDbEntity
  8
0
100
AcDbLine
 10
36.69165
 20
5.51338
 30
0.0
 11
36.67439
 21
5.67492
 31
0.0
  0
LINE
  5
1380
330
17
100
AcDbEntity
  8
0
100
AcDbLine
 10
36.67439
 20
5.67492
 30
0.0
 11
36.66366
 21
5.733280000000001
 31
0.0
  0
LINE
  5
1381
330
17
100
AcDbEntity
  8
0
100
AcDbLine
 10
36.66366
 20
5.733280000000001
 30
0.0
 11
36.64761
 21
5.7904
 31
0.0
  0
LINE
  5
1382
330
17
100
AcDbEntity
  8
0
100
AcDbLine
 10
36.64761
 20
5.7904
 30
0.0
 11
36.646930000000005
 21
5.7921700000000005
 31
0.0
  0
LINE
  5
1383
330
17
100
AcDbEntity
  8
0
100
AcDbLine
 10
36.646930000000005
 20
5.7921700000000005
 30
0.0
 11
36.62638
 21
5.8458
 31
0.0
  0
LINE
  5
1384
330
17
100
AcDbEntity
  8
0
100
AcDbLine
 10
36.62638
 20
5.8458
 30
0.0
 11
36.62204
 21
5.854439999999999
 31
0.0
  0
LINE
  5
1385
330
17
100
AcDbEntity
  8
0
100
AcDbLine
 10
36.62204
 20
5.854439999999999
 30
0.0
 11
36.61683
 21
5.86258
 31
0.0
  0
LINE
  5
1386
330
17
100
AcDbEntity
  8
0
100
AcDbLine
 10
36.61683
 20
5.86258
 30
0.0
 11
36.610789999999994
 21
5.87012
 31
0.0
  0
LINE
  5
1387
330
17
100
AcDbEntity
  8
0
100
AcDbLine
 10
36.610789999999994
 20
5.87012
 30
0.0
 11
36.60399
 21
5.8769800000000005
 31
0.0
  0
LINE
  5
1388
330
17
100
AcDbEntity
  8
0
100
AcDbLine
 10
36.60399
 20
5.8769800000000005
 30
0.0
 11
36.5965
 21
5.883089999999999
 31
0.0
  0
LINE
  5
1389
330
17
100
AcDbEntity
  8
0
100
AcDbLine
 10
36.5965
 20
5.883089999999999
 30
0.0
 11
36.588420000000006
 21
5.88839
 31
0.0
  0
LINE
  5
138A
330
17
100
AcDbEntity
  8
0
100
AcDbLine
 10
36.588420000000006
 20
5.88839
 30
0.0
 11
36.57982
 21
5.8928
 31
0.0
  0
LINE
  5
138B
330
17
100
AcDbEntity
  8
0
100
AcDbLine
 10
36.57982
 20
5.8928
 30
0.0
 11
36.57081
 21
5.89628
 31
0.0
  0
LINE
  5
138C
330
17
100
AcDbEntity
  8
0
100
AcDbLine
 10
36.57081
 20
5.89628
 30
0.0
 11
36.56147
 21
5.8988000000000005
 31
0.0
  0
LINE
  5
138D
330
17
100
AcDbEntity
  8
0
100
AcDbLine
 10
36.56147
 20
5.8988000000000005
 30
0.0
 11
36.551930000000006
 21
5.90032
 31
0.0
  0
LINE
  5
138E
330
17
100
AcDbEntity
  8
0
100
AcDbLine
 10
36.551930000000006
 20
5.90032
 30
0.0
 11
36.542280000000005
 21
5.90082
 31
0.0
  0
LINE
  5
138F
330
17
100
AcDbEntity
  8
0
100
AcDbLine
 10
36.542280000000005
 20
5.90082
 30
0.0
 11
36.5329
 21
5.90035
 31
0.0
  0
LINE
  5
1390
330
17
100
AcDbEntity
  8
0
100
AcDbLine
 10
36.5329
 20
5.90035
 30
0.0
 11
36.52361
 21
5.89892
 31
0.0
  0
LINE
  5
1391
330
17
100
AcDbEntity
  8
0
100
AcDbLine
 10
36.52361
 20
5.89892
 30
0.0
 11
36.51451
 21
5.89656
 31
0.0
  0
LINE
  5
1392
330
17
100
AcDbEntity
  8
0
100
AcDbLine
 10
36.51451
 20
5.89656
 30
0.0
 11
36.505700000000004
 21
5.8932899999999995
 31
0.0
  0
LINE
  5
1393
330
17
100
AcDbEntity
  8
0
100
AcDbLine
 10
36.505700000000004
 20
5.8932899999999995
 30
0.0
 11
36.49727
 21
5.88914
 31
0.0
  0
LINE
  5
1394
330
17
100
AcDbEntity
  8
0
100
AcDbLine
 10
36.49727
 20
5.88914
 30
0.0
 11
36.49653
 21
5.88868
 31
0.0
  0
LINE
  5
1395
330
17
100
AcDbEntity
  8
0
100
AcDbLine
 10
36.49653
 20
5.88868
 30
0.0
 11
36.4893
 21
5.8841600000000005
 31
0.0
  0
LINE
  5
1396
330
17
100
AcDbEntity
  8
0
100
AcDbLine
 10
36.4893
 20
5.8841600000000005
 30
0.0
 11
36.481880000000004
 21
5.8784
 31
0.0
  0
LINE
  5
1397
330
17
100
AcDbEntity
  8
0
100
AcDbLine
 10
36.481880000000004
 20
5.8784
 30
0.0
 11
36.475069999999995
 21
5.87191
 31
0.0
  0
LINE
  5
1398
330
17
100
AcDbEntity
  8
0
100
AcDbLine
 10
36.475069999999995
 20
5.87191
 30
0.0
 11
36.468970000000006
 21
5.86477
 31
0.0
  0
LINE
  5
1399
330
17
100
AcDbEntity
  8
0
100
AcDbLine
 10
36.468970000000006
 20
5.86477
 30
0.0
 11
36.46361
 21
5.85704
 31
0.0
  0
LINE
  5
139A
330
17
100
AcDbEntity
  8
0
100
AcDbLine
 10
36.46361
 20
5.85704
 30
0.0
 11
36.459070000000004
 21
5.84881
 31
0.0
  0
LINE
  5
139B
330
17
100
AcDbEntity
  8
0
100
AcDbLine
 10
36.459070000000004
 20
5.84881
 30
0.0
 11
36.43763
 21
5.79847
 31
0.0
  0
LINE
  5
139C
330
17
100
AcDbEntity
  8
0
100
AcDbLine
 10
36.43763
 20
5.79847
 30
0.0
 11
36.43567
 21
5.7921700000000005
 31
0.0
  0
LINE
  5
139D
330
17
100
AcDbEntity
  8
0
100
AcDbLine
 10
36.43567
 20
5.7921700000000005
 30
0.0
 11
36.421389999999995
 21
5.74621
 31
0.0
  0
LINE
  5
139E
330
17
100
AcDbEntity
  8
0
100
AcDbLine
 10
36.421389999999995
 20
5.74621
 30
0.0
 11
36.41054
 21
5.69257
 31
0.0
  0
LINE
  5
139F
330
17
100
AcDbEntity
  8
0
100
AcDbLine
 10
36.41054
 20
5.69257
 30
0.0
 11
36.39316
 21
5.54448
 31
0.0
  0
LINE
  5
13A0
330
17
100
AcDbEntity
  8
0
100
AcDbLine
 10
36.39316
 20
5.54448
 30
0.0
 11
36.38599
 21
5.408589999999999
 31
0.0
  0
LINE
  5
13A1
330
17
100
AcDbEntity
  8
0
100
AcDbLine
 10
36.38599
 20
5.408589999999999
 30
0.0
 11
36.3853
 21
5.39558
 31
0.0
  0
LINE
  5
13A2
330
17
100
AcDbEntity
  8
0
100
AcDbLine
 10
36.3853
 20
5.39558
 30
0.0
 11
36.3793
 21
4.81427
 31
0.0
  0
LINE
  5
13A3
330
17
100
AcDbEntity
  8
0
100
AcDbLine
 10
36.3793
 20
4.81427
 30
0.0
 11
36.37255
 21
4.39766
 31
0.0
  0
LINE
  5
13A4
330
17
100
AcDbEntity
  8
0
100
AcDbLine
 10
36.37255
 20
4.39766
 30
0.0
 11
36.35175
 21
4.04689
 31
0.0
  0
LINE
  5
13A5
330
17
100
AcDbEntity
  8
0
100
AcDbLine
 10
36.35175
 20
4.04689
 30
0.0
 11
36.323029999999996
 21
3.76118
 31
0.0
  0
LINE
  5
13A6
330
17
100
AcDbEntity
  8
0
100
AcDbLine
 10
36.323029999999996
 20
3.76118
 30
0.0
 11
36.32238
 21
3.75731
 31
0.0
  0
LINE
  5
13A7
330
17
100
AcDbEntity
  8
0
100
AcDbLine
 10
36.32238
 20
3.75731
 30
0.0
 11
36.321329999999996
 21
3.7535200000000004
 31
0.0
  0
LINE
  5
13A8
330
17
100
AcDbEntity
  8
0
100
AcDbLine
 10
36.321329999999996
 20
3.7535200000000004
 30
0.0
 11
36.319900000000004
 21
3.74987
 31
0.0
  0
LINE
  5
13A9
330
17
100
AcDbEntity
  8
0
100
AcDbLine
 10
36.319900000000004
 20
3.74987
 30
0.0
 11
36.31809
 21
3.7463800000000003
 31
0.0
  0
LINE
  5
13AA
330
17
100
AcDbEntity
  8
0
100
AcDbLine
 10
36.31809
 20
3.7463800000000003
 30
0.0
 11
36.31593
 21
3.7431
 31
0.0
  0
LINE
  5
13AB
330
17
100
AcDbEntity
  8
0
100
AcDbLine
 10
36.31593
 20
3.7431
 30
0.0
 11
36.31344
 21
3.7400599999999997
 31
0.0
  0
LINE
  5
13AC
330
17
100
AcDbEntity
  8
0
100
AcDbLine
 10
36.31344
 20
3.7400599999999997
 30
0.0
 11
36.31065
 21
3.7373
 31
0.0
  0
LINE
  5
13AD
330
17
100
AcDbEntity
  8
0
100
AcDbLine
 10
36.31065
 20
3.7373
 30
0.0
 11
36.30758
 21
3.73484
 31
0.0
  0
LINE
  5
13AE
330
17
100
AcDbEntity
  8
0
100
AcDbLine
 10
36.30758
 20
3.73484
 30
0.0
 11
36.30428
 21
3.73271
 31
0.0
  0
LINE
  5
13AF
330
17
100
AcDbEntity
  8
0
100
AcDbLine
 10
36.30428
 20
3.73271
 30
0.0
 11
36.300779999999996
 21
3.73094
 31
0.0
  0
LINE
  5
13B0
330
17
100
AcDbEntity
  8
0
100
AcDbLine
 10
36.300779999999996
 20
3.73094
 30
0.0
 11
36.29711
 21
3.72954
 31
0.0
  0
LINE
  5
13B1
330
17
100
AcDbEntity
  8
0
100
AcDbLine
 10
36.29711
 20
3.72954
 30
0.0
 11
36.293310000000005
 21
3.7285299999999997
 31
0.0
  0
LINE
  5
13B2
330
17
100
AcDbEntity
  8
0
100
AcDbLine
 10
36.293310000000005
 20
3.7285299999999997
 30
0.0
 11
36.289429999999996
 21
3.72792
 31
0.0
  0
LINE
  5
13B3
330
17
100
AcDbEntity
  8
0
100
AcDbLine
 10
36.289429999999996
 20
3.72792
 30
0.0
 11
36.28551
 21
3.7277199999999997
 31
0.0
  0
LINE
  5
13B4
330
17
100
AcDbEntity
  8
0
100
AcDbLine
 10
36.28551
 20
3.7277199999999997
 30
0.0
 11
36.26365
 21
3.72882
 31
0.0
  0
LINE
  5
13B5
330
17
100
AcDbEntity
  8
0
100
AcDbLine
 10
36.26365
 20
3.72882
 30
0.0
 11
36.24201
 21
3.73213
 31
0.0
  0
LINE
  5
13B6
330
17
100
AcDbEntity
  8
0
100
AcDbLine
 10
36.24201
 20
3.73213
 30
0.0
 11
36.22081
 21
3.7376
 31
0.0
  0
LINE
  5
13B7
330
17
100
AcDbEntity
  8
0
100
AcDbLine
 10
36.22081
 20
3.7376
 30
0.0
 11
36.20028
 21
3.74518
 31
0.0
  0
LINE
  5
13B8
330
17
100
AcDbEntity
  8
0
100
AcDbLine
 10
36.20028
 20
3.74518
 30
0.0
 11
36.18061
 21
3.7548
 31
0.0
  0
LINE
  5
13B9
330
17
100
AcDbEntity
  8
0
100
AcDbLine
 10
36.18061
 20
3.7548
 30
0.0
 11
36.162020000000005
 21
3.76635
 31
0.0
  0
LINE
  5
13BA
330
17
100
AcDbEntity
  8
0
100
AcDbLine
 10
36.162020000000005
 20
3.76635
 30
0.0
 11
36.14468
 21
3.7797199999999997
 31
0.0
  0
LINE
  5
13BB
330
17
100
AcDbEntity
  8
0
100
AcDbLine
 10
36.14468
 20
3.7797199999999997
 30
0.0
 11
36.12878
 21
3.7947699999999998
 31
0.0
  0
LINE
  5
13BC
330
17
100
AcDbEntity
  8
0
100
AcDbLine
 10
36.12878
 20
3.7947699999999998
 30
0.0
 11
35.677
 21
4.28213
 31
0.0
  0
LINE
  5
13BD
330
17
100
AcDbEntity
  8
0
100
AcDbLine
 10
35.677
 20
4.28213
 30
0.0
 11
35.254929999999995
 21
4.777909999999999
 31
0.0
  0
LINE
  5
13BE
330
17
100
AcDbEntity
  8
0
100
AcDbLine
 10
35.254929999999995
 20
4.777909999999999
 30
0.0
 11
35.13377
 21
4.94489
 31
0.0
  0
LINE
  5
13BF
330
17
100
AcDbEntity
  8
0
100
AcDbLine
 10
35.13377
 20
4.94489
 30
0.0
 11
35.02994
 21
5.1231599999999995
 31
0.0
  0
LINE
  5
13C0
330
17
100
AcDbEntity
  8
0
100
AcDbLine
 10
35.02994
 20
5.1231599999999995
 30
0.0
 11
34.88234
 21
5.408589999999999
 31
0.0
  0
LINE
  5
13C1
330
17
100
AcDbEntity
  8
0
100
AcDbLine
 10
34.88234
 20
5.408589999999999
 30
0.0
 11
34.85255
 21
5.4662
 31
0.0
  0
LINE
  5
13C2
330
17
100
AcDbEntity
  8
0
100
AcDbLine
 10
34.85255
 20
5.4662
 30
0.0
 11
31.818949999999997
 21
5.4662
 31
0.0
  0
LINE
  5
13C3
330
17
100
AcDbEntity
  8
0
100
AcDbLine
 10
31.818949999999997
 20
5.4662
 30
0.0
 11
31.841389999999997
 21
5.408589999999999
 31
0.0
  0
LINE
  5
13C4
330
17
100
AcDbEntity
  8
0
100
AcDbLine
 10
31.841389999999997
 20
5.408589999999999
 30
0.0
 11
32.04108
 21
4.89576
 31
0.0
  0
LINE
  5
13C5
330
17
100
AcDbEntity
  8
0
100
AcDbLine
 10
32.04108
 20
4.89576
 30
0.0
 11
32.28899
 21
4.34033
 31
0.0
  0
LINE
  5
13C6
330
17
100
AcDbEntity
  8
0
100
AcDbLine
 10
32.28899
 20
4.34033
 30
0.0
 11
32.589479999999995
 21
3.8114999999999997
 31
0.0
  0
LINE
  5
13C7
330
17
100
AcDbEntity
  8
0
100
AcDbLine
 10
32.589479999999995
 20
3.8114999999999997
 30
0.0
 11
32.952580000000005
 21
3.28929
 31
0.0
  0
LINE
  5
13C8
330
17
100
AcDbEntity
  8
0
100
AcDbLine
 10
32.952580000000005
 20
3.28929
 30
0.0
 11
33.1845
 21
3.00964
 31
0.0
  0
LINE
  5
13C9
330
17
100
AcDbEntity
  8
0
100
AcDbLine
 10
33.1845
 20
3.00964
 30
0.0
 11
33.25208000000001
 21
2.92815
 31
0.0
  0
LINE
  5
13CA
330
17
100
AcDbEntity
  8
0
100
AcDbLine
 10
33.25208000000001
 20
2.92815
 30
0.0
 11
33.3586
 21
2.7997199999999998
 31
0.0
  0
LINE
  5
13CB
330
17
100
AcDbEntity
  8
0
100
AcDbLine
 10
33.3586
 20
2.7997199999999998
 30
0.0
 11
33.80219
 21
2.3489600000000004
 31
0.0
  0
LINE
  5
13CC
330
17
100
AcDbEntity
  8
0
100
AcDbLine
 10
33.80219
 20
2.3489600000000004
 30
0.0
 11
34.28254
 21
1.9376
 31
0.0
  0
LINE
  5
13CD
330
17
100
AcDbEntity
  8
0
100
AcDbLine
 10
34.28254
 20
1.9376
 30
0.0
 11
34.77081
 21
1.5926
 31
0.0
  0
LINE
  5
13CE
330
17
100
AcDbEntity
  8
0
100
AcDbLine
 10
34.77081
 20
1.5926
 30
0.0
 11
35.29132
 21
1.2985099999999998
 31
0.0
  0
LINE
  5
13CF
330
17
100
AcDbEntity
  8
0
100
AcDbLine
 10
35.29132
 20
1.2985099999999998
 30
0.0
 11
35.60519
 21
1.1469
 31
0.0
  0
LINE
  5
13D0
330
17
100
AcDbEntity
  8
0
100
AcDbLine
 10
35.60519
 20
1.1469
 30
0.0
 11
35.8937
 21
1.0189599999999999
 31
0.0
  0
LINE
  5
13D1
330
17
100
AcDbEntity
  8
0
100
AcDbLine
 10
35.8937
 20
1.0189599999999999
 30
0.0
 11
36.13719
 21
0.92029
 31
0.0
  0
LINE
  5
13D2
330
17
100
AcDbEntity
  8
0
100
AcDbLine
 10
36.13719
 20
0.92029
 30
0.0
 11
36.1599
 21
0.9126299999999999
 31
0.0
  0
LINE
  5
13D3
330
17
100
AcDbEntity
  8
0
100
AcDbLine
 10
36.1599
 20
0.9126299999999999
 30
0.0
 11
36.183229999999995
 21
0.9071199999999999
 31
0.0
  0
LINE
  5
13D4
330
17
100
AcDbEntity
  8
0
100
AcDbLine
 10
36.183229999999995
 20
0.9071199999999999
 30
0.0
 11
36.20697
 21
0.90379
 31
0.0
  0
LINE
  5
13D5
330
17
100
AcDbEntity
  8
0
100
AcDbLine
 10
36.20697
 20
0.90379
 30
0.0
 11
36.23091
 21
0.90268
 31
0.0
  0
LINE
  5
13D6
330
17
100
AcDbEntity
  8
0
100
AcDbLine
 10
36.23091
 20
0.90268
 30
0.0
 11
36.23901
 21
0.90226
 31
0.0
  0
LINE
  5
13D7
330
17
100
AcDbEntity
  8
0
100
AcDbLine
 10
36.23901
 20
0.90226
 30
0.0
 11
36.24702
 21
0.90102
 31
0.0
  0
LINE
  5
13D8
330
17
100
AcDbEntity
  8
0
100
AcDbLine
 10
36.24702
 20
0.90102
 30
0.0
 11
36.25486
 21
0.89895
 31
0.0
  0
LINE
  5
13D9
330
17
100
AcDbEntity
  8
0
100
AcDbLine
 10
36.25486
 20
0.89895
 30
0.0
 11
36.26245
 21
0.8960899999999999
 31
0.0
  0
LINE
  5
13DA
330
17
100
AcDbEntity
  8
0
100
AcDbLine
 10
36.26245
 20
0.8960899999999999
 30
0.0
 11
36.2697
 21
0.89247
 31
0.0
  0
LINE
  5
13DB
330
17
100
AcDbEntity
  8
0
100
AcDbLine
 10
36.2697
 20
0.89247
 30
0.0
 11
36.276540000000004
 21
0.8881199999999999
 31
0.0
  0
LINE
  5
13DC
330
17
100
AcDbEntity
  8
0
100
AcDbLine
 10
36.276540000000004
 20
0.8881199999999999
 30
0.0
 11
36.2829
 21
0.88309
 31
0.0
  0
LINE
  5
13DD
330
17
100
AcDbEntity
  8
0
100
AcDbLine
 10
36.2829
 20
0.88309
 30
0.0
 11
36.28871
 21
0.87743
 31
0.0
  0
LINE
  5
13DE
330
17
100
AcDbEntity
  8
0
100
AcDbLine
 10
36.28871
 20
0.87743
 30
0.0
 11
36.293899999999994
 21
0.8712099999999999
 31
0.0
  0
LINE
  5
13DF
330
17
100
AcDbEntity
  8
0
100
AcDbLine
 10
36.293899999999994
 20
0.8712099999999999
 30
0.0
 11
36.298429999999996
 21
0.86448
 31
0.0
  0
LINE
  5
13E0
330
17
100
AcDbEntity
  8
0
100
AcDbLine
 10
36.298429999999996
 20
0.86448
 30
0.0
 11
36.30224
 21
0.85733
 31
0.0
  0
LINE
  5
13E1
330
17
100
AcDbEntity
  8
0
100
AcDbLine
 10
36.30224
 20
0.85733
 30
0.0
 11
36.305299999999995
 21
0.84982
 31
0.0
  0
LINE
  5
13E2
330
17
100
AcDbEntity
  8
0
100
AcDbLine
 10
36.305299999999995
 20
0.84982
 30
0.0
 11
36.33166
 21
0.75935
 31
0.0
  0
LINE
  5
13E3
330
17
100
AcDbEntity
  8
0
100
AcDbLine
 10
36.33166
 20
0.75935
 30
0.0
 11
36.348600000000005
 21
0.66666
 31
0.0
  0
LINE
  5
13E4
330
17
100
AcDbEntity
  8
0
100
AcDbLine
 10
36.348600000000005
 20
0.66666
 30
0.0
 11
36.37307
 21
0.34278
 31
0.0
  0
LINE
  5
13E5
330
17
100
AcDbEntity
  8
0
100
AcDbLine
 10
36.37307
 20
0.34278
 30
0.0
 11
36.3793
 21
-0.23819
 31
0.0
  0
LINE
  5
13E6
330
17
100
AcDbEntity
  8
0
100
AcDbLine
 10
36.3793
 20
-0.23818999999999999
 30
0.0
 11
36.38523
 21
-0.851
 31
0.0
  0
LINE
  5
13E7
330
17
100
AcDbEntity
  8
0
100
AcDbLine
 10
36.38523
 20
-0.851
 30
0.0
 11
36.39303
 21
-1.00676
 31
0.0
  0
LINE
  5
13E8
330
17
100
AcDbEntity
  8
0
100
AcDbLine
 10
36.39303
 20
-1.00676
 30
0.0
 11
36.41034
 21
-1.16176
 31
0.0
  0
LINE
  5
13E9
330
17
100
AcDbEntity
  8
0
100
AcDbLine
 10
36.41034
 20
-1.16176
 30
0.0
 11
36.421130000000005
 21
-1.2178
 31
0.0
  0
LINE
  5
13EA
330
17
100
AcDbEntity
  8
0
100
AcDbLine
 10
36.421130000000005
 20
-1.2178
 30
0.0
 11
36.43727
 21
-1.2725499999999998
 31
0.0
  0
LINE
  5
13EB
330
17
100
AcDbEntity
  8
0
100
AcDbLine
 10
36.43727
 20
-1.2725499999999998
 30
0.0
 11
36.45861
 21
-1.32548
 31
0.0
  0
LINE
  5
13EC
330
17
100
AcDbEntity
  8
0
100
AcDbLine
 10
36.45861
 20
-1.32548
 30
0.0
 11
36.46304
 21
-1.33393
 31
0.0
  0
LINE
  5
13ED
330
17
100
AcDbEntity
  8
0
100
AcDbLine
 10
36.46304
 20
-1.33393
 30
0.0
 11
36.46832
 21
-1.34187
 31
0.0
  0
LINE
  5
13EE
330
17
100
AcDbEntity
  8
0
100
AcDbLine
 10
36.46832
 20
-1.34187
 30
0.0
 11
36.474399999999996
 21
-1.3492199999999999
 31
0.0
  0
LINE
  5
13EF
330
17
100
AcDbEntity
  8
0
100
AcDbLine
 10
36.474399999999996
 20
-1.3492199999999999
 30
0.0
 11
36.4812
 21
-1.3558999999999999
 31
0.0
  0
LINE
  5
13F0
330
17
100
AcDbEntity
  8
0
100
AcDbLine
 10
36.4812
 20
-1.3558999999999999
 30
0.0
 11
36.48865
 21
-1.36185
 31
0.0
  0
LINE
  5
13F1
330
17
100
AcDbEntity
  8
0
100
AcDbLine
 10
36.48865
 20
-1.36185
 30
0.0
 11
36.49653
 21
-1.36689
 31
0.0
  0
LINE
  5
13F2
330
17
100
AcDbEntity
  8
0
100
AcDbLine
 10
36.49653
 20
-1.36689
 30
0.0
 11
36.49668
 21
-1.36699
 31
0.0
  0
LINE
  5
13F3
330
17
100
AcDbEntity
  8
0
100
AcDbLine
 10
36.49668
 20
-1.36699
 30
0.0
 11
36.5052
 21
-1.3712799999999998
 31
0.0
  0
LINE
  5
13F4
330
17
100
AcDbEntity
  8
0
100
AcDbLine
 10
36.5052
 20
-1.3712799999999998
 30
0.0
 11
36.51412
 21
-1.37466
 31
0.0
  0
LINE
  5
13F5
330
17
100
AcDbEntity
  8
0
100
AcDbLine
 10
36.51412
 20
-1.37466
 30
0.0
 11
36.523340000000005
 21
-1.3771
 31
0.0
  0
LINE
  5
13F6
330
17
100
AcDbEntity
  8
0
100
AcDbLine
 10
36.523340000000005
 20
-1.3771
 30
0.0
 11
36.532759999999996
 21
-1.37858
 31
0.0
  0
LINE
  5
13F7
330
17
100
AcDbEntity
  8
0
100
AcDbLine
 10
36.532759999999996
 20
-1.37858
 30
0.0
 11
36.542280000000005
 21
-1.37907
 31
0.0
  0
LINE
  5
13F8
330
17
100
AcDbEntity
  8
0
100
AcDbLine
 10
36.542280000000005
 20
-1.37907
 30
0.0
 11
36.55155
 21
-1.37861
 31
0.0
  0
LINE
  5
13F9
330
17
100
AcDbEntity
  8
0
100
AcDbLine
 10
36.55155
 20
-1.37861
 30
0.0
 11
36.560719999999996
 21
-1.3772199999999999
 31
0.0
  0
LINE
  5
13FA
330
17
100
AcDbEntity
  8
0
100
AcDbLine
 10
36.560719999999996
 20
-1.3772199999999999
 30
0.0
 11
36.56971
 21
-1.37494
 31
0.0
  0
LINE
  5
13FB
330
17
100
AcDbEntity
  8
0
100
AcDbLine
 10
36.56971
 20
-1.37494
 30
0.0
 11
36.57842
 21
-1.37176
 31
0.0
  0
LINE
  5
13FC
330
17
100
AcDbEntity
  8
0
100
AcDbLine
 10
36.57842
 20
-1.37176
 30
0.0
 11
36.58678
 21
-1.3677400000000002
 31
0.0
  0
LINE
  5
13FD
330
17
100
AcDbEntity
  8
0
100
AcDbLine
 10
36.58678
 20
-1.3677400000000002
 30
0.0
 11
36.5947
 21
-1.3629
 31
0.0
  0
LINE
  5
13FE
330
17
100
AcDbEntity
  8
0
100
AcDbLine
 10
36.5947
 20
-1.3629
 30
0.0
 11
36.60209
 21
-1.3573000000000002
 31
0.0
  0
LINE
  5
13FF
330
17
100
AcDbEntity
  8
0
100
AcDbLine
 10
36.60209
 20
-1.3573000000000002
 30
0.0
 11
36.608889999999995
 21
-1.3509900000000001
 31
0.0
  0
LINE
  5
1400
330
17
100
AcDbEntity
  8
0
100
AcDbLine
 10
36.608889999999995
 20
-1.3509900000000001
 30
0.0
 11
36.61503
 21
-1.34403
 31
0.0
  0
LINE
  5
1401
330
17
100
AcDbEntity
  8
0
100
AcDbLine
 10
36.61503
 20
-1.34403
 30
0.0
 11
36.620439999999995
 21
-1.3365
 31
0.0
  0
LINE
  5
1402
330
17
100
AcDbEntity
  8
0
100
AcDbLine
 10
36.620439999999995
 20
-1.3365
 30
0.0
 11
36.62508
 21
-1.32847
 31
0.0
  0
LINE
  5
1403
330
17
100
AcDbEntity
  8
0
100
AcDbLine
 10
36.62508
 20
-1.32847
 30
0.0
 11
36.64661
 21
-1.28032
 31
0.0
  0
LINE
  5
1404
330
17
100
AcDbEntity
  8
0
100
AcDbLine
 10
36.64661
 20
-1.28032
 30
0.0
 11
36.66293
 21
-1.23017
 31
0.0
  0
LINE
  5
1405
330
17
100
AcDbEntity
  8
0
100
AcDbLine
 10
36.66293
 20
-1.23017
 30
0.0
 11
36.67384
 21
-1.1785700000000001
 31
0.0
  0
LINE
  5
1406
330
17
100
AcDbEntity
  8
0
100
AcDbLine
 10
36.67384
 20
-1.1785700000000001
 30
0.0
 11
36.69129
 21
-1.0363900000000001
 31
0.0
  0
LINE
  5
1407
330
17
100
AcDbEntity
  8
0
100
AcDbLine
 10
36.69129
 20
-1.0363900000000001
 30
0.0
 11
36.699200000000005
 21
-0.8933800000000001
 31
0.0
  0
LINE
  5
1408
330
17
100
AcDbEntity
  8
0
100
AcDbLine
 10
36.699200000000005
 20
-0.8933800000000001
 30
0.0
 11
36.70527
 21
-0.33902999999999994
 31
0.0
  0
LINE
  5
1409
330
17
100
AcDbEntity
  8
0
100
AcDbLine
 10
36.70527
 20
-0.33903
 30
0.0
 11
36.70527
 21
0.7010099999999999
 31
0.0
  0
LINE
  5
140A
330
17
100
AcDbEntity
  8
0
100
AcDbLine
 10
36.70527
 20
0.7010099999999999
 30
0.0
 11
37.33003
 21
0.61311
 31
0.0
  0
LINE
  5
140B
330
17
100
AcDbEntity
  8
0
100
AcDbLine
 10
37.33003
 20
0.61311
 30
0.0
 11
37.63493
 21
0.58038
 31
0.0
  0
LINE
  5
140C
330
17
100
AcDbEntity
  8
0
100
AcDbLine
 10
37.63493
 20
0.58038
 30
0.0
 11
38.046009999999995
 21
0.55559
 31
0.0
  0
LINE
  5
140D
330
17
100
AcDbEntity
  8
0
100
AcDbLine
 10
38.046009999999995
 20
0.55559
 30
0.0
 11
38.486239999999995
 21
0.5412
 31
0.0
  0
LINE
  5
140E
330
17
100
AcDbEntity
  8
0
100
AcDbLine
 10
38.486239999999995
 20
0.5412
 30
0.0
 11
38.89005
 21
0.54071
 31
0.0
  0
LINE
  5
140F
330
17
100
AcDbEntity
  8
0
100
AcDbLine
 10
38.89005
 20
0.54071
 30
0.0
 11
39.67196
 21
0.59431
 31
0.0
  0
LINE
  5
1410
330
17
100
AcDbEntity
  8
0
100
AcDbLine
 10
39.67196
 20
0.59431
 30
0.0
 11
40.44413
 21
0.72856
 31
0.0
  0
LINE
  5
1411
330
17
100
AcDbEntity
  8
0
100
AcDbLine
 10
40.44413
 20
0.72856
 30
0.0
 11
41.19825
 21
0.9420299999999999
 31
0.0
  0
LINE
  5
1412
330
17
100
AcDbEntity
  8
0
100
AcDbLine
 10
41.19825
 20
0.9420299999999999
 30
0.0
 11
41.72891
 21
1.14819
 31
0.0
  0
LINE
  5
1413
330
17
100
AcDbEntity
  8
0
100
AcDbLine
 10
41.72891
 20
1.14819
 30
0.0
 11
42.24001
 21
1.39899
 31
0.0
  0
LINE
  5
1414
330
17
100
AcDbEntity
  8
0
100
AcDbLine
 10
42.24001
 20
1.39899
 30
0.0
 11
42.72777
 21
1.6925899999999998
 31
0.0
  0
LINE
  5
1415
330
17
100
AcDbEntity
  8
0
100
AcDbLine
 10
42.72777
 20
1.6925899999999998
 30
0.0
 11
43.18862
 21
2.02684
 31
0.0
  0
LINE
  5
1416
330
17
100
AcDbEntity
  8
0
100
AcDbLine
 10
43.18862
 20
2.02684
 30
0.0
 11
43.616170000000004
 21
2.39695
 31
0.0
  0
LINE
  5
1417
330
17
100
AcDbEntity
  8
0
100
AcDbLine
 10
43.616170000000004
 20
2.39695
 30
0.0
 11
44.010180000000005
 21
2.80256
 31
0.0
  0
LINE
  5
1418
330
17
100
AcDbEntity
  8
0
100
AcDbLine
 10
44.010180000000005
 20
2.80256
 30
0.0
 11
44.112680000000005
 21
2.92815
 31
0.0
  0
LINE
  5
1419
330
17
100
AcDbEntity
  8
0
100
AcDbLine
 10
44.112680000000005
 20
2.92815
 30
0.0
 11
44.17919
 21
3.00964
 31
0.0
  0
LINE
  5
141A
330
17
100
AcDbEntity
  8
0
100
AcDbLine
 10
44.17919
 20
3.00964
 30
0.0
 11
44.36773
 21
3.24065
 31
0.0
  0
LINE
  5
141B
330
17
100
AcDbEntity
  8
0
100
AcDbLine
 10
44.36773
 20
3.24065
 30
0.0
 11
44.68615
 21
3.7079600000000004
 31
0.0
  0
LINE
  5
141C
330
17
100
AcDbEntity
  8
0
100
AcDbLine
 10
44.68615
 20
3.7079600000000004
 30
0.0
 11
45.056329999999996
 21
4.383920000000001
 31
0.0
  0
LINE
  5
141D
330
17
100
AcDbEntity
  8
0
100
AcDbLine
 10
45.056329999999996
 20
4.383920000000001
 30
0.0
 11
45.35163
 21
5.09578
 31
0.0
  0
LINE
  5
141E
330
17
100
AcDbEntity
  8
0
100
AcDbLine
 10
45.35163
 20
5.09578
 30
0.0
 11
45.443419999999996
 21
5.408589999999999
 31
0.0
  0
LINE
  5
141F
330
17
100
AcDbEntity
  8
0
100
AcDbLine
 10
45.443419999999996
 20
5.408589999999999
 30
0.0
 11
45.555980000000005
 21
5.7921700000000005
 31
0.0
  0
LINE
  5
1420
330
17
100
AcDbEntity
  8
0
100
AcDbLine
 10
45.555980000000005
 20
5.7921700000000005
 30
0.0
 11
45.56863
 21
5.83528
 31
0.0
  0
LINE
  5
1421
330
17
100
AcDbEntity
  8
0
100
AcDbLine
 10
45.56863
 20
5.83528
 30
0.0
 11
45.609700000000004
 21
6.00948
 31
0.0
  0
LINE
  5
1422
330
17
100
AcDbEntity
  8
0
100
AcDbLine
 10
45.609700000000004
 20
6.00948
 30
0.0
 11
45.76339
 21
6.66141
 31
0.0
  0
LINE
  5
1423
330
17
100
AcDbEntity
  8
0
100
AcDbLine
 10
45.76339
 20
6.66141
 30
0.0
 11
48.03325
 21
6.66141
 31
0.0
  0
LINE
  5
1424
330
17
100
AcDbEntity
  8
0
100
AcDbLine
 10
48.03325
 20
6.66141
 30
0.0
 11
49.41702
 21
6.6659500000000005
 31
0.0
  0
LINE
  5
1425
330
17
100
AcDbEntity
  8
0
100
AcDbLine
 10
49.41702
 20
6.6659500000000005
 30
0.0
 11
49.95133
 21
6.69041
 31
0.0
  0
LINE
  5
1426
330
17
100
AcDbEntity
  8
0
100
AcDbLine
 10
49.95133
 20
6.69041
 30
0.0
 11
50.03709
 21
6.701300000000001
 31
0.0
  0
LINE
  5
1427
330
17
100
AcDbEntity
  8
0
100
AcDbLine
 10
50.03709
 20
6.701300000000001
 30
0.0
 11
50.12167
 21
6.71923
 31
0.0
  0
LINE
  5
1428
330
17
100
AcDbEntity
  8
0
100
AcDbLine
 10
50.12167
 20
6.71923
 30
0.0
 11
50.204480000000004
 21
6.74407
 31
0.0
  0
LINE
  5
1429
330
17
100
AcDbEntity
  8
0
100
AcDbLine
 10
50.204480000000004
 20
6.74407
 30
0.0
 11
50.21344
 21
6.7476899999999995
 31
0.0
  0
LINE
  5
142A
330
17
100
AcDbEntity
  8
0
100
AcDbLine
 10
50.21344
 20
6.7476899999999995
 30
0.0
 11
50.22199
 21
6.7522
 31
0.0
  0
LINE
  5
142B
330
17
100
AcDbEntity
  8
0
100
AcDbLine
 10
50.22199
 20
6.7522
 30
0.0
 11
50.23003
 21
6.75756
 31
0.0
  0
LINE
  5
142C
330
17
100
AcDbEntity
  8
0
100
AcDbLine
 10
50.23003
 20
6.75756
 30
0.0
 11
50.23749
 21
6.76371
 31
0.0
  0
LINE
  5
142D
330
17
100
AcDbEntity
  8
0
100
AcDbLine
 10
50.23749
 20
6.76371
 30
0.0
 11
50.24428
 21
6.77059
 31
0.0
  0
LINE
  5
142E
330
17
100
AcDbEntity
  8
0
100
AcDbLine
 10
50.24428
 20
6.77059
 30
0.0
 11
50.250330000000005
 21
6.77812
 31
0.0
  0
LINE
  5
142F
330
17
100
AcDbEntity
  8
0
100
AcDbLine
 10
50.250330000000005
 20
6.77812
 30
0.0
 11
50.255590000000005
 21
6.78623
 31
0.0
  0
LINE
  5
1430
330
17
100
AcDbEntity
  8
0
100
AcDbLine
 10
50.255590000000005
 20
6.78623
 30
0.0
 11
50.259989999999995
 21
6.79483
 31
0.0
  0
LINE
  5
1431
330
17
100
AcDbEntity
  8
0
100
AcDbLine
 10
50.259989999999995
 20
6.79483
 30
0.0
 11
50.2635
 21
6.80384
 31
0.0
  0
LINE
  5
1432
330
17
100
AcDbEntity
  8
0
100
AcDbLine
 10
50.2635
 20
6.80384
 30
0.0
 11
50.266070000000006
 21
6.813160000000001
 31
0.0
  0
LINE
  5
1433
330
17
100
AcDbEntity
  8
0
100
AcDbLine
 10
50.266070000000006
 20
6.813160000000001
 30
0.0
 11
50.26768
 21
6.822690000000001
 31
0.0
  0
LINE
  5
1434
330
17
100
AcDbEntity
  8
0
100
AcDbLine
 10
50.26768
 20
6.822690000000001
 30
0.0
 11
50.26831
 21
6.83233
 31
0.0
  0
LINE
  5
1435
330
17
100
AcDbEntity
  8
0
100
AcDbLine
 10
50.26831
 20
6.83233
 30
0.0
 11
50.26796
 21
6.84199
 31
0.0
  0
LINE
  5
1436
330
17
100
AcDbEntity
  8
0
100
AcDbLine
 10
50.26796
 20
6.84199
 30
0.0
 11
50.266619999999996
 21
6.851559999999999
 31
0.0
  0
LINE
  5
1437
330
17
100
AcDbEntity
  8
0
100
AcDbLine
 10
50.266619999999996
 20
6.851559999999999
 30
0.0
 11
50.26288
 21
6.8665899999999995
 31
0.0
  0
LINE
  5
1438
330
17
100
AcDbEntity
  8
0
100
AcDbLine
 10
50.26288
 20
6.8665899999999995
 30
0.0
 11
50.25752
 21
6.88112
 31
0.0
  0
LINE
  5
1439
330
17
100
AcDbEntity
  8
0
100
AcDbLine
 10
50.25752
 20
6.88112
 30
0.0
 11
50.250620000000005
 21
6.89498
 31
0.0
  0
LINE
  5
143A
330
17
100
AcDbEntity
  8
0
100
AcDbLine
 10
50.250620000000005
 20
6.89498
 30
0.0
 11
50.242250000000006
 21
6.90801
 31
0.0
  0
LINE
  5
143B
330
17
100
AcDbEntity
  8
0
100
AcDbLine
 10
50.242250000000006
 20
6.90801
 30
0.0
 11
50.23251
 21
6.92005
 31
0.0
  0
LINE
  5
143C
330
17
100
AcDbEntity
  8
0
100
AcDbLine
 10
50.23251
 20
6.92005
 30
0.0
 11
50.22152
 21
6.93096
 31
0.0
  0
LINE
  5
143D
330
17
100
AcDbEntity
  8
0
100
AcDbLine
 10
50.22152
 20
6.93096
 30
0.0
 11
50.209410000000005
 21
6.94062
 31
0.0
  0
LINE
  5
143E
330
17
100
AcDbEntity
  8
0
100
AcDbLine
 10
50.209410000000005
 20
6.94062
 30
0.0
 11
50.19632
 21
6.9488900000000005
 31
0.0
  0
LINE
  5
143F
330
17
100
AcDbEntity
  8
0
100
AcDbLine
 10
50.19632
 20
6.9488900000000005
 30
0.0
 11
50.18241
 21
6.9557
 31
0.0
  0
LINE
  5
1440
330
17
100
AcDbEntity
  8
0
100
AcDbLine
 10
50.18241
 20
6.9557
 30
0.0
 11
50.16784
 21
6.9609499999999995
 31
0.0
  0
LINE
  5
1441
330
17
100
AcDbEntity
  8
0
100
AcDbLine
 10
50.16784
 20
6.9609499999999995
 30
0.0
 11
50.02308
 21
6.99727
 31
0.0
  0
LINE
  5
1442
330
17
100
AcDbEntity
  8
0
100
AcDbLine
 10
50.02308
 20
6.99727
 30
0.0
 11
49.87561
 21
7.02027
 31
0.0
  0
LINE
  5
1443
330
17
100
AcDbEntity
  8
0
100
AcDbLine
 10
49.87561
 20
7.02027
 30
0.0
 11
49.31744
 21
7.06022
 31
0.0
  0
LINE
  5
1444
330
17
100
AcDbEntity
  8
0
100
AcDbLine
 10
49.31744
 20
7.06022
 30
0.0
 11
48.00406
 21
7.09944
 31
0.0
  0
LINE
  5
1445
330
17
100
AcDbEntity
  8
0
100
AcDbLine
 10
48.00406
 20
7.09944
 30
0.0
 11
47.179770000000005
 21
7.12328
 31
0.0
  0
LINE
  5
1446
330
17
100
AcDbEntity
  8
0
100
AcDbLine
 10
47.179770000000005
 20
7.12328
 30
0.0
 11
46.56754
 21
7.14719
 31
0.0
  0
LINE
  5
1447
330
17
100
AcDbEntity
  8
0
100
AcDbLine
 10
46.56754
 20
7.14719
 30
0.0
 11
46.239599999999996
 21
7.16734
 31
0.0
  0
LINE
  5
1448
330
17
100
AcDbEntity
  8
0
100
AcDbLine
 10
46.239599999999996
 20
7.16734
 30
0.0
 11
46.23887
 21
7.1674299999999995
 31
0.0
  0
LINE
  5
1449
330
17
100
AcDbEntity
  8
0
100
AcDbLine
 10
46.23887
 20
7.1674299999999995
 30
0.0
 11
46.23816
 21
7.167599999999999
 31
0.0
  0
LINE
  5
144A
330
17
100
AcDbEntity
  8
0
100
AcDbLine
 10
46.23816
 20
7.167599999999999
 30
0.0
 11
46.23747
 21
7.16785
 31
0.0
  0
LINE
  5
144B
330
17
100
AcDbEntity
  8
0
100
AcDbLine
 10
46.23747
 20
7.16785
 30
0.0
 11
46.236810000000006
 21
7.16817
 31
0.0
  0
LINE
  5
144C
330
17
100
AcDbEntity
  8
0
100
AcDbLine
 10
46.236810000000006
 20
7.16817
 30
0.0
 11
46.23619
 21
7.16856
 31
0.0
  0
LINE
  5
144D
330
17
100
AcDbEntity
  8
0
100
AcDbLine
 10
46.23619
 20
7.16856
 30
0.0
 11
46.23561
 21
7.16902
 31
0.0
  0
LINE
  5
144E
330
17
100
AcDbEntity
  8
0
100
AcDbLine
 10
46.23561
 20
7.16902
 30
0.0
 11
46.23509
 21
7.16953
 31
0.0
  0
LINE
  5
144F
330
17
100
AcDbEntity
  8
0
100
AcDbLine
 10
46.23509
 20
7.16953
 30
0.0
 11
46.234629999999996
 21
7.170100000000001
 31
0.0
  0
LINE
  5
1450
330
17
100
AcDbEntity
  8
0
100
AcDbLine
 10
46.234629999999996
 20
7.170100000000001
 30
0.0
 11
46.234230000000004
 21
7.170710000000001
 31
0.0
  0
LINE
  5
1451
330
17
100
AcDbEntity
  8
0
100
AcDbLine
 10
46.234230000000004
 20
7.170710000000001
 30
0.0
 11
46.23389
 21
7.17136
 31
0.0
  0
LINE
  5
1452
330
17
100
AcDbEntity
  8
0
100
AcDbLine
 10
46.23389
 20
7.17136
 30
0.0
 11
46.23363
 21
7.1720500000000005
 31
0.0
  0
LINE
  5
1453
330
17
100
AcDbEntity
  8
0
100
AcDbLine
 10
46.23363
 20
7.1720500000000005
 30
0.0
 11
46.23344
 21
7.17276
 31
0.0
  0
LINE
  5
1454
330
17
100
AcDbEntity
  8
0
100
AcDbLine
 10
46.23344
 20
7.17276
 30
0.0
 11
46.23333
 21
7.1734800000000005
 31
0.0
  0
LINE
  5
1455
330
17
100
AcDbEntity
  8
0
100
AcDbLine
 10
46.23333
 20
7.1734800000000005
 30
0.0
 11
46.23331
 21
7.17421
 31
0.0
  0
LINE
  5
1456
330
17
100
AcDbEntity
  8
0
100
AcDbLine
 10
46.23331
 20
7.17421
 30
0.0
 11
46.23335
 21
7.17494
 31
0.0
  0
LINE
  5
1457
330
17
100
AcDbEntity
  8
0
100
AcDbLine
 10
46.23335
 20
7.17494
 30
0.0
 11
46.23348
 21
7.17567
 31
0.0
  0
LINE
  5
1458
330
17
100
AcDbEntity
  8
0
100
AcDbLine
 10
46.23348
 20
7.17567
 30
0.0
 11
46.23369
 21
7.1763699999999995
 31
0.0
  0
LINE
  5
1459
330
17
100
AcDbEntity
  8
0
100
AcDbLine
 10
46.23369
 20
7.1763699999999995
 30
0.0
 11
46.233959999999996
 21
7.1770499999999995
 31
0.0
  0
LINE
  5
145A
330
17
100
AcDbEntity
  8
0
100
AcDbLine
 10
46.233959999999996
 20
7.1770499999999995
 30
0.0
 11
46.23431
 21
7.177689999999999
 31
0.0
  0
LINE
  5
145B
330
17
100
AcDbEntity
  8
0
100
AcDbLine
 10
46.23431
 20
7.177689999999999
 30
0.0
 11
46.23473
 21
7.1783
 31
0.0
  0
LINE
  5
145C
330
17
100
AcDbEntity
  8
0
100
AcDbLine
 10
46.23473
 20
7.1783
 30
0.0
 11
46.23521
 21
7.17885
 31
0.0
  0
LINE
  5
145D
330
17
100
AcDbEntity
  8
0
100
AcDbLine
 10
46.23521
 20
7.17885
 30
0.0
 11
46.235749999999996
 21
7.17935
 31
0.0
  0
LINE
  5
145E
330
17
100
AcDbEntity
  8
0
100
AcDbLine
 10
46.235749999999996
 20
7.17935
 30
0.0
 11
46.23633
 21
7.179790000000001
 31
0.0
  0
LINE
  5
145F
330
17
100
AcDbEntity
  8
0
100
AcDbLine
 10
46.23633
 20
7.179790000000001
 30
0.0
 11
46.23696
 21
7.18016
 31
0.0
  0
LINE
  5
1460
330
17
100
AcDbEntity
  8
0
100
AcDbLine
 10
46.23696
 20
7.18016
 30
0.0
 11
46.23763
 21
7.180470000000001
 31
0.0
  0
LINE
  5
1461
330
17
100
AcDbEntity
  8
0
100
AcDbLine
 10
46.23763
 20
7.180470000000001
 30
0.0
 11
46.23832
 21
7.1807
 31
0.0
  0
LINE
  5
1462
330
17
100
AcDbEntity
  8
0
100
AcDbLine
 10
46.23832
 20
7.1807
 30
0.0
 11
46.23904
 21
7.1808499999999995
 31
0.0
  0
LINE
  5
1463
330
17
100
AcDbEntity
  8
0
100
AcDbLine
 10
46.23904
 20
7.1808499999999995
 30
0.0
 11
46.23977
 21
7.18093
 31
0.0
  0
LINE
  5
1464
330
17
100
AcDbEntity
  8
0
100
AcDbLine
 10
46.23977
 20
7.18093
 30
0.0
 11
46.41673
 21
7.1979
 31
0.0
  0
LINE
  5
1465
330
17
100
AcDbEntity
  8
0
100
AcDbLine
 10
46.41673
 20
7.1979
 30
0.0
 11
46.49187
 21
7.21117
 31
0.0
  0
LINE
  5
1466
330
17
100
AcDbEntity
  8
0
100
AcDbLine
 10
46.49187
 20
7.21117
 30
0.0
 11
46.5659
 21
7.22963
 31
0.0
  0
LINE
  5
1467
330
17
100
AcDbEntity
  8
0
100
AcDbLine
 10
46.5659
 20
7.22963
 30
0.0
 11
46.62057
 21
7.24761
 31
0.0
  0
LINE
  5
1468
330
17
100
AcDbEntity
  8
0
100
AcDbLine
 10
46.62057
 20
7.24761
 30
0.0
 11
46.673680000000004
 21
7.2697400000000005
 31
0.0
  0
LINE
  5
1469
330
17
100
AcDbEntity
  8
0
100
AcDbLine
 10
46.673680000000004
 20
7.2697400000000005
 30
0.0
 11
46.678070000000005
 21
7.272060000000001
 31
0.0
  0
LINE
  5
146A
330
17
100
AcDbEntity
  8
0
100
AcDbLine
 10
46.678070000000005
 20
7.272060000000001
 30
0.0
 11
46.682210000000005
 21
7.2748099999999996
 31
0.0
  0
LINE
  5
146B
330
17
100
AcDbEntity
  8
0
100
AcDbLine
 10
46.682210000000005
 20
7.2748099999999996
 30
0.0
 11
46.68603
 21
7.2779799999999994
 31
0.0
  0
LINE
  5
146C
330
17
100
AcDbEntity
  8
0
100
AcDbLine
 10
46.68603
 20
7.2779799999999994
 30
0.0
 11
46.68951
 21
7.281529999999999
 31
0.0
  0
LINE
  5
146D
330
17
100
AcDbEntity
  8
0
100
AcDbLine
 10
46.68951
 20
7.281529999999999
 30
0.0
 11
46.6926
 21
7.28541
 31
0.0
  0
LINE
  5
146E
330
17
100
AcDbEntity
  8
0
100
AcDbLine
 10
46.6926
 20
7.28541
 30
0.0
 11
46.695269999999994
 21
7.2896
 31
0.0
  0
LINE
  5
146F
330
17
100
AcDbEntity
  8
0
100
AcDbLine
 10
46.695269999999994
 20
7.2896
 30
0.0
 11
46.697500000000005
 21
7.29403
 31
0.0
  0
LINE
  5
1470
330
17
100
AcDbEntity
  8
0
100
AcDbLine
 10
46.697500000000005
 20
7.29403
 30
0.0
 11
46.69926
 21
7.29868
 31
0.0
  0
LINE
  5
1471
330
17
100
AcDbEntity
  8
0
100
AcDbLine
 10
46.69926
 20
7.29868
 30
0.0
 11
46.70053
 21
7.30348
 31
0.0
  0
LINE
  5
1472
330
17
100
AcDbEntity
  8
0
100
AcDbLine
 10
46.70053
 20
7.30348
 30
0.0
 11
46.70129
 21
7.30838
 31
0.0
  0
LINE
  5
1473
330
17
100
AcDbEntity
  8
0
100
AcDbLine
 10
46.70129
 20
7.30838
 30
0.0
 11
46.701550000000005
 21
7.31334
 31
0.0
  0
LINE
  5
1474
330
17
100
AcDbEntity
  8
0
100
AcDbLine
 10
46.701550000000005
 20
7.31334
 30
0.0
 11
46.70128
 21
7.3184000000000005
 31
0.0
  0
LINE
  5
1475
330
17
100
AcDbEntity
  8
0
100
AcDbLine
 10
46.70128
 20
7.3184000000000005
 30
0.0
 11
46.70046
 21
7.3233999999999995
 31
0.0
  0
LINE
  5
1476
330
17
100
AcDbEntity
  8
0
100
AcDbLine
 10
46.70046
 20
7.3233999999999995
 30
0.0
 11
46.6991
 21
7.32827
 31
0.0
  0
LINE
  5
1477
330
17
100
AcDbEntity
  8
0
100
AcDbLine
 10
46.6991
 20
7.32827
 30
0.0
 11
46.697219999999994
 21
7.33298
 31
0.0
  0
LINE
  5
1478
330
17
100
AcDbEntity
  8
0
100
AcDbLine
 10
46.697219999999994
 20
7.33298
 30
0.0
 11
46.69484
 21
7.33745
 31
0.0
  0
LINE
  5
1479
330
17
100
AcDbEntity
  8
0
100
AcDbLine
 10
46.69484
 20
7.33745
 30
0.0
 11
46.691990000000004
 21
7.34163
 31
0.0
  0
LINE
  5
147A
330
17
100
AcDbEntity
  8
0
100
AcDbLine
 10
46.691990000000004
 20
7.34163
 30
0.0
 11
46.68871
 21
7.34549
 31
0.0
  0
LINE
  5
147B
330
17
100
AcDbEntity
  8
0
100
AcDbLine
 10
46.68871
 20
7.34549
 30
0.0
 11
46.68502
 21
7.34896
 31
0.0
  0
LINE
  5
147C
330
17
100
AcDbEntity
  8
0
100
AcDbLine
 10
46.68502
 20
7.34896
 30
0.0
 11
46.68098
 21
7.35201
 31
0.0
  0
LINE
  5
147D
330
17
100
AcDbEntity
  8
0
100
AcDbLine
 10
46.68098
 20
7.35201
 30
0.0
 11
46.67664
 21
7.35461
 31
0.0
  0
LINE
  5
147E
330
17
100
AcDbEntity
  8
0
100
AcDbLine
 10
46.67664
 20
7.35461
 30
0.0
 11
46.67203000000001
 21
7.35672
 31
0.0
  0
LINE
  5
147F
330
17
100
AcDbEntity
  8
0
100
AcDbLine
 10
46.67203000000001
 20
7.35672
 30
0.0
 11
46.667229999999996
 21
7.35832
 31
0.0
  0
LINE
  5
1480
330
17
100
AcDbEntity
  8
0
100
AcDbLine
 10
46.667229999999996
 20
7.35832
 30
0.0
 11
46.66228
 21
7.35939
 31
0.0
  0
LINE
  5
1481
330
17
100
AcDbEntity
  8
0
100
AcDbLine
 10
46.66228
 20
7.35939
 30
0.0
 11
46.41633
 21
7.39198
 31
0.0
  0
LINE
  5
1482
330
17
100
AcDbEntity
  8
0
100
AcDbLine
 10
46.41633
 20
7.39198
 30
0.0
 11
46.0888
 21
7.4148
 31
0.0
  0
LINE
  5
1483
330
17
100
AcDbEntity
  8
0
100
AcDbLine
 10
46.0888
 20
7.4148
 30
0.0
 11
45.66933
 21
7.422
 31
0.0
  0
LINE
  5
1484
330
17
100
AcDbEntity
  8
0
100
AcDbLine
 10
45.66933
 20
7.422
 30
0.0
 11
44.6371
 21
7.422
 31
0.0
  0
LINE
  5
1485
330
17
100
AcDbEntity
  8
0
100
AcDbLine
 10
44.6371
 20
7.422
 30
0.0
 11
44.6371
 21
8.56288
 31
0.0
  0
LINE
  5
1486
330
17
100
AcDbEntity
  8
0
100
AcDbLine
 10
44.6371
 20
8.56288
 30
0.0
 11
44.6371
 21
8.61721
 31
0.0
  0
LINE
  5
1487
330
17
100
AcDbEntity
  8
0
100
AcDbLine
 10
44.6371
 20
8.61721
 30
0.0
 11
45.73350000000001
 21
8.61721
 31
0.0
  0
LINE
  5
1488
330
17
100
AcDbEntity
  8
0
100
AcDbLine
 10
45.73350000000001
 20
8.61721
 30
0.0
 11
45.66149
 21
9.02466
 31
0.0
  0
LINE
  5
1489
330
17
100
AcDbEntity
  8
0
100
AcDbLine
 10
45.66149
 20
9.02466
 30
0.0
 11
45.56523
 21
9.47597
 31
0.0
  0
LINE
  5
148A
330
17
100
AcDbEntity
  8
0
100
AcDbLine
 10
45.56523
 20
9.47597
 30
0.0
 11
45.43746
 21
9.91937
 31
0.0
  0
LINE
  5
148B
330
17
100
AcDbEntity
  8
0
100
AcDbLine
 10
45.43746
 20
9.91937
 30
0.0
 11
45.27468
 21
10.36886
 31
0.0
  0
LINE
  5
148C
330
17
100
AcDbEntity
  8
0
100
AcDbLine
 10
45.27468
 20
10.36886
 30
0.0
 11
45.08377
 21
10.807129999999999
 31
0.0
  0
LINE
  5
148D
330
17
100
AcDbEntity
  8
0
100
AcDbLine
 10
45.08377
 20
10.807129999999999
 30
0.0
 11
44.86758
 21
11.228069999999999
 31
0.0
  0
LINE
  5
148E
330
17
100
AcDbEntity
  8
0
100
AcDbLine
 10
44.86758
 20
11.228069999999999
 30
0.0
 11
44.62494
 21
11.63433
 31
0.0
  0
LINE
  5
148F
330
17
100
AcDbEntity
  8
0
100
AcDbLine
 10
44.62494
 20
11.63433
 30
0.0
 11
44.41824
 21
11.931189999999999
 31
0.0
  0
LINE
  5
1490
330
17
100
AcDbEntity
  8
0
100
AcDbLine
 10
44.41824
 20
11.931189999999999
 30
0.0
 11
44.36939
 21
12.001349999999999
 31
0.0
  0
LINE
  5
1491
330
17
100
AcDbEntity
  8
0
100
AcDbLine
 10
44.36939
 20
12.001349999999999
 30
0.0
 11
44.086819999999996
 21
12.34799
 31
0.0
  0
LINE
  5
1492
330
17
100
AcDbEntity
  8
0
100
AcDbLine
 10
44.086819999999996
 20
12.34799
 30
0.0
 11
43.80288
 21
12.65205
 31
0.0
  0
LINE
  5
1493
330
17
100
AcDbEntity
  8
0
100
AcDbLine
 10
43.80288
 20
12.65205
 30
0.0
 11
43.76204
 21
12.69004
 31
0.0
  0
LINE
  5
1494
330
17
100
AcDbEntity
  8
0
100
AcDbLine
 10
43.76204
 20
12.69004
 30
0.0
 11
43.71823
 21
12.724549999999999
 31
0.0
  0
LINE
  5
1495
330
17
100
AcDbEntity
  8
0
100
AcDbLine
 10
43.71823
 20
12.724549999999999
 30
0.0
 11
43.67174
 21
12.75536
 31
0.0
  0
LINE
  5
1496
330
17
100
AcDbEntity
  8
0
100
AcDbLine
 10
43.67174
 20
12.75536
 30
0.0
 11
43.62288
 21
12.78226
 31
0.0
  0
LINE
  5
1497
330
17
100
AcDbEntity
  8
0
100
AcDbLine
 10
43.62288
 20
12.78226
 30
0.0
 11
43.57469
 21
12.80352
 31
0.0
  0
LINE
  5
1498
330
17
100
AcDbEntity
  8
0
100
AcDbLine
 10
43.57469
 20
12.80352
 30
0.0
 11
43.52473
 21
12.8202
 31
0.0
  0
LINE
  5
1499
330
17
100
AcDbEntity
  8
0
100
AcDbLine
 10
43.52473
 20
12.8202
 30
0.0
 11
43.47343
 21
12.832130000000001
 31
0.0
  0
LINE
  5
149A
330
17
100
AcDbEntity
  8
0
100
AcDbLine
 10
43.47343
 20
12.832130000000001
 30
0.0
 11
43.42124
 21
12.83923
 31
0.0
  0
LINE
  5
149B
330
17
100
AcDbEntity
  8
0
100
AcDbLine
 10
43.42124
 20
12.83923
 30
0.0
 11
43.06986
 21
12.85476
 31
0.0
  0
LINE
  5
149C
330
17
100
AcDbEntity
  8
0
100
AcDbLine
 10
43.06986
 20
12.85476
 30
0.0
 11
42.763830000000006
 21
12.869119999999999
 31
0.0
  0
LINE
  5
149D
330
17
100
AcDbEntity
  8
0
100
AcDbLine
 10
42.763830000000006
 20
12.869119999999999
 30
0.0
 11
42.648039999999995
 21
12.88608
 31
0.0
  0
LINE
  5
149E
330
17
100
AcDbEntity
  8
0
100
AcDbLine
 10
42.648039999999995
 20
12.88608
 30
0.0
 11
42.53461
 21
12.91488
 31
0.0
  0
LINE
  5
149F
330
17
100
AcDbEntity
  8
0
100
AcDbLine
 10
42.53461
 20
12.91488
 30
0.0
 11
42.464389999999995
 21
12.93952
 31
0.0
  0
LINE
  5
14A0
330
17
100
AcDbEntity
  8
0
100
AcDbLine
 10
42.464389999999995
 20
12.93952
 30
0.0
 11
42.3962
 21
12.969299999999999
 31
0.0
  0
LINE
  5
14A1
330
17
100
AcDbEntity
  8
0
100
AcDbLine
 10
42.3962
 20
12.969299999999999
 30
0.0
 11
42.33039
 21
13.00405
 31
0.0
  0
LINE
  5
14A2
330
17
100
AcDbEntity
  8
0
100
AcDbLine
 10
42.33039
 20
13.00405
 30
0.0
 11
42.24704
 21
13.055670000000001
 31
0.0
  0
LINE
  5
14A3
330
17
100
AcDbEntity
  8
0
100
AcDbLine
 10
42.24704
 20
13.055670000000001
 30
0.0
 11
42.215419999999995
 21
13.07526
 31
0.0
  0
LINE
  5
14A4
330
17
100
AcDbEntity
  8
0
100
AcDbLine
 10
42.215419999999995
 20
13.07526
 30
0.0
 11
42.105160000000005
 21
13.15357
 31
0.0
  0
LINE
  5
14A5
330
17
100
AcDbEntity
  8
0
100
AcDbLine
 10
42.105160000000005
 20
13.15357
 30
0.0
 11
41.954
 21
13.273959999999999
 31
0.0
  0
LINE
  5
14A6
330
17
100
AcDbEntity
  8
0
100
AcDbLine
 10
41.954
 20
13.273959999999999
 30
0.0
 11
41.825849999999996
 21
13.38853
 31
0.0
  0
LINE
  5
14A7
330
17
100
AcDbEntity
  8
0
100
AcDbLine
 10
41.825849999999996
 20
13.38853
 30
0.0
 11
41.72684
 21
13.48816
 31
0.0
  0
LINE
  5
14A8
330
17
100
AcDbEntity
  8
0
100
AcDbLine
 10
41.72684
 20
13.48816
 30
0.0
 11
41.72213
 21
13.49367
 31
0.0
  0
LINE
  5
14A9
330
17
100
AcDbEntity
  8
0
100
AcDbLine
 10
41.72213
 20
13.49367
 30
0.0
 11
41.71801
 21
13.49962
 31
0.0
  0
LINE
  5
14AA
330
17
100
AcDbEntity
  8
0
100
AcDbLine
 10
41.71801
 20
13.49962
 30
0.0
 11
41.71452
 21
13.505970000000001
 31
0.0
  0
LINE
  5
14AB
330
17
100
AcDbEntity
  8
0
100
AcDbLine
 10
41.71452
 20
13.505970000000001
 30
0.0
 11
41.71168
 21
13.51263
 31
0.0
  0
LINE
  5
14AC
330
17
100
AcDbEntity
  8
0
100
AcDbLine
 10
41.71168
 20
13.51263
 30
0.0
 11
41.70953
 21
13.51955
 31
0.0
  0
LINE
  5
14AD
330
17
100
AcDbEntity
  8
0
100
AcDbLine
 10
41.70953
 20
13.51955
 30
0.0
 11
41.708090000000006
 21
13.52665
 31
0.0
  0
LINE
  5
14AE
330
17
100
AcDbEntity
  8
0
100
AcDbLine
 10
41.708090000000006
 20
13.52665
 30
0.0
 11
41.70737
 21
13.53386
 31
0.0
  0
LINE
  5
14AF
330
17
100
AcDbEntity
  8
0
100
AcDbLine
 10
41.70737
 20
13.53386
 30
0.0
 11
41.70738
 21
13.53717
 31
0.0
  0
LINE
  5
14B0
330
17
100
AcDbEntity
  8
0
100
AcDbLine
 10
41.70738
 20
13.53717
 30
0.0
 11
41.70774
 21
13.54045
 31
0.0
  0
LINE
  5
14B1
330
17
100
AcDbEntity
  8
0
100
AcDbLine
 10
41.70774
 20
13.54045
 30
0.0
 11
41.708439999999996
 21
13.54368
 31
0.0
  0
LINE
  5
14B2
330
17
100
AcDbEntity
  8
0
100
AcDbLine
 10
41.708439999999996
 20
13.54368
 30
0.0
 11
41.709469999999996
 21
13.546819999999999
 31
0.0
  0
LINE
  5
14B3
330
17
100
AcDbEntity
  8
0
100
AcDbLine
 10
41.709469999999996
 20
13.546819999999999
 30
0.0
 11
41.710829999999994
 21
13.54984
 31
0.0
  0
LINE
  5
14B4
330
17
100
AcDbEntity
  8
0
100
AcDbLine
 10
41.710829999999994
 20
13.54984
 30
0.0
 11
41.712489999999995
 21
13.552700000000002
 31
0.0
  0
LINE
  5
14B5
330
17
100
AcDbEntity
  8
0
100
AcDbLine
 10
41.712489999999995
 20
13.552700000000002
 30
0.0
 11
41.714439999999996
 21
13.55536
 31
0.0
  0
LINE
  5
14B6
330
17
100
AcDbEntity
  8
0
100
AcDbLine
 10
41.714439999999996
 20
13.55536
 30
0.0
 11
41.71667
 21
13.55781
 31
0.0
  0
LINE
  5
14B7
330
17
100
AcDbEntity
  8
0
100
AcDbLine
 10
41.71667
 20
13.55781
 30
0.0
 11
41.71913
 21
13.560020000000002
 31
0.0
  0
LINE
  5
14B8
330
17
100
AcDbEntity
  8
0
100
AcDbLine
 10
41.71913
 20
13.560020000000002
 30
0.0
 11
41.72181
 21
13.56195
 31
0.0
  0
LINE
  5
14B9
330
17
100
AcDbEntity
  8
0
100
AcDbLine
 10
41.72181
 20
13.56195
 30
0.0
 11
41.72469
 21
13.56359
 31
0.0
  0
LINE
  5
14BA
330
17
100
AcDbEntity
  8
0
100
AcDbLine
 10
41.72469
 20
13.56359
 30
0.0
 11
41.72771
 21
13.564919999999999
 31
0.0
  0
LINE
  5
14BB
330
17
100
AcDbEntity
  8
0
100
AcDbLine
 10
6.72661
 20
8.65063
 30
0.0
 11
6.72852
 21
8.64965
 31
0.0
  0
LINE
  5
14BC
330
17
100
AcDbEntity
  8
0
100
AcDbLine
 10
6.72852
 20
8.64965
 30
0.0
 11
6.73052
 21
8.648859999999999
 31
0.0
  0
LINE
  5
14BD
330
17
100
AcDbEntity
  8
0
100
AcDbLine
 10
6.73052
 20
8.648859999999999
 30
0.0
 11
6.73259
 21
8.64829
 31
0.0
  0
LINE
  5
14BE
330
17
100
AcDbEntity
  8
0
100
AcDbLine
 10
6.73259
 20
8.64829
 30
0.0
 11
6.7347
 21
8.64794
 31
0.0
  0
LINE
  5
14BF
330
17
100
AcDbEntity
  8
0
100
AcDbLine
 10
6.7347
 20
8.64794
 30
0.0
 11
6.89195
 21
8.632259999999999
 31
0.0
  0
LINE
  5
14C0
330
17
100
AcDbEntity
  8
0
100
AcDbLine
 10
6.89195
 20
8.632259999999999
 30
0.0
 11
7.0848700000000004
 21
8.620890000000001
 31
0.0
  0
LINE
  5
14C1
330
17
100
AcDbEntity
  8
0
100
AcDbLine
 10
7.0848700000000004
 20
8.620890000000001
 30
0.0
 11
7.314010000000001
 21
8.61721
 31
0.0
  0
LINE
  5
14C2
330
17
100
AcDbEntity
  8
0
100
AcDbLine
 10
7.314010000000001
 20
8.61721
 30
0.0
 11
7.73055
 21
8.59614
 31
0.0
  0
LINE
  5
14C3
330
17
100
AcDbEntity
  8
0
100
AcDbLine
 10
7.73055
 20
8.59614
 30
0.0
 11
7.7537400000000005
 21
8.59253
 31
0.0
  0
LINE
  5
14C4
330
17
100
AcDbEntity
  8
0
100
AcDbLine
 10
7.7537400000000005
 20
8.59253
 30
0.0
 11
7.77642
 21
8.58648
 31
0.0
  0
LINE
  5
14C5
330
17
100
AcDbEntity
  8
0
100
AcDbLine
 10
7.77642
 20
8.58648
 30
0.0
 11
7.79833
 21
8.57806
 31
0.0
  0
LINE
  5
14C6
330
17
100
AcDbEntity
  8
0
100
AcDbLine
 10
7.79833
 20
8.57806
 30
0.0
 11
7.81922
 21
8.56735
 31
0.0
  0
LINE
  5
14C7
330
17
100
AcDbEntity
  8
0
100
AcDbLine
 10
7.81922
 20
8.56735
 30
0.0
 11
7.8260499999999995
 21
8.56288
 31
0.0
  0
LINE
  5
14C8
330
17
100
AcDbEntity
  8
0
100
AcDbLine
 10
7.8260499999999995
 20
8.56288
 30
0.0
 11
7.83885
 21
8.55449
 31
0.0
  0
LINE
  5
14C9
330
17
100
AcDbEntity
  8
0
100
AcDbLine
 10
7.83885
 20
8.55449
 30
0.0
 11
7.857009999999999
 21
8.53962
 31
0.0
  0
LINE
  5
14CA
330
17
100
AcDbEntity
  8
0
100
AcDbLine
 10
7.857009999999999
 20
8.53962
 30
0.0
 11
7.873480000000001
 21
8.5229
 31
0.0
  0
LINE
  5
14CB
330
17
100
AcDbEntity
  8
0
100
AcDbLine
 10
7.873480000000001
 20
8.5229
 30
0.0
 11
7.88809
 21
8.50452
 31
0.0
  0
LINE
  5
14CC
330
17
100
AcDbEntity
  8
0
100
AcDbLine
 10
7.88809
 20
8.50452
 30
0.0
 11
7.89872
 21
8.48775
 31
0.0
  0
LINE
  5
14CD
330
17
100
AcDbEntity
  8
0
100
AcDbLine
 10
7.89872
 20
8.48775
 30
0.0
 11
7.907509999999999
 21
8.469940000000001
 31
0.0
  0
LINE
  5
14CE
330
17
100
AcDbEntity
  8
0
100
AcDbLine
 10
7.907509999999999
 20
8.469940000000001
 30
0.0
 11
7.914350000000001
 21
8.4513
 31
0.0
  0
LINE
  5
14CF
330
17
100
AcDbEntity
  8
0
100
AcDbLine
 10
7.914350000000001
 20
8.4513
 30
0.0
 11
7.91916
 21
8.43203
 31
0.0
  0
LINE
  5
14D0
330
17
100
AcDbEntity
  8
0
100
AcDbLine
 10
7.91916
 20
8.43203
 30
0.0
 11
7.921889999999999
 21
8.412360000000001
 31
0.0
  0
LINE
  5
14D1
330
17
100
AcDbEntity
  8
0
100
AcDbLine
 10
7.921889999999999
 20
8.412360000000001
 30
0.0
 11
7.9225200000000005
 21
8.392510000000001
 31
0.0
  0
LINE
  5
14D2
330
17
100
AcDbEntity
  8
0
100
AcDbLine
 10
7.9225200000000005
 20
8.392510000000001
 30
0.0
 11
7.92102
 21
8.37271
 31
0.0
  0
LINE
  5
14D3
330
17
100
AcDbEntity
  8
0
100
AcDbLine
 10
7.92102
 20
8.37271
 30
0.0
 11
7.91742
 21
8.35318
 31
0.0
  0
LINE
  5
14D4
330
17
100
AcDbEntity
  8
0
100
AcDbLine
 10
7.91742
 20
8.35318
 30
0.0
 11
7.91176
 21
8.33414
 31
0.0
  0
LINE
  5
14D5
330
17
100
AcDbEntity
  8
0
100
AcDbLine
 10
7.91176
 20
8.33414
 30
0.0
 11
7.84265
 21
8.158199999999999
 31
0.0
  0
LINE
  5
14D6
330
17
100
AcDbEntity
  8
0
100
AcDbLine
 10
7.84265
 20
8.158199999999999
 30
0.0
 11
7.7624
 21
7.98704
 31
0.0
  0
LINE
  5
14D7
330
17
100
AcDbEntity
  8
0
100
AcDbLine
 10
7.7624
 20
7.98704
 30
0.0
 11
7.69975
 21
7.85686
 31
0.0
  0
LINE
  5
14D8
330
17
100
AcDbEntity
  8
0
100
AcDbLine
 10
7.69975
 20
7.85686
 30
0.0
 11
7.634860000000001
 21
7.708010000000001
 31
0.0
  0
LINE
  5
14D9
330
17
100
AcDbEntity
  8
0
100
AcDbLine
 10
7.634860000000001
 20
7.708010000000001
 30
0.0
 11
7.57722
 21
7.56368
 31
0.0
  0
LINE
  5
14DA
330
17
100
AcDbEntity
  8
0
100
AcDbLine
 10
7.57722
 20
7.56368
 30
0.0
 11
7.5377600000000005
 21
7.44916
 31
0.0
  0
LINE
  5
14DB
330
17
100
AcDbEntity
  8
0
100
AcDbLine
 10
7.5377600000000005
 20
7.44916
 30
0.0
 11
7.52545
 21
7.40311
 31
0.0
  0
LINE
  5
14DC
330
17
100
AcDbEntity
  8
0
100
AcDbLine
 10
7.52545
 20
7.40311
 30
0.0
 11
7.51668
 21
7.35625
 31
0.0
  0
LINE
  5
14DD
330
17
100
AcDbEntity
  8
0
100
AcDbLine
 10
7.51668
 20
7.35625
 30
0.0
 11
7.51148
 21
7.30886
 31
0.0
  0
LINE
  5
14DE
330
17
100
AcDbEntity
  8
0
100
AcDbLine
 10
7.51148
 20
7.30886
 30
0.0
 11
7.51133
 21
7.301539999999999
 31
0.0
  0
LINE
  5
14DF
330
17
100
AcDbEntity
  8
0
100
AcDbLine
 10
7.51133
 20
7.301539999999999
 30
0.0
 11
7.51192
 21
7.294239999999999
 31
0.0
  0
LINE
  5
14E0
330
17
100
AcDbEntity
  8
0
100
AcDbLine
 10
7.51192
 20
7.294239999999999
 30
0.0
 11
7.51324
 21
7.28703
 31
0.0
  0
LINE
  5
14E1
330
17
100
AcDbEntity
  8
0
100
AcDbLine
 10
7.51324
 20
7.28703
 30
0.0
 11
7.51529
 21
7.28
 31
0.0
  0
LINE
  5
14E2
330
17
100
AcDbEntity
  8
0
100
AcDbLine
 10
7.51529
 20
7.28
 30
0.0
 11
7.51803
 21
7.27321
 31
0.0
  0
LINE
  5
14E3
330
17
100
AcDbEntity
  8
0
100
AcDbLine
 10
7.51803
 20
7.27321
 30
0.0
 11
7.52144
 21
7.26673
 31
0.0
  0
LINE
  5
14E4
330
17
100
AcDbEntity
  8
0
100
AcDbLine
 10
7.52144
 20
7.26673
 30
0.0
 11
7.5255
 21
7.26063
 31
0.0
  0
LINE
  5
14E5
330
17
100
AcDbEntity
  8
0
100
AcDbLine
 10
7.5255
 20
7.26063
 30
0.0
 11
7.53014
 21
7.2549600000000005
 31
0.0
  0
LINE
  5
14E6
330
17
100
AcDbEntity
  8
0
100
AcDbLine
 10
7.53014
 20
7.2549600000000005
 30
0.0
 11
7.53534
 21
7.2498
 31
0.0
  0
LINE
  5
14E7
330
17
100
AcDbEntity
  8
0
100
AcDbLine
 10
7.53534
 20
7.2498
 30
0.0
 11
7.54102
 21
7.24519
 31
0.0
  0
LINE
  5
14E8
330
17
100
AcDbEntity
  8
0
100
AcDbLine
 10
7.54102
 20
7.24519
 30
0.0
 11
7.54715
 21
7.24117
 31
0.0
  0
LINE
  5
14E9
330
17
100
AcDbEntity
  8
0
100
AcDbLine
 10
7.54715
 20
7.24117
 30
0.0
 11
7.56691
 21
7.23087
 31
0.0
  0
LINE
  5
14EA
330
17
100
AcDbEntity
  8
0
100
AcDbLine
 10
7.56691
 20
7.23087
 30
0.0
 11
7.58759
 21
7.2225600000000005
 31
0.0
  0
LINE
  5
14EB
330
17
100
AcDbEntity
  8
0
100
AcDbLine
 10
7.58759
 20
7.2225600000000005
 30
0.0
 11
7.608980000000001
 21
7.21633
 31
0.0
  0
LINE
  5
14EC
330
17
100
AcDbEntity
  8
0
100
AcDbLine
 10
7.608980000000001
 20
7.21633
 30
0.0
 11
7.630890000000001
 21
7.21223
 31
0.0
  0
LINE
  5
14ED
330
17
100
AcDbEntity
  8
0
100
AcDbLine
 10
7.630890000000001
 20
7.21223
 30
0.0
 11
7.653090000000001
 21
7.21031
 31
0.0
  0
LINE
  5
14EE
330
17
100
AcDbEntity
  8
0
100
AcDbLine
 10
7.653090000000001
 20
7.21031
 30
0.0
 11
7.955210000000001
 21
7.204689999999999
 31
0.0
  0
LINE
  5
14EF
330
17
100
AcDbEntity
  8
0
100
AcDbLine
 10
7.955210000000001
 20
7.204689999999999
 30
0.0
 11
8.21011
 21
7.19839
 31
0.0
  0
LINE
  5
14F0
330
17
100
AcDbEntity
  8
0
100
AcDbLine
 10
8.21011
 20
7.19839
 30
0.0
 11
8.253129999999999
 21
7.19401
 31
0.0
  0
LINE
  5
14F1
330
17
100
AcDbEntity
  8
0
100
AcDbLine
 10
8.253129999999999
 20
7.19401
 30
0.0
 11
8.295459999999999
 21
7.18518
 31
0.0
  0
LINE
  5
14F2
330
17
100
AcDbEntity
  8
0
100
AcDbLine
 10
8.295459999999999
 20
7.18518
 30
0.0
 11
8.33664
 21
7.171989999999999
 31
0.0
  0
LINE
  5
14F3
330
17
100
AcDbEntity
  8
0
100
AcDbLine
 10
8.33664
 20
7.171989999999999
 30
0.0
 11
8.34421
 21
7.16869
 31
0.0
  0
LINE
  5
14F4
330
17
100
AcDbEntity
  8
0
100
AcDbLine
 10
8.34421
 20
7.16869
 30
0.0
 11
8.35143
 21
7.16467
 31
0.0
  0
LINE
  5
14F5
330
17
100
AcDbEntity
  8
0
100
AcDbLine
 10
8.35143
 20
7.16467
 30
0.0
 11
8.35822
 21
7.1599699999999995
 31
0.0
  0
LINE
  5
14F6
330
17
100
AcDbEntity
  8
0
100
AcDbLine
 10
8.35822
 20
7.1599699999999995
 30
0.0
 11
8.36453
 21
7.1546400000000006
 31
0.0
  0
LINE
  5
14F7
330
17
100
AcDbEntity
  8
0
100
AcDbLine
 10
8.36453
 20
7.1546400000000006
 30
0.0
 11
8.370280000000001
 21
7.14871
 31
0.0
  0
LINE
  5
14F8
330
17
100
AcDbEntity
  8
0
100
AcDbLine
 10
8.370280000000001
 20
7.14871
 30
0.0
 11
8.37544
 21
7.14226
 31
0.0
  0
LINE
  5
14F9
330
17
100
AcDbEntity
  8
0
100
AcDbLine
 10
8.37544
 20
7.14226
 30
0.0
 11
8.379940000000001
 21
7.13533
 31
0.0
  0
LINE
  5
14FA
330
17
100
AcDbEntity
  8
0
100
AcDbLine
 10
8.379940000000001
 20
7.13533
 30
0.0
 11
8.3818
 21
7.13175
 31
0.0
  0
LINE
  5
14FB
330
17
100
AcDbEntity
  8
0
100
AcDbLine
 10
8.3818
 20
7.13175
 30
0.0
 11
8.383750000000001
 21
7.12801
 31
0.0
  0
LINE
  5
14FC
330
17
100
AcDbEntity
  8
0
100
AcDbLine
 10
8.383750000000001
 20
7.12801
 30
0.0
 11
8.38683
 21
7.120340000000001
 31
0.0
  0
LINE
  5
14FD
330
17
100
AcDbEntity
  8
0
100
AcDbLine
 10
8.38683
 20
7.120340000000001
 30
0.0
 11
8.39003
 21
7.1093399999999995
 31
0.0
  0
LINE
  5
14FE
330
17
100
AcDbEntity
  8
0
100
AcDbLine
 10
8.39003
 20
7.1093399999999995
 30
0.0
 11
8.39212
 21
7.098059999999999
 31
0.0
  0
LINE
  5
14FF
330
17
100
AcDbEntity
  8
0
100
AcDbLine
 10
8.39212
 20
7.098059999999999
 30
0.0
 11
8.393080000000001
 21
7.08664
 31
0.0
  0
LINE
  5
1500
330
17
100
AcDbEntity
  8
0
100
AcDbLine
 10
8.393080000000001
 20
7.08664
 30
0.0
 11
8.39289
 21
7.0751800000000005
 31
0.0
  0
LINE
  5
1501
330
17
100
AcDbEntity
  8
0
100
AcDbLine
 10
8.39289
 20
7.0751800000000005
 30
0.0
 11
8.39156
 21
7.06379
 31
0.0
  0
LINE
  5
1502
330
17
100
AcDbEntity
  8
0
100
AcDbLine
 10
8.39156
 20
7.06379
 30
0.0
 11
8.38909
 21
7.0526
 31
0.0
  0
LINE
  5
1503
330
17
100
AcDbEntity
  8
0
100
AcDbLine
 10
8.38909
 20
7.0526
 30
0.0
 11
8.385530000000001
 21
7.041709999999999
 31
0.0
  0
LINE
  5
1504
330
17
100
AcDbEntity
  8
0
100
AcDbLine
 10
8.385530000000001
 20
7.041709999999999
 30
0.0
 11
8.3818
 21
7.03334
 31
0.0
  0
LINE
  5
1505
330
17
100
AcDbEntity
  8
0
100
AcDbLine
 10
8.3818
 20
7.03334
 30
0.0
 11
8.378969999999999
 21
7.0269900000000005
 31
0.0
  0
LINE
  5
1506
330
17
100
AcDbEntity
  8
0
100
AcDbLine
 10
8.378969999999999
 20
7.0269900000000005
 30
0.0
 11
8.370890000000001
 21
7.01304
 31
0.0
  0
LINE
  5
1507
330
17
100
AcDbEntity
  8
0
100
AcDbLine
 10
8.370890000000001
 20
7.01304
 30
0.0
 11
8.36138
 21
7.00003
 31
0.0
  0
LINE
  5
1508
330
17
100
AcDbEntity
  8
0
100
AcDbLine
 10
8.36138
 20
7.00003
 30
0.0
 11
8.35055
 21
6.988099999999999
 31
0.0
  0
LINE
  5
1509
330
17
100
AcDbEntity
  8
0
100
AcDbLine
 10
8.35055
 20
6.988099999999999
 30
0.0
 11
8.33852
 21
6.97738
 31
0.0
  0
LINE
  5
150A
330
17
100
AcDbEntity
  8
0
100
AcDbLine
 10
8.33852
 20
6.97738
 30
0.0
 11
8.32543
 21
6.96799
 31
0.0
  0
LINE
  5
150B
330
17
100
AcDbEntity
  8
0
100
AcDbLine
 10
8.32543
 20
6.96799
 30
0.0
 11
8.28934
 21
6.94736
 31
0.0
  0
LINE
  5
150C
330
17
100
AcDbEntity
  8
0
100
AcDbLine
 10
8.28934
 20
6.94736
 30
0.0
 11
8.25137
 21
6.93046
 31
0.0
  0
LINE
  5
150D
330
17
100
AcDbEntity
  8
0
100
AcDbLine
 10
8.25137
 20
6.93046
 30
0.0
 11
8.21189
 21
6.91744
 31
0.0
  0
LINE
  5
150E
330
17
100
AcDbEntity
  8
0
100
AcDbLine
 10
8.21189
 20
6.91744
 30
0.0
 11
8.12628
 21
6.89835
 31
0.0
  0
LINE
  5
150F
330
17
100
AcDbEntity
  8
0
100
AcDbLine
 10
8.12628
 20
6.89835
 30
0.0
 11
8.03921
 21
6.8877
 31
0.0
  0
LINE
  5
1510
330
17
100
AcDbEntity
  8
0
100
AcDbLine
 10
8.03921
 20
6.8877
 30
0.0
 11
7.79279
 21
6.8787199999999995
 31
0.0
  0
LINE
  5
1511
330
17
100
AcDbEntity
  8
0
100
AcDbLine
 10
7.79279
 20
6.8787199999999995
 30
0.0
 11
7.46812
 21
6.868329999999999
 31
0.0
  0
LINE
  5
1512
330
17
100
AcDbEntity
  8
0
100
AcDbLine
 10
7.46812
 20
6.868329999999999
 30
0.0
 11
7.436380000000001
 21
6.86489
 31
0.0
  0
LINE
  5
1513
330
17
100
AcDbEntity
  8
0
100
AcDbLine
 10
7.436380000000001
 20
6.86489
 30
0.0
 11
7.405069999999999
 21
6.85867
 31
0.0
  0
LINE
  5
1514
330
17
100
AcDbEntity
  8
0
100
AcDbLine
 10
7.405069999999999
 20
6.85867
 30
0.0
 11
7.37443
 21
6.8497200000000005
 31
0.0
  0
LINE
  5
1515
330
17
100
AcDbEntity
  8
0
100
AcDbLine
 10
7.37443
 20
6.8497200000000005
 30
0.0
 11
7.34469
 21
6.8381099999999995
 31
0.0
  0
LINE
  5
1516
330
17
100
AcDbEntity
  8
0
100
AcDbLine
 10
7.34469
 20
6.8381099999999995
 30
0.0
 11
7.31609
 21
6.82393
 31
0.0
  0
LINE
  5
1517
330
17
100
AcDbEntity
  8
0
100
AcDbLine
 10
7.31609
 20
6.82393
 30
0.0
 11
7.29542
 21
6.811260000000001
 31
0.0
  0
LINE
  5
1518
330
17
100
AcDbEntity
  8
0
100
AcDbLine
 10
7.29542
 20
6.811260000000001
 30
0.0
 11
7.276000000000001
 21
6.79674
 31
0.0
  0
LINE
  5
1519
330
17
100
AcDbEntity
  8
0
100
AcDbLine
 10
7.276000000000001
 20
6.79674
 30
0.0
 11
7.25798
 21
6.78051
 31
0.0
  0
LINE
  5
151A
330
17
100
AcDbEntity
  8
0
100
AcDbLine
 10
7.25798
 20
6.78051
 30
0.0
 11
7.24153
 21
6.7627
 31
0.0
  0
LINE
  5
151B
330
17
100
AcDbEntity
  8
0
100
AcDbLine
 10
7.24153
 20
6.7627
 30
0.0
 11
7.226780000000001
 21
6.74345
 31
0.0
  0
LINE
  5
151C
330
17
100
AcDbEntity
  8
0
100
AcDbLine
 10
7.226780000000001
 20
6.74345
 30
0.0
 11
7.21385
 21
6.72294
 31
0.0
  0
LINE
  5
151D
330
17
100
AcDbEntity
  8
0
100
AcDbLine
 10
7.21385
 20
6.72294
 30
0.0
 11
7.155390000000001
 21
6.6123400000000006
 31
0.0
  0
LINE
  5
151E
330
17
100
AcDbEntity
  8
0
100
AcDbLine
 10
7.155390000000001
 20
6.6123400000000006
 30
0.0
 11
7.1037
 21
6.49843
 31
0.0
  0
LINE
  5
151F
330
17
100
AcDbEntity
  8
0
100
AcDbLine
 10
7.1037
 20
6.49843
 30
0.0
 11
6.9448
 21
6.11814
 31
0.0
  0
LINE
  5
1520
330
17
100
AcDbEntity
  8
0
100
AcDbLine
 10
6.9448
 20
6.11814
 30
0.0
 11
6.19611
 21
6.11814
 31
0.0
  0
LINE
  5
1521
330
17
100
AcDbEntity
  8
0
100
AcDbLine
 10
6.19611
 20
6.11814
 30
0.0
 11
5.7424599999999995
 21
6.12551
 31
0.0
  0
LINE
  5
1522
330
17
100
AcDbEntity
  8
0
100
AcDbLine
 10
5.7424599999999995
 20
6.12551
 30
0.0
 11
5.67449
 21
6.13084
 31
0.0
  0
LINE
  5
1523
330
17
100
AcDbEntity
  8
0
100
AcDbLine
 10
5.67449
 20
6.13084
 30
0.0
 11
5.60729
 21
6.14234
 31
0.0
  0
LINE
  5
1524
330
17
100
AcDbEntity
  8
0
100
AcDbLine
 10
5.60729
 20
6.14234
 30
0.0
 11
5.54141
 21
6.1599200000000005
 31
0.0
  0
LINE
  5
1525
330
17
100
AcDbEntity
  8
0
100
AcDbLine
 10
5.54141
 20
6.1599200000000005
 30
0.0
 11
5.5184500000000005
 21
6.168360000000001
 31
0.0
  0
LINE
  5
1526
330
17
100
AcDbEntity
  8
0
100
AcDbLine
 10
5.5184500000000005
 20
6.168360000000001
 30
0.0
 11
5.496370000000001
 21
6.1789000000000005
 31
0.0
  0
LINE
  5
1527
330
17
100
AcDbEntity
  8
0
100
AcDbLine
 10
5.496370000000001
 20
6.1789000000000005
 30
0.0
 11
5.475350000000001
 21
6.191420000000001
 31
0.0
  0
LINE
  5
1528
330
17
100
AcDbEntity
  8
0
100
AcDbLine
 10
5.475350000000001
 20
6.191420000000001
 30
0.0
 11
5.455579999999999
 21
6.205839999999999
 31
0.0
  0
LINE
  5
1529
330
17
100
AcDbEntity
  8
0
100
AcDbLine
 10
5.455579999999999
 20
6.205839999999999
 30
0.0
 11
5.437220000000001
 21
6.22201
 31
0.0
  0
LINE
  5
152A
330
17
100
AcDbEntity
  8
0
100
AcDbLine
 10
5.437220000000001
 20
6.22201
 30
0.0
 11
5.42044
 21
6.23981
 31
0.0
  0
LINE
  5
152B
330
17
100
AcDbEntity
  8
0
100
AcDbLine
 10
5.42044
 20
6.23981
 30
0.0
 11
5.38258
 21
6.28831
 31
0.0
  0
LINE
  5
152C
330
17
100
AcDbEntity
  8
0
100
AcDbLine
 10
5.38258
 20
6.28831
 30
0.0
 11
5.3494399999999995
 21
6.34016
 31
0.0
  0
LINE
  5
152D
330
17
100
AcDbEntity
  8
0
100
AcDbLine
 10
5.3494399999999995
 20
6.34016
 30
0.0
 11
5.32133
 21
6.39489
 31
0.0
  0
LINE
  5
152E
330
17
100
AcDbEntity
  8
0
100
AcDbLine
 10
5.32133
 20
6.39489
 30
0.0
 11
5.21223
 21
6.66775
 31
0.0
  0
LINE
  5
152F
330
17
100
AcDbEntity
  8
0
100
AcDbLine
 10
5.21223
 20
6.66775
 30
0.0
 11
5.20768
 21
6.68344
 31
0.0
  0
LINE
  5
1530
330
17
100
AcDbEntity
  8
0
100
AcDbLine
 10
5.20768
 20
6.68344
 30
0.0
 11
5.20475
 21
6.69952
 31
0.0
  0
LINE
  5
1531
330
17
100
AcDbEntity
  8
0
100
AcDbLine
 10
5.20475
 20
6.69952
 30
0.0
 11
5.20348
 21
6.71581
 31
0.0
  0
LINE
  5
1532
330
17
100
AcDbEntity
  8
0
100
AcDbLine
 10
5.20348
 20
6.71581
 30
0.0
 11
5.20387
 21
6.73214
 31
0.0
  0
LINE
  5
1533
330
17
100
AcDbEntity
  8
0
100
AcDbLine
 10
5.20387
 20
6.73214
 30
0.0
 11
5.20593
 21
6.74835
 31
0.0
  0
LINE
  5
1534
330
17
100
AcDbEntity
  8
0
100
AcDbLine
 10
5.20593
 20
6.74835
 30
0.0
 11
5.20963
 21
6.76427
 31
0.0
  0
LINE
  5
1535
330
17
100
AcDbEntity
  8
0
100
AcDbLine
 10
5.20963
 20
6.76427
 30
0.0
 11
5.21494
 21
6.77972
 31
0.0
  0
LINE
  5
1536
330
17
100
AcDbEntity
  8
0
100
AcDbLine
 10
5.21494
 20
6.77972
 30
0.0
 11
5.2217899999999995
 21
6.79456
 31
0.0
  0
LINE
  5
1537
330
17
100
AcDbEntity
  8
0
100
AcDbLine
 10
5.2217899999999995
 20
6.79456
 30
0.0
 11
5.228759999999999
 21
6.80627
 31
0.0
  0
LINE
  5
1538
330
17
100
AcDbEntity
  8
0
100
AcDbLine
 10
5.228759999999999
 20
6.80627
 30
0.0
 11
5.23693
 21
6.81717
 31
0.0
  0
LINE
  5
1539
330
17
100
AcDbEntity
  8
0
100
AcDbLine
 10
5.23693
 20
6.81717
 30
0.0
 11
5.2462100000000005
 21
6.82714
 31
0.0
  0
LINE
  5
153A
330
17
100
AcDbEntity
  8
0
100
AcDbLine
 10
5.2462100000000005
 20
6.82714
 30
0.0
 11
5.2565
 21
6.836069999999999
 31
0.0
  0
LINE
  5
153B
330
17
100
AcDbEntity
  8
0
100
AcDbLine
 10
5.2565
 20
6.836069999999999
 30
0.0
 11
5.26768
 21
6.843850000000001
 31
0.0
  0
LINE
  5
153C
330
17
100
AcDbEntity
  8
0
100
AcDbLine
 10
5.26768
 20
6.843850000000001
 30
0.0
 11
5.2796199999999995
 21
6.85041
 31
0.0
  0
LINE
  5
153D
330
17
100
AcDbEntity
  8
0
100
AcDbLine
 10
5.2796199999999995
 20
6.85041
 30
0.0
 11
5.29219
 21
6.85566
 31
0.0
  0
LINE
  5
153E
330
17
100
AcDbEntity
  8
0
100
AcDbLine
 10
5.29219
 20
6.85566
 30
0.0
 11
5.30525
 21
6.85955
 31
0.0
  0
LINE
  5
153F
330
17
100
AcDbEntity
  8
0
100
AcDbLine
 10
5.30525
 20
6.85955
 30
0.0
 11
5.31864
 21
6.86203
 31
0.0
  0
LINE
  5
1540
330
17
100
AcDbEntity
  8
0
100
AcDbLine
 10
5.31864
 20
6.86203
 30
0.0
 11
5.44681
 21
6.8745400000000005
 31
0.0
  0
LINE
  5
1541
330
17
100
AcDbEntity
  8
0
100
AcDbLine
 10
5.44681
 20
6.8745400000000005
 30
0.0
 11
5.5755300000000005
 21
6.8787199999999995
 31
0.0
  0
LINE
  5
1542
330
17
100
AcDbEntity
  8
0
100
AcDbLine
 10
5.5755300000000005
 20
6.8787199999999995
 30
0.0
 11
5.74981
 21
6.88762
 31
0.0
  0
LINE
  5
1543
330
17
100
AcDbEntity
  8
0
100
AcDbLine
 10
5.74981
 20
6.88762
 30
0.0
 11
5.78924
 21
6.89368
 31
0.0
  0
LINE
  5
1544
330
17
100
AcDbEntity
  8
0
100
AcDbLine
 10
5.78924
 20
6.89368
 30
0.0
 11
5.827859999999999
 21
6.90368
 31
0.0
  0
LINE
  5
1545
330
17
100
AcDbEntity
  8
0
100
AcDbLine
 10
5.827859999999999
 20
6.90368
 30
0.0
 11
5.86527
 21
6.91753
 31
0.0
  0
LINE
  5
1546
330
17
100
AcDbEntity
  8
0
100
AcDbLine
 10
5.86527
 20
6.91753
 30
0.0
 11
5.88045
 21
6.92498
 31
0.0
  0
LINE
  5
1547
330
17
100
AcDbEntity
  8
0
100
AcDbLine
 10
5.88045
 20
6.92498
 30
0.0
 11
5.8947899999999995
 21
6.93395
 31
0.0
  0
LINE
  5
1548
330
17
100
AcDbEntity
  8
0
100
AcDbLine
 10
5.8947899999999995
 20
6.93395
 30
0.0
 11
5.90813
 21
6.94435
 31
0.0
  0
LINE
  5
1549
330
17
100
AcDbEntity
  8
0
100
AcDbLine
 10
5.90813
 20
6.94435
 30
0.0
 11
5.920319999999999
 21
6.95606
 31
0.0
  0
LINE
  5
154A
330
17
100
AcDbEntity
  8
0
100
AcDbLine
 10
5.920319999999999
 20
6.95606
 30
0.0
 11
5.9312499999999995
 21
6.96897
 31
0.0
  0
LINE
  5
154B
330
17
100
AcDbEntity
  8
0
100
AcDbLine
 10
5.9312499999999995
 20
6.96897
 30
0.0
 11
5.9385699999999995
 21
6.97973
 31
0.0
  0
LINE
  5
154C
330
17
100
AcDbEntity
  8
0
100
AcDbLine
 10
5.9385699999999995
 20
6.97973
 30
0.0
 11
5.94468
 21
6.99123
 31
0.0
  0
LINE
  5
154D
330
17
100
AcDbEntity
  8
0
100
AcDbLine
 10
5.94468
 20
6.99123
 30
0.0
 11
5.94951
 21
7.00332
 31
0.0
  0
LINE
  5
154E
330
17
100
AcDbEntity
  8
0
100
AcDbLine
 10
5.94951
 20
7.00332
 30
0.0
 11
5.953
 21
7.01586
 31
0.0
  0
LINE
  5
154F
330
17
100
AcDbEntity
  8
0
100
AcDbLine
 10
5.953
 20
7.01586
 30
0.0
 11
5.9551099999999995
 21
7.028709999999999
 31
0.0
  0
LINE
  5
1550
330
17
100
AcDbEntity
  8
0
100
AcDbLine
 10
5.9551099999999995
 20
7.028709999999999
 30
0.0
 11
5.95582
 21
7.041709999999999
 31
0.0
  0
LINE
  5
1551
330
17
100
AcDbEntity
  8
0
100
AcDbLine
 10
5.95582
 20
7.041709999999999
 30
0.0
 11
5.9553
 21
7.05185
 31
0.0
  0
LINE
  5
1552
330
17
100
AcDbEntity
  8
0
100
AcDbLine
 10
5.9553
 20
7.05185
 30
0.0
 11
5.95377
 21
7.06189
 31
0.0
  0
LINE
  5
1553
330
17
100
AcDbEntity
  8
0
100
AcDbLine
 10
5.95377
 20
7.06189
 30
0.0
 11
5.95122
 21
7.07172
 31
0.0
  0
LINE
  5
1554
330
17
100
AcDbEntity
  8
0
100
AcDbLine
 10
5.95122
 20
7.07172
 30
0.0
 11
5.947690000000001
 21
7.08125
 31
0.0
  0
LINE
  5
1555
330
17
100
AcDbEntity
  8
0
100
AcDbLine
 10
5.947690000000001
 20
7.08125
 30
0.0
 11
5.94322
 21
7.09037
 31
0.0
  0
LINE
  5
1556
330
17
100
AcDbEntity
  8
0
100
AcDbLine
 10
5.94322
 20
7.09037
 30
0.0
 11
5.93785
 21
7.098990000000001
 31
0.0
  0
LINE
  5
1557
330
17
100
AcDbEntity
  8
0
100
AcDbLine
 10
5.93785
 20
7.098990000000001
 30
0.0
 11
5.93163
 21
7.10702
 31
0.0
  0
LINE
  5
1558
330
17
100
AcDbEntity
  8
0
100
AcDbLine
 10
5.93163
 20
7.10702
 30
0.0
 11
5.92464
 21
7.11438
 31
0.0
  0
LINE
  5
1559
330
17
100
AcDbEntity
  8
0
100
AcDbLine
 10
5.92464
 20
7.11438
 30
0.0
 11
5.91693
 21
7.1209999999999996
 31
0.0
  0
LINE
  5
155A
330
17
100
AcDbEntity
  8
0
100
AcDbLine
 10
5.91693
 20
7.1209999999999996
 30
0.0
 11
5.8926300000000005
 21
7.13779
 31
0.0
  0
LINE
  5
155B
330
17
100
AcDbEntity
  8
0
100
AcDbLine
 10
5.8926300000000005
 20
7.13779
 30
0.0
 11
5.86666
 21
7.151870000000001
 31
0.0
  0
LINE
  5
155C
330
17
100
AcDbEntity
  8
0
100
AcDbLine
 10
5.86666
 20
7.151870000000001
 30
0.0
 11
5.83933
 21
7.163069999999999
 31
0.0
  0
LINE
  5
155D
330
17
100
AcDbEntity
  8
0
100
AcDbLine
 10
5.83933
 20
7.163069999999999
 30
0.0
 11
5.81095
 21
7.171259999999999
 31
0.0
  0
LINE
  5
155E
330
17
100
AcDbEntity
  8
0
100
AcDbLine
 10
5.81095
 20
7.171259999999999
 30
0.0
 11
5.7114899999999995
 21
7.1893
 31
0.0
  0
LINE
  5
155F
330
17
100
AcDbEntity
  8
0
100
AcDbLine
 10
5.7114899999999995
 20
7.1893
 30
0.0
 11
5.6107700000000005
 21
7.1978800000000005
 31
0.0
  0
LINE
  5
1560
330
17
100
AcDbEntity
  8
0
100
AcDbLine
 10
5.6107700000000005
 20
7.1978800000000005
 30
0.0
 11
5.249560000000001
 21
7.204689999999999
 31
0.0
  0
LINE
  5
1561
330
17
100
AcDbEntity
  8
0
100
AcDbLine
 10
5.249560000000001
 20
7.204689999999999
 30
0.0
 11
4.88835
 21
7.1978800000000005
 31
0.0
  0
LINE
  5
1562
330
17
100
AcDbEntity
  8
0
100
AcDbLine
 10
4.88835
 20
7.1978800000000005
 30
0.0
 11
4.78763
 21
7.1893
 31
0.0
  0
LINE
  5
1563
330
17
100
AcDbEntity
  8
0
100
AcDbLine
 10
4.78763
 20
7.1893
 30
0.0
 11
4.68817
 21
7.171259999999999
 31
0.0
  0
LINE
  5
1564
330
17
100
AcDbEntity
  8
0
100
AcDbLine
 10
4.68817
 20
7.171259999999999
 30
0.0
 11
4.659789999999999
 21
7.163069999999999
 31
0.0
  0
LINE
  5
1565
330
17
100
AcDbEntity
  8
0
100
AcDbLine
 10
4.659789999999999
 20
7.163069999999999
 30
0.0
 11
4.63246
 21
7.151870000000001
 31
0.0
  0
LINE
  5
1566
330
17
100
AcDbEntity
  8
0
100
AcDbLine
 10
4.63246
 20
7.151870000000001
 30
0.0
 11
4.60649
 21
7.13779
 31
0.0
  0
LINE
  5
1567
330
17
100
AcDbEntity
  8
0
100
AcDbLine
 10
4.60649
 20
7.13779
 30
0.0
 11
4.58219
 21
7.1209999999999996
 31
0.0
  0
LINE
  5
1568
330
17
100
AcDbEntity
  8
0
100
AcDbLine
 10
4.58219
 20
7.1209999999999996
 30
0.0
 11
4.574479999999999
 21
7.11438
 31
0.0
  0
LINE
  5
1569
330
17
100
AcDbEntity
  8
0
100
AcDbLine
 10
4.574479999999999
 20
7.11438
 30
0.0
 11
4.567489999999999
 21
7.10702
 31
0.0
  0
LINE
  5
156A
330
17
100
AcDbEntity
  8
0
100
AcDbLine
 10
4.567489999999999
 20
7.10702
 30
0.0
 11
4.56127
 21
7.098990000000001
 31
0.0
  0
LINE
  5
156B
330
17
100
AcDbEntity
  8
0
100
AcDbLine
 10
4.56127
 20
7.098990000000001
 30
0.0
 11
4.5559
 21
7.09037
 31
0.0
  0
LINE
  5
156C
330
17
100
AcDbEntity
  8
0
100
AcDbLine
 10
4.5559
 20
7.09037
 30
0.0
 11
4.551419999999999
 21
7.08125
 31
0.0
  0
LINE
  5
156D
330
17
100
AcDbEntity
  8
0
100
AcDbLine
 10
4.551419999999999
 20
7.08125
 30
0.0
 11
4.547899999999999
 21
7.07172
 31
0.0
  0
LINE
  5
156E
330
17
100
AcDbEntity
  8
0
100
AcDbLine
 10
4.547899999999999
 20
7.07172
 30
0.0
 11
4.54535
 21
7.06189
 31
0.0
  0
LINE
  5
156F
330
17
100
AcDbEntity
  8
0
100
AcDbLine
 10
4.54535
 20
7.06189
 30
0.0
 11
4.54381
 21
7.05185
 31
0.0
  0
LINE
  5
1570
330
17
100
AcDbEntity
  8
0
100
AcDbLine
 10
4.54381
 20
7.05185
 30
0.0
 11
4.5433
 21
7.041709999999999
 31
0.0
  0
LINE
  5
1571
330
17
100
AcDbEntity
  8
0
100
AcDbLine
 10
4.5433
 20
7.041709999999999
 30
0.0
 11
4.542619999999999
 21
7.02863
 31
0.0
  0
LINE
  5
1572
330
17
100
AcDbEntity
  8
0
100
AcDbLine
 10
4.542619999999999
 20
7.02863
 30
0.0
 11
4.54059
 21
7.0157099999999994
 31
0.0
  0
LINE
  5
1573
330
17
100
AcDbEntity
  8
0
100
AcDbLine
 10
4.54059
 20
7.0157099999999994
 30
0.0
 11
4.53722
 21
7.0030600000000005
 31
0.0
  0
LINE
  5
1574
330
17
100
AcDbEntity
  8
0
100
AcDbLine
 10
4.53722
 20
7.0030600000000005
 30
0.0
 11
4.53256
 21
6.99083
 31
0.0
  0
LINE
  5
1575
330
17
100
AcDbEntity
  8
0
100
AcDbLine
 10
4.53256
 20
6.99083
 30
0.0
 11
4.52665
 21
6.97915
 31
0.0
  0
LINE
  5
1576
330
17
100
AcDbEntity
  8
0
100
AcDbLine
 10
4.52665
 20
6.97915
 30
0.0
 11
4.51705
 21
6.9642
 31
0.0
  0
LINE
  5
1577
330
17
100
AcDbEntity
  8
0
100
AcDbLine
 10
4.51705
 20
6.9642
 30
0.0
 11
4.50599
 21
6.9503200000000005
 31
0.0
  0
LINE
  5
1578
330
17
100
AcDbEntity
  8
0
100
AcDbLine
 10
4.50599
 20
6.9503200000000005
 30
0.0
 11
4.4935599999999996
 21
6.93762
 31
0.0
  0
LINE
  5
1579
330
17
100
AcDbEntity
  8
0
100
AcDbLine
 10
4.4935599999999996
 20
6.93762
 30
0.0
 11
4.47992
 21
6.92626
 31
0.0
  0
LINE
  5
157A
330
17
100
AcDbEntity
  8
0
100
AcDbLine
 10
4.47992
 20
6.92626
 30
0.0
 11
4.46358
 21
6.91511
 31
0.0
  0
LINE
  5
157B
330
17
100
AcDbEntity
  8
0
100
AcDbLine
 10
4.46358
 20
6.91511
 30
0.0
 11
4.44633
 21
6.90544
 31
0.0
  0
LINE
  5
157C
330
17
100
AcDbEntity
  8
0
100
AcDbLine
 10
4.44633
 20
6.90544
 30
0.0
 11
4.42828
 21
6.89734
 31
0.0
  0
LINE
  5
157D
330
17
100
AcDbEntity
  8
0
100
AcDbLine
 10
4.42828
 20
6.89734
 30
0.0
 11
4.40959
 21
6.89088
 31
0.0
  0
LINE
  5
157E
330
17
100
AcDbEntity
  8
0
100
AcDbLine
 10
4.40959
 20
6.89088
 30
0.0
 11
4.382160000000001
 21
6.88415
 31
0.0
  0
LINE
  5
157F
330
17
100
AcDbEntity
  8
0
100
AcDbLine
 10
4.382160000000001
 20
6.88415
 30
0.0
 11
4.3542
 21
6.88008
 31
0.0
  0
LINE
  5
1580
330
17
100
AcDbEntity
  8
0
100
AcDbLine
 10
4.3542
 20
6.88008
 30
0.0
 11
4.32599
 21
6.8787199999999995
 31
0.0
  0
LINE
  5
1581
330
17
100
AcDbEntity
  8
0
100
AcDbLine
 10
4.32599
 20
6.8787199999999995
 30
0.0
 11
4.30556
 21
6.87969
 31
0.0
  0
LINE
  5
1582
330
17
100
AcDbEntity
  8
0
100
AcDbLine
 10
4.30556
 20
6.87969
 30
0.0
 11
4.28531
 21
6.88257
 31
0.0
  0
LINE
  5
1583
330
17
100
AcDbEntity
  8
0
100
AcDbLine
 10
4.28531
 20
6.88257
 30
0.0
 11
4.26542
 21
6.8873500000000005
 31
0.0
  0
LINE
  5
1584
330
17
100
AcDbEntity
  8
0
100
AcDbLine
 10
4.26542
 20
6.8873500000000005
 30
0.0
 11
4.2460700000000005
 21
6.89398
 31
0.0
  0
LINE
  5
1585
330
17
100
AcDbEntity
  8
0
100
AcDbLine
 10
4.2460700000000005
 20
6.89398
 30
0.0
 11
4.22743
 21
6.9024
 31
0.0
  0
LINE
  5
1586
330
17
100
AcDbEntity
  8
0
100
AcDbLine
 10
4.22743
 20
6.9024
 30
0.0
 11
4.2096599999999995
 21
6.91254
 31
0.0
  0
LINE
  5
1587
330
17
100
AcDbEntity
  8
0
100
AcDbLine
 10
4.2096599999999995
 20
6.91254
 30
0.0
 11
4.19653
 21
6.92187
 31
0.0
  0
LINE
  5
1588
330
17
100
AcDbEntity
  8
0
100
AcDbLine
 10
4.19653
 20
6.92187
 30
0.0
 11
4.18443
 21
6.932510000000001
 31
0.0
  0
LINE
  5
1589
330
17
100
AcDbEntity
  8
0
100
AcDbLine
 10
4.18443
 20
6.932510000000001
 30
0.0
 11
4.1735
 21
6.94435
 31
0.0
  0
LINE
  5
158A
330
17
100
AcDbEntity
  8
0
100
AcDbLine
 10
4.1735
 20
6.94435
 30
0.0
 11
4.163860000000001
 21
6.95726
 31
0.0
  0
LINE
  5
158B
330
17
100
AcDbEntity
  8
0
100
AcDbLine
 10
4.163860000000001
 20
6.95726
 30
0.0
 11
4.1556
 21
6.9711
 31
0.0
  0
LINE
  5
158C
330
17
100
AcDbEntity
  8
0
100
AcDbLine
 10
4.1556
 20
6.9711
 30
0.0
 11
4.14883
 21
6.98572
 31
0.0
  0
LINE
  5
158D
330
17
100
AcDbEntity
  8
0
100
AcDbLine
 10
4.14883
 20
6.98572
 30
0.0
 11
4.1436
 21
7.00096
 31
0.0
  0
LINE
  5
158E
330
17
100
AcDbEntity
  8
0
100
AcDbLine
 10
4.1436
 20
7.00096
 30
0.0
 11
4.12865
 21
7.06306
 31
0.0
  0
LINE
  5
158F
330
17
100
AcDbEntity
  8
0
100
AcDbLine
 10
4.12865
 20
7.06306
 30
0.0
 11
4.1189599999999995
 21
7.1262
 31
0.0
  0
LINE
  5
1590
330
17
100
AcDbEntity
  8
0
100
AcDbLine
 10
4.1189599999999995
 20
7.1262
 30
0.0
 11
4.1146
 21
7.1899299999999995
 31
0.0
  0
LINE
  5
1591
330
17
100
AcDbEntity
  8
0
100
AcDbLine
 10
4.1146
 20
7.1899299999999995
 30
0.0
 11
4.10868
 21
7.63931
 31
0.0
  0
LINE
  5
1592
330
17
100
AcDbEntity
  8
0
100
AcDbLine
 10
4.10868
 20
7.63931
 30
0.0
 11
4.10868
 21
8.3999
 31
0.0
  0
LINE
  5
1593
330
17
100
AcDbEntity
  8
0
100
AcDbLine
 10
4.10868
 20
8.3999
 30
0.0
 11
4.860180000000001
 21
8.3999
 31
0.0
  0
LINE
  5
1594
330
17
100
AcDbEntity
  8
0
100
AcDbLine
 10
4.860180000000001
 20
8.3999
 30
0.0
 11
4.78705
 21
8.56288
 31
0.0
  0
LINE
  5
1595
330
17
100
AcDbEntity
  8
0
100
AcDbLine
 10
4.78705
 20
8.56288
 30
0.0
 11
4.53876
 21
9.11628
 31
0.0
  0
LINE
  5
1596
330
17
100
AcDbEntity
  8
0
100
AcDbLine
 10
4.53876
 20
9.11628
 30
0.0
 11
4.41556
 21
9.39405
 31
0.0
  0
LINE
  5
1597
330
17
100
AcDbEntity
  8
0
100
AcDbLine
 10
4.41556
 20
9.39405
 30
0.0
 11
4.31175
 21
9.63522
 31
0.0
  0
LINE
  5
1598
330
17
100
AcDbEntity
  8
0
100
AcDbLine
 10
4.31175
 20
9.63522
 30
0.0
 11
4.223809999999999
 21
9.844570000000001
 31
0.0
  0
LINE
  5
1599
330
17
100
AcDbEntity
  8
0
100
AcDbLine
 10
4.223809999999999
 20
9.844570000000001
 30
0.0
 11
4.221
 21
9.852369999999999
 31
0.0
  0
LINE
  5
159A
330
17
100
AcDbEntity
  8
0
100
AcDbLine
 10
4.221
 20
9.852369999999999
 30
0.0
 11
4.21897
 21
9.8604
 31
0.0
  0
LINE
  5
159B
330
17
100
AcDbEntity
  8
0
100
AcDbLine
 10
4.21897
 20
9.8604
 30
0.0
 11
4.21774
 21
9.8686
 31
0.0
  0
LINE
  5
159C
330
17
100
AcDbEntity
  8
0
100
AcDbLine
 10
4.21774
 20
9.8686
 30
0.0
 11
4.2173300000000005
 21
9.87687
 31
0.0
  0
LINE
  5
159D
330
17
100
AcDbEntity
  8
0
100
AcDbLine
 10
4.2173300000000005
 20
9.87687
 30
0.0
 11
4.21744
 21
9.87878
 31
0.0
  0
LINE
  5
159E
330
17
100
AcDbEntity
  8
0
100
AcDbLine
 10
4.21744
 20
9.87878
 30
0.0
 11
4.2177500000000006
 21
9.880669999999999
 31
0.0
  0
LINE
  5
159F
330
17
100
AcDbEntity
  8
0
100
AcDbLine
 10
4.2177500000000006
 20
9.880669999999999
 30
0.0
 11
4.21826
 21
9.882520000000001
 31
0.0
  0
LINE
  5
15A0
330
17
100
AcDbEntity
  8
0
100
AcDbLine
 10
4.21826
 20
9.882520000000001
 30
0.0
 11
4.21896
 21
9.8843
 31
0.0
  0
LINE
  5
15A1
330
17
100
AcDbEntity
  8
0
100
AcDbLine
 10
4.21896
 20
9.8843
 30
0.0
 11
4.21986
 21
9.886000000000001
 31
0.0
  0
LINE
  5
15A2
330
17
100
AcDbEntity
  8
0
100
AcDbLine
 10
4.21986
 20
9.886000000000001
 30
0.0
 11
4.22093
 21
9.88759
 31
0.0
  0
LINE
  5
15A3
330
17
100
AcDbEntity
  8
0
100
AcDbLine
 10
4.22093
 20
9.88759
 30
0.0
 11
4.22216
 21
9.88905
 31
0.0
  0
LINE
  5
15A4
330
17
100
AcDbEntity
  8
0
100
AcDbLine
 10
4.22216
 20
9.88905
 30
0.0
 11
4.22355
 21
9.89037
 31
0.0
  0
LINE
  5
15A5
330
17
100
AcDbEntity
  8
0
100
AcDbLine
 10
4.22355
 20
9.89037
 30
0.0
 11
4.22507
 21
9.89154
 31
0.0
  0
LINE
  5
15A6
330
17
100
AcDbEntity
  8
0
100
AcDbLine
 10
4.22507
 20
9.89154
 30
0.0
 11
4.2267
 21
9.89253
 31
0.0
  0
LINE
  5
15A7
330
17
100
AcDbEntity
  8
0
100
AcDbLine
 10
4.2267
 20
9.89253
 30
0.0
 11
4.22844
 21
9.89335
 31
0.0
  0
LINE
  5
15A8
330
17
100
AcDbEntity
  8
0
100
AcDbLine
 10
4.22844
 20
9.89335
 30
0.0
 11
4.23025
 21
9.89397
 31
0.0
  0
LINE
  5
15A9
330
17
100
AcDbEntity
  8
0
100
AcDbLine
 10
4.23025
 20
9.89397
 30
0.0
 11
4.23212
 21
9.89439
 31
0.0
  0
LINE
  5
15AA
330
17
100
AcDbEntity
  8
0
100
AcDbLine
 10
4.23212
 20
9.89439
 30
0.0
 11
4.32685
 21
9.90809
 31
0.0
  0
LINE
  5
15AB
330
17
100
AcDbEntity
  8
0
100
AcDbLine
 10
4.32685
 20
9.90809
 30
0.0
 11
4.44721
 21
9.91789
 31
0.0
  0
LINE
  5
15AC
330
17
100
AcDbEntity
  8
0
100
AcDbLine
 10
4.44721
 20
9.91789
 30
0.0
 11
4.590140000000001
 21
9.92107
 31
0.0
  0
LINE
  5
15AD
330
17
100
AcDbEntity
  8
0
100
AcDbLine
 10
4.590140000000001
 20
9.92107
 30
0.0
 11
4.96294
 21
9.92107
 31
0.0
  0
LINE
  5
15AE
330
17
100
AcDbEntity
  8
0
100
AcDbLine
 10
4.96294
 20
9.92107
 30
0.0
 11
4.08951
 21
11.931189999999999
 31
0.0
  0
LINE
  5
15AF
330
17
100
AcDbEntity
  8
0
100
AcDbLine
 10
4.08951
 20
11.931189999999999
 30
0.0
 11
3.6009100000000003
 21
13.055670000000001
 31
0.0
  0
LINE
  5
15B0
330
17
100
AcDbEntity
  8
0
100
AcDbLine
 10
3.6009100000000003
 20
13.055670000000001
 30
0.0
 11
3.5149399999999997
 21
13.25353
 31
0.0
  0
LINE
  5
15B1
330
17
100
AcDbEntity
  8
0
100
AcDbLine
 10
3.5149399999999997
 20
13.25353
 30
0.0
 11
3.47575
 21
13.34371
 31
0.0
  0
LINE
  5
15B2
330
17
100
AcDbEntity
  8
0
100
AcDbLine
 10
3.47575
 20
13.34371
 30
0.0
 11
2.43402
 21
13.37481
 31
0.0
  0
LINE
  5
15B3
330
17
100
AcDbEntity
  8
0
100
AcDbLine
 10
2.43402
 20
13.37481
 30
0.0
 11
1.75351
 21
13.40004
 31
0.0
  0
LINE
  5
15B4
330
17
100
AcDbEntity
  8
0
100
AcDbLine
 10
1.75351
 20
13.40004
 30
0.0
 11
1.67756
 21
13.406400000000001
 31
0.0
  0
LINE
  5
15B5
330
17
100
AcDbEntity
  8
0
100
AcDbLine
 10
1.67756
 20
13.406400000000001
 30
0.0
 11
1.60235
 21
13.41868
 31
0.0
  0
LINE
  5
15B6
330
17
100
AcDbEntity
  8
0
100
AcDbLine
 10
1.60235
 20
13.41868
 30
0.0
 11
1.52832
 21
13.4368
 31
0.0
  0
LINE
  5
15B7
330
17
100
AcDbEntity
  8
0
100
AcDbLine
 10
1.52832
 20
13.4368
 30
0.0
 11
1.51267
 21
13.44218
 31
0.0
  0
LINE
  5
15B8
330
17
100
AcDbEntity
  8
0
100
AcDbLine
 10
1.51267
 20
13.44218
 30
0.0
 11
1.49766
 21
13.44913
 31
0.0
  0
LINE
  5
15B9
330
17
100
AcDbEntity
  8
0
100
AcDbLine
 10
1.49766
 20
13.44913
 30
0.0
 11
1.4834399999999999
 21
13.45759
 31
0.0
  0
LINE
  5
15BA
330
17
100
AcDbEntity
  8
0
100
AcDbLine
 10
1.4834399999999999
 20
13.45759
 30
0.0
 11
1.47017
 21
13.46747
 31
0.0
  0
LINE
  5
15BB
330
17
100
AcDbEntity
  8
0
100
AcDbLine
 10
1.47017
 20
13.46747
 30
0.0
 11
1.45798
 21
13.47866
 31
0.0
  0
LINE
  5
15BC
330
17
100
AcDbEntity
  8
0
100
AcDbLine
 10
1.45798
 20
13.47866
 30
0.0
 11
1.4470100000000001
 21
13.49104
 31
0.0
  0
LINE
  5
15BD
330
17
100
AcDbEntity
  8
0
100
AcDbLine
 10
1.4470100000000001
 20
13.49104
 30
0.0
 11
1.43737
 21
13.50448
 31
0.0
  0
LINE
  5
15BE
330
17
100
AcDbEntity
  8
0
100
AcDbLine
 10
1.43737
 20
13.50448
 30
0.0
 11
1.42916
 21
13.51885
 31
0.0
  0
LINE
  5
15BF
330
17
100
AcDbEntity
  8
0
100
AcDbLine
 10
1.42916
 20
13.51885
 30
0.0
 11
1.41605
 21
13.54815
 31
0.0
  0
LINE
  5
15C0
330
17
100
AcDbEntity
  8
0
100
AcDbLine
 10
1.41605
 20
13.54815
 30
0.0
 11
1.40572
 21
13.57854
 31
0.0
  0
LINE
  5
15C1
330
17
100
AcDbEntity
  8
0
100
AcDbLine
 10
1.40572
 20
13.57854
 30
0.0
 11
1.39829
 21
13.609770000000001
 31
0.0
  0
LINE
  5
15C2
330
17
100
AcDbEntity
  8
0
100
AcDbLine
 10
1.39829
 20
13.609770000000001
 30
0.0
 11
1.3938
 21
13.64155
 31
0.0
  0
LINE
  5
15C3
330
17
100
AcDbEntity
  8
0
100
AcDbLine
 10
1.3938
 20
13.64155
 30
0.0
 11
1.3922999999999999
 21
13.67361
 31
0.0
  0
LINE
  5
15C4
330
17
100
AcDbEntity
  8
0
100
AcDbLine
 10
1.3922999999999999
 20
13.67361
 30
0.0
 11
1.3922999999999999
 21
13.94132
 31
0.0
  0
LINE
  5
15C5
330
17
100
AcDbEntity
  8
0
100
AcDbLine
 10
1.3922999999999999
 20
13.94132
 30
0.0
 11
3.5149399999999993
 21
13.94132
 31
0.0
  0
LINE
  5
15C6
330
17
100
AcDbEntity
  8
0
100
AcDbLine
 10
3.5149399999999997
 20
13.94132
 30
0.0
 11
8.3818
 21
13.94132
 31
0.0
  0
LINE
  5
15C7
330
17
100
AcDbEntity
  8
0
100
AcDbLine
 10
8.3818
 20
13.94132
 30
0.0
 11
8.99817
 21
13.94132
 31
0.0
  0
LINE
  5
15C8
330
17
100
AcDbEntity
  8
0
100
AcDbLine
 10
8.99817
 20
13.94132
 30
0.0
 11
8.99817
 21
13.67536
 31
0.0
  0
LINE
  5
15C9
330
17
100
AcDbEntity
  8
0
100
AcDbLine
 10
8.99817
 20
13.67536
 30
0.0
 11
9.00053
 21
13.62533
 31
0.0
  0
LINE
  5
15CA
330
17
100
AcDbEntity
  8
0
100
AcDbLine
 10
9.00053
 20
13.62533
 30
0.0
 11
9.0076
 21
13.57574
 31
0.0
  0
LINE
  5
15CB
330
17
100
AcDbEntity
  8
0
100
AcDbLine
 10
9.0076
 20
13.57574
 30
0.0
 11
9.0193
 21
13.527050000000001
 31
0.0
  0
LINE
  5
15CC
330
17
100
AcDbEntity
  8
0
100
AcDbLine
 10
9.0193
 20
13.527050000000001
 30
0.0
 11
9.02361
 21
13.51455
 31
0.0
  0
LINE
  5
15CD
330
17
100
AcDbEntity
  8
0
100
AcDbLine
 10
9.02361
 20
13.51455
 30
0.0
 11
9.02912
 21
13.50253
 31
0.0
  0
LINE
  5
15CE
330
17
100
AcDbEntity
  8
0
100
AcDbLine
 10
9.02912
 20
13.50253
 30
0.0
 11
9.03576
 21
13.49111
 31
0.0
  0
LINE
  5
15CF
330
17
100
AcDbEntity
  8
0
100
AcDbLine
 10
9.03576
 20
13.49111
 30
0.0
 11
9.04349
 21
13.48038
 31
0.0
  0
LINE
  5
15D0
330
17
100
AcDbEntity
  8
0
100
AcDbLine
 10
9.04349
 20
13.48038
 30
0.0
 11
9.05223
 21
13.47046
 31
0.0
  0
LINE
  5
15D1
330
17
100
AcDbEntity
  8
0
100
AcDbLine
 10
9.05223
 20
13.47046
 30
0.0
 11
9.0619
 21
13.46144
 31
0.0
  0
LINE
  5
15D2
330
17
100
AcDbEntity
  8
0
100
AcDbLine
 10
9.0619
 20
13.46144
 30
0.0
 11
9.07239
 21
13.45341
 31
0.0
  0
LINE
  5
15D3
330
17
100
AcDbEntity
  8
0
100
AcDbLine
 10
9.07239
 20
13.45341
 30
0.0
 11
9.08362
 21
13.446430000000001
 31
0.0
  0
LINE
  5
15D4
330
17
100
AcDbEntity
  8
0
100
AcDbLine
 10
9.08362
 20
13.446430000000001
 30
0.0
 11
9.115689999999999
 21
13.43065
 31
0.0
  0
LINE
  5
15D5
330
17
100
AcDbEntity
  8
0
100
AcDbLine
 10
9.115689999999999
 20
13.43065
 30
0.0
 11
9.14918
 21
13.418140000000001
 31
0.0
  0
LINE
  5
15D6
330
17
100
AcDbEntity
  8
0
100
AcDbLine
 10
9.14918
 20
13.418140000000001
 30
0.0
 11
9.18375
 21
13.409030000000001
 31
0.0
  0
LINE
  5
15D7
330
17
100
AcDbEntity
  8
0
100
AcDbLine
 10
9.18375
 20
13.409030000000001
 30
0.0
 11
9.21905
 21
13.40341
 31
0.0
  0
LINE
  5
15D8
330
17
100
AcDbEntity
  8
0
100
AcDbLine
 10
9.21905
 20
13.40341
 30
0.0
 11
9.536029999999998
 21
13.37655
 31
0.0
  0
LINE
  5
15D9
330
17
100
AcDbEntity
  8
0
100
AcDbLine
 10
9.536029999999998
 20
13.37655
 30
0.0
 11
10.07389
 21
13.34371
 31
0.0
  0
LINE
  5
15DA
330
17
100
AcDbEntity
  8
0
100
AcDbLine
 10
10.07389
 20
13.34371
 30
0.0
 11
9.948210000000001
 21
13.055670000000001
 31
0.0
  0
LINE
  5
15DB
330
17
100
AcDbEntity
  8
0
100
AcDbLine
 10
9.948210000000001
 20
13.055670000000001
 30
0.0
 11
9.45757
 21
11.931189999999999
 31
0.0
  0
LINE
  5
15DC
330
17
100
AcDbEntity
  8
0
100
AcDbLine
 10
9.45757
 20
11.931189999999999
 30
0.0
 11
8.60421
 21
9.9754
 31
0.0
  0
LINE
  5
15DD
330
17
100
AcDbEntity
  8
0
100
AcDbLine
 10
8.60421
 20
9.9754
 30
0.0
 11
8.3818
 21
9.96476
 31
0.0
  0
LINE
  5
15DE
330
17
100
AcDbEntity
  8
0
100
AcDbLine
 10
8.3818
 20
9.96476
 30
0.0
 11
7.2429499999999996
 21
9.91027
 31
0.0
  0
LINE
  5
15DF
330
17
100
AcDbEntity
  8
0
100
AcDbLine
 10
7.2429499999999996
 20
9.91027
 30
0.0
 11
6.97968
 21
9.31497
 31
0.0
  0
LINE
  5
15E0
330
17
100
AcDbEntity
  8
0
100
AcDbLine
 10
6.97968
 20
9.31497
 30
0.0
 11
6.87879
 21
9.08313
 31
0.0
  0
LINE
  5
15E1
330
17
100
AcDbEntity
  8
0
100
AcDbLine
 10
6.87879
 20
9.08313
 30
0.0
 11
6.793740000000001
 21
8.87949
 31
0.0
  0
LINE
  5
15E2
330
17
100
AcDbEntity
  8
0
100
AcDbLine
 10
6.793740000000001
 20
8.87949
 30
0.0
 11
6.723380000000001
 21
8.704790000000001
 31
0.0
  0
LINE
  5
15E3
330
17
100
AcDbEntity
  8
0
100
AcDbLine
 10
6.723380000000001
 20
8.704790000000001
 30
0.0
 11
6.72035
 21
8.69599
 31
0.0
  0
LINE
  5
15E4
330
17
100
AcDbEntity
  8
0
100
AcDbLine
 10
6.72035
 20
8.69599
 30
0.0
 11
6.71817
 21
8.68694
 31
0.0
  0
LINE
  5
15E5
330
17
100
AcDbEntity
  8
0
100
AcDbLine
 10
6.71817
 20
8.68694
 30
0.0
 11
6.71685
 21
8.67773
 31
0.0
  0
LINE
  5
15E6
330
17
100
AcDbEntity
  8
0
100
AcDbLine
 10
6.71685
 20
8.67773
 30
0.0
 11
6.71641
 21
8.66844
 31
0.0
  0
LINE
  5
15E7
330
17
100
AcDbEntity
  8
0
100
AcDbLine
 10
6.71641
 20
8.66844
 30
0.0
 11
6.71652
 21
8.66629
 31
0.0
  0
LINE
  5
15E8
330
17
100
AcDbEntity
  8
0
100
AcDbLine
 10
6.71652
 20
8.66629
 30
0.0
 11
6.71685
 21
8.66417
 31
0.0
  0
LINE
  5
15E9
330
17
100
AcDbEntity
  8
0
100
AcDbLine
 10
6.71685
 20
8.66417
 30
0.0
 11
6.7174000000000005
 21
8.6621
 31
0.0
  0
LINE
  5
15EA
330
17
100
AcDbEntity
  8
0
100
AcDbLine
 10
6.7174000000000005
 20
8.6621
 30
0.0
 11
6.71817
 21
8.66009
 31
0.0
  0
LINE
  5
15EB
330
17
100
AcDbEntity
  8
0
100
AcDbLine
 10
6.71817
 20
8.66009
 30
0.0
 11
6.71914
 21
8.65818
 31
0.0
  0
LINE
  5
15EC
330
17
100
AcDbEntity
  8
0
100
AcDbLine
 10
6.71914
 20
8.65818
 30
0.0
 11
6.7203
 21
8.65637
 31
0.0
  0
LINE
  5
15ED
330
17
100
AcDbEntity
  8
0
100
AcDbLine
 10
6.7203
 20
8.65637
 30
0.0
 11
6.72165
 21
8.6547
 31
0.0
  0
LINE
  5
15EE
330
17
100
AcDbEntity
  8
0
100
AcDbLine
 10
6.72165
 20
8.6547
 30
0.0
 11
6.72316
 21
8.65317
 31
0.0
  0
LINE
  5
15EF
330
17
100
AcDbEntity
  8
0
100
AcDbLine
 10
6.72316
 20
8.65317
 30
0.0
 11
6.72482
 21
8.65181
 31
0.0
  0
LINE
  5
15F0
330
17
100
AcDbEntity
  8
0
100
AcDbLine
 10
6.72482
 20
8.65181
 30
0.0
 11
6.72661
 21
8.65063
 31
0.0
  0
LINE
  5
15F1
330
17
100
AcDbEntity
  8
0
100
AcDbLine
 10
12.34609
 20
7.297750000000001
 30
0.0
 11
12.328999999999999
 21
7.28319
 31
0.0
  0
LINE
  5
15F2
330
17
100
AcDbEntity
  8
0
100
AcDbLine
 10
12.328999999999999
 20
7.28319
 30
0.0
 11
12.31932
 21
7.2765
 31
0.0
  0
LINE
  5
15F3
330
17
100
AcDbEntity
  8
0
100
AcDbLine
 10
12.31932
 20
7.2765
 30
0.0
 11
12.30901
 21
7.27082
 31
0.0
  0
LINE
  5
15F4
330
17
100
AcDbEntity
  8
0
100
AcDbLine
 10
12.30901
 20
7.27082
 30
0.0
 11
12.29819
 21
7.26621
 31
0.0
  0
LINE
  5
15F5
330
17
100
AcDbEntity
  8
0
100
AcDbLine
 10
12.29819
 20
7.26621
 30
0.0
 11
12.28695
 21
7.262700000000001
 31
0.0
  0
LINE
  5
15F6
330
17
100
AcDbEntity
  8
0
100
AcDbLine
 10
12.28695
 20
7.262700000000001
 30
0.0
 11
12.27542
 21
7.26035
 31
0.0
  0
LINE
  5
15F7
330
17
100
AcDbEntity
  8
0
100
AcDbLine
 10
12.27542
 20
7.26035
 30
0.0
 11
12.263710000000001
 21
7.25916
 31
0.0
  0
LINE
  5
15F8
330
17
100
AcDbEntity
  8
0
100
AcDbLine
 10
12.263710000000001
 20
7.25916
 30
0.0
 11
12.25194
 21
7.25916
 31
0.0
  0
LINE
  5
15F9
330
17
100
AcDbEntity
  8
0
100
AcDbLine
 10
12.25194
 20
7.25916
 30
0.0
 11
12.24023
 21
7.26035
 31
0.0
  0
LINE
  5
15FA
330
17
100
AcDbEntity
  8
0
100
AcDbLine
 10
12.24023
 20
7.26035
 30
0.0
 11
12.2287
 21
7.262700000000001
 31
0.0
  0
LINE
  5
15FB
330
17
100
AcDbEntity
  8
0
100
AcDbLine
 10
12.2287
 20
7.262700000000001
 30
0.0
 11
12.217469999999999
 21
7.26621
 31
0.0
  0
LINE
  5
15FC
330
17
100
AcDbEntity
  8
0
100
AcDbLine
 10
12.217469999999999
 20
7.26621
 30
0.0
 11
12.20664
 21
7.27082
 31
0.0
  0
LINE
  5
15FD
330
17
100
AcDbEntity
  8
0
100
AcDbLine
 10
12.20664
 20
7.27082
 30
0.0
 11
12.19633
 21
7.2765
 31
0.0
  0
LINE
  5
15FE
330
17
100
AcDbEntity
  8
0
100
AcDbLine
 10
12.19633
 20
7.2765
 30
0.0
 11
12.18665
 21
7.28319
 31
0.0
  0
LINE
  5
15FF
330
17
100
AcDbEntity
  8
0
100
AcDbLine
 10
12.18665
 20
7.28319
 30
0.0
 11
12.169559999999999
 21
7.297750000000001
 31
0.0
  0
LINE
  5
1600
330
17
100
AcDbEntity
  8
0
100
AcDbLine
 10
12.169559999999999
 20
7.297750000000001
 30
0.0
 11
12.15404
 21
7.31397
 31
0.0
  0
LINE
  5
1601
330
17
100
AcDbEntity
  8
0
100
AcDbLine
 10
12.15404
 20
7.31397
 30
0.0
 11
12.14024
 21
7.33169
 31
0.0
  0
LINE
  5
1602
330
17
100
AcDbEntity
  8
0
100
AcDbLine
 10
12.14024
 20
7.33169
 30
0.0
 11
12.12832
 21
7.35071
 31
0.0
  0
LINE
  5
1603
330
17
100
AcDbEntity
  8
0
100
AcDbLine
 10
12.12832
 20
7.35071
 30
0.0
 11
12.11065
 21
7.38617
 31
0.0
  0
LINE
  5
1604
330
17
100
AcDbEntity
  8
0
100
AcDbLine
 10
12.11065
 20
7.38617
 30
0.0
 11
12.09636
 21
7.4231300000000005
 31
0.0
  0
LINE
  5
1605
330
17
100
AcDbEntity
  8
0
100
AcDbLine
 10
12.09636
 20
7.4231300000000005
 30
0.0
 11
12.085560000000001
 21
7.46125
 31
0.0
  0
LINE
  5
1606
330
17
100
AcDbEntity
  8
0
100
AcDbLine
 10
12.085560000000001
 20
7.46125
 30
0.0
 11
12.07067
 21
7.53629
 31
0.0
  0
LINE
  5
1607
330
17
100
AcDbEntity
  8
0
100
AcDbLine
 10
12.07067
 20
7.53629
 30
0.0
 11
12.06079
 21
7.61215
 31
0.0
  0
LINE
  5
1608
330
17
100
AcDbEntity
  8
0
100
AcDbLine
 10
12.06079
 20
7.61215
 30
0.0
 11
12.050699999999999
 21
7.804250000000001
 31
0.0
  0
LINE
  5
1609
330
17
100
AcDbEntity
  8
0
100
AcDbLine
 10
12.050699999999999
 20
7.804250000000001
 30
0.0
 11
12.051559999999998
 21
7.824340000000001
 31
0.0
  0
LINE
  5
160A
330
17
100
AcDbEntity
  8
0
100
AcDbLine
 10
12.051559999999998
 20
7.824340000000001
 30
0.0
 11
12.05449
 21
7.844220000000001
 31
0.0
  0
LINE
  5
160B
330
17
100
AcDbEntity
  8
0
100
AcDbLine
 10
12.05449
 20
7.844220000000001
 30
0.0
 11
12.05947
 21
7.8637
 31
0.0
  0
LINE
  5
160C
330
17
100
AcDbEntity
  8
0
100
AcDbLine
 10
12.05947
 20
7.8637
 30
0.0
 11
12.066429999999999
 21
7.882560000000001
 31
0.0
  0
LINE
  5
160D
330
17
100
AcDbEntity
  8
0
100
AcDbLine
 10
12.066429999999999
 20
7.882560000000001
 30
0.0
 11
12.0753
 21
7.900600000000001
 31
0.0
  0
LINE
  5
160E
330
17
100
AcDbEntity
  8
0
100
AcDbLine
 10
12.0753
 20
7.900600000000001
 30
0.0
 11
12.080729999999999
 21
7.90928
 31
0.0
  0
LINE
  5
160F
330
17
100
AcDbEntity
  8
0
100
AcDbLine
 10
12.080729999999999
 20
7.90928
 30
0.0
 11
12.08699
 21
7.91736
 31
0.0
  0
LINE
  5
1610
330
17
100
AcDbEntity
  8
0
100
AcDbLine
 10
12.08699
 20
7.91736
 30
0.0
 11
12.09403
 21
7.924779999999999
 31
0.0
  0
LINE
  5
1611
330
17
100
AcDbEntity
  8
0
100
AcDbLine
 10
12.09403
 20
7.924779999999999
 30
0.0
 11
12.10178
 21
7.9314599999999995
 31
0.0
  0
LINE
  5
1612
330
17
100
AcDbEntity
  8
0
100
AcDbLine
 10
12.10178
 20
7.9314599999999995
 30
0.0
 11
12.11016
 21
7.937339999999999
 31
0.0
  0
LINE
  5
1613
330
17
100
AcDbEntity
  8
0
100
AcDbLine
 10
12.11016
 20
7.937339999999999
 30
0.0
 11
12.11908
 21
7.942340000000001
 31
0.0
  0
LINE
  5
1614
330
17
100
AcDbEntity
  8
0
100
AcDbLine
 10
12.11908
 20
7.942340000000001
 30
0.0
 11
12.12845
 21
7.946430000000001
 31
0.0
  0
LINE
  5
1615
330
17
100
AcDbEntity
  8
0
100
AcDbLine
 10
12.12845
 20
7.946430000000001
 30
0.0
 11
12.13819
 21
7.94956
 31
0.0
  0
LINE
  5
1616
330
17
100
AcDbEntity
  8
0
100
AcDbLine
 10
12.13819
 20
7.94956
 30
0.0
 11
12.18552
 21
7.959600000000001
 31
0.0
  0
LINE
  5
1617
330
17
100
AcDbEntity
  8
0
100
AcDbLine
 10
12.18552
 20
7.959600000000001
 30
0.0
 11
12.233640000000001
 21
7.96464
 31
0.0
  0
LINE
  5
1618
330
17
100
AcDbEntity
  8
0
100
AcDbLine
 10
12.233640000000001
 20
7.96464
 30
0.0
 11
12.28202
 21
7.96464
 31
0.0
  0
LINE
  5
1619
330
17
100
AcDbEntity
  8
0
100
AcDbLine
 10
12.28202
 20
7.96464
 30
0.0
 11
12.33013
 21
7.959600000000001
 31
0.0
  0
LINE
  5
161A
330
17
100
AcDbEntity
  8
0
100
AcDbLine
 10
12.33013
 20
7.959600000000001
 30
0.0
 11
12.37746
 21
7.94956
 31
0.0
  0
LINE
  5
161B
330
17
100
AcDbEntity
  8
0
100
AcDbLine
 10
12.37746
 20
7.94956
 30
0.0
 11
12.3872
 21
7.946430000000001
 31
0.0
  0
LINE
  5
161C
330
17
100
AcDbEntity
  8
0
100
AcDbLine
 10
12.3872
 20
7.946430000000001
 30
0.0
 11
12.39657
 21
7.942340000000001
 31
0.0
  0
LINE
  5
161D
330
17
100
AcDbEntity
  8
0
100
AcDbLine
 10
12.39657
 20
7.942340000000001
 30
0.0
 11
12.40549
 21
7.937339999999999
 31
0.0
  0
LINE
  5
161E
330
17
100
AcDbEntity
  8
0
100
AcDbLine
 10
12.40549
 20
7.937339999999999
 30
0.0
 11
12.413870000000001
 21
7.9314599999999995
 31
0.0
  0
LINE
  5
161F
330
17
100
AcDbEntity
  8
0
100
AcDbLine
 10
12.413870000000001
 20
7.9314599999999995
 30
0.0
 11
12.421619999999999
 21
7.924779999999999
 31
0.0
  0
LINE
  5
1620
330
17
100
AcDbEntity
  8
0
100
AcDbLine
 10
12.421619999999999
 20
7.924779999999999
 30
0.0
 11
12.428659999999999
 21
7.91736
 31
0.0
  0
LINE
  5
1621
330
17
100
AcDbEntity
  8
0
100
AcDbLine
 10
12.428659999999999
 20
7.91736
 30
0.0
 11
12.43492
 21
7.90928
 31
0.0
  0
LINE
  5
1622
330
17
100
AcDbEntity
  8
0
100
AcDbLine
 10
12.43492
 20
7.90928
 30
0.0
 11
12.440349999999999
 21
7.900600000000001
 31
0.0
  0
LINE
  5
1623
330
17
100
AcDbEntity
  8
0
100
AcDbLine
 10
12.440349999999999
 20
7.900600000000001
 30
0.0
 11
12.44922
 21
7.882560000000001
 31
0.0
  0
LINE
  5
1624
330
17
100
AcDbEntity
  8
0
100
AcDbLine
 10
12.44922
 20
7.882560000000001
 30
0.0
 11
12.456180000000002
 21
7.8637
 31
0.0
  0
LINE
  5
1625
330
17
100
AcDbEntity
  8
0
100
AcDbLine
 10
12.456180000000002
 20
7.8637
 30
0.0
 11
12.461160000000001
 21
7.844220000000001
 31
0.0
  0
LINE
  5
1626
330
17
100
AcDbEntity
  8
0
100
AcDbLine
 10
12.461160000000001
 20
7.844220000000001
 30
0.0
 11
12.46409
 21
7.824340000000001
 31
0.0
  0
LINE
  5
1627
330
17
100
AcDbEntity
  8
0
100
AcDbLine
 10
12.46409
 20
7.824340000000001
 30
0.0
 11
12.46495
 21
7.804250000000001
 31
0.0
  0
LINE
  5
1628
330
17
100
AcDbEntity
  8
0
100
AcDbLine
 10
12.46495
 20
7.804250000000001
 30
0.0
 11
12.45486
 21
7.61215
 31
0.0
  0
LINE
  5
1629
330
17
100
AcDbEntity
  8
0
100
AcDbLine
 10
12.45486
 20
7.61215
 30
0.0
 11
12.44498
 21
7.53629
 31
0.0
  0
LINE
  5
162A
330
17
100
AcDbEntity
  8
0
100
AcDbLine
 10
12.44498
 20
7.53629
 30
0.0
 11
12.43009
 21
7.46125
 31
0.0
  0
LINE
  5
162B
330
17
100
AcDbEntity
  8
0
100
AcDbLine
 10
12.43009
 20
7.46125
 30
0.0
 11
12.4193
 21
7.4231300000000005
 31
0.0
  0
LINE
  5
162C
330
17
100
AcDbEntity
  8
0
100
AcDbLine
 10
12.4193
 20
7.4231300000000005
 30
0.0
 11
12.405
 21
7.38617
 31
0.0
  0
LINE
  5
162D
330
17
100
AcDbEntity
  8
0
100
AcDbLine
 10
12.405
 20
7.38617
 30
0.0
 11
12.38733
 21
7.35071
 31
0.0
  0
LINE
  5
162E
330
17
100
AcDbEntity
  8
0
100
AcDbLine
 10
12.38733
 20
7.35071
 30
0.0
 11
12.37541
 21
7.33169
 31
0.0
  0
LINE
  5
162F
330
17
100
AcDbEntity
  8
0
100
AcDbLine
 10
12.37541
 20
7.33169
 30
0.0
 11
12.36161
 21
7.31397
 31
0.0
  0
LINE
  5
1630
330
17
100
AcDbEntity
  8
0
100
AcDbLine
 10
12.36161
 20
7.31397
 30
0.0
 11
12.34609
 21
7.297750000000001
 31
0.0
  0
LINE
  5
1631
330
17
100
AcDbEntity
  8
0
100
AcDbLine
 10
-18.514860000000002
 20
3.23726
 30
0.0
 11
-18.53219
 21
3.3911100000000003
 31
0.0
  0
LINE
  5
1632
330
17
100
AcDbEntity
  8
0
100
AcDbLine
 10
-18.53219
 20
3.3911100000000003
 30
0.0
 11
-18.53999
 21
3.54573
 31
0.0
  0
LINE
  5
1633
330
17
100
AcDbEntity
  8
0
100
AcDbLine
 10
-18.53999
 20
3.54573
 30
0.0
 11
-18.54594
 21
4.153289999999999
 31
0.0
  0
LINE
  5
1634
330
17
100
AcDbEntity
  8
0
100
AcDbLine
 10
-18.54594
 20
4.153289999999999
 30
0.0
 11
-18.53895
 21
4.68585
 31
0.0
  0
LINE
  5
1635
330
17
100
AcDbEntity
  8
0
100
AcDbLine
 10
-18.53895
 20
4.68585
 30
0.0
 11
-18.514429999999997
 21
5.0329299999999995
 31
0.0
  0
LINE
  5
1636
330
17
100
AcDbEntity
  8
0
100
AcDbLine
 10
-18.514429999999997
 20
5.0329299999999995
 30
0.0
 11
-18.49802
 21
5.14658
 31
0.0
  0
LINE
  5
1637
330
17
100
AcDbEntity
  8
0
100
AcDbLine
 10
-18.49802
 20
5.14658
 30
0.0
 11
-18.47513
 21
5.2591
 31
0.0
  0
LINE
  5
1638
330
17
100
AcDbEntity
  8
0
100
AcDbLine
 10
-18.47513
 20
5.2591
 30
0.0
 11
-18.47235
 21
5.26878
 31
0.0
  0
LINE
  5
1639
330
17
100
AcDbEntity
  8
0
100
AcDbLine
 10
-18.47235
 20
5.26878
 30
0.0
 11
-18.46859
 21
5.2781199999999995
 31
0.0
  0
LINE
  5
163A
330
17
100
AcDbEntity
  8
0
100
AcDbLine
 10
-18.46859
 20
5.2781199999999995
 30
0.0
 11
-18.46391
 21
5.28703
 31
0.0
  0
LINE
  5
163B
330
17
100
AcDbEntity
  8
0
100
AcDbLine
 10
-18.46391
 20
5.28703
 30
0.0
 11
-18.45834
 21
5.29542
 31
0.0
  0
LINE
  5
163C
330
17
100
AcDbEntity
  8
0
100
AcDbLine
 10
-18.45834
 20
5.29542
 30
0.0
 11
-18.45194
 21
5.3032
 31
0.0
  0
LINE
  5
163D
330
17
100
AcDbEntity
  8
0
100
AcDbLine
 10
-18.45194
 20
5.3032
 30
0.0
 11
-18.444789999999998
 21
5.31028
 31
0.0
  0
LINE
  5
163E
330
17
100
AcDbEntity
  8
0
100
AcDbLine
 10
-18.444789999999998
 20
5.31028
 30
0.0
 11
-18.43695
 21
5.31661
 31
0.0
  0
LINE
  5
163F
330
17
100
AcDbEntity
  8
0
100
AcDbLine
 10
-18.43695
 20
5.31661
 30
0.0
 11
-18.42851
 21
5.3221
 31
0.0
  0
LINE
  5
1640
330
17
100
AcDbEntity
  8
0
100
AcDbLine
 10
-18.42851
 20
5.3221
 30
0.0
 11
-18.41955
 21
5.3267
 31
0.0
  0
LINE
  5
1641
330
17
100
AcDbEntity
  8
0
100
AcDbLine
 10
-18.41955
 20
5.3267
 30
0.0
 11
-18.41018
 21
5.33037
 31
0.0
  0
LINE
  5
1642
330
17
100
AcDbEntity
  8
0
100
AcDbLine
 10
-18.41018
 20
5.33037
 30
0.0
 11
-18.39799
 21
5.3337
 31
0.0
  0
LINE
  5
1643
330
17
100
AcDbEntity
  8
0
100
AcDbLine
 10
-18.39799
 20
5.3337
 30
0.0
 11
-18.38551
 21
5.335699999999999
 31
0.0
  0
LINE
  5
1644
330
17
100
AcDbEntity
  8
0
100
AcDbLine
 10
-18.38551
 20
5.335699999999999
 30
0.0
 11
-18.372889999999998
 21
5.33633
 31
0.0
  0
LINE
  5
1645
330
17
100
AcDbEntity
  8
0
100
AcDbLine
 10
-18.372889999999998
 20
5.33633
 30
0.0
 11
-18.36028
 21
5.335590000000001
 31
0.0
  0
LINE
  5
1646
330
17
100
AcDbEntity
  8
0
100
AcDbLine
 10
-18.36028
 20
5.335590000000001
 30
0.0
 11
-18.34783
 21
5.33348
 31
0.0
  0
LINE
  5
1647
330
17
100
AcDbEntity
  8
0
100
AcDbLine
 10
-18.34783
 20
5.33348
 30
0.0
 11
-18.335669999999997
 21
5.330030000000001
 31
0.0
  0
LINE
  5
1648
330
17
100
AcDbEntity
  8
0
100
AcDbLine
 10
-18.335669999999997
 20
5.330030000000001
 30
0.0
 11
-18.32396
 21
5.32529
 31
0.0
  0
LINE
  5
1649
330
17
100
AcDbEntity
  8
0
100
AcDbLine
 10
-18.32396
 20
5.32529
 30
0.0
 11
-18.312829999999998
 21
5.3193
 31
0.0
  0
LINE
  5
164A
330
17
100
AcDbEntity
  8
0
100
AcDbLine
 10
-18.312829999999998
 20
5.3193
 30
0.0
 11
-18.30242
 21
5.31214
 31
0.0
  0
LINE
  5
164B
330
17
100
AcDbEntity
  8
0
100
AcDbLine
 10
-18.30242
 20
5.31214
 30
0.0
 11
-18.292849999999998
 21
5.30389
 31
0.0
  0
LINE
  5
164C
330
17
100
AcDbEntity
  8
0
100
AcDbLine
 10
-18.292849999999998
 20
5.30389
 30
0.0
 11
-18.284229999999997
 21
5.2946599999999995
 31
0.0
  0
LINE
  5
164D
330
17
100
AcDbEntity
  8
0
100
AcDbLine
 10
-18.284229999999997
 20
5.2946599999999995
 30
0.0
 11
-18.26194
 21
5.26497
 31
0.0
  0
LINE
  5
164E
330
17
100
AcDbEntity
  8
0
100
AcDbLine
 10
-18.26194
 20
5.26497
 30
0.0
 11
-18.242890000000003
 21
5.2331
 31
0.0
  0
LINE
  5
164F
330
17
100
AcDbEntity
  8
0
100
AcDbLine
 10
-18.242890000000003
 20
5.2331
 30
0.0
 11
-18.2273
 21
5.19942
 31
0.0
  0
LINE
  5
1650
330
17
100
AcDbEntity
  8
0
100
AcDbLine
 10
-18.2273
 20
5.19942
 30
0.0
 11
-18.21532
 21
5.164280000000001
 31
0.0
  0
LINE
  5
1651
330
17
100
AcDbEntity
  8
0
100
AcDbLine
 10
-18.21532
 20
5.164280000000001
 30
0.0
 11
-18.207089999999997
 21
5.12808
 31
0.0
  0
LINE
  5
1652
330
17
100
AcDbEntity
  8
0
100
AcDbLine
 10
-18.207089999999997
 20
5.12808
 30
0.0
 11
-18.1838
 21
4.946210000000001
 31
0.0
  0
LINE
  5
1653
330
17
100
AcDbEntity
  8
0
100
AcDbLine
 10
-18.1838
 20
4.946210000000001
 30
0.0
 11
-18.176379999999998
 21
4.7630099999999995
 31
0.0
  0
LINE
  5
1654
330
17
100
AcDbEntity
  8
0
100
AcDbLine
 10
-18.176379999999998
 20
4.7630099999999995
 30
0.0
 11
-18.18848
 21
4.04553
 31
0.0
  0
LINE
  5
1655
330
17
100
AcDbEntity
  8
0
100
AcDbLine
 10
-18.18848
 20
4.04553
 30
0.0
 11
-18.21135
 21
3.50965
 31
0.0
  0
LINE
  5
1656
330
17
100
AcDbEntity
  8
0
100
AcDbLine
 10
-18.21135
 20
3.50965
 30
0.0
 11
-18.22395
 21
3.36652
 31
0.0
  0
LINE
  5
1657
330
17
100
AcDbEntity
  8
0
100
AcDbLine
 10
-18.22395
 20
3.36652
 30
0.0
 11
-18.24605
 21
3.2245500000000002
 31
0.0
  0
LINE
  5
1658
330
17
100
AcDbEntity
  8
0
100
AcDbLine
 10
-18.24605
 20
3.2245500000000002
 30
0.0
 11
-18.25876
 21
3.1719600000000003
 31
0.0
  0
LINE
  5
1659
330
17
100
AcDbEntity
  8
0
100
AcDbLine
 10
-18.25876
 20
3.1719600000000003
 30
0.0
 11
-18.27662
 21
3.1209
 31
0.0
  0
LINE
  5
165A
330
17
100
AcDbEntity
  8
0
100
AcDbLine
 10
-18.27662
 20
3.1209
 30
0.0
 11
-18.29944
 21
3.0718400000000003
 31
0.0
  0
LINE
  5
165B
330
17
100
AcDbEntity
  8
0
100
AcDbLine
 10
-18.29944
 20
3.0718400000000003
 30
0.0
 11
-18.30471
 21
3.06305
 31
0.0
  0
LINE
  5
165C
330
17
100
AcDbEntity
  8
0
100
AcDbLine
 10
-18.30471
 20
3.06305
 30
0.0
 11
-18.31089
 21
3.0548900000000003
 31
0.0
  0
LINE
  5
165D
330
17
100
AcDbEntity
  8
0
100
AcDbLine
 10
-18.31089
 20
3.0548900000000003
 30
0.0
 11
-18.31792
 21
3.04744
 31
0.0
  0
LINE
  5
165E
330
17
100
AcDbEntity
  8
0
100
AcDbLine
 10
-18.31792
 20
3.04744
 30
0.0
 11
-18.32572
 21
3.04079
 31
0.0
  0
LINE
  5
165F
330
17
100
AcDbEntity
  8
0
100
AcDbLine
 10
-18.32572
 20
3.04079
 30
0.0
 11
-18.33419
 21
3.0350300000000003
 31
0.0
  0
LINE
  5
1660
330
17
100
AcDbEntity
  8
0
100
AcDbLine
 10
-18.33419
 20
3.0350300000000003
 30
0.0
 11
-18.34324
 21
3.03022
 31
0.0
  0
LINE
  5
1661
330
17
100
AcDbEntity
  8
0
100
AcDbLine
 10
-18.34324
 20
3.03022
 30
0.0
 11
-18.35275
 21
3.0264200000000003
 31
0.0
  0
LINE
  5
1662
330
17
100
AcDbEntity
  8
0
100
AcDbLine
 10
-18.35275
 20
3.0264200000000003
 30
0.0
 11
-18.36262
 21
3.02368
 31
0.0
  0
LINE
  5
1663
330
17
100
AcDbEntity
  8
0
100
AcDbLine
 10
-18.36262
 20
3.02368
 30
0.0
 11
-18.37273
 21
3.02202
 31
0.0
  0
LINE
  5
1664
330
17
100
AcDbEntity
  8
0
100
AcDbLine
 10
-18.37273
 20
3.02202
 30
0.0
 11
-18.382949999999997
 21
3.0214600000000003
 31
0.0
  0
LINE
  5
1665
330
17
100
AcDbEntity
  8
0
100
AcDbLine
 10
-18.382949999999997
 20
3.0214600000000003
 30
0.0
 11
-18.39246
 21
3.02195
 31
0.0
  0
LINE
  5
1666
330
17
100
AcDbEntity
  8
0
100
AcDbLine
 10
-18.39246
 20
3.02195
 30
0.0
 11
-18.40185
 21
3.02342
 31
0.0
  0
LINE
  5
1667
330
17
100
AcDbEntity
  8
0
100
AcDbLine
 10
-18.40185
 20
3.02342
 30
0.0
 11
-18.411050000000003
 21
3.02585
 31
0.0
  0
LINE
  5
1668
330
17
100
AcDbEntity
  8
0
100
AcDbLine
 10
-18.411050000000003
 20
3.02585
 30
0.0
 11
-18.41995
 21
3.02921
 31
0.0
  0
LINE
  5
1669
330
17
100
AcDbEntity
  8
0
100
AcDbLine
 10
-18.41995
 20
3.02921
 30
0.0
 11
-18.42846
 21
3.03347
 31
0.0
  0
LINE
  5
166A
330
17
100
AcDbEntity
  8
0
100
AcDbLine
 10
-18.42846
 20
3.03347
 30
0.0
 11
-18.436480000000003
 21
3.0385899999999997
 31
0.0
  0
LINE
  5
166B
330
17
100
AcDbEntity
  8
0
100
AcDbLine
 10
-18.436480000000003
 20
3.0385899999999997
 30
0.0
 11
-18.44393
 21
3.0444999999999998
 31
0.0
  0
LINE
  5
166C
330
17
100
AcDbEntity
  8
0
100
AcDbLine
 10
-18.44393
 20
3.0444999999999998
 30
0.0
 11
-18.45073
 21
3.05116
 31
0.0
  0
LINE
  5
166D
330
17
100
AcDbEntity
  8
0
100
AcDbLine
 10
-18.45073
 20
3.05116
 30
0.0
 11
-18.45681
 21
3.0584800000000003
 31
0.0
  0
LINE
  5
166E
330
17
100
AcDbEntity
  8
0
100
AcDbLine
 10
-18.45681
 20
3.0584800000000003
 30
0.0
 11
-18.4621
 21
3.06638
 31
0.0
  0
LINE
  5
166F
330
17
100
AcDbEntity
  8
0
100
AcDbLine
 10
-18.4621
 20
3.06638
 30
0.0
 11
-18.46655
 21
3.07479
 31
0.0
  0
LINE
  5
1670
330
17
100
AcDbEntity
  8
0
100
AcDbLine
 10
-18.46655
 20
3.07479
 30
0.0
 11
-18.48791
 21
3.12729
 31
0.0
  0
LINE
  5
1671
330
17
100
AcDbEntity
  8
0
100
AcDbLine
 10
-18.48791
 20
3.12729
 30
0.0
 11
-18.50406
 21
3.18162
 31
0.0
  0
LINE
  5
1672
330
17
100
AcDbEntity
  8
0
100
AcDbLine
 10
-18.50406
 20
3.18162
 30
0.0
 11
-18.514860000000002
 21
3.23726
 31
0.0
  0
LINE
  5
1673
330
17
100
AcDbEntity
  8
0
100
AcDbLine
 10
26.67491
 20
8.10351
 30
0.0
 11
26.665399999999998
 21
8.116389999999999
 31
0.0
  0
LINE
  5
1674
330
17
100
AcDbEntity
  8
0
100
AcDbLine
 10
26.665399999999998
 20
8.116389999999999
 30
0.0
 11
26.65465
 21
8.12826
 31
0.0
  0
LINE
  5
1675
330
17
100
AcDbEntity
  8
0
100
AcDbLine
 10
26.65465
 20
8.12826
 30
0.0
 11
26.642780000000002
 21
8.139000000000001
 31
0.0
  0
LINE
  5
1676
330
17
100
AcDbEntity
  8
0
100
AcDbLine
 10
26.642780000000002
 20
8.139000000000001
 30
0.0
 11
26.629900000000003
 21
8.14852
 31
0.0
  0
LINE
  5
1677
330
17
100
AcDbEntity
  8
0
100
AcDbLine
 10
26.629900000000003
 20
8.14852
 30
0.0
 11
26.61615
 21
8.156709999999999
 31
0.0
  0
LINE
  5
1678
330
17
100
AcDbEntity
  8
0
100
AcDbLine
 10
26.61615
 20
8.156709999999999
 30
0.0
 11
26.60165
 21
8.163490000000001
 31
0.0
  0
LINE
  5
1679
330
17
100
AcDbEntity
  8
0
100
AcDbLine
 10
26.60165
 20
8.163490000000001
 30
0.0
 11
26.58654
 21
8.168800000000001
 31
0.0
  0
LINE
  5
167A
330
17
100
AcDbEntity
  8
0
100
AcDbLine
 10
26.58654
 20
8.168800000000001
 30
0.0
 11
26.555410000000002
 21
8.17644
 31
0.0
  0
LINE
  5
167B
330
17
100
AcDbEntity
  8
0
100
AcDbLine
 10
26.555410000000002
 20
8.17644
 30
0.0
 11
26.52369
 21
8.181040000000001
 31
0.0
  0
LINE
  5
167C
330
17
100
AcDbEntity
  8
0
100
AcDbLine
 10
26.52369
 20
8.181040000000001
 30
0.0
 11
26.49167
 21
8.18259
 31
0.0
  0
LINE
  5
167D
330
17
100
AcDbEntity
  8
0
100
AcDbLine
 10
26.49167
 20
8.18259
 30
0.0
 11
26.47124
 21
8.18162
 31
0.0
  0
LINE
  5
167E
330
17
100
AcDbEntity
  8
0
100
AcDbLine
 10
26.47124
 20
8.18162
 30
0.0
 11
26.45099
 21
8.17874
 31
0.0
  0
LINE
  5
167F
330
17
100
AcDbEntity
  8
0
100
AcDbLine
 10
26.45099
 20
8.17874
 30
0.0
 11
26.4311
 21
8.17396
 31
0.0
  0
LINE
  5
1680
330
17
100
AcDbEntity
  8
0
100
AcDbLine
 10
26.4311
 20
8.17396
 30
0.0
 11
26.41175
 21
8.16733
 31
0.0
  0
LINE
  5
1681
330
17
100
AcDbEntity
  8
0
100
AcDbLine
 10
26.41175
 20
8.16733
 30
0.0
 11
26.39311
 21
8.15891
 31
0.0
  0
LINE
  5
1682
330
17
100
AcDbEntity
  8
0
100
AcDbLine
 10
26.39311
 20
8.15891
 30
0.0
 11
26.37534
 21
8.148769999999999
 31
0.0
  0
LINE
  5
1683
330
17
100
AcDbEntity
  8
0
100
AcDbLine
 10
26.37534
 20
8.148769999999999
 30
0.0
 11
26.36221
 21
8.139439999999999
 31
0.0
  0
LINE
  5
1684
330
17
100
AcDbEntity
  8
0
100
AcDbLine
 10
26.36221
 20
8.139439999999999
 30
0.0
 11
26.35011
 21
8.12879
 31
0.0
  0
LINE
  5
1685
330
17
100
AcDbEntity
  8
0
100
AcDbLine
 10
26.35011
 20
8.12879
 30
0.0
 11
26.33918
 21
8.11695
 31
0.0
  0
LINE
  5
1686
330
17
100
AcDbEntity
  8
0
100
AcDbLine
 10
26.33918
 20
8.11695
 30
0.0
 11
26.329539999999998
 21
8.104049999999999
 31
0.0
  0
LINE
  5
1687
330
17
100
AcDbEntity
  8
0
100
AcDbLine
 10
26.329539999999998
 20
8.104049999999999
 30
0.0
 11
26.321279999999998
 21
8.09021
 31
0.0
  0
LINE
  5
1688
330
17
100
AcDbEntity
  8
0
100
AcDbLine
 10
26.321279999999998
 20
8.09021
 30
0.0
 11
26.31451
 21
8.07559
 31
0.0
  0
LINE
  5
1689
330
17
100
AcDbEntity
  8
0
100
AcDbLine
 10
26.31451
 20
8.07559
 30
0.0
 11
26.30928
 21
8.060350000000001
 31
0.0
  0
LINE
  5
168A
330
17
100
AcDbEntity
  8
0
100
AcDbLine
 10
26.30928
 20
8.060350000000001
 30
0.0
 11
26.294330000000002
 21
7.9982500000000005
 31
0.0
  0
LINE
  5
168B
330
17
100
AcDbEntity
  8
0
100
AcDbLine
 10
26.294330000000002
 20
7.9982500000000005
 30
0.0
 11
26.284640000000003
 21
7.935110000000001
 31
0.0
  0
LINE
  5
168C
330
17
100
AcDbEntity
  8
0
100
AcDbLine
 10
26.284640000000003
 20
7.935110000000001
 30
0.0
 11
26.28027
 21
7.871380000000001
 31
0.0
  0
LINE
  5
168D
330
17
100
AcDbEntity
  8
0
100
AcDbLine
 10
26.28027
 20
7.871380000000001
 30
0.0
 11
26.27436
 21
7.422
 31
0.0
  0
LINE
  5
168E
330
17
100
AcDbEntity
  8
0
100
AcDbLine
 10
26.27436
 20
7.422
 30
0.0
 11
26.27436
 21
6.66141
 31
0.0
  0
LINE
  5
168F
330
17
100
AcDbEntity
  8
0
100
AcDbLine
 10
26.27436
 20
6.66141
 30
0.0
 11
27.71531
 21
6.66141
 31
0.0
  0
LINE
  5
1690
330
17
100
AcDbEntity
  8
0
100
AcDbLine
 10
27.71531
 20
6.66141
 30
0.0
 11
27.650660000000002
 21
6.26301
 31
0.0
  0
LINE
  5
1691
330
17
100
AcDbEntity
  8
0
100
AcDbLine
 10
27.650660000000002
 20
6.26301
 30
0.0
 11
27.61582
 21
6.08869
 31
0.0
  0
LINE
  5
1692
330
17
100
AcDbEntity
  8
0
100
AcDbLine
 10
27.61582
 20
6.08869
 30
0.0
 11
27.59389
 21
6.00948
 31
0.0
  0
LINE
  5
1693
330
17
100
AcDbEntity
  8
0
100
AcDbLine
 10
27.59389
 20
6.00948
 30
0.0
 11
27.56838
 21
5.91737
 31
0.0
  0
LINE
  5
1694
330
17
100
AcDbEntity
  8
0
100
AcDbLine
 10
27.56838
 20
5.91737
 30
0.0
 11
27.52369
 21
5.7921700000000005
 31
0.0
  0
LINE
  5
1695
330
17
100
AcDbEntity
  8
0
100
AcDbLine
 10
27.52369
 20
5.7921700000000005
 30
0.0
 11
27.50862
 21
5.74995
 31
0.0
  0
LINE
  5
1696
330
17
100
AcDbEntity
  8
0
100
AcDbLine
 10
27.50862
 20
5.74995
 30
0.0
 11
27.38024
 21
5.45509
 31
0.0
  0
LINE
  5
1697
330
17
100
AcDbEntity
  8
0
100
AcDbLine
 10
27.38024
 20
5.45509
 30
0.0
 11
27.35643
 21
5.408589999999999
 31
0.0
  0
LINE
  5
1698
330
17
100
AcDbEntity
  8
0
100
AcDbLine
 10
27.35643
 20
5.408589999999999
 30
0.0
 11
27.23366
 21
5.16884
 31
0.0
  0
LINE
  5
1699
330
17
100
AcDbEntity
  8
0
100
AcDbLine
 10
27.23366
 20
5.16884
 30
0.0
 11
27.06288
 21
4.88082
 31
0.0
  0
LINE
  5
169A
330
17
100
AcDbEntity
  8
0
100
AcDbLine
 10
27.06288
 20
4.88082
 30
0.0
 11
26.87478
 21
4.60378
 31
0.0
  0
LINE
  5
169B
330
17
100
AcDbEntity
  8
0
100
AcDbLine
 10
26.87478
 20
4.60378
 30
0.0
 11
26.684759999999997
 21
4.362279999999999
 31
0.0
  0
LINE
  5
169C
330
17
100
AcDbEntity
  8
0
100
AcDbLine
 10
26.684759999999997
 20
4.362279999999999
 30
0.0
 11
26.47624
 21
4.13656
 31
0.0
  0
LINE
  5
169D
330
17
100
AcDbEntity
  8
0
100
AcDbLine
 10
26.47624
 20
4.13656
 30
0.0
 11
26.269710000000003
 21
3.9383100000000004
 31
0.0
  0
LINE
  5
169E
330
17
100
AcDbEntity
  8
0
100
AcDbLine
 10
26.269710000000003
 20
3.9383100000000004
 30
0.0
 11
26.07732
 21
3.77108
 31
0.0
  0
LINE
  5
169F
330
17
100
AcDbEntity
  8
0
100
AcDbLine
 10
26.07732
 20
3.77108
 30
0.0
 11
25.912399999999998
 21
3.6416
 31
0.0
  0
LINE
  5
16A0
330
17
100
AcDbEntity
  8
0
100
AcDbLine
 10
25.912399999999998
 20
3.6416
 30
0.0
 11
25.90238
 21
3.63488
 31
0.0
  0
LINE
  5
16A1
330
17
100
AcDbEntity
  8
0
100
AcDbLine
 10
25.90238
 20
3.63488
 30
0.0
 11
25.8917
 21
3.62927
 31
0.0
  0
LINE
  5
16A2
330
17
100
AcDbEntity
  8
0
100
AcDbLine
 10
25.8917
 20
3.62927
 30
0.0
 11
25.880480000000002
 21
3.6248500000000003
 31
0.0
  0
LINE
  5
16A3
330
17
100
AcDbEntity
  8
0
100
AcDbLine
 10
25.880480000000002
 20
3.6248500000000003
 30
0.0
 11
25.86886
 21
3.6216500000000003
 31
0.0
  0
LINE
  5
16A4
330
17
100
AcDbEntity
  8
0
100
AcDbLine
 10
25.86886
 20
3.6216500000000003
 30
0.0
 11
25.85695
 21
3.61971
 31
0.0
  0
LINE
  5
16A5
330
17
100
AcDbEntity
  8
0
100
AcDbLine
 10
25.85695
 20
3.61971
 30
0.0
 11
25.84491
 21
3.6190599999999997
 31
0.0
  0
LINE
  5
16A6
330
17
100
AcDbEntity
  8
0
100
AcDbLine
 10
25.84491
 20
3.6190599999999997
 30
0.0
 11
25.8396
 21
3.61934
 31
0.0
  0
LINE
  5
16A7
330
17
100
AcDbEntity
  8
0
100
AcDbLine
 10
25.8396
 20
3.61934
 30
0.0
 11
25.83435
 21
3.6201499999999998
 31
0.0
  0
LINE
  5
16A8
330
17
100
AcDbEntity
  8
0
100
AcDbLine
 10
25.83435
 20
3.6201499999999998
 30
0.0
 11
25.82921
 21
3.6215
 31
0.0
  0
LINE
  5
16A9
330
17
100
AcDbEntity
  8
0
100
AcDbLine
 10
25.82921
 20
3.6215
 30
0.0
 11
25.82423
 21
3.62336
 31
0.0
  0
LINE
  5
16AA
330
17
100
AcDbEntity
  8
0
100
AcDbLine
 10
25.82423
 20
3.62336
 30
0.0
 11
25.81947
 21
3.6257300000000003
 31
0.0
  0
LINE
  5
16AB
330
17
100
AcDbEntity
  8
0
100
AcDbLine
 10
25.81947
 20
3.6257300000000003
 30
0.0
 11
25.81497
 21
3.62857
 31
0.0
  0
LINE
  5
16AC
330
17
100
AcDbEntity
  8
0
100
AcDbLine
 10
25.81497
 20
3.62857
 30
0.0
 11
25.81079
 21
3.63185
 31
0.0
  0
LINE
  5
16AD
330
17
100
AcDbEntity
  8
0
100
AcDbLine
 10
25.81079
 20
3.63185
 30
0.0
 11
25.80697
 21
3.63555
 31
0.0
  0
LINE
  5
16AE
330
17
100
AcDbEntity
  8
0
100
AcDbLine
 10
25.80697
 20
3.63555
 30
0.0
 11
25.80355
 21
3.6396200000000003
 31
0.0
  0
LINE
  5
16AF
330
17
100
AcDbEntity
  8
0
100
AcDbLine
 10
25.80355
 20
3.6396200000000003
 30
0.0
 11
25.80056
 21
3.64401
 31
0.0
  0
LINE
  5
16B0
330
17
100
AcDbEntity
  8
0
100
AcDbLine
 10
25.80056
 20
3.64401
 30
0.0
 11
25.79804
 21
3.64869
 31
0.0
  0
LINE
  5
16B1
330
17
100
AcDbEntity
  8
0
100
AcDbLine
 10
25.79804
 20
3.64869
 30
0.0
 11
25.796010000000003
 21
3.6536
 31
0.0
  0
LINE
  5
16B2
330
17
100
AcDbEntity
  8
0
100
AcDbLine
 10
25.796010000000003
 20
3.6536
 30
0.0
 11
25.79449
 21
3.6587
 31
0.0
  0
LINE
  5
16B3
330
17
100
AcDbEntity
  8
0
100
AcDbLine
 10
25.79449
 20
3.6587
 30
0.0
 11
25.7935
 21
3.66392
 31
0.0
  0
LINE
  5
16B4
330
17
100
AcDbEntity
  8
0
100
AcDbLine
 10
25.7935
 20
3.66392
 30
0.0
 11
25.760620000000003
 21
3.95738
 31
0.0
  0
LINE
  5
16B5
330
17
100
AcDbEntity
  8
0
100
AcDbLine
 10
25.760620000000003
 20
3.95738
 30
0.0
 11
25.73796
 21
4.36294
 31
0.0
  0
LINE
  5
16B6
330
17
100
AcDbEntity
  8
0
100
AcDbLine
 10
25.73796
 20
4.36294
 30
0.0
 11
25.73108
 21
4.92293
 31
0.0
  0
LINE
  5
16B7
330
17
100
AcDbEntity
  8
0
100
AcDbLine
 10
25.73108
 20
4.92293
 30
0.0
 11
25.72818
 21
5.408589999999999
 31
0.0
  0
LINE
  5
16B8
330
17
100
AcDbEntity
  8
0
100
AcDbLine
 10
25.72818
 20
5.408589999999999
 30
0.0
 11
25.726229999999997
 21
5.7343
 31
0.0
  0
LINE
  5
16B9
330
17
100
AcDbEntity
  8
0
100
AcDbLine
 10
25.726229999999997
 20
5.7343
 30
0.0
 11
25.72332
 21
5.7921700000000005
 31
0.0
  0
LINE
  5
16BA
330
17
100
AcDbEntity
  8
0
100
AcDbLine
 10
25.72332
 20
5.7921700000000005
 30
0.0
 11
25.718609999999998
 21
5.88598
 31
0.0
  0
LINE
  5
16BB
330
17
100
AcDbEntity
  8
0
100
AcDbLine
 10
25.718609999999998
 20
5.88598
 30
0.0
 11
25.702849999999998
 21
6.00948
 31
0.0
  0
LINE
  5
16BC
330
17
100
AcDbEntity
  8
0
100
AcDbLine
 10
25.702849999999998
 20
6.00948
 30
0.0
 11
25.699389999999998
 21
6.03664
 31
0.0
  0
LINE
  5
16BD
330
17
100
AcDbEntity
  8
0
100
AcDbLine
 10
25.699389999999998
 20
6.03664
 30
0.0
 11
25.693980000000003
 21
6.061719999999999
 31
0.0
  0
LINE
  5
16BE
330
17
100
AcDbEntity
  8
0
100
AcDbLine
 10
25.693980000000003
 20
6.061719999999999
 30
0.0
 11
25.686230000000002
 21
6.08617
 31
0.0
  0
LINE
  5
16BF
330
17
100
AcDbEntity
  8
0
100
AcDbLine
 10
25.686230000000002
 20
6.08617
 30
0.0
 11
25.676190000000002
 21
6.10979
 31
0.0
  0
LINE
  5
16C0
330
17
100
AcDbEntity
  8
0
100
AcDbLine
 10
25.676190000000002
 20
6.10979
 30
0.0
 11
25.66398
 21
6.13234
 31
0.0
  0
LINE
  5
16C1
330
17
100
AcDbEntity
  8
0
100
AcDbLine
 10
25.66398
 20
6.13234
 30
0.0
 11
25.64969
 21
6.15365
 31
0.0
  0
LINE
  5
16C2
330
17
100
AcDbEntity
  8
0
100
AcDbLine
 10
25.64969
 20
6.15365
 30
0.0
 11
25.63344
 21
6.1735
 31
0.0
  0
LINE
  5
16C3
330
17
100
AcDbEntity
  8
0
100
AcDbLine
 10
25.63344
 20
6.1735
 30
0.0
 11
25.621519999999997
 21
6.18542
 31
0.0
  0
LINE
  5
16C4
330
17
100
AcDbEntity
  8
0
100
AcDbLine
 10
25.621519999999997
 20
6.18542
 30
0.0
 11
25.608430000000002
 21
6.19603
 31
0.0
  0
LINE
  5
16C5
330
17
100
AcDbEntity
  8
0
100
AcDbLine
 10
25.608430000000002
 20
6.19603
 30
0.0
 11
25.594289999999997
 21
6.20521
 31
0.0
  0
LINE
  5
16C6
330
17
100
AcDbEntity
  8
0
100
AcDbLine
 10
25.594289999999997
 20
6.20521
 30
0.0
 11
25.57927
 21
6.21287
 31
0.0
  0
LINE
  5
16C7
330
17
100
AcDbEntity
  8
0
100
AcDbLine
 10
25.57927
 20
6.21287
 30
0.0
 11
25.56353
 21
6.21891
 31
0.0
  0
LINE
  5
16C8
330
17
100
AcDbEntity
  8
0
100
AcDbLine
 10
25.56353
 20
6.21891
 30
0.0
 11
25.547250000000002
 21
6.22327
 31
0.0
  0
LINE
  5
16C9
330
17
100
AcDbEntity
  8
0
100
AcDbLine
 10
25.547250000000002
 20
6.22327
 30
0.0
 11
25.5306
 21
6.225910000000001
 31
0.0
  0
LINE
  5
16CA
330
17
100
AcDbEntity
  8
0
100
AcDbLine
 10
25.5306
 20
6.225910000000001
 30
0.0
 11
25.51377
 21
6.22679
 31
0.0
  0
LINE
  5
16CB
330
17
100
AcDbEntity
  8
0
100
AcDbLine
 10
25.51377
 20
6.22679
 30
0.0
 11
25.49842
 21
6.226019999999999
 31
0.0
  0
LINE
  5
16CC
330
17
100
AcDbEntity
  8
0
100
AcDbLine
 10
25.49842
 20
6.226019999999999
 30
0.0
 11
25.48322
 21
6.223730000000001
 31
0.0
  0
LINE
  5
16CD
330
17
100
AcDbEntity
  8
0
100
AcDbLine
 10
25.48322
 20
6.223730000000001
 30
0.0
 11
25.46832
 21
6.219930000000001
 31
0.0
  0
LINE
  5
16CE
330
17
100
AcDbEntity
  8
0
100
AcDbLine
 10
25.46832
 20
6.219930000000001
 30
0.0
 11
25.45388
 21
6.21466
 31
0.0
  0
LINE
  5
16CF
330
17
100
AcDbEntity
  8
0
100
AcDbLine
 10
25.45388
 20
6.21466
 30
0.0
 11
25.44003
 21
6.20798
 31
0.0
  0
LINE
  5
16D0
330
17
100
AcDbEntity
  8
0
100
AcDbLine
 10
25.44003
 20
6.20798
 30
0.0
 11
25.42692
 21
6.19994
 31
0.0
  0
LINE
  5
16D1
330
17
100
AcDbEntity
  8
0
100
AcDbLine
 10
25.42692
 20
6.19994
 30
0.0
 11
25.414679999999997
 21
6.19065
 31
0.0
  0
LINE
  5
16D2
330
17
100
AcDbEntity
  8
0
100
AcDbLine
 10
25.414679999999997
 20
6.19065
 30
0.0
 11
25.40343
 21
6.1801699999999995
 31
0.0
  0
LINE
  5
16D3
330
17
100
AcDbEntity
  8
0
100
AcDbLine
 10
25.40343
 20
6.1801699999999995
 30
0.0
 11
25.39328
 21
6.168629999999999
 31
0.0
  0
LINE
  5
16D4
330
17
100
AcDbEntity
  8
0
100
AcDbLine
 10
25.39328
 20
6.168629999999999
 30
0.0
 11
25.37396
 21
6.14151
 31
0.0
  0
LINE
  5
16D5
330
17
100
AcDbEntity
  8
0
100
AcDbLine
 10
25.37396
 20
6.14151
 30
0.0
 11
25.35757
 21
6.11253
 31
0.0
  0
LINE
  5
16D6
330
17
100
AcDbEntity
  8
0
100
AcDbLine
 10
25.35757
 20
6.11253
 30
0.0
 11
25.34431
 21
6.08199
 31
0.0
  0
LINE
  5
16D7
330
17
100
AcDbEntity
  8
0
100
AcDbLine
 10
25.34431
 20
6.08199
 30
0.0
 11
25.33431
 21
6.05023
 31
0.0
  0
LINE
  5
16D8
330
17
100
AcDbEntity
  8
0
100
AcDbLine
 10
25.33431
 20
6.05023
 30
0.0
 11
25.32768
 21
6.0176
 31
0.0
  0
LINE
  5
16D9
330
17
100
AcDbEntity
  8
0
100
AcDbLine
 10
25.32768
 20
6.0176
 30
0.0
 11
25.326749999999997
 21
6.00948
 31
0.0
  0
LINE
  5
16DA
330
17
100
AcDbEntity
  8
0
100
AcDbLine
 10
25.326749999999997
 20
6.00948
 30
0.0
 11
25.30866
 21
5.85105
 31
0.0
  0
LINE
  5
16DB
330
17
100
AcDbEntity
  8
0
100
AcDbLine
 10
25.30866
 20
5.85105
 30
0.0
 11
25.30603
 21
5.7921700000000005
 31
0.0
  0
LINE
  5
16DC
330
17
100
AcDbEntity
  8
0
100
AcDbLine
 10
25.30603
 20
5.7921700000000005
 30
0.0
 11
25.30116
 21
5.68359
 31
0.0
  0
LINE
  5
16DD
330
17
100
AcDbEntity
  8
0
100
AcDbLine
 10
25.30116
 20
5.68359
 30
0.0
 11
25.29975
 21
5.408589999999999
 31
0.0
  0
LINE
  5
16DE
330
17
100
AcDbEntity
  8
0
100
AcDbLine
 10
25.29975
 20
5.408589999999999
 30
0.0
 11
25.29646
 21
4.77057
 31
0.0
  0
LINE
  5
16DF
330
17
100
AcDbEntity
  8
0
100
AcDbLine
 10
25.29646
 20
4.77057
 30
0.0
 11
25.29646
 21
3.31436
 31
0.0
  0
LINE
  5
16E0
330
17
100
AcDbEntity
  8
0
100
AcDbLine
 10
25.29646
 20
3.31436
 30
0.0
 11
24.94333
 21
3.19089
 31
0.0
  0
LINE
  5
16E1
330
17
100
AcDbEntity
  8
0
100
AcDbLine
 10
24.94333
 20
3.19089
 30
0.0
 11
24.69313
 21
3.1144800000000004
 31
0.0
  0
LINE
  5
16E2
330
17
100
AcDbEntity
  8
0
100
AcDbLine
 10
24.69313
 20
3.1144800000000004
 30
0.0
 11
24.43763
 21
3.05826
 31
0.0
  0
LINE
  5
16E3
330
17
100
AcDbEntity
  8
0
100
AcDbLine
 10
24.43763
 20
3.05826
 30
0.0
 11
24.178459999999998
 21
3.02259
 31
0.0
  0
LINE
  5
16E4
330
17
100
AcDbEntity
  8
0
100
AcDbLine
 10
24.178459999999998
 20
3.02259
 30
0.0
 11
23.943119999999997
 21
3.00964
 31
0.0
  0
LINE
  5
16E5
330
17
100
AcDbEntity
  8
0
100
AcDbLine
 10
23.943119999999997
 20
3.00964
 30
0.0
 11
23.73668
 21
2.99828
 31
0.0
  0
LINE
  5
16E6
330
17
100
AcDbEntity
  8
0
100
AcDbLine
 10
23.73668
 20
2.99828
 30
0.0
 11
23.34116
 21
3.00964
 31
0.0
  0
LINE
  5
16E7
330
17
100
AcDbEntity
  8
0
100
AcDbLine
 10
23.34116
 20
3.00964
 30
0.0
 11
23.29442
 21
3.01099
 31
0.0
  0
LINE
  5
16E8
330
17
100
AcDbEntity
  8
0
100
AcDbLine
 10
23.29442
 20
3.01099
 30
0.0
 11
22.85302
 21
3.06076
 31
0.0
  0
LINE
  5
16E9
330
17
100
AcDbEntity
  8
0
100
AcDbLine
 10
22.85302
 20
3.06076
 30
0.0
 11
22.4173
 21
3.14716
 31
0.0
  0
LINE
  5
16EA
330
17
100
AcDbEntity
  8
0
100
AcDbLine
 10
22.4173
 20
3.14716
 30
0.0
 11
22.1623
 21
3.21945
 31
0.0
  0
LINE
  5
16EB
330
17
100
AcDbEntity
  8
0
100
AcDbLine
 10
22.1623
 20
3.21945
 30
0.0
 11
21.91366
 21
3.31126
 31
0.0
  0
LINE
  5
16EC
330
17
100
AcDbEntity
  8
0
100
AcDbLine
 10
21.91366
 20
3.31126
 30
0.0
 11
21.67287
 21
3.42205
 31
0.0
  0
LINE
  5
16ED
330
17
100
AcDbEntity
  8
0
100
AcDbLine
 10
21.67287
 20
3.42205
 30
0.0
 11
21.3651
 21
3.59707
 31
0.0
  0
LINE
  5
16EE
330
17
100
AcDbEntity
  8
0
100
AcDbLine
 10
21.3651
 20
3.59707
 30
0.0
 11
21.07515
 21
3.8002700000000003
 31
0.0
  0
LINE
  5
16EF
330
17
100
AcDbEntity
  8
0
100
AcDbLine
 10
21.07515
 20
3.8002700000000003
 30
0.0
 11
20.80559
 21
4.02982
 31
0.0
  0
LINE
  5
16F0
330
17
100
AcDbEntity
  8
0
100
AcDbLine
 10
20.80559
 20
4.02982
 30
0.0
 11
20.5519
 21
4.28911
 31
0.0
  0
LINE
  5
16F1
330
17
100
AcDbEntity
  8
0
100
AcDbLine
 10
20.5519
 20
4.28911
 30
0.0
 11
20.321849999999998
 21
4.5696
 31
0.0
  0
LINE
  5
16F2
330
17
100
AcDbEntity
  8
0
100
AcDbLine
 10
20.321849999999998
 20
4.5696
 30
0.0
 11
20.11723
 21
4.86914
 31
0.0
  0
LINE
  5
16F3
330
17
100
AcDbEntity
  8
0
100
AcDbLine
 10
20.11723
 20
4.86914
 30
0.0
 11
19.92813
 21
5.203550000000001
 31
0.0
  0
LINE
  5
16F4
330
17
100
AcDbEntity
  8
0
100
AcDbLine
 10
19.92813
 20
5.203550000000001
 30
0.0
 11
19.83341
 21
5.408589999999999
 31
0.0
  0
LINE
  5
16F5
330
17
100
AcDbEntity
  8
0
100
AcDbLine
 10
19.83341
 20
5.408589999999999
 30
0.0
 11
19.767010000000003
 21
5.55231
 31
0.0
  0
LINE
  5
16F6
330
17
100
AcDbEntity
  8
0
100
AcDbLine
 10
19.767010000000003
 20
5.55231
 30
0.0
 11
19.67919
 21
5.7921700000000005
 31
0.0
  0
LINE
  5
16F7
330
17
100
AcDbEntity
  8
0
100
AcDbLine
 10
19.67919
 20
5.7921700000000005
 30
0.0
 11
19.634929999999997
 21
5.91307
 31
0.0
  0
LINE
  5
16F8
330
17
100
AcDbEntity
  8
0
100
AcDbLine
 10
19.634929999999997
 20
5.91307
 30
0.0
 11
19.609209999999997
 21
6.00948
 31
0.0
  0
LINE
  5
16F9
330
17
100
AcDbEntity
  8
0
100
AcDbLine
 10
19.609209999999997
 20
6.00948
 30
0.0
 11
19.47525
 21
6.51172
 31
0.0
  0
LINE
  5
16FA
330
17
100
AcDbEntity
  8
0
100
AcDbLine
 10
19.47525
 20
6.51172
 30
0.0
 11
19.37538
 21
7.1232
 31
0.0
  0
LINE
  5
16FB
330
17
100
AcDbEntity
  8
0
100
AcDbLine
 10
19.37538
 20
7.1232
 30
0.0
 11
19.30478
 21
7.74796
 31
0.0
  0
LINE
  5
16FC
330
17
100
AcDbEntity
  8
0
100
AcDbLine
 10
19.30478
 20
7.74796
 30
0.0
 11
19.63857
 21
7.74796
 31
0.0
  0
LINE
  5
16FD
330
17
100
AcDbEntity
  8
0
100
AcDbLine
 10
19.63857
 20
7.74796
 30
0.0
 11
19.72277
 21
7.75043
 31
0.0
  0
LINE
  5
16FE
330
17
100
AcDbEntity
  8
0
100
AcDbLine
 10
19.72277
 20
7.75043
 30
0.0
 11
19.80668
 21
7.75781
 31
0.0
  0
LINE
  5
16FF
330
17
100
AcDbEntity
  8
0
100
AcDbLine
 10
19.80668
 20
7.75781
 30
0.0
 11
19.82716
 21
7.76118
 31
0.0
  0
LINE
  5
1700
330
17
100
AcDbEntity
  8
0
100
AcDbLine
 10
19.82716
 20
7.76118
 30
0.0
 11
19.84725
 21
7.76641
 31
0.0
  0
LINE
  5
1701
330
17
100
AcDbEntity
  8
0
100
AcDbLine
 10
19.84725
 20
7.76641
 30
0.0
 11
19.86677
 21
7.7734700000000005
 31
0.0
  0
LINE
  5
1702
330
17
100
AcDbEntity
  8
0
100
AcDbLine
 10
19.86677
 20
7.7734700000000005
 30
0.0
 11
19.88556
 21
7.7823
 31
0.0
  0
LINE
  5
1703
330
17
100
AcDbEntity
  8
0
100
AcDbLine
 10
19.88556
 20
7.7823
 30
0.0
 11
19.903460000000003
 21
7.79281
 31
0.0
  0
LINE
  5
1704
330
17
100
AcDbEntity
  8
0
100
AcDbLine
 10
19.903460000000003
 20
7.79281
 30
0.0
 11
19.91333
 21
7.79992
 31
0.0
  0
LINE
  5
1705
330
17
100
AcDbEntity
  8
0
100
AcDbLine
 10
19.91333
 20
7.79992
 30
0.0
 11
19.92247
 21
7.80794
 31
0.0
  0
LINE
  5
1706
330
17
100
AcDbEntity
  8
0
100
AcDbLine
 10
19.92247
 20
7.80794
 30
0.0
 11
19.93081
 21
7.81679
 31
0.0
  0
LINE
  5
1707
330
17
100
AcDbEntity
  8
0
100
AcDbLine
 10
19.93081
 20
7.81679
 30
0.0
 11
19.93827
 21
7.826390000000001
 31
0.0
  0
LINE
  5
1708
330
17
100
AcDbEntity
  8
0
100
AcDbLine
 10
19.93827
 20
7.826390000000001
 30
0.0
 11
19.944779999999998
 21
7.83666
 31
0.0
  0
LINE
  5
1709
330
17
100
AcDbEntity
  8
0
100
AcDbLine
 10
19.944779999999998
 20
7.83666
 30
0.0
 11
19.950300000000002
 21
7.8474900000000005
 31
0.0
  0
LINE
  5
170A
330
17
100
AcDbEntity
  8
0
100
AcDbLine
 10
19.950300000000002
 20
7.8474900000000005
 30
0.0
 11
19.95475
 21
7.858810000000001
 31
0.0
  0
LINE
  5
170B
330
17
100
AcDbEntity
  8
0
100
AcDbLine
 10
19.95475
 20
7.858810000000001
 30
0.0
 11
19.96241
 21
7.884789999999999
 31
0.0
  0
LINE
  5
170C
330
17
100
AcDbEntity
  8
0
100
AcDbLine
 10
19.96241
 20
7.884789999999999
 30
0.0
 11
19.96792
 21
7.91132
 31
0.0
  0
LINE
  5
170D
330
17
100
AcDbEntity
  8
0
100
AcDbLine
 10
19.96792
 20
7.91132
 30
0.0
 11
19.97124
 21
7.93821
 31
0.0
  0
LINE
  5
170E
330
17
100
AcDbEntity
  8
0
100
AcDbLine
 10
19.97124
 20
7.93821
 30
0.0
 11
19.97235
 21
7.96528
 31
0.0
  0
LINE
  5
170F
330
17
100
AcDbEntity
  8
0
100
AcDbLine
 10
19.97235
 20
7.96528
 30
0.0
 11
19.97408
 21
7.9996100000000006
 31
0.0
  0
LINE
  5
1710
330
17
100
AcDbEntity
  8
0
100
AcDbLine
 10
19.97408
 20
7.9996100000000006
 30
0.0
 11
19.97926
 21
8.0336
 31
0.0
  0
LINE
  5
1711
330
17
100
AcDbEntity
  8
0
100
AcDbLine
 10
19.97926
 20
8.0336
 30
0.0
 11
19.98784
 21
8.0669
 31
0.0
  0
LINE
  5
1712
330
17
100
AcDbEntity
  8
0
100
AcDbLine
 10
19.98784
 20
8.0669
 30
0.0
 11
19.99256
 21
8.07973
 31
0.0
  0
LINE
  5
1713
330
17
100
AcDbEntity
  8
0
100
AcDbLine
 10
19.99256
 20
8.07973
 30
0.0
 11
19.99852
 21
8.09204
 31
0.0
  0
LINE
  5
1714
330
17
100
AcDbEntity
  8
0
100
AcDbLine
 10
19.99852
 20
8.09204
 30
0.0
 11
20.005660000000002
 21
8.1037
 31
0.0
  0
LINE
  5
1715
330
17
100
AcDbEntity
  8
0
100
AcDbLine
 10
20.005660000000002
 20
8.1037
 30
0.0
 11
20.01393
 21
8.1146
 31
0.0
  0
LINE
  5
1716
330
17
100
AcDbEntity
  8
0
100
AcDbLine
 10
20.01393
 20
8.1146
 30
0.0
 11
20.023229999999998
 21
8.124630000000002
 31
0.0
  0
LINE
  5
1717
330
17
100
AcDbEntity
  8
0
100
AcDbLine
 10
20.023229999999998
 20
8.124630000000002
 30
0.0
 11
20.03347
 21
8.133690000000001
 31
0.0
  0
LINE
  5
1718
330
17
100
AcDbEntity
  8
0
100
AcDbLine
 10
20.03347
 20
8.133690000000001
 30
0.0
 11
20.048219999999997
 21
8.14434
 31
0.0
  0
LINE
  5
1719
330
17
100
AcDbEntity
  8
0
100
AcDbLine
 10
20.048219999999997
 20
8.14434
 30
0.0
 11
20.063959999999998
 21
8.15348
 31
0.0
  0
LINE
  5
171A
330
17
100
AcDbEntity
  8
0
100
AcDbLine
 10
20.063959999999998
 20
8.15348
 30
0.0
 11
20.08052
 21
8.16102
 31
0.0
  0
LINE
  5
171B
330
17
100
AcDbEntity
  8
0
100
AcDbLine
 10
20.08052
 20
8.16102
 30
0.0
 11
20.09775
 21
8.166879999999999
 31
0.0
  0
LINE
  5
171C
330
17
100
AcDbEntity
  8
0
100
AcDbLine
 10
20.09775
 20
8.166879999999999
 30
0.0
 11
20.11548
 21
8.171019999999999
 31
0.0
  0
LINE
  5
171D
330
17
100
AcDbEntity
  8
0
100
AcDbLine
 10
20.11548
 20
8.171019999999999
 30
0.0
 11
20.179470000000002
 21
8.179689999999999
 31
0.0
  0
LINE
  5
171E
330
17
100
AcDbEntity
  8
0
100
AcDbLine
 10
20.179470000000002
 20
8.179689999999999
 30
0.0
 11
20.24399
 21
8.18259
 31
0.0
  0
LINE
  5
171F
330
17
100
AcDbEntity
  8
0
100
AcDbLine
 10
20.24399
 20
8.18259
 30
0.0
 11
20.30851
 21
8.179689999999999
 31
0.0
  0
LINE
  5
1720
330
17
100
AcDbEntity
  8
0
100
AcDbLine
 10
20.30851
 20
8.179689999999999
 30
0.0
 11
20.372500000000002
 21
8.171019999999999
 31
0.0
  0
LINE
  5
1721
330
17
100
AcDbEntity
  8
0
100
AcDbLine
 10
20.372500000000002
 20
8.171019999999999
 30
0.0
 11
20.39022
 21
8.166879999999999
 31
0.0
  0
LINE
  5
1722
330
17
100
AcDbEntity
  8
0
100
AcDbLine
 10
20.39022
 20
8.166879999999999
 30
0.0
 11
20.40745
 21
8.16102
 31
0.0
  0
LINE
  5
1723
330
17
100
AcDbEntity
  8
0
100
AcDbLine
 10
20.40745
 20
8.16102
 30
0.0
 11
20.424020000000002
 21
8.15348
 31
0.0
  0
LINE
  5
1724
330
17
100
AcDbEntity
  8
0
100
AcDbLine
 10
20.424020000000002
 20
8.15348
 30
0.0
 11
20.43975
 21
8.14434
 31
0.0
  0
LINE
  5
1725
330
17
100
AcDbEntity
  8
0
100
AcDbLine
 10
20.43975
 20
8.14434
 30
0.0
 11
20.45451
 21
8.133690000000001
 31
0.0
  0
LINE
  5
1726
330
17
100
AcDbEntity
  8
0
100
AcDbLine
 10
20.45451
 20
8.133690000000001
 30
0.0
 11
20.46475
 21
8.124630000000002
 31
0.0
  0
LINE
  5
1727
330
17
100
AcDbEntity
  8
0
100
AcDbLine
 10
20.46475
 20
8.124630000000002
 30
0.0
 11
20.474050000000002
 21
8.1146
 31
0.0
  0
LINE
  5
1728
330
17
100
AcDbEntity
  8
0
100
AcDbLine
 10
20.474050000000002
 20
8.1146
 30
0.0
 11
20.482310000000002
 21
8.1037
 31
0.0
  0
LINE
  5
1729
330
17
100
AcDbEntity
  8
0
100
AcDbLine
 10
20.482310000000002
 20
8.1037
 30
0.0
 11
20.48946
 21
8.09204
 31
0.0
  0
LINE
  5
172A
330
17
100
AcDbEntity
  8
0
100
AcDbLine
 10
20.48946
 20
8.09204
 30
0.0
 11
20.49542
 21
8.07973
 31
0.0
  0
LINE
  5
172B
330
17
100
AcDbEntity
  8
0
100
AcDbLine
 10
20.49542
 20
8.07973
 30
0.0
 11
20.500140000000002
 21
8.0669
 31
0.0
  0
LINE
  5
172C
330
17
100
AcDbEntity
  8
0
100
AcDbLine
 10
20.500140000000002
 20
8.0669
 30
0.0
 11
20.50871
 21
8.0336
 31
0.0
  0
LINE
  5
172D
330
17
100
AcDbEntity
  8
0
100
AcDbLine
 10
20.50871
 20
8.0336
 30
0.0
 11
20.513900000000003
 21
7.9996100000000006
 31
0.0
  0
LINE
  5
172E
330
17
100
AcDbEntity
  8
0
100
AcDbLine
 10
20.513900000000003
 20
7.9996100000000006
 30
0.0
 11
20.51563
 21
7.96528
 31
0.0
  0
LINE
  5
172F
330
17
100
AcDbEntity
  8
0
100
AcDbLine
 10
20.51563
 20
7.96528
 30
0.0
 11
20.516840000000002
 21
7.93752
 31
0.0
  0
LINE
  5
1730
330
17
100
AcDbEntity
  8
0
100
AcDbLine
 10
20.516840000000002
 20
7.93752
 30
0.0
 11
20.52048
 21
7.90997
 31
0.0
  0
LINE
  5
1731
330
17
100
AcDbEntity
  8
0
100
AcDbLine
 10
20.52048
 20
7.90997
 30
0.0
 11
20.526510000000002
 21
7.882840000000001
 31
0.0
  0
LINE
  5
1732
330
17
100
AcDbEntity
  8
0
100
AcDbLine
 10
20.526510000000002
 20
7.882840000000001
 30
0.0
 11
20.53489
 21
7.85635
 31
0.0
  0
LINE
  5
1733
330
17
100
AcDbEntity
  8
0
100
AcDbLine
 10
20.53489
 20
7.85635
 30
0.0
 11
20.539769999999997
 21
7.844810000000001
 31
0.0
  0
LINE
  5
1734
330
17
100
AcDbEntity
  8
0
100
AcDbLine
 10
20.539769999999997
 20
7.844810000000001
 30
0.0
 11
20.54579
 21
7.83382
 31
0.0
  0
LINE
  5
1735
330
17
100
AcDbEntity
  8
0
100
AcDbLine
 10
20.54579
 20
7.83382
 30
0.0
 11
20.552870000000002
 21
7.823480000000001
 31
0.0
  0
LINE
  5
1736
330
17
100
AcDbEntity
  8
0
100
AcDbLine
 10
20.552870000000002
 20
7.823480000000001
 30
0.0
 11
20.560950000000002
 21
7.8139
 31
0.0
  0
LINE
  5
1737
330
17
100
AcDbEntity
  8
0
100
AcDbLine
 10
20.560950000000002
 20
7.8139
 30
0.0
 11
20.56995
 21
7.80518
 31
0.0
  0
LINE
  5
1738
330
17
100
AcDbEntity
  8
0
100
AcDbLine
 10
20.56995
 20
7.80518
 30
0.0
 11
20.57977
 21
7.7974000000000006
 31
0.0
  0
LINE
  5
1739
330
17
100
AcDbEntity
  8
0
100
AcDbLine
 10
20.57977
 20
7.7974000000000006
 30
0.0
 11
20.59033
 21
7.790649999999999
 31
0.0
  0
LINE
  5
173A
330
17
100
AcDbEntity
  8
0
100
AcDbLine
 10
20.59033
 20
7.790649999999999
 30
0.0
 11
20.615660000000002
 21
7.77793
 31
0.0
  0
LINE
  5
173B
330
17
100
AcDbEntity
  8
0
100
AcDbLine
 10
20.615660000000002
 20
7.77793
 30
0.0
 11
20.6422
 21
7.76799
 31
0.0
  0
LINE
  5
173C
330
17
100
AcDbEntity
  8
0
100
AcDbLine
 10
20.6422
 20
7.76799
 30
0.0
 11
20.66965
 21
7.76095
 31
0.0
  0
LINE
  5
173D
330
17
100
AcDbEntity
  8
0
100
AcDbLine
 10
20.66965
 20
7.76095
 30
0.0
 11
20.6977
 21
7.756889999999999
 31
0.0
  0
LINE
  5
173E
330
17
100
AcDbEntity
  8
0
100
AcDbLine
 10
20.6977
 20
7.756889999999999
 30
0.0
 11
20.895919999999997
 21
7.74796
 31
0.0
  0
LINE
  5
173F
330
17
100
AcDbEntity
  8
0
100
AcDbLine
 10
20.895919999999997
 20
7.74796
 30
0.0
 11
21.1271
 21
7.75808
 31
0.0
  0
LINE
  5
1740
330
17
100
AcDbEntity
  8
0
100
AcDbLine
 10
21.1271
 20
7.75808
 30
0.0
 11
21.14335
 21
7.76039
 31
0.0
  0
LINE
  5
1741
330
17
100
AcDbEntity
  8
0
100
AcDbLine
 10
21.14335
 20
7.76039
 30
0.0
 11
21.15926
 21
7.76443
 31
0.0
  0
LINE
  5
1742
330
17
100
AcDbEntity
  8
0
100
AcDbLine
 10
21.15926
 20
7.76443
 30
0.0
 11
21.17465
 21
7.77015
 31
0.0
  0
LINE
  5
1743
330
17
100
AcDbEntity
  8
0
100
AcDbLine
 10
21.17465
 20
7.77015
 30
0.0
 11
21.189329999999998
 21
7.77748
 31
0.0
  0
LINE
  5
1744
330
17
100
AcDbEntity
  8
0
100
AcDbLine
 10
21.189329999999998
 20
7.77748
 30
0.0
 11
21.203139999999998
 21
7.78635
 31
0.0
  0
LINE
  5
1745
330
17
100
AcDbEntity
  8
0
100
AcDbLine
 10
21.203139999999998
 20
7.78635
 30
0.0
 11
21.21593
 21
7.79664
 31
0.0
  0
LINE
  5
1746
330
17
100
AcDbEntity
  8
0
100
AcDbLine
 10
21.21593
 20
7.79664
 30
0.0
 11
21.22753
 21
7.80825
 31
0.0
  0
LINE
  5
1747
330
17
100
AcDbEntity
  8
0
100
AcDbLine
 10
21.22753
 20
7.80825
 30
0.0
 11
21.23783
 21
7.82104
 31
0.0
  0
LINE
  5
1748
330
17
100
AcDbEntity
  8
0
100
AcDbLine
 10
21.23783
 20
7.82104
 30
0.0
 11
21.2467
 21
7.834850000000001
 31
0.0
  0
LINE
  5
1749
330
17
100
AcDbEntity
  8
0
100
AcDbLine
 10
21.2467
 20
7.834850000000001
 30
0.0
 11
21.25403
 21
7.849530000000001
 31
0.0
  0
LINE
  5
174A
330
17
100
AcDbEntity
  8
0
100
AcDbLine
 10
21.25403
 20
7.849530000000001
 30
0.0
 11
21.25975
 21
7.864919999999999
 31
0.0
  0
LINE
  5
174B
330
17
100
AcDbEntity
  8
0
100
AcDbLine
 10
21.25975
 20
7.864919999999999
 30
0.0
 11
21.26379
 21
7.8808300000000004
 31
0.0
  0
LINE
  5
174C
330
17
100
AcDbEntity
  8
0
100
AcDbLine
 10
21.26379
 20
7.8808300000000004
 30
0.0
 11
21.266099999999998
 21
7.897080000000001
 31
0.0
  0
LINE
  5
174D
330
17
100
AcDbEntity
  8
0
100
AcDbLine
 10
21.266099999999998
 20
7.897080000000001
 30
0.0
 11
21.27622
 21
8.12826
 31
0.0
  0
LINE
  5
174E
330
17
100
AcDbEntity
  8
0
100
AcDbLine
 10
21.27622
 20
8.12826
 30
0.0
 11
21.26833
 21
8.27398
 31
0.0
  0
LINE
  5
174F
330
17
100
AcDbEntity
  8
0
100
AcDbLine
 10
21.26833
 20
8.27398
 30
0.0
 11
21.25893
 21
8.33592
 31
0.0
  0
LINE
  5
1750
330
17
100
AcDbEntity
  8
0
100
AcDbLine
 10
21.25893
 20
8.33592
 30
0.0
 11
21.2443
 21
8.39684
 31
0.0
  0
LINE
  5
1751
330
17
100
AcDbEntity
  8
0
100
AcDbLine
 10
21.2443
 20
8.39684
 30
0.0
 11
21.22914
 21
8.441
 31
0.0
  0
LINE
  5
1752
330
17
100
AcDbEntity
  8
0
100
AcDbLine
 10
21.22914
 20
8.441
 30
0.0
 11
21.20947
 21
8.48333
 31
0.0
  0
LINE
  5
1753
330
17
100
AcDbEntity
  8
0
100
AcDbLine
 10
21.20947
 20
8.48333
 30
0.0
 11
21.20682
 21
8.48773
 31
0.0
  0
LINE
  5
1754
330
17
100
AcDbEntity
  8
0
100
AcDbLine
 10
21.20682
 20
8.48773
 30
0.0
 11
21.20371
 21
8.49182
 31
0.0
  0
LINE
  5
1755
330
17
100
AcDbEntity
  8
0
100
AcDbLine
 10
21.20371
 20
8.49182
 30
0.0
 11
21.20018
 21
8.49555
 31
0.0
  0
LINE
  5
1756
330
17
100
AcDbEntity
  8
0
100
AcDbLine
 10
21.20018
 20
8.49555
 30
0.0
 11
21.19627
 21
8.49888
 31
0.0
  0
LINE
  5
1757
330
17
100
AcDbEntity
  8
0
100
AcDbLine
 10
21.19627
 20
8.49888
 30
0.0
 11
21.19201
 21
8.50176
 31
0.0
  0
LINE
  5
1758
330
17
100
AcDbEntity
  8
0
100
AcDbLine
 10
21.19201
 20
8.50176
 30
0.0
 11
21.18748
 21
8.50417
 31
0.0
  0
LINE
  5
1759
330
17
100
AcDbEntity
  8
0
100
AcDbLine
 10
21.18748
 20
8.50417
 30
0.0
 11
21.18271
 21
8.50607
 31
0.0
  0
LINE
  5
175A
330
17
100
AcDbEntity
  8
0
100
AcDbLine
 10
21.18271
 20
8.50607
 30
0.0
 11
21.17776
 21
8.507439999999999
 31
0.0
  0
LINE
  5
175B
330
17
100
AcDbEntity
  8
0
100
AcDbLine
 10
21.17776
 20
8.507439999999999
 30
0.0
 11
21.17269
 21
8.50827
 31
0.0
  0
LINE
  5
175C
330
17
100
AcDbEntity
  8
0
100
AcDbLine
 10
21.17269
 20
8.50827
 30
0.0
 11
21.167559999999998
 21
8.50855
 31
0.0
  0
LINE
  5
175D
330
17
100
AcDbEntity
  8
0
100
AcDbLine
 10
21.167559999999998
 20
8.50855
 30
0.0
 11
21.153950000000002
 21
8.509269999999999
 31
0.0
  0
LINE
  5
175E
330
17
100
AcDbEntity
  8
0
100
AcDbLine
 10
21.153950000000002
 20
8.509269999999999
 30
0.0
 11
21.14049
 21
8.51144
 31
0.0
  0
LINE
  5
175F
330
17
100
AcDbEntity
  8
0
100
AcDbLine
 10
21.14049
 20
8.51144
 30
0.0
 11
21.12734
 21
8.51501
 31
0.0
  0
LINE
  5
1760
330
17
100
AcDbEntity
  8
0
100
AcDbLine
 10
21.12734
 20
8.51501
 30
0.0
 11
21.11464
 21
8.51996
 31
0.0
  0
LINE
  5
1761
330
17
100
AcDbEntity
  8
0
100
AcDbLine
 10
21.11464
 20
8.51996
 30
0.0
 11
21.10253
 21
8.52623
 31
0.0
  0
LINE
  5
1762
330
17
100
AcDbEntity
  8
0
100
AcDbLine
 10
21.10253
 20
8.52623
 30
0.0
 11
21.091160000000002
 21
8.53375
 31
0.0
  0
LINE
  5
1763
330
17
100
AcDbEntity
  8
0
100
AcDbLine
 10
21.091160000000002
 20
8.53375
 30
0.0
 11
21.08065
 21
8.54243
 31
0.0
  0
LINE
  5
1764
330
17
100
AcDbEntity
  8
0
100
AcDbLine
 10
21.08065
 20
8.54243
 30
0.0
 11
21.07112
 21
8.55217
 31
0.0
  0
LINE
  5
1765
330
17
100
AcDbEntity
  8
0
100
AcDbLine
 10
21.07112
 20
8.55217
 30
0.0
 11
21.06268
 21
8.56287
 31
0.0
  0
LINE
  5
1766
330
17
100
AcDbEntity
  8
0
100
AcDbLine
 10
21.06268
 20
8.56287
 30
0.0
 11
21.055419999999998
 21
8.574409999999999
 31
0.0
  0
LINE
  5
1767
330
17
100
AcDbEntity
  8
0
100
AcDbLine
 10
21.055419999999998
 20
8.574409999999999
 30
0.0
 11
21.049419999999998
 21
8.586649999999999
 31
0.0
  0
LINE
  5
1768
330
17
100
AcDbEntity
  8
0
100
AcDbLine
 10
21.049419999999998
 20
8.586649999999999
 30
0.0
 11
21.04475
 21
8.59945
 31
0.0
  0
LINE
  5
1769
330
17
100
AcDbEntity
  8
0
100
AcDbLine
 10
21.04475
 20
8.59945
 30
0.0
 11
21.04146
 21
8.61268
 31
0.0
  0
LINE
  5
176A
330
17
100
AcDbEntity
  8
0
100
AcDbLine
 10
21.04146
 20
8.61268
 30
0.0
 11
21.0396
 21
8.626180000000002
 31
0.0
  0
LINE
  5
176B
330
17
100
AcDbEntity
  8
0
100
AcDbLine
 10
21.0396
 20
8.626180000000002
 30
0.0
 11
21.03918
 21
8.639809999999999
 31
0.0
  0
LINE
  5
176C
330
17
100
AcDbEntity
  8
0
100
AcDbLine
 10
21.03918
 20
8.639809999999999
 30
0.0
 11
21.0402
 21
8.6534
 31
0.0
  0
LINE
  5
176D
330
17
100
AcDbEntity
  8
0
100
AcDbLine
 10
21.0402
 20
8.6534
 30
0.0
 11
21.065859999999997
 21
8.80267
 31
0.0
  0
LINE
  5
176E
330
17
100
AcDbEntity
  8
0
100
AcDbLine
 10
21.065859999999997
 20
8.80267
 30
0.0
 11
21.1039
 21
8.94928
 31
0.0
  0
LINE
  5
176F
330
17
100
AcDbEntity
  8
0
100
AcDbLine
 10
21.1039
 20
8.94928
 30
0.0
 11
21.154059999999998
 21
9.0922
 31
0.0
  0
LINE
  5
1770
330
17
100
AcDbEntity
  8
0
100
AcDbLine
 10
21.154059999999998
 20
9.0922
 30
0.0
 11
21.278109999999998
 21
9.364310000000001
 31
0.0
  0
LINE
  5
1771
330
17
100
AcDbEntity
  8
0
100
AcDbLine
 10
21.278109999999998
 20
9.364310000000001
 30
0.0
 11
21.42782
 21
9.62318
 31
0.0
  0
LINE
  5
1772
330
17
100
AcDbEntity
  8
0
100
AcDbLine
 10
21.42782
 20
9.62318
 30
0.0
 11
21.53447
 21
9.77493
 31
0.0
  0
LINE
  5
1773
330
17
100
AcDbEntity
  8
0
100
AcDbLine
 10
21.53447
 20
9.77493
 30
0.0
 11
21.652910000000002
 21
9.91766
 31
0.0
  0
LINE
  5
1774
330
17
100
AcDbEntity
  8
0
100
AcDbLine
 10
21.652910000000002
 20
9.91766
 30
0.0
 11
21.78238
 21
10.05048
 31
0.0
  0
LINE
  5
1775
330
17
100
AcDbEntity
  8
0
100
AcDbLine
 10
21.78238
 20
10.05048
 30
0.0
 11
21.93853
 21
10.18419
 31
0.0
  0
LINE
  5
1776
330
17
100
AcDbEntity
  8
0
100
AcDbLine
 10
21.93853
 20
10.18419
 30
0.0
 11
22.10728
 21
10.301599999999999
 31
0.0
  0
LINE
  5
1777
330
17
100
AcDbEntity
  8
0
100
AcDbLine
 10
22.10728
 20
10.301599999999999
 30
0.0
 11
22.54979
 21
10.545250000000001
 31
0.0
  0
LINE
  5
1778
330
17
100
AcDbEntity
  8
0
100
AcDbLine
 10
22.54979
 20
10.545250000000001
 30
0.0
 11
22.995189999999997
 21
10.73128
 31
0.0
  0
LINE
  5
1779
330
17
100
AcDbEntity
  8
0
100
AcDbLine
 10
22.995189999999997
 20
10.73128
 30
0.0
 11
23.07272
 21
10.75534
 31
0.0
  0
LINE
  5
177A
330
17
100
AcDbEntity
  8
0
100
AcDbLine
 10
23.07272
 20
10.75534
 30
0.0
 11
23.15198
 21
10.772870000000001
 31
0.0
  0
LINE
  5
177B
330
17
100
AcDbEntity
  8
0
100
AcDbLine
 10
23.15198
 20
10.772870000000001
 30
0.0
 11
23.232429999999997
 21
10.78376
 31
0.0
  0
LINE
  5
177C
330
17
100
AcDbEntity
  8
0
100
AcDbLine
 10
23.232429999999997
 20
10.78376
 30
0.0
 11
23.3135
 21
10.78793
 31
0.0
  0
LINE
  5
177D
330
17
100
AcDbEntity
  8
0
100
AcDbLine
 10
23.3135
 20
10.78793
 30
0.0
 11
23.35762
 21
10.79048
 31
0.0
  0
LINE
  5
177E
330
17
100
AcDbEntity
  8
0
100
AcDbLine
 10
23.35762
 20
10.79048
 30
0.0
 11
23.4013
 21
10.79727
 31
0.0
  0
LINE
  5
177F
330
17
100
AcDbEntity
  8
0
100
AcDbLine
 10
23.4013
 20
10.79727
 30
0.0
 11
23.444110000000002
 21
10.80822
 31
0.0
  0
LINE
  5
1780
330
17
100
AcDbEntity
  8
0
100
AcDbLine
 10
23.444110000000002
 20
10.80822
 30
0.0
 11
23.455219999999997
 21
10.812230000000001
 31
0.0
  0
LINE
  5
1781
330
17
100
AcDbEntity
  8
0
100
AcDbLine
 10
23.455219999999997
 20
10.812230000000001
 30
0.0
 11
23.4659
 21
10.81729
 31
0.0
  0
LINE
  5
1782
330
17
100
AcDbEntity
  8
0
100
AcDbLine
 10
23.4659
 20
10.81729
 30
0.0
 11
23.476029999999998
 21
10.823350000000001
 31
0.0
  0
LINE
  5
1783
330
17
100
AcDbEntity
  8
0
100
AcDbLine
 10
23.476029999999998
 20
10.823350000000001
 30
0.0
 11
23.48554
 21
10.83036
 31
0.0
  0
LINE
  5
1784
330
17
100
AcDbEntity
  8
0
100
AcDbLine
 10
23.48554
 20
10.83036
 30
0.0
 11
23.494339999999998
 21
10.83825
 31
0.0
  0
LINE
  5
1785
330
17
100
AcDbEntity
  8
0
100
AcDbLine
 10
23.494339999999998
 20
10.83825
 30
0.0
 11
23.502329999999997
 21
10.84695
 31
0.0
  0
LINE
  5
1786
330
17
100
AcDbEntity
  8
0
100
AcDbLine
 10
23.502329999999997
 20
10.84695
 30
0.0
 11
23.50945
 21
10.85637
 31
0.0
  0
LINE
  5
1787
330
17
100
AcDbEntity
  8
0
100
AcDbLine
 10
23.50945
 20
10.85637
 30
0.0
 11
23.51564
 21
10.86643
 31
0.0
  0
LINE
  5
1788
330
17
100
AcDbEntity
  8
0
100
AcDbLine
 10
23.51564
 20
10.86643
 30
0.0
 11
23.52656
 21
10.88852
 31
0.0
  0
LINE
  5
1789
330
17
100
AcDbEntity
  8
0
100
AcDbLine
 10
23.52656
 20
10.88852
 30
0.0
 11
23.53551
 21
10.911489999999999
 31
0.0
  0
LINE
  5
178A
330
17
100
AcDbEntity
  8
0
100
AcDbLine
 10
23.53551
 20
10.911489999999999
 30
0.0
 11
23.54242
 21
10.935139999999999
 31
0.0
  0
LINE
  5
178B
330
17
100
AcDbEntity
  8
0
100
AcDbLine
 10
23.54242
 20
10.935139999999999
 30
0.0
 11
23.54722
 21
10.95931
 31
0.0
  0
LINE
  5
178C
330
17
100
AcDbEntity
  8
0
100
AcDbLine
 10
23.54722
 20
10.95931
 30
0.0
 11
23.549899999999997
 21
10.98381
 31
0.0
  0
LINE
  5
178D
330
17
100
AcDbEntity
  8
0
100
AcDbLine
 10
23.549899999999997
 20
10.98381
 30
0.0
 11
23.55798
 21
11.23226
 31
0.0
  0
LINE
  5
178E
330
17
100
AcDbEntity
  8
0
100
AcDbLine
 10
23.55798
 20
11.23226
 30
0.0
 11
23.55134
 21
11.4708
 31
0.0
  0
LINE
  5
178F
330
17
100
AcDbEntity
  8
0
100
AcDbLine
 10
23.55134
 20
11.4708
 30
0.0
 11
23.5483
 21
11.49943
 31
0.0
  0
LINE
  5
1790
330
17
100
AcDbEntity
  8
0
100
AcDbLine
 10
23.5483
 20
11.49943
 30
0.0
 11
23.54242
 21
11.52762
 31
0.0
  0
LINE
  5
1791
330
17
100
AcDbEntity
  8
0
100
AcDbLine
 10
23.54242
 20
11.52762
 30
0.0
 11
23.53377
 21
11.55508
 31
0.0
  0
LINE
  5
1792
330
17
100
AcDbEntity
  8
0
100
AcDbLine
 10
23.53377
 20
11.55508
 30
0.0
 11
23.52242
 21
11.58154
 31
0.0
  0
LINE
  5
1793
330
17
100
AcDbEntity
  8
0
100
AcDbLine
 10
23.52242
 20
11.58154
 30
0.0
 11
23.51834
 21
11.58888
 31
0.0
  0
LINE
  5
1794
330
17
100
AcDbEntity
  8
0
100
AcDbLine
 10
23.51834
 20
11.58888
 30
0.0
 11
23.51351
 21
11.59575
 31
0.0
  0
LINE
  5
1795
330
17
100
AcDbEntity
  8
0
100
AcDbLine
 10
23.51351
 20
11.59575
 30
0.0
 11
23.508000000000003
 21
11.60209
 31
0.0
  0
LINE
  5
1796
330
17
100
AcDbEntity
  8
0
100
AcDbLine
 10
23.508000000000003
 20
11.60209
 30
0.0
 11
23.50185
 21
11.607809999999999
 31
0.0
  0
LINE
  5
1797
330
17
100
AcDbEntity
  8
0
100
AcDbLine
 10
23.50185
 20
11.607809999999999
 30
0.0
 11
23.49515
 21
11.612870000000001
 31
0.0
  0
LINE
  5
1798
330
17
100
AcDbEntity
  8
0
100
AcDbLine
 10
23.49515
 20
11.612870000000001
 30
0.0
 11
23.48795
 21
11.617199999999999
 31
0.0
  0
LINE
  5
1799
330
17
100
AcDbEntity
  8
0
100
AcDbLine
 10
23.48795
 20
11.617199999999999
 30
0.0
 11
23.480339999999998
 21
11.62075
 31
0.0
  0
LINE
  5
179A
330
17
100
AcDbEntity
  8
0
100
AcDbLine
 10
23.480339999999998
 20
11.62075
 30
0.0
 11
23.47241
 21
11.62349
 31
0.0
  0
LINE
  5
179B
330
17
100
AcDbEntity
  8
0
100
AcDbLine
 10
23.47241
 20
11.62349
 30
0.0
 11
23.46423
 21
11.625399999999999
 31
0.0
  0
LINE
  5
179C
330
17
100
AcDbEntity
  8
0
100
AcDbLine
 10
23.46423
 20
11.625399999999999
 30
0.0
 11
23.44493
 21
11.62794
 31
0.0
  0
LINE
  5
179D
330
17
100
AcDbEntity
  8
0
100
AcDbLine
 10
23.44493
 20
11.62794
 30
0.0
 11
23.42549
 21
11.62874
 31
0.0
  0
LINE
  5
179E
330
17
100
AcDbEntity
  8
0
100
AcDbLine
 10
23.42549
 20
11.62874
 30
0.0
 11
23.40605
 21
11.627790000000001
 31
0.0
  0
LINE
  5
179F
330
17
100
AcDbEntity
  8
0
100
AcDbLine
 10
23.40605
 20
11.627790000000001
 30
0.0
 11
23.386779999999998
 21
11.62509
 31
0.0
  0
LINE
  5
17A0
330
17
100
AcDbEntity
  8
0
100
AcDbLine
 10
23.386779999999998
 20
11.62509
 30
0.0
 11
23.367829999999998
 21
11.620659999999999
 31
0.0
  0
LINE
  5
17A1
330
17
100
AcDbEntity
  8
0
100
AcDbLine
 10
23.367829999999998
 20
11.620659999999999
 30
0.0
 11
23.269370000000002
 21
11.594999999999999
 31
0.0
  0
LINE
  5
17A2
330
17
100
AcDbEntity
  8
0
100
AcDbLine
 10
23.269370000000002
 20
11.594999999999999
 30
0.0
 11
23.12183
 21
11.560580000000002
 31
0.0
  0
LINE
  5
17A3
330
17
100
AcDbEntity
  8
0
100
AcDbLine
 10
23.12183
 20
11.560580000000002
 30
0.0
 11
22.95693
 21
11.52425
 31
0.0
  0
LINE
  5
17A4
330
17
100
AcDbEntity
  8
0
100
AcDbLine
 10
22.95693
 20
11.52425
 30
0.0
 11
22.79739
 21
11.491299999999999
 31
0.0
  0
LINE
  5
17A5
330
17
100
AcDbEntity
  8
0
100
AcDbLine
 10
22.79739
 20
11.491299999999999
 30
0.0
 11
22.508770000000002
 21
11.419139999999999
 31
0.0
  0
LINE
  5
17A6
330
17
100
AcDbEntity
  8
0
100
AcDbLine
 10
22.508770000000002
 20
11.419139999999999
 30
0.0
 11
22.22843
 21
11.31956
 31
0.0
  0
LINE
  5
17A7
330
17
100
AcDbEntity
  8
0
100
AcDbLine
 10
22.22843
 20
11.31956
 30
0.0
 11
21.95897
 21
11.193480000000001
 31
0.0
  0
LINE
  5
17A8
330
17
100
AcDbEntity
  8
0
100
AcDbLine
 10
21.95897
 20
11.193480000000001
 30
0.0
 11
21.697390000000002
 21
11.03979
 31
0.0
  0
LINE
  5
17A9
330
17
100
AcDbEntity
  8
0
100
AcDbLine
 10
21.697390000000002
 20
11.03979
 30
0.0
 11
21.45083
 21
10.863
 31
0.0
  0
LINE
  5
17AA
330
17
100
AcDbEntity
  8
0
100
AcDbLine
 10
21.45083
 20
10.863
 30
0.0
 11
21.221330000000002
 21
10.66457
 31
0.0
  0
LINE
  5
17AB
330
17
100
AcDbEntity
  8
0
100
AcDbLine
 10
21.221330000000002
 20
10.66457
 30
0.0
 11
21.00715
 21
10.44274
 31
0.0
  0
LINE
  5
17AC
330
17
100
AcDbEntity
  8
0
100
AcDbLine
 10
21.00715
 20
10.44274
 30
0.0
 11
20.81358
 21
10.20272
 31
0.0
  0
LINE
  5
17AD
330
17
100
AcDbEntity
  8
0
100
AcDbLine
 10
20.81358
 20
10.20272
 30
0.0
 11
20.64216
 21
9.946409999999998
 31
0.0
  0
LINE
  5
17AE
330
17
100
AcDbEntity
  8
0
100
AcDbLine
 10
20.64216
 20
9.946409999999998
 30
0.0
 11
20.49275
 21
9.67382
 31
0.0
  0
LINE
  5
17AF
330
17
100
AcDbEntity
  8
0
100
AcDbLine
 10
20.49275
 20
9.67382
 30
0.0
 11
20.36762
 21
9.38927
 31
0.0
  0
LINE
  5
17B0
330
17
100
AcDbEntity
  8
0
100
AcDbLine
 10
20.36762
 20
9.38927
 30
0.0
 11
20.267699999999998
 21
9.09492
 31
0.0
  0
LINE
  5
17B1
330
17
100
AcDbEntity
  8
0
100
AcDbLine
 10
20.267699999999998
 20
9.09492
 30
0.0
 11
20.16844
 21
8.78813
 31
0.0
  0
LINE
  5
17B2
330
17
100
AcDbEntity
  8
0
100
AcDbLine
 10
20.16844
 20
8.78813
 30
0.0
 11
20.15305
 21
8.75067
 31
0.0
  0
LINE
  5
17B3
330
17
100
AcDbEntity
  8
0
100
AcDbLine
 10
20.15305
 20
8.75067
 30
0.0
 11
20.13417
 21
8.71485
 31
0.0
  0
LINE
  5
17B4
330
17
100
AcDbEntity
  8
0
100
AcDbLine
 10
20.13417
 20
8.71485
 30
0.0
 11
20.11197
 21
8.68098
 31
0.0
  0
LINE
  5
17B5
330
17
100
AcDbEntity
  8
0
100
AcDbLine
 10
20.11197
 20
8.68098
 30
0.0
 11
20.08664
 21
8.64938
 31
0.0
  0
LINE
  5
17B6
330
17
100
AcDbEntity
  8
0
100
AcDbLine
 10
20.08664
 20
8.64938
 30
0.0
 11
20.071559999999998
 21
8.63396
 31
0.0
  0
LINE
  5
17B7
330
17
100
AcDbEntity
  8
0
100
AcDbLine
 10
20.071559999999998
 20
8.63396
 30
0.0
 11
20.054969999999997
 21
8.62017
 31
0.0
  0
LINE
  5
17B8
330
17
100
AcDbEntity
  8
0
100
AcDbLine
 10
20.054969999999997
 20
8.62017
 30
0.0
 11
20.03707
 21
8.60814
 31
0.0
  0
LINE
  5
17B9
330
17
100
AcDbEntity
  8
0
100
AcDbLine
 10
20.03707
 20
8.60814
 30
0.0
 11
20.01802
 21
8.59801
 31
0.0
  0
LINE
  5
17BA
330
17
100
AcDbEntity
  8
0
100
AcDbLine
 10
20.01802
 20
8.59801
 30
0.0
 11
19.998040000000003
 21
8.589879999999999
 31
0.0
  0
LINE
  5
17BB
330
17
100
AcDbEntity
  8
0
100
AcDbLine
 10
19.998040000000003
 20
8.589879999999999
 30
0.0
 11
19.977339999999998
 21
8.58384
 31
0.0
  0
LINE
  5
17BC
330
17
100
AcDbEntity
  8
0
100
AcDbLine
 10
19.977339999999998
 20
8.58384
 30
0.0
 11
19.91815
 21
8.57222
 31
0.0
  0
LINE
  5
17BD
330
17
100
AcDbEntity
  8
0
100
AcDbLine
 10
19.91815
 20
8.57222
 30
0.0
 11
19.85825
 21
8.56522
 31
0.0
  0
LINE
  5
17BE
330
17
100
AcDbEntity
  8
0
100
AcDbLine
 10
19.85825
 20
8.56522
 30
0.0
 11
19.79798
 21
8.56288
 31
0.0
  0
LINE
  5
17BF
330
17
100
AcDbEntity
  8
0
100
AcDbLine
 10
19.79798
 20
8.56288
 30
0.0
 11
19.70805
 21
8.56552
 31
0.0
  0
LINE
  5
17C0
330
17
100
AcDbEntity
  8
0
100
AcDbLine
 10
19.70805
 20
8.56552
 30
0.0
 11
19.61843
 21
8.57342
 31
0.0
  0
LINE
  5
17C1
330
17
100
AcDbEntity
  8
0
100
AcDbLine
 10
19.61843
 20
8.57342
 30
0.0
 11
19.60554
 21
8.57564
 31
0.0
  0
LINE
  5
17C2
330
17
100
AcDbEntity
  8
0
100
AcDbLine
 10
19.60554
 20
8.57564
 30
0.0
 11
19.592950000000002
 21
8.5792
 31
0.0
  0
LINE
  5
17C3
330
17
100
AcDbEntity
  8
0
100
AcDbLine
 10
19.592950000000002
 20
8.5792
 30
0.0
 11
19.58081
 21
8.584069999999999
 31
0.0
  0
LINE
  5
17C4
330
17
100
AcDbEntity
  8
0
100
AcDbLine
 10
19.58081
 20
8.584069999999999
 30
0.0
 11
19.56925
 21
8.5902
 31
0.0
  0
LINE
  5
17C5
330
17
100
AcDbEntity
  8
0
100
AcDbLine
 10
19.56925
 20
8.5902
 30
0.0
 11
19.5584
 21
8.597520000000001
 31
0.0
  0
LINE
  5
17C6
330
17
100
AcDbEntity
  8
0
100
AcDbLine
 10
19.5584
 20
8.597520000000001
 30
0.0
 11
19.548389999999998
 21
8.605939999999999
 31
0.0
  0
LINE
  5
17C7
330
17
100
AcDbEntity
  8
0
100
AcDbLine
 10
19.548389999999998
 20
8.605939999999999
 30
0.0
 11
19.53932
 21
8.61537
 31
0.0
  0
LINE
  5
17C8
330
17
100
AcDbEntity
  8
0
100
AcDbLine
 10
19.53932
 20
8.61537
 30
0.0
 11
19.531119999999998
 21
8.62588
 31
0.0
  0
LINE
  5
17C9
330
17
100
AcDbEntity
  8
0
100
AcDbLine
 10
19.531119999999998
 20
8.62588
 30
0.0
 11
19.52403
 21
8.63716
 31
0.0
  0
LINE
  5
17CA
330
17
100
AcDbEntity
  8
0
100
AcDbLine
 10
19.52403
 20
8.63716
 30
0.0
 11
19.51811
 21
8.6491
 31
0.0
  0
LINE
  5
17CB
330
17
100
AcDbEntity
  8
0
100
AcDbLine
 10
19.51811
 20
8.6491
 30
0.0
 11
19.51343
 21
8.66158
 31
0.0
  0
LINE
  5
17CC
330
17
100
AcDbEntity
  8
0
100
AcDbLine
 10
19.51343
 20
8.66158
 30
0.0
 11
19.51002
 21
8.67446
 31
0.0
  0
LINE
  5
17CD
330
17
100
AcDbEntity
  8
0
100
AcDbLine
 10
19.51002
 20
8.67446
 30
0.0
 11
19.50794
 21
8.68763
 31
0.0
  0
LINE
  5
17CE
330
17
100
AcDbEntity
  8
0
100
AcDbLine
 10
19.50794
 20
8.68763
 30
0.0
 11
19.507199999999997
 21
8.700940000000001
 31
0.0
  0
LINE
  5
17CF
330
17
100
AcDbEntity
  8
0
100
AcDbLine
 10
19.507199999999997
 20
8.700940000000001
 30
0.0
 11
19.5161
 21
8.88885
 31
0.0
  0
LINE
  5
17D0
330
17
100
AcDbEntity
  8
0
100
AcDbLine
 10
19.5161
 20
8.88885
 30
0.0
 11
19.539250000000003
 21
9.04458
 31
0.0
  0
LINE
  5
17D1
330
17
100
AcDbEntity
  8
0
100
AcDbLine
 10
19.539250000000003
 20
9.04458
 30
0.0
 11
19.5771
 21
9.19741
 31
0.0
  0
LINE
  5
17D2
330
17
100
AcDbEntity
  8
0
100
AcDbLine
 10
19.5771
 20
9.19741
 30
0.0
 11
19.62929
 21
9.34596
 31
0.0
  0
LINE
  5
17D3
330
17
100
AcDbEntity
  8
0
100
AcDbLine
 10
19.62929
 20
9.34596
 30
0.0
 11
19.91105
 21
9.946480000000001
 31
0.0
  0
LINE
  5
17D4
330
17
100
AcDbEntity
  8
0
100
AcDbLine
 10
19.91105
 20
9.946480000000001
 30
0.0
 11
20.27219
 21
10.54146
 31
0.0
  0
LINE
  5
17D5
330
17
100
AcDbEntity
  8
0
100
AcDbLine
 10
20.27219
 20
10.54146
 30
0.0
 11
20.44867
 21
10.776890000000002
 31
0.0
  0
LINE
  5
17D6
330
17
100
AcDbEntity
  8
0
100
AcDbLine
 10
20.44867
 20
10.776890000000002
 30
0.0
 11
20.64523
 21
10.99584
 31
0.0
  0
LINE
  5
17D7
330
17
100
AcDbEntity
  8
0
100
AcDbLine
 10
20.64523
 20
10.99584
 30
0.0
 11
20.756130000000002
 21
11.102269999999999
 31
0.0
  0
LINE
  5
17D8
330
17
100
AcDbEntity
  8
0
100
AcDbLine
 10
20.756130000000002
 20
11.102269999999999
 30
0.0
 11
20.873269999999998
 21
11.20181
 31
0.0
  0
LINE
  5
17D9
330
17
100
AcDbEntity
  8
0
100
AcDbLine
 10
20.873269999999998
 20
11.20181
 30
0.0
 11
21.17527
 21
11.427090000000002
 31
0.0
  0
LINE
  5
17DA
330
17
100
AcDbEntity
  8
0
100
AcDbLine
 10
21.17527
 20
11.427090000000002
 30
0.0
 11
21.49823
 21
11.636330000000001
 31
0.0
  0
LINE
  5
17DB
330
17
100
AcDbEntity
  8
0
100
AcDbLine
 10
21.49823
 20
11.636330000000001
 30
0.0
 11
21.79241
 21
11.79387
 31
0.0
  0
LINE
  5
17DC
330
17
100
AcDbEntity
  8
0
100
AcDbLine
 10
21.79241
 20
11.79387
 30
0.0
 11
22.11699
 21
11.931189999999999
 31
0.0
  0
LINE
  5
17DD
330
17
100
AcDbEntity
  8
0
100
AcDbLine
 10
22.11699
 20
11.931189999999999
 30
0.0
 11
22.16845
 21
11.95297
 31
0.0
  0
LINE
  5
17DE
330
17
100
AcDbEntity
  8
0
100
AcDbLine
 10
22.16845
 20
11.95297
 30
0.0
 11
22.335420000000003
 21
12.00966
 31
0.0
  0
LINE
  5
17DF
330
17
100
AcDbEntity
  8
0
100
AcDbLine
 10
22.335420000000003
 20
12.00966
 30
0.0
 11
22.50566
 21
12.05562
 31
0.0
  0
LINE
  5
17E0
330
17
100
AcDbEntity
  8
0
100
AcDbLine
 10
22.50566
 20
12.05562
 30
0.0
 11
22.68467
 21
12.09223
 31
0.0
  0
LINE
  5
17E1
330
17
100
AcDbEntity
  8
0
100
AcDbLine
 10
22.68467
 20
12.09223
 30
0.0
 11
22.86556
 21
12.11795
 31
0.0
  0
LINE
  5
17E2
330
17
100
AcDbEntity
  8
0
100
AcDbLine
 10
22.86556
 20
12.11795
 30
0.0
 11
23.31358
 21
12.15309
 31
0.0
  0
LINE
  5
17E3
330
17
100
AcDbEntity
  8
0
100
AcDbLine
 10
23.31358
 20
12.15309
 30
0.0
 11
23.86302
 21
12.16973
 31
0.0
  0
LINE
  5
17E4
330
17
100
AcDbEntity
  8
0
100
AcDbLine
 10
23.86302
 20
12.16973
 30
0.0
 11
24.02865
 21
12.16697
 31
0.0
  0
LINE
  5
17E5
330
17
100
AcDbEntity
  8
0
100
AcDbLine
 10
24.02865
 20
12.16697
 30
0.0
 11
24.19377
 21
12.15371
 31
0.0
  0
LINE
  5
17E6
330
17
100
AcDbEntity
  8
0
100
AcDbLine
 10
24.19377
 20
12.15371
 30
0.0
 11
24.34799
 21
12.13076
 31
0.0
  0
LINE
  5
17E7
330
17
100
AcDbEntity
  8
0
100
AcDbLine
 10
24.34799
 20
12.13076
 30
0.0
 11
24.50016
 21
12.09681
 31
0.0
  0
LINE
  5
17E8
330
17
100
AcDbEntity
  8
0
100
AcDbLine
 10
24.50016
 20
12.09681
 30
0.0
 11
24.94333
 21
11.97001
 31
0.0
  0
LINE
  5
17E9
330
17
100
AcDbEntity
  8
0
100
AcDbLine
 10
24.94333
 20
11.97001
 30
0.0
 11
25.06796
 21
11.931189999999999
 31
0.0
  0
LINE
  5
17EA
330
17
100
AcDbEntity
  8
0
100
AcDbLine
 10
25.06796
 20
11.931189999999999
 30
0.0
 11
25.29646
 21
11.86001
 31
0.0
  0
LINE
  5
17EB
330
17
100
AcDbEntity
  8
0
100
AcDbLine
 10
25.29646
 20
11.86001
 30
0.0
 11
25.29646
 21
10.55661
 31
0.0
  0
LINE
  5
17EC
330
17
100
AcDbEntity
  8
0
100
AcDbLine
 10
25.29646
 20
10.55661
 30
0.0
 11
25.3014
 21
9.78099
 31
0.0
  0
LINE
  5
17ED
330
17
100
AcDbEntity
  8
0
100
AcDbLine
 10
25.3014
 20
9.78099
 30
0.0
 11
25.308770000000003
 21
9.62365
 31
0.0
  0
LINE
  5
17EE
330
17
100
AcDbEntity
  8
0
100
AcDbLine
 10
25.308770000000003
 20
9.62365
 30
0.0
 11
25.32683
 21
9.46718
 31
0.0
  0
LINE
  5
17EF
330
17
100
AcDbEntity
  8
0
100
AcDbLine
 10
25.32683
 20
9.46718
 30
0.0
 11
25.332819999999998
 21
9.43742
 31
0.0
  0
LINE
  5
17F0
330
17
100
AcDbEntity
  8
0
100
AcDbLine
 10
25.332819999999998
 20
9.43742
 30
0.0
 11
25.34174
 21
9.40841
 31
0.0
  0
LINE
  5
17F1
330
17
100
AcDbEntity
  8
0
100
AcDbLine
 10
25.34174
 20
9.40841
 30
0.0
 11
25.3535
 21
9.38043
 31
0.0
  0
LINE
  5
17F2
330
17
100
AcDbEntity
  8
0
100
AcDbLine
 10
25.3535
 20
9.38043
 30
0.0
 11
25.36798
 21
9.35375
 31
0.0
  0
LINE
  5
17F3
330
17
100
AcDbEntity
  8
0
100
AcDbLine
 10
25.36798
 20
9.35375
 30
0.0
 11
25.38504
 21
9.32864
 31
0.0
  0
LINE
  5
17F4
330
17
100
AcDbEntity
  8
0
100
AcDbLine
 10
25.38504
 20
9.32864
 30
0.0
 11
25.391730000000003
 21
9.32065
 31
0.0
  0
LINE
  5
17F5
330
17
100
AcDbEntity
  8
0
100
AcDbLine
 10
25.391730000000003
 20
9.32065
 30
0.0
 11
25.3992
 21
9.31338
 31
0.0
  0
LINE
  5
17F6
330
17
100
AcDbEntity
  8
0
100
AcDbLine
 10
25.3992
 20
9.31338
 30
0.0
 11
25.40736
 21
9.3069
 31
0.0
  0
LINE
  5
17F7
330
17
100
AcDbEntity
  8
0
100
AcDbLine
 10
25.40736
 20
9.3069
 30
0.0
 11
25.41613
 21
9.30128
 31
0.0
  0
LINE
  5
17F8
330
17
100
AcDbEntity
  8
0
100
AcDbLine
 10
25.41613
 20
9.30128
 30
0.0
 11
25.42542
 21
9.296570000000001
 31
0.0
  0
LINE
  5
17F9
330
17
100
AcDbEntity
  8
0
100
AcDbLine
 10
25.42542
 20
9.296570000000001
 30
0.0
 11
25.43515
 21
9.29282
 31
0.0
  0
LINE
  5
17FA
330
17
100
AcDbEntity
  8
0
100
AcDbLine
 10
25.43515
 20
9.29282
 30
0.0
 11
25.4452
 21
9.29008
 31
0.0
  0
LINE
  5
17FB
330
17
100
AcDbEntity
  8
0
100
AcDbLine
 10
25.4452
 20
9.29008
 30
0.0
 11
25.455470000000002
 21
9.28836
 31
0.0
  0
LINE
  5
17FC
330
17
100
AcDbEntity
  8
0
100
AcDbLine
 10
25.455470000000002
 20
9.28836
 30
0.0
 11
25.465870000000002
 21
9.28769
 31
0.0
  0
LINE
  5
17FD
330
17
100
AcDbEntity
  8
0
100
AcDbLine
 10
25.465870000000002
 20
9.28769
 30
0.0
 11
25.47629
 21
9.28808
 31
0.0
  0
LINE
  5
17FE
330
17
100
AcDbEntity
  8
0
100
AcDbLine
 10
25.47629
 20
9.28808
 30
0.0
 11
25.48661
 21
9.28951
 31
0.0
  0
LINE
  5
17FF
330
17
100
AcDbEntity
  8
0
100
AcDbLine
 10
25.48661
 20
9.28951
 30
0.0
 11
25.502299999999998
 21
9.29339
 31
0.0
  0
LINE
  5
1800
330
17
100
AcDbEntity
  8
0
100
AcDbLine
 10
25.502299999999998
 20
9.29339
 30
0.0
 11
25.51749
 21
9.29892
 31
0.0
  0
LINE
  5
1801
330
17
100
AcDbEntity
  8
0
100
AcDbLine
 10
25.51749
 20
9.29892
 30
0.0
 11
25.532
 21
9.30604
 31
0.0
  0
LINE
  5
1802
330
17
100
AcDbEntity
  8
0
100
AcDbLine
 10
25.532
 20
9.30604
 30
0.0
 11
25.54566
 21
9.314670000000001
 31
0.0
  0
LINE
  5
1803
330
17
100
AcDbEntity
  8
0
100
AcDbLine
 10
25.54566
 20
9.314670000000001
 30
0.0
 11
25.55833
 21
9.32472
 31
0.0
  0
LINE
  5
1804
330
17
100
AcDbEntity
  8
0
100
AcDbLine
 10
25.55833
 20
9.32472
 30
0.0
 11
25.56984
 21
9.33605
 31
0.0
  0
LINE
  5
1805
330
17
100
AcDbEntity
  8
0
100
AcDbLine
 10
25.56984
 20
9.33605
 30
0.0
 11
25.58009
 21
9.34856
 31
0.0
  0
LINE
  5
1806
330
17
100
AcDbEntity
  8
0
100
AcDbLine
 10
25.58009
 20
9.34856
 30
0.0
 11
25.588929999999998
 21
9.36208
 31
0.0
  0
LINE
  5
1807
330
17
100
AcDbEntity
  8
0
100
AcDbLine
 10
25.588929999999998
 20
9.36208
 30
0.0
 11
25.60994
 21
9.40198
 31
0.0
  0
LINE
  5
1808
330
17
100
AcDbEntity
  8
0
100
AcDbLine
 10
25.60994
 20
9.40198
 30
0.0
 11
25.62762
 21
9.44346
 31
0.0
  0
LINE
  5
1809
330
17
100
AcDbEntity
  8
0
100
AcDbLine
 10
25.62762
 20
9.44346
 30
0.0
 11
25.64185
 21
9.48625
 31
0.0
  0
LINE
  5
180A
330
17
100
AcDbEntity
  8
0
100
AcDbLine
 10
25.64185
 20
9.48625
 30
0.0
 11
25.65253
 21
9.53006
 31
0.0
  0
LINE
  5
180B
330
17
100
AcDbEntity
  8
0
100
AcDbLine
 10
25.65253
 20
9.53006
 30
0.0
 11
25.67883
 21
9.688189999999999
 31
0.0
  0
LINE
  5
180C
330
17
100
AcDbEntity
  8
0
100
AcDbLine
 10
25.67883
 20
9.688189999999999
 30
0.0
 11
25.69453
 21
9.84772
 31
0.0
  0
LINE
  5
180D
330
17
100
AcDbEntity
  8
0
100
AcDbLine
 10
25.69453
 20
9.84772
 30
0.0
 11
25.73108
 21
10.50709
 31
0.0
  0
LINE
  5
180E
330
17
100
AcDbEntity
  8
0
100
AcDbLine
 10
25.73108
 20
10.50709
 30
0.0
 11
25.785410000000002
 21
11.68837
 31
0.0
  0
LINE
  5
180F
330
17
100
AcDbEntity
  8
0
100
AcDbLine
 10
25.785410000000002
 20
11.68837
 30
0.0
 11
26.34959
 21
11.18058
 31
0.0
  0
LINE
  5
1810
330
17
100
AcDbEntity
  8
0
100
AcDbLine
 10
26.34959
 20
11.18058
 30
0.0
 11
26.58466
 21
10.94877
 31
0.0
  0
LINE
  5
1811
330
17
100
AcDbEntity
  8
0
100
AcDbLine
 10
26.58466
 20
10.94877
 30
0.0
 11
26.79765
 21
10.696539999999999
 31
0.0
  0
LINE
  5
1812
330
17
100
AcDbEntity
  8
0
100
AcDbLine
 10
26.79765
 20
10.696539999999999
 30
0.0
 11
27.00304
 21
10.40808
 31
0.0
  0
LINE
  5
1813
330
17
100
AcDbEntity
  8
0
100
AcDbLine
 10
27.00304
 20
10.40808
 30
0.0
 11
27.18658
 21
10.10525
 31
0.0
  0
LINE
  5
1814
330
17
100
AcDbEntity
  8
0
100
AcDbLine
 10
27.18658
 20
10.10525
 30
0.0
 11
27.35074
 21
9.783389999999999
 31
0.0
  0
LINE
  5
1815
330
17
100
AcDbEntity
  8
0
100
AcDbLine
 10
27.35074
 20
9.783389999999999
 30
0.0
 11
27.49113
 21
9.45048
 31
0.0
  0
LINE
  5
1816
330
17
100
AcDbEntity
  8
0
100
AcDbLine
 10
27.49113
 20
9.45048
 30
0.0
 11
27.60267
 21
9.117560000000001
 31
0.0
  0
LINE
  5
1817
330
17
100
AcDbEntity
  8
0
100
AcDbLine
 10
27.60267
 20
9.117560000000001
 30
0.0
 11
27.68756
 21
8.77687
 31
0.0
  0
LINE
  5
1818
330
17
100
AcDbEntity
  8
0
100
AcDbLine
 10
27.68756
 20
8.77687
 30
0.0
 11
27.744149999999998
 21
8.56288
 31
0.0
  0
LINE
  5
1819
330
17
100
AcDbEntity
  8
0
100
AcDbLine
 10
27.744149999999998
 20
8.56288
 30
0.0
 11
27.78018
 21
8.42661
 31
0.0
  0
LINE
  5
181A
330
17
100
AcDbEntity
  8
0
100
AcDbLine
 10
27.78018
 20
8.42661
 30
0.0
 11
27.80136
 21
8.36929
 31
0.0
  0
LINE
  5
181B
330
17
100
AcDbEntity
  8
0
100
AcDbLine
 10
27.80136
 20
8.36929
 30
0.0
 11
27.82726
 21
8.31394
 31
0.0
  0
LINE
  5
181C
330
17
100
AcDbEntity
  8
0
100
AcDbLine
 10
27.82726
 20
8.31394
 30
0.0
 11
27.857670000000002
 21
8.26093
 31
0.0
  0
LINE
  5
181D
330
17
100
AcDbEntity
  8
0
100
AcDbLine
 10
27.857670000000002
 20
8.26093
 30
0.0
 11
27.892400000000002
 21
8.21065
 31
0.0
  0
LINE
  5
181E
330
17
100
AcDbEntity
  8
0
100
AcDbLine
 10
27.892400000000002
 20
8.21065
 30
0.0
 11
27.89563
 21
8.20679
 31
0.0
  0
LINE
  5
181F
330
17
100
AcDbEntity
  8
0
100
AcDbLine
 10
27.89563
 20
8.20679
 30
0.0
 11
27.899250000000002
 21
8.2033
 31
0.0
  0
LINE
  5
1820
330
17
100
AcDbEntity
  8
0
100
AcDbLine
 10
27.899250000000002
 20
8.2033
 30
0.0
 11
27.90321
 21
8.200199999999999
 31
0.0
  0
LINE
  5
1821
330
17
100
AcDbEntity
  8
0
100
AcDbLine
 10
27.90321
 20
8.200199999999999
 30
0.0
 11
27.90747
 21
8.19753
 31
0.0
  0
LINE
  5
1822
330
17
100
AcDbEntity
  8
0
100
AcDbLine
 10
27.90747
 20
8.19753
 30
0.0
 11
27.91199
 21
8.19533
 31
0.0
  0
LINE
  5
1823
330
17
100
AcDbEntity
  8
0
100
AcDbLine
 10
27.91199
 20
8.19533
 30
0.0
 11
27.916710000000002
 21
8.1936
 31
0.0
  0
LINE
  5
1824
330
17
100
AcDbEntity
  8
0
100
AcDbLine
 10
27.916710000000002
 20
8.1936
 30
0.0
 11
27.92159
 21
8.192369999999999
 31
0.0
  0
LINE
  5
1825
330
17
100
AcDbEntity
  8
0
100
AcDbLine
 10
27.92159
 20
8.192369999999999
 30
0.0
 11
27.92657
 21
8.19166
 31
0.0
  0
LINE
  5
1826
330
17
100
AcDbEntity
  8
0
100
AcDbLine
 10
27.92657
 20
8.19166
 30
0.0
 11
27.93159
 21
8.191469999999999
 31
0.0
  0
LINE
  5
1827
330
17
100
AcDbEntity
  8
0
100
AcDbLine
 10
27.93159
 20
8.191469999999999
 30
0.0
 11
27.93661
 21
8.19181
 31
0.0
  0
LINE
  5
1828
330
17
100
AcDbEntity
  8
0
100
AcDbLine
 10
27.93661
 20
8.19181
 30
0.0
 11
27.94156
 21
8.19266
 31
0.0
  0
LINE
  5
1829
330
17
100
AcDbEntity
  8
0
100
AcDbLine
 10
27.94156
 20
8.19266
 30
0.0
 11
27.9464
 21
8.19403
 31
0.0
  0
LINE
  5
182A
330
17
100
AcDbEntity
  8
0
100
AcDbLine
 10
27.9464
 20
8.19403
 30
0.0
 11
27.95107
 21
8.19589
 31
0.0
  0
LINE
  5
182B
330
17
100
AcDbEntity
  8
0
100
AcDbLine
 10
27.95107
 20
8.19589
 30
0.0
 11
27.95552
 21
8.19824
 31
0.0
  0
LINE
  5
182C
330
17
100
AcDbEntity
  8
0
100
AcDbLine
 10
27.95552
 20
8.19824
 30
0.0
 11
27.9597
 21
8.20103
 31
0.0
  0
LINE
  5
182D
330
17
100
AcDbEntity
  8
0
100
AcDbLine
 10
27.9597
 20
8.20103
 30
0.0
 11
27.96357
 21
8.20424
 31
0.0
  0
LINE
  5
182E
330
17
100
AcDbEntity
  8
0
100
AcDbLine
 10
27.96357
 20
8.20424
 30
0.0
 11
27.96709
 21
8.20784
 31
0.0
  0
LINE
  5
182F
330
17
100
AcDbEntity
  8
0
100
AcDbLine
 10
27.96709
 20
8.20784
 30
0.0
 11
27.970209999999998
 21
8.211780000000001
 31
0.0
  0
LINE
  5
1830
330
17
100
AcDbEntity
  8
0
100
AcDbLine
 10
27.970209999999998
 20
8.211780000000001
 30
0.0
 11
27.982940000000003
 21
8.231850000000001
 31
0.0
  0
LINE
  5
1831
330
17
100
AcDbEntity
  8
0
100
AcDbLine
 10
27.982940000000003
 20
8.231850000000001
 30
0.0
 11
27.99355
 21
8.25311
 31
0.0
  0
LINE
  5
1832
330
17
100
AcDbEntity
  8
0
100
AcDbLine
 10
27.99355
 20
8.25311
 30
0.0
 11
28.00192
 21
8.275360000000001
 31
0.0
  0
LINE
  5
1833
330
17
100
AcDbEntity
  8
0
100
AcDbLine
 10
28.00192
 20
8.275360000000001
 30
0.0
 11
28.00797
 21
8.29835
 31
0.0
  0
LINE
  5
1834
330
17
100
AcDbEntity
  8
0
100
AcDbLine
 10
28.00797
 20
8.29835
 30
0.0
 11
28.01162
 21
8.32183
 31
0.0
  0
LINE
  5
1835
330
17
100
AcDbEntity
  8
0
100
AcDbLine
 10
28.01162
 20
8.32183
 30
0.0
 11
28.01284
 21
8.34557
 31
0.0
  0
LINE
  5
1836
330
17
100
AcDbEntity
  8
0
100
AcDbLine
 10
28.01284
 20
8.34557
 30
0.0
 11
28.01332
 21
8.3555
 31
0.0
  0
LINE
  5
1837
330
17
100
AcDbEntity
  8
0
100
AcDbLine
 10
28.01332
 20
8.3555
 30
0.0
 11
28.014770000000002
 21
8.36534
 31
0.0
  0
LINE
  5
1838
330
17
100
AcDbEntity
  8
0
100
AcDbLine
 10
28.014770000000002
 20
8.36534
 30
0.0
 11
28.01716
 21
8.37499
 31
0.0
  0
LINE
  5
1839
330
17
100
AcDbEntity
  8
0
100
AcDbLine
 10
28.01716
 20
8.37499
 30
0.0
 11
28.02047
 21
8.38437
 31
0.0
  0
LINE
  5
183A
330
17
100
AcDbEntity
  8
0
100
AcDbLine
 10
28.02047
 20
8.38437
 30
0.0
 11
28.02468
 21
8.39338
 31
0.0
  0
LINE
  5
183B
330
17
100
AcDbEntity
  8
0
100
AcDbLine
 10
28.02468
 20
8.39338
 30
0.0
 11
28.02974
 21
8.40194
 31
0.0
  0
LINE
  5
183C
330
17
100
AcDbEntity
  8
0
100
AcDbLine
 10
28.02974
 20
8.40194
 30
0.0
 11
28.03561
 21
8.40996
 31
0.0
  0
LINE
  5
183D
330
17
100
AcDbEntity
  8
0
100
AcDbLine
 10
28.03561
 20
8.40996
 30
0.0
 11
28.04223
 21
8.41738
 31
0.0
  0
LINE
  5
183E
330
17
100
AcDbEntity
  8
0
100
AcDbLine
 10
28.04223
 20
8.41738
 30
0.0
 11
28.04954
 21
8.42413
 31
0.0
  0
LINE
  5
183F
330
17
100
AcDbEntity
  8
0
100
AcDbLine
 10
28.04954
 20
8.42413
 30
0.0
 11
28.06737
 21
8.437729999999998
 31
0.0
  0
LINE
  5
1840
330
17
100
AcDbEntity
  8
0
100
AcDbLine
 10
28.06737
 20
8.437729999999998
 30
0.0
 11
28.086360000000003
 21
8.44967
 31
0.0
  0
LINE
  5
1841
330
17
100
AcDbEntity
  8
0
100
AcDbLine
 10
28.086360000000003
 20
8.44967
 30
0.0
 11
28.10634
 21
8.45985
 31
0.0
  0
LINE
  5
1842
330
17
100
AcDbEntity
  8
0
100
AcDbLine
 10
28.10634
 20
8.45985
 30
0.0
 11
28.12717
 21
8.46818
 31
0.0
  0
LINE
  5
1843
330
17
100
AcDbEntity
  8
0
100
AcDbLine
 10
28.12717
 20
8.46818
 30
0.0
 11
28.14866
 21
8.4746
 31
0.0
  0
LINE
  5
1844
330
17
100
AcDbEntity
  8
0
100
AcDbLine
 10
28.14866
 20
8.4746
 30
0.0
 11
28.241100000000003
 21
8.49279
 31
0.0
  0
LINE
  5
1845
330
17
100
AcDbEntity
  8
0
100
AcDbLine
 10
28.241100000000003
 20
8.49279
 30
0.0
 11
28.3349
 21
8.50155
 31
0.0
  0
LINE
  5
1846
330
17
100
AcDbEntity
  8
0
100
AcDbLine
 10
28.3349
 20
8.50155
 30
0.0
 11
28.66477
 21
8.50855
 31
0.0
  0
LINE
  5
1847
330
17
100
AcDbEntity
  8
0
100
AcDbLine
 10
28.66477
 20
8.50855
 30
0.0
 11
28.99465
 21
8.50155
 31
0.0
  0
LINE
  5
1848
330
17
100
AcDbEntity
  8
0
100
AcDbLine
 10
28.99465
 20
8.50155
 30
0.0
 11
29.088449999999998
 21
8.49279
 31
0.0
  0
LINE
  5
1849
330
17
100
AcDbEntity
  8
0
100
AcDbLine
 10
29.088449999999998
 20
8.49279
 30
0.0
 11
29.18089
 21
8.4746
 31
0.0
  0
LINE
  5
184A
330
17
100
AcDbEntity
  8
0
100
AcDbLine
 10
29.18089
 20
8.4746
 30
0.0
 11
29.20238
 21
8.46818
 31
0.0
  0
LINE
  5
184B
330
17
100
AcDbEntity
  8
0
100
AcDbLine
 10
29.20238
 20
8.46818
 30
0.0
 11
29.223200000000002
 21
8.45985
 31
0.0
  0
LINE
  5
184C
330
17
100
AcDbEntity
  8
0
100
AcDbLine
 10
29.223200000000002
 20
8.45985
 30
0.0
 11
29.24319
 21
8.44967
 31
0.0
  0
LINE
  5
184D
330
17
100
AcDbEntity
  8
0
100
AcDbLine
 10
29.24319
 20
8.44967
 30
0.0
 11
29.262179999999997
 21
8.437729999999998
 31
0.0
  0
LINE
  5
184E
330
17
100
AcDbEntity
  8
0
100
AcDbLine
 10
29.262179999999997
 20
8.437729999999998
 30
0.0
 11
29.280009999999997
 21
8.42413
 31
0.0
  0
LINE
  5
184F
330
17
100
AcDbEntity
  8
0
100
AcDbLine
 10
29.280009999999997
 20
8.42413
 30
0.0
 11
29.287319999999998
 21
8.41738
 31
0.0
  0
LINE
  5
1850
330
17
100
AcDbEntity
  8
0
100
AcDbLine
 10
29.287319999999998
 20
8.41738
 30
0.0
 11
29.29394
 21
8.40996
 31
0.0
  0
LINE
  5
1851
330
17
100
AcDbEntity
  8
0
100
AcDbLine
 10
29.29394
 20
8.40996
 30
0.0
 11
29.2998
 21
8.40194
 31
0.0
  0
LINE
  5
1852
330
17
100
AcDbEntity
  8
0
100
AcDbLine
 10
29.2998
 20
8.40194
 30
0.0
 11
29.30487
 21
8.39338
 31
0.0
  0
LINE
  5
1853
330
17
100
AcDbEntity
  8
0
100
AcDbLine
 10
29.30487
 20
8.39338
 30
0.0
 11
29.30908
 21
8.38437
 31
0.0
  0
LINE
  5
1854
330
17
100
AcDbEntity
  8
0
100
AcDbLine
 10
29.30908
 20
8.38437
 30
0.0
 11
29.31239
 21
8.37499
 31
0.0
  0
LINE
  5
1855
330
17
100
AcDbEntity
  8
0
100
AcDbLine
 10
29.31239
 20
8.37499
 30
0.0
 11
29.31478
 21
8.36534
 31
0.0
  0
LINE
  5
1856
330
17
100
AcDbEntity
  8
0
100
AcDbLine
 10
29.31478
 20
8.36534
 30
0.0
 11
29.31622
 21
8.3555
 31
0.0
  0
LINE
  5
1857
330
17
100
AcDbEntity
  8
0
100
AcDbLine
 10
29.31622
 20
8.3555
 30
0.0
 11
29.31671
 21
8.34557
 31
0.0
  0
LINE
  5
1858
330
17
100
AcDbEntity
  8
0
100
AcDbLine
 10
29.31671
 20
8.34557
 30
0.0
 11
29.316
 21
8.332569999999999
 31
0.0
  0
LINE
  5
1859
330
17
100
AcDbEntity
  8
0
100
AcDbLine
 10
29.316
 20
8.332569999999999
 30
0.0
 11
29.313889999999997
 21
8.319719999999998
 31
0.0
  0
LINE
  5
185A
330
17
100
AcDbEntity
  8
0
100
AcDbLine
 10
29.313889999999997
 20
8.319719999999998
 30
0.0
 11
29.3104
 21
8.30718
 31
0.0
  0
LINE
  5
185B
330
17
100
AcDbEntity
  8
0
100
AcDbLine
 10
29.3104
 20
8.30718
 30
0.0
 11
29.30557
 21
8.29509
 31
0.0
  0
LINE
  5
185C
330
17
100
AcDbEntity
  8
0
100
AcDbLine
 10
29.30557
 20
8.29509
 30
0.0
 11
29.29946
 21
8.2836
 31
0.0
  0
LINE
  5
185D
330
17
100
AcDbEntity
  8
0
100
AcDbLine
 10
29.29946
 20
8.2836
 30
0.0
 11
29.29214
 21
8.27283
 31
0.0
  0
LINE
  5
185E
330
17
100
AcDbEntity
  8
0
100
AcDbLine
 10
29.29214
 20
8.27283
 30
0.0
 11
29.281209999999998
 21
8.25993
 31
0.0
  0
LINE
  5
185F
330
17
100
AcDbEntity
  8
0
100
AcDbLine
 10
29.281209999999998
 20
8.25993
 30
0.0
 11
29.26901
 21
8.24821
 31
0.0
  0
LINE
  5
1860
330
17
100
AcDbEntity
  8
0
100
AcDbLine
 10
29.26901
 20
8.24821
 30
0.0
 11
29.255679999999998
 21
8.23782
 31
0.0
  0
LINE
  5
1861
330
17
100
AcDbEntity
  8
0
100
AcDbLine
 10
29.255679999999998
 20
8.23782
 30
0.0
 11
29.24134
 21
8.22884
 31
0.0
  0
LINE
  5
1862
330
17
100
AcDbEntity
  8
0
100
AcDbLine
 10
29.24134
 20
8.22884
 30
0.0
 11
29.22616
 21
8.22139
 31
0.0
  0
LINE
  5
1863
330
17
100
AcDbEntity
  8
0
100
AcDbLine
 10
29.22616
 20
8.22139
 30
0.0
 11
29.18875
 21
8.20755
 31
0.0
  0
LINE
  5
1864
330
17
100
AcDbEntity
  8
0
100
AcDbLine
 10
29.18875
 20
8.20755
 30
0.0
 11
29.15013
 21
8.19754
 31
0.0
  0
LINE
  5
1865
330
17
100
AcDbEntity
  8
0
100
AcDbLine
 10
29.15013
 20
8.19754
 30
0.0
 11
29.1107
 21
8.191479999999999
 31
0.0
  0
LINE
  5
1866
330
17
100
AcDbEntity
  8
0
100
AcDbLine
 10
29.1107
 20
8.191479999999999
 30
0.0
 11
28.93641
 21
8.18259
 31
0.0
  0
LINE
  5
1867
330
17
100
AcDbEntity
  8
0
100
AcDbLine
 10
28.93641
 20
8.18259
 30
0.0
 11
28.7382
 21
8.17366
 31
0.0
  0
LINE
  5
1868
330
17
100
AcDbEntity
  8
0
100
AcDbLine
 10
28.7382
 20
8.17366
 30
0.0
 11
28.71014
 21
8.1696
 31
0.0
  0
LINE
  5
1869
330
17
100
AcDbEntity
  8
0
100
AcDbLine
 10
28.71014
 20
8.1696
 30
0.0
 11
28.68269
 21
8.16256
 31
0.0
  0
LINE
  5
186A
330
17
100
AcDbEntity
  8
0
100
AcDbLine
 10
28.68269
 20
8.16256
 30
0.0
 11
28.656149999999997
 21
8.152619999999999
 31
0.0
  0
LINE
  5
186B
330
17
100
AcDbEntity
  8
0
100
AcDbLine
 10
28.656149999999997
 20
8.152619999999999
 30
0.0
 11
28.63082
 21
8.1399
 31
0.0
  0
LINE
  5
186C
330
17
100
AcDbEntity
  8
0
100
AcDbLine
 10
28.63082
 20
8.1399
 30
0.0
 11
28.62027
 21
8.13315
 31
0.0
  0
LINE
  5
186D
330
17
100
AcDbEntity
  8
0
100
AcDbLine
 10
28.62027
 20
8.13315
 30
0.0
 11
28.61044
 21
8.12537
 31
0.0
  0
LINE
  5
186E
330
17
100
AcDbEntity
  8
0
100
AcDbLine
 10
28.61044
 20
8.12537
 30
0.0
 11
28.60144
 21
8.11665
 31
0.0
  0
LINE
  5
186F
330
17
100
AcDbEntity
  8
0
100
AcDbLine
 10
28.60144
 20
8.11665
 30
0.0
 11
28.59336
 21
8.107069999999998
 31
0.0
  0
LINE
  5
1870
330
17
100
AcDbEntity
  8
0
100
AcDbLine
 10
28.59336
 20
8.107069999999998
 30
0.0
 11
28.58628
 21
8.096729999999999
 31
0.0
  0
LINE
  5
1871
330
17
100
AcDbEntity
  8
0
100
AcDbLine
 10
28.58628
 20
8.096729999999999
 30
0.0
 11
28.58026
 21
8.08574
 31
0.0
  0
LINE
  5
1872
330
17
100
AcDbEntity
  8
0
100
AcDbLine
 10
28.58026
 20
8.08574
 30
0.0
 11
28.575380000000003
 21
8.0742
 31
0.0
  0
LINE
  5
1873
330
17
100
AcDbEntity
  8
0
100
AcDbLine
 10
28.575380000000003
 20
8.0742
 30
0.0
 11
28.567
 21
8.04771
 31
0.0
  0
LINE
  5
1874
330
17
100
AcDbEntity
  8
0
100
AcDbLine
 10
28.567
 20
8.04771
 30
0.0
 11
28.56097
 21
8.020579999999999
 31
0.0
  0
LINE
  5
1875
330
17
100
AcDbEntity
  8
0
100
AcDbLine
 10
28.56097
 20
8.020579999999999
 30
0.0
 11
28.55733
 21
7.99303
 31
0.0
  0
LINE
  5
1876
330
17
100
AcDbEntity
  8
0
100
AcDbLine
 10
28.55733
 20
7.99303
 30
0.0
 11
28.55612
 21
7.96528
 31
0.0
  0
LINE
  5
1877
330
17
100
AcDbEntity
  8
0
100
AcDbLine
 10
28.55612
 20
7.96528
 30
0.0
 11
28.55527
 21
7.9472499999999995
 31
0.0
  0
LINE
  5
1878
330
17
100
AcDbEntity
  8
0
100
AcDbLine
 10
28.55527
 20
7.9472499999999995
 30
0.0
 11
28.55275
 21
7.92938
 31
0.0
  0
LINE
  5
1879
330
17
100
AcDbEntity
  8
0
100
AcDbLine
 10
28.55275
 20
7.92938
 30
0.0
 11
28.548560000000002
 21
7.91183
 31
0.0
  0
LINE
  5
187A
330
17
100
AcDbEntity
  8
0
100
AcDbLine
 10
28.548560000000002
 20
7.91183
 30
0.0
 11
28.542749999999998
 21
7.8947400000000005
 31
0.0
  0
LINE
  5
187B
330
17
100
AcDbEntity
  8
0
100
AcDbLine
 10
28.542749999999998
 20
7.8947400000000005
 30
0.0
 11
28.53537
 21
7.87827
 31
0.0
  0
LINE
  5
187C
330
17
100
AcDbEntity
  8
0
100
AcDbLine
 10
28.53537
 20
7.87827
 30
0.0
 11
28.526470000000003
 21
7.862569999999999
 31
0.0
  0
LINE
  5
187D
330
17
100
AcDbEntity
  8
0
100
AcDbLine
 10
28.526470000000003
 20
7.862569999999999
 30
0.0
 11
28.51615
 21
7.84776
 31
0.0
  0
LINE
  5
187E
330
17
100
AcDbEntity
  8
0
100
AcDbLine
 10
28.51615
 20
7.84776
 30
0.0
 11
28.50463
 21
7.83421
 31
0.0
  0
LINE
  5
187F
330
17
100
AcDbEntity
  8
0
100
AcDbLine
 10
28.50463
 20
7.83421
 30
0.0
 11
28.49184
 21
7.82184
 31
0.0
  0
LINE
  5
1880
330
17
100
AcDbEntity
  8
0
100
AcDbLine
 10
28.49184
 20
7.82184
 30
0.0
 11
28.477909999999998
 21
7.810779999999999
 31
0.0
  0
LINE
  5
1881
330
17
100
AcDbEntity
  8
0
100
AcDbLine
 10
28.477909999999998
 20
7.810779999999999
 30
0.0
 11
28.46296
 21
7.80114
 31
0.0
  0
LINE
  5
1882
330
17
100
AcDbEntity
  8
0
100
AcDbLine
 10
28.46296
 20
7.80114
 30
0.0
 11
28.44714
 21
7.792999999999999
 31
0.0
  0
LINE
  5
1883
330
17
100
AcDbEntity
  8
0
100
AcDbLine
 10
28.44714
 20
7.792999999999999
 30
0.0
 11
28.430609999999998
 21
7.786440000000001
 31
0.0
  0
LINE
  5
1884
330
17
100
AcDbEntity
  8
0
100
AcDbLine
 10
28.430609999999998
 20
7.786440000000001
 30
0.0
 11
28.41351
 21
7.78152
 31
0.0
  0
LINE
  5
1885
330
17
100
AcDbEntity
  8
0
100
AcDbLine
 10
28.41351
 20
7.78152
 30
0.0
 11
28.3027
 21
7.76156
 31
0.0
  0
LINE
  5
1886
330
17
100
AcDbEntity
  8
0
100
AcDbLine
 10
28.3027
 20
7.76156
 30
0.0
 11
28.19039
 21
7.75341
 31
0.0
  0
LINE
  5
1887
330
17
100
AcDbEntity
  8
0
100
AcDbLine
 10
28.19039
 20
7.75341
 30
0.0
 11
27.63255
 21
7.74796
 31
0.0
  0
LINE
  5
1888
330
17
100
AcDbEntity
  8
0
100
AcDbLine
 10
27.63255
 20
7.74796
 30
0.0
 11
27.0747
 21
7.75341
 31
0.0
  0
LINE
  5
1889
330
17
100
AcDbEntity
  8
0
100
AcDbLine
 10
27.0747
 20
7.75341
 30
0.0
 11
26.962400000000002
 21
7.76156
 31
0.0
  0
LINE
  5
188A
330
17
100
AcDbEntity
  8
0
100
AcDbLine
 10
26.962400000000002
 20
7.76156
 30
0.0
 11
26.85159
 21
7.78152
 31
0.0
  0
LINE
  5
188B
330
17
100
AcDbEntity
  8
0
100
AcDbLine
 10
26.85159
 20
7.78152
 30
0.0
 11
26.83449
 21
7.786440000000001
 31
0.0
  0
LINE
  5
188C
330
17
100
AcDbEntity
  8
0
100
AcDbLine
 10
26.83449
 20
7.786440000000001
 30
0.0
 11
26.81796
 21
7.792999999999999
 31
0.0
  0
LINE
  5
188D
330
17
100
AcDbEntity
  8
0
100
AcDbLine
 10
26.81796
 20
7.792999999999999
 30
0.0
 11
26.802139999999998
 21
7.80114
 31
0.0
  0
LINE
  5
188E
330
17
100
AcDbEntity
  8
0
100
AcDbLine
 10
26.802139999999998
 20
7.80114
 30
0.0
 11
26.78719
 21
7.810779999999999
 31
0.0
  0
LINE
  5
188F
330
17
100
AcDbEntity
  8
0
100
AcDbLine
 10
26.78719
 20
7.810779999999999
 30
0.0
 11
26.77326
 21
7.82184
 31
0.0
  0
LINE
  5
1890
330
17
100
AcDbEntity
  8
0
100
AcDbLine
 10
26.77326
 20
7.82184
 30
0.0
 11
26.76047
 21
7.83421
 31
0.0
  0
LINE
  5
1891
330
17
100
AcDbEntity
  8
0
100
AcDbLine
 10
26.76047
 20
7.83421
 30
0.0
 11
26.748939999999997
 21
7.84776
 31
0.0
  0
LINE
  5
1892
330
17
100
AcDbEntity
  8
0
100
AcDbLine
 10
26.748939999999997
 20
7.84776
 30
0.0
 11
26.73862
 21
7.862569999999999
 31
0.0
  0
LINE
  5
1893
330
17
100
AcDbEntity
  8
0
100
AcDbLine
 10
26.73862
 20
7.862569999999999
 30
0.0
 11
26.72973
 21
7.87827
 31
0.0
  0
LINE
  5
1894
330
17
100
AcDbEntity
  8
0
100
AcDbLine
 10
26.72973
 20
7.87827
 30
0.0
 11
26.72235
 21
7.8947400000000005
 31
0.0
  0
LINE
  5
1895
330
17
100
AcDbEntity
  8
0
100
AcDbLine
 10
26.72235
 20
7.8947400000000005
 30
0.0
 11
26.716540000000002
 21
7.91183
 31
0.0
  0
LINE
  5
1896
330
17
100
AcDbEntity
  8
0
100
AcDbLine
 10
26.716540000000002
 20
7.91183
 30
0.0
 11
26.71235
 21
7.92938
 31
0.0
  0
LINE
  5
1897
330
17
100
AcDbEntity
  8
0
100
AcDbLine
 10
26.71235
 20
7.92938
 30
0.0
 11
26.709819999999997
 21
7.9472499999999995
 31
0.0
  0
LINE
  5
1898
330
17
100
AcDbEntity
  8
0
100
AcDbLine
 10
26.709819999999997
 20
7.9472499999999995
 30
0.0
 11
26.70898
 21
7.96528
 31
0.0
  0
LINE
  5
1899
330
17
100
AcDbEntity
  8
0
100
AcDbLine
 10
26.70898
 20
7.96528
 30
0.0
 11
26.70744
 21
7.9972900000000005
 31
0.0
  0
LINE
  5
189A
330
17
100
AcDbEntity
  8
0
100
AcDbLine
 10
26.70744
 20
7.9972900000000005
 30
0.0
 11
26.70283
 21
8.02902
 31
0.0
  0
LINE
  5
189B
330
17
100
AcDbEntity
  8
0
100
AcDbLine
 10
26.70283
 20
8.02902
 30
0.0
 11
26.6952
 21
8.06015
 31
0.0
  0
LINE
  5
189C
330
17
100
AcDbEntity
  8
0
100
AcDbLine
 10
26.6952
 20
8.06015
 30
0.0
 11
26.689890000000002
 21
8.07525
 31
0.0
  0
LINE
  5
189D
330
17
100
AcDbEntity
  8
0
100
AcDbLine
 10
26.689890000000002
 20
8.07525
 30
0.0
 11
26.6831
 21
8.08975
 31
0.0
  0
LINE
  5
189E
330
17
100
AcDbEntity
  8
0
100
AcDbLine
 10
26.6831
 20
8.08975
 30
0.0
 11
26.67491
 21
8.10351
 31
0.0
  0
LINE
  5
189F
330
17
100
AcDbEntity
  8
0
100
AcDbLine
 10
10.84525
 20
7.327229999999999
 30
0.0
 11
10.83659
 21
7.31422
 31
0.0
  0
LINE
  5
18A0
330
17
100
AcDbEntity
  8
0
100
AcDbLine
 10
10.83659
 20
7.31422
 30
0.0
 11
10.82673
 21
7.302099999999999
 31
0.0
  0
LINE
  5
18A1
330
17
100
AcDbEntity
  8
0
100
AcDbLine
 10
10.82673
 20
7.302099999999999
 30
0.0
 11
10.81574
 21
7.29098
 31
0.0
  0
LINE
  5
18A2
330
17
100
AcDbEntity
  8
0
100
AcDbLine
 10
10.81574
 20
7.29098
 30
0.0
 11
10.80375
 21
7.28097
 31
0.0
  0
LINE
  5
18A3
330
17
100
AcDbEntity
  8
0
100
AcDbLine
 10
10.80375
 20
7.28097
 30
0.0
 11
10.790849999999999
 21
7.27215
 31
0.0
  0
LINE
  5
18A4
330
17
100
AcDbEntity
  8
0
100
AcDbLine
 10
10.790849999999999
 20
7.27215
 30
0.0
 11
10.777159999999999
 21
7.264600000000001
 31
0.0
  0
LINE
  5
18A5
330
17
100
AcDbEntity
  8
0
100
AcDbLine
 10
10.777159999999999
 20
7.264600000000001
 30
0.0
 11
10.733680000000001
 21
7.246029999999999
 31
0.0
  0
LINE
  5
18A6
330
17
100
AcDbEntity
  8
0
100
AcDbLine
 10
10.733680000000001
 20
7.246029999999999
 30
0.0
 11
10.6885
 21
7.2321
 31
0.0
  0
LINE
  5
18A7
330
17
100
AcDbEntity
  8
0
100
AcDbLine
 10
10.6885
 20
7.2321
 30
0.0
 11
10.64211
 21
7.22297
 31
0.0
  0
LINE
  5
18A8
330
17
100
AcDbEntity
  8
0
100
AcDbLine
 10
10.64211
 20
7.22297
 30
0.0
 11
10.57314
 21
7.215120000000001
 31
0.0
  0
LINE
  5
18A9
330
17
100
AcDbEntity
  8
0
100
AcDbLine
 10
10.57314
 20
7.215120000000001
 30
0.0
 11
10.50384
 21
7.2112799999999995
 31
0.0
  0
LINE
  5
18AA
330
17
100
AcDbEntity
  8
0
100
AcDbLine
 10
10.50384
 20
7.2112799999999995
 30
0.0
 11
10.49673
 21
7.211460000000001
 31
0.0
  0
LINE
  5
18AB
330
17
100
AcDbEntity
  8
0
100
AcDbLine
 10
10.49673
 20
7.211460000000001
 30
0.0
 11
10.48968
 21
7.21236
 31
0.0
  0
LINE
  5
18AC
330
17
100
AcDbEntity
  8
0
100
AcDbLine
 10
10.48968
 20
7.21236
 30
0.0
 11
10.48277
 21
7.21398
 31
0.0
  0
LINE
  5
18AD
330
17
100
AcDbEntity
  8
0
100
AcDbLine
 10
10.48277
 20
7.21398
 30
0.0
 11
10.47605
 21
7.21631
 31
0.0
  0
LINE
  5
18AE
330
17
100
AcDbEntity
  8
0
100
AcDbLine
 10
10.47605
 20
7.21631
 30
0.0
 11
10.469610000000001
 21
7.2193
 31
0.0
  0
LINE
  5
18AF
330
17
100
AcDbEntity
  8
0
100
AcDbLine
 10
10.469610000000001
 20
7.2193
 30
0.0
 11
10.4635
 21
7.2229399999999995
 31
0.0
  0
LINE
  5
18B0
330
17
100
AcDbEntity
  8
0
100
AcDbLine
 10
10.4635
 20
7.2229399999999995
 30
0.0
 11
10.45781
 21
7.227189999999999
 31
0.0
  0
LINE
  5
18B1
330
17
100
AcDbEntity
  8
0
100
AcDbLine
 10
10.45781
 20
7.227189999999999
 30
0.0
 11
10.45257
 21
7.231999999999999
 31
0.0
  0
LINE
  5
18B2
330
17
100
AcDbEntity
  8
0
100
AcDbLine
 10
10.45257
 20
7.231999999999999
 30
0.0
 11
10.44786
 21
7.23732
 31
0.0
  0
LINE
  5
18B3
330
17
100
AcDbEntity
  8
0
100
AcDbLine
 10
10.44786
 20
7.23732
 30
0.0
 11
10.44311
 21
7.24398
 31
0.0
  0
LINE
  5
18B4
330
17
100
AcDbEntity
  8
0
100
AcDbLine
 10
10.44311
 20
7.24398
 30
0.0
 11
10.43911
 21
7.25113
 31
0.0
  0
LINE
  5
18B5
330
17
100
AcDbEntity
  8
0
100
AcDbLine
 10
10.43911
 20
7.25113
 30
0.0
 11
10.43591
 21
7.25866
 31
0.0
  0
LINE
  5
18B6
330
17
100
AcDbEntity
  8
0
100
AcDbLine
 10
10.43591
 20
7.25866
 30
0.0
 11
10.43354
 21
7.266500000000001
 31
0.0
  0
LINE
  5
18B7
330
17
100
AcDbEntity
  8
0
100
AcDbLine
 10
10.43354
 20
7.266500000000001
 30
0.0
 11
10.43204
 21
7.2745500000000005
 31
0.0
  0
LINE
  5
18B8
330
17
100
AcDbEntity
  8
0
100
AcDbLine
 10
10.43204
 20
7.2745500000000005
 30
0.0
 11
10.43143
 21
7.28272
 31
0.0
  0
LINE
  5
18B9
330
17
100
AcDbEntity
  8
0
100
AcDbLine
 10
10.43143
 20
7.28272
 30
0.0
 11
10.431700000000001
 21
7.290900000000001
 31
0.0
  0
LINE
  5
18BA
330
17
100
AcDbEntity
  8
0
100
AcDbLine
 10
10.431700000000001
 20
7.290900000000001
 30
0.0
 11
10.43286
 21
7.2989999999999995
 31
0.0
  0
LINE
  5
18BB
330
17
100
AcDbEntity
  8
0
100
AcDbLine
 10
10.43286
 20
7.2989999999999995
 30
0.0
 11
10.468639999999999
 21
7.44028
 31
0.0
  0
LINE
  5
18BC
330
17
100
AcDbEntity
  8
0
100
AcDbLine
 10
10.468639999999999
 20
7.44028
 30
0.0
 11
10.50938
 21
7.558610000000001
 31
0.0
  0
LINE
  5
18BD
330
17
100
AcDbEntity
  8
0
100
AcDbLine
 10
10.50938
 20
7.558610000000001
 30
0.0
 11
10.568539999999999
 21
7.70699
 31
0.0
  0
LINE
  5
18BE
330
17
100
AcDbEntity
  8
0
100
AcDbLine
 10
10.568539999999999
 20
7.70699
 30
0.0
 11
10.634960000000001
 21
7.85955
 31
0.0
  0
LINE
  5
18BF
330
17
100
AcDbEntity
  8
0
100
AcDbLine
 10
10.634960000000001
 20
7.85955
 30
0.0
 11
10.698879999999999
 21
7.99244
 31
0.0
  0
LINE
  5
18C0
330
17
100
AcDbEntity
  8
0
100
AcDbLine
 10
10.698879999999999
 20
7.99244
 30
0.0
 11
10.75946
 21
8.106959999999999
 31
0.0
  0
LINE
  5
18C1
330
17
100
AcDbEntity
  8
0
100
AcDbLine
 10
10.75946
 20
8.106959999999999
 30
0.0
 11
10.81564
 21
8.20347
 31
0.0
  0
LINE
  5
18C2
330
17
100
AcDbEntity
  8
0
100
AcDbLine
 10
10.81564
 20
8.20347
 30
0.0
 11
10.86526
 21
8.28168
 31
0.0
  0
LINE
  5
18C3
330
17
100
AcDbEntity
  8
0
100
AcDbLine
 10
10.86526
 20
8.28168
 30
0.0
 11
10.866489999999999
 21
8.28337
 31
0.0
  0
LINE
  5
18C4
330
17
100
AcDbEntity
  8
0
100
AcDbLine
 10
10.866489999999999
 20
8.28337
 30
0.0
 11
10.86788
 21
8.284939999999999
 31
0.0
  0
LINE
  5
18C5
330
17
100
AcDbEntity
  8
0
100
AcDbLine
 10
10.86788
 20
8.284939999999999
 30
0.0
 11
10.86942
 21
8.286349999999999
 31
0.0
  0
LINE
  5
18C6
330
17
100
AcDbEntity
  8
0
100
AcDbLine
 10
10.86942
 20
8.286349999999999
 30
0.0
 11
10.87109
 21
8.28761
 31
0.0
  0
LINE
  5
18C7
330
17
100
AcDbEntity
  8
0
100
AcDbLine
 10
10.87109
 20
8.28761
 30
0.0
 11
10.87288
 21
8.2887
 31
0.0
  0
LINE
  5
18C8
330
17
100
AcDbEntity
  8
0
100
AcDbLine
 10
10.87288
 20
8.2887
 30
0.0
 11
10.87476
 21
8.2896
 31
0.0
  0
LINE
  5
18C9
330
17
100
AcDbEntity
  8
0
100
AcDbLine
 10
10.87476
 20
8.2896
 30
0.0
 11
10.87673
 21
8.29031
 31
0.0
  0
LINE
  5
18CA
330
17
100
AcDbEntity
  8
0
100
AcDbLine
 10
10.87673
 20
8.29031
 30
0.0
 11
10.87876
 21
8.290830000000001
 31
0.0
  0
LINE
  5
18CB
330
17
100
AcDbEntity
  8
0
100
AcDbLine
 10
10.87876
 20
8.290830000000001
 30
0.0
 11
10.88083
 21
8.29114
 31
0.0
  0
LINE
  5
18CC
330
17
100
AcDbEntity
  8
0
100
AcDbLine
 10
10.88083
 20
8.29114
 30
0.0
 11
10.88292
 21
8.29124
 31
0.0
  0
LINE
  5
18CD
330
17
100
AcDbEntity
  8
0
100
AcDbLine
 10
10.88292
 20
8.29124
 30
0.0
 11
10.88429
 21
8.291170000000001
 31
0.0
  0
LINE
  5
18CE
330
17
100
AcDbEntity
  8
0
100
AcDbLine
 10
10.88429
 20
8.291170000000001
 30
0.0
 11
10.88564
 21
8.29095
 31
0.0
  0
LINE
  5
18CF
330
17
100
AcDbEntity
  8
0
100
AcDbLine
 10
10.88564
 20
8.29095
 30
0.0
 11
10.88696
 21
8.29058
 31
0.0
  0
LINE
  5
18D0
330
17
100
AcDbEntity
  8
0
100
AcDbLine
 10
10.88696
 20
8.29058
 30
0.0
 11
10.88824
 21
8.29007
 31
0.0
  0
LINE
  5
18D1
330
17
100
AcDbEntity
  8
0
100
AcDbLine
 10
10.88824
 20
8.29007
 30
0.0
 11
10.88945
 21
8.289430000000001
 31
0.0
  0
LINE
  5
18D2
330
17
100
AcDbEntity
  8
0
100
AcDbLine
 10
10.88945
 20
8.289430000000001
 30
0.0
 11
10.89059
 21
8.28866
 31
0.0
  0
LINE
  5
18D3
330
17
100
AcDbEntity
  8
0
100
AcDbLine
 10
10.89059
 20
8.28866
 30
0.0
 11
10.89163
 21
8.28777
 31
0.0
  0
LINE
  5
18D4
330
17
100
AcDbEntity
  8
0
100
AcDbLine
 10
10.89163
 20
8.28777
 30
0.0
 11
10.89258
 21
8.28678
 31
0.0
  0
LINE
  5
18D5
330
17
100
AcDbEntity
  8
0
100
AcDbLine
 10
10.89258
 20
8.28678
 30
0.0
 11
10.89341
 21
8.28569
 31
0.0
  0
LINE
  5
18D6
330
17
100
AcDbEntity
  8
0
100
AcDbLine
 10
10.89341
 20
8.28569
 30
0.0
 11
10.894120000000001
 21
8.284510000000001
 31
0.0
  0
LINE
  5
18D7
330
17
100
AcDbEntity
  8
0
100
AcDbLine
 10
10.894120000000001
 20
8.284510000000001
 30
0.0
 11
10.8947
 21
8.28327
 31
0.0
  0
LINE
  5
18D8
330
17
100
AcDbEntity
  8
0
100
AcDbLine
 10
10.8947
 20
8.28327
 30
0.0
 11
10.89514
 21
8.28197
 31
0.0
  0
LINE
  5
18D9
330
17
100
AcDbEntity
  8
0
100
AcDbLine
 10
10.89514
 20
8.28197
 30
0.0
 11
10.895439999999999
 21
8.28063
 31
0.0
  0
LINE
  5
18DA
330
17
100
AcDbEntity
  8
0
100
AcDbLine
 10
10.895439999999999
 20
8.28063
 30
0.0
 11
10.89559
 21
8.27927
 31
0.0
  0
LINE
  5
18DB
330
17
100
AcDbEntity
  8
0
100
AcDbLine
 10
10.89559
 20
8.27927
 30
0.0
 11
10.902439999999999
 21
8.13963
 31
0.0
  0
LINE
  5
18DC
330
17
100
AcDbEntity
  8
0
100
AcDbLine
 10
10.902439999999999
 20
8.13963
 30
0.0
 11
10.90613
 21
7.9730300000000005
 31
0.0
  0
LINE
  5
18DD
330
17
100
AcDbEntity
  8
0
100
AcDbLine
 10
10.90613
 20
7.9730300000000005
 30
0.0
 11
10.90438
 21
7.77513
 31
0.0
  0
LINE
  5
18DE
330
17
100
AcDbEntity
  8
0
100
AcDbLine
 10
10.90438
 20
7.77513
 30
0.0
 11
10.890189999999999
 21
7.48226
 31
0.0
  0
LINE
  5
18DF
330
17
100
AcDbEntity
  8
0
100
AcDbLine
 10
10.890189999999999
 20
7.48226
 30
0.0
 11
10.88571
 21
7.4458
 31
0.0
  0
LINE
  5
18E0
330
17
100
AcDbEntity
  8
0
100
AcDbLine
 10
10.88571
 20
7.4458
 30
0.0
 11
10.87791
 21
7.40991
 31
0.0
  0
LINE
  5
18E1
330
17
100
AcDbEntity
  8
0
100
AcDbLine
 10
10.87791
 20
7.40991
 30
0.0
 11
10.866850000000001
 21
7.37488
 31
0.0
  0
LINE
  5
18E2
330
17
100
AcDbEntity
  8
0
100
AcDbLine
 10
10.866850000000001
 20
7.37488
 30
0.0
 11
10.85263
 21
7.34101
 31
0.0
  0
LINE
  5
18E3
330
17
100
AcDbEntity
  8
0
100
AcDbLine
 10
10.85263
 20
7.34101
 30
0.0
 11
10.84525
 21
7.327229999999999
 31
0.0
  0
LINE
  5
18E4
330
17
100
AcDbEntity
  8
0
100
AcDbLine
 10
44.82623
 20
5.69213
 30
0.0
 11
44.82575
 21
5.67364
 31
0.0
  0
LINE
  5
18E5
330
17
100
AcDbEntity
  8
0
100
AcDbLine
 10
44.82575
 20
5.67364
 30
0.0
 11
44.82341
 21
5.6553
 31
0.0
  0
LINE
  5
18E6
330
17
100
AcDbEntity
  8
0
100
AcDbLine
 10
44.82341
 20
5.6553
 30
0.0
 11
44.81922
 21
5.63728
 31
0.0
  0
LINE
  5
18E7
330
17
100
AcDbEntity
  8
0
100
AcDbLine
 10
44.81922
 20
5.63728
 30
0.0
 11
44.81324
 21
5.61979
 31
0.0
  0
LINE
  5
18E8
330
17
100
AcDbEntity
  8
0
100
AcDbLine
 10
44.81324
 20
5.61979
 30
0.0
 11
44.80551
 21
5.60298
 31
0.0
  0
LINE
  5
18E9
330
17
100
AcDbEntity
  8
0
100
AcDbLine
 10
44.80551
 20
5.60298
 30
0.0
 11
44.796130000000005
 21
5.58705
 31
0.0
  0
LINE
  5
18EA
330
17
100
AcDbEntity
  8
0
100
AcDbLine
 10
44.796130000000005
 20
5.58705
 30
0.0
 11
44.785180000000004
 21
5.57214
 31
0.0
  0
LINE
  5
18EB
330
17
100
AcDbEntity
  8
0
100
AcDbLine
 10
44.785180000000004
 20
5.57214
 30
0.0
 11
44.77278
 21
5.55842
 31
0.0
  0
LINE
  5
18EC
330
17
100
AcDbEntity
  8
0
100
AcDbLine
 10
44.77278
 20
5.55842
 30
0.0
 11
44.76277
 21
5.54929
 31
0.0
  0
LINE
  5
18ED
330
17
100
AcDbEntity
  8
0
100
AcDbLine
 10
44.76277
 20
5.54929
 30
0.0
 11
44.75194
 21
5.54112
 31
0.0
  0
LINE
  5
18EE
330
17
100
AcDbEntity
  8
0
100
AcDbLine
 10
44.75194
 20
5.54112
 30
0.0
 11
44.74042
 21
5.53398
 31
0.0
  0
LINE
  5
18EF
330
17
100
AcDbEntity
  8
0
100
AcDbLine
 10
44.74042
 20
5.53398
 30
0.0
 11
44.728280000000005
 21
5.52794
 31
0.0
  0
LINE
  5
18F0
330
17
100
AcDbEntity
  8
0
100
AcDbLine
 10
44.728280000000005
 20
5.52794
 30
0.0
 11
44.71564
 21
5.52304
 31
0.0
  0
LINE
  5
18F1
330
17
100
AcDbEntity
  8
0
100
AcDbLine
 10
44.71564
 20
5.52304
 30
0.0
 11
44.702600000000004
 21
5.51933
 31
0.0
  0
LINE
  5
18F2
330
17
100
AcDbEntity
  8
0
100
AcDbLine
 10
44.702600000000004
 20
5.51933
 30
0.0
 11
44.5581
 21
5.49348
 31
0.0
  0
LINE
  5
18F3
330
17
100
AcDbEntity
  8
0
100
AcDbLine
 10
44.5581
 20
5.49348
 30
0.0
 11
44.38089
 21
5.48112
 31
0.0
  0
LINE
  5
18F4
330
17
100
AcDbEntity
  8
0
100
AcDbLine
 10
44.38089
 20
5.48112
 30
0.0
 11
44.191019999999995
 21
5.4864
 31
0.0
  0
LINE
  5
18F5
330
17
100
AcDbEntity
  8
0
100
AcDbLine
 10
44.191019999999995
 20
5.4864
 30
0.0
 11
43.96201
 21
5.51234
 31
0.0
  0
LINE
  5
18F6
330
17
100
AcDbEntity
  8
0
100
AcDbLine
 10
43.96201
 20
5.51234
 30
0.0
 11
43.91146
 21
5.52244
 31
0.0
  0
LINE
  5
18F7
330
17
100
AcDbEntity
  8
0
100
AcDbLine
 10
43.91146
 20
5.52244
 30
0.0
 11
43.86197
 21
5.53686
 31
0.0
  0
LINE
  5
18F8
330
17
100
AcDbEntity
  8
0
100
AcDbLine
 10
43.86197
 20
5.53686
 30
0.0
 11
43.81391
 21
5.555499999999999
 31
0.0
  0
LINE
  5
18F9
330
17
100
AcDbEntity
  8
0
100
AcDbLine
 10
43.81391
 20
5.555499999999999
 30
0.0
 11
43.78905
 21
5.568
 31
0.0
  0
LINE
  5
18FA
330
17
100
AcDbEntity
  8
0
100
AcDbLine
 10
43.78905
 20
5.568
 30
0.0
 11
43.765640000000005
 21
5.58307
 31
0.0
  0
LINE
  5
18FB
330
17
100
AcDbEntity
  8
0
100
AcDbLine
 10
43.765640000000005
 20
5.58307
 30
0.0
 11
43.74396
 21
5.60053
 31
0.0
  0
LINE
  5
18FC
330
17
100
AcDbEntity
  8
0
100
AcDbLine
 10
43.74396
 20
5.60053
 30
0.0
 11
43.72425
 21
5.6201799999999995
 31
0.0
  0
LINE
  5
18FD
330
17
100
AcDbEntity
  8
0
100
AcDbLine
 10
43.72425
 20
5.6201799999999995
 30
0.0
 11
43.713429999999995
 21
5.63334
 31
0.0
  0
LINE
  5
18FE
330
17
100
AcDbEntity
  8
0
100
AcDbLine
 10
43.713429999999995
 20
5.63334
 30
0.0
 11
43.70384
 21
5.6474400000000005
 31
0.0
  0
LINE
  5
18FF
330
17
100
AcDbEntity
  8
0
100
AcDbLine
 10
43.70384
 20
5.6474400000000005
 30
0.0
 11
43.695570000000004
 21
5.66234
 31
0.0
  0
LINE
  5
1900
330
17
100
AcDbEntity
  8
0
100
AcDbLine
 10
43.695570000000004
 20
5.66234
 30
0.0
 11
43.6887
 21
5.67794
 31
0.0
  0
LINE
  5
1901
330
17
100
AcDbEntity
  8
0
100
AcDbLine
 10
43.6887
 20
5.67794
 30
0.0
 11
43.68327
 21
5.6941
 31
0.0
  0
LINE
  5
1902
330
17
100
AcDbEntity
  8
0
100
AcDbLine
 10
43.68327
 20
5.6941
 30
0.0
 11
43.679339999999996
 21
5.71068
 31
0.0
  0
LINE
  5
1903
330
17
100
AcDbEntity
  8
0
100
AcDbLine
 10
43.679339999999996
 20
5.71068
 30
0.0
 11
43.67706
 21
5.72689
 31
0.0
  0
LINE
  5
1904
330
17
100
AcDbEntity
  8
0
100
AcDbLine
 10
43.67706
 20
5.72689
 30
0.0
 11
43.67635
 21
5.74325
 31
0.0
  0
LINE
  5
1905
330
17
100
AcDbEntity
  8
0
100
AcDbLine
 10
43.67635
 20
5.74325
 30
0.0
 11
43.6772
 21
5.7596
 31
0.0
  0
LINE
  5
1906
330
17
100
AcDbEntity
  8
0
100
AcDbLine
 10
43.6772
 20
5.7596
 30
0.0
 11
43.679629999999996
 21
5.7758
 31
0.0
  0
LINE
  5
1907
330
17
100
AcDbEntity
  8
0
100
AcDbLine
 10
43.679629999999996
 20
5.7758
 30
0.0
 11
43.68359
 21
5.79169
 31
0.0
  0
LINE
  5
1908
330
17
100
AcDbEntity
  8
0
100
AcDbLine
 10
43.68359
 20
5.79169
 30
0.0
 11
43.68376
 21
5.7921700000000005
 31
0.0
  0
LINE
  5
1909
330
17
100
AcDbEntity
  8
0
100
AcDbLine
 10
43.68376
 20
5.7921700000000005
 30
0.0
 11
43.68905
 21
5.807119999999999
 31
0.0
  0
LINE
  5
190A
330
17
100
AcDbEntity
  8
0
100
AcDbLine
 10
43.68905
 20
5.807119999999999
 30
0.0
 11
43.69367
 21
5.816960000000001
 31
0.0
  0
LINE
  5
190B
330
17
100
AcDbEntity
  8
0
100
AcDbLine
 10
43.69367
 20
5.816960000000001
 30
0.0
 11
43.699290000000005
 21
5.8262599999999996
 31
0.0
  0
LINE
  5
190C
330
17
100
AcDbEntity
  8
0
100
AcDbLine
 10
43.699290000000005
 20
5.8262599999999996
 30
0.0
 11
43.70583
 21
5.8349400000000005
 31
0.0
  0
LINE
  5
190D
330
17
100
AcDbEntity
  8
0
100
AcDbLine
 10
43.70583
 20
5.8349400000000005
 30
0.0
 11
43.713229999999996
 21
5.8429
 31
0.0
  0
LINE
  5
190E
330
17
100
AcDbEntity
  8
0
100
AcDbLine
 10
43.713229999999996
 20
5.8429
 30
0.0
 11
43.72141
 21
5.8500499999999995
 31
0.0
  0
LINE
  5
190F
330
17
100
AcDbEntity
  8
0
100
AcDbLine
 10
43.72141
 20
5.8500499999999995
 30
0.0
 11
43.73028
 21
5.85633
 31
0.0
  0
LINE
  5
1910
330
17
100
AcDbEntity
  8
0
100
AcDbLine
 10
43.73028
 20
5.85633
 30
0.0
 11
43.739760000000004
 21
5.86165
 31
0.0
  0
LINE
  5
1911
330
17
100
AcDbEntity
  8
0
100
AcDbLine
 10
43.739760000000004
 20
5.86165
 30
0.0
 11
43.749719999999996
 21
5.8659799999999995
 31
0.0
  0
LINE
  5
1912
330
17
100
AcDbEntity
  8
0
100
AcDbLine
 10
43.749719999999996
 20
5.8659799999999995
 30
0.0
 11
43.79525
 21
5.880319999999999
 31
0.0
  0
LINE
  5
1913
330
17
100
AcDbEntity
  8
0
100
AcDbLine
 10
43.79525
 20
5.880319999999999
 30
0.0
 11
43.842029999999994
 21
5.889830000000001
 31
0.0
  0
LINE
  5
1914
330
17
100
AcDbEntity
  8
0
100
AcDbLine
 10
43.842029999999994
 20
5.889830000000001
 30
0.0
 11
43.88954
 21
5.89438
 31
0.0
  0
LINE
  5
1915
330
17
100
AcDbEntity
  8
0
100
AcDbLine
 10
43.88954
 20
5.89438
 30
0.0
 11
44.1881
 21
5.90082
 31
0.0
  0
LINE
  5
1916
330
17
100
AcDbEntity
  8
0
100
AcDbLine
 10
44.1881
 20
5.90082
 30
0.0
 11
44.3647
 21
5.895390000000001
 31
0.0
  0
LINE
  5
1917
330
17
100
AcDbEntity
  8
0
100
AcDbLine
 10
44.3647
 20
5.895390000000001
 30
0.0
 11
44.54063
 21
5.8791
 31
0.0
  0
LINE
  5
1918
330
17
100
AcDbEntity
  8
0
100
AcDbLine
 10
44.54063
 20
5.8791
 30
0.0
 11
44.59794
 21
5.8690299999999995
 31
0.0
  0
LINE
  5
1919
330
17
100
AcDbEntity
  8
0
100
AcDbLine
 10
44.59794
 20
5.8690299999999995
 30
0.0
 11
44.65393
 21
5.853190000000001
 31
0.0
  0
LINE
  5
191A
330
17
100
AcDbEntity
  8
0
100
AcDbLine
 10
44.65393
 20
5.853190000000001
 30
0.0
 11
44.70803
 21
5.83175
 31
0.0
  0
LINE
  5
191B
330
17
100
AcDbEntity
  8
0
100
AcDbLine
 10
44.70803
 20
5.83175
 30
0.0
 11
44.75968
 21
5.804939999999999
 31
0.0
  0
LINE
  5
191C
330
17
100
AcDbEntity
  8
0
100
AcDbLine
 10
44.75968
 20
5.804939999999999
 30
0.0
 11
44.77111
 21
5.79744
 31
0.0
  0
LINE
  5
191D
330
17
100
AcDbEntity
  8
0
100
AcDbLine
 10
44.77111
 20
5.79744
 30
0.0
 11
44.7776
 21
5.7921700000000005
 31
0.0
  0
LINE
  5
191E
330
17
100
AcDbEntity
  8
0
100
AcDbLine
 10
44.7776
 20
5.7921700000000005
 30
0.0
 11
44.78172
 21
5.78882
 31
0.0
  0
LINE
  5
191F
330
17
100
AcDbEntity
  8
0
100
AcDbLine
 10
44.78172
 20
5.78882
 30
0.0
 11
44.79141
 21
5.779170000000001
 31
0.0
  0
LINE
  5
1920
330
17
100
AcDbEntity
  8
0
100
AcDbLine
 10
44.79141
 20
5.779170000000001
 30
0.0
 11
44.80006
 21
5.76858
 31
0.0
  0
LINE
  5
1921
330
17
100
AcDbEntity
  8
0
100
AcDbLine
 10
44.80006
 20
5.76858
 30
0.0
 11
44.8076
 21
5.7571699999999995
 31
0.0
  0
LINE
  5
1922
330
17
100
AcDbEntity
  8
0
100
AcDbLine
 10
44.8076
 20
5.7571699999999995
 30
0.0
 11
44.813939999999995
 21
5.74506
 31
0.0
  0
LINE
  5
1923
330
17
100
AcDbEntity
  8
0
100
AcDbLine
 10
44.813939999999995
 20
5.74506
 30
0.0
 11
44.81901
 21
5.73236
 31
0.0
  0
LINE
  5
1924
330
17
100
AcDbEntity
  8
0
100
AcDbLine
 10
44.81901
 20
5.73236
 30
0.0
 11
44.82278
 21
5.71922
 31
0.0
  0
LINE
  5
1925
330
17
100
AcDbEntity
  8
0
100
AcDbLine
 10
44.82278
 20
5.71922
 30
0.0
 11
44.82519
 21
5.70576
 31
0.0
  0
LINE
  5
1926
330
17
100
AcDbEntity
  8
0
100
AcDbLine
 10
44.82519
 20
5.70576
 30
0.0
 11
44.82623
 21
5.69213
 31
0.0
  0
LINE
  5
1927
330
17
100
AcDbEntity
  8
0
100
AcDbLine
 10
-39.84546
 20
2.8521
 30
0.0
 11
-39.78923
 21
2.8474899999999996
 31
0.0
  0
LINE
  5
1928
330
17
100
AcDbEntity
  8
0
100
AcDbLine
 10
-39.78923
 20
2.8474899999999996
 30
0.0
 11
-39.733709999999995
 21
2.83751
 31
0.0
  0
LINE
  5
1929
330
17
100
AcDbEntity
  8
0
100
AcDbLine
 10
-39.733709999999995
 20
2.83751
 30
0.0
 11
-39.679390000000005
 21
2.82226
 31
0.0
  0
LINE
  5
192A
330
17
100
AcDbEntity
  8
0
100
AcDbLine
 10
-39.679390000000005
 20
2.82226
 30
0.0
 11
-39.665400000000005
 21
2.81675
 31
0.0
  0
LINE
  5
192B
330
17
100
AcDbEntity
  8
0
100
AcDbLine
 10
-39.665400000000005
 20
2.81675
 30
0.0
 11
-39.65208
 21
2.80979
 31
0.0
  0
LINE
  5
192C
330
17
100
AcDbEntity
  8
0
100
AcDbLine
 10
-39.65208
 20
2.80979
 30
0.0
 11
-39.63957
 21
2.80145
 31
0.0
  0
LINE
  5
192D
330
17
100
AcDbEntity
  8
0
100
AcDbLine
 10
-39.63957
 20
2.80145
 30
0.0
 11
-39.62802
 21
2.79182
 31
0.0
  0
LINE
  5
192E
330
17
100
AcDbEntity
  8
0
100
AcDbLine
 10
-39.62802
 20
2.79182
 30
0.0
 11
-39.617560000000005
 21
2.78103
 31
0.0
  0
LINE
  5
192F
330
17
100
AcDbEntity
  8
0
100
AcDbLine
 10
-39.617560000000005
 20
2.78103
 30
0.0
 11
-39.6083
 21
2.76918
 31
0.0
  0
LINE
  5
1930
330
17
100
AcDbEntity
  8
0
100
AcDbLine
 10
-39.6083
 20
2.76918
 30
0.0
 11
-39.60036
 21
2.75641
 31
0.0
  0
LINE
  5
1931
330
17
100
AcDbEntity
  8
0
100
AcDbLine
 10
-39.60036
 20
2.75641
 30
0.0
 11
-39.58984
 21
2.7348
 31
0.0
  0
LINE
  5
1932
330
17
100
AcDbEntity
  8
0
100
AcDbLine
 10
-39.58984
 20
2.7348
 30
0.0
 11
-39.58155
 21
2.71223
 31
0.0
  0
LINE
  5
1933
330
17
100
AcDbEntity
  8
0
100
AcDbLine
 10
-39.58155
 20
2.71223
 30
0.0
 11
-39.57556
 21
2.6889499999999997
 31
0.0
  0
LINE
  5
1934
330
17
100
AcDbEntity
  8
0
100
AcDbLine
 10
-39.57556
 20
2.6889499999999997
 30
0.0
 11
-39.57194
 21
2.66518
 31
0.0
  0
LINE
  5
1935
330
17
100
AcDbEntity
  8
0
100
AcDbLine
 10
-39.57194
 20
2.66518
 30
0.0
 11
-39.57074
 21
2.64117
 31
0.0
  0
LINE
  5
1936
330
17
100
AcDbEntity
  8
0
100
AcDbLine
 10
-39.57074
 20
2.64117
 30
0.0
 11
-39.57194
 21
2.61715
 31
0.0
  0
LINE
  5
1937
330
17
100
AcDbEntity
  8
0
100
AcDbLine
 10
-39.57194
 20
2.61715
 30
0.0
 11
-39.57556
 21
2.5933900000000003
 31
0.0
  0
LINE
  5
1938
330
17
100
AcDbEntity
  8
0
100
AcDbLine
 10
-39.57556
 20
2.5933900000000003
 30
0.0
 11
-39.58155
 21
2.5701
 31
0.0
  0
LINE
  5
1939
330
17
100
AcDbEntity
  8
0
100
AcDbLine
 10
-39.58155
 20
2.5701
 30
0.0
 11
-39.58984
 21
2.54754
 31
0.0
  0
LINE
  5
193A
330
17
100
AcDbEntity
  8
0
100
AcDbLine
 10
-39.58984
 20
2.54754
 30
0.0
 11
-39.60036
 21
2.52592
 31
0.0
  0
LINE
  5
193B
330
17
100
AcDbEntity
  8
0
100
AcDbLine
 10
-39.60036
 20
2.52592
 30
0.0
 11
-39.6083
 21
2.51315
 31
0.0
  0
LINE
  5
193C
330
17
100
AcDbEntity
  8
0
100
AcDbLine
 10
-39.6083
 20
2.51315
 30
0.0
 11
-39.617560000000005
 21
2.50131
 31
0.0
  0
LINE
  5
193D
330
17
100
AcDbEntity
  8
0
100
AcDbLine
 10
-39.617560000000005
 20
2.50131
 30
0.0
 11
-39.62802
 21
2.49051
 31
0.0
  0
LINE
  5
193E
330
17
100
AcDbEntity
  8
0
100
AcDbLine
 10
-39.62802
 20
2.49051
 30
0.0
 11
-39.63957
 21
2.48088
 31
0.0
  0
LINE
  5
193F
330
17
100
AcDbEntity
  8
0
100
AcDbLine
 10
-39.63957
 20
2.48088
 30
0.0
 11
-39.65208
 21
2.47254
 31
0.0
  0
LINE
  5
1940
330
17
100
AcDbEntity
  8
0
100
AcDbLine
 10
-39.65208
 20
2.47254
 30
0.0
 11
-39.665400000000005
 21
2.46558
 31
0.0
  0
LINE
  5
1941
330
17
100
AcDbEntity
  8
0
100
AcDbLine
 10
-39.665400000000005
 20
2.46558
 30
0.0
 11
-39.679390000000005
 21
2.46007
 31
0.0
  0
LINE
  5
1942
330
17
100
AcDbEntity
  8
0
100
AcDbLine
 10
-39.679390000000005
 20
2.46007
 30
0.0
 11
-39.733709999999995
 21
2.44482
 31
0.0
  0
LINE
  5
1943
330
17
100
AcDbEntity
  8
0
100
AcDbLine
 10
-39.733709999999995
 20
2.44482
 30
0.0
 11
-39.78923
 21
2.4348400000000003
 31
0.0
  0
LINE
  5
1944
330
17
100
AcDbEntity
  8
0
100
AcDbLine
 10
-39.78923
 20
2.4348400000000003
 30
0.0
 11
-39.84546
 21
2.43023
 31
0.0
  0
LINE
  5
1945
330
17
100
AcDbEntity
  8
0
100
AcDbLine
 10
-39.84546
 20
2.43023
 30
0.0
 11
-40.59988
 21
2.43023
 31
0.0
  0
LINE
  5
1946
330
17
100
AcDbEntity
  8
0
100
AcDbLine
 10
-40.59988
 20
2.43023
 30
0.0
 11
-40.6561
 21
2.4348400000000003
 31
0.0
  0
LINE
  5
1947
330
17
100
AcDbEntity
  8
0
100
AcDbLine
 10
-40.6561
 20
2.4348400000000003
 30
0.0
 11
-40.71163
 21
2.44482
 31
0.0
  0
LINE
  5
1948
330
17
100
AcDbEntity
  8
0
100
AcDbLine
 10
-40.71163
 20
2.44482
 30
0.0
 11
-40.76594
 21
2.46007
 31
0.0
  0
LINE
  5
1949
330
17
100
AcDbEntity
  8
0
100
AcDbLine
 10
-40.76594
 20
2.46007
 30
0.0
 11
-40.77993
 21
2.46558
 31
0.0
  0
LINE
  5
194A
330
17
100
AcDbEntity
  8
0
100
AcDbLine
 10
-40.77993
 20
2.46558
 30
0.0
 11
-40.79326
 21
2.47254
 31
0.0
  0
LINE
  5
194B
330
17
100
AcDbEntity
  8
0
100
AcDbLine
 10
-40.79326
 20
2.47254
 30
0.0
 11
-40.80576000000001
 21
2.48088
 31
0.0
  0
LINE
  5
194C
330
17
100
AcDbEntity
  8
0
100
AcDbLine
 10
-40.80576000000001
 20
2.48088
 30
0.0
 11
-40.817319999999995
 21
2.49051
 31
0.0
  0
LINE
  5
194D
330
17
100
AcDbEntity
  8
0
100
AcDbLine
 10
-40.817319999999995
 20
2.49051
 30
0.0
 11
-40.827780000000004
 21
2.50131
 31
0.0
  0
LINE
  5
194E
330
17
100
AcDbEntity
  8
0
100
AcDbLine
 10
-40.827780000000004
 20
2.50131
 30
0.0
 11
-40.837030000000006
 21
2.51315
 31
0.0
  0
LINE
  5
194F
330
17
100
AcDbEntity
  8
0
100
AcDbLine
 10
-40.837030000000006
 20
2.51315
 30
0.0
 11
-40.84497
 21
2.52592
 31
0.0
  0
LINE
  5
1950
330
17
100
AcDbEntity
  8
0
100
AcDbLine
 10
-40.84497
 20
2.52592
 30
0.0
 11
-40.85549
 21
2.54754
 31
0.0
  0
LINE
  5
1951
330
17
100
AcDbEntity
  8
0
100
AcDbLine
 10
-40.85549
 20
2.54754
 30
0.0
 11
-40.863789999999995
 21
2.5701
 31
0.0
  0
LINE
  5
1952
330
17
100
AcDbEntity
  8
0
100
AcDbLine
 10
-40.863789999999995
 20
2.5701
 30
0.0
 11
-40.86978
 21
2.5933900000000003
 31
0.0
  0
LINE
  5
1953
330
17
100
AcDbEntity
  8
0
100
AcDbLine
 10
-40.86978
 20
2.5933900000000003
 30
0.0
 11
-40.87339
 21
2.61715
 31
0.0
  0
LINE
  5
1954
330
17
100
AcDbEntity
  8
0
100
AcDbLine
 10
-40.87339
 20
2.61715
 30
0.0
 11
-40.874599999999994
 21
2.64117
 31
0.0
  0
LINE
  5
1955
330
17
100
AcDbEntity
  8
0
100
AcDbLine
 10
-40.874599999999994
 20
2.64117
 30
0.0
 11
-40.87339
 21
2.66518
 31
0.0
  0
LINE
  5
1956
330
17
100
AcDbEntity
  8
0
100
AcDbLine
 10
-40.87339
 20
2.66518
 30
0.0
 11
-40.86978
 21
2.6889499999999997
 31
0.0
  0
LINE
  5
1957
330
17
100
AcDbEntity
  8
0
100
AcDbLine
 10
-40.86978
 20
2.6889499999999997
 30
0.0
 11
-40.863789999999995
 21
2.71223
 31
0.0
  0
LINE
  5
1958
330
17
100
AcDbEntity
  8
0
100
AcDbLine
 10
-40.863789999999995
 20
2.71223
 30
0.0
 11
-40.85549
 21
2.7348
 31
0.0
  0
LINE
  5
1959
330
17
100
AcDbEntity
  8
0
100
AcDbLine
 10
-40.85549
 20
2.7348
 30
0.0
 11
-40.84497
 21
2.75641
 31
0.0
  0
LINE
  5
195A
330
17
100
AcDbEntity
  8
0
100
AcDbLine
 10
-40.84497
 20
2.75641
 30
0.0
 11
-40.837030000000006
 21
2.76918
 31
0.0
  0
LINE
  5
195B
330
17
100
AcDbEntity
  8
0
100
AcDbLine
 10
-40.837030000000006
 20
2.76918
 30
0.0
 11
-40.827780000000004
 21
2.78103
 31
0.0
  0
LINE
  5
195C
330
17
100
AcDbEntity
  8
0
100
AcDbLine
 10
-40.827780000000004
 20
2.78103
 30
0.0
 11
-40.817319999999995
 21
2.79182
 31
0.0
  0
LINE
  5
195D
330
17
100
AcDbEntity
  8
0
100
AcDbLine
 10
-40.817319999999995
 20
2.79182
 30
0.0
 11
-40.80576000000001
 21
2.80145
 31
0.0
  0
LINE
  5
195E
330
17
100
AcDbEntity
  8
0
100
AcDbLine
 10
-40.80576000000001
 20
2.80145
 30
0.0
 11
-40.79326
 21
2.80979
 31
0.0
  0
LINE
  5
195F
330
17
100
AcDbEntity
  8
0
100
AcDbLine
 10
-40.79326
 20
2.80979
 30
0.0
 11
-40.77993
 21
2.81675
 31
0.0
  0
LINE
  5
1960
330
17
100
AcDbEntity
  8
0
100
AcDbLine
 10
-40.77993
 20
2.81675
 30
0.0
 11
-40.76594
 21
2.82226
 31
0.0
  0
LINE
  5
1961
330
17
100
AcDbEntity
  8
0
100
AcDbLine
 10
-40.76594
 20
2.82226
 30
0.0
 11
-40.71163
 21
2.83751
 31
0.0
  0
LINE
  5
1962
330
17
100
AcDbEntity
  8
0
100
AcDbLine
 10
-40.71163
 20
2.83751
 30
0.0
 11
-40.6561
 21
2.8474899999999996
 31
0.0
  0
LINE
  5
1963
330
17
100
AcDbEntity
  8
0
100
AcDbLine
 10
-40.6561
 20
2.8474899999999996
 30
0.0
 11
-40.59988
 21
2.8521
 31
0.0
  0
LINE
  5
1964
330
17
100
AcDbEntity
  8
0
100
AcDbLine
 10
-40.59988
 20
2.8521
 30
0.0
 11
-39.84546
 21
2.8521
 31
0.0
  0
LINE
  5
1965
330
17
100
AcDbEntity
  8
0
100
AcDbLine
 10
18.355159999999998
 20
6.88393
 30
0.0
 11
18.35005
 21
6.93734
 31
0.0
  0
LINE
  5
1966
330
17
100
AcDbEntity
  8
0
100
AcDbLine
 10
18.35005
 20
6.93734
 30
0.0
 11
18.34252
 21
7.204689999999999
 31
0.0
  0
LINE
  5
1967
330
17
100
AcDbEntity
  8
0
100
AcDbLine
 10
18.34252
 20
7.204689999999999
 30
0.0
 11
18.35005
 21
7.47203
 31
0.0
  0
LINE
  5
1968
330
17
100
AcDbEntity
  8
0
100
AcDbLine
 10
18.35005
 20
7.47203
 30
0.0
 11
18.355159999999998
 21
7.52545
 31
0.0
  0
LINE
  5
1969
330
17
100
AcDbEntity
  8
0
100
AcDbLine
 10
18.355159999999998
 20
7.52545
 30
0.0
 11
18.36444
 21
7.5783
 31
0.0
  0
LINE
  5
196A
330
17
100
AcDbEntity
  8
0
100
AcDbLine
 10
18.36444
 20
7.5783
 30
0.0
 11
18.377830000000003
 21
7.63025
 31
0.0
  0
LINE
  5
196B
330
17
100
AcDbEntity
  8
0
100
AcDbLine
 10
18.377830000000003
 20
7.63025
 30
0.0
 11
18.38455
 21
7.64921
 31
0.0
  0
LINE
  5
196C
330
17
100
AcDbEntity
  8
0
100
AcDbLine
 10
18.38455
 20
7.64921
 30
0.0
 11
18.393079999999998
 21
7.66743
 31
0.0
  0
LINE
  5
196D
330
17
100
AcDbEntity
  8
0
100
AcDbLine
 10
18.393079999999998
 20
7.66743
 30
0.0
 11
18.40335
 21
7.6847199999999996
 31
0.0
  0
LINE
  5
196E
330
17
100
AcDbEntity
  8
0
100
AcDbLine
 10
18.40335
 20
7.6847199999999996
 30
0.0
 11
18.41525
 21
7.70093
 31
0.0
  0
LINE
  5
196F
330
17
100
AcDbEntity
  8
0
100
AcDbLine
 10
18.41525
 20
7.70093
 30
0.0
 11
18.42868
 21
7.7159
 31
0.0
  0
LINE
  5
1970
330
17
100
AcDbEntity
  8
0
100
AcDbLine
 10
18.42868
 20
7.7159
 30
0.0
 11
18.43711
 21
7.72357
 31
0.0
  0
LINE
  5
1971
330
17
100
AcDbEntity
  8
0
100
AcDbLine
 10
18.43711
 20
7.72357
 30
0.0
 11
18.44629
 21
7.7303
 31
0.0
  0
LINE
  5
1972
330
17
100
AcDbEntity
  8
0
100
AcDbLine
 10
18.44629
 20
7.7303
 30
0.0
 11
18.456139999999998
 21
7.7360299999999995
 31
0.0
  0
LINE
  5
1973
330
17
100
AcDbEntity
  8
0
100
AcDbLine
 10
18.456139999999998
 20
7.7360299999999995
 30
0.0
 11
18.46653
 21
7.74069
 31
0.0
  0
LINE
  5
1974
330
17
100
AcDbEntity
  8
0
100
AcDbLine
 10
18.46653
 20
7.74069
 30
0.0
 11
18.47735
 21
7.74423
 31
0.0
  0
LINE
  5
1975
330
17
100
AcDbEntity
  8
0
100
AcDbLine
 10
18.47735
 20
7.74423
 30
0.0
 11
18.488480000000003
 21
7.74662
 31
0.0
  0
LINE
  5
1976
330
17
100
AcDbEntity
  8
0
100
AcDbLine
 10
18.488480000000003
 20
7.74662
 30
0.0
 11
18.49981
 21
7.74781
 31
0.0
  0
LINE
  5
1977
330
17
100
AcDbEntity
  8
0
100
AcDbLine
 10
18.49981
 20
7.74781
 30
0.0
 11
18.5112
 21
7.74781
 31
0.0
  0
LINE
  5
1978
330
17
100
AcDbEntity
  8
0
100
AcDbLine
 10
18.5112
 20
7.74781
 30
0.0
 11
18.52252
 21
7.74662
 31
0.0
  0
LINE
  5
1979
330
17
100
AcDbEntity
  8
0
100
AcDbLine
 10
18.52252
 20
7.74662
 30
0.0
 11
18.53366
 21
7.74423
 31
0.0
  0
LINE
  5
197A
330
17
100
AcDbEntity
  8
0
100
AcDbLine
 10
18.53366
 20
7.74423
 30
0.0
 11
18.54448
 21
7.74069
 31
0.0
  0
LINE
  5
197B
330
17
100
AcDbEntity
  8
0
100
AcDbLine
 10
18.54448
 20
7.74069
 30
0.0
 11
18.55487
 21
7.7360299999999995
 31
0.0
  0
LINE
  5
197C
330
17
100
AcDbEntity
  8
0
100
AcDbLine
 10
18.55487
 20
7.7360299999999995
 30
0.0
 11
18.56472
 21
7.7303
 31
0.0
  0
LINE
  5
197D
330
17
100
AcDbEntity
  8
0
100
AcDbLine
 10
18.56472
 20
7.7303
 30
0.0
 11
18.573900000000002
 21
7.72357
 31
0.0
  0
LINE
  5
197E
330
17
100
AcDbEntity
  8
0
100
AcDbLine
 10
18.573900000000002
 20
7.72357
 30
0.0
 11
18.58232
 21
7.7159
 31
0.0
  0
LINE
  5
197F
330
17
100
AcDbEntity
  8
0
100
AcDbLine
 10
18.58232
 20
7.7159
 30
0.0
 11
18.59576
 21
7.70093
 31
0.0
  0
LINE
  5
1980
330
17
100
AcDbEntity
  8
0
100
AcDbLine
 10
18.59576
 20
7.70093
 30
0.0
 11
18.607660000000003
 21
7.6847199999999996
 31
0.0
  0
LINE
  5
1981
330
17
100
AcDbEntity
  8
0
100
AcDbLine
 10
18.607660000000003
 20
7.6847199999999996
 30
0.0
 11
18.61793
 21
7.66743
 31
0.0
  0
LINE
  5
1982
330
17
100
AcDbEntity
  8
0
100
AcDbLine
 10
18.61793
 20
7.66743
 30
0.0
 11
18.62646
 21
7.64921
 31
0.0
  0
LINE
  5
1983
330
17
100
AcDbEntity
  8
0
100
AcDbLine
 10
18.62646
 20
7.64921
 30
0.0
 11
18.63317
 21
7.63025
 31
0.0
  0
LINE
  5
1984
330
17
100
AcDbEntity
  8
0
100
AcDbLine
 10
18.63317
 20
7.63025
 30
0.0
 11
18.64657
 21
7.5783
 31
0.0
  0
LINE
  5
1985
330
17
100
AcDbEntity
  8
0
100
AcDbLine
 10
18.64657
 20
7.5783
 30
0.0
 11
18.65585
 21
7.52545
 31
0.0
  0
LINE
  5
1986
330
17
100
AcDbEntity
  8
0
100
AcDbLine
 10
18.65585
 20
7.52545
 30
0.0
 11
18.66096
 21
7.47203
 31
0.0
  0
LINE
  5
1987
330
17
100
AcDbEntity
  8
0
100
AcDbLine
 10
18.66096
 20
7.47203
 30
0.0
 11
18.66849
 21
7.204689999999999
 31
0.0
  0
LINE
  5
1988
330
17
100
AcDbEntity
  8
0
100
AcDbLine
 10
18.66849
 20
7.204689999999999
 30
0.0
 11
18.66096
 21
6.93734
 31
0.0
  0
LINE
  5
1989
330
17
100
AcDbEntity
  8
0
100
AcDbLine
 10
18.66096
 20
6.93734
 30
0.0
 11
18.65585
 21
6.88393
 31
0.0
  0
LINE
  5
198A
330
17
100
AcDbEntity
  8
0
100
AcDbLine
 10
18.65585
 20
6.88393
 30
0.0
 11
18.64657
 21
6.83108
 31
0.0
  0
LINE
  5
198B
330
17
100
AcDbEntity
  8
0
100
AcDbLine
 10
18.64657
 20
6.83108
 30
0.0
 11
18.63317
 21
6.77912
 31
0.0
  0
LINE
  5
198C
330
17
100
AcDbEntity
  8
0
100
AcDbLine
 10
18.63317
 20
6.77912
 30
0.0
 11
18.62646
 21
6.76016
 31
0.0
  0
LINE
  5
198D
330
17
100
AcDbEntity
  8
0
100
AcDbLine
 10
18.62646
 20
6.76016
 30
0.0
 11
18.61793
 21
6.74195
 31
0.0
  0
LINE
  5
198E
330
17
100
AcDbEntity
  8
0
100
AcDbLine
 10
18.61793
 20
6.74195
 30
0.0
 11
18.607660000000003
 21
6.7246500000000005
 31
0.0
  0
LINE
  5
198F
330
17
100
AcDbEntity
  8
0
100
AcDbLine
 10
18.607660000000003
 20
6.7246500000000005
 30
0.0
 11
18.59576
 21
6.70844
 31
0.0
  0
LINE
  5
1990
330
17
100
AcDbEntity
  8
0
100
AcDbLine
 10
18.59576
 20
6.70844
 30
0.0
 11
18.58232
 21
6.69347
 31
0.0
  0
LINE
  5
1991
330
17
100
AcDbEntity
  8
0
100
AcDbLine
 10
18.58232
 20
6.69347
 30
0.0
 11
18.573900000000002
 21
6.68581
 31
0.0
  0
LINE
  5
1992
330
17
100
AcDbEntity
  8
0
100
AcDbLine
 10
18.573900000000002
 20
6.68581
 30
0.0
 11
18.56472
 21
6.679080000000001
 31
0.0
  0
LINE
  5
1993
330
17
100
AcDbEntity
  8
0
100
AcDbLine
 10
18.56472
 20
6.679080000000001
 30
0.0
 11
18.55487
 21
6.67335
 31
0.0
  0
LINE
  5
1994
330
17
100
AcDbEntity
  8
0
100
AcDbLine
 10
18.55487
 20
6.67335
 30
0.0
 11
18.54448
 21
6.66869
 31
0.0
  0
LINE
  5
1995
330
17
100
AcDbEntity
  8
0
100
AcDbLine
 10
18.54448
 20
6.66869
 30
0.0
 11
18.53366
 21
6.66514
 31
0.0
  0
LINE
  5
1996
330
17
100
AcDbEntity
  8
0
100
AcDbLine
 10
18.53366
 20
6.66514
 30
0.0
 11
18.52252
 21
6.6627600000000005
 31
0.0
  0
LINE
  5
1997
330
17
100
AcDbEntity
  8
0
100
AcDbLine
 10
18.52252
 20
6.6627600000000005
 30
0.0
 11
18.5112
 21
6.661560000000001
 31
0.0
  0
LINE
  5
1998
330
17
100
AcDbEntity
  8
0
100
AcDbLine
 10
18.5112
 20
6.661560000000001
 30
0.0
 11
18.49981
 21
6.661560000000001
 31
0.0
  0
LINE
  5
1999
330
17
100
AcDbEntity
  8
0
100
AcDbLine
 10
18.49981
 20
6.661560000000001
 30
0.0
 11
18.488480000000003
 21
6.6627600000000005
 31
0.0
  0
LINE
  5
199A
330
17
100
AcDbEntity
  8
0
100
AcDbLine
 10
18.488480000000003
 20
6.6627600000000005
 30
0.0
 11
18.47735
 21
6.66514
 31
0.0
  0
LINE
  5
199B
330
17
100
AcDbEntity
  8
0
100
AcDbLine
 10
18.47735
 20
6.66514
 30
0.0
 11
18.46653
 21
6.66869
 31
0.0
  0
LINE
  5
199C
330
17
100
AcDbEntity
  8
0
100
AcDbLine
 10
18.46653
 20
6.66869
 30
0.0
 11
18.456139999999998
 21
6.67335
 31
0.0
  0
LINE
  5
199D
330
17
100
AcDbEntity
  8
0
100
AcDbLine
 10
18.456139999999998
 20
6.67335
 30
0.0
 11
18.44629
 21
6.679080000000001
 31
0.0
  0
LINE
  5
199E
330
17
100
AcDbEntity
  8
0
100
AcDbLine
 10
18.44629
 20
6.679080000000001
 30
0.0
 11
18.43711
 21
6.68581
 31
0.0
  0
LINE
  5
199F
330
17
100
AcDbEntity
  8
0
100
AcDbLine
 10
18.43711
 20
6.68581
 30
0.0
 11
18.42868
 21
6.69347
 31
0.0
  0
LINE
  5
19A0
330
17
100
AcDbEntity
  8
0
100
AcDbLine
 10
18.42868
 20
6.69347
 30
0.0
 11
18.41525
 21
6.70844
 31
0.0
  0
LINE
  5
19A1
330
17
100
AcDbEntity
  8
0
100
AcDbLine
 10
18.41525
 20
6.70844
 30
0.0
 11
18.40335
 21
6.7246500000000005
 31
0.0
  0
LINE
  5
19A2
330
17
100
AcDbEntity
  8
0
100
AcDbLine
 10
18.40335
 20
6.7246500000000005
 30
0.0
 11
18.393079999999998
 21
6.74195
 31
0.0
  0
LINE
  5
19A3
330
17
100
AcDbEntity
  8
0
100
AcDbLine
 10
18.393079999999998
 20
6.74195
 30
0.0
 11
18.38455
 21
6.76016
 31
0.0
  0
LINE
  5
19A4
330
17
100
AcDbEntity
  8
0
100
AcDbLine
 10
18.38455
 20
6.76016
 30
0.0
 11
18.377830000000003
 21
6.77912
 31
0.0
  0
LINE
  5
19A5
330
17
100
AcDbEntity
  8
0
100
AcDbLine
 10
18.377830000000003
 20
6.77912
 30
0.0
 11
18.36444
 21
6.83108
 31
0.0
  0
LINE
  5
19A6
330
17
100
AcDbEntity
  8
0
100
AcDbLine
 10
18.36444
 20
6.83108
 30
0.0
 11
18.355159999999998
 21
6.88393
 31
0.0
  0
LINE
  5
19A7
330
17
100
AcDbEntity
  8
0
100
AcDbLine
 10
1.00231
 20
-8.492130000000001
 30
0.0
 11
0.9904799999999999
 21
-8.50052
 31
0.0
  0
LINE
  5
19A8
330
17
100
AcDbEntity
  8
0
100
AcDbLine
 10
0.9904799999999999
 20
-8.50052
 30
0.0
 11
0.9778199999999999
 21
-8.5076
 31
0.0
  0
LINE
  5
19A9
330
17
100
AcDbEntity
  8
0
100
AcDbLine
 10
0.9778199999999999
 20
-8.5076
 30
0.0
 11
0.96447
 21
-8.51328
 31
0.0
  0
LINE
  5
19AA
330
17
100
AcDbEntity
  8
0
100
AcDbLine
 10
0.96447
 20
-8.51328
 30
0.0
 11
0.91409
 21
-8.5287
 31
0.0
  0
LINE
  5
19AB
330
17
100
AcDbEntity
  8
0
100
AcDbLine
 10
0.91409
 20
-8.5287
 30
0.0
 11
0.86239
 21
-8.53886
 31
0.0
  0
LINE
  5
19AC
330
17
100
AcDbEntity
  8
0
100
AcDbLine
 10
0.86239
 20
-8.53886
 30
0.0
 11
0.80992
 21
-8.54364
 31
0.0
  0
LINE
  5
19AD
330
17
100
AcDbEntity
  8
0
100
AcDbLine
 10
0.80992
 20
-8.54364
 30
0.0
 11
0.12753000000000003
 21
-8.54364
 31
0.0
  0
LINE
  5
19AE
330
17
100
AcDbEntity
  8
0
100
AcDbLine
 10
0.12753
 20
-8.54364
 30
0.0
 11
0.07506
 21
-8.53886
 31
0.0
  0
LINE
  5
19AF
330
17
100
AcDbEntity
  8
0
100
AcDbLine
 10
0.07506
 20
-8.53886
 30
0.0
 11
0.02336
 21
-8.5287
 31
0.0
  0
LINE
  5
19B0
330
17
100
AcDbEntity
  8
0
100
AcDbLine
 10
0.02336
 20
-8.5287
 30
0.0
 11
-0.027000000000000003
 21
-8.51328
 31
0.0
  0
LINE
  5
19B1
330
17
100
AcDbEntity
  8
0
100
AcDbLine
 10
-0.027
 20
-8.51328
 30
0.0
 11
-0.04035
 21
-8.5076
 31
0.0
  0
LINE
  5
19B2
330
17
100
AcDbEntity
  8
0
100
AcDbLine
 10
-0.04035
 20
-8.5076
 30
0.0
 11
-0.05302
 21
-8.50052
 31
0.0
  0
LINE
  5
19B3
330
17
100
AcDbEntity
  8
0
100
AcDbLine
 10
-0.05302
 20
-8.50052
 30
0.0
 11
-0.06485
 21
-8.492130000000001
 31
0.0
  0
LINE
  5
19B4
330
17
100
AcDbEntity
  8
0
100
AcDbLine
 10
-0.06485
 20
-8.492130000000001
 30
0.0
 11
-0.07572
 21
-8.482520000000001
 31
0.0
  0
LINE
  5
19B5
330
17
100
AcDbEntity
  8
0
100
AcDbLine
 10
-0.07572
 20
-8.482520000000001
 30
0.0
 11
-0.0855
 21
-8.4718
 31
0.0
  0
LINE
  5
19B6
330
17
100
AcDbEntity
  8
0
100
AcDbLine
 10
-0.0855
 20
-8.4718
 30
0.0
 11
-0.09407
 21
-8.4601
 31
0.0
  0
LINE
  5
19B7
330
17
100
AcDbEntity
  8
0
100
AcDbLine
 10
-0.09407
 20
-8.4601
 30
0.0
 11
-0.10135
 21
-8.44755
 31
0.0
  0
LINE
  5
19B8
330
17
100
AcDbEntity
  8
0
100
AcDbLine
 10
-0.10135
 20
-8.44755
 30
0.0
 11
-0.1121
 21
-8.423419999999998
 31
0.0
  0
LINE
  5
19B9
330
17
100
AcDbEntity
  8
0
100
AcDbLine
 10
-0.1121
 20
-8.423419999999998
 30
0.0
 11
-0.12026
 21
-8.39831
 31
0.0
  0
LINE
  5
19BA
330
17
100
AcDbEntity
  8
0
100
AcDbLine
 10
-0.12026
 20
-8.39831
 30
0.0
 11
-0.12575999999999998
 21
-8.37248
 31
0.0
  0
LINE
  5
19BB
330
17
100
AcDbEntity
  8
0
100
AcDbLine
 10
-0.12575999999999998
 20
-8.37248
 30
0.0
 11
-0.12852
 21
-8.34621
 31
0.0
  0
LINE
  5
19BC
330
17
100
AcDbEntity
  8
0
100
AcDbLine
 10
-0.12852
 20
-8.34621
 30
0.0
 11
-0.12852
 21
-8.3198
 31
0.0
  0
LINE
  5
19BD
330
17
100
AcDbEntity
  8
0
100
AcDbLine
 10
-0.12852
 20
-8.3198
 30
0.0
 11
-0.12575999999999998
 21
-8.29354
 31
0.0
  0
LINE
  5
19BE
330
17
100
AcDbEntity
  8
0
100
AcDbLine
 10
-0.12575999999999998
 20
-8.29354
 30
0.0
 11
-0.12026
 21
-8.26771
 31
0.0
  0
LINE
  5
19BF
330
17
100
AcDbEntity
  8
0
100
AcDbLine
 10
-0.12026
 20
-8.26771
 30
0.0
 11
-0.1121
 21
-8.24259
 31
0.0
  0
LINE
  5
19C0
330
17
100
AcDbEntity
  8
0
100
AcDbLine
 10
-0.1121
 20
-8.24259
 30
0.0
 11
-0.10135
 21
-8.21847
 31
0.0
  0
LINE
  5
19C1
330
17
100
AcDbEntity
  8
0
100
AcDbLine
 10
-0.10135
 20
-8.21847
 30
0.0
 11
-0.09407
 21
-8.20592
 31
0.0
  0
LINE
  5
19C2
330
17
100
AcDbEntity
  8
0
100
AcDbLine
 10
-0.09407
 20
-8.20592
 30
0.0
 11
-0.0855
 21
-8.19421
 31
0.0
  0
LINE
  5
19C3
330
17
100
AcDbEntity
  8
0
100
AcDbLine
 10
-0.0855
 20
-8.19421
 30
0.0
 11
-0.07572
 21
-8.1835
 31
0.0
  0
LINE
  5
19C4
330
17
100
AcDbEntity
  8
0
100
AcDbLine
 10
-0.07572
 20
-8.1835
 30
0.0
 11
-0.06485
 21
-8.17389
 31
0.0
  0
LINE
  5
19C5
330
17
100
AcDbEntity
  8
0
100
AcDbLine
 10
-0.06485
 20
-8.17389
 30
0.0
 11
-0.05302
 21
-8.1655
 31
0.0
  0
LINE
  5
19C6
330
17
100
AcDbEntity
  8
0
100
AcDbLine
 10
-0.05302
 20
-8.1655
 30
0.0
 11
-0.04035
 21
-8.15842
 31
0.0
  0
LINE
  5
19C7
330
17
100
AcDbEntity
  8
0
100
AcDbLine
 10
-0.04035
 20
-8.15842
 30
0.0
 11
-0.027
 21
-8.15274
 31
0.0
  0
LINE
  5
19C8
330
17
100
AcDbEntity
  8
0
100
AcDbLine
 10
-0.027
 20
-8.15274
 30
0.0
 11
0.023360000000000002
 21
-8.13731
 31
0.0
  0
LINE
  5
19C9
330
17
100
AcDbEntity
  8
0
100
AcDbLine
 10
0.02336
 20
-8.13731
 30
0.0
 11
0.07506
 21
-8.12716
 31
0.0
  0
LINE
  5
19CA
330
17
100
AcDbEntity
  8
0
100
AcDbLine
 10
0.07506
 20
-8.12716
 30
0.0
 11
0.12753
 21
-8.12238
 31
0.0
  0
LINE
  5
19CB
330
17
100
AcDbEntity
  8
0
100
AcDbLine
 10
0.12753
 20
-8.12238
 30
0.0
 11
0.80992
 21
-8.12238
 31
0.0
  0
LINE
  5
19CC
330
17
100
AcDbEntity
  8
0
100
AcDbLine
 10
0.80992
 20
-8.12238
 30
0.0
 11
0.86239
 21
-8.12716
 31
0.0
  0
LINE
  5
19CD
330
17
100
AcDbEntity
  8
0
100
AcDbLine
 10
0.86239
 20
-8.12716
 30
0.0
 11
0.91409
 21
-8.13731
 31
0.0
  0
LINE
  5
19CE
330
17
100
AcDbEntity
  8
0
100
AcDbLine
 10
0.91409
 20
-8.13731
 30
0.0
 11
0.96447
 21
-8.15274
 31
0.0
  0
LINE
  5
19CF
330
17
100
AcDbEntity
  8
0
100
AcDbLine
 10
0.96447
 20
-8.15274
 30
0.0
 11
0.9778199999999999
 21
-8.15842
 31
0.0
  0
LINE
  5
19D0
330
17
100
AcDbEntity
  8
0
100
AcDbLine
 10
0.9778199999999999
 20
-8.15842
 30
0.0
 11
0.9904799999999999
 21
-8.1655
 31
0.0
  0
LINE
  5
19D1
330
17
100
AcDbEntity
  8
0
100
AcDbLine
 10
0.9904799999999999
 20
-8.1655
 30
0.0
 11
1.00231
 21
-8.17389
 31
0.0
  0
LINE
  5
19D2
330
17
100
AcDbEntity
  8
0
100
AcDbLine
 10
1.00231
 20
-8.17389
 30
0.0
 11
1.01318
 21
-8.1835
 31
0.0
  0
LINE
  5
19D3
330
17
100
AcDbEntity
  8
0
100
AcDbLine
 10
1.01318
 20
-8.1835
 30
0.0
 11
1.02296
 21
-8.19421
 31
0.0
  0
LINE
  5
19D4
330
17
100
AcDbEntity
  8
0
100
AcDbLine
 10
1.02296
 20
-8.19421
 30
0.0
 11
1.0315400000000001
 21
-8.20592
 31
0.0
  0
LINE
  5
19D5
330
17
100
AcDbEntity
  8
0
100
AcDbLine
 10
1.0315400000000001
 20
-8.20592
 30
0.0
 11
1.03881
 21
-8.21847
 31
0.0
  0
LINE
  5
19D6
330
17
100
AcDbEntity
  8
0
100
AcDbLine
 10
1.03881
 20
-8.21847
 30
0.0
 11
1.04956
 21
-8.24259
 31
0.0
  0
LINE
  5
19D7
330
17
100
AcDbEntity
  8
0
100
AcDbLine
 10
1.04956
 20
-8.24259
 30
0.0
 11
1.05773
 21
-8.26771
 31
0.0
  0
LINE
  5
19D8
330
17
100
AcDbEntity
  8
0
100
AcDbLine
 10
1.05773
 20
-8.26771
 30
0.0
 11
1.0632199999999998
 21
-8.29354
 31
0.0
  0
LINE
  5
19D9
330
17
100
AcDbEntity
  8
0
100
AcDbLine
 10
1.0632199999999998
 20
-8.29354
 30
0.0
 11
1.06598
 21
-8.3198
 31
0.0
  0
LINE
  5
19DA
330
17
100
AcDbEntity
  8
0
100
AcDbLine
 10
1.06598
 20
-8.3198
 30
0.0
 11
1.06598
 21
-8.34621
 31
0.0
  0
LINE
  5
19DB
330
17
100
AcDbEntity
  8
0
100
AcDbLine
 10
1.06598
 20
-8.34621
 30
0.0
 11
1.0632199999999998
 21
-8.37248
 31
0.0
  0
LINE
  5
19DC
330
17
100
AcDbEntity
  8
0
100
AcDbLine
 10
1.0632199999999998
 20
-8.37248
 30
0.0
 11
1.05773
 21
-8.39831
 31
0.0
  0
LINE
  5
19DD
330
17
100
AcDbEntity
  8
0
100
AcDbLine
 10
1.05773
 20
-8.39831
 30
0.0
 11
1.04956
 21
-8.423419999999998
 31
0.0
  0
LINE
  5
19DE
330
17
100
AcDbEntity
  8
0
100
AcDbLine
 10
1.04956
 20
-8.423419999999998
 30
0.0
 11
1.03881
 21
-8.44755
 31
0.0
  0
LINE
  5
19DF
330
17
100
AcDbEntity
  8
0
100
AcDbLine
 10
1.03881
 20
-8.44755
 30
0.0
 11
1.0315400000000001
 21
-8.4601
 31
0.0
  0
LINE
  5
19E0
330
17
100
AcDbEntity
  8
0
100
AcDbLine
 10
1.0315400000000001
 20
-8.4601
 30
0.0
 11
1.02296
 21
-8.4718
 31
0.0
  0
LINE
  5
19E1
330
17
100
AcDbEntity
  8
0
100
AcDbLine
 10
1.02296
 20
-8.4718
 30
0.0
 11
1.01318
 21
-8.482520000000001
 31
0.0
  0
LINE
  5
19E2
330
17
100
AcDbEntity
  8
0
100
AcDbLine
 10
1.01318
 20
-8.482520000000001
 30
0.0
 11
1.00231
 21
-8.492130000000001
 31
0.0
  0
LINE
  5
19E3
330
17
100
AcDbEntity
  8
0
100
AcDbLine
 10
-38.70149
 20
11.87687
 30
0.0
 11
-36.854350000000004
 21
11.87687
 31
0.0
  0
LINE
  5
19E4
330
17
100
AcDbEntity
  8
0
100
AcDbLine
 10
-36.854350000000004
 20
11.87687
 30
0.0
 11
-36.854350000000004
 21
10.898969999999998
 31
0.0
  0
LINE
  5
19E5
330
17
100
AcDbEntity
  8
0
100
AcDbLine
 10
-36.854350000000004
 20
10.898969999999998
 30
0.0
 11
-35.87646
 21
10.898969999999998
 31
0.0
  0
LINE
  5
19E6
330
17
100
AcDbEntity
  8
0
100
AcDbLine
 10
-35.87646
 20
10.898969999999998
 30
0.0
 11
-35.87646
 21
9.70376
 31
0.0
  0
LINE
  5
19E7
330
17
100
AcDbEntity
  8
0
100
AcDbLine
 10
-35.87646
 20
9.70376
 30
0.0
 11
-36.854350000000004
 21
9.70376
 31
0.0
  0
LINE
  5
19E8
330
17
100
AcDbEntity
  8
0
100
AcDbLine
 10
-36.854350000000004
 20
9.70376
 30
0.0
 11
-36.854350000000004
 21
8.83452
 31
0.0
  0
LINE
  5
19E9
330
17
100
AcDbEntity
  8
0
100
AcDbLine
 10
-36.854350000000004
 20
8.83452
 30
0.0
 11
-38.70149
 21
8.83452
 31
0.0
  0
LINE
  5
19EA
330
17
100
AcDbEntity
  8
0
100
AcDbLine
 10
-38.70149
 20
8.83452
 30
0.0
 11
-38.70149
 21
11.87687
 31
0.0
  0
ENDSEC
  0
SECTION
  2
OBJECTS
  0
DICTIONARY
  5
A
330
0
100
AcDbDictionary
281
1
  3
ACAD_COLOR
350
B
  3
ACAD_GROUP
350
C
  3
ACAD_LAYOUT
350
D
  3
ACAD_MATERIAL
350
E
  3
ACAD_MLEADERSTYLE
350
F
  3
ACAD_MLINESTYLE
350
10
  3
ACAD_PLOTSETTINGS
350
11
  3
ACAD_PLOTSTYLENAME
350
12
  3
ACAD_SCALELIST
350
14
  3
ACAD_TABLESTYLE
350
15
  3
ACAD_VISUALSTYLE
350
16
  3
EZDXF_META
350
2D
  0
DICTIONARY
  5
B
330
A
100
AcDbDictionary
281
1
  0
DICTIONARY
  5
C
330
A
100
AcDbDictionary
281
1
  0
DICTIONARY
  5
D
330
A
100
AcDbDictionary
281
1
  3
Model
350
1A
  3
Layout1
350
1E
  0
DICTIONARY
  5
E
330
A
100
AcDbDictionary
281
1
  3
ByBlock
350
1F
  3
ByLayer
350
20
  3
Global
350
21
  0
DICTIONARY
  5
F
330
A
100
AcDbDictionary
281
1
  3
Standard
350
2C
  0
DICTIONARY
  5
10
330
A
100
AcDbDictionary
281
1
  3
Standard
350
22
  0
DICTIONARY
  5
11
330
A
100
AcDbDictionary
281
1
  0
ACDBDICTIONARYWDFLT
  5
12
330
A
100
AcDbDictionary
281
1
  3
Normal
350
13
100
AcDbDictionaryWithDefault
340
13
  0
ACDBPLACEHOLDER
  5
13
330
12
  0
DICTIONARY
  5
14
330
A
100
AcDbDictionary
281
1
  0
DICTIONARY
  5
15
330
A
100
AcDbDictionary
281
1
  0
DICTIONARY
  5
16
330
A
100
AcDbDictionary
281
1
  0
LAYOUT
  5
1A
330
D
100
AcDbPlotSettings
  1

  4
A3
  6

 40
7.5
 41
20.0
 42
7.5
 43
20.0
 44
420.0
 45
297.0
 46
0.0
 47
0.0
 48
0.0
 49
0.0
140
0.0
141
0.0
142
1.0
143
1.0
 70
1024
 72
1
 73
0
 74
5
  7

 75
16
 76
0
 77
2
 78
300
147
1.0
148
0.0
149
0.0
100
AcDbLayout
  1
Model
 70
1
 71
0
 10
0.0
 20
0.0
 11
420.0
 21
297.0
 12
0.0
 22
0.0
 32
0.0
 14
1e+20
 24
1e+20
 34
1e+20
 15
-1e+20
 25
-1e+20
 35
-1e+20
146
0.0
 13
0.0
 23
0.0
 33
0.0
 16
1.0
 26
0.0
 36
0.0
 17
0.0
 27
1.0
 37
0.0
 76
1
330
17
  0
LAYOUT
  5
1E
330
D
100
AcDbPlotSettings
  1

  4
A3
  6

 40
7.5
 41
20.0
 42
7.5
 43
20.0
 44
420.0
 45
297.0
 46
0.0
 47
0.0
 48
0.0
 49
0.0
140
0.0
141
0.0
142
1.0
143
1.0
 70
0
 72
1
 73
0
 74
5
  7

 75
16
 76
0
 77
2
 78
300
147
1.0
148
0.0
149
0.0
100
AcDbLayout
  1
Layout1
 70
1
 71
1
 10
0.0
 20
0.0
 11
420.0
 21
297.0
 12
0.0
 22
0.0
 32
0.0
 14
1e+20
 24
1e+20
 34
1e+20
 15
-1e+20
 25
-1e+20
 35
-1e+20
146
0.0
 13
0.0
 23
0.0
 33
0.0
 16
1.0
 26
0.0
 36
0.0
 17
0.0
 27
1.0
 37
0.0
 76
1
330
1B
  0
MATERIAL
  5
1F
102
{ACAD_REACTORS
330
E
102
}
330
E
100
AcDbMaterial
  1
ByBlock
  2

 70
0
 40
1.0
 71
1
 41
1.0
 91
-1023410177
 42
1.0
 72
1
  3

 73
1
 74
1
 75
1
 44
0.5
 73
0
 45
1.0
 46
1.0
 77
1
  4

 78
1
 79
1
170
1
 48
1.0
171
1
  6

172
1
173
1
174
1
140
1.0
141
1.0
175
1
  7

176
1
177
1
178
1
143
1.0
179
1
  8

270
1
271
1
272
1
145
1.0
146
1.0
273
1
  9

274
1
275
1
276
1
 42
1.0
 72
1
  3

 73
1
 74
1
 75
1
 94
63
  0
MATERIAL
  5
20
102
{ACAD_REACTORS
330
E
102
}
330
E
100
AcDbMaterial
  1
ByLayer
  2

 70
0
 40
1.0
 71
1
 41
1.0
 91
-1023410177
 42
1.0
 72
1
  3

 73
1
 74
1
 75
1
 44
0.5
 73
0
 45
1.0
 46
1.0
 77
1
  4

 78
1
 79
1
170
1
 48
1.0
171
1
  6

172
1
173
1
174
1
140
1.0
141
1.0
175
1
  7

176
1
177
1
178
1
143
1.0
179
1
  8

270
1
271
1
272
1
145
1.0
146
1.0
273
1
  9

274
1
275
1
276
1
 42
1.0
 72
1
  3

 73
1
 74
1
 75
1
 94
63
  0
MATERIAL
  5
21
102
{ACAD_REACTORS
330
E
102
}
330
E
100
AcDbMaterial
  1
Global
  2

 70
0
 40
1.0
 71
1
 41
1.0
 91
-1023410177
 42
1.0
 72
1
  3

 73
1
 74
1
 75
1
 44
0.5
 73
0
 45
1.0
 46
1.0
 77
1
  4

 78
1
 79
1
170
1
 48
1.0
171
1
  6

172
1
173
1
174
1
140
1.0
141
1.0
175
1
  7

176
1
177
1
178
1
143
1.0
179
1
  8

270
1
271
1
272
1
145
1.0
146
1.0
273
1
  9

274
1
275
1
276
1
 42
1.0
 72
1
  3

 73
1
 74
1
 75
1
 94
63
  0
MLINESTYLE
  5
22
102
{ACAD_REACTORS
330
10
102
}
330
10
100
AcDbMlineStyle
  2
Standard
 70
0
  3

 62
256
 51
90.0
 52
90.0
 71
2
 49
0.5
 62
256
  6
BYLAYER
 49
-0.5
 62
256
  6
BYLAYER
  0
MLEADERSTYLE
  5
2C
102
{ACAD_REACTORS
330
F
102
}
330
F
100
AcDbMLeaderStyle
179
2
170
2
171
1
172
0
 90
2
 40
0.0
 41
0.0
173
1
 91
-1056964608
 92
-2
290
1
 42
2.0
291
1
 43
8.0
  3
Standard
 44
4.0
300

342
29
174
1
175
1
176
0
178
1
 93
-1056964608
 45
4.0
292
0
297
0
 46
4.0
 94
-1056964608
 47
1.0
 49
1.0
140
1.0
294
1
141
0.0
177
0
142
1.0
295
0
296
0
143
3.75
271
0
272
9
273
9
  0
DICTIONARY
  5
2D
330
A
100
AcDbDictionary
280
1
281
1
  3
CREATED_BY_EZDXF
350
2E
  3
WRITTEN_BY_EZDXF
350
19EE
  0
DICTIONARYVAR
  5
2E
330
2D
100
DictionaryVariables
280
0
  1
1.4.4 @ 2026-09-02T16:48:23.365848+00:00
  0
DICTIONARYVAR
  5
19EE
330
2D
100
DictionaryVariables
280
0
  1
1.4.4 @ 2026-09-02T16:48:23.874912+00:00
  0
ENDSEC
  0
EOF
