DBRep_DrawableShape

CASCADE Topology V3, (c) Open Cascade
Locations 31
1
              1               0               0               0 
              0               1               0               0 
              0               0               1            0.01 
1
              1               0               0               0 
              0               1               0               0 
              0               0               1            0.01 
1
              1               0               0               0 
              0               1               0               0 
              0               0               1            0.01 
1
              1               0               0               0 
              0               1               0               0 
              0               0               1            0.01 
1
              1               0               0               0 
              0               1               0               0 
              0               0               1            0.01 
1
              1               0               0               0 
              0               1               0               0 
              0               0               1            0.01 
1
              1               0               0               0 
              0               1               0               0 
              0               0               1            0.01 
1
              1               0               0               0 
              0               1               0               0 
              0               0               1            0.01 
1
              1               0               0               0 
              0               1               0               0 
              0               0               1            0.01 
1
              1               0               0               0 
              0               1               0               0 
              0               0               1            0.01 
1
              1               0               0               0 
              0               1               0               0 
              0               0               1            0.01 
1
              1               0               0               0 
              0               1               0               0 
              0               0               1            0.01 
1
              1               0               0               0 
              0               1               0               0 
              0               0               1            0.01 
1
              1               0               0               0 
              0               1               0               0 
              0               0               1            0.01 
1
              1               0               0               0 
              0               1               0               0 
              0               0               1            0.01 
1
              1               0               0               0 
              0               1               0               0 
              0               0               1            0.01 
1
              1               0               0               0 
              0               1               0               0 
              0               0               1            0.01 
1
              1               0               0               0 
              0               1               0               0 
              0               0               1            0.01 
1
              1               0               0               0 
              0               1               0               0 
              0               0               1            0.01 
1
              1               0               0               0 
              0               1               0               0 
              0               0               1            0.01 
1
              1               0               0               0 
              0               1               0               0 
              0               0               1            0.01 
1
              1               0               0               0 
              0               1               0               0 
              0               0               1            0.01 
1
              1               0               0               0 
              0               1               0               0 
              0               0               1            0.01 
1
              1               0               0               0 
              0               1               0               0 
              0               0               1            0.01 
1
              1               0               0               0 
              0               1               0               0 
              0               0               1            0.01 
1
              1               0               0               0 
              0               1               0               0 
              0               0               1            0.01 
1
              1               0               0               0 
              0               1               0               0 
              0               0               1            0.01 
1
              1               0               0               0 
              0               1               0               0 
              0               0               1            0.01 
1
              1               0               0               0 
              0               1               0               0 
              0               0               1            0.01 
1
              1               0               0               0 
              0               1               0               0 
              0               0               1            0.01 
1
              1               0               0               0 
              0               1               0               0 
              0               0               1            0.01 
Curve2ds 602
1 2.9647477082320297e-17 -1.3929797208240354e-19 1 -1.0708169604795074e-17 
1 1.2412842826624895e-15 -1.3929797208240508e-19 1 -1.0708169604795122e-17 
1 -8.9620278084586926e-16 -1.3929797208240508e-19 1 -1.0708169604795074e-17 
1 -0.055782136057367815 0 1 0 
7 0 0  1 2 2  6.3042544729925272 -4.163336342344337e-17  6.26195974770717 -4.163336342344337e-17 
 0 2 0.042294351852907856 2
1 6.1092835406889936 0 1 0 
1 6.0779263476605374 0 1 0 
1 -2.6997941806691431e-16 -1.3929797208240508e-19 1 -1.0708169604795101e-17 
1 5.3974370801530984 0 1 0 
1 -1.2819612910556533 0 1 0 
1 -1.5017011189936014 0 1 0 
1 4.6705680799174818 0 1 0 
1 4.4964929374990463 0 1 0 
1 4.0868106358530651 0 1 0 
1 -5.007524542706023e-15 -1.3929797208240508e-19 1 -1.0708169604795128e-17 
1 1.3587356753813208e-16 -1.3929797208240508e-19 1 1.5407439555097924e-33 
1 6.1006429217970419 0 1 0 
1 6.1429684439210703 0 1 0 
1 -0.10302686501202984 0 1 0 
1 -0.049210352123536083 0 1 0 
1 -2.3875745707568318e-16 -1.39297972082402e-19 1 -1.0708169604795076e-17 
1 -2.8972588643456741e-15 -1.3929797208240354e-19 1 -1.0708169604795074e-17 
1 -4.1848127874104865e-15 -1.3929797208240508e-19 1 -1.0708169604795073e-17 
1 -5.0838719043880632e-16 -1.3929797208240354e-19 1 -1.0708169604795084e-17 
1 3.8707903997401049e-15 -1.3929797208240508e-19 1 -1.0708169604795122e-17 
1 4.5301388162999561e-16 -1.3929797208240508e-19 1 -1.0708169604795078e-17 
1 3.7510103225197773e-16 -1.3929797208240508e-19 1 -1.070816960479509e-17 
1 8.0467954753261977e-16 -1.3929797208240508e-19 1 -1.0708169604795099e-17 
1 6.8896523336974232e-16 -1.3929797208240508e-19 1 -1.0708169604795119e-17 
1 5.413857515790971 0 1 0 
1 -1.2718245819149416 0 1 0 
1 -1.5000808541738522 0 1 0 
1 4.6710383182465751 0 1 0 
1 4.497250379777836 0 1 0 
1 4.0875621801548592 0 1 0 
1 -4.9355140632683758e-15 -1.3929797208240508e-19 1 -1.0708169604795047e-17 
1 -3.2263911648108672 0 1 0 
1 2.9828670019316159 0 1 0 
1 2.8554147026569821 0 1 0 
1 -1.4600828456558051e-15 -1.39297972082402e-19 1 -1.0708169604795119e-17 
1 6.8875750910310624e-15 -1.39297972082402e-19 1 -1.0708169604795111e-17 
1 -4.52630321021475 0 1 0 
1 -8.9642446220464975e-16 -1.39297972082402e-19 1 -1.0708169604795093e-17 
1 1.7850725019570803e-16 -1.3929797208240354e-19 1 -1.0708169604795108e-17 
1 -0.068216320085590532 0 1 0 
1 -0.18587143508793424 0 1 0 
1 -7.5849019973465548e-16 -1.39297972082402e-19 1 -1.0708169604795095e-17 
1 7.923174583036827e-16 -1.3929797208240354e-19 1 -1.0708169604795101e-17 
1 -1.1264035132682997e-15 -1.3929797208240354e-19 1 -1.0708169604795105e-17 
1 -5.7973101806634086e-16 -1.3929797208240354e-19 1 -1.0708169604795098e-17 
1 6.0881869647425217 0 1 0 
7 0 0  1 2 2  6.2575338585363802 2.4286128663675299e-17  6.3086663084303822 2.4286128663675299e-17 
 0.00051460192708447131 2 0.051623125050971171 2
1 -0.09908273173300941 0 1 0 
1 -0.03871090853240311 0 1 0 
1 -1.1646395556387478e-15 -1.3929797208240354e-19 1 -1.0708169604795102e-17 
1 -5.6325759794508423 0 1 0 
1 1.086316122296525 0 1 0 
1 1.4298487589246971 0 1 0 
1 -4.6051325404248082 0 1 0 
1 -4.3935643031932221 0 1 0 
1 -4.2019997876235591 0 1 0 
1 -4.0576578341152292 0 1 0 
1 -4.2306999378348786 0 1 0 
1 1.5002996582646064 0 1 0 
1 -2.9361453656766583e-15 -1.3929797208240508e-19 1 -1.0708169604795081e-17 
1 -2.2771957235325566e-16 -1.39297972082402e-19 1 -1.0708169604795084e-17 
1 1.3686464354590691e-16 -1.3929797208240508e-19 1 -1.0708169604795127e-17 
1 -0.10003512360344491 0 1 0 
1 -5.5108781227380818e-16 -1.3929797208240354e-19 1 -1.0708169604795091e-17 
1 -0.8099238427012887 0 1 0 
1 -6.1597280309907927e-15 -1.3929797208240508e-19 1 -1.0708169604795061e-17 
1 -7.3356495793748254e-15 -1.3929797208240045e-19 1 -1.070816960479507e-17 
1 -1.0976360687446503e-15 -1.39297972082402e-19 1 -1.0708169604795156e-17 
1 4.2832415553552322e-16 -1.3929797208240662e-19 1 -1.070816960479509e-17 
1 -2.141662354770005e-16 -1.3929797208240354e-19 1 -1.0708169604795093e-17 
1 1.4900666111305627 0 1 0 
1 1.2040792192903604e-15 6.6251353577647224e-17 1 -7.7098821154523882e-17 
1 -3.9167049856240338e-16 -1.3929797208240508e-19 1 -1.3213881292317135e-16 
1 6.5201919316378665e-17 -1.39297972082402e-19 1 -1.0708169604795142e-17 
1 -1.7488146669698498e-16 -1.39297972082402e-19 1 -1.0708169604795102e-17 
1 -1.7667140493957435e-16 -1.3929797208240354e-19 1 -1.0708169604795108e-17 
1 4.1231759268168142 0 1 0 
1 -3.5332941251314253e-15 -1.3929797208240354e-19 1 -1.0708169604795091e-17 
1 -1.4895342148088089 0 1 0 
1 -1.2486930069318865 0 1 0 
1 8.5596920010091319e-17 -1.3929797208240354e-19 1 -1.0708169604795084e-17 
1 -9.3572241430100742e-17 -1.39297972082402e-19 1 -1.0708169604795102e-17 
1 4.6318943592920343 0 1 0 
1 -1.9594740185827731e-15 -1.3929797208240354e-19 1 -1.070816960479503e-17 
1 -3.6960437464333777e-16 -1.3929797208240662e-19 1 -1.0708169604795076e-17 
1 1.7146713668178452e-16 -1.3929797208240354e-19 1 -1.0708169604795122e-17 
1 -1.4784889813788183e-16 -1.3929797208240508e-19 1 -1.0708169604795101e-17 
1 -4.4480350085554777e-16 -1.0204977400589809e-17 1 -6.4249017628770081e-19 
1 -1.8799788848697275e-15 -1.3929797208240662e-19 1 -1.0708169604795067e-17 
1 -4.6351392192076677 0 1 0 
1 1.4495265640343318 0 1 0 
1 -4.5727673024317168 0 1 0 
1 -4.255241288129076 0 1 0 
1 2.4379165019390072 0 1 0 
1 -3.9427720912117704e-15 -1.39297972082402e-19 1 -1.0708169604795108e-17 
1 -4.9152426712858236e-16 -1.3929797208240508e-19 1 -1.0708169604795099e-17 
1 -2.4143228656505 0 1 0 
1 4.2923505590888045 0 1 0 
1 4.5983721961100956 0 1 0 
1 -1.4413373334600355 0 1 0 
1 -1.1112423342869402 0 1 0 
1 5.6079374422515933 0 1 0 
1 1.7052413666970475e-16 -1.39297972082402e-19 1 -1.0708169604795122e-17 
1 9.3294353837167699e-16 -1.3929797208240508e-19 1 -1.0708169604795107e-17 
1 -5.5794166501017797 0 1 0 
1 1.1314878765827645 0 1 0 
1 -4.5090322540579768 0 1 0 
1 5.4388350647331433e-16 -1.3929797208240508e-19 1 -1.0708169604795061e-17 
1 -1.2912285399757628e-15 -1.3929797208240508e-19 1 -1.0708169604795113e-17 
1 -0.085502927756986757 0 1 0 
1 -0.18997958117832603 0 1 0 
1 4.6480993447518237 0 1 0 
1 5.265361026734126e-15 -1.3929797208240354e-19 1 -1.0708169604795071e-17 
1 -2.5008743278428236 0 1 0 
1 8.0629551871364843e-16 -1.3929797208240508e-19 1 -1.0708169604795087e-17 
1 -3.2107292092194935 0 1 0 
1 -3.2798533603310274 0 1 0 
1 -3.325862589059104 0 1 0 
1 2.9202700102519001 0 1 0 
1 3.0928292001753144e-15 -1.39297972082402e-19 1 -1.0708169604795125e-17 
1 1.9853280859085506e-15 -1.3929797208240354e-19 1 -1.0708169604795118e-17 
1 1.031144771012396e-15 -1.3929797208240354e-19 1 -1.0708169604795105e-17 
1 -4.5919235864600525 0 1 0 
1 -4.3508984214168906 0 1 0 
1 -4.1314978952173398 0 1 0 
1 -3.9587266058065449 0 1 0 
1 2.0811984851506349 0 1 0 
1 4.6471851247401528 0 1 0 
1 1.8531011987077037e-15 -1.3929797208240354e-19 1 -1.0708169604795116e-17 
1 -2.502858056381553 0 1 0 
1 -2.13974526251296e-15 -1.3929797208240354e-19 1 -1.0708169604795133e-17 
1 -3.2091929644849944 0 1 0 
1 -3.2808779544488118 0 1 0 
1 -3.3154190841682705 0 1 0 
1 2.9429117632570585 0 1 0 
1 -0.17608112005659216 0 1 0 
1 -3.7974237437814144e-16 -1.3929797208240508e-19 1 -1.0708169604795107e-17 
1 1.4594159985339303e-16 -1.3929797208240045e-19 1 -1.0708169604795095e-17 
1 2.3878198764670244e-16 -1.3929797208240354e-19 1 -1.0708169604795108e-17 
1 -4.5911471334350313 0 1 0 
1 -4.3513198275812064 0 1 0 
1 -4.1355578374859876 0 1 0 
1 -3.9601180526498654 0 1 0 
1 2.0811984851506189 0 1 0 
1 -4.509032254058063 0 1 0 
1 1.6482593840602156e-15 -1.3929797208240508e-19 1 -1.0708169604795107e-17 
1 -1.2912353162393408e-15 -1.3929797208240508e-19 1 -1.0708169604795107e-17 
1 -0.085502927757018732 0 1 0 
1 -0.18997958117832603 0 1 0 
1 9.4247779607693793 0 -1 0 
1 3.1316022701113541e-16 -1.3929797208240508e-19 1 -1.0708169604795107e-17 
1 4.1739721286138253e-15 -1.3929797208240354e-19 1 -1.0708169604795164e-17 
1 -1.3484089377740281e-14 -1.3929797208240354e-19 1 -1.0708169604795017e-17 
1 -4.6351518395543243 0 1 0 
1 1.4935884071744612 0 1 0 
1 -5.5741273831362335e-15 -1.3929797208240508e-19 1 -1.0708169604795158e-17 
1 3.628702284738605e-16 -1.3929797208240045e-19 1 -1.3213881292317157e-16 
1 6.8852107920512107e-17 -1.39297972082402e-19 1 -1.0708169604795093e-17 
1 9.4247779607693793 0 -1 0 
1 3.4399832976486618e-16 -1.3929797208240508e-19 1 -1.0708169604795105e-17 
1 -8.7393346121700466e-17 -1.3929797208240354e-19 1 -1.0708169604795148e-17 
1 1.0680399603237992e-14 -1.3929797208240508e-19 1 -1.070816960479513e-17 
1 -1.493588407174423 0 1 0 
1 3.1415926535897931 0 -1 0 
1 9.4247779607693793 0 -1 0 
1 4.6351518395542879 0 1 0 
1 4.2334602067178148e-15 -1.3929797208240508e-19 1 -1.0708169604794999e-17 
1 3.5500567007954121e-15 -1.3929797208240508e-19 1 -1.0708169604795179e-17 
1 1.0698816091129571e-15 -1.3929797208240354e-19 1 -1.0708169604795128e-17 
1 -4.5590001656647621 0 1 0 
1 1.4118476946260479e-15 -1.3929797208240508e-19 1 -1.0708169604795153e-17 
1 3.6664501917395915e-16 -1.3929797208240354e-19 1 -1.0708169604795107e-17 
1 -0.016611038549424251 0 1 0 
7 0 0  1 2 2  6.3384597726249758 1.214306433183765e-17  6.2277272587373531 1.214306433183765e-17 
 1.3365233075385408e-05 2 0.11072890172998419 2
1 1.512751314376124 0 1 0 
1 -3.8833074609396894e-16 -1.3929797208240662e-19 1 -1.0708169604795099e-17 
1 2.0819427161927131e-15 -1.3929797208240354e-19 1 -1.0708169604795074e-17 
1 -3.1923564089202048e-16 -1.3929797208240354e-19 1 -1.0708169604795102e-17 
1 8.491710153654387e-16 -1.3929797208240508e-19 1 -1.0708169604795116e-17 
1 -1.9289570648498216e-16 -1.3929797208240354e-19 1 -1.0708169604795105e-17 
1 -3.772838071201045e-16 -1.3929797208240508e-19 1 -1.0708169604795087e-17 
1 -3.4787546687080323e-16 -1.3929797208240354e-19 1 -1.070816960479513e-17 
1 -1.1084574434188674 0 1 0 
1 -0.82357672454655528 0 1 0 
1 -0.57567835944303258 0 1 0 
1 -0.35025034779463393 0 1 0 
1 -2.4656922980437989e-15 -1.3929797208240354e-19 1 -1.0708169604795093e-17 
1 -5.0086726911258935e-16 -1.3929797208240354e-19 1 -1.0708169604795108e-17 
1 2.1961385664008183e-15 -1.3929797208240508e-19 1 -1.0708169604795108e-17 
1 1.073840470662021 0 1 0 
1 1.4224271755281865 0 1 0 
1 -1.6489428296253629e-16 -1.3929797208240508e-19 1 -1.0708169604795136e-17 
1 1.561793636076339e-17 -1.3929797208240662e-19 1 -1.0708169604795079e-17 
1 -2.4774055253680969e-16 -1.3929797208240662e-19 1 -1.0708169604795084e-17 
1 3.6419771626488701e-15 -1.3929797208240662e-19 1 -1.070816960479511e-17 
1 -2.9988157894932961 0 1 0 
1 -7.3622322163848005e-15 -1.39297972082402e-19 1 -1.0708169604794997e-17 
1 -3.8548071150667131 0 1 0 
1 -4.0564544623138303 0 1 0 
1 -4.2844919023729968 0 1 0 
1 -4.745980174398084e-15 -1.3929797208240508e-19 1 -1.0708169604795081e-17 
1 2.7362698767906281e-15 -1.3929797208240662e-19 1 -1.0708169604795088e-17 
1 -4.0098729467911449e-16 -1.3929797208240354e-19 1 -1.0708169604795071e-17 
1 -4.5268524941365875e-16 -1.3929797208240354e-19 1 -1.0708169604795098e-17 
1 -3.8435056471667521 0 1 0 
1 -7.2597587144881796e-16 -1.3929797208240354e-19 1 -1.0708169604795145e-17 
1 -4.5693989777550881 0 1 0 
1 -0.25063281918197422 0 1 0 
1 5.8488743774965668 0 1 0 
1 -2.3697078932418042e-15 -1.3929797208240508e-19 1 -1.0708169604795073e-17 
1 -4.5263032102147811 0 1 0 
1 2.9530352477267778e-15 -1.3929797208240354e-19 1 -1.0708169604795091e-17 
1 1.7850725019570803e-16 -1.3929797208240354e-19 1 -1.0708169604795108e-17 
1 -0.068216320085596749 0 1 0 
1 -0.18587143508792892 0 1 0 
1 5.5896021615435345e-16 -1.3929797208240662e-19 1 -1.070816960479511e-17 
1 -1.7978258182720722e-15 -1.3929797208240508e-19 1 -1.0708169604795101e-17 
1 -1.7985529558732251e-15 -1.3929797208240354e-19 1 -1.0708169604795098e-17 
1 -3.5112019899357736e-16 -1.3929797208240354e-19 1 -1.0708169604795096e-17 
1 6.088186964742393 0 1 0 
7 0 0  1 2 2  6.2575338585364042 2.4286128663675299e-17  6.3086663084303822 2.4286128663675299e-17 
 0.00051460192710130138 2 0.051623125050952609 2
1 -0.099082731732836216 0 1 0 
1 -0.038710908532419097 0 1 0 
1 6.8275876799324859e-16 -1.3929797208240354e-19 1 -1.070816960479513e-17 
1 -5.6325759794509782 0 1 0 
1 1.0863161222965489 0 1 0 
1 1.4298487589246953 0 1 0 
1 -4.6051325404248091 0 1 0 
1 -4.3935643031903595 0 1 0 
1 -4.2019997876235307 0 1 0 
1 -4.0576578341152665 0 1 0 
1 -4.2306999378347925 0 1 0 
1 1.5002996582623789 0 1 0 
1 7.1946902008231321e-16 -1.3929797208240508e-19 1 -1.0708169604795155e-17 
1 3.7689444890212698e-15 -1.3929797208240508e-19 1 -1.0708169604795065e-17 
1 1.4081181702841351e-16 -1.3929797208240354e-19 1 -1.0708169604795128e-17 
1 -0.10003512360344402 0 1 0 
1 -5.9810541900451651e-16 -1.3929797208240354e-19 1 -1.0708169604795096e-17 
1 -0.80992384270129048 0 1 0 
1 1.0437876978483637e-16 -1.3929797208240508e-19 1 -1.0708169604795121e-17 
1 9.4556052523167132e-16 -1.3929797208240354e-19 1 -1.0708169604795107e-17 
1 -2.908915338757492e-15 -1.3929797208240354e-19 1 -1.0708169604795093e-17 
1 -1.0034304296006705e-16 -1.3929797208240354e-19 1 -1.0708169604795105e-17 
1 -2.1286011067233437e-16 -1.3929797208240354e-19 1 -1.0708169604795102e-17 
1 1.4900666111305645 0 1 0 
1 1.9873010991096848e-15 -1.39297972082402e-19 1 -1.0708169604795098e-17 
1 -3.5925040450137719e-17 -1.3929797208240508e-19 1 -5.5682481944934636e-17 
1 6.9142316638704459e-17 -1.39297972082402e-19 1 -1.0708169604795111e-17 
1 -1.6446465571845306e-16 -1.3929797208240354e-19 1 -1.0708169604795101e-17 
1 -9.3984076695114309e-16 -1.3929797208240354e-19 1 -1.0708169604795101e-17 
1 4.123175926816808 0 1 0 
1 -3.3509761953855808e-16 -1.3929797208240508e-19 1 -1.0708169604795107e-17 
1 -1.4895342148088089 0 1 0 
1 -1.2486930069318891 0 1 0 
1 -1.4247014549322408e-15 -1.3929797208240354e-19 1 -1.0708169604795091e-17 
1 4.213855693084541e-16 -1.3929797208240508e-19 1 -1.0708169604795104e-17 
1 4.6318943592920192 0 1 0 
1 2.1816072108189158e-15 -1.39297972082402e-19 1 -1.0708169604795111e-17 
1 -3.6957115282668485e-16 -1.3929797208240354e-19 1 -1.0708169604795061e-17 
1 1.7278173181592344e-16 -1.3929797208240354e-19 1 -1.0708169604795087e-17 
1 3.5261189065773928e-16 -1.3929797208240354e-19 1 -1.0708169604795108e-17 
1 -4.1835787536140922e-16 6.6251353577647248e-17 1 -7.7098821154524856e-17 
1 -1.8799788848697275e-15 -1.3929797208240662e-19 1 -1.0708169604795067e-17 
1 -4.635139219207665 0 1 0 
1 1.476365616156206e-15 -1.39297972082402e-19 1 -1.0708169604795118e-17 
1 -4.598184467713355 0 1 0 
1 -4.386431200952873 0 1 0 
1 -4.2171523490926122 0 1 0 
1 -4.0987455063819542 0 1 0 
1 2.0483387393734818 0 1 0 
1 1.7918047305081179 0 1 0 
1 1.1232312193041611 0 1 0 
1 -2.9858587289298386e-15 -1.3929797208240662e-19 1 -1.0708169604795079e-17 
1 -0.07637224355714789 0 1 0 
1 -0.15341706475967065 0 1 0 
1 6.0916122694886976 0 1 0 
1 6.0656931632742204 0 1 0 
1 4.2829965333508859 0 1 0 
1 4.4080429956490601 0 1 0 
1 4.5075196581204962 0 1 0 
1 -1.6505499855691177 0 1 0 
1 2.6308319417961935e-15 -1.3929797208240354e-19 1 -1.0708169604795102e-17 
1 -1.0447083251673961 0 1 0 
1 5.5314828337420243 0 1 0 
1 -0.51369494843230079 0 1 0 
1 -0.31083045137348808 0 1 0 
1 -0.10839833524524867 0 1 0 
1 -1.4427341063576368e-15 -1.3929797208240354e-19 1 -1.0708169604795091e-17 
1 1.5285598308922872e-15 -1.3929797208240508e-19 1 -1.0708169604795099e-17 
1 0.861309641287197 0 1 0 
1 3.7134147219066276e-16 -1.3929797208240354e-19 1 -1.0708169604795107e-17 
1 3.4949737477895756e-16 -1.39297972082402e-19 1 -1.0708169604795104e-17 
1 -4.2040881042797054 0 1 0 
1 -1.7001950707632809e-15 -1.3929797208240354e-19 1 -1.0708169604795087e-17 
1 2.6020595880523265 0 1 0 
1 -0.15296613324861763 0 1 0 
1 -0.048892682621361594 0 1 0 
1 -6.8595305227399833e-16 -1.39297972082402e-19 1 -1.070816960479511e-17 
1 -1.8006074020376218e-15 -1.3929797208240354e-19 1 -1.0708169604795115e-17 
1 -0.077486091054724149 0 1 0 
1 -0.21425077340088627 0 1 0 
1 5.9276677355289866 0 1 0 
1 5.7436273824381709 0 1 0 
1 4.9071813436511582e-16 -1.3929797208240508e-19 1 -1.0708169604795113e-17 
1 -1.294584961374067 0 1 0 
1 4.5285959182283184 0 1 0 
1 3.3972229893846253e-15 -1.3929797208240354e-19 1 -1.0708169604795121e-17 
1 -3.4436628170658499 0 1 0 
1 2.6551893501543806 0 1 0 
1 -2.6702983168531411e-16 -1.3929797208240508e-19 1 -1.0708169604795095e-17 
1 1.5690017635688475e-15 -1.3929797208240354e-19 1 -1.0708169604795127e-17 
1 1.3359976397328008 0 1 0 
1 -3.3828959458953151e-15 -1.3929797208240354e-19 1 -1.0708169604795076e-17 
1 1.9344748033179489e-15 -1.3929797208240662e-19 1 -1.0708169604795124e-17 
1 1.5002996582646135 0 1 0 
1 9.9237030030880475e-15 -1.3929797208240508e-19 1 -1.0708169604795073e-17 
1 -2.2771957235325566e-16 -1.39297972082402e-19 1 -1.0708169604795084e-17 
1 1.4344100729669086e-16 -1.3929797208240354e-19 1 -1.0708169604795061e-17 
1 -0.10003512360344136 0 1 0 
1 -4.9058674503740233e-15 -1.3929797208240354e-19 1 -1.0708169604795061e-17 
1 -0.80992384270130025 0 1 0 
1 1.1038931557855289e-16 -1.3929797208240508e-19 1 -1.070816960479503e-17 
1 4.316548262516392e-15 -1.3929797208240354e-19 1 -1.0708169604795116e-17 
1 6.1617318458358412e-16 -1.3929797208240508e-19 1 -1.0708169604795081e-17 
1 2.7504840901062948e-16 -1.3929797208240662e-19 1 -1.0708169604795098e-17 
1 -2.1024447293767556e-16 -1.3929797208240354e-19 1 -1.0708169604795096e-17 
1 1.4900666111305663 0 1 0 
1 -6.4315423659524343e-15 -1.3929797208240508e-19 1 -1.070816960479509e-17 
1 -3.5925040450137719e-17 -1.3929797208240508e-19 1 -5.5682481944934636e-17 
1 6.9142316638704459e-17 -1.39297972082402e-19 1 -1.0708169604795111e-17 
1 -1.6446465571845306e-16 -1.3929797208240354e-19 1 -1.0708169604795101e-17 
1 -9.3984076695114309e-16 -1.3929797208240354e-19 1 -1.0708169604795101e-17 
1 4.1231759268168098 0 1 0 
1 7.4697003391359691e-16 -1.39297972082402e-19 1 -1.0708169604795088e-17 
1 -1.4895342148088089 0 1 0 
1 -1.2486930069792255 0 1 0 
1 2.0369982517479691e-15 -1.3929797208240354e-19 1 -1.0708169604795045e-17 
1 -4.1004058222743837e-15 -1.3929797208240662e-19 1 -1.0708169604795098e-17 
1 4.6318943592920165 0 1 0 
1 -2.3449743829981948e-15 -1.3929797208240508e-19 1 -1.0708169604795021e-17 
1 -7.9360467551444545e-15 -1.3929797208240508e-19 1 -1.0708169604795168e-17 
1 1.7146713668178452e-16 -1.3929797208240354e-19 1 -1.0708169604795122e-17 
1 -6.0494138798629472e-15 -1.3929797208240354e-19 1 -1.0708169604795041e-17 
1 5.9808332105662459e-15 -1.39297972082402e-19 1 -1.0708169604795116e-17 
1 -1.4799370081226562e-14 -1.3929797208240662e-19 1 -1.0708169604795088e-17 
1 -4.6351392192076624 0 1 0 
1 7.4329610876078785e-17 -1.3929797208240354e-19 1 -1.0708169604795101e-17 
1 -4.5934776339834187 0 1 0 
1 -4.3518296360654629 0 1 0 
1 -4.1300489837378143 0 1 0 
1 -3.9675774526375105 0 1 0 
1 2.0770595703098129 0 1 0 
1 -4.5060957979581708 0 1 0 
1 2.8144280433059147e-15 -1.39297972082402e-19 1 -1.0708169604795115e-17 
1 -6.2242878319437762e-16 -1.3929797208240508e-19 1 -1.0708169604795111e-17 
1 -0.084738075638335353 0 1 0 
1 -0.19668372583348059 0 1 0 
1 -0.20145278218866203 0 1 0 
7 0 0  1 2 2  -0.018451639653632945 -3.8163916471489756e-17  0.018470573297155291 -3.8163916471489756e-17 
 0 2 0.036921583120293637 2
1 -3.2987815071198603 0 1 0 
1 -3.2122024868838128 0 1 0 
1 -3.0122840595656477 0 1 0 
1 -2.6653367972664896 0 1 0 
1 4.0731854474268063 0 1 0 
1 6.3121745002373495e-16 -1.3929797208240508e-19 1 -1.0708169604795087e-17 
1 -3.4662838304534326e-17 -1.3929797208240508e-19 1 -1.0708169604795099e-17 
1 -1.1457597216927811 0 1 0 
1 5.4285734455086194 0 1 0 
1 5.6478354871223786 0 1 0 
1 -3.0051684477666756 0 1 0 
1 -2.6527906172283338 0 1 0 
1 4.3879308729489006e-16 -1.3929797208240508e-19 1 -1.0708169604795104e-17 
1 -1.1815826801146063e-16 -1.3929797208240508e-19 1 -1.0708169604795095e-17 
1 -1.4587399410654154 0 1 0 
1 5.0943009948013254 0 1 0 
1 5.380281764514609 0 1 0 
1 -7.7833570870822757e-16 -1.3929797208240508e-19 1 -1.0708169604795101e-17 
1 4.6471851247401545 0 1 0 
1 -1.0367278416851806e-15 -1.3929797208240354e-19 1 -1.0708169604795084e-17 
1 -2.5028580563754179 0 1 0 
1 -2.1397452625129608e-15 -1.3929797208240508e-19 1 -1.0708169604795122e-17 
1 -3.2091929644849437 0 1 0 
1 -3.280877954448894 0 1 0 
1 -3.3154190841682381 0 1 0 
1 2.942911763257031 0 1 0 
1 -0.27896538710701257 0 1 0 
1 -0.39280388185596404 0 1 0 
1 -0.50025112810008299 0 1 0 
1 5.6456916804990733 0 1 0 
1 1.2444245259171697e-15 -1.3929797208240508e-19 1 -1.070816960479511e-17 
1 6.8707830941967246e-18 -1.3929797208240354e-19 1 -1.0708169604795102e-17 
1 -3.6722320620088532e-16 -1.3929797208240354e-19 1 -1.0708169604795101e-17 
1 -2.5034749170099211 0 1 0 
1 -2.9103184681692018 0 1 0 
1 3.1944994598780663 0 1 0 
1 -3.2091263661136544 0 1 0 
7 0 0  1 2 2  6.3088798853830204 2.4286128663675299e-17  6.257396260768 2.4286128663675299e-17 
 0 2 0.05148206635955397 2
7 0 0  1 2 2  6.2875188393737904 3.1225022567582528e-17  6.2786804306337816 3.1225022567582528e-17 
 8.5066931466196955e-05 2 0.0089348933219870561 2
1 2.9500874470846501 0 1 0 
1 6.0802991224352176 0 1 0 
1 6.1060175932208764 0 1 0 
1 -0.15926763766280061 0 1 0 
1 -0.13474698731822787 0 1 0 
1 -0.077001695958193395 0 1 0 
1 -0.067387419182749042 0 1 0 
1 -0.10810850172800457 0 1 0 
1 -0.12681830392922855 0 1 0 
7 0 0  1 2 2  6.2880056286854709 -1.5612511283791264e-17  6.2782596052780768 -1.5612511283791264e-17 
 0 2 0.0097471710280735008 2
1 6.137530637268914 0 1 0 
1 6.1151259250339365 0 1 0 
1 -0.24890501523149222 0 1 0 
1 -0.36448964289019958 0 1 0 
7 0 0  1 2 2  0.050860220840733383 0  -0.050789731790891857 0 
 -1.4797423381949229e-06 2 1 2
1 5.6838792658188719 0 1 0 
1 1.9989615409220535e-16 -1.39297972082402e-19 1 -1.0708169604795102e-17 
1 1.2931060815563493e-16 -1.3929797208240354e-19 1 -1.0708169604795101e-17 
1 -6.6707026599654743e-16 -1.3929797208240508e-19 1 -1.0708169604795096e-17 
1 3.8724343005809714 0 1 0 
1 -2.8219067571385192 0 1 0 
1 3.2237705294771564 0 1 0 
1 -3.2098257449336591 0 1 0 
7 0 0  1 2 2  0.022378213144218506 2.9490299091605721e-17  -0.0223036210102876 2.9490299091605721e-17 
 0.00044821811861804172 2 0.045113561136508655 2
1 2.9454056858576525 0 1 0 
1 2.9140078190650938 0 1 0 
1 -0.17234643099360891 0 1 0 
1 4.4271898269416645e-15 -1.3929797208240354e-19 1 -1.0708169604795135e-17 
1 -4.7553341784820314e-16 -1.3929797208240354e-19 1 -1.0708169604795093e-17 
1 -7.6985948514126482e-17 -1.3929797208240354e-19 1 -1.0708169604795091e-17 
1 4.2849814647489595 0 1 0 
1 -2.4038899049101885 0 1 0 
1 4.1248930086046251e-16 -1.3929797208240354e-19 1 -1.0708169604795102e-17 
1 -3.7317141111045307e-16 -1.3929797208240354e-19 1 -1.0708169604795102e-17 
1 -4.6161318870498556e-16 -1.3929797208240662e-19 1 -1.0708169604795095e-17 
1 1.2683300817961756e-16 -1.3929797208240354e-19 1 -1.0708169604795098e-17 
1 4.5553524325260089e-16 -1.3929797208240354e-19 1 -1.0708169604795108e-17 
1 1.7184617142645534e-16 -1.3929797208240354e-19 1 -1.0708169604795108e-17 
1 2.9556370463565881e-16 -1.3929797208240508e-19 1 -1.0708169604795108e-17 
1 -3.2481331435357776 0 1 0 
1 -3.4309702445733929 0 1 0 
1 -3.5080227075236232 0 1 0 
7 0 0  1 2 2  -0.003805885733642711 0  0.0038900969270212471 0 
 -5.1670889792613444e-08 2 1 2
1 -0.35020740307585285 0 1 0 
1 -0.28982933989593196 0 1 0 
1 1.5663207208640926e-16 -1.3929797208240354e-19 1 -1.0708169604795108e-17 
1 3.4177684271505417 0 1 0 
1 3.4428969896774957 0 1 0 
1 -2.8145594806483172 0 1 0 
1 0.28550171562012494 0 1 0 
1 0.11474900739906513 0 1 0 
1 -1.353255308364582e-17 -1.3929797208240354e-19 1 -1.0708169604795105e-17 
1 1.1724001016057452e-16 -1.3929797208240354e-19 1 -1.0708169604795101e-17 
1 -6.6069133079296816e-18 -1.3929797208240508e-19 1 -1.0708169604795101e-17 
1 -2.0868276688516257e-16 -1.3929797208240354e-19 1 -1.0708169604795102e-17 
1 7.5575808438596076e-18 -1.3929797208240508e-19 1 -1.0708169604795101e-17 
1 4.1001411451477905 0 1 0 
1 -1.7739302678889727e-16 -1.3929797208240508e-19 1 -1.0708169604795104e-17 
1 -2.2819617330906712e-16 -1.3929797208240508e-19 1 -1.0708169604795101e-17 
1 -1.6112559277574815e-17 -1.3929797208240354e-19 1 -1.0708169604795107e-17 
1 9.1514031145295178e-17 -1.3929797208240508e-19 1 -1.0708169604795105e-17 
1 -1.921905147759731e-16 -1.3929797208240354e-19 1 -1.0708169604795105e-17 
1 0.95368716922023467 0 1 0 
1 -4.6190845222688563e-16 -1.3929797208240508e-19 1 -1.0708169604795096e-17 
1 3.9916337178132107e-17 -1.3929797208240354e-19 1 -1.0708169604795102e-17 
1 -4.3884875102158419e-17 -1.3929797208240354e-19 1 -1.0708169604795102e-17 
1 1.8635948977074541e-16 -1.3929797208240508e-19 1 -1.0708169604795107e-17 
1 1.3410139471094755e-16 -1.3929797208240354e-19 1 -1.0708169604795102e-17 
1 3.2963924391741276e-16 -1.3929797208240354e-19 1 -1.0708169604795113e-17 
1 -4.4115672661113643e-16 -1.3929797208240354e-19 1 -1.0708169604795107e-17 
1 6.0337233570309413e-16 -1.3929797208240508e-19 1 -1.0708169604795099e-17 
1 -1.3736117980169783e-17 -1.3929797208240508e-19 1 -1.0708169604795105e-17 
1 2.7118163299233115e-16 -1.3929797208240662e-19 1 -1.0708169604795105e-17 
1 1.9165977445641378e-17 -1.3929797208240508e-19 1 -1.0708169604795107e-17 
1 -3.6903098003298634e-17 -1.3929797208240508e-19 1 -1.0708169604795104e-17 
1 1.2669776171019219e-16 -1.3929797208240354e-19 1 -1.0708169604795105e-17 
1 -3.9875724846008367e-17 -1.3929797208240354e-19 1 -1.0708169604795102e-17 
1 -5.327693255294719e-16 -1.3929797208240354e-19 1 -1.0708169604795101e-17 
1 -1.0171593162871039e-15 -1.3929797208240662e-19 1 -1.0708169604795099e-17 
1 -6.2915777606229455e-17 -1.3929797208240508e-19 1 -1.0708169604795099e-17 
1 -1.1776961436554457e-17 -1.3929797208240354e-19 1 -1.070816960479511e-17 
1 -4.1796696157473345 0 1 0 
1 0 -0.16200000000000001 1 0 
1 1.1306789451611916e-15 -1.3929797208240354e-19 1 -1.0708169604795133e-17 
1 -3.1641356201816961e-14 3.3651071135508599e-17 1 -4.4498538712384844e-17 
1 4.1120902169159831e-15 -1.0847467576877509e-17 1 0 
1 4.1866270627555151 0 1 0 
1 -1.7068177380501455 0 1 0 
1 4.8472054630896846 0 1 0 
1 5.2312791554138425 0 1 0 
1 1.3451045832724162e-14 1.0710974303769123e-17 1 -2.1558441880646959e-17 
1 -6.2831853071795862 -0.16200000000000001 1 0 
1 5.6031892306592349e-16 -1.3929797208240045e-19 1 -1.0708169604795125e-17 
1 -8.8817841970012523e-16 -0.16200000000000001 1 0 
1 1.044947451767297 0 1 0 
1 1.4256327935536994 0 1 0 
1 -4.565929921346906 0 1 0 
1 4.336857746922221e-17 -1.3929797208240508e-19 1 -1.0708169604795105e-17 
1 1.5725131069221647e-16 -1.3929797208240508e-19 1 -1.0708169604795101e-17 
1 5.6955304994614444 0 1 0 
1 5.0110433141210303e-16 -1.3929797208240354e-19 1 -1.0708169604795107e-17 
1 -8.2527031647651888e-19 -1.3929797208240508e-19 1 -1.0708169604795099e-17 
1 -1.1638339533073754e-16 -1.3929797208240354e-19 1 -1.0708169604795108e-17 
1 -3.5368460113768615e-16 -1.0847467576877503e-17 1 -6.1629758220391506e-33 
1 3.8803065687528275e-16 -1.3929797208240354e-19 1 -1.0708169604795116e-17 
1 2.3998109380442628e-16 -1.3929797208240354e-19 1 -1.0708169604795111e-17 
1 -5.4467320578143526e-17 -1.3929797208240508e-19 1 -1.0708169604795107e-17 
1 4.687349506321544e-17 -1.3929797208240508e-19 1 -1.0708169604795101e-17 
1 4.7490304801787903e-16 -1.3929797208240508e-19 1 -1.0708169604795111e-17 
1 7.0223637961320967e-16 -1.39297972082402e-19 1 -1.0708169604795102e-17 
1 1.193845413880583e-16 -1.3929797208240354e-19 1 -1.0708169604795105e-17 
1 -3.08161161659307 0 1 0 
1 -7.4936383301368148e-17 -1.39297972082402e-19 1 -1.0708169604795107e-17 
1 -1.0786210495071692e-16 -1.3929797208240508e-19 1 -1.0708169604795104e-17 
1 7.8690904491622004e-17 -1.3929797208240354e-19 1 -1.0708169604795107e-17 
1 2.1609920499326381e-16 -1.3929797208240354e-19 1 -1.0708169604795105e-17 
1 4.1047467633239119e-16 -1.3929797208240508e-19 1 -1.0708169604795104e-17 
1 3.7036442407717075e-16 -1.39297972082402e-19 1 -1.0708169604795113e-17 
1 5.7044395701721588e-17 -1.3929797208240508e-19 1 -1.0708169604795101e-17 
1 -4.2476259829887812 0 1 0 
1 2.3251175047960371 0 1 0 
1 2.475497412837278 0 1 0 
1 -1.5539949796430029e-15 -1.3929797208240354e-19 1 -1.0708169604795084e-17 
1 5.487582115647128e-16 -1.39297972082402e-19 1 -1.070816960479511e-17 
1 -1.1627659159031872e-16 -1.3929797208240508e-19 1 -1.0708169604795095e-17 
1 -1.9357864673591853e-16 -1.3929797208240508e-19 1 -1.0708169604795096e-17 
1 4.8120831779855909e-17 -1.3929797208240354e-19 1 -1.0708169604795108e-17 
1 6.4616923923441458e-16 -1.39297972082402e-19 1 -1.0708169604795111e-17 
1 -2.3384424325358255e-17 -1.3929797208240354e-19 1 -1.0708169604795105e-17 
1 -2.1267570790583868e-16 -1.3929797208240662e-19 1 -1.0708169604795102e-17 
1 -1.4923107757397922 0 1 0 
1 1.2870858100089886e-17 -1.3929797208240508e-19 1 -1.0708169604795105e-17 
1 4.2533878752294456e-16 -1.3929797208240508e-19 1 -1.0708169604795111e-17 
1 -1.2906431700539551e-16 -1.3929797208240508e-19 1 -1.0708169604795095e-17 
1 -4.4767949103570525e-17 -1.3929797208240508e-19 1 -1.0708169604795101e-17 
1 6.2566636671604347e-16 -1.3929797208240508e-19 1 -1.0708169604795101e-17 
1 -0.080997222533739865 0 1 0 
1 2.7961279951895273e-16 -1.3929797208240508e-19 1 -1.0708169604795108e-17 
1 8.4152251248078912e-17 -1.3929797208240508e-19 1 -1.0708169604795107e-17 
1 9.4247779607693793 0 -1 0 
1 9.4247779607693793 0 -1 0 
1 3.1415926535897944 0 -1 0 
1 9.4247779607693793 0 -1 0 
1 -4.6418830201237986 0 1 0 
1 1.4935884071744505 0 1 0 
1 4.1911314016325718e-15 -1.3929797208240508e-19 1 -1.0708169604795104e-17 
1 2.209833461970046e-16 -1.3929797208240354e-19 1 -1.0708169604795088e-17 
1 1.8663176802437923e-17 -1.39297972082402e-19 1 -1.0708169604795111e-17 
1 4.6318943592920263 0 1 0 
1 -1.2655605924422596e-15 -1.39297972082402e-19 1 -1.0708169604795107e-17 
1 -4.8802154958588095e-15 -1.3929797208240508e-19 1 -1.0708169604795118e-17 
1 1.7278173181592344e-16 -1.3929797208240354e-19 1 -1.0708169604795088e-17 
1 -2.7036147095949256e-16 -1.3929797208240662e-19 1 -1.0708169604795099e-17 
1 -2.1614732473025065e-15 -1.3929797208240354e-19 1 -1.0708169604795098e-17 
1 -2.1996384659011271e-15 -1.3929797208240508e-19 1 -1.0708169604795116e-17 
1 -4.6517772444111776 0 1 0 
1 -1.4858351878172923e-15 -1.3929797208240508e-19 1 -1.0708169604795111e-17 
1 -7.3487695074888928e-17 -1.39297972082402e-19 1 -1.0708169604795102e-17 
1 4.3012076917300747e-16 -1.3929797208240508e-19 1 -1.0708169604795099e-17 
1 -6.6245043280124771e-16 -1.3929797208240354e-19 1 -1.0708169604795102e-17 
1 2.1363112284288581 0 1 0 
1 2.663943364481293e-16 -1.3929797208240354e-19 1 -1.0708169604795105e-17 
1 -6.6855269056006262e-17 -1.3929797208240508e-19 1 -1.0708169604795104e-17 
1 4.734437207666937e-16 -1.39297972082402e-19 1 -1.0708169604795107e-17 
1 1.6356682437236666e-15 -1.3929797208240662e-19 1 -1.0708169604795104e-17 
1 7.1799084569644457e-16 -1.3929797208240354e-19 1 -1.0708169604795118e-17 
1 1.6201467329947166 0 1 0 
1 -4.575586677788583 0 1 0 
1 -4.4838052590381245 0 1 0 
1 -4.3626459604902408 0 1 0 
1 1.7295299248240896 0 1 0 
1 -6.7695436338024949e-18 -1.3929797208240508e-19 1 -1.0708169604795099e-17 
1 3.819218527851823e-16 -1.3929797208240662e-19 1 -1.0708169604795105e-17 
1 1.8500607095817742e-19 -1.3929797208240508e-19 1 -1.0708169604795099e-17 
1 4.100141145147794 0 1 0 
1 -7.5242914017846996e-16 -1.3929797208240354e-19 1 -1.0708169604795102e-17 
1 -3.38375102202406e-16 -1.39297972082402e-19 1 -1.070816960479511e-17 
1 -1.6112559277574815e-17 -1.39297972082402e-19 1 -1.0708169604795104e-17 
1 1.5087735139659119e-16 -1.3929797208240508e-19 1 -1.0708169604795105e-17 
1 1.9428520554739263e-16 -1.3929797208240354e-19 1 -1.0708169604795108e-17 
1 0.95368716922023733 0 1 0 
1 -3.1997622345316605e-16 -1.3929797208240508e-19 1 -1.070816960479509e-17 
1 6.0505337469234348e-17 -1.3929797208240354e-19 1 -1.0708169604795102e-17 
1 -4.3884875102158419e-17 -1.3929797208240354e-19 1 -1.0708169604795105e-17 
1 -4.0548631244729456e-16 -1.3929797208240354e-19 1 -1.0708169604795101e-17 
1 -2.2404725193630767e-15 -1.39297972082402e-19 1 -1.0708169604795088e-17 
1 -3.0198475461687487e-16 -1.3929797208240354e-19 1 -1.0708169604795102e-17 
1 -1.8213326115322679e-15 -1.3929797208240662e-19 1 -1.0708169604795113e-17 
1 1.5602192357476274e-15 -1.3929797208240354e-19 1 -1.0708169604795105e-17 
1 -5.9044526539953944e-16 -1.3929797208240508e-19 1 -1.0708169604795113e-17 
1 7.3392067613865877e-16 -1.3929797208240508e-19 1 -1.0708169604795095e-17 
1 1.9816498749132681e-17 -1.3929797208240508e-19 1 -1.0708169604795101e-17 
1 -3.6903098003298634e-17 -1.3929797208240508e-19 1 -1.0708169604795104e-17 
1 2.1029020622443561e-16 -1.3929797208240662e-19 1 -1.0708169604795105e-17 
1 -2.3713105781328977e-16 -1.3929797208240508e-19 1 -1.0708169604795108e-17 
1 2.5621723295152315e-15 -1.3929797208240354e-19 1 -1.0708169604795121e-17 
1 4.4290509196730963e-15 -1.3929797208240354e-19 1 -1.0708169604795119e-17 
1 -1.3369452857306119e-16 -1.39297972082402e-19 1 -1.0708169604795104e-17 
1 -4.549964974400048e-16 -1.3929797208240354e-19 1 -1.0708169604795118e-17 
Curves 846
7 0 0  2 3 2  36.5950520833334 -20.8120659722222 -0.01  35.7139756944445 -20.8120659722222 -0.01  35.1063368055555 -20.5568576388889 -0.01 
 0 3 1 3
7 0 0  2 3 2  38.3815104166667 -20.3092447916666 -0.01  37.7738715277778 -20.8120659722222 -0.01  36.5950520833334 -20.8120659722222 -0.01 
 0 3 1 3
7 0 0  2 3 2  38.9891493055555 -18.828125 -0.01  38.9891493055555 -19.8064236111111 -0.01  38.3815104166667 -20.3092447916666 -0.01 
 0 3 1 3
2 34.954890806595799 -18.8479808309405 -0.01 0 0 1 1 0 -0 -0 1 0 4.0344529858149496
2 28.270137717485802 -19.5418451771165 -0.010000000000000701 6.0737217493742001e-17 7.7710918005465899e-18 -1 0.98900863237626935 0.14785778669120306 6.1218648841628779e-17 0.14785778669120306 -0.98900863237626935 1.2947936746778881e-18 10.755194636180699
2 30.478553865649101 -19.206143875961899 -0.01 0 0 1 1 0 -0 -0 1 0 8.521391916992151
2 3.5485181887461201 -24.655891488637799 -0.01 0 0 1 1 0 -0 -0 1 0 35.997274985011799
1 38.0154079861111 -13.7163628472222 -0.01 0.21044762103119111 -0.97760513439850161 0 
7 0 0  2 3 2  37.0188802083333 -9.6953124999999911 -0.01  37.1935763888889 -9.9231770833333304 -0.01  37.2786458333334 -10.2938368055555 -0.01 
 0 3 1 3
2 36.094719265145798 -10.389767702121301 -0.01 0 0 1 1 0 -0 -0 1 0 1.1556695706654201
2 35.803605921865895 -11.0413130945776 -0.01 0 0 1 1 0 -0 -0 1 0 1.86926852498784
2 35.439990802175494 -13.5595437045606 -0.01 0 0 1 1 0 -0 -0 1 0 4.4140403423342001
1 35.30078125 -9.14539930555555 -0.01 1 0 0 
1 35.068359375 -8.6319444444444411 -0.01 0.20001680531051294 -0.97979246659350072 0 
1 38.3237847222223 -8.1184895833333304 -0.01 -1 0 0 
1 41.7934027777778 -8.6319444444444411 -0.01 -0.20834324143859606 0.97805577230895124 0 
1 41.7751736111111 -9.14539930555555 -0.01 1 0 0 
2 41.622553039483002 -15.532458766393601 -0.01 0 0 1 1 0 -0 -0 1 0 6.3869417319077399
2 41.201367538705497 -10.813704959624699 -0.01 0 0 1 1 0 -0 -0 1 0 1.6488164200731701
2 40.860858353144401 -9.8763785144540606 -0.01 0 0 1 1 0 -0 -0 1 0 0.65009516060102102
7 0 0  2 3 2  40.2530381944445 -9.8077256944444393 -0.01  40.2530381944445 -9.601128472222209 -0.01  40.3563368055556 -9.467447916666659 -0.01 
 0 3 1 3
7 0 0  2 3 2  40.3654513888889 -10.4730902777778 -0.01  40.2530381944445 -9.9505208333333197 -0.01  40.2530381944445 -9.8077256944444393 -0.01 
 0 3 1 3
1 41.0779079861111 -13.786241319444398 -0.01 -0.21023312788450005 0.9776512834031873 0 
2 32.703990301249299 -18.971501213661899 -0.01 0 0 1 1 0 -0 -0 1 0 9.2773463757366397
2 30.884302528072599 -19.294551667434202 -0.01 0 0 1 1 0 -0 -0 1 0 11.125384222139699
2 27.491115037735199 -19.7128652554435 -0.01 0 0 1 1 0 -0 -0 1 0 14.544231416175101
2 37.381055037100701 -18.884466978343802 -0.01 0 0 1 1 0 -0 -0 1 0 4.61957956809115
7 0 0  2 3 2  41.6901041666667 -20.2530381944444 -0.01  42 -19.6271701388889 -0.01  42 -18.828125 -0.01 
 0 3 1 3
7 0 0  2 3 2  40.783203125 -21.3118489583334 -0.01  41.3802083333333 -20.87890625 -0.01  41.6901041666667 -20.2530381944444 -0.01 
 0 3 1 3
7 0 0  2 3 2  39.3127170138889 -21.9680989583333 -0.01  40.1861979166667 -21.7447916666667 -0.01  40.783203125 -21.3118489583334 -0.01 
 0 3 1 3
7 0 0  2 3 2  37.2999131944445 -22.19140625 -0.01  38.4392361111111 -22.19140625 -0.01  39.3127170138889 -21.9680989583333 -0.01 
 0 3 1 3
7 0 0  2 3 2  35.1139322916667 -21.9012586805555 -0.01  36.0633680555556 -22.19140625 -0.01  37.2999131944445 -22.19140625 -0.01 
 0 3 1 3
7 0 0  2 3 2  33.4672309027778 -21.0460069444444 -0.01  34.1644965277778 -21.6111111111111 -0.01  35.1139322916667 -21.9012586805555 -0.01 
 0 3 1 3
7 0 0  2 3 2  32.3187934027778 -19.6453993055556 -0.01  32.7699652777778 -20.4809027777778 -0.01  33.4672309027778 -21.0460069444444 -0.01 
 0 3 1 3
7 0 0  2 3 2  31.6397569444445 -17.7191840277778 -0.01  31.8676215277778 -18.8098958333334 -0.01  32.3187934027778 -19.6453993055556 -0.01 
 0 3 1 3
1 30.8619791666667 -14.0247395833333 -0.01 0.20601048104984199 -0.97854978498674905 0 
7 0 0  2 3 2  29.8229166666667 -9.7135416666666607 -0.01  29.9991319444445 -9.9505208333333304 -0.01  30.0842013888889 -10.3302951388889 -0.01 
 0 3 1 3
2 28.868645679162398 -10.404909004224999 -0.01 0 0 1 1 0 -0 -0 1 0 1.1779397749556699
2 28.615304489842298 -10.953260699214301 -0.01 0 0 1 1 0 -0 -0 1 0 1.7816821226841701
2 28.262067312836098 -13.364485687279 -0.01 0 0 1 1 0 -0 -0 1 0 4.2189947091996496
1 28.1276041666666 -9.14539930555555 -0.01 1 0 0 
1 27.8936631944444 -8.6319444444444411 -0.01 0.20834324143859606 -0.97805577230895124 0 
1 30.3439670138889 -8.1184895833333304 -0.01 -1 0 0 
1 33.0084635416667 -8.6319444444444411 -0.01 -0.20001680531051294 0.97979246659350072 0 
1 32.9887152777778 -9.14539930555555 -0.01 1 0 0 
2 32.841403282424501 -15.687522899081499 -0.01 0 0 1 1 0 -0 -0 1 0 6.5420146764402096
2 32.407443960733204 -10.8062476838208 -0.01 0 0 1 1 0 -0 -0 1 0 1.64090193493396
2 32.076817051101898 -9.8858308549226095 -0.01 0 0 1 1 0 -0 -0 1 0 0.66140313495132108
7 0 0  2 3 2  31.4605034722222 -9.8077256944444393 -0.01  31.4605034722222 -9.601128472222209 -0.01  31.5653211805556 -9.467447916666659 -0.01 
 0 3 1 3
2 33.745423437259504 -9.7138669876802304 -0.01 0 0 1 1 0 -0 -0 1 0 2.2873750738429002
2 37.615361171674095 -9.2467154558740017 -0.01 0 0 1 1 0 -0 -0 1 0 6.1851358436280206
1 32.2868923611111 -13.9016927083333 -0.01 -0.20886492953835795 0.97794449802068872 0 
2 41.086848206925502 -15.8077988416181 -0.01 0 0 1 1 0 -0 -0 1 0 8.2078625588200094
7 0 0  2 3 2  34.0900607638889 -19.8504774305555 -0.01  33.6814236111111 -19.3993055555555 -0.01  33.4353298611111 -18.7764756944444 -0.01 
 0 3 1 3
7 0 0  2 3 2  35.1063368055555 -20.5568576388889 -0.01  34.4986979166667 -20.3016493055555 -0.01  34.0900607638889 -19.8504774305555 -0.01 
 0 3 1 3
2 17.231826177656302 -18.441597667563201 -0.01 0 0 1 1 0 -0 -0 1 0 2.1631764815341499
7 0 0  2 3 2  17.9694010416666 -20.3578559027778 -0.01  17.7035590277778 -20.60546875 -0.01  17.2660590277778 -20.60546875 -0.01 
 0 3 1 3
7 0 0  2 3 2  18.2352430555555 -19.6271701388889 -0.01  18.2352430555555 -20.1102430555555 -0.01  17.9694010416666 -20.3578559027778 -0.01 
 0 3 1 3
2 13.222438578419601 -19.674958850878397 -0.01 0 0 1 1 0 -0 -0 1 0 5.0134335378388499
2 10.981637639772101 -19.9821072903278 -0.01 0 0 1 1 0 -0 -0 1 0 7.2759923353123792
1 17.4605034722222 -15.5666232638889 -0.01 0.21397938381193002 -0.97683817662060413 0 
1 15.689236111111102 -12.9036458333333 -0.01 1 0 0 
1 14.369140625 -12.2398003472222 -0.01 0.19525287227336202 -0.98075293314320611 0 
1 15.4097222222222 -11.5759548611111 -0.01 -1 0 0 
1 16.3302951388889 -10.37890625 -0.01 0.20613564561898806 -0.97852342619134214 0 
1 16.6432291666666 -9.1818576388888786 -0.01 -1 0 0 
7 0 0  2 3 2  18.1820746527778 -10.4548611111111 -0.01  17.6640625 -9.9322916666666607 -0.01  17.2083333333333 -9.1818576388888786 -0.01 
 0 3 1 3
7 0 0  2 3 2  19.2165798611111 -11.2994791666667 -0.01  18.7000868055556 -10.9774305555555 -0.01  18.1820746527778 -10.4548611111111 -0.01 
 0 3 1 3
7 0 0  2 3 2  20.2267795138889 -11.7643229166667 -0.01  19.7330729166666 -11.6215277777778 -0.01  19.2165798611111 -11.2994791666667 -0.01 
 0 3 1 3
7 0 0  2 3 2  21.1397569444444 -11.9071180555555 -0.01  20.7204861111111 -11.9071180555555 -0.01  20.2267795138889 -11.7643229166667 -0.01 
 0 3 1 3
1 21.2445746527778 -12.4053819444444 -0.01 -0.20586011755861292 0.97858142839456852 0 
1 20.5989583333334 -12.9036458333333 -0.01 1 0 0 
1 20.4318576388889 -15.5954861111111 -0.01 -0.21178846700489803 0.97731553003301608 0 
2 11.4691771793965 -20.368455437792601 -0.01 0 0 1 1 0 -0 -0 1 0 9.7702953927408895
2 12.6561256344984 -20.175089209221301 -0.0100000000000005 -6.0549383687564204e-17 -9.1198460354756501e-18 1 0.9923609980138538 0.12336794405739397 6.1211943480831583e-17 -0.12336794405739397 0.9923609980138538 1.5803265340201998e-18 8.5678572300097411
2 12.885206044168999 -20.154605657954601 -0.01 0 0 1 1 0 -0 -0 1 0 8.3379804301119105
2 15.925376196131801 -19.944712076116101 -0.01 0 0 1 1 0 -0 -0 1 0 5.2904974315288298
7 0 0  2 3 2  21.0212673611111 -20.9259982638889 -0.01  21.2157118055555 -20.4991319444444 -0.01  21.2157118055555 -19.921875 -0.01 
 0 3 1 3
2 19.243701892918502 -20.139427789173801 -0.01 0 0 1 1 0 -0 -0 1 0 1.9431865400622801
2 19.051994904032298 -19.862180360040899 -0.01 0 0 1 1 0 -0 -0 1 0 2.2793105812552197
2 18.7220837932005 -18.7547150383012 -0.01 0 0 1 1 0 -0 -0 1 0 3.43617502426277
2 18.650364725045801 -17.514925333601099 -0.01 0 0 1 1 0 -0 -0 1 0 4.6759806445105099
2 18.721578816769 -17.3048333215085 -0.01 0 0 1 1 0 -0 -0 1 0 4.89553868023643
2 18.646733114075097 -17.4869536356228 -0.01 0 0 1 1 0 -0 -0 1 0 4.6982356599138901
2 20.9758726126542 -14.138266024438201 -0.01 0 0 1 1 0 -0 -0 1 0 8.777036645575361
1 15.5236545138889 -20.4626736111111 -0.01 -0.51604366675018443 -0.85656227678261954 0 
2 18.005167178627399 -16.606742002862802 -0.01 0 0 1 1 0 -0 -0 1 0 4.1530290900118203
1 -75.6197916666666 -1.2994791666666599 -0.01 0 -1 0 
1 -75.5703125 -0.59895833333333104 -0.01 -1 0 0 
2 -75.492563550915108 6.6436731924491603 -0.01 0 0 1 1 0 -0 -0 1 0 7.2423834445685307
7 0 0  2 3 2  -73.6015625 -0.226562499999997 -0.01  -73.9739583333333 -0.453125 -0.01  -74.4713541666666 -0.52604166666666408 -0.01 
 0 3 1 3
7 0 0  2 3 2  -73.0078125 0.44791666666666996 -0.01  -73.2291666666666 2.6020852139652099e-15 -0.01  -73.6015625 -0.226562499999997 -0.01 
 0 3 1 3
7 0 0  2 3 2  -72.7864583333333 1.6302083333333302 -0.01  -72.7864583333333 0.89583333333333603 -0.01  -73.0078125 0.44791666666666996 -0.01 
 0 3 1 3
1 -72.7864583333333 5.1458333333333401 -0.01 0 -1 0 
2 -82.835289243054007 8.7067807202297303 -0.01 0 0 1 1 0 -0 -0 1 0 10.048261018817801
7 0 0  2 3 2  -73.6666666666666 12.4375 -0.01  -73.1927083333333 11.6875 -0.01  -72.9895833333333 10.7109375 -0.01 
 0 3 1 3
2 -76.613316021477502 10.590955444002299 -0.01 0 0 1 1 0 -0 -0 1 0 3.4771794926419899
7 0 0  2 3 2  -76.8229166666666 14.0625 -0.01  -75.6875 14.0625 -0.01  -74.9140625 13.625 -0.01 
 0 3 1 3
7 0 0  2 3 2  -78.5338541666666 13.7630208333333 -0.01  -77.8333333333333 14.0625 -0.01  -76.8229166666666 14.0625 -0.01 
 0 3 1 3
7 0 0  2 3 2  -79.6640625 12.8776041666667 -0.01  -79.234375 13.4635416666667 -0.01  -78.5338541666666 13.7630208333333 -0.01 
 0 3 1 3
7 0 0  2 3 2  -80.2890625 11.4453125 -0.01  -80.09375 12.2916666666667 -0.01  -79.6640625 12.8776041666667 -0.01 
 0 3 1 3
7 0 0  2 3 2  -80.484375 9.5052083333333304 -0.01  -80.484375 10.5989583333333 -0.01  -80.2890625 11.4453125 -0.01 
 0 3 1 3
1 -80.484375 3.7526041666666701 -0.01 0 1 0 
1 -83.390625 -2 -0.01 1 0 0 
1 -86.296875 -1.2994791666666599 -0.01 0 -1 0 
1 -86.2395833333333 -0.59895833333333104 -0.01 -1 0 0 
2 -86.141109551074194 5.48655450667294 -0.01 0 0 1 1 0 -0 -0 1 0 6.0851306894469195
7 0 0  2 3 2  -84.34375 -0.18489583333333098 -0.01  -84.6875 -0.4375 -0.01  -85.1588541666666 -0.51822916666666397 -0.01 
 0 3 1 3
7 0 0  2 3 2  -83.8151041666666 0.5390625 -0.01  -84 0.06770833333333591 -0.01  -84.34375 -0.18489583333333098 -0.01 
 0 3 1 3
7 0 0  2 3 2  -83.6302083333333 1.7916666666666698 -0.01  -83.6302083333333 1.0104166666666701 -0.01  -83.8151041666666 0.5390625 -0.01 
 0 3 1 3
1 -83.6302083333333 5.7317708333333393 -0.01 0 -1 0 
7 0 0  2 3 2  -83.247395833333286 12.6171875 -0.01  -83.6302083333333 11.3802083333333 -0.01  -83.6302083333333 9.671875 -0.01 
 0 3 1 3
7 0 0  2 3 2  -82.140625 14.6432291666667 -0.01  -82.8645833333333 13.8541666666667 -0.01  -83.247395833333286 12.6171875 -0.01 
 0 3 1 3
2 -78.8737967524483 11.6423164350511 -0.01 0 0 1 1 0 -0 -0 1 0 4.4363113736188096
7 0 0  2 3 2  -78.03125 16.1979166666666 -0.01  -79.3489583333333 16.1979166666666 -0.01  -80.3828125 15.8151041666666 -0.01 
 0 3 1 3
2 -77.9919086309216 7.0416127864751008 -0.01 0 0 1 1 0 -0 -0 1 0 9.1559051238745504
2 -77.266716427769992 11.509701768751802 -0.01 0 0 1 1 0 -0 -0 1 0 4.62870133787189
7 0 0  2 3 2  -73.9192708333333 14.6927083333333 -0.01  -74.4947916666666 15.2864583333333 -0.01  -75.1380208333333 15.6197916666666 -0.01 
 0 3 1 3
7 0 0  2 3 2  -72.8229166666666 13.171875 -0.01  -73.34375 14.0989583333333 -0.01  -73.9192708333333 14.6927083333333 -0.01 
 0 3 1 3
1 -72.7395833333333 13.171875 -0.01 -1 0 0 
1 -72.4375 14.5208333333333 -0.01 -0.16007115855366497 -0.98710547774758473 0 
1 -69.5260416666666 15.869791666666698 -0.01 -1 0 0 
1 -66.8333333333333 15.171875 -0.01 0 1 0 
1 -66.8802083333333 14.4739583333333 -0.01 1 0 0 
2 -66.958843582074294 8.1321479974904705 -0.01 0 0 1 1 0 -0 -0 1 0 6.34149870111324
7 0 0  2 3 2  -68.8489583333333 14.0651041666667 -0.01  -68.4739583333333 14.307291666666702 -0.01  -67.9791666666667 14.390625 -0.01 
 0 3 1 3
7 0 0  2 3 2  -69.4427083333333 13.375 -0.01  -69.2239583333333 13.8229166666667 -0.01  -68.8489583333333 14.0651041666667 -0.01 
 0 3 1 3
7 0 0  2 3 2  -69.6614583333333 12.1927083333333 -0.01  -69.6614583333333 12.927083333333298 -0.01  -69.4427083333333 13.375 -0.01 
 0 3 1 3
1 -69.6614583333333 6.9921875 -0.01 0 1 0 
7 0 0  2 3 2  -69.4427083333333 0.5390625 -0.01  -69.6614583333333 1.0104166666666701 -0.01  -69.6614583333333 1.7916666666666698 -0.01 
 0 3 1 3
7 0 0  2 3 2  -68.8567708333333 -0.18489583333333098 -0.01  -69.2239583333333 0.06770833333333591 -0.01  -69.4427083333333 0.5390625 -0.01 
 0 3 1 3
7 0 0  2 3 2  -67.9947916666666 -0.51822916666666397 -0.01  -68.4895833333333 -0.4375 -0.01  -68.8567708333333 -0.18489583333333098 -0.01 
 0 3 1 3
2 -66.967165324163304 6.05272625873598 -0.01 0 0 1 1 0 -0 -0 1 0 6.65132244158033
1 -66.7890625 -0.59895833333333104 -0.01 -1 0 0 
1 -66.6510416666666 -1.2994791666666599 -0.01 0 1 0 
1 -71.1354166666666 -2 -0.01 1 0 0 
2 9.8802640051630686 -7.4369935991031504 -0.01 0 0 1 1 0 -0 -0 1 0 2.3916983895529
2 9.8526831485661308 -7.3796695357199598 -0.01 0 0 1 1 0 -0 -0 1 0 2.44921899065735
2 9.6722617298186897 -7.9649935177027 -0.01 0 0 1 1 0 -0 -0 1 0 1.8364592611850901
2 9.4405585835214598 -8.2952032942210092 -0.01 0 0 1 1 0 -0 -0 1 0 1.43310909653938
7 0 0  2 3 2  8.0086805555555607 -8.2521701388888786 -0.01  8.0086805555555607 -8.6501736111111107 -0.01  8.16514756944445 -8.9494357638888893 -0.01 
 0 3 1 3
7 0 0  2 3 2  8.1362847222222303 -7.6976996527777697 -0.01  8.0086805555555607 -7.9301215277777697 -0.01  8.0086805555555607 -8.2521701388888786 -0.01 
 0 3 1 3
2 9.1317675272362688 -8.2385626209350313 -0.01 0 0 1 1 0 -0 -0 1 0 1.1328118959445499
2 9.2842121085543816 -8.4715378227369591 -0.01 0 0 1 1 0 -0 -0 1 0 1.4114781807988801
2 9.5488739855564688 -9.5701030487189804 -0.01 0 0 1 1 0 -0 -0 1 0 2.5421105081437601
2 9.5755130695280304 -9.6852570633069011 -0.01 0 0 1 1 0 -0 -0 1 0 2.6572971610193798
2 9.8652220785628693 -8.65632318434346 -0.01 0 0 1 1 0 -0 -0 1 0 1.58777822461284
2 9.9541797844234292 -8.5066177170346489 -0.01 0 0 1 1 0 -0 -0 1 0 1.4149326077217801
7 0 0  2 3 2  11.3780381944444 -8.6228298611111089 -0.01  11.3780381944444 -8.1944444444444393 -0.01  11.2306857638889 -7.8951822916666599 -0.01 
 0 3 1 3
7 0 0  2 3 2  11.2595486111111 -9.1545138888888911 -0.01  11.3780381944444 -8.92664930555555 -0.01  11.3780381944444 -8.6228298611111089 -0.01 
 0 3 1 3
2 10.280517237326199 -8.6510545309877109 -0.01 0 0 1 1 0 -0 -0 1 0 1.1007811467363902
2 10.135642800487799 -8.4317123737736406 -0.01 0 0 1 1 0 -0 -0 1 0 1.3638242450113101
2 24.742144335134601 -19.275254075226901 -0.01 0 0 1 1 0 -0 -0 1 0 1.3663037535209599
7 0 0  2 3 2  25.2565104166667 -20.4140625 -0.01  25.0802951388889 -20.6419270833334 -0.01  24.7582465277778 -20.6419270833334 -0.01 
 0 3 1 3
7 0 0  2 3 2  25.4327256944444 -19.7578125 -0.01  25.4327256944444 -20.1861979166666 -0.01  25.2565104166667 -20.4140625 -0.01 
 0 3 1 3
2 20.0832784335723 -19.794286086417301 -0.01 0 0 1 1 0 -0 -0 1 0 5.3499892566364995
2 5.40274364131594 -22.232900096970198 -0.01 0 0 1 1 0 -0 -0 1 0 20.232209481803
1 24.0078125 -12.5618489583333 -0.01 0.21197919835546306 -0.97727417824506913 0 
1 25.2003038194445 -7.2252604166666599 -0.01 -1 0 0 
1 27.6399739583333 -7.7387152777777697 -0.01 -0.17195612986087491 0.98510460835551361 0 
1 27.5260416666667 -8.2521701388888786 -0.01 1 0 0 
2 27.284190882544202 -11.6582836208621 -0.01 0 0 1 1 0 -0 -0 1 0 3.4059060140662303
7 0 0  2 3 2  26.5234375 -8.3949652777777697 -0.01  26.6480034722222 -8.3098958333333304 -0.01  26.8470052083334 -8.2810329861111107 -0.01 
 0 3 1 3
2 26.799220236065903 -8.7848046050992501 -0.01 0 0 1 1 0 -0 -0 1 0 0.477996115340796
7 0 0  2 3 2  26.2864583333333 -9.0694444444444411 -0.01  26.2864583333333 -8.8020833333333304 -0.01  26.3426649305556 -8.6410590277777697 -0.01 
 0 3 1 3
2 27.690113133431502 -9.0210145716032706 -0.01 0 0 1 1 0 -0 -0 1 0 1.40470399319171
2 30.081384013119798 -8.7596247586470604 -0.01 0 0 1 1 0 -0 -0 1 0 3.8103944418020701
2 32.528100880578599 -8.3668660564541995 -0.01 0 0 1 1 0 -0 -0 1 0 6.2884797127032996
2 33.6954019524687 -8.1368717641153889 -0.01 0 0 1 1 0 -0 -0 1 0 7.4781788404420002
1 27.2738715277778 -13.892578125 -0.01 -0.20721240509385597 0.97829597728663875 0 
7 0 0  2 3 2  28.4314236111111 -20.1953125 -0.01  28.4314236111111 -19.3598090277778 -0.01  28.1184895833334 -17.8802083333334 -0.01 
 0 3 1 3
7 0 0  2 3 2  27.8328993055555 -21.6642795138889 -0.01  28.4314236111111 -21.1371527777778 -0.01  28.4314236111111 -20.1953125 -0.01 
 0 3 1 3
7 0 0  2 3 2  26.1163194444445 -22.19140625 -0.01  27.234375 -22.19140625 -0.01  27.8328993055555 -21.6642795138889 -0.01 
 0 3 1 3
2 26.075970747705302 -18.279337693359402 -0.01 0 0 1 1 0 -0 -0 1 0 3.9115201882755999
2 26.076524969680399 -18.331816107737602 -0.01 0 0 1 1 0 -0 -0 1 0 3.8594982689976898
2 26.032083907664198 -18.4378359226009 -0.01 0 0 1 1 0 -0 -0 1 0 3.7441023422786199
2 27.028770566923498 -17.218240310937102 -0.01 0 0 1 1 0 -0 -0 1 0 5.3186196566902195
1 23.3773871527778 -20.5234375 -0.01 -0.57801734078034017 -0.81602448110165415 0 
2 25.9792997967185 -16.7140146490459 -0.01 0 0 1 1 0 -0 -0 1 0 4.2104227323262302
1 9.1844618055555589 -14.7371961805555 -0.01 0.20866244520530999 -0.9779877217843489 0 
1 10.8174913194444 -11.5759548611111 -0.01 -1 0 0 
1 13.210069444444398 -12.0924479166667 -0.01 -0.16251626021288099 0.98670586557819706 0 
1 13.1204427083333 -12.6089409722222 -0.01 1 0 0 
2 12.905559060486601 -15.920785312574699 -0.01 0 0 1 1 0 -0 -0 1 0 3.3116337762291801
7 0 0  2 3 2  12.1573350694444 -12.7517361111111 -0.01  12.2803819444444 -12.6666666666667 -0.01  12.4748263888889 -12.6378038194444 -0.01 
 0 3 1 3
2 12.4436131037571 -13.148003513892901 -0.01 0 0 1 1 0 -0 -0 1 0 0.48941673229859295
7 0 0  2 3 2  11.9188368055556 -13.426215277777802 -0.01  11.9188368055556 -13.1618923611111 -0.01  11.9765625 -12.9993489583333 -0.01 
 0 3 1 3
2 13.306713297383901 -13.3832952486203 -0.01 0 0 1 1 0 -0 -0 1 0 1.38874492370887
2 15.545076935315199 -13.138760266316199 -0.01 0 0 1 1 0 -0 -0 1 0 3.6406048154036799
2 27.018551712062401 -11.2350954820628 -0.01 0 0 1 1 0 -0 -0 1 0 15.270980471674001
2 19.5361889637799 -12.623160871335399 -0.01 0 0 1 1 0 -0 -0 1 0 7.6609637746735695
1 12.432291666666702 -16.0709635416666 -0.01 -0.20543066180221106 0.97867167282572631 0 
2 -2.9406781484687201 -21.4066464098861 -0.01 0 0 1 1 0 -0 -0 1 0 16.142064931004299
7 0 0  2 3 2  13.125 -20.1953125 -0.01  13.125 -19.7790798611111 -0.01  13.0490451388889 -19.1987847222222 -0.01 
 0 3 1 3
7 0 0  2 3 2  12.5264756944444 -21.6642795138889 -0.01  13.125 -21.1371527777778 -0.01  13.125 -20.1953125 -0.01 
 0 3 1 3
7 0 0  2 3 2  10.8098958333333 -22.19140625 -0.01  11.9279513888889 -22.19140625 -0.01  12.5264756944444 -21.6642795138889 -0.01 
 0 3 1 3
2 10.7673047936053 -18.332204511866198 -0.01 0 0 1 1 0 -0 -0 1 0 3.8586280077338397
2 10.8209945792869 -18.210542536511301 -0.01 0 0 1 1 0 -0 -0 1 0 3.9885202037395104
2 10.703392756427901 -18.445354391785198 -0.01 0 0 1 1 0 -0 -0 1 0 3.7252101237097999
2 11.6534882310415 -17.278148001479799 -0.01 0 0 1 1 0 -0 -0 1 0 5.2296384790777299
1 8.06944444444445 -20.5234375 -0.01 -0.58052479506515797 -0.814242569701779 0 
2 10.6728761856016 -16.714014649056001 -0.01 0 0 1 1 0 -0 -0 1 0 4.2104227323146199
2 9.4357207240225609 -19.275254075230901 -0.01 0 0 1 1 0 -0 -0 1 0 1.36630375351689
7 0 0  2 3 2  9.9500868055555607 -20.4140625 -0.01  9.7738715277777803 -20.6419270833334 -0.01  9.4518229166666696 -20.6419270833334 -0.01 
 0 3 1 3
7 0 0  2 3 2  10.1263020833333 -19.7578125 -0.01  10.1263020833333 -20.1861979166666 -0.01  9.9500868055555607 -20.4140625 -0.01 
 0 3 1 3
2 4.7768548224629894 -19.794286086417301 -0.01 0 0 1 1 0 -0 -0 1 0 5.34998925663474
2 -9.90367996980196 -22.232900096971502 -0.01 0 0 1 1 0 -0 -0 1 0 20.2322094818099
1 40.226482719202799 -24.2531409182508 -0.01 -0.95105651629515375 -0.30901699437494695 0 
1 41.011027971725305 -25.0496889373585 -0.01 -0.30901699437494906 0.95105651629515309 0 
1 40.8445167079527 -26.1552539508412 -0.01 0.95105651629515342 0.30901699437494784 0 
1 40.059971455430102 -25.358705931733503 -0.01 0.30901699437494906 -0.95105651629515309 0 
1 80.6614583333333 9.8984375 -0.01 0 -1 0 
2 82.3385416666667 21.0963541666667 -0.01 0 0 -1 -1 0 0 0 1 0 5.4489583333333407
1 84.03125 9.8984375 -0.01 0 1 0 
7 0 0  2 3 2  84.2421875 0.5390625 -0.01  84.03125 1.0104166666666701 -0.01  84.03125 1.7916666666666698 -0.01 
 0 3 1 3
7 0 0  2 3 2  84.828125 -0.18489583333333098 -0.01  84.453125 0.06770833333333591 -0.01  84.2421875 0.5390625 -0.01 
 0 3 1 3
7 0 0  2 3 2  85.7005208333333 -0.51822916666666397 -0.01  85.203125 -0.4375 -0.01  84.828125 -0.18489583333333098 -0.01 
 0 3 1 3
2 86.729572219498607 6.06381532763102 -0.01 0 0 1 1 0 -0 -0 1 0 6.6624407940852706
1 86.9765625 -0.59895833333333104 -0.01 -1 0 0 
1 87.1875 -1.2994791666666599 -0.01 0 1 0 
1 82.3385416666667 -2 -0.01 1 0 0 
1 77.4895833333333 -1.2994791666666599 -0.01 0 -1 0 
1 77.7083333333333 -0.59895833333333104 -0.01 -1 0 0 
2 77.950718597822103 6.1006185221306497 -0.01 0 0 1 1 0 -0 -0 1 0 6.6993449578317605
7 0 0  2 3 2  79.8567708333333 -0.18489583333333098 -0.01  79.4895833333333 -0.4375 -0.01  78.984375 -0.51822916666666397 -0.01 
 0 3 1 3
7 0 0  2 3 2  80.4427083333333 0.5390625 -0.01  80.2239583333333 0.06770833333333591 -0.01  79.8567708333333 -0.18489583333333098 -0.01 
 0 3 1 3
7 0 0  2 3 2  80.6614583333333 1.7916666666666698 -0.01  80.6614583333333 1.0104166666666701 -0.01  80.4427083333333 0.5390625 -0.01 
 0 3 1 3
1 77.7083333333333 20.3958333333334 -0.01 1 0 0 
2 82.3385416666667 21.0963541666667 -0.01 0 0 -1 -1 0 0 0 1 0 4.8489583333333304
1 80.6614583333333 9.8984375 -0.01 0 -1 0 
7 0 0  2 3 2  80.4427083333333 19.2578125 -0.01  80.6614583333333 18.7864583333333 -0.01  80.6614583333333 18.0052083333334 -0.01 
 0 3 1 3
7 0 0  2 3 2  79.8567708333333 19.9817708333333 -0.01  80.2239583333333 19.7291666666666 -0.01  80.4427083333333 19.2578125 -0.01 
 0 3 1 3
7 0 0  2 3 2  78.984375 20.3151041666666 -0.01  79.4895833333333 20.234375 -0.01  79.8567708333333 19.9817708333333 -0.01 
 0 3 1 3
2 77.950718597822103 13.6962564778723 -0.01 0 0 1 1 0 -0 -0 1 0 6.6993449578288704
1 82.3385416666667 21.796875 -0.01 -1 0 0 
2 82.3385416666667 21.0963541666667 -0.01 0 0 -1 -1 0 0 0 1 0 4.8489583333333304
2 82.3385416666667 21.0963541666667 -0.01 0 0 -1 -1 0 0 0 1 0 4.8489583333333304
1 86.9765625 20.3958333333334 -0.01 1 0 0 
2 86.729572219498706 13.7330596723717 -0.01 0 0 1 1 0 -0 -0 1 0 6.6624407940825794
7 0 0  2 3 2  84.828125 19.9817708333333 -0.01  85.203125 20.234375 -0.01  85.7005208333333 20.3151041666666 -0.01 
 0 3 1 3
7 0 0  2 3 2  84.2421875 19.2578125 -0.01  84.453125 19.7291666666666 -0.01  84.828125 19.9817708333333 -0.01 
 0 3 1 3
7 0 0  2 3 2  84.03125 18.0052083333334 -0.01  84.03125 18.7864583333333 -0.01  84.2421875 19.2578125 -0.01 
 0 3 1 3
1 84.03125 9.8984375 -0.01 0 1 0 
2 -38.2485465154734 -17.8016352285374 -0.01 0 0 1 1 0 -0 -0 1 0 2.9158957685043299
7 0 0  2 3 2  -36.6391059027778 -20.1056857638889 -0.01  -37.1662326388889 -20.7178819444444 -0.01  -38.2296006944444 -20.7178819444444 -0.01 
 0 3 1 3
7 0 0  2 3 2  -36.1119791666666 -18.36328125 -0.01  -36.1119791666666 -19.4934895833333 -0.01  -36.6391059027778 -20.1056857638889 -0.01 
 0 3 1 3
2 -47.612743164446897 -18.384933880645399 -0.01 0 0 1 1 0 -0 -0 1 0 11.5008299809296
2 -39.615847923316103 -18.116398217986301 -0.010000000000000201 6.1003941278164095e-17 5.2838059374803602e-18 -1 0.98996844383518079 0.14128864147747497 6.1138518577694069e-17 0.14128864147747497 -0.98996844383518079 3.388362846508942e-18 3.4994774332912102
2 -36.5151035559457 -14.5108246550627 -0.01 0 0 1 1 0 -0 -0 1 0 3.1323620657963702
1 -36.7032877604166 -17.6432291666666 -0.01 1 0 0 
7 0 0  2 3 2  -39.1896701388889 -17.3196614583334 -0.01  -38.1263020833333 -17.6432291666666 -0.01  -36.8715277777778 -17.6432291666666 -0.01 
 0 3 1 3
7 0 0  2 3 2  -41.0217013888889 -16.4507378472223 -0.01  -40.2530381944445 -16.99609375 -0.01  -39.1896701388889 -17.3196614583334 -0.01 
 0 3 1 3
7 0 0  2 3 2  -42.2278645833333 -15.1838107638889 -0.01  -41.7903645833334 -15.9053819444444 -0.01  -41.0217013888889 -16.4507378472223 -0.01 
 0 3 1 3
7 0 0  2 3 2  -42.6653645833333 -13.6723090277778 -0.01  -42.6653645833333 -14.4622395833333 -0.01  -42.2278645833333 -15.1838107638889 -0.01 
 0 3 1 3
7 0 0  2 3 2  -41.8951822916667 -11.9876302083333 -0.01  -42.6653645833333 -12.5907118055556 -0.01  -42.6653645833333 -13.6723090277778 -0.01 
 0 3 1 3
7 0 0  2 3 2  -39.73046875 -11.3845486111111 -0.01  -41.125 -11.3845486111111 -0.01  -41.8951822916667 -11.9876302083333 -0.01 
 0 3 1 3
7 0 0  2 3 2  -37.7510850694444 -11.6838107638889 -0.01  -38.6579861111111 -11.3845486111111 -0.01  -39.73046875 -11.3845486111111 -0.01 
 0 3 1 3
2 -39.661605876737099 -17.601552678104202 -0.01 0 0 1 1 0 -0 -0 1 0 6.2176715958232505
2 -39.814788283150598 -17.787854782290498 -0.01 0 0 1 1 0 -0 -0 1 0 6.45713759179674
2 -40.653564775810899 -18.497506282550098 -0.01 0 0 1 1 0 -0 -0 1 0 7.5552547526320701
2 -40.426289374774797 -18.3892352948093 -0.01 0 0 1 1 0 -0 -0 1 0 7.3029249004774002
7 0 0  2 3 2  -33.140625 -18.1749131944444 -0.01  -33.140625 -17.4518229166667 -0.01  -33.3305121527778 -16.6634114583333 -0.01 
 0 3 1 3
7 0 0  2 3 2  -33.482421875 -19.9446614583334 -0.01  -33.140625 -19.1896701388889 -0.01  -33.140625 -18.1749131944444 -0.01 
 0 3 1 3
7 0 0  2 3 2  -34.4181857638889 -21.1979166666666 -0.01  -33.82421875 -20.6996527777778 -0.01  -33.482421875 -19.9446614583334 -0.01 
 0 3 1 3
2 -36.958197813204897 -18.135017573278098 -0.01 0 0 1 1 0 -0 -0 1 0 3.97982962408609
2 -37.438176442804199 -16.6182332337426 -0.01 0 0 1 1 0 -0 -0 1 0 5.57244133819413
7 0 0  2 3 2  -39.2048611111111 -21.9772135416666 -0.01  -38.4787326388889 -22.19140625 -0.01  -37.4791666666667 -22.19140625 -0.01 
 0 3 1 3
7 0 0  2 3 2  -40.400390625 -21.4348958333334 -0.01  -39.9309895833333 -21.7630208333334 -0.01  -39.2048611111111 -21.9772135416666 -0.01 
 0 3 1 3
7 0 0  2 3 2  -41.09765625 -20.7178819444444 -0.01  -40.8697916666666 -21.1067708333334 -0.01  -40.400390625 -21.4348958333334 -0.01 
 0 3 1 3
7 0 0  2 3 2  -41.3255208333334 -19.9765625 -0.01  -41.3255208333334 -20.3289930555555 -0.01  -41.09765625 -20.7178819444444 -0.01 
 0 3 1 3
2 -39.697021895768799 -19.967868106729998 -0.01 0 0 1 1 0 -0 -0 1 0 1.62834674003781
7 0 0  2 3 2  -41.0794270833333 -19.1410590277778 -0.01  -41.1918402777778 -19.2838541666666 -0.01  -41.2586805555556 -19.5071614583334 -0.01 
 0 3 1 3
2 -37.6911047189108 -16.699770978855398 -0.01 0 0 1 1 0 -0 -0 1 0 4.1765262275073702
2 -38.012956096235001 -17.049158264725499 -0.01 0 0 1 1 0 -0 -0 1 0 3.7021237051764899
2 -37.999399120784304 -17.032152648872501 -0.01 0 0 1 1 0 -0 -0 1 0 3.7241213192749503
7 0 0  2 3 2  -38.9131944444444 -12.5542534722222 -0.01  -38.4392361111111 -12.5542534722222 -0.01  -38.0123697916667 -12.909722222222198 -0.01 
 0 3 1 3
7 0 0  2 3 2  -39.62109375 -12.8854166666667 -0.01  -39.3689236111111 -12.5542534722222 -0.01  -38.9131944444444 -12.5542534722222 -0.01 
 0 3 1 3
7 0 0  2 3 2  -39.8732638888889 -13.8151041666667 -0.01  -39.8732638888889 -13.2165798611111 -0.01  -39.62109375 -12.8854166666667 -0.01 
 0 3 1 3
7 0 0  2 3 2  -39.6119791666667 -14.9255642361111 -0.01  -39.8732638888889 -14.4318576388889 -0.01  -39.8732638888889 -13.8151041666667 -0.01 
 0 3 1 3
2 -37.301281887423599 -13.694249185430401 -0.01 0 0 1 1 0 -0 -0 1 0 2.6186265721466602
7 0 0  2 3 2  -37.8088107638889 -16.3231336805555 -0.01  -38.4301215277778 -16.1332465277778 -0.01  -38.8904079861111 -15.776258680555499 -0.01 
 0 3 1 3
2 -36.508889315063698 -11.928811220802801 -0.01 0 0 1 1 0 -0 -0 1 0 4.5834678596392102
1 -36.3793402777778 -16.5130208333334 -0.01 -1 0 0 
2 -44.422774645663594 -17.8601097634597 -0.01 0 0 1 1 0 -0 -0 1 0 8.2397249264356596
2 -43.205055816838296 -17.351859908507599 -0.01 0 0 1 1 0 -0 -0 1 0 6.92223475739363
7 0 0  2 3 2  -38.0123697916667 -12.909722222222198 -0.01  -37.5855034722222 -13.2651909722222 -0.01  -37.2437065972223 -13.8348524305556 -0.01 
 0 3 1 3
1 37.2999131944445 -24.69140625 -0.01 1 0 0 
1 37.7999131944445 -25.69140625 -0.01 0 -1 0 
1 37.2999131944445 -26.69140625 -0.01 -1 0 0 
1 36.7999131944445 -25.69140625 -0.01 0 1 0 
2 -29.5381391001238 -18.441597667575202 -0.01 0 0 1 1 0 -0 -0 1 0 2.1631764815220298
7 0 0  2 3 2  -28.8005642361111 -20.3578559027778 -0.01  -29.06640625 -20.60546875 -0.01  -29.50390625 -20.60546875 -0.01 
 0 3 1 3
7 0 0  2 3 2  -28.5347222222222 -19.6271701388889 -0.01  -28.5347222222222 -20.1102430555555 -0.01  -28.8005642361111 -20.3578559027778 -0.01 
 0 3 1 3
2 -33.547526699357697 -19.674958850878397 -0.01 0 0 1 1 0 -0 -0 1 0 5.0134335378384103
2 -35.788327638004603 -19.982107290327502 -0.01 0 0 1 1 0 -0 -0 1 0 7.2759923353113001
1 -29.3094618055555 -15.5666232638889 -0.01 0.21397938381193099 -0.9768381766206039 0 
1 -31.0807291666667 -12.9036458333333 -0.01 1 0 0 
1 -32.4008246527778 -12.2398003472222 -0.01 0.19525287227336396 -0.98075293314320589 0 
1 -31.360243055555596 -11.5759548611111 -0.01 -1 0 0 
1 -30.4396701388889 -10.37890625 -0.01 0.20613564561898895 -0.97852342619134181 0 
1 -30.1267361111111 -9.1818576388888893 -0.01 -1 0 0 
7 0 0  2 3 2  -28.587890625 -10.4548611111111 -0.01  -29.1059027777778 -9.9322916666666714 -0.01  -29.5616319444445 -9.1818576388888893 -0.01 
 0 3 1 3
7 0 0  2 3 2  -27.5533854166667 -11.2994791666667 -0.01  -28.0698784722222 -10.9774305555556 -0.01  -28.587890625 -10.4548611111111 -0.01 
 0 3 1 3
7 0 0  2 3 2  -26.5431857638889 -11.7643229166667 -0.01  -27.0368923611111 -11.6215277777778 -0.01  -27.5533854166667 -11.2994791666667 -0.01 
 0 3 1 3
7 0 0  2 3 2  -25.6302083333333 -11.9071180555556 -0.01  -26.049479166666703 -11.9071180555556 -0.01  -26.5431857638889 -11.7643229166667 -0.01 
 0 3 1 3
1 -25.525390625 -12.4053819444444 -0.01 -0.20586011755860698 0.97858142839456985 0 
1 -26.1710069444444 -12.9036458333333 -0.01 1 0 0 
1 -26.3381076388889 -15.5954861111111 -0.01 -0.21178846700489706 0.9773155300330163 0 
2 -35.300788098431298 -20.3684554378037 -0.01 0 0 1 1 0 -0 -0 1 0 9.7702953927920699
2 -34.113839643284706 -20.175089209222001 -0.0100000000000005 -6.0549383687564401e-17 -9.1198460354741894e-18 1 0.99236099801385502 0.12336794405738299 6.121194348083157e-17 -0.12336794405738299 0.99236099801385502 1.5803265340194027e-18 8.5678572300151092
2 -33.884759232048204 -20.154605657797998 -0.01 0 0 1 1 0 -0 -0 1 0 8.3379804285436805
2 -30.8445890816446 -19.944712076116101 -0.01 0 0 1 1 0 -0 -0 1 0 5.2904974315274194
7 0 0  2 3 2  -25.7486979166666 -20.9259982638889 -0.01  -25.5542534722222 -20.4991319444444 -0.01  -25.5542534722222 -19.921875 -0.01 
 0 3 1 3
2 -27.526263384856399 -20.139427789176203 -0.01 0 0 1 1 0 -0 -0 1 0 1.9431865400585702
2 -27.717970373745402 -19.862180360040899 -0.01 0 0 1 1 0 -0 -0 1 0 2.2793105812551402
2 -28.047881484577299 -18.7547150383012 -0.01 0 0 1 1 0 -0 -0 1 0 3.43617502426277
2 -28.119600552731999 -17.514925333601198 -0.01 0 0 1 1 0 -0 -0 1 0 4.6759806445105001
2 -28.048386463953999 -17.304833330475898 -0.01 0 0 1 1 0 -0 -0 1 0 4.8955386708139503
2 -28.123232163703499 -17.486953635624602 -0.01 0 0 1 1 0 -0 -0 1 0 4.6982356599119504
2 -25.794092665126797 -14.138266024441799 -0.01 0 0 1 1 0 -0 -0 1 0 8.7770366455705897
1 -31.2463107638889 -20.4626736111111 -0.01 -0.51604366675018887 -0.85656227678261665 0 
2 -28.764798099148297 -16.606742002859701 -0.01 0 0 1 1 0 -0 -0 1 0 4.1530290900155205
1 34.3733436696862 -24.2531409182508 -0.01 0.95105651629515375 -0.30901699437494695 0 
1 34.539854933458699 -25.358705931733503 -0.01 -0.30901699437494906 -0.95105651629515309 0 
1 33.7553096809362 -26.1552539508412 -0.01 -0.95105651629515375 0.30901699437494695 0 
1 33.588798417163595 -25.0496889373585 -0.01 0.30901699437494906 0.95105651629515309 0 
1 44.8229166666667 -1.2994791666666599 -0.01 0 -1 0 
1 44.8723958333333 -0.59895833333333104 -0.01 -1 0 0 
2 44.950144783219301 6.6436731808747105 -0.01 0 0 1 1 0 -0 -0 1 0 7.2423834329776593
7 0 0  2 3 2  46.8411458333333 -0.226562499999997 -0.01  46.46875 -0.453125 -0.01  45.9713541666667 -0.52604166666666408 -0.01 
 0 3 1 3
7 0 0  2 3 2  47.4348958333333 0.44791666666666996 -0.01  47.2135416666667 2.6020852139652099e-15 -0.01  46.8411458333333 -0.226562499999997 -0.01 
 0 3 1 3
7 0 0  2 3 2  47.65625 1.6302083333333302 -0.01  47.65625 0.89583333333333603 -0.01  47.4348958333333 0.44791666666666996 -0.01 
 0 3 1 3
1 47.65625 5.1458333333333401 -0.01 0 -1 0 
2 37.607419090279102 8.7067807202297196 -0.01 0 0 1 1 0 -0 -0 1 0 10.048261018818
7 0 0  2 3 2  46.7760416666667 12.4375 -0.01  47.25 11.6875 -0.01  47.453125 10.7109375 -0.01 
 0 3 1 3
2 43.829392311855798 10.590955444002299 -0.01 0 0 1 1 0 -0 -0 1 0 3.4771794926420099
7 0 0  2 3 2  43.6197916666667 14.0625 -0.01  44.7552083333334 14.0625 -0.01  45.5286458333333 13.625 -0.01 
 0 3 1 3
7 0 0  2 3 2  41.9088541666667 13.7630208333333 -0.01  42.609375 14.0625 -0.01  43.6197916666667 14.0625 -0.01 
 0 3 1 3
7 0 0  2 3 2  40.7786458333333 12.8776041666667 -0.01  41.2083333333333 13.4635416666667 -0.01  41.9088541666667 13.7630208333333 -0.01 
 0 3 1 3
7 0 0  2 3 2  40.1536458333333 11.4453125 -0.01  40.3489583333334 12.2916666666667 -0.01  40.7786458333333 12.8776041666667 -0.01 
 0 3 1 3
7 0 0  2 3 2  39.9583333333334 9.5052083333333304 -0.01  39.9583333333334 10.5989583333333 -0.01  40.1536458333333 11.4453125 -0.01 
 0 3 1 3
1 39.9583333333334 3.7526041666666701 -0.01 0 1 0 
1 37.0520833333333 -2 -0.01 1 0 0 
1 34.1458333333333 -1.2994791666666599 -0.01 0 -1 0 
1 34.203125 -0.59895833333333104 -0.01 -1 0 0 
2 34.301598782259099 5.4865545066731203 -0.01 0 0 1 1 0 -0 -0 1 0 6.0851306894471096
7 0 0  2 3 2  36.0989583333333 -0.18489583333333098 -0.01  35.7552083333334 -0.4375 -0.01  35.2838541666667 -0.51822916666666397 -0.01 
 0 3 1 3
7 0 0  2 3 2  36.6276041666667 0.5390625 -0.01  36.4427083333334 0.06770833333333591 -0.01  36.0989583333333 -0.18489583333333098 -0.01 
 0 3 1 3
7 0 0  2 3 2  36.8125 1.7916666666666698 -0.01  36.8125 1.0104166666666701 -0.01  36.6276041666667 0.5390625 -0.01 
 0 3 1 3
1 36.8125 5.7317708333333393 -0.01 0 -1 0 
7 0 0  2 3 2  37.1953125 12.6171875 -0.01  36.8125 11.3802083333333 -0.01  36.8125 9.671875 -0.01 
 0 3 1 3
7 0 0  2 3 2  38.3020833333333 14.6432291666667 -0.01  37.578125 13.8541666666667 -0.01  37.1953125 12.6171875 -0.01 
 0 3 1 3
2 41.568911580884802 11.642316435051601 -0.01 0 0 1 1 0 -0 -0 1 0 4.4363113736182793
7 0 0  2 3 2  42.4114583333334 16.1979166666666 -0.01  41.09375 16.1979166666666 -0.01  40.0598958333334 15.8151041666666 -0.01 
 0 3 1 3
2 42.4507997024117 7.04161278647529 -0.01 0 0 1 1 0 -0 -0 1 0 9.1559051238743585
2 43.1759919055635 11.509701768752601 -0.01 0 0 1 1 0 -0 -0 1 0 4.6287013378711395
7 0 0  2 3 2  46.5234375 14.6927083333333 -0.01  45.9479166666667 15.2864583333333 -0.01  45.3046875 15.6197916666666 -0.01 
 0 3 1 3
7 0 0  2 3 2  47.6197916666667 13.171875 -0.01  47.0989583333333 14.0989583333333 -0.01  46.5234375 14.6927083333333 -0.01 
 0 3 1 3
1 47.703125 13.171875 -0.01 -1 0 0 
1 48.0052083333333 14.5208333333333 -0.01 -0.16007115855366302 -0.98710547774758506 0 
1 50.9166666666667 15.869791666666698 -0.01 -1 0 0 
1 53.609375 15.171875 -0.01 0 1 0 
1 53.5625 14.4739583333333 -0.01 1 0 0 
2 53.483864751258899 8.1321479974927708 -0.01 0 0 1 1 0 -0 -0 1 0 6.3414987011109405
7 0 0  2 3 2  51.59375 14.0651041666667 -0.01  51.96875 14.307291666666702 -0.01  52.463541666666707 14.390625 -0.01 
 0 3 1 3
7 0 0  2 3 2  51 13.375 -0.01  51.21875 13.8229166666667 -0.01  51.59375 14.0651041666667 -0.01 
 0 3 1 3
7 0 0  2 3 2  50.78125 12.1927083333333 -0.01  50.78125 12.927083333333298 -0.01  51 13.375 -0.01 
 0 3 1 3
1 50.78125 6.9921875 -0.01 0 1 0 
7 0 0  2 3 2  51 0.5390625 -0.01  50.78125 1.0104166666666701 -0.01  50.78125 1.7916666666666698 -0.01 
 0 3 1 3
7 0 0  2 3 2  51.5859375 -0.18489583333333098 -0.01  51.21875 0.06770833333333591 -0.01  51 0.5390625 -0.01 
 0 3 1 3
7 0 0  2 3 2  52.4479166666667 -0.51822916666666397 -0.01  51.953125 -0.4375 -0.01  51.5859375 -0.18489583333333098 -0.01 
 0 3 1 3
2 53.475543009169996 6.0527262587360795 -0.01 0 0 1 1 0 -0 -0 1 0 6.6513224415804295
1 53.6536458333333 -0.59895833333333104 -0.01 -1 0 0 
1 53.7916666666667 -1.2994791666666599 -0.01 0 1 0 
1 49.3072916666667 -2 -0.01 1 0 0 
7 0 0  2 3 2  -20.5230034722222 -22.19140625 -0.01  -19.66015625 -22.19140625 -0.01  -19.1375868055555 -21.7964409722222 -0.01 
 0 3 1 3
2 -20.5569177232199 -18.0595209794214 -0.01 0 0 1 1 0 -0 -0 1 0 4.1314309514018204
2 -20.3789837004798 -17.3649087083304 -0.01 0 0 1 1 0 -0 -0 1 0 4.8474097951357793
2 -20.287869262327298 -17.1579108360303 -0.01 0 0 1 1 0 -0 -0 1 0 5.0729259201114196
2 -18.2362807752002 -13.9984935020669 -0.01 0 0 1 1 0 -0 -0 1 0 8.839476700830291
1 -23.3773871527778 -20.6419270833334 -0.01 -0.48244405108799199 -0.87592678779097 0 
2 -18.7708197050023 -12.484587890943999 -0.01 0 0 1 1 0 -0 -0 1 0 8.9240255330602913
2 -22.0820404572993 -19.439154010454597 -0.01 0 0 1 1 0 -0 -0 1 0 1.2210418435358501
2 -22.066481134487702 -20.058848579284998 -0.01 0 0 1 1 0 -0 -0 1 0 0.60091358116745708
7 0 0  2 3 2  -21.3980034722222 -19.703125 -0.01  -21.3980034722222 -20.1861979166666 -0.01  -21.587890625 -20.4231770833334 -0.01 
 0 3 1 3
2 -25.052001744538298 -19.768573204114102 -0.01 0 0 1 1 0 -0 -0 1 0 3.6551213706665697
2 -37.642146921747297 -21.447347213795197 -0.01 0 0 1 1 0 -0 -0 1 0 16.356887240926902
2 -34.791406501993002 -20.925131885804802 -0.01 0 0 1 1 0 -0 -0 1 0 13.458846218305299
2 -73.631707324836611 -29.327738254740101 -0.01 0 0 1 1 0 -0 -0 1 0 53.197558165083201
1 -22.3702256944445 -14.6278211805556 -0.01 0.20675116753119802 -0.9783935581985842 0 
1 -22.4932725694445 -11.5941840277778 -0.01 -1 0 0 
1 -21.4633246527778 -11.8266059027778 -0.01 -0.91055145033050566 0.41339576231622482 0 
2 -19.140902526302803 -15.358342408807699 -0.01 0 0 1 1 0 -0 -0 1 0 3.76403353242948
2 -17.998058026301401 -18.352889174179801 -0.01 0 0 1 1 0 -0 -0 1 0 6.9696291509305297
2 -17.761831918451698 -19.240278251359701 -0.01 0 0 1 1 0 -0 -0 1 0 7.8881468795694296
2 -18.1974201300525 -16.325741999167601 -0.01 0 0 1 1 0 -0 -0 1 0 4.9413257991186006
7 0 0  2 3 2  -16.3849826388889 -11.7126736111111 -0.01  -17.2204861111111 -11.3845486111111 -0.01  -18.2078993055555 -11.3845486111111 -0.01 
 0 3 1 3
2 -18.450927255854701 -17.0255712933557 -0.01 0 0 1 1 0 -0 -0 1 0 5.7000617444723902
2 -18.894529672336102 -17.544960127804401 -0.01 0 0 1 1 0 -0 -0 1 0 6.3828478089783705
2 -20.684090448583099 -18.847919814025698 -0.01 0 0 1 1 0 -0 -0 1 0 8.5964211889279802
2 -20.626134483012201 -18.8357483914575 -0.01 0 0 1 1 0 -0 -0 1 0 8.5380322805173705
2 -19.778156593142601 -18.693016664207299 -0.01 0 0 1 1 0 -0 -0 1 0 7.6780107082104196
7 0 0  2 3 2  -12.27734375 -20.0494791666667 -0.01  -12.1011284722222 -19.3993055555555 -0.01  -12.1011284722222 -18.6397569444444 -0.01 
 0 3 1 3
7 0 0  2 3 2  -12.7999131944444 -21.1736111111111 -0.01  -12.4535590277778 -20.6996527777778 -0.01  -12.27734375 -20.0494791666667 -0.01 
 0 3 1 3
2 -14.804172888419899 -19.717507773033198 -0.01 0 0 1 1 0 -0 -0 1 0 2.4772503281251401
7 0 0  2 3 2  -14.8841145833333 -22.19140625 -0.01  -14.19140625 -22.19140625 -0.01  -13.6688368055556 -21.9194878472223 -0.01 
 0 3 1 3
7 0 0  2 3 2  -16.1312934027778 -22.0060763888889 -0.01  -15.5950520833333 -22.19140625 -0.01  -14.8841145833333 -22.19140625 -0.01 
 0 3 1 3
2 -15.104823903181799 -19.017210161401302 -0.01 0 0 1 1 0 -0 -0 1 0 3.1601112792118102
7 0 0  2 3 2  -17.8980034722222 -20.5796440972223 -0.01  -17.5425347222222 -21.1067708333334 -0.01  -17.1050347222222 -21.4637586805555 -0.01 
 0 3 1 3
2 -6.2794971120707093 -12.8448121302498 -0.01 0 0 1 1 0 -0 -0 1 0 13.9582673062702
1 -18.6818576388889 -19.378038194444397 -0.01 1 0 0 
2 -25.668149471750098 -20.812075881472499 -0.01 0 0 1 1 0 -0 -0 1 0 7.0661200440509999
2 -24.614262018916598 -20.634725645412502 -0.01 0 0 1 1 0 -0 -0 1 0 5.9991971763878702
7 0 0  2 3 2  -19.1375868055555 -21.7964409722222 -0.01  -18.6150173611111 -21.4014756944444 -0.01  -18.6150173611111 -20.6419270833334 -0.01 
 0 3 1 3
7 0 0  2 3 2  -15.0542534722222 -18.6579861111111 -0.01  -15.0542534722222 -19.2170138888889 -0.01  -15.134765625 -19.5967881944444 -0.01 
 0 3 1 3
2 -23.412171037990799 -18.7357684030471 -0.01 0 0 1 1 0 -0 -0 1 0 8.3590425549710901
2 -25.084698007088001 -18.938297474974501 -0.01 0 0 1 1 0 -0 -0 1 0 10.0439939877882
2 -24.3035367425495 -18.680540654582199 -0.01 0 0 1 1 0 -0 -0 1 0 9.2221308240368192
2 -21.231882410005401 -17.2299349174566 -0.01 0 0 1 1 0 -0 -0 1 0 5.8247584560970598
7 0 0  2 3 2  -17.4422743055556 -12.9233940972222 -0.01  -16.9713541666667 -13.2165798611111 -0.01  -16.5915798611111 -13.7102864583333 -0.01 
 0 3 1 3
2 -18.462492185846301 -14.5556108783843 -0.01 0 0 1 1 0 -0 -0 1 0 1.9249139930104699
2 -18.494674342372601 -14.577291061734099 -0.01 0 0 1 1 0 -0 -0 1 0 1.94679789280751
7 0 0  2 3 2  -19.7269965277778 -13.1710069444444 -0.01  -19.5355902777778 -12.89453125 -0.01  -19.1983506944444 -12.7623697916667 -0.01 
 0 3 1 3
1 -19.3851996527778 -14.7842881944444 -0.01 -0.2072637906618329 0.97828509192386648 0 
2 -10.899923481937499 -14.6957167217235 -0.01 0 0 1 1 0 -0 -0 1 0 8.319638917087179
2 -10.863680537602001 -14.7630377811054 -0.01 0 0 1 1 0 -0 -0 1 0 8.3266279278733109
7 0 0  2 3 2  -16.9926215277778 -20.2712673611111 -0.01  -17.4483506944444 -19.9006076388889 -0.01  -17.8463541666667 -19.2975260416666 -0.01 
 0 3 1 3
7 0 0  2 3 2  -16.1085069444444 -20.6419270833334 -0.01  -16.5368923611111 -20.6419270833334 -0.01  -16.9926215277778 -20.2712673611111 -0.01 
 0 3 1 3
2 -16.100075613220103 -19.734468025631202 -0.01 0 0 1 1 0 -0 -0 1 0 0.90724804301707895
7 0 0  2 3 2  -15.353515625 -20.208984375 -0.01  -15.4917534722222 -20.44140625 -0.01  -15.6861979166667 -20.5416666666666 -0.01 
 0 3 1 3
7 0 0  2 3 2  -15.134765625 -19.5967881944444 -0.01  -15.2152777777778 -19.9765625 -0.01  -15.353515625 -20.208984375 -0.01 
 0 3 1 3
1 32.224580105455601 -23.378623966374498 -0.01 0.79863551004729383 -0.60181502315204694 0 
1 32.022082837327204 -24.478166987997799 -0.01 -0.60181502315204805 -0.79863551004729305 0 
1 31.020950059151598 -24.9758949864691 -0.01 -0.79863551004729227 0.60181502315204916 0 
1 31.223447327279899 -23.8763519648457 -0.01 0.60181502315204805 0.79863551004729305 0 
1 66.3229166666667 -1.2994791666666599 -0.01 0 -1 0 
1 66.3723958333334 -0.59895833333333104 -0.01 -1 0 0 
2 66.450144782418207 6.6436731924490102 -0.01 0 0 1 1 0 -0 -0 1 0 7.2423834445683699
7 0 0  2 3 2  68.3411458333333 -0.226562499999997 -0.01  67.96875 -0.453125 -0.01  67.4713541666667 -0.52604166666666408 -0.01 
 0 3 1 3
7 0 0  2 3 2  68.9348958333333 0.44791666666666996 -0.01  68.7135416666667 2.6020852139652099e-15 -0.01  68.3411458333333 -0.226562499999997 -0.01 
 0 3 1 3
7 0 0  2 3 2  69.15625 1.6302083333333302 -0.01  69.15625 0.89583333333333603 -0.01  68.9348958333333 0.44791666666666996 -0.01 
 0 3 1 3
1 69.15625 5.1458333333333401 -0.01 0 -1 0 
2 59.107419090280295 8.7067807202298688 -0.01 0 0 1 1 0 -0 -0 1 0 10.048261018816801
7 0 0  2 3 2  68.2760416666667 12.4375 -0.01  68.75 11.6875 -0.01  68.953125 10.7109375 -0.01 
 0 3 1 3
2 65.329392311855699 10.5909554440021 -0.01 0 0 1 1 0 -0 -0 1 0 3.4771794926421902
7 0 0  2 3 2  65.1197916666667 14.0625 -0.01  66.2552083333333 14.0625 -0.01  67.0286458333333 13.625 -0.01 
 0 3 1 3
7 0 0  2 3 2  63.408854166666693 13.7630208333333 -0.01  64.109375 14.0625 -0.01  65.1197916666667 14.0625 -0.01 
 0 3 1 3
7 0 0  2 3 2  62.2786458333333 12.8776041666667 -0.01  62.708333333333293 13.4635416666667 -0.01  63.408854166666693 13.7630208333333 -0.01 
 0 3 1 3
7 0 0  2 3 2  61.6536458333333 11.4453125 -0.01  61.8489583333333 12.2916666666667 -0.01  62.2786458333333 12.8776041666667 -0.01 
 0 3 1 3
7 0 0  2 3 2  61.4583333333333 9.5052083333333304 -0.01  61.4583333333333 10.5989583333333 -0.01  61.6536458333333 11.4453125 -0.01 
 0 3 1 3
1 61.4583333333333 3.7526041666666701 -0.01 0 1 0 
1 58.5520833333333 -2 -0.01 1 0 0 
1 55.6458333333333 -1.2994791666666599 -0.01 0 -1 0 
1 55.703125 -0.59895833333333104 -0.01 -1 0 0 
2 55.801598782259099 5.4865545066732802 -0.01 0 0 1 1 0 -0 -0 1 0 6.0851306894472597
7 0 0  2 3 2  57.5989583333333 -0.18489583333333098 -0.01  57.2552083333333 -0.4375 -0.01  56.7838541666667 -0.51822916666666397 -0.01 
 0 3 1 3
7 0 0  2 3 2  58.1276041666667 0.5390625 -0.01  57.9427083333333 0.06770833333333591 -0.01  57.5989583333333 -0.18489583333333098 -0.01 
 0 3 1 3
7 0 0  2 3 2  58.3125 1.7916666666666698 -0.01  58.3125 1.0104166666666701 -0.01  58.1276041666667 0.5390625 -0.01 
 0 3 1 3
1 58.3125 5.7317708333333393 -0.01 0 -1 0 
7 0 0  2 3 2  58.6953125 12.6171875 -0.01  58.3125 11.3802083333333 -0.01  58.3125 9.671875 -0.01 
 0 3 1 3
7 0 0  2 3 2  59.8020833333333 14.6432291666667 -0.01  59.078125 13.8541666666667 -0.01  58.6953125 12.6171875 -0.01 
 0 3 1 3
2 63.068911580885 11.6423164350512 -0.01 0 0 1 1 0 -0 -0 1 0 4.4363113736187003
7 0 0  2 3 2  63.911458333333293 16.1979166666666 -0.01  62.59375 16.1979166666666 -0.01  61.5598958333333 15.8151041666666 -0.01 
 0 3 1 3
2 63.950799702411601 7.0416127864748299 -0.01 0 0 1 1 0 -0 -0 1 0 9.1559051238748204
2 64.675991907406697 11.5097017735834 -0.01 0 0 1 1 0 -0 -0 1 0 4.62870133272272
7 0 0  2 3 2  68.0234375 14.6927083333333 -0.01  67.4479166666667 15.2864583333333 -0.01  66.8046875 15.6197916666666 -0.01 
 0 3 1 3
7 0 0  2 3 2  69.1197916666667 13.171875 -0.01  68.598958333333286 14.0989583333333 -0.01  68.0234375 14.6927083333333 -0.01 
 0 3 1 3
1 69.203125 13.171875 -0.01 -1 0 0 
1 69.5052083333333 14.5208333333333 -0.01 -0.16007115855366497 -0.98710547774758473 0 
1 72.4166666666667 15.869791666666698 -0.01 -1 0 0 
1 75.109375 15.171875 -0.01 0 1 0 
1 75.0625 14.4739583333333 -0.01 1 0 0 
2 74.983864751258992 8.1321479974925488 -0.01 0 0 1 1 0 -0 -0 1 0 6.3414987011111599
7 0 0  2 3 2  73.09375 14.0651041666667 -0.01  73.46875 14.307291666666702 -0.01  73.9635416666667 14.390625 -0.01 
 0 3 1 3
7 0 0  2 3 2  72.5 13.375 -0.01  72.71875 13.8229166666667 -0.01  73.09375 14.0651041666667 -0.01 
 0 3 1 3
7 0 0  2 3 2  72.28125 12.1927083333333 -0.01  72.28125 12.927083333333298 -0.01  72.5 13.375 -0.01 
 0 3 1 3
1 72.28125 6.9921875 -0.01 0 1 0 
7 0 0  2 3 2  72.5 0.5390625 -0.01  72.28125 1.0104166666666701 -0.01  72.28125 1.7916666666666698 -0.01 
 0 3 1 3
7 0 0  2 3 2  73.0859375 -0.18489583333333098 -0.01  72.71875 0.06770833333333591 -0.01  72.5 0.5390625 -0.01 
 0 3 1 3
7 0 0  2 3 2  73.9479166666667 -0.51822916666666397 -0.01  73.453125 -0.4375 -0.01  73.0859375 -0.18489583333333098 -0.01 
 0 3 1 3
2 74.975543009170011 6.0527262587360795 -0.01 0 0 1 1 0 -0 -0 1 0 6.6513224415804295
1 75.1536458333333 -0.59895833333333104 -0.01 -1 0 0 
1 75.2916666666667 -1.2994791666666599 -0.01 0 1 0 
1 70.8072916666667 -2 -0.01 1 0 0 
7 0 0  2 3 2  -8.0299479166666607 -22.1336805555555 -0.01  -6.91796875 -22.1336805555555 -0.01  -6.3194444444444402 -21.6019965277778 -0.01 
 0 3 1 3
2 -8.0704379550577094 -18.1719342135559 -0.01 0 0 1 1 0 -0 -0 1 0 3.96120329848904
2 -8.1044907171040297 -18.359729293675599 -0.01 0 0 1 1 0 -0 -0 1 0 3.76945753170346
2 -8.0946006392306309 -18.366354999850397 -0.01 0 0 1 1 0 -0 -0 1 0 3.7673247071578797
2 -6.4720103643058398 -16.389256894622999 -0.01 0 0 1 1 0 -0 -0 1 0 6.3245529629574007
1 -10.7779947916667 -20.4611545138889 -0.01 -0.5727084387922069 -0.81975913787904375 0 
2 -7.77188177015368 -15.895940945063002 -0.01 0 0 1 1 0 -0 -0 1 0 5.0597032145715799
2 -9.4162707911380004 -19.249754587024498 -0.01 0 0 1 1 0 -0 -0 1 0 1.3248955738227801
7 0 0  2 3 2  -8.8943142361111107 -20.3517795138889 -0.01  -9.0750868055555589 -20.5750868055555 -0.01  -9.3971354166666714 -20.5750868055555 -0.01 
 0 3 1 3
7 0 0  2 3 2  -8.7135416666666696 -19.703125 -0.01  -8.7135416666666696 -20.1284722222222 -0.01  -8.8943142361111107 -20.3517795138889 -0.01 
 0 3 1 3
2 -14.1629811269708 -19.740567407253497 -0.01 0 0 1 1 0 -0 -0 1 0 5.4499921302049303
2 -23.793719184032099 -21.321183237378801 -0.01 0 0 1 1 0 -0 -0 1 0 15.2101205727406
1 -9.2102864583333286 -16.8016493055555 -0.01 0.21011473682110299 -0.97767673459615401 0 
2 -27.753641598926798 -19.228633001073298 -0.01 0 0 1 1 0 -0 -0 1 0 18.645079011693401
2 5.8257491707189697 -11.8499977353004 -0.010000000000001001 6.0043249289531498e-17 1.20086498579074e-17 1 -0.98403384241819869 -0.17798145121241093 6.1221906238463527e-17 0.17798145121241093 -0.98403384241819869 1.1303332178719966e-18 15.735403237307901
2 3.1760355254860699 -12.324676907847399 -0.01 0 0 1 1 0 -0 -0 1 0 13.043496910648299
2 -5.86415384153785 -13.537632367906701 -0.01 0 0 1 1 0 -0 -0 1 0 3.9221431293403799
2 -6.5425739928848099 -13.5421186388139 -0.01 0 0 1 1 0 -0 -0 1 0 3.2431662066902698
2 -7.8809797484000601 -13.179937793822099 -0.01 0 0 1 1 0 -0 -0 1 0 1.8559403705431499
2 -7.9455243095959602 -13.1607211540429 -0.01 0 0 1 1 0 -0 -0 1 0 1.7947126000665301
7 0 0  2 3 2  -7.6410590277777795 -11.3268229166667 -0.01  -8.2395833333333304 -11.3268229166667 -0.01  -8.6467013888888893 -11.5075954861111 -0.01 
 0 3 1 3
7 0 0  2 3 2  -6.4911024305555607 -11.4741753472222 -0.01  -7.0121527777777697 -11.3268229166667 -0.01  -7.6410590277777795 -11.3268229166667 -0.01 
 0 3 1 3
2 -7.4426867498286899 -14.8696396591595 -0.01 0 0 1 1 0 -0 -0 1 0 3.5261338751031999
2 -7.7557575871479996 -15.2984240374675 -0.01 0 0 1 1 0 -0 -0 1 0 4.0568163100279806
2 -10.4948177763863 -17.667337858188599 -0.01 0 0 1 1 0 -0 -0 1 0 7.6794824773963093
1 -3.8904079861111103 -13.6540798611111 -0.01 -1 0 0 
1 -3.8342013888888902 -13.578125 -0.01 0 -1 0 
2 -0.92546674434517906 -13.481485939644401 -0.01 0 0 1 1 0 -0 -0 1 0 2.9083932890219599
2 -1.9893581250472001 -13.1823410414438 -0.01 0 0 1 1 0 -0 -0 1 0 1.8025803855626599
7 0 0  2 3 2  -2.7115885416666701 -11.5562065972222 -0.01  -3.1202256944444398 -11.7278645833333 -0.01  -3.3678385416666599 -12.0210503472222 -0.01 
 0 3 1 3
7 0 0  2 3 2  -1.6953125 -11.3845486111111 -0.01  -2.30295138888888 -11.3845486111111 -0.01  -2.7115885416666701 -11.5562065972222 -0.01 
 0 3 1 3
2 -1.65757610845508 -16.033228923591302 -0.01 0 0 1 1 0 -0 -0 1 0 4.6481845429802497
2 -1.41450239652981 -14.8443830165207 -0.01 0 0 1 1 0 -0 -0 1 0 3.4345854072786599
2 -1.76003913733466 -15.378082302767199 -0.01 0 0 1 1 0 -0 -0 1 0 4.0706498244254901
7 0 0  2 3 2  1.9596354166666698 -13.5598958333333 -0.01  1.5798611111111101 -12.9704861111111 -0.01  1.17578125 -12.5572916666667 -0.01 
 0 3 1 3
1 2.0310329861111103 -13.5598958333333 -0.01 -1 0 0 
1 1.91710069444445 -12.5679253472222 -0.01 0.18365227451868102 -0.98299127262866126 0 
1 3.9861111111111103 -11.5759548611111 -0.01 -1 0 0 
1 6.3255208333333401 -12.0924479166667 -0.01 -0.16251626021287699 0.98670586557819773 0 
1 6.2358940972222303 -12.6089409722222 -0.01 1 0 0 
2 6.0210104493754599 -15.9207853125749 -0.01 0 0 1 1 0 -0 -0 1 0 3.3116337762294301
7 0 0  2 3 2  5.2727864583333401 -12.7517361111111 -0.01  5.3958333333333401 -12.6666666666667 -0.01  5.5902777777777803 -12.6378038194444 -0.01 
 0 3 1 3
2 5.5590644926864003 -13.1480035139266 -0.01 0 0 1 1 0 -0 -0 1 0 0.48941673235025801
7 0 0  2 3 2  5.03428819444445 -13.426215277777802 -0.01  5.03428819444445 -13.1618923611111 -0.01  5.0920138888888902 -12.9993489583333 -0.01 
 0 3 1 3
2 6.4221646862613397 -13.3832952486212 -0.01 0 0 1 1 0 -0 -0 1 0 1.3887449236973701
2 8.6605283242049893 -13.138760266315801 -0.01 0 0 1 1 0 -0 -0 1 0 3.6406048154046
2 20.134003100879298 -11.235095482076 -0.01 0 0 1 1 0 -0 -0 1 0 15.270980471600801
2 12.6516403526812 -12.623160871332599 -0.01 0 0 1 1 0 -0 -0 1 0 7.6609637746863095
1 5.9837239583333304 -18.130859375 -0.01 -0.20630089452734399 0.978488600300084 0 
1 5.3426649305555598 -22 -0.01 1 0 0 
1 3.3404947916666701 -19.5603298611111 -0.01 0.21815277252992898 -0.9759146314291558 0 
2 -3.4419403637374897 -18.497979740930401 -0.01 0 0 1 1 0 -0 -0 1 0 6.3879226015978396
2 -6.2858706845631502 -19.4682034379214 -0.01 0 0 1 1 0 -0 -0 1 0 9.3930685355270693
2 -5.7515842826959203 -19.1968122890666 -0.01 0 0 1 1 0 -0 -0 1 0 8.7941520851584993
2 -3.09537952602961 -17.500855809232 -0.01 0 0 1 1 0 -0 -0 1 0 5.6425957186144506
7 0 0  2 3 2  0.53927951388889295 -13.2545572916667 -0.01  0.85677083333334003 -13.4535590277778 -0.01  1.15147569444445 -13.786241319444398 -0.01 
 0 3 1 3
7 0 0  2 3 2  -0.10026041666666401 -13.0555555555555 -0.01  0.221788194444447 -13.0555555555555 -0.01  0.53927951388889295 -13.2545572916667 -0.01 
 0 3 1 3
7 0 0  2 3 2  -0.44813368055555303 -13.1558159722222 -0.01  -0.31901041666666102 -13.0555555555555 -0.01  -0.10026041666666401 -13.0555555555555 -0.01 
 0 3 1 3
2 -0.088472386573526102 -13.6199473218346 -0.01 0 0 1 1 0 -0 -0 1 0 0.58721243590376204
2 0.61298035397587791 -13.8838554592229 -0.01 0 0 1 1 0 -0 -0 1 0 1.3370997344373001
2 2.8321973142313102 -14.1349439233614 -0.01 0 0 1 1 0 -0 -0 1 0 3.5705365915213303
2 3.7043059391196298 -14.081888239263598 -0.01 0 0 1 1 0 -0 -0 1 0 4.4432031626635702
2 11.0571102131017 -13.200326050129499 -0.010000000000000701 -6.0544782142767194e-17 -9.1503449082264408e-18 -1 -0.98459755247296832 -0.17483609371134007 6.1212054872643423e-17 -0.17483609371134007 0.98459755247296832 1.5760060035222727e-18 11.8487682301375
2 64.499216057081796 -3.7157413339721099 -0.010000000000018701 -2.7869366747141999e-16 -5.0751031647005102e-17 -1 -0.98301031777838233 -0.18355030684050605 2.8327411805518341e-16 -0.18355030684050605 0.98301031777838233 1.2655204319818745e-18 66.125982782820799
2 29.668960524951501 -10.259069038343901 -0.01 0 0 1 1 0 -0 -0 1 0 30.686427405863597
1 -0.26888020833333004 -16.982421875 -0.01 -0.212066569555072 0.97725522258883002 0 
2 -19.6554377065032 -22.0157953185713 -0.01 0 0 1 1 0 -0 -0 1 0 20.013514941808499
2 -47.138545582664996 -27.229624203990099 -0.01 0 0 1 1 0 -0 -0 1 0 47.986915538963494
1 0.249131944444447 -19.6545138888889 -0.01 -0.16766067411927801 0.98584476382129715 0 
2 -42.795403542033903 -27.4700038013426 -0.01 0 0 1 1 0 -0 -0 1 0 43.745543249884498
2 -20.981819908083299 -24.205010915817901 -0.01 0 0 1 1 0 -0 -0 1 0 21.688830429858701
2 -3.73559621782602 -22.174972787651697 -0.01 0 0 1 1 0 -0 -0 1 0 4.32327523252438
1 -0.92664930555555103 -22 -0.01 1 0 0 
2 -7.7555541160149302 -22.237413877569001 -0.01 0 0 1 1 0 -0 -0 1 0 5.3248290454035292
2 -28.074826883355101 -24.1626901158895 -0.01 0 0 1 1 0 -0 -0 1 0 25.735263668558503
2 -55.770205236607502 -27.4667695041225 -0.01 0 0 1 1 0 -0 -0 1 0 53.627135364953496
2 -86.530156913187994 -31.561926296435601 -0.010000000000005199 6.0645885173983998e-17 8.4543520223958295e-18 -1 0.98973781090744983 0.14289529614416696 6.1231612768590773e-17 0.14289529614416696 -0.98973781090744983 2.9841985857456844e-19 84.658486925416994
2 -168.13074095611299 -43.331835142536399 -0.01 0 0 1 1 0 -0 -0 1 0 167.10352538772699
2 -14.937021698075899 -20.452076114854798 -0.01 0 0 1 1 0 -0 -0 1 0 12.210587466743601
1 -3.0169270833333401 -17.7662760416667 -0.01 0.18274360677878301 -0.98316060446983011 0 
2 -9.4692646356976393 -18.553405904426199 -0.01 0 0 1 1 0 -0 -0 1 0 6.4881929589496297
2 -12.781087728668201 -19.582181503550999 -0.01 0 0 1 1 0 -0 -0 1 0 9.9564323701334096
7 0 0  2 5 3  -4.1553993055555498 -14.6003862847222 -0.01  -4.1527864583333303 -14.604989149305599 -0.01  -4.1501736111111098 -14.6095920138889 -0.01  -3.88888888888888 -15.0698784722222 -0.01  -3.6762152777777701 -15.5529513888889 -0.01 
 -0.01 3 0 2 1 3
2 -9.1371226879853396 -17.397611618293499 -0.01 0 0 1 1 0 -0 -0 1 0 5.7128980862802292
7 0 0  2 3 2  -5.3092447916666696 -13.2165798611111 -0.01  -5.00086805555555 -13.4353298611111 -0.01  -4.7061631944444402 -13.7923177083333 -0.01 
 0 3 1 3
7 0 0  2 3 2  -5.93055555555555 -12.9978298611111 -0.01  -5.6176215277777803 -12.9978298611111 -0.01  -5.3092447916666696 -13.2165798611111 -0.01 
 0 3 1 3
7 0 0  2 3 2  -6.3194444444444402 -13.1026475694444 -0.01  -6.1675347222222197 -12.9978298611111 -0.01  -5.93055555555555 -12.9978298611111 -0.01 
 0 3 1 3
2 -5.8962821364813198 -13.722392225199401 -0.01 0 0 1 1 0 -0 -0 1 0 0.75034692319055896
2 -5.5540140761599197 -13.895867796802801 -0.01 0 0 1 1 0 -0 -0 1 0 1.13429879002926
2 -4.2832341318119695 -14.124321176516901 -0.01 0 0 1 1 0 -0 -0 1 0 2.4253036861143698
2 -2.3778558170249999 -14.067066490365301 -0.01 0 0 1 1 0 -0 -0 1 0 4.3310450494759403
2 6.7724731542787699 -12.939050580607301 -0.0100000000000008 -6.0555132490848097e-17 -9.0815959869659701e-18 -1 -0.98534359855711617 -0.17058133773221704 6.1216762951835395e-17 -0.17058133773221704 0.98534359855711617 1.3810830364015937e-18 13.550774932101399
2 4.5638372213455103 -13.333645065479701 -0.01 0 0 1 1 0 -0 -0 1 0 11.3071634377237
2 37.694194550576299 -5.8587564172310103 -0.01 0 0 1 1 0 -0 -0 1 0 45.270214023454699
1 -6.1918402777777795 -17.0538194444444 -0.01 -0.21242964433104203 0.97717636392280127 0 
2 -20.669221157422498 -21.0965101438264 -0.01 0 0 1 1 0 -0 -0 1 0 15.0053692968654
7 0 0  2 3 2  -5.7209201388888804 -20.1284722222222 -0.01  -5.7209201388888804 -19.7213541666666 -0.01  -5.7923177083333304 -19.142578125 -0.01 
 0 3 1 3
7 0 0  2 3 2  -6.3194444444444402 -21.6019965277778 -0.01  -5.7209201388888804 -21.0703125 -0.01  -5.7209201388888804 -20.1284722222222 -0.01 
 0 3 1 3
1 50.1762152777778 -14.6 -0.01 -1 0 0 
1 49.4262152777778 -14.300000000000001 -0.01 0 1 0 
1 50.1762152777778 -14 -0.01 -1 0 0 
1 50.9262152777778 -14.300000000000001 -0.01 0 1 0 
1 13.8489583333333 15.171875 -0.01 0 1 0 
1 13.7994791666667 14.4739583333333 -0.01 1 0 0 
7 0 0  2 3 2  12.9036458333333 14.390625 -0.01  13.2604166666667 14.4739583333333 -0.01  13.75 14.4739583333333 -0.01 
 0 3 1 3
2 13.276304894611801 12.720224347272401 -0.01 0 0 1 1 0 -0 -0 1 0 1.71099507057071
2 13.453202369242002 12.5552090219471 -0.01 0 0 1 1 0 -0 -0 1 0 1.9496074645651
7 0 0  2 3 2  11.375 12.6979166666667 -0.01  11.5677083333333 13.21875 -0.01  11.78125 13.5598958333333 -0.01 
 0 3 1 3
1 8.6979166666666803 5.3489583333333401 -0.01 0.34227767994867092 0.93959884515092673 0 
1 4.4973958333333499 -2 -0.01 1 0 0 
1 0.34635416666667601 4.9348958333333304 -0.01 0.35431546666016195 -0.93512595412884969 0 
7 0 0  2 3 2  -2.8411458333333202 13.1692708333333 -0.01  -2.5885416666666501 12.6666666666667 -0.01  -2.28125 11.8697916666667 -0.01 
 0 3 1 3
7 0 0  2 3 2  -3.3697916666666496 13.966145833333298 -0.01  -3.09375 13.671875 -0.01  -2.8411458333333202 13.1692708333333 -0.01 
 0 3 1 3
7 0 0  2 3 2  -3.9895833333333104 14.3671875 -0.01  -3.6458333333333202 14.260416666666702 -0.01  -3.3697916666666496 13.966145833333298 -0.01 
 0 3 1 3
7 0 0  2 3 2  -4.8177083333333099 14.4739583333333 -0.01  -4.3333333333333197 14.4739583333333 -0.01  -3.9895833333333104 14.3671875 -0.01 
 0 3 1 3
1 -5.0234374999999805 14.4739583333333 -0.01 1 0 0 
1 -5.2291666666666501 15.171875 -0.01 0 -1 0 
1 -1.65625 15.869791666666698 -0.01 -1 0 0 
1 1.9166666666666801 15.171875 -0.01 0 1 0 
1 1.7942708333333399 14.4739583333333 -0.01 1 0 0 
7 0 0  2 3 2  0.0234375000000147 14.0833333333333 -0.01  0.56770833333334703 14.4739583333333 -0.01  1.671875 14.4739583333333 -0.01 
 0 3 1 3
7 0 0  2 3 2  -0.52083333333331805 12.828125 -0.01  -0.52083333333331805 13.6927083333333 -0.01  0.0234375000000147 14.0833333333333 -0.01 
 0 3 1 3
2 2.9936883694851999 12.901256286472901 -0.01 0 0 1 1 0 -0 -0 1 0 3.5161747269895303
2 3.8636056286683598 13.049661919513801 -0.01 0 0 1 1 0 -0 -0 1 0 4.3993741453996602
1 0.98177083333334103 8.1484375 -0.01 -0.34542634463873684 0.93844586441068645 0 
2 168.42104769457799 67.993048911280795 -0.01 0 0 1 1 0 -0 -0 1 0 177.81356276143799
7 0 0  2 5 3  3.1531770833333499 2.3572916666666699 -0.01  3.1508072916666903 2.36354166666667 -0.01  3.14843750000002 2.3697916666666696 -0.01  2.9114583333333499 2.9947916666666701 -0.01  2.6588541666666798 3.6458333333333397 -0.01 
 -0.01 3 0 2 1 3
2 -41.479244381002701 -14.6137891777381 -0.01 0 0 1 1 0 -0 -0 1 0 47.749985420170994
2 -4.8830902754065804 -1.8387834722161001 -0.01 0 0 1 1 0 -0 -0 1 0 8.9876973055313503
1 3.8958333333333499 0.328125 -0.01 -1 0 0 
7 0 0  2 3 2  4.1796875000000098 1.3619791666666701 -0.01  4.015625 0.75 -0.01  3.953125 0.328125 -0.01 
 0 3 1 3
2 51.733322005779598 -11.4367730083361 -0.01 0 0 1 1 0 -0 -0 1 0 49.2459678449435
2 63.850381833671008 -15.019312417703199 -0.01 0 0 1 1 0 -0 -0 1 0 61.881624789739703
2 48.505997468081404 -9.9649527196356598 -0.01 0 0 1 1 0 -0 -0 1 0 45.726385897754902
1 6.5494791666666803 8.489583333333341 -0.01 -0.33830634299342599 -0.94103603453343609 0 
2 1.5602832992637998 13.823214733002899 -0.01 0 0 1 1 0 -0 -0 1 0 6.49898949072821
2 5.4437374939003194 12.8675239929026 -0.01 0 0 1 1 0 -0 -0 1 0 2.4991234808771301
7 0 0  2 3 2  7.4453125000000098 14.0833333333333 -0.01  7.9427083333333499 13.6927083333333 -0.01  7.9427083333333499 12.859375 -0.01 
 0 3 1 3
7 0 0  2 3 2  5.9375 14.4739583333333 -0.01  6.9479166666666803 14.4739583333333 -0.01  7.4453125000000098 14.0833333333333 -0.01 
 0 3 1 3
1 5.7265625000000107 14.4739583333333 -0.01 1 0 0 
1 5.515625 15.171875 -0.01 0 -1 0 
1 9.6822916666666785 15.869791666666698 -0.01 -1 0 0 
7 0 0  2 3 2  15.8177083333334 6.96875 -0.01  15.8177083333334 2.265625 -0.01  17.8125 -0.031249999999997499 -0.01 
 0 3 1 3
7 0 0  2 3 2  16.346354166666703 11.046875 -0.01  15.8177083333334 9.3125 -0.01  15.8177083333334 6.96875 -0.01 
 0 3 1 3
7 0 0  2 3 2  17.8776041666667 13.9270833333333 -0.01  16.875 12.78125 -0.01  16.346354166666703 11.046875 -0.01 
 0 3 1 3
2 22.546475805746603 9.8594518539611293 -0.01 0 0 1 1 0 -0 -0 1 0 6.1921631444736001
7 0 0  2 3 2  23.5520833333333 16.1979166666666 -0.01  21.7447916666667 16.1979166666666 -0.01  20.3125 15.6354166666666 -0.01 
 0 3 1 3
7 0 0  2 3 2  29.4010416666667 13.919270833333298 -0.01  27.421875 16.1979166666666 -0.01  23.5520833333333 16.1979166666666 -0.01 
 0 3 1 3
7 0 0  2 3 2  31.380208333333297 6.96875 -0.01  31.380208333333297 11.640625 -0.01  29.4010416666667 13.919270833333298 -0.01 
 0 3 1 3
7 0 0  2 3 2  30.8515625 2.875 -0.01  31.380208333333297 4.625 -0.01  31.380208333333297 6.96875 -0.01 
 0 3 1 3
7 0 0  2 3 2  29.3203125 -0.031249999999997499 -0.01  30.3229166666667 1.125 -0.01  30.8515625 2.875 -0.01 
 0 3 1 3
2 24.612467520823902 4.0295217445152902 -0.01 0 0 1 1 0 -0 -0 1 0 6.2170127846910104
7 0 0  2 3 2  23.6458333333333 -2.328125 -0.01  25.453125 -2.328125 -0.01  26.8854166666667 -1.7578125 -0.01 
 0 3 1 3
7 0 0  2 3 2  17.8125 -0.031249999999997499 -0.01  19.8072916666667 -2.328125 -0.01  23.6458333333333 -2.328125 -0.01 
 0 3 1 3
7 0 0  2 3 2  28.15625 6.96875 -0.01  28.15625 5.1145833333333401 -0.01  27.9114583333334 3.6979166666666701 -0.01 
 0 3 1 3
7 0 0  2 3 2  27.9114583333334 10.2239583333333 -0.01  28.15625 8.8229166666666696 -0.01  28.15625 6.96875 -0.01 
 0 3 1 3
7 0 0  2 3 2  27.1302083333333 12.5598958333333 -0.01  27.6666666666667 11.625 -0.01  27.9114583333334 10.2239583333333 -0.01 
 0 3 1 3
7 0 0  2 3 2  25.7317708333334 13.966145833333298 -0.01  26.59375 13.4947916666667 -0.01  27.1302083333333 12.5598958333333 -0.01 
 0 3 1 3
7 0 0  2 3 2  23.6145833333333 14.4375 -0.01  24.8697916666667 14.4375 -0.01  25.7317708333334 13.966145833333298 -0.01 
 0 3 1 3
7 0 0  2 3 2  21.4921875 13.966145833333298 -0.01  22.3645833333334 14.4375 -0.01  23.6145833333333 14.4375 -0.01 
 0 3 1 3
7 0 0  2 3 2  20.0833333333334 12.5598958333333 -0.01  20.6197916666667 13.4947916666667 -0.01  21.4921875 13.966145833333298 -0.01 
 0 3 1 3
7 0 0  2 3 2  19.3020833333334 10.2239583333333 -0.01  19.546875 11.625 -0.01  20.0833333333334 12.5598958333333 -0.01 
 0 3 1 3
7 0 0  2 3 2  19.0572916666667 6.96875 -0.01  19.0572916666667 8.8229166666666696 -0.01  19.3020833333334 10.2239583333333 -0.01 
 0 3 1 3
7 0 0  2 3 2  19.2942708333334 3.6979166666666701 -0.01  19.0572916666667 5.1145833333333401 -0.01  19.0572916666667 6.96875 -0.01 
 0 3 1 3
7 0 0  2 3 2  20.0677083333334 1.328125 -0.01  19.53125 2.28125 -0.01  19.2942708333334 3.6979166666666701 -0.01 
 0 3 1 3
7 0 0  2 3 2  21.4661458333334 -0.11197916666666399 -0.01  20.6041666666666 0.375 -0.01  20.0677083333334 1.328125 -0.01 
 0 3 1 3
7 0 0  2 3 2  23.5833333333333 -0.59895833333333104 -0.01  22.328125 -0.59895833333333104 -0.01  21.4661458333334 -0.11197916666666399 -0.01 
 0 3 1 3
7 0 0  2 3 2  25.7083333333334 -0.11197916666666399 -0.01  24.8385416666667 -0.59895833333333104 -0.01  23.5833333333333 -0.59895833333333104 -0.01 
 0 3 1 3
7 0 0  2 3 2  27.1223958333334 1.328125 -0.01  26.578125 0.375 -0.01  25.7083333333334 -0.11197916666666399 -0.01 
 0 3 1 3
7 0 0  2 3 2  27.9114583333334 3.6979166666666701 -0.01  27.6666666666667 2.28125 -0.01  27.1223958333334 1.328125 -0.01 
 0 3 1 3
2 -41.504233382624896 20.716232885004299 -0.01 0 0 1 1 0 -0 -0 1 0 1.46320938642889
1 -42.778400216436395 19.3376435760599 -0.01 -0.69284515924144074 -0.72108639240780481 0 
1 -44.033993873020897 18.463867535220597 -0.01 -0.72108639240780326 0.69284515924144219 0 
1 -43.211052051881104 19.7533506716047 -0.01 -0.69284515924144074 -0.72108639240780481 0 
2 -40.7382924355963 21.1708551934193 -0.01 0 0 1 1 0 -0 -0 1 0 2.3568200052861399
7 0 0  2 3 2  -43.0833333333333 21.2760416666667 -0.01  -43.0833333333333 20.6875 -0.01  -42.9270833333333 20.296875 -0.01 
 0 3 1 3
7 0 0  2 3 2  -42.9270833333333 22.25 -0.01  -43.0833333333333 21.859375 -0.01  -43.0833333333333 21.2760416666667 -0.01 
 0 3 1 3
1 -43.587157477146903 22.004048980296698 -0.01 -0.93133732275402448 0.36415764614431179 0 
1 -44.874916167434598 22.8296866463394 -0.01 0.3641576461443139 0.9313373227540237 0 
1 -43.368662889460296 22.562851373949098 -0.01 -0.93133732275402437 0.36415764614431217 0 
7 0 0  2 3 2  -42.5208333333333 22.8854166666667 -0.01  -42.7708333333333 22.640625 -0.01  -42.9270833333333 22.25 -0.01 
 0 3 1 3
2 -41.555116520392005 21.900654701374801 -0.01 0 0 1 1 0 -0 -0 1 0 1.3793229706878001
2 -41.212984259447403 20.6830933912387 -0.01 0 0 1 1 0 -0 -0 1 0 2.64470053539746
1 -41.433218103273802 23.771632432407099 -0.01 -0.019969567481005895 0.99980058830479868 0 
1 -41.163232278003896 25.2773241851087 -0.01 0.99980058830479868 0.019969567481003894 0 
1 -40.833337750290902 23.7836141728957 -0.01 -0.019969567481005895 0.99980058830479868 0 
2 -41.1628962421875 20.648093031838702 -0.01 0 0 1 1 0 -0 -0 1 0 2.6795776782430303
2 -40.848227908534199 21.826208844510202 -0.01 0 0 1 1 0 -0 -0 1 0 1.4596171841850201
7 0 0  2 3 2  -39.4375 22.25 -0.01  -39.5833333333333 22.640625 -0.01  -39.84375 22.8854166666667 -0.01 
 0 3 1 3
1 -38.975907017163202 22.458076833061 -0.01 0.91605327750106869 0.40105659548192191 0 
1 -37.481510122266997 22.7848457430335 -0.01 0.40105659548191702 -0.91605327750107091 0 
1 -38.735273059874096 21.908444866560398 -0.01 0.91605327750106869 0.40105659548192191 0 
2 -43.449207210627399 21.2822618467879 -0.01 0 0 1 1 0 -0 -0 1 0 4.1574935500549595
7 0 0  2 3 2  -39.4375 20.296875 -0.01  -39.2916666666666 20.6875 -0.01  -39.2916666666666 21.2760416666667 -0.01 
 0 3 1 3
2 -41.147176173193102 20.915787877600199 -0.01 0 0 1 1 0 -0 -0 1 0 1.8175805595089198
1 -39.249101909393204 19.685141450230201 -0.01 0.72108639240780481 -0.69284515924144074 0 
1 -38.375325868553894 18.4295477936457 -0.01 -0.69284515924143919 -0.72108639240780625 0 
1 -39.664809004938 19.252489614785503 -0.01 0.72108639240780481 -0.69284515924144074 0 
2 -40.9036395260351 20.7985133161493 -0.01 0 0 1 1 0 -0 -0 1 0 1.5524828614828099
2 -41.163752862091002 21.7045103626531 -0.01 0 0 1 1 0 -0 -0 1 0 2.4957012788715298
2 -41.212079017807696 21.6723021938882 -0.01 0 0 1 1 0 -0 -0 1 0 2.4636292525385599
1 46.4262152777778 -14.300000000000001 -0.01 0 1 0 
1 45.6762152777778 -14.6 -0.01 -1 0 0 
1 44.9262152777778 -14.300000000000001 -0.01 0 1 0 
1 45.6762152777778 -14 -0.01 -1 0 0 
1 43.578876329737398 -24.9758949864691 -0.01 0.79863551004729383 0.60181502315204694 0 
1 42.577743551561703 -24.478166987997799 -0.01 0.60181502315204805 -0.79863551004729305 0 
1 42.375246283433306 -23.378623966374498 -0.01 -0.79863551004729305 -0.60181502315204805 0 
1 43.376379061608901 -23.8763519648457 -0.01 -0.60181502315204904 0.79863551004729216 0 
7 0 0  2 3 2  -10.2239583333333 2.8333333333333299 -0.01  -10.2239583333333 1.2708333333333399 -0.01  -10.8828125 0.49739583333333603 -0.01 
 0 3 1 3
7 0 0  2 3 2  -10.4765625 4.5598958333333295 -0.01  -10.2239583333333 3.8125 -0.01  -10.2239583333333 2.8333333333333299 -0.01 
 0 3 1 3
2 -13.193549382398201 3.6625275564516402 -0.01 0 0 1 1 0 -0 -0 1 0 2.8608145607978899
7 0 0  2 3 2  -12.8515625 6.6171875 -0.01  -11.9010416666666 6.3333333333333401 -0.01  -11.3151041666666 5.8203125 -0.01 
 0 3 1 3
7 0 0  2 3 2  -15.21875 6.96875 -0.01  -13.8020833333333 6.9010416666666696 -0.01  -12.8515625 6.6171875 -0.01 
 0 3 1 3
1 -16.2838541666666 7.0182291666666696 -0.01 0.99892272057798748 -0.046404722960835976 0 
1 -17.3489583333333 5.7161458333333393 -0.01 0 1 0 
7 0 0  2 3 2  -17.0416666666666 2.4453125 -0.01  -17.3489583333333 3.3072916666666701 -0.01  -17.3489583333333 4.3645833333333401 -0.01 
 0 3 1 3
7 0 0  2 3 2  -16.15625 0.97916666666666896 -0.01  -16.734375 1.5833333333333399 -0.01  -17.0416666666666 2.4453125 -0.01 
 0 3 1 3
7 0 0  2 3 2  -14.7552083333333 0.049479166666669495 -0.01  -15.578125 0.375 -0.01  -16.15625 0.97916666666666896 -0.01 
 0 3 1 3
7 0 0  2 3 2  -12.921875 -0.27604166666666402 -0.01  -13.9322916666666 -0.27604166666666402 -0.01  -14.7552083333333 0.049479166666669495 -0.01 
 0 3 1 3
7 0 0  2 3 2  -10.8828125 0.49739583333333603 -0.01  -11.541666666666599 -0.27604166666666402 -0.01  -12.921875 -0.27604166666666402 -0.01 
 0 3 1 3
7 0 0  2 3 2  -14.2604166666666 14.5364583333333 -0.01  -13.296875 14.5364583333333 -0.01  -12.703125 14.2682291666667 -0.01 
 0 3 1 3
7 0 0  2 3 2  -15.8958333333333 14.234375 -0.01  -15.2864583333333 14.5364583333333 -0.01  -14.2604166666666 14.5364583333333 -0.01 
 0 3 1 3
7 0 0  2 3 2  -16.8307291666666 13.3880208333333 -0.01  -16.5052083333333 13.9322916666667 -0.01  -15.8958333333333 14.234375 -0.01 
 0 3 1 3
7 0 0  2 3 2  -17.2526041666667 12.0859375 -0.01  -17.15625 12.84375 -0.01  -16.8307291666666 13.3880208333333 -0.01 
 0 3 1 3
2 -4.2057380912072206 10.507077708921699 -0.01 0 0 1 1 0 -0 -0 1 0 13.142744358343501
1 -17.3489583333333 9.434895833333341 -0.01 0 1 0 
1 -15.966145833333298 8.3828125 -0.01 -0.99936045459639866 0.035758660333957491 0 
7 0 0  2 3 2  -8.8723958333333108 6.9375 -0.01  -10.7604166666666 8.2239583333333393 -0.01  -14.5833333333333 8.333333333333341 -0.01 
 0 3 1 3
7 0 0  2 3 2  -6.984375 2.9947916666666701 -0.01  -6.984375 5.6510416666666696 -0.01  -8.8723958333333108 6.9375 -0.01 
 0 3 1 3
7 0 0  2 3 2  -7.375 0.63020833333333603 -0.01  -6.984375 1.6302083333333302 -0.01  -6.984375 2.9947916666666701 -0.01 
 0 3 1 3
7 0 0  2 3 2  -8.4557291666666501 -1.03125 -0.01  -7.765625 -0.36979166666666402 -0.01  -7.375 0.63020833333333603 -0.01 
 0 3 1 3
7 0 0  2 3 2  -10.0989583333333 -2.0104166666666701 -0.01  -9.1458333333333091 -1.6927083333333299 -0.01  -8.4557291666666501 -1.03125 -0.01 
 0 3 1 3
7 0 0  2 3 2  -12.1614583333333 -2.328125 -0.01  -11.052083333333298 -2.328125 -0.01  -10.0989583333333 -2.0104166666666701 -0.01 
 0 3 1 3
7 0 0  2 3 2  -13.9427083333333 -2.0911458333333299 -0.01  -13.203125 -2.328125 -0.01  -12.1614583333333 -2.328125 -0.01 
 0 3 1 3
2 -12.550320119592101 2.3681788306835103 -0.01 0 0 1 1 0 -0 -0 1 0 4.67087753487007
2 -11.802261196432999 3.3207405501163101 -0.01 0 0 1 1 0 -0 -0 1 0 5.8808187863384198
2 7.8206381253559201 19.573222119342599 -0.01 0 0 1 1 0 -0 -0 1 0 31.3609159253214
1 -17.4895833333333 0.86458333333333603 -0.01 1 0 0 
1 -17.890625 -0.56770833333333093 -0.01 0.17888543819998198 0.98386991009990765 0 
1 -20.4036458333333 -2 -0.01 1 0 0 
1 -22.65625 -1.2994791666666599 -0.01 0 -1 0 
1 -22.6067708333333 -0.59895833333333104 -0.01 -1 0 0 
7 0 0  2 3 2  -21.6067708333333 -0.484375 -0.01  -22.0052083333333 -0.59895833333333104 -0.01  -22.5572916666667 -0.59895833333333104 -0.01 
 0 3 1 3
7 0 0  2 3 2  -20.9635416666667 -0.093749999999997488 -0.01  -21.2083333333333 -0.36979166666666402 -0.01  -21.6067708333333 -0.484375 -0.01 
 0 3 1 3
7 0 0  2 3 2  -20.6067708333333 0.63802083333333603 -0.01  -20.71875 0.18229166666666902 -0.01  -20.9635416666667 -0.093749999999997488 -0.01 
 0 3 1 3
7 0 0  2 3 2  -20.4947916666667 1.7916666666666698 -0.01  -20.4947916666667 1.09375 -0.01  -20.6067708333333 0.63802083333333603 -0.01 
 0 3 1 3
1 -20.4947916666667 6.1145833333333401 -0.01 0 -1 0 
7 0 0  2 3 2  -20.1119791666667 13.1302083333333 -0.01  -20.4947916666667 12.03125 -0.01  -20.4947916666667 10.4375 -0.01 
 0 3 1 3
7 0 0  2 3 2  -18.9635416666666 14.911458333333298 -0.01  -19.7291666666666 14.2291666666667 -0.01  -20.1119791666667 13.1302083333333 -0.01 
 0 3 1 3
7 0 0  2 3 2  -17.0572916666667 15.895833333333401 -0.01  -18.1979166666667 15.59375 -0.01  -18.9635416666666 14.911458333333298 -0.01 
 0 3 1 3
7 0 0  2 3 2  -14.390625 16.1979166666666 -0.01  -15.9166666666666 16.1979166666666 -0.01  -17.0572916666667 15.895833333333401 -0.01 
 0 3 1 3
2 -14.314736425794699 1.8284322444691501 -0.01 0 0 1 1 0 -0 -0 1 0 14.368767435850399
7 0 0  2 3 2  -10.1484375 15.4557291666667 -0.01  -10.96875 15.838541666666698 -0.01  -12.059895833333298 16.0182291666667 -0.01 
 0 3 1 3
7 0 0  2 3 2  -8.8567708333333215 14.4713541666667 -0.01  -9.328125 15.0729166666666 -0.01  -10.1484375 15.4557291666667 -0.01 
 0 3 1 3
7 0 0  2 3 2  -8.3854166666666501 13.005208333333298 -0.01  -8.3854166666666501 13.8697916666667 -0.01  -8.8567708333333215 14.4713541666667 -0.01 
 0 3 1 3
7 0 0  2 3 2  -9.109375 11.377604166666702 -0.01  -8.3854166666666501 11.8489583333333 -0.01  -8.3854166666666501 13.005208333333298 -0.01 
 0 3 1 3
7 0 0  2 3 2  -11.213541666666599 10.90625 -0.01  -9.8333333333333215 10.90625 -0.01  -9.109375 11.377604166666702 -0.01 
 0 3 1 3
2 -19.7938206718127 10.964676905696098 -0.01 0 0 1 1 0 -0 -0 1 0 8.5797354532415504
7 0 0  2 3 2  -11.7760416666666 13.5104166666667 -0.01  -11.4427083333333 13.020833333333298 -0.01  -11.328125 12.354166666666702 -0.01 
 0 3 1 3
7 0 0  2 3 2  -12.703125 14.2682291666667 -0.01  -12.109375 14 -0.01  -11.7760416666666 13.5104166666667 -0.01 
 0 3 1 3
2 -59.9262152777778 -14.300000000000001 -0.01 0 0 -1 -1 0 0 0 1 0 2
1 -59.626215277777796 -16.288685996664199 -0.01 0 -1 0 
1 -59.776215277777801 -16.299999999999997 -0.01 -1 0 0 
1 -60.226215277777797 -16.288685996664199 -0.01 0 -1 0 
2 -59.9262152777778 -14.300000000000001 -0.01 0 0 -1 -1 0 0 0 1 0 2
1 -60.226215277777797 -10.161314003335699 -0.01 0 -1 0 
1 -59.9262152777778 -8 -0.01 -1 0 0 
1 -59.626215277777796 -10.161314003335699 -0.01 0 -1 0 
2 -59.9262152777778 -14.300000000000001 -0.01 0 0 -1 -1 0 0 0 1 0 2
1 -51.937529281113498 -14 -0.01 -1 0 0 
1 -45.9262152777778 -14.300000000000001 -0.01 0 -1 0 
1 -51.937529281113498 -14.6 -0.01 -1 0 0 
2 -59.9262152777778 -14.300000000000001 -0.01 0 0 -1 -1 0 0 0 1 0 1.3999999999999999
2 -37.058439779566299 6.6303548146516498 -0.01 0 0 1 1 0 -0 -0 1 0 7.2290347492217997
1 -36.8072916666667 -0.59895833333333104 -0.01 -1 0 0 
1 -36.5885416666667 -1.2994791666666599 -0.01 0 1 0 
1 -41.3255208333333 -2 -0.01 1 0 0 
1 -46.0625 -1.2994791666666599 -0.01 0 -1 0 
1 -45.8411458333333 -0.59895833333333104 -0.01 -1 0 0 
2 -45.596156402177904 6.1006185221304401 -0.01 0 0 1 1 0 -0 -0 1 0 6.6993449578315598
7 0 0  2 3 2  -43.6927083333333 -0.18489583333333098 -0.01  -44.0572916666667 -0.4375 -0.01  -44.5625 -0.51822916666666397 -0.01 
 0 3 1 3
7 0 0  2 3 2  -43.1067708333333 0.5390625 -0.01  -43.328125 0.06770833333333591 -0.01  -43.6927083333333 -0.18489583333333098 -0.01 
 0 3 1 3
7 0 0  2 3 2  -42.8854166666666 1.7916666666666698 -0.01  -42.8854166666666 1.0104166666666701 -0.01  -43.1067708333333 0.5390625 -0.01 
 0 3 1 3
1 -42.8854166666666 8.8307291666666714 -0.01 0 -1 0 
1 -39.9088541666667 15.869791666666698 -0.01 -1 0 0 
1 -36.9322916666667 15.171875 -0.01 0 1 0 
1 -36.9791666666667 14.4739583333333 -0.01 1 0 0 
2 -37.057801915407602 8.1321479974918507 -0.01 0 0 1 1 0 -0 -0 1 0 6.3414987011118598
7 0 0  2 3 2  -38.9479166666667 14.0651041666667 -0.01  -38.5729166666667 14.307291666666702 -0.01  -38.078125 14.390625 -0.01 
 0 3 1 3
7 0 0  2 3 2  -39.5416666666666 13.375 -0.01  -39.3229166666667 13.8229166666667 -0.01  -38.9479166666667 14.0651041666667 -0.01 
 0 3 1 3
7 0 0  2 3 2  -39.7604166666667 12.1927083333333 -0.01  -39.7604166666667 12.927083333333298 -0.01  -39.5416666666666 13.375 -0.01 
 0 3 1 3
1 -39.7604166666667 6.9114583333333401 -0.01 0 1 0 
7 0 0  2 3 2  -39.5416666666666 0.44791666666666996 -0.01  -39.7604166666667 0.89583333333333603 -0.01  -39.7604166666667 1.6302083333333302 -0.01 
 0 3 1 3
7 0 0  2 3 2  -38.9479166666667 -0.226562499999997 -0.01  -39.3229166666667 2.6020852139652099e-15 -0.01  -39.5416666666666 0.44791666666666996 -0.01 
 0 3 1 3
7 0 0  2 3 2  -38.078125 -0.52604166666666408 -0.01  -38.5729166666667 -0.453125 -0.01  -38.9479166666667 -0.226562499999997 -0.01 
 0 3 1 3
2 -32.979938478285099 8.1148217071114299 -0.01 0 0 1 1 0 -0 -0 1 0 8.6821779452652805
7 0 0  2 3 2  -31.078124999999901 0.22916666666666899 -0.01  -31.770833333333297 -0.56770833333333093 -0.01  -32.9270833333333 -0.56770833333333093 -0.01 
 0 3 1 3
7 0 0  2 3 2  -30.3854166666667 2.734375 -0.01  -30.3854166666667 1.0260416666666701 -0.01  -31.078124999999901 0.22916666666666899 -0.01 
 0 3 1 3
1 -30.3854166666667 8.3515625 -0.01 0 -1 0 
1 -32.5677083333333 13.96875 -0.01 1 0 0 
1 -34.75 14.9192708333333 -0.01 0 -1 0 
1 -32.5677083333333 15.869791666666698 -0.01 -1 0 0 
1 -30.3854166666667 17.921875 -0.01 0 -1 0 
1 -29.6223958333333 19.9739583333334 -0.01 -1 0 0 
7 0 0  2 3 2  -28.2473958333333 17.8333333333334 -0.01  -28.5989583333333 18.6875 -0.01  -28.859375 19.9739583333334 -0.01 
 0 3 1 3
7 0 0  2 3 2  -27.328125 16.359375 -0.01  -27.8958333333333 16.9791666666666 -0.01  -28.2473958333333 17.8333333333334 -0.01 
 0 3 1 3
2 -25.0288019263302 18.557729670601702 -0.01 0 0 1 1 0 -0 -0 1 0 3.1803578008364699
7 0 0  2 3 2  -24.7239583333333 15.3020833333333 -0.01  -25.328125 15.3020833333333 -0.01  -26.0520833333333 15.546875 -0.01 
 0 3 1 3
1 -24.7239583333333 14.6354166666667 -0.01 0 1 0 
1 -25.9921875 13.96875 -0.01 1 0 0 
1 -27.2604166666667 8.4010416666666696 -0.01 0 1 0 
7 0 0  2 3 2  -27.546874999999901 0.40885416666667002 -0.01  -27.2604166666667 1.4010416666666701 -0.01  -27.2604166666667 2.8333333333333299 -0.01 
 0 3 1 3
7 0 0  2 3 2  -28.4192708333333 -1.1848958333333299 -0.01  -27.8333333333333 -0.58333333333333104 -0.01  -27.546874999999901 0.40885416666667002 -0.01 
 0 3 1 3
7 0 0  2 3 2  -29.9166666666667 -2.0572916666666701 -0.01  -29.0052083333333 -1.7864583333333299 -0.01  -28.4192708333333 -1.1848958333333299 -0.01 
 0 3 1 3
7 0 0  2 3 2  -32.0989583333333 -2.328125 -0.01  -30.828124999999901 -2.328125 -0.01  -29.9166666666667 -2.0572916666666701 -0.01 
 0 3 1 3
2 -32.068842902117403 6.4382083467473903 -0.01 0 0 1 1 0 -0 -0 1 0 8.7665849279176715
2 -32.015234817794195 7.4939662472492197 -0.01 0 0 1 1 0 -0 -0 1 0 9.8227152296490807
2 -32.4017127116403 5.4127068159477201 -0.01 0 0 1 1 0 -0 -0 1 0 7.7055849846995201
2 -33.512423112787701 1.6705180615111299 -0.01 0 0 1 1 0 -0 -0 1 0 3.8016419193659101
1 -35.0572916666666 -1.0703125 -0.01 0 -1 0 
2 -31.760104246567096 16.9429365109206 -0.01 0 0 1 1 0 -0 -0 1 0 17.593148935494298
1 63.676215277777793 -14.6 -0.01 -1 0 0 
1 62.926215277777793 -14.300000000000001 -0.01 0 1 0 
1 63.676215277777793 -14 -0.01 -1 0 0 
1 64.4262152777778 -14.300000000000001 -0.01 0 1 0 
7 0 0  2 3 2  -63.8854166666666 6.96875 -0.01  -63.8854166666666 2.265625 -0.01  -61.890625 -0.031249999999997499 -0.01 
 0 3 1 3
7 0 0  2 3 2  -63.3567708333333 11.046875 -0.01  -63.8854166666666 9.3125 -0.01  -63.8854166666666 6.96875 -0.01 
 0 3 1 3
7 0 0  2 3 2  -61.8255208333333 13.9270833333333 -0.01  -62.828125 12.78125 -0.01  -63.3567708333333 11.046875 -0.01 
 0 3 1 3
2 -57.156649194253099 9.8594518539607012 -0.01 0 0 1 1 0 -0 -0 1 0 6.1921631444741196
7 0 0  2 3 2  -56.1510416666667 16.1979166666666 -0.01  -57.9583333333333 16.1979166666666 -0.01  -59.390625 15.6354166666666 -0.01 
 0 3 1 3
7 0 0  2 3 2  -50.3020833333333 13.919270833333298 -0.01  -52.28125 16.1979166666666 -0.01  -56.1510416666667 16.1979166666666 -0.01 
 0 3 1 3
7 0 0  2 3 2  -48.3229166666666 6.96875 -0.01  -48.3229166666666 11.640625 -0.01  -50.3020833333333 13.919270833333298 -0.01 
 0 3 1 3
7 0 0  2 3 2  -48.8515625 2.875 -0.01  -48.3229166666666 4.625 -0.01  -48.3229166666666 6.96875 -0.01 
 0 3 1 3
7 0 0  2 3 2  -50.3828125 -0.031249999999997499 -0.01  -49.3802083333333 1.125 -0.01  -48.8515625 2.875 -0.01 
 0 3 1 3
2 -55.090657479175 4.0295217445139198 -0.01 0 0 1 1 0 -0 -0 1 0 6.2170127846893193
7 0 0  2 3 2  -56.0572916666667 -2.328125 -0.01  -54.25 -2.328125 -0.01  -52.8177083333333 -1.7578125 -0.01 
 0 3 1 3
7 0 0  2 3 2  -61.890625 -0.031249999999997499 -0.01  -59.8958333333333 -2.328125 -0.01  -56.0572916666667 -2.328125 -0.01 
 0 3 1 3
7 0 0  2 3 2  -51.546875 6.96875 -0.01  -51.546875 5.1145833333333401 -0.01  -51.7916666666667 3.6979166666666701 -0.01 
 0 3 1 3
7 0 0  2 3 2  -51.7916666666667 10.2239583333333 -0.01  -51.546875 8.8229166666666696 -0.01  -51.546875 6.96875 -0.01 
 0 3 1 3
7 0 0  2 3 2  -52.5729166666666 12.5598958333333 -0.01  -52.0364583333333 11.625 -0.01  -51.7916666666667 10.2239583333333 -0.01 
 0 3 1 3
7 0 0  2 3 2  -53.9713541666667 13.966145833333298 -0.01  -53.109375 13.4947916666667 -0.01  -52.5729166666666 12.5598958333333 -0.01 
 0 3 1 3
7 0 0  2 3 2  -56.0885416666666 14.4375 -0.01  -54.8333333333333 14.4375 -0.01  -53.9713541666667 13.966145833333298 -0.01 
 0 3 1 3
7 0 0  2 3 2  -58.2109375 13.966145833333298 -0.01  -57.338541666666593 14.4375 -0.01  -56.0885416666666 14.4375 -0.01 
 0 3 1 3
7 0 0  2 3 2  -59.6197916666666 12.5598958333333 -0.01  -59.0833333333333 13.4947916666667 -0.01  -58.2109375 13.966145833333298 -0.01 
 0 3 1 3
7 0 0  2 3 2  -60.4010416666666 10.2239583333333 -0.01  -60.15625 11.625 -0.01  -59.6197916666666 12.5598958333333 -0.01 
 0 3 1 3
7 0 0  2 3 2  -60.6458333333333 6.96875 -0.01  -60.6458333333333 8.8229166666666696 -0.01  -60.4010416666666 10.2239583333333 -0.01 
 0 3 1 3
7 0 0  2 3 2  -60.4088541666666 3.6979166666666701 -0.01  -60.6458333333333 5.1145833333333401 -0.01  -60.6458333333333 6.96875 -0.01 
 0 3 1 3
7 0 0  2 3 2  -59.6354166666666 1.328125 -0.01  -60.171875 2.28125 -0.01  -60.4088541666666 3.6979166666666701 -0.01 
 0 3 1 3
7 0 0  2 3 2  -58.2369791666667 -0.11197916666666399 -0.01  -59.0989583333333 0.375 -0.01  -59.6354166666666 1.328125 -0.01 
 0 3 1 3
7 0 0  2 3 2  -56.1197916666666 -0.59895833333333104 -0.01  -57.375 -0.59895833333333104 -0.01  -58.2369791666667 -0.11197916666666399 -0.01 
 0 3 1 3
7 0 0  2 3 2  -53.9947916666666 -0.11197916666666399 -0.01  -54.8645833333333 -0.59895833333333104 -0.01  -56.1197916666666 -0.59895833333333104 -0.01 
 0 3 1 3
7 0 0  2 3 2  -52.5807291666667 1.328125 -0.01  -53.125 0.375 -0.01  -53.9947916666666 -0.11197916666666399 -0.01 
 0 3 1 3
7 0 0  2 3 2  -51.7916666666667 3.6979166666666701 -0.01  -52.0364583333333 2.28125 -0.01  -52.5807291666667 1.328125 -0.01 
 0 3 1 3
1 59.1762152777778 -14.6 -0.01 -1 0 0 
1 58.4262152777778 -14.300000000000001 -0.01 0 1 0 
1 59.1762152777778 -14 -0.01 -1 0 0 
1 59.9262152777778 -14.300000000000001 -0.01 0 1 0 
1 54.6762152777778 -14.6 -0.01 -1 0 0 
1 53.9262152777778 -14.300000000000001 -0.01 0 1 0 
1 54.6762152777778 -14 -0.01 -1 0 0 
1 55.4262152777778 -14.300000000000001 -0.01 0 1 0 
Polygon3D 0
PolygonOnTriangulations 0
Surfaces 877
1 0 0 -0.01 0 0 -1 1 0 0 0 -1 0 
9 0 0 0 0 3 1 4 2 2 2 36.5950520833334 -20.8120659722222 -0.01  36.5950520833334 -20.8120659722222 0.80000000000000004  
36.007667824074097 -20.8120659722222 -0.01  36.007667824074097 -20.8120659722222 0.80000000000000004  
35.511429398148202 -20.7269965277778 -0.01  35.511429398148202 -20.7269965277778 0.80000000000000004  
35.1063368055555 -20.5568576388889 -0.01  35.1063368055555 -20.5568576388889 0.80000000000000004  

0 4
1 4

0 2
1 2

9 0 0 0 0 3 1 4 2 2 2 38.3815104166667 -20.3092447916666 -0.01  38.3815104166667 -20.3092447916666 0.80000000000000004  
37.976417824074097 -20.644458912036999 -0.01  37.976417824074097 -20.644458912036999 0.80000000000000004  
37.380931712962997 -20.8120659722222 -0.01  37.380931712962997 -20.8120659722222 0.80000000000000004  
36.5950520833334 -20.8120659722222 -0.01  36.5950520833334 -20.8120659722222 0.80000000000000004  

0 4
1 4

0 2
1 2

9 0 0 0 0 3 1 4 2 2 2 38.9891493055555 -18.828125 -0.01  38.9891493055555 -18.828125 0.80000000000000004  
38.9891493055555 -19.480324074074101 -0.01  38.9891493055555 -19.480324074074101 0.80000000000000004  
38.786603009259295 -19.974030671296301 -0.01  38.786603009259295 -19.974030671296301 0.80000000000000004  
38.3815104166667 -20.3092447916666 -0.01  38.3815104166667 -20.3092447916666 0.80000000000000004  

0 4
1 4

0 2
1 2

2 34.954890806595799 -18.8479808309405 -0.01 0 0 1 0.9984445800376468 0.055753211507925088 -0 -0.055753211507925074 0.99844458003764658 0 4.0344529858149496
2 28.2701957393732 -19.5415503051508 -0.01 0 0 1 0.99190747670253798 0.126962819997054 -0 -0.126962819997054 0.99190747670253798 0 10.755099659708099
2 30.478553865649101 -19.206143875961899 -0.01 0 0 1 0.98491715640989042 0.17302657313099509 -0 -0.17302657313099509 0.98491715640989042 0 8.521391916992151
2 3.5485181887461201 -24.655891488637799 -0.01 0 0 1 0.97900823603834097 0.203820690238004 -0 -0.20382069023800395 0.97900823603834075 0 35.997274985011799
1 38.0154079861111 -13.7163628472222 -0.01 -0.9776051343985015 -0.21044762103119108 0 0.21044762103119108 -0.9776051343985015 0 0 0 1 
9 0 0 0 0 3 1 4 2 2 2 37.0188802083333 -9.6953124999999911 -0.01  37.0188802083333 -9.6953124999999911 0.80000000000000004  
37.135344328703695 -9.8472222222222214 -0.01  37.135344328703695 -9.8472222222222214 0.80000000000000004  
37.221932870370402 -10.046730324074099 -0.01  37.221932870370402 -10.046730324074099 0.80000000000000004  
37.2786458333334 -10.2938368055555 -0.01  37.2786458333334 -10.2938368055555 0.80000000000000004  

0 4
1 4

0 2
1 2

2 36.094719265145798 -10.389767702121301 -0.01 0 0 1 0.63271026016131893 0.77438861477077281 -0 -0.77438861477077281 0.63271026016131893 0 1.1556695706654201
2 35.803605921865895 -11.0413130945776 -0.01 0 0 1 0.28483571145044695 0.95857634932357783 -0 -0.95857634932357783 0.28483571145044695 0 1.86926852498784
2 35.439990802175494 -13.5595437045606 -0.01 0 0 1 0.069040242468526414 0.99761387566527315 -0 -0.99761387566527315 0.069040242468526414 0 4.4140403423342001
1 35.30078125 -9.14539930555555 -0.01 0 -1 0 0 0 -1 1 0 0 
1 35.068359375 -8.6319444444444411 -0.01 -0.97979246659350083 -0.20001680531051294 0 0.20001680531051294 -0.97979246659350083 0 0 0 1 
1 38.3237847222223 -8.1184895833333304 -0.01 0 1 0 0 -0 1 1 0 -0 
1 41.7934027777778 -8.6319444444444411 -0.01 0.97805577230895113 0.20834324143859603 0 -0.20834324143859603 0.97805577230895113 0 0 -0 1 
1 41.7751736111111 -9.14539930555555 -0.01 0 -1 0 0 0 -1 1 0 0 
2 41.622553039483002 -15.532458766393601 -0.01 0 0 1 -0.041808710826369305 0.99912563359121009 0 -0.99912563359121009 -0.041808710826369305 0 6.3869417319077399
2 41.201367538705497 -10.813704959624699 -0.01 0 0 1 -0.21422275528355192 0.97678483358348855 0 -0.97678483358348855 -0.21422275528355192 0 1.6488164200731701
2 40.860858353144401 -9.8763785144540606 -0.01 0 0 1 -0.58556619114746011 0.81062459608937121 0 -0.81062459608937121 -0.58556619114746011 0 0.65009516060102102
9 0 0 0 0 3 1 4 2 2 2 40.2530381944445 -9.8077256944444393 -0.01  40.2530381944445 -9.8077256944444393 0.80000000000000004  
40.2530381944445 -9.6699942129629513 -0.01  40.2530381944445 -9.6699942129629513 0.80000000000000004  
40.287471064814795 -9.5565682870370292 -0.01  40.287471064814795 -9.5565682870370292 0.80000000000000004  
40.3563368055556 -9.467447916666659 -0.01  40.3563368055556 -9.467447916666659 0.80000000000000004  

0 4
1 4

0 2
1 2

9 0 0 0 0 3 1 4 2 2 2 40.3654513888889 -10.4730902777778 -0.01  40.3654513888889 -10.4730902777778 0.80000000000000004  
40.290509259259295 -10.124710648148099 -0.01  40.290509259259295 -10.124710648148099 0.80000000000000004  
40.2530381944445 -9.90292245370369 -0.01  40.2530381944445 -9.90292245370369 0.80000000000000004  
40.2530381944445 -9.8077256944444393 -0.01  40.2530381944445 -9.8077256944444393 0.80000000000000004  

0 4
1 4

0 2
1 2

1 41.0779079861111 -13.786241319444398 -0.01 0.97765128340318741 0.21023312788450008 0 -0.21023312788450008 0.97765128340318741 0 0 -0 1 
2 32.703990301249299 -18.971501213661899 -0.01 0 0 1 0.98338535146288752 0.18153030195593611 -0 -0.18153030195593611 0.98338535146288752 0 9.2773463757366397
2 30.884302528072599 -19.294551667434202 -0.01 0 0 1 0.99018571115356213 0.13975785282879302 -0 -0.13975785282879302 0.99018571115356213 0 11.125384222139699
2 27.491115037735199 -19.7128652554435 -0.01 0 0 1 0.9946974253968518 0.10284469801051697 -0 -0.10284469801051699 0.99469742539685191 0 14.544231416175101
2 37.381055037100701 -18.884466978343802 -0.01 0 0 1 0.99878941495351226 0.049190492748301513 -0 -0.049190492748301513 0.99878941495351226 0 4.61957956809115
9 0 0 0 0 3 1 4 2 2 2 41.6901041666667 -20.2530381944444 -0.01  41.6901041666667 -20.2530381944444 0.80000000000000004  
41.8967013888889 -19.835792824074097 -0.01  41.8967013888889 -19.835792824074097 0.80000000000000004  
42 -19.360821759259302 -0.01  42 -19.360821759259302 0.80000000000000004  
42 -18.828125 -0.01  42 -18.828125 0.80000000000000004  

0 4
1 4

0 2
1 2

9 0 0 0 0 3 1 4 2 2 2 40.783203125 -21.3118489583334 -0.01  40.783203125 -21.3118489583334 0.80000000000000004  
41.1812065972222 -21.0232204861111 -0.01  41.1812065972222 -21.0232204861111 0.80000000000000004  
41.4835069444444 -20.670283564814799 -0.01  41.4835069444444 -20.670283564814799 0.80000000000000004  
41.6901041666667 -20.2530381944444 -0.01  41.6901041666667 -20.2530381944444 0.80000000000000004  

0 4
1 4

0 2
1 2

9 0 0 0 0 3 1 4 2 2 2 39.3127170138889 -21.9680989583333 -0.01  39.3127170138889 -21.9680989583333 0.80000000000000004  
39.895037615740797 -21.8192274305555 -0.01  39.895037615740797 -21.8192274305555 0.80000000000000004  
40.3851996527778 -21.6004774305556 -0.01  40.3851996527778 -21.6004774305556 0.80000000000000004  
40.783203125 -21.3118489583334 -0.01  40.783203125 -21.3118489583334 0.80000000000000004  

0 4
1 4

0 2
1 2

9 0 0 0 0 3 1 4 2 2 2 37.2999131944445 -22.19140625 -0.01  37.2999131944445 -22.19140625 0.80000000000000004  
38.0594618055555 -22.19140625 -0.01  38.0594618055555 -22.19140625 0.80000000000000004  
38.730396412037003 -22.1169704861111 -0.01  38.730396412037003 -22.1169704861111 0.80000000000000004  
39.3127170138889 -21.9680989583333 -0.01  39.3127170138889 -21.9680989583333 0.80000000000000004  

0 4
1 4

0 2
1 2

9 0 0 0 0 3 1 4 2 2 2 35.1139322916667 -21.9012586805555 -0.01  35.1139322916667 -21.9012586805555 0.80000000000000004  
35.746889467592602 -22.094690393518498 -0.01  35.746889467592602 -22.094690393518498 0.80000000000000004  
36.475549768518505 -22.19140625 -0.01  36.475549768518505 -22.19140625 0.80000000000000004  
37.2999131944445 -22.19140625 -0.01  37.2999131944445 -22.19140625 0.80000000000000004  

0 4
1 4

0 2
1 2

9 0 0 0 0 3 1 4 2 2 2 33.4672309027778 -21.0460069444444 -0.01  33.4672309027778 -21.0460069444444 0.80000000000000004  
33.9320746527778 -21.4227430555556 -0.01  33.9320746527778 -21.4227430555556 0.80000000000000004  
34.480975115740804 -21.707826967592599 -0.01  34.480975115740804 -21.707826967592599 0.80000000000000004  
35.1139322916667 -21.9012586805555 -0.01  35.1139322916667 -21.9012586805555 0.80000000000000004  

0 4
1 4

0 2
1 2

9 0 0 0 0 3 1 4 2 2 2 32.3187934027778 -19.6453993055556 -0.01  32.3187934027778 -19.6453993055556 0.80000000000000004  
32.6195746527778 -20.202401620370399 -0.01  32.6195746527778 -20.202401620370399 0.80000000000000004  
33.0023871527778 -20.6692708333333 -0.01  33.0023871527778 -20.6692708333333 0.80000000000000004  
33.4672309027778 -21.0460069444444 -0.01  33.4672309027778 -21.0460069444444 0.80000000000000004  

0 4
1 4

0 2
1 2

9 0 0 0 0 3 1 4 2 2 2 31.6397569444445 -17.7191840277778 -0.01  31.6397569444445 -17.7191840277778 0.80000000000000004  
31.791666666666696 -18.446325231481499 -0.01  31.791666666666696 -18.446325231481499 0.80000000000000004  
32.0180121527778 -19.088396990740797 -0.01  32.0180121527778 -19.088396990740797 0.80000000000000004  
32.3187934027778 -19.6453993055556 -0.01  32.3187934027778 -19.6453993055556 0.80000000000000004  

0 4
1 4

0 2
1 2

1 30.8619791666667 -14.0247395833333 -0.01 -0.97854978498674905 -0.20601048104984199 0 0.20601048104984199 -0.97854978498674905 0 0 0 1 
9 0 0 0 0 3 1 4 2 2 2 29.8229166666667 -9.7135416666666607 -0.01  29.8229166666667 -9.7135416666666607 0.80000000000000004  
29.940393518518501 -9.8715277777777715 -0.01  29.940393518518501 -9.8715277777777715 0.80000000000000004  
30.027488425925899 -10.0771122685185 -0.01  30.027488425925899 -10.0771122685185 0.80000000000000004  
30.0842013888889 -10.3302951388889 -0.01  30.0842013888889 -10.3302951388889 0.80000000000000004  

0 4
1 4

0 2
1 2

2 28.868645679162398 -10.404909004224999 -0.01 0 0 1 0.64534019000762632 0.76389530641372638 -0 -0.76389530641372638 0.64534019000762632 0 1.1779397749556699
2 28.615304489842298 -10.953260699214301 -0.01 0 0 1 0.29453772097012298 0.95563985419494002 -0 -0.95563985419494002 0.29453772097012298 0 1.7816821226841701
2 28.262067312836098 -13.364485687279 -0.01 0 0 1 0.070656549803508314 0.99750070274153912 -0 -0.99750070274153912 0.070656549803508314 0 4.2189947091996496
1 28.1276041666666 -9.14539930555555 -0.01 0 -1 0 0 0 -1 1 0 0 
1 27.8936631944444 -8.6319444444444411 -0.01 -0.97805577230895113 -0.20834324143859603 0 0.20834324143859603 -0.97805577230895113 0 0 0 1 
1 30.3439670138889 -8.1184895833333304 -0.01 0 1 0 0 -0 1 1 0 -0 
1 33.0084635416667 -8.6319444444444411 -0.01 0.97979246659350083 0.20001680531051294 0 -0.20001680531051294 0.97979246659350083 0 0 -0 1 
1 32.9887152777778 -9.14539930555555 -0.01 0 -1 0 0 0 -1 1 0 0 
2 32.841403282424501 -15.687522899081499 -0.01 0 0 1 -0.041338879052733493 0.99914518318343681 0 -0.99914518318343681 -0.041338879052733493 0 6.5420146764402096
2 32.407443960733204 -10.8062476838208 -0.01 0 0 1 -0.21348283577225008 0.97694681474000344 0 -0.97694681474000344 -0.21348283577225008 0 1.64090193493396
2 32.076817051101898 -9.8858308549226095 -0.01 0 0 1 -0.58495680553932894 0.8110644460542108 0 -0.8110644460542108 -0.58495680553932894 0 0.66140313495132108
9 0 0 0 0 3 1 4 2 2 2 31.4605034722222 -9.8077256944444393 -0.01  31.4605034722222 -9.8077256944444393 0.80000000000000004  
31.4605034722222 -9.6699942129629513 -0.01  31.4605034722222 -9.6699942129629513 0.80000000000000004  
31.4954427083333 -9.5565682870370292 -0.01  31.4954427083333 -9.5565682870370292 0.80000000000000004  
31.5653211805556 -9.467447916666659 -0.01  31.5653211805556 -9.467447916666659 0.80000000000000004  

0 4
1 4

0 2
1 2

2 33.745423437259504 -9.7138669876802304 -0.01 0 0 1 -0.99640676020703778 -0.084696919741597987 0 0.084696919741597987 -0.99640676020703778 0 2.2873750738429002
2 37.615361171674095 -9.2467154558740017 -0.01 0 0 1 -0.98742950860257106 -0.15806000613971002 0 0.15806000613971002 -0.98742950860257106 0 6.1851358436280206
1 32.2868923611111 -13.9016927083333 -0.01 0.97794449802068872 0.20886492953835795 0 -0.20886492953835795 0.97794449802068872 0 0 -0 1 
2 41.086848206925502 -15.8077988416181 -0.01 0 0 1 -0.95932979725395739 -0.2822876903102241 0 0.2822876903102241 -0.95932979725395739 0 8.2078625588200094
9 0 0 0 0 3 1 4 2 2 2 34.0900607638889 -19.8504774305555 -0.01  34.0900607638889 -19.8504774305555 0.80000000000000004  
33.817635995370402 -19.5496961805555 -0.01  33.817635995370402 -19.5496961805555 0.80000000000000004  
33.5993923611111 -19.191695601851798 -0.01  33.5993923611111 -19.191695601851798 0.80000000000000004  
33.4353298611111 -18.7764756944444 -0.01  33.4353298611111 -18.7764756944444 0.80000000000000004  

0 4
1 4

0 2
1 2

9 0 0 0 0 3 1 4 2 2 2 35.1063368055555 -20.5568576388889 -0.01  35.1063368055555 -20.5568576388889 0.80000000000000004  
34.701244212962997 -20.38671875 -0.01  34.701244212962997 -20.38671875 0.80000000000000004  
34.362485532407398 -20.1512586805555 -0.01  34.362485532407398 -20.1512586805555 0.80000000000000004  
34.0900607638889 -19.8504774305555 -0.01  34.0900607638889 -19.8504774305555 0.80000000000000004  

0 4
1 4

0 2
1 2

1 0 0 -0.01 0 0 -1 1 0 0 0 -1 0 
2 17.231826177656302 -18.441597667563201 -0.01 0 0 1 -0.18501366775124903 -0.98273594762033123 0 0.98273594762033123 -0.18501366775124903 0 2.1631764815341499
9 0 0 0 0 3 1 4 2 2 2 17.9694010416666 -20.3578559027778 -0.01  17.9694010416666 -20.3578559027778 0.80000000000000004  
17.792173032407401 -20.522931134259299 -0.01  17.792173032407401 -20.522931134259299 0.80000000000000004  
17.557725694444503 -20.60546875 -0.01  17.557725694444503 -20.60546875 0.80000000000000004  
17.2660590277778 -20.60546875 -0.01  17.2660590277778 -20.60546875 0.80000000000000004  

0 4
1 4

0 2
1 2

9 0 0 0 0 3 1 4 2 2 2 18.2352430555555 -19.6271701388889 -0.01  18.2352430555555 -19.6271701388889 0.80000000000000004  
18.2352430555555 -19.94921875 -0.01  18.2352430555555 -19.94921875 0.80000000000000004  
18.146629050925899 -20.192780671296301 -0.01  18.146629050925899 -20.192780671296301 0.80000000000000004  
17.9694010416666 -20.3578559027778 -0.01  17.9694010416666 -20.3578559027778 0.80000000000000004  

0 4
1 4

0 2
1 2

2 13.222438578419601 -19.674958850878397 -0.01 0 0 1 0.99767416897824601 0.068163425336219996 -0 -0.068163425336219996 0.99767416897824601 0 5.0134335378388499
2 10.981637639772101 -19.9821072903278 -0.01 0 0 1 0.98277557996646503 0.18480302871321799 -0 -0.18480302871321799 0.98277557996646503 0 7.2759923353123792
1 17.4605034722222 -15.5666232638889 -0.01 -0.97683817662060424 -0.21397938381193005 0 0.21397938381193005 -0.97683817662060424 0 0 0 1 
1 15.689236111111102 -12.9036458333333 -0.01 0 -1 0 0 0 -1 1 0 0 
1 14.369140625 -12.2398003472222 -0.01 -0.98075293314320622 -0.19525287227336205 0 0.19525287227336205 -0.98075293314320622 0 0 0 1 
1 15.4097222222222 -11.5759548611111 -0.01 0 1 0 0 -0 1 1 0 -0 
1 16.3302951388889 -10.37890625 -0.01 -0.97852342619134214 -0.20613564561898803 0 0.20613564561898803 -0.97852342619134214 0 0 0 1 
1 16.6432291666666 -9.1818576388888786 -0.01 0 1 0 0 -0 1 1 0 -0 
9 0 0 0 0 3 1 4 2 2 2 18.1820746527778 -10.4548611111111 -0.01  18.1820746527778 -10.4548611111111 0.80000000000000004  
17.836733217592602 -10.106481481481499 -0.01  17.836733217592602 -10.106481481481499 0.80000000000000004  
17.5121527777778 -9.6821469907407298 -0.01  17.5121527777778 -9.6821469907407298 0.80000000000000004  
17.2083333333333 -9.1818576388888786 -0.01  17.2083333333333 -9.1818576388888786 0.80000000000000004  

0 4
1 4

0 2
1 2

9 0 0 0 0 3 1 4 2 2 2 19.2165798611111 -11.2994791666667 -0.01  19.2165798611111 -11.2994791666667 0.80000000000000004  
18.872251157407398 -11.084780092592599 -0.01  18.872251157407398 -11.084780092592599 0.80000000000000004  
18.527416087963001 -10.8032407407407 -0.01  18.527416087963001 -10.8032407407407 0.80000000000000004  
18.1820746527778 -10.4548611111111 -0.01  18.1820746527778 -10.4548611111111 0.80000000000000004  

0 4
1 4

0 2
1 2

9 0 0 0 0 3 1 4 2 2 2 20.2267795138889 -11.7643229166667 -0.01  20.2267795138889 -11.7643229166667 0.80000000000000004  
19.897641782407401 -11.669126157407399 -0.01  19.897641782407401 -11.669126157407399 0.80000000000000004  
19.560908564814802 -11.5141782407407 -0.01  19.560908564814802 -11.5141782407407 0.80000000000000004  
19.2165798611111 -11.2994791666667 -0.01  19.2165798611111 -11.2994791666667 0.80000000000000004  

0 4
1 4

0 2
1 2

9 0 0 0 0 3 1 4 2 2 2 21.1397569444444 -11.9071180555555 -0.01  21.1397569444444 -11.9071180555555 0.80000000000000004  
20.8602430555556 -11.9071180555555 -0.01  20.8602430555556 -11.9071180555555 0.80000000000000004  
20.555917245370402 -11.859519675925899 -0.01  20.555917245370402 -11.859519675925899 0.80000000000000004  
20.2267795138889 -11.7643229166667 -0.01  20.2267795138889 -11.7643229166667 0.80000000000000004  

0 4
1 4

0 2
1 2

1 21.2445746527778 -12.4053819444444 -0.01 0.97858142839456852 0.20586011755861292 0 -0.20586011755861292 0.97858142839456852 0 0 -0 1 
1 20.5989583333334 -12.9036458333333 -0.01 0 -1 0 0 0 -1 1 0 0 
1 20.4318576388889 -15.5954861111111 -0.01 0.97731553003301619 0.21178846700489806 0 -0.21178846700489806 0.97731553003301619 0 0 -0 1 
2 11.4691771793965 -20.368455437792601 -0.01 0 0 1 0.98104799072845605 0.19376490881390099 -0 -0.19376490881390099 0.98104799072845605 0 9.7702953927408895
2 12.6600481627594 -20.1742109056575 -0.01 0 0 1 0.98880033915471399 0.149244394492801 -0 -0.149244394492801 0.98880033915471399 0 8.563847908136351
2 12.885206044168999 -20.154605657954601 -0.01 0 0 1 0.99509532070145257 0.098920689029511052 -0 -0.098920689029511066 0.99509532070145268 0 8.3379804301119105
2 15.925376196131801 -19.944712076116101 -0.01 0 0 1 0.99925082634251883 0.03870124098518609 -0 -0.03870124098518609 0.99925082634251883 0 5.2904974315288298
9 0 0 0 0 3 1 4 2 2 2 21.0212673611111 -20.9259982638889 -0.01  21.0212673611111 -20.9259982638889 0.80000000000000004  
21.150896990740701 -20.641420717592599 -0.01  21.150896990740701 -20.641420717592599 0.80000000000000004  
21.2157118055555 -20.306712962962997 -0.01  21.2157118055555 -20.306712962962997 0.80000000000000004  
21.2157118055555 -19.921875 -0.01  21.2157118055555 -19.921875 0.80000000000000004  

0 4
1 4

0 2
1 2

2 19.243701892918502 -20.139427789173801 -0.01 0 0 1 0.79571489392869699 -0.60567136929199705 0 0.60567136929199705 0.79571489392869699 -0 1.9431865400622801
2 19.051994904032298 -19.862180360040899 -0.01 0 0 1 0.46574844642862823 -0.8849171625916854 0 0.8849171625916854 0.46574844642862823 -0 2.2793105812552197
2 18.7220837932005 -18.7547150383012 -0.01 0 0 1 0.14048134871957105 -0.99008332511053343 0 0.99008332511053343 0.14048134871957105 -0 3.43617502426277
2 18.650364725045801 -17.514925333601099 -0.01 0 0 1 -0.10705091286918102 -0.99425354012639811 0 0.99425354012639811 -0.10705091286918102 0 4.6759806445105099
2 18.721578816769 -17.3048333215085 -0.01 0 0 1 -0.31345068556690192 -0.94960447962172079 0 0.9496044796217209 -0.31345068556690198 0 4.89553868023643
2 18.646733114075097 -17.4869536356228 -0.01 0 0 1 -0.48851687574667613 -0.87255444650216918 0 0.87255444650216918 -0.48851687574667613 0 4.6982356599138901
2 20.9758726126542 -14.138266024438201 -0.01 0 0 1 -0.60894600742229288 -0.79321167417307281 0 0.79321167417307281 -0.60894600742229288 0 8.777036645575361
1 15.5236545138889 -20.4626736111111 -0.01 -0.85656227678261943 0.51604366675018432 0 -0.51604366675018432 -0.85656227678261943 0 0 0 1 
2 18.005167178627399 -16.606742002862802 -0.01 0 0 1 -0.46327668829857116 -0.88621369323606636 0 0.88621369323606636 -0.46327668829857116 0 4.1530290900118203
1 0 0 -0.01 0 0 -1 1 0 0 0 -1 0 
1 -75.6197916666666 -1.2994791666666599 -0.01 -1 0 0 0 0 1 0 1 -0 
1 -75.5703125 -0.59895833333333104 -0.01 0 1 0 0 -0 1 1 0 -0 
2 -75.492563550915108 6.6436731924491603 -0.01 0 0 1 0.070438290879611648 -0.99751613880576351 0 0.99751613880576351 0.070438290879611648 -0 7.2423834445685307
9 0 0 0 0 3 1 4 2 2 2 -73.6015625 -0.226562499999997 -0.01  -73.6015625 -0.226562499999997 0.80000000000000004  
-73.8498263888889 -0.37760416666666602 -0.01  -73.8498263888889 -0.37760416666666602 0.80000000000000004  
-74.1397569444444 -0.47743055555555503 -0.01  -74.1397569444444 -0.47743055555555503 0.80000000000000004  
-74.4713541666666 -0.52604166666666408 -0.01  -74.4713541666666 -0.52604166666666408 0.80000000000000004  

0 4
1 4

0 2
1 2

9 0 0 0 0 3 1 4 2 2 2 -73.0078125 0.44791666666666996 -0.01  -73.0078125 0.44791666666666996 0.80000000000000004  
-73.1553819444444 0.14930555555555802 -0.01  -73.1553819444444 0.14930555555555802 0.80000000000000004  
-73.3532986111111 -0.075520833333330803 -0.01  -73.3532986111111 -0.075520833333330803 0.80000000000000004  
-73.6015625 -0.226562499999997 -0.01  -73.6015625 -0.226562499999997 0.80000000000000004  

0 4
1 4

0 2
1 2

9 0 0 0 0 3 1 4 2 2 2 -72.7864583333333 1.6302083333333302 -0.01  -72.7864583333333 1.6302083333333302 0.80000000000000004  
-72.7864583333333 1.140625 -0.01  -72.7864583333333 1.140625 0.80000000000000004  
-72.8602430555555 0.74652777777778101 -0.01  -72.8602430555555 0.74652777777778101 0.80000000000000004  
-73.0078125 0.44791666666666996 -0.01  -73.0078125 0.44791666666666996 0.80000000000000004  

0 4
1 4

0 2
1 2

1 -72.7864583333333 5.1458333333333401 -0.01 -1 0 0 0 0 1 0 1 -0 
2 -82.835289243054007 8.7067807202297303 -0.01 0 0 1 0.99500065815493755 0.099868364716967056 -0 -0.099868364716967056 0.99500065815493755 0 10.048261018817801
9 0 0 0 0 3 1 4 2 2 2 -73.6666666666666 12.4375 -0.01  -73.6666666666666 12.4375 0.80000000000000004  
-73.3506944444444 11.9375 -0.01  -73.3506944444444 11.9375 0.80000000000000004  
-73.125 11.361979166666702 -0.01  -73.125 11.361979166666702 0.80000000000000004  
-72.9895833333333 10.7109375 -0.01  -72.9895833333333 10.7109375 0.80000000000000004  

0 4
1 4

0 2
1 2

2 -76.613316021477502 10.590955444002299 -0.01 0 0 1 0.68955359070686217 0.72423466193166519 -0 -0.72423466193166519 0.68955359070686217 0 3.4771794926419899
9 0 0 0 0 3 1 4 2 2 2 -76.8229166666666 14.0625 -0.01  -76.8229166666666 14.0625 0.80000000000000004  
-76.0659722222222 14.0625 -0.01  -76.0659722222222 14.0625 0.80000000000000004  
-75.4296875 13.9166666666667 -0.01  -75.4296875 13.9166666666667 0.80000000000000004  
-74.9140625 13.625 -0.01  -74.9140625 13.625 0.80000000000000004  

0 4
1 4

0 2
1 2

9 0 0 0 0 3 1 4 2 2 2 -78.5338541666666 13.7630208333333 -0.01  -78.5338541666666 13.7630208333333 0.80000000000000004  
-78.0668402777777 13.9626736111111 -0.01  -78.0668402777777 13.9626736111111 0.80000000000000004  
-77.4965277777777 14.0625 -0.01  -77.4965277777777 14.0625 0.80000000000000004  
-76.8229166666666 14.0625 -0.01  -76.8229166666666 14.0625 0.80000000000000004  

0 4
1 4

0 2
1 2

9 0 0 0 0 3 1 4 2 2 2 -79.6640625 12.8776041666667 -0.01  -79.6640625 12.8776041666667 0.80000000000000004  
-79.3776041666667 13.2682291666667 -0.01  -79.3776041666667 13.2682291666667 0.80000000000000004  
-79.0008680555555 13.5633680555555 -0.01  -79.0008680555555 13.5633680555555 0.80000000000000004  
-78.5338541666666 13.7630208333333 -0.01  -78.5338541666666 13.7630208333333 0.80000000000000004  

0 4
1 4

0 2
1 2

9 0 0 0 0 3 1 4 2 2 2 -80.2890625 11.4453125 -0.01  -80.2890625 11.4453125 0.80000000000000004  
-80.1588541666667 12.0095486111111 -0.01  -80.1588541666667 12.0095486111111 0.80000000000000004  
-79.9505208333333 12.4869791666667 -0.01  -79.9505208333333 12.4869791666667 0.80000000000000004  
-79.6640625 12.8776041666667 -0.01  -79.6640625 12.8776041666667 0.80000000000000004  

0 4
1 4

0 2
1 2

9 0 0 0 0 3 1 4 2 2 2 -80.484375 9.5052083333333304 -0.01  -80.484375 9.5052083333333304 0.80000000000000004  
-80.484375 10.234375 -0.01  -80.484375 10.234375 0.80000000000000004  
-80.4192708333333 10.8810763888889 -0.01  -80.4192708333333 10.8810763888889 0.80000000000000004  
-80.2890625 11.4453125 -0.01  -80.2890625 11.4453125 0.80000000000000004  

0 4
1 4

0 2
1 2

1 -80.484375 3.7526041666666701 -0.01 1 0 0 0 0 -1 -0 1 0 
1 -83.390625 -2 -0.01 0 -1 0 0 0 -1 1 0 0 
1 -86.296875 -1.2994791666666599 -0.01 -1 0 0 0 0 1 0 1 -0 
1 -86.2395833333333 -0.59895833333333104 -0.01 0 1 0 0 -0 1 1 0 -0 
2 -86.141109551074194 5.48655450667294 -0.01 0 0 1 0.080642054447259498 -0.99674312591285297 0 0.99674312591285297 0.080642054447259498 -0 6.0851306894469195
9 0 0 0 0 3 1 4 2 2 2 -84.34375 -0.18489583333333098 -0.01  -84.34375 -0.18489583333333098 0.80000000000000004  
-84.5729166666667 -0.35329861111110999 -0.01  -84.5729166666667 -0.35329861111110999 0.80000000000000004  
-84.8446180555555 -0.46440972222222099 -0.01  -84.8446180555555 -0.46440972222222099 0.80000000000000004  
-85.1588541666666 -0.51822916666666397 -0.01  -85.1588541666666 -0.51822916666666397 0.80000000000000004  

0 4
1 4

0 2
1 2

9 0 0 0 0 3 1 4 2 2 2 -83.8151041666666 0.5390625 -0.01  -83.8151041666666 0.5390625 0.80000000000000004  
-83.9383680555555 0.224826388888891 -0.01  -83.9383680555555 0.224826388888891 0.80000000000000004  
-84.1145833333333 -0.0164930555555531 -0.01  -84.1145833333333 -0.0164930555555531 0.80000000000000004  
-84.34375 -0.18489583333333098 -0.01  -84.34375 -0.18489583333333098 0.80000000000000004  

0 4
1 4

0 2
1 2

9 0 0 0 0 3 1 4 2 2 2 -83.6302083333333 1.7916666666666698 -0.01  -83.6302083333333 1.7916666666666698 0.80000000000000004  
-83.6302083333333 1.2708333333333399 -0.01  -83.6302083333333 1.2708333333333399 0.80000000000000004  
-83.691840277777686 0.85329861111111305 -0.01  -83.691840277777686 0.85329861111111305 0.80000000000000004  
-83.8151041666666 0.5390625 -0.01  -83.8151041666666 0.5390625 0.80000000000000004  

0 4
1 4

0 2
1 2

1 -83.6302083333333 5.7317708333333393 -0.01 -1 0 0 0 0 1 0 1 -0 
9 0 0 0 0 3 1 4 2 2 2 -83.247395833333286 12.6171875 -0.01  -83.247395833333286 12.6171875 0.80000000000000004  
-83.5026041666666 11.7925347222222 -0.01  -83.5026041666666 11.7925347222222 0.80000000000000004  
-83.6302083333333 10.8107638888889 -0.01  -83.6302083333333 10.8107638888889 0.80000000000000004  
-83.6302083333333 9.671875 -0.01  -83.6302083333333 9.671875 0.80000000000000004  

0 4
1 4

0 2
1 2

9 0 0 0 0 3 1 4 2 2 2 -82.140625 14.6432291666667 -0.01  -82.140625 14.6432291666667 0.80000000000000004  
-82.6232638888889 14.1171875 -0.01  -82.6232638888889 14.1171875 0.80000000000000004  
-82.9921875 13.441840277777802 -0.01  -82.9921875 13.441840277777802 0.80000000000000004  
-83.247395833333286 12.6171875 -0.01  -83.247395833333286 12.6171875 0.80000000000000004  

0 4
1 4

0 2
1 2

2 -78.8737967524483 11.6423164350511 -0.01 0 0 1 -0.5557069449046298 0.8313782480825217 0 -0.8313782480825217 -0.5557069449046298 0 4.4363113736188096
9 0 0 0 0 3 1 4 2 2 2 -78.03125 16.1979166666666 -0.01  -78.03125 16.1979166666666 0.80000000000000004  
-78.9097222222222 16.1979166666666 -0.01  -78.9097222222222 16.1979166666666 0.80000000000000004  
-79.6935763888889 16.0703125 -0.01  -79.6935763888889 16.0703125 0.80000000000000004  
-80.3828125 15.8151041666666 -0.01  -80.3828125 15.8151041666666 0.80000000000000004  

0 4
1 4

0 2
1 2

2 -77.9919086309216 7.0416127864751008 -0.01 0 0 1 0.081172705367331413 0.99670005112037008 -0 -0.99670005112037019 0.081172705367331427 0 9.1559051238745504
2 -77.266716427769992 11.509701768751802 -0.01 0 0 1 0.31656240903972716 0.94857168478874843 -0 -0.94857168478874843 0.31656240903972716 0 4.62870133787189
9 0 0 0 0 3 1 4 2 2 2 -73.9192708333333 14.6927083333333 -0.01  -73.9192708333333 14.6927083333333 0.80000000000000004  
-74.3029513888888 15.0885416666667 -0.01  -74.3029513888888 15.0885416666667 0.80000000000000004  
-74.7092013888888 15.3975694444445 -0.01  -74.7092013888888 15.3975694444445 0.80000000000000004  
-75.1380208333333 15.6197916666666 -0.01  -75.1380208333333 15.6197916666666 0.80000000000000004  

0 4
1 4

0 2
1 2

9 0 0 0 0 3 1 4 2 2 2 -72.8229166666666 13.171875 -0.01  -72.8229166666666 13.171875 0.80000000000000004  
-73.1701388888889 13.7899305555555 -0.01  -73.1701388888889 13.7899305555555 0.80000000000000004  
-73.5355902777778 14.296875 -0.01  -73.5355902777778 14.296875 0.80000000000000004  
-73.9192708333333 14.6927083333333 -0.01  -73.9192708333333 14.6927083333333 0.80000000000000004  

0 4
1 4

0 2
1 2

1 -72.7395833333333 13.171875 -0.01 0 1 0 0 -0 1 1 0 -0 
1 -72.4375 14.5208333333333 -0.01 -0.98710547774758473 0.16007115855366497 0 -0.16007115855366497 -0.98710547774758473 0 0 0 1 
1 -69.5260416666666 15.869791666666698 -0.01 0 1 0 0 -0 1 1 0 -0 
1 -66.8333333333333 15.171875 -0.01 1 0 0 0 0 -1 -0 1 0 
1 -66.8802083333333 14.4739583333333 -0.01 0 -1 0 0 0 -1 1 0 0 
2 -66.958843582074294 8.1321479974904705 -0.01 0 0 1 -0.080407723322636404 0.99676205687720199 0 -0.99676205687720199 -0.080407723322636404 0 6.34149870111324
9 0 0 0 0 3 1 4 2 2 2 -68.8489583333333 14.0651041666667 -0.01  -68.8489583333333 14.0651041666667 0.80000000000000004  
-68.598958333333286 14.2265625 -0.01  -68.598958333333286 14.2265625 0.80000000000000004  
-68.3090277777778 14.3350694444444 -0.01  -68.3090277777778 14.3350694444444 0.80000000000000004  
-67.9791666666667 14.390625 -0.01  -67.9791666666667 14.390625 0.80000000000000004  

0 4
1 4

0 2
1 2

9 0 0 0 0 3 1 4 2 2 2 -69.4427083333333 13.375 -0.01  -69.4427083333333 13.375 0.80000000000000004  
-69.296875 13.6736111111111 -0.01  -69.296875 13.6736111111111 0.80000000000000004  
-69.0989583333333 13.903645833333298 -0.01  -69.0989583333333 13.903645833333298 0.80000000000000004  
-68.8489583333333 14.0651041666667 -0.01  -68.8489583333333 14.0651041666667 0.80000000000000004  

0 4
1 4

0 2
1 2

9 0 0 0 0 3 1 4 2 2 2 -69.6614583333333 12.1927083333333 -0.01  -69.6614583333333 12.1927083333333 0.80000000000000004  
-69.6614583333333 12.6822916666667 -0.01  -69.6614583333333 12.6822916666667 0.80000000000000004  
-69.5885416666666 13.0763888888889 -0.01  -69.5885416666666 13.0763888888889 0.80000000000000004  
-69.4427083333333 13.375 -0.01  -69.4427083333333 13.375 0.80000000000000004  

0 4
1 4

0 2
1 2

1 -69.6614583333333 6.9921875 -0.01 1 0 0 0 0 -1 -0 1 0 
9 0 0 0 0 3 1 4 2 2 2 -69.4427083333333 0.5390625 -0.01  -69.4427083333333 0.5390625 0.80000000000000004  
-69.5885416666666 0.85329861111111305 -0.01  -69.5885416666666 0.85329861111111305 0.80000000000000004  
-69.6614583333333 1.2708333333333399 -0.01  -69.6614583333333 1.2708333333333399 0.80000000000000004  
-69.6614583333333 1.7916666666666698 -0.01  -69.6614583333333 1.7916666666666698 0.80000000000000004  

0 4
1 4

0 2
1 2

9 0 0 0 0 3 1 4 2 2 2 -68.8567708333333 -0.18489583333333098 -0.01  -68.8567708333333 -0.18489583333333098 0.80000000000000004  
-69.101562499999901 -0.0164930555555531 -0.01  -69.101562499999901 -0.0164930555555531 0.80000000000000004  
-69.296875 0.224826388888891 -0.01  -69.296875 0.224826388888891 0.80000000000000004  
-69.4427083333333 0.5390625 -0.01  -69.4427083333333 0.5390625 0.80000000000000004  

0 4
1 4

0 2
1 2

9 0 0 0 0 3 1 4 2 2 2 -67.9947916666666 -0.51822916666666397 -0.01  -67.9947916666666 -0.51822916666666397 0.80000000000000004  
-68.3246527777777 -0.46440972222222099 -0.01  -68.3246527777777 -0.46440972222222099 0.80000000000000004  
-68.6119791666666 -0.35329861111110999 -0.01  -68.6119791666666 -0.35329861111110999 0.80000000000000004  
-68.8567708333333 -0.18489583333333098 -0.01  -68.8567708333333 -0.18489583333333098 0.80000000000000004  

0 4
1 4

0 2
1 2

2 -66.967165324163304 6.05272625873598 -0.01 0 0 1 -0.077172952443913201 -0.99701772071066497 0 0.99701772071066497 -0.077172952443913201 0 6.65132244158033
1 -66.7890625 -0.59895833333333104 -0.01 0 1 0 0 -0 1 1 0 -0 
1 -66.6510416666666 -1.2994791666666599 -0.01 1 0 0 0 0 -1 -0 1 0 
1 -71.1354166666666 -2 -0.01 0 -1 0 0 0 -1 1 0 0 
1 0 0 -0.01 0 0 -1 1 0 0 0 -1 0 
2 9.8802640051630686 -7.4369935991031504 -0.01 0 0 1 0.12097274187851097 -0.99265582944059483 0 0.99265582944059483 0.12097274187851097 -0 2.3916983895529
2 9.8526831485661308 -7.3796695357199598 -0.01 0 0 1 -0.13916848412425303 -0.99026871758455415 0 0.99026871758455426 -0.13916848412425306 0 2.44921899065735
2 9.6722617298186897 -7.9649935177027 -0.01 0 0 1 -0.44139048704890882 -0.89731512744560771 0 0.89731512744560771 -0.44139048704890882 0 1.8364592611850901
2 9.4405585835214598 -8.2952032942210092 -0.01 0 0 1 -0.76246878263656304 -0.64702500377088801 0 0.64702500377088801 -0.76246878263656304 0 1.43310909653938
9 0 0 0 0 3 1 4 2 2 2 8.0086805555555607 -8.2521701388888786 -0.01  8.0086805555555607 -8.2521701388888786 0.80000000000000004  
8.0086805555555607 -8.5175057870370292 -0.01  8.0086805555555607 -8.5175057870370292 0.80000000000000004  
8.0608362268518601 -8.7499276620370416 -0.01  8.0608362268518601 -8.7499276620370416 0.80000000000000004  
8.16514756944445 -8.9494357638888893 -0.01  8.16514756944445 -8.9494357638888893 0.80000000000000004  

0 4
1 4

0 2
1 2

9 0 0 0 0 3 1 4 2 2 2 8.1362847222222303 -7.6976996527777697 -0.01  8.1362847222222303 -7.6976996527777697 0.80000000000000004  
8.0512152777777803 -7.8526475694444402 -0.01  8.0512152777777803 -7.8526475694444402 0.80000000000000004  
8.0086805555555607 -8.0374710648148113 -0.01  8.0086805555555607 -8.0374710648148113 0.80000000000000004  
8.0086805555555607 -8.2521701388888786 -0.01  8.0086805555555607 -8.2521701388888786 0.80000000000000004  

0 4
1 4

0 2
1 2

2 9.1317675272362688 -8.2385626209350313 -0.01 0 0 1 -0.74699231831850499 0.66483266794972196 0 -0.66483266794972196 -0.74699231831850499 0 1.1328118959445499
2 9.2842121085543816 -8.4715378227369591 -0.01 0 0 1 -0.40779553481893988 0.91307327295334573 0 -0.91307327295334573 -0.40779553481893988 0 1.4114781807988801
2 9.5488739855564688 -9.5701030487189804 -0.01 0 0 1 -0.11376991171399502 0.99350712488063708 0 -0.99350712488063708 -0.11376991171399502 0 2.5421105081437601
2 9.5755130695280304 -9.6852570633069011 -0.01 0 0 1 0.12909768208127295 0.99163188153731852 -0 -0.99163188153731863 0.12909768208127298 0 2.6572971610193798
2 9.8652220785628693 -8.65632318434346 -0.01 0 0 1 0.44354841669593503 0.89625041257816407 -0 -0.89625041257816407 0.44354841669593503 0 1.58777822461284
2 9.9541797844234292 -8.5066177170346489 -0.01 0 0 1 0.78055203702346421 0.62509080740202916 -0 -0.62509080740202916 0.78055203702346421 0 1.4149326077217801
9 0 0 0 0 3 1 4 2 2 2 11.3780381944444 -8.6228298611111089 -0.01  11.3780381944444 -8.6228298611111089 0.80000000000000004  
11.3780381944444 -8.3372395833333286 -0.01  11.3780381944444 -8.3372395833333286 0.80000000000000004  
11.328920717592599 -8.0946903935185102 -0.01  11.328920717592599 -8.0946903935185102 0.80000000000000004  
11.2306857638889 -7.8951822916666599 -0.01  11.2306857638889 -7.8951822916666599 0.80000000000000004  

0 4
1 4

0 2
1 2

9 0 0 0 0 3 1 4 2 2 2 11.2595486111111 -9.1545138888888911 -0.01  11.2595486111111 -9.1545138888888911 0.80000000000000004  
11.3385416666667 -9.0026041666666607 -0.01  11.3385416666667 -9.0026041666666607 0.80000000000000004  
11.3780381944444 -8.8253761574074012 -0.01  11.3780381944444 -8.8253761574074012 0.80000000000000004  
11.3780381944444 -8.6228298611111089 -0.01  11.3780381944444 -8.6228298611111089 0.80000000000000004  

0 4
1 4

0 2
1 2

2 10.280517237326199 -8.6510545309877109 -0.01 0 0 1 0.76240892605006139 -0.6470955335027373 0 0.6470955335027373 0.76240892605006139 -0 1.1007811467363902
2 10.135642800487799 -8.4317123737736406 -0.01 0 0 1 0.42531368244422108 -0.9050460051984851 0 0.9050460051984851 0.42531368244422108 -0 1.3638242450113101
1 0 0 -0.01 0 0 -1 1 0 0 0 -1 0 
2 24.742144335134601 -19.275254075226901 -0.01 0 0 1 -0.20195802063739704 -0.97939417902100312 0 0.97939417902100312 -0.20195802063739704 0 1.3663037535209599
9 0 0 0 0 3 1 4 2 2 2 25.2565104166667 -20.4140625 -0.01  25.2565104166667 -20.4140625 0.80000000000000004  
25.139033564814802 -20.5659722222222 -0.01  25.139033564814802 -20.5659722222222 0.80000000000000004  
24.972945601851901 -20.6419270833334 -0.01  24.972945601851901 -20.6419270833334 0.80000000000000004  
24.7582465277778 -20.6419270833334 -0.01  24.7582465277778 -20.6419270833334 0.80000000000000004  

0 4
1 4

0 2
1 2

9 0 0 0 0 3 1 4 2 2 2 25.4327256944444 -19.7578125 -0.01  25.4327256944444 -19.7578125 0.80000000000000004  
25.4327256944444 -20.0434027777778 -0.01  25.4327256944444 -20.0434027777778 0.80000000000000004  
25.373987268518501 -20.2621527777778 -0.01  25.373987268518501 -20.2621527777778 0.80000000000000004  
25.2565104166667 -20.4140625 -0.01  25.2565104166667 -20.4140625 0.80000000000000004  

0 4
1 4

0 2
1 2

2 20.0832784335723 -19.794286086417301 -0.01 0 0 1 0.99634685109133481 0.085398784068519681 -0 -0.085398784068519681 0.99634685109133481 0 5.3499892566364995
2 5.40274364131594 -22.232900096970198 -0.01 0 0 1 0.9820080911886554 0.18883884356777209 -0 -0.18883884356777209 0.9820080911886554 0 20.232209481803
1 24.0078125 -12.5618489583333 -0.01 -0.97727417824506924 -0.21197919835546306 0 0.21197919835546306 -0.97727417824506924 0 0 0 1 
1 25.2003038194445 -7.2252604166666599 -0.01 0 1 0 0 -0 1 1 0 -0 
1 27.6399739583333 -7.7387152777777697 -0.01 0.98510460835551372 0.17195612986087494 0 -0.17195612986087494 0.98510460835551372 0 0 -0 1 
1 27.5260416666667 -8.2521701388888786 -0.01 0 -1 0 0 0 -1 1 0 0 
2 27.284190882544202 -11.6582836208621 -0.01 0 0 1 -0.064245358255190524 0.9979341330682413 0 -0.9979341330682413 -0.064245358255190524 0 3.4059060140662303
9 0 0 0 0 3 1 4 2 2 2 26.5234375 -8.3949652777777697 -0.01  26.5234375 -8.3949652777777697 0.80000000000000004  
26.606481481481499 -8.3382523148148113 -0.01  26.606481481481499 -8.3382523148148113 0.80000000000000004  
26.714337384259299 -8.3002748842592595 -0.01  26.714337384259299 -8.3002748842592595 0.80000000000000004  
26.8470052083334 -8.2810329861111107 -0.01  26.8470052083334 -8.2810329861111107 0.80000000000000004  

0 4
1 4

0 2
1 2

2 26.799220236065903 -8.7848046050992501 -0.01 0 0 1 -0.80166657012224241 0.5977714532732723 0 -0.5977714532732723 -0.80166657012224241 0 0.477996115340796
9 0 0 0 0 3 1 4 2 2 2 26.2864583333333 -9.0694444444444411 -0.01  26.2864583333333 -9.0694444444444411 0.80000000000000004  
26.2864583333333 -8.8912037037037006 -0.01  26.2864583333333 -8.8912037037037006 0.80000000000000004  
26.305193865740801 -8.7484085648148096 -0.01  26.305193865740801 -8.7484085648148096 0.80000000000000004  
26.3426649305556 -8.6410590277777697 -0.01  26.3426649305556 -8.6410590277777697 0.80000000000000004  

0 4
1 4

0 2
1 2

2 27.690113133431502 -9.0210145716032706 -0.01 0 0 1 -0.99761102014839376 -0.06908149157684268 0 0.06908149157684268 -0.99761102014839376 0 1.40470399319171
2 30.081384013119798 -8.7596247586470604 -0.01 0 0 1 -0.99045720471772825 -0.13782062843690804 0 0.13782062843690804 -0.99045720471772825 0 3.8103944418020701
2 32.528100880578599 -8.3668660564541995 -0.01 0 0 1 -0.98307028150831599 -0.18322887767805701 0 0.18322887767805701 -0.98307028150831599 0 6.2884797127032996
2 33.6954019524687 -8.1368717641153889 -0.01 0 0 1 -0.97560795584741378 -0.21952019608052195 0 0.21952019608052195 -0.97560795584741378 0 7.4781788404420002
1 27.2738715277778 -13.892578125 -0.01 0.97829597728663897 0.20721240509385599 0 -0.20721240509385597 0.97829597728663875 0 0 -0 1 
9 0 0 0 0 3 1 4 2 2 2 28.4314236111111 -20.1953125 -0.01  28.4314236111111 -20.1953125 0.80000000000000004  
28.4314236111111 -19.638310185185201 -0.01  28.4314236111111 -19.638310185185201 0.80000000000000004  
28.327112268518501 -18.866608796296301 -0.01  28.327112268518501 -18.866608796296301 0.80000000000000004  
28.1184895833334 -17.8802083333334 -0.01  28.1184895833334 -17.8802083333334 0.80000000000000004  

0 4
1 4

0 2
1 2

9 0 0 0 0 3 1 4 2 2 2 27.8328993055555 -21.6642795138889 -0.01  27.8328993055555 -21.6642795138889 0.80000000000000004  
28.231915509259302 -21.312861689814802 -0.01  28.231915509259302 -21.312861689814802 0.80000000000000004  
28.4314236111111 -20.823206018518501 -0.01  28.4314236111111 -20.823206018518501 0.80000000000000004  
28.4314236111111 -20.1953125 -0.01  28.4314236111111 -20.1953125 0.80000000000000004  

0 4
1 4

0 2
1 2

9 0 0 0 0 3 1 4 2 2 2 26.1163194444445 -22.19140625 -0.01  26.1163194444445 -22.19140625 0.80000000000000004  
26.861689814814799 -22.19140625 -0.01  26.861689814814799 -22.19140625 0.80000000000000004  
27.433883101851901 -22.015697337962997 -0.01  27.433883101851901 -22.015697337962997 0.80000000000000004  
27.8328993055555 -21.6642795138889 -0.01  27.8328993055555 -21.6642795138889 0.80000000000000004  

0 4
1 4

0 2
1 2

2 26.075970747705302 -18.279337693359402 -0.01 0 0 1 -0.12017424141537 -0.99275281500494394 0 0.99275281500494394 -0.12017424141537 0 3.9115201882755999
2 26.076524969680399 -18.331816107737602 -0.01 0 0 1 -0.35366885082660315 -0.93537069868314249 0 0.93537069868314249 -0.35366885082660315 0 3.8594982689976898
2 26.032083907664198 -18.4378359226009 -0.01 0 0 1 -0.54876907857914603 -0.83597398188902705 0 0.83597398188902705 -0.54876907857914603 0 3.7441023422786199
2 27.028770566923498 -17.218240310937102 -0.01 0 0 1 -0.68431390134431591 -0.72918755092700394 0 0.72918755092700394 -0.68431390134431591 0 5.3186196566902195
1 23.3773871527778 -20.5234375 -0.01 -0.81602448110165471 0.57801734078033973 0 -0.57801734078033973 -0.81602448110165471 0 0 0 1 
2 25.9792997967185 -16.7140146490459 -0.01 0 0 1 -0.48852818889284105 -0.87254811251705811 0 0.87254811251705811 -0.48852818889284105 0 4.2104227323262302
1 0 0 -0.01 0 0 -1 1 0 0 0 -1 0 
1 9.1844618055555589 -14.7371961805555 -0.01 -0.97798772178434901 -0.20866244520530999 0 0.20866244520530999 -0.97798772178434901 0 0 0 1 
1 10.8174913194444 -11.5759548611111 -0.01 0 1 0 0 -0 1 1 0 -0 
1 13.210069444444398 -12.0924479166667 -0.01 0.98670586557819717 0.16251626021288101 0 -0.16251626021288101 0.98670586557819717 0 0 -0 1 
1 13.1204427083333 -12.6089409722222 -0.01 0 -1 0 0 0 -1 1 0 0 
2 12.905559060486601 -15.920785312574699 -0.01 0 0 1 -0.065157662634808211 0.99787498164848709 0 -0.9978749816484872 -0.065157662634808225 0 3.3116337762291801
9 0 0 0 0 3 1 4 2 2 2 12.1573350694444 -12.7517361111111 -0.01  12.1573350694444 -12.7517361111111 0.80000000000000004  
12.2393663194444 -12.695023148148099 -0.01  12.2393663194444 -12.695023148148099 0.80000000000000004  
12.3451967592593 -12.657045717592601 -0.01  12.3451967592593 -12.657045717592601 0.80000000000000004  
12.4748263888889 -12.6378038194444 -0.01  12.4748263888889 -12.6378038194444 0.80000000000000004  

0 4
1 4

0 2
1 2

2 12.4436131037571 -13.148003513892901 -0.01 0 0 1 -0.80285080828582922 0.59617998929416516 0 -0.59617998929416516 -0.80285080828582922 0 0.48941673229859295
9 0 0 0 0 3 1 4 2 2 2 11.9188368055556 -13.426215277777802 -0.01  11.9188368055556 -13.426215277777802 0.80000000000000004  
11.9188368055556 -13.25 -0.01  11.9188368055556 -13.25 0.80000000000000004  
11.938078703703701 -13.1077112268518 -0.01  11.938078703703701 -13.1077112268518 0.80000000000000004  
11.9765625 -12.9993489583333 -0.01  11.9765625 -12.9993489583333 0.80000000000000004  

0 4
1 4

0 2
1 2

2 13.306713297383901 -13.3832952486203 -0.01 0 0 1 -0.99771596897967896 -0.067548835985088707 0 0.067548835985088707 -0.99771596897967896 0 1.38874492370887
2 15.545076935315199 -13.138760266316199 -0.01 0 0 1 -0.99031547464970215 -0.13883537254365402 0 0.13883537254365402 -0.99031547464970215 0 3.6406048154036799
2 27.018551712062401 -11.2350954820628 -0.01 0 0 1 -0.98493018872963678 -0.17295237300772198 0 0.17295237300772198 -0.98493018872963678 0 15.270980471674001
2 19.5361889637799 -12.623160871335399 -0.01 0 0 1 -0.98032779171762652 -0.19737634302530291 0 0.19737634302530291 -0.98032779171762652 0 7.6609637746735695
1 12.432291666666702 -16.0709635416666 -0.01 0.97867167282572642 0.20543066180221109 0 -0.20543066180221109 0.97867167282572642 0 0 -0 1 
2 -2.9406781484687201 -21.4066464098861 -0.01 0 0 1 0.98453773165776903 0.175172643247098 -0 -0.175172643247098 0.98453773165776903 0 16.142064931004299
9 0 0 0 0 3 1 4 2 2 2 13.125 -20.1953125 -0.01  13.125 -20.1953125 0.80000000000000004  
13.125 -19.917824074074101 -0.01  13.125 -19.917824074074101 0.80000000000000004  
13.099681712962999 -19.585648148148099 -0.01  13.099681712962999 -19.585648148148099 0.80000000000000004  
13.0490451388889 -19.1987847222222 -0.01  13.0490451388889 -19.1987847222222 0.80000000000000004  

0 4
1 4

0 2
1 2

9 0 0 0 0 3 1 4 2 2 2 12.5264756944444 -21.6642795138889 -0.01  12.5264756944444 -21.6642795138889 0.80000000000000004  
12.925491898148101 -21.312861689814802 -0.01  12.925491898148101 -21.312861689814802 0.80000000000000004  
13.125 -20.823206018518501 -0.01  13.125 -20.823206018518501 0.80000000000000004  
13.125 -20.1953125 -0.01  13.125 -20.1953125 0.80000000000000004  

0 4
1 4

0 2
1 2

9 0 0 0 0 3 1 4 2 2 2 10.8098958333333 -22.19140625 -0.01  10.8098958333333 -22.19140625 0.80000000000000004  
11.555266203703699 -22.19140625 -0.01  11.555266203703699 -22.19140625 0.80000000000000004  
12.1274594907407 -22.015697337962997 -0.01  12.1274594907407 -22.015697337962997 0.80000000000000004  
12.5264756944444 -21.6642795138889 -0.01  12.5264756944444 -21.6642795138889 0.80000000000000004  

0 4
1 4

0 2
1 2

2 10.7673047936053 -18.332204511866198 -0.01 0 0 1 -0.12094503103894701 -0.99265920610599701 0 0.99265920610599701 -0.12094503103894701 0 3.8586280077338397
2 10.8209945792869 -18.210542536511301 -0.01 0 0 1 -0.35327464845710882 -0.93551965385955749 0 0.93551965385955749 -0.35327464845710882 0 3.9885202037395104
2 10.703392756427901 -18.445354391785198 -0.01 0 0 1 -0.54537055908839793 -0.83819505682126783 0 0.83819505682126783 -0.54537055908839793 0 3.7252101237097999
2 11.6534882310415 -17.278148001479799 -0.01 0 0 1 -0.68329861349751164 -0.7301390311388497 0 0.73013903113884981 -0.68329861349751175 0 5.2296384790777299
1 8.06944444444445 -20.5234375 -0.01 -0.814242569701779 0.58052479506515797 0 -0.58052479506515797 -0.814242569701779 0 0 0 1 
2 10.6728761856016 -16.714014649056001 -0.01 0 0 1 -0.48852818889282701 -0.87254811251706599 0 0.87254811251706599 -0.48852818889282701 0 4.2104227323146199
2 9.4357207240225609 -19.275254075230901 -0.01 0 0 1 -0.20195802063731003 -0.97939417902102111 0 0.97939417902102111 -0.20195802063731003 0 1.36630375351689
9 0 0 0 0 3 1 4 2 2 2 9.9500868055555607 -20.4140625 -0.01  9.9500868055555607 -20.4140625 0.80000000000000004  
9.8326099537037113 -20.5659722222222 -0.01  9.8326099537037113 -20.5659722222222 0.80000000000000004  
9.6665219907407405 -20.6419270833334 -0.01  9.6665219907407405 -20.6419270833334 0.80000000000000004  
9.4518229166666696 -20.6419270833334 -0.01  9.4518229166666696 -20.6419270833334 0.80000000000000004  

0 4
1 4

0 2
1 2

9 0 0 0 0 3 1 4 2 2 2 10.1263020833333 -19.7578125 -0.01  10.1263020833333 -19.7578125 0.80000000000000004  
10.1263020833333 -20.0434027777778 -0.01  10.1263020833333 -20.0434027777778 0.80000000000000004  
10.067563657407399 -20.2621527777778 -0.01  10.067563657407399 -20.2621527777778 0.80000000000000004  
9.9500868055555607 -20.4140625 -0.01  9.9500868055555607 -20.4140625 0.80000000000000004  

0 4
1 4

0 2
1 2

2 4.7768548224629894 -19.794286086417301 -0.01 0 0 1 0.99634685109133203 0.085398784068551004 -0 -0.085398784068551017 0.99634685109133214 0 5.34998925663474
2 -9.90367996980196 -22.232900096971502 -0.01 0 0 1 0.9820080911886554 0.18883884356777209 -0 -0.18883884356777209 0.9820080911886554 0 20.2322094818099
1 0 0 -0.01 0 0 -1 1 0 0 0 -1 0 
1 40.226482719202799 -24.2531409182508 -0.01 -0.30901699437494695 0.95105651629515375 0 -0.95105651629515375 -0.30901699437494695 0 0 0 1 
1 41.011027971725305 -25.0496889373585 -0.01 0.95105651629515309 0.30901699437494906 0 -0.30901699437494906 0.95105651629515309 0 0 -0 1 
1 40.8445167079527 -26.1552539508412 -0.01 0.30901699437494812 -0.95105651629515342 0 0.95105651629515342 0.30901699437494812 0 -0 0 1 
1 40.059971455430102 -25.358705931733503 -0.01 -0.95105651629515309 -0.30901699437494906 0 0.30901699437494906 -0.95105651629515309 0 0 0 1 
1 0 0 -0.01 0 0 -1 1 0 0 0 -1 0 
1 80.6614583333333 9.8984375 -0.01 -1 0 0 0 0 1 0 1 -0 
2 82.3385416666667 21.0963541666667 -0.01 0 0 1 1 0 -0 -0 1 0 5.4489583333333407
1 84.03125 9.8984375 -0.01 1 0 0 0 0 -1 -0 1 0 
9 0 0 0 0 3 1 4 2 2 2 84.2421875 0.5390625 -0.01  84.2421875 0.5390625 0.80000000000000004  
84.1015625 0.85329861111111305 -0.01  84.1015625 0.85329861111111305 0.80000000000000004  
84.03125 1.2708333333333399 -0.01  84.03125 1.2708333333333399 0.80000000000000004  
84.03125 1.7916666666666698 -0.01  84.03125 1.7916666666666698 0.80000000000000004  

0 4
1 4

0 2
1 2

9 0 0 0 0 3 1 4 2 2 2 84.828125 -0.18489583333333098 -0.01  84.828125 -0.18489583333333098 0.80000000000000004  
84.578125 -0.0164930555555531 -0.01  84.578125 -0.0164930555555531 0.80000000000000004  
84.3828125 0.224826388888891 -0.01  84.3828125 0.224826388888891 0.80000000000000004  
84.2421875 0.5390625 -0.01  84.2421875 0.5390625 0.80000000000000004  

0 4
1 4

0 2
1 2

9 0 0 0 0 3 1 4 2 2 2 85.7005208333333 -0.51822916666666397 -0.01  85.7005208333333 -0.51822916666666397 0.80000000000000004  
85.3689236111111 -0.46440972222222099 -0.01  85.3689236111111 -0.46440972222222099 0.80000000000000004  
85.078125 -0.35329861111110999 -0.01  85.078125 -0.35329861111110999 0.80000000000000004  
84.828125 -0.18489583333333098 -0.01  84.828125 -0.18489583333333098 0.80000000000000004  

0 4
1 4

0 2
1 2

2 86.729572219498607 6.06381532763102 -0.01 0 0 1 -0.077160369728512201 -0.99701869458067804 0 0.99701869458067804 -0.077160369728512201 0 6.6624407940852706
1 86.9765625 -0.59895833333333104 -0.01 0 1 0 0 -0 1 1 0 -0 
1 87.1875 -1.2994791666666599 -0.01 1 0 0 0 0 -1 -0 1 0 
1 82.3385416666667 -2 -0.01 0 -1 0 0 0 -1 1 0 0 
1 77.4895833333333 -1.2994791666666599 -0.01 -1 0 0 0 0 1 0 1 -0 
1 77.7083333333333 -0.59895833333333104 -0.01 0 1 0 0 -0 1 1 0 -0 
2 77.950718597822103 6.1006185221306497 -0.01 0 0 1 0.077131235602993911 -0.9970209488743732 0 0.9970209488743732 0.077131235602993911 -0 6.6993449578317605
9 0 0 0 0 3 1 4 2 2 2 79.8567708333333 -0.18489583333333098 -0.01  79.8567708333333 -0.18489583333333098 0.80000000000000004  
79.6119791666666 -0.35329861111110999 -0.01  79.6119791666666 -0.35329861111110999 0.80000000000000004  
79.3211805555555 -0.46440972222222099 -0.01  79.3211805555555 -0.46440972222222099 0.80000000000000004  
78.984375 -0.51822916666666397 -0.01  78.984375 -0.51822916666666397 0.80000000000000004  

0 4
1 4

0 2
1 2

9 0 0 0 0 3 1 4 2 2 2 80.4427083333333 0.5390625 -0.01  80.4427083333333 0.5390625 0.80000000000000004  
80.296875 0.224826388888891 -0.01  80.296875 0.224826388888891 0.80000000000000004  
80.1015625 -0.0164930555555531 -0.01  80.1015625 -0.0164930555555531 0.80000000000000004  
79.8567708333333 -0.18489583333333098 -0.01  79.8567708333333 -0.18489583333333098 0.80000000000000004  

0 4
1 4

0 2
1 2

9 0 0 0 0 3 1 4 2 2 2 80.6614583333333 1.7916666666666698 -0.01  80.6614583333333 1.7916666666666698 0.80000000000000004  
80.6614583333333 1.2708333333333399 -0.01  80.6614583333333 1.2708333333333399 0.80000000000000004  
80.5885416666666 0.85329861111111305 -0.01  80.5885416666666 0.85329861111111305 0.80000000000000004  
80.4427083333333 0.5390625 -0.01  80.4427083333333 0.5390625 0.80000000000000004  

0 4
1 4

0 2
1 2

1 77.7083333333333 20.3958333333334 -0.01 0 -1 0 0 0 -1 1 0 0 
2 82.3385416666667 21.0963541666667 -0.01 0 0 1 1 0 -0 -0 1 0 4.8489583333333304
1 80.6614583333333 9.8984375 -0.01 -1 0 0 0 0 1 0 1 -0 
9 0 0 0 0 3 1 4 2 2 2 80.4427083333333 19.2578125 -0.01  80.4427083333333 19.2578125 0.80000000000000004  
80.5885416666666 18.9435763888889 -0.01  80.5885416666666 18.9435763888889 0.80000000000000004  
80.6614583333333 18.5260416666667 -0.01  80.6614583333333 18.5260416666667 0.80000000000000004  
80.6614583333333 18.0052083333334 -0.01  80.6614583333333 18.0052083333334 0.80000000000000004  

0 4
1 4

0 2
1 2

9 0 0 0 0 3 1 4 2 2 2 79.8567708333333 19.9817708333333 -0.01  79.8567708333333 19.9817708333333 0.80000000000000004  
80.1015625 19.8133680555555 -0.01  80.1015625 19.8133680555555 0.80000000000000004  
80.296875 19.5720486111111 -0.01  80.296875 19.5720486111111 0.80000000000000004  
80.4427083333333 19.2578125 -0.01  80.4427083333333 19.2578125 0.80000000000000004  

0 4
1 4

0 2
1 2

9 0 0 0 0 3 1 4 2 2 2 78.984375 20.3151041666666 -0.01  78.984375 20.3151041666666 0.80000000000000004  
79.3211805555555 20.2612847222222 -0.01  79.3211805555555 20.2612847222222 0.80000000000000004  
79.6119791666666 20.1501736111111 -0.01  79.6119791666666 20.1501736111111 0.80000000000000004  
79.8567708333333 19.9817708333333 -0.01  79.8567708333333 19.9817708333333 0.80000000000000004  

0 4
1 4

0 2
1 2

2 77.950718597822103 13.6962564778723 -0.01 0 0 1 0.077131235603031423 0.99702094887437032 -0 -0.99702094887437032 0.077131235603031423 0 6.6993449578288704
1 82.3385416666667 21.796875 -0.01 0 1 0 0 -0 1 1 0 -0 
2 82.3385416666667 21.0963541666667 -0.01 0 0 1 1 0 -0 -0 1 0 4.8489583333333304
2 82.3385416666667 21.0963541666667 -0.01 0 0 1 1 0 -0 -0 1 0 4.8489583333333304
1 86.9765625 20.3958333333334 -0.01 0 -1 0 0 0 -1 1 0 0 
2 86.729572219498706 13.7330596723717 -0.01 0 0 1 -0.077160369728547618 0.99701869458067527 0 -0.99701869458067527 -0.077160369728547618 0 6.6624407940825794
9 0 0 0 0 3 1 4 2 2 2 84.828125 19.9817708333333 -0.01  84.828125 19.9817708333333 0.80000000000000004  
85.078125 20.1501736111111 -0.01  85.078125 20.1501736111111 0.80000000000000004  
85.3689236111111 20.2612847222222 -0.01  85.3689236111111 20.2612847222222 0.80000000000000004  
85.7005208333333 20.3151041666666 -0.01  85.7005208333333 20.3151041666666 0.80000000000000004  

0 4
1 4

0 2
1 2

9 0 0 0 0 3 1 4 2 2 2 84.2421875 19.2578125 -0.01  84.2421875 19.2578125 0.80000000000000004  
84.3828125 19.5720486111111 -0.01  84.3828125 19.5720486111111 0.80000000000000004  
84.578125 19.8133680555555 -0.01  84.578125 19.8133680555555 0.80000000000000004  
84.828125 19.9817708333333 -0.01  84.828125 19.9817708333333 0.80000000000000004  

0 4
1 4

0 2
1 2

9 0 0 0 0 3 1 4 2 2 2 84.03125 18.0052083333334 -0.01  84.03125 18.0052083333334 0.80000000000000004  
84.03125 18.5260416666667 -0.01  84.03125 18.5260416666667 0.80000000000000004  
84.1015625 18.9435763888889 -0.01  84.1015625 18.9435763888889 0.80000000000000004  
84.2421875 19.2578125 -0.01  84.2421875 19.2578125 0.80000000000000004  

0 4
1 4

0 2
1 2

1 84.03125 9.8984375 -0.01 1 0 0 0 0 -1 -0 1 0 
1 0 0 -0.01 0 0 -1 1 0 0 0 -1 0 
2 -38.2485465154734 -17.8016352285374 -0.01 0 0 1 -0.15278802996595103 -0.98825898321195327 0 0.98825898321195327 -0.15278802996595103 0 2.9158957685043299
9 0 0 0 0 3 1 4 2 2 2 -36.6391059027778 -20.1056857638889 -0.01  -36.6391059027778 -20.1056857638889 0.80000000000000004  
-36.990523726851904 -20.513816550925899 -0.01  -36.990523726851904 -20.513816550925899 0.80000000000000004  
-37.520688657407405 -20.7178819444444 -0.01  -37.520688657407405 -20.7178819444444 0.80000000000000004  
-38.2296006944444 -20.7178819444444 -0.01  -38.2296006944444 -20.7178819444444 0.80000000000000004  

0 4
1 4

0 2
1 2

9 0 0 0 0 3 1 4 2 2 2 -36.1119791666666 -18.36328125 -0.01  -36.1119791666666 -18.36328125 0.80000000000000004  
-36.1119791666666 -19.1167534722222 -0.01  -36.1119791666666 -19.1167534722222 0.80000000000000004  
-36.287688078703702 -19.697554976851901 -0.01  -36.287688078703702 -19.697554976851901 0.80000000000000004  
-36.6391059027778 -20.1056857638889 -0.01  -36.6391059027778 -20.1056857638889 0.80000000000000004  

0 4
1 4

0 2
1 2

2 -47.612743164446897 -18.384933880645399 -0.01 0 0 1 0.99986203987143774 0.016610274655393796 -0 -0.016610274655393796 0.99986203987143774 0 11.5008299809296
2 -39.615321828156603 -18.1162512603272 -0.01 0 0 1 0.99626510878455032 0.086347165665747724 -0 -0.086347165665747738 0.99626510878455043 0 3.4989407799669703
2 -36.5151035559457 -14.5108246550627 -0.01 0 0 1 0.058012423472903397 -0.99831586119965099 0 0.99831586119965099 0.058012423472903397 -0 3.1323620657963702
1 -36.7032877604166 -17.6432291666666 -0.01 0 -1 0 0 0 -1 1 0 0 
9 0 0 0 0 3 1 4 2 2 2 -39.1896701388889 -17.3196614583334 -0.01  -39.1896701388889 -17.3196614583334 0.80000000000000004  
-38.480758101851897 -17.5353732638889 -0.01  -38.480758101851897 -17.5353732638889 0.80000000000000004  
-37.708043981481495 -17.6432291666666 -0.01  -37.708043981481495 -17.6432291666666 0.80000000000000004  
-36.8715277777778 -17.6432291666666 -0.01  -36.8715277777778 -17.6432291666666 0.80000000000000004  

0 4
1 4

0 2
1 2

9 0 0 0 0 3 1 4 2 2 2 -41.0217013888889 -16.4507378472223 -0.01  -41.0217013888889 -16.4507378472223 0.80000000000000004  
-40.509259259259302 -16.814308449074101 -0.01  -40.509259259259302 -16.814308449074101 0.80000000000000004  
-39.898582175925903 -17.1039496527778 -0.01  -39.898582175925903 -17.1039496527778 0.80000000000000004  
-39.1896701388889 -17.3196614583334 -0.01  -39.1896701388889 -17.3196614583334 0.80000000000000004  

0 4
1 4

0 2
1 2

9 0 0 0 0 3 1 4 2 2 2 -42.2278645833333 -15.1838107638889 -0.01  -42.2278645833333 -15.1838107638889 0.80000000000000004  
-41.9361979166667 -15.664858217592601 -0.01  -41.9361979166667 -15.664858217592601 0.80000000000000004  
-41.534143518518505 -16.087167245370402 -0.01  -41.534143518518505 -16.087167245370402 0.80000000000000004  
-41.0217013888889 -16.4507378472223 -0.01  -41.0217013888889 -16.4507378472223 0.80000000000000004  

0 4
1 4

0 2
1 2

9 0 0 0 0 3 1 4 2 2 2 -42.6653645833333 -13.6723090277778 -0.01  -42.6653645833333 -13.6723090277778 0.80000000000000004  
-42.6653645833333 -14.198929398148199 -0.01  -42.6653645833333 -14.198929398148199 0.80000000000000004  
-42.51953125 -14.702763310185199 -0.01  -42.51953125 -14.702763310185199 0.80000000000000004  
-42.2278645833333 -15.1838107638889 -0.01  -42.2278645833333 -15.1838107638889 0.80000000000000004  

0 4
1 4

0 2
1 2

9 0 0 0 0 3 1 4 2 2 2 -41.8951822916667 -11.9876302083333 -0.01  -41.8951822916667 -11.9876302083333 0.80000000000000004  
-42.4086371527778 -12.3896846064815 -0.01  -42.4086371527778 -12.3896846064815 0.80000000000000004  
-42.6653645833333 -12.951244212963001 -0.01  -42.6653645833333 -12.951244212963001 0.80000000000000004  
-42.6653645833333 -13.6723090277778 -0.01  -42.6653645833333 -13.6723090277778 0.80000000000000004  

0 4
1 4

0 2
1 2

9 0 0 0 0 3 1 4 2 2 2 -39.73046875 -11.3845486111111 -0.01  -39.73046875 -11.3845486111111 0.80000000000000004  
-40.66015625 -11.3845486111111 -0.01  -40.66015625 -11.3845486111111 0.80000000000000004  
-41.3817274305556 -11.585575810185199 -0.01  -41.3817274305556 -11.585575810185199 0.80000000000000004  
-41.8951822916667 -11.9876302083333 -0.01  -41.8951822916667 -11.9876302083333 0.80000000000000004  

0 4
1 4

0 2
1 2

9 0 0 0 0 3 1 4 2 2 2 -37.7510850694444 -11.6838107638889 -0.01  -37.7510850694444 -11.6838107638889 0.80000000000000004  
-38.3556857638889 -11.484302662037001 -0.01  -38.3556857638889 -11.484302662037001 0.80000000000000004  
-39.015480324074097 -11.3845486111111 -0.01  -39.015480324074097 -11.3845486111111 0.80000000000000004  
-39.73046875 -11.3845486111111 -0.01  -39.73046875 -11.3845486111111 0.80000000000000004  

0 4
1 4

0 2
1 2

2 -39.661605876737099 -17.601552678104202 -0.01 0 0 1 0.44604265306440594 0.89501170475433789 -0 -0.89501170475433789 0.44604265306440594 0 6.2176715958232505
2 -39.814788283150598 -17.787854782290498 -0.01 0 0 1 0.67960174181800304 0.73358126510832899 -0 -0.73358126510832899 0.67960174181800304 0 6.45713759179674
2 -40.653564775810899 -18.497506282550098 -0.01 0 0 1 0.83882319389704074 0.54440393953420985 -0 -0.54440393953420985 0.83882319389704074 0 7.5552547526320701
2 -40.426289374774797 -18.3892352948093 -0.01 0 0 1 0.93928683970126314 0.34313296659460407 -0 -0.34313296659460407 0.93928683970126314 0 7.3029249004774002
9 0 0 0 0 3 1 4 2 2 2 -33.140625 -18.1749131944444 -0.01  -33.140625 -18.1749131944444 0.80000000000000004  
-33.140625 -17.692853009259299 -0.01  -33.140625 -17.692853009259299 0.80000000000000004  
-33.203920717592602 -17.1890190972222 -0.01  -33.203920717592602 -17.1890190972222 0.80000000000000004  
-33.3305121527778 -16.6634114583333 -0.01  -33.3305121527778 -16.6634114583333 0.80000000000000004  

0 4
1 4

0 2
1 2

9 0 0 0 0 3 1 4 2 2 2 -33.482421875 -19.9446614583334 -0.01  -33.482421875 -19.9446614583334 0.80000000000000004  
-33.2545572916667 -19.441333912037098 -0.01  -33.2545572916667 -19.441333912037098 0.80000000000000004  
-33.140625 -18.851417824074101 -0.01  -33.140625 -18.851417824074101 0.80000000000000004  
-33.140625 -18.1749131944444 -0.01  -33.140625 -18.1749131944444 0.80000000000000004  

0 4
1 4

0 2
1 2

9 0 0 0 0 3 1 4 2 2 2 -34.4181857638889 -21.1979166666666 -0.01  -34.4181857638889 -21.1979166666666 0.80000000000000004  
-34.022207754629598 -20.865740740740801 -0.01  -34.022207754629598 -20.865740740740801 0.80000000000000004  
-33.7102864583333 -20.447989004629701 -0.01  -33.7102864583333 -20.447989004629701 0.80000000000000004  
-33.482421875 -19.9446614583334 -0.01  -33.482421875 -19.9446614583334 0.80000000000000004  

0 4
1 4

0 2
1 2

2 -36.958197813204897 -18.135017573278098 -0.01 0 0 1 0.47675183378513286 -0.87903793375628181 0 0.87903793375628181 0.47675183378513286 -0 3.97982962408609
2 -37.438176442804199 -16.6182332337426 -0.01 0 0 1 0.14782539840060105 -0.98901347391615635 0 0.98901347391615635 0.14782539840060105 -0 5.57244133819413
9 0 0 0 0 3 1 4 2 2 2 -39.2048611111111 -21.9772135416666 -0.01  -39.2048611111111 -21.9772135416666 0.80000000000000004  
-38.720775462962997 -22.1200086805555 -0.01  -38.720775462962997 -22.1200086805555 0.80000000000000004  
-38.145543981481495 -22.19140625 -0.01  -38.145543981481495 -22.19140625 0.80000000000000004  
-37.4791666666667 -22.19140625 -0.01  -37.4791666666667 -22.19140625 0.80000000000000004  

0 4
1 4

0 2
1 2

9 0 0 0 0 3 1 4 2 2 2 -40.400390625 -21.4348958333334 -0.01  -40.400390625 -21.4348958333334 0.80000000000000004  
-40.0874565972222 -21.6536458333333 -0.01  -40.0874565972222 -21.6536458333333 0.80000000000000004  
-39.688946759259295 -21.8344184027778 -0.01  -39.688946759259295 -21.8344184027778 0.80000000000000004  
-39.2048611111111 -21.9772135416666 -0.01  -39.2048611111111 -21.9772135416666 0.80000000000000004  

0 4
1 4

0 2
1 2

9 0 0 0 0 3 1 4 2 2 2 -41.09765625 -20.7178819444444 -0.01  -41.09765625 -20.7178819444444 0.80000000000000004  
-40.9457465277778 -20.977141203703702 -0.01  -40.9457465277778 -20.977141203703702 0.80000000000000004  
-40.7133246527778 -21.2161458333333 -0.01  -40.7133246527778 -21.2161458333333 0.80000000000000004  
-40.400390625 -21.4348958333334 -0.01  -40.400390625 -21.4348958333334 0.80000000000000004  

0 4
1 4

0 2
1 2

9 0 0 0 0 3 1 4 2 2 2 -41.3255208333334 -19.9765625 -0.01  -41.3255208333334 -19.9765625 0.80000000000000004  
-41.3255208333334 -20.211516203703699 -0.01  -41.3255208333334 -20.211516203703699 0.80000000000000004  
-41.2495659722222 -20.458622685185201 -0.01  -41.2495659722222 -20.458622685185201 0.80000000000000004  
-41.09765625 -20.7178819444444 -0.01  -41.09765625 -20.7178819444444 0.80000000000000004  

0 4
1 4

0 2
1 2

2 -39.697021895768799 -19.967868106729998 -0.01 0 0 1 -0.98982468668310719 0.14229226835175804 0 -0.14229226835175804 -0.98982468668310719 0 1.62834674003781
9 0 0 0 0 3 1 4 2 2 2 -41.0794270833333 -19.1410590277778 -0.01  -41.0794270833333 -19.1410590277778 0.80000000000000004  
-41.154369212962997 -19.236255787036999 -0.01  -41.154369212962997 -19.236255787036999 0.80000000000000004  
-41.214120370370402 -19.3582899305556 -0.01  -41.214120370370402 -19.3582899305556 0.80000000000000004  
-41.2586805555556 -19.5071614583334 -0.01  -41.2586805555556 -19.5071614583334 0.80000000000000004  

0 4
1 4

0 2
1 2

2 -37.6911047189108 -16.699770978855398 -0.01 0 0 1 -0.75626266706932965 -0.65426812424050163 0 0.65426812424050163 -0.75626266706932965 0 4.1765262275073702
2 -38.012956096235001 -17.049158264725499 -0.01 0 0 1 -0.60990009484472996 -0.79247831156971704 0 0.79247831156971704 -0.60990009484472996 0 3.7021237051764899
2 -37.999399120784304 -17.032152648872501 -0.01 0 0 1 -0.41495839801690299 -0.90984038595527605 0 0.90984038595527605 -0.41495839801690299 0 3.7241213192749503
9 0 0 0 0 3 1 4 2 2 2 -38.9131944444444 -12.5542534722222 -0.01  -38.9131944444444 -12.5542534722222 0.80000000000000004  
-38.5972222222222 -12.5542534722222 -0.01  -38.5972222222222 -12.5542534722222 0.80000000000000004  
-38.296947337963005 -12.6727430555556 -0.01  -38.296947337963005 -12.6727430555556 0.80000000000000004  
-38.0123697916667 -12.909722222222198 -0.01  -38.0123697916667 -12.909722222222198 0.80000000000000004  

0 4
1 4

0 2
1 2

9 0 0 0 0 3 1 4 2 2 2 -39.62109375 -12.8854166666667 -0.01  -39.62109375 -12.8854166666667 0.80000000000000004  
-39.452980324074097 -12.664641203703701 -0.01  -39.452980324074097 -12.664641203703701 0.80000000000000004  
-39.2170138888889 -12.5542534722222 -0.01  -39.2170138888889 -12.5542534722222 0.80000000000000004  
-38.9131944444444 -12.5542534722222 -0.01  -38.9131944444444 -12.5542534722222 0.80000000000000004  

0 4
1 4

0 2
1 2

9 0 0 0 0 3 1 4 2 2 2 -39.8732638888889 -13.8151041666667 -0.01  -39.8732638888889 -13.8151041666667 0.80000000000000004  
-39.8732638888889 -13.416087962962999 -0.01  -39.8732638888889 -13.416087962962999 0.80000000000000004  
-39.789207175925895 -13.1061921296296 -0.01  -39.789207175925895 -13.1061921296296 0.80000000000000004  
-39.62109375 -12.8854166666667 -0.01  -39.62109375 -12.8854166666667 0.80000000000000004  

0 4
1 4

0 2
1 2

9 0 0 0 0 3 1 4 2 2 2 -39.6119791666667 -14.9255642361111 -0.01  -39.6119791666667 -14.9255642361111 0.80000000000000004  
-39.786168981481495 -14.5964265046296 -0.01  -39.786168981481495 -14.5964265046296 0.80000000000000004  
-39.8732638888889 -14.2262731481482 -0.01  -39.8732638888889 -14.2262731481482 0.80000000000000004  
-39.8732638888889 -13.8151041666667 -0.01  -39.8732638888889 -13.8151041666667 0.80000000000000004  

0 4
1 4

0 2
1 2

2 -37.301281887423599 -13.694249185430401 -0.01 0 0 1 -0.7636084042517457 -0.6456796457656867 0 0.6456796457656867 -0.7636084042517457 0 2.6186265721466602
9 0 0 0 0 3 1 4 2 2 2 -37.8088107638889 -16.3231336805555 -0.01  -37.8088107638889 -16.3231336805555 0.80000000000000004  
-38.223017939814802 -16.196542245370399 -0.01  -38.223017939814802 -16.196542245370399 0.80000000000000004  
-38.5835503472222 -16.014250578703699 -0.01  -38.5835503472222 -16.014250578703699 0.80000000000000004  
-38.8904079861111 -15.776258680555499 -0.01  -38.8904079861111 -15.776258680555499 0.80000000000000004  

0 4
1 4

0 2
1 2

2 -36.508889315063698 -11.928811220802801 -0.01 0 0 1 -0.14250323489988501 -0.98979433623509305 0 0.98979433623509305 -0.14250323489988501 0 4.5834678596392102
1 -36.3793402777778 -16.5130208333334 -0.01 0 1 0 0 -0 1 1 0 -0 
2 -44.422774645663594 -17.8601097634597 -0.01 0 0 1 0.96875566574459704 0.248017056042004 -0 -0.248017056042004 0.96875566574459704 0 8.2397249264356596
2 -43.205055816838296 -17.351859908507599 -0.01 0 0 1 0.90716020837614897 0.420785404141995 -0 -0.420785404141995 0.90716020837614897 0 6.92223475739363
9 0 0 0 0 3 1 4 2 2 2 -38.0123697916667 -12.909722222222198 -0.01  -38.0123697916667 -12.909722222222198 0.80000000000000004  
-37.727792245370402 -13.1467013888889 -0.01  -37.727792245370402 -13.1467013888889 0.80000000000000004  
-37.4715711805555 -13.455078125 -0.01  -37.4715711805555 -13.455078125 0.80000000000000004  
-37.2437065972223 -13.8348524305556 -0.01  -37.2437065972223 -13.8348524305556 0.80000000000000004  

0 4
1 4

0 2
1 2

1 0 0 -0.01 0 0 -1 1 0 0 0 -1 0 
1 37.2999131944445 -24.69140625 -0.01 0 -1 0 0 0 -1 1 0 0 
1 37.7999131944445 -25.69140625 -0.01 -1 0 0 0 0 1 0 1 -0 
1 37.2999131944445 -26.69140625 -0.01 0 1 0 0 -0 1 1 0 -0 
1 36.7999131944445 -25.69140625 -0.01 1 0 0 0 0 -1 -0 1 0 
1 0 0 -0.01 0 0 -1 1 0 0 0 -1 0 
2 -29.5381391001238 -18.441597667575202 -0.01 0 0 1 -0.18501366775121705 -0.98273594762033734 0 0.98273594762033734 -0.18501366775121705 0 2.1631764815220298
9 0 0 0 0 3 1 4 2 2 2 -28.8005642361111 -20.3578559027778 -0.01  -28.8005642361111 -20.3578559027778 0.80000000000000004  
-28.977792245370399 -20.522931134259299 -0.01  -28.977792245370399 -20.522931134259299 0.80000000000000004  
-29.2122395833333 -20.60546875 -0.01  -29.2122395833333 -20.60546875 0.80000000000000004  
-29.50390625 -20.60546875 -0.01  -29.50390625 -20.60546875 0.80000000000000004  

0 4
1 4

0 2
1 2

9 0 0 0 0 3 1 4 2 2 2 -28.5347222222222 -19.6271701388889 -0.01  -28.5347222222222 -19.6271701388889 0.80000000000000004  
-28.5347222222222 -19.94921875 -0.01  -28.5347222222222 -19.94921875 0.80000000000000004  
-28.623336226851801 -20.192780671296301 -0.01  -28.623336226851801 -20.192780671296301 0.80000000000000004  
-28.8005642361111 -20.3578559027778 -0.01  -28.8005642361111 -20.3578559027778 0.80000000000000004  

0 4
1 4

0 2
1 2

2 -33.547526699357697 -19.674958850878397 -0.01 0 0 1 0.99767416897824557 0.068163425336225172 -0 -0.068163425336225172 0.99767416897824557 0 5.0134335378384103
2 -35.788327638004603 -19.982107290327502 -0.01 0 0 1 0.98277557996646603 0.184803028713213 -0 -0.184803028713213 0.98277557996646603 0 7.2759923353113001
1 -29.3094618055555 -15.5666232638889 -0.01 -0.97683817662060402 -0.21397938381193099 0 0.21397938381193099 -0.97683817662060402 0 0 0 1 
1 -31.0807291666667 -12.9036458333333 -0.01 0 -1 0 0 0 -1 1 0 0 
1 -32.4008246527778 -12.2398003472222 -0.01 -0.98075293314320577 -0.19525287227336394 0 0.19525287227336394 -0.98075293314320577 0 0 0 1 
1 -31.360243055555596 -11.5759548611111 -0.01 0 1 0 0 -0 1 1 0 -0 
1 -30.4396701388889 -10.37890625 -0.01 -0.97852342619134203 -0.20613564561898901 0 0.20613564561898901 -0.97852342619134203 0 0 0 1 
1 -30.1267361111111 -9.1818576388888893 -0.01 0 1 0 0 -0 1 1 0 -0 
9 0 0 0 0 3 1 4 2 2 2 -28.587890625 -10.4548611111111 -0.01  -28.587890625 -10.4548611111111 0.80000000000000004  
-28.933232060185201 -10.106481481481499 -0.01  -28.933232060185201 -10.106481481481499 0.80000000000000004  
-29.2578125 -9.6821469907407405 -0.01  -29.2578125 -9.6821469907407405 0.80000000000000004  
-29.5616319444445 -9.1818576388888893 -0.01  -29.5616319444445 -9.1818576388888893 0.80000000000000004  

0 4
1 4

0 2
1 2

9 0 0 0 0 3 1 4 2 2 2 -27.5533854166667 -11.2994791666667 -0.01  -27.5533854166667 -11.2994791666667 0.80000000000000004  
-27.897714120370402 -11.084780092592599 -0.01  -27.897714120370402 -11.084780092592599 0.80000000000000004  
-28.242549189814802 -10.8032407407407 -0.01  -28.242549189814802 -10.8032407407407 0.80000000000000004  
-28.587890625 -10.4548611111111 -0.01  -28.587890625 -10.4548611111111 0.80000000000000004  

0 4
1 4

0 2
1 2

9 0 0 0 0 3 1 4 2 2 2 -26.5431857638889 -11.7643229166667 -0.01  -26.5431857638889 -11.7643229166667 0.80000000000000004  
-26.872323495370402 -11.669126157407399 -0.01  -26.872323495370402 -11.669126157407399 0.80000000000000004  
-27.209056712962898 -11.5141782407407 -0.01  -27.209056712962898 -11.5141782407407 0.80000000000000004  
-27.5533854166667 -11.2994791666667 -0.01  -27.5533854166667 -11.2994791666667 0.80000000000000004  

0 4
1 4

0 2
1 2

9 0 0 0 0 3 1 4 2 2 2 -25.6302083333333 -11.9071180555556 -0.01  -25.6302083333333 -11.9071180555556 0.80000000000000004  
-25.9097222222222 -11.9071180555556 -0.01  -25.9097222222222 -11.9071180555556 0.80000000000000004  
-26.214048032407401 -11.859519675925899 -0.01  -26.214048032407401 -11.859519675925899 0.80000000000000004  
-26.5431857638889 -11.7643229166667 -0.01  -26.5431857638889 -11.7643229166667 0.80000000000000004  

0 4
1 4

0 2
1 2

1 -25.525390625 -12.4053819444444 -0.01 0.97858142839456985 0.20586011755860698 0 -0.20586011755860698 0.97858142839456985 0 0 -0 1 
1 -26.1710069444444 -12.9036458333333 -0.01 0 -1 0 0 0 -1 1 0 0 
1 -26.3381076388889 -15.5954861111111 -0.01 0.97731553003301641 0.2117884670048969 0 -0.2117884670048969 0.97731553003301641 0 0 -0 1 
2 -35.300788098431298 -20.3684554378037 -0.01 0 0 1 0.98104799072843107 0.19376490881402703 -0 -0.19376490881402703 0.98104799072843107 0 9.7702953927920699
2 -34.109917115021801 -20.174210905657901 -0.01 0 0 1 0.98880033915471777 0.14924439449277596 -0 -0.14924439449277596 0.98880033915471777 0 8.5638479081398593
2 -33.884759232048204 -20.154605657797998 -0.01 0 0 1 0.99509532070146978 0.098920689029338871 -0 -0.098920689029338871 0.99509532070146978 0 8.3379804285436805
2 -30.8445890816446 -19.944712076116101 -0.01 0 0 1 0.99925082634251816 0.03870124098520291 -0 -0.03870124098520291 0.99925082634251816 0 5.2904974315274194
9 0 0 0 0 3 1 4 2 2 2 -25.7486979166666 -20.9259982638889 -0.01  -25.7486979166666 -20.9259982638889 0.80000000000000004  
-25.619068287037102 -20.641420717592599 -0.01  -25.619068287037102 -20.641420717592599 0.80000000000000004  
-25.5542534722222 -20.306712962962997 -0.01  -25.5542534722222 -20.306712962962997 0.80000000000000004  
-25.5542534722222 -19.921875 -0.01  -25.5542534722222 -19.921875 0.80000000000000004  

0 4
1 4

0 2
1 2

2 -27.526263384856399 -20.139427789176203 -0.01 0 0 1 0.7957148939287787 -0.60567136929188981 0 0.60567136929188981 0.7957148939287787 -0 1.9431865400585702
2 -27.717970373745402 -19.862180360040899 -0.01 0 0 1 0.46574844642860924 -0.88491716259169539 0 0.88491716259169539 0.46574844642860924 -0 2.2793105812551402
2 -28.047881484577299 -18.7547150383012 -0.01 0 0 1 0.14048134871957302 -0.99008332511053321 0 0.99008332511053321 0.14048134871957302 -0 3.43617502426277
2 -28.119600552731999 -17.514925333601198 -0.01 0 0 1 -0.10705091286918102 -0.99425354012639811 0 0.99425354012639811 -0.10705091286918102 0 4.6759806445105001
2 -28.048386463953999 -17.304833330475898 -0.01 0 0 1 -0.31345068556961997 -0.94960447962082373 0 0.94960447962082373 -0.31345068556961997 0 4.8955386708139503
2 -28.123232163703499 -17.486953635624602 -0.01 0 0 1 -0.48851687574670111 -0.87255444650215519 0 0.87255444650215519 -0.48851687574670111 0 4.6982356599119504
2 -25.794092665126797 -14.138266024441799 -0.01 0 0 1 -0.60894600742226335 -0.79321167417309546 0 0.79321167417309546 -0.60894600742226335 0 8.7770366455705897
1 -31.2463107638889 -20.4626736111111 -0.01 -0.85656227678261676 0.51604366675018887 0 -0.51604366675018887 -0.85656227678261676 0 0 0 1 
2 -28.764798099148297 -16.606742002859701 -0.01 0 0 1 -0.46327668829864732 -0.8862136932360265 0 0.8862136932360265 -0.46327668829864732 0 4.1530290900155205
1 0 0 -0.01 0 0 -1 1 0 0 0 -1 0 
1 34.3733436696862 -24.2531409182508 -0.01 -0.30901699437494695 -0.95105651629515375 0 0.95105651629515375 -0.30901699437494695 0 0 0 1 
1 34.539854933458699 -25.358705931733503 -0.01 -0.95105651629515309 0.30901699437494906 0 -0.30901699437494906 -0.95105651629515309 0 0 0 1 
1 33.7553096809362 -26.1552539508412 -0.01 0.30901699437494695 0.95105651629515375 0 -0.95105651629515375 0.30901699437494695 0 0 -0 1 
1 33.588798417163595 -25.0496889373585 -0.01 0.95105651629515309 -0.30901699437494906 0 0.30901699437494906 0.95105651629515309 0 -0 0 1 
1 0 0 -0.01 0 0 -1 1 0 0 0 -1 0 
1 44.8229166666667 -1.2994791666666599 -0.01 -1 0 0 0 0 1 0 1 -0 
1 44.8723958333333 -0.59895833333333104 -0.01 0 1 0 0 -0 1 1 0 -0 
2 44.950144783219301 6.6436731808747105 -0.01 0 0 1 0.070438290881832386 -0.99751613880560674 0 0.99751613880560674 0.070438290881832386 -0 7.2423834329776593
9 0 0 0 0 3 1 4 2 2 2 46.8411458333333 -0.226562499999997 -0.01  46.8411458333333 -0.226562499999997 0.80000000000000004  
46.5928819444444 -0.37760416666666602 -0.01  46.5928819444444 -0.37760416666666602 0.80000000000000004  
46.3029513888889 -0.47743055555555503 -0.01  46.3029513888889 -0.47743055555555503 0.80000000000000004  
45.9713541666667 -0.52604166666666408 -0.01  45.9713541666667 -0.52604166666666408 0.80000000000000004  

0 4
1 4

0 2
1 2

9 0 0 0 0 3 1 4 2 2 2 47.4348958333333 0.44791666666666996 -0.01  47.4348958333333 0.44791666666666996 0.80000000000000004  
47.2873263888889 0.14930555555555802 -0.01  47.2873263888889 0.14930555555555802 0.80000000000000004  
47.0894097222222 -0.075520833333330803 -0.01  47.0894097222222 -0.075520833333330803 0.80000000000000004  
46.8411458333333 -0.226562499999997 -0.01  46.8411458333333 -0.226562499999997 0.80000000000000004  

0 4
1 4

0 2
1 2

9 0 0 0 0 3 1 4 2 2 2 47.65625 1.6302083333333302 -0.01  47.65625 1.6302083333333302 0.80000000000000004  
47.65625 1.140625 -0.01  47.65625 1.140625 0.80000000000000004  
47.5824652777778 0.74652777777778101 -0.01  47.5824652777778 0.74652777777778101 0.80000000000000004  
47.4348958333333 0.44791666666666996 -0.01  47.4348958333333 0.44791666666666996 0.80000000000000004  

0 4
1 4

0 2
1 2

1 47.65625 5.1458333333333401 -0.01 -1 0 0 0 0 1 0 1 -0 
2 37.607419090279102 8.7067807202297196 -0.01 0 0 1 0.99500065815493766 0.099868364716966473 -0 -0.099868364716966473 0.99500065815493766 0 10.048261018818
9 0 0 0 0 3 1 4 2 2 2 46.7760416666667 12.4375 -0.01  46.7760416666667 12.4375 0.80000000000000004  
47.0920138888889 11.9375 -0.01  47.0920138888889 11.9375 0.80000000000000004  
47.3177083333333 11.361979166666702 -0.01  47.3177083333333 11.361979166666702 0.80000000000000004  
47.453125 10.7109375 -0.01  47.453125 10.7109375 0.80000000000000004  

0 4
1 4

0 2
1 2

2 43.829392311855798 10.590955444002299 -0.01 0 0 1 0.68955359070686106 0.72423466193166608 -0 -0.72423466193166619 0.68955359070686117 0 3.4771794926420099
9 0 0 0 0 3 1 4 2 2 2 43.6197916666667 14.0625 -0.01  43.6197916666667 14.0625 0.80000000000000004  
44.3767361111111 14.0625 -0.01  44.3767361111111 14.0625 0.80000000000000004  
45.0130208333333 13.9166666666667 -0.01  45.0130208333333 13.9166666666667 0.80000000000000004  
45.5286458333333 13.625 -0.01  45.5286458333333 13.625 0.80000000000000004  

0 4
1 4

0 2
1 2

9 0 0 0 0 3 1 4 2 2 2 41.9088541666667 13.7630208333333 -0.01  41.9088541666667 13.7630208333333 0.80000000000000004  
42.3758680555556 13.9626736111111 -0.01  42.3758680555556 13.9626736111111 0.80000000000000004  
42.9461805555556 14.0625 -0.01  42.9461805555556 14.0625 0.80000000000000004  
43.6197916666667 14.0625 -0.01  43.6197916666667 14.0625 0.80000000000000004  

0 4
1 4

0 2
1 2

9 0 0 0 0 3 1 4 2 2 2 40.7786458333333 12.8776041666667 -0.01  40.7786458333333 12.8776041666667 0.80000000000000004  
41.0651041666667 13.2682291666667 -0.01  41.0651041666667 13.2682291666667 0.80000000000000004  
41.4418402777778 13.5633680555555 -0.01  41.4418402777778 13.5633680555555 0.80000000000000004  
41.9088541666667 13.7630208333333 -0.01  41.9088541666667 13.7630208333333 0.80000000000000004  

0 4
1 4

0 2
1 2

9 0 0 0 0 3 1 4 2 2 2 40.1536458333333 11.4453125 -0.01  40.1536458333333 11.4453125 0.80000000000000004  
40.2838541666667 12.0095486111111 -0.01  40.2838541666667 12.0095486111111 0.80000000000000004  
40.4921875 12.4869791666667 -0.01  40.4921875 12.4869791666667 0.80000000000000004  
40.7786458333333 12.8776041666667 -0.01  40.7786458333333 12.8776041666667 0.80000000000000004  

0 4
1 4

0 2
1 2

9 0 0 0 0 3 1 4 2 2 2 39.9583333333334 9.5052083333333304 -0.01  39.9583333333334 9.5052083333333304 0.80000000000000004  
39.9583333333334 10.234375 -0.01  39.9583333333334 10.234375 0.80000000000000004  
40.0234375 10.8810763888889 -0.01  40.0234375 10.8810763888889 0.80000000000000004  
40.1536458333333 11.4453125 -0.01  40.1536458333333 11.4453125 0.80000000000000004  

0 4
1 4

0 2
1 2

1 39.9583333333334 3.7526041666666701 -0.01 1 0 0 0 0 -1 -0 1 0 
1 37.0520833333333 -2 -0.01 0 -1 0 0 0 -1 1 0 0 
1 34.1458333333333 -1.2994791666666599 -0.01 -1 0 0 0 0 1 0 1 -0 
1 34.203125 -0.59895833333333104 -0.01 0 1 0 0 -0 1 1 0 -0 
2 34.301598782259099 5.4865545066731203 -0.01 0 0 1 0.080642054447255918 -0.99674312591285319 0 0.99674312591285319 0.080642054447255918 -0 6.0851306894471096
9 0 0 0 0 3 1 4 2 2 2 36.0989583333333 -0.18489583333333098 -0.01  36.0989583333333 -0.18489583333333098 0.80000000000000004  
35.8697916666667 -0.35329861111110999 -0.01  35.8697916666667 -0.35329861111110999 0.80000000000000004  
35.5980902777778 -0.46440972222222099 -0.01  35.5980902777778 -0.46440972222222099 0.80000000000000004  
35.2838541666667 -0.51822916666666397 -0.01  35.2838541666667 -0.51822916666666397 0.80000000000000004  

0 4
1 4

0 2
1 2

9 0 0 0 0 3 1 4 2 2 2 36.6276041666667 0.5390625 -0.01  36.6276041666667 0.5390625 0.80000000000000004  
36.5043402777778 0.224826388888891 -0.01  36.5043402777778 0.224826388888891 0.80000000000000004  
36.328125 -0.0164930555555531 -0.01  36.328125 -0.0164930555555531 0.80000000000000004  
36.0989583333333 -0.18489583333333098 -0.01  36.0989583333333 -0.18489583333333098 0.80000000000000004  

0 4
1 4

0 2
1 2

9 0 0 0 0 3 1 4 2 2 2 36.8125 1.7916666666666698 -0.01  36.8125 1.7916666666666698 0.80000000000000004  
36.8125 1.2708333333333399 -0.01  36.8125 1.2708333333333399 0.80000000000000004  
36.7508680555556 0.85329861111111305 -0.01  36.7508680555556 0.85329861111111305 0.80000000000000004  
36.6276041666667 0.5390625 -0.01  36.6276041666667 0.5390625 0.80000000000000004  

0 4
1 4

0 2
1 2

1 36.8125 5.7317708333333393 -0.01 -1 0 0 0 0 1 0 1 -0 
9 0 0 0 0 3 1 4 2 2 2 37.1953125 12.6171875 -0.01  37.1953125 12.6171875 0.80000000000000004  
36.9401041666667 11.7925347222222 -0.01  36.9401041666667 11.7925347222222 0.80000000000000004  
36.8125 10.8107638888889 -0.01  36.8125 10.8107638888889 0.80000000000000004  
36.8125 9.671875 -0.01  36.8125 9.671875 0.80000000000000004  

0 4
1 4

0 2
1 2

9 0 0 0 0 3 1 4 2 2 2 38.3020833333333 14.6432291666667 -0.01  38.3020833333333 14.6432291666667 0.80000000000000004  
37.8194444444444 14.1171875 -0.01  37.8194444444444 14.1171875 0.80000000000000004  
37.4505208333333 13.441840277777802 -0.01  37.4505208333333 13.441840277777802 0.80000000000000004  
37.1953125 12.6171875 -0.01  37.1953125 12.6171875 0.80000000000000004  

0 4
1 4

0 2
1 2

2 41.568911580884802 11.642316435051601 -0.01 0 0 1 -0.5557069449046339 0.83137824808251881 0 -0.83137824808251881 -0.5557069449046339 0 4.4363113736182793
9 0 0 0 0 3 1 4 2 2 2 42.4114583333334 16.1979166666666 -0.01  42.4114583333334 16.1979166666666 0.80000000000000004  
41.5329861111111 16.1979166666666 -0.01  41.5329861111111 16.1979166666666 0.80000000000000004  
40.7491319444444 16.0703125 -0.01  40.7491319444444 16.0703125 0.80000000000000004  
40.0598958333334 15.8151041666666 -0.01  40.0598958333334 15.8151041666666 0.80000000000000004  

0 4
1 4

0 2
1 2

2 42.4507997024117 7.04161278647529 -0.01 0 0 1 0.081172705367330816 0.99670005112037019 -0 -0.99670005112037019 0.081172705367330816 0 9.1559051238743585
2 43.1759919055635 11.509701768752601 -0.01 0 0 1 0.31656240903972593 0.94857168478874876 -0 -0.94857168478874876 0.31656240903972593 0 4.6287013378711395
9 0 0 0 0 3 1 4 2 2 2 46.5234375 14.6927083333333 -0.01  46.5234375 14.6927083333333 0.80000000000000004  
46.1397569444445 15.0885416666667 -0.01  46.1397569444445 15.0885416666667 0.80000000000000004  
45.7335069444445 15.3975694444445 -0.01  45.7335069444445 15.3975694444445 0.80000000000000004  
45.3046875 15.6197916666666 -0.01  45.3046875 15.6197916666666 0.80000000000000004  

0 4
1 4

0 2
1 2

9 0 0 0 0 3 1 4 2 2 2 47.6197916666667 13.171875 -0.01  47.6197916666667 13.171875 0.80000000000000004  
47.2725694444444 13.7899305555555 -0.01  47.2725694444444 13.7899305555555 0.80000000000000004  
46.9071180555555 14.296875 -0.01  46.9071180555555 14.296875 0.80000000000000004  
46.5234375 14.6927083333333 -0.01  46.5234375 14.6927083333333 0.80000000000000004  

0 4
1 4

0 2
1 2

1 47.703125 13.171875 -0.01 0 1 0 0 -0 1 1 0 -0 
1 48.0052083333333 14.5208333333333 -0.01 -0.98710547774758506 0.16007115855366302 0 -0.16007115855366302 -0.98710547774758506 0 0 0 1 
1 50.9166666666667 15.869791666666698 -0.01 0 1 0 0 -0 1 1 0 -0 
1 53.609375 15.171875 -0.01 1 0 0 0 0 -1 -0 1 0 
1 53.5625 14.4739583333333 -0.01 0 -1 0 0 0 -1 1 0 0 
2 53.483864751258899 8.1321479974927708 -0.01 0 0 1 -0.080407723322650296 0.99676205687720087 0 -0.99676205687720087 -0.080407723322650296 0 6.3414987011109405
9 0 0 0 0 3 1 4 2 2 2 51.59375 14.0651041666667 -0.01  51.59375 14.0651041666667 0.80000000000000004  
51.84375 14.2265625 -0.01  51.84375 14.2265625 0.80000000000000004  
52.1336805555556 14.3350694444444 -0.01  52.1336805555556 14.3350694444444 0.80000000000000004  
52.463541666666707 14.390625 -0.01  52.463541666666707 14.390625 0.80000000000000004  

0 4
1 4

0 2
1 2

9 0 0 0 0 3 1 4 2 2 2 51 13.375 -0.01  51 13.375 0.80000000000000004  
51.1458333333333 13.6736111111111 -0.01  51.1458333333333 13.6736111111111 0.80000000000000004  
51.34375 13.903645833333298 -0.01  51.34375 13.903645833333298 0.80000000000000004  
51.59375 14.0651041666667 -0.01  51.59375 14.0651041666667 0.80000000000000004  

0 4
1 4

0 2
1 2

9 0 0 0 0 3 1 4 2 2 2 50.78125 12.1927083333333 -0.01  50.78125 12.1927083333333 0.80000000000000004  
50.78125 12.6822916666667 -0.01  50.78125 12.6822916666667 0.80000000000000004  
50.8541666666667 13.0763888888889 -0.01  50.8541666666667 13.0763888888889 0.80000000000000004  
51 13.375 -0.01  51 13.375 0.80000000000000004  

0 4
1 4

0 2
1 2

1 50.78125 6.9921875 -0.01 1 0 0 0 0 -1 -0 1 0 
9 0 0 0 0 3 1 4 2 2 2 51 0.5390625 -0.01  51 0.5390625 0.80000000000000004  
50.8541666666667 0.85329861111111305 -0.01  50.8541666666667 0.85329861111111305 0.80000000000000004  
50.78125 1.2708333333333399 -0.01  50.78125 1.2708333333333399 0.80000000000000004  
50.78125 1.7916666666666698 -0.01  50.78125 1.7916666666666698 0.80000000000000004  

0 4
1 4

0 2
1 2

9 0 0 0 0 3 1 4 2 2 2 51.5859375 -0.18489583333333098 -0.01  51.5859375 -0.18489583333333098 0.80000000000000004  
51.3411458333333 -0.0164930555555531 -0.01  51.3411458333333 -0.0164930555555531 0.80000000000000004  
51.1458333333333 0.224826388888891 -0.01  51.1458333333333 0.224826388888891 0.80000000000000004  
51 0.5390625 -0.01  51 0.5390625 0.80000000000000004  

0 4
1 4

0 2
1 2

9 0 0 0 0 3 1 4 2 2 2 52.4479166666667 -0.51822916666666397 -0.01  52.4479166666667 -0.51822916666666397 0.80000000000000004  
52.1180555555556 -0.46440972222222099 -0.01  52.1180555555556 -0.46440972222222099 0.80000000000000004  
51.8307291666667 -0.35329861111110999 -0.01  51.8307291666667 -0.35329861111110999 0.80000000000000004  
51.5859375 -0.18489583333333098 -0.01  51.5859375 -0.18489583333333098 0.80000000000000004  

0 4
1 4

0 2
1 2

2 53.475543009169996 6.0527262587360795 -0.01 0 0 1 -0.077172952443916185 -0.99701772071066475 0 0.99701772071066475 -0.077172952443916185 0 6.6513224415804295
1 53.6536458333333 -0.59895833333333104 -0.01 0 1 0 0 -0 1 1 0 -0 
1 53.7916666666667 -1.2994791666666599 -0.01 1 0 0 0 0 -1 -0 1 0 
1 49.3072916666667 -2 -0.01 0 -1 0 0 0 -1 1 0 0 
1 0 0 -0.01 0 0 -1 1 0 0 0 -1 0 
9 0 0 0 0 3 1 4 2 2 2 -20.5230034722222 -22.19140625 -0.01  -20.5230034722222 -22.19140625 0.80000000000000004  
-19.947771990740801 -22.19140625 -0.01  -19.947771990740801 -22.19140625 0.80000000000000004  
-19.485966435185201 -22.059751157407398 -0.01  -19.485966435185201 -22.059751157407398 0.80000000000000004  
-19.1375868055555 -21.7964409722222 -0.01  -19.1375868055555 -21.7964409722222 0.80000000000000004  

0 4
1 4

0 2
1 2

2 -20.5569177232199 -18.0595209794214 -0.01 0 0 1 -0.11395641920786805 -0.99348574953107438 0 0.99348574953107438 -0.11395641920786805 0 4.1314309514018204
2 -20.3789837004798 -17.3649087083304 -0.01 0 0 1 -0.32021627963495897 -0.94734446441447362 0 0.94734446441447362 -0.32021627963495897 0 4.8474097951357793
2 -20.287869262327298 -17.1579108360303 -0.01 0 0 1 -0.47523986610225483 -0.87985627784718967 0 0.87985627784718967 -0.47523986610225483 0 5.0729259201114196
2 -18.2362807752002 -13.9984935020669 -0.01 0 0 1 -0.57585001736189112 -0.81755535439767613 0 0.81755535439767613 -0.57585001736189112 0 8.839476700830291
1 -23.3773871527778 -20.6419270833334 -0.01 -0.87592678779097 0.48244405108799199 0 -0.48244405108799199 -0.87592678779097 0 0 0 1 
2 -18.7708197050023 -12.484587890943999 -0.01 0 0 1 -0.45959791565926705 -0.88812710572398212 0 0.88812710572398212 -0.45959791565926705 0 8.9240255330602913
2 -22.0820404572993 -19.439154010454597 -0.01 0 0 1 -0.21921361056926505 -0.97567688962134724 0 0.97567688962134724 -0.21921361056926505 0 1.2210418435358501
2 -22.066481134487702 -20.058848579284998 -0.01 0 0 1 0.43277175498338399 -0.90150352638722497 0 0.90150352638722497 0.43277175498338399 -0 0.60091358116745708
9 0 0 0 0 3 1 4 2 2 2 -21.3980034722222 -19.703125 -0.01  -21.3980034722222 -19.703125 0.80000000000000004  
-21.3980034722222 -20.0251736111111 -0.01  -21.3980034722222 -20.0251736111111 0.80000000000000004  
-21.461299189814799 -20.2651909722222 -0.01  -21.461299189814799 -20.2651909722222 0.80000000000000004  
-21.587890625 -20.4231770833334 -0.01  -21.587890625 -20.4231770833334 0.80000000000000004  

0 4
1 4

0 2
1 2

2 -25.052001744538298 -19.768573204114102 -0.01 0 0 1 0.997085057457192 0.076298022225928103 -0 -0.076298022225928103 0.997085057457192 0 3.6551213706665697
2 -37.642146921747297 -21.447347213795197 -0.01 0 0 1 0.98825466654968808 0.15281594826053002 -0 -0.15281594826053002 0.98825466654968808 0 16.356887240926902
2 -34.791406501993002 -20.925131885804802 -0.01 0 0 1 0.98170593812098228 0.19040339035322407 -0 -0.19040339035322407 0.98170593812098228 0 13.458846218305299
2 -73.631707324836611 -29.327738254740101 -0.01 0 0 1 0.97644166837230517 0.21578152902023207 -0 -0.21578152902023207 0.97644166837230517 0 53.197558165083201
1 -22.3702256944445 -14.6278211805556 -0.01 -0.97839355819858431 -0.20675116753119804 0 0.20675116753119804 -0.97839355819858431 0 0 0 1 
1 -22.4932725694445 -11.5941840277778 -0.01 0 1 0 0 -0 1 1 0 -0 
1 -21.4633246527778 -11.8266059027778 -0.01 0.41339576231622488 0.91055145033050577 0 -0.91055145033050577 0.41339576231622488 0 0 -0 1 
2 -19.140902526302803 -15.358342408807699 -0.01 0 0 1 -0.41631848068799998 0.90921885299285099 0 -0.90921885299285099 -0.41631848068799998 0 3.76403353242948
2 -17.998058026301401 -18.352889174179801 -0.01 0 0 1 -0.29966928056378889 0.95404314487678243 0 -0.95404314487678243 -0.29966928056378889 0 6.9696291509305297
2 -17.761831918451698 -19.240278251359701 -0.01 0 0 1 -0.20343921669434406 0.97908757785541933 0 -0.97908757785541933 -0.20343921669434406 0 7.8881468795694296
2 -18.1974201300525 -16.325741999167601 -0.01 0 0 1 -0.079669138192695041 0.9968213623411335 0 -0.9968213623411335 -0.079669138192695041 0 4.9413257991186006
9 0 0 0 0 3 1 4 2 2 2 -16.3849826388889 -11.7126736111111 -0.01  -16.3849826388889 -11.7126736111111 0.80000000000000004  
-16.941984953703699 -11.4939236111111 -0.01  -16.941984953703699 -11.4939236111111 0.80000000000000004  
-17.549623842592599 -11.3845486111111 -0.01  -17.549623842592599 -11.3845486111111 0.80000000000000004  
-18.2078993055555 -11.3845486111111 -0.01  -18.2078993055555 -11.3845486111111 0.80000000000000004  

0 4
1 4

0 2
1 2

2 -18.450927255854701 -17.0255712933557 -0.01 0 0 1 0.50215418169005221 0.86477810900322527 -0 -0.86477810900322527 0.50215418169005221 0 5.7000617444723902
2 -18.894529672336102 -17.544960127804401 -0.01 0 0 1 0.73052733718242202 0.68288345244936199 -0 -0.68288345244936199 0.73052733718242202 0 6.3828478089783705
2 -20.684090448583099 -18.847919814025698 -0.01 0 0 1 0.87093476436889106 0.49139865304425107 -0 -0.49139865304425107 0.87093476436889106 0 8.5964211889279802
2 -20.626134483012201 -18.8357483914575 -0.01 0 0 1 0.95207990516304497 0.30584939788191101 -0 -0.30584939788191101 0.95207990516304497 0 8.5380322805173705
2 -19.778156593142601 -18.693016664207299 -0.01 0 0 1 0.99413065100438902 0.10818617625921501 -0 -0.10818617625921501 0.99413065100438902 0 7.6780107082104196
9 0 0 0 0 3 1 4 2 2 2 -12.27734375 -20.0494791666667 -0.01  -12.27734375 -20.0494791666667 0.80000000000000004  
-12.159866898148099 -19.616030092592599 -0.01  -12.159866898148099 -19.616030092592599 0.80000000000000004  
-12.1011284722222 -19.146122685185198 -0.01  -12.1011284722222 -19.146122685185198 0.80000000000000004  
-12.1011284722222 -18.6397569444444 -0.01  -12.1011284722222 -18.6397569444444 0.80000000000000004  

0 4
1 4

0 2
1 2

9 0 0 0 0 3 1 4 2 2 2 -12.7999131944444 -21.1736111111111 -0.01  -12.7999131944444 -21.1736111111111 0.80000000000000004  
-12.5690104166667 -20.8576388888889 -0.01  -12.5690104166667 -20.8576388888889 0.80000000000000004  
-12.394820601851901 -20.482928240740801 -0.01  -12.394820601851901 -20.482928240740801 0.80000000000000004  
-12.27734375 -20.0494791666667 -0.01  -12.27734375 -20.0494791666667 0.80000000000000004  

0 4
1 4

0 2
1 2

2 -14.804172888419899 -19.717507773033198 -0.01 0 0 1 0.65144440702086426 -0.75869637178599625 0 0.75869637178599625 0.65144440702086426 -0 2.4772503281251401
9 0 0 0 0 3 1 4 2 2 2 -14.8841145833333 -22.19140625 -0.01  -14.8841145833333 -22.19140625 0.80000000000000004  
-14.4223090277778 -22.19140625 -0.01  -14.4223090277778 -22.19140625 0.80000000000000004  
-14.017216435185199 -22.100766782407401 -0.01  -14.017216435185199 -22.100766782407401 0.80000000000000004  
-13.6688368055556 -21.9194878472223 -0.01  -13.6688368055556 -21.9194878472223 0.80000000000000004  

0 4
1 4

0 2
1 2

9 0 0 0 0 3 1 4 2 2 2 -16.1312934027778 -22.0060763888889 -0.01  -16.1312934027778 -22.0060763888889 0.80000000000000004  
-15.773799189814801 -22.129629629629601 -0.01  -15.773799189814801 -22.129629629629601 0.80000000000000004  
-15.3580729166667 -22.19140625 -0.01  -15.3580729166667 -22.19140625 0.80000000000000004  
-14.8841145833333 -22.19140625 -0.01  -14.8841145833333 -22.19140625 0.80000000000000004  

0 4
1 4

0 2
1 2

2 -15.104823903181799 -19.017210161401302 -0.01 0 0 1 -0.48669364186019221 -0.87357272105581629 0 0.87357272105581629 -0.48669364186019221 0 3.1601112792118102
9 0 0 0 0 3 1 4 2 2 2 -17.8980034722222 -20.5796440972223 -0.01  -17.8980034722222 -20.5796440972223 0.80000000000000004  
-17.661024305555497 -20.931061921296301 -0.01  -17.661024305555497 -20.931061921296301 0.80000000000000004  
-17.3967013888889 -21.225766782407398 -0.01  -17.3967013888889 -21.225766782407398 0.80000000000000004  
-17.1050347222222 -21.4637586805555 -0.01  -17.1050347222222 -21.4637586805555 0.80000000000000004  

0 4
1 4

0 2
1 2

2 -6.2794971120707093 -12.8448121302498 -0.01 0 0 1 -0.85794865566586875 -0.51373544187755693 0 0.51373544187755693 -0.85794865566586875 0 13.9582673062702
1 -18.6818576388889 -19.378038194444397 -0.01 0 -1 0 0 0 -1 1 0 0 
2 -25.668149471750098 -20.812075881472499 -0.01 0 0 1 0.98832347559834621 0.15237029756880202 -0 -0.15237029756880202 0.98832347559834621 0 7.0661200440509999
2 -24.614262018916598 -20.634725645412502 -0.01 0 0 1 0.99880499087671915 0.048873205335408204 -0 -0.048873205335408204 0.99880499087671915 0 5.9991971763878702
9 0 0 0 0 3 1 4 2 2 2 -19.1375868055555 -21.7964409722222 -0.01  -19.1375868055555 -21.7964409722222 0.80000000000000004  
-18.789207175925903 -21.533130787036999 -0.01  -18.789207175925903 -21.533130787036999 0.80000000000000004  
-18.6150173611111 -21.148292824074101 -0.01  -18.6150173611111 -21.148292824074101 0.80000000000000004  
-18.6150173611111 -20.6419270833334 -0.01  -18.6150173611111 -20.6419270833334 0.80000000000000004  

0 4
1 4

0 2
1 2

9 0 0 0 0 3 1 4 2 2 2 -15.0542534722222 -18.6579861111111 -0.01  -15.0542534722222 -18.6579861111111 0.80000000000000004  
-15.0542534722222 -19.030671296296298 -0.01  -15.0542534722222 -19.030671296296298 0.80000000000000004  
-15.0810908564815 -19.343605324074101 -0.01  -15.0810908564815 -19.343605324074101 0.80000000000000004  
-15.134765625 -19.5967881944444 -0.01  -15.134765625 -19.5967881944444 0.80000000000000004  

0 4
1 4

0 2
1 2

2 -23.412171037990799 -18.7357684030471 -0.01 0 0 1 0.99699945459379913 0.077408575362598417 -0 -0.077408575362598417 0.99699945459379913 0 8.3590425549710901
2 -25.084698007088001 -18.938297474974501 -0.01 0 0 1 0.97713596555184901 0.212615391787744 -0 -0.212615391787744 0.97713596555184901 0 10.0439939877882
2 -24.3035367425495 -18.680540654582199 -0.01 0 0 1 0.937466460319752 0.34807561789869002 -0 -0.34807561789869002 0.937466460319752 0 9.2221308240368192
2 -21.231882410005401 -17.2299349174566 -0.01 0 0 1 0.85793588434664736 0.51375676963942418 -0 -0.51375676963942418 0.85793588434664736 0 5.8247584560970598
9 0 0 0 0 3 1 4 2 2 2 -17.4422743055556 -12.9233940972222 -0.01  -17.4422743055556 -12.9233940972222 0.80000000000000004  
-17.128327546296298 -13.118851273148101 -0.01  -17.128327546296298 -13.118851273148101 0.80000000000000004  
-16.844762731481499 -13.3811487268518 -0.01  -16.844762731481499 -13.3811487268518 0.80000000000000004  
-16.5915798611111 -13.7102864583333 -0.01  -16.5915798611111 -13.7102864583333 0.80000000000000004  

0 4
1 4

0 2
1 2

2 -18.462492185846301 -14.5556108783843 -0.01 0 0 1 0.2727125860407229 0.9620955490048696 -0 -0.9620955490048696 0.2727125860407229 0 1.9249139930104699
2 -18.494674342372601 -14.577291061734099 -0.01 0 0 1 -0.182760056879959 0.98315754668783084 0 -0.98315754668783084 -0.182760056879959 0 1.94679789280751
9 0 0 0 0 3 1 4 2 2 2 -19.7269965277778 -13.1710069444444 -0.01  -19.7269965277778 -13.1710069444444 0.80000000000000004  
-19.5993923611111 -12.986689814814801 -0.01  -19.5993923611111 -12.986689814814801 0.80000000000000004  
-19.4231770833333 -12.8504774305556 -0.01  -19.4231770833333 -12.8504774305556 0.80000000000000004  
-19.1983506944444 -12.7623697916667 -0.01  -19.1983506944444 -12.7623697916667 0.80000000000000004  

0 4
1 4

0 2
1 2

1 -19.3851996527778 -14.7842881944444 -0.01 0.97828509192386659 0.20726379066183293 0 -0.20726379066183293 0.97828509192386659 0 0 -0 1 
2 -10.899923481937499 -14.6957167217235 -0.01 0 0 1 -0.95472266734108302 -0.29749727471882498 0 0.29749727471882498 -0.95472266734108302 0 8.319638917087179
2 -10.863680537602001 -14.7630377811054 -0.01 0 0 1 -0.88401984645323417 -0.46744936739373211 0 0.46744936739373211 -0.88401984645323417 0 8.3266279278733109
9 0 0 0 0 3 1 4 2 2 2 -16.9926215277778 -20.2712673611111 -0.01  -16.9926215277778 -20.2712673611111 0.80000000000000004  
-17.296440972222197 -20.024160879629601 -0.01  -17.296440972222197 -20.024160879629601 0.80000000000000004  
-17.581018518518498 -19.699580439814799 -0.01  -17.581018518518498 -19.699580439814799 0.80000000000000004  
-17.8463541666667 -19.2975260416666 -0.01  -17.8463541666667 -19.2975260416666 0.80000000000000004  

0 4
1 4

0 2
1 2

9 0 0 0 0 3 1 4 2 2 2 -16.1085069444444 -20.6419270833334 -0.01  -16.1085069444444 -20.6419270833334 0.80000000000000004  
-16.3940972222222 -20.6419270833334 -0.01  -16.3940972222222 -20.6419270833334 0.80000000000000004  
-16.6888020833333 -20.518373842592599 -0.01  -16.6888020833333 -20.518373842592599 0.80000000000000004  
-16.9926215277778 -20.2712673611111 -0.01  -16.9926215277778 -20.2712673611111 0.80000000000000004  

0 4
1 4

0 2
1 2

2 -16.100075613220103 -19.734468025631202 -0.01 0 0 1 0.23264720107633308 -0.97256119593131429 0 0.97256119593131429 0.23264720107633308 -0 0.90724804301707895
9 0 0 0 0 3 1 4 2 2 2 -15.353515625 -20.208984375 -0.01  -15.353515625 -20.208984375 0.80000000000000004  
-15.445674189814801 -20.3639322916667 -0.01  -15.445674189814801 -20.3639322916667 0.80000000000000004  
-15.556568287036999 -20.4748263888889 -0.01  -15.556568287036999 -20.4748263888889 0.80000000000000004  
-15.6861979166667 -20.5416666666666 -0.01  -15.6861979166667 -20.5416666666666 0.80000000000000004  

0 4
1 4

0 2
1 2

9 0 0 0 0 3 1 4 2 2 2 -15.134765625 -19.5967881944444 -0.01  -15.134765625 -19.5967881944444 0.80000000000000004  
-15.1884403935185 -19.849971064814799 -0.01  -15.1884403935185 -19.849971064814799 0.80000000000000004  
-15.261357060185201 -20.0540364583333 -0.01  -15.261357060185201 -20.0540364583333 0.80000000000000004  
-15.353515625 -20.208984375 -0.01  -15.353515625 -20.208984375 0.80000000000000004  

0 4
1 4

0 2
1 2

1 0 0 -0.01 0 0 -1 1 0 0 0 -1 0 
1 32.224580105455601 -23.378623966374498 -0.01 -0.60181502315204705 -0.79863551004729394 0 0.79863551004729394 -0.60181502315204705 0 0 0 1 
1 32.022082837327204 -24.478166987997799 -0.01 -0.79863551004729305 0.60181502315204805 0 -0.60181502315204805 -0.79863551004729305 0 0 0 1 
1 31.020950059151598 -24.9758949864691 -0.01 0.60181502315204916 0.79863551004729227 0 -0.79863551004729227 0.60181502315204916 0 0 -0 1 
1 31.223447327279899 -23.8763519648457 -0.01 0.79863551004729305 -0.60181502315204805 0 0.60181502315204805 0.79863551004729305 0 -0 0 1 
1 0 0 -0.01 0 0 -1 1 0 0 0 -1 0 
1 66.3229166666667 -1.2994791666666599 -0.01 -1 0 0 0 0 1 0 1 -0 
1 66.3723958333334 -0.59895833333333104 -0.01 0 1 0 0 -0 1 1 0 -0 
2 66.450144782418207 6.6436731924490102 -0.01 0 0 1 0.070438290879603516 -0.99751613880576417 0 0.99751613880576417 0.070438290879603516 -0 7.2423834445683699
9 0 0 0 0 3 1 4 2 2 2 68.3411458333333 -0.226562499999997 -0.01  68.3411458333333 -0.226562499999997 0.80000000000000004  
68.0928819444444 -0.37760416666666602 -0.01  68.0928819444444 -0.37760416666666602 0.80000000000000004  
67.8029513888889 -0.47743055555555503 -0.01  67.8029513888889 -0.47743055555555503 0.80000000000000004  
67.4713541666667 -0.52604166666666408 -0.01  67.4713541666667 -0.52604166666666408 0.80000000000000004  

0 4
1 4

0 2
1 2

9 0 0 0 0 3 1 4 2 2 2 68.9348958333333 0.44791666666666996 -0.01  68.9348958333333 0.44791666666666996 0.80000000000000004  
68.7873263888889 0.14930555555555802 -0.01  68.7873263888889 0.14930555555555802 0.80000000000000004  
68.5894097222222 -0.075520833333330803 -0.01  68.5894097222222 -0.075520833333330803 0.80000000000000004  
68.3411458333333 -0.226562499999997 -0.01  68.3411458333333 -0.226562499999997 0.80000000000000004  

0 4
1 4

0 2
1 2

9 0 0 0 0 3 1 4 2 2 2 69.15625 1.6302083333333302 -0.01  69.15625 1.6302083333333302 0.80000000000000004  
69.15625 1.140625 -0.01  69.15625 1.140625 0.80000000000000004  
69.0824652777778 0.74652777777778101 -0.01  69.0824652777778 0.74652777777778101 0.80000000000000004  
68.9348958333333 0.44791666666666996 -0.01  68.9348958333333 0.44791666666666996 0.80000000000000004  

0 4
1 4

0 2
1 2

1 69.15625 5.1458333333333401 -0.01 -1 0 0 0 0 1 0 1 -0 
2 59.107419090280295 8.7067807202298688 -0.01 0 0 1 0.99500065815493799 0.099868364716964003 -0 -0.099868364716964003 0.99500065815493799 0 10.048261018816801
9 0 0 0 0 3 1 4 2 2 2 68.2760416666667 12.4375 -0.01  68.2760416666667 12.4375 0.80000000000000004  
68.5920138888889 11.9375 -0.01  68.5920138888889 11.9375 0.80000000000000004  
68.8177083333333 11.361979166666702 -0.01  68.8177083333333 11.361979166666702 0.80000000000000004  
68.953125 10.7109375 -0.01  68.953125 10.7109375 0.80000000000000004  

0 4
1 4

0 2
1 2

2 65.329392311855699 10.5909554440021 -0.01 0 0 1 0.68955359070685296 0.72423466193167396 -0 -0.72423466193167396 0.68955359070685296 0 3.4771794926421902
9 0 0 0 0 3 1 4 2 2 2 65.1197916666667 14.0625 -0.01  65.1197916666667 14.0625 0.80000000000000004  
65.8767361111111 14.0625 -0.01  65.8767361111111 14.0625 0.80000000000000004  
66.5130208333333 13.9166666666667 -0.01  66.5130208333333 13.9166666666667 0.80000000000000004  
67.0286458333333 13.625 -0.01  67.0286458333333 13.625 0.80000000000000004  

0 4
1 4

0 2
1 2

9 0 0 0 0 3 1 4 2 2 2 63.408854166666693 13.7630208333333 -0.01  63.408854166666693 13.7630208333333 0.80000000000000004  
63.875868055555607 13.9626736111111 -0.01  63.875868055555607 13.9626736111111 0.80000000000000004  
64.4461805555556 14.0625 -0.01  64.4461805555556 14.0625 0.80000000000000004  
65.1197916666667 14.0625 -0.01  65.1197916666667 14.0625 0.80000000000000004  

0 4
1 4

0 2
1 2

9 0 0 0 0 3 1 4 2 2 2 62.2786458333333 12.8776041666667 -0.01  62.2786458333333 12.8776041666667 0.80000000000000004  
62.565104166666593 13.2682291666667 -0.01  62.565104166666593 13.2682291666667 0.80000000000000004  
62.9418402777778 13.5633680555555 -0.01  62.9418402777778 13.5633680555555 0.80000000000000004  
63.408854166666693 13.7630208333333 -0.01  63.408854166666693 13.7630208333333 0.80000000000000004  

0 4
1 4

0 2
1 2

9 0 0 0 0 3 1 4 2 2 2 61.6536458333333 11.4453125 -0.01  61.6536458333333 11.4453125 0.80000000000000004  
61.7838541666666 12.0095486111111 -0.01  61.7838541666666 12.0095486111111 0.80000000000000004  
61.9921875 12.4869791666667 -0.01  61.9921875 12.4869791666667 0.80000000000000004  
62.2786458333333 12.8776041666667 -0.01  62.2786458333333 12.8776041666667 0.80000000000000004  

0 4
1 4

0 2
1 2

9 0 0 0 0 3 1 4 2 2 2 61.4583333333333 9.5052083333333304 -0.01  61.4583333333333 9.5052083333333304 0.80000000000000004  
61.4583333333333 10.234375 -0.01  61.4583333333333 10.234375 0.80000000000000004  
61.5234375 10.8810763888889 -0.01  61.5234375 10.8810763888889 0.80000000000000004  
61.6536458333333 11.4453125 -0.01  61.6536458333333 11.4453125 0.80000000000000004  

0 4
1 4

0 2
1 2

1 61.4583333333333 3.7526041666666701 -0.01 1 0 0 0 0 -1 -0 1 0 
1 58.5520833333333 -2 -0.01 0 -1 0 0 0 -1 1 0 0 
1 55.6458333333333 -1.2994791666666599 -0.01 -1 0 0 0 0 1 0 1 -0 
1 55.703125 -0.59895833333333104 -0.01 0 1 0 0 -0 1 1 0 -0 
2 55.801598782259099 5.4865545066732802 -0.01 0 0 1 0.080642054447255029 -0.9967431259128533 0 0.9967431259128533 0.080642054447255029 -0 6.0851306894472597
9 0 0 0 0 3 1 4 2 2 2 57.5989583333333 -0.18489583333333098 -0.01  57.5989583333333 -0.18489583333333098 0.80000000000000004  
57.3697916666666 -0.35329861111110999 -0.01  57.3697916666666 -0.35329861111110999 0.80000000000000004  
57.0980902777778 -0.46440972222222099 -0.01  57.0980902777778 -0.46440972222222099 0.80000000000000004  
56.7838541666667 -0.51822916666666397 -0.01  56.7838541666667 -0.51822916666666397 0.80000000000000004  

0 4
1 4

0 2
1 2

9 0 0 0 0 3 1 4 2 2 2 58.1276041666667 0.5390625 -0.01  58.1276041666667 0.5390625 0.80000000000000004  
58.0043402777778 0.224826388888891 -0.01  58.0043402777778 0.224826388888891 0.80000000000000004  
57.828125 -0.0164930555555531 -0.01  57.828125 -0.0164930555555531 0.80000000000000004  
57.5989583333333 -0.18489583333333098 -0.01  57.5989583333333 -0.18489583333333098 0.80000000000000004  

0 4
1 4

0 2
1 2

9 0 0 0 0 3 1 4 2 2 2 58.3125 1.7916666666666698 -0.01  58.3125 1.7916666666666698 0.80000000000000004  
58.3125 1.2708333333333399 -0.01  58.3125 1.2708333333333399 0.80000000000000004  
58.2508680555556 0.85329861111111305 -0.01  58.2508680555556 0.85329861111111305 0.80000000000000004  
58.1276041666667 0.5390625 -0.01  58.1276041666667 0.5390625 0.80000000000000004  

0 4
1 4

0 2
1 2

1 58.3125 5.7317708333333393 -0.01 -1 0 0 0 0 1 0 1 -0 
9 0 0 0 0 3 1 4 2 2 2 58.6953125 12.6171875 -0.01  58.6953125 12.6171875 0.80000000000000004  
58.4401041666667 11.7925347222222 -0.01  58.4401041666667 11.7925347222222 0.80000000000000004  
58.3125 10.8107638888889 -0.01  58.3125 10.8107638888889 0.80000000000000004  
58.3125 9.671875 -0.01  58.3125 9.671875 0.80000000000000004  

0 4
1 4

0 2
1 2

9 0 0 0 0 3 1 4 2 2 2 59.8020833333333 14.6432291666667 -0.01  59.8020833333333 14.6432291666667 0.80000000000000004  
59.3194444444444 14.1171875 -0.01  59.3194444444444 14.1171875 0.80000000000000004  
58.9505208333333 13.441840277777802 -0.01  58.9505208333333 13.441840277777802 0.80000000000000004  
58.6953125 12.6171875 -0.01  58.6953125 12.6171875 0.80000000000000004  

0 4
1 4

0 2
1 2

2 63.068911580885 11.6423164350512 -0.01 0 0 1 -0.55570694490463279 0.8313782480825197 0 -0.8313782480825197 -0.55570694490463279 0 4.4363113736187003
9 0 0 0 0 3 1 4 2 2 2 63.911458333333293 16.1979166666666 -0.01  63.911458333333293 16.1979166666666 0.80000000000000004  
63.032986111111107 16.1979166666666 -0.01  63.032986111111107 16.1979166666666 0.80000000000000004  
62.2491319444444 16.0703125 -0.01  62.2491319444444 16.0703125 0.80000000000000004  
61.5598958333333 15.8151041666666 -0.01  61.5598958333333 15.8151041666666 0.80000000000000004  

0 4
1 4

0 2
1 2

2 63.950799702411601 7.0416127864748299 -0.01 0 0 1 0.081172705367330608 0.99670005112037019 -0 -0.99670005112037019 0.081172705367330608 0 9.1559051238748204
2 64.675991907406697 11.5097017735834 -0.01 0 0 1 0.31656240899482513 0.94857168480373333 -0 -0.94857168480373333 0.31656240899482513 0 4.62870133272272
9 0 0 0 0 3 1 4 2 2 2 68.0234375 14.6927083333333 -0.01  68.0234375 14.6927083333333 0.80000000000000004  
67.6397569444445 15.0885416666667 -0.01  67.6397569444445 15.0885416666667 0.80000000000000004  
67.2335069444445 15.3975694444445 -0.01  67.2335069444445 15.3975694444445 0.80000000000000004  
66.8046875 15.6197916666666 -0.01  66.8046875 15.6197916666666 0.80000000000000004  

0 4
1 4

0 2
1 2

9 0 0 0 0 3 1 4 2 2 2 69.1197916666667 13.171875 -0.01  69.1197916666667 13.171875 0.80000000000000004  
68.7725694444444 13.7899305555555 -0.01  68.7725694444444 13.7899305555555 0.80000000000000004  
68.4071180555555 14.296875 -0.01  68.4071180555555 14.296875 0.80000000000000004  
68.0234375 14.6927083333333 -0.01  68.0234375 14.6927083333333 0.80000000000000004  

0 4
1 4

0 2
1 2

1 69.203125 13.171875 -0.01 0 1 0 0 -0 1 1 0 -0 
1 69.5052083333333 14.5208333333333 -0.01 -0.98710547774758473 0.16007115855366497 0 -0.16007115855366497 -0.98710547774758473 0 0 0 1 
1 72.4166666666667 15.869791666666698 -0.01 0 1 0 0 -0 1 1 0 -0 
1 75.109375 15.171875 -0.01 1 0 0 0 0 -1 -0 1 0 
1 75.0625 14.4739583333333 -0.01 0 -1 0 0 0 -1 1 0 0 
2 74.983864751258992 8.1321479974925488 -0.01 0 0 1 -0.080407723322651892 0.99676205687720076 0 -0.99676205687720076 -0.080407723322651892 0 6.3414987011111599
9 0 0 0 0 3 1 4 2 2 2 73.09375 14.0651041666667 -0.01  73.09375 14.0651041666667 0.80000000000000004  
73.34375 14.2265625 -0.01  73.34375 14.2265625 0.80000000000000004  
73.6336805555556 14.3350694444444 -0.01  73.6336805555556 14.3350694444444 0.80000000000000004  
73.9635416666667 14.390625 -0.01  73.9635416666667 14.390625 0.80000000000000004  

0 4
1 4

0 2
1 2

9 0 0 0 0 3 1 4 2 2 2 72.5 13.375 -0.01  72.5 13.375 0.80000000000000004  
72.6458333333333 13.6736111111111 -0.01  72.6458333333333 13.6736111111111 0.80000000000000004  
72.84375 13.903645833333298 -0.01  72.84375 13.903645833333298 0.80000000000000004  
73.09375 14.0651041666667 -0.01  73.09375 14.0651041666667 0.80000000000000004  

0 4
1 4

0 2
1 2

9 0 0 0 0 3 1 4 2 2 2 72.28125 12.1927083333333 -0.01  72.28125 12.1927083333333 0.80000000000000004  
72.28125 12.6822916666667 -0.01  72.28125 12.6822916666667 0.80000000000000004  
72.3541666666667 13.0763888888889 -0.01  72.3541666666667 13.0763888888889 0.80000000000000004  
72.5 13.375 -0.01  72.5 13.375 0.80000000000000004  

0 4
1 4

0 2
1 2

1 72.28125 6.9921875 -0.01 1 0 0 0 0 -1 -0 1 0 
9 0 0 0 0 3 1 4 2 2 2 72.5 0.5390625 -0.01  72.5 0.5390625 0.80000000000000004  
72.3541666666667 0.85329861111111305 -0.01  72.3541666666667 0.85329861111111305 0.80000000000000004  
72.28125 1.2708333333333399 -0.01  72.28125 1.2708333333333399 0.80000000000000004  
72.28125 1.7916666666666698 -0.01  72.28125 1.7916666666666698 0.80000000000000004  

0 4
1 4

0 2
1 2

9 0 0 0 0 3 1 4 2 2 2 73.0859375 -0.18489583333333098 -0.01  73.0859375 -0.18489583333333098 0.80000000000000004  
72.8411458333333 -0.0164930555555531 -0.01  72.8411458333333 -0.0164930555555531 0.80000000000000004  
72.6458333333333 0.224826388888891 -0.01  72.6458333333333 0.224826388888891 0.80000000000000004  
72.5 0.5390625 -0.01  72.5 0.5390625 0.80000000000000004  

0 4
1 4

0 2
1 2

9 0 0 0 0 3 1 4 2 2 2 73.9479166666667 -0.51822916666666397 -0.01  73.9479166666667 -0.51822916666666397 0.80000000000000004  
73.6180555555556 -0.46440972222222099 -0.01  73.6180555555556 -0.46440972222222099 0.80000000000000004  
73.3307291666667 -0.35329861111110999 -0.01  73.3307291666667 -0.35329861111110999 0.80000000000000004  
73.0859375 -0.18489583333333098 -0.01  73.0859375 -0.18489583333333098 0.80000000000000004  

0 4
1 4

0 2
1 2

2 74.975543009170011 6.0527262587360795 -0.01 0 0 1 -0.07717295244391828 -0.99701772071066475 0 0.99701772071066452 -0.077172952443918266 0 6.6513224415804295
1 75.1536458333333 -0.59895833333333104 -0.01 0 1 0 0 -0 1 1 0 -0 
1 75.2916666666667 -1.2994791666666599 -0.01 1 0 0 0 0 -1 -0 1 0 
1 70.8072916666667 -2 -0.01 0 -1 0 0 0 -1 1 0 0 
1 0 0 -0.01 0 0 -1 1 0 0 0 -1 0 
9 0 0 0 0 3 1 4 2 2 2 -8.0299479166666607 -22.1336805555555 -0.01  -8.0299479166666607 -22.1336805555555 0.80000000000000004  
-7.2886284722222197 -22.1336805555555 -0.01  -7.2886284722222197 -22.1336805555555 0.80000000000000004  
-6.7184606481481497 -21.956452546296301 -0.01  -6.7184606481481497 -21.956452546296301 0.80000000000000004  
-6.3194444444444402 -21.6019965277778 -0.01  -6.3194444444444402 -21.6019965277778 0.80000000000000004  

0 4
1 4

0 2
1 2

2 -8.0704379550577094 -18.1719342135559 -0.01 0 0 1 -0.11863131186868998 -0.99293837263161189 0 0.99293837263161189 -0.11863131186868998 0 3.96120329848904
2 -8.1044907171040297 -18.359729293675599 -0.01 0 0 1 -0.35279766671217389 -0.9356996346918417 0 0.9356996346918417 -0.35279766671217389 0 3.76945753170346
2 -8.0946006392306309 -18.366354999850397 -0.01 0 0 1 -0.5499797544267182 -0.83517798685114231 0 0.83517798685114231 -0.5499797544267182 0 3.7673247071578797
2 -6.4720103643058398 -16.389256894622999 -0.01 0 0 1 -0.67783325474216616 -0.73521566819923112 0 0.73521566819923112 -0.67783325474216616 0 6.3245529629574007
1 -10.7779947916667 -20.4611545138889 -0.01 -0.81975913787904375 0.5727084387922069 0 -0.5727084387922069 -0.81975913787904375 0 0 0 1 
2 -7.77188177015368 -15.895940945063002 -0.01 0 0 1 -0.48491261248308309 -0.87456260968259525 0 0.87456260968259525 -0.48491261248308309 0 5.0597032145715799
2 -9.4162707911380004 -19.249754587024498 -0.01 0 0 1 -0.20483309379678799 -0.97879691646716804 0 0.97879691646716804 -0.20483309379678799 0 1.3248955738227801
9 0 0 0 0 3 1 4 2 2 2 -8.8943142361111107 -20.3517795138889 -0.01  -8.8943142361111107 -20.3517795138889 0.80000000000000004  
-9.0148292824074101 -20.5006510416667 -0.01  -9.0148292824074101 -20.5006510416667 0.80000000000000004  
-9.1824363425926006 -20.5750868055555 -0.01  -9.1824363425926006 -20.5750868055555 0.80000000000000004  
-9.3971354166666714 -20.5750868055555 -0.01  -9.3971354166666714 -20.5750868055555 0.80000000000000004  

0 4
1 4

0 2
1 2

9 0 0 0 0 3 1 4 2 2 2 -8.7135416666666696 -19.703125 -0.01  -8.7135416666666696 -19.703125 0.80000000000000004  
-8.7135416666666696 -19.986689814814802 -0.01  -8.7135416666666696 -19.986689814814802 0.80000000000000004  
-8.7737991898148202 -20.2029079861111 -0.01  -8.7737991898148202 -20.2029079861111 0.80000000000000004  
-8.8943142361111107 -20.3517795138889 -0.01  -8.8943142361111107 -20.3517795138889 0.80000000000000004  

0 4
1 4

0 2
1 2

2 -14.1629811269708 -19.740567407253497 -0.01 0 0 1 0.99641187709506773 0.084636701163760583 -0 -0.084636701163760583 0.99641187709506773 0 5.4499921302049303
2 -23.793719184032099 -21.321183237378801 -0.01 0 0 1 0.98072002938142422 0.19541807482957804 -0 -0.19541807482957804 0.98072002938142422 0 15.2101205727406
1 -9.2102864583333286 -16.8016493055555 -0.01 -0.97767673459615423 -0.21011473682110204 0 0.21011473682110204 -0.97767673459615423 0 0 0 1 
2 -27.753641598926798 -19.228633001073298 -0.01 0 0 1 0.97977692042519626 0.20009294390887106 -0 -0.20009294390887106 0.97977692042519626 0 18.645079011693401
2 5.8254760437240503 -11.850000854460001 -0.01 0 0 1 -0.98058190275762214 -0.19610999970486304 0 0.19610999970486304 -0.98058190275762214 0 15.7351348114688
2 3.1760355254860699 -12.324676907847399 -0.01 0 0 1 -0.9876712487986774 -0.15654234026761307 0 0.15654234026761307 -0.9876712487986774 0 13.043496910648299
2 -5.86415384153785 -13.537632367906701 -0.01 0 0 1 -0.99750816128600828 -0.070551174106508616 0 0.070551174106508616 -0.99750816128600828 0 3.9221431293403799
2 -6.5425739928848099 -13.5421186388139 -0.01 0 0 1 -0.99165128652431223 0.12894853987027702 0 -0.12894853987027702 -0.99165128652431223 0 3.2431662066902698
2 -7.8809797484000601 -13.179937793822099 -0.01 0 0 1 -0.88871766910828531 0.45845491012174416 0 -0.45845491012174416 -0.88871766910828531 0 1.8559403705431499
2 -7.9455243095959602 -13.1607211540429 -0.01 0 0 1 -0.59655640917579311 0.80257114991213319 0 -0.80257114991213319 -0.59655640917579311 0 1.7947126000665301
9 0 0 0 0 3 1 4 2 2 2 -7.6410590277777795 -11.3268229166667 -0.01  -7.6410590277777795 -11.3268229166667 0.80000000000000004  
-8.040075231481481 -11.3268229166667 -0.01  -8.040075231481481 -11.3268229166667 0.80000000000000004  
-8.3752893518518512 -11.387080439814801 -0.01  -8.3752893518518512 -11.387080439814801 0.80000000000000004  
-8.6467013888888893 -11.5075954861111 -0.01  -8.6467013888888893 -11.5075954861111 0.80000000000000004  

0 4
1 4

0 2
1 2

9 0 0 0 0 3 1 4 2 2 2 -6.4911024305555607 -11.4741753472222 -0.01  -6.4911024305555607 -11.4741753472222 0.80000000000000004  
-6.8384693287037006 -11.3759403935185 -0.01  -6.8384693287037006 -11.3759403935185 0.80000000000000004  
-7.2217881944444402 -11.3268229166667 -0.01  -7.2217881944444402 -11.3268229166667 0.80000000000000004  
-7.6410590277777795 -11.3268229166667 -0.01  -7.6410590277777795 -11.3268229166667 0.80000000000000004  

0 4
1 4

0 2
1 2

2 -7.4426867498286899 -14.8696396591595 -0.01 0 0 1 0.41235413013302713 0.91102363929935137 -0 -0.91102363929935137 0.41235413013302713 0 3.5261338751031999
2 -7.7557575871479996 -15.2984240374675 -0.01 0 0 1 0.6565113381958656 0.75431615574656341 -0 -0.75431615574656352 0.65651133819586571 0 4.0568163100279806
2 -10.4948177763863 -17.667337858188599 -0.01 0 0 1 0.80486414182573807 0.59345910828221216 -0 -0.59345910828221216 0.80486414182573807 0 7.6794824773963093
1 -3.8904079861111103 -13.6540798611111 -0.01 0 1 0 0 -0 1 1 0 -0 
1 -3.8342013888888902 -13.578125 -0.01 -1 0 0 0 0 1 0 1 -0 
2 -0.92546674434517906 -13.481485939644401 -0.01 0 0 1 -0.9907086420114315 0.13600142147737004 0 -0.13600142147737007 -0.99070864201143161 0 2.9083932890219599
2 -1.9893581250472001 -13.1823410414438 -0.01 0 0 1 -0.8828960180513411 0.46956854804073705 0 -0.46956854804073705 -0.8828960180513411 0 1.8025803855626599
9 0 0 0 0 3 1 4 2 2 2 -2.7115885416666701 -11.5562065972222 -0.01  -2.7115885416666701 -11.5562065972222 0.80000000000000004  
-2.98401331018519 -11.670645254629601 -0.01  -2.98401331018519 -11.670645254629601 0.80000000000000004  
-3.2027633101851802 -11.825593171296301 -0.01  -3.2027633101851802 -11.825593171296301 0.80000000000000004  
-3.3678385416666599 -12.0210503472222 -0.01  -3.3678385416666599 -12.0210503472222 0.80000000000000004  

0 4
1 4

0 2
1 2

9 0 0 0 0 3 1 4 2 2 2 -1.6953125 -11.3845486111111 -0.01  -1.6953125 -11.3845486111111 0.80000000000000004  
-2.1004050925925899 -11.3845486111111 -0.01  -2.1004050925925899 -11.3845486111111 0.80000000000000004  
-2.4391637731481399 -11.441767939814799 -0.01  -2.4391637731481399 -11.441767939814799 0.80000000000000004  
-2.7115885416666701 -11.5562065972222 -0.01  -2.7115885416666701 -11.5562065972222 0.80000000000000004  

0 4
1 4

0 2
1 2

2 -1.65757610845508 -16.033228923591302 -0.01 0 0 1 0.11182202442129897 0.99372825000314979 -0 -0.99372825000314979 0.11182202442129897 0 4.6481845429802497
2 -1.41450239652981 -14.8443830165207 -0.01 0 0 1 0.37269541049738197 0.92795373321851993 -0 -0.92795373321851993 0.37269541049738197 0 3.4345854072786599
2 -1.76003913733466 -15.378082302767199 -0.01 0 0 1 0.6193329281054829 0.78512847621538273 -0 -0.78512847621538273 0.6193329281054829 0 4.0706498244254901
9 0 0 0 0 3 1 4 2 2 2 1.9596354166666698 -13.5598958333333 -0.01  1.9596354166666698 -13.5598958333333 0.80000000000000004  
1.7064525462963001 -13.1669560185185 -0.01  1.7064525462963001 -13.1669560185185 0.80000000000000004  
1.44516782407408 -12.8327546296296 -0.01  1.44516782407408 -12.8327546296296 0.80000000000000004  
1.17578125 -12.5572916666667 -0.01  1.17578125 -12.5572916666667 0.80000000000000004  

0 4
1 4

0 2
1 2

1 2.0310329861111103 -13.5598958333333 -0.01 0 1 0 0 -0 1 1 0 -0 
1 1.91710069444445 -12.5679253472222 -0.01 -0.98299127262866126 -0.18365227451868102 0 0.18365227451868102 -0.98299127262866126 0 0 0 1 
1 3.9861111111111103 -11.5759548611111 -0.01 0 1 0 0 -0 1 1 0 -0 
1 6.3255208333333401 -12.0924479166667 -0.01 0.98670586557819784 0.16251626021287699 0 -0.16251626021287699 0.98670586557819784 0 0 -0 1 
1 6.2358940972222303 -12.6089409722222 -0.01 0 -1 0 0 0 -1 1 0 0 
2 6.0210104493754599 -15.9207853125749 -0.01 0 0 1 -0.065157662634805533 0.99787498164848731 0 -0.99787498164848731 -0.065157662634805533 0 3.3116337762294301
9 0 0 0 0 3 1 4 2 2 2 5.2727864583333401 -12.7517361111111 -0.01  5.2727864583333401 -12.7517361111111 0.80000000000000004  
5.3548177083333401 -12.695023148148099 -0.01  5.3548177083333401 -12.695023148148099 0.80000000000000004  
5.4606481481481506 -12.657045717592601 -0.01  5.4606481481481506 -12.657045717592601 0.80000000000000004  
5.5902777777777803 -12.6378038194444 -0.01  5.5902777777777803 -12.6378038194444 0.80000000000000004  

0 4
1 4

0 2
1 2

2 5.5590644926864003 -13.1480035139266 -0.01 0 0 1 -0.80285080828217292 0.596179989299089 0 -0.596179989299089 -0.80285080828217292 0 0.48941673235025801
9 0 0 0 0 3 1 4 2 2 2 5.03428819444445 -13.426215277777802 -0.01  5.03428819444445 -13.426215277777802 0.80000000000000004  
5.03428819444445 -13.25 -0.01  5.03428819444445 -13.25 0.80000000000000004  
5.0535300925925997 -13.1077112268518 -0.01  5.0535300925925997 -13.1077112268518 0.80000000000000004  
5.0920138888888902 -12.9993489583333 -0.01  5.0920138888888902 -12.9993489583333 0.80000000000000004  

0 4
1 4

0 2
1 2

2 6.4221646862613397 -13.3832952486212 -0.01 0 0 1 -0.99771596897968251 -0.067548835985037178 0 0.067548835985037178 -0.99771596897968251 0 1.3887449236973701
2 8.6605283242049893 -13.138760266315801 -0.01 0 0 1 -0.99031547464969061 -0.13883537254373596 0 0.13883537254373599 -0.99031547464969072 0 3.6406048154046
2 20.134003100879298 -11.235095482076 -0.01 0 0 1 -0.98493018872964233 -0.17295237300769006 0 0.17295237300769006 -0.98493018872964233 0 15.270980471600801
2 12.6516403526812 -12.623160871332599 -0.01 0 0 1 -0.98032779171762086 -0.19737634302533097 0 0.19737634302533097 -0.98032779171762086 0 7.6609637746863095
1 5.9837239583333304 -18.130859375 -0.01 0.97848860030008411 0.20630089452734401 0 -0.20630089452734401 0.97848860030008411 0 0 -0 1 
1 5.3426649305555598 -22 -0.01 0 -1 0 0 0 -1 1 0 0 
1 3.3404947916666701 -19.5603298611111 -0.01 -0.97591463142915591 -0.21815277252992898 0 0.21815277252992898 -0.97591463142915591 0 0 0 1 
2 -3.4419403637374897 -18.497979740930401 -0.01 0 0 1 0.96134084500853634 0.27536118048532809 -0 -0.27536118048532809 0.96134084500853634 0 6.3879226015978396
2 -6.2858706845631502 -19.4682034379214 -0.01 0 0 1 0.9238394221539572 0.38278025298367013 -0 -0.38278025298367013 0.9238394221539572 0 9.3930685355270693
2 -5.7515842826959203 -19.1968122890666 -0.01 0 0 1 0.87746213699448383 0.47964590912575689 -0 -0.47964590912575689 0.87746213699448383 0 8.7941520851584993
2 -3.09537952602961 -17.500855809232 -0.01 0 0 1 0.80359003169367604 0.59518321629776905 -0 -0.59518321629776905 0.80359003169367604 0 5.6425957186144506
9 0 0 0 0 3 1 4 2 2 2 0.53927951388889295 -13.2545572916667 -0.01  0.53927951388889295 -13.2545572916667 0.80000000000000004  
0.75094039351852404 -13.3872251157407 -0.01  0.75094039351852404 -13.3872251157407 0.80000000000000004  
0.95500578703704198 -13.564453125 -0.01  0.95500578703704198 -13.564453125 0.80000000000000004  
1.15147569444445 -13.786241319444398 -0.01  1.15147569444445 -13.786241319444398 0.80000000000000004  

0 4
1 4

0 2
1 2

9 0 0 0 0 3 1 4 2 2 2 -0.10026041666666401 -13.0555555555555 -0.01  -0.10026041666666401 -13.0555555555555 0.80000000000000004  
0.11443865740740999 -13.0555555555555 -0.01  0.11443865740740999 -13.0555555555555 0.80000000000000004  
0.32761863425926196 -13.121889467592599 -0.01  0.32761863425926196 -13.121889467592599 0.80000000000000004  
0.53927951388889295 -13.2545572916667 -0.01  0.53927951388889295 -13.2545572916667 0.80000000000000004  

0 4
1 4

0 2
1 2

9 0 0 0 0 3 1 4 2 2 2 -0.44813368055555303 -13.1558159722222 -0.01  -0.44813368055555303 -13.1558159722222 0.80000000000000004  
-0.36205150462962499 -13.0889756944444 -0.01  -0.36205150462962499 -13.0889756944444 0.80000000000000004  
-0.246093749999995 -13.0555555555555 -0.01  -0.246093749999995 -13.0555555555555 0.80000000000000004  
-0.10026041666666401 -13.0555555555555 -0.01  -0.10026041666666401 -13.0555555555555 0.80000000000000004  

0 4
1 4

0 2
1 2

2 -0.088472386573526102 -13.6199473218346 -0.01 0 0 1 -0.80321841547612305 0.59568462884317097 0 -0.59568462884317097 -0.80321841547612305 0 0.58721243590376204
2 0.61298035397587791 -13.8838554592229 -0.01 0 0 1 -0.97337511905007312 0.22921796965826202 0 -0.22921796965826202 -0.97337511905007312 0 1.3370997344373001
2 2.8321973142313102 -14.1349439233614 -0.01 0 0 1 -0.99860076135746223 0.052882127569689213 0 -0.052882127569689213 -0.99860076135746223 0 3.5705365915213303
2 3.7043059391196298 -14.081888239263598 -0.01 0 0 1 -0.99772046540953196 -0.067482389576742602 0 0.067482389576742588 -0.99772046540953174 0 4.4432031626635702
2 11.056783894722399 -13.2005670568933 -0.01 0 0 1 -0.98876666836652882 -0.14946730588110196 0 0.14946730588110196 -0.98876666836652882 0 11.8484095820587
2 64.583617194238897 -3.70241469971756 -0.01 0 0 1 -0.98381820702233225 -0.17916957200195402 0 0.17916957200195402 -0.98381820702233225 0 66.211405688506602
2 29.668960524951501 -10.259069038343901 -0.01 0 0 1 -0.98171885115026125 -0.19033679963740904 0 0.19033679963740904 -0.98171885115026125 0 30.686427405863597
1 -0.26888020833333004 -16.982421875 -0.01 0.97725522258883013 0.21206656955507203 0 -0.21206656955507203 0.97725522258883013 0 0 -0 1 
2 -19.6554377065032 -22.0157953185713 -0.01 0 0 1 0.97948910024056735 0.20149715260996606 -0 -0.20149715260996606 0.97948910024056735 0 20.013514941808499
2 -47.138545582664996 -27.229624203990099 -0.01 0 0 1 0.98434680895420179 0.17624233232024697 -0 -0.17624233232024697 0.98434680895420179 0 47.986915538963494
1 0.249131944444447 -19.6545138888889 -0.01 0.98584476382129727 0.16766067411927804 0 -0.16766067411927804 0.98584476382129727 0 0 -0 1 
2 -42.795403542033903 -27.4700038013426 -0.01 0 0 1 0.98734369726741911 0.15859515587275402 -0 -0.15859515587275402 0.98734369726741911 0 43.745543249884498
2 -20.981819908083299 -24.205010915817901 -0.01 0 0 1 0.99093535254323228 0.13433959609891605 -0 -0.13433959609891608 0.9909353525432324 0 21.688830429858701
2 -3.73559621782602 -22.174972787651697 -0.01 0 0 1 0.99703683395938736 0.076925624652914623 -0 -0.076925624652914623 0.99703683395938736 0 4.32327523252438
1 -0.92664930555555103 -22 -0.01 0 -1 0 0 0 -1 1 0 0 
2 -7.7555541160149302 -22.237413877569001 -0.01 0 0 1 0.99773032695725627 0.067336428994762221 -0 -0.067336428994762221 0.99773032695725627 0 5.3248290454035292
2 -28.074826883355101 -24.1626901158895 -0.01 0 0 1 0.99416196522872158 0.10789803933606106 -0 -0.10789803933606107 0.99416196522872169 0 25.735263668558503
2 -55.770205236607502 -27.4667695041225 -0.01 0 0 1 0.99196933058067016 0.12647864320642102 -0 -0.12647864320642102 0.99196933058067016 0 53.627135364953496
2 -86.540239073426292 -31.5618044798453 -0.01 0 0 1 0.99041765777814517 0.13810453707700202 -0 -0.13810453707700202 0.99041765777814517 0 84.668455661894399
2 -168.13074095611299 -43.331835142536399 -0.01 0 0 1 0.9894110989856082 0.14514019844306103 -0 -0.14514019844306103 0.9894110989856082 0 167.10352538772699
2 -14.937021698075899 -20.452076114854798 -0.01 0 0 1 0.98591122913634799 0.167269388301792 -0 -0.167269388301792 0.98591122913634799 0 12.210587466743601
1 -3.0169270833333401 -17.7662760416667 -0.01 -0.98316060446983 -0.18274360677878301 0 0.18274360677878301 -0.98316060446983 0 0 0 1 
2 -9.4692646356976393 -18.553405904426199 -0.01 0 0 1 0.96918274436467178 0.24634286680511694 -0 -0.24634286680511694 0.96918274436467178 0 6.4881929589496297
2 -12.781087728668201 -19.582181503550999 -0.01 0 0 1 0.93430581111405908 0.35647251130837604 -0 -0.35647251130837604 0.93430581111405908 0 9.9564323701334096
2 -13.1856305426591 -19.740025657672401 -0.01 0 0 1 0.89357261902916074 0.44891867250245487 -0 -0.44891867250245493 0.89357261902916085 0 10.390412464478599
2 -9.1371226879853396 -17.397611618293499 -0.01 0 0 1 0.82572725466877395 0.56406958870087098 -0 -0.56406958870087098 0.82572725466877395 0 5.7128980862802292
9 0 0 0 0 3 1 4 2 2 2 -5.3092447916666696 -13.2165798611111 -0.01  -5.3092447916666696 -13.2165798611111 0.80000000000000004  
-5.1036603009259203 -13.3624131944444 -0.01  -5.1036603009259203 -13.3624131944444 0.80000000000000004  
-4.9026331018518494 -13.554325810185199 -0.01  -4.9026331018518494 -13.554325810185199 0.80000000000000004  
-4.7061631944444402 -13.7923177083333 -0.01  -4.7061631944444402 -13.7923177083333 0.80000000000000004  

0 4
1 4

0 2
1 2

9 0 0 0 0 3 1 4 2 2 2 -5.93055555555555 -12.9978298611111 -0.01  -5.93055555555555 -12.9978298611111 0.80000000000000004  
-5.7219328703703702 -12.9978298611111 -0.01  -5.7219328703703702 -12.9978298611111 0.80000000000000004  
-5.5148292824074101 -13.0707465277778 -0.01  -5.5148292824074101 -13.0707465277778 0.80000000000000004  
-5.3092447916666696 -13.2165798611111 -0.01  -5.3092447916666696 -13.2165798611111 0.80000000000000004  

0 4
1 4

0 2
1 2

9 0 0 0 0 3 1 4 2 2 2 -6.3194444444444402 -13.1026475694444 -0.01  -6.3194444444444402 -13.1026475694444 0.80000000000000004  
-6.2181712962962905 -13.0327690972222 -0.01  -6.2181712962962905 -13.0327690972222 0.80000000000000004  
-6.0885416666666599 -12.9978298611111 -0.01  -6.0885416666666599 -12.9978298611111 0.80000000000000004  
-5.93055555555555 -12.9978298611111 -0.01  -5.93055555555555 -12.9978298611111 0.80000000000000004  

0 4
1 4

0 2
1 2

2 -5.8962821364813198 -13.722392225199401 -0.01 0 0 1 -0.74461286965987294 0.66749657252819605 0 -0.66749657252819605 -0.74461286965987294 0 0.75034692319055896
2 -5.5540140761599197 -13.895867796802801 -0.01 0 0 1 -0.94933417772754003 0.314268386889893 0 -0.314268386889893 -0.94933417772754003 0 1.13429879002926
2 -4.2832341318119695 -14.124321176516901 -0.01 0 0 1 -0.99662529816939105 0.082085413130303694 0 -0.082085413130303694 -0.99662529816939105 0 2.4253036861143698
2 -2.3778558170249999 -14.067066490365301 -0.01 0 0 1 -0.99767302565152427 -0.068180157577795414 0 0.068180157577795414 -0.99767302565152427 0 4.3310450494759403
2 6.7674953153501205 -12.9395825310396 -0.01 0 0 1 -0.988976802545661 -0.14807053733461201 0 0.14807053733461201 -0.988976802545661 0 13.5457735072651
2 4.5638372213455103 -13.333645065479701 -0.01 0 0 1 -0.98081698388379424 -0.19493087011835006 0 0.19493087011835006 -0.98081698388379424 0 11.3071634377237
2 37.694194550576299 -5.8587564172310103 -0.01 0 0 1 -0.97421415820560375 -0.22562529546074195 0 0.22562529546074195 -0.97421415820560375 0 45.270214023454699
1 -6.1918402777777795 -17.0538194444444 -0.01 0.97717636392280127 0.21242964433104206 0 -0.21242964433104206 0.97717636392280127 0 0 -0 1 
2 -20.669221157422498 -21.0965101438264 -0.01 0 0 1 0.98518507938170374 0.17149448785213597 -0 -0.17149448785213597 0.98518507938170374 0 15.0053692968654
9 0 0 0 0 3 1 4 2 2 2 -5.7209201388888804 -20.1284722222222 -0.01  -5.7209201388888804 -20.1284722222222 0.80000000000000004  
-5.7209201388888804 -19.857060185185201 -0.01  -5.7209201388888804 -19.857060185185201 0.80000000000000004  
-5.7447193287037006 -19.5284288194444 -0.01  -5.7447193287037006 -19.5284288194444 0.80000000000000004  
-5.7923177083333304 -19.142578125 -0.01  -5.7923177083333304 -19.142578125 0.80000000000000004  

0 4
1 4

0 2
1 2

9 0 0 0 0 3 1 4 2 2 2 -6.3194444444444402 -21.6019965277778 -0.01  -6.3194444444444402 -21.6019965277778 0.80000000000000004  
-5.9204282407407298 -21.247540509259299 -0.01  -5.9204282407407298 -21.247540509259299 0.80000000000000004  
-5.7209201388888804 -20.756365740740701 -0.01  -5.7209201388888804 -20.756365740740701 0.80000000000000004  
-5.7209201388888804 -20.1284722222222 -0.01  -5.7209201388888804 -20.1284722222222 0.80000000000000004  

0 4
1 4

0 2
1 2

1 0 0 -0.01 0 0 -1 1 0 0 0 -1 0 
1 50.1762152777778 -14.6 -0.01 0 1 0 0 -0 1 1 0 -0 
1 49.4262152777778 -14.300000000000001 -0.01 1 0 0 0 0 -1 -0 1 0 
1 50.1762152777778 -14 -0.01 0 1 0 0 -0 1 1 0 -0 
1 50.9262152777778 -14.300000000000001 -0.01 1 0 0 0 0 -1 -0 1 0 
1 0 0 -0.01 0 0 -1 1 0 0 0 -1 0 
1 13.8489583333333 15.171875 -0.01 1 0 0 0 0 -1 -0 1 0 
1 13.7994791666667 14.4739583333333 -0.01 0 -1 0 0 0 -1 1 0 0 
9 0 0 0 0 3 1 4 2 2 2 12.9036458333333 14.390625 -0.01  12.9036458333333 14.390625 0.80000000000000004  
13.141493055555602 14.4461805555555 -0.01  13.141493055555602 14.4461805555555 0.80000000000000004  
13.4236111111111 14.4739583333333 -0.01  13.4236111111111 14.4739583333333 0.80000000000000004  
13.75 14.4739583333333 -0.01  13.75 14.4739583333333 0.80000000000000004  

0 4
1 4

0 2
1 2

2 13.276304894611801 12.720224347272401 -0.01 0 0 1 -0.41451292468678802 0.91004342493509904 0 -0.91004342493509904 -0.41451292468678802 0 1.71099507057071
2 13.453202369242002 12.5552090219471 -0.01 0 0 1 -0.74001561757975587 0.67258968601819391 0 -0.67258968601819391 -0.74001561757975587 0 1.9496074645651
9 0 0 0 0 3 1 4 2 2 2 11.375 12.6979166666667 -0.01  11.375 12.6979166666667 0.80000000000000004  
11.5034722222222 13.0451388888889 -0.01  11.5034722222222 13.0451388888889 0.80000000000000004  
11.6388888888889 13.3324652777778 -0.01  11.6388888888889 13.3324652777778 0.80000000000000004  
11.78125 13.5598958333333 -0.01  11.78125 13.5598958333333 0.80000000000000004  

0 4
1 4

0 2
1 2

1 8.6979166666666803 5.3489583333333401 -0.01 0.93959884515092673 -0.34227767994867092 0 0.34227767994867092 0.93959884515092673 0 -0 0 1 
1 4.4973958333333499 -2 -0.01 0 -1 0 0 0 -1 1 0 0 
1 0.34635416666667601 4.9348958333333304 -0.01 -0.9351259541288498 -0.35431546666016195 0 0.35431546666016195 -0.9351259541288498 0 0 0 1 
9 0 0 0 0 3 1 4 2 2 2 -2.8411458333333202 13.1692708333333 -0.01  -2.8411458333333202 13.1692708333333 0.80000000000000004  
-2.6727430555555403 12.8342013888889 -0.01  -2.6727430555555403 12.8342013888889 0.80000000000000004  
-2.4861111111111001 12.401041666666702 -0.01  -2.4861111111111001 12.401041666666702 0.80000000000000004  
-2.28125 11.8697916666667 -0.01  -2.28125 11.8697916666667 0.80000000000000004  

0 4
1 4

0 2
1 2

9 0 0 0 0 3 1 4 2 2 2 -3.3697916666666496 13.966145833333298 -0.01  -3.3697916666666496 13.966145833333298 0.80000000000000004  
-3.18576388888888 13.7699652777778 -0.01  -3.18576388888888 13.7699652777778 0.80000000000000004  
-3.0095486111111098 13.504340277777802 -0.01  -3.0095486111111098 13.504340277777802 0.80000000000000004  
-2.8411458333333202 13.1692708333333 -0.01  -2.8411458333333202 13.1692708333333 0.80000000000000004  

0 4
1 4

0 2
1 2

9 0 0 0 0 3 1 4 2 2 2 -3.9895833333333104 14.3671875 -0.01  -3.9895833333333104 14.3671875 0.80000000000000004  
-3.7604166666666501 14.2960069444444 -0.01  -3.7604166666666501 14.2960069444444 0.80000000000000004  
-3.55381944444443 14.1623263888889 -0.01  -3.55381944444443 14.1623263888889 0.80000000000000004  
-3.3697916666666496 13.966145833333298 -0.01  -3.3697916666666496 13.966145833333298 0.80000000000000004  

0 4
1 4

0 2
1 2

9 0 0 0 0 3 1 4 2 2 2 -4.8177083333333099 14.4739583333333 -0.01  -4.8177083333333099 14.4739583333333 0.80000000000000004  
-4.4947916666666501 14.4739583333333 -0.01  -4.4947916666666501 14.4739583333333 0.80000000000000004  
-4.2187499999999805 14.4383680555555 -0.01  -4.2187499999999805 14.4383680555555 0.80000000000000004  
-3.9895833333333104 14.3671875 -0.01  -3.9895833333333104 14.3671875 0.80000000000000004  

0 4
1 4

0 2
1 2

1 -5.0234374999999805 14.4739583333333 -0.01 0 -1 0 0 0 -1 1 0 0 
1 -5.2291666666666501 15.171875 -0.01 -1 0 0 0 0 1 0 1 -0 
1 -1.65625 15.869791666666698 -0.01 0 1 0 0 -0 1 1 0 -0 
1 1.9166666666666801 15.171875 -0.01 1 0 0 0 0 -1 -0 1 0 
1 1.7942708333333399 14.4739583333333 -0.01 0 -1 0 0 0 -1 1 0 0 
9 0 0 0 0 3 1 4 2 2 2 0.0234375000000147 14.0833333333333 -0.01  0.0234375000000147 14.0833333333333 0.80000000000000004  
0.38628472222223598 14.34375 -0.01  0.38628472222223598 14.34375 0.80000000000000004  
0.93576388888889794 14.4739583333333 -0.01  0.93576388888889794 14.4739583333333 0.80000000000000004  
1.671875 14.4739583333333 -0.01  1.671875 14.4739583333333 0.80000000000000004  

0 4
1 4

0 2
1 2

9 0 0 0 0 3 1 4 2 2 2 -0.52083333333331805 12.828125 -0.01  -0.52083333333331805 12.828125 0.80000000000000004  
-0.52083333333331805 13.4045138888889 -0.01  -0.52083333333331805 13.4045138888889 0.80000000000000004  
-0.339409722222207 13.8229166666667 -0.01  -0.339409722222207 13.8229166666667 0.80000000000000004  
0.0234375000000147 14.0833333333333 -0.01  0.0234375000000147 14.0833333333333 0.80000000000000004  

0 4
1 4

0 2
1 2

2 2.9936883694851999 12.901256286472901 -0.01 0 0 1 -0.9943299284029794 -0.10633904965780905 0 0.10633904965780905 -0.9943299284029794 0 3.5161747269895303
2 3.8636056286683598 13.049661919513801 -0.01 0 0 1 -0.95842166913589999 -0.28535575012737302 0 0.28535575012737296 -0.95842166913589977 0 4.3993741453996602
1 0.98177083333334103 8.1484375 -0.01 0.93844586441068656 0.34542634463873684 0 -0.34542634463873684 0.93844586441068656 0 0 -0 1 
2 168.42104769457799 67.993048911280795 -0.01 0 0 1 -0.93361234942919114 -0.35828477639066103 0 0.35828477639066103 -0.93361234942919114 0 177.81356276143799
2 -162.90083933007901 -60.609685283715606 -0.01 0 0 1 0.93364990762350131 0.35818689255000313 -0 -0.35818689255000313 0.93364990762350131 0 177.59161114210499
2 -41.479244381002701 -14.6137891777381 -0.01 0 0 1 0.93930157458387431 0.34309262886901909 -0 -0.34309262886901909 0.93930157458387431 0 47.749985420170994
2 -4.8830902754065804 -1.8387834722161001 -0.01 0 0 1 0.95829266219459053 0.28578868694195114 -0 -0.28578868694195114 0.95829266219459053 0 8.9876973055313503
1 3.8958333333333499 0.328125 -0.01 0 1 0 0 -0 1 1 0 -0 
9 0 0 0 0 3 1 4 2 2 2 4.1796875000000098 1.3619791666666701 -0.01  4.1796875000000098 1.3619791666666701 0.80000000000000004  
4.0703125000000098 0.95399305555555702 -0.01  4.0703125000000098 0.95399305555555702 0.80000000000000004  
3.9947916666666701 0.609375 -0.01  3.9947916666666701 0.609375 0.80000000000000004  
3.953125 0.328125 -0.01  3.953125 0.328125 0.80000000000000004  

0 4
1 4

0 2
1 2

2 51.733322005779598 -11.4367730083361 -0.01 0 0 1 -0.96210525474369024 0.27267834309783207 0 -0.27267834309783207 -0.96210525474369024 0 49.2459678449435
2 63.850381833671008 -15.019312417703199 -0.01 0 0 1 -0.95495021891135956 0.29676603478354191 0 -0.29676603478354191 -0.95495021891135956 0 61.881624789739703
2 48.505997468081404 -9.9649527196356598 -0.01 0 0 1 -0.94699955818379822 0.32123486236660403 0 -0.32123486236660403 -0.94699955818379822 0 45.726385897754902
1 6.5494791666666803 8.489583333333341 -0.01 -0.94103603453343621 0.33830634299342605 0 -0.33830634299342605 -0.94103603453343621 0 0 0 1 
2 1.5602832992637998 13.823214733002899 -0.01 0 0 1 0.95952047079596581 -0.28163889312999396 0 0.28163889312999396 0.95952047079596581 -0 6.49898949072821
2 5.4437374939003194 12.8675239929026 -0.01 0 0 1 0.99342355359309475 -0.11449735004124598 0 0.11449735004124598 0.99342355359309475 -0 2.4991234808771301
9 0 0 0 0 3 1 4 2 2 2 7.4453125000000098 14.0833333333333 -0.01  7.4453125000000098 14.0833333333333 0.80000000000000004  
7.7769097222222401 13.8229166666667 -0.01  7.7769097222222401 13.8229166666667 0.80000000000000004  
7.9427083333333499 13.4149305555555 -0.01  7.9427083333333499 13.4149305555555 0.80000000000000004  
7.9427083333333499 12.859375 -0.01  7.9427083333333499 12.859375 0.80000000000000004  

0 4
1 4

0 2
1 2

9 0 0 0 0 3 1 4 2 2 2 5.9375 14.4739583333333 -0.01  5.9375 14.4739583333333 0.80000000000000004  
6.6111111111111196 14.4739583333333 -0.01  6.6111111111111196 14.4739583333333 0.80000000000000004  
7.1137152777777901 14.34375 -0.01  7.1137152777777901 14.34375 0.80000000000000004  
7.4453125000000098 14.0833333333333 -0.01  7.4453125000000098 14.0833333333333 0.80000000000000004  

0 4
1 4

0 2
1 2

1 5.7265625000000107 14.4739583333333 -0.01 0 -1 0 0 0 -1 1 0 0 
1 5.515625 15.171875 -0.01 -1 0 0 0 0 1 0 1 -0 
1 9.6822916666666785 15.869791666666698 -0.01 0 1 0 0 -0 1 1 0 -0 
1 0 0 -0.01 0 0 -1 1 0 0 0 -1 0 
9 0 0 0 0 3 1 4 2 2 2 15.8177083333334 6.96875 -0.01  15.8177083333334 6.96875 0.80000000000000004  
15.8177083333334 3.8333333333333299 -0.01  15.8177083333334 3.8333333333333299 0.80000000000000004  
16.4826388888889 1.5 -0.01  16.4826388888889 1.5 0.80000000000000004  
17.8125 -0.031249999999997499 -0.01  17.8125 -0.031249999999997499 0.80000000000000004  

0 4
1 4

0 2
1 2

9 0 0 0 0 3 1 4 2 2 2 16.346354166666703 11.046875 -0.01  16.346354166666703 11.046875 0.80000000000000004  
15.9939236111111 9.890625 -0.01  15.9939236111111 9.890625 0.80000000000000004  
15.8177083333334 8.53125 -0.01  15.8177083333334 8.53125 0.80000000000000004  
15.8177083333334 6.96875 -0.01  15.8177083333334 6.96875 0.80000000000000004  

0 4
1 4

0 2
1 2

9 0 0 0 0 3 1 4 2 2 2 17.8776041666667 13.9270833333333 -0.01  17.8776041666667 13.9270833333333 0.80000000000000004  
17.2092013888889 13.163194444444398 -0.01  17.2092013888889 13.163194444444398 0.80000000000000004  
16.6987847222222 12.203125 -0.01  16.6987847222222 12.203125 0.80000000000000004  
16.346354166666703 11.046875 -0.01  16.346354166666703 11.046875 0.80000000000000004  

0 4
1 4

0 2
1 2

2 22.546475805746603 9.8594518539611293 -0.01 0 0 1 -0.57470844496407003 0.81835823652418904 0 -0.81835823652418904 -0.57470844496407003 0 6.1921631444736001
9 0 0 0 0 3 1 4 2 2 2 23.5520833333333 16.1979166666666 -0.01  23.5520833333333 16.1979166666666 0.80000000000000004  
22.3472222222223 16.1979166666666 -0.01  22.3472222222223 16.1979166666666 0.80000000000000004  
21.2673611111111 16.0104166666666 -0.01  21.2673611111111 16.0104166666666 0.80000000000000004  
20.3125 15.6354166666666 -0.01  20.3125 15.6354166666666 0.80000000000000004  

0 4
1 4

0 2
1 2

9 0 0 0 0 3 1 4 2 2 2 29.4010416666667 13.919270833333298 -0.01  29.4010416666667 13.919270833333298 0.80000000000000004  
28.0815972222222 15.4383680555555 -0.01  28.0815972222222 15.4383680555555 0.80000000000000004  
26.1319444444444 16.1979166666666 -0.01  26.1319444444444 16.1979166666666 0.80000000000000004  
23.5520833333333 16.1979166666666 -0.01  23.5520833333333 16.1979166666666 0.80000000000000004  

0 4
1 4

0 2
1 2

9 0 0 0 0 3 1 4 2 2 2 31.380208333333297 6.96875 -0.01  31.380208333333297 6.96875 0.80000000000000004  
31.380208333333297 10.0833333333333 -0.01  31.380208333333297 10.0833333333333 0.80000000000000004  
30.7204861111111 12.4001736111111 -0.01  30.7204861111111 12.4001736111111 0.80000000000000004  
29.4010416666667 13.919270833333298 -0.01  29.4010416666667 13.919270833333298 0.80000000000000004  

0 4
1 4

0 2
1 2

9 0 0 0 0 3 1 4 2 2 2 30.8515625 2.875 -0.01  30.8515625 2.875 0.80000000000000004  
31.2039930555556 4.0416666666666696 -0.01  31.2039930555556 4.0416666666666696 0.80000000000000004  
31.380208333333297 5.40625 -0.01  31.380208333333297 5.40625 0.80000000000000004  
31.380208333333297 6.96875 -0.01  31.380208333333297 6.96875 0.80000000000000004  

0 4
1 4

0 2
1 2

9 0 0 0 0 3 1 4 2 2 2 29.3203125 -0.031249999999997499 -0.01  29.3203125 -0.031249999999997499 0.80000000000000004  
29.9887152777778 0.73958333333333393 -0.01  29.9887152777778 0.73958333333333393 0.80000000000000004  
30.4991319444445 1.7083333333333299 -0.01  30.4991319444445 1.7083333333333299 0.80000000000000004  
30.8515625 2.875 -0.01  30.8515625 2.875 0.80000000000000004  

0 4
1 4

0 2
1 2

2 24.612467520823902 4.0295217445152902 -0.01 0 0 1 0.57867994159776204 -0.81555473463919692 0 0.81555473463919692 0.57867994159776204 -0 6.2170127846910104
9 0 0 0 0 3 1 4 2 2 2 23.6458333333333 -2.328125 -0.01  23.6458333333333 -2.328125 0.80000000000000004  
24.8506944444444 -2.328125 -0.01  24.8506944444444 -2.328125 0.80000000000000004  
25.9305555555556 -2.1380208333333299 -0.01  25.9305555555556 -2.1380208333333299 0.80000000000000004  
26.8854166666667 -1.7578125 -0.01  26.8854166666667 -1.7578125 0.80000000000000004  

0 4
1 4

0 2
1 2

9 0 0 0 0 3 1 4 2 2 2 17.8125 -0.031249999999997499 -0.01  17.8125 -0.031249999999997499 0.80000000000000004  
19.1423611111111 -1.5625 -0.01  19.1423611111111 -1.5625 0.80000000000000004  
21.086805555555603 -2.328125 -0.01  21.086805555555603 -2.328125 0.80000000000000004  
23.6458333333333 -2.328125 -0.01  23.6458333333333 -2.328125 0.80000000000000004  

0 4
1 4

0 2
1 2

9 0 0 0 0 3 1 4 2 2 2 28.15625 6.96875 -0.01  28.15625 6.96875 0.80000000000000004  
28.15625 5.7326388888888902 -0.01  28.15625 5.7326388888888902 0.80000000000000004  
28.0746527777778 4.6423611111111196 -0.01  28.0746527777778 4.6423611111111196 0.80000000000000004  
27.9114583333334 3.6979166666666701 -0.01  27.9114583333334 3.6979166666666701 0.80000000000000004  

0 4
1 4

0 2
1 2

9 0 0 0 0 3 1 4 2 2 2 27.9114583333334 10.2239583333333 -0.01  27.9114583333334 10.2239583333333 0.80000000000000004  
28.0746527777778 9.2899305555555607 -0.01  28.0746527777778 9.2899305555555607 0.80000000000000004  
28.15625 8.2048611111111107 -0.01  28.15625 8.2048611111111107 0.80000000000000004  
28.15625 6.96875 -0.01  28.15625 6.96875 0.80000000000000004  

0 4
1 4

0 2
1 2

9 0 0 0 0 3 1 4 2 2 2 27.1302083333333 12.5598958333333 -0.01  27.1302083333333 12.5598958333333 0.80000000000000004  
27.4878472222223 11.9366319444444 -0.01  27.4878472222223 11.9366319444444 0.80000000000000004  
27.7482638888889 11.1579861111111 -0.01  27.7482638888889 11.1579861111111 0.80000000000000004  
27.9114583333334 10.2239583333333 -0.01  27.9114583333334 10.2239583333333 0.80000000000000004  

0 4
1 4

0 2
1 2

9 0 0 0 0 3 1 4 2 2 2 25.7317708333334 13.966145833333298 -0.01  25.7317708333334 13.966145833333298 0.80000000000000004  
26.3064236111111 13.6519097222222 -0.01  26.3064236111111 13.6519097222222 0.80000000000000004  
26.7725694444444 13.1831597222222 -0.01  26.7725694444444 13.1831597222222 0.80000000000000004  
27.1302083333333 12.5598958333333 -0.01  27.1302083333333 12.5598958333333 0.80000000000000004  

0 4
1 4

0 2
1 2

9 0 0 0 0 3 1 4 2 2 2 23.6145833333333 14.4375 -0.01  23.6145833333333 14.4375 0.80000000000000004  
24.4513888888889 14.4375 -0.01  24.4513888888889 14.4375 0.80000000000000004  
25.1571180555556 14.2803819444444 -0.01  25.1571180555556 14.2803819444444 0.80000000000000004  
25.7317708333334 13.966145833333298 -0.01  25.7317708333334 13.966145833333298 0.80000000000000004  

0 4
1 4

0 2
1 2

9 0 0 0 0 3 1 4 2 2 2 21.4921875 13.966145833333298 -0.01  21.4921875 13.966145833333298 0.80000000000000004  
22.0737847222222 14.2803819444444 -0.01  22.0737847222222 14.2803819444444 0.80000000000000004  
22.78125 14.4375 -0.01  22.78125 14.4375 0.80000000000000004  
23.6145833333333 14.4375 -0.01  23.6145833333333 14.4375 0.80000000000000004  

0 4
1 4

0 2
1 2

9 0 0 0 0 3 1 4 2 2 2 20.0833333333334 12.5598958333333 -0.01  20.0833333333334 12.5598958333333 0.80000000000000004  
20.4409722222222 13.1831597222222 -0.01  20.4409722222222 13.1831597222222 0.80000000000000004  
20.9105902777778 13.6519097222222 -0.01  20.9105902777778 13.6519097222222 0.80000000000000004  
21.4921875 13.966145833333298 -0.01  21.4921875 13.966145833333298 0.80000000000000004  

0 4
1 4

0 2
1 2

9 0 0 0 0 3 1 4 2 2 2 19.3020833333334 10.2239583333333 -0.01  19.3020833333334 10.2239583333333 0.80000000000000004  
19.4652777777778 11.1579861111111 -0.01  19.4652777777778 11.1579861111111 0.80000000000000004  
19.7256944444444 11.9366319444444 -0.01  19.7256944444444 11.9366319444444 0.80000000000000004  
20.0833333333334 12.5598958333333 -0.01  20.0833333333334 12.5598958333333 0.80000000000000004  

0 4
1 4

0 2
1 2

9 0 0 0 0 3 1 4 2 2 2 19.0572916666667 6.96875 -0.01  19.0572916666667 6.96875 0.80000000000000004  
19.0572916666667 8.2048611111111107 -0.01  19.0572916666667 8.2048611111111107 0.80000000000000004  
19.1388888888889 9.2899305555555607 -0.01  19.1388888888889 9.2899305555555607 0.80000000000000004  
19.3020833333334 10.2239583333333 -0.01  19.3020833333334 10.2239583333333 0.80000000000000004  

0 4
1 4

0 2
1 2

9 0 0 0 0 3 1 4 2 2 2 19.2942708333334 3.6979166666666701 -0.01  19.2942708333334 3.6979166666666701 0.80000000000000004  
19.1362847222223 4.6423611111111196 -0.01  19.1362847222223 4.6423611111111196 0.80000000000000004  
19.0572916666667 5.7326388888888902 -0.01  19.0572916666667 5.7326388888888902 0.80000000000000004  
19.0572916666667 6.96875 -0.01  19.0572916666667 6.96875 0.80000000000000004  

0 4
1 4

0 2
1 2

9 0 0 0 0 3 1 4 2 2 2 20.0677083333334 1.328125 -0.01  20.0677083333334 1.328125 0.80000000000000004  
19.7100694444445 1.9635416666666698 -0.01  19.7100694444445 1.9635416666666698 0.80000000000000004  
19.4522569444445 2.7534722222222201 -0.01  19.4522569444445 2.7534722222222201 0.80000000000000004  
19.2942708333334 3.6979166666666701 -0.01  19.2942708333334 3.6979166666666701 0.80000000000000004  

0 4
1 4

0 2
1 2

9 0 0 0 0 3 1 4 2 2 2 21.4661458333334 -0.11197916666666399 -0.01  21.4661458333334 -0.11197916666666399 0.80000000000000004  
20.8914930555556 0.21267361111111199 -0.01  20.8914930555556 0.21267361111111199 0.80000000000000004  
20.4253472222222 0.69270833333333304 -0.01  20.4253472222222 0.69270833333333304 0.80000000000000004  
20.0677083333334 1.328125 -0.01  20.0677083333334 1.328125 0.80000000000000004  

0 4
1 4

0 2
1 2

9 0 0 0 0 3 1 4 2 2 2 23.5833333333333 -0.59895833333333104 -0.01  23.5833333333333 -0.59895833333333104 0.80000000000000004  
22.7465277777778 -0.59895833333333104 -0.01  22.7465277777778 -0.59895833333333104 0.80000000000000004  
22.0407986111111 -0.43663194444444203 -0.01  22.0407986111111 -0.43663194444444203 0.80000000000000004  
21.4661458333334 -0.11197916666666399 -0.01  21.4661458333334 -0.11197916666666399 0.80000000000000004  

0 4
1 4

0 2
1 2

9 0 0 0 0 3 1 4 2 2 2 25.7083333333334 -0.11197916666666399 -0.01  25.7083333333334 -0.11197916666666399 0.80000000000000004  
25.1284722222223 -0.43663194444444203 -0.01  25.1284722222223 -0.43663194444444203 0.80000000000000004  
24.4201388888889 -0.59895833333333104 -0.01  24.4201388888889 -0.59895833333333104 0.80000000000000004  
23.5833333333333 -0.59895833333333104 -0.01  23.5833333333333 -0.59895833333333104 0.80000000000000004  

0 4
1 4

0 2
1 2

9 0 0 0 0 3 1 4 2 2 2 27.1223958333334 1.328125 -0.01  27.1223958333334 1.328125 0.80000000000000004  
26.7595486111111 0.69270833333333304 -0.01  26.7595486111111 0.69270833333333304 0.80000000000000004  
26.2881944444445 0.21267361111111199 -0.01  26.2881944444445 0.21267361111111199 0.80000000000000004  
25.7083333333334 -0.11197916666666399 -0.01  25.7083333333334 -0.11197916666666399 0.80000000000000004  

0 4
1 4

0 2
1 2

9 0 0 0 0 3 1 4 2 2 2 27.9114583333334 3.6979166666666701 -0.01  27.9114583333334 3.6979166666666701 0.80000000000000004  
27.7482638888889 2.7534722222222201 -0.01  27.7482638888889 2.7534722222222201 0.80000000000000004  
27.4852430555556 1.9635416666666698 -0.01  27.4852430555556 1.9635416666666698 0.80000000000000004  
27.1223958333334 1.328125 -0.01  27.1223958333334 1.328125 0.80000000000000004  

0 4
1 4

0 2
1 2

1 0 0 -0.01 0 0 -1 1 0 0 0 -1 0 
2 -41.504233382624896 20.716232885004299 -0.01 0 0 1 -0.50787775615525477 -0.86142915251499563 0 0.86142915251499563 -0.50787775615525477 0 1.46320938642889
1 -42.778400216436395 19.3376435760599 -0.01 -0.72108639240780481 0.69284515924144074 0 -0.69284515924144074 -0.72108639240780481 0 0 0 1 
1 -44.033993873020897 18.463867535220597 -0.01 0.6928451592414423 0.72108639240780337 0 -0.72108639240780337 0.6928451592414423 0 0 -0 1 
1 -43.211052051881104 19.7533506716047 -0.01 -0.72108639240780481 0.69284515924144074 0 -0.69284515924144074 -0.72108639240780481 0 0 0 1 
2 -40.7382924355963 21.1708551934193 0.152 0 0 1 1 0 -0 -0 1 0 2.3568200052861399
9 0 0 0 0 3 1 4 2 2 2 -43.0833333333333 21.2760416666667 -0.01  -43.0833333333333 21.2760416666667 0.80000000000000004  
-43.0833333333333 20.8836805555556 -0.01  -43.0833333333333 20.8836805555556 0.80000000000000004  
-43.03125 20.5572916666667 -0.01  -43.03125 20.5572916666667 0.80000000000000004  
-42.9270833333333 20.296875 -0.01  -42.9270833333333 20.296875 0.80000000000000004  

0 4
1 4

0 2
1 2

9 0 0 0 0 3 1 4 2 2 2 -43.0471407983188 21.792899704485801 -0.01  -43.0471407983188 21.792899704485801 0.80000000000000004  
-43.0712691549951 21.635492845163199 -0.01  -43.0712691549951 21.635492845163199 0.80000000000000004  
-43.0833333333333 21.4632068325568 -0.01  -43.0833333333333 21.4632068325568 0.80000000000000004  
-43.0833333333333 21.2760416666667 -0.01  -43.0833333333333 21.2760416666667 0.80000000000000004  

0.51871814485396495 4
1 4

0 2
1 2

1 -43.587157477146903 22.004048980296698 -0.01 0.36415764614431184 0.93133732275402459 0 -0.93133732275402459 0.36415764614431184 0 0 -0 1 
1 -44.874916167434598 22.8296866463394 -0.01 0.93133732275402381 -0.36415764614431395 0 0.36415764614431395 0.93133732275402381 0 -0 0 1 
1 -43.368662889460296 22.562851373949098 -0.01 0.36415764614431184 0.93133732275402459 0 -0.93133732275402459 0.36415764614431184 0 0 -0 1 
9 0 0 0 0 3 1 4 2 2 2 -42.5208333333333 22.8854166666667 -0.01  -42.5208333333333 22.8854166666667 0.80000000000000004  
-42.661133366363401 22.7480395509914 -0.01  -42.661133366363401 22.7480395509914 0.80000000000000004  
-42.779288787716702 22.576215261596598 -0.01  -42.779288787716702 22.576215261596598 0.80000000000000004  
-42.875299597393301 22.369943798482499 -0.01  -42.875299597393301 22.369943798482499 0.80000000000000004  

0 4
0.84180019818053597 4

0 2
1 2

2 -41.555116520392005 21.900654701374801 -0.01 0 0 1 -0.50187216469438101 0.86494180746740201 0 -0.86494180746740201 -0.50187216469438101 0 1.3793229706878001
2 -41.212984259447403 20.6830933912387 -0.01 0 0 1 -0.13560235839614701 0.99076334227574403 0 -0.99076334227574403 -0.13560235839614701 0 2.64470053539746
1 -41.433218103273802 23.771632432407099 -0.01 0.99980058830479879 0.019969567481005895 0 -0.019969567481005895 0.99980058830479879 0 0 -0 1 
1 -41.163232278003896 25.2773241851087 -0.01 0.019969567481003897 -0.99980058830479879 0 0.99980058830479879 0.019969567481003897 0 -0 0 1 
1 -40.833337750290902 23.7836141728957 -0.01 0.99980058830479879 0.019969567481005895 0 -0.019969567481005895 0.99980058830479879 0 0 -0 1 
2 -41.1628962421875 20.648093031838702 -0.01 0 0 1 0.13440846121004296 0.99092601416813575 -0 -0.99092601416813575 0.13440846121004296 0 2.6795776782430303
2 -40.848227908534199 21.826208844510202 -0.01 0 0 1 0.49591670463921611 0.86837009509758023 -0 -0.86837009509758023 0.49591670463921611 0 1.4596171841850201
9 0 0 0 0 3 1 4 2 2 2 -39.439427496731696 22.2551432665717 -0.01  -39.439427496731696 22.2551432665717 0.80000000000000004  
-39.536509077289104 22.5132067836442 -0.01  -39.536509077289104 22.5132067836442 0.80000000000000004  
-39.671283245045203 22.723297917009102 -0.01  -39.671283245045203 22.723297917009102 0.80000000000000004  
-39.84375 22.8854166666667 -0.01  -39.84375 22.8854166666667 0.80000000000000004  

0.00659149146026323 4
1 4

0 2
1 2

1 -38.975907017163202 22.458076833061 -0.01 0.40105659548192191 -0.9160532775010688 0 0.9160532775010688 0.40105659548192191 0 -0 0 1 
1 -37.481510122266997 22.7848457430335 -0.01 -0.91605327750107135 -0.40105659548191613 0 0.40105659548191613 -0.91605327750107135 0 0 0 1 
1 -38.735273059874096 21.908444866560398 -0.01 0.40105659548192191 -0.9160532775010688 0 0.9160532775010688 0.40105659548192191 0 -0 0 1 
2 -43.449207210627399 21.2822618467879 0.152 0 0 1 1 0 -0 -0 1 0 4.1574935500549595
9 0 0 0 0 3 1 4 2 2 2 -39.4375 20.296875 -0.01  -39.4375 20.296875 0.80000000000000004  
-39.3402777777778 20.5572916666667 -0.01  -39.3402777777778 20.5572916666667 0.80000000000000004  
-39.2916666666666 20.8836805555556 -0.01  -39.2916666666666 20.8836805555556 0.80000000000000004  
-39.2916666666666 21.2760416666667 -0.01  -39.2916666666666 21.2760416666667 0.80000000000000004  

0 4
1 4

0 2
1 2

2 -41.147176173193102 20.915787877600199 0.152 0 0 1 1 0 -0 -0 1 0 1.8175805595089198
1 -39.249101909393204 19.685141450230201 -0.01 -0.69284515924144074 -0.72108639240780481 0 0.72108639240780481 -0.69284515924144074 0 0 0 1 
1 -38.375325868553894 18.4295477936457 -0.01 -0.72108639240780625 0.69284515924143919 0 -0.6928451592414393 -0.72108639240780636 0 0 0 1 
1 -39.664809004938 19.252489614785503 -0.01 -0.69284515924144074 -0.72108639240780481 0 0.72108639240780481 -0.69284515924144074 0 0 0 1 
2 -40.9036395260351 20.7985133161493 -0.01 0 0 1 0.50194737588617888 -0.86489816269950481 0 0.86489816269950481 0.50194737588617888 -0 1.5524828614828099
2 -41.163752862091002 21.7045103626531 -0.01 0 0 1 0.14465424488568898 -0.98948226332590283 0 0.98948226332590283 0.14465424488568898 -0 2.4957012788715298
2 -41.212079017807696 21.6723021938882 -0.01 0 0 1 -0.14593602293161306 -0.98929402970547831 0 0.98929402970547831 -0.14593602293161306 0 2.4636292525385599
1 0 0 -0.01 0 0 -1 1 0 0 0 -1 0 
1 46.4262152777778 -14.300000000000001 -0.01 1 0 0 0 0 -1 -0 1 0 
1 45.6762152777778 -14.6 -0.01 0 1 0 0 -0 1 1 0 -0 
1 44.9262152777778 -14.300000000000001 -0.01 1 0 0 0 0 -1 -0 1 0 
1 45.6762152777778 -14 -0.01 0 1 0 0 -0 1 1 0 -0 
1 0 0 -0.01 0 0 -1 1 0 0 0 -1 0 
1 43.578876329737398 -24.9758949864691 -0.01 0.60181502315204705 -0.79863551004729394 0 0.79863551004729394 0.60181502315204705 0 -0 0 1 
1 42.577743551561703 -24.478166987997799 -0.01 -0.79863551004729305 -0.60181502315204805 0 0.60181502315204805 -0.79863551004729305 0 0 0 1 
1 42.375246283433306 -23.378623966374498 -0.01 -0.60181502315204805 0.79863551004729305 0 -0.79863551004729305 -0.60181502315204805 0 0 0 1 
1 43.376379061608901 -23.8763519648457 -0.01 0.79863551004729227 0.60181502315204916 0 -0.60181502315204916 0.79863551004729227 0 0 -0 1 
1 0 0 -0.01 0 0 -1 1 0 0 0 -1 0 
9 0 0 0 0 3 1 4 2 2 2 -10.2239583333333 2.8333333333333299 -0.01  -10.2239583333333 2.8333333333333299 0.80000000000000004  
-10.2239583333333 1.7916666666666698 -0.01  -10.2239583333333 1.7916666666666698 0.80000000000000004  
-10.4435763888889 1.0130208333333399 -0.01  -10.4435763888889 1.0130208333333399 0.80000000000000004  
-10.8828125 0.49739583333333603 -0.01  -10.8828125 0.49739583333333603 0.80000000000000004  

0 4
1 4

0 2
1 2

9 0 0 0 0 3 1 4 2 2 2 -10.4765625 4.5598958333333295 -0.01  -10.4765625 4.5598958333333295 0.80000000000000004  
-10.3081597222222 4.0616319444444402 -0.01  -10.3081597222222 4.0616319444444402 0.80000000000000004  
-10.2239583333333 3.4861111111111098 -0.01  -10.2239583333333 3.4861111111111098 0.80000000000000004  
-10.2239583333333 2.8333333333333299 -0.01  -10.2239583333333 2.8333333333333299 0.80000000000000004  

0 4
1 4

0 2
1 2

2 -13.193549382398201 3.6625275564516402 -0.01 0 0 1 0.83224316642557505 0.55441077906001501 -0 -0.55441077906001501 0.83224316642557505 0 2.8608145607978899
9 0 0 0 0 3 1 4 2 2 2 -12.8515625 6.6171875 -0.01  -12.8515625 6.6171875 0.80000000000000004  
-12.217881944444398 6.4279513888888902 -0.01  -12.217881944444398 6.4279513888888902 0.80000000000000004  
-11.7057291666666 6.1623263888888902 -0.01  -11.7057291666666 6.1623263888888902 0.80000000000000004  
-11.3151041666666 5.8203125 -0.01  -11.3151041666666 5.8203125 0.80000000000000004  

0 4
1 4

0 2
1 2

9 0 0 0 0 3 1 4 2 2 2 -15.21875 6.96875 -0.01  -15.21875 6.96875 0.80000000000000004  
-14.2743055555555 6.9236111111111107 -0.01  -14.2743055555555 6.9236111111111107 0.80000000000000004  
-13.4852430555555 6.8064236111111107 -0.01  -13.4852430555555 6.8064236111111107 0.80000000000000004  
-12.8515625 6.6171875 -0.01  -12.8515625 6.6171875 0.80000000000000004  

0 4
1 4

0 2
1 2

1 -16.2838541666666 7.0182291666666696 -0.01 -0.046404722960836024 -0.99892272057798748 0 0.99892272057798748 -0.046404722960836024 0 0 0 1 
1 -17.3489583333333 5.7161458333333393 -0.01 1 0 0 0 0 -1 -0 1 0 
9 0 0 0 0 3 1 4 2 2 2 -17.0416666666666 2.4453125 -0.01  -17.0416666666666 2.4453125 0.80000000000000004  
-17.2465277777777 3.0199652777777799 -0.01  -17.2465277777777 3.0199652777777799 0.80000000000000004  
-17.3489583333333 3.6597222222222299 -0.01  -17.3489583333333 3.6597222222222299 0.80000000000000004  
-17.3489583333333 4.3645833333333401 -0.01  -17.3489583333333 4.3645833333333401 0.80000000000000004  

0 4
1 4

0 2
1 2

9 0 0 0 0 3 1 4 2 2 2 -16.15625 0.97916666666666896 -0.01  -16.15625 0.97916666666666896 0.80000000000000004  
-16.5416666666667 1.38194444444445 -0.01  -16.5416666666667 1.38194444444445 0.80000000000000004  
-16.8368055555555 1.8706597222222199 -0.01  -16.8368055555555 1.8706597222222199 0.80000000000000004  
-17.0416666666666 2.4453125 -0.01  -17.0416666666666 2.4453125 0.80000000000000004  

0 4
1 4

0 2
1 2

9 0 0 0 0 3 1 4 2 2 2 -14.7552083333333 0.049479166666669495 -0.01  -14.7552083333333 0.049479166666669495 0.80000000000000004  
-15.3038194444444 0.26649305555555602 -0.01  -15.3038194444444 0.26649305555555602 0.80000000000000004  
-15.7708333333333 0.57638888888888995 -0.01  -15.7708333333333 0.57638888888888995 0.80000000000000004  
-16.15625 0.97916666666666896 -0.01  -16.15625 0.97916666666666896 0.80000000000000004  

0 4
1 4

0 2
1 2

9 0 0 0 0 3 1 4 2 2 2 -12.921875 -0.27604166666666402 -0.01  -12.921875 -0.27604166666666402 0.80000000000000004  
-13.5954861111111 -0.27604166666666402 -0.01  -13.5954861111111 -0.27604166666666402 0.80000000000000004  
-14.2065972222222 -0.16753472222221999 -0.01  -14.2065972222222 -0.16753472222221999 0.80000000000000004  
-14.7552083333333 0.049479166666669495 -0.01  -14.7552083333333 0.049479166666669495 0.80000000000000004  

0 4
1 4

0 2
1 2

9 0 0 0 0 3 1 4 2 2 2 -10.8828125 0.49739583333333603 -0.01  -10.8828125 0.49739583333333603 0.80000000000000004  
-11.3220486111111 -0.018229166666664 -0.01  -11.3220486111111 -0.018229166666664 0.80000000000000004  
-12.0017361111111 -0.27604166666666402 -0.01  -12.0017361111111 -0.27604166666666402 0.80000000000000004  
-12.921875 -0.27604166666666402 -0.01  -12.921875 -0.27604166666666402 0.80000000000000004  

0 4
1 4

0 2
1 2

9 0 0 0 0 3 1 4 2 2 2 -14.2604166666666 14.5364583333333 -0.01  -14.2604166666666 14.5364583333333 0.80000000000000004  
-13.6180555555555 14.5364583333333 -0.01  -13.6180555555555 14.5364583333333 0.80000000000000004  
-13.0989583333333 14.4470486111111 -0.01  -13.0989583333333 14.4470486111111 0.80000000000000004  
-12.703125 14.2682291666667 -0.01  -12.703125 14.2682291666667 0.80000000000000004  

0 4
1 4

0 2
1 2

9 0 0 0 0 3 1 4 2 2 2 -15.8958333333333 14.234375 -0.01  -15.8958333333333 14.234375 0.80000000000000004  
-15.4895833333333 14.4357638888889 -0.01  -15.4895833333333 14.4357638888889 0.80000000000000004  
-14.9444444444444 14.5364583333333 -0.01  -14.9444444444444 14.5364583333333 0.80000000000000004  
-14.2604166666666 14.5364583333333 -0.01  -14.2604166666666 14.5364583333333 0.80000000000000004  

0 4
1 4

0 2
1 2

9 0 0 0 0 3 1 4 2 2 2 -16.8307291666666 13.3880208333333 -0.01  -16.8307291666666 13.3880208333333 0.80000000000000004  
-16.6137152777777 13.7508680555555 -0.01  -16.6137152777777 13.7508680555555 0.80000000000000004  
-16.3020833333333 14.0329861111111 -0.01  -16.3020833333333 14.0329861111111 0.80000000000000004  
-15.8958333333333 14.234375 -0.01  -15.8958333333333 14.234375 0.80000000000000004  

0 4
1 4

0 2
1 2

9 0 0 0 0 3 1 4 2 2 2 -17.2526041666667 12.0859375 -0.01  -17.2526041666667 12.0859375 0.80000000000000004  
-17.1883680555556 12.5911458333333 -0.01  -17.1883680555556 12.5911458333333 0.80000000000000004  
-17.0477430555556 13.0251736111111 -0.01  -17.0477430555556 13.0251736111111 0.80000000000000004  
-16.8307291666666 13.3880208333333 -0.01  -16.8307291666666 13.3880208333333 0.80000000000000004  

0 4
1 4

0 2
1 2

2 -4.2057380912072206 10.507077708921699 -0.01 0 0 1 -0.99820167685338124 0.059945077588555017 0 -0.059945077588555017 -0.99820167685338124 0 13.142744358343501
1 -17.3489583333333 9.434895833333341 -0.01 1 0 0 0 0 -1 -0 1 0 
1 -15.966145833333298 8.3828125 -0.01 0.035758660333957491 0.99936045459639877 0 -0.99936045459639877 0.035758660333957491 0 0 -0 1 
9 0 0 0 0 3 1 4 2 2 2 -8.8723958333333108 6.9375 -0.01  -8.8723958333333108 6.9375 0.80000000000000004  
-10.1310763888889 7.7951388888888893 -0.01  -10.1310763888889 7.7951388888888893 0.80000000000000004  
-12.0347222222222 8.2604166666666696 -0.01  -12.0347222222222 8.2604166666666696 0.80000000000000004  
-14.5833333333333 8.333333333333341 -0.01  -14.5833333333333 8.333333333333341 0.80000000000000004  

0 4
1 4

0 2
1 2

9 0 0 0 0 3 1 4 2 2 2 -6.984375 2.9947916666666701 -0.01  -6.984375 2.9947916666666701 0.80000000000000004  
-6.984375 4.765625 -0.01  -6.984375 4.765625 0.80000000000000004  
-7.6137152777777697 6.0798611111111098 -0.01  -7.6137152777777697 6.0798611111111098 0.80000000000000004  
-8.8723958333333108 6.9375 -0.01  -8.8723958333333108 6.9375 0.80000000000000004  

0 4
1 4

0 2
1 2

9 0 0 0 0 3 1 4 2 2 2 -7.375 0.63020833333333603 -0.01  -7.375 0.63020833333333603 0.80000000000000004  
-7.1145833333333304 1.296875 -0.01  -7.1145833333333304 1.296875 0.80000000000000004  
-6.984375 2.08506944444445 -0.01  -6.984375 2.08506944444445 0.80000000000000004  
-6.984375 2.9947916666666701 -0.01  -6.984375 2.9947916666666701 0.80000000000000004  

0 4
1 4

0 2
1 2

9 0 0 0 0 3 1 4 2 2 2 -8.4557291666666501 -1.03125 -0.01  -8.4557291666666501 -1.03125 0.80000000000000004  
-7.9956597222222197 -0.59027777777777601 -0.01  -7.9956597222222197 -0.59027777777777601 0.80000000000000004  
-7.6354166666666696 -0.036458333333330602 -0.01  -7.6354166666666696 -0.036458333333330602 0.80000000000000004  
-7.375 0.63020833333333603 -0.01  -7.375 0.63020833333333603 0.80000000000000004  

0 4
1 4

0 2
1 2

9 0 0 0 0 3 1 4 2 2 2 -10.0989583333333 -2.0104166666666701 -0.01  -10.0989583333333 -2.0104166666666701 0.80000000000000004  
-9.4635416666666394 -1.7986111111111101 -0.01  -9.4635416666666394 -1.7986111111111101 0.80000000000000004  
-8.9157986111110894 -1.4722222222222201 -0.01  -8.9157986111110894 -1.4722222222222201 0.80000000000000004  
-8.4557291666666501 -1.03125 -0.01  -8.4557291666666501 -1.03125 0.80000000000000004  

0 4
1 4

0 2
1 2

9 0 0 0 0 3 1 4 2 2 2 -12.1614583333333 -2.328125 -0.01  -12.1614583333333 -2.328125 0.80000000000000004  
-11.421875 -2.328125 -0.01  -11.421875 -2.328125 0.80000000000000004  
-10.734375 -2.2222222222222201 -0.01  -10.734375 -2.2222222222222201 0.80000000000000004  
-10.0989583333333 -2.0104166666666701 -0.01  -10.0989583333333 -2.0104166666666701 0.80000000000000004  

0 4
1 4

0 2
1 2

9 0 0 0 0 3 1 4 2 2 2 -13.9427083333333 -2.0911458333333299 -0.01  -13.9427083333333 -2.0911458333333299 0.80000000000000004  
-13.4496527777778 -2.2491319444444398 -0.01  -13.4496527777778 -2.2491319444444398 0.80000000000000004  
-12.8559027777778 -2.328125 -0.01  -12.8559027777778 -2.328125 0.80000000000000004  
-12.1614583333333 -2.328125 -0.01  -12.1614583333333 -2.328125 0.80000000000000004  

0 4
1 4

0 2
1 2

2 -12.550320119592101 2.3681788306835103 -0.01 0 0 1 -0.44821095081496898 -0.89392781787431896 0 0.89392781787431896 -0.44821095081496898 0 4.67087753487007
2 -11.802261196432999 3.3207405501163101 -0.01 0 0 1 -0.68479414406050121 -0.72873656437731027 0 0.72873656437731027 -0.68479414406050121 0 5.8808187863384198
2 7.8206381253559201 19.573222119342599 -0.01 0 0 1 -0.78624048498079391 -0.61792062579037299 0 0.61792062579037299 -0.78624048498079391 0 31.3609159253214
1 -17.4895833333333 0.86458333333333603 -0.01 0 -1 0 0 0 -1 1 0 0 
1 -17.890625 -0.56770833333333093 -0.01 0.98386991009990776 -0.17888543819998198 0 0.17888543819998198 0.98386991009990776 0 -0 0 1 
1 -20.4036458333333 -2 -0.01 0 -1 0 0 0 -1 1 0 0 
1 -22.65625 -1.2994791666666599 -0.01 -1 0 0 0 0 1 0 1 -0 
1 -22.6067708333333 -0.59895833333333104 -0.01 0 1 0 0 -0 1 1 0 -0 
9 0 0 0 0 3 1 4 2 2 2 -21.6067708333333 -0.484375 -0.01  -21.6067708333333 -0.484375 0.80000000000000004  
-21.8723958333333 -0.56076388888888706 -0.01  -21.8723958333333 -0.56076388888888706 0.80000000000000004  
-22.1892361111111 -0.59895833333333104 -0.01  -22.1892361111111 -0.59895833333333104 0.80000000000000004  
-22.5572916666667 -0.59895833333333104 -0.01  -22.5572916666667 -0.59895833333333104 0.80000000000000004  

0 4
1 4

0 2
1 2

9 0 0 0 0 3 1 4 2 2 2 -20.9635416666667 -0.093749999999997488 -0.01  -20.9635416666667 -0.093749999999997488 0.80000000000000004  
-21.1267361111111 -0.27777777777777501 -0.01  -21.1267361111111 -0.27777777777777501 0.80000000000000004  
-21.3411458333333 -0.407986111111109 -0.01  -21.3411458333333 -0.407986111111109 0.80000000000000004  
-21.6067708333333 -0.484375 -0.01  -21.6067708333333 -0.484375 0.80000000000000004  

0 4
1 4

0 2
1 2

9 0 0 0 0 3 1 4 2 2 2 -20.6067708333333 0.63802083333333603 -0.01  -20.6067708333333 0.63802083333333603 0.80000000000000004  
-20.6814236111111 0.334201388888891 -0.01  -20.6814236111111 0.334201388888891 0.80000000000000004  
-20.8003472222222 0.090277777777780205 -0.01  -20.8003472222222 0.090277777777780205 0.80000000000000004  
-20.9635416666667 -0.093749999999997488 -0.01  -20.9635416666667 -0.093749999999997488 0.80000000000000004  

0 4
1 4

0 2
1 2

9 0 0 0 0 3 1 4 2 2 2 -20.4947916666667 1.7916666666666698 -0.01  -20.4947916666667 1.7916666666666698 0.80000000000000004  
-20.4947916666667 1.3263888888888899 -0.01  -20.4947916666667 1.3263888888888899 0.80000000000000004  
-20.5321180555555 0.94184027777777901 -0.01  -20.5321180555555 0.94184027777777901 0.80000000000000004  
-20.6067708333333 0.63802083333333603 -0.01  -20.6067708333333 0.63802083333333603 0.80000000000000004  

0 4
1 4

0 2
1 2

1 -20.4947916666667 6.1145833333333401 -0.01 -1 0 0 0 0 1 0 1 -0 
9 0 0 0 0 3 1 4 2 2 2 -20.1119791666667 13.1302083333333 -0.01  -20.1119791666667 13.1302083333333 0.80000000000000004  
-20.3671875 12.3975694444444 -0.01  -20.3671875 12.3975694444444 0.80000000000000004  
-20.4947916666667 11.5 -0.01  -20.4947916666667 11.5 0.80000000000000004  
-20.4947916666667 10.4375 -0.01  -20.4947916666667 10.4375 0.80000000000000004  

0 4
1 4

0 2
1 2

9 0 0 0 0 3 1 4 2 2 2 -18.9635416666666 14.911458333333298 -0.01  -18.9635416666666 14.911458333333298 0.80000000000000004  
-19.4739583333333 14.4565972222222 -0.01  -19.4739583333333 14.4565972222222 0.80000000000000004  
-19.8567708333333 13.8628472222222 -0.01  -19.8567708333333 13.8628472222222 0.80000000000000004  
-20.1119791666667 13.1302083333333 -0.01  -20.1119791666667 13.1302083333333 0.80000000000000004  

0 4
1 4

0 2
1 2

9 0 0 0 0 3 1 4 2 2 2 -17.0572916666667 15.895833333333401 -0.01  -17.0572916666667 15.895833333333401 0.80000000000000004  
-17.8177083333333 15.6944444444445 -0.01  -17.8177083333333 15.6944444444445 0.80000000000000004  
-18.453125 15.3663194444444 -0.01  -18.453125 15.3663194444444 0.80000000000000004  
-18.9635416666666 14.911458333333298 -0.01  -18.9635416666666 14.911458333333298 0.80000000000000004  

0 4
1 4

0 2
1 2

9 0 0 0 0 3 1 4 2 2 2 -14.390625 16.1979166666666 -0.01  -14.390625 16.1979166666666 0.80000000000000004  
-15.4079861111111 16.1979166666666 -0.01  -15.4079861111111 16.1979166666666 0.80000000000000004  
-16.296875 16.0972222222222 -0.01  -16.296875 16.0972222222222 0.80000000000000004  
-17.0572916666667 15.895833333333401 -0.01  -17.0572916666667 15.895833333333401 0.80000000000000004  

0 4
1 4

0 2
1 2

2 -14.314736425794699 1.8284322444691501 -0.01 0 0 1 0.078404997609473337 0.99692158987046653 -0 -0.99692158987046653 0.078404997609473337 0 14.368767435850399
9 0 0 0 0 3 1 4 2 2 2 -10.1484375 15.4557291666667 -0.01  -10.1484375 15.4557291666667 0.80000000000000004  
-10.6953125 15.710937500000002 -0.01  -10.6953125 15.710937500000002 0.80000000000000004  
-11.3324652777778 15.898437500000002 -0.01  -11.3324652777778 15.898437500000002 0.80000000000000004  
-12.059895833333298 16.0182291666667 -0.01  -12.059895833333298 16.0182291666667 0.80000000000000004  

0 4
1 4

0 2
1 2

9 0 0 0 0 3 1 4 2 2 2 -8.8567708333333215 14.4713541666667 -0.01  -8.8567708333333215 14.4713541666667 0.80000000000000004  
-9.1710069444444393 14.8723958333333 -0.01  -9.1710069444444393 14.8723958333333 0.80000000000000004  
-9.6015624999999911 15.2005208333333 -0.01  -9.6015624999999911 15.2005208333333 0.80000000000000004  
-10.1484375 15.4557291666667 -0.01  -10.1484375 15.4557291666667 0.80000000000000004  

0 4
1 4

0 2
1 2

9 0 0 0 0 3 1 4 2 2 2 -8.3854166666666501 13.005208333333298 -0.01  -8.3854166666666501 13.005208333333298 0.80000000000000004  
-8.3854166666666501 13.5815972222222 -0.01  -8.3854166666666501 13.5815972222222 0.80000000000000004  
-8.5425347222222108 14.0703125 -0.01  -8.5425347222222108 14.0703125 0.80000000000000004  
-8.8567708333333215 14.4713541666667 -0.01  -8.8567708333333215 14.4713541666667 0.80000000000000004  

0 4
1 4

0 2
1 2

9 0 0 0 0 3 1 4 2 2 2 -9.109375 11.377604166666702 -0.01  -9.109375 11.377604166666702 0.80000000000000004  
-8.6267361111111001 11.6918402777778 -0.01  -8.6267361111111001 11.6918402777778 0.80000000000000004  
-8.3854166666666501 12.234375 -0.01  -8.3854166666666501 12.234375 0.80000000000000004  
-8.3854166666666501 13.005208333333298 -0.01  -8.3854166666666501 13.005208333333298 0.80000000000000004  

0 4
1 4

0 2
1 2

9 0 0 0 0 3 1 4 2 2 2 -11.213541666666599 10.90625 -0.01  -11.213541666666599 10.90625 0.80000000000000004  
-10.2934027777778 10.90625 -0.01  -10.2934027777778 10.90625 0.80000000000000004  
-9.5920138888888804 11.0633680555556 -0.01  -9.5920138888888804 11.0633680555556 0.80000000000000004  
-9.109375 11.377604166666702 -0.01  -9.109375 11.377604166666702 0.80000000000000004  

0 4
1 4

0 2
1 2

2 -19.7938206718127 10.964676905696098 -0.01 0 0 1 0.99672151794615105 0.080908687191923206 -0 -0.080908687191923206 0.99672151794615105 0 8.5797354532415504
9 0 0 0 0 3 1 4 2 2 2 -11.7760416666666 13.5104166666667 -0.01  -11.7760416666666 13.5104166666667 0.80000000000000004  
-11.5538194444444 13.1840277777778 -0.01  -11.5538194444444 13.1840277777778 0.80000000000000004  
-11.4045138888889 12.798611111111098 -0.01  -11.4045138888889 12.798611111111098 0.80000000000000004  
-11.328125 12.354166666666702 -0.01  -11.328125 12.354166666666702 0.80000000000000004  

0 4
1 4

0 2
1 2

9 0 0 0 0 3 1 4 2 2 2 -12.703125 14.2682291666667 -0.01  -12.703125 14.2682291666667 0.80000000000000004  
-12.3072916666666 14.0894097222222 -0.01  -12.3072916666666 14.0894097222222 0.80000000000000004  
-11.9982638888889 13.8368055555556 -0.01  -11.9982638888889 13.8368055555556 0.80000000000000004  
-11.7760416666666 13.5104166666667 -0.01  -11.7760416666666 13.5104166666667 0.80000000000000004  

0 4
1 4

0 2
1 2

1 0 0 -0.01 0 0 -1 1 0 0 0 -1 0 
2 -59.9262152777778 -14.300000000000001 -0.01 0 0 1 1 0 -0 -0 1 0 2
1 -59.626215277777796 -16.288685996664199 -0.01 -1 0 0 0 0 1 0 1 -0 
1 -59.776215277777801 -16.299999999999997 -0.01 0 1 0 0 -0 1 1 0 -0 
1 -60.226215277777797 -16.288685996664199 -0.01 -1 0 0 0 0 1 0 1 -0 
2 -59.9262152777778 -14.300000000000001 -0.01 0 0 1 1 0 -0 -0 1 0 2
1 -60.226215277777797 -10.161314003335699 -0.01 -1 0 0 0 0 1 0 1 -0 
1 -59.9262152777778 -8 -0.01 0 1 0 0 -0 1 1 0 -0 
1 -59.626215277777796 -10.161314003335699 -0.01 -1 0 0 0 0 1 0 1 -0 
2 -59.9262152777778 -14.300000000000001 -0.01 0 0 1 1 0 -0 -0 1 0 2
1 -51.937529281113498 -14 -0.01 0 1 0 0 -0 1 1 0 -0 
1 -45.9262152777778 -14.300000000000001 -0.01 -1 0 0 0 0 1 0 1 -0 
1 -51.937529281113498 -14.6 -0.01 0 1 0 0 -0 1 1 0 -0 
10 3.1415926535897931 9.4247779607693793 0 0.81000000000000005
2 -59.9262152777778 -14.300000000000001 -0.01 0 0 1 1 0 -0 -0 1 0 1.3999999999999999
1 0 0 -0.01 0 0 -1 1 0 0 0 -1 0 
2 -37.058439779566299 6.6303548146516498 -0.01 0 0 1 -0.070447559527802892 -0.99751548426907977 0 0.99751548426907977 -0.070447559527802892 0 7.2290347492217997
1 -36.8072916666667 -0.59895833333333104 -0.01 0 1 0 0 -0 1 1 0 -0 
1 -36.5885416666667 -1.2994791666666599 -0.01 1 0 0 0 0 -1 -0 1 0 
1 -41.3255208333333 -2 -0.01 0 -1 0 0 0 -1 1 0 0 
1 -46.0625 -1.2994791666666599 -0.01 -1 0 0 0 0 1 0 1 -0 
1 -45.8411458333333 -0.59895833333333104 -0.01 0 1 0 0 -0 1 1 0 -0 
2 -45.596156402177904 6.1006185221304401 -0.01 0 0 1 0.077131235603004528 -0.99702094887437243 0 0.99702094887437243 0.077131235603004528 -0 6.6993449578315598
9 0 0 0 0 3 1 4 2 2 2 -43.6927083333333 -0.18489583333333098 -0.01  -43.6927083333333 -0.18489583333333098 0.80000000000000004  
-43.9357638888889 -0.35329861111110999 -0.01  -43.9357638888889 -0.35329861111110999 0.80000000000000004  
-44.2256944444444 -0.46440972222222099 -0.01  -44.2256944444444 -0.46440972222222099 0.80000000000000004  
-44.5625 -0.51822916666666397 -0.01  -44.5625 -0.51822916666666397 0.80000000000000004  

0 4
1 4

0 2
1 2

9 0 0 0 0 3 1 4 2 2 2 -43.1067708333333 0.5390625 -0.01  -43.1067708333333 0.5390625 0.80000000000000004  
-43.2543402777777 0.224826388888891 -0.01  -43.2543402777777 0.224826388888891 0.80000000000000004  
-43.4496527777777 -0.0164930555555531 -0.01  -43.4496527777777 -0.0164930555555531 0.80000000000000004  
-43.6927083333333 -0.18489583333333098 -0.01  -43.6927083333333 -0.18489583333333098 0.80000000000000004  

0 4
1 4

0 2
1 2

9 0 0 0 0 3 1 4 2 2 2 -42.8854166666666 1.7916666666666698 -0.01  -42.8854166666666 1.7916666666666698 0.80000000000000004  
-42.8854166666666 1.2708333333333399 -0.01  -42.8854166666666 1.2708333333333399 0.80000000000000004  
-42.9592013888889 0.85329861111111305 -0.01  -42.9592013888889 0.85329861111111305 0.80000000000000004  
-43.1067708333333 0.5390625 -0.01  -43.1067708333333 0.5390625 0.80000000000000004  

0 4
1 4

0 2
1 2

1 -42.8854166666666 8.8307291666666714 -0.01 -1 0 0 0 0 1 0 1 -0 
1 -39.9088541666667 15.869791666666698 -0.01 0 1 0 0 -0 1 1 0 -0 
1 -36.9322916666667 15.171875 -0.01 1 0 0 0 0 -1 -0 1 0 
1 -36.9791666666667 14.4739583333333 -0.01 0 -1 0 0 0 -1 1 0 0 
2 -37.057801915407602 8.1321479974918507 -0.01 0 0 1 -0.080407723322644134 0.99676205687720132 0 -0.99676205687720132 -0.080407723322644134 0 6.3414987011118598
9 0 0 0 0 3 1 4 2 2 2 -38.9479166666667 14.0651041666667 -0.01  -38.9479166666667 14.0651041666667 0.80000000000000004  
-38.6979166666667 14.2265625 -0.01  -38.6979166666667 14.2265625 0.80000000000000004  
-38.4079861111111 14.3350694444444 -0.01  -38.4079861111111 14.3350694444444 0.80000000000000004  
-38.078125 14.390625 -0.01  -38.078125 14.390625 0.80000000000000004  

0 4
1 4

0 2
1 2

9 0 0 0 0 3 1 4 2 2 2 -39.5416666666666 13.375 -0.01  -39.5416666666666 13.375 0.80000000000000004  
-39.3958333333333 13.6736111111111 -0.01  -39.3958333333333 13.6736111111111 0.80000000000000004  
-39.1979166666667 13.903645833333298 -0.01  -39.1979166666667 13.903645833333298 0.80000000000000004  
-38.9479166666667 14.0651041666667 -0.01  -38.9479166666667 14.0651041666667 0.80000000000000004  

0 4
1 4

0 2
1 2

9 0 0 0 0 3 1 4 2 2 2 -39.7604166666667 12.1927083333333 -0.01  -39.7604166666667 12.1927083333333 0.80000000000000004  
-39.7604166666667 12.6822916666667 -0.01  -39.7604166666667 12.6822916666667 0.80000000000000004  
-39.6875 13.0763888888889 -0.01  -39.6875 13.0763888888889 0.80000000000000004  
-39.5416666666666 13.375 -0.01  -39.5416666666666 13.375 0.80000000000000004  

0 4
1 4

0 2
1 2

1 -39.7604166666667 6.9114583333333401 -0.01 1 0 0 0 0 -1 -0 1 0 
9 0 0 0 0 3 1 4 2 2 2 -39.5416666666666 0.44791666666666996 -0.01  -39.5416666666666 0.44791666666666996 0.80000000000000004  
-39.6875 0.74652777777778101 -0.01  -39.6875 0.74652777777778101 0.80000000000000004  
-39.7604166666667 1.140625 -0.01  -39.7604166666667 1.140625 0.80000000000000004  
-39.7604166666667 1.6302083333333302 -0.01  -39.7604166666667 1.6302083333333302 0.80000000000000004  

0 4
1 4

0 2
1 2

9 0 0 0 0 3 1 4 2 2 2 -38.9479166666667 -0.226562499999997 -0.01  -38.9479166666667 -0.226562499999997 0.80000000000000004  
-39.1979166666667 -0.075520833333330803 -0.01  -39.1979166666667 -0.075520833333330803 0.80000000000000004  
-39.3958333333333 0.14930555555555802 -0.01  -39.3958333333333 0.14930555555555802 0.80000000000000004  
-39.5416666666666 0.44791666666666996 -0.01  -39.5416666666666 0.44791666666666996 0.80000000000000004  

0 4
1 4

0 2
1 2

9 0 0 0 0 3 1 4 2 2 2 -38.078125 -0.52604166666666408 -0.01  -38.078125 -0.52604166666666408 0.80000000000000004  
-38.4079861111111 -0.47743055555555503 -0.01  -38.4079861111111 -0.47743055555555503 0.80000000000000004  
-38.6979166666667 -0.37760416666666602 -0.01  -38.6979166666667 -0.37760416666666602 0.80000000000000004  
-38.9479166666667 -0.226562499999997 -0.01  -38.9479166666667 -0.226562499999997 0.80000000000000004  

0 4
1 4

0 2
1 2

1 0 0 -0.01 0 0 -1 1 0 0 0 -1 0 
2 -32.979938478285099 8.1148217071114299 -0.01 0 0 1 -0.060574630400525131 -0.99816367102386561 0 0.99816367102386561 -0.060574630400525131 0 8.6821779452652805
9 0 0 0 0 3 1 4 2 2 2 -31.078124999999901 0.22916666666666899 -0.01  -31.078124999999901 0.22916666666666899 0.80000000000000004  
-31.539930555555497 -0.30208333333333104 -0.01  -31.539930555555497 -0.30208333333333104 0.80000000000000004  
-32.15625 -0.56770833333333093 -0.01  -32.15625 -0.56770833333333093 0.80000000000000004  
-32.9270833333333 -0.56770833333333093 -0.01  -32.9270833333333 -0.56770833333333093 0.80000000000000004  

0 4
1 4

0 2
1 2

9 0 0 0 0 3 1 4 2 2 2 -30.3854166666667 2.734375 -0.01  -30.3854166666667 2.734375 0.80000000000000004  
-30.3854166666667 1.5954861111111101 -0.01  -30.3854166666667 1.5954861111111101 0.80000000000000004  
-30.6163194444444 0.76041666666666996 -0.01  -30.6163194444444 0.76041666666666996 0.80000000000000004  
-31.078124999999901 0.22916666666666899 -0.01  -31.078124999999901 0.22916666666666899 0.80000000000000004  

0 4
1 4

0 2
1 2

1 -30.3854166666667 8.3515625 -0.01 -1 0 0 0 0 1 0 1 -0 
1 -32.5677083333333 13.96875 -0.01 0 -1 0 0 0 -1 1 0 0 
1 -34.75 14.9192708333333 -0.01 -1 0 0 0 0 1 0 1 -0 
1 -32.5677083333333 15.869791666666698 -0.01 0 1 0 0 -0 1 1 0 -0 
1 -30.3854166666667 17.921875 -0.01 -1 0 0 0 0 1 0 1 -0 
1 -29.6223958333333 19.9739583333334 -0.01 0 1 0 0 -0 1 1 0 -0 
9 0 0 0 0 3 1 4 2 2 2 -28.2473958333333 17.8333333333334 -0.01  -28.2473958333333 17.8333333333334 0.80000000000000004  
-28.4817708333333 18.4027777777778 -0.01  -28.4817708333333 18.4027777777778 0.80000000000000004  
-28.6857638888889 19.1163194444444 -0.01  -28.6857638888889 19.1163194444444 0.80000000000000004  
-28.859375 19.9739583333334 -0.01  -28.859375 19.9739583333334 0.80000000000000004  

0 4
1 4

0 2
1 2

9 0 0 0 0 3 1 4 2 2 2 -27.328125 16.359375 -0.01  -27.328125 16.359375 0.80000000000000004  
-27.7065972222222 16.7725694444444 -0.01  -27.7065972222222 16.7725694444444 0.80000000000000004  
-28.0130208333333 17.2638888888889 -0.01  -28.0130208333333 17.2638888888889 0.80000000000000004  
-28.2473958333333 17.8333333333334 -0.01  -28.2473958333333 17.8333333333334 0.80000000000000004  

0 4
1 4

0 2
1 2

2 -25.0288019263302 18.557729670601702 -0.01 0 0 1 -0.53585062506664316 -0.84431280199680026 0 0.84431280199680026 -0.53585062506664316 0 3.1803578008364699
9 0 0 0 0 3 1 4 2 2 2 -24.7239583333333 15.3020833333333 -0.01  -24.7239583333333 15.3020833333333 0.80000000000000004  
-25.1267361111111 15.3020833333333 -0.01  -25.1267361111111 15.3020833333333 0.80000000000000004  
-25.5694444444444 15.3836805555556 -0.01  -25.5694444444444 15.3836805555556 0.80000000000000004  
-26.0520833333333 15.546875 -0.01  -26.0520833333333 15.546875 0.80000000000000004  

0 4
1 4

0 2
1 2

1 -24.7239583333333 14.6354166666667 -0.01 1 0 0 0 0 -1 -0 1 0 
1 -25.9921875 13.96875 -0.01 0 -1 0 0 0 -1 1 0 0 
1 -27.2604166666667 8.4010416666666696 -0.01 1 0 0 0 0 -1 -0 1 0 
9 0 0 0 0 3 1 4 2 2 2 -27.546874999999901 0.40885416666667002 -0.01  -27.546874999999901 0.40885416666667002 0.80000000000000004  
-27.3559027777778 1.0703125 -0.01  -27.3559027777778 1.0703125 0.80000000000000004  
-27.2604166666667 1.8784722222222199 -0.01  -27.2604166666667 1.8784722222222199 0.80000000000000004  
-27.2604166666667 2.8333333333333299 -0.01  -27.2604166666667 2.8333333333333299 0.80000000000000004  

0 4
1 4

0 2
1 2

9 0 0 0 0 3 1 4 2 2 2 -28.4192708333333 -1.1848958333333299 -0.01  -28.4192708333333 -1.1848958333333299 0.80000000000000004  
-28.0286458333333 -0.78385416666666408 -0.01  -28.0286458333333 -0.78385416666666408 0.80000000000000004  
-27.7378472222222 -0.25260416666666402 -0.01  -27.7378472222222 -0.25260416666666402 0.80000000000000004  
-27.546874999999901 0.40885416666667002 -0.01  -27.546874999999901 0.40885416666667002 0.80000000000000004  

0 4
1 4

0 2
1 2

9 0 0 0 0 3 1 4 2 2 2 -29.9166666666667 -2.0572916666666701 -0.01  -29.9166666666667 -2.0572916666666701 0.80000000000000004  
-29.3090277777778 -1.8767361111111101 -0.01  -29.3090277777778 -1.8767361111111101 0.80000000000000004  
-28.8098958333333 -1.5859375 -0.01  -28.8098958333333 -1.5859375 0.80000000000000004  
-28.4192708333333 -1.1848958333333299 -0.01  -28.4192708333333 -1.1848958333333299 0.80000000000000004  

0 4
1 4

0 2
1 2

9 0 0 0 0 3 1 4 2 2 2 -32.0989583333333 -2.328125 -0.01  -32.0989583333333 -2.328125 0.80000000000000004  
-31.2517361111111 -2.328125 -0.01  -31.2517361111111 -2.328125 0.80000000000000004  
-30.5243055555555 -2.2378472222222201 -0.01  -30.5243055555555 -2.2378472222222201 0.80000000000000004  
-29.9166666666667 -2.0572916666666701 -0.01  -29.9166666666667 -2.0572916666666701 0.80000000000000004  

0 4
1 4

0 2
1 2

2 -32.068842902117403 6.4382083467473903 -0.01 0 0 1 -0.049330376794318787 -0.99878251582881172 0 0.99878251582881172 -0.049330376794318787 0 8.7665849279176715
2 -32.015234817794195 7.4939662472492197 -0.01 0 0 1 -0.13637599548777204 -0.99065714949962347 0 0.99065714949962347 -0.13637599548777204 0 9.8227152296490807
2 -32.4017127116403 5.4127068159477201 -0.01 0 0 1 -0.22659831242160491 -0.97398829808559861 0 0.97398829808559861 -0.22659831242160491 0 7.7055849846995201
2 -33.512423112787701 1.6705180615111299 -0.01 0 0 1 -0.34265639603693304 -0.93946079974365115 0 0.93946079974365115 -0.34265639603693304 0 3.8016419193659101
1 -35.0572916666666 -1.0703125 -0.01 -1 0 0 0 0 1 0 1 -0 
2 -31.760104246567096 16.9429365109206 -0.01 0 0 1 -0.15806785261594797 -0.98742825256794375 0 0.98742825256794375 -0.15806785261594797 0 17.593148935494298
1 0 0 -0.01 0 0 -1 1 0 0 0 -1 0 
1 63.676215277777793 -14.6 -0.01 0 1 0 0 -0 1 1 0 -0 
1 62.926215277777793 -14.300000000000001 -0.01 1 0 0 0 0 -1 -0 1 0 
1 63.676215277777793 -14 -0.01 0 1 0 0 -0 1 1 0 -0 
1 64.4262152777778 -14.300000000000001 -0.01 1 0 0 0 0 -1 -0 1 0 
1 0 0 -0.01 0 0 -1 1 0 0 0 -1 0 
9 0 0 0 0 3 1 4 2 2 2 -63.8854166666666 6.96875 -0.01  -63.8854166666666 6.96875 0.80000000000000004  
-63.8854166666666 3.8333333333333299 -0.01  -63.8854166666666 3.8333333333333299 0.80000000000000004  
-63.2204861111111 1.5 -0.01  -63.2204861111111 1.5 0.80000000000000004  
-61.890625 -0.031249999999997499 -0.01  -61.890625 -0.031249999999997499 0.80000000000000004  

0 4
1 4

0 2
1 2

9 0 0 0 0 3 1 4 2 2 2 -63.3567708333333 11.046875 -0.01  -63.3567708333333 11.046875 0.80000000000000004  
-63.7092013888888 9.890625 -0.01  -63.7092013888888 9.890625 0.80000000000000004  
-63.8854166666666 8.53125 -0.01  -63.8854166666666 8.53125 0.80000000000000004  
-63.8854166666666 6.96875 -0.01  -63.8854166666666 6.96875 0.80000000000000004  

0 4
1 4

0 2
1 2

9 0 0 0 0 3 1 4 2 2 2 -61.8255208333333 13.9270833333333 -0.01  -61.8255208333333 13.9270833333333 0.80000000000000004  
-62.4939236111111 13.163194444444398 -0.01  -62.4939236111111 13.163194444444398 0.80000000000000004  
-63.004340277777807 12.203125 -0.01  -63.004340277777807 12.203125 0.80000000000000004  
-63.3567708333333 11.046875 -0.01  -63.3567708333333 11.046875 0.80000000000000004  

0 4
1 4

0 2
1 2

2 -57.156649194253099 9.8594518539607012 -0.01 0 0 1 -0.57470844496406603 0.81835823652419193 0 -0.81835823652419193 -0.57470844496406603 0 6.1921631444741196
9 0 0 0 0 3 1 4 2 2 2 -56.1510416666667 16.1979166666666 -0.01  -56.1510416666667 16.1979166666666 0.80000000000000004  
-57.3559027777778 16.1979166666666 -0.01  -57.3559027777778 16.1979166666666 0.80000000000000004  
-58.4357638888889 16.0104166666666 -0.01  -58.4357638888889 16.0104166666666 0.80000000000000004  
-59.390625 15.6354166666666 -0.01  -59.390625 15.6354166666666 0.80000000000000004  

0 4
1 4

0 2
1 2

9 0 0 0 0 3 1 4 2 2 2 -50.3020833333333 13.919270833333298 -0.01  -50.3020833333333 13.919270833333298 0.80000000000000004  
-51.6215277777778 15.4383680555555 -0.01  -51.6215277777778 15.4383680555555 0.80000000000000004  
-53.5711805555556 16.1979166666666 -0.01  -53.5711805555556 16.1979166666666 0.80000000000000004  
-56.1510416666667 16.1979166666666 -0.01  -56.1510416666667 16.1979166666666 0.80000000000000004  

0 4
1 4

0 2
1 2

9 0 0 0 0 3 1 4 2 2 2 -48.3229166666666 6.96875 -0.01  -48.3229166666666 6.96875 0.80000000000000004  
-48.3229166666666 10.0833333333333 -0.01  -48.3229166666666 10.0833333333333 0.80000000000000004  
-48.9826388888888 12.4001736111111 -0.01  -48.9826388888888 12.4001736111111 0.80000000000000004  
-50.3020833333333 13.919270833333298 -0.01  -50.3020833333333 13.919270833333298 0.80000000000000004  

0 4
1 4

0 2
1 2

9 0 0 0 0 3 1 4 2 2 2 -48.8515625 2.875 -0.01  -48.8515625 2.875 0.80000000000000004  
-48.4991319444444 4.0416666666666696 -0.01  -48.4991319444444 4.0416666666666696 0.80000000000000004  
-48.3229166666666 5.40625 -0.01  -48.3229166666666 5.40625 0.80000000000000004  
-48.3229166666666 6.96875 -0.01  -48.3229166666666 6.96875 0.80000000000000004  

0 4
1 4

0 2
1 2

9 0 0 0 0 3 1 4 2 2 2 -50.3828125 -0.031249999999997499 -0.01  -50.3828125 -0.031249999999997499 0.80000000000000004  
-49.7144097222222 0.73958333333333393 -0.01  -49.7144097222222 0.73958333333333393 0.80000000000000004  
-49.2039930555555 1.7083333333333299 -0.01  -49.2039930555555 1.7083333333333299 0.80000000000000004  
-48.8515625 2.875 -0.01  -48.8515625 2.875 0.80000000000000004  

0 4
1 4

0 2
1 2

2 -55.090657479175 4.0295217445139198 -0.01 0 0 1 0.57867994159776015 -0.81555473463919825 0 0.81555473463919825 0.57867994159776015 -0 6.2170127846893193
9 0 0 0 0 3 1 4 2 2 2 -56.0572916666667 -2.328125 -0.01  -56.0572916666667 -2.328125 0.80000000000000004  
-54.8524305555556 -2.328125 -0.01  -54.8524305555556 -2.328125 0.80000000000000004  
-53.7725694444444 -2.1380208333333299 -0.01  -53.7725694444444 -2.1380208333333299 0.80000000000000004  
-52.8177083333333 -1.7578125 -0.01  -52.8177083333333 -1.7578125 0.80000000000000004  

0 4
1 4

0 2
1 2

9 0 0 0 0 3 1 4 2 2 2 -61.890625 -0.031249999999997499 -0.01  -61.890625 -0.031249999999997499 0.80000000000000004  
-60.5607638888889 -1.5625 -0.01  -60.5607638888889 -1.5625 0.80000000000000004  
-58.6163194444444 -2.328125 -0.01  -58.6163194444444 -2.328125 0.80000000000000004  
-56.0572916666667 -2.328125 -0.01  -56.0572916666667 -2.328125 0.80000000000000004  

0 4
1 4

0 2
1 2

9 0 0 0 0 3 1 4 2 2 2 -51.546875 6.96875 -0.01  -51.546875 6.96875 0.80000000000000004  
-51.546875 5.7326388888888902 -0.01  -51.546875 5.7326388888888902 0.80000000000000004  
-51.6284722222222 4.6423611111111196 -0.01  -51.6284722222222 4.6423611111111196 0.80000000000000004  
-51.7916666666667 3.6979166666666701 -0.01  -51.7916666666667 3.6979166666666701 0.80000000000000004  

0 4
1 4

0 2
1 2

9 0 0 0 0 3 1 4 2 2 2 -51.7916666666667 10.2239583333333 -0.01  -51.7916666666667 10.2239583333333 0.80000000000000004  
-51.6284722222222 9.2899305555555607 -0.01  -51.6284722222222 9.2899305555555607 0.80000000000000004  
-51.546875 8.2048611111111107 -0.01  -51.546875 8.2048611111111107 0.80000000000000004  
-51.546875 6.96875 -0.01  -51.546875 6.96875 0.80000000000000004  

0 4
1 4

0 2
1 2

9 0 0 0 0 3 1 4 2 2 2 -52.5729166666666 12.5598958333333 -0.01  -52.5729166666666 12.5598958333333 0.80000000000000004  
-52.2152777777777 11.9366319444444 -0.01  -52.2152777777777 11.9366319444444 0.80000000000000004  
-51.9548611111111 11.1579861111111 -0.01  -51.9548611111111 11.1579861111111 0.80000000000000004  
-51.7916666666667 10.2239583333333 -0.01  -51.7916666666667 10.2239583333333 0.80000000000000004  

0 4
1 4

0 2
1 2

9 0 0 0 0 3 1 4 2 2 2 -53.9713541666667 13.966145833333298 -0.01  -53.9713541666667 13.966145833333298 0.80000000000000004  
-53.3967013888889 13.6519097222222 -0.01  -53.3967013888889 13.6519097222222 0.80000000000000004  
-52.9305555555555 13.1831597222222 -0.01  -52.9305555555555 13.1831597222222 0.80000000000000004  
-52.5729166666666 12.5598958333333 -0.01  -52.5729166666666 12.5598958333333 0.80000000000000004  

0 4
1 4

0 2
1 2

9 0 0 0 0 3 1 4 2 2 2 -56.0885416666666 14.4375 -0.01  -56.0885416666666 14.4375 0.80000000000000004  
-55.2517361111111 14.4375 -0.01  -55.2517361111111 14.4375 0.80000000000000004  
-54.5460069444444 14.2803819444444 -0.01  -54.5460069444444 14.2803819444444 0.80000000000000004  
-53.9713541666667 13.966145833333298 -0.01  -53.9713541666667 13.966145833333298 0.80000000000000004  

0 4
1 4

0 2
1 2

9 0 0 0 0 3 1 4 2 2 2 -58.2109375 13.966145833333298 -0.01  -58.2109375 13.966145833333298 0.80000000000000004  
-57.6293402777777 14.2803819444444 -0.01  -57.6293402777777 14.2803819444444 0.80000000000000004  
-56.921874999999901 14.4375 -0.01  -56.921874999999901 14.4375 0.80000000000000004  
-56.0885416666666 14.4375 -0.01  -56.0885416666666 14.4375 0.80000000000000004  

0 4
1 4

0 2
1 2

9 0 0 0 0 3 1 4 2 2 2 -59.6197916666666 12.5598958333333 -0.01  -59.6197916666666 12.5598958333333 0.80000000000000004  
-59.2621527777777 13.1831597222222 -0.01  -59.2621527777777 13.1831597222222 0.80000000000000004  
-58.7925347222222 13.6519097222222 -0.01  -58.7925347222222 13.6519097222222 0.80000000000000004  
-58.2109375 13.966145833333298 -0.01  -58.2109375 13.966145833333298 0.80000000000000004  

0 4
1 4

0 2
1 2

9 0 0 0 0 3 1 4 2 2 2 -60.4010416666666 10.2239583333333 -0.01  -60.4010416666666 10.2239583333333 0.80000000000000004  
-60.2378472222222 11.1579861111111 -0.01  -60.2378472222222 11.1579861111111 0.80000000000000004  
-59.9774305555555 11.9366319444444 -0.01  -59.9774305555555 11.9366319444444 0.80000000000000004  
-59.6197916666666 12.5598958333333 -0.01  -59.6197916666666 12.5598958333333 0.80000000000000004  

0 4
1 4

0 2
1 2

9 0 0 0 0 3 1 4 2 2 2 -60.6458333333333 6.96875 -0.01  -60.6458333333333 6.96875 0.80000000000000004  
-60.6458333333333 8.2048611111111107 -0.01  -60.6458333333333 8.2048611111111107 0.80000000000000004  
-60.5642361111111 9.2899305555555607 -0.01  -60.5642361111111 9.2899305555555607 0.80000000000000004  
-60.4010416666666 10.2239583333333 -0.01  -60.4010416666666 10.2239583333333 0.80000000000000004  

0 4
1 4

0 2
1 2

9 0 0 0 0 3 1 4 2 2 2 -60.4088541666666 3.6979166666666701 -0.01  -60.4088541666666 3.6979166666666701 0.80000000000000004  
-60.5668402777777 4.6423611111111196 -0.01  -60.5668402777777 4.6423611111111196 0.80000000000000004  
-60.6458333333333 5.7326388888888902 -0.01  -60.6458333333333 5.7326388888888902 0.80000000000000004  
-60.6458333333333 6.96875 -0.01  -60.6458333333333 6.96875 0.80000000000000004  

0 4
1 4

0 2
1 2

9 0 0 0 0 3 1 4 2 2 2 -59.6354166666666 1.328125 -0.01  -59.6354166666666 1.328125 0.80000000000000004  
-59.9930555555555 1.9635416666666698 -0.01  -59.9930555555555 1.9635416666666698 0.80000000000000004  
-60.2508680555555 2.7534722222222201 -0.01  -60.2508680555555 2.7534722222222201 0.80000000000000004  
-60.4088541666666 3.6979166666666701 -0.01  -60.4088541666666 3.6979166666666701 0.80000000000000004  

0 4
1 4

0 2
1 2

9 0 0 0 0 3 1 4 2 2 2 -58.2369791666667 -0.11197916666666399 -0.01  -58.2369791666667 -0.11197916666666399 0.80000000000000004  
-58.8116319444444 0.21267361111111199 -0.01  -58.8116319444444 0.21267361111111199 0.80000000000000004  
-59.2777777777777 0.69270833333333304 -0.01  -59.2777777777777 0.69270833333333304 0.80000000000000004  
-59.6354166666666 1.328125 -0.01  -59.6354166666666 1.328125 0.80000000000000004  

0 4
1 4

0 2
1 2

9 0 0 0 0 3 1 4 2 2 2 -56.1197916666666 -0.59895833333333104 -0.01  -56.1197916666666 -0.59895833333333104 0.80000000000000004  
-56.9565972222222 -0.59895833333333104 -0.01  -56.9565972222222 -0.59895833333333104 0.80000000000000004  
-57.6623263888889 -0.43663194444444203 -0.01  -57.6623263888889 -0.43663194444444203 0.80000000000000004  
-58.2369791666667 -0.11197916666666399 -0.01  -58.2369791666667 -0.11197916666666399 0.80000000000000004  

0 4
1 4

0 2
1 2

9 0 0 0 0 3 1 4 2 2 2 -53.9947916666666 -0.11197916666666399 -0.01  -53.9947916666666 -0.11197916666666399 0.80000000000000004  
-54.5746527777777 -0.43663194444444203 -0.01  -54.5746527777777 -0.43663194444444203 0.80000000000000004  
-55.2829861111111 -0.59895833333333104 -0.01  -55.2829861111111 -0.59895833333333104 0.80000000000000004  
-56.1197916666666 -0.59895833333333104 -0.01  -56.1197916666666 -0.59895833333333104 0.80000000000000004  

0 4
1 4

0 2
1 2

9 0 0 0 0 3 1 4 2 2 2 -52.5807291666667 1.328125 -0.01  -52.5807291666667 1.328125 0.80000000000000004  
-52.9435763888889 0.69270833333333304 -0.01  -52.9435763888889 0.69270833333333304 0.80000000000000004  
-53.4149305555555 0.21267361111111199 -0.01  -53.4149305555555 0.21267361111111199 0.80000000000000004  
-53.9947916666666 -0.11197916666666399 -0.01  -53.9947916666666 -0.11197916666666399 0.80000000000000004  

0 4
1 4

0 2
1 2

9 0 0 0 0 3 1 4 2 2 2 -51.7916666666667 3.6979166666666701 -0.01  -51.7916666666667 3.6979166666666701 0.80000000000000004  
-51.9548611111111 2.7534722222222201 -0.01  -51.9548611111111 2.7534722222222201 0.80000000000000004  
-52.2178819444444 1.9635416666666698 -0.01  -52.2178819444444 1.9635416666666698 0.80000000000000004  
-52.5807291666667 1.328125 -0.01  -52.5807291666667 1.328125 0.80000000000000004  

0 4
1 4

0 2
1 2

1 0 0 -0.01 0 0 -1 1 0 0 0 -1 0 
1 59.1762152777778 -14.6 -0.01 0 1 0 0 -0 1 1 0 -0 
1 58.4262152777778 -14.300000000000001 -0.01 1 0 0 0 0 -1 -0 1 0 
1 59.1762152777778 -14 -0.01 0 1 0 0 -0 1 1 0 -0 
1 59.9262152777778 -14.300000000000001 -0.01 1 0 0 0 0 -1 -0 1 0 
1 0 0 -0.01 0 0 -1 1 0 0 0 -1 0 
1 54.6762152777778 -14.6 -0.01 0 1 0 0 -0 1 1 0 -0 
1 53.9262152777778 -14.300000000000001 -0.01 1 0 0 0 0 -1 -0 1 0 
1 54.6762152777778 -14 -0.01 0 1 0 0 -0 1 1 0 -0 
1 55.4262152777778 -14.300000000000001 -0.01 1 0 0 0 0 -1 -0 1 0 
Triangulations 0

TShapes 1764
Ve
1e-07
36.5950520833334 -20.8120659722222 -0.01
0 0

0101101
*
Ve
1e-07
35.1063368055555 -20.5568576388889 -0.01
0 0

0101101
*
Ed
 1e-07 1 1 0
1  1 0 0 1
2  1 2 0 0 1
4 C0 2 0 1 0
0

0101000
+1764 0 -1763 0 *
Ve
1e-07
38.3815104166667 -20.3092447916666 -0.01
0 0

0101101
*
Ed
 1e-07 1 1 0
1  2 0 0 1
2  2 3 0 0 1
4 C0 3 0 1 0
0

0101000
+1761 0 -1764 0 *
Ve
0.000145625350070761
38.9891493055555 -18.828125 -0.01
0 0

0101101
*
Ed
 1e-07 1 1 0
1  3 0 0 1
2  3 4 0 0 1
4 C0 4 0 1 0
0

0101000
+1759 0 -1761 0 *
Ve
0.000138490163292869
38.9647749284739 -18.4027854186538 -0.01
0 0

0101101
*
Ed
 1e-07 1 1 0
1  4 0 0.00492176458640159 0.110571673512994
2  4 5 0 0.00492176458640159 0.110571673512994
4 C0 5 0 1 0
0

0101000
+1759 0 -1757 0 *
Ve
2.57956852058003e-05
38.9071082669356 -17.9516073578797 -0.01
0 0

0101101
*
Ed
 6.05533634096611e-06 1 1 0
1  5 0 0 0.0422943518529079
2  5 6 0 0 0.0422943518529079
4 C0 6 0 1 0
0

0101000
+1755 0 -1757 0 *
Ve
2.62021839246085e-05
38.8311674595107 -17.5186623366238 -0.01
0 0

0101101
*
Ed
 1e-07 1 1 0
1  6 0 0.147758818696881 0.19934706555338
2  6 7 0 0.147758818696881 0.19934706555338
4 C0 7 0 1 0
0

0101000
+1755 0 -1753 0 *
Ve
1.8996565315692e-05
38.7521794276856 -17.1388869054609 -0.00999975000022424
0 0

0101101
*
Ed
 1e-07 1 1 0
1  7 0 0.199593842574209 0.21036978288512
2  7 8 0 0.199593842574209 0.21036978288512
4 C0 8 0 1 0
0

0101000
+1753 0 -1751 0 *
Ve
1e-07
37.2786458333334 -10.2938368055555 -0.01
0 0

0101101
*
Ed
 1e-07 1 1 0
1  8 0 -3.50092887326383 3.50092888905962
4 C0 9 0 1 0
0

0101000
+1749 0 -1751 0 *
Ve
0.000332801460551584
37.0188802083333 -9.69531249999999 -0.01
0 0

0101101
*
Ed
 1e-07 1 1 0
1  9 0 0 1
2  8 10 0 0 1
4 C0 10 0 1 0
0

0101000
+1747 0 -1749 0 *
Ve
0.00034944532349757
36.596646235557 -9.34880054374006 -0.01
0 0

0101101
*
Ed
 1e-07 1 1 0
1  10 0 0.644424632797318 1.12151120148914
2  9 11 0 0.644424632797318 1.12151120148914
4 C0 11 0 1 0
0

0101000
+1747 0 -1745 0 *
Ve
0.000377001514649565
36.0496801218539 -9.1880626146385 -0.01
0 0

0101101
*
Ed
 1e-07 1 1 0
1  11 0 1.13261718221133 1.43878871340837
2  10 12 0 1.13261718221133 1.43878871340837
4 C0 12 0 1 0
0

0101000
+1745 0 -1743 0 *
Ve
0.000119313905452589
35.4283855735108 -9.14545896170556 -0.00999975000000008
0 0

0101101
*
Ed
 1e-07 1 1 0
1  12 0 1.43222049237359 1.57342545663745
2  11 13 0 1.43222049237359 1.57342545663745
4 C0 13 0 1 0
0

0101000
+1743 0 -1741 0 *
Ve
1e-07
35.1731770833333 -9.14539930555555 -0.01
0 0

0101101
*
Ed
 1e-07 1 1 0
1  13 0 -0.1276041666667 0.127604323510802
4 C0 14 0 1 0
0

0101000
+1739 0 -1741 0 *
Ve
1e-07
34.9635416666667 -8.11848958333333 -0.01
0 0

0101101
*
Ed
 1e-07 1 1 0
1  14 0 -0.524044508013274 0.524044508013273
4 C0 15 0 1 0
0

0101000
+1737 0 -1739 0 *
Ve
1e-07
41.6840277777778 -8.11848958333333 -0.01
0 0

0101101
*
Ed
 1e-07 1 1 0
1  15 0 -3.3602430555555 3.3602430555556
4 C0 16 0 1 0
0

0101000
+1735 0 -1737 0 *
Ve
1e-07
41.9027777777778 -9.14539930555555 -0.01
0 0

0101101
*
Ed
 1e-07 1 1 0
1  16 0 -0.524975032762157 0.524975032762159
4 C0 17 0 1 0
0

0101000
+1733 0 -1735 0 *
Ve
0.000166721695911088
41.6475691179481 -9.14548266493053 -0.01
0 0

0101101
*
Ed
 1e-07 1 1 0
1  17 0 -0.127604493163005 0.1276041666667
4 C0 18 0 1 0
0

0101000
+1731 0 -1733 0 *
Ve
0.000670838944291944
41.0870384002527 -9.16843218454899 -0.01
0 0

0101101
*
Ed
 1e-07 1 1 0
1  18 0 1.56687961407409 1.6547456988301
2  12 19 0 1.56687961407409 1.6547456988301
4 C0 19 0 1 0
0

0101000
+1731 0 -1729 0 *
Ve
0.000763150849500408
40.6449704365056 -9.26239124855585 -0.01
0 0

0101101
*
Ed
 1e-07 1 1 0
1  19 0 1.64017427301451 1.91516681200091
2  13 20 0 1.64017427301451 1.91516681200091
4 C0 20 0 1 0
0

0101000
+1729 0 -1727 0 *
Ve
0.000659854186597435
40.3563368055556 -9.46744791666666 -0.01
0 0

0101101
*
Ed
 1e-07 1 1 0
1  20 0 1.9089103104406 2.46046298408693
2  14 21 0 1.9089103104406 2.46046298408693
4 C0 21 0 1 0
0

0101000
+1727 0 -1725 0 *
Ve
1e-07
40.2530381944445 -9.80772569444444 -0.01
0 0

0101101
*
Ed
 1e-07 1 1 0
1  21 0 0 1
2  15 22 0 0 1
4 C0 22 0 1 0
0

0101000
+1723 0 -1725 0 *
Ve
1e-07
40.3654513888889 -10.4730902777778 -0.01
0 0

0101101
*
Ed
 1e-07 1 1 0
1  22 0 0 1
2  16 23 0 0 1
4 C0 23 0 1 0
0

0101000
+1721 0 -1723 0 *
Ve
0.000116771579355848
41.7904217674126 -17.0993805792036 -0.01
0 0

0101101
*
Ed
 1e-07 1 1 0
1  23 0 -3.3888888503009 3.38888834690993
4 C0 24 0 1 0
0

0101000
+1719 0 -1721 0 *
Ve
0.000104351030808085
41.8647558135867 -17.5049983539507 -0.01
0 0

0101101
*
Ed
 1e-07 1 1 0
1  24 0 0.158738321687813 0.203191412739523
2  17 25 0 0.158738321687813 0.203191412739523
4 C0 25 0 1 0
0

0101000
+1717 0 -1719 0 *
Ve
1.97697528987376e-05
41.9316308099944 -17.9789508252568 -0.01
0 0

0101101
*
Ed
 1e-07 1 1 0
1  25 0 0.118529473211531 0.161555886045219
2  18 26 0 0.118529473211531 0.161555886045219
4 C0 26 0 1 0
0

0101000
+1715 0 -1717 0 *
Ve
0.000248103174737834
41.9801383146844 -18.4483615636421 -0.01
0 0

0101101
*
Ed
 1e-07 1 1 0
1  26 0 0.0870526499533391 0.119500778519968
2  19 27 0 0.0870526499533391 0.119500778519968
4 C0 27 0 1 0
0

0101000
+1713 0 -1715 0 *
Ve
0.00029099062239251
42 -18.828125 -0.01
0 0

0101101
*
Ed
 1e-07 1 1 0
1  27 0 0.0121974140502105 0.0945417357853381
2  20 28 0 0.0121974140502105 0.0945417357853381
4 C0 28 0 1 0
0

0101000
+1711 0 -1713 0 *
Ve
1e-07
41.6901041666667 -20.2530381944444 -0.01
0 0

0101101
*
Ed
 1e-07 1 1 0
1  28 0 0 1
2  21 29 0 0 1
4 C0 29 0 1 0
0

0101000
+1709 0 -1711 0 *
Ve
1e-07
40.783203125 -21.3118489583334 -0.01
0 0

0101101
*
Ed
 1e-07 1 1 0
1  29 0 0 1
2  22 30 0 0 1
4 C0 30 0 1 0
0

0101000
+1707 0 -1709 0 *
Ve
1e-07
39.3127170138889 -21.9680989583333 -0.01
0 0

0101101
*
Ed
 1e-07 1 1 0
1  30 0 0 1
2  23 31 0 0 1
4 C0 31 0 1 0
0

0101000
+1705 0 -1707 0 *
Ve
1e-07
37.2999131944445 -22.19140625 -0.01
0 0

0101101
*
Ed
 1e-07 1 1 0
1  31 0 0 1
2  24 32 0 0 1
4 C0 32 0 1 0
0

0101000
+1703 0 -1705 0 *
Ve
1e-07
35.1139322916667 -21.9012586805555 -0.01
0 0

0101101
*
Ed
 1e-07 1 1 0
1  32 0 0 1
2  25 33 0 0 1
4 C0 33 0 1 0
0

0101000
+1701 0 -1703 0 *
Ve
1e-07
33.4672309027778 -21.0460069444444 -0.01
0 0

0101101
*
Ed
 1e-07 1 1 0
1  33 0 0 1
2  26 34 0 0 1
4 C0 34 0 1 0
0

0101000
+1699 0 -1701 0 *
Ve
1e-07
32.3187934027778 -19.6453993055556 -0.01
0 0

0101101
*
Ed
 1e-07 1 1 0
1  34 0 0 1
2  27 35 0 0 1
4 C0 35 0 1 0
0

0101000
+1697 0 -1699 0 *
Ve
1e-07
31.6397569444445 -17.7191840277778 -0.01
0 0

0101101
*
Ed
 1e-07 1 1 0
1  35 0 0 1
2  28 36 0 0 1
4 C0 36 0 1 0
0

0101000
+1695 0 -1697 0 *
Ve
1e-07
30.0842013888889 -10.3302951388889 -0.01
0 0

0101101
*
Ed
 1e-07 1 1 0
1  36 0 -3.77542819090644 3.77542819090654
4 C0 37 0 1 0
0

0101000
+1693 0 -1695 0 *
Ve
0.000458257898694068
29.8229166666667 -9.71354166666666 -0.01
0 0

0101101
*
Ed
 1e-07 1 1 0
1  37 0 0 1
2  29 38 0 0 1
4 C0 38 0 1 0
0

0101000
+1691 0 -1693 0 *
Ve
0.000316040133557379
29.399159475696 -9.3533743622652 -0.01
0 0

0101101
*
Ed
 1e-07 1 1 0
1  38 0 0.626979010335773 1.10354415712376
2  30 39 0 0.626979010335773 1.10354415712376
4 C0 39 0 1 0
0

0101000
+1691 0 -1689 0 *
Ve
0.00028875013463243
28.8582777303774 -9.1880271721749 -0.01
0 0

0101101
*
Ed
 1e-07 1 1 0
1  39 0 1.11522569392853 1.43401215207543
2  31 40 0 1.11522569392853 1.43401215207543
4 C0 40 0 1 0
0

0101000
+1689 0 -1687 0 *
Ve
0.000103281984184645
28.2521702600273 -9.1454509458892 -0.00999975000000011
0 0

0101101
*
Ed
 1e-07 1 1 0
1  40 0 1.42899935432905 1.57314213223657
2  32 41 0 1.42899935432905 1.57314213223657
4 C0 41 0 1 0
0

0101000
+1687 0 -1685 0 *
Ve
1e-07
28.0030381944444 -9.14539930555555 -0.01
0 0

0101101
*
Ed
 1e-07 1 1 0
1  41 0 -0.1245659722222 0.124566093360698
4 C0 42 0 1 0
0

0101000
+1683 0 -1685 0 *
Ve
1e-07
27.7842881944444 -8.11848958333333 -0.01
0 0

0101101
*
Ed
 1e-07 1 1 0
1  42 0 -0.524975032762159 0.524975032762157
4 C0 43 0 1 0
0

0101000
+1681 0 -1683 0 *
Ve
1e-07
32.9036458333333 -8.11848958333333 -0.01
0 0

0101101
*
Ed
 1e-07 1 1 0
1  43 0 -2.5596788194444 2.5596788194445
4 C0 44 0 1 0
0

0101000
+1679 0 -1681 0 *
Ve
1e-07
33.11328125 -9.14539930555555 -0.01
0 0

0101101
*
Ed
 1e-07 1 1 0
1  44 0 -0.524044508013273 0.524044508013294
4 C0 45 0 1 0
0

0101000
+1677 0 -1679 0 *
Ve
0.000148460776872492
32.8641490474713 -9.14547353475302 -0.01
0 0

0101101
*
Ed
 1e-07 1 1 0
1  45 0 -0.124566230306499 0.1245659722222
4 C0 46 0 1 0
0

0101000
+1675 0 -1677 0 *
Ve
0.000742722869237978
32.2990631745103 -9.16847835482075 -0.01
0 0

0101101
*
Ed
 1e-07 1 1 0
1  46 0 1.56731948458132 1.65379837971307
2  33 47 0 1.56731948458132 1.65379837971307
4 C0 47 0 1 0
0

0101000
+1675 0 -1673 0 *
Ve
0.000805941284447319
31.8539305856887 -9.26231755713323 -0.01
0 0

0101101
*
Ed
 1e-07 1 1 0
1  47 0 1.63687583511229 1.91503164813839
2  34 48 0 1.63687583511229 1.91503164813839
4 C0 48 0 1 0
0

0101000
+1673 0 -1671 0 *
Ve
0.000591285182332941
31.5653211805556 -9.46744791666666 -0.01
0 0

0101101
*
Ed
 1e-07 1 1 0
1  48 0 1.91410918807939 2.45599629081732
2  35 49 0 1.91410918807939 2.45599629081732
4 C0 49 0 1 0
0

0101000
+1671 0 -1669 0 *
Ve
0.000528187996785918
31.4605034722222 -9.80772569444444 -0.01
0 0

0101101
*
Ed
 1e-07 1 1 0
1  49 0 0 1
2  36 50 0 0 1
4 C0 50 0 1 0
0

0101000
+1667 0 -1669 0 *
Ve
0.000386024260847984
31.4834805875333 -10.0553082226582 -0.01
0 0

0101101
*
Ed
 1e-07 1 1 0
1  50 0 3.18264703208552 3.29141198256372
2  37 51 0 3.18264703208552 3.29141198256372
4 C0 51 0 1 0
0

0101000
+1667 0 -1665 0 *
Ve
2.16425863891363e-05
31.5364476979706 -10.3880228301076 -0.0099997500000051
0 0

0101101
*
Ed
 1e-07 1 1 0
1  51 0 3.27270320073774 3.32718073068405
2  38 52 0 3.27270320073774 3.32718073068405
4 C0 52 0 1 0
0

0101000
+1665 0 -1663 0 *
Ve
0.000612891201189299
33.0376268972961 -17.4153045689584 -0.01
0 0

0101101
*
Ed
 1e-07 1 1 0
1  52 0 -3.59291950328084 3.59291569696112
4 C0 53 0 1 0
0

0101000
+1661 0 -1663 0 *
Ve
0.000623367074735125
33.4353298611111 -18.7764756944444 -0.01
0 0

0101101
*
Ed
 1e-07 1 1 0
1  53 0 3.33870884274768 3.51169884013179
2  39 54 0 3.33870884274768 3.51169884013179
4 C0 54 0 1 0
0

0101000
+1661 0 -1659 0 *
Ve
1e-07
34.0900607638889 -19.8504774305555 -0.01
0 0

0101101
*
Ed
 1e-07 1 1 0
1  54 0 0 1
2  40 55 0 0 1
4 C0 55 0 1 0
0

0101000
+1657 0 -1659 0 *
Ed
 1e-07 1 1 0
1  55 0 0 1
2  41 56 0 0 1
4 C0 56 0 1 0
0

0101000
+1763 0 -1657 0 *
Wi

0101100
-1762 0 -1760 0 -1758 0 +1756 0 -1754 0 +1752 0 +1750 0 -1748 0 -1746 0 +1744 0 
+1742 0 +1740 0 -1738 0 -1736 0 -1734 0 -1732 0 -1730 0 +1728 0 +1726 0 +1724 0 
-1722 0 -1720 0 -1718 0 -1716 0 -1714 0 -1712 0 -1710 0 -1708 0 -1706 0 -1704 0 
-1702 0 -1700 0 -1698 0 -1696 0 -1694 0 -1692 0 -1690 0 +1688 0 +1686 0 +1684 0 
-1682 0 -1680 0 -1678 0 -1676 0 -1674 0 +1672 0 +1670 0 +1668 0 -1666 0 +1664 0 
+1662 0 -1660 0 +1658 0 -1656 0 -1655 0 *
Fa
0  1e-07 1 0

0111000
+1654 0 *
Ve
0.000886106392033828
16.439533503761 -20.4539081821407 -0.00999975000000502
0 0

0101101
*
Ve
0.000965378699961082
17.2660590277778 -20.60546875 -0.01
0 0

0101101
*
Ed
 1e-07 1 1 0
1  56 0 4.33730560624324 4.72820785005485
2  42 58 0 4.33730560624324 4.72820785005485
4 C0 58 0 57 0
0

0101000
+1652 0 -1651 0 *
Ve
1e-07
17.9694010416666 -20.3578559027778 -0.01
0 0

0101101
*
Ed
 1e-07 1 1 0
1  57 0 0 1
2  43 59 0 0 1
4 C0 59 0 57 0
0

0101000
+1649 0 -1651 0 *
Ve
0.000401277145187907
18.2352430555555 -19.6271701388889 -0.01
0 0

0101101
*
Ed
 1e-07 1 1 0
1  58 0 0 1
2  44 60 0 0 1
4 C0 60 0 57 0
0

0101000
+1647 0 -1649 0 *
Ve
0.000439951672498273
18.191224545979 -19.0043353695848 -0.01
0 0

0101101
*
Ed
 1e-07 1 1 0
1  59 0 0.00953303974605013 0.13415658443858
2  45 61 0 0.00953303974605013 0.13415658443858
4 C0 61 0 57 0
0

0101000
+1647 0 -1645 0 *
Ve
0.000403509096295562
18.0436409920533 -18.2296492861715 -0.00999975000000002
0 0

0101101
*
Ed
 1e-07 1 1 0
1  60 0 0.134798635372889 0.243239647684555
2  46 62 0 0.134798635372889 0.243239647684555
4 C0 62 0 57 0
0

0101000
+1645 0 -1643 0 *
Ve
1e-07
16.8771701388889 -12.9036458333333 -0.01
0 0

0101101
*
Ed
 1e-07 1 1 0
1  61 0 -2.72611932486937 2.72612489107083
4 C0 63 0 57 0
0

0101000
+1641 0 -1643 0 *
Ve
1e-07
14.5013020833333 -12.9036458333333 -0.01
0 0

0101101
*
Ed
 1e-07 1 1 0
1  62 0 -1.1879340277778 1.1879340277778
4 C0 64 0 57 0
0

0101000
+1639 0 -1641 0 *
Ve
1e-07
14.2369791666667 -11.5759548611111 -0.01
0 0

0101101
*
Ed
 1e-07 1 1 0
1  63 0 -0.676873312000752 0.676873312000752
4 C0 65 0 57 0
0

0101000
+1637 0 -1639 0 *
Ve
1e-07
16.5824652777778 -11.5759548611111 -0.01
0 0

0101101
*
Ed
 1e-07 1 1 0
1  64 0 -1.1727430555556 1.1727430555555
4 C0 66 0 57 0
0

0101000
+1635 0 -1637 0 *
Ve
1e-07
16.078125 -9.18185763888888 -0.01
0 0

0101101
*
Ed
 1e-07 1 1 0
1  65 0 -1.22332136264774 1.22332136264771
4 C0 67 0 57 0
0

0101000
+1633 0 -1635 0 *
Ve
1e-07
17.2083333333333 -9.18185763888888 -0.01
0 0

0101101
*
Ed
 1e-07 1 1 0
1  66 0 -0.5651041666667 0.5651041666666
4 C0 68 0 57 0
0

0101000
+1631 0 -1633 0 *
Ve
1e-07
18.1820746527778 -10.4548611111111 -0.01
0 0

0101101
*
Ed
 1e-07 1 1 0
1  67 0 0 1
2  47 69 0 0 1
4 C0 69 0 57 0
0

0101000
+1629 0 -1631 0 *
Ve
1e-07
19.2165798611111 -11.2994791666667 -0.01
0 0

0101101
*
Ed
 1e-07 1 1 0
1  68 0 0 1
2  48 70 0 0 1
4 C0 70 0 57 0
0

0101000
+1627 0 -1629 0 *
Ve
1e-07
20.2267795138889 -11.7643229166667 -0.01
0 0

0101101
*
Ed
 1e-07 1 1 0
1  69 0 0 1
2  49 71 0 0 1
4 C0 71 0 57 0
0

0101000
+1625 0 -1627 0 *
Ve
1e-07
21.1397569444444 -11.9071180555555 -0.01
0 0

0101101
*
Ed
 1e-07 1 1 0
1  70 0 0 1
2  50 72 0 0 1
4 C0 72 0 57 0
0

0101000
+1623 0 -1625 0 *
Ve
1e-07
21.3493923611111 -12.9036458333333 -0.01
0 0

0101101
*
Ed
 1e-07 1 1 0
1  71 0 -0.50916957386605 0.50916957386607
4 C0 73 0 57 0
0

0101000
+1621 0 -1623 0 *
Ve
1e-07
19.8485243055555 -12.9036458333333 -0.01
0 0

0101101
*
Ed
 1e-07 1 1 0
1  72 0 -0.750434027777899 0.7504340277777
4 C0 74 0 57 0
0

0101000
+1619 0 -1621 0 *
Ve
6.11356176161261e-05
21.0152208382213 -18.2873198777944 -0.01
0 0

0101101
*
Ed
 1e-07 1 1 0
1  73 0 -2.75432054214054 2.75432058026017
4 C0 75 0 57 0
0

0101000
+1617 0 -1619 0 *
Ve
5.72094942186951e-05
21.0926398342648 -18.6807769165015 -0.01
0 0

0101101
*
Ed
 1e-07 1 1 0
1  74 0 0.17360584653775 0.21465164200518
2  51 76 0 0.17360584653775 0.21465164200518
4 C0 76 0 57 0
0

0101000
+1615 0 -1617 0 *
Ve
2.54959948152029e-05
21.1579734628634 -19.1137168683813 -0.01
0 0

0101101
*
Ed
 8.21310172512278e-06 1 1 0
1  75 0 0.000514601927084471 0.0516231250509712
2  52 77 0 0.000514601927084471 0.0516231250509712
4 C0 77 0 57 0
0

0101000
+1613 0 -1615 0 *
Ve
0.000104840279272309
21.2004814877417 -19.540584665137 -0.01
0 0

0101101
*
Ed
 1e-07 1 1 0
1  76 0 0.0737087551654503 0.125163391424417
2  53 78 0 0.0737087551654503 0.125163391424417
4 C0 78 0 57 0
0

0101000
+1611 0 -1613 0 *
Ve
0.000112532443011196
21.2157118055555 -19.921875 -0.01
0 0

0101101
*
Ed
 1e-07 1 1 0
1  77 0 0.00431672694366536 0.0764609490560899
2  54 79 0 0.00431672694366536 0.0764609490560899
4 C0 79 0 57 0
0

0101000
+1609 0 -1611 0 *
Ve
0.000632414982160687
21.0212673611111 -20.9259982638889 -0.01
0 0

0101101
*
Ed
 1e-07 1 1 0
1  78 0 0 1
2  55 80 0 0 1
4 C0 80 0 57 0
0

0101000
+1607 0 -1609 0 *
Ve
0.000591624349090617
20.4852139768334 -21.634126083716 -0.01
0 0

0101101
*
Ed
 1e-07 1 1 0
1  79 0 5.40551817974194 5.86658691624943
2  56 81 0 5.40551817974194 5.86658691624943
4 C0 81 0 57 0
0

0101000
+1605 0 -1607 0 *
Ve
0.000716560654210213
19.6829301393827 -22.053121318113 -0.01
0 0

0101101
*
Ed
 1e-07 1 1 0
1  80 0 4.9927770672805 5.3924964570959
2  57 82 0 4.9927770672805 5.3924964570959
4 C0 82 0 57 0
0

0101000
+1603 0 -1605 0 *
Ve
0.000676579784642781
18.6909744358881 -22.1910678616171 -0.01
0 0

0101101
*
Ed
 1e-07 1 1 0
1  81 0 4.70333621162778 4.99585089234569
2  58 83 0 4.70333621162778 4.99585089234569
4 C0 83 0 57 0
0

0101000
+1601 0 -1603 0 *
Ve
0.000683371772702923
17.6503484400067 -22.0822272397749 -0.01
0 0

0101101
*
Ed
 1e-07 1 1 0
1  82 0 4.49683926597707 4.72107320883202
2  59 84 0 4.49683926597707 4.72107320883202
4 C0 84 0 57 0
0

0101000
+1599 0 -1601 0 *
Ve
0.000273066918023228
16.7541061665859 -21.7873657416216 -0.01
0 0

0101101
*
Ed
 1e-07 1 1 0
1  83 0 4.29878738138588 4.49180848490336
2  60 85 0 4.29878738138588 4.49180848490336
4 C0 85 0 57 0
0

0101000
+1597 0 -1599 0 *
Ve
0.000175620233245804
15.9793482165227 -21.3544353236035 -0.01
0 0

0101101
*
Ed
 1e-07 1 1 0
1  84 0 4.10861228661435 4.29779529374703
2  61 86 0 4.10861228661435 4.29779529374703
4 C0 86 0 57 0
0

0101000
+1595 0 -1597 0 *
Ve
1e-07
15.3003216823879 -20.8333757259835 -0.01
0 0

0101101
*
Ed
 1e-07 1 1 0
1  85 0 4.00922245079328 4.10677735086604
2  62 87 0 4.00922245079328 4.10677735086604
4 C0 87 0 57 0
0

0101000
+1593 0 -1595 0 *
Ve
1e-07
15.7468972187203 -20.092121094248 -0.01
0 0

0101101
*
Ed
 1e-07 1 1 0
1  86 0 -0.432604291488212 0.432778940796713
4 C0 88 0 57 0
0

0101000
+1591 0 -1593 0 *
Ed
 1e-07 1 1 0
1  87 0 4.13747268831633 4.32589906365233
2  63 89 0 4.13747268831633 4.32589906365233
4 C0 89 0 57 0
0

0101000
+1591 0 -1652 0 *
Wi

0101100
+1650 0 -1648 0 -1646 0 +1644 0 +1642 0 -1640 0 -1638 0 -1636 0 -1634 0 -1632 0 
-1630 0 -1628 0 -1626 0 -1624 0 -1622 0 -1620 0 -1618 0 -1616 0 -1614 0 -1612 0 
-1610 0 -1608 0 -1606 0 -1604 0 -1602 0 -1600 0 -1598 0 -1596 0 -1594 0 -1592 0 
-1590 0 +1589 0 *
Fa
0  1e-07 57 0

0111000
+1588 0 *
Ve
1e-07
-75.6197916666666 -0.598958333333331 -0.01
0 0

0101101
*
Ve
1e-07
-75.6197916666666 -2 -0.01
0 0

0101101
*
Ed
 1e-07 1 1 0
1  88 0 -0.700520833333329 0.70052083333334
4 C0 91 0 90 0
0

0101000
+1586 0 -1585 0 *
Ve
0.000303256013215888
-75.5208327415021 -0.59880670799801 -0.01
0 0

0101101
*
Ed
 1e-07 1 1 0
1  89 0 -0.0494797584978954 0.0494791666666003
4 C0 92 0 90 0
0

0101000
+1583 0 -1586 0 *
Ve
0.000306413555777161
-74.4713541666666 -0.526041666666664 -0.01
0 0

0101101
*
Ed
 1e-07 1 1 0
1  90 0 4.70848575284201 4.85387108684287
2  64 93 0 4.70848575284201 4.85387108684287
4 C0 93 0 90 0
0

0101000
+1583 0 -1581 0 *
Ve
1e-07
-73.6015625 -0.226562499999997 -0.01
0 0

0101101
*
Ed
 1e-07 1 1 0
1  91 0 0 1
2  65 94 0 0 1
4 C0 94 0 90 0
0

0101000
+1579 0 -1581 0 *
Ve
1e-07
-73.0078125 0.44791666666667 -0.01
0 0

0101101
*
Ed
 1e-07 1 1 0
1  92 0 0 1
2  66 95 0 0 1
4 C0 95 0 90 0
0

0101000
+1577 0 -1579 0 *
Ve
1e-07
-72.7864583333333 1.63020833333333 -0.01
0 0

0101101
*
Ed
 1e-07 1 1 0
1  93 0 0 1
2  67 96 0 0 1
4 C0 96 0 90 0
0

0101000
+1575 0 -1577 0 *
Ve
0.000672103956457034
-72.7867943785331 8.66145984896941 -0.01
0 0

0101101
*
Ed
 1e-07 1 1 0
1  94 0 -3.51562651563607 3.51562500000001
4 C0 97 0 90 0
0

0101000
+1573 0 -1575 0 *
Ve
0.000645922248359889
-72.9895833333333 10.7109375 -0.01
0 0

0101101
*
Ed
 1e-07 1 1 0
1  95 0 6.27867512286156 6.4839981640748
2  68 98 0 6.27867512286156 6.4839981640748
4 C0 98 0 90 0
0

0101000
+1573 0 -1571 0 *
Ve
0.000243293619814725
-73.6666666666666 12.4375 -0.01
0 0

0101101
*
Ed
 1e-07 1 1 0
1  96 0 0 1
2  69 99 0 0 1
4 C0 99 0 90 0
0

0101000
+1569 0 -1571 0 *
Ve
0.000303637317179716
-74.9140625 13.625 -0.01
0 0

0101101
*
Ed
 1e-07 1 1 0
1  97 0 0.559791467803799 1.06026069233709
2  70 100 0 0.559791467803799 1.06026069233709
4 C0 100 0 90 0
0

0101000
+1569 0 -1567 0 *
Ve
1e-07
-76.8229166666666 14.0625 -0.01
0 0

0101101
*
Ed
 1e-07 1 1 0
1  98 0 0 1
2  71 101 0 0 1
4 C0 101 0 90 0
0

0101000
+1565 0 -1567 0 *
Ve
1e-07
-78.5338541666666 13.7630208333333 -0.01
0 0

0101101
*
Ed
 1e-07 1 1 0
1  99 0 0 1
2  72 102 0 0 1
4 C0 102 0 90 0
0

0101000
+1563 0 -1565 0 *
Ve
1e-07
-79.6640625 12.8776041666667 -0.01
0 0

0101101
*
Ed
 1e-07 1 1 0
1  100 0 0 1
2  73 103 0 0 1
4 C0 103 0 90 0
0

0101000
+1561 0 -1563 0 *
Ve
1e-07
-80.2890625 11.4453125 -0.01
0 0

0101101
*
Ed
 1e-07 1 1 0
1  101 0 0 1
2  74 104 0 0 1
4 C0 104 0 90 0
0

0101000
+1559 0 -1561 0 *
Ve
1e-07
-80.484375 9.50520833333333 -0.01
0 0

0101101
*
Ed
 1e-07 1 1 0
1  102 0 0 1
2  75 105 0 0 1
4 C0 105 0 90 0
0

0101000
+1557 0 -1559 0 *
Ve
1e-07
-80.484375 -2 -0.01
0 0

0101101
*
Ed
 1e-07 1 1 0
1  103 0 -5.75260416666667 5.75260416666666
4 C0 106 0 90 0
0

0101000
+1555 0 -1557 0 *
Ve
1e-07
-86.296875 -2 -0.01
0 0

0101101
*
Ed
 1e-07 1 1 0
1  104 0 -2.90625 2.90625
4 C0 107 0 90 0
0

0101000
+1553 0 -1555 0 *
Ve
1e-07
-86.296875 -0.598958333333331 -0.01
0 0

0101101
*
Ed
 1e-07 1 1 0
1  105 0 -0.700520833333329 0.70052083333334
4 C0 108 0 90 0
0

0101000
+1551 0 -1553 0 *
Ve
0.000521498774028593
-86.1822899021714 -0.598697592524097 -0.01
0 0

0101101
*
Ed
 1e-07 1 1 0
1  106 0 -0.0572934311618951 0.0572916666666998
4 C0 109 0 90 0
0

0101000
+1549 0 -1551 0 *
Ve
0.000539286716788121
-85.1588541666666 -0.518229166666664 -0.01
0 0

0101101
*
Ed
 1e-07 1 1 0
1  107 0 4.70562184538057 4.87453176334079
2  76 110 0 4.70562184538057 4.87453176334079
4 C0 110 0 90 0
0

0101000
+1549 0 -1547 0 *
Ve
1e-07
-84.34375 -0.184895833333331 -0.01
0 0

0101101
*
Ed
 1e-07 1 1 0
1  108 0 0 1
2  77 111 0 0 1
4 C0 111 0 90 0
0

0101000
+1545 0 -1547 0 *
Ve
1e-07
-83.8151041666666 0.5390625 -0.01
0 0

0101101
*
Ed
 1e-07 1 1 0
1  109 0 0 1
2  78 112 0 0 1
4 C0 112 0 90 0
0

0101000
+1543 0 -1545 0 *
Ve
1e-07
-83.6302083333333 1.79166666666667 -0.01
0 0

0101101
*
Ed
 1e-07 1 1 0
1  110 0 0 1
2  79 113 0 0 1
4 C0 113 0 90 0
0

0101000
+1541 0 -1543 0 *
Ve
1e-07
-83.6302083333333 9.671875 -0.01
0 0

0101101
*
Ed
 1e-07 1 1 0
1  111 0 -3.94010416666666 3.94010416666667
4 C0 114 0 90 0
0

0101000
+1539 0 -1541 0 *
Ve
1e-07
-83.2473958333333 12.6171875 -0.01
0 0

0101101
*
Ed
 1e-07 1 1 0
1  112 0 0 1
2  80 115 0 0 1
4 C0 115 0 90 0
0

0101000
+1537 0 -1539 0 *
Ve
0.000362321879171406
-82.140625 14.6432291666667 -0.01
0 0

0101101
*
Ed
 1e-07 1 1 0
1  113 0 0 1
2  81 116 0 0 1
4 C0 116 0 90 0
0

0101000
+1535 0 -1537 0 *
Ve
0.000949725726438501
-80.3828125 15.8151041666666 -0.01
0 0

0101101
*
Ed
 1e-07 1 1 0
1  114 0 1.91779637539739 2.39859511623157
2  82 117 0 1.91779637539739 2.39859511623157
4 C0 117 0 90 0
0

0101000
+1533 0 -1535 0 *
Ve
0.000483278668875064
-78.03125 16.1979166666666 -0.01
0 0

0101101
*
Ed
 1e-07 1 1 0
1  115 0 0 1
2  83 118 0 0 1
4 C0 118 0 90 0
0

0101000
+1531 0 -1533 0 *
Ve
0.000482015919452812
-76.5051847564959 16.0756669328709 -0.01
0 0

0101101
*
Ed
 1e-07 1 1 0
1  116 0 1.40768946299965 1.57509294336642
2  84 119 0 1.40768946299965 1.57509294336642
4 C0 119 0 90 0
0

0101000
+1529 0 -1531 0 *
Ve
7.47709739093673e-05
-75.1380208333333 15.6197916666666 -0.01
0 0

0101101
*
Ed
 1e-07 1 1 0
1  117 0 1.09291612351156 1.40553311919035
2  85 120 0 1.09291612351156 1.40553311919035
4 C0 120 0 90 0
0

0101000
+1527 0 -1529 0 *
Ve
1e-07
-73.9192708333333 14.6927083333333 -0.01
0 0

0101101
*
Ed
 1e-07 1 1 0
1  118 0 0 1
2  86 121 0 0 1
4 C0 121 0 90 0
0

0101000
+1525 0 -1527 0 *
Ve
1e-07
-72.8229166666666 13.171875 -0.01
0 0

0101101
*
Ed
 1e-07 1 1 0
1  119 0 0 1
2  87 122 0 0 1
4 C0 122 0 90 0
0

0101000
+1523 0 -1525 0 *
Ve
1e-07
-72.65625 13.171875 -0.01
0 0

0101101
*
Ed
 1e-07 1 1 0
1  120 0 -0.0833333333333002 0.0833333333333002
4 C0 123 0 90 0
0

0101000
+1521 0 -1523 0 *
Ve
1e-07
-72.21875 15.8697916666667 -0.01
0 0

0101101
*
Ed
 1e-07 1 1 0
1  121 0 -1.36657972602026 1.36657972602017
4 C0 124 0 90 0
0

0101000
+1519 0 -1521 0 *
Ve
1e-07
-66.8333333333333 15.8697916666667 -0.01
0 0

0101101
*
Ed
 1e-07 1 1 0
1  122 0 -2.6927083333333 2.6927083333334
4 C0 125 0 90 0
0

0101000
+1517 0 -1519 0 *
Ve
1e-07
-66.8333333333333 14.4739583333333 -0.01
0 0

0101101
*
Ed
 1e-07 1 1 0
1  123 0 -0.6979166666667 0.697916666666698
4 C0 126 0 90 0
0

0101000
+1515 0 -1517 0 *
Ve
0.000391166963727308
-66.9270843128076 14.4737627542599 -0.01
0 0

0101101
*
Ed
 1e-07 1 1 0
1  124 0 -0.0468759794742937 0.046875
4 C0 127 0 90 0
0

0101000
+1513 0 -1515 0 *
Ve
0.000395205839527223
-67.9791666666667 14.390625 -0.01
0 0

0101101
*
Ed
 1e-07 1 1 0
1  125 0 1.56578829572191 1.73240510974459
2  88 128 0 1.56578829572191 1.73240510974459
4 C0 128 0 90 0
0

0101000
+1513 0 -1511 0 *
Ve
1e-07
-68.8489583333333 14.0651041666667 -0.01
0 0

0101101
*
Ed
 1e-07 1 1 0
1  126 0 0 1
2  89 129 0 0 1
4 C0 129 0 90 0
0

0101000
+1509 0 -1511 0 *
Ve
1e-07
-69.4427083333333 13.375 -0.01
0 0

0101101
*
Ed
 1e-07 1 1 0
1  127 0 0 1
2  90 130 0 0 1
4 C0 130 0 90 0
0

0101000
+1507 0 -1509 0 *
Ve
1e-07
-69.6614583333333 12.1927083333333 -0.01
0 0

0101101
*
Ed
 1e-07 1 1 0
1  128 0 0 1
2  91 131 0 0 1
4 C0 131 0 90 0
0

0101000
+1505 0 -1507 0 *
Ve
1e-07
-69.6614583333333 1.79166666666667 -0.01
0 0

0101101
*
Ed
 1e-07 1 1 0
1  129 0 -5.20052083333333 5.2005208333333
4 C0 132 0 90 0
0

0101000
+1503 0 -1505 0 *
Ve
1e-07
-69.4427083333333 0.5390625 -0.01
0 0

0101101
*
Ed
 1e-07 1 1 0
1  130 0 0 1
2  92 133 0 0 1
4 C0 133 0 90 0
0

0101000
+1501 0 -1503 0 *
Ve
1e-07
-68.8567708333333 -0.184895833333331 -0.01
0 0

0101101
*
Ed
 1e-07 1 1 0
1  131 0 0 1
2  93 134 0 0 1
4 C0 134 0 90 0
0

0101000
+1499 0 -1501 0 *
Ve
0.000497602791804115
-67.9947916666666 -0.518229166666664 -0.01
0 0

0101101
*
Ed
 1e-07 1 1 0
1  132 0 0 1
2  94 135 0 0 1
4 C0 135 0 90 0
0

0101000
+1497 0 -1499 0 *
Ve
0.000482918064979886
-66.927084788286 -0.598716881099011 -0.00999975000000001
0 0

0101101
*
Ed
 1e-07 1 1 0
1  133 0 4.557256376575 4.71841474801543
2  95 136 0 4.557256376575 4.71841474801543
4 C0 136 0 90 0
0

0101000
+1497 0 -1495 0 *
Ve
1e-07
-66.6510416666666 -0.598958333333331 -0.01
0 0

0101101
*
Ed
 1e-07 1 1 0
1  134 0 -0.1380208333334 0.13802228828601
4 C0 137 0 90 0
0

0101000
+1493 0 -1495 0 *
Ve
1e-07
-66.6510416666666 -2 -0.01
0 0

0101101
*
Ed
 1e-07 1 1 0
1  135 0 -0.70052083333334 0.700520833333329
4 C0 138 0 90 0
0

0101000
+1491 0 -1493 0 *
Ed
 1e-07 1 1 0
1  136 0 -4.484375 4.484375
4 C0 139 0 90 0
0

0101000
+1585 0 -1491 0 *
Wi

0101100
-1584 0 -1582 0 +1580 0 -1578 0 -1576 0 -1574 0 -1572 0 +1570 0 -1568 0 +1566 0 
-1564 0 -1562 0 -1560 0 -1558 0 -1556 0 -1554 0 -1552 0 -1550 0 -1548 0 +1546 0 
-1544 0 -1542 0 -1540 0 -1538 0 -1536 0 -1534 0 -1532 0 -1530 0 -1528 0 -1526 0 
-1524 0 -1522 0 -1520 0 -1518 0 -1516 0 -1514 0 -1512 0 +1510 0 -1508 0 -1506 0 
-1504 0 -1502 0 -1500 0 -1498 0 -1496 0 +1494 0 -1492 0 -1490 0 -1489 0 *
Fa
0  1e-07 90 0

0111000
+1488 0 *
Ve
0.00039610907226587
9.85894311982348 -9.82879499578696 -0.01
0 0

0101101
*
Ve
0.000556841659676065
10.45744670917 -9.7575142989706 -0.00999975
0 0

0101101
*
Ed
 1e-07 1 1 0
1  137 0 4.70347506275687 4.9561718264179
2  96 141 0 4.70347506275687 4.9561718264179
4 C0 141 0 140 0
0

0101000
+1486 0 -1485 0 *
Ve
0.000330395717766568
9.17538161868609 -9.73316624995505 -0.01
0 0

0101101
*
Ed
 1e-07 1 1 0
1  138 0 4.4321757487817 4.71494497750571
2  97 142 0 4.4321757487817 4.71494497750571
4 C0 142 0 140 0
0

0101000
+1483 0 -1486 0 *
Ve
0.000258159675373987
8.58282267272723 -9.44324623879116 -0.01
0 0

0101101
*
Ed
 1e-07 1 1 0
1  139 0 4.07727447199523 4.43844086222913
2  98 143 0 4.07727447199523 4.43844086222913
4 C0 143 0 140 0
0

0101000
+1481 0 -1483 0 *
Ve
0.00031107497859312
8.16514756944445 -8.94943576388889 -0.01
0 0

0101101
*
Ed
 1e-07 1 1 0
1  140 0 3.61555295883102 4.07072799403461
2  99 144 0 3.61555295883102 4.07072799403461
4 C0 144 0 140 0
0

0101000
+1479 0 -1481 0 *
Ve
1e-07
8.00868055555556 -8.25217013888888 -0.01
0 0

0101101
*
Ed
 1e-07 1 1 0
1  141 0 0 1
2  100 145 0 0 1
4 C0 145 0 140 0
0

0101000
+1477 0 -1479 0 *
Ve
0.000112977099716762
8.13628472222223 -7.69769965277777 -0.01
0 0

0101101
*
Ed
 1e-07 1 1 0
1  142 0 0 1
2  101 146 0 0 1
4 C0 146 0 140 0
0

0101000
+1475 0 -1477 0 *
Ve
0.000378042522129251
8.47797713254488 -7.31321785876356 -0.01
0 0

0101101
*
Ed
 1e-07 1 1 0
1  143 0 2.18589613874511 2.64389463592417
2  102 147 0 2.18589613874511 2.64389463592417
4 C0 147 0 140 0
0

0101000
+1473 0 -1475 0 *
Ve
0.000441349424265543
8.97180799026904 -7.09471158558199 -0.01
0 0

0101101
*
Ed
 1e-07 1 1 0
1  144 0 1.79392002974313 2.17885843250432
2  103 148 0 1.79392002974313 2.17885843250432
4 C0 148 0 140 0
0

0101000
+1471 0 -1473 0 *
Ve
0.000261178185358258
9.56423553884374 -7.02790839852829 -0.01
0 0

0101101
*
Ed
 1e-07 1 1 0
1  145 0 1.56475376576499 1.79982698113947
2  104 149 0 1.56475376576499 1.79982698113947
4 C0 149 0 140 0
0

0101000
+1469 0 -1471 0 *
Ve
0.000588717022338505
10.2584138190352 -7.11760433245395 -0.01
0 0

0101101
*
Ed
 1e-07 1 1 0
1  146 0 1.31085095434797 1.5750402045852
2  105 150 0 1.31085095434797 1.5750402045852
4 C0 150 0 140 0
0

0101000
+1467 0 -1469 0 *
Ve
0.000497456539938586
10.8373921999413 -7.40127919441688 -0.01
0 0

0101101
*
Ed
 1e-07 1 1 0
1  147 0 0.911729712128114 1.3206179914012
2  106 151 0 0.911729712128114 1.3206179914012
4 C0 151 0 140 0
0

0101000
+1465 0 -1467 0 *
Ve
0.000454550575626443
11.2306857638889 -7.89518229166666 -0.01
0 0

0101101
*
Ed
 1e-07 1 1 0
1  148 0 0.446699944201485 0.896639521398469
2  107 152 0 0.446699944201485 0.896639521398469
4 C0 152 0 140 0
0

0101000
+1463 0 -1465 0 *
Ve
1e-07
11.3780381944444 -8.62282986111111 -0.01
0 0

0101101
*
Ed
 1e-07 1 1 0
1  149 0 0 1
2  108 153 0 0 1
4 C0 153 0 140 0
0

0101000
+1461 0 -1463 0 *
Ve
0.000115650633727416
11.2595486111111 -9.15451388888889 -0.01
0 0

0101101
*
Ed
 1e-07 1 1 0
1  150 0 0 1
2  109 154 0 0 1
4 C0 154 0 140 0
0

0101000
+1459 0 -1461 0 *
Ve
0.000501687779043961
10.937646322142 -9.53448943776889 -0.01
0 0

0101101
*
Ed
 1e-07 1 1 0
1  151 0 5.3519322753469 5.80820887488526
2  110 155 0 5.3519322753469 5.80820887488526
4 C0 155 0 140 0
0

0101000
+1457 0 -1459 0 *
Ed
 1e-07 1 1 0
1  152 0 4.95050798029315 5.34117568153937
2  111 156 0 4.95050798029315 5.34117568153937
4 C0 156 0 140 0
0

0101000
+1485 0 -1457 0 *
Wi

0101100
-1484 0 -1482 0 -1480 0 -1478 0 -1476 0 -1474 0 -1472 0 -1470 0 -1468 0 -1466 0 
-1464 0 -1462 0 -1460 0 -1458 0 -1456 0 -1455 0 *
Fa
0  1e-07 140 0

0111000
+1454 0 *
Ve
0.000845137122424488
24.1975253235023 -20.5283797523371 -0.00999975000001082
0 0

0101101
*
Ve
0.00046411425373474
24.7582465277778 -20.6419270833334 -0.01
0 0

0101101
*
Ed
 1e-07 1 1 0
1  153 0 4.30240811736462 4.72417047275843
2  112 158 0 4.30240811736462 4.72417047275843
4 C0 158 0 157 0
0

0101000
+1452 0 -1451 0 *
Ve
1e-07
25.2565104166667 -20.4140625 -0.01
0 0

0101101
*
Ed
 1e-07 1 1 0
1  154 0 0 1
2  113 159 0 0 1
4 C0 159 0 157 0
0

0101000
+1449 0 -1451 0 *
Ve
0.000417659333343907
25.4327256944444 -19.7578125 -0.01
0 0

0101101
*
Ed
 1e-07 1 1 0
1  155 0 0 1
2  114 160 0 0 1
4 C0 160 0 157 0
0

0101000
+1447 0 -1449 0 *
Ve
0.000404911448643721
25.3566547814109 -18.8904285904672 -0.01
0 0

0101101
*
Ed
 1e-07 1 1 0
1  156 0 0.00681809156385527 0.169750663607742
2  115 161 0 0.00681809156385527 0.169750663607742
4 C0 161 0 157 0
0

0101000
+1447 0 -1445 0 *
Ve
0.000159449365610446
25.1652867104484 -17.898454579572 -0.009999750000001
0 0

0101101
*
Ed
 1e-07 1 1 0
1  157 0 0.165968708348106 0.215907619218242
2  116 162 0 0.165968708348106 0.215907619218242
4 C0 162 0 157 0
0

0101000
+1445 0 -1443 0 *
Ve
1e-07
22.8502604166666 -7.22526041666666 -0.01
0 0

0101101
*
Ed
 1e-07 1 1 0
1  158 0 -5.46068714436903 5.46068732836204
4 C0 163 0 157 0
0

0101000
+1441 0 -1443 0 *
Ve
1e-07
27.5503472222222 -7.22526041666666 -0.01
0 0

0101101
*
Ed
 1e-07 1 1 0
1  159 0 -2.3500434027777 2.3500434027779
4 C0 164 0 157 0
0

0101000
+1439 0 -1441 0 *
Ve
1e-07
27.7296006944444 -8.25217013888888 -0.01
0 0

0101101
*
Ed
 1e-07 1 1 0
1  160 0 -0.52121861653682 0.521218616536822
4 C0 165 0 157 0
0

0101000
+1437 0 -1439 0 *
Ve
0.000422704580993363
27.3224802630262 -8.25238147571148 -0.01
0 0

0101101
*
Ed
 1e-07 1 1 0
1  161 0 -0.203561403640499 0.2035590277777
4 C0 166 0 157 0
0

0101000
+1435 0 -1437 0 *
Ve
0.000476065992529975
26.8470052083334 -8.28103298611111 -0.01
0 0

0101101
*
Ed
 1e-07 1 1 0
1  162 0 1.5595547332562 1.69953060216308
2  117 167 0 1.5595547332562 1.69953060216308
4 C0 167 0 157 0
0

0101000
+1435 0 -1433 0 *
Ve
0.000470394414690317
26.5234375 -8.39496527777777 -0.01
0 0

0101101
*
Ed
 1e-07 1 1 0
1  163 0 0 1
2  118 168 0 0 1
4 C0 168 0 157 0
0

0101000
+1431 0 -1433 0 *
Ve
0.000653593993578452
26.3426649305556 -8.64105902777777 -0.01
0 0

0101101
*
Ed
 1e-07 1 1 0
1  164 0 2.18648926064301 2.83657000963369
2  119 169 0 2.18648926064301 2.83657000963369
4 C0 169 0 157 0
0

0101000
+1431 0 -1429 0 *
Ve
0.000213963176540929
26.2864583333333 -9.06944444444444 -0.01
0 0

0101101
*
Ed
 1e-07 1 1 0
1  165 0 0 1
2  120 170 0 0 1
4 C0 170 0 157 0
0

0101000
+1427 0 -1429 0 *
Ve
0.000154726938426609
26.2956053803066 -9.19096760923783 -0.01
0 0

0101101
*
Ed
 1e-07 1 1 0
1  166 0 3.17608166684211 3.26286771741474
2  121 171 0 3.17608166684211 3.26286771741474
4 C0 171 0 157 0
0

0101000
+1427 0 -1425 0 *
Ve
7.76658390769492e-05
26.3244624346612 -9.39604572153638 -0.01
0 0

0101101
*
Ed
 1e-07 1 1 0
1  167 0 3.25504110433623 3.30939920422709
2  122 172 0 3.25504110433623 3.30939920422709
4 C0 172 0 157 0
0

0101000
+1425 0 -1423 0 *
Ve
2.26167370021986e-05
26.3715388486604 -9.64821818114755 -0.01
0 0

0101101
*
Ed
 1e-07 1 1 0
1  168 0 3.30599467229234 3.34679111536819
2  123 173 0 3.30599467229234 3.34679111536819
4 C0 173 0 157 0
0

0101000
+1423 0 -1421 0 *
Ve
1e-07
26.4293235879393 -9.90527894860441 -0.01
0 0

0101101
*
Ed
 1e-07 1 1 0
1  169 0 3.34509526940157 3.3803296642322
2  124 174 0 3.34509526940157 3.3803296642322
4 C0 174 0 157 0
0

0101000
+1421 0 -1419 0 *
Ve
1e-07
28.1184895833334 -17.8802083333334 -0.01
0 0

0101101
*
Ed
 1e-07 1 1 0
1  170 0 -4.07609793039662 4.07575955433713
4 C0 175 0 157 0
0

0101000
+1417 0 -1419 0 *
Ve
1e-07
28.4314236111111 -20.1953125 -0.01
0 0

0101101
*
Ed
 1e-07 1 1 0
1  171 0 0 1
2  125 176 0 0 1
4 C0 176 0 157 0
0

0101000
+1415 0 -1417 0 *
Ve
1e-07
27.8328993055555 -21.6642795138889 -0.01
0 0

0101101
*
Ed
 1e-07 1 1 0
1  172 0 0 1
2  126 177 0 0 1
4 C0 177 0 157 0
0

0101000
+1413 0 -1415 0 *
Ve
0.00075644667400402
26.1163194444445 -22.19140625 -0.01
0 0

0101101
*
Ed
 1e-07 1 1 0
1  173 0 0 1
2  127 178 0 0 1
4 C0 178 0 157 0
0

0101000
+1411 0 -1413 0 *
Ve
0.000759149684680464
25.1379870922261 -22.0760947784698 -0.01
0 0

0101101
*
Ed
 1e-07 1 1 0
1  174 0 4.47018999567065 4.72270251797414
2  128 179 0 4.47018999567065 4.72270251797414
4 C0 179 0 157 0
0

0101000
+1409 0 -1411 0 *
Ve
0.000466994568052271
24.3252656945497 -21.7706925110112 -0.01
0 0

0101101
*
Ed
 1e-07 1 1 0
1  175 0 4.24136613625126 4.4667899947306
2  129 180 0 4.24136613625126 4.4667899947306
4 C0 180 0 157 0
0

0101000
+1407 0 -1409 0 *
Ve
0.000287403633012595
23.6660037056674 -21.3392074194952 -0.01
0 0

0101101
*
Ed
 1e-07 1 1 0
1  176 0 4.02826558645861 4.23909347307694
2  130 181 0 4.02826558645861 4.23909347307694
4 C0 181 0 157 0
0

0101000
+1405 0 -1407 0 *
Ve
1e-07
23.1448132047417 -20.8517771913451 -0.01
0 0

0101101
*
Ed
 1e-07 1 1 0
1  177 0 3.89369143459153 4.02795939336181
2  131 182 0 3.89369143459153 4.02795939336181
4 C0 182 0 157 0
0

0101000
+1403 0 -1405 0 *
Ve
1e-07
23.6102388721043 -20.1947056609508 -0.01
0 0

0101101
*
Ed
 1e-07 1 1 0
1  178 0 -0.402845559982948 0.402365001233575
4 C0 183 0 157 0
0

0101000
+1401 0 -1403 0 *
Ed
 1e-07 1 1 0
1  179 0 4.11478200297836 4.27538784783285
2  132 184 0 4.11478200297836 4.27538784783285
4 C0 184 0 157 0
0

0101000
+1401 0 -1452 0 *
Wi

0101100
+1450 0 -1448 0 -1446 0 +1444 0 +1442 0 -1440 0 -1438 0 -1436 0 -1434 0 +1432 0 
-1430 0 +1428 0 -1426 0 +1424 0 +1422 0 +1420 0 +1418 0 -1416 0 -1414 0 -1412 0 
-1410 0 -1408 0 -1406 0 -1404 0 -1402 0 -1400 0 +1399 0 *
Fa
0  1e-07 157 0

0111000
+1398 0 *
Ve
1e-07
8.50998263888889 -11.5759548611111 -0.01
0 0

0101101
*
Ve
0.000159449365650354
9.85886309933731 -17.898454579572 -0.009999750000001
0 0

0101101
*
Ed
 1e-07 1 1 0
1  180 0 -3.23239366817069 3.23239412263591
4 C0 186 0 185 0
0

0101000
+1396 0 -1395 0 *
Ve
1e-07
13.125 -11.5759548611111 -0.01
0 0

0101101
*
Ed
 1e-07 1 1 0
1  181 0 -2.3075086805556 2.30750868055551
4 C0 187 0 185 0
0

0101000
+1393 0 -1396 0 *
Ve
1e-07
13.2951388888889 -12.6089409722222 -0.01
0 0

0101101
*
Ed
 1e-07 1 1 0
1  182 0 -0.523451895416526 0.523451895416607
4 C0 188 0 185 0
0

0101000
+1391 0 -1393 0 *
Ve
0.000454386448743466
12.9457437711395 -12.6091681464501 -0.01
0 0

0101101
*
Ed
 1e-07 1 1 0
1  183 0 -0.174698937193799 0.1746961805556
4 C0 189 0 185 0
0

0101000
+1389 0 -1391 0 *
Ve
0.000516429408183825
12.4748263888889 -12.6378038194444 -0.01
0 0

0101101
*
Ed
 1e-07 1 1 0
1  184 0 1.55866245489038 1.70125285319604
2  133 190 0 1.55866245489038 1.70125285319604
4 C0 190 0 185 0
0

0101000
+1389 0 -1387 0 *
Ve
0.000557895840883867
12.1573350694444 -12.7517361111111 -0.01
0 0

0101101
*
Ed
 1e-07 1 1 0
1  185 0 0 1
2  134 191 0 0 1
4 C0 191 0 185 0
0

0101000
+1385 0 -1387 0 *
Ve
0.000720442807253546
11.9765625 -12.9993489583333 -0.01
0 0

0101101
*
Ed
 1e-07 1 1 0
1  186 0 2.1964221742234 2.8334474349391
2  135 192 0 2.1964221742234 2.8334474349391
4 C0 192 0 185 0
0

0101000
+1385 0 -1383 0 *
Ve
0.000204942368341389
11.9188368055556 -13.4262152777778 -0.01
0 0

0101101
*
Ed
 1e-07 1 1 0
1  187 0 0 1
2  136 193 0 0 1
4 C0 193 0 185 0
0

0101000
+1381 0 -1383 0 *
Ve
0.000152468185198959
11.9279830316424 -13.5507767866051 -0.01
0 0

0101101
*
Ed
 1e-07 1 1 0
1  188 0 3.172507763845 3.26247558581144
2  137 194 0 3.172507763845 3.26247558581144
4 C0 194 0 185 0
0

0101000
+1381 0 -1379 0 *
Ve
7.75319943852564e-05
11.9568473532198 -13.7543344925583 -0.01
0 0

0101101
*
Ed
 1e-07 1 1 0
1  189 0 3.25501196083712 3.31149252599385
2  138 195 0 3.25501196083712 3.31149252599385
4 C0 195 0 185 0
0

0101000
+1379 0 -1377 0 *
Ve
9.84853323922143e-06
12.0008680555556 -14.0049913194444 -0.01
0 0

0101101
*
Ed
 1e-07 1 1 0
1  190 0 3.30731975718056 3.32398510388326
2  139 196 0 3.30731975718056 3.32398510388326
4 C0 196 0 185 0
0

0101000
+1377 0 -1375 0 *
Ve
1.00105008968548e-05
12.0525124717353 -14.261719820534 -0.00999975000003652
0 0

0101101
*
Ed
 1e-07 1 1 0
1  191 0 3.3229580004553 3.35714222974721
2  140 197 0 3.3229580004553 3.35714222974721
4 C0 197 0 185 0
0

0101000
+1375 0 -1373 0 *
Ve
0.000571564446261193
12.811787095273 -17.8802707632367 -0.01
0 0

0101101
*
Ed
 1e-07 1 1 0
1  192 0 -1.84867772223918 1.84867387046375
4 C0 198 0 185 0
0

0101000
+1371 0 -1373 0 *
Ve
0.000630551291862288
13.0490451388889 -19.1987847222222 -0.01
0 0

0101101
*
Ed
 1e-07 1 1 0
1  193 0 0.137212398448208 0.220230849044877
2  141 199 0 0.137212398448208 0.220230849044877
4 C0 199 0 185 0
0

0101000
+1369 0 -1371 0 *
Ve
1e-07
13.125 -20.1953125 -0.01
0 0

0101101
*
Ed
 1e-07 1 1 0
1  194 0 0 1
2  142 200 0 0 1
4 C0 200 0 185 0
0

0101000
+1367 0 -1369 0 *
Ve
1e-07
12.5264756944444 -21.6642795138889 -0.01
0 0

0101101
*
Ed
 1e-07 1 1 0
1  195 0 0 1
2  143 201 0 0 1
4 C0 201 0 185 0
0

0101000
+1365 0 -1367 0 *
Ve
0.00080875359625215
10.8098958333333 -22.19140625 -0.01
0 0

0101101
*
Ed
 1e-07 1 1 0
1  196 0 0 1
2  144 202 0 0 1
4 C0 202 0 185 0
0

0101000
+1363 0 -1365 0 *
Ve
0.000816781420641189
9.83610281492247 -22.0761672035724 -0.01
0 0

0101101
*
Ed
 1e-07 1 1 0
1  197 0 4.46861448549836 4.72342476280059
2  145 203 0 4.46861448549836 4.72342476280059
4 C0 203 0 185 0
0

0101000
+1361 0 -1363 0 *
Ve
0.000370662453830793
9.02342740159433 -21.7706364497303 -0.01
0 0

0101101
*
Ed
 1e-07 1 1 0
1  198 0 4.24481210198614 4.46291465622577
2  146 204 0 4.24481210198614 4.46291465622577
4 C0 204 0 185 0
0

0101000
+1359 0 -1361 0 *
Ve
0.000317463585209648
8.35805517097921 -21.3392148086953 -0.01
0 0

0101101
*
Ed
 1e-07 1 1 0
1  199 0 4.03130673438536 4.24458215772919
2  147 205 0 4.03130673438536 4.24458215772919
4 C0 205 0 185 0
0

0101000
+1357 0 -1359 0 *
Ve
1e-07
7.83534380435732 -20.8517864497326 -0.01
0 0

0101101
*
Ed
 1e-07 1 1 0
1  200 0 3.89392479422925 4.03069328391272
2  148 206 0 3.89392479422925 4.03069328391272
4 C0 206 0 185 0
0

0101000
+1355 0 -1357 0 *
Ve
1e-07
8.30381715253659 -20.1947069483902 -0.01
0 0

0101101
*
Ed
 1e-07 1 1 0
1  201 0 -0.403725577416304 0.403256918700356
4 C0 207 0 185 0
0

0101000
+1353 0 -1355 0 *
Ve
0.000845137122407853
8.89109662670897 -20.5283776787042 -0.01
0 0

0101101
*
Ed
 1e-07 1 1 0
1  202 0 4.11478254641708 4.27538654489575
2  149 208 0 4.11478254641708 4.27538654489575
4 C0 208 0 185 0
0

0101000
+1353 0 -1351 0 *
Ve
0.00046411425381649
9.45182291666667 -20.6419270833334 -0.01
0 0

0101101
*
Ed
 1e-07 1 1 0
1  203 0 4.30240409882948 4.72417047275913
2  150 209 0 4.30240409882948 4.72417047275913
4 C0 209 0 185 0
0

0101000
+1351 0 -1349 0 *
Ve
1e-07
9.95008680555556 -20.4140625 -0.01
0 0

0101101
*
Ed
 1e-07 1 1 0
1  204 0 0 1
2  151 210 0 0 1
4 C0 210 0 185 0
0

0101000
+1347 0 -1349 0 *
Ve
0.00041765933337408
10.1263020833333 -19.7578125 -0.01
0 0

0101101
*
Ed
 1e-07 1 1 0
1  205 0 0 1
2  152 211 0 0 1
4 C0 211 0 185 0
0

0101000
+1345 0 -1347 0 *
Ve
0.000404911448541522
10.0502311702997 -18.8904285904672 -0.01
0 0

0101101
*
Ed
 1e-07 1 1 0
1  206 0 0.00681809156385755 0.169750663607802
2  153 212 0 0.00681809156385755 0.169750663607802
4 C0 212 0 185 0
0

0101000
+1345 0 -1343 0 *
Ed
 1e-07 1 1 0
1  207 0 0.165968708348115 0.215907619218233
2  154 213 0 0.165968708348115 0.215907619218233
4 C0 213 0 185 0
0

0101000
+1343 0 -1395 0 *
Wi

0101100
-1394 0 -1392 0 -1390 0 -1388 0 +1386 0 -1384 0 +1382 0 -1380 0 +1378 0 +1376 0 
+1374 0 +1372 0 -1370 0 -1368 0 -1366 0 -1364 0 -1362 0 -1360 0 -1358 0 -1356 0 
-1354 0 -1352 0 +1350 0 +1348 0 -1346 0 -1344 0 +1342 0 +1341 0 *
Fa
0  1e-07 185 0

0111000
+1340 0 *
Ve
1e-07
40.7020109773504 -24.0986324210633 -0.01
0 0

0101101
*
Ve
1e-07
39.7509544610552 -24.4076494154383 -0.01
0 0

0101101
*
Ed
 1e-07 1 1 0
1  208 0 -0.500000000000028 0.500000000000028
4 C0 215 0 214 0
0

0101000
+1338 0 -1337 0 *
Ve
1e-07
41.3200449661002 -26.0007454536537 -0.01
0 0

0101101
*
Ed
 1e-07 1 1 0
1  209 0 -1.00000000000003 1.00000000000003
4 C0 216 0 214 0
0

0101000
+1335 0 -1338 0 *
Ve
1e-07
40.3689884498051 -26.3097624480286 -0.01
0 0

0101101
*
Ed
 1e-07 1 1 0
1  210 0 -0.500000000000004 0.499999999999934
4 C0 217 0 214 0
0

0101000
+1333 0 -1335 0 *
Ed
 1e-07 1 1 0
1  211 0 -1.00000000000003 0.99999999999996
4 C0 218 0 214 0
0

0101000
+1337 0 -1333 0 *
Wi

0101100
-1336 0 -1334 0 -1332 0 -1331 0 *
Fa
0  1e-07 214 0

0111000
+1330 0 *
Ve
1e-07
80.6614583333333 15.9119025648616 -0.01
0 0

0101101
*
Ve
1e-07
80.6614583333333 1.79166666666667 -0.01
0 0

0101101
*
Ed
 1e-07 1 1 0
1  212 0 -6.0134650648616 8.10677083333333
4 C0 220 0 219 0
0

0101000
+1328 0 -1327 0 *
Ve
1e-07
84.03125 15.9169830256239 -0.01
0 0

0101101
*
Ed
 1e-07 1 1 0
1  213 0 5.02524843383531 10.679699539748
2  155 221 0 5.02524843383531 10.679699539748
4 C0 219 0 221 0
0

0101000
+1328 0 -1325 0 *
Ve
1e-07
84.03125 1.79166666666667 -0.01
0 0

0101101
*
Ed
 1e-07 1 1 0
1  214 0 -8.10677083333333 6.0185455256239
4 C0 222 0 219 0
0

0101000
+1323 0 -1325 0 *
Ve
1e-07
84.2421875 0.5390625 -0.01
0 0

0101101
*
Ed
 1e-07 1 1 0
1  215 0 0 1
2  156 223 0 0 1
4 C0 223 0 219 0
0

0101000
+1321 0 -1323 0 *
Ve
1e-07
84.828125 -0.184895833333331 -0.01
0 0

0101101
*
Ed
 1e-07 1 1 0
1  216 0 0 1
2  157 224 0 0 1
4 C0 224 0 219 0
0

0101000
+1319 0 -1321 0 *
Ve
0.00043986180699716
85.7005208333333 -0.518229166666664 -0.01
0 0

0101101
*
Ed
 1e-07 1 1 0
1  217 0 0 1
2  158 225 0 0 1
4 C0 225 0 219 0
0

0101000
+1317 0 -1319 0 *
Ve
0.000430412652654279
86.7656238355307 -0.598743132309528 -0.00999975000000001
0 0

0101101
*
Ed
 1e-07 1 1 0
1  218 0 4.55730222676091 4.71780000445213
2  159 226 0 4.55730222676091 4.71780000445213
4 C0 226 0 219 0
0

0101000
+1317 0 -1315 0 *
Ve
1e-07
87.1875 -0.598958333333331 -0.01
0 0

0101101
*
Ed
 1e-07 1 1 0
1  219 0 -0.2109375 0.210938664469296
4 C0 227 0 219 0
0

0101000
+1313 0 -1315 0 *
Ve
1e-07
87.1875 -2 -0.01
0 0

0101101
*
Ed
 1e-07 1 1 0
1  220 0 -0.70052083333334 0.700520833333329
4 C0 228 0 219 0
0

0101000
+1311 0 -1313 0 *
Ve
1e-07
77.4895833333333 -2 -0.01
0 0

0101101
*
Ed
 1e-07 1 1 0
1  221 0 -4.8489583333334 4.8489583333333
4 C0 229 0 219 0
0

0101000
+1309 0 -1311 0 *
Ve
1e-07
77.4895833333333 -0.598958333333331 -0.01
0 0

0101101
*
Ed
 1e-07 1 1 0
1  222 0 -0.700520833333329 0.70052083333334
4 C0 230 0 219 0
0

0101000
+1307 0 -1309 0 *
Ve
0.000273591358550423
77.9270838159234 -0.598821539873256 -0.01
0 0

0101101
*
Ed
 1e-07 1 1 0
1  223 0 -0.21875048259011 0.21875
4 C0 231 0 219 0
0

0101000
+1305 0 -1307 0 *
Ve
0.000271122670975356
78.984375 -0.518229166666664 -0.01
0 0

0101101
*
Ed
 1e-07 1 1 0
1  224 0 4.70886112079812 4.86730629445031
2  160 232 0 4.70886112079812 4.86730629445031
4 C0 232 0 219 0
0

0101000
+1305 0 -1303 0 *
Ve
1e-07
79.8567708333333 -0.184895833333331 -0.01
0 0

0101101
*
Ed
 1e-07 1 1 0
1  225 0 0 1
2  161 233 0 0 1
4 C0 233 0 219 0
0

0101000
+1301 0 -1303 0 *
Ve
1e-07
80.4427083333333 0.5390625 -0.01
0 0

0101101
*
Ed
 1e-07 1 1 0
1  226 0 0 1
2  162 234 0 0 1
4 C0 234 0 219 0
0

0101000
+1299 0 -1301 0 *
Ed
 1e-07 1 1 0
1  227 0 0 1
2  163 235 0 0 1
4 C0 235 0 219 0
0

0101000
+1327 0 -1299 0 *
Wi

0101100
-1326 0 +1324 0 -1322 0 -1320 0 -1318 0 -1316 0 +1314 0 -1312 0 -1310 0 -1308 0 
-1306 0 -1304 0 +1302 0 -1300 0 -1298 0 -1297 0 *
Ve
1e-07
77.5404516841352 20.3958333333334 -0.01
0 0

0101101
*
Ve
0.000273591358556812
77.9270838159234 20.3956965398733 -0.00999975000000003
0 0

0101101
*
Ed
 1e-07 1 1 0
1  228 0 -0.167881649198094 0.21875048259011
4 C0 236 0 219 0
0

0101000
+1295 0 -1294 0 *
Ve
1e-07
80.6614583333333 16.5466521531872 -0.01
0 0

0101101
*
Ed
 1e-07 1 1 0
1  229 0 5.06554914385865 6.13820967896578
2  164 237 0 5.06554914385865 6.13820967896578
4 C0 219 0 237 0
0

0101000
+1292 0 -1295 0 *
Ve
1e-07
80.6614583333333 18.0052083333334 -0.01
0 0

0101101
*
Ed
 1e-07 1 1 0
1  230 0 -8.1067708333334 -6.6482146531872
4 C0 238 0 219 0
0

0101000
+1290 0 -1292 0 *
Ve
1e-07
80.4427083333333 19.2578125 -0.01
0 0

0101101
*
Ed
 1e-07 1 1 0
1  231 0 0 1
2  165 239 0 0 1
4 C0 239 0 219 0
0

0101000
+1288 0 -1290 0 *
Ve
1e-07
79.8567708333333 19.9817708333333 -0.01
0 0

0101101
*
Ed
 1e-07 1 1 0
1  232 0 0 1
2  166 240 0 0 1
4 C0 240 0 219 0
0

0101000
+1286 0 -1288 0 *
Ve
0.000271122671062782
78.984375 20.3151041666666 -0.01
0 0

0101101
*
Ed
 1e-07 1 1 0
1  233 0 0 1
2  167 241 0 0 1
4 C0 241 0 219 0
0

0101000
+1284 0 -1286 0 *
Ed
 1e-07 1 1 0
1  234 0 1.4158790127292 1.57432418638147
2  168 242 0 1.4158790127292 1.57432418638147
4 C0 242 0 219 0
0

0101000
+1284 0 -1294 0 *
Wi

0101100
-1293 0 -1291 0 -1289 0 -1287 0 -1285 0 -1283 0 +1282 0 *
Ve
1e-07
87.1366316491981 21.796875 -0.01
0 0

0101101
*
Ve
1e-07
77.5404516841352 21.796875 -0.01
0 0

0101101
*
Ed
 1e-07 1 1 0
1  235 0 -4.79808998253141 4.79808998253149
4 C0 243 0 219 0
0

0101000
+1280 0 -1279 0 *
Ed
 1e-07 1 1 0
1  236 0 0.144975628213804 2.99661702537599
2  169 244 0 0.144975628213804 2.99661702537599
4 C0 219 0 244 0
0

0101000
+1279 0 -1280 0 *
Wi

0101100
-1278 0 -1277 0 *
Ve
1e-07
87.1366316491981 20.3958333333334 -0.01
0 0

0101101
*
Ve
1e-07
84.03125 16.5524422598768 -0.01
0 0

0101101
*
Ed
 1e-07 1 1 0
1  237 0 3.2865682818036 4.35579234275201
2  170 245 0 3.2865682818036 4.35579234275201
4 C0 219 0 245 0
0

0101000
+1275 0 -1274 0 *
Ve
0.000430412652693504
86.7656238355307 20.3956181323096 -0.01
0 0

0101101
*
Ed
 1e-07 1 1 0
1  238 0 -0.210938664469296 0.160069149198108
4 C0 246 0 219 0
0

0101000
+1272 0 -1275 0 *
Ve
0.000439861807040707
85.7005208333333 20.3151041666666 -0.01
0 0

0101101
*
Ed
 1e-07 1 1 0
1  239 0 1.56538530272747 1.72588308041875
2  171 247 0 1.56538530272747 1.72588308041875
4 C0 247 0 219 0
0

0101000
+1272 0 -1270 0 *
Ve
1e-07
84.828125 19.9817708333333 -0.01
0 0

0101101
*
Ed
 1e-07 1 1 0
1  240 0 0 1
2  172 248 0 0 1
4 C0 248 0 219 0
0

0101000
+1268 0 -1270 0 *
Ve
1e-07
84.2421875 19.2578125 -0.01
0 0

0101101
*
Ed
 1e-07 1 1 0
1  241 0 0 1
2  173 249 0 0 1
4 C0 249 0 219 0
0

0101000
+1266 0 -1268 0 *
Ve
1e-07
84.03125 18.0052083333334 -0.01
0 0

0101101
*
Ed
 1e-07 1 1 0
1  242 0 0 1
2  174 250 0 0 1
4 C0 250 0 219 0
0

0101000
+1264 0 -1266 0 *
Ed
 1e-07 1 1 0
1  243 0 6.6540047598768 8.1067708333334
4 C0 251 0 219 0
0

0101000
+1274 0 -1264 0 *
Wi

0101100
-1273 0 -1271 0 +1269 0 -1267 0 -1265 0 -1263 0 -1262 0 *
Fa
0  1e-07 219 0

0111000
+1296 0 +1281 0 +1276 0 +1261 0 *
Ve
0.000349267868017805
-39.1334812553923 -20.5797006914735 -0.00999975000009754
0 0

0101101
*
Ve
0.000412493019428755
-38.2296006944444 -20.7178819444444 -0.01
0 0

0101101
*
Ed
 1e-07 1 1 0
1  244 0 4.40400778775033 4.71888553446135
2  175 253 0 4.40400778775033 4.71888553446135
4 C0 253 0 252 0
0

0101000
+1259 0 -1258 0 *
Ve
1e-07
-36.6391059027778 -20.1056857638889 -0.01
0 0

0101101
*
Ed
 1e-07 1 1 0
1  245 0 0 1
2  176 254 0 0 1
4 C0 254 0 252 0
0

0101000
+1256 0 -1258 0 *
Ve
4.56007855887711e-05
-36.1119791666666 -18.36328125 -0.01
0 0

0101101
*
Ed
 1e-07 1 1 0
1  246 0 0 1
2  177 255 0 0 1
4 C0 255 0 252 0
0

0101000
+1254 0 -1256 0 *
Ve
4.23238772922026e-05
-36.1180767056366 -18.0078132020176 -0.01
0 0

0101101
*
Ed
 1e-07 1 1 0
1  247 0 0.00188271014571596 0.03279655466197
2  178 256 0 0.00188271014571596 0.03279655466197
4 C0 256 0 252 0
0

0101000
+1254 0 -1252 0 *
Ve
6.25402247284498e-06
-36.1514666450771 -17.6220077593351 -0.01
0 0

0101101
*
Ed
 6.25402247284498e-06 1 1 0
1  248 0 1.33652330753854e-05 0.110728901729984
2  179 257 0 1.33652330753854e-05 0.110728901729984
4 C0 257 0 252 0
0

0101000
+1250 0 -1252 0 *
Ve
4.72972724010576e-05
-36.5206162778254 -17.6432055183035 -0.00999975000000027
0 0

0101101
*
Ed
 1e-07 1 1 0
1  249 0 4.71062906789995 4.82874165087505
2  180 258 0 4.71062906789995 4.82874165087505
4 C0 258 0 252 0
0

0101000
+1248 0 -1250 0 *
Ve
1e-07
-36.8715277777778 -17.6432291666666 -0.01
0 0

0101101
*
Ed
 1e-07 1 1 0
1  250 0 -0.1682400173612 0.182671482591203
4 C0 259 0 252 0
0

0101000
+1246 0 -1248 0 *
Ve
1e-07
-39.1896701388889 -17.3196614583334 -0.01
0 0

0101101
*
Ed
 1e-07 1 1 0
1  251 0 0 1
2  181 260 0 0 1
4 C0 260 0 252 0
0

0101000
+1244 0 -1246 0 *
Ve
1e-07
-41.0217013888889 -16.4507378472223 -0.01
0 0

0101101
*
Ed
 1e-07 1 1 0
1  252 0 0 1
2  182 261 0 0 1
4 C0 261 0 252 0
0

0101000
+1242 0 -1244 0 *
Ve
1e-07
-42.2278645833333 -15.1838107638889 -0.01
0 0

0101101
*
Ed
 1e-07 1 1 0
1  253 0 0 1
2  183 262 0 0 1
4 C0 262 0 252 0
0

0101000
+1240 0 -1242 0 *
Ve
1e-07
-42.6653645833333 -13.6723090277778 -0.01
0 0

0101101
*
Ed
 1e-07 1 1 0
1  254 0 0 1
2  184 263 0 0 1
4 C0 263 0 252 0
0

0101000
+1238 0 -1240 0 *
Ve
1e-07
-41.8951822916667 -11.9876302083333 -0.01
0 0

0101101
*
Ed
 1e-07 1 1 0
1  255 0 0 1
2  185 264 0 0 1
4 C0 264 0 252 0
0

0101000
+1236 0 -1238 0 *
Ve
1e-07
-39.73046875 -11.3845486111111 -0.01
0 0

0101101
*
Ed
 1e-07 1 1 0
1  256 0 0 1
2  186 265 0 0 1
4 C0 265 0 252 0
0

0101000
+1234 0 -1236 0 *
Ve
0.0008297687786946
-37.7510850694444 -11.6838107638889 -0.01
0 0

0101101
*
Ed
 1e-07 1 1 0
1  257 0 0 1
2  187 266 0 0 1
4 C0 266 0 252 0
0

0101000
+1232 0 -1234 0 *
Ve
0.00073128933991126
-36.1133575684303 -12.4963247185857 -0.01
0 0

0101101
*
Ed
 1e-07 1 1 0
1  258 0 0.963418782809146 1.25851364917062
2  188 267 0 0.963418782809146 1.25851364917062
4 C0 267 0 252 0
0

0101000
+1230 0 -1232 0 *
Ve
0.000344573916718951
-34.8268983650375 -13.6875625803868 -0.01
0 0

0101101
*
Ed
 1e-07 1 1 0
1  259 0 0.688041877947568 0.960405322025307
2  189 268 0 0.688041877947568 0.960405322025307
4 C0 268 0 252 0
0

0101000
+1228 0 -1230 0 *
Ve
0.000330076529365393
-33.895630175763 -15.1200157802448 -0.01
0 0

0101101
*
Ed
 1e-07 1 1 0
1  260 0 0.463472771345109 0.690100601371634
2  190 269 0 0.463472771345109 0.690100601371634
4 C0 269 0 252 0
0

0101000
+1226 0 -1228 0 *
Ve
0.0002868663925312
-33.3305121527778 -16.6634114583333 -0.01
0 0

0101101
*
Ed
 1e-07 1 1 0
1  261 0 0.238585900694246 0.464124006628997
2  191 270 0 0.238585900694246 0.464124006628997
4 C0 270 0 252 0
0

0101000
+1224 0 -1226 0 *
Ve
1e-07
-33.140625 -18.1749131944444 -0.01
0 0

0101101
*
Ed
 1e-07 1 1 0
1  262 0 0 1
2  192 271 0 0 1
4 C0 271 0 252 0
0

0101000
+1222 0 -1224 0 *
Ve
1e-07
-33.482421875 -19.9446614583334 -0.01
0 0

0101101
*
Ed
 1e-07 1 1 0
1  263 0 0 1
2  193 272 0 0 1
4 C0 272 0 252 0
0

0101000
+1220 0 -1222 0 *
Ve
0.000757872202417731
-34.4181857638889 -21.1979166666666 -0.01
0 0

0101101
*
Ed
 1e-07 1 1 0
1  264 0 0 1
2  194 273 0 0 1
4 C0 273 0 252 0
0

0101000
+1218 0 -1220 0 *
Ve
0.000985480469211757
-35.800592300656 -21.9436966751093 -0.01
0 0

0101101
*
Ed
 1e-07 1 1 0
1  265 0 5.00745546170148 5.40473249712507
2  195 274 0 5.00745546170148 5.40473249712507
4 C0 274 0 252 0
0

0101000
+1216 0 -1218 0 *
Ve
0.000882424692041131
-37.4791666666667 -22.19140625 -0.01
0 0

0101101
*
Ed
 1e-07 1 1 0
1  266 0 4.70503419619845 5.0107129359982
2  196 275 0 4.70503419619845 5.0107129359982
4 C0 275 0 252 0
0

0101000
+1214 0 -1216 0 *
Ve
1e-07
-39.2048611111111 -21.9772135416666 -0.01
0 0

0101101
*
Ed
 1e-07 1 1 0
1  267 0 0 1
2  197 276 0 0 1
4 C0 276 0 252 0
0

0101000
+1212 0 -1214 0 *
Ve
1e-07
-40.400390625 -21.4348958333334 -0.01
0 0

0101101
*
Ed
 1e-07 1 1 0
1  268 0 0 1
2  198 277 0 0 1
4 C0 277 0 252 0
0

0101000
+1210 0 -1212 0 *
Ve
1e-07
-41.09765625 -20.7178819444444 -0.01
0 0

0101101
*
Ed
 1e-07 1 1 0
1  269 0 0 1
2  199 278 0 0 1
4 C0 278 0 252 0
0

0101000
+1208 0 -1210 0 *
Ve
0.000175408364366746
-41.3255208333334 -19.9765625 -0.01
0 0

0101101
*
Ed
 1e-07 1 1 0
1  270 0 0 1
2  200 279 0 0 1
4 C0 279 0 252 0
0

0101000
+1206 0 -1208 0 *
Ve
0.000148846439812644
-41.2586805555556 -19.5071614583334 -0.01
0 0

0101101
*
Ed
 1e-07 1 1 0
1  271 0 2.85471908723429 3.1469315030437
2  201 280 0 2.85471908723429 3.1469315030437
4 C0 280 0 252 0
0

0101000
+1204 0 -1206 0 *
Ve
0.000329901243165721
-41.0794270833333 -19.1410590277778 -0.01
0 0

0101101
*
Ed
 1e-07 1 1 0
1  272 0 0 1
2  202 281 0 0 1
4 C0 281 0 252 0
0

0101000
-1204 0 +1202 0 *
Ve
0.000327256324749567
-40.579603044872 -19.7167533337653 -0.01
0 0

0101101
*
Ed
 8.19832672967141e-05 1 1 0
1  273 0 3.76594526934888 3.94874412865753
2  203 282 0 3.76594526934888 3.94874412865753
4 C0 282 0 252 0
0

0101000
+1202 0 -1200 0 *
Ve
0.000226257673730705
-39.9249082464081 -20.2196096154766 -0.01
0 0

0101101
*
Ed
 1e-07 1 1 0
1  274 0 3.94627452737848 4.16972719904826
2  204 283 0 3.94627452737848 4.16972719904826
4 C0 283 0 252 0
0

0101000
+1200 0 -1198 0 *
Ed
 1e-07 1 1 0
1  275 0 4.16896795592509 4.4029758331134
2  205 284 0 4.16896795592509 4.4029758331134
4 C0 284 0 252 0
0

0101000
+1198 0 -1259 0 *
Wi

0101100
+1257 0 -1255 0 -1253 0 +1251 0 -1249 0 -1247 0 -1245 0 -1243 0 -1241 0 -1239 0 
-1237 0 -1235 0 -1233 0 -1231 0 -1229 0 -1227 0 -1225 0 -1223 0 -1221 0 -1219 0 
-1217 0 -1215 0 -1213 0 -1211 0 -1209 0 -1207 0 -1205 0 -1203 0 -1201 0 +1199 0 
+1197 0 +1196 0 *
Ve
1e-07
-38.9131944444444 -12.5542534722222 -0.01
0 0

0101101
*
Ve
1e-07
-38.0123697916667 -12.9097222222222 -0.01
0 0

0101101
*
Ed
 1e-07 1 1 0
1  276 0 0 1
2  206 285 0 0 1
4 C0 285 0 252 0
0

0101000
+1194 0 -1193 0 *
Ve
1e-07
-39.62109375 -12.8854166666667 -0.01
0 0

0101101
*
Ed
 1e-07 1 1 0
1  277 0 0 1
2  207 286 0 0 1
4 C0 286 0 252 0
0

0101000
+1191 0 -1194 0 *
Ve
1e-07
-39.8732638888889 -13.8151041666667 -0.01
0 0

0101101
*
Ed
 1e-07 1 1 0
1  278 0 0 1
2  208 287 0 0 1
4 C0 287 0 252 0
0

0101000
+1189 0 -1191 0 *
Ve
0.000333492128526692
-39.6119791666667 -14.9255642361111 -0.01
0 0

0101101
*
Ed
 1e-07 1 1 0
1  279 0 0 1
2  209 288 0 0 1
4 C0 288 0 252 0
0

0101000
+1187 0 -1189 0 *
Ve
0.000549886995707036
-38.8904079861111 -15.7762586805555 -0.01
0 0

0101101
*
Ed
 1e-07 1 1 0
1  280 0 3.63119383236691 4.06045184433582
2  210 289 0 3.63119383236691 4.06045184433582
4 C0 289 0 252 0
0

0101000
+1187 0 -1185 0 *
Ve
0.000906832190545178
-37.8088107638889 -16.3231336805555 -0.01
0 0

0101101
*
Ed
 1e-07 1 1 0
1  281 0 0 1
2  211 290 0 0 1
4 C0 290 0 252 0
0

0101000
+1183 0 -1185 0 *
Ve
0.000957545315296788
-36.4644143673845 -16.5125420879984 -0.00999975
0 0

0101101
*
Ed
 1e-07 1 1 0
1  282 0 4.42477291558395 4.72209145929615
2  212 291 0 4.42477291558395 4.72209145929615
4 C0 291 0 252 0
0

0101000
+1183 0 -1181 0 *
Ve
0.000359471272269001
-36.2942708333334 -16.5130208333334 -0.01
0 0

0101101
*
Ed
 1e-07 1 1 0
1  283 0 -0.0850694444444002 0.0850740896066995
4 C0 292 0 252 0
0

0101000
+1179 0 -1181 0 *
Ve
0.00073891015057926
-36.6546458461031 -15.1125345392067 -0.01
0 0

0101101
*
Ed
 1e-07 1 1 0
1  284 0 0.164231439772872 0.339965857678709
2  213 293 0 0.164231439772872 0.339965857678709
4 C0 293 0 252 0
0

0101000
+1179 0 -1177 0 *
Ve
0.000744598828574308
-37.2437065972223 -13.8348524305556 -0.01
0 0

0101101
*
Ed
 1e-07 1 1 0
1  285 0 0.329405127900779 0.533010646685695
2  214 294 0 0.329405127900779 0.533010646685695
4 C0 294 0 252 0
0

0101000
+1177 0 -1175 0 *
Ed
 1e-07 1 1 0
1  286 0 0 1
2  215 295 0 0 1
4 C0 295 0 252 0
0

0101000
+1193 0 -1175 0 *
Wi

0101100
-1192 0 -1190 0 -1188 0 -1186 0 +1184 0 -1182 0 +1180 0 -1178 0 +1176 0 +1174 0 
-1173 0 *
Fa
0  1e-07 252 0

0111000
+1195 0 +1172 0 *
Ve
1e-07
36.7999131944445 -24.69140625 -0.01
0 0

0101101
*
Ve
1e-07
37.7999131944445 -24.69140625 -0.01
0 0

0101101
*
Ed
 1e-07 1 1 0
1  287 0 -0.5 0.5
4 C0 297 0 296 0
0

0101000
+1170 0 -1169 0 *
Ve
1e-07
37.7999131944445 -26.69140625 -0.01
0 0

0101101
*
Ed
 1e-07 1 1 0
1  288 0 -1 1
4 C0 298 0 296 0
0

0101000
+1169 0 -1167 0 *
Ve
1e-07
36.7999131944445 -26.69140625 -0.01
0 0

0101101
*
Ed
 1e-07 1 1 0
1  289 0 -0.5 0.5
4 C0 299 0 296 0
0

0101000
+1167 0 -1165 0 *
Ed
 1e-07 1 1 0
1  290 0 -1 1
4 C0 300 0 296 0
0

0101000
+1165 0 -1170 0 *
Wi

0101100
+1168 0 +1166 0 +1164 0 +1163 0 *
Fa
0  1e-07 296 0

0111000
+1162 0 *
Ve
0.000886106391923645
-30.3304317740168 -20.4539081821407 -0.00999975000000502
0 0

0101101
*
Ve
0.00096537870011744
-29.50390625 -20.60546875 -0.01
0 0

0101101
*
Ed
 1e-07 1 1 0
1  291 0 4.3373056062422 4.728207850056
2  216 302 0 4.3373056062422 4.728207850056
4 C0 302 0 301 0
0

0101000
+1160 0 -1159 0 *
Ve
1e-07
-28.8005642361111 -20.3578559027778 -0.01
0 0

0101101
*
Ed
 1e-07 1 1 0
1  292 0 0 1
2  217 303 0 0 1
4 C0 303 0 301 0
0

0101000
+1157 0 -1159 0 *
Ve
0.000401277145148794
-28.5347222222222 -19.6271701388889 -0.01
0 0

0101101
*
Ed
 1e-07 1 1 0
1  293 0 0 1
2  218 304 0 0 1
4 C0 304 0 301 0
0

0101000
+1155 0 -1157 0 *
Ve
0.00043995167244451
-28.5787407317988 -19.0043353695848 -0.01
0 0

0101101
*
Ed
 1e-07 1 1 0
1  294 0 0.00953303974605089 0.134156584438593
2  219 305 0 0.00953303974605089 0.134156584438593
4 C0 305 0 301 0
0

0101000
+1155 0 -1153 0 *
Ve
0.000403509096332611
-28.7263242857245 -18.2296492861715 -0.00999975000000002
0 0

0101101
*
Ed
 1e-07 1 1 0
1  295 0 0.134798635372868 0.243239647684552
2  220 306 0 0.134798635372868 0.243239647684552
4 C0 306 0 301 0
0

0101000
+1153 0 -1151 0 *
Ve
1e-07
-29.8927951388889 -12.9036458333333 -0.01
0 0

0101101
*
Ed
 1e-07 1 1 0
1  296 0 -2.72611932486939 2.72612489107081
4 C0 307 0 301 0
0

0101000
+1149 0 -1151 0 *
Ve
1e-07
-32.2686631944444 -12.9036458333333 -0.01
0 0

0101101
*
Ed
 1e-07 1 1 0
1  297 0 -1.1879340277777 1.1879340277778
4 C0 308 0 301 0
0

0101000
+1147 0 -1149 0 *
Ve
1e-07
-32.5329861111111 -11.5759548611111 -0.01
0 0

0101101
*
Ed
 1e-07 1 1 0
1  298 0 -0.676873312000752 0.676873312000771
4 C0 309 0 301 0
0

0101000
+1145 0 -1147 0 *
Ve
1e-07
-30.1875 -11.5759548611111 -0.01
0 0

0101101
*
Ed
 1e-07 1 1 0
1  299 0 -1.1727430555556 1.1727430555555
4 C0 310 0 301 0
0

0101000
+1143 0 -1145 0 *
Ve
1e-07
-30.6918402777778 -9.18185763888889 -0.01
0 0

0101101
*
Ed
 1e-07 1 1 0
1  300 0 -1.22332136264772 1.22332136264771
4 C0 311 0 301 0
0

0101000
+1141 0 -1143 0 *
Ve
1e-07
-29.5616319444445 -9.18185763888889 -0.01
0 0

0101101
*
Ed
 1e-07 1 1 0
1  301 0 -0.5651041666666 0.5651041666667
4 C0 312 0 301 0
0

0101000
+1139 0 -1141 0 *
Ve
1e-07
-28.587890625 -10.4548611111111 -0.01
0 0

0101101
*
Ed
 1e-07 1 1 0
1  302 0 0 1
2  221 313 0 0 1
4 C0 313 0 301 0
0

0101000
+1137 0 -1139 0 *
Ve
1e-07
-27.5533854166667 -11.2994791666667 -0.01
0 0

0101101
*
Ed
 1e-07 1 1 0
1  303 0 0 1
2  222 314 0 0 1
4 C0 314 0 301 0
0

0101000
+1135 0 -1137 0 *
Ve
1e-07
-26.5431857638889 -11.7643229166667 -0.01
0 0

0101101
*
Ed
 1e-07 1 1 0
1  304 0 0 1
2  223 315 0 0 1
4 C0 315 0 301 0
0

0101000
+1133 0 -1135 0 *
Ve
1e-07
-25.6302083333333 -11.9071180555556 -0.01
0 0

0101101
*
Ed
 1e-07 1 1 0
1  305 0 0 1
2  224 316 0 0 1
4 C0 316 0 301 0
0

0101000
+1131 0 -1133 0 *
Ve
1e-07
-25.4205729166667 -12.9036458333333 -0.01
0 0

0101101
*
Ed
 1e-07 1 1 0
1  306 0 -0.50916957386605 0.509169573865953
4 C0 317 0 301 0
0

0101000
+1129 0 -1131 0 *
Ve
1e-07
-26.9214409722222 -12.9036458333333 -0.01
0 0

0101101
*
Ed
 1e-07 1 1 0
1  307 0 -0.7504340277778 0.7504340277777
4 C0 318 0 301 0
0

0101000
+1127 0 -1129 0 *
Ve
6.11356176781638e-05
-25.7547444395565 -18.2873198777944 -0.01
0 0

0101101
*
Ed
 1e-07 1 1 0
1  308 0 -2.75432054214054 2.75432058026015
4 C0 319 0 301 0
0

0101000
+1125 0 -1127 0 *
Ve
5.72094942981354e-05
-25.6773254435129 -18.6807769165015 -0.01
0 0

0101101
*
Ed
 1e-07 1 1 0
1  309 0 0.173605846537983 0.2146516420052
2  225 320 0 0.173605846537983 0.2146516420052
4 C0 320 0 301 0
0

0101000
+1123 0 -1125 0 *
Ve
2.54959951025216e-05
-25.6119918149145 -19.1137168683813 -0.01
0 0

0101101
*
Ed
 8.21310165726022e-06 1 1 0
1  310 0 0.000514601927101301 0.0516231250509526
2  226 321 0 0.000514601927101301 0.0516231250509526
4 C0 321 0 301 0
0

0101000
+1121 0 -1123 0 *
Ve
0.000104840279179394
-25.5694837900363 -19.5405846651371 -0.01
0 0

0101101
*
Ed
 1e-07 1 1 0
1  311 0 0.0737087551604926 0.125163391429149
2  227 322 0 0.0737087551604926 0.125163391429149
4 C0 322 0 301 0
0

0101000
+1119 0 -1121 0 *
Ve
0.000112532442901077
-25.5542534722222 -19.921875 -0.01
0 0

0101101
*
Ed
 1e-07 1 1 0
1  312 0 0.00431672694366642 0.0764609490560942
2  228 323 0 0.00431672694366642 0.0764609490560942
4 C0 323 0 301 0
0

0101000
+1117 0 -1119 0 *
Ve
0.000632414982338888
-25.7486979166666 -20.9259982638889 -0.01
0 0

0101101
*
Ed
 1e-07 1 1 0
1  313 0 0 1
2  229 324 0 0 1
4 C0 324 0 301 0
0

0101000
+1115 0 -1117 0 *
Ve
0.00059162434901185
-26.2847513009444 -21.634126083716 -0.01
0 0

0101101
*
Ed
 1e-07 1 1 0
1  314 0 5.40551817974158 5.86658691624997
2  230 325 0 5.40551817974158 5.86658691624997
4 C0 325 0 301 0
0

0101000
+1113 0 -1115 0 *
Ve
0.000716560654264373
-27.0870351383951 -22.053121318113 -0.01
0 0

0101101
*
Ed
 1e-07 1 1 0
1  315 0 4.99277706728046 5.39249645709586
2  231 326 0 4.99277706728046 5.39249645709586
4 C0 326 0 301 0
0

0101000
+1111 0 -1113 0 *
Ve
0.000676579784553965
-28.0789908418897 -22.1910678616171 -0.01
0 0

0101101
*
Ed
 1e-07 1 1 0
1  316 0 4.70333621162778 4.99585089234569
2  232 327 0 4.70333621162778 4.99585089234569
4 C0 327 0 301 0
0

0101000
+1109 0 -1111 0 *
Ve
0.000683371772790015
-29.1196168377681 -22.0822272397612 -0.01
0 0

0101101
*
Ed
 1e-07 1 1 0
1  317 0 4.49683926597706 4.72107320883202
2  233 328 0 4.49683926597706 4.72107320883202
4 C0 328 0 301 0
0

0101000
+1107 0 -1109 0 *
Ve
0.000273066890505325
-30.0158591111864 -21.787365741609 -0.01
0 0

0101101
*
Ed
 1e-07 1 1 0
1  318 0 4.29878738120055 4.49180848508958
2  234 329 0 4.29878738120055 4.49180848508958
4 C0 329 0 301 0
0

0101000
+1105 0 -1107 0 *
Ve
0.000175620233297036
-30.790617061255 -21.3544353236035 -0.01
0 0

0101101
*
Ed
 1e-07 1 1 0
1  319 0 4.10861228661429 4.29779529374702
2  235 330 0 4.10861228661429 4.29779529374702
4 C0 330 0 301 0
0

0101000
+1103 0 -1105 0 *
Ve
1e-07
-31.4696435953899 -20.8333757259835 -0.01
0 0

0101101
*
Ed
 1e-07 1 1 0
1  320 0 4.00922245079329 4.10677735086611
2  236 331 0 4.00922245079329 4.10677735086611
4 C0 331 0 301 0
0

0101000
+1101 0 -1103 0 *
Ve
1e-07
-31.0230680590574 -20.092121094248 -0.01
0 0

0101101
*
Ed
 1e-07 1 1 0
1  321 0 -0.432604291488264 0.432778940796715
4 C0 332 0 301 0
0

0101000
+1099 0 -1101 0 *
Ed
 1e-07 1 1 0
1  322 0 4.13747268831634 4.32589906365214
2  237 333 0 4.13747268831634 4.32589906365214
4 C0 333 0 301 0
0

0101000
+1099 0 -1160 0 *
Wi

0101100
+1158 0 -1156 0 -1154 0 +1152 0 +1150 0 -1148 0 -1146 0 -1144 0 -1142 0 -1140 0 
-1138 0 -1136 0 -1134 0 -1132 0 -1130 0 -1128 0 -1126 0 -1124 0 -1122 0 -1120 0 
-1118 0 -1116 0 -1114 0 -1112 0 -1110 0 -1108 0 -1106 0 -1104 0 -1102 0 -1100 0 
-1098 0 +1097 0 *
Fa
0  1e-07 301 0

0111000
+1096 0 *
Ve
1e-07
33.8978154115386 -24.0986324210634 -0.01
0 0

0101101
*
Ve
1e-07
34.8488719278337 -24.4076494154383 -0.01
0 0

0101101
*
Ed
 1e-07 1 1 0
1  323 0 -0.499999999999998 0.499999999999934
4 C0 335 0 334 0
0

0101000
+1094 0 -1093 0 *
Ve
1e-07
34.2308379390838 -26.3097624480286 -0.01
0 0

0101101
*
Ed
 1e-07 1 1 0
1  324 0 -1.00000000000006 0.999999999999931
4 C0 336 0 334 0
0

0101000
+1093 0 -1091 0 *
Ve
1e-07
33.2797814227887 -26.0007454536537 -0.01
0 0

0101101
*
Ed
 1e-07 1 1 0
1  325 0 -0.499999999999998 0.499999999999934
4 C0 337 0 334 0
0

0101000
+1091 0 -1089 0 *
Ed
 1e-07 1 1 0
1  326 0 -1.00000000000003 0.999999999999968
4 C0 338 0 334 0
0

0101000
+1089 0 -1094 0 *
Wi

0101100
+1092 0 +1090 0 +1088 0 +1087 0 *
Fa
0  1e-07 334 0

0111000
+1086 0 *
Ve
1e-07
44.8229166666667 -0.598958333333331 -0.01
0 0

0101101
*
Ve
1e-07
44.8229166666667 -2 -0.01
0 0

0101101
*
Ed
 1e-07 1 1 0
1  327 0 -0.700520833333329 0.70052083333334
4 C0 340 0 339 0
0

0101000
+1084 0 -1083 0 *
Ve
0.000303256032853088
44.9218755918313 -0.598806707988199 -0.01
0 0

0101101
*
Ed
 1e-07 1 1 0
1  328 0 -0.049479758498002 0.0494791666666003
4 C0 341 0 339 0
0

0101000
+1081 0 -1084 0 *
Ve
0.000306413536670312
45.9713541666667 -0.526041666666664 -0.01
0 0

0101101
*
Ed
 1e-07 1 1 0
1  329 0 4.70848575272517 4.85387108695872
2  238 342 0 4.70848575272517 4.85387108695872
4 C0 342 0 339 0
0

0101000
+1081 0 -1079 0 *
Ve
1e-07
46.8411458333333 -0.226562499999997 -0.01
0 0

0101101
*
Ed
 1e-07 1 1 0
1  330 0 0 1
2  239 343 0 0 1
4 C0 343 0 339 0
0

0101000
+1077 0 -1079 0 *
Ve
1e-07
47.4348958333333 0.44791666666667 -0.01
0 0

0101101
*
Ed
 1e-07 1 1 0
1  331 0 0 1
2  240 344 0 0 1
4 C0 344 0 339 0
0

0101000
+1075 0 -1077 0 *
Ve
1e-07
47.65625 1.63020833333333 -0.01
0 0

0101101
*
Ed
 1e-07 1 1 0
1  332 0 0 1
2  241 345 0 0 1
4 C0 345 0 339 0
0

0101000
+1073 0 -1075 0 *
Ve
0.000672103956442823
47.6559139548002 8.66145984896941 -0.01
0 0

0101101
*
Ed
 1e-07 1 1 0
1  333 0 -3.51562651563607 3.51562500000001
4 C0 346 0 339 0
0

0101000
+1071 0 -1073 0 *
Ve
0.000645922248367915
47.453125 10.7109375 -0.01
0 0

0101101
*
Ed
 1e-07 1 1 0
1  334 0 6.27867512286156 6.4839981640748
2  242 347 0 6.27867512286156 6.4839981640748
4 C0 347 0 339 0
0

0101000
+1071 0 -1069 0 *
Ve
0.000243293619786868
46.7760416666667 12.4375 -0.01
0 0

0101101
*
Ed
 1e-07 1 1 0
1  335 0 0 1
2  243 348 0 0 1
4 C0 348 0 339 0
0

0101000
+1067 0 -1069 0 *
Ve
0.000303637317160746
45.5286458333333 13.625 -0.01
0 0

0101101
*
Ed
 1e-07 1 1 0
1  336 0 0.559791467803799 1.06026069233709
2  244 349 0 0.559791467803799 1.06026069233709
4 C0 349 0 339 0
0

0101000
+1067 0 -1065 0 *
Ve
1e-07
43.6197916666667 14.0625 -0.01
0 0

0101101
*
Ed
 1e-07 1 1 0
1  337 0 0 1
2  245 350 0 0 1
4 C0 350 0 339 0
0

0101000
+1063 0 -1065 0 *
Ve
1e-07
41.9088541666667 13.7630208333333 -0.01
0 0

0101101
*
Ed
 1e-07 1 1 0
1  338 0 0 1
2  246 351 0 0 1
4 C0 351 0 339 0
0

0101000
+1061 0 -1063 0 *
Ve
1e-07
40.7786458333333 12.8776041666667 -0.01
0 0

0101101
*
Ed
 1e-07 1 1 0
1  339 0 0 1
2  247 352 0 0 1
4 C0 352 0 339 0
0

0101000
+1059 0 -1061 0 *
Ve
1e-07
40.1536458333333 11.4453125 -0.01
0 0

0101101
*
Ed
 1e-07 1 1 0
1  340 0 0 1
2  248 353 0 0 1
4 C0 353 0 339 0
0

0101000
+1057 0 -1059 0 *
Ve
1e-07
39.9583333333334 9.50520833333333 -0.01
0 0

0101101
*
Ed
 1e-07 1 1 0
1  341 0 0 1
2  249 354 0 0 1
4 C0 354 0 339 0
0

0101000
+1055 0 -1057 0 *
Ve
1e-07
39.9583333333334 -2 -0.01
0 0

0101101
*
Ed
 1e-07 1 1 0
1  342 0 -5.75260416666667 5.75260416666666
4 C0 355 0 339 0
0

0101000
+1053 0 -1055 0 *
Ve
1e-07
34.1458333333333 -2 -0.01
0 0

0101101
*
Ed
 1e-07 1 1 0
1  343 0 -2.90625 2.9062500000001
4 C0 356 0 339 0
0

0101000
+1051 0 -1053 0 *
Ve
1e-07
34.1458333333333 -0.598958333333331 -0.01
0 0

0101101
*
Ed
 1e-07 1 1 0
1  344 0 -0.700520833333329 0.70052083333334
4 C0 357 0 339 0
0

0101000
+1049 0 -1051 0 *
Ve
0.000521498774018775
34.2604184311619 -0.598697592524097 -0.01
0 0

0101101
*
Ed
 1e-07 1 1 0
1  345 0 -0.0572934311618951 0.0572916666666998
4 C0 358 0 339 0
0

0101000
+1047 0 -1049 0 *
Ve
0.000539286716797763
35.2838541666667 -0.518229166666664 -0.01
0 0

0101101
*
Ed
 1e-07 1 1 0
1  346 0 4.70562184538057 4.87453176334079
2  250 359 0 4.70562184538057 4.87453176334079
4 C0 359 0 339 0
0

0101000
+1047 0 -1045 0 *
Ve
1e-07
36.0989583333333 -0.184895833333331 -0.01
0 0

0101101
*
Ed
 1e-07 1 1 0
1  347 0 0 1
2  251 360 0 0 1
4 C0 360 0 339 0
0

0101000
+1043 0 -1045 0 *
Ve
1e-07
36.6276041666667 0.5390625 -0.01
0 0

0101101
*
Ed
 1e-07 1 1 0
1  348 0 0 1
2  252 361 0 0 1
4 C0 361 0 339 0
0

0101000
+1041 0 -1043 0 *
Ve
1e-07
36.8125 1.79166666666667 -0.01
0 0

0101101
*
Ed
 1e-07 1 1 0
1  349 0 0 1
2  253 362 0 0 1
4 C0 362 0 339 0
0

0101000
+1039 0 -1041 0 *
Ve
1e-07
36.8125 9.671875 -0.01
0 0

0101101
*
Ed
 1e-07 1 1 0
1  350 0 -3.94010416666666 3.94010416666667
4 C0 363 0 339 0
0

0101000
+1037 0 -1039 0 *
Ve
1e-07
37.1953125 12.6171875 -0.01
0 0

0101101
*
Ed
 1e-07 1 1 0
1  351 0 0 1
2  254 364 0 0 1
4 C0 364 0 339 0
0

0101000
+1035 0 -1037 0 *
Ve
0.000362321879124037
38.3020833333333 14.6432291666667 -0.01
0 0

0101101
*
Ed
 1e-07 1 1 0
1  352 0 0 1
2  255 365 0 0 1
4 C0 365 0 339 0
0

0101000
+1033 0 -1035 0 *
Ve
0.000949725726399334
40.0598958333334 15.8151041666666 -0.01
0 0

0101101
*
Ed
 1e-07 1 1 0
1  353 0 1.91779637539736 2.39859511623162
2  256 366 0 1.91779637539736 2.39859511623162
4 C0 366 0 339 0
0

0101000
+1031 0 -1033 0 *
Ve
0.000483278668875034
42.4114583333334 16.1979166666666 -0.01
0 0

0101101
*
Ed
 1e-07 1 1 0
1  354 0 0 1
2  257 367 0 0 1
4 C0 367 0 339 0
0

0101000
+1029 0 -1031 0 *
Ve
0.000482015919449306
43.9375235768374 16.0756669328709 -0.01
0 0

0101101
*
Ed
 1e-07 1 1 0
1  355 0 1.40768946299965 1.57509294336641
2  258 368 0 1.40768946299965 1.57509294336641
4 C0 368 0 339 0
0

0101000
+1027 0 -1029 0 *
Ve
7.47709739571406e-05
45.3046875 15.6197916666666 -0.01
0 0

0101101
*
Ed
 1e-07 1 1 0
1  356 0 1.09291612351151 1.40553311919036
2  259 369 0 1.09291612351151 1.40553311919036
4 C0 369 0 339 0
0

0101000
+1025 0 -1027 0 *
Ve
1e-07
46.5234375 14.6927083333333 -0.01
0 0

0101101
*
Ed
 1e-07 1 1 0
1  357 0 0 1
2  260 370 0 0 1
4 C0 370 0 339 0
0

0101000
+1023 0 -1025 0 *
Ve
1e-07
47.6197916666667 13.171875 -0.01
0 0

0101101
*
Ed
 1e-07 1 1 0
1  358 0 0 1
2  261 371 0 0 1
4 C0 371 0 339 0
0

0101000
+1021 0 -1023 0 *
Ve
1e-07
47.7864583333333 13.171875 -0.01
0 0

0101101
*
Ed
 1e-07 1 1 0
1  359 0 -0.0833333333333002 0.0833333333333002
4 C0 372 0 339 0
0

0101000
+1019 0 -1021 0 *
Ve
1e-07
48.2239583333333 15.8697916666667 -0.01
0 0

0101101
*
Ed
 1e-07 1 1 0
1  360 0 -1.36657972602026 1.36657972602017
4 C0 373 0 339 0
0

0101000
+1017 0 -1019 0 *
Ve
1e-07
53.609375 15.8697916666667 -0.01
0 0

0101101
*
Ed
 1e-07 1 1 0
1  361 0 -2.6927083333333 2.6927083333334
4 C0 374 0 339 0
0

0101000
+1015 0 -1017 0 *
Ve
1e-07
53.609375 14.4739583333333 -0.01
0 0

0101101
*
Ed
 1e-07 1 1 0
1  362 0 -0.6979166666667 0.697916666666698
4 C0 375 0 339 0
0

0101000
+1013 0 -1015 0 *
Ve
0.000391166963727308
53.5156240205257 14.4737627542599 -0.01
0 0

0101101
*
Ed
 1e-07 1 1 0
1  363 0 -0.0468759794743008 0.046875
4 C0 376 0 339 0
0

0101000
+1011 0 -1013 0 *
Ve
0.000395205839532483
52.4635416666667 14.390625 -0.01
0 0

0101101
*
Ed
 1e-07 1 1 0
1  364 0 1.5657882957219 1.73240510974462
2  262 377 0 1.5657882957219 1.73240510974462
4 C0 377 0 339 0
0

0101000
+1011 0 -1009 0 *
Ve
1e-07
51.59375 14.0651041666667 -0.01
0 0

0101101
*
Ed
 1e-07 1 1 0
1  365 0 0 1
2  263 378 0 0 1
4 C0 378 0 339 0
0

0101000
+1007 0 -1009 0 *
Ve
1e-07
51 13.375 -0.01
0 0

0101101
*
Ed
 1e-07 1 1 0
1  366 0 0 1
2  264 379 0 0 1
4 C0 379 0 339 0
0

0101000
+1005 0 -1007 0 *
Ve
1e-07
50.78125 12.1927083333333 -0.01
0 0

0101101
*
Ed
 1e-07 1 1 0
1  367 0 0 1
2  265 380 0 0 1
4 C0 380 0 339 0
0

0101000
+1003 0 -1005 0 *
Ve
1e-07
50.78125 1.79166666666667 -0.01
0 0

0101101
*
Ed
 1e-07 1 1 0
1  368 0 -5.20052083333333 5.2005208333333
4 C0 381 0 339 0
0

0101000
+1001 0 -1003 0 *
Ve
1e-07
51 0.5390625 -0.01
0 0

0101101
*
Ed
 1e-07 1 1 0
1  369 0 0 1
2  266 382 0 0 1
4 C0 382 0 339 0
0

0101000
+999 0 -1001 0 *
Ve
1e-07
51.5859375 -0.184895833333331 -0.01
0 0

0101101
*
Ed
 1e-07 1 1 0
1  370 0 0 1
2  267 383 0 0 1
4 C0 383 0 339 0
0

0101000
+997 0 -999 0 *
Ve
0.000497602791804993
52.4479166666667 -0.518229166666664 -0.01
0 0

0101101
*
Ed
 1e-07 1 1 0
1  371 0 0 1
2  268 384 0 0 1
4 C0 384 0 339 0
0

0101000
+995 0 -997 0 *
Ve
0.000482918064978955
53.5156235450473 -0.598716881099011 -0.00999975000000001
0 0

0101101
*
Ed
 1e-07 1 1 0
1  372 0 4.557256376575 4.71841474801543
2  269 385 0 4.557256376575 4.71841474801543
4 C0 385 0 339 0
0

0101000
+995 0 -993 0 *
Ve
1e-07
53.7916666666667 -0.598958333333331 -0.01
0 0

0101101
*
Ed
 1e-07 1 1 0
1  373 0 -0.1380208333334 0.138022288286002
4 C0 386 0 339 0
0

0101000
+991 0 -993 0 *
Ve
1e-07
53.7916666666667 -2 -0.01
0 0

0101101
*
Ed
 1e-07 1 1 0
1  374 0 -0.70052083333334 0.700520833333329
4 C0 387 0 339 0
0

0101000
+989 0 -991 0 *
Ed
 1e-07 1 1 0
1  375 0 -4.484375 4.484375
4 C0 388 0 339 0
0

0101000
+1083 0 -989 0 *
Wi

0101100
-1082 0 -1080 0 +1078 0 -1076 0 -1074 0 -1072 0 -1070 0 +1068 0 -1066 0 +1064 0 
-1062 0 -1060 0 -1058 0 -1056 0 -1054 0 -1052 0 -1050 0 -1048 0 -1046 0 +1044 0 
-1042 0 -1040 0 -1038 0 -1036 0 -1034 0 -1032 0 -1030 0 -1028 0 -1026 0 -1024 0 
-1022 0 -1020 0 -1018 0 -1016 0 -1014 0 -1012 0 -1010 0 +1008 0 -1006 0 -1004 0 
-1002 0 -1000 0 -998 0 -996 0 -994 0 +992 0 -990 0 -988 0 -987 0 *
Fa
0  1e-07 339 0

0111000
+986 0 *
Ve
0.000593505773164031
-20.5230034722222 -22.19140625 -0.01
0 0

0101101
*
Ve
1e-07
-19.1375868055555 -21.7964409722222 -0.01
0 0

0101101
*
Ed
 1e-07 1 1 0
1  376 0 0 1
2  270 390 0 0 1
4 C0 390 0 389 0
0

0101000
+984 0 -983 0 *
Ve
0.000587968798876965
-21.4967729923025 -22.0821542674665 -0.01
0 0

0101101
*
Ed
 1e-07 1 1 0
1  377 0 4.4828645306503 4.72059673234394
2  271 391 0 4.4828645306503 4.72059673234394
4 C0 391 0 389 0
0

0101000
+981 0 -984 0 *
Ve
0.000335113730627696
-22.3322528545999 -21.8010086867813 -0.01
0 0

0101101
*
Ed
 1e-07 1 1 0
1  378 0 4.2976205339891 4.47972225853481
2  272 392 0 4.2976205339891 4.47972225853481
4 C0 392 0 389 0
0

0101000
+979 0 -981 0 *
Ve
0.000319775697049622
-23.0295489636554 -21.4258365259472 -0.01
0 0

0101101
*
Ed
 1e-07 1 1 0
1  379 0 4.14138096498492 4.29762581252858
2  273 393 0 4.14138096498492 4.29762581252858
4 C0 393 0 389 0
0

0101000
+977 0 -979 0 *
Ve
1e-07
-23.5916780968044 -21.0309943287073 -0.01
0 0

0101101
*
Ed
 1e-07 1 1 0
1  380 0 4.06155509111551 4.13928652473148
2  274 394 0 4.06155509111551 4.13928652473148
4 C0 394 0 389 0
0

0101000
+975 0 -977 0 *
Ve
1e-07
-23.1630986361073 -20.2528642445557 -0.01
0 0

0101101
*
Ed
 1e-07 1 1 0
1  381 0 -0.444172782703537 0.444177813622706
4 C0 395 0 389 0
0

0101000
+973 0 -975 0 *
Ve
0.000216400991773833
-22.6072171539972 -20.5416925303089 -0.01
0 0

0101101
*
Ed
 1e-07 1 1 0
1  382 0 4.19778996905687 4.26800204964319
2  275 396 0 4.19778996905687 4.26800204964319
4 C0 396 0 389 0
0

0101000
+973 0 -971 0 *
Ve
0.000584064709316667
-22.0815896245702 -20.6598840808895 -0.01
0 0

0101101
*
Ed
 1e-07 1 1 0
1  383 0 4.26785269872813 4.71275829438745
2  276 397 0 4.26785269872813 4.71275829438745
4 C0 397 0 389 0
0

0101000
+971 0 -969 0 *
Ve
0.000571365865413222
-21.587890625 -20.4231770833334 -0.01
0 0

0101101
*
Ed
 1e-07 1 1 0
1  384 0 4.68725683936475 5.63252103585999
2  277 398 0 4.68725683936475 5.63252103585999
4 C0 398 0 389 0
0

0101000
+969 0 -967 0 *
Ve
0.000537016426030871
-21.3980034722222 -19.703125 -0.01
0 0

0101101
*
Ed
 1e-07 1 1 0
1  385 0 0 1
2  278 399 0 0 1
4 C0 399 0 389 0
0

0101000
+965 0 -967 0 *
Ve
0.000463091670356798
-21.4361932925298 -19.2322378927153 -0.01
0 0

0101101
*
Ed
 1e-07 1 1 0
1  386 0 0.0179094793143342 0.147256958295831
2  279 400 0 0.0179094793143342 0.147256958295831
4 C0 400 0 389 0
0

0101000
+965 0 -963 0 *
Ve
5.62002863852164e-05
-21.5256353303005 -18.6534335935078 -0.01
0 0

0101101
*
Ed
 1e-07 1 1 0
1  387 0 0.135843109483074 0.171651256701295
2  280 401 0 0.135843109483074 0.171651256701295
4 C0 401 0 389 0
0

0101000
+963 0 -961 0 *
Ve
5.86010183863769e-05
-21.6349705381903 -18.0883220601106 -0.01
0 0

0101101
*
Ed
 1e-07 1 1 0
1  388 0 0.169600033619003 0.212370078703601
2  281 402 0 0.169600033619003 0.212370078703601
4 C0 402 0 389 0
0

0101000
+961 0 -959 0 *
Ve
4.11747781920776e-05
-21.7291465806247 -17.6614538185373 -0.00999975000010437
0 0

0101101
*
Ed
 1e-07 1 1 0
1  389 0 0.212880997607012 0.221098189328249
2  282 403 0 0.212880997607012 0.221098189328249
4 C0 403 0 389 0
0

0101000
+959 0 -957 0 *
Ve
1e-07
-23.0112847222222 -11.5941840277778 -0.01
0 0

0101101
*
Ed
 1e-07 1 1 0
1  390 0 -3.10063075063915 3.10063048620438
4 C0 404 0 389 0
0

0101000
+955 0 -957 0 *
Ve
1e-07
-21.9752604166666 -11.5941840277778 -0.01
0 0

0101101
*
Ed
 1e-07 1 1 0
1  391 0 -0.518012152777899 0.5180121527777
4 C0 405 0 389 0
0

0101000
+953 0 -955 0 *
Ve
1e-07
-20.9520855929504 -12.0587114699991 -0.01
0 0

0101101
*
Ed
 1e-07 1 1 0
1  392 0 -0.561460925290732 0.562226070479594
4 C0 406 0 389 0
0

0101000
+951 0 -953 0 *
Ve
0.000549712787590064
-20.415082119603 -11.8161597673921 -0.01
0 0

0101101
*
Ed
 1e-07 1 1 0
1  393 0 1.91610042376459 2.07279825919428
2  283 407 0 1.91610042376459 2.07279825919428
4 C0 407 0 389 0
0

0101000
+949 0 -951 0 *
Ve
0.00014855825006564
-19.7361055113264 -11.6033206942666 -0.01
0 0

0101101
*
Ed
 1e-07 1 1 0
1  394 0 1.8228259307675 1.92496553656305
2  284 408 0 1.8228259307675 1.92496553656305
4 C0 408 0 389 0
0

0101000
+947 0 -949 0 *
Ve
0.000126607040702317
-18.981109922452 -11.446894128291 -0.01
0 0

0101101
*
Ed
 1e-07 1 1 0
1  395 0 1.72598867931923 1.82377358891062
2  285 409 0 1.72598867931923 1.82377358891062
4 C0 409 0 389 0
0

0101000
+945 0 -947 0 *
Ve
0.000121300283804913
-18.2078993055555 -11.3845486111111 -0.01
0 0

0101101
*
Ed
 1e-07 1 1 0
1  396 0 1.57291710187276 1.730065894801
2  286 410 0 1.57291710187276 1.730065894801
4 C0 410 0 389 0
0

0101000
+943 0 -945 0 *
Ve
0.000377623280058558
-16.3849826388889 -11.7126736111111 -0.01
0 0

0101101
*
Ed
 1e-07 1 1 0
1  397 0 0 1
2  287 411 0 0 1
4 C0 411 0 389 0
0

0101000
+941 0 -943 0 *
Ve
0.000250498210412525
-14.8703639654141 -12.5906143984389 -0.01
0 0

0101101
*
Ed
 1e-07 1 1 0
1  398 0 0.891589603248168 1.19993483685559
2  288 412 0 0.891589603248168 1.19993483685559
4 C0 412 0 389 0
0

0101000
+939 0 -941 0 *
Ve
0.000317348668608383
-13.6735238776289 -13.8729211576251 -0.01
0 0

0101101
*
Ed
 1e-07 1 1 0
1  399 0 0.612950829201271 0.888630574587815
2  289 413 0 0.612950829201271 0.888630574587815
4 C0 413 0 389 0
0

0101000
+937 0 -939 0 *
Ve
0.000275745067390829
-12.8045362416402 -15.4117042849628 -0.01
0 0

0101101
*
Ed
 1e-07 1 1 0
1  400 0 0.411228564663497 0.617168421134541
2  290 414 0 0.411228564663497 0.617168421134541
4 C0 414 0 389 0
0

0101000
+935 0 -937 0 *
Ve
0.000799246752773997
-12.2776151234908 -17.0493222367169 -0.01
0 0

0101101
*
Ed
 1e-07 1 1 0
1  401 0 0.210802165572801 0.412635222909564
2  291 415 0 0.210802165572801 0.412635222909564
4 C0 415 0 389 0
0

0101000
+933 0 -935 0 *
Ve
0.00079785166882812
-12.1011284722222 -18.6397569444444 -0.01
0 0

0101101
*
Ed
 1e-07 1 1 0
1  402 0 0.00693743262286617 0.215733137797248
2  292 416 0 0.00693743262286617 0.215733137797248
4 C0 416 0 389 0
0

0101000
+931 0 -933 0 *
Ve
1e-07
-12.27734375 -20.0494791666667 -0.01
0 0

0101101
*
Ed
 1e-07 1 1 0
1  403 0 0 1
2  293 417 0 0 1
4 C0 417 0 389 0
0

0101000
+929 0 -931 0 *
Ve
0.000105895211164943
-12.7999131944444 -21.1736111111111 -0.01
0 0

0101101
*
Ed
 1e-07 1 1 0
1  404 0 0 1
2  294 418 0 0 1
4 C0 418 0 389 0
0

0101000
+927 0 -929 0 *
Ve
0.00018872814458834
-13.6688368055556 -21.9194878472223 -0.01
0 0

0101101
*
Ed
 1e-07 1 1 0
1  405 0 5.18843682360376 5.65489178046039
2  295 419 0 5.18843682360376 5.65489178046039
4 C0 419 0 389 0
0

0101000
+925 0 -927 0 *
Ve
1e-07
-14.8841145833333 -22.19140625 -0.01
0 0

0101101
*
Ed
 1e-07 1 1 0
1  406 0 0 1
2  296 420 0 0 1
4 C0 420 0 389 0
0

0101000
+923 0 -925 0 *
Ve
0.000104056171767726
-16.1312934027778 -22.0060763888889 -0.01
0 0

0101101
*
Ed
 1e-07 1 1 0
1  407 0 0 1
2  297 421 0 0 1
4 C0 421 0 389 0
0

0101000
+921 0 -923 0 *
Ve
2.21006597850858e-05
-17.1050347222222 -21.4637586805555 -0.01
0 0

0101101
*
Ed
 1e-07 1 1 0
1  408 0 4.0270294585171 4.38157816620096
2  298 422 0 4.0270294585171 4.38157816620096
4 C0 422 0 389 0
0

0101000
+919 0 -921 0 *
Ve
0.000569951796659429
-17.8980034722222 -20.5796440972223 -0.01
0 0

0101101
*
Ed
 1e-07 1 1 0
1  409 0 0 1
2  299 423 0 0 1
4 C0 423 0 389 0
0

0101000
+917 0 -919 0 *
Ve
1e-07
-18.6144143548989 -19.3780381944444 -0.01
0 0

0101101
*
Ed
 1e-07 1 1 0
1  410 0 3.62868029990498 3.72894912307659
2  300 424 0 3.62868029990498 3.72894912307659
4 C0 424 0 389 0
0

0101000
+915 0 -917 0 *
Ve
0.000377311812111455
-18.7486979166667 -19.3780381944444 -0.01
0 0

0101101
*
Ed
 1e-07 1 1 0
1  411 0 -0.0668402777777999 0.0674432839899985
4 C0 425 0 389 0
0

0101000
+913 0 -915 0 *
Ve
0.000411898297646001
-18.643675533455 -20.0479370850286 -0.01
0 0

0101101
*
Ed
 1e-07 1 1 0
1  412 0 0.108356277495093 0.204354311390168
2  301 426 0 0.108356277495093 0.204354311390168
4 C0 426 0 389 0
0

0101000
+911 0 -913 0 *
Ve
5.18042039163743e-05
-18.6150173611111 -20.6419270833334 -0.01
0 0

0101101
*
Ed
 1e-07 1 1 0
1  413 0 6.28198491698503 6.38115058825686
2  302 427 0 6.28198491698503 6.38115058825686
4 C0 427 0 389 0
0

0101000
+909 0 -911 0 *
Ed
 1e-07 1 1 0
1  414 0 0 1
2  303 428 0 0 1
4 C0 428 0 389 0
0

0101000
+983 0 -909 0 *
Wi

0101100
-982 0 -980 0 -978 0 -976 0 -974 0 -972 0 +970 0 +968 0 +966 0 -964 0 
+962 0 +960 0 +958 0 +956 0 -954 0 -952 0 -950 0 -948 0 -946 0 -944 0 
-942 0 -940 0 -938 0 -936 0 -934 0 -932 0 -930 0 -928 0 -926 0 -924 0 
-922 0 -920 0 -918 0 -916 0 -914 0 -912 0 -910 0 -908 0 -907 0 *
Ve
0.00076306732742833
-15.0542534722222 -18.6579861111111 -0.01
0 0

0101101
*
Ve
1e-07
-15.134765625 -19.5967881944444 -0.01
0 0

0101101
*
Ed
 1e-07 1 1 0
1  415 0 0 1
2  304 429 0 0 1
4 C0 429 0 389 0
0

0101000
+905 0 -904 0 *
Ve
0.000712856479827521
-15.1501950655396 -17.4624939808234 -0.01
0 0

0101101
*
Ed
 1e-07 1 1 0
1  416 0 0.00930615142827118 0.152909582704537
2  305 430 0 0.00930615142827118 0.152909582704537
4 C0 430 0 389 0
0

0101000
+905 0 -902 0 *
Ve
0.000233270190460648
-15.4402161482141 -16.1332791440033 -0.01
0 0

0101101
*
Ed
 1e-07 1 1 0
1  417 0 0.147474812068872 0.283033730935267
2  306 431 0 0.147474812068872 0.283033730935267
4 C0 431 0 389 0
0

0101000
+902 0 -900 0 *
Ve
0.000652861068119049
-15.9234442307154 -14.8315005683604 -0.01
0 0

0101101
*
Ed
 1e-07 1 1 0
1  418 0 0.279851532207264 0.430567105597291
2  307 432 0 0.279851532207264 0.430567105597291
4 C0 432 0 389 0
0

0101000
+900 0 -898 0 *
Ve
0.000641961184927065
-16.5915798611111 -13.7102864583333 -0.01
0 0

0101101
*
Ed
 1e-07 1 1 0
1  419 0 0.424362624155173 0.648916074664434
2  308 433 0 0.424362624155173 0.648916074664434
4 C0 433 0 389 0
0

0101000
+898 0 -896 0 *
Ve
8.25352472917551e-05
-17.4422743055556 -12.9233940972222 -0.01
0 0

0101101
*
Ed
 1e-07 1 1 0
1  420 0 0 1
2  309 434 0 0 1
4 C0 434 0 389 0
0

0101000
+894 0 -896 0 *
Ve
0.000580775236440933
-18.4813341754857 -12.6304987996414 -0.01
0 0

0101101
*
Ed
 1e-07 1 1 0
1  421 0 1.01216071303644 1.58058349099576
2  310 435 0 1.01216071303644 1.58058349099576
4 C0 435 0 389 0
0

0101000
+894 0 -892 0 *
Ve
0.00023692130299782
-19.1983506944444 -12.7623697916667 -0.01
0 0

0101101
*
Ed
 1e-07 1 1 0
1  422 0 1.56394405069128 1.94066952184557
2  311 436 0 1.56394405069128 1.94066952184557
4 C0 436 0 389 0
0

0101000
+892 0 -890 0 *
Ve
1e-07
-19.7269965277778 -13.1710069444444 -0.01
0 0

0101101
*
Ed
 1e-07 1 1 0
1  423 0 0 1
2  312 437 0 0 1
4 C0 437 0 389 0
0

0101000
+888 0 -890 0 *
Ve
0.000230422892837769
-19.0435155517385 -16.3975930123403 -0.01
0 0

0101101
*
Ed
 1e-07 1 1 0
1  424 0 -1.6490907940668 1.64909111190417
4 C0 438 0 389 0
0

0101000
+886 0 -888 0 *
Ve
0.00078892905209483
-18.5630038336632 -17.9347443571675 -0.01
0 0

0101101
*
Ed
 1e-07 1 1 0
1  425 0 3.34761107355138 3.54149624948786
2  313 439 0 3.34761107355138 3.54149624948786
4 C0 439 0 389 0
0

0101000
+886 0 -884 0 *
Ve
0.000805766607139447
-17.8463541666667 -19.2975260416666 -0.01
0 0

0101101
*
Ed
 1e-07 1 1 0
1  426 0 3.5323548259821 3.71753992260711
2  314 440 0 3.5323548259821 3.71753992260711
4 C0 440 0 389 0
0

0101000
+884 0 -882 0 *
Ve
1e-07
-16.9926215277778 -20.2712673611111 -0.01
0 0

0101101
*
Ed
 1e-07 1 1 0
1  427 0 0 1
2  315 441 0 0 1
4 C0 441 0 389 0
0

0101000
+880 0 -882 0 *
Ve
0.000250184690707622
-16.1085069444444 -20.6419270833334 -0.01
0 0

0101101
*
Ed
 1e-07 1 1 0
1  428 0 0 1
2  316 442 0 0 1
4 C0 442 0 389 0
0

0101000
+878 0 -880 0 *
Ve
0.000129312393719226
-15.6861979166667 -20.5416666666666 -0.01
0 0

0101101
*
Ed
 1e-07 1 1 0
1  429 0 4.70309810543795 5.186171333672
2  317 443 0 4.70309810543795 5.186171333672
4 C0 443 0 389 0
0

0101000
+878 0 -876 0 *
Ve
1e-07
-15.353515625 -20.208984375 -0.01
0 0

0101101
*
Ed
 1e-07 1 1 0
1  430 0 0 1
2  318 444 0 0 1
4 C0 444 0 389 0
0

0101000
+874 0 -876 0 *
Ed
 1e-07 1 1 0
1  431 0 0 1
2  319 445 0 0 1
4 C0 445 0 389 0
0

0101000
+904 0 -874 0 *
Wi

0101100
-903 0 +901 0 +899 0 +897 0 +895 0 -893 0 +891 0 +889 0 -887 0 -885 0 
+883 0 +881 0 -879 0 -877 0 +875 0 -873 0 -872 0 *
Fa
0  1e-07 389 0

0111000
+906 0 +871 0 *
Ve
1e-07
31.825262350432 -23.0777164547985 -0.01
0 0

0101101
*
Ve
1e-07
32.6238978604793 -23.6795314779505 -0.01
0 0

0101101
*
Ed
 1e-07 1 1 0
1  432 0 -0.499999999999948 0.500000000000024
4 C0 447 0 446 0
0

0101000
+869 0 -868 0 *
Ve
1e-07
31.4202678141752 -25.2768024980451 -0.01
0 0

0101101
*
Ed
 1e-07 1 1 0
1  433 0 -1.00000000000003 0.99999999999998
4 C0 448 0 446 0
0

0101000
+868 0 -866 0 *
Ve
1e-07
30.6216323041279 -24.6749874748931 -0.01
0 0

0101101
*
Ed
 1e-07 1 1 0
1  434 0 -0.49999999999995 0.500000000000027
4 C0 449 0 446 0
0

0101000
+866 0 -864 0 *
Ed
 1e-07 1 1 0
1  435 0 -1.00000000000006 0.99999999999996
4 C0 450 0 446 0
0

0101000
+864 0 -869 0 *
Wi

0101100
+867 0 +865 0 +863 0 +862 0 *
Fa
0  1e-07 446 0

0111000
+861 0 *
Ve
1e-07
66.3229166666667 -0.598958333333331 -0.01
0 0

0101101
*
Ve
1e-07
66.3229166666667 -2 -0.01
0 0

0101101
*
Ed
 1e-07 1 1 0
1  436 0 -0.700520833333329 0.70052083333334
4 C0 452 0 451 0
0

0101000
+859 0 -858 0 *
Ve
0.000303256013226546
66.4218755918312 -0.59880670799801 -0.01
0 0

0101101
*
Ed
 1e-07 1 1 0
1  437 0 -0.049479758497796 0.0494791666666998
4 C0 453 0 451 0
0

0101000
+856 0 -859 0 *
Ve
0.000306413555767489
67.4713541666667 -0.526041666666664 -0.01
0 0

0101101
*
Ed
 1e-07 1 1 0
1  438 0 4.70848575284201 4.85387108684287
2  320 454 0 4.70848575284201 4.85387108684287
4 C0 454 0 451 0
0

0101000
+856 0 -854 0 *
Ve
1e-07
68.3411458333333 -0.226562499999997 -0.01
0 0

0101101
*
Ed
 1e-07 1 1 0
1  439 0 0 1
2  321 455 0 0 1
4 C0 455 0 451 0
0

0101000
+852 0 -854 0 *
Ve
1e-07
68.9348958333333 0.44791666666667 -0.01
0 0

0101101
*
Ed
 1e-07 1 1 0
1  440 0 0 1
2  322 456 0 0 1
4 C0 456 0 451 0
0

0101000
+850 0 -852 0 *
Ve
1e-07
69.15625 1.63020833333333 -0.01
0 0

0101101
*
Ed
 1e-07 1 1 0
1  441 0 0 1
2  323 457 0 0 1
4 C0 457 0 451 0
0

0101000
+848 0 -850 0 *
Ve
0.000672103956442807
69.1559139548002 8.66145984896941 -0.01
0 0

0101101
*
Ed
 1e-07 1 1 0
1  442 0 -3.51562651563607 3.51562500000001
4 C0 458 0 451 0
0

0101000
+846 0 -848 0 *
Ve
0.000645922248374523
68.953125 10.7109375 -0.01
0 0

0101101
*
Ed
 1e-07 1 1 0
1  443 0 6.27867512286154 6.48399816407481
2  324 459 0 6.27867512286154 6.48399816407481
4 C0 459 0 451 0
0

0101000
+846 0 -844 0 *
Ve
0.000243293619802683
68.2760416666667 12.4375 -0.01
0 0

0101101
*
Ed
 1e-07 1 1 0
1  444 0 0 1
2  325 460 0 0 1
4 C0 460 0 451 0
0

0101000
+842 0 -844 0 *
Ve
0.000303637317203709
67.0286458333333 13.625 -0.01
0 0

0101101
*
Ed
 1e-07 1 1 0
1  445 0 0.559791467803832 1.06026069233709
2  326 461 0 0.559791467803832 1.06026069233709
4 C0 461 0 451 0
0

0101000
+842 0 -840 0 *
Ve
1e-07
65.1197916666667 14.0625 -0.01
0 0

0101101
*
Ed
 1e-07 1 1 0
1  446 0 0 1
2  327 462 0 0 1
4 C0 462 0 451 0
0

0101000
+838 0 -840 0 *
Ve
1e-07
63.4088541666667 13.7630208333333 -0.01
0 0

0101101
*
Ed
 1e-07 1 1 0
1  447 0 0 1
2  328 463 0 0 1
4 C0 463 0 451 0
0

0101000
+836 0 -838 0 *
Ve
1e-07
62.2786458333333 12.8776041666667 -0.01
0 0

0101101
*
Ed
 1e-07 1 1 0
1  448 0 0 1
2  329 464 0 0 1
4 C0 464 0 451 0
0

0101000
+834 0 -836 0 *
Ve
1e-07
61.6536458333333 11.4453125 -0.01
0 0

0101101
*
Ed
 1e-07 1 1 0
1  449 0 0 1
2  330 465 0 0 1
4 C0 465 0 451 0
0

0101000
+832 0 -834 0 *
Ve
1e-07
61.4583333333333 9.50520833333333 -0.01
0 0

0101101
*
Ed
 1e-07 1 1 0
1  450 0 0 1
2  331 466 0 0 1
4 C0 466 0 451 0
0

0101000
+830 0 -832 0 *
Ve
1e-07
61.4583333333333 -2 -0.01
0 0

0101101
*
Ed
 1e-07 1 1 0
1  451 0 -5.75260416666667 5.75260416666666
4 C0 467 0 451 0
0

0101000
+828 0 -830 0 *
Ve
1e-07
55.6458333333333 -2 -0.01
0 0

0101101
*
Ed
 1e-07 1 1 0
1  452 0 -2.90625 2.90625
4 C0 468 0 451 0
0

0101000
+826 0 -828 0 *
Ve
1e-07
55.6458333333333 -0.598958333333331 -0.01
0 0

0101101
*
Ed
 1e-07 1 1 0
1  453 0 -0.700520833333329 0.70052083333334
4 C0 469 0 451 0
0

0101000
+824 0 -826 0 *
Ve
0.000521498774029433
55.7604184311619 -0.598697592524097 -0.01
0 0

0101101
*
Ed
 1e-07 1 1 0
1  454 0 -0.0572934311618951 0.0572916666666998
4 C0 470 0 451 0
0

0101000
+822 0 -824 0 *
Ve
0.000539286716789874
56.7838541666667 -0.518229166666664 -0.01
0 0

0101101
*
Ed
 1e-07 1 1 0
1  455 0 4.70562184538057 4.87453176334078
2  332 471 0 4.70562184538057 4.87453176334078
4 C0 471 0 451 0
0

0101000
+822 0 -820 0 *
Ve
1e-07
57.5989583333333 -0.184895833333331 -0.01
0 0

0101101
*
Ed
 1e-07 1 1 0
1  456 0 0 1
2  333 472 0 0 1
4 C0 472 0 451 0
0

0101000
+818 0 -820 0 *
Ve
1e-07
58.1276041666667 0.5390625 -0.01
0 0

0101101
*
Ed
 1e-07 1 1 0
1  457 0 0 1
2  334 473 0 0 1
4 C0 473 0 451 0
0

0101000
+816 0 -818 0 *
Ve
1e-07
58.3125 1.79166666666667 -0.01
0 0

0101101
*
Ed
 1e-07 1 1 0
1  458 0 0 1
2  335 474 0 0 1
4 C0 474 0 451 0
0

0101000
+814 0 -816 0 *
Ve
1e-07
58.3125 9.671875 -0.01
0 0

0101101
*
Ed
 1e-07 1 1 0
1  459 0 -3.94010416666666 3.94010416666667
4 C0 475 0 451 0
0

0101000
+812 0 -814 0 *
Ve
1e-07
58.6953125 12.6171875 -0.01
0 0

0101101
*
Ed
 1e-07 1 1 0
1  460 0 0 1
2  336 476 0 0 1
4 C0 476 0 451 0
0

0101000
+810 0 -812 0 *
Ve
0.000362321879127643
59.8020833333333 14.6432291666667 -0.01
0 0

0101101
*
Ed
 1e-07 1 1 0
1  461 0 0 1
2  337 477 0 0 1
4 C0 477 0 451 0
0

0101000
+808 0 -810 0 *
Ve
0.000949725726456698
61.5598958333333 15.8151041666666 -0.01
0 0

0101101
*
Ed
 1e-07 1 1 0
1  462 0 1.9177963753974 2.39859511623159
2  338 478 0 1.9177963753974 2.39859511623159
4 C0 478 0 451 0
0

0101000
+806 0 -808 0 *
Ve
0.000483278668875003
63.9114583333333 16.1979166666666 -0.01
0 0

0101101
*
Ed
 1e-07 1 1 0
1  463 0 0 1
2  339 479 0 0 1
4 C0 479 0 451 0
0

0101000
+804 0 -806 0 *
Ve
0.000482015919442295
65.4375235768308 16.0756669328313 -0.01
0 0

0101101
*
Ed
 1e-07 1 1 0
1  464 0 1.40768946299966 1.57509294336641
2  340 480 0 1.40768946299966 1.57509294336641
4 C0 480 0 451 0
0

0101000
+802 0 -804 0 *
Ve
7.47709628343678e-05
66.8046875 15.6197916666666 -0.01
0 0

0101101
*
Ed
 1e-07 1 1 0
1  465 0 1.09291612338513 1.40553311941144
2  341 481 0 1.09291612338513 1.40553311941144
4 C0 481 0 451 0
0

0101000
+800 0 -802 0 *
Ve
1e-07
68.0234375 14.6927083333333 -0.01
0 0

0101101
*
Ed
 1e-07 1 1 0
1  466 0 0 1
2  342 482 0 0 1
4 C0 482 0 451 0
0

0101000
+798 0 -800 0 *
Ve
1e-07
69.1197916666667 13.171875 -0.01
0 0

0101101
*
Ed
 1e-07 1 1 0
1  467 0 0 1
2  343 483 0 0 1
4 C0 483 0 451 0
0

0101000
+796 0 -798 0 *
Ve
1e-07
69.2864583333333 13.171875 -0.01
0 0

0101101
*
Ed
 1e-07 1 1 0
1  468 0 -0.0833333333333002 0.0833333333333002
4 C0 484 0 451 0
0

0101000
+794 0 -796 0 *
Ve
1e-07
69.7239583333333 15.8697916666667 -0.01
0 0

0101101
*
Ed
 1e-07 1 1 0
1  469 0 -1.36657972602026 1.36657972602017
4 C0 485 0 451 0
0

0101000
+792 0 -794 0 *
Ve
1e-07
75.109375 15.8697916666667 -0.01
0 0

0101101
*
Ed
 1e-07 1 1 0
1  470 0 -2.6927083333333 2.6927083333334
4 C0 486 0 451 0
0

0101000
+790 0 -792 0 *
Ve
1e-07
75.109375 14.4739583333333 -0.01
0 0

0101101
*
Ed
 1e-07 1 1 0
1  471 0 -0.6979166666667 0.697916666666698
4 C0 487 0 451 0
0

0101000
+788 0 -790 0 *
Ve
0.000391166963729084
75.0156240205257 14.4737627542599 -0.01
0 0

0101101
*
Ed
 1e-07 1 1 0
1  472 0 -0.0468759794743079 0.046875
4 C0 488 0 451 0
0

0101000
+786 0 -788 0 *
Ve
0.000395205839516703
73.9635416666667 14.390625 -0.01
0 0

0101101
*
Ed
 1e-07 1 1 0
1  473 0 1.56578829572191 1.73240510974463
2  344 489 0 1.56578829572191 1.73240510974463
4 C0 489 0 451 0
0

0101000
+786 0 -784 0 *
Ve
1e-07
73.09375 14.0651041666667 -0.01
0 0

0101101
*
Ed
 1e-07 1 1 0
1  474 0 0 1
2  345 490 0 0 1
4 C0 490 0 451 0
0

0101000
+782 0 -784 0 *
Ve
1e-07
72.5 13.375 -0.01
0 0

0101101
*
Ed
 1e-07 1 1 0
1  475 0 0 1
2  346 491 0 0 1
4 C0 491 0 451 0
0

0101000
+780 0 -782 0 *
Ve
1e-07
72.28125 12.1927083333333 -0.01
0 0

0101101
*
Ed
 1e-07 1 1 0
1  476 0 0 1
2  347 492 0 0 1
4 C0 492 0 451 0
0

0101000
+778 0 -780 0 *
Ve
1e-07
72.28125 1.79166666666667 -0.01
0 0

0101101
*
Ed
 1e-07 1 1 0
1  477 0 -5.20052083333333 5.2005208333333
4 C0 493 0 451 0
0

0101000
+776 0 -778 0 *
Ve
1e-07
72.5 0.5390625 -0.01
0 0

0101101
*
Ed
 1e-07 1 1 0
1  478 0 0 1
2  348 494 0 0 1
4 C0 494 0 451 0
0

0101000
+774 0 -776 0 *
Ve
1e-07
73.0859375 -0.184895833333331 -0.01
0 0

0101101
*
Ed
 1e-07 1 1 0
1  479 0 0 1
2  349 495 0 0 1
4 C0 495 0 451 0
0

0101000
+772 0 -774 0 *
Ve
0.000497602791804556
73.9479166666667 -0.518229166666664 -0.01
0 0

0101101
*
Ed
 1e-07 1 1 0
1  480 0 0 1
2  350 496 0 0 1
4 C0 496 0 451 0
0

0101000
+770 0 -772 0 *
Ve
0.000482918064978109
75.0156235450473 -0.598716881099011 -0.00999975000000001
0 0

0101101
*
Ed
 1e-07 1 1 0
1  481 0 4.557256376575 4.71841474801542
2  351 497 0 4.557256376575 4.71841474801542
4 C0 497 0 451 0
0

0101000
+770 0 -768 0 *
Ve
1e-07
75.2916666666667 -0.598958333333331 -0.01
0 0

0101101
*
Ed
 1e-07 1 1 0
1  482 0 -0.1380208333334 0.138022288285995
4 C0 498 0 451 0
0

0101000
+766 0 -768 0 *
Ve
1e-07
75.2916666666667 -2 -0.01
0 0

0101101
*
Ed
 1e-07 1 1 0
1  483 0 -0.70052083333334 0.700520833333329
4 C0 499 0 451 0
0

0101000
+764 0 -766 0 *
Ed
 1e-07 1 1 0
1  484 0 -4.484375 4.484375
4 C0 500 0 451 0
0

0101000
+858 0 -764 0 *
Wi

0101100
-857 0 -855 0 +853 0 -851 0 -849 0 -847 0 -845 0 +843 0 -841 0 +839 0 
-837 0 -835 0 -833 0 -831 0 -829 0 -827 0 -825 0 -823 0 -821 0 +819 0 
-817 0 -815 0 -813 0 -811 0 -809 0 -807 0 -805 0 -803 0 -801 0 -799 0 
-797 0 -795 0 -793 0 -791 0 -789 0 -787 0 -785 0 +783 0 -781 0 -779 0 
-777 0 -775 0 -773 0 -771 0 -769 0 +767 0 -765 0 -763 0 -762 0 *
Fa
0  1e-07 451 0

0111000
+761 0 *
Ve
0.00074995476638324
-8.02994791666666 -22.1336805555555 -0.01
0 0

0101101
*
Ve
1e-07
-6.31944444444444 -21.6019965277778 -0.01
0 0

0101101
*
Ed
 1e-07 1 1 0
1  485 0 0 1
2  352 502 0 0 1
4 C0 502 0 501 0
0

0101000
+759 0 -758 0 *
Ve
0.000754103602666512
-9.00827693371049 -22.0198761510194 -0.01
0 0

0101101
*
Ed
 1e-07 1 1 0
1  486 0 4.4733250277674 4.72260887464561
2  353 503 0 4.4733250277674 4.72260887464561
4 C0 503 0 501 0
0

0101000
+756 0 -759 0 *
Ve
0.000486650016197865
-9.81949420035735 -21.7160279446905 -0.01
0 0

0101101
*
Ed
 1e-07 1 1 0
1  487 0 4.23999553279337 4.4703053753809
2  354 504 0 4.23999553279337 4.4703053753809
4 C0 504 0 501 0
0

0101000
+754 0 -756 0 *
Ve
0.000253907207494846
-10.4787518756746 -21.2830098441493 -0.01
0 0

0101101
*
Ed
 1e-07 1 1 0
1  488 0 4.02711202347026 4.23685786957638
2  355 505 0 4.02711202347026 4.23685786957638
4 C0 505 0 501 0
0

0101000
+752 0 -754 0 *
Ve
1e-07
-11.0105326024282 -20.7940027528221 -0.01
0 0

0101101
*
Ed
 1e-07 1 1 0
1  489 0 3.91203359975335 4.02632150733475
2  356 506 0 3.91203359975335 4.02632150733475
4 C0 506 0 501 0
0

0101000
+750 0 -752 0 *
Ve
1e-07
-10.5451716800595 -20.1278979031571 -0.01
0 0

0101101
*
Ed
 1e-07 1 1 0
1  490 0 -0.406529912669297 0.406031751953813
4 C0 507 0 501 0
0

0101000
+748 0 -750 0 *
Ve
0.000812808454974605
-9.95178056860157 -20.4615219409683 -0.01
0 0

0101101
*
Ed
 1e-07 1 1 0
1  491 0 4.13228231118049 4.26693247682448
2  357 508 0 4.13228231118049 4.26693247682448
4 C0 508 0 501 0
0

0101000
+748 0 -746 0 *
Ve
0.000574783171095541
-9.39713541666667 -20.5750868055555 -0.01
0 0

0101101
*
Ed
 1e-07 1 1 0
1  492 0 4.29627083513909 4.72682614920284
2  358 509 0 4.29627083513909 4.72682614920284
4 C0 509 0 501 0
0

0101000
+746 0 -744 0 *
Ve
1e-07
-8.89431423611111 -20.3517795138889 -0.01
0 0

0101101
*
Ed
 1e-07 1 1 0
1  493 0 0 1
2  359 510 0 0 1
4 C0 510 0 501 0
0

0101000
+742 0 -744 0 *
Ve
0.000424044644024158
-8.71354166666667 -19.703125 -0.01
0 0

0101101
*
Ed
 1e-07 1 1 0
1  494 0 0 1
2  360 511 0 0 1
4 C0 511 0 501 0
0

0101000
+740 0 -742 0 *
Ve
0.000410417227466987
-8.78960585590473 -18.8281442725498 -0.01
0 0

0101101
*
Ed
 1e-07 1 1 0
1  495 0 0.00687076502785308 0.16820011214496
2  361 512 0 0.00687076502785308 0.16820011214496
4 C0 512 0 501 0
0

0101000
+740 0 -738 0 *
Ve
0.000179601293577792
-8.98706658384592 -17.8407323538325 -0.00999975000000045
0 0

0101101
*
Ed
 1e-07 1 1 0
1  496 0 0.164652777430047 0.230868763447586
2  362 513 0 0.164652777430047 0.230868763447586
4 C0 513 0 501 0
0

0101000
+738 0 -736 0 *
Ve
3.59867226240698e-05
-9.43357607045143 -15.7625834606881 -0.01
0 0

0101101
*
Ed
 1e-07 1 1 0
1  497 0 -1.06278694032544 1.06278910679484
4 C0 514 0 501 0
0

0101000
+734 0 -736 0 *
Ve
3.45988967777342e-05
-9.54450450381373 -15.2202727712291 -0.01
0 0

0101101
*
Ed
 1e-07 1 1 0
1  498 0 0.186984075889562 0.216673403389963
2  363 515 0 0.186984075889562 0.216673403389963
4 C0 515 0 501 0
0

0101000
+734 0 -732 0 *
Ve
1.51152729715771e-05
-9.65841292274675 -14.6506063310621 -0.01
0 0

0101101
*
Ed
 9.69244090609571e-07 1 1 0
1  499 0 0 0.0369215831202936
2  364 516 0 0 0.0369215831202936
4 C0 516 0 501 0
0

0101000
+730 0 -732 0 *
Ve
0.000201559507257023
-9.74795459913452 -14.085490401274 -0.01
0 0

0101101
*
Ed
 1e-07 1 1 0
1  500 0 3.27700271455207 3.32087238407812
2  365 517 0 3.27700271455207 3.32087238407812
4 C0 517 0 501 0
0

0101000
+728 0 -730 0 *
Ve
0.000332826915129162
-9.78596263141999 -13.5598955260586 -0.01
0 0

0101101
*
Ed
 1e-07 1 1 0
1  501 0 3.14726935028807 3.28173036376068
2  366 518 0 3.14726935028807 3.28173036376068
4 C0 518 0 501 0
0

0101000
+726 0 -728 0 *
Ve
0.000406023990675885
-9.67659798559808 -12.7092140565676 -0.01
0 0

0101101
*
Ed
 1e-07 1 1 0
1  502 0 2.88183502854702 3.14707355989416
2  367 519 0 2.88183502854702 3.14707355989416
4 C0 519 0 501 0
0

0101000
+724 0 -726 0 *
Ve
0.000798569912987222
-9.31085203629623 -11.996487284648 -0.01
0 0

0101101
*
Ed
 1e-07 1 1 0
1  503 0 2.45021092882103 2.88521052962895
2  368 520 0 2.45021092882103 2.88521052962895
4 C0 520 0 501 0
0

0101000
+722 0 -724 0 *
Ve
0.000969388848727302
-8.64670138888889 -11.5075954861111 -0.01
0 0

0101101
*
Ed
 1e-07 1 1 0
1  504 0 1.97194875850258 2.43552516503166
2  369 521 0 1.97194875850258 2.43552516503166
4 C0 521 0 501 0
0

0101000
+720 0 -722 0 *
Ve
1e-07
-7.64105902777778 -11.3268229166667 -0.01
0 0

0101101
*
Ed
 1e-07 1 1 0
1  505 0 0 1
2  370 522 0 0 1
4 C0 522 0 501 0
0

0101000
+718 0 -720 0 *
Ve
0.000151794128892459
-6.49110243055556 -11.4741753472222 -0.01
0 0

0101101
*
Ed
 1e-07 1 1 0
1  506 0 0 1
2  371 523 0 0 1
4 C0 523 0 501 0
0

0101000
+716 0 -718 0 *
Ve
0.000547135284200206
-5.52328725466439 -11.9114467334029 -0.01
0 0

0101101
*
Ed
 1e-07 1 1 0
1  507 0 0.99523567268425 1.29755432676748
2  372 524 0 0.99523567268425 1.29755432676748
4 C0 524 0 501 0
0

0101000
+714 0 -716 0 *
Ve
0.000732263503571981
-4.69243525010208 -12.6377556023385 -0.01
0 0

0101101
*
Ed
 1e-07 1 1 0
1  508 0 0.715168892085395 0.988027114381525
2  373 525 0 0.715168892085395 0.988027114381525
4 C0 525 0 501 0
0

0101000
+712 0 -714 0 *
Ve
1e-07
-3.94743575228464 -13.6540798611111 -0.01
0 0

0101101
*
Ed
 1e-07 1 1 0
1  509 0 0.549891644902869 0.71417442102592
2  374 526 0 0.549891644902869 0.71417442102592
4 C0 526 0 501 0
0

0101000
+710 0 -712 0 *
Ve
1e-07
-3.83420138888889 -13.6540798611111 -0.01
0 0

0101101
*
Ed
 1e-07 1 1 0
1  510 0 -0.0562065972222201 0.0570277661735297
4 C0 527 0 501 0
0

0101000
+708 0 -710 0 *
Ve
0.000414902076997227
-3.83399394516974 -13.5021686637433 -0.01
0 0

0101101
*
Ed
 1e-07 1 1 0
1  511 0 -0.0759563362567004 0.0759548611111001
4 C0 528 0 501 0
0

0101000
+706 0 -708 0 *
Ve
0.0003815805523658
-3.72487377261246 -12.6939971049304 -0.01
0 0

0101101
*
Ed
 1e-07 1 1 0
1  512 0 2.86737369178846 3.14870359808462
2  375 529 0 2.86737369178846 3.14870359808462
4 C0 529 0 501 0
0

0101000
+704 0 -706 0 *
Ve
0.000136397369928218
-3.36783854166666 -12.0210503472222 -0.01
0 0

0101101
*
Ed
 1e-07 1 1 0
1  513 0 2.44150241569852 2.86730231002646
2  376 530 0 2.44150241569852 2.86730231002646
4 C0 530 0 501 0
0

0101000
+702 0 -704 0 *
Ve
1e-07
-2.71158854166667 -11.5562065972222 -0.01
0 0

0101101
*
Ed
 1e-07 1 1 0
1  514 0 0 1
2  377 531 0 0 1
4 C0 531 0 501 0
0

0101000
+700 0 -702 0 *
Ve
0.000648939004605377
-1.6953125 -11.3845486111111 -0.01
0 0

0101101
*
Ed
 1e-07 1 1 0
1  515 0 0 1
2  378 532 0 0 1
4 C0 532 0 501 0
0

0101000
+698 0 -700 0 *
Ve
0.000644921834321979
-0.619720774651742 -11.5027236117143 -0.01
0 0

0101101
*
Ed
 1e-07 1 1 0
1  516 0 1.34560038624913 1.57891380533596
2  379 533 0 1.34560038624913 1.57891380533596
4 C0 533 0 501 0
0

0101000
+696 0 -698 0 *
Ve
0.000679168933402528
0.325235357119935 -11.8825644886039 -0.01
0 0

0101101
*
Ed
 1e-07 1 1 0
1  517 0 1.03970169918556 1.33729432278862
2  380 534 0 1.03970169918556 1.33729432278862
4 C0 534 0 501 0
0

0101000
+694 0 -696 0 *
Ve
0.000701452057377213
1.17578125 -12.5572916666667 -0.01
0 0

0101101
*
Ed
 1e-07 1 1 0
1  518 0 0.765418622584068 1.03291252766278
2  381 535 0 0.765418622584068 1.03291252766278
4 C0 535 0 501 0
0

0101000
+692 0 -694 0 *
Ve
1e-07
1.95963541666667 -13.5598958333333 -0.01
0 0

0101101
*
Ed
 1e-07 1 1 0
1  519 0 0 1
2  382 536 0 0 1
4 C0 536 0 501 0
0

0101000
+690 0 -692 0 *
Ve
1e-07
2.10243055555556 -13.5598958333333 -0.01
0 0

0101101
*
Ed
 1e-07 1 1 0
1  520 0 -0.07139756944445 0.0713975694444404
4 C0 537 0 501 0
0

0101000
+688 0 -690 0 *
Ve
1e-07
1.73177083333333 -11.5759548611111 -0.01
0 0

0101101
*
Ed
 1e-07 1 1 0
1  521 0 -1.00913458108171 1.00913458108171
4 C0 538 0 501 0
0

0101000
+686 0 -688 0 *
Ve
1e-07
6.24045138888889 -11.5759548611111 -0.01
0 0

0101101
*
Ed
 1e-07 1 1 0
1  522 0 -2.25434027777778 2.25434027777778
4 C0 539 0 501 0
0

0101000
+684 0 -686 0 *
Ve
1e-07
6.41059027777778 -12.6089409722222 -0.01
0 0

0101101
*
Ed
 1e-07 1 1 0
1  523 0 -0.523451895416515 0.523451895416615
4 C0 540 0 501 0
0

0101000
+682 0 -684 0 *
Ve
0.000454386448693721
6.0611951600284 -12.6091681464501 -0.01
0 0

0101101
*
Ed
 1e-07 1 1 0
1  524 0 -0.17469893719383 0.174696180555549
4 C0 541 0 501 0
0

0101000
+680 0 -682 0 *
Ve
0.000516429408237472
5.59027777777778 -12.6378038194444 -0.01
0 0

0101101
*
Ed
 1e-07 1 1 0
1  525 0 1.55866245489037 1.70125285319603
2  383 542 0 1.55866245489037 1.70125285319603
4 C0 542 0 501 0
0

0101000
+680 0 -678 0 *
Ve
0.000557895841596384
5.27278645833334 -12.7517361111111 -0.01
0 0

0101101
*
Ed
 1e-07 1 1 0
1  526 0 0 1
2  384 543 0 0 1
4 C0 543 0 501 0
0

0101000
+676 0 -678 0 *
Ve
0.000720442804316391
5.09201388888889 -12.9993489583333 -0.01
0 0

0101101
*
Ed
 1e-07 1 1 0
1  527 0 2.19642217424996 2.83344743489859
2  385 544 0 2.19642217424996 2.83344743489859
4 C0 544 0 501 0
0

0101000
+676 0 -674 0 *
Ve
0.00020494236827553
5.03428819444445 -13.4262152777778 -0.01
0 0

0101101
*
Ed
 1e-07 1 1 0
1  528 0 0 1
2  386 545 0 0 1
4 C0 545 0 501 0
0

0101000
+672 0 -674 0 *
Ve
0.000152468185233106
5.04343442053131 -13.5507767866051 -0.01
0 0

0101101
*
Ed
 1e-07 1 1 0
1  529 0 3.1725077638446 3.2624755858118
2  387 546 0 3.1725077638446 3.2624755858118
4 C0 546 0 501 0
0

0101000
+672 0 -670 0 *
Ve
7.75319944091926e-05
5.07229874210868 -13.7543344925583 -0.01
0 0

0101101
*
Ed
 1e-07 1 1 0
1  530 0 3.2550119608372 3.31149252599391
2  388 547 0 3.2550119608372 3.31149252599391
4 C0 547 0 501 0
0

0101000
+670 0 -668 0 *
Ve
9.8485332887793e-06
5.11631944444445 -14.0049913194444 -0.01
0 0

0101101
*
Ed
 1e-07 1 1 0
1  531 0 3.30731975718048 3.32398510388327
2  389 548 0 3.30731975718048 3.32398510388327
4 C0 548 0 501 0
0

0101000
+668 0 -666 0 *
Ve
1.00105009244036e-05
5.16796386062424 -14.261719820534 -0.0099997500000365
0 0

0101101
*
Ed
 1e-07 1 1 0
1  532 0 3.32295800045536 3.35714222974722
2  390 549 0 3.32295800045536 3.35714222974722
4 C0 549 0 501 0
0

0101000
+666 0 -664 0 *
Ve
1e-07
6.79947916666667 -22 -0.01
0 0

0101101
*
Ed
 1e-07 1 1 0
1  533 0 -3.95420102371495 3.95420098489223
4 C0 550 0 501 0
0

0101000
+662 0 -664 0 *
Ve
1e-07
3.88585069444445 -22 -0.01
0 0

0101101
*
Ed
 1e-07 1 1 0
1  534 0 -1.45681423611111 1.45681423611111
4 C0 551 0 501 0
0

0101000
+660 0 -662 0 *
Ve
0.00057824235049516
2.79542120553694 -17.1205973788792 -0.01
0 0

0101101
*
Ed
 1e-07 1 1 0
1  535 0 -2.49987994023012 2.49988068660901
4 C0 552 0 501 0
0

0101000
+658 0 -660 0 *
Ve
0.000530499127439458
2.5625309203303 -16.3171262132564 -0.01
0 0

0101101
*
Ed
 1e-07 1 1 0
1  536 0 0.217339679790365 0.348389896986704
2  391 553 0 0.217339679790365 0.348389896986704
4 C0 553 0 501 0
0

0101000
+658 0 -656 0 *
Ve
0.000132966989938508
2.19200398582025 -15.4238536307126 -0.01
0 0

0101101
*
Ed
 1e-07 1 1 0
1  537 0 0.342114937273969 0.445117672070116
2  392 554 0 0.342114937273969 0.445117672070116
4 C0 554 0 501 0
0

0101000
+656 0 -654 0 *
Ve
0.000411396507440798
1.71184737489101 -14.5458977164592 -0.01
0 0

0101101
*
Ed
 1e-07 1 1 0
1  538 0 0.443423092411634 0.55727531630419
2  393 555 0 0.443423092411634 0.55727531630419
4 C0 555 0 501 0
0

0101000
+654 0 -652 0 *
Ve
0.000420604002550322
1.15147569444445 -13.7862413194444 -0.01
0 0

0101101
*
Ed
 1e-07 1 1 0
1  539 0 0.55115157862601 0.718645418891322
2  394 556 0 0.55115157862601 0.718645418891322
4 C0 556 0 501 0
0

0101000
+652 0 -650 0 *
Ve
1e-07
0.539279513888893 -13.2545572916667 -0.01
0 0

0101101
*
Ed
 1e-07 1 1 0
1  540 0 0 1
2  395 557 0 0 1
4 C0 557 0 501 0
0

0101000
+648 0 -650 0 *
Ve
1e-07
-0.100260416666664 -13.0555555555555 -0.01
0 0

0101101
*
Ed
 1e-07 1 1 0
1  541 0 0 1
2  396 558 0 0 1
4 C0 558 0 501 0
0

0101000
+646 0 -648 0 *
Ve
3.77126407629049e-05
-0.448133680555553 -13.1558159722222 -0.01
0 0

0101101
*
Ed
 1e-07 1 1 0
1  542 0 0 1
2  397 559 0 0 1
4 C0 559 0 501 0
0

0101000
+644 0 -646 0 *
Ve
0.000260545068029775
-0.638062524950239 -13.4125277749791 -0.01
0 0

0101101
*
Ed
 1e-07 1 1 0
1  543 0 2.23005187410778 2.78071280086611
2  398 560 0 2.23005187410778 2.78071280086611
4 C0 560 0 501 0
0

0101000
+644 0 -642 0 *
Ve
0.000264186159368449
-0.71840142243975 -13.7589095093253 -0.01
0 0

0101101
*
Ed
 1e-07 1 1 0
1  544 0 2.78129052437054 3.04801989387856
2  399 561 0 2.78129052437054 3.04801989387856
4 C0 561 0 501 0
0

0101000
+642 0 -640 0 *
Ve
0.000376279038852092
-0.73846938197151 -14.128039731195 -0.01
0 0

0101101
*
Ed
 1e-07 1 1 0
1  545 0 3.03607865001734 3.13965906971051
2  400 562 0 3.03607865001734 3.13965906971051
4 C0 562 0 501 0
0

0101000
+640 0 -638 0 *
Ve
0.000342243329852538
-0.700134198893781 -14.6688142022957 -0.01
0 0

0101101
*
Ed
 1e-07 1 1 0
1  546 0 3.15198026687882 3.2740699622571
2  401 563 0 3.15198026687882 3.2740699622571
4 C0 563 0 501 0
0

0101000
+638 0 -636 0 *
Ve
9.36324280170388e-06
-0.609157986111109 -15.2719184027778 -0.01
0 0

0101101
*
Ed
 4.97750111075304e-06 1 1 0
1  547 0 0 0.051482066359554
2  402 564 0 0 0.051482066359554
4 C0 564 0 501 0
0

0101000
+634 0 -636 0 *
Ve
5.80297460545703e-05
-0.504315991116017 -15.8476517575737 -0.01
0 0

0101101
*
Ed
 9.36324280170388e-06 1 1 0
1  548 0 8.5066931466197e-05 0.00893489332198706
2  403 565 0 8.5066931466197e-05 0.00893489332198706
4 C0 565 0 501 0
0

0101000
+632 0 -634 0 *
Ve
6.87404132221948e-05
-0.416266335425774 -16.3033921865261 -0.00999975000001244
0 0

0101101
*
Ed
 1e-07 1 1 0
1  549 0 3.32473355653426 3.33985987220654
2  404 566 0 3.32473355653426 3.33985987220654
4 C0 566 0 501 0
0

0101000
+632 0 -630 0 *
Ve
0.000172202134987749
-0.121443740158445 -17.6614396003651 -0.01
0 0

0101101
*
Ed
 1e-07 1 1 0
1  550 0 -0.694839964376595 0.694840979726488
4 C0 567 0 501 0
0

0101000
+628 0 -630 0 *
Ve
0.000152720888424808
0.0212088342439526 -18.3587347145932 -0.01
0 0

0101101
*
Ed
 1e-07 1 1 0
1  551 0 0.183761168382237 0.21932587749993
2  405 568 0 0.183761168382237 0.21932587749993
4 C0 568 0 501 0
0

0101000
+626 0 -628 0 *
Ve
3.23948402846827e-05
0.173161113978331 -19.2079020131672 -0.00999975000013718
0 0

0101101
*
Ed
 1e-07 1 1 0
1  552 0 0.167953222957261 0.185930370291573
2  406 569 0 0.167953222957261 0.185930370291573
4 C0 569 0 501 0
0

0101000
+624 0 -626 0 *
Ve
5.09451569824602e-05
0.325061697219256 -20.1011327629944 -0.01
0 0

0101101
*
Ed
 1e-07 1 1 0
1  553 0 -0.453027311996605 0.453027299789997
4 C0 570 0 501 0
0

0101000
+622 0 -624 0 *
Ve
0.000127458549691365
0.458731127793346 -20.9320802440616 -0.01
0 0

0101101
*
Ed
 1e-07 1 1 0
1  554 0 0.150015832877175 0.169255363199441
2  407 571 0 0.150015832877175 0.169255363199441
4 C0 571 0 501 0
0

0101000
+620 0 -622 0 *
Ve
0.000569802540833796
0.549702293564439 -21.6005071052974 -0.01
0 0

0101101
*
Ed
 1e-07 1 1 0
1  555 0 0.120377519713163 0.151482014423358
2  408 572 0 0.120377519713163 0.151482014423358
4 C0 572 0 501 0
0

0101000
+618 0 -620 0 *
Ve
0.000803457567166728
0.583333333333339 -22 -0.01
0 0

0101101
*
Ed
 1e-07 1 1 0
1  556 0 0.040490855882139 0.133260524085481
2  409 573 0 0.040490855882139 0.133260524085481
4 C0 573 0 501 0
0

0101000
+616 0 -618 0 *
Ve
1e-07
-2.43602039457742 -22 -0.01
0 0

0101101
*
Ed
 1e-07 1 1 0
1  557 0 -1.50937108902187 1.50998263888889
4 C0 574 0 501 0
0

0101000
+614 0 -616 0 *
Ve
0.000391588003496485
-2.46107808819591 -21.667334398427 -0.01
0 0

0101101
*
Ed
 1e-07 1 1 0
1  558 0 0.0446009827386791 0.10726114380522
2  410 575 0 0.0446009827386791 0.10726114380522
4 C0 575 0 501 0
0

0101000
+614 0 -612 0 *
Ve
9.52871981084328e-05
-2.52780500034859 -21.0551248923797 -0.01
0 0

0101101
*
Ed
 1e-07 1 1 0
1  559 0 0.0971160370643444 0.121046313158761
2  411 576 0 0.0971160370643444 0.121046313158761
4 C0 576 0 501 0
0

0101000
+612 0 -610 0 *
Ve
3.78902622156831e-05
-2.62653787136172 -20.2819035798745 -0.01
0 0

0101101
*
Ed
 1e-07 1 1 0
1  560 0 0.119846549261537 0.134382225060614
2  412 577 0 0.119846549261537 0.134382225060614
4 C0 577 0 501 0
0

0101000
+610 0 -608 0 *
Ve
9.94375308032154e-06
-2.74045138888888 -19.4646267361111 -0.01
0 0

0101101
*
Ed
 7.43397145090101e-06 1 1 0
1  561 0 0 0.0097471710280735
2  413 578 0 0 0.0097471710280735
4 C0 578 0 501 0
0

0101000
+606 0 -608 0 *
Ve
0.000256481383273755
-2.84994812802515 -18.7187674145706 -0.01
0 0

0101101
*
Ed
 1e-07 1 1 0
1  562 0 0.143318998775298 0.147830302630847
2  414 579 0 0.143318998775298 0.147830302630847
4 C0 579 0 501 0
0

0101000
+606 0 -604 0 *
Ve
0.000318267602270533
-2.94081588186389 -18.1748835169687 -0.00999975000000009
0 0

0101101
*
Ed
 1e-07 1 1 0
1  563 0 0.142430825977299 0.187594070691412
2  415 580 0 0.142430825977299 0.187594070691412
4 C0 580 0 501 0
0

0101000
+604 0 -602 0 *
Ve
0.000657610650119999
-3.0925587758599 -17.3575782848831 -0.01
0 0

0101101
*
Ed
 1e-07 1 1 0
1  564 0 -0.415636741883915 0.415635607881598
4 C0 581 0 501 0
0

0101000
+600 0 -602 0 *
Ve
0.000600838479481069
-3.31184817662691 -16.5070179132602 -0.01
0 0

0101101
*
Ed
 1e-07 1 1 0
1  565 0 0.185377532344638 0.320860998212643
2  416 582 0 0.185377532344638 0.320860998212643
4 C0 582 0 501 0
0

0101000
+600 0 -598 0 *
Ve
0.000395601659649072
-3.67627847588713 -15.5529795072686 -0.01
0 0

0101101
*
Ed
 1e-07 1 1 0
1  566 0 0.314008445236485 0.416629196330772
2  417 583 0 0.314008445236485 0.416629196330772
4 C0 583 0 501 0
0

0101000
+598 0 -596 0 *
Ve
0.000482214818419975
-4.15038405754605 -14.6097096740699 -0.01
0 0

0101101
*
Ed
 0.000395601659649072 1 1 0
1  567 0 -1.47974233819492e-06 1
2  418 584 0 -1.47974233819492e-06 1
4 C0 584 0 501 0
0

0101000
+594 0 -596 0 *
Ve
0.000495250868896178
-4.70616319444444 -13.7923177083333 -0.01
0 0

0101101
*
Ed
 1e-07 1 1 0
1  568 0 0.509774865301853 0.683014807391317
2  419 585 0 0.509774865301853 0.683014807391317
4 C0 585 0 501 0
0

0101000
+594 0 -592 0 *
Ve
1e-07
-5.30924479166667 -13.2165798611111 -0.01
0 0

0101101
*
Ed
 1e-07 1 1 0
1  569 0 0 1
2  420 586 0 0 1
4 C0 586 0 501 0
0

0101000
+590 0 -592 0 *
Ve
1e-07
-5.93055555555555 -12.9978298611111 -0.01
0 0

0101101
*
Ed
 1e-07 1 1 0
1  570 0 0 1
2  421 587 0 0 1
4 C0 587 0 501 0
0

0101000
+588 0 -590 0 *
Ve
8.61374553284569e-05
-6.31944444444444 -13.1026475694444 -0.01
0 0

0101101
*
Ed
 1e-07 1 1 0
1  571 0 0 1
2  422 588 0 0 1
4 C0 588 0 501 0
0

0101000
+586 0 -588 0 *
Ve
0.000279181641481764
-6.55806004285805 -13.368428035464 -0.01
0 0

0101101
*
Ed
 1e-07 1 1 0
1  572 0 2.16988587684203 2.65044085082378
2  423 589 0 2.16988587684203 2.65044085082378
4 C0 589 0 501 0
0

0101000
+586 0 -584 0 *
Ve
0.00030390079351344
-6.6762819357479 -13.7300569644219 -0.01
0 0

0101101
*
Ed
 1e-07 1 1 0
1  573 0 2.65789925024097 2.99490761871555
2  424 590 0 2.65789925024097 2.99490761871555
4 C0 590 0 501 0
0

0101000
+584 0 -582 0 *
Ve
0.000356603874026133
-6.70851164586157 -14.1098094683561 -0.01
0 0

0101101
*
Ed
 1e-07 1 1 0
1  574 0 2.97830551860109 3.13560920019323
2  425 591 0 2.97830551860109 3.13560920019323
4 C0 591 0 501 0
0

0101000
+582 0 -580 0 *
Ve
0.000326479378427125
-6.67019514452762 -14.646028017255 -0.01
0 0

0101101
*
Ed
 1e-07 1 1 0
1  575 0 3.15146219571853 3.27566599830897
2  426 592 0 3.15146219571853 3.27566599830897
4 C0 592 0 501 0
0

0101000
+580 0 -578 0 *
Ve
4.71765299637478e-05
-6.58070495772823 -15.2445705005687 -0.01
0 0

0101101
*
Ed
 5.66104145293999e-06 1 1 0
1  576 0 0.000448218118618042 0.0451135611365087
2  427 593 0 0.000448218118618042 0.0451135611365087
4 C0 593 0 501 0
0

0101000
+576 0 -578 0 *
Ve
4.83850281699043e-05
-6.46680311533312 -15.8187948015763 -0.01
0 0

0101101
*
Ed
 1e-07 1 1 0
1  577 0 3.3114086267585 3.36318800333301
2  428 594 0 3.3114086267585 3.36318800333301
4 C0 594 0 501 0
0

0101000
+576 0 -574 0 *
Ve
4.10303495237759e-05
-6.35896093567613 -16.2851609749066 -0.00999975000007607
0 0

0101101
*
Ed
 1e-07 1 1 0
1  578 0 3.36342030451029 3.37399402506469
2  429 595 0 3.36342030451029 3.37399402506469
4 C0 595 0 501 0
0

0101000
+574 0 -572 0 *
Ve
0.000632731217158014
-6.02504832406184 -17.8225516632263 -0.01
0 0

0101101
*
Ed
 1e-07 1 1 0
1  579 0 -0.78661850978476 0.78661627027913
4 C0 596 0 501 0
0

0101000
+570 0 -572 0 *
Ve
0.000699811744797433
-5.79231770833333 -19.142578125 -0.01
0 0

0101101
*
Ed
 1e-07 1 1 0
1  580 0 0.130592476218392 0.219950379653375
2  430 597 0 0.130592476218392 0.219950379653375
4 C0 597 0 501 0
0

0101000
+568 0 -570 0 *
Ve
1e-07
-5.72092013888888 -20.1284722222222 -0.01
0 0

0101101
*
Ed
 1e-07 1 1 0
1  581 0 0 1
2  431 598 0 0 1
4 C0 598 0 501 0
0

0101000
+566 0 -568 0 *
Ed
 1e-07 1 1 0
1  582 0 0 1
2  432 599 0 0 1
4 C0 599 0 501 0
0

0101000
+758 0 -566 0 *
Wi

0101100
-757 0 -755 0 -753 0 -751 0 -749 0 -747 0 +745 0 +743 0 -741 0 -739 0 
+737 0 +735 0 -733 0 +731 0 -729 0 -727 0 -725 0 -723 0 -721 0 -719 0 
-717 0 -715 0 -713 0 -711 0 -709 0 -707 0 -705 0 -703 0 -701 0 -699 0 
-697 0 -695 0 -693 0 -691 0 -689 0 -687 0 -685 0 -683 0 -681 0 -679 0 
+677 0 -675 0 +673 0 -671 0 +669 0 +667 0 +665 0 +663 0 -661 0 -659 0 
-657 0 +655 0 +653 0 +651 0 +649 0 -647 0 -645 0 -643 0 +641 0 +639 0 
+637 0 +635 0 -633 0 -631 0 +629 0 -627 0 -625 0 -623 0 -621 0 -619 0 
-617 0 -615 0 -613 0 +611 0 +609 0 +607 0 -605 0 +603 0 +601 0 -599 0 
+597 0 +595 0 -593 0 +591 0 -589 0 -587 0 -585 0 +583 0 +581 0 +579 0 
+577 0 -575 0 +573 0 +571 0 -569 0 -567 0 -565 0 -564 0 *
Fa
0  1e-07 501 0

0111000
+563 0 *
Ve
1e-07
50.9262152777778 -14.6 -0.01
0 0

0101101
*
Ve
1e-07
49.4262152777778 -14.6 -0.01
0 0

0101101
*
Ed
 1e-07 1 1 0
1  583 0 -0.75 0.75
4 C0 601 0 600 0
0

0101000
+561 0 -560 0 *
Ve
1e-07
49.4262152777778 -14 -0.01
0 0

0101101
*
Ed
 1e-07 1 1 0
1  584 0 -0.299999999999999 0.300000000000001
4 C0 602 0 600 0
0

0101000
+560 0 -558 0 *
Ve
1e-07
50.9262152777778 -14 -0.01
0 0

0101101
*
Ed
 1e-07 1 1 0
1  585 0 -0.75 0.75
4 C0 603 0 600 0
0

0101000
+556 0 -558 0 *
Ed
 1e-07 1 1 0
1  586 0 -0.299999999999999 0.300000000000001
4 C0 604 0 600 0
0

0101000
+561 0 -556 0 *
Wi

0101100
+559 0 +557 0 -555 0 -554 0 *
Fa
0  1e-07 600 0

0111000
+553 0 *
Ve
1e-07
13.8489583333333 14.4739583333333 -0.01
0 0

0101101
*
Ve
1e-07
13.8489583333333 15.8697916666667 -0.01
0 0

0101101
*
Ed
 1e-07 1 1 0
1  587 0 -0.6979166666667 0.697916666666698
4 C0 606 0 605 0
0

0101000
+551 0 -550 0 *
Ve
1e-07
13.75 14.4739583333333 -0.01
0 0

0101101
*
Ed
 1e-07 1 1 0
1  588 0 -0.0494791666666998 0.0494791666666003
4 C0 607 0 605 0
0

0101000
+548 0 -551 0 *
Ve
0.000470129974666369
12.9036458333333 14.390625 -0.01
0 0

0101101
*
Ed
 1e-07 1 1 0
1  589 0 0 1
2  433 608 0 0 1
4 C0 608 0 605 0
0

0101000
+546 0 -548 0 *
Ve
0.000949904810038627
12.2705488277474 14.1045470346531 -0.01
0 0

0101101
*
Ed
 1e-07 1 1 0
1  590 0 1.79029741071723 2.19910859855084
2  434 609 0 1.79029741071723 2.19910859855084
4 C0 609 0 605 0
0

0101000
+546 0 -544 0 *
Ve
0.00098740687990214
11.78125 13.5598958333333 -0.01
0 0

0101101
*
Ed
 1e-07 1 1 0
1  591 0 2.22277311540305 2.60050697902025
2  435 610 0 2.22277311540305 2.60050697902025
4 C0 610 0 605 0
0

0101000
+544 0 -542 0 *
Ve
1e-07
11.375 12.6979166666667 -0.01
0 0

0101101
*
Ed
 1e-07 1 1 0
1  592 0 0 1
2  436 611 0 0 1
4 C0 611 0 605 0
0

0101000
+540 0 -542 0 *
Ve
1e-07
6.02083333333335 -2 -0.01
0 0

0101101
*
Ed
 1e-07 1 1 0
1  593 0 -7.82137863542487 7.82137863542489
4 C0 612 0 605 0
0

0101000
+538 0 -540 0 *
Ve
1e-07
2.97395833333334 -2 -0.01
0 0

0101101
*
Ed
 1e-07 1 1 0
1  594 0 -1.52343750000001 1.5234375
4 C0 613 0 605 0
0

0101000
+536 0 -538 0 *
Ve
1e-07
-2.28125 11.8697916666667 -0.01
0 0

0101101
*
Ed
 1e-07 1 1 0
1  595 0 -7.41600187944074 7.4160018794407
4 C0 614 0 605 0
0

0101000
+534 0 -536 0 *
Ve
1e-07
-2.84114583333332 13.1692708333333 -0.01
0 0

0101101
*
Ed
 1e-07 1 1 0
1  596 0 0 1
2  437 615 0 0 1
4 C0 615 0 605 0
0

0101000
+532 0 -534 0 *
Ve
1e-07
-3.36979166666665 13.9661458333333 -0.01
0 0

0101101
*
Ed
 1e-07 1 1 0
1  597 0 0 1
2  438 616 0 0 1
4 C0 616 0 605 0
0

0101000
+530 0 -532 0 *
Ve
1e-07
-3.98958333333331 14.3671875 -0.01
0 0

0101101
*
Ed
 1e-07 1 1 0
1  598 0 0 1
2  439 617 0 0 1
4 C0 617 0 605 0
0

0101000
+528 0 -530 0 *
Ve
1e-07
-4.81770833333331 14.4739583333333 -0.01
0 0

0101101
*
Ed
 1e-07 1 1 0
1  599 0 0 1
2  440 618 0 0 1
4 C0 618 0 605 0
0

0101000
+526 0 -528 0 *
Ve
1e-07
-5.22916666666665 14.4739583333333 -0.01
0 0

0101101
*
Ed
 1e-07 1 1 0
1  600 0 -0.20572916666667 0.205729166666671
4 C0 619 0 605 0
0

0101000
+524 0 -526 0 *
Ve
1e-07
-5.22916666666665 15.8697916666667 -0.01
0 0

0101101
*
Ed
 1e-07 1 1 0
1  601 0 -0.697916666666698 0.6979166666667
4 C0 620 0 605 0
0

0101000
+522 0 -524 0 *
Ve
1e-07
1.91666666666668 15.8697916666667 -0.01
0 0

0101101
*
Ed
 1e-07 1 1 0
1  602 0 -3.57291666666668 3.57291666666665
4 C0 621 0 605 0
0

0101000
+520 0 -522 0 *
Ve
1e-07
1.91666666666668 14.4739583333333 -0.01
0 0

0101101
*
Ed
 1e-07 1 1 0
1  603 0 -0.6979166666667 0.697916666666698
4 C0 622 0 605 0
0

0101000
+518 0 -520 0 *
Ve
1e-07
1.671875 14.4739583333333 -0.01
0 0

0101101
*
Ed
 1e-07 1 1 0
1  604 0 -0.12239583333334 0.12239583333334
4 C0 623 0 605 0
0

0101000
+516 0 -518 0 *
Ve
1e-07
0.0234375000000147 14.0833333333333 -0.01
0 0

0101101
*
Ed
 1e-07 1 1 0
1  605 0 0 1
2  441 624 0 0 1
4 C0 624 0 605 0
0

0101000
+514 0 -516 0 *
Ve
0.000892245891566469
-0.520833333333318 12.828125 -0.01
0 0

0101101
*
Ed
 1e-07 1 1 0
1  606 0 0 1
2  442 625 0 0 1
4 C0 625 0 605 0
0

0101000
+512 0 -514 0 *
Ve
0.000794386721988084
-0.447743824297753 12.1771214364264 -0.01
0 0

0101101
*
Ed
 1e-07 1 1 0
1  607 0 3.16239796949144 3.34898392644368
2  443 626 0 3.16239796949144 3.34898392644368
4 C0 626 0 605 0
0

0101000
+512 0 -510 0 *
Ve
0.000430293230438376
-0.213342299698942 11.395914203306 -0.00999975000000001
0 0

0101101
*
Ed
 1e-07 1 1 0
1  608 0 3.34127775884642 3.52694626543991
2  444 627 0 3.34127775884642 3.52694626543991
4 C0 627 0 605 0
0

0101000
+510 0 -508 0 *
Ve
1.69764308037796e-05
2.1770753974898 4.90103865489843 -0.01
0 0

0101101
*
Ed
 1e-07 1 1 0
1  609 0 -3.46039770260417 3.46040464296066
4 C0 628 0 605 0
0

0101000
+506 0 -508 0 *
Ve
0.00747771084224384
2.65885733054701 3.64583456248282 -0.01
0 0

0101101
*
Ed
 1e-07 1 1 0
1  610 0 3.50431541969735 3.51187666722291
2  445 629 0 3.50431541969735 3.51187666722291
4 C0 629 0 605 0
0

0101000
+506 0 -504 0 *
Ve
0.00747771084224384
3.1483887607105 2.36977311247838 -0.01
0 0

0101101
*
Ed
 0.00747771084224384 1 1 0
1  611 0 -5.16708897926134e-08 1
2  446 630 0 -5.16708897926134e-08 1
4 C0 630 0 605 0
0

0101000
+502 0 -504 0 *
Ve
0.000773737101522191
3.57000640781179 1.21603463918606 -0.01
0 0

0101101
*
Ed
 1e-07 1 1 0
1  612 0 0.337911949125866 0.363637632772194
2  447 631 0 0.337911949125866 0.363637632772194
4 C0 631 0 605 0
0

0101000
+500 0 -502 0 *
Ve
1e-07
3.83947875721756 0.328125 -0.01
0 0

0101101
*
Ed
 1e-07 1 1 0
1  613 0 0.243496221756688 0.346780693780017
2  448 632 0 0.243496221756688 0.346780693780017
4 C0 632 0 605 0
0

0101000
+498 0 -500 0 *
Ve
1e-07
3.953125 0.328125 -0.01
0 0

0101101
*
Ed
 1e-07 1 1 0
1  614 0 -0.0572916666666501 0.05635457611579
4 C0 633 0 605 0
0

0101000
+496 0 -498 0 *
Ve
9.2770425444136e-05
4.17968750000001 1.36197916666667 -0.01
0 0

0101101
*
Ed
 1e-07 1 1 0
1  615 0 0 1
2  449 634 0 0 1
4 C0 634 0 605 0
0

0101000
+494 0 -496 0 *
Ve
8.86330125033801e-05
4.54690175149146 2.6562419875292 -0.01
0 0

0101101
*
Ed
 1e-07 1 1 0
1  616 0 2.85135946847228 2.87867928401185
2  450 635 0 2.85135946847228 2.87867928401185
4 C0 635 0 605 0
0

0101000
+492 0 -494 0 *
Ve
0.000152521408411943
4.97923924726898 4.04685159835962 -0.01
0 0

0101101
*
Ed
 1e-07 1 1 0
1  617 0 2.82838979589716 2.85192345213263
2  451 636 0 2.82838979589716 2.85192345213263
4 C0 636 0 605 0
0

0101000
+490 0 -492 0 *
Ve
0.000163998330981497
5.41658939691298 5.33856910959095 -0.00999975000000487
0 0

0101101
*
Ed
 1e-07 1 1 0
1  618 0 2.80033068369083 2.83015588952463
2  452 637 0 2.80033068369083 2.83015588952463
4 C0 637 0 605 0
0

0101000
+488 0 -490 0 *
Ve
0.000447750399862145
7.68208079423391 11.6407001792515 -0.01
0 0

0101101
*
Ed
 1e-07 1 1 0
1  619 0 -3.348480815725 3.34848172488903
4 C0 638 0 605 0
0

0101000
+486 0 -488 0 *
Ve
0.000504055464812977
7.87777455599943 12.2994365300941 -0.01
0 0

0101101
*
Ed
 1e-07 1 1 0
1  620 0 5.94071803179842 6.04650609431226
2  453 639 0 5.94071803179842 6.04650609431226
4 C0 639 0 605 0
0

0101000
+486 0 -484 0 *
Ve
0.000139356186249531
7.94270833333335 12.859375 -0.01
0 0

0101101
*
Ed
 1e-07 1 1 0
1  621 0 6.05389669106414 6.27992437916495
2  454 640 0 6.05389669106414 6.27992437916495
4 C0 640 0 605 0
0

0101000
+484 0 -482 0 *
Ve
1e-07
7.44531250000001 14.0833333333333 -0.01
0 0

0101101
*
Ed
 1e-07 1 1 0
1  622 0 0 1
2  455 641 0 0 1
4 C0 641 0 605 0
0

0101000
+480 0 -482 0 *
Ve
1e-07
5.9375 14.4739583333333 -0.01
0 0

0101101
*
Ed
 1e-07 1 1 0
1  623 0 0 1
2  456 642 0 0 1
4 C0 642 0 605 0
0

0101000
+478 0 -480 0 *
Ve
1e-07
5.515625 14.4739583333333 -0.01
0 0

0101101
*
Ed
 1e-07 1 1 0
1  624 0 -0.210937500000011 0.210937499999989
4 C0 643 0 605 0
0

0101000
+476 0 -478 0 *
Ve
1e-07
5.515625 15.8697916666667 -0.01
0 0

0101101
*
Ed
 1e-07 1 1 0
1  625 0 -0.697916666666698 0.6979166666667
4 C0 644 0 605 0
0

0101000
+474 0 -476 0 *
Ed
 1e-07 1 1 0
1  626 0 -4.16666666666662 4.16666666666668
4 C0 645 0 605 0
0

0101000
+550 0 -474 0 *
Wi

0101100
-549 0 -547 0 -545 0 +543 0 +541 0 -539 0 -537 0 -535 0 -533 0 -531 0 
-529 0 -527 0 -525 0 -523 0 -521 0 -519 0 -517 0 -515 0 -513 0 -511 0 
+509 0 +507 0 -505 0 +503 0 -501 0 -499 0 -497 0 -495 0 -493 0 -491 0 
-489 0 -487 0 -485 0 +483 0 +481 0 -479 0 -477 0 -475 0 -473 0 -472 0 
*
Fa
0  1e-07 605 0

0111000
+471 0 *
Ve
1e-07
15.8177083333334 6.96875 -0.01
0 0

0101101
*
Ve
1e-07
17.8125 -0.0312499999999975 -0.01
0 0

0101101
*
Ed
 1e-07 1 1 0
1  627 0 0 1
2  457 647 0 0 1
4 C0 647 0 646 0
0

0101000
+469 0 -468 0 *
Ve
1e-07
16.3463541666667 11.046875 -0.01
0 0

0101101
*
Ed
 1e-07 1 1 0
1  628 0 0 1
2  458 648 0 0 1
4 C0 648 0 646 0
0

0101000
+466 0 -469 0 *
Ve
8.91311707349143e-05
17.8776041666667 13.9270833333333 -0.01
0 0

0101101
*
Ed
 1e-07 1 1 0
1  629 0 0 1
2  459 649 0 0 1
4 C0 649 0 646 0
0

0101000
+464 0 -466 0 *
Ve
0.000769724015204457
20.3125 15.6354166666666 -0.01
0 0

0101101
*
Ed
 1e-07 1 1 0
1  630 0 1.93984665098582 2.4249054678289
2  460 650 0 1.93984665098582 2.4249054678289
4 C0 650 0 646 0
0

0101000
+462 0 -464 0 *
Ve
1e-07
23.5520833333333 16.1979166666666 -0.01
0 0

0101101
*
Ed
 1e-07 1 1 0
1  631 0 0 1
2  461 651 0 0 1
4 C0 651 0 646 0
0

0101000
+460 0 -462 0 *
Ve
1e-07
29.4010416666667 13.9192708333333 -0.01
0 0

0101101
*
Ed
 1e-07 1 1 0
1  632 0 0 1
2  462 652 0 0 1
4 C0 652 0 646 0
0

0101000
+458 0 -460 0 *
Ve
1e-07
31.3802083333333 6.96875 -0.01
0 0

0101101
*
Ed
 1e-07 1 1 0
1  633 0 0 1
2  463 653 0 0 1
4 C0 653 0 646 0
0

0101000
+456 0 -458 0 *
Ve
1e-07
30.8515625 2.875 -0.01
0 0

0101101
*
Ed
 1e-07 1 1 0
1  634 0 0 1
2  464 654 0 0 1
4 C0 654 0 646 0
0

0101000
+454 0 -456 0 *
Ve
0.00019491115148439
29.3203125 -0.0312499999999975 -0.01
0 0

0101101
*
Ed
 1e-07 1 1 0
1  635 0 0 1
2  465 655 0 0 1
4 C0 655 0 646 0
0

0101000
+452 0 -454 0 *
Ve
0.000666489781614339
26.8854166666667 -1.7578125 -0.01
0 0

0101101
*
Ed
 1e-07 1 1 0
1  636 0 5.08662582644327 5.57144784915254
2  466 656 0 5.08662582644327 5.57144784915254
4 C0 656 0 646 0
0

0101000
+450 0 -452 0 *
Ve
1e-07
23.6458333333333 -2.328125 -0.01
0 0

0101101
*
Ed
 1e-07 1 1 0
1  637 0 0 1
2  467 657 0 0 1
4 C0 657 0 646 0
0

0101000
+448 0 -450 0 *
Ed
 1e-07 1 1 0
1  638 0 0 1
2  468 658 0 0 1
4 C0 658 0 646 0
0

0101000
+468 0 -448 0 *
Wi

0101100
-467 0 -465 0 -463 0 -461 0 -459 0 -457 0 -455 0 -453 0 -451 0 -449 0 
-447 0 -446 0 *
Ve
1e-07
28.15625 6.96875 -0.01
0 0

0101101
*
Ve
1e-07
27.9114583333334 3.69791666666667 -0.01
0 0

0101101
*
Ed
 1e-07 1 1 0
1  639 0 0 1
2  469 659 0 0 1
4 C0 659 0 646 0
0

0101000
+444 0 -443 0 *
Ve
1e-07
27.9114583333334 10.2239583333333 -0.01
0 0

0101101
*
Ed
 1e-07 1 1 0
1  640 0 0 1
2  470 660 0 0 1
4 C0 660 0 646 0
0

0101000
+441 0 -444 0 *
Ve
1e-07
27.1302083333333 12.5598958333333 -0.01
0 0

0101101
*
Ed
 1e-07 1 1 0
1  641 0 0 1
2  471 661 0 0 1
4 C0 661 0 646 0
0

0101000
+439 0 -441 0 *
Ve
1e-07
25.7317708333334 13.9661458333333 -0.01
0 0

0101101
*
Ed
 1e-07 1 1 0
1  642 0 0 1
2  472 662 0 0 1
4 C0 662 0 646 0
0

0101000
+437 0 -439 0 *
Ve
1e-07
23.6145833333333 14.4375 -0.01
0 0

0101101
*
Ed
 1e-07 1 1 0
1  643 0 0 1
2  473 663 0 0 1
4 C0 663 0 646 0
0

0101000
+435 0 -437 0 *
Ve
1e-07
21.4921875 13.9661458333333 -0.01
0 0

0101101
*
Ed
 1e-07 1 1 0
1  644 0 0 1
2  474 664 0 0 1
4 C0 664 0 646 0
0

0101000
+433 0 -435 0 *
Ve
1e-07
20.0833333333334 12.5598958333333 -0.01
0 0

0101101
*
Ed
 1e-07 1 1 0
1  645 0 0 1
2  475 665 0 0 1
4 C0 665 0 646 0
0

0101000
+431 0 -433 0 *
Ve
1e-07
19.3020833333334 10.2239583333333 -0.01
0 0

0101101
*
Ed
 1e-07 1 1 0
1  646 0 0 1
2  476 666 0 0 1
4 C0 666 0 646 0
0

0101000
+429 0 -431 0 *
Ve
1e-07
19.0572916666667 6.96875 -0.01
0 0

0101101
*
Ed
 1e-07 1 1 0
1  647 0 0 1
2  477 667 0 0 1
4 C0 667 0 646 0
0

0101000
+427 0 -429 0 *
Ve
1e-07
19.2942708333334 3.69791666666667 -0.01
0 0

0101101
*
Ed
 1e-07 1 1 0
1  648 0 0 1
2  478 668 0 0 1
4 C0 668 0 646 0
0

0101000
+425 0 -427 0 *
Ve
1e-07
20.0677083333334 1.328125 -0.01
0 0

0101101
*
Ed
 1e-07 1 1 0
1  649 0 0 1
2  479 669 0 0 1
4 C0 669 0 646 0
0

0101000
+423 0 -425 0 *
Ve
1e-07
21.4661458333334 -0.111979166666664 -0.01
0 0

0101101
*
Ed
 1e-07 1 1 0
1  650 0 0 1
2  480 670 0 0 1
4 C0 670 0 646 0
0

0101000
+421 0 -423 0 *
Ve
1e-07
23.5833333333333 -0.598958333333331 -0.01
0 0

0101101
*
Ed
 1e-07 1 1 0
1  651 0 0 1
2  481 671 0 0 1
4 C0 671 0 646 0
0

0101000
+419 0 -421 0 *
Ve
1e-07
25.7083333333334 -0.111979166666664 -0.01
0 0

0101101
*
Ed
 1e-07 1 1 0
1  652 0 0 1
2  482 672 0 0 1
4 C0 672 0 646 0
0

0101000
+417 0 -419 0 *
Ve
1e-07
27.1223958333334 1.328125 -0.01
0 0

0101101
*
Ed
 1e-07 1 1 0
1  653 0 0 1
2  483 673 0 0 1
4 C0 673 0 646 0
0

0101000
+415 0 -417 0 *
Ed
 1e-07 1 1 0
1  654 0 0 1
2  484 674 0 0 1
4 C0 674 0 646 0
0

0101000
+443 0 -415 0 *
Wi

0101100
-442 0 -440 0 -438 0 -436 0 -434 0 -432 0 -430 0 -428 0 -426 0 -424 0 
-422 0 -420 0 -418 0 -416 0 -414 0 -413 0 *
Fa
0  1e-07 646 0

0111000
+445 0 +412 0 *
Ve
1e-07
-42.4914758016674 19.6362633874878 -0.01
0 0

0101101
*
Ve
0.000376587421716768
-41.9270897413662 19.3150846675088 -0.00999975000011049
0 0

0101101
*
Ed
 1e-07 1 1 0
1  655 0 3.97181687549132 4.41928828354771
2  485 676 0 3.97181687549132 4.41928828354771
4 C0 675 0 676 0
0

0101000
+410 0 -409 0 *
Ve
1e-07
-43.8176679552986 18.2560139874481 -0.01
0 0

0101101
*
Ed
 1e-07 1 1 0
1  656 0 -0.414124874364927 1.5000000000001
4 C0 677 0 675 0
0

0101000
+410 0 -407 0 *
Ve
1e-07
-44.2503197907433 18.671721082993 -0.01
0 0

0101101
*
Ed
 1e-07 1 1 0
1  657 0 -0.300000000000011 0.300000000000022
4 C0 678 0 675 0
0

0101000
+407 0 -405 0 *
Ve
1e-07
-42.8515760157217 20.1274793995228 -0.01
0 0

0101101
*
Ed
 1e-07 1 1 0
1  658 0 -0.518840366226931 1.50000000000002
4 C0 679 0 675 0
0

0101000
+403 0 -405 0 *
Ve
9.85131571476878e-06
-42.9270833333333 20.296875 -0.01
0 0

0101101
*
Ed
 1e-07 1 1 0
1  659 0 3.52149385587116 3.6002057169803
2  486 680 0 3.52149385587116 3.6002057169803
4 C0 675 0 680 0
0

0101000
+401 0 -403 0 *
Ve
1e-07
-43.0833333333333 21.2760416666667 -0.01
0 0

0101101
*
Ed
 1e-07 1 1 0
1  660 0 0 1
2  487 681 0 0 1
4 C0 675 0 681 0
0

0101000
+399 0 -401 0 *
Ve
1e-07
-43.0471407984986 21.7928997033129 -0.01
0 0

0101101
*
Ed
 1e-07 1 1 0
1  661 0 0.518718146049404 1
2  488 682 0 0.518718146049404 1
4 C0 675 0 682 0
0

0101000
+397 0 -399 0 *
Ve
1e-07
-44.9841634612778 22.5502854495132 -0.01
0 0

0101101
*
Ed
 1e-07 1 1 0
1  662 0 -0.579829311426329 1.49999999999988
4 C0 675 0 683 0
0

0101000
+397 0 -395 0 *
Ve
1e-07
-44.7656688735913 23.1090878431656 -0.01
0 0

0101101
*
Ed
 1e-07 1 1 0
1  663 0 -0.29999999999996 0.299999999999996
4 C0 675 0 684 0
0

0101000
+395 0 -393 0 *
Ve
1e-07
-42.8752995973933 22.3699437984825 -0.01
0 0

0101101
*
Ed
 1e-07 1 1 0
1  664 0 -0.52973641618411 1.49999999999998
4 C0 675 0 685 0
0

0101000
+391 0 -393 0 *
Ve
6.04541901529754e-05
-42.5208333333333 22.8854166666667 -0.01
0 0

0101101
*
Ed
 1e-07 1 1 0
1  665 0 0 0.841800198180567
2  489 686 0 0 0.841800198180567
4 C0 675 0 686 0
0

0101000
+389 0 -391 0 *
Ve
0.000380851427364275
-41.9270971418988 23.2292153524786 -0.00999975
0 0

0101101
*
Ed
 1e-07 1 1 0
1  666 0 1.8437936104439 2.34643045311228
2  490 687 0 1.8437936104439 2.34643045311228
4 C0 675 0 687 0
0

0101000
+387 0 -389 0 *
Ve
1e-07
-41.4241843662674 23.3193474451589 -0.01
0 0

0101101
*
Ed
 1e-07 1 1 0
1  667 0 1.65073930366785 1.84424155614292
2  491 688 0 1.65073930366785 1.84424155614292
4 C0 675 0 688 0
0

0101000
+385 0 -387 0 *
Ve
1e-07
-41.4631724544952 25.2713333148643 -0.01
0 0

0101101
*
Ed
 1e-07 1 1 0
1  668 0 -0.452375196152932 1.5
4 C0 675 0 689 0
0

0101000
+385 0 -383 0 *
Ve
1e-07
-40.8632921015124 25.283315055353 -0.01
0 0

0101101
*
Ed
 1e-07 1 1 0
1  669 0 -0.299999999999867 0.300000000000057
4 C0 675 0 690 0
0

0101000
+383 0 -381 0 *
Ve
1e-07
-40.8238006592406 23.3061281556405 -0.01
0 0

0101101
*
Ed
 1e-07 1 1 0
1  670 0 -0.477581252542365 1.5000000000001
4 C0 675 0 691 0
0

0101000
+379 0 -381 0 *
Ve
0.00061005940741442
-40.4452390921676 23.2294363509404 -0.01
0 0

0101101
*
Ed
 1e-07 1 1 0
1  671 0 1.29962746731952 1.44390795870335
2  492 692 0 1.29962746731952 1.44390795870335
4 C0 675 0 692 0
0

0101000
+377 0 -379 0 *
Ve
0.000142071102814193
-39.84375 22.8854166666667 -0.01
0 0

0101101
*
Ed
 1e-07 1 1 0
1  672 0 0.811912417511284 1.29113555406235
2  493 693 0 0.811912417511284 1.29113555406235
4 C0 675 0 693 0
0

0101000
+375 0 -377 0 *
Ve
1e-07
-39.4394275019742 22.2551432805075 -0.01
0 0

0101101
*
Ed
 1e-07 1 1 0
1  673 0 0.00659150934205441 1
2  494 694 0 0.00659150934205441 1
4 C0 675 0 694 0
0

0101000
+373 0 -375 0 *
Ve
1e-07
-37.6018271009116 23.0596617262839 -0.01
0 0

0101101
*
Ed
 1e-07 1 1 0
1  674 0 -0.505997298996152 1.5
4 C0 675 0 695 0
0

0101000
+373 0 -371 0 *
Ve
1e-07
-37.3611931436225 22.5100297597833 -0.01
0 0

0101101
*
Ed
 1e-07 1 1 0
1  675 0 -0.300000000000085 0.29999999999986
4 C0 675 0 696 0
0

0101000
+371 0 -369 0 *
Ve
1e-07
-39.308673391313 21.6574048993191 -0.01
0 0

0101101
*
Ed
 1e-07 1 1 0
1  676 0 -0.625946487526495 1.50000000000001
4 C0 675 0 697 0
0

0101000
+367 0 -369 0 *
Ve
5.16474880686086e-05
-39.2916666666666 21.2760416666667 -0.01
0 0

0101101
*
Ed
 1e-07 1 1 0
1  677 0 6.28168918816056 6.3735411888826
2  495 698 0 6.28168918816056 6.3735411888826
4 C0 675 0 698 0
0

0101000
+365 0 -367 0 *
Ve
0.00067294089053471
-39.4375 20.296875 -0.01
0 0

0101101
*
Ed
 1e-07 1 1 0
1  678 0 0 1
2  496 699 0 0 1
4 C0 675 0 699 0
0

0101000
+363 0 -365 0 *
Ve
1e-07
-39.577032640101 20.0002288264679 -0.01
0 0

0101101
*
Ed
 1e-07 1 1 0
1  679 0 5.75528099775715 5.93585509342388
2  497 700 0 5.75528099775715 5.93585509342388
4 C0 675 0 700 0
0

0101000
+361 0 -363 0 *
Ve
1e-07
-38.1674723207815 18.6458737113681 -0.01
0 0

0101101
*
Ed
 1e-07 1 1 0
1  680 0 -0.454773150930113 1.49999999999996
4 C0 675 0 701 0
0

0101000
+361 0 -359 0 *
Ve
1e-07
-38.5831794163263 18.2132218759234 -0.01
0 0

0101101
*
Ed
 1e-07 1 1 0
1  681 0 -0.300000000000017 0.299999999999952
4 C0 675 0 702 0
0

0101000
+359 0 -357 0 *
Ve
1e-07
-39.9772642497184 19.552707599905 -0.01
0 0

0101101
*
Ed
 1e-07 1 1 0
1  682 0 -0.433311802954854 1.49999999999995
4 C0 675 0 703 0
0

0101000
+355 0 -357 0 *
Ve
0.00062242395722159
-40.4452403731633 19.314861973112 -0.01
0 0

0101101
*
Ed
 1e-07 1 1 0
1  683 0 5.01205184973461 5.35177846460755
2  498 704 0 5.01205184973461 5.35177846460755
4 C0 675 0 704 0
0

0101000
+353 0 -355 0 *
Ve
0.000643691911834746
-41.192705153776 19.2086553344761 -0.01
0 0

0101101
*
Ed
 1e-07 1 1 0
1  684 0 4.7007893510702 5.004466829112
2  499 705 0 4.7007893510702 5.004466829112
4 C0 675 0 705 0
0

0101000
+351 0 -353 0 *
Ed
 1e-07 1 1 0
1  685 0 4.4178815275775 4.72025271483469
2  500 706 0 4.4178815275775 4.72025271483469
4 C0 675 0 706 0
0

0101000
+409 0 -351 0 *
Wi

0101100
-408 0 +406 0 +404 0 -402 0 -400 0 -398 0 -396 0 +394 0 +392 0 -390 0 
-388 0 -386 0 -384 0 +382 0 +380 0 -378 0 -376 0 -374 0 -372 0 +370 0 
+368 0 -366 0 -364 0 -362 0 -360 0 +358 0 +356 0 -354 0 -352 0 -350 0 
-349 0 *
Fa
0  1e-07 675 0

0101000
+348 0 *
Ve
1e-07
46.4262152777778 -14.6 -0.01
0 0

0101101
*
Ve
1e-07
46.4262152777778 -14 -0.01
0 0

0101101
*
Ed
 1e-07 1 1 0
1  686 0 -0.299999999999999 0.300000000000001
4 C0 708 0 707 0
0

0101000
+346 0 -345 0 *
Ve
1e-07
44.9262152777778 -14.6 -0.01
0 0

0101101
*
Ed
 1e-07 1 1 0
1  687 0 -0.75 0.75
4 C0 709 0 707 0
0

0101000
+346 0 -343 0 *
Ve
1e-07
44.9262152777778 -14 -0.01
0 0

0101101
*
Ed
 1e-07 1 1 0
1  688 0 -0.299999999999999 0.300000000000001
4 C0 710 0 707 0
0

0101000
+343 0 -341 0 *
Ed
 1e-07 1 1 0
1  689 0 -0.75 0.75
4 C0 711 0 707 0
0

0101000
+345 0 -341 0 *
Wi

0101100
-344 0 +342 0 +340 0 -339 0 *
Fa
0  1e-07 707 0

0111000
+338 0 *
Ve
1e-07
43.1795585747137 -25.2768024980451 -0.01
0 0

0101101
*
Ve
1e-07
43.978194084761 -24.6749874748931 -0.01
0 0

0101101
*
Ed
 1e-07 1 1 0
1  690 0 -0.500000000000024 0.49999999999995
4 C0 713 0 712 0
0

0101000
+336 0 -335 0 *
Ve
1e-07
41.9759285284096 -23.6795314779505 -0.01
0 0

0101101
*
Ed
 1e-07 1 1 0
1  691 0 -1.00000000000004 0.999999999999977
4 C0 714 0 712 0
0

0101000
+333 0 -336 0 *
Ve
1e-07
42.7745640384569 -23.0777164547985 -0.01
0 0

0101101
*
Ed
 1e-07 1 1 0
1  692 0 -0.499999999999945 0.50000000000003
4 C0 715 0 712 0
0

0101000
+331 0 -333 0 *
Ed
 1e-07 1 1 0
1  693 0 -1.00000000000012 0.999999999999898
4 C0 716 0 712 0
0

0101000
+335 0 -331 0 *
Wi

0101100
-334 0 -332 0 -330 0 -329 0 *
Fa
0  1e-07 712 0

0111000
+328 0 *
Ve
1e-07
-10.2239583333333 2.83333333333333 -0.01
0 0

0101101
*
Ve
1e-07
-10.8828125 0.497395833333336 -0.01
0 0

0101101
*
Ed
 1e-07 1 1 0
1  694 0 0 1
2  501 718 0 0 1
4 C0 718 0 717 0
0

0101000
+326 0 -325 0 *
Ve
0.000529104992053208
-10.4765625 4.55989583333333 -0.01
0 0

0101101
*
Ed
 1e-07 1 1 0
1  695 0 0 1
2  502 719 0 0 1
4 C0 719 0 717 0
0

0101000
+323 0 -326 0 *
Ve
5.8084817844462e-05
-11.3151041666666 5.8203125 -0.01
0 0

0101101
*
Ed
 1e-07 1 1 0
1  696 0 0.319000655576319 0.854496060261675
2  503 720 0 0.319000655576319 0.854496060261675
4 C0 720 0 717 0
0

0101000
+323 0 -321 0 *
Ve
1e-07
-12.8515625 6.6171875 -0.01
0 0

0101101
*
Ed
 1e-07 1 1 0
1  697 0 0 1
2  504 721 0 0 1
4 C0 721 0 717 0
0

0101000
+319 0 -321 0 *
Ve
1e-07
-15.21875 6.96875 -0.01
0 0

0101101
*
Ed
 1e-07 1 1 0
1  698 0 0 1
2  505 722 0 0 1
4 C0 722 0 717 0
0

0101000
+317 0 -319 0 *
Ve
1e-07
-17.3489583333333 7.06770833333334 -0.01
0 0

0101101
*
Ed
 1e-07 1 1 0
1  699 0 -1.06625281888715 1.06625281888705
4 C0 723 0 717 0
0

0101000
+315 0 -317 0 *
Ve
1e-07
-17.3489583333333 4.36458333333334 -0.01
0 0

0101101
*
Ed
 1e-07 1 1 0
1  700 0 -1.3515625 1.3515625
4 C0 724 0 717 0
0

0101000
+313 0 -315 0 *
Ve
1e-07
-17.0416666666666 2.4453125 -0.01
0 0

0101101
*
Ed
 1e-07 1 1 0
1  701 0 0 1
2  506 725 0 0 1
4 C0 725 0 717 0
0

0101000
+311 0 -313 0 *
Ve
1e-07
-16.15625 0.979166666666669 -0.01
0 0

0101101
*
Ed
 1e-07 1 1 0
1  702 0 0 1
2  507 726 0 0 1
4 C0 726 0 717 0
0

0101000
+309 0 -311 0 *
Ve
1e-07
-14.7552083333333 0.0494791666666695 -0.01
0 0

0101101
*
Ed
 1e-07 1 1 0
1  703 0 0 1
2  508 727 0 0 1
4 C0 727 0 717 0
0

0101000
+307 0 -309 0 *
Ve
1e-07
-12.921875 -0.276041666666664 -0.01
0 0

0101101
*
Ed
 1e-07 1 1 0
1  704 0 0 1
2  509 728 0 0 1
4 C0 728 0 717 0
0

0101000
+305 0 -307 0 *
Ed
 1e-07 1 1 0
1  705 0 0 1
2  510 729 0 0 1
4 C0 729 0 717 0
0

0101000
+325 0 -305 0 *
Wi

0101100
-324 0 -322 0 +320 0 -318 0 -316 0 -314 0 -312 0 -310 0 -308 0 -306 0 
-304 0 -303 0 *
Ve
1e-07
-14.2604166666666 14.5364583333333 -0.01
0 0

0101101
*
Ve
1e-07
-12.703125 14.2682291666667 -0.01
0 0

0101101
*
Ed
 1e-07 1 1 0
1  706 0 0 1
2  511 730 0 0 1
4 C0 730 0 717 0
0

0101000
+301 0 -300 0 *
Ve
1e-07
-15.8958333333333 14.234375 -0.01
0 0

0101101
*
Ed
 1e-07 1 1 0
1  707 0 0 1
2  512 731 0 0 1
4 C0 731 0 717 0
0

0101000
+298 0 -301 0 *
Ve
1e-07
-16.8307291666666 13.3880208333333 -0.01
0 0

0101101
*
Ed
 1e-07 1 1 0
1  708 0 0 1
2  513 732 0 0 1
4 C0 732 0 717 0
0

0101000
+296 0 -298 0 *
Ve
0.000693055419073886
-17.2526041666667 12.0859375 -0.01
0 0

0101101
*
Ed
 1e-07 1 1 0
1  709 0 0 1
2  514 733 0 0 1
4 C0 733 0 717 0
0

0101000
+294 0 -296 0 *
Ve
0.000660054673589631
-17.348628313921 10.43750174706 -0.00999975000000002
0 0

0101101
*
Ed
 1e-07 1 1 0
1  710 0 3.0211637632036 3.14688641399953
2  515 734 0 3.0211637632036 3.14688641399953
4 C0 734 0 717 0
0

0101000
+294 0 -292 0 *
Ve
1e-07
-17.3489583333333 8.43229166666667 -0.01
0 0

0101101
*
Ed
 1e-07 1 1 0
1  711 0 -1.00260416666667 1.00260591372666
4 C0 735 0 717 0
0

0101000
+290 0 -292 0 *
Ve
1e-07
-14.5833333333333 8.33333333333334 -0.01
0 0

0101101
*
Ed
 1e-07 1 1 0
1  712 0 -1.38369743733602 1.38369743733602
4 C0 736 0 717 0
0

0101000
+288 0 -290 0 *
Ve
1e-07
-8.87239583333331 6.9375 -0.01
0 0

0101101
*
Ed
 1e-07 1 1 0
1  713 0 0 1
2  516 737 0 0 1
4 C0 737 0 717 0
0

0101000
+286 0 -288 0 *
Ve
1e-07
-6.984375 2.99479166666667 -0.01
0 0

0101101
*
Ed
 1e-07 1 1 0
1  714 0 0 1
2  517 738 0 0 1
4 C0 738 0 717 0
0

0101000
+284 0 -286 0 *
Ve
1e-07
-7.375 0.630208333333336 -0.01
0 0

0101101
*
Ed
 1e-07 1 1 0
1  715 0 0 1
2  518 739 0 0 1
4 C0 739 0 717 0
0

0101000
+282 0 -284 0 *
Ve
1e-07
-8.45572916666665 -1.03125 -0.01
0 0

0101101
*
Ed
 1e-07 1 1 0
1  716 0 0 1
2  519 740 0 0 1
4 C0 740 0 717 0
0

0101000
+280 0 -282 0 *
Ve
1e-07
-10.0989583333333 -2.01041666666667 -0.01
0 0

0101101
*
Ed
 1e-07 1 1 0
1  717 0 0 1
2  520 741 0 0 1
4 C0 741 0 717 0
0

0101000
+278 0 -280 0 *
Ve
1e-07
-12.1614583333333 -2.328125 -0.01
0 0

0101101
*
Ed
 1e-07 1 1 0
1  718 0 0 1
2  521 742 0 0 1
4 C0 742 0 717 0
0

0101000
+276 0 -278 0 *
Ve
0.000773294240000007
-13.9427083333333 -2.09114583333333 -0.01
0 0

0101101
*
Ed
 1e-07 1 1 0
1  719 0 0 1
2  522 743 0 0 1
4 C0 743 0 717 0
0

0101000
+274 0 -276 0 *
Ve
0.000672165603425051
-15.2684248897303 -1.42996074754256 -0.01
0 0

0101101
*
Ed
 1e-07 1 1 0
1  720 0 4.09124258719339 4.40973922416488
2  523 744 0 4.09124258719339 4.40973922416488
4 C0 744 0 717 0
0

0101000
+272 0 -274 0 *
Ve
0.000436092232763576
-16.3410724230244 -0.419210961155648 -0.01
0 0

0101101
*
Ed
 1e-07 1 1 0
1  721 0 3.83079359186645 4.08206506931073
2  524 745 0 3.83079359186645 4.08206506931073
4 C0 745 0 717 0
0

0101000
+270 0 -272 0 *
Ve
1e-07
-17.3486662442469 0.864583333333336 -0.01
0 0

0101101
*
Ed
 1e-07 1 1 0
1  722 0 3.78079949983086 3.83284445474771
2  525 746 0 3.78079949983086 3.83284445474771
4 C0 746 0 717 0
0

0101000
+268 0 -270 0 *
Ve
1e-07
-17.6302083333333 0.864583333333336 -0.01
0 0

0101101
*
Ed
 1e-07 1 1 0
1  723 0 -0.140625 0.1409170890864
4 C0 747 0 717 0
0

0101000
+266 0 -268 0 *
Ve
1e-07
-18.1510416666666 -2 -0.01
0 0

0101101
*
Ed
 1e-07 1 1 0
1  724 0 -1.45577342285142 1.45577342285143
4 C0 748 0 717 0
0

0101000
+264 0 -266 0 *
Ve
1e-07
-22.65625 -2 -0.01
0 0

0101101
*
Ed
 1e-07 1 1 0
1  725 0 -2.2526041666667 2.2526041666667
4 C0 749 0 717 0
0

0101000
+262 0 -264 0 *
Ve
1e-07
-22.65625 -0.598958333333331 -0.01
0 0

0101101
*
Ed
 1e-07 1 1 0
1  726 0 -0.700520833333329 0.70052083333334
4 C0 750 0 717 0
0

0101000
+260 0 -262 0 *
Ve
1e-07
-22.5572916666667 -0.598958333333331 -0.01
0 0

0101101
*
Ed
 1e-07 1 1 0
1  727 0 -0.0494791666666003 0.0494791666666998
4 C0 751 0 717 0
0

0101000
+258 0 -260 0 *
Ve
1e-07
-21.6067708333333 -0.484375 -0.01
0 0

0101101
*
Ed
 1e-07 1 1 0
1  728 0 0 1
2  526 752 0 0 1
4 C0 752 0 717 0
0

0101000
+256 0 -258 0 *
Ve
1e-07
-20.9635416666667 -0.0937499999999975 -0.01
0 0

0101101
*
Ed
 1e-07 1 1 0
1  729 0 0 1
2  527 753 0 0 1
4 C0 753 0 717 0
0

0101000
+254 0 -256 0 *
Ve
1e-07
-20.6067708333333 0.638020833333336 -0.01
0 0

0101101
*
Ed
 1e-07 1 1 0
1  730 0 0 1
2  528 754 0 0 1
4 C0 754 0 717 0
0

0101000
+252 0 -254 0 *
Ve
1e-07
-20.4947916666667 1.79166666666667 -0.01
0 0

0101101
*
Ed
 1e-07 1 1 0
1  731 0 0 1
2  529 755 0 0 1
4 C0 755 0 717 0
0

0101000
+250 0 -252 0 *
Ve
1e-07
-20.4947916666667 10.4375 -0.01
0 0

0101101
*
Ed
 1e-07 1 1 0
1  732 0 -4.32291666666666 4.32291666666667
4 C0 756 0 717 0
0

0101000
+248 0 -250 0 *
Ve
1e-07
-20.1119791666667 13.1302083333333 -0.01
0 0

0101101
*
Ed
 1e-07 1 1 0
1  733 0 0 1
2  530 757 0 0 1
4 C0 757 0 717 0
0

0101000
+246 0 -248 0 *
Ve
1e-07
-18.9635416666666 14.9114583333333 -0.01
0 0

0101101
*
Ed
 1e-07 1 1 0
1  734 0 0 1
2  531 758 0 0 1
4 C0 758 0 717 0
0

0101000
+244 0 -246 0 *
Ve
1e-07
-17.0572916666667 15.8958333333334 -0.01
0 0

0101101
*
Ed
 1e-07 1 1 0
1  735 0 0 1
2  532 759 0 0 1
4 C0 759 0 717 0
0

0101000
+242 0 -244 0 *
Ve
0.000917386688981641
-14.390625 16.1979166666666 -0.01
0 0

0101101
*
Ed
 1e-07 1 1 0
1  736 0 0 1
2  533 760 0 0 1
4 C0 760 0 717 0
0

0101000
+240 0 -242 0 *
Ve
0.000933830108749947
-12.0598958333333 16.0182291666667 -0.01
0 0

0101101
*
Ed
 1e-07 1 1 0
1  737 0 1.41320816422622 1.57607750922574
2  534 761 0 1.41320816422622 1.57607750922574
4 C0 761 0 717 0
0

0101000
+238 0 -240 0 *
Ve
1e-07
-10.1484375 15.4557291666667 -0.01
0 0

0101101
*
Ed
 1e-07 1 1 0
1  738 0 0 1
2  535 762 0 0 1
4 C0 762 0 717 0
0

0101000
+236 0 -238 0 *
Ve
1e-07
-8.85677083333332 14.4713541666667 -0.01
0 0

0101101
*
Ed
 1e-07 1 1 0
1  739 0 0 1
2  536 763 0 0 1
4 C0 763 0 717 0
0

0101000
+234 0 -236 0 *
Ve
1e-07
-8.38541666666665 13.0052083333333 -0.01
0 0

0101101
*
Ed
 1e-07 1 1 0
1  740 0 0 1
2  537 764 0 0 1
4 C0 764 0 717 0
0

0101000
+232 0 -234 0 *
Ve
1e-07
-9.109375 11.3776041666667 -0.01
0 0

0101101
*
Ed
 1e-07 1 1 0
1  741 0 0 1
2  538 765 0 0 1
4 C0 765 0 717 0
0

0101000
+230 0 -232 0 *
Ve
0.000742484313928532
-11.2135416666666 10.90625 -0.01
0 0

0101101
*
Ed
 1e-07 1 1 0
1  742 0 0 1
2  539 766 0 0 1
4 C0 766 0 717 0
0

0101000
+228 0 -230 0 *
Ve
0.000767865481244692
-11.328125 12.3541666666667 -0.01
0 0

0101101
*
Ed
 1e-07 1 1 0
1  743 0 6.27637597118592 6.44586660619753
2  540 767 0 6.27637597118592 6.44586660619753
4 C0 767 0 717 0
0

0101000
+228 0 -226 0 *
Ve
1e-07
-11.7760416666666 13.5104166666667 -0.01
0 0

0101101
*
Ed
 1e-07 1 1 0
1  744 0 0 1
2  541 768 0 0 1
4 C0 768 0 717 0
0

0101000
+224 0 -226 0 *
Ed
 1e-07 1 1 0
1  745 0 0 1
2  542 769 0 0 1
4 C0 769 0 717 0
0

0101000
+300 0 -224 0 *
Wi

0101100
-299 0 -297 0 -295 0 -293 0 +291 0 -289 0 -287 0 -285 0 -283 0 -281 0 
-279 0 -277 0 -275 0 -273 0 -271 0 -269 0 -267 0 -265 0 -263 0 -261 0 
-259 0 -257 0 -255 0 -253 0 -251 0 -249 0 -247 0 -245 0 -243 0 -241 0 
-239 0 -237 0 -235 0 -233 0 -231 0 -229 0 -227 0 +225 0 -223 0 -222 0 
*
Fa
0  1e-07 717 0

0111000
+302 0 +221 0 *
Ve
1e-07
-57.9488432844493 -14.6 -0.01
0 0

0101101
*
Ve
1e-07
-59.6262152777778 -16.2773719933286 -0.01
0 0

0101101
*
Ed
 1e-07 1 1 0
1  746 0 3.29216092636648 4.56182070760801
2  543 771 0 3.29216092636648 4.56182070760801
4 C0 771 0 770 0
0

0101000
+219 0 -218 0 *
Ve
1e-07
-59.6262152777778 -16.3 -0.01
0 0

0101101
*
Ed
 1e-07 1 1 0
1  747 0 -0.011314003335599 0.0113140033357979
4 C0 772 0 770 0
0

0101000
+218 0 -216 0 *
Ve
1e-07
-60.2262152777778 -16.3 -0.01
0 0

0101101
*
Ed
 1e-07 1 1 0
1  748 0 -0.150000000000006 0.449999999999996
4 C0 773 0 770 0
0

0101000
+216 0 -214 0 *
Ve
1e-07
-60.2262152777778 -16.2773719933286 -0.01
0 0

0101101
*
Ed
 1e-07 1 1 0
1  749 0 -0.011314003335599 0.0113140033357979
4 C0 774 0 770 0
0

0101000
+212 0 -214 0 *
Ve
1e-07
-60.2262152777778 -12.3226280066715 -0.01
0 0

0101101
*
Ed
 1e-07 1 1 0
1  750 0 4.86295725316137 7.7034133611978
2  544 775 0 4.86295725316137 7.7034133611978
4 C0 775 0 770 0
0

0101000
+212 0 -210 0 *
Ve
1e-07
-60.2262152777778 -8 -0.01
0 0

0101101
*
Ed
 1e-07 1 1 0
1  751 0 -2.1613140033357 2.1613140033358
4 C0 776 0 770 0
0

0101000
+208 0 -210 0 *
Ve
1e-07
-59.6262152777778 -8 -0.01
0 0

0101101
*
Ed
 1e-07 1 1 0
1  752 0 -0.300000000000004 0.299999999999997
4 C0 777 0 770 0
0

0101000
+206 0 -208 0 *
Ve
1e-07
-59.6262152777778 -12.3226280066715 -0.01
0 0

0101101
*
Ed
 1e-07 1 1 0
1  753 0 -2.1613140033357 2.1613140033358
4 C0 778 0 770 0
0

0101000
+206 0 -204 0 *
Ve
1e-07
-57.9488432844493 -14 -0.01
0 0

0101101
*
Ed
 1e-07 1 1 0
1  754 0 1.72136459957159 2.99102438081311
2  545 779 0 1.72136459957159 2.99102438081311
4 C0 779 0 770 0
0

0101000
+204 0 -202 0 *
Ve
1e-07
-45.9262152777778 -14 -0.01
0 0

0101101
*
Ed
 1e-07 1 1 0
1  755 0 -6.0113140033357 6.0113140033358
4 C0 780 0 770 0
0

0101000
+200 0 -202 0 *
Ve
1e-07
-45.9262152777778 -14.6 -0.01
0 0

0101101
*
Ed
 1e-07 1 1 0
1  756 0 -0.300000000000001 0.299999999999999
4 C0 781 0 770 0
0

0101000
+200 0 -198 0 *
Ed
 1e-07 1 1 0
1  757 0 -6.0113140033357 6.0113140033358
4 C0 782 0 770 0
0

0101000
+198 0 -219 0 *
Wi

0101100
+217 0 +215 0 +213 0 -211 0 +209 0 -207 0 -205 0 +203 0 +201 0 -199 0 
+197 0 +196 0 *
Ve
1e-05
-61.3262152777778 -14.3 -0.01
0 0

0101101
*
Ed
 1e-07 1 1 0
1  758 0 0 6.28318530717959
2  546 783 0 0 6.28318530717959
4 C0 783 0 770 0
0

0101000
-194 0 +194 0 *
Wi

0101100
-193 0 *
Fa
0  1e-07 770 0

0111000
+195 0 +192 0 *
Ve
0.000357934281961568
-38.078125 -0.526041666666664 -0.01
0 0

0101101
*
Ve
0.000350997859167305
-37.026042453148 -0.598782837921 -0.00999975000000003
0 0

0101101
*
Ed
 1e-07 1 1 0
1  759 0 4.57085581375365 4.71687044291743
2  547 785 0 4.57085581375365 4.71687044291743
4 C0 785 0 784 0
0

0101000
+190 0 -189 0 *
Ve
1e-07
-36.5885416666667 -0.598958333333331 -0.01
0 0

0101101
*
Ed
 1e-07 1 1 0
1  760 0 -0.21875 0.218750786481301
4 C0 786 0 784 0
0

0101000
+187 0 -189 0 *
Ve
1e-07
-36.5885416666667 -2 -0.01
0 0

0101101
*
Ed
 1e-07 1 1 0
1  761 0 -0.70052083333334 0.700520833333329
4 C0 787 0 784 0
0

0101000
+185 0 -187 0 *
Ve
1e-07
-46.0625 -2 -0.01
0 0

0101101
*
Ed
 1e-07 1 1 0
1  762 0 -4.7369791666667 4.7369791666666
4 C0 788 0 784 0
0

0101000
+183 0 -185 0 *
Ve
1e-07
-46.0625 -0.598958333333331 -0.01
0 0

0101101
*
Ed
 1e-07 1 1 0
1  763 0 -0.700520833333329 0.70052083333334
4 C0 789 0 784 0
0

0101000
+181 0 -183 0 *
Ve
0.00027359135853974
-45.6197911840765 -0.598821539873257 -0.01
0 0

0101101
*
Ed
 1e-07 1 1 0
1  764 0 -0.221354649256803 0.2213541666667
4 C0 790 0 784 0
0

0101000
+179 0 -181 0 *
Ve
0.000271122670980403
-44.5625 -0.518229166666664 -0.01
0 0

0101101
*
Ed
 1e-07 1 1 0
1  765 0 4.70886112079813 4.86730629445032
2  548 791 0 4.70886112079813 4.86730629445032
4 C0 791 0 784 0
0

0101000
+179 0 -177 0 *
Ve
1e-07
-43.6927083333333 -0.184895833333331 -0.01
0 0

0101101
*
Ed
 1e-07 1 1 0
1  766 0 0 1
2  549 792 0 0 1
4 C0 792 0 784 0
0

0101000
+175 0 -177 0 *
Ve
1e-07
-43.1067708333333 0.5390625 -0.01
0 0

0101101
*
Ed
 1e-07 1 1 0
1  767 0 0 1
2  550 793 0 0 1
4 C0 793 0 784 0
0

0101000
+173 0 -175 0 *
Ve
1e-07
-42.8854166666666 1.79166666666667 -0.01
0 0

0101101
*
Ed
 1e-07 1 1 0
1  768 0 0 1
2  551 794 0 0 1
4 C0 794 0 784 0
0

0101000
+171 0 -173 0 *
Ve
1e-07
-42.8854166666666 15.8697916666667 -0.01
0 0

0101101
*
Ed
 1e-07 1 1 0
1  769 0 -7.03906250000003 7.0390625
4 C0 795 0 784 0
0

0101000
+169 0 -171 0 *
Ve
1e-07
-36.9322916666667 15.8697916666667 -0.01
0 0

0101101
*
Ed
 1e-07 1 1 0
1  770 0 -2.9765625 2.9765624999999
4 C0 796 0 784 0
0

0101000
+167 0 -169 0 *
Ve
1e-07
-36.9322916666667 14.4739583333333 -0.01
0 0

0101101
*
Ed
 1e-07 1 1 0
1  771 0 -0.6979166666667 0.697916666666698
4 C0 797 0 784 0
0

0101000
+165 0 -167 0 *
Ve
0.000391166963727308
-37.0260426461409 14.4737627542599 -0.01
0 0

0101101
*
Ed
 1e-07 1 1 0
1  772 0 -0.0468759794742013 0.046875
4 C0 798 0 784 0
0

0101000
+163 0 -165 0 *
Ve
0.000395205839509691
-38.078125 14.390625 -0.01
0 0

0101101
*
Ed
 1e-07 1 1 0
1  773 0 1.56578829572191 1.73240510974463
2  552 799 0 1.56578829572191 1.73240510974463
4 C0 799 0 784 0
0

0101000
+163 0 -161 0 *
Ve
1e-07
-38.9479166666667 14.0651041666667 -0.01
0 0

0101101
*
Ed
 1e-07 1 1 0
1  774 0 0 1
2  553 800 0 0 1
4 C0 800 0 784 0
0

0101000
+159 0 -161 0 *
Ve
1e-07
-39.5416666666666 13.375 -0.01
0 0

0101101
*
Ed
 1e-07 1 1 0
1  775 0 0 1
2  554 801 0 0 1
4 C0 801 0 784 0
0

0101000
+157 0 -159 0 *
Ve
1e-07
-39.7604166666667 12.1927083333333 -0.01
0 0

0101101
*
Ed
 1e-07 1 1 0
1  776 0 0 1
2  555 802 0 0 1
4 C0 802 0 784 0
0

0101000
+155 0 -157 0 *
Ve
1e-07
-39.7604166666667 1.63020833333333 -0.01
0 0

0101101
*
Ed
 1e-07 1 1 0
1  777 0 -5.28125000000001 5.28124999999996
4 C0 803 0 784 0
0

0101000
+153 0 -155 0 *
Ve
1e-07
-39.5416666666666 0.44791666666667 -0.01
0 0

0101101
*
Ed
 1e-07 1 1 0
1  778 0 0 1
2  556 804 0 0 1
4 C0 804 0 784 0
0

0101000
+151 0 -153 0 *
Ve
1e-07
-38.9479166666667 -0.226562499999997 -0.01
0 0

0101101
*
Ed
 1e-07 1 1 0
1  779 0 0 1
2  557 805 0 0 1
4 C0 805 0 784 0
0

0101000
+149 0 -151 0 *
Ed
 1e-07 1 1 0
1  780 0 0 1
2  558 806 0 0 1
4 C0 806 0 784 0
0

0101000
+190 0 -149 0 *
Wi

0101100
+188 0 -186 0 -184 0 -182 0 -180 0 -178 0 +176 0 -174 0 -172 0 -170 0 
-168 0 -166 0 -164 0 -162 0 +160 0 -158 0 -156 0 -154 0 -152 0 -150 0 
-148 0 -147 0 *
Fa
0  1e-07 784 0

0111000
+146 0 *
Ve
0.000544062532681653
-34.0338871898459 -0.50287418333189 -0.01
0 0

0101101
*
Ve
0.000512977406857854
-32.9270833333333 -0.567708333333331 -0.01
0 0

0101101
*
Ed
 1e-07 1 1 0
1  781 0 4.59069280986668 4.71847643321447
2  559 808 0 4.59069280986668 4.71847643321447
4 C0 808 0 807 0
0

0101000
+144 0 -143 0 *
Ve
1e-07
-31.0781249999999 0.229166666666669 -0.01
0 0

0101101
*
Ed
 1e-07 1 1 0
1  782 0 0 1
2  560 809 0 0 1
4 C0 809 0 807 0
0

0101000
+141 0 -143 0 *
Ve
1e-07
-30.3854166666667 2.734375 -0.01
0 0

0101101
*
Ed
 1e-07 1 1 0
1  783 0 0 1
2  561 810 0 0 1
4 C0 810 0 807 0
0

0101000
+139 0 -141 0 *
Ve
1e-07
-30.3854166666667 13.96875 -0.01
0 0

0101101
*
Ed
 1e-07 1 1 0
1  784 0 -5.6171875 5.6171875
4 C0 811 0 807 0
0

0101000
+137 0 -139 0 *
Ve
1e-07
-34.75 13.96875 -0.01
0 0

0101101
*
Ed
 1e-07 1 1 0
1  785 0 -2.1822916666667 2.1822916666666
4 C0 812 0 807 0
0

0101000
+135 0 -137 0 *
Ve
1e-07
-34.75 15.8697916666667 -0.01
0 0

0101101
*
Ed
 1e-07 1 1 0
1  786 0 -0.950520833333398 0.9505208333333
4 C0 813 0 807 0
0

0101000
+133 0 -135 0 *
Ve
1e-07
-30.3854166666667 15.8697916666667 -0.01
0 0

0101101
*
Ed
 1e-07 1 1 0
1  787 0 -2.1822916666666 2.1822916666667
4 C0 814 0 807 0
0

0101000
+131 0 -133 0 *
Ve
1e-07
-30.3854166666667 19.9739583333334 -0.01
0 0

0101101
*
Ed
 1e-07 1 1 0
1  788 0 -2.0520833333334 2.0520833333333
4 C0 815 0 807 0
0

0101000
+129 0 -131 0 *
Ve
1e-07
-28.859375 19.9739583333334 -0.01
0 0

0101101
*
Ed
 1e-07 1 1 0
1  789 0 -0.7630208333333 0.7630208333334
4 C0 816 0 807 0
0

0101000
+127 0 -129 0 *
Ve
1e-07
-28.2473958333333 17.8333333333334 -0.01
0 0

0101101
*
Ed
 1e-07 1 1 0
1  790 0 0 1
2  562 817 0 0 1
4 C0 817 0 807 0
0

0101000
+125 0 -127 0 *
Ve
0.000781917034139901
-27.328125 16.359375 -0.01
0 0

0101101
*
Ed
 1e-07 1 1 0
1  791 0 0 1
2  563 818 0 0 1
4 C0 818 0 807 0
0

0101000
+123 0 -125 0 *
Ve
0.000365558369029224
-26.0520833333333 15.546875 -0.01
0 0

0101101
*
Ed
 1e-07 1 1 0
1  792 0 3.90454557909823 4.38477229824736
2  564 819 0 3.90454557909823 4.38477229824736
4 C0 819 0 807 0
0

0101000
+123 0 -121 0 *
Ve
1e-07
-24.7239583333333 15.3020833333333 -0.01
0 0

0101101
*
Ed
 1e-07 1 1 0
1  793 0 0 1
2  565 820 0 0 1
4 C0 820 0 807 0
0

0101000
+119 0 -121 0 *
Ve
1e-07
-24.7239583333333 13.96875 -0.01
0 0

0101101
*
Ed
 1e-07 1 1 0
1  794 0 -0.6666666666667 0.6666666666666
4 C0 821 0 807 0
0

0101000
+117 0 -119 0 *
Ve
1e-07
-27.2604166666667 13.96875 -0.01
0 0

0101101
*
Ed
 1e-07 1 1 0
1  795 0 -1.2682291666667 1.2682291666667
4 C0 822 0 807 0
0

0101000
+115 0 -117 0 *
Ve
1e-07
-27.2604166666667 2.83333333333333 -0.01
0 0

0101101
*
Ed
 1e-07 1 1 0
1  796 0 -5.56770833333334 5.56770833333333
4 C0 823 0 807 0
0

0101000
+113 0 -115 0 *
Ve
1e-07
-27.5468749999999 0.40885416666667 -0.01
0 0

0101101
*
Ed
 1e-07 1 1 0
1  797 0 0 1
2  566 824 0 0 1
4 C0 824 0 807 0
0

0101000
+111 0 -113 0 *
Ve
1e-07
-28.4192708333333 -1.18489583333333 -0.01
0 0

0101101
*
Ed
 1e-07 1 1 0
1  798 0 0 1
2  567 825 0 0 1
4 C0 825 0 807 0
0

0101000
+109 0 -111 0 *
Ve
1e-07
-29.9166666666667 -2.05729166666667 -0.01
0 0

0101101
*
Ed
 1e-07 1 1 0
1  799 0 0 1
2  568 826 0 0 1
4 C0 826 0 807 0
0

0101000
+107 0 -109 0 *
Ve
0.000199854784452946
-32.0989583333333 -2.328125 -0.01
0 0

0101101
*
Ed
 1e-07 1 1 0
1  800 0 0 1
2  569 827 0 0 1
4 C0 827 0 807 0
0

0101000
+105 0 -107 0 *
Ve
0.00019243608701416
-32.9270739565865 -2.28636257067014 -0.01
0 0

0101101
*
Ed
 1e-07 1 1 0
1  801 0 4.61433501446399 4.70895364299161
2  570 828 0 4.61433501446399 4.70895364299161
4 C0 828 0 807 0
0

0101000
+103 0 -105 0 *
Ve
0.000194739313112885
-33.7630149558375 -2.17184155591912 -0.01
0 0

0101101
*
Ed
 1e-07 1 1 0
1  802 0 4.53350101136718 4.61942575924022
2  571 829 0 4.53350101136718 4.61942575924022
4 C0 829 0 807 0
0

0101000
+101 0 -103 0 *
Ve
0.000768551961403957
-34.5051356697543 -1.99972655681496 -0.01
0 0

0101101
*
Ed
 1e-07 1 1 0
1  803 0 4.43588819731289 4.53479625557793
2  572 830 0 4.43588819731289 4.53479625557793
4 C0 830 0 807 0
0

0101000
+99 0 -101 0 *
Ve
1e-07
-35.0572916666666 -1.80307696875879 -0.01
0 0

0101101
*
Ed
 1e-07 1 1 0
1  804 0 4.29391261013972 4.44823367536405
2  573 831 0 4.29391261013972 4.44823367536405
4 C0 831 0 807 0
0

0101000
+97 0 -99 0 *
Ve
5.91218159557365e-05
-35.0572916666666 -0.338541666666664 -0.01
0 0

0101101
*
Ed
 1e-07 1 1 0
1  805 0 -0.731770833333336 0.73276446875879
4 C0 832 0 807 0
0

0101000
+95 0 -97 0 *
Ed
 1e-07 1 1 0
1  806 0 4.52386164372669 4.58278550440069
2  574 833 0 4.52386164372669 4.58278550440069
4 C0 833 0 807 0
0

0101000
+95 0 -144 0 *
Wi

0101100
+142 0 -140 0 -138 0 -136 0 -134 0 -132 0 -130 0 -128 0 -126 0 -124 0 
-122 0 +120 0 -118 0 -116 0 -114 0 -112 0 -110 0 -108 0 -106 0 -104 0 
-102 0 -100 0 -98 0 -96 0 -94 0 +93 0 *
Fa
0  1e-07 807 0

0111000
+92 0 *
Ve
1e-07
64.4262152777778 -14.6 -0.01
0 0

0101101
*
Ve
1e-07
62.9262152777778 -14.6 -0.01
0 0

0101101
*
Ed
 1e-07 1 1 0
1  807 0 -0.750000000000007 0.75
4 C0 835 0 834 0
0

0101000
+90 0 -89 0 *
Ve
1e-07
62.9262152777778 -14 -0.01
0 0

0101101
*
Ed
 1e-07 1 1 0
1  808 0 -0.299999999999999 0.300000000000001
4 C0 836 0 834 0
0

0101000
+89 0 -87 0 *
Ve
1e-07
64.4262152777778 -14 -0.01
0 0

0101101
*
Ed
 1e-07 1 1 0
1  809 0 -0.750000000000007 0.75
4 C0 837 0 834 0
0

0101000
+85 0 -87 0 *
Ed
 1e-07 1 1 0
1  810 0 -0.299999999999999 0.300000000000001
4 C0 838 0 834 0
0

0101000
+90 0 -85 0 *
Wi

0101100
+88 0 +86 0 -84 0 -83 0 *
Fa
0  1e-07 834 0

0111000
+82 0 *
Ve
1e-07
-63.8854166666666 6.96875 -0.01
0 0

0101101
*
Ve
1e-07
-61.890625 -0.0312499999999975 -0.01
0 0

0101101
*
Ed
 1e-07 1 1 0
1  811 0 0 1
2  575 840 0 0 1
4 C0 840 0 839 0
0

0101000
+80 0 -79 0 *
Ve
1e-07
-63.3567708333333 11.046875 -0.01
0 0

0101101
*
Ed
 1e-07 1 1 0
1  812 0 0 1
2  576 841 0 0 1
4 C0 841 0 839 0
0

0101000
+77 0 -80 0 *
Ve
8.91311707206988e-05
-61.8255208333333 13.9270833333333 -0.01
0 0

0101101
*
Ed
 1e-07 1 1 0
1  813 0 0 1
2  577 842 0 0 1
4 C0 842 0 839 0
0

0101000
+75 0 -77 0 *
Ve
0.00076972401518864
-59.390625 15.6354166666666 -0.01
0 0

0101101
*
Ed
 1e-07 1 1 0
1  814 0 1.93984665098584 2.42490546782888
2  578 843 0 1.93984665098584 2.42490546782888
4 C0 843 0 839 0
0

0101000
+73 0 -75 0 *
Ve
1e-07
-56.1510416666667 16.1979166666666 -0.01
0 0

0101101
*
Ed
 1e-07 1 1 0
1  815 0 0 1
2  579 844 0 0 1
4 C0 844 0 839 0
0

0101000
+71 0 -73 0 *
Ve
1e-07
-50.3020833333333 13.9192708333333 -0.01
0 0

0101101
*
Ed
 1e-07 1 1 0
1  816 0 0 1
2  580 845 0 0 1
4 C0 845 0 839 0
0

0101000
+69 0 -71 0 *
Ve
1e-07
-48.3229166666666 6.96875 -0.01
0 0

0101101
*
Ed
 1e-07 1 1 0
1  817 0 0 1
2  581 846 0 0 1
4 C0 846 0 839 0
0

0101000
+67 0 -69 0 *
Ve
1e-07
-48.8515625 2.875 -0.01
0 0

0101101
*
Ed
 1e-07 1 1 0
1  818 0 0 1
2  582 847 0 0 1
4 C0 847 0 839 0
0

0101000
+65 0 -67 0 *
Ve
0.000194911151445834
-50.3828125 -0.0312499999999975 -0.01
0 0

0101101
*
Ed
 1e-07 1 1 0
1  819 0 0 1
2  583 848 0 0 1
4 C0 848 0 839 0
0

0101000
+63 0 -65 0 *
Ve
0.000666489781628156
-52.8177083333333 -1.7578125 -0.01
0 0

0101101
*
Ed
 1e-07 1 1 0
1  820 0 5.08662582644319 5.5714478491526
2  584 849 0 5.08662582644319 5.5714478491526
4 C0 849 0 839 0
0

0101000
+61 0 -63 0 *
Ve
1e-07
-56.0572916666667 -2.328125 -0.01
0 0

0101101
*
Ed
 1e-07 1 1 0
1  821 0 0 1
2  585 850 0 0 1
4 C0 850 0 839 0
0

0101000
+59 0 -61 0 *
Ed
 1e-07 1 1 0
1  822 0 0 1
2  586 851 0 0 1
4 C0 851 0 839 0
0

0101000
+79 0 -59 0 *
Wi

0101100
-78 0 -76 0 -74 0 -72 0 -70 0 -68 0 -66 0 -64 0 -62 0 -60 0 
-58 0 -57 0 *
Ve
1e-07
-51.546875 6.96875 -0.01
0 0

0101101
*
Ve
1e-07
-51.7916666666667 3.69791666666667 -0.01
0 0

0101101
*
Ed
 1e-07 1 1 0
1  823 0 0 1
2  587 852 0 0 1
4 C0 852 0 839 0
0

0101000
+55 0 -54 0 *
Ve
1e-07
-51.7916666666667 10.2239583333333 -0.01
0 0

0101101
*
Ed
 1e-07 1 1 0
1  824 0 0 1
2  588 853 0 0 1
4 C0 853 0 839 0
0

0101000
+52 0 -55 0 *
Ve
1e-07
-52.5729166666666 12.5598958333333 -0.01
0 0

0101101
*
Ed
 1e-07 1 1 0
1  825 0 0 1
2  589 854 0 0 1
4 C0 854 0 839 0
0

0101000
+50 0 -52 0 *
Ve
1e-07
-53.9713541666667 13.9661458333333 -0.01
0 0

0101101
*
Ed
 1e-07 1 1 0
1  826 0 0 1
2  590 855 0 0 1
4 C0 855 0 839 0
0

0101000
+48 0 -50 0 *
Ve
1e-07
-56.0885416666666 14.4375 -0.01
0 0

0101101
*
Ed
 1e-07 1 1 0
1  827 0 0 1
2  591 856 0 0 1
4 C0 856 0 839 0
0

0101000
+46 0 -48 0 *
Ve
1e-07
-58.2109375 13.9661458333333 -0.01
0 0

0101101
*
Ed
 1e-07 1 1 0
1  828 0 0 1
2  592 857 0 0 1
4 C0 857 0 839 0
0

0101000
+44 0 -46 0 *
Ve
1e-07
-59.6197916666666 12.5598958333333 -0.01
0 0

0101101
*
Ed
 1e-07 1 1 0
1  829 0 0 1
2  593 858 0 0 1
4 C0 858 0 839 0
0

0101000
+42 0 -44 0 *
Ve
1e-07
-60.4010416666666 10.2239583333333 -0.01
0 0

0101101
*
Ed
 1e-07 1 1 0
1  830 0 0 1
2  594 859 0 0 1
4 C0 859 0 839 0
0

0101000
+40 0 -42 0 *
Ve
1e-07
-60.6458333333333 6.96875 -0.01
0 0

0101101
*
Ed
 1e-07 1 1 0
1  831 0 0 1
2  595 860 0 0 1
4 C0 860 0 839 0
0

0101000
+38 0 -40 0 *
Ve
1e-07
-60.4088541666666 3.69791666666667 -0.01
0 0

0101101
*
Ed
 1e-07 1 1 0
1  832 0 0 1
2  596 861 0 0 1
4 C0 861 0 839 0
0

0101000
+36 0 -38 0 *
Ve
1e-07
-59.6354166666666 1.328125 -0.01
0 0

0101101
*
Ed
 1e-07 1 1 0
1  833 0 0 1
2  597 862 0 0 1
4 C0 862 0 839 0
0

0101000
+34 0 -36 0 *
Ve
1e-07
-58.2369791666667 -0.111979166666664 -0.01
0 0

0101101
*
Ed
 1e-07 1 1 0
1  834 0 0 1
2  598 863 0 0 1
4 C0 863 0 839 0
0

0101000
+32 0 -34 0 *
Ve
1e-07
-56.1197916666666 -0.598958333333331 -0.01
0 0

0101101
*
Ed
 1e-07 1 1 0
1  835 0 0 1
2  599 864 0 0 1
4 C0 864 0 839 0
0

0101000
+30 0 -32 0 *
Ve
1e-07
-53.9947916666666 -0.111979166666664 -0.01
0 0

0101101
*
Ed
 1e-07 1 1 0
1  836 0 0 1
2  600 865 0 0 1
4 C0 865 0 839 0
0

0101000
+28 0 -30 0 *
Ve
1e-07
-52.5807291666667 1.328125 -0.01
0 0

0101101
*
Ed
 1e-07 1 1 0
1  837 0 0 1
2  601 866 0 0 1
4 C0 866 0 839 0
0

0101000
+26 0 -28 0 *
Ed
 1e-07 1 1 0
1  838 0 0 1
2  602 867 0 0 1
4 C0 867 0 839 0
0

0101000
+54 0 -26 0 *
Wi

0101100
-53 0 -51 0 -49 0 -47 0 -45 0 -43 0 -41 0 -39 0 -37 0 -35 0 
-33 0 -31 0 -29 0 -27 0 -25 0 -24 0 *
Fa
0  1e-07 839 0

0111000
+56 0 +23 0 *
Ve
1e-07
59.9262152777778 -14.6 -0.01
0 0

0101101
*
Ve
1e-07
58.4262152777778 -14.6 -0.01
0 0

0101101
*
Ed
 1e-07 1 1 0
1  839 0 -0.75 0.75
4 C0 869 0 868 0
0

0101000
+21 0 -20 0 *
Ve
1e-07
58.4262152777778 -14 -0.01
0 0

0101101
*
Ed
 1e-07 1 1 0
1  840 0 -0.299999999999999 0.300000000000001
4 C0 870 0 868 0
0

0101000
+20 0 -18 0 *
Ve
1e-07
59.9262152777778 -14 -0.01
0 0

0101101
*
Ed
 1e-07 1 1 0
1  841 0 -0.75 0.75
4 C0 871 0 868 0
0

0101000
+16 0 -18 0 *
Ed
 1e-07 1 1 0
1  842 0 -0.299999999999999 0.300000000000001
4 C0 872 0 868 0
0

0101000
+21 0 -16 0 *
Wi

0101100
+19 0 +17 0 -15 0 -14 0 *
Fa
0  1e-07 868 0

0111000
+13 0 *
Ve
1e-07
55.4262152777778 -14.6 -0.01
0 0

0101101
*
Ve
1e-07
53.9262152777778 -14.6 -0.01
0 0

0101101
*
Ed
 1e-07 1 1 0
1  843 0 -0.75 0.75
4 C0 874 0 873 0
0

0101000
+11 0 -10 0 *
Ve
1e-07
53.9262152777778 -14 -0.01
0 0

0101101
*
Ed
 1e-07 1 1 0
1  844 0 -0.299999999999999 0.300000000000001
4 C0 875 0 873 0
0

0101000
+10 0 -8 0 *
Ve
1e-07
55.4262152777778 -14 -0.01
0 0

0101101
*
Ed
 1e-07 1 1 0
1  845 0 -0.75 0.75
4 C0 876 0 873 0
0

0101000
+6 0 -8 0 *
Ed
 1e-07 1 1 0
1  846 0 -0.299999999999999 0.300000000000001
4 C0 877 0 873 0
0

0101000
+11 0 -6 0 *
Wi

0101100
+9 0 +7 0 -5 0 -4 0 *
Fa
0  1e-07 873 0

0111000
+3 0 *
Co

1100000
+1653 1 +1587 2 +1487 3 +1453 4 +1397 5 +1339 6 +1329 7 +1260 8 +1171 9 +1161 10 
+1095 11 +1085 12 +985 13 +870 14 +860 15 +760 16 +562 17 +552 18 +470 19 +411 20 
+347 21 +337 22 +327 23 +220 24 +191 25 +145 26 +91 27 +81 28 +22 29 +12 30 
+2 31 *

+1 0 