  0
SECTION
  2
HEADER
  9
$ACADVER
  1
AC1027
  9
$ACADMAINTVER
 70
105
  9
$DWGCODEPAGE
  3
ANSI_1252
  9
$LASTSAVEDBY
  1
ezdxf
  9
$REQUIREDVERSIONS
160
0
  9
$INSBASE
 10
0.0
 20
0.0
 30
0.0
  9
$EXTMIN
 10
1e+20
 20
1e+20
 30
1e+20
  9
$EXTMAX
 10
-1e+20
 20
-1e+20
 30
-1e+20
  9
$LIMMIN
 10
0.0
 20
0.0
  9
$LIMMAX
 10
420.0
 20
297.0
  9
$ORTHOMODE
 70
0
  9
$REGENMODE
 70
1
  9
$FILLMODE
 70
1
  9
$QTEXTMODE
 70
0
  9
$MIRRTEXT
 70
1
  9
$LTSCALE
 40
1.0
  9
$ATTMODE
 70
1
  9
$TEXTSIZE
 40
2.5
  9
$TRACEWID
 40
1.0
  9
$TEXTSTYLE
  7
Standard
  9
$CLAYER
  8
0
  9
$CELTYPE
  6
ByLayer
  9
$CECOLOR
 62
256
  9
$CELTSCALE
 40
1.0
  9
$DISPSILH
 70
0
  9
$DIMSCALE
 40
1.0
  9
$DIMASZ
 40
2.5
  9
$DIMEXO
 40
0.625
  9
$DIMDLI
 40
3.75
  9
$DIMRND
 40
0.0
  9
$DIMDLE
 40
0.0
  9
$DIMEXE
 40
1.25
  9
$DIMTP
 40
0.0
  9
$DIMTM
 40
0.0
  9
$DIMTXT
 40
2.5
  9
$DIMCEN
 40
2.5
  9
$DIMTSZ
 40
0.0
  9
$DIMTOL
 70
0
  9
$DIMLIM
 70
0
  9
$DIMTIH
 70
0
  9
$DIMTOH
 70
0
  9
$DIMSE1
 70
0
  9
$DIMSE2
 70
0
  9
$DIMTAD
 70
1
  9
$DIMZIN
 70
8
  9
$DIMBLK
  1

  9
$DIMASO
 70
1
  9
$DIMSHO
 70
1
  9
$DIMPOST
  1

  9
$DIMAPOST
  1

  9
$DIMALT
 70
0
  9
$DIMALTD
 70
3
  9
$DIMALTF
 40
0.03937007874
  9
$DIMLFAC
 40
1.0
  9
$DIMTOFL
 70
1
  9
$DIMTVP
 40
0.0
  9
$DIMTIX
 70
0
  9
$DIMSOXD
 70
0
  9
$DIMSAH
 70
0
  9
$DIMBLK1
  1

  9
$DIMBLK2
  1

  9
$DIMSTYLE
  2
ISO-25
  9
$DIMCLRD
 70
0
  9
$DIMCLRE
 70
0
  9
$DIMCLRT
 70
0
  9
$DIMTFAC
 40
1.0
  9
$DIMGAP
 40
0.625
  9
$DIMJUST
 70
0
  9
$DIMSD1
 70
0
  9
$DIMSD2
 70
0
  9
$DIMTOLJ
 70
0
  9
$DIMTZIN
 70
8
  9
$DIMALTZ
 70
0
  9
$DIMALTTZ
 70
0
  9
$DIMUPT
 70
0
  9
$DIMDEC
 70
2
  9
$DIMTDEC
 70
2
  9
$DIMALTU
 70
2
  9
$DIMALTTD
 70
3
  9
$DIMTXSTY
  7
Standard
  9
$DIMAUNIT
 70
0
  9
$DIMADEC
 70
0
  9
$DIMALTRND
 40
0.0
  9
$DIMAZIN
 70
0
  9
$DIMDSEP
 70
44
  9
$DIMATFIT
 70
3
  9
$DIMFRAC
 70
0
  9
$DIMLDRBLK
  1

  9
$DIMLUNIT
 70
2
  9
$DIMLWD
 70
-2
  9
$DIMLWE
 70
-2
  9
$DIMTMOVE
 70
0
  9
$DIMFXL
 40
1.0
  9
$DIMFXLON
 70
0
  9
$DIMJOGANG
 40
0.785398163397
  9
$DIMTFILL
 70
0
  9
$DIMTFILLCLR
 70
0
  9
$DIMARCSYM
 70
0
  9
$DIMLTYPE
  6

  9
$DIMLTEX1
  6

  9
$DIMLTEX2
  6

  9
$DIMTXTDIRECTION
 70
0
  9
$LUNITS
 70
2
  9
$LUPREC
 70
4
  9
$SKETCHINC
 40
1.0
  9
$FILLETRAD
 40
10.0
  9
$AUNITS
 70
0
  9
$AUPREC
 70
2
  9
$MENU
  1
.
  9
$ELEVATION
 40
0.0
  9
$PELEVATION
 40
0.0
  9
$THICKNESS
 40
0.0
  9
$LIMCHECK
 70
0
  9
$CHAMFERA
 40
0.0
  9
$CHAMFERB
 40
0.0
  9
$CHAMFERC
 40
0.0
  9
$CHAMFERD
 40
0.0
  9
$SKPOLY
 70
0
  9
$TDCREATE
 40
2461286.7003587964
  9
$TDUCREATE
 40
2458532.153996898
  9
$TDUPDATE
 40
2461286.7003587964
  9
$TDUUPDATE
 40
2458532.1544311
  9
$TDINDWG
 40
0.0
  9
$TDUSRTIMER
 40
0.0
  9
$USRTIMER
 70
1
  9
$ANGBASE
 50
0.0
  9
$ANGDIR
 70
0
  9
$PDMODE
 70
0
  9
$PDSIZE
 40
0.0
  9
$PLINEWID
 40
0.0
  9
$SPLFRAME
 70
0
  9
$SPLINETYPE
 70
6
  9
$SPLINESEGS
 70
8
  9
$HANDSEED
  5
AFD
  9
$SURFTAB1
 70
6
  9
$SURFTAB2
 70
6
  9
$SURFTYPE
 70
6
  9
$SURFU
 70
6
  9
$SURFV
 70
6
  9
$UCSBASE
  2

  9
$UCSNAME
  2

  9
$UCSORG
 10
0.0
 20
0.0
 30
0.0
  9
$UCSXDIR
 10
1.0
 20
0.0
 30
0.0
  9
$UCSYDIR
 10
0.0
 20
1.0
 30
0.0
  9
$UCSORTHOREF
  2

  9
$UCSORTHOVIEW
 70
0
  9
$UCSORGTOP
 10
0.0
 20
0.0
 30
0.0
  9
$UCSORGBOTTOM
 10
0.0
 20
0.0
 30
0.0
  9
$UCSORGLEFT
 10
0.0
 20
0.0
 30
0.0
  9
$UCSORGRIGHT
 10
0.0
 20
0.0
 30
0.0
  9
$UCSORGFRONT
 10
0.0
 20
0.0
 30
0.0
  9
$UCSORGBACK
 10
0.0
 20
0.0
 30
0.0
  9
$PUCSBASE
  2

  9
$PUCSNAME
  2

  9
$PUCSORG
 10
0.0
 20
0.0
 30
0.0
  9
$PUCSXDIR
 10
1.0
 20
0.0
 30
0.0
  9
$PUCSYDIR
 10
0.0
 20
1.0
 30
0.0
  9
$PUCSORTHOREF
  2

  9
$PUCSORTHOVIEW
 70
0
  9
$PUCSORGTOP
 10
0.0
 20
0.0
 30
0.0
  9
$PUCSORGBOTTOM
 10
0.0
 20
0.0
 30
0.0
  9
$PUCSORGLEFT
 10
0.0
 20
0.0
 30
0.0
  9
$PUCSORGRIGHT
 10
0.0
 20
0.0
 30
0.0
  9
$PUCSORGFRONT
 10
0.0
 20
0.0
 30
0.0
  9
$PUCSORGBACK
 10
0.0
 20
0.0
 30
0.0
  9
$USERI1
 70
0
  9
$USERI2
 70
0
  9
$USERI3
 70
0
  9
$USERI4
 70
0
  9
$USERI5
 70
0
  9
$USERR1
 40
0.0
  9
$USERR2
 40
0.0
  9
$USERR3
 40
0.0
  9
$USERR4
 40
0.0
  9
$USERR5
 40
0.0
  9
$WORLDVIEW
 70
1
  9
$SHADEDGE
 70
3
  9
$SHADEDIF
 70
70
  9
$TILEMODE
 70
1
  9
$MAXACTVP
 70
64
  9
$PINSBASE
 10
0.0
 20
0.0
 30
0.0
  9
$PLIMCHECK
 70
0
  9
$PEXTMIN
 10
1e+20
 20
1e+20
 30
1e+20
  9
$PEXTMAX
 10
-1e+20
 20
-1e+20
 30
-1e+20
  9
$PLIMMIN
 10
0.0
 20
0.0
  9
$PLIMMAX
 10
420.0
 20
297.0
  9
$UNITMODE
 70
0
  9
$VISRETAIN
 70
1
  9
$PLINEGEN
 70
0
  9
$PSLTSCALE
 70
1
  9
$TREEDEPTH
 70
3020
  9
$CMLSTYLE
  2
Standard
  9
$CMLJUST
 70
0
  9
$CMLSCALE
 40
20.0
  9
$PROXYGRAPHICS
 70
1
  9
$MEASUREMENT
 70
1
  9
$CELWEIGHT
370
-1
  9
$ENDCAPS
280
0
  9
$JOINSTYLE
280
0
  9
$LWDISPLAY
290
0
  9
$INSUNITS
 70
4
  9
$HYPERLINKBASE
  1

  9
$STYLESHEET
  1

  9
$XEDIT
290
1
  9
$CEPSNTYPE
380
0
  9
$PSTYLEMODE
290
1
  9
$FINGERPRINTGUID
  2
{9CB3FDEB-E87B-44AE-8095-C8C60BF3CC59}
  9
$VERSIONGUID
  2
{3103A7AD-5BDF-4E8D-B0C1-857EEC6D23E1}
  9
$EXTNAMES
290
1
  9
$PSVPSCALE
 40
0.0
  9
$OLESTARTUP
290
0
  9
$SORTENTS
280
127
  9
$INDEXCTL
280
0
  9
$HIDETEXT
280
1
  9
$XCLIPFRAME
280
1
  9
$HALOGAP
280
0
  9
$OBSCOLOR
 70
257
  9
$OBSLTYPE
280
0
  9
$INTERSECTIONDISPLAY
280
0
  9
$INTERSECTIONCOLOR
 70
257
  9
$DIMASSOC
280
2
  9
$PROJECTNAME
  1

  9
$CAMERADISPLAY
290
0
  9
$LENSLENGTH
 40
50.0
  9
$CAMERAHEIGHT
 40
0.0
  9
$STEPSPERSEC
 40
24.0
  9
$STEPSIZE
 40
100.0
  9
$3DDWFPREC
 40
2.0
  9
$PSOLWIDTH
 40
0.005
  9
$PSOLHEIGHT
 40
0.08
  9
$LOFTANG1
 40
1.570796326795
  9
$LOFTANG2
 40
1.570796326795
  9
$LOFTMAG1
 40
0.0
  9
$LOFTMAG2
 40
0.0
  9
$LOFTPARAM
 70
7
  9
$LOFTNORMALS
280
1
  9
$LATITUDE
 40
37.795
  9
$LONGITUDE
 40
-122.394
  9
$NORTHDIRECTION
 40
0.0
  9
$TIMEZONE
 70
-8000
  9
$LIGHTGLYPHDISPLAY
280
1
  9
$TILEMODELIGHTSYNCH
280
1
  9
$CMATERIAL
347
20
  9
$SOLIDHIST
280
0
  9
$SHOWHIST
280
1
  9
$DWFFRAME
280
2
  9
$DGNFRAME
280
2
  9
$REALWORLDSCALE
290
1
  9
$INTERFERECOLOR
 62
256
  9
$CSHADOW
280
0
  9
$SHADOWPLANELOCATION
 40
0.0
  0
ENDSEC
  0
SECTION
  2
CLASSES
  0
CLASS
  1
ACDBDICTIONARYWDFLT
  2
AcDbDictionaryWithDefault
  3
ObjectDBX Classes
 90
0
 91
0
280
0
281
0
  0
CLASS
  1
SUN
  2
AcDbSun
  3
SCENEOE
 90
1153
 91
0
280
0
281
0
  0
CLASS
  1
VISUALSTYLE
  2
AcDbVisualStyle
  3
ObjectDBX Classes
 90
4095
 91
0
280
0
281
0
  0
CLASS
  1
MATERIAL
  2
AcDbMaterial
  3
ObjectDBX Classes
 90
1153
 91
0
280
0
281
0
  0
CLASS
  1
SCALE
  2
AcDbScale
  3
ObjectDBX Classes
 90
1153
 91
0
280
0
281
0
  0
CLASS
  1
TABLESTYLE
  2
AcDbTableStyle
  3
ObjectDBX Classes
 90
4095
 91
0
280
0
281
0
  0
CLASS
  1
MLEADERSTYLE
  2
AcDbMLeaderStyle
  3
ACDB_MLEADERSTYLE_CLASS
 90
4095
 91
0
280
0
281
0
  0
CLASS
  1
DICTIONARYVAR
  2
AcDbDictionaryVar
  3
ObjectDBX Classes
 90
0
 91
0
280
0
281
0
  0
CLASS
  1
CELLSTYLEMAP
  2
AcDbCellStyleMap
  3
ObjectDBX Classes
 90
1152
 91
0
280
0
281
0
  0
CLASS
  1
MENTALRAYRENDERSETTINGS
  2
AcDbMentalRayRenderSettings
  3
SCENEOE
 90
1024
 91
0
280
0
281
0
  0
CLASS
  1
ACDBDETAILVIEWSTYLE
  2
AcDbDetailViewStyle
  3
ObjectDBX Classes
 90
1025
 91
0
280
0
281
0
  0
CLASS
  1
ACDBSECTIONVIEWSTYLE
  2
AcDbSectionViewStyle
  3
ObjectDBX Classes
 90
1025
 91
0
280
0
281
0
  0
CLASS
  1
RASTERVARIABLES
  2
AcDbRasterVariables
  3
ISM
 90
0
 91
0
280
0
281
0
  0
CLASS
  1
ACDBPLACEHOLDER
  2
AcDbPlaceHolder
  3
ObjectDBX Classes
 90
0
 91
0
280
0
281
0
  0
CLASS
  1
LAYOUT
  2
AcDbLayout
  3
ObjectDBX Classes
 90
0
 91
0
280
0
281
0
  0
ENDSEC
  0
SECTION
  2
TABLES
  0
TABLE
  2
VPORT
  5
8
330
0
100
AcDbSymbolTable
 70
1
  0
VPORT
  5
AF9
330
8
100
AcDbSymbolTableRecord
100
AcDbViewportTableRecord
  2
*Active
 70
0
 10
0.0
 20
0.0
 11
1.0
 21
1.0
 12
0.7419200000000075
 22
0.17584000000000088
 13
0.0
 23
0.0
 14
0.5
 24
0.5
 15
0.5
 25
0.5
 16
0.0
 26
0.0
 36
1.0
 17
0.0
 27
0.0
 37
0.0
 40
87.03879
 41
1.34
 42
50.0
 43
0.0
 44
0.0
 50
0.0
 51
0.0
 71
0
 72
1000
 73
1
 74
3
 75
0
 76
0
 77
0
 78
0
281
0
 65
1
110
0.0
120
0.0
130
0.0
111
1.0
121
0.0
131
0.0
112
0.0
122
1.0
132
0.0
 79
0
146
0.0
  0
ENDTAB
  0
TABLE
  2
LTYPE
  5
2
330
0
100
AcDbSymbolTable
 70
3
  0
LTYPE
  5
24
330
2
100
AcDbSymbolTableRecord
100
AcDbLinetypeTableRecord
  2
ByBlock
 70
0
  3

 72
65
 73
0
 40
0.0
  0
LTYPE
  5
25
330
2
100
AcDbSymbolTableRecord
100
AcDbLinetypeTableRecord
  2
ByLayer
 70
0
  3

 72
65
 73
0
 40
0.0
  0
LTYPE
  5
26
330
2
100
AcDbSymbolTableRecord
100
AcDbLinetypeTableRecord
  2
Continuous
 70
0
  3

 72
65
 73
0
 40
0.0
  0
ENDTAB
  0
TABLE
  2
LAYER
  5
1
330
0
100
AcDbSymbolTable
 70
2
  0
LAYER
  5
27
330
1
100
AcDbSymbolTableRecord
100
AcDbLayerTableRecord
  2
0
 70
0
 62
7
  6
Continuous
370
-3
390
13
347
21
  0
LAYER
  5
28
330
1
100
AcDbSymbolTableRecord
100
AcDbLayerTableRecord
  2
Defpoints
 70
0
 62
7
  6
Continuous
290
0
370
-3
390
13
347
21
  0
ENDTAB
  0
TABLE
  2
STYLE
  5
5
330
0
100
AcDbSymbolTable
 70
1
  0
STYLE
  5
29
330
5
100
AcDbSymbolTableRecord
100
AcDbTextStyleTableRecord
  2
Standard
 70
0
 40
0.0
 41
1.0
 50
0.0
 71
0
 42
2.5
  3
txt
  4

  0
ENDTAB
  0
TABLE
  2
VIEW
  5
7
330
0
100
AcDbSymbolTable
 70
0
  0
ENDTAB
  0
TABLE
  2
UCS
  5
6
330
0
100
AcDbSymbolTable
 70
0
  0
ENDTAB
  0
TABLE
  2
APPID
  5
3
330
0
100
AcDbSymbolTable
 70
3
  0
APPID
  5
2A
330
3
100
AcDbSymbolTableRecord
100
AcDbRegAppTableRecord
  2
ACAD
 70
0
  0
APPID
  5
AFA
330
3
100
AcDbSymbolTableRecord
100
AcDbRegAppTableRecord
  2
HATCHBACKGROUNDCOLOR
 70
0
  0
APPID
  5
AFB
330
3
100
AcDbSymbolTableRecord
100
AcDbRegAppTableRecord
  2
EZDXF
 70
0
  0
ENDTAB
  0
TABLE
  2
DIMSTYLE
  5
4
330
0
100
AcDbSymbolTable
 70
1
100
AcDbDimStyleTable
  0
DIMSTYLE
105
2B
330
4
100
AcDbSymbolTableRecord
100
AcDbDimStyleTableRecord
  2
Standard
 70
0
 40
1.0
 41
2.5
 42
0.625
 43
3.75
 44
1.25
 45
0.0
 46
0.0
 47
0.0
 48
0.0
 49
2.5
140
2.5
141
2.5
142
0.0
143
0.03937007874
144
1.0
145
0.0
146
1.0
147
0.625
148
0.0
 69
0
 70
0
 71
0
 72
0
 73
0
 74
0
 75
0
 76
0
 77
1
 78
8
 79
3
170
0
171
3
172
1
173
0
174
0
175
0
176
0
177
0
178
0
179
2
271
2
272
2
273
2
274
3
275
0
276
0
277
2
278
44
279
0
280
0
281
0
282
0
283
0
284
8
285
0
286
0
288
0
289
3
290
0
371
-2
372
-2
  0
ENDTAB
  0
TABLE
  2
BLOCK_RECORD
  5
9
330
0
100
AcDbSymbolTable
 70
2
  0
BLOCK_RECORD
  5
17
330
9
100
AcDbSymbolTableRecord
100
AcDbBlockTableRecord
  2
*Model_Space
340
1A
 70
0
280
1
281
0
  0
BLOCK_RECORD
  5
1B
330
9
100
AcDbSymbolTableRecord
100
AcDbBlockTableRecord
  2
*Paper_Space
340
1E
 70
0
280
1
281
0
  0
ENDTAB
  0
ENDSEC
  0
SECTION
  2
BLOCKS
  0
BLOCK
  5
18
330
17
100
AcDbEntity
  8
0
100
AcDbBlockBegin
  2
*Model_Space
 70
0
 10
0.0
 20
0.0
 30
0.0
  3
*Model_Space
  1

  0
ENDBLK
  5
19
330
17
100
AcDbEntity
  8
0
100
AcDbBlockEnd
  0
BLOCK
  5
1C
330
1B
100
AcDbEntity
  8
0
100
AcDbBlockBegin
  2
*Paper_Space
 70
0
 10
0.0
 20
0.0
 30
0.0
  3
*Paper_Space
  1

  0
ENDBLK
  5
1D
330
1B
100
AcDbEntity
  8
0
100
AcDbBlockEnd
  0
ENDSEC
  0
SECTION
  2
ENTITIES
  0
LINE
  5
2F
330
17
100
AcDbEntity
  8
0
100
AcDbLine
 10
8.32411
 20
-7.444229999999999
 30
0.0
 11
8.2483
 21
-7.5295
 31
0.0
  0
LINE
  5
30
330
17
100
AcDbEntity
  8
0
100
AcDbLine
 10
8.2483
 20
-7.5295
 30
0.0
 11
8.18146
 21
-7.621969999999999
 31
0.0
  0
LINE
  5
31
330
17
100
AcDbEntity
  8
0
100
AcDbLine
 10
8.18146
 20
-7.621969999999999
 30
0.0
 11
8.13628
 21
-7.69769
 31
0.0
  0
LINE
  5
32
330
17
100
AcDbEntity
  8
0
100
AcDbLine
 10
8.13628
 20
-7.69769
 30
0.0
 11
8.09318
 21
-7.78738
 31
0.0
  0
LINE
  5
33
330
17
100
AcDbEntity
  8
0
100
AcDbLine
 10
8.09318
 20
-7.78738
 30
0.0
 11
8.05991
 21
-7.8800099999999995
 31
0.0
  0
LINE
  5
34
330
17
100
AcDbEntity
  8
0
100
AcDbLine
 10
8.05991
 20
-7.8800099999999995
 30
0.0
 11
8.03398
 21
-7.9831199999999995
 31
0.0
  0
LINE
  5
35
330
17
100
AcDbEntity
  8
0
100
AcDbLine
 10
8.03398
 20
-7.9831199999999995
 30
0.0
 11
8.016300000000001
 21
-8.100069999999999
 31
0.0
  0
LINE
  5
36
330
17
100
AcDbEntity
  8
0
100
AcDbLine
 10
8.016300000000001
 20
-8.100069999999999
 30
0.0
 11
8.00868
 21
-8.25217
 31
0.0
  0
LINE
  5
37
330
17
100
AcDbEntity
  8
0
100
AcDbLine
 10
8.00868
 20
-8.25217
 30
0.0
 11
8.01722
 21
-8.43279
 31
0.0
  0
LINE
  5
38
330
17
100
AcDbEntity
  8
0
100
AcDbLine
 10
8.01722
 20
-8.43279
 30
0.0
 11
8.03981
 21
-8.587620000000001
 31
0.0
  0
LINE
  5
39
330
17
100
AcDbEntity
  8
0
100
AcDbLine
 10
8.03981
 20
-8.587620000000001
 30
0.0
 11
8.07349
 21
-8.72357
 31
0.0
  0
LINE
  5
3A
330
17
100
AcDbEntity
  8
0
100
AcDbLine
 10
8.07349
 20
-8.72357
 30
0.0
 11
8.116719999999999
 21
-8.84545
 31
0.0
  0
LINE
  5
3B
330
17
100
AcDbEntity
  8
0
100
AcDbLine
 10
8.116719999999999
 20
-8.84545
 30
0.0
 11
8.16514
 21
-8.94943
 31
0.0
  0
LINE
  5
3C
330
17
100
AcDbEntity
  8
0
100
AcDbLine
 10
8.16514
 20
-8.94943
 30
0.0
 11
8.2198
 21
-9.045900000000001
 31
0.0
  0
LINE
  5
3D
330
17
100
AcDbEntity
  8
0
100
AcDbLine
 10
8.2198
 20
-9.045900000000001
 30
0.0
 11
8.30096
 21
-9.16418
 31
0.0
  0
LINE
  5
3E
330
17
100
AcDbEntity
  8
0
100
AcDbLine
 10
8.30096
 20
-9.16418
 30
0.0
 11
8.39355
 21
-9.273760000000001
 31
0.0
  0
LINE
  5
3F
330
17
100
AcDbEntity
  8
0
100
AcDbLine
 10
8.39355
 20
-9.273760000000001
 30
0.0
 11
8.49662
 21
-9.37353
 31
0.0
  0
LINE
  5
40
330
17
100
AcDbEntity
  8
0
100
AcDbLine
 10
8.49662
 20
-9.37353
 30
0.0
 11
8.58282
 21
-9.443240000000001
 31
0.0
  0
LINE
  5
41
330
17
100
AcDbEntity
  8
0
100
AcDbLine
 10
8.58282
 20
-9.443240000000001
 30
0.0
 11
8.706339999999999
 21
-9.526909999999999
 31
0.0
  0
LINE
  5
42
330
17
100
AcDbEntity
  8
0
100
AcDbLine
 10
8.706339999999999
 20
-9.526909999999999
 30
0.0
 11
8.86598
 21
-9.61499
 31
0.0
  0
LINE
  5
43
330
17
100
AcDbEntity
  8
0
100
AcDbLine
 10
8.86598
 20
-9.61499
 30
0.0
 11
9.03356
 21
-9.6868
 31
0.0
  0
LINE
  5
44
330
17
100
AcDbEntity
  8
0
100
AcDbLine
 10
9.03356
 20
-9.6868
 30
0.0
 11
9.17538
 21
-9.73316
 31
0.0
  0
LINE
  5
45
330
17
100
AcDbEntity
  8
0
100
AcDbLine
 10
9.17538
 20
-9.73316
 30
0.0
 11
9.388509999999998
 21
-9.7845
 31
0.0
  0
LINE
  5
46
330
17
100
AcDbEntity
  8
0
100
AcDbLine
 10
9.388509999999998
 20
-9.7845
 30
0.0
 11
9.639899999999999
 21
-9.819619999999999
 31
0.0
  0
LINE
  5
47
330
17
100
AcDbEntity
  8
0
100
AcDbLine
 10
9.639899999999999
 20
-9.819619999999999
 30
0.0
 11
9.85894
 21
-9.82879
 31
0.0
  0
LINE
  5
48
330
17
100
AcDbEntity
  8
0
100
AcDbLine
 10
9.85894
 20
-9.82879
 30
0.0
 11
10.050180000000001
 21
-9.82264
 31
0.0
  0
LINE
  5
49
330
17
100
AcDbEntity
  8
0
100
AcDbLine
 10
10.050180000000001
 20
-9.82264
 30
0.0
 11
10.27018
 21
-9.79669
 31
0.0
  0
LINE
  5
4A
330
17
100
AcDbEntity
  8
0
100
AcDbLine
 10
10.27018
 20
-9.79669
 30
0.0
 11
10.45744
 21
-9.75751
 31
0.0
  0
LINE
  5
4B
330
17
100
AcDbEntity
  8
0
100
AcDbLine
 10
10.45744
 20
-9.75751
 30
0.0
 11
10.57244
 21
-9.72369
 31
0.0
  0
LINE
  5
4C
330
17
100
AcDbEntity
  8
0
100
AcDbLine
 10
10.57244
 20
-9.72369
 30
0.0
 11
10.70845
 21
-9.66941
 31
0.0
  0
LINE
  5
4D
330
17
100
AcDbEntity
  8
0
100
AcDbLine
 10
10.70845
 20
-9.66941
 30
0.0
 11
10.837869999999999
 21
-9.60085
 31
0.0
  0
LINE
  5
4E
330
17
100
AcDbEntity
  8
0
100
AcDbLine
 10
10.837869999999999
 20
-9.60085
 30
0.0
 11
10.93764
 21
-9.53448
 31
0.0
  0
LINE
  5
4F
330
17
100
AcDbEntity
  8
0
100
AcDbLine
 10
10.93764
 20
-9.53448
 30
0.0
 11
11.00396
 21
-9.48072
 31
0.0
  0
LINE
  5
50
330
17
100
AcDbEntity
  8
0
100
AcDbLine
 10
11.00396
 20
-9.48072
 30
0.0
 11
11.08346
 21
-9.40404
 31
0.0
  0
LINE
  5
51
330
17
100
AcDbEntity
  8
0
100
AcDbLine
 10
11.08346
 20
-9.40404
 30
0.0
 11
11.15488
 21
-9.31979
 31
0.0
  0
LINE
  5
52
330
17
100
AcDbEntity
  8
0
100
AcDbLine
 10
11.15488
 20
-9.31979
 30
0.0
 11
11.21749
 21
-9.2288
 31
0.0
  0
LINE
  5
53
330
17
100
AcDbEntity
  8
0
100
AcDbLine
 10
11.21749
 20
-9.2288
 30
0.0
 11
11.25954
 21
-9.15451
 31
0.0
  0
LINE
  5
54
330
17
100
AcDbEntity
  8
0
100
AcDbLine
 10
11.25954
 20
-9.15451
 30
0.0
 11
11.302100000000001
 21
-9.06058
 31
0.0
  0
LINE
  5
55
330
17
100
AcDbEntity
  8
0
100
AcDbLine
 10
11.302100000000001
 20
-9.06058
 30
0.0
 11
11.334230000000002
 21
-8.96421
 31
0.0
  0
LINE
  5
56
330
17
100
AcDbEntity
  8
0
100
AcDbLine
 10
11.334230000000002
 20
-8.96421
 30
0.0
 11
11.35835
 21
-8.857850000000001
 31
0.0
  0
LINE
  5
57
330
17
100
AcDbEntity
  8
0
100
AcDbLine
 10
11.35835
 20
-8.857850000000001
 30
0.0
 11
11.37355
 21
-8.73818
 31
0.0
  0
LINE
  5
58
330
17
100
AcDbEntity
  8
0
100
AcDbLine
 10
11.37355
 20
-8.73818
 30
0.0
 11
11.37803
 21
-8.62283
 31
0.0
  0
LINE
  5
59
330
17
100
AcDbEntity
  8
0
100
AcDbLine
 10
11.37803
 20
-8.62283
 30
0.0
 11
11.368110000000001
 21
-8.40916
 31
0.0
  0
LINE
  5
5A
330
17
100
AcDbEntity
  8
0
100
AcDbLine
 10
11.368110000000001
 20
-8.40916
 30
0.0
 11
11.34325
 21
-8.23702
 31
0.0
  0
LINE
  5
5B
330
17
100
AcDbEntity
  8
0
100
AcDbLine
 10
11.34325
 20
-8.23702
 30
0.0
 11
11.30809
 21
-8.09383
 31
0.0
  0
LINE
  5
5C
330
17
100
AcDbEntity
  8
0
100
AcDbLine
 10
11.30809
 20
-8.09383
 30
0.0
 11
11.26514
 21
-7.97181
 31
0.0
  0
LINE
  5
5D
330
17
100
AcDbEntity
  8
0
100
AcDbLine
 10
11.26514
 20
-7.97181
 30
0.0
 11
11.23068
 21
-7.89518
 31
0.0
  0
LINE
  5
5E
330
17
100
AcDbEntity
  8
0
100
AcDbLine
 10
11.23068
 20
-7.89518
 30
0.0
 11
11.17983
 21
-7.79965
 31
0.0
  0
LINE
  5
5F
330
17
100
AcDbEntity
  8
0
100
AcDbLine
 10
11.17983
 20
-7.79965
 30
0.0
 11
11.10397
 21
-7.681979999999999
 31
0.0
  0
LINE
  5
60
330
17
100
AcDbEntity
  8
0
100
AcDbLine
 10
11.10397
 20
-7.681979999999999
 30
0.0
 11
11.01684
 21
-7.57239
 31
0.0
  0
LINE
  5
61
330
17
100
AcDbEntity
  8
0
100
AcDbLine
 10
11.01684
 20
-7.57239
 30
0.0
 11
10.919319999999999
 21
-7.47194
 31
0.0
  0
LINE
  5
62
330
17
100
AcDbEntity
  8
0
100
AcDbLine
 10
10.919319999999999
 20
-7.47194
 30
0.0
 11
10.837390000000001
 21
-7.401269999999999
 31
0.0
  0
LINE
  5
63
330
17
100
AcDbEntity
  8
0
100
AcDbLine
 10
10.837390000000001
 20
-7.401269999999999
 30
0.0
 11
10.74801
 21
-7.33658
 31
0.0
  0
LINE
  5
64
330
17
100
AcDbEntity
  8
0
100
AcDbLine
 10
10.74801
 20
-7.33658
 30
0.0
 11
10.62588
 21
-7.2626100000000005
 31
0.0
  0
LINE
  5
65
330
17
100
AcDbEntity
  8
0
100
AcDbLine
 10
10.62588
 20
-7.2626100000000005
 30
0.0
 11
10.497599999999998
 21
-7.19991
 31
0.0
  0
LINE
  5
66
330
17
100
AcDbEntity
  8
0
100
AcDbLine
 10
10.497599999999998
 20
-7.19991
 30
0.0
 11
10.36421
 21
-7.14899
 31
0.0
  0
LINE
  5
67
330
17
100
AcDbEntity
  8
0
100
AcDbLine
 10
10.36421
 20
-7.14899
 30
0.0
 11
10.258410000000001
 21
-7.1176
 31
0.0
  0
LINE
  5
68
330
17
100
AcDbEntity
  8
0
100
AcDbLine
 10
10.258410000000001
 20
-7.1176
 30
0.0
 11
10.04153
 21
-7.06914
 31
0.0
  0
LINE
  5
69
330
17
100
AcDbEntity
  8
0
100
AcDbLine
 10
10.04153
 20
-7.06914
 30
0.0
 11
9.78632
 21
-7.03633
 31
0.0
  0
LINE
  5
6A
330
17
100
AcDbEntity
  8
0
100
AcDbLine
 10
9.78632
 20
-7.03633
 30
0.0
 11
9.56423
 21
-7.0279
 31
0.0
  0
LINE
  5
6B
330
17
100
AcDbEntity
  8
0
100
AcDbLine
 10
9.56423
 20
-7.0279
 30
0.0
 11
9.37513
 21
-7.03393
 31
0.0
  0
LINE
  5
6C
330
17
100
AcDbEntity
  8
0
100
AcDbLine
 10
9.37513
 20
-7.03393
 30
0.0
 11
9.157449999999999
 21
-7.0583
 31
0.0
  0
LINE
  5
6D
330
17
100
AcDbEntity
  8
0
100
AcDbLine
 10
9.157449999999999
 20
-7.0583
 30
0.0
 11
8.9718
 21
-7.09471
 31
0.0
  0
LINE
  5
6E
330
17
100
AcDbEntity
  8
0
100
AcDbLine
 10
8.9718
 20
-7.09471
 30
0.0
 11
8.85398
 21
-7.12722
 31
0.0
  0
LINE
  5
6F
330
17
100
AcDbEntity
  8
0
100
AcDbLine
 10
8.85398
 20
-7.12722
 30
0.0
 11
8.71435
 21
-7.1802
 31
0.0
  0
LINE
  5
70
330
17
100
AcDbEntity
  8
0
100
AcDbLine
 10
8.71435
 20
-7.1802
 30
0.0
 11
8.5811
 21
-7.24764
 31
0.0
  0
LINE
  5
71
330
17
100
AcDbEntity
  8
0
100
AcDbLine
 10
8.5811
 20
-7.24764
 30
0.0
 11
8.47797
 21
-7.31321
 31
0.0
  0
LINE
  5
72
330
17
100
AcDbEntity
  8
0
100
AcDbLine
 10
8.47797
 20
-7.31321
 30
0.0
 11
8.4081
 21
-7.36702
 31
0.0
  0
LINE
  5
73
330
17
100
AcDbEntity
  8
0
100
AcDbLine
 10
8.4081
 20
-7.36702
 30
0.0
 11
8.32411
 21
-7.444229999999999
 31
0.0
  0
LINE
  5
74
330
17
100
AcDbEntity
  8
0
100
AcDbLine
 10
-52.330389999999994
 20
12.08019
 30
0.0
 11
-52.11999
 21
11.53996
 31
0.0
  0
LINE
  5
75
330
17
100
AcDbEntity
  8
0
100
AcDbLine
 10
-52.11999
 20
11.53996
 30
0.0
 11
-51.922959999999996
 21
10.85725
 31
0.0
  0
LINE
  5
76
330
17
100
AcDbEntity
  8
0
100
AcDbLine
 10
-51.922959999999996
 20
10.85725
 30
0.0
 11
-51.791669999999996
 21
10.22395
 31
0.0
  0
LINE
  5
77
330
17
100
AcDbEntity
  8
0
100
AcDbLine
 10
-51.791669999999996
 20
10.22395
 30
0.0
 11
-51.60807
 21
8.709629999999999
 31
0.0
  0
LINE
  5
78
330
17
100
AcDbEntity
  8
0
100
AcDbLine
 10
-51.60807
 20
8.709629999999999
 30
0.0
 11
-51.54687
 21
6.96875
 31
0.0
  0
LINE
  5
79
330
17
100
AcDbEntity
  8
0
100
AcDbLine
 10
-51.54687
 20
6.96875
 30
0.0
 11
-51.60807
 21
5.223949999999999
 31
0.0
  0
LINE
  5
7A
330
17
100
AcDbEntity
  8
0
100
AcDbLine
 10
-51.60807
 20
5.223949999999999
 30
0.0
 11
-51.791669999999996
 21
3.69791
 31
0.0
  0
LINE
  5
7B
330
17
100
AcDbEntity
  8
0
100
AcDbLine
 10
-51.791669999999996
 20
3.69791
 30
0.0
 11
-52.01168
 21
2.72051
 31
0.0
  0
LINE
  5
7C
330
17
100
AcDbEntity
  8
0
100
AcDbLine
 10
-52.01168
 20
2.72051
 30
0.0
 11
-52.231590000000004
 21
2.06439
 31
0.0
  0
LINE
  5
7D
330
17
100
AcDbEntity
  8
0
100
AcDbLine
 10
-52.231590000000004
 20
2.06439
 30
0.0
 11
-52.45909
 21
1.5542799999999999
 31
0.0
  0
LINE
  5
7E
330
17
100
AcDbEntity
  8
0
100
AcDbLine
 10
-52.45909
 20
1.5542799999999999
 30
0.0
 11
-52.58073
 21
1.32812
 31
0.0
  0
LINE
  5
7F
330
17
100
AcDbEntity
  8
0
100
AcDbLine
 10
-52.58073
 20
1.32812
 30
0.0
 11
-52.811209999999996
 21
0.96585
 31
0.0
  0
LINE
  5
80
330
17
100
AcDbEntity
  8
0
100
AcDbLine
 10
-52.811209999999996
 20
0.96585
 30
0.0
 11
-53.05006
 21
0.66101
 31
0.0
  0
LINE
  5
81
330
17
100
AcDbEntity
  8
0
100
AcDbLine
 10
-53.05006
 20
0.66101
 30
0.0
 11
-53.327760000000005
 21
0.37357
 31
0.0
  0
LINE
  5
82
330
17
100
AcDbEntity
  8
0
100
AcDbLine
 10
-53.327760000000005
 20
0.37357
 30
0.0
 11
-53.615210000000005
 21
0.13422
 31
0.0
  0
LINE
  5
83
330
17
100
AcDbEntity
  8
0
100
AcDbLine
 10
-53.615210000000005
 20
0.13422
 30
0.0
 11
-53.91603
 21
-0.06653
 31
0.0
  0
LINE
  5
84
330
17
100
AcDbEntity
  8
0
100
AcDbLine
 10
-53.91603
 20
-0.06653
 30
0.0
 11
-53.99479
 21
-0.11197
 31
0.0
  0
LINE
  5
85
330
17
100
AcDbEntity
  8
0
100
AcDbLine
 10
-53.99479
 20
-0.11197
 30
0.0
 11
-54.31473
 21
-0.26909
 31
0.0
  0
LINE
  5
86
330
17
100
AcDbEntity
  8
0
100
AcDbLine
 10
-54.31473
 20
-0.26909
 30
0.0
 11
-54.64889
 21
-0.39258000000000004
 31
0.0
  0
LINE
  5
87
330
17
100
AcDbEntity
  8
0
100
AcDbLine
 10
-54.64889
 20
-0.39258000000000004
 30
0.0
 11
-55.02671
 21
-0.49173999999999995
 31
0.0
  0
LINE
  5
88
330
17
100
AcDbEntity
  8
0
100
AcDbLine
 10
-55.02671
 20
-0.49173999999999995
 30
0.0
 11
-55.462030000000006
 21
-0.56253
 31
0.0
  0
LINE
  5
89
330
17
100
AcDbEntity
  8
0
100
AcDbLine
 10
-55.462030000000006
 20
-0.56253
 30
0.0
 11
-55.974540000000005
 21
-0.59729
 31
0.0
  0
LINE
  5
8A
330
17
100
AcDbEntity
  8
0
100
AcDbLine
 10
-55.974540000000005
 20
-0.59729
 30
0.0
 11
-56.11979
 21
-0.59895
 31
0.0
  0
LINE
  5
8B
330
17
100
AcDbEntity
  8
0
100
AcDbLine
 10
-56.11979
 20
-0.59895
 30
0.0
 11
-56.71599
 21
-0.56923
 31
0.0
  0
LINE
  5
8C
330
17
100
AcDbEntity
  8
0
100
AcDbLine
 10
-56.71599
 20
-0.56923
 30
0.0
 11
-57.16998
 21
-0.50031
 31
0.0
  0
LINE
  5
8D
330
17
100
AcDbEntity
  8
0
100
AcDbLine
 10
-57.16998
 20
-0.50031
 30
0.0
 11
-57.55397
 21
-0.40301
 31
0.0
  0
LINE
  5
8E
330
17
100
AcDbEntity
  8
0
100
AcDbLine
 10
-57.55397
 20
-0.40301
 30
0.0
 11
-57.88613
 21
-0.28326
 31
0.0
  0
LINE
  5
8F
330
17
100
AcDbEntity
  8
0
100
AcDbLine
 10
-57.88613
 20
-0.28326
 30
0.0
 11
-58.17891
 21
-0.14399
 31
0.0
  0
LINE
  5
90
330
17
100
AcDbEntity
  8
0
100
AcDbLine
 10
-58.17891
 20
-0.14399
 30
0.0
 11
-58.23698
 21
-0.11197
 31
0.0
  0
LINE
  5
91
330
17
100
AcDbEntity
  8
0
100
AcDbLine
 10
-58.23698
 20
-0.11197
 30
0.0
 11
-58.521660000000004
 21
0.06777000000000001
 31
0.0
  0
LINE
  5
92
330
17
100
AcDbEntity
  8
0
100
AcDbLine
 10
-58.521660000000004
 20
0.06777
 30
0.0
 11
-58.80157
 21
0.28694000000000003
 31
0.0
  0
LINE
  5
93
330
17
100
AcDbEntity
  8
0
100
AcDbLine
 10
-58.80157
 20
0.28694000000000003
 30
0.0
 11
-59.06063
 21
0.53664
 31
0.0
  0
LINE
  5
94
330
17
100
AcDbEntity
  8
0
100
AcDbLine
 10
-59.06063
 20
0.53664
 30
0.0
 11
-59.30353
 21
0.82314
 31
0.0
  0
LINE
  5
95
330
17
100
AcDbEntity
  8
0
100
AcDbLine
 10
-59.30353
 20
0.82314
 30
0.0
 11
-59.533339999999995
 21
1.1557099999999998
 31
0.0
  0
LINE
  5
96
330
17
100
AcDbEntity
  8
0
100
AcDbLine
 10
-59.533339999999995
 20
1.1557099999999998
 30
0.0
 11
-59.63541
 21
1.32812
 31
0.0
  0
LINE
  5
97
330
17
100
AcDbEntity
  8
0
100
AcDbLine
 10
-59.63541
 20
1.32812
 30
0.0
 11
-59.87921
 21
1.82047
 31
0.0
  0
LINE
  5
98
330
17
100
AcDbEntity
  8
0
100
AcDbLine
 10
-59.87921
 20
1.82047
 30
0.0
 11
-60.089259999999996
 21
2.37355
 31
0.0
  0
LINE
  5
99
330
17
100
AcDbEntity
  8
0
100
AcDbLine
 10
-60.089259999999996
 20
2.37355
 30
0.0
 11
-60.28389
 21
3.07031
 31
0.0
  0
LINE
  5
9A
330
17
100
AcDbEntity
  8
0
100
AcDbLine
 10
-60.28389
 20
3.07031
 30
0.0
 11
-60.40885
 21
3.69791
 31
0.0
  0
LINE
  5
9B
330
17
100
AcDbEntity
  8
0
100
AcDbLine
 10
-60.40885
 20
3.69791
 30
0.0
 11
-60.58659
 21
5.223949999999999
 31
0.0
  0
LINE
  5
9C
330
17
100
AcDbEntity
  8
0
100
AcDbLine
 10
-60.58659
 20
5.223949999999999
 30
0.0
 11
-60.64583
 21
6.96875
 31
0.0
  0
LINE
  5
9D
330
17
100
AcDbEntity
  8
0
100
AcDbLine
 10
-60.64583
 20
6.96875
 30
0.0
 11
-60.58463
 21
8.709629999999999
 31
0.0
  0
LINE
  5
9E
330
17
100
AcDbEntity
  8
0
100
AcDbLine
 10
-60.58463
 20
8.709629999999999
 30
0.0
 11
-60.40104
 21
10.22395
 31
0.0
  0
LINE
  5
9F
330
17
100
AcDbEntity
  8
0
100
AcDbLine
 10
-60.40104
 20
10.22395
 30
0.0
 11
-60.180949999999996
 21
11.193470000000001
 31
0.0
  0
LINE
  5
A0
330
17
100
AcDbEntity
  8
0
100
AcDbLine
 10
-60.180949999999996
 20
11.193470000000001
 30
0.0
 11
-59.96339
 21
11.83872
 31
0.0
  0
LINE
  5
A1
330
17
100
AcDbEntity
  8
0
100
AcDbLine
 10
-59.96339
 20
11.83872
 30
0.0
 11
-59.73985
 21
12.33765
 31
0.0
  0
LINE
  5
A2
330
17
100
AcDbEntity
  8
0
100
AcDbLine
 10
-59.73985
 20
12.33765
 30
0.0
 11
-59.61979
 21
12.559890000000001
 31
0.0
  0
LINE
  5
A3
330
17
100
AcDbEntity
  8
0
100
AcDbLine
 10
-59.61979
 20
12.559890000000001
 30
0.0
 11
-59.39943
 21
12.904570000000001
 31
0.0
  0
LINE
  5
A4
330
17
100
AcDbEntity
  8
0
100
AcDbLine
 10
-59.39943
 20
12.904570000000001
 30
0.0
 11
-59.16977
 21
13.196380000000001
 31
0.0
  0
LINE
  5
A5
330
17
100
AcDbEntity
  8
0
100
AcDbLine
 10
-59.16977
 20
13.196380000000001
 30
0.0
 11
-58.90245
 21
13.47195
 31
0.0
  0
LINE
  5
A6
330
17
100
AcDbEntity
  8
0
100
AcDbLine
 10
-58.90245
 20
13.47195
 30
0.0
 11
-58.62417000000001
 21
13.702960000000001
 31
0.0
  0
LINE
  5
A7
330
17
100
AcDbEntity
  8
0
100
AcDbLine
 10
-58.62417000000001
 20
13.702960000000001
 30
0.0
 11
-58.33124
 21
13.89799
 31
0.0
  0
LINE
  5
A8
330
17
100
AcDbEntity
  8
0
100
AcDbLine
 10
-58.33124
 20
13.89799
 30
0.0
 11
-58.21094
 21
13.96614
 31
0.0
  0
LINE
  5
A9
330
17
100
AcDbEntity
  8
0
100
AcDbLine
 10
-58.21094
 20
13.96614
 30
0.0
 11
-57.881479999999996
 21
14.12185
 31
0.0
  0
LINE
  5
AA
330
17
100
AcDbEntity
  8
0
100
AcDbLine
 10
-57.881479999999996
 20
14.12185
 30
0.0
 11
-57.53651
 21
14.243640000000001
 31
0.0
  0
LINE
  5
AB
330
17
100
AcDbEntity
  8
0
100
AcDbLine
 10
-57.53651
 20
14.243640000000001
 30
0.0
 11
-57.14458
 21
14.34057
 31
0.0
  0
LINE
  5
AC
330
17
100
AcDbEntity
  8
0
100
AcDbLine
 10
-57.14458
 20
14.34057
 30
0.0
 11
-56.69076
 21
14.40795
 31
0.0
  0
LINE
  5
AD
330
17
100
AcDbEntity
  8
0
100
AcDbLine
 10
-56.69076
 20
14.40795
 30
0.0
 11
-56.08854
 21
14.4375
 31
0.0
  0
LINE
  5
AE
330
17
100
AcDbEntity
  8
0
100
AcDbLine
 10
-56.08854
 20
14.4375
 30
0.0
 11
-55.48286
 21
14.40776
 31
0.0
  0
LINE
  5
AF
330
17
100
AcDbEntity
  8
0
100
AcDbLine
 10
-55.48286
 20
14.40776
 30
0.0
 11
-55.01782
 21
14.33793
 31
0.0
  0
LINE
  5
B0
330
17
100
AcDbEntity
  8
0
100
AcDbLine
 10
-55.01782
 20
14.33793
 30
0.0
 11
-54.62688
 21
14.23956
 31
0.0
  0
LINE
  5
B1
330
17
100
AcDbEntity
  8
0
100
AcDbLine
 10
-54.62688
 20
14.23956
 30
0.0
 11
-54.29062
 21
14.11899
 31
0.0
  0
LINE
  5
B2
330
17
100
AcDbEntity
  8
0
100
AcDbLine
 10
-54.29062
 20
14.11899
 30
0.0
 11
-53.97135
 21
13.96614
 31
0.0
  0
LINE
  5
B3
330
17
100
AcDbEntity
  8
0
100
AcDbLine
 10
-53.97135
 20
13.96614
 30
0.0
 11
-53.68778
 21
13.79255
 31
0.0
  0
LINE
  5
B4
330
17
100
AcDbEntity
  8
0
100
AcDbLine
 10
-53.68778
 20
13.79255
 30
0.0
 11
-53.408829999999995
 21
13.58024
 31
0.0
  0
LINE
  5
B5
330
17
100
AcDbEntity
  8
0
100
AcDbLine
 10
-53.408829999999995
 20
13.58024
 30
0.0
 11
-53.15137
 21
13.33866
 31
0.0
  0
LINE
  5
B6
330
17
100
AcDbEntity
  8
0
100
AcDbLine
 10
-53.15137
 20
13.33866
 30
0.0
 11
-52.91057
 21
13.062050000000001
 31
0.0
  0
LINE
  5
B7
330
17
100
AcDbEntity
  8
0
100
AcDbLine
 10
-52.91057
 20
13.062050000000001
 30
0.0
 11
-52.68315
 21
12.74174
 31
0.0
  0
LINE
  5
B8
330
17
100
AcDbEntity
  8
0
100
AcDbLine
 10
-52.68315
 20
12.74174
 30
0.0
 11
-52.57291
 21
12.559890000000001
 31
0.0
  0
LINE
  5
B9
330
17
100
AcDbEntity
  8
0
100
AcDbLine
 10
-52.57291
 20
12.559890000000001
 30
0.0
 11
-52.330389999999994
 21
12.08019
 31
0.0
  0
LINE
  5
BA
330
17
100
AcDbEntity
  8
0
100
AcDbLine
 10
-61.47456
 20
14.297749999999999
 30
0.0
 11
-61.825520000000004
 21
13.92708
 31
0.0
  0
LINE
  5
BB
330
17
100
AcDbEntity
  8
0
100
AcDbLine
 10
-61.825520000000004
 20
13.92708
 30
0.0
 11
-62.20724
 21
13.4457
 31
0.0
  0
LINE
  5
BC
330
17
100
AcDbEntity
  8
0
100
AcDbLine
 10
-62.20724
 20
13.4457
 30
0.0
 11
-62.577670000000005
 21
12.87189
 31
0.0
  0
LINE
  5
BD
330
17
100
AcDbEntity
  8
0
100
AcDbLine
 10
-62.577670000000005
 20
12.87189
 30
0.0
 11
-62.92059999999999
 21
12.20652
 31
0.0
  0
LINE
  5
BE
330
17
100
AcDbEntity
  8
0
100
AcDbLine
 10
-62.92059999999999
 20
12.20652
 30
0.0
 11
-63.23492
 21
11.420770000000001
 31
0.0
  0
LINE
  5
BF
330
17
100
AcDbEntity
  8
0
100
AcDbLine
 10
-63.23492
 20
11.420770000000001
 30
0.0
 11
-63.356770000000004
 21
11.04687
 31
0.0
  0
LINE
  5
C0
330
17
100
AcDbEntity
  8
0
100
AcDbLine
 10
-63.356770000000004
 20
11.04687
 30
0.0
 11
-63.618010000000005
 21
9.994340000000001
 31
0.0
  0
LINE
  5
C1
330
17
100
AcDbEntity
  8
0
100
AcDbLine
 10
-63.618010000000005
 20
9.994340000000001
 30
0.0
 11
-63.79369
 21
8.81556
 31
0.0
  0
LINE
  5
C2
330
17
100
AcDbEntity
  8
0
100
AcDbLine
 10
-63.79369
 20
8.81556
 30
0.0
 11
-63.88541
 21
6.96875
 31
0.0
  0
LINE
  5
C3
330
17
100
AcDbEntity
  8
0
100
AcDbLine
 10
-63.88541
 20
6.96875
 30
0.0
 11
-63.80144
 21
5.1400500000000005
 31
0.0
  0
LINE
  5
C4
330
17
100
AcDbEntity
  8
0
100
AcDbLine
 10
-63.80144
 20
5.1400500000000005
 30
0.0
 11
-63.60929999999999
 21
3.8022400000000003
 31
0.0
  0
LINE
  5
C5
330
17
100
AcDbEntity
  8
0
100
AcDbLine
 10
-63.60929999999999
 20
3.8022400000000003
 30
0.0
 11
-63.354659999999996
 21
2.75706
 31
0.0
  0
LINE
  5
C6
330
17
100
AcDbEntity
  8
0
100
AcDbLine
 10
-63.354659999999996
 20
2.75706
 30
0.0
 11
-63.061130000000006
 21
1.91652
 31
0.0
  0
LINE
  5
C7
330
17
100
AcDbEntity
  8
0
100
AcDbLine
 10
-63.061130000000006
 20
1.91652
 30
0.0
 11
-62.740260000000006
 21
1.22323
 31
0.0
  0
LINE
  5
C8
330
17
100
AcDbEntity
  8
0
100
AcDbLine
 10
-62.740260000000006
 20
1.22323
 30
0.0
 11
-62.39687
 21
0.63886
 31
0.0
  0
LINE
  5
C9
330
17
100
AcDbEntity
  8
0
100
AcDbLine
 10
-62.39687
 20
0.63886
 30
0.0
 11
-62.033240000000006
 21
0.13919999999999993
 31
0.0
  0
LINE
  5
CA
330
17
100
AcDbEntity
  8
0
100
AcDbLine
 10
-62.033240000000006
 20
0.1392
 30
0.0
 11
-61.89062
 21
-0.03125
 31
0.0
  0
LINE
  5
CB
330
17
100
AcDbEntity
  8
0
100
AcDbLine
 10
-61.89062
 20
-0.03125
 30
0.0
 11
-61.46772
 21
-0.47287
 31
0.0
  0
LINE
  5
CC
330
17
100
AcDbEntity
  8
0
100
AcDbLine
 10
-61.46772
 20
-0.47287
 30
0.0
 11
-60.97892
 21
-0.88898
 31
0.0
  0
LINE
  5
CD
330
17
100
AcDbEntity
  8
0
100
AcDbLine
 10
-60.97892
 20
-0.88898
 30
0.0
 11
-60.456450000000004
 21
-1.24701
 31
0.0
  0
LINE
  5
CE
330
17
100
AcDbEntity
  8
0
100
AcDbLine
 10
-60.456450000000004
 20
-1.24701
 30
0.0
 11
-59.890159999999995
 21
-1.5552599999999999
 31
0.0
  0
LINE
  5
CF
330
17
100
AcDbEntity
  8
0
100
AcDbLine
 10
-59.890159999999995
 20
-1.5552599999999999
 30
0.0
 11
-59.26592
 21
-1.8179400000000001
 31
0.0
  0
LINE
  5
D0
330
17
100
AcDbEntity
  8
0
100
AcDbLine
 10
-59.26592
 20
-1.8179400000000001
 30
0.0
 11
-58.565310000000004
 21
-2.0347999999999997
 31
0.0
  0
LINE
  5
D1
330
17
100
AcDbEntity
  8
0
100
AcDbLine
 10
-58.565310000000004
 20
-2.0347999999999997
 30
0.0
 11
-57.76369
 21
-2.20062
 31
0.0
  0
LINE
  5
D2
330
17
100
AcDbEntity
  8
0
100
AcDbLine
 10
-57.76369
 20
-2.20062
 30
0.0
 11
-56.82717
 21
-2.30384
 31
0.0
  0
LINE
  5
D3
330
17
100
AcDbEntity
  8
0
100
AcDbLine
 10
-56.82717
 20
-2.30384
 30
0.0
 11
-56.05729
 21
-2.3281199999999997
 31
0.0
  0
LINE
  5
D4
330
17
100
AcDbEntity
  8
0
100
AcDbLine
 10
-56.05729
 20
-2.3281199999999997
 30
0.0
 11
-54.962379999999996
 21
-2.2722200000000004
 31
0.0
  0
LINE
  5
D5
330
17
100
AcDbEntity
  8
0
100
AcDbLine
 10
-54.962379999999996
 20
-2.2722200000000004
 30
0.0
 11
-54.10686
 21
-2.14038
 31
0.0
  0
LINE
  5
D6
330
17
100
AcDbEntity
  8
0
100
AcDbLine
 10
-54.10686
 20
-2.14038
 30
0.0
 11
-53.35865
 21
-1.94873
 31
0.0
  0
LINE
  5
D7
330
17
100
AcDbEntity
  8
0
100
AcDbLine
 10
-53.35865
 20
-1.94873
 30
0.0
 11
-52.81771
 21
-1.75781
 31
0.0
  0
LINE
  5
D8
330
17
100
AcDbEntity
  8
0
100
AcDbLine
 10
-52.81771
 20
-1.75781
 30
0.0
 11
-52.34926
 21
-1.55044
 31
0.0
  0
LINE
  5
D9
330
17
100
AcDbEntity
  8
0
100
AcDbLine
 10
-52.34926
 20
-1.55044
 30
0.0
 11
-51.77081
 21
-1.22688
 31
0.0
  0
LINE
  5
DA
330
17
100
AcDbEntity
  8
0
100
AcDbLine
 10
-51.77081
 20
-1.22688
 30
0.0
 11
-51.230079999999994
 21
-0.84359
 31
0.0
  0
LINE
  5
DB
330
17
100
AcDbEntity
  8
0
100
AcDbLine
 10
-51.230079999999994
 20
-0.84359
 30
0.0
 11
-50.73324
 21
-0.4048999999999999
 31
0.0
  0
LINE
  5
DC
330
17
100
AcDbEntity
  8
0
100
AcDbLine
 10
-50.73324
 20
-0.4049
 30
0.0
 11
-50.38281
 21
-0.03125
 31
0.0
  0
LINE
  5
DD
330
17
100
AcDbEntity
  8
0
100
AcDbLine
 10
-50.38281
 20
-0.03125
 30
0.0
 11
-50.00176
 21
0.45355000000000006
 31
0.0
  0
LINE
  5
DE
330
17
100
AcDbEntity
  8
0
100
AcDbLine
 10
-50.00176
 20
0.45355
 30
0.0
 11
-49.63051
 21
1.03377
 31
0.0
  0
LINE
  5
DF
330
17
100
AcDbEntity
  8
0
100
AcDbLine
 10
-49.63051
 20
1.03377
 30
0.0
 11
-49.2864
 21
1.7078200000000001
 31
0.0
  0
LINE
  5
E0
330
17
100
AcDbEntity
  8
0
100
AcDbLine
 10
-49.2864
 20
1.7078200000000001
 30
0.0
 11
-48.970729999999996
 21
2.5055099999999997
 31
0.0
  0
LINE
  5
E1
330
17
100
AcDbEntity
  8
0
100
AcDbLine
 10
-48.970729999999996
 20
2.5055099999999997
 30
0.0
 11
-48.85156
 21
2.875
 31
0.0
  0
LINE
  5
E2
330
17
100
AcDbEntity
  8
0
100
AcDbLine
 10
-48.85156
 20
2.875
 30
0.0
 11
-48.58711
 21
3.95172
 31
0.0
  0
LINE
  5
E3
330
17
100
AcDbEntity
  8
0
100
AcDbLine
 10
-48.58711
 20
3.95172
 30
0.0
 11
-48.410849999999996
 21
5.15571
 31
0.0
  0
LINE
  5
E4
330
17
100
AcDbEntity
  8
0
100
AcDbLine
 10
-48.410849999999996
 20
5.15571
 30
0.0
 11
-48.32290999999999
 21
6.96875
 31
0.0
  0
LINE
  5
E5
330
17
100
AcDbEntity
  8
0
100
AcDbLine
 10
-48.32290999999999
 20
6.96875
 30
0.0
 11
-48.40639
 21
8.78674
 31
0.0
  0
LINE
  5
E6
330
17
100
AcDbEntity
  8
0
100
AcDbLine
 10
-48.40639
 20
8.78674
 30
0.0
 11
-48.59724
 21
10.11567
 31
0.0
  0
LINE
  5
E7
330
17
100
AcDbEntity
  8
0
100
AcDbLine
 10
-48.59724
 20
10.11567
 30
0.0
 11
-48.85002
 21
11.15339
 31
0.0
  0
LINE
  5
E8
330
17
100
AcDbEntity
  8
0
100
AcDbLine
 10
-48.85002
 20
11.15339
 30
0.0
 11
-49.1413
 21
11.98754
 31
0.0
  0
LINE
  5
E9
330
17
100
AcDbEntity
  8
0
100
AcDbLine
 10
-49.1413
 20
11.98754
 30
0.0
 11
-49.45955
 21
12.67525
 31
0.0
  0
LINE
  5
EA
330
17
100
AcDbEntity
  8
0
100
AcDbLine
 10
-49.45955
 20
12.67525
 30
0.0
 11
-49.80001
 21
13.25469
 31
0.0
  0
LINE
  5
EB
330
17
100
AcDbEntity
  8
0
100
AcDbLine
 10
-49.80001
 20
13.25469
 30
0.0
 11
-50.16039
 21
13.749920000000001
 31
0.0
  0
LINE
  5
EC
330
17
100
AcDbEntity
  8
0
100
AcDbLine
 10
-50.16039
 20
13.749920000000001
 30
0.0
 11
-50.30208
 21
13.91927
 31
0.0
  0
LINE
  5
ED
330
17
100
AcDbEntity
  8
0
100
AcDbLine
 10
-50.30208
 20
13.91927
 30
0.0
 11
-50.720479999999995
 21
14.35567
 31
0.0
  0
LINE
  5
EE
330
17
100
AcDbEntity
  8
0
100
AcDbLine
 10
-50.720479999999995
 20
14.35567
 30
0.0
 11
-51.20003
 21
14.763129999999999
 31
0.0
  0
LINE
  5
EF
330
17
100
AcDbEntity
  8
0
100
AcDbLine
 10
-51.20003
 20
14.763129999999999
 30
0.0
 11
-51.715039999999995
 21
15.11561
 31
0.0
  0
LINE
  5
F0
330
17
100
AcDbEntity
  8
0
100
AcDbLine
 10
-51.715039999999995
 20
15.11561
 30
0.0
 11
-52.27599
 21
15.4208
 31
0.0
  0
LINE
  5
F1
330
17
100
AcDbEntity
  8
0
100
AcDbLine
 10
-52.27599
 20
15.4208
 30
0.0
 11
-52.89734
 21
15.68234
 31
0.0
  0
LINE
  5
F2
330
17
100
AcDbEntity
  8
0
100
AcDbLine
 10
-52.89734
 20
15.68234
 30
0.0
 11
-53.59807
 21
15.899569999999999
 31
0.0
  0
LINE
  5
F3
330
17
100
AcDbEntity
  8
0
100
AcDbLine
 10
-53.59807
 20
15.899569999999999
 30
0.0
 11
-54.403800000000004
 21
16.066879999999998
 31
0.0
  0
LINE
  5
F4
330
17
100
AcDbEntity
  8
0
100
AcDbLine
 10
-54.403800000000004
 20
16.066879999999998
 30
0.0
 11
-55.34993
 21
16.17218
 31
0.0
  0
LINE
  5
F5
330
17
100
AcDbEntity
  8
0
100
AcDbLine
 10
-55.34993
 20
16.17218
 30
0.0
 11
-56.15104
 21
16.19791
 31
0.0
  0
LINE
  5
F6
330
17
100
AcDbEntity
  8
0
100
AcDbLine
 10
-56.15104
 20
16.19791
 30
0.0
 11
-57.260220000000004
 21
16.141280000000002
 31
0.0
  0
LINE
  5
F7
330
17
100
AcDbEntity
  8
0
100
AcDbLine
 10
-57.260220000000004
 20
16.141280000000002
 30
0.0
 11
-58.12406
 21
16.008129999999998
 31
0.0
  0
LINE
  5
F8
330
17
100
AcDbEntity
  8
0
100
AcDbLine
 10
-58.12406
 20
16.008129999999998
 30
0.0
 11
-58.87799
 21
15.815010000000001
 31
0.0
  0
LINE
  5
F9
330
17
100
AcDbEntity
  8
0
100
AcDbLine
 10
-58.87799
 20
15.815010000000001
 30
0.0
 11
-59.39062
 21
15.635409999999998
 31
0.0
  0
LINE
  5
FA
330
17
100
AcDbEntity
  8
0
100
AcDbLine
 10
-59.39062
 20
15.635409999999998
 30
0.0
 11
-59.85844
 21
15.43109
 31
0.0
  0
LINE
  5
FB
330
17
100
AcDbEntity
  8
0
100
AcDbLine
 10
-59.85844
 20
15.43109
 30
0.0
 11
-60.43651
 21
15.11163
 31
0.0
  0
LINE
  5
FC
330
17
100
AcDbEntity
  8
0
100
AcDbLine
 10
-60.43651
 20
15.11163
 30
0.0
 11
-60.97727
 21
14.73241
 31
0.0
  0
LINE
  5
FD
330
17
100
AcDbEntity
  8
0
100
AcDbLine
 10
-60.97727
 20
14.73241
 30
0.0
 11
-61.47456
 21
14.297749999999999
 31
0.0
  0
LINE
  5
FE
330
17
100
AcDbEntity
  8
0
100
AcDbLine
 10
62.92622000000001
 20
-14.6
 30
0.0
 11
64.42621
 21
-14.6
 31
0.0
  0
LINE
  5
FF
330
17
100
AcDbEntity
  8
0
100
AcDbLine
 10
64.42621
 20
-14.6
 30
0.0
 11
64.42621
 21
-14.0
 31
0.0
  0
LINE
  5
100
330
17
100
AcDbEntity
  8
0
100
AcDbLine
 10
64.42621
 20
-14.0
 30
0.0
 11
62.92622000000001
 21
-14.0
 31
0.0
  0
LINE
  5
101
330
17
100
AcDbEntity
  8
0
100
AcDbLine
 10
62.92622000000001
 20
-14.0
 30
0.0
 11
62.92622000000001
 21
-14.6
 31
0.0
  0
LINE
  5
102
330
17
100
AcDbEntity
  8
0
100
AcDbLine
 10
16.58246
 20
-11.57595
 30
0.0
 11
14.23697
 21
-11.57595
 31
0.0
  0
LINE
  5
103
330
17
100
AcDbEntity
  8
0
100
AcDbLine
 10
14.23697
 20
-11.57595
 30
0.0
 11
14.5013
 21
-12.90364
 31
0.0
  0
LINE
  5
104
330
17
100
AcDbEntity
  8
0
100
AcDbLine
 10
14.5013
 20
-12.90364
 30
0.0
 11
16.87717
 21
-12.90364
 31
0.0
  0
LINE
  5
105
330
17
100
AcDbEntity
  8
0
100
AcDbLine
 10
16.87717
 20
-12.90364
 30
0.0
 11
18.04364
 21
-18.22964
 31
0.0
  0
LINE
  5
106
330
17
100
AcDbEntity
  8
0
100
AcDbLine
 10
18.04364
 20
-18.22964
 30
0.0
 11
18.12803
 21
-18.61498
 31
0.0
  0
LINE
  5
107
330
17
100
AcDbEntity
  8
0
100
AcDbLine
 10
18.12803
 20
-18.61498
 30
0.0
 11
18.19122
 21
-19.00433
 31
0.0
  0
LINE
  5
108
330
17
100
AcDbEntity
  8
0
100
AcDbLine
 10
18.19122
 20
-19.00433
 30
0.0
 11
18.222929999999998
 21
-19.31507
 31
0.0
  0
LINE
  5
109
330
17
100
AcDbEntity
  8
0
100
AcDbLine
 10
18.222929999999998
 20
-19.31507
 30
0.0
 11
18.23524
 21
-19.62717
 31
0.0
  0
LINE
  5
10A
330
17
100
AcDbEntity
  8
0
100
AcDbLine
 10
18.23524
 20
-19.62717
 30
0.0
 11
18.22826
 21
-19.77754
 31
0.0
  0
LINE
  5
10B
330
17
100
AcDbEntity
  8
0
100
AcDbLine
 10
18.22826
 20
-19.77754
 30
0.0
 11
18.210810000000002
 21
-19.8984
 31
0.0
  0
LINE
  5
10C
330
17
100
AcDbEntity
  8
0
100
AcDbLine
 10
18.210810000000002
 20
-19.8984
 30
0.0
 11
18.18618
 21
-19.998749999999998
 31
0.0
  0
LINE
  5
10D
330
17
100
AcDbEntity
  8
0
100
AcDbLine
 10
18.18618
 20
-19.998749999999998
 30
0.0
 11
18.15615
 21
-20.0841
 31
0.0
  0
LINE
  5
10E
330
17
100
AcDbEntity
  8
0
100
AcDbLine
 10
18.15615
 20
-20.0841
 30
0.0
 11
18.12157
 21
-20.15825
 31
0.0
  0
LINE
  5
10F
330
17
100
AcDbEntity
  8
0
100
AcDbLine
 10
18.12157
 20
-20.15825
 30
0.0
 11
18.07813
 21
-20.23074
 31
0.0
  0
LINE
  5
110
330
17
100
AcDbEntity
  8
0
100
AcDbLine
 10
18.07813
 20
-20.23074
 30
0.0
 11
18.03027
 21
-20.29397
 31
0.0
  0
LINE
  5
111
330
17
100
AcDbEntity
  8
0
100
AcDbLine
 10
18.03027
 20
-20.29397
 30
0.0
 11
17.98079
 21
-20.347009999999997
 31
0.0
  0
LINE
  5
112
330
17
100
AcDbEntity
  8
0
100
AcDbLine
 10
17.98079
 20
-20.347009999999997
 30
0.0
 11
17.9694
 21
-20.35785
 31
0.0
  0
LINE
  5
113
330
17
100
AcDbEntity
  8
0
100
AcDbLine
 10
17.9694
 20
-20.35785
 30
0.0
 11
17.90415
 21
-20.41293
 31
0.0
  0
LINE
  5
114
330
17
100
AcDbEntity
  8
0
100
AcDbLine
 10
17.90415
 20
-20.41293
 30
0.0
 11
17.83003
 21
-20.46359
 31
0.0
  0
LINE
  5
115
330
17
100
AcDbEntity
  8
0
100
AcDbLine
 10
17.83003
 20
-20.46359
 30
0.0
 11
17.751269999999998
 21
-20.50619
 31
0.0
  0
LINE
  5
116
330
17
100
AcDbEntity
  8
0
100
AcDbLine
 10
17.751269999999998
 20
-20.50619
 30
0.0
 11
17.666210000000003
 21
-20.54158
 31
0.0
  0
LINE
  5
117
330
17
100
AcDbEntity
  8
0
100
AcDbLine
 10
17.666210000000003
 20
-20.54158
 30
0.0
 11
17.57264
 21
-20.56999
 31
0.0
  0
LINE
  5
118
330
17
100
AcDbEntity
  8
0
100
AcDbLine
 10
17.57264
 20
-20.56999
 30
0.0
 11
17.46774
 21
-20.59096
 31
0.0
  0
LINE
  5
119
330
17
100
AcDbEntity
  8
0
100
AcDbLine
 10
17.46774
 20
-20.59096
 30
0.0
 11
17.34773
 21
-20.603219999999997
 31
0.0
  0
LINE
  5
11A
330
17
100
AcDbEntity
  8
0
100
AcDbLine
 10
17.34773
 20
-20.603219999999997
 30
0.0
 11
17.26605
 21
-20.60546
 31
0.0
  0
LINE
  5
11B
330
17
100
AcDbEntity
  8
0
100
AcDbLine
 10
17.26605
 20
-20.60546
 30
0.0
 11
17.07592
 21
-20.59914
 31
0.0
  0
LINE
  5
11C
330
17
100
AcDbEntity
  8
0
100
AcDbLine
 10
17.07592
 20
-20.59914
 30
0.0
 11
16.845329999999997
 21
-20.569960000000002
 31
0.0
  0
LINE
  5
11D
330
17
100
AcDbEntity
  8
0
100
AcDbLine
 10
16.845329999999997
 20
-20.569960000000002
 30
0.0
 11
16.61921
 21
-20.51621
 31
0.0
  0
LINE
  5
11E
330
17
100
AcDbEntity
  8
0
100
AcDbLine
 10
16.61921
 20
-20.51621
 30
0.0
 11
16.43953
 21
-20.4539
 31
0.0
  0
LINE
  5
11F
330
17
100
AcDbEntity
  8
0
100
AcDbLine
 10
16.43953
 20
-20.4539
 30
0.0
 11
16.08479
 21
-20.2891
 31
0.0
  0
LINE
  5
120
330
17
100
AcDbEntity
  8
0
100
AcDbLine
 10
16.08479
 20
-20.2891
 30
0.0
 11
15.746889999999999
 21
-20.09212
 31
0.0
  0
LINE
  5
121
330
17
100
AcDbEntity
  8
0
100
AcDbLine
 10
15.746889999999999
 20
-20.09212
 30
0.0
 11
15.30032
 21
-20.83337
 31
0.0
  0
LINE
  5
122
330
17
100
AcDbEntity
  8
0
100
AcDbLine
 10
15.30032
 20
-20.83337
 30
0.0
 11
15.979340000000002
 21
-21.35443
 31
0.0
  0
LINE
  5
123
330
17
100
AcDbEntity
  8
0
100
AcDbLine
 10
15.979340000000002
 20
-21.35443
 30
0.0
 11
16.3565
 21
-21.58918
 31
0.0
  0
LINE
  5
124
330
17
100
AcDbEntity
  8
0
100
AcDbLine
 10
16.3565
 20
-21.58918
 30
0.0
 11
16.7541
 21
-21.78736
 31
0.0
  0
LINE
  5
125
330
17
100
AcDbEntity
  8
0
100
AcDbLine
 10
16.7541
 20
-21.78736
 30
0.0
 11
17.19513
 21
-21.95631
 31
0.0
  0
LINE
  5
126
330
17
100
AcDbEntity
  8
0
100
AcDbLine
 10
17.19513
 20
-21.95631
 30
0.0
 11
17.65034
 21
-22.08222
 31
0.0
  0
LINE
  5
127
330
17
100
AcDbEntity
  8
0
100
AcDbLine
 10
17.65034
 20
-22.08222
 30
0.0
 11
17.97684
 21
-22.14214
 31
0.0
  0
LINE
  5
128
330
17
100
AcDbEntity
  8
0
100
AcDbLine
 10
17.97684
 20
-22.14214
 30
0.0
 11
18.35913
 21
-22.181820000000002
 31
0.0
  0
LINE
  5
129
330
17
100
AcDbEntity
  8
0
100
AcDbLine
 10
18.35913
 20
-22.181820000000002
 30
0.0
 11
18.69097
 21
-22.19106
 31
0.0
  0
LINE
  5
12A
330
17
100
AcDbEntity
  8
0
100
AcDbLine
 10
18.69097
 20
-22.19106
 30
0.0
 11
19.00893
 21
-22.17889
 31
0.0
  0
LINE
  5
12B
330
17
100
AcDbEntity
  8
0
100
AcDbLine
 10
19.00893
 20
-22.17889
 30
0.0
 11
19.37384
 21
-22.128510000000002
 31
0.0
  0
LINE
  5
12C
330
17
100
AcDbEntity
  8
0
100
AcDbLine
 10
19.37384
 20
-22.128510000000002
 30
0.0
 11
19.682930000000002
 21
-22.05312
 31
0.0
  0
LINE
  5
12D
330
17
100
AcDbEntity
  8
0
100
AcDbLine
 10
19.682930000000002
 20
-22.05312
 30
0.0
 11
19.830009999999998
 21
-22.00459
 31
0.0
  0
LINE
  5
12E
330
17
100
AcDbEntity
  8
0
100
AcDbLine
 10
19.830009999999998
 20
-22.00459
 30
0.0
 11
20.01516
 21
-21.927979999999998
 31
0.0
  0
LINE
  5
12F
330
17
100
AcDbEntity
  8
0
100
AcDbLine
 10
20.01516
 20
-21.927979999999998
 30
0.0
 11
20.192870000000003
 21
-21.83541
 31
0.0
  0
LINE
  5
130
330
17
100
AcDbEntity
  8
0
100
AcDbLine
 10
20.192870000000003
 20
-21.83541
 30
0.0
 11
20.36176
 21
-21.727590000000003
 31
0.0
  0
LINE
  5
131
330
17
100
AcDbEntity
  8
0
100
AcDbLine
 10
20.36176
 20
-21.727590000000003
 30
0.0
 11
20.48521
 21
-21.63412
 31
0.0
  0
LINE
  5
132
330
17
100
AcDbEntity
  8
0
100
AcDbLine
 10
20.48521
 20
-21.63412
 30
0.0
 11
20.598519999999997
 21
-21.53241
 31
0.0
  0
LINE
  5
133
330
17
100
AcDbEntity
  8
0
100
AcDbLine
 10
20.598519999999997
 20
-21.53241
 30
0.0
 11
20.73262
 21
-21.38806
 31
0.0
  0
LINE
  5
134
330
17
100
AcDbEntity
  8
0
100
AcDbLine
 10
20.73262
 20
-21.38806
 30
0.0
 11
20.851399999999998
 21
-21.23087
 31
0.0
  0
LINE
  5
135
330
17
100
AcDbEntity
  8
0
100
AcDbLine
 10
20.851399999999998
 20
-21.23087
 30
0.0
 11
20.95366
 21
-21.06247
 31
0.0
  0
LINE
  5
136
330
17
100
AcDbEntity
  8
0
100
AcDbLine
 10
20.95366
 20
-21.06247
 30
0.0
 11
21.02126
 21
-20.92599
 31
0.0
  0
LINE
  5
137
330
17
100
AcDbEntity
  8
0
100
AcDbLine
 10
21.02126
 20
-20.92599
 30
0.0
 11
21.0954
 21
-20.73696
 31
0.0
  0
LINE
  5
138
330
17
100
AcDbEntity
  8
0
100
AcDbLine
 10
21.0954
 20
-20.73696
 30
0.0
 11
21.15086
 21
-20.53845
 31
0.0
  0
LINE
  5
139
330
17
100
AcDbEntity
  8
0
100
AcDbLine
 10
21.15086
 20
-20.53845
 30
0.0
 11
21.19144
 21
-20.310930000000003
 31
0.0
  0
LINE
  5
13A
330
17
100
AcDbEntity
  8
0
100
AcDbLine
 10
21.19144
 20
-20.310930000000003
 30
0.0
 11
21.21343
 21
-20.045029999999997
 31
0.0
  0
LINE
  5
13B
330
17
100
AcDbEntity
  8
0
100
AcDbLine
 10
21.21343
 20
-20.045029999999997
 30
0.0
 11
21.215709999999998
 21
-19.921870000000002
 31
0.0
  0
LINE
  5
13C
330
17
100
AcDbEntity
  8
0
100
AcDbLine
 10
21.215709999999998
 20
-19.921870000000002
 30
0.0
 11
21.200480000000002
 21
-19.54058
 31
0.0
  0
LINE
  5
13D
330
17
100
AcDbEntity
  8
0
100
AcDbLine
 10
21.200480000000002
 20
-19.54058
 30
0.0
 11
21.157970000000002
 21
-19.113709999999998
 31
0.0
  0
LINE
  5
13E
330
17
100
AcDbEntity
  8
0
100
AcDbLine
 10
21.157970000000002
 20
-19.113709999999998
 30
0.0
 11
21.09264
 21
-18.68077
 31
0.0
  0
LINE
  5
13F
330
17
100
AcDbEntity
  8
0
100
AcDbLine
 10
21.09264
 20
-18.68077
 30
0.0
 11
21.01522
 21
-18.287319999999998
 31
0.0
  0
LINE
  5
140
330
17
100
AcDbEntity
  8
0
100
AcDbLine
 10
21.01522
 20
-18.287319999999998
 30
0.0
 11
19.84852
 21
-12.90364
 31
0.0
  0
LINE
  5
141
330
17
100
AcDbEntity
  8
0
100
AcDbLine
 10
19.84852
 20
-12.90364
 30
0.0
 11
21.34939
 21
-12.90364
 31
0.0
  0
LINE
  5
142
330
17
100
AcDbEntity
  8
0
100
AcDbLine
 10
21.34939
 20
-12.90364
 30
0.0
 11
21.13975
 21
-11.90711
 31
0.0
  0
LINE
  5
143
330
17
100
AcDbEntity
  8
0
100
AcDbLine
 10
21.13975
 20
-11.90711
 30
0.0
 11
20.86411
 21
-11.89252
 31
0.0
  0
LINE
  5
144
330
17
100
AcDbEntity
  8
0
100
AcDbLine
 10
20.86411
 20
-11.89252
 30
0.0
 11
20.57049
 21
-11.84821
 31
0.0
  0
LINE
  5
145
330
17
100
AcDbEntity
  8
0
100
AcDbLine
 10
20.57049
 20
-11.84821
 30
0.0
 11
20.226779999999998
 21
-11.76432
 31
0.0
  0
LINE
  5
146
330
17
100
AcDbEntity
  8
0
100
AcDbLine
 10
20.226779999999998
 20
-11.76432
 30
0.0
 11
19.891099999999998
 21
-11.64758
 31
0.0
  0
LINE
  5
147
330
17
100
AcDbEntity
  8
0
100
AcDbLine
 10
19.891099999999998
 20
-11.64758
 30
0.0
 11
19.55021
 21
-11.49004
 31
0.0
  0
LINE
  5
148
330
17
100
AcDbEntity
  8
0
100
AcDbLine
 10
19.55021
 20
-11.49004
 30
0.0
 11
19.21658
 21
-11.299470000000001
 31
0.0
  0
LINE
  5
149
330
17
100
AcDbEntity
  8
0
100
AcDbLine
 10
19.21658
 20
-11.299470000000001
 30
0.0
 11
18.81215
 21
-11.01675
 31
0.0
  0
LINE
  5
14A
330
17
100
AcDbEntity
  8
0
100
AcDbLine
 10
18.81215
 20
-11.01675
 30
0.0
 11
18.39882
 21
-10.6648
 31
0.0
  0
LINE
  5
14B
330
17
100
AcDbEntity
  8
0
100
AcDbLine
 10
18.39882
 20
-10.6648
 30
0.0
 11
18.182070000000003
 21
-10.45486
 31
0.0
  0
LINE
  5
14C
330
17
100
AcDbEntity
  8
0
100
AcDbLine
 10
18.182070000000003
 20
-10.45486
 30
0.0
 11
17.79669
 21
-10.023950000000001
 31
0.0
  0
LINE
  5
14D
330
17
100
AcDbEntity
  8
0
100
AcDbLine
 10
17.79669
 20
-10.023950000000001
 30
0.0
 11
17.41449
 21
-9.50493
 31
0.0
  0
LINE
  5
14E
330
17
100
AcDbEntity
  8
0
100
AcDbLine
 10
17.41449
 20
-9.50493
 30
0.0
 11
17.20833
 21
-9.18185
 31
0.0
  0
LINE
  5
14F
330
17
100
AcDbEntity
  8
0
100
AcDbLine
 10
17.20833
 20
-9.18185
 30
0.0
 11
16.078120000000002
 21
-9.18185
 31
0.0
  0
LINE
  5
150
330
17
100
AcDbEntity
  8
0
100
AcDbLine
 10
16.078120000000002
 20
-9.18185
 30
0.0
 11
16.58246
 21
-11.57595
 31
0.0
  0
LINE
  5
151
330
17
100
AcDbEntity
  8
0
100
AcDbLine
 10
-83.13992
 20
12.93722
 30
0.0
 11
-83.24739000000001
 21
12.617180000000001
 31
0.0
  0
LINE
  5
152
330
17
100
AcDbEntity
  8
0
100
AcDbLine
 10
-83.24739000000001
 20
12.617180000000001
 30
0.0
 11
-83.41060999999999
 21
11.98921
 31
0.0
  0
LINE
  5
153
330
17
100
AcDbEntity
  8
0
100
AcDbLine
 10
-83.41060999999999
 20
11.98921
 30
0.0
 11
-83.54407
 21
11.18654
 31
0.0
  0
LINE
  5
154
330
17
100
AcDbEntity
  8
0
100
AcDbLine
 10
-83.54407
 20
11.18654
 30
0.0
 11
-83.62189000000001
 21
10.1653
 31
0.0
  0
LINE
  5
155
330
17
100
AcDbEntity
  8
0
100
AcDbLine
 10
-83.62189000000001
 20
10.1653
 30
0.0
 11
-83.63020999999999
 21
9.67187
 31
0.0
  0
LINE
  5
156
330
17
100
AcDbEntity
  8
0
100
AcDbLine
 10
-83.63020999999999
 20
9.67187
 30
0.0
 11
-83.63020999999999
 21
1.7916600000000003
 31
0.0
  0
LINE
  5
157
330
17
100
AcDbEntity
  8
0
100
AcDbLine
 10
-83.63020999999999
 20
1.79166
 30
0.0
 11
-83.6529
 21
1.28226
 31
0.0
  0
LINE
  5
158
330
17
100
AcDbEntity
  8
0
100
AcDbLine
 10
-83.6529
 20
1.28226
 30
0.0
 11
-83.69954
 21
0.9510299999999999
 31
0.0
  0
LINE
  5
159
330
17
100
AcDbEntity
  8
0
100
AcDbLine
 10
-83.69954
 20
0.9510299999999999
 30
0.0
 11
-83.75703
 21
0.71018
 31
0.0
  0
LINE
  5
15A
330
17
100
AcDbEntity
  8
0
100
AcDbLine
 10
-83.75703
 20
0.71018
 30
0.0
 11
-83.8151
 21
0.53906
 31
0.0
  0
LINE
  5
15B
330
17
100
AcDbEntity
  8
0
100
AcDbLine
 10
-83.8151
 20
0.53906
 30
0.0
 11
-83.89716999999999
 21
0.35582
 31
0.0
  0
LINE
  5
15C
330
17
100
AcDbEntity
  8
0
100
AcDbLine
 10
-83.89716999999999
 20
0.35582
 30
0.0
 11
-83.98310000000001
 21
0.20526999999999998
 31
0.0
  0
LINE
  5
15D
330
17
100
AcDbEntity
  8
0
100
AcDbLine
 10
-83.98310000000001
 20
0.20526999999999998
 30
0.0
 11
-84.07265
 21
0.07891999999999999
 31
0.0
  0
LINE
  5
15E
330
17
100
AcDbEntity
  8
0
100
AcDbLine
 10
-84.07265
 20
0.07891999999999999
 30
0.0
 11
-84.16619
 21
-0.02887999999999999
 31
0.0
  0
LINE
  5
15F
330
17
100
AcDbEntity
  8
0
100
AcDbLine
 10
-84.16619
 20
-0.028880000000000003
 30
0.0
 11
-84.27431
 21
-0.13027
 31
0.0
  0
LINE
  5
160
330
17
100
AcDbEntity
  8
0
100
AcDbLine
 10
-84.27431
 20
-0.13027000000000002
 30
0.0
 11
-84.34375
 21
-0.18489
 31
0.0
  0
LINE
  5
161
330
17
100
AcDbEntity
  8
0
100
AcDbLine
 10
-84.34375
 20
-0.18489
 30
0.0
 11
-84.49891
 21
-0.28641
 31
0.0
  0
LINE
  5
162
330
17
100
AcDbEntity
  8
0
100
AcDbLine
 10
-84.49891
 20
-0.28641
 30
0.0
 11
-84.65849
 21
-0.36834
 31
0.0
  0
LINE
  5
163
330
17
100
AcDbEntity
  8
0
100
AcDbLine
 10
-84.65849
 20
-0.36834
 30
0.0
 11
-84.83318
 21
-0.43687000000000004
 31
0.0
  0
LINE
  5
164
330
17
100
AcDbEntity
  8
0
100
AcDbLine
 10
-84.83318
 20
-0.43687000000000004
 30
0.0
 11
-85.02795
 21
-0.49191999999999997
 31
0.0
  0
LINE
  5
165
330
17
100
AcDbEntity
  8
0
100
AcDbLine
 10
-85.02795
 20
-0.49191999999999997
 30
0.0
 11
-85.15885
 21
-0.51822
 31
0.0
  0
LINE
  5
166
330
17
100
AcDbEntity
  8
0
100
AcDbLine
 10
-85.15885
 20
-0.51822
 30
0.0
 11
-85.66885
 21
-0.58022
 31
0.0
  0
LINE
  5
167
330
17
100
AcDbEntity
  8
0
100
AcDbLine
 10
-85.66885
 20
-0.58022
 30
0.0
 11
-86.18229
 21
-0.59869
 31
0.0
  0
LINE
  5
168
330
17
100
AcDbEntity
  8
0
100
AcDbLine
 10
-86.18229
 20
-0.59869
 30
0.0
 11
-86.29687
 21
-0.59895
 31
0.0
  0
LINE
  5
169
330
17
100
AcDbEntity
  8
0
100
AcDbLine
 10
-86.29687
 20
-0.59895
 30
0.0
 11
-86.29687
 21
-2.0
 31
0.0
  0
LINE
  5
16A
330
17
100
AcDbEntity
  8
0
100
AcDbLine
 10
-86.29687
 20
-2.0
 30
0.0
 11
-80.48437
 21
-2.0
 31
0.0
  0
LINE
  5
16B
330
17
100
AcDbEntity
  8
0
100
AcDbLine
 10
-80.48437
 20
-2.0
 30
0.0
 11
-80.48437
 21
9.5052
 31
0.0
  0
LINE
  5
16C
330
17
100
AcDbEntity
  8
0
100
AcDbLine
 10
-80.48437
 20
9.5052
 30
0.0
 11
-80.43554
 21
10.5371
 31
0.0
  0
LINE
  5
16D
330
17
100
AcDbEntity
  8
0
100
AcDbLine
 10
-80.43554
 20
10.5371
 30
0.0
 11
-80.33022
 21
11.253340000000001
 31
0.0
  0
LINE
  5
16E
330
17
100
AcDbEntity
  8
0
100
AcDbLine
 10
-80.33022
 20
11.253340000000001
 30
0.0
 11
-80.28905999999999
 21
11.445310000000001
 31
0.0
  0
LINE
  5
16F
330
17
100
AcDbEntity
  8
0
100
AcDbLine
 10
-80.28905999999999
 20
11.445310000000001
 30
0.0
 11
-80.16322
 21
11.89318
 31
0.0
  0
LINE
  5
170
330
17
100
AcDbEntity
  8
0
100
AcDbLine
 10
-80.16322
 20
11.89318
 30
0.0
 11
-80.01996
 21
12.2609
 31
0.0
  0
LINE
  5
171
330
17
100
AcDbEntity
  8
0
100
AcDbLine
 10
-80.01996
 20
12.2609
 30
0.0
 11
-79.86276000000001
 21
12.57098
 31
0.0
  0
LINE
  5
172
330
17
100
AcDbEntity
  8
0
100
AcDbLine
 10
-79.86276000000001
 20
12.57098
 30
0.0
 11
-79.69299000000001
 21
12.83748
 31
0.0
  0
LINE
  5
173
330
17
100
AcDbEntity
  8
0
100
AcDbLine
 10
-79.69299000000001
 20
12.83748
 30
0.0
 11
-79.66405999999999
 21
12.8776
 31
0.0
  0
LINE
  5
174
330
17
100
AcDbEntity
  8
0
100
AcDbLine
 10
-79.66405999999999
 20
12.8776
 30
0.0
 11
-79.49961
 21
13.080359999999999
 31
0.0
  0
LINE
  5
175
330
17
100
AcDbEntity
  8
0
100
AcDbLine
 10
-79.49961
 20
13.080359999999999
 30
0.0
 11
-79.30656
 21
13.2742
 31
0.0
  0
LINE
  5
176
330
17
100
AcDbEntity
  8
0
100
AcDbLine
 10
-79.30656
 20
13.2742
 30
0.0
 11
-79.09727
 21
13.44446
 31
0.0
  0
LINE
  5
177
330
17
100
AcDbEntity
  8
0
100
AcDbLine
 10
-79.09727
 20
13.44446
 30
0.0
 11
-78.8677
 21
13.595070000000002
 31
0.0
  0
LINE
  5
178
330
17
100
AcDbEntity
  8
0
100
AcDbLine
 10
-78.8677
 20
13.595070000000002
 30
0.0
 11
-78.61205
 21
13.72831
 31
0.0
  0
LINE
  5
179
330
17
100
AcDbEntity
  8
0
100
AcDbLine
 10
-78.61205
 20
13.72831
 30
0.0
 11
-78.53385
 21
13.763020000000001
 31
0.0
  0
LINE
  5
17A
330
17
100
AcDbEntity
  8
0
100
AcDbLine
 10
-78.53385
 20
13.763020000000001
 30
0.0
 11
-78.22778
 21
13.87503
 31
0.0
  0
LINE
  5
17B
330
17
100
AcDbEntity
  8
0
100
AcDbLine
 10
-78.22778
 20
13.87503
 30
0.0
 11
-77.89505
 21
13.96085
 31
0.0
  0
LINE
  5
17C
330
17
100
AcDbEntity
  8
0
100
AcDbLine
 10
-77.89505
 20
13.96085
 30
0.0
 11
-77.49298
 21
14.02572
 31
0.0
  0
LINE
  5
17D
330
17
100
AcDbEntity
  8
0
100
AcDbLine
 10
-77.49298
 20
14.02572
 30
0.0
 11
-76.99689
 21
14.06022
 31
0.0
  0
LINE
  5
17E
330
17
100
AcDbEntity
  8
0
100
AcDbLine
 10
-76.99689
 20
14.06022
 30
0.0
 11
-76.82291
 21
14.0625
 31
0.0
  0
LINE
  5
17F
330
17
100
AcDbEntity
  8
0
100
AcDbLine
 10
-76.82291
 20
14.0625
 30
0.0
 11
-76.25587
 21
14.0328
 31
0.0
  0
LINE
  5
180
330
17
100
AcDbEntity
  8
0
100
AcDbLine
 10
-76.25587
 20
14.0328
 30
0.0
 11
-75.85032
 21
13.968960000000001
 31
0.0
  0
LINE
  5
181
330
17
100
AcDbEntity
  8
0
100
AcDbLine
 10
-75.85032
 20
13.968960000000001
 30
0.0
 11
-75.50814
 21
13.88027
 31
0.0
  0
LINE
  5
182
330
17
100
AcDbEntity
  8
0
100
AcDbLine
 10
-75.50814
 20
13.88027
 30
0.0
 11
-75.21296
 21
13.772039999999999
 31
0.0
  0
LINE
  5
183
330
17
100
AcDbEntity
  8
0
100
AcDbLine
 10
-75.21296
 20
13.772039999999999
 30
0.0
 11
-74.95326
 21
13.64676
 31
0.0
  0
LINE
  5
184
330
17
100
AcDbEntity
  8
0
100
AcDbLine
 10
-74.95326
 20
13.64676
 30
0.0
 11
-74.91406
 21
13.625
 31
0.0
  0
LINE
  5
185
330
17
100
AcDbEntity
  8
0
100
AcDbLine
 10
-74.91406
 20
13.625
 30
0.0
 11
-74.7157
 21
13.50468
 31
0.0
  0
LINE
  5
186
330
17
100
AcDbEntity
  8
0
100
AcDbLine
 10
-74.7157
 20
13.50468
 30
0.0
 11
-74.45671
 21
13.31856
 31
0.0
  0
LINE
  5
187
330
17
100
AcDbEntity
  8
0
100
AcDbLine
 10
-74.45671
 20
13.31856
 30
0.0
 11
-74.21587000000001
 21
13.10949
 31
0.0
  0
LINE
  5
188
330
17
100
AcDbEntity
  8
0
100
AcDbLine
 10
-74.21587000000001
 20
13.10949
 30
0.0
 11
-73.99519000000001
 21
12.87923
 31
0.0
  0
LINE
  5
189
330
17
100
AcDbEntity
  8
0
100
AcDbLine
 10
-73.99519000000001
 20
12.87923
 30
0.0
 11
-73.79655
 21
12.62973
 31
0.0
  0
LINE
  5
18A
330
17
100
AcDbEntity
  8
0
100
AcDbLine
 10
-73.79655
 20
12.62973
 30
0.0
 11
-73.66667000000001
 21
12.4375
 31
0.0
  0
LINE
  5
18B
330
17
100
AcDbEntity
  8
0
100
AcDbLine
 10
-73.66667000000001
 20
12.4375
 30
0.0
 11
-73.42569
 21
12.006269999999999
 31
0.0
  0
LINE
  5
18C
330
17
100
AcDbEntity
  8
0
100
AcDbLine
 10
-73.42569
 20
12.006269999999999
 30
0.0
 11
-73.23147
 21
11.555309999999999
 31
0.0
  0
LINE
  5
18D
330
17
100
AcDbEntity
  8
0
100
AcDbLine
 10
-73.23147
 20
11.555309999999999
 30
0.0
 11
-73.06916
 21
11.0465
 31
0.0
  0
LINE
  5
18E
330
17
100
AcDbEntity
  8
0
100
AcDbLine
 10
-73.06916
 20
11.0465
 30
0.0
 11
-72.98958
 21
10.710930000000001
 31
0.0
  0
LINE
  5
18F
330
17
100
AcDbEntity
  8
0
100
AcDbLine
 10
-72.98958
 20
10.710930000000001
 30
0.0
 11
-72.87953
 21
10.06708
 31
0.0
  0
LINE
  5
190
330
17
100
AcDbEntity
  8
0
100
AcDbLine
 10
-72.87953
 20
10.06708
 30
0.0
 11
-72.80542
 21
9.31441
 31
0.0
  0
LINE
  5
191
330
17
100
AcDbEntity
  8
0
100
AcDbLine
 10
-72.80542
 20
9.31441
 30
0.0
 11
-72.78679000000001
 21
8.66146
 31
0.0
  0
LINE
  5
192
330
17
100
AcDbEntity
  8
0
100
AcDbLine
 10
-72.78679000000001
 20
8.66146
 30
0.0
 11
-72.78645999999999
 21
1.6302000000000003
 31
0.0
  0
LINE
  5
193
330
17
100
AcDbEntity
  8
0
100
AcDbLine
 10
-72.78645999999999
 20
1.6302
 30
0.0
 11
-72.80399
 21
1.23945
 31
0.0
  0
LINE
  5
194
330
17
100
AcDbEntity
  8
0
100
AcDbLine
 10
-72.80399
 20
1.23945
 30
0.0
 11
-72.84433
 21
0.95409
 31
0.0
  0
LINE
  5
195
330
17
100
AcDbEntity
  8
0
100
AcDbLine
 10
-72.84433
 20
0.95409
 30
0.0
 11
-72.89719
 21
0.7346600000000001
 31
0.0
  0
LINE
  5
196
330
17
100
AcDbEntity
  8
0
100
AcDbLine
 10
-72.89719
 20
0.7346600000000001
 30
0.0
 11
-72.9574
 21
0.5607
 31
0.0
  0
LINE
  5
197
330
17
100
AcDbEntity
  8
0
100
AcDbLine
 10
-72.9574
 20
0.5607
 30
0.0
 11
-73.00781
 21
0.44791
 31
0.0
  0
LINE
  5
198
330
17
100
AcDbEntity
  8
0
100
AcDbLine
 10
-73.00781
 20
0.44791
 30
0.0
 11
-73.10145
 21
0.27911
 31
0.0
  0
LINE
  5
199
330
17
100
AcDbEntity
  8
0
100
AcDbLine
 10
-73.10145
 20
0.27911
 30
0.0
 11
-73.19805
 21
0.1392
 31
0.0
  0
LINE
  5
19A
330
17
100
AcDbEntity
  8
0
100
AcDbLine
 10
-73.19805
 20
0.1392
 30
0.0
 11
-73.29795
 21
0.021129999999999996
 31
0.0
  0
LINE
  5
19B
330
17
100
AcDbEntity
  8
0
100
AcDbLine
 10
-73.29795
 20
0.02113
 30
0.0
 11
-73.41335000000001
 21
-0.08969
 31
0.0
  0
LINE
  5
19C
330
17
100
AcDbEntity
  8
0
100
AcDbLine
 10
-73.41335000000001
 20
-0.08969
 30
0.0
 11
-73.53293
 21
-0.18204
 31
0.0
  0
LINE
  5
19D
330
17
100
AcDbEntity
  8
0
100
AcDbLine
 10
-73.53293
 20
-0.18204
 30
0.0
 11
-73.60155999999999
 21
-0.22656
 31
0.0
  0
LINE
  5
19E
330
17
100
AcDbEntity
  8
0
100
AcDbLine
 10
-73.60155999999999
 20
-0.22656
 30
0.0
 11
-73.78898000000001
 21
-0.32715
 31
0.0
  0
LINE
  5
19F
330
17
100
AcDbEntity
  8
0
100
AcDbLine
 10
-73.78898000000001
 20
-0.32715
 30
0.0
 11
-73.9847
 21
-0.40754
 31
0.0
  0
LINE
  5
1A0
330
17
100
AcDbEntity
  8
0
100
AcDbLine
 10
-73.9847
 20
-0.40754
 30
0.0
 11
-74.20533
 21
-0.47384
 31
0.0
  0
LINE
  5
1A1
330
17
100
AcDbEntity
  8
0
100
AcDbLine
 10
-74.20533
 20
-0.47384
 30
0.0
 11
-74.47135
 21
-0.52604
 31
0.0
  0
LINE
  5
1A2
330
17
100
AcDbEntity
  8
0
100
AcDbLine
 10
-74.47135
 20
-0.52604
 30
0.0
 11
-74.99476
 21
-0.5815800000000001
 31
0.0
  0
LINE
  5
1A3
330
17
100
AcDbEntity
  8
0
100
AcDbLine
 10
-74.99476
 20
-0.5815800000000001
 30
0.0
 11
-75.52083
 21
-0.5988
 31
0.0
  0
LINE
  5
1A4
330
17
100
AcDbEntity
  8
0
100
AcDbLine
 10
-75.52083
 20
-0.5988
 30
0.0
 11
-75.61979000000001
 21
-0.59895
 31
0.0
  0
LINE
  5
1A5
330
17
100
AcDbEntity
  8
0
100
AcDbLine
 10
-75.61979000000001
 20
-0.59895
 30
0.0
 11
-75.61979000000001
 21
-2.0
 31
0.0
  0
LINE
  5
1A6
330
17
100
AcDbEntity
  8
0
100
AcDbLine
 10
-75.61979000000001
 20
-2.0
 30
0.0
 11
-66.65104
 21
-2.0
 31
0.0
  0
LINE
  5
1A7
330
17
100
AcDbEntity
  8
0
100
AcDbLine
 10
-66.65104
 20
-2.0
 30
0.0
 11
-66.65104
 21
-0.5989499999999999
 31
0.0
  0
LINE
  5
1A8
330
17
100
AcDbEntity
  8
0
100
AcDbLine
 10
-66.65104
 20
-0.59895
 30
0.0
 11
-66.92708
 21
-0.59871
 31
0.0
  0
LINE
  5
1A9
330
17
100
AcDbEntity
  8
0
100
AcDbLine
 10
-66.92708
 20
-0.59871
 30
0.0
 11
-67.46257999999999
 21
-0.5801200000000001
 31
0.0
  0
LINE
  5
1AA
330
17
100
AcDbEntity
  8
0
100
AcDbLine
 10
-67.46257999999999
 20
-0.5801200000000001
 30
0.0
 11
-67.99479
 21
-0.51822
 31
0.0
  0
LINE
  5
1AB
330
17
100
AcDbEntity
  8
0
100
AcDbLine
 10
-67.99479
 20
-0.51822
 30
0.0
 11
-68.22993
 21
-0.46826
 31
0.0
  0
LINE
  5
1AC
330
17
100
AcDbEntity
  8
0
100
AcDbLine
 10
-68.22993
 20
-0.46826
 30
0.0
 11
-68.43423
 21
-0.40342999999999996
 31
0.0
  0
LINE
  5
1AD
330
17
100
AcDbEntity
  8
0
100
AcDbLine
 10
-68.43423
 20
-0.40342999999999996
 30
0.0
 11
-68.61546
 21
-0.32567
 31
0.0
  0
LINE
  5
1AE
330
17
100
AcDbEntity
  8
0
100
AcDbLine
 10
-68.61546
 20
-0.32567
 30
0.0
 11
-68.7943
 21
-0.22604
 31
0.0
  0
LINE
  5
1AF
330
17
100
AcDbEntity
  8
0
100
AcDbLine
 10
-68.7943
 20
-0.22604
 30
0.0
 11
-68.85677
 21
-0.18489
 31
0.0
  0
LINE
  5
1B0
330
17
100
AcDbEntity
  8
0
100
AcDbLine
 10
-68.85677
 20
-0.18489
 30
0.0
 11
-68.98655
 21
-0.08479
 31
0.0
  0
LINE
  5
1B1
330
17
100
AcDbEntity
  8
0
100
AcDbLine
 10
-68.98655
 20
-0.08479
 30
0.0
 11
-69.10131999999999
 21
0.0247
 31
0.0
  0
LINE
  5
1B2
330
17
100
AcDbEntity
  8
0
100
AcDbLine
 10
-69.10131999999999
 20
0.0247
 30
0.0
 11
-69.20933
 21
0.15077
 31
0.0
  0
LINE
  5
1B3
330
17
100
AcDbEntity
  8
0
100
AcDbLine
 10
-69.20933
 20
0.15077
 30
0.0
 11
-69.31194
 21
0.29758999999999997
 31
0.0
  0
LINE
  5
1B4
330
17
100
AcDbEntity
  8
0
100
AcDbLine
 10
-69.31194
 20
0.29758999999999997
 30
0.0
 11
-69.40982
 21
0.47109
 31
0.0
  0
LINE
  5
1B5
330
17
100
AcDbEntity
  8
0
100
AcDbLine
 10
-69.40982
 20
0.47109
 30
0.0
 11
-69.44271
 21
0.53906
 31
0.0
  0
LINE
  5
1B6
330
17
100
AcDbEntity
  8
0
100
AcDbLine
 10
-69.44271
 20
0.53906
 30
0.0
 11
-69.51149
 21
0.71039
 31
0.0
  0
LINE
  5
1B7
330
17
100
AcDbEntity
  8
0
100
AcDbLine
 10
-69.51149
 20
0.71039
 30
0.0
 11
-69.56805
 21
0.90298
 31
0.0
  0
LINE
  5
1B8
330
17
100
AcDbEntity
  8
0
100
AcDbLine
 10
-69.56805
 20
0.90298
 30
0.0
 11
-69.61652
 21
1.14719
 31
0.0
  0
LINE
  5
1B9
330
17
100
AcDbEntity
  8
0
100
AcDbLine
 10
-69.61652
 20
1.14719
 30
0.0
 11
-69.65493000000001
 21
1.5311299999999999
 31
0.0
  0
LINE
  5
1BA
330
17
100
AcDbEntity
  8
0
100
AcDbLine
 10
-69.65493000000001
 20
1.5311299999999999
 30
0.0
 11
-69.66145999999999
 21
1.79166
 31
0.0
  0
LINE
  5
1BB
330
17
100
AcDbEntity
  8
0
100
AcDbLine
 10
-69.66145999999999
 20
1.79166
 30
0.0
 11
-69.66145999999999
 21
12.1927
 31
0.0
  0
LINE
  5
1BC
330
17
100
AcDbEntity
  8
0
100
AcDbLine
 10
-69.66145999999999
 20
12.1927
 30
0.0
 11
-69.64378
 21
12.58712
 31
0.0
  0
LINE
  5
1BD
330
17
100
AcDbEntity
  8
0
100
AcDbLine
 10
-69.64378
 20
12.58712
 30
0.0
 11
-69.60324
 21
12.874170000000001
 31
0.0
  0
LINE
  5
1BE
330
17
100
AcDbEntity
  8
0
100
AcDbLine
 10
-69.60324
 20
12.874170000000001
 30
0.0
 11
-69.55024
 21
13.09432
 31
0.0
  0
LINE
  5
1BF
330
17
100
AcDbEntity
  8
0
100
AcDbLine
 10
-69.55024
 20
13.09432
 30
0.0
 11
-69.49002
 21
13.26845
 31
0.0
  0
LINE
  5
1C0
330
17
100
AcDbEntity
  8
0
100
AcDbLine
 10
-69.49002
 20
13.26845
 30
0.0
 11
-69.44271
 21
13.375
 31
0.0
  0
LINE
  5
1C1
330
17
100
AcDbEntity
  8
0
100
AcDbLine
 10
-69.44271
 20
13.375
 30
0.0
 11
-69.34824
 21
13.547089999999999
 31
0.0
  0
LINE
  5
1C2
330
17
100
AcDbEntity
  8
0
100
AcDbLine
 10
-69.34824
 20
13.547089999999999
 30
0.0
 11
-69.24909
 21
13.692060000000001
 31
0.0
  0
LINE
  5
1C3
330
17
100
AcDbEntity
  8
0
100
AcDbLine
 10
-69.24909
 20
13.692060000000001
 30
0.0
 11
-69.14491000000001
 21
13.81626
 31
0.0
  0
LINE
  5
1C4
330
17
100
AcDbEntity
  8
0
100
AcDbLine
 10
-69.14491000000001
 20
13.81626
 30
0.0
 11
-69.024
 21
13.9335
 31
0.0
  0
LINE
  5
1C5
330
17
100
AcDbEntity
  8
0
100
AcDbLine
 10
-69.024
 20
13.9335
 30
0.0
 11
-68.89681
 21
14.03291
 31
0.0
  0
LINE
  5
1C6
330
17
100
AcDbEntity
  8
0
100
AcDbLine
 10
-68.89681
 20
14.03291
 30
0.0
 11
-68.84896
 21
14.065100000000001
 31
0.0
  0
LINE
  5
1C7
330
17
100
AcDbEntity
  8
0
100
AcDbLine
 10
-68.84896
 20
14.065100000000001
 30
0.0
 11
-68.65809
 21
14.174199999999999
 31
0.0
  0
LINE
  5
1C8
330
17
100
AcDbEntity
  8
0
100
AcDbLine
 10
-68.65809
 20
14.174199999999999
 30
0.0
 11
-68.46067000000001
 21
14.26126
 31
0.0
  0
LINE
  5
1C9
330
17
100
AcDbEntity
  8
0
100
AcDbLine
 10
-68.46067000000001
 20
14.26126
 30
0.0
 11
-68.24171
 21
14.332920000000001
 31
0.0
  0
LINE
  5
1CA
330
17
100
AcDbEntity
  8
0
100
AcDbLine
 10
-68.24171
 20
14.332920000000001
 30
0.0
 11
-67.97916
 21
14.39062
 31
0.0
  0
LINE
  5
1CB
330
17
100
AcDbEntity
  8
0
100
AcDbLine
 10
-67.97916
 20
14.39062
 30
0.0
 11
-67.45487
 21
14.45421
 31
0.0
  0
LINE
  5
1CC
330
17
100
AcDbEntity
  8
0
100
AcDbLine
 10
-67.45487
 20
14.45421
 30
0.0
 11
-66.92708
 21
14.47376
 31
0.0
  0
LINE
  5
1CD
330
17
100
AcDbEntity
  8
0
100
AcDbLine
 10
-66.92708
 20
14.47376
 30
0.0
 11
-66.83332999999999
 21
14.473949999999999
 31
0.0
  0
LINE
  5
1CE
330
17
100
AcDbEntity
  8
0
100
AcDbLine
 10
-66.83332999999999
 20
14.473949999999999
 30
0.0
 11
-66.83332999999999
 21
15.869790000000002
 31
0.0
  0
LINE
  5
1CF
330
17
100
AcDbEntity
  8
0
100
AcDbLine
 10
-66.83332999999999
 20
15.869790000000002
 30
0.0
 11
-72.21875
 21
15.869790000000002
 31
0.0
  0
LINE
  5
1D0
330
17
100
AcDbEntity
  8
0
100
AcDbLine
 10
-72.21875
 20
15.869790000000002
 30
0.0
 11
-72.65625
 21
13.17187
 31
0.0
  0
LINE
  5
1D1
330
17
100
AcDbEntity
  8
0
100
AcDbLine
 10
-72.65625
 20
13.17187
 30
0.0
 11
-72.82291000000001
 21
13.17187
 31
0.0
  0
LINE
  5
1D2
330
17
100
AcDbEntity
  8
0
100
AcDbLine
 10
-72.82291000000001
 20
13.17187
 30
0.0
 11
-73.32929
 21
13.97633
 31
0.0
  0
LINE
  5
1D3
330
17
100
AcDbEntity
  8
0
100
AcDbLine
 10
-73.32929
 20
13.97633
 30
0.0
 11
-73.70833
 21
14.46176
 31
0.0
  0
LINE
  5
1D4
330
17
100
AcDbEntity
  8
0
100
AcDbLine
 10
-73.70833
 20
14.46176
 30
0.0
 11
-73.91927
 21
14.6927
 31
0.0
  0
LINE
  5
1D5
330
17
100
AcDbEntity
  8
0
100
AcDbLine
 10
-73.91927
 20
14.6927
 30
0.0
 11
-74.34174
 21
15.08589
 31
0.0
  0
LINE
  5
1D6
330
17
100
AcDbEntity
  8
0
100
AcDbLine
 10
-74.34174
 20
15.08589
 30
0.0
 11
-74.70797
 21
15.36269
 31
0.0
  0
LINE
  5
1D7
330
17
100
AcDbEntity
  8
0
100
AcDbLine
 10
-74.70797
 20
15.36269
 30
0.0
 11
-75.06075
 21
15.578669999999999
 31
0.0
  0
LINE
  5
1D8
330
17
100
AcDbEntity
  8
0
100
AcDbLine
 10
-75.06075
 20
15.578669999999999
 30
0.0
 11
-75.13802
 21
15.61979
 31
0.0
  0
LINE
  5
1D9
330
17
100
AcDbEntity
  8
0
100
AcDbLine
 10
-75.13802
 20
15.61979
 30
0.0
 11
-75.43211
 21
15.7593
 31
0.0
  0
LINE
  5
1DA
330
17
100
AcDbEntity
  8
0
100
AcDbLine
 10
-75.43211
 20
15.7593
 30
0.0
 11
-75.80378
 21
15.90113
 31
0.0
  0
LINE
  5
1DB
330
17
100
AcDbEntity
  8
0
100
AcDbLine
 10
-75.80378
 20
15.90113
 30
0.0
 11
-76.18624
 21
16.01053
 31
0.0
  0
LINE
  5
1DC
330
17
100
AcDbEntity
  8
0
100
AcDbLine
 10
-76.18624
 20
16.01053
 30
0.0
 11
-76.50518000000001
 21
16.07566
 31
0.0
  0
LINE
  5
1DD
330
17
100
AcDbEntity
  8
0
100
AcDbLine
 10
-76.50518000000001
 20
16.07566
 30
0.0
 11
-77.26565000000001
 21
16.168660000000003
 31
0.0
  0
LINE
  5
1DE
330
17
100
AcDbEntity
  8
0
100
AcDbLine
 10
-77.26565000000001
 20
16.168660000000003
 30
0.0
 11
-78.03125
 21
16.19791
 31
0.0
  0
LINE
  5
1DF
330
17
100
AcDbEntity
  8
0
100
AcDbLine
 10
-78.03125
 20
16.19791
 30
0.0
 11
-78.88433
 21
16.15473
 31
0.0
  0
LINE
  5
1E0
330
17
100
AcDbEntity
  8
0
100
AcDbLine
 10
-78.88433
 20
16.15473
 30
0.0
 11
-79.53782
 21
16.05453
 31
0.0
  0
LINE
  5
1E1
330
17
100
AcDbEntity
  8
0
100
AcDbLine
 10
-79.53782
 20
16.05453
 30
0.0
 11
-80.09867
 21
15.911430000000001
 31
0.0
  0
LINE
  5
1E2
330
17
100
AcDbEntity
  8
0
100
AcDbLine
 10
-80.09867
 20
15.911430000000001
 30
0.0
 11
-80.38280999999999
 21
15.8151
 31
0.0
  0
LINE
  5
1E3
330
17
100
AcDbEntity
  8
0
100
AcDbLine
 10
-80.38280999999999
 20
15.8151
 30
0.0
 11
-80.71806
 21
15.6771
 31
0.0
  0
LINE
  5
1E4
330
17
100
AcDbEntity
  8
0
100
AcDbLine
 10
-80.71806
 20
15.6771
 30
0.0
 11
-81.13373999999999
 21
15.459840000000002
 31
0.0
  0
LINE
  5
1E5
330
17
100
AcDbEntity
  8
0
100
AcDbLine
 10
-81.13373999999999
 20
15.459840000000002
 30
0.0
 11
-81.52416
 21
15.199900000000001
 31
0.0
  0
LINE
  5
1E6
330
17
100
AcDbEntity
  8
0
100
AcDbLine
 10
-81.52416
 20
15.199900000000001
 30
0.0
 11
-81.88496
 21
14.90019
 31
0.0
  0
LINE
  5
1E7
330
17
100
AcDbEntity
  8
0
100
AcDbLine
 10
-81.88496
 20
14.90019
 30
0.0
 11
-82.14062
 21
14.64323
 31
0.0
  0
LINE
  5
1E8
330
17
100
AcDbEntity
  8
0
100
AcDbLine
 10
-82.14062
 20
14.64323
 30
0.0
 11
-82.43011
 21
14.29142
 31
0.0
  0
LINE
  5
1E9
330
17
100
AcDbEntity
  8
0
100
AcDbLine
 10
-82.43011
 20
14.29142
 30
0.0
 11
-82.68307
 21
13.91064
 31
0.0
  0
LINE
  5
1EA
330
17
100
AcDbEntity
  8
0
100
AcDbLine
 10
-82.68307
 20
13.91064
 30
0.0
 11
-82.92003000000001
 21
13.46569
 31
0.0
  0
LINE
  5
1EB
330
17
100
AcDbEntity
  8
0
100
AcDbLine
 10
-82.92003000000001
 20
13.46569
 30
0.0
 11
-83.13992
 21
12.93722
 31
0.0
  0
LINE
  5
1EC
330
17
100
AcDbEntity
  8
0
100
AcDbLine
 10
58.42621
 20
-14.6
 30
0.0
 11
59.92621
 21
-14.6
 31
0.0
  0
LINE
  5
1ED
330
17
100
AcDbEntity
  8
0
100
AcDbLine
 10
59.92621
 20
-14.6
 30
0.0
 11
59.92621
 21
-14.0
 31
0.0
  0
LINE
  5
1EE
330
17
100
AcDbEntity
  8
0
100
AcDbLine
 10
59.92621
 20
-14.0
 30
0.0
 11
58.42621
 21
-14.0
 31
0.0
  0
LINE
  5
1EF
330
17
100
AcDbEntity
  8
0
100
AcDbLine
 10
58.42621
 20
-14.0
 30
0.0
 11
58.42621
 21
-14.6
 31
0.0
  0
LINE
  5
1F0
330
17
100
AcDbEntity
  8
0
100
AcDbLine
 10
9.6632
 20
-20.61288
 30
0.0
 11
9.602319999999999
 21
-20.62796
 31
0.0
  0
LINE
  5
1F1
330
17
100
AcDbEntity
  8
0
100
AcDbLine
 10
9.602319999999999
 20
-20.62796
 30
0.0
 11
9.53412
 21
-20.63797
 31
0.0
  0
LINE
  5
1F2
330
17
100
AcDbEntity
  8
0
100
AcDbLine
 10
9.53412
 20
-20.63797
 30
0.0
 11
9.45182
 21
-20.641920000000002
 31
0.0
  0
LINE
  5
1F3
330
17
100
AcDbEntity
  8
0
100
AcDbLine
 10
9.45182
 20
-20.641920000000002
 30
0.0
 11
9.3539
 21
-20.6391
 31
0.0
  0
LINE
  5
1F4
330
17
100
AcDbEntity
  8
0
100
AcDbLine
 10
9.3539
 20
-20.6391
 30
0.0
 11
9.22788
 21
-20.62565
 31
0.0
  0
LINE
  5
1F5
330
17
100
AcDbEntity
  8
0
100
AcDbLine
 10
9.22788
 20
-20.62565
 30
0.0
 11
9.10365
 21
-20.600589999999997
 31
0.0
  0
LINE
  5
1F6
330
17
100
AcDbEntity
  8
0
100
AcDbLine
 10
9.10365
 20
-20.600589999999997
 30
0.0
 11
8.98227
 21
-20.564120000000003
 31
0.0
  0
LINE
  5
1F7
330
17
100
AcDbEntity
  8
0
100
AcDbLine
 10
8.98227
 20
-20.564120000000003
 30
0.0
 11
8.89109
 21
-20.52837
 31
0.0
  0
LINE
  5
1F8
330
17
100
AcDbEntity
  8
0
100
AcDbLine
 10
8.89109
 20
-20.52837
 30
0.0
 11
8.59065
 21
-20.37352
 31
0.0
  0
LINE
  5
1F9
330
17
100
AcDbEntity
  8
0
100
AcDbLine
 10
8.59065
 20
-20.37352
 30
0.0
 11
8.30381
 21
-20.1947
 31
0.0
  0
LINE
  5
1FA
330
17
100
AcDbEntity
  8
0
100
AcDbLine
 10
8.30381
 20
-20.1947
 30
0.0
 11
7.8353399999999995
 21
-20.85178
 31
0.0
  0
LINE
  5
1FB
330
17
100
AcDbEntity
  8
0
100
AcDbLine
 10
7.8353399999999995
 20
-20.85178
 30
0.0
 11
8.08845
 21
-21.10433
 31
0.0
  0
LINE
  5
1FC
330
17
100
AcDbEntity
  8
0
100
AcDbLine
 10
8.08845
 20
-21.10433
 30
0.0
 11
8.35805
 21
-21.33921
 31
0.0
  0
LINE
  5
1FD
330
17
100
AcDbEntity
  8
0
100
AcDbLine
 10
8.35805
 20
-21.33921
 30
0.0
 11
8.55853
 21
-21.491130000000002
 31
0.0
  0
LINE
  5
1FE
330
17
100
AcDbEntity
  8
0
100
AcDbLine
 10
8.55853
 20
-21.491130000000002
 30
0.0
 11
8.80302
 21
-21.64938
 31
0.0
  0
LINE
  5
1FF
330
17
100
AcDbEntity
  8
0
100
AcDbLine
 10
8.80302
 20
-21.64938
 30
0.0
 11
9.023420000000002
 21
-21.77063
 31
0.0
  0
LINE
  5
200
330
17
100
AcDbEntity
  8
0
100
AcDbLine
 10
9.023420000000002
 20
-21.77063
 30
0.0
 11
9.27326
 21
-21.88652
 31
0.0
  0
LINE
  5
201
330
17
100
AcDbEntity
  8
0
100
AcDbLine
 10
9.27326
 20
-21.88652
 30
0.0
 11
9.57186
 21
-21.99841
 31
0.0
  0
LINE
  5
202
330
17
100
AcDbEntity
  8
0
100
AcDbLine
 10
9.57186
 20
-21.99841
 30
0.0
 11
9.8361
 21
-22.07616
 31
0.0
  0
LINE
  5
203
330
17
100
AcDbEntity
  8
0
100
AcDbLine
 10
9.8361
 20
-22.07616
 30
0.0
 11
10.1408
 21
-22.13963
 31
0.0
  0
LINE
  5
204
330
17
100
AcDbEntity
  8
0
100
AcDbLine
 10
10.1408
 20
-22.13963
 30
0.0
 11
10.49875
 21
-22.181469999999997
 31
0.0
  0
LINE
  5
205
330
17
100
AcDbEntity
  8
0
100
AcDbLine
 10
10.49875
 20
-22.181469999999997
 30
0.0
 11
10.809890000000001
 21
-22.1914
 31
0.0
  0
LINE
  5
206
330
17
100
AcDbEntity
  8
0
100
AcDbLine
 10
10.809890000000001
 20
-22.1914
 30
0.0
 11
11.20966
 21
-22.17299
 31
0.0
  0
LINE
  5
207
330
17
100
AcDbEntity
  8
0
100
AcDbLine
 10
11.20966
 20
-22.17299
 30
0.0
 11
11.52328
 21
-22.12793
 31
0.0
  0
LINE
  5
208
330
17
100
AcDbEntity
  8
0
100
AcDbLine
 10
11.52328
 20
-22.12793
 30
0.0
 11
11.77844
 21
-22.06556
 31
0.0
  0
LINE
  5
209
330
17
100
AcDbEntity
  8
0
100
AcDbLine
 10
11.77844
 20
-22.06556
 30
0.0
 11
11.99145
 21
-21.990869999999997
 31
0.0
  0
LINE
  5
20A
330
17
100
AcDbEntity
  8
0
100
AcDbLine
 10
11.99145
 20
-21.990869999999997
 30
0.0
 11
12.17332
 21
-21.90635
 31
0.0
  0
LINE
  5
20B
330
17
100
AcDbEntity
  8
0
100
AcDbLine
 10
12.17332
 20
-21.90635
 30
0.0
 11
12.33166
 21
-21.8129
 31
0.0
  0
LINE
  5
20C
330
17
100
AcDbEntity
  8
0
100
AcDbLine
 10
12.33166
 20
-21.8129
 30
0.0
 11
12.485009999999999
 21
-21.69964
 31
0.0
  0
LINE
  5
20D
330
17
100
AcDbEntity
  8
0
100
AcDbLine
 10
12.485009999999999
 20
-21.69964
 30
0.0
 11
12.52647
 21
-21.66428
 31
0.0
  0
LINE
  5
20E
330
17
100
AcDbEntity
  8
0
100
AcDbLine
 10
12.52647
 20
-21.66428
 30
0.0
 11
12.64904
 21
-21.54529
 31
0.0
  0
LINE
  5
20F
330
17
100
AcDbEntity
  8
0
100
AcDbLine
 10
12.64904
 20
-21.54529
 30
0.0
 11
12.763399999999999
 21
-21.40889
 31
0.0
  0
LINE
  5
210
330
17
100
AcDbEntity
  8
0
100
AcDbLine
 10
12.763399999999999
 20
-21.40889
 30
0.0
 11
12.85946
 21
-21.26598
 31
0.0
  0
LINE
  5
211
330
17
100
AcDbEntity
  8
0
100
AcDbLine
 10
12.85946
 20
-21.26598
 30
0.0
 11
12.940109999999999
 21
-21.11413
 31
0.0
  0
LINE
  5
212
330
17
100
AcDbEntity
  8
0
100
AcDbLine
 10
12.940109999999999
 20
-21.11413
 30
0.0
 11
13.007
 21
-20.94992
 31
0.0
  0
LINE
  5
213
330
17
100
AcDbEntity
  8
0
100
AcDbLine
 10
13.007
 20
-20.94992
 30
0.0
 11
13.06048
 21
-20.76906
 31
0.0
  0
LINE
  5
214
330
17
100
AcDbEntity
  8
0
100
AcDbLine
 10
13.06048
 20
-20.76906
 30
0.0
 11
13.09956
 21
-20.56601
 31
0.0
  0
LINE
  5
215
330
17
100
AcDbEntity
  8
0
100
AcDbLine
 10
13.09956
 20
-20.56601
 30
0.0
 11
13.12167
 21
-20.333360000000003
 31
0.0
  0
LINE
  5
216
330
17
100
AcDbEntity
  8
0
100
AcDbLine
 10
13.12167
 20
-20.333360000000003
 30
0.0
 11
13.125
 21
-20.195310000000003
 31
0.0
  0
LINE
  5
217
330
17
100
AcDbEntity
  8
0
100
AcDbLine
 10
13.125
 20
-20.195310000000003
 30
0.0
 11
13.09796
 21
-19.64027
 31
0.0
  0
LINE
  5
218
330
17
100
AcDbEntity
  8
0
100
AcDbLine
 10
13.09796
 20
-19.64027
 30
0.0
 11
13.04904
 21
-19.19878
 31
0.0
  0
LINE
  5
219
330
17
100
AcDbEntity
  8
0
100
AcDbLine
 10
13.04904
 20
-19.19878
 30
0.0
 11
12.81178
 21
-17.88027
 31
0.0
  0
LINE
  5
21A
330
17
100
AcDbEntity
  8
0
100
AcDbLine
 10
12.81178
 20
-17.88027
 30
0.0
 11
12.05251
 21
-14.26172
 31
0.0
  0
LINE
  5
21B
330
17
100
AcDbEntity
  8
0
100
AcDbLine
 10
12.05251
 20
-14.26172
 30
0.0
 11
12.000860000000001
 21
-14.00499
 31
0.0
  0
LINE
  5
21C
330
17
100
AcDbEntity
  8
0
100
AcDbLine
 10
12.000860000000001
 20
-14.00499
 30
0.0
 11
11.95684
 21
-13.75433
 31
0.0
  0
LINE
  5
21D
330
17
100
AcDbEntity
  8
0
100
AcDbLine
 10
11.95684
 20
-13.75433
 30
0.0
 11
11.92798
 21
-13.55077
 31
0.0
  0
LINE
  5
21E
330
17
100
AcDbEntity
  8
0
100
AcDbLine
 10
11.92798
 20
-13.55077
 30
0.0
 11
11.91883
 21
-13.42621
 31
0.0
  0
LINE
  5
21F
330
17
100
AcDbEntity
  8
0
100
AcDbLine
 10
11.91883
 20
-13.42621
 30
0.0
 11
11.926559999999998
 21
-13.24645
 31
0.0
  0
LINE
  5
220
330
17
100
AcDbEntity
  8
0
100
AcDbLine
 10
11.926559999999998
 20
-13.24645
 30
0.0
 11
11.94287
 21
-13.12747
 31
0.0
  0
LINE
  5
221
330
17
100
AcDbEntity
  8
0
100
AcDbLine
 10
11.94287
 20
-13.12747
 30
0.0
 11
11.962439999999999
 21
-13.04363
 31
0.0
  0
LINE
  5
222
330
17
100
AcDbEntity
  8
0
100
AcDbLine
 10
11.962439999999999
 20
-13.04363
 30
0.0
 11
11.976560000000001
 21
-12.99934
 31
0.0
  0
LINE
  5
223
330
17
100
AcDbEntity
  8
0
100
AcDbLine
 10
11.976560000000001
 20
-12.99934
 30
0.0
 11
11.98845
 21
-12.9681
 31
0.0
  0
LINE
  5
224
330
17
100
AcDbEntity
  8
0
100
AcDbLine
 10
11.98845
 20
-12.9681
 30
0.0
 11
12.00871
 21
-12.923520000000002
 31
0.0
  0
LINE
  5
225
330
17
100
AcDbEntity
  8
0
100
AcDbLine
 10
12.00871
 20
-12.923520000000002
 30
0.0
 11
12.03332
 21
-12.88118
 31
0.0
  0
LINE
  5
226
330
17
100
AcDbEntity
  8
0
100
AcDbLine
 10
12.03332
 20
-12.88118
 30
0.0
 11
12.06204
 21
-12.84151
 31
0.0
  0
LINE
  5
227
330
17
100
AcDbEntity
  8
0
100
AcDbLine
 10
12.06204
 20
-12.84151
 30
0.0
 11
12.09458
 21
-12.80491
 31
0.0
  0
LINE
  5
228
330
17
100
AcDbEntity
  8
0
100
AcDbLine
 10
12.09458
 20
-12.80491
 30
0.0
 11
12.13062
 21
-12.77175
 31
0.0
  0
LINE
  5
229
330
17
100
AcDbEntity
  8
0
100
AcDbLine
 10
12.13062
 20
-12.77175
 30
0.0
 11
12.15733
 21
-12.751729999999998
 31
0.0
  0
LINE
  5
22A
330
17
100
AcDbEntity
  8
0
100
AcDbLine
 10
12.15733
 20
-12.751729999999998
 30
0.0
 11
12.20599
 21
-12.7218
 31
0.0
  0
LINE
  5
22B
330
17
100
AcDbEntity
  8
0
100
AcDbLine
 10
12.20599
 20
-12.7218
 30
0.0
 11
12.25897
 21
-12.69613
 31
0.0
  0
LINE
  5
22C
330
17
100
AcDbEntity
  8
0
100
AcDbLine
 10
12.25897
 20
-12.69613
 30
0.0
 11
12.32219
 21
-12.672569999999999
 31
0.0
  0
LINE
  5
22D
330
17
100
AcDbEntity
  8
0
100
AcDbLine
 10
12.32219
 20
-12.672569999999999
 30
0.0
 11
12.39905
 21
-12.65178
 31
0.0
  0
LINE
  5
22E
330
17
100
AcDbEntity
  8
0
100
AcDbLine
 10
12.39905
 20
-12.65178
 30
0.0
 11
12.47482
 21
-12.637799999999999
 31
0.0
  0
LINE
  5
22F
330
17
100
AcDbEntity
  8
0
100
AcDbLine
 10
12.47482
 20
-12.637799999999999
 30
0.0
 11
12.709750000000001
 21
-12.61494
 31
0.0
  0
LINE
  5
230
330
17
100
AcDbEntity
  8
0
100
AcDbLine
 10
12.709750000000001
 20
-12.61494
 30
0.0
 11
12.94574
 21
-12.60916
 31
0.0
  0
LINE
  5
231
330
17
100
AcDbEntity
  8
0
100
AcDbLine
 10
12.94574
 20
-12.60916
 30
0.0
 11
13.29513
 21
-12.60894
 31
0.0
  0
LINE
  5
232
330
17
100
AcDbEntity
  8
0
100
AcDbLine
 10
13.29513
 20
-12.60894
 30
0.0
 11
13.125
 21
-11.57595
 31
0.0
  0
LINE
  5
233
330
17
100
AcDbEntity
  8
0
100
AcDbLine
 10
13.125
 20
-11.57595
 30
0.0
 11
8.50998
 21
-11.57595
 31
0.0
  0
LINE
  5
234
330
17
100
AcDbEntity
  8
0
100
AcDbLine
 10
8.50998
 20
-11.57595
 30
0.0
 11
9.85886
 21
-17.89845
 31
0.0
  0
LINE
  5
235
330
17
100
AcDbEntity
  8
0
100
AcDbLine
 10
9.85886
 20
-17.89845
 30
0.0
 11
10.05023
 21
-18.890420000000002
 31
0.0
  0
LINE
  5
236
330
17
100
AcDbEntity
  8
0
100
AcDbLine
 10
10.05023
 20
-18.890420000000002
 30
0.0
 11
10.106
 21
-19.322570000000002
 31
0.0
  0
LINE
  5
237
330
17
100
AcDbEntity
  8
0
100
AcDbLine
 10
10.106
 20
-19.322570000000002
 30
0.0
 11
10.126299999999999
 21
-19.75781
 31
0.0
  0
LINE
  5
238
330
17
100
AcDbEntity
  8
0
100
AcDbLine
 10
10.126299999999999
 20
-19.75781
 30
0.0
 11
10.118500000000001
 21
-19.92911
 31
0.0
  0
LINE
  5
239
330
17
100
AcDbEntity
  8
0
100
AcDbLine
 10
10.118500000000001
 20
-19.92911
 30
0.0
 11
10.100019999999999
 21
-20.05874
 31
0.0
  0
LINE
  5
23A
330
17
100
AcDbEntity
  8
0
100
AcDbLine
 10
10.100019999999999
 20
-20.05874
 30
0.0
 11
10.075149999999999
 21
-20.1612
 31
0.0
  0
LINE
  5
23B
330
17
100
AcDbEntity
  8
0
100
AcDbLine
 10
10.075149999999999
 20
-20.1612
 30
0.0
 11
10.04612
 21
-20.24449
 31
0.0
  0
LINE
  5
23C
330
17
100
AcDbEntity
  8
0
100
AcDbLine
 10
10.04612
 20
-20.24449
 30
0.0
 11
10.01406
 21
-20.31387
 31
0.0
  0
LINE
  5
23D
330
17
100
AcDbEntity
  8
0
100
AcDbLine
 10
10.01406
 20
-20.31387
 30
0.0
 11
9.97941
 21
-20.372899999999998
 31
0.0
  0
LINE
  5
23E
330
17
100
AcDbEntity
  8
0
100
AcDbLine
 10
9.97941
 20
-20.372899999999998
 30
0.0
 11
9.95008
 21
-20.414060000000003
 31
0.0
  0
LINE
  5
23F
330
17
100
AcDbEntity
  8
0
100
AcDbLine
 10
9.95008
 20
-20.414060000000003
 30
0.0
 11
9.91064
 21
-20.46028
 31
0.0
  0
LINE
  5
240
330
17
100
AcDbEntity
  8
0
100
AcDbLine
 10
9.91064
 20
-20.46028
 30
0.0
 11
9.86521
 21
-20.503529999999998
 31
0.0
  0
LINE
  5
241
330
17
100
AcDbEntity
  8
0
100
AcDbLine
 10
9.86521
 20
-20.503529999999998
 30
0.0
 11
9.81854
 21
-20.5392
 31
0.0
  0
LINE
  5
242
330
17
100
AcDbEntity
  8
0
100
AcDbLine
 10
9.81854
 20
-20.5392
 30
0.0
 11
9.76999
 21
-20.56874
 31
0.0
  0
LINE
  5
243
330
17
100
AcDbEntity
  8
0
100
AcDbLine
 10
9.76999
 20
-20.56874
 30
0.0
 11
9.71861
 21
-20.59315
 31
0.0
  0
LINE
  5
244
330
17
100
AcDbEntity
  8
0
100
AcDbLine
 10
9.71861
 20
-20.59315
 30
0.0
 11
9.6632
 21
-20.61288
 31
0.0
  0
LINE
  5
245
330
17
100
AcDbEntity
  8
0
100
AcDbLine
 10
40.34216
 20
-9.48683
 30
0.0
 11
40.35633
 21
-9.46744
 31
0.0
  0
LINE
  5
246
330
17
100
AcDbEntity
  8
0
100
AcDbLine
 10
40.35633
 20
-9.46744
 30
0.0
 11
40.38726
 21
-9.43103
 31
0.0
  0
LINE
  5
247
330
17
100
AcDbEntity
  8
0
100
AcDbLine
 10
40.38726
 20
-9.43103
 30
0.0
 11
40.43464
 21
-9.385489999999999
 31
0.0
  0
LINE
  5
248
330
17
100
AcDbEntity
  8
0
100
AcDbLine
 10
40.43464
 20
-9.385489999999999
 30
0.0
 11
40.48637
 21
-9.34498
 31
0.0
  0
LINE
  5
249
330
17
100
AcDbEntity
  8
0
100
AcDbLine
 10
40.48637
 20
-9.34498
 30
0.0
 11
40.541920000000005
 21
-9.30989
 31
0.0
  0
LINE
  5
24A
330
17
100
AcDbEntity
  8
0
100
AcDbLine
 10
40.541920000000005
 20
-9.30989
 30
0.0
 11
40.60074
 21
-9.28059
 31
0.0
  0
LINE
  5
24B
330
17
100
AcDbEntity
  8
0
100
AcDbLine
 10
40.60074
 20
-9.28059
 30
0.0
 11
40.64497
 21
-9.26239
 31
0.0
  0
LINE
  5
24C
330
17
100
AcDbEntity
  8
0
100
AcDbLine
 10
40.64497
 20
-9.26239
 30
0.0
 11
40.78181
 21
-9.21916
 31
0.0
  0
LINE
  5
24D
330
17
100
AcDbEntity
  8
0
100
AcDbLine
 10
40.78181
 20
-9.21916
 30
0.0
 11
40.94445
 21
-9.18502
 31
0.0
  0
LINE
  5
24E
330
17
100
AcDbEntity
  8
0
100
AcDbLine
 10
40.94445
 20
-9.18502
 30
0.0
 11
41.08704
 21
-9.16843
 31
0.0
  0
LINE
  5
24F
330
17
100
AcDbEntity
  8
0
100
AcDbLine
 10
41.08704
 20
-9.16843
 30
0.0
 11
41.64756
 21
-9.14548
 31
0.0
  0
LINE
  5
250
330
17
100
AcDbEntity
  8
0
100
AcDbLine
 10
41.64756
 20
-9.14548
 30
0.0
 11
41.90277
 21
-9.145389999999999
 31
0.0
  0
LINE
  5
251
330
17
100
AcDbEntity
  8
0
100
AcDbLine
 10
41.90277
 20
-9.145389999999999
 30
0.0
 11
41.684020000000004
 21
-8.118490000000001
 31
0.0
  0
LINE
  5
252
330
17
100
AcDbEntity
  8
0
100
AcDbLine
 10
41.684020000000004
 20
-8.118490000000001
 30
0.0
 11
34.96354
 21
-8.118490000000001
 31
0.0
  0
LINE
  5
253
330
17
100
AcDbEntity
  8
0
100
AcDbLine
 10
34.96354
 20
-8.118490000000001
 30
0.0
 11
35.17317
 21
-9.145389999999999
 31
0.0
  0
LINE
  5
254
330
17
100
AcDbEntity
  8
0
100
AcDbLine
 10
35.17317
 20
-9.145389999999999
 30
0.0
 11
35.428380000000004
 21
-9.14545
 31
0.0
  0
LINE
  5
255
330
17
100
AcDbEntity
  8
0
100
AcDbLine
 10
35.428380000000004
 20
-9.14545
 30
0.0
 11
35.73979
 21
-9.15569
 31
0.0
  0
LINE
  5
256
330
17
100
AcDbEntity
  8
0
100
AcDbLine
 10
35.73979
 20
-9.15569
 30
0.0
 11
36.04968
 21
-9.18806
 31
0.0
  0
LINE
  5
257
330
17
100
AcDbEntity
  8
0
100
AcDbLine
 10
36.04968
 20
-9.18806
 30
0.0
 11
36.17661
 21
-9.20963
 31
0.0
  0
LINE
  5
258
330
17
100
AcDbEntity
  8
0
100
AcDbLine
 10
36.17661
 20
-9.20963
 30
0.0
 11
36.32933
 21
-9.24749
 31
0.0
  0
LINE
  5
259
330
17
100
AcDbEntity
  8
0
100
AcDbLine
 10
36.32933
 20
-9.24749
 30
0.0
 11
36.478320000000004
 21
-9.29806
 31
0.0
  0
LINE
  5
25A
330
17
100
AcDbEntity
  8
0
100
AcDbLine
 10
36.478320000000004
 20
-9.29806
 30
0.0
 11
36.59664
 21
-9.3488
 31
0.0
  0
LINE
  5
25B
330
17
100
AcDbEntity
  8
0
100
AcDbLine
 10
36.59664
 20
-9.3488
 30
0.0
 11
36.67933
 21
-9.392869999999998
 31
0.0
  0
LINE
  5
25C
330
17
100
AcDbEntity
  8
0
100
AcDbLine
 10
36.67933
 20
-9.392869999999998
 30
0.0
 11
36.780559999999994
 21
-9.45961
 31
0.0
  0
LINE
  5
25D
330
17
100
AcDbEntity
  8
0
100
AcDbLine
 10
36.780559999999994
 20
-9.45961
 30
0.0
 11
36.874230000000004
 21
-9.536579999999999
 31
0.0
  0
LINE
  5
25E
330
17
100
AcDbEntity
  8
0
100
AcDbLine
 10
36.874230000000004
 20
-9.536579999999999
 30
0.0
 11
36.95933
 21
-9.62294
 31
0.0
  0
LINE
  5
25F
330
17
100
AcDbEntity
  8
0
100
AcDbLine
 10
36.95933
 20
-9.62294
 30
0.0
 11
37.018879999999996
 21
-9.695310000000001
 31
0.0
  0
LINE
  5
260
330
17
100
AcDbEntity
  8
0
100
AcDbLine
 10
37.018879999999996
 20
-9.695310000000001
 30
0.0
 11
37.084489999999995
 21
-9.79105
 31
0.0
  0
LINE
  5
261
330
17
100
AcDbEntity
  8
0
100
AcDbLine
 10
37.084489999999995
 20
-9.79105
 30
0.0
 11
37.14275
 21
-9.89728
 31
0.0
  0
LINE
  5
262
330
17
100
AcDbEntity
  8
0
100
AcDbLine
 10
37.14275
 20
-9.89728
 30
0.0
 11
37.19894
 21
-10.02718
 31
0.0
  0
LINE
  5
263
330
17
100
AcDbEntity
  8
0
100
AcDbLine
 10
37.19894
 20
-10.02718
 30
0.0
 11
37.251979999999996
 21
-10.188970000000001
 31
0.0
  0
LINE
  5
264
330
17
100
AcDbEntity
  8
0
100
AcDbLine
 10
37.251979999999996
 20
-10.188970000000001
 30
0.0
 11
37.27864
 21
-10.29383
 31
0.0
  0
LINE
  5
265
330
17
100
AcDbEntity
  8
0
100
AcDbLine
 10
37.27864
 20
-10.29383
 30
0.0
 11
38.752179999999996
 21
-17.13888
 31
0.0
  0
LINE
  5
266
330
17
100
AcDbEntity
  8
0
100
AcDbLine
 10
38.752179999999996
 20
-17.13888
 30
0.0
 11
38.831160000000004
 21
-17.518659999999997
 31
0.0
  0
LINE
  5
267
330
17
100
AcDbEntity
  8
0
100
AcDbLine
 10
38.831160000000004
 20
-17.518659999999997
 30
0.0
 11
38.9071
 21
-17.951600000000003
 31
0.0
  0
LINE
  5
268
330
17
100
AcDbEntity
  8
0
100
AcDbLine
 10
38.9071
 20
-17.951600000000003
 30
0.0
 11
38.96477
 21
-18.40278
 31
0.0
  0
LINE
  5
269
330
17
100
AcDbEntity
  8
0
100
AcDbLine
 10
38.96477
 20
-18.40278
 30
0.0
 11
38.98261
 21
-18.61513
 31
0.0
  0
LINE
  5
26A
330
17
100
AcDbEntity
  8
0
100
AcDbLine
 10
38.98261
 20
-18.61513
 30
0.0
 11
38.98915
 21
-18.828120000000002
 31
0.0
  0
LINE
  5
26B
330
17
100
AcDbEntity
  8
0
100
AcDbLine
 10
38.98915
 20
-18.828120000000002
 30
0.0
 11
38.97631
 21
-19.102430000000002
 31
0.0
  0
LINE
  5
26C
330
17
100
AcDbEntity
  8
0
100
AcDbLine
 10
38.97631
 20
-19.102430000000002
 30
0.0
 11
38.9435
 21
-19.32864
 31
0.0
  0
LINE
  5
26D
330
17
100
AcDbEntity
  8
0
100
AcDbLine
 10
38.9435
 20
-19.32864
 30
0.0
 11
38.8962
 21
-19.52061
 31
0.0
  0
LINE
  5
26E
330
17
100
AcDbEntity
  8
0
100
AcDbLine
 10
38.8962
 20
-19.52061
 30
0.0
 11
38.83735
 21
-19.687260000000002
 31
0.0
  0
LINE
  5
26F
330
17
100
AcDbEntity
  8
0
100
AcDbLine
 10
38.83735
 20
-19.687260000000002
 30
0.0
 11
38.768299999999996
 21
-19.834870000000002
 31
0.0
  0
LINE
  5
270
330
17
100
AcDbEntity
  8
0
100
AcDbLine
 10
38.768299999999996
 20
-19.834870000000002
 30
0.0
 11
38.68122
 21
-19.98001
 31
0.0
  0
LINE
  5
271
330
17
100
AcDbEntity
  8
0
100
AcDbLine
 10
38.68122
 20
-19.98001
 30
0.0
 11
38.58352
 21
-20.10932
 31
0.0
  0
LINE
  5
272
330
17
100
AcDbEntity
  8
0
100
AcDbLine
 10
38.58352
 20
-20.10932
 30
0.0
 11
38.47414
 21
-20.226419999999997
 31
0.0
  0
LINE
  5
273
330
17
100
AcDbEntity
  8
0
100
AcDbLine
 10
38.47414
 20
-20.226419999999997
 30
0.0
 11
38.38151
 21
-20.30924
 31
0.0
  0
LINE
  5
274
330
17
100
AcDbEntity
  8
0
100
AcDbLine
 10
38.38151
 20
-20.30924
 30
0.0
 11
38.2352
 21
-20.417569999999998
 31
0.0
  0
LINE
  5
275
330
17
100
AcDbEntity
  8
0
100
AcDbLine
 10
38.2352
 20
-20.417569999999998
 30
0.0
 11
38.07871
 21
-20.51029
 31
0.0
  0
LINE
  5
276
330
17
100
AcDbEntity
  8
0
100
AcDbLine
 10
38.07871
 20
-20.51029
 30
0.0
 11
37.89813
 21
-20.594749999999998
 31
0.0
  0
LINE
  5
277
330
17
100
AcDbEntity
  8
0
100
AcDbLine
 10
37.89813
 20
-20.594749999999998
 30
0.0
 11
37.68617
 21
-20.6702
 31
0.0
  0
LINE
  5
278
330
17
100
AcDbEntity
  8
0
100
AcDbLine
 10
37.68617
 20
-20.6702
 30
0.0
 11
37.43228
 21
-20.73463
 31
0.0
  0
LINE
  5
279
330
17
100
AcDbEntity
  8
0
100
AcDbLine
 10
37.43228
 20
-20.73463
 30
0.0
 11
37.121179999999995
 21
-20.78388
 31
0.0
  0
LINE
  5
27A
330
17
100
AcDbEntity
  8
0
100
AcDbLine
 10
37.121179999999995
 20
-20.78388
 30
0.0
 11
36.730039999999995
 21
-20.810370000000002
 31
0.0
  0
LINE
  5
27B
330
17
100
AcDbEntity
  8
0
100
AcDbLine
 10
36.730039999999995
 20
-20.810370000000002
 30
0.0
 11
36.59505
 21
-20.81206
 31
0.0
  0
LINE
  5
27C
330
17
100
AcDbEntity
  8
0
100
AcDbLine
 10
36.59505
 20
-20.81206
 30
0.0
 11
36.08416
 21
-20.78843
 31
0.0
  0
LINE
  5
27D
330
17
100
AcDbEntity
  8
0
100
AcDbLine
 10
36.08416
 20
-20.78843
 30
0.0
 11
35.696560000000005
 21
-20.73253
 31
0.0
  0
LINE
  5
27E
330
17
100
AcDbEntity
  8
0
100
AcDbLine
 10
35.696560000000005
 20
-20.73253
 30
0.0
 11
35.38626
 21
-20.656589999999998
 31
0.0
  0
LINE
  5
27F
330
17
100
AcDbEntity
  8
0
100
AcDbLine
 10
35.38626
 20
-20.656589999999998
 30
0.0
 11
35.10633
 21
-20.55685
 31
0.0
  0
LINE
  5
280
330
17
100
AcDbEntity
  8
0
100
AcDbLine
 10
35.10633
 20
-20.55685
 30
0.0
 11
34.82533
 21
-20.422639999999998
 31
0.0
  0
LINE
  5
281
330
17
100
AcDbEntity
  8
0
100
AcDbLine
 10
34.82533
 20
-20.422639999999998
 30
0.0
 11
34.5813
 21
-20.27514
 31
0.0
  0
LINE
  5
282
330
17
100
AcDbEntity
  8
0
100
AcDbLine
 10
34.5813
 20
-20.27514
 30
0.0
 11
34.345439999999996
 21
-20.097050000000003
 31
0.0
  0
LINE
  5
283
330
17
100
AcDbEntity
  8
0
100
AcDbLine
 10
34.345439999999996
 20
-20.097050000000003
 30
0.0
 11
34.14064
 21
-19.90477
 31
0.0
  0
LINE
  5
284
330
17
100
AcDbEntity
  8
0
100
AcDbLine
 10
34.14064
 20
-19.90477
 30
0.0
 11
34.09006
 21
-19.850469999999998
 31
0.0
  0
LINE
  5
285
330
17
100
AcDbEntity
  8
0
100
AcDbLine
 10
34.09006
 20
-19.850469999999998
 30
0.0
 11
33.87313
 21
-19.58321
 31
0.0
  0
LINE
  5
286
330
17
100
AcDbEntity
  8
0
100
AcDbLine
 10
33.87313
 20
-19.58321
 30
0.0
 11
33.688419999999994
 21
-19.30003
 31
0.0
  0
LINE
  5
287
330
17
100
AcDbEntity
  8
0
100
AcDbLine
 10
33.688419999999994
 20
-19.30003
 30
0.0
 11
33.52183
 21
-18.97923
 31
0.0
  0
LINE
  5
288
330
17
100
AcDbEntity
  8
0
100
AcDbLine
 10
33.52183
 20
-18.97923
 30
0.0
 11
33.43533
 21
-18.77647
 31
0.0
  0
LINE
  5
289
330
17
100
AcDbEntity
  8
0
100
AcDbLine
 10
33.43533
 20
-18.77647
 30
0.0
 11
33.20688
 21
-18.10455
 31
0.0
  0
LINE
  5
28A
330
17
100
AcDbEntity
  8
0
100
AcDbLine
 10
33.20688
 20
-18.10455
 30
0.0
 11
33.03762
 21
-17.415300000000002
 31
0.0
  0
LINE
  5
28B
330
17
100
AcDbEntity
  8
0
100
AcDbLine
 10
33.03762
 20
-17.415300000000002
 30
0.0
 11
31.53644
 21
-10.38802
 31
0.0
  0
LINE
  5
28C
330
17
100
AcDbEntity
  8
0
100
AcDbLine
 10
31.53644
 20
-10.38802
 30
0.0
 11
31.48348
 21
-10.055299999999999
 31
0.0
  0
LINE
  5
28D
330
17
100
AcDbEntity
  8
0
100
AcDbLine
 10
31.48348
 20
-10.055299999999999
 30
0.0
 11
31.46845
 21
-9.931830000000001
 31
0.0
  0
LINE
  5
28E
330
17
100
AcDbEntity
  8
0
100
AcDbLine
 10
31.46845
 20
-9.931830000000001
 30
0.0
 11
31.460500000000003
 21
-9.807720000000002
 31
0.0
  0
LINE
  5
28F
330
17
100
AcDbEntity
  8
0
100
AcDbLine
 10
31.460500000000003
 20
-9.807720000000002
 30
0.0
 11
31.46388
 21
-9.735809999999999
 31
0.0
  0
LINE
  5
290
330
17
100
AcDbEntity
  8
0
100
AcDbLine
 10
31.46388
 20
-9.735809999999999
 30
0.0
 11
31.47271
 21
-9.67519
 31
0.0
  0
LINE
  5
291
330
17
100
AcDbEntity
  8
0
100
AcDbLine
 10
31.47271
 20
-9.67519
 30
0.0
 11
31.48567
 21
-9.62275
 31
0.0
  0
LINE
  5
292
330
17
100
AcDbEntity
  8
0
100
AcDbLine
 10
31.48567
 20
-9.62275
 30
0.0
 11
31.502090000000003
 21
-9.57638
 31
0.0
  0
LINE
  5
293
330
17
100
AcDbEntity
  8
0
100
AcDbLine
 10
31.502090000000003
 20
-9.57638
 30
0.0
 11
31.52393
 21
-9.53042
 31
0.0
  0
LINE
  5
294
330
17
100
AcDbEntity
  8
0
100
AcDbLine
 10
31.52393
 20
-9.53042
 30
0.0
 11
31.54911
 21
-9.48945
 31
0.0
  0
LINE
  5
295
330
17
100
AcDbEntity
  8
0
100
AcDbLine
 10
31.54911
 20
-9.48945
 30
0.0
 11
31.56532
 21
-9.46744
 31
0.0
  0
LINE
  5
296
330
17
100
AcDbEntity
  8
0
100
AcDbLine
 10
31.56532
 20
-9.46744
 30
0.0
 11
31.59643
 21
-9.4312
 31
0.0
  0
LINE
  5
297
330
17
100
AcDbEntity
  8
0
100
AcDbLine
 10
31.59643
 20
-9.4312
 30
0.0
 11
31.643890000000003
 21
-9.3858
 31
0.0
  0
LINE
  5
298
330
17
100
AcDbEntity
  8
0
100
AcDbLine
 10
31.643890000000003
 20
-9.3858
 30
0.0
 11
31.69561
 21
-9.34533
 31
0.0
  0
LINE
  5
299
330
17
100
AcDbEntity
  8
0
100
AcDbLine
 10
31.69561
 20
-9.34533
 30
0.0
 11
31.751099999999997
 21
-9.310179999999999
 31
0.0
  0
LINE
  5
29A
330
17
100
AcDbEntity
  8
0
100
AcDbLine
 10
31.751099999999997
 20
-9.310179999999999
 30
0.0
 11
31.8098
 21
-9.280719999999999
 31
0.0
  0
LINE
  5
29B
330
17
100
AcDbEntity
  8
0
100
AcDbLine
 10
31.8098
 20
-9.280719999999999
 30
0.0
 11
31.853930000000002
 21
-9.26231
 31
0.0
  0
LINE
  5
29C
330
17
100
AcDbEntity
  8
0
100
AcDbLine
 10
31.853930000000002
 20
-9.26231
 30
0.0
 11
31.991699999999998
 21
-9.21888
 31
0.0
  0
LINE
  5
29D
330
17
100
AcDbEntity
  8
0
100
AcDbLine
 10
31.991699999999998
 20
-9.21888
 30
0.0
 11
32.15548
 21
-9.1848
 31
0.0
  0
LINE
  5
29E
330
17
100
AcDbEntity
  8
0
100
AcDbLine
 10
32.15548
 20
-9.1848
 30
0.0
 11
32.29906
 21
-9.16847
 31
0.0
  0
LINE
  5
29F
330
17
100
AcDbEntity
  8
0
100
AcDbLine
 10
32.29906
 20
-9.16847
 30
0.0
 11
32.86415
 21
-9.14547
 31
0.0
  0
LINE
  5
2A0
330
17
100
AcDbEntity
  8
0
100
AcDbLine
 10
32.86415
 20
-9.14547
 30
0.0
 11
33.11328
 21
-9.145389999999999
 31
0.0
  0
LINE
  5
2A1
330
17
100
AcDbEntity
  8
0
100
AcDbLine
 10
33.11328
 20
-9.145389999999999
 30
0.0
 11
32.903639999999996
 21
-8.118490000000001
 31
0.0
  0
LINE
  5
2A2
330
17
100
AcDbEntity
  8
0
100
AcDbLine
 10
32.903639999999996
 20
-8.118490000000001
 30
0.0
 11
27.784280000000003
 21
-8.118490000000001
 31
0.0
  0
LINE
  5
2A3
330
17
100
AcDbEntity
  8
0
100
AcDbLine
 10
27.784280000000003
 20
-8.118490000000001
 30
0.0
 11
28.00304
 21
-9.145389999999999
 31
0.0
  0
LINE
  5
2A4
330
17
100
AcDbEntity
  8
0
100
AcDbLine
 10
28.00304
 20
-9.145389999999999
 30
0.0
 11
28.25217
 21
-9.14545
 31
0.0
  0
LINE
  5
2A5
330
17
100
AcDbEntity
  8
0
100
AcDbLine
 10
28.25217
 20
-9.14545
 30
0.0
 11
28.556
 21
-9.155740000000002
 31
0.0
  0
LINE
  5
2A6
330
17
100
AcDbEntity
  8
0
100
AcDbLine
 10
28.556
 20
-9.155740000000002
 30
0.0
 11
28.858269999999997
 21
-9.18802
 31
0.0
  0
LINE
  5
2A7
330
17
100
AcDbEntity
  8
0
100
AcDbLine
 10
28.858269999999997
 20
-9.18802
 30
0.0
 11
28.98411
 21
-9.21016
 31
0.0
  0
LINE
  5
2A8
330
17
100
AcDbEntity
  8
0
100
AcDbLine
 10
28.98411
 20
-9.21016
 30
0.0
 11
29.13531
 21
-9.24915
 31
0.0
  0
LINE
  5
2A9
330
17
100
AcDbEntity
  8
0
100
AcDbLine
 10
29.13531
 20
-9.24915
 30
0.0
 11
29.282519999999998
 21
-9.30122
 31
0.0
  0
LINE
  5
2AA
330
17
100
AcDbEntity
  8
0
100
AcDbLine
 10
29.282519999999998
 20
-9.30122
 30
0.0
 11
29.399160000000002
 21
-9.35337
 31
0.0
  0
LINE
  5
2AB
330
17
100
AcDbEntity
  8
0
100
AcDbLine
 10
29.399160000000002
 20
-9.35337
 30
0.0
 11
29.4826
 21
-9.399619999999999
 31
0.0
  0
LINE
  5
2AC
330
17
100
AcDbEntity
  8
0
100
AcDbLine
 10
29.4826
 20
-9.399619999999999
 30
0.0
 11
29.584429999999998
 21
-9.469389999999999
 31
0.0
  0
LINE
  5
2AD
330
17
100
AcDbEntity
  8
0
100
AcDbLine
 10
29.584429999999998
 20
-9.469389999999999
 30
0.0
 11
29.6784
 21
-9.549439999999999
 31
0.0
  0
LINE
  5
2AE
330
17
100
AcDbEntity
  8
0
100
AcDbLine
 10
29.6784
 20
-9.549439999999999
 30
0.0
 11
29.763479999999998
 21
-9.63888
 31
0.0
  0
LINE
  5
2AF
330
17
100
AcDbEntity
  8
0
100
AcDbLine
 10
29.763479999999998
 20
-9.63888
 30
0.0
 11
29.82291
 21
-9.71354
 31
0.0
  0
LINE
  5
2B0
330
17
100
AcDbEntity
  8
0
100
AcDbLine
 10
29.82291
 20
-9.71354
 30
0.0
 11
29.890710000000002
 21
-9.81565
 31
0.0
  0
LINE
  5
2B1
330
17
100
AcDbEntity
  8
0
100
AcDbLine
 10
29.890710000000002
 20
-9.81565
 30
0.0
 11
29.9507
 21
-9.92891
 31
0.0
  0
LINE
  5
2B2
330
17
100
AcDbEntity
  8
0
100
AcDbLine
 10
29.9507
 20
-9.92891
 30
0.0
 11
30.00829
 21
-10.06749
 31
0.0
  0
LINE
  5
2B3
330
17
100
AcDbEntity
  8
0
100
AcDbLine
 10
30.00829
 20
-10.06749
 30
0.0
 11
30.06222
 21
-10.24025
 31
0.0
  0
LINE
  5
2B4
330
17
100
AcDbEntity
  8
0
100
AcDbLine
 10
30.06222
 20
-10.24025
 30
0.0
 11
30.0842
 21
-10.330290000000002
 31
0.0
  0
LINE
  5
2B5
330
17
100
AcDbEntity
  8
0
100
AcDbLine
 10
30.0842
 20
-10.330290000000002
 30
0.0
 11
31.639750000000003
 21
-17.71918
 31
0.0
  0
LINE
  5
2B6
330
17
100
AcDbEntity
  8
0
100
AcDbLine
 10
31.639750000000003
 20
-17.71918
 30
0.0
 11
31.858530000000002
 21
-18.55327
 31
0.0
  0
LINE
  5
2B7
330
17
100
AcDbEntity
  8
0
100
AcDbLine
 10
31.858530000000002
 20
-18.55327
 30
0.0
 11
32.09149
 21
-19.17576
 31
0.0
  0
LINE
  5
2B8
330
17
100
AcDbEntity
  8
0
100
AcDbLine
 10
32.09149
 20
-19.17576
 30
0.0
 11
32.31879
 21
-19.64539
 31
0.0
  0
LINE
  5
2B9
330
17
100
AcDbEntity
  8
0
100
AcDbLine
 10
32.31879
 20
-19.64539
 30
0.0
 11
32.57124
 21
-20.06336
 31
0.0
  0
LINE
  5
2BA
330
17
100
AcDbEntity
  8
0
100
AcDbLine
 10
32.57124
 20
-20.06336
 30
0.0
 11
32.87507
 21
-20.46565
 31
0.0
  0
LINE
  5
2BB
330
17
100
AcDbEntity
  8
0
100
AcDbLine
 10
32.87507
 20
-20.46565
 30
0.0
 11
33.1992
 21
-20.81013
 31
0.0
  0
LINE
  5
2BC
330
17
100
AcDbEntity
  8
0
100
AcDbLine
 10
33.1992
 20
-20.81013
 30
0.0
 11
33.46723
 21
-21.046
 31
0.0
  0
LINE
  5
2BD
330
17
100
AcDbEntity
  8
0
100
AcDbLine
 10
33.46723
 20
-21.046
 30
0.0
 11
33.85048999999999
 21
-21.323620000000002
 31
0.0
  0
LINE
  5
2BE
330
17
100
AcDbEntity
  8
0
100
AcDbLine
 10
33.85048999999999
 20
-21.323620000000002
 30
0.0
 11
34.25192
 21
-21.554949999999998
 31
0.0
  0
LINE
  5
2BF
330
17
100
AcDbEntity
  8
0
100
AcDbLine
 10
34.25192
 20
-21.554949999999998
 30
0.0
 11
34.701389999999996
 21
-21.75753
 31
0.0
  0
LINE
  5
2C0
330
17
100
AcDbEntity
  8
0
100
AcDbLine
 10
34.701389999999996
 20
-21.75753
 30
0.0
 11
35.11393
 21
-21.901259999999997
 31
0.0
  0
LINE
  5
2C1
330
17
100
AcDbEntity
  8
0
100
AcDbLine
 10
35.11393
 20
-21.901259999999997
 30
0.0
 11
35.68159
 21
-22.04371
 31
0.0
  0
LINE
  5
2C2
330
17
100
AcDbEntity
  8
0
100
AcDbLine
 10
35.68159
 20
-22.04371
 30
0.0
 11
36.32899
 21
-22.14207
 31
0.0
  0
LINE
  5
2C3
330
17
100
AcDbEntity
  8
0
100
AcDbLine
 10
36.32899
 20
-22.14207
 30
0.0
 11
37.29991
 21
-22.1914
 31
0.0
  0
LINE
  5
2C4
330
17
100
AcDbEntity
  8
0
100
AcDbLine
 10
37.29991
 20
-22.1914
 30
0.0
 11
38.340779999999995
 21
-22.139059999999997
 31
0.0
  0
LINE
  5
2C5
330
17
100
AcDbEntity
  8
0
100
AcDbLine
 10
38.340779999999995
 20
-22.139059999999997
 30
0.0
 11
39.02096
 21
-22.034950000000002
 31
0.0
  0
LINE
  5
2C6
330
17
100
AcDbEntity
  8
0
100
AcDbLine
 10
39.02096
 20
-22.034950000000002
 30
0.0
 11
39.31271
 21
-21.96809
 31
0.0
  0
LINE
  5
2C7
330
17
100
AcDbEntity
  8
0
100
AcDbLine
 10
39.31271
 20
-21.96809
 30
0.0
 11
39.86018
 21
-21.79748
 31
0.0
  0
LINE
  5
2C8
330
17
100
AcDbEntity
  8
0
100
AcDbLine
 10
39.86018
 20
-21.79748
 30
0.0
 11
40.24982
 21
-21.63033
 31
0.0
  0
LINE
  5
2C9
330
17
100
AcDbEntity
  8
0
100
AcDbLine
 10
40.24982
 20
-21.63033
 30
0.0
 11
40.5717
 21
-21.45332
 31
0.0
  0
LINE
  5
2CA
330
17
100
AcDbEntity
  8
0
100
AcDbLine
 10
40.5717
 20
-21.45332
 30
0.0
 11
40.7832
 21
-21.31185
 31
0.0
  0
LINE
  5
2CB
330
17
100
AcDbEntity
  8
0
100
AcDbLine
 10
40.7832
 20
-21.31185
 30
0.0
 11
41.026630000000004
 21
-21.11677
 31
0.0
  0
LINE
  5
2CC
330
17
100
AcDbEntity
  8
0
100
AcDbLine
 10
41.026630000000004
 20
-21.11677
 30
0.0
 11
41.233779999999996
 21
-20.91441
 31
0.0
  0
LINE
  5
2CD
330
17
100
AcDbEntity
  8
0
100
AcDbLine
 10
41.233779999999996
 20
-20.91441
 30
0.0
 11
41.42664
 21
-20.68286
 31
0.0
  0
LINE
  5
2CE
330
17
100
AcDbEntity
  8
0
100
AcDbLine
 10
41.42664
 20
-20.68286
 30
0.0
 11
41.58785
 21
-20.44121
 31
0.0
  0
LINE
  5
2CF
330
17
100
AcDbEntity
  8
0
100
AcDbLine
 10
41.58785
 20
-20.44121
 30
0.0
 11
41.6901
 21
-20.253030000000003
 31
0.0
  0
LINE
  5
2D0
330
17
100
AcDbEntity
  8
0
100
AcDbLine
 10
41.6901
 20
-20.253030000000003
 30
0.0
 11
41.80876
 21
-19.97665
 31
0.0
  0
LINE
  5
2D1
330
17
100
AcDbEntity
  8
0
100
AcDbLine
 10
41.80876
 20
-19.97665
 30
0.0
 11
41.89591
 21
-19.69612
 31
0.0
  0
LINE
  5
2D2
330
17
100
AcDbEntity
  8
0
100
AcDbLine
 10
41.89591
 20
-19.69612
 30
0.0
 11
41.95832
 21
-19.3909
 31
0.0
  0
LINE
  5
2D3
330
17
100
AcDbEntity
  8
0
100
AcDbLine
 10
41.95832
 20
-19.3909
 30
0.0
 11
41.993700000000004
 21
-19.05231
 31
0.0
  0
LINE
  5
2D4
330
17
100
AcDbEntity
  8
0
100
AcDbLine
 10
41.993700000000004
 20
-19.05231
 30
0.0
 11
42.0
 21
-18.828120000000002
 31
0.0
  0
LINE
  5
2D5
330
17
100
AcDbEntity
  8
0
100
AcDbLine
 10
42.0
 20
-18.828120000000002
 30
0.0
 11
41.98014
 21
-18.44836
 31
0.0
  0
LINE
  5
2D6
330
17
100
AcDbEntity
  8
0
100
AcDbLine
 10
41.98014
 20
-18.44836
 30
0.0
 11
41.93163
 21
-17.97895
 31
0.0
  0
LINE
  5
2D7
330
17
100
AcDbEntity
  8
0
100
AcDbLine
 10
41.93163
 20
-17.97895
 30
0.0
 11
41.86475
 21
-17.504990000000003
 31
0.0
  0
LINE
  5
2D8
330
17
100
AcDbEntity
  8
0
100
AcDbLine
 10
41.86475
 20
-17.504990000000003
 30
0.0
 11
41.790420000000005
 21
-17.09938
 31
0.0
  0
LINE
  5
2D9
330
17
100
AcDbEntity
  8
0
100
AcDbLine
 10
41.790420000000005
 20
-17.09938
 30
0.0
 11
40.365449999999996
 21
-10.47309
 31
0.0
  0
LINE
  5
2DA
330
17
100
AcDbEntity
  8
0
100
AcDbLine
 10
40.365449999999996
 20
-10.47309
 30
0.0
 11
40.28114
 21
-10.04546
 31
0.0
  0
LINE
  5
2DB
330
17
100
AcDbEntity
  8
0
100
AcDbLine
 10
40.28114
 20
-10.04546
 30
0.0
 11
40.2578
 21
-9.88263
 31
0.0
  0
LINE
  5
2DC
330
17
100
AcDbEntity
  8
0
100
AcDbLine
 10
40.2578
 20
-9.88263
 30
0.0
 11
40.25304
 21
-9.807720000000002
 31
0.0
  0
LINE
  5
2DD
330
17
100
AcDbEntity
  8
0
100
AcDbLine
 10
40.25304
 20
-9.807720000000002
 30
0.0
 11
40.256460000000004
 21
-9.734869999999999
 31
0.0
  0
LINE
  5
2DE
330
17
100
AcDbEntity
  8
0
100
AcDbLine
 10
40.256460000000004
 20
-9.734869999999999
 30
0.0
 11
40.265370000000004
 21
-9.673620000000001
 31
0.0
  0
LINE
  5
2DF
330
17
100
AcDbEntity
  8
0
100
AcDbLine
 10
40.265370000000004
 20
-9.673620000000001
 30
0.0
 11
40.27843
 21
-9.620750000000001
 31
0.0
  0
LINE
  5
2E0
330
17
100
AcDbEntity
  8
0
100
AcDbLine
 10
40.27843
 20
-9.620750000000001
 30
0.0
 11
40.294940000000004
 21
-9.57412
 31
0.0
  0
LINE
  5
2E1
330
17
100
AcDbEntity
  8
0
100
AcDbLine
 10
40.294940000000004
 20
-9.57412
 30
0.0
 11
40.316900000000004
 21
-9.52791
 31
0.0
  0
LINE
  5
2E2
330
17
100
AcDbEntity
  8
0
100
AcDbLine
 10
40.316900000000004
 20
-9.52791
 30
0.0
 11
40.34216
 21
-9.48683
 31
0.0
  0
LINE
  5
2E3
330
17
100
AcDbEntity
  8
0
100
AcDbLine
 10
53.926210000000005
 20
-14.6
 30
0.0
 11
55.42621
 21
-14.6
 31
0.0
  0
LINE
  5
2E4
330
17
100
AcDbEntity
  8
0
100
AcDbLine
 10
55.42621
 20
-14.6
 30
0.0
 11
55.42621
 21
-14.0
 31
0.0
  0
LINE
  5
2E5
330
17
100
AcDbEntity
  8
0
100
AcDbLine
 10
55.42621
 20
-14.0
 30
0.0
 11
53.926210000000005
 21
-14.0
 31
0.0
  0
LINE
  5
2E6
330
17
100
AcDbEntity
  8
0
100
AcDbLine
 10
53.926210000000005
 20
-14.0
 30
0.0
 11
53.926210000000005
 21
-14.6
 31
0.0
  0
LINE
  5
2E7
330
17
100
AcDbEntity
  8
0
100
AcDbLine
 10
27.08422
 20
-8.25825
 30
0.0
 11
27.32248
 21
-8.25238
 31
0.0
  0
LINE
  5
2E8
330
17
100
AcDbEntity
  8
0
100
AcDbLine
 10
27.32248
 20
-8.25238
 30
0.0
 11
27.7296
 21
-8.25217
 31
0.0
  0
LINE
  5
2E9
330
17
100
AcDbEntity
  8
0
100
AcDbLine
 10
27.7296
 20
-8.25217
 30
0.0
 11
27.55034
 21
-7.22526
 31
0.0
  0
LINE
  5
2EA
330
17
100
AcDbEntity
  8
0
100
AcDbLine
 10
27.55034
 20
-7.22526
 30
0.0
 11
22.850260000000002
 21
-7.22526
 31
0.0
  0
LINE
  5
2EB
330
17
100
AcDbEntity
  8
0
100
AcDbLine
 10
22.850260000000002
 20
-7.22526
 30
0.0
 11
25.165280000000003
 21
-17.89845
 31
0.0
  0
LINE
  5
2EC
330
17
100
AcDbEntity
  8
0
100
AcDbLine
 10
25.165280000000003
 20
-17.89845
 30
0.0
 11
25.356650000000002
 21
-18.890420000000002
 31
0.0
  0
LINE
  5
2ED
330
17
100
AcDbEntity
  8
0
100
AcDbLine
 10
25.356650000000002
 20
-18.890420000000002
 30
0.0
 11
25.41243
 21
-19.322570000000002
 31
0.0
  0
LINE
  5
2EE
330
17
100
AcDbEntity
  8
0
100
AcDbLine
 10
25.41243
 20
-19.322570000000002
 30
0.0
 11
25.43272
 21
-19.75781
 31
0.0
  0
LINE
  5
2EF
330
17
100
AcDbEntity
  8
0
100
AcDbLine
 10
25.43272
 20
-19.75781
 30
0.0
 11
25.42493
 21
-19.92911
 31
0.0
  0
LINE
  5
2F0
330
17
100
AcDbEntity
  8
0
100
AcDbLine
 10
25.42493
 20
-19.92911
 30
0.0
 11
25.40645
 21
-20.05874
 31
0.0
  0
LINE
  5
2F1
330
17
100
AcDbEntity
  8
0
100
AcDbLine
 10
25.40645
 20
-20.05874
 30
0.0
 11
25.38157
 21
-20.1612
 31
0.0
  0
LINE
  5
2F2
330
17
100
AcDbEntity
  8
0
100
AcDbLine
 10
25.38157
 20
-20.1612
 30
0.0
 11
25.35255
 21
-20.24449
 31
0.0
  0
LINE
  5
2F3
330
17
100
AcDbEntity
  8
0
100
AcDbLine
 10
25.35255
 20
-20.24449
 30
0.0
 11
25.32048
 21
-20.31387
 31
0.0
  0
LINE
  5
2F4
330
17
100
AcDbEntity
  8
0
100
AcDbLine
 10
25.32048
 20
-20.31387
 30
0.0
 11
25.285829999999997
 21
-20.372899999999998
 31
0.0
  0
LINE
  5
2F5
330
17
100
AcDbEntity
  8
0
100
AcDbLine
 10
25.285829999999997
 20
-20.372899999999998
 30
0.0
 11
25.25651
 21
-20.414060000000003
 31
0.0
  0
LINE
  5
2F6
330
17
100
AcDbEntity
  8
0
100
AcDbLine
 10
25.25651
 20
-20.414060000000003
 30
0.0
 11
25.21707
 21
-20.46028
 31
0.0
  0
LINE
  5
2F7
330
17
100
AcDbEntity
  8
0
100
AcDbLine
 10
25.21707
 20
-20.46028
 30
0.0
 11
25.17163
 21
-20.503529999999998
 31
0.0
  0
LINE
  5
2F8
330
17
100
AcDbEntity
  8
0
100
AcDbLine
 10
25.17163
 20
-20.503529999999998
 30
0.0
 11
25.124959999999998
 21
-20.5392
 31
0.0
  0
LINE
  5
2F9
330
17
100
AcDbEntity
  8
0
100
AcDbLine
 10
25.124959999999998
 20
-20.5392
 30
0.0
 11
25.07642
 21
-20.56874
 31
0.0
  0
LINE
  5
2FA
330
17
100
AcDbEntity
  8
0
100
AcDbLine
 10
25.07642
 20
-20.56874
 30
0.0
 11
25.02503
 21
-20.59315
 31
0.0
  0
LINE
  5
2FB
330
17
100
AcDbEntity
  8
0
100
AcDbLine
 10
25.02503
 20
-20.59315
 30
0.0
 11
24.969620000000003
 21
-20.61288
 31
0.0
  0
LINE
  5
2FC
330
17
100
AcDbEntity
  8
0
100
AcDbLine
 10
24.969620000000003
 20
-20.61288
 30
0.0
 11
24.90875
 21
-20.62796
 31
0.0
  0
LINE
  5
2FD
330
17
100
AcDbEntity
  8
0
100
AcDbLine
 10
24.90875
 20
-20.62796
 30
0.0
 11
24.84055
 21
-20.63797
 31
0.0
  0
LINE
  5
2FE
330
17
100
AcDbEntity
  8
0
100
AcDbLine
 10
24.84055
 20
-20.63797
 30
0.0
 11
24.75824
 21
-20.641920000000002
 31
0.0
  0
LINE
  5
2FF
330
17
100
AcDbEntity
  8
0
100
AcDbLine
 10
24.75824
 20
-20.641920000000002
 30
0.0
 11
24.66032
 21
-20.6391
 31
0.0
  0
LINE
  5
300
330
17
100
AcDbEntity
  8
0
100
AcDbLine
 10
24.66032
 20
-20.6391
 30
0.0
 11
24.53431
 21
-20.62565
 31
0.0
  0
LINE
  5
301
330
17
100
AcDbEntity
  8
0
100
AcDbLine
 10
24.53431
 20
-20.62565
 30
0.0
 11
24.41008
 21
-20.600589999999997
 31
0.0
  0
LINE
  5
302
330
17
100
AcDbEntity
  8
0
100
AcDbLine
 10
24.41008
 20
-20.600589999999997
 30
0.0
 11
24.28872
 21
-20.564120000000003
 31
0.0
  0
LINE
  5
303
330
17
100
AcDbEntity
  8
0
100
AcDbLine
 10
24.28872
 20
-20.564120000000003
 30
0.0
 11
24.19752
 21
-20.52838
 31
0.0
  0
LINE
  5
304
330
17
100
AcDbEntity
  8
0
100
AcDbLine
 10
24.19752
 20
-20.52838
 30
0.0
 11
23.897080000000003
 21
-20.37352
 31
0.0
  0
LINE
  5
305
330
17
100
AcDbEntity
  8
0
100
AcDbLine
 10
23.897080000000003
 20
-20.37352
 30
0.0
 11
23.610229999999998
 21
-20.1947
 31
0.0
  0
LINE
  5
306
330
17
100
AcDbEntity
  8
0
100
AcDbLine
 10
23.610229999999998
 20
-20.1947
 30
0.0
 11
23.14481
 21
-20.85177
 31
0.0
  0
LINE
  5
307
330
17
100
AcDbEntity
  8
0
100
AcDbLine
 10
23.14481
 20
-20.85177
 30
0.0
 11
23.39731
 21
-21.10414
 31
0.0
  0
LINE
  5
308
330
17
100
AcDbEntity
  8
0
100
AcDbLine
 10
23.39731
 20
-21.10414
 30
0.0
 11
23.666
 21
-21.339199999999998
 31
0.0
  0
LINE
  5
309
330
17
100
AcDbEntity
  8
0
100
AcDbLine
 10
23.666
 20
-21.339199999999998
 30
0.0
 11
23.86467
 21
-21.49081
 31
0.0
  0
LINE
  5
30A
330
17
100
AcDbEntity
  8
0
100
AcDbLine
 10
23.86467
 20
-21.49081
 30
0.0
 11
24.10692
 21
-21.64907
 31
0.0
  0
LINE
  5
30B
330
17
100
AcDbEntity
  8
0
100
AcDbLine
 10
24.10692
 20
-21.64907
 30
0.0
 11
24.32526
 21
-21.77069
 31
0.0
  0
LINE
  5
30C
330
17
100
AcDbEntity
  8
0
100
AcDbLine
 10
24.32526
 20
-21.77069
 30
0.0
 11
24.574849999999998
 21
-21.88719
 31
0.0
  0
LINE
  5
30D
330
17
100
AcDbEntity
  8
0
100
AcDbLine
 10
24.574849999999998
 20
-21.88719
 30
0.0
 11
24.873510000000003
 21
-21.999029999999998
 31
0.0
  0
LINE
  5
30E
330
17
100
AcDbEntity
  8
0
100
AcDbLine
 10
24.873510000000003
 20
-21.999029999999998
 30
0.0
 11
25.137980000000002
 21
-22.07609
 31
0.0
  0
LINE
  5
30F
330
17
100
AcDbEntity
  8
0
100
AcDbLine
 10
25.137980000000002
 20
-22.07609
 30
0.0
 11
25.44415
 21
-22.139490000000002
 31
0.0
  0
LINE
  5
310
330
17
100
AcDbEntity
  8
0
100
AcDbLine
 10
25.44415
 20
-22.139490000000002
 30
0.0
 11
25.80375
 21
-22.181369999999998
 31
0.0
  0
LINE
  5
311
330
17
100
AcDbEntity
  8
0
100
AcDbLine
 10
25.80375
 20
-22.181369999999998
 30
0.0
 11
26.116319999999998
 21
-22.1914
 31
0.0
  0
LINE
  5
312
330
17
100
AcDbEntity
  8
0
100
AcDbLine
 10
26.116319999999998
 20
-22.1914
 30
0.0
 11
26.51609
 21
-22.17299
 31
0.0
  0
LINE
  5
313
330
17
100
AcDbEntity
  8
0
100
AcDbLine
 10
26.51609
 20
-22.17299
 30
0.0
 11
26.82971
 21
-22.12793
 31
0.0
  0
LINE
  5
314
330
17
100
AcDbEntity
  8
0
100
AcDbLine
 10
26.82971
 20
-22.12793
 30
0.0
 11
27.084870000000002
 21
-22.06556
 31
0.0
  0
LINE
  5
315
330
17
100
AcDbEntity
  8
0
100
AcDbLine
 10
27.084870000000002
 20
-22.06556
 30
0.0
 11
27.29788
 21
-21.990869999999997
 31
0.0
  0
LINE
  5
316
330
17
100
AcDbEntity
  8
0
100
AcDbLine
 10
27.29788
 20
-21.990869999999997
 30
0.0
 11
27.47975
 21
-21.90635
 31
0.0
  0
LINE
  5
317
330
17
100
AcDbEntity
  8
0
100
AcDbLine
 10
27.47975
 20
-21.90635
 30
0.0
 11
27.638090000000002
 21
-21.8129
 31
0.0
  0
LINE
  5
318
330
17
100
AcDbEntity
  8
0
100
AcDbLine
 10
27.638090000000002
 20
-21.8129
 30
0.0
 11
27.79143
 21
-21.69964
 31
0.0
  0
LINE
  5
319
330
17
100
AcDbEntity
  8
0
100
AcDbLine
 10
27.79143
 20
-21.69964
 30
0.0
 11
27.832900000000002
 21
-21.66428
 31
0.0
  0
LINE
  5
31A
330
17
100
AcDbEntity
  8
0
100
AcDbLine
 10
27.832900000000002
 20
-21.66428
 30
0.0
 11
27.955460000000002
 21
-21.54529
 31
0.0
  0
LINE
  5
31B
330
17
100
AcDbEntity
  8
0
100
AcDbLine
 10
27.955460000000002
 20
-21.54529
 30
0.0
 11
28.06982
 21
-21.40889
 31
0.0
  0
LINE
  5
31C
330
17
100
AcDbEntity
  8
0
100
AcDbLine
 10
28.06982
 20
-21.40889
 30
0.0
 11
28.165889999999997
 21
-21.26598
 31
0.0
  0
LINE
  5
31D
330
17
100
AcDbEntity
  8
0
100
AcDbLine
 10
28.165889999999997
 20
-21.26598
 30
0.0
 11
28.24653
 21
-21.11413
 31
0.0
  0
LINE
  5
31E
330
17
100
AcDbEntity
  8
0
100
AcDbLine
 10
28.24653
 20
-21.11413
 30
0.0
 11
28.31343
 21
-20.94992
 31
0.0
  0
LINE
  5
31F
330
17
100
AcDbEntity
  8
0
100
AcDbLine
 10
28.31343
 20
-20.94992
 30
0.0
 11
28.3669
 21
-20.76906
 31
0.0
  0
LINE
  5
320
330
17
100
AcDbEntity
  8
0
100
AcDbLine
 10
28.3669
 20
-20.76906
 30
0.0
 11
28.40598
 21
-20.56601
 31
0.0
  0
LINE
  5
321
330
17
100
AcDbEntity
  8
0
100
AcDbLine
 10
28.40598
 20
-20.56601
 30
0.0
 11
28.4281
 21
-20.333360000000003
 31
0.0
  0
LINE
  5
322
330
17
100
AcDbEntity
  8
0
100
AcDbLine
 10
28.4281
 20
-20.333360000000003
 30
0.0
 11
28.43142
 21
-20.195310000000003
 31
0.0
  0
LINE
  5
323
330
17
100
AcDbEntity
  8
0
100
AcDbLine
 10
28.43142
 20
-20.195310000000003
 30
0.0
 11
28.40498
 21
-19.65519
 31
0.0
  0
LINE
  5
324
330
17
100
AcDbEntity
  8
0
100
AcDbLine
 10
28.40498
 20
-19.65519
 30
0.0
 11
28.23579
 21
-18.47145
 31
0.0
  0
LINE
  5
325
330
17
100
AcDbEntity
  8
0
100
AcDbLine
 10
28.23579
 20
-18.47145
 30
0.0
 11
28.118489999999998
 21
-17.8802
 31
0.0
  0
LINE
  5
326
330
17
100
AcDbEntity
  8
0
100
AcDbLine
 10
28.118489999999998
 20
-17.8802
 30
0.0
 11
26.42932
 21
-9.905270000000002
 31
0.0
  0
LINE
  5
327
330
17
100
AcDbEntity
  8
0
100
AcDbLine
 10
26.42932
 20
-9.905270000000002
 30
0.0
 11
26.37153
 21
-9.64821
 31
0.0
  0
LINE
  5
328
330
17
100
AcDbEntity
  8
0
100
AcDbLine
 10
26.37153
 20
-9.64821
 30
0.0
 11
26.324460000000002
 21
-9.39604
 31
0.0
  0
LINE
  5
329
330
17
100
AcDbEntity
  8
0
100
AcDbLine
 10
26.324460000000002
 20
-9.39604
 30
0.0
 11
26.2956
 21
-9.19096
 31
0.0
  0
LINE
  5
32A
330
17
100
AcDbEntity
  8
0
100
AcDbLine
 10
26.2956
 20
-9.19096
 30
0.0
 11
26.28645
 21
-9.06944
 31
0.0
  0
LINE
  5
32B
330
17
100
AcDbEntity
  8
0
100
AcDbLine
 10
26.28645
 20
-9.06944
 30
0.0
 11
26.2943
 21
-8.88454
 31
0.0
  0
LINE
  5
32C
330
17
100
AcDbEntity
  8
0
100
AcDbLine
 10
26.2943
 20
-8.88454
 30
0.0
 11
26.310509999999997
 21
-8.765149999999998
 31
0.0
  0
LINE
  5
32D
330
17
100
AcDbEntity
  8
0
100
AcDbLine
 10
26.310509999999997
 20
-8.765149999999998
 30
0.0
 11
26.32977
 21
-8.68196
 31
0.0
  0
LINE
  5
32E
330
17
100
AcDbEntity
  8
0
100
AcDbLine
 10
26.32977
 20
-8.68196
 30
0.0
 11
26.34266
 21
-8.641050000000002
 31
0.0
  0
LINE
  5
32F
330
17
100
AcDbEntity
  8
0
100
AcDbLine
 10
26.34266
 20
-8.641050000000002
 30
0.0
 11
26.35438
 21
-8.60987
 31
0.0
  0
LINE
  5
330
330
17
100
AcDbEntity
  8
0
100
AcDbLine
 10
26.35438
 20
-8.60987
 30
0.0
 11
26.37454
 21
-8.565420000000001
 31
0.0
  0
LINE
  5
331
330
17
100
AcDbEntity
  8
0
100
AcDbLine
 10
26.37454
 20
-8.565420000000001
 30
0.0
 11
26.39912
 21
-8.523249999999999
 31
0.0
  0
LINE
  5
332
330
17
100
AcDbEntity
  8
0
100
AcDbLine
 10
26.39912
 20
-8.523249999999999
 30
0.0
 11
26.427880000000002
 21
-8.48382
 31
0.0
  0
LINE
  5
333
330
17
100
AcDbEntity
  8
0
100
AcDbLine
 10
26.427880000000002
 20
-8.48382
 30
0.0
 11
26.46051
 21
-8.44752
 31
0.0
  0
LINE
  5
334
330
17
100
AcDbEntity
  8
0
100
AcDbLine
 10
26.46051
 20
-8.44752
 30
0.0
 11
26.49667
 21
-8.41474
 31
0.0
  0
LINE
  5
335
330
17
100
AcDbEntity
  8
0
100
AcDbLine
 10
26.49667
 20
-8.41474
 30
0.0
 11
26.52343
 21
-8.39496
 31
0.0
  0
LINE
  5
336
330
17
100
AcDbEntity
  8
0
100
AcDbLine
 10
26.52343
 20
-8.39496
 30
0.0
 11
26.57229
 21
-8.36529
 31
0.0
  0
LINE
  5
337
330
17
100
AcDbEntity
  8
0
100
AcDbLine
 10
26.57229
 20
-8.36529
 30
0.0
 11
26.625719999999998
 21
-8.33974
 31
0.0
  0
LINE
  5
338
330
17
100
AcDbEntity
  8
0
100
AcDbLine
 10
26.625719999999998
 20
-8.33974
 30
0.0
 11
26.689999999999998
 21
-8.31612
 31
0.0
  0
LINE
  5
339
330
17
100
AcDbEntity
  8
0
100
AcDbLine
 10
26.689999999999998
 20
-8.31612
 30
0.0
 11
26.76876
 21
-8.295179999999998
 31
0.0
  0
LINE
  5
33A
330
17
100
AcDbEntity
  8
0
100
AcDbLine
 10
26.76876
 20
-8.295179999999998
 30
0.0
 11
26.846999999999998
 21
-8.28103
 31
0.0
  0
LINE
  5
33B
330
17
100
AcDbEntity
  8
0
100
AcDbLine
 10
26.846999999999998
 20
-8.28103
 30
0.0
 11
27.08422
 21
-8.25825
 31
0.0
  0
LINE
  5
33C
330
17
100
AcDbEntity
  8
0
100
AcDbLine
 10
49.42621
 20
-14.6
 30
0.0
 11
50.92621
 21
-14.6
 31
0.0
  0
LINE
  5
33D
330
17
100
AcDbEntity
  8
0
100
AcDbLine
 10
50.92621
 20
-14.6
 30
0.0
 11
50.92621
 21
-14.0
 31
0.0
  0
LINE
  5
33E
330
17
100
AcDbEntity
  8
0
100
AcDbLine
 10
50.92621
 20
-14.0
 30
0.0
 11
49.42621
 21
-14.0
 31
0.0
  0
LINE
  5
33F
330
17
100
AcDbEntity
  8
0
100
AcDbLine
 10
49.42621
 20
-14.0
 30
0.0
 11
49.42621
 21
-14.6
 31
0.0
  0
LINE
  5
340
330
17
100
AcDbEntity
  8
0
100
AcDbLine
 10
46.426210000000005
 20
-14.6
 30
0.0
 11
46.426210000000005
 21
-14.0
 31
0.0
  0
LINE
  5
341
330
17
100
AcDbEntity
  8
0
100
AcDbLine
 10
46.426210000000005
 20
-14.0
 30
0.0
 11
44.926210000000005
 21
-14.0
 31
0.0
  0
LINE
  5
342
330
17
100
AcDbEntity
  8
0
100
AcDbLine
 10
44.926210000000005
 20
-14.0
 30
0.0
 11
44.926210000000005
 21
-14.6
 31
0.0
  0
LINE
  5
343
330
17
100
AcDbEntity
  8
0
100
AcDbLine
 10
44.926210000000005
 20
-14.6
 30
0.0
 11
46.426210000000005
 21
-14.6
 31
0.0
  0
LINE
  5
344
330
17
100
AcDbEntity
  8
0
100
AcDbLine
 10
84.64528
 20
19.83661
 30
0.0
 11
84.76725
 21
19.93851
 31
0.0
  0
LINE
  5
345
330
17
100
AcDbEntity
  8
0
100
AcDbLine
 10
84.76725
 20
19.93851
 30
0.0
 11
84.82812000000001
 21
19.98177
 31
0.0
  0
LINE
  5
346
330
17
100
AcDbEntity
  8
0
100
AcDbLine
 10
84.82812000000001
 20
19.98177
 30
0.0
 11
85.00981
 21
20.0903
 31
0.0
  0
LINE
  5
347
330
17
100
AcDbEntity
  8
0
100
AcDbLine
 10
85.00981
 20
20.0903
 30
0.0
 11
85.19643
 21
20.176750000000002
 31
0.0
  0
LINE
  5
348
330
17
100
AcDbEntity
  8
0
100
AcDbLine
 10
85.19643
 20
20.176750000000002
 30
0.0
 11
85.40101
 21
20.24769
 31
0.0
  0
LINE
  5
349
330
17
100
AcDbEntity
  8
0
100
AcDbLine
 10
85.40101
 20
20.24769
 30
0.0
 11
85.6295
 21
20.30258
 31
0.0
  0
LINE
  5
34A
330
17
100
AcDbEntity
  8
0
100
AcDbLine
 10
85.6295
 20
20.30258
 30
0.0
 11
85.70052
 21
20.315099999999997
 31
0.0
  0
LINE
  5
34B
330
17
100
AcDbEntity
  8
0
100
AcDbLine
 10
85.70052
 20
20.315099999999997
 30
0.0
 11
86.23143
 21
20.376849999999997
 31
0.0
  0
LINE
  5
34C
330
17
100
AcDbEntity
  8
0
100
AcDbLine
 10
86.23143
 20
20.376849999999997
 30
0.0
 11
86.76562
 21
20.39561
 31
0.0
  0
LINE
  5
34D
330
17
100
AcDbEntity
  8
0
100
AcDbLine
 10
86.76562
 20
20.39561
 30
0.0
 11
87.13663000000001
 21
20.39583
 31
0.0
  0
LINE
  5
34E
330
17
100
AcDbEntity
  8
0
100
AcDbLine
 10
87.13663000000001
 20
20.39583
 30
0.0
 11
87.03447
 21
19.88778
 31
0.0
  0
LINE
  5
34F
330
17
100
AcDbEntity
  8
0
100
AcDbLine
 10
87.03447
 20
19.88778
 30
0.0
 11
86.87868
 21
19.39354
 31
0.0
  0
LINE
  5
350
330
17
100
AcDbEntity
  8
0
100
AcDbLine
 10
86.87868
 20
19.39354
 30
0.0
 11
86.67103
 21
18.918750000000003
 31
0.0
  0
LINE
  5
351
330
17
100
AcDbEntity
  8
0
100
AcDbLine
 10
86.67103
 20
18.918750000000003
 30
0.0
 11
86.4139
 21
18.46882
 31
0.0
  0
LINE
  5
352
330
17
100
AcDbEntity
  8
0
100
AcDbLine
 10
86.4139
 20
18.46882
 30
0.0
 11
86.11022
 21
18.048910000000003
 31
0.0
  0
LINE
  5
353
330
17
100
AcDbEntity
  8
0
100
AcDbLine
 10
86.11022
 20
18.048910000000003
 30
0.0
 11
85.76346
 21
17.663809999999998
 31
0.0
  0
LINE
  5
354
330
17
100
AcDbEntity
  8
0
100
AcDbLine
 10
85.76346
 20
17.663809999999998
 30
0.0
 11
85.37758
 21
17.317909999999998
 31
0.0
  0
LINE
  5
355
330
17
100
AcDbEntity
  8
0
100
AcDbLine
 10
85.37758
 20
17.317909999999998
 30
0.0
 11
84.95700000000001
 21
17.01516
 31
0.0
  0
LINE
  5
356
330
17
100
AcDbEntity
  8
0
100
AcDbLine
 10
84.95700000000001
 20
17.01516
 30
0.0
 11
84.5065
 21
16.759030000000003
 31
0.0
  0
LINE
  5
357
330
17
100
AcDbEntity
  8
0
100
AcDbLine
 10
84.5065
 20
16.759030000000003
 30
0.0
 11
84.03125
 21
16.55244
 31
0.0
  0
LINE
  5
358
330
17
100
AcDbEntity
  8
0
100
AcDbLine
 10
84.03125
 20
16.55244
 30
0.0
 11
84.03125
 21
18.0052
 31
0.0
  0
LINE
  5
359
330
17
100
AcDbEntity
  8
0
100
AcDbLine
 10
84.03125
 20
18.0052
 30
0.0
 11
84.05166
 21
18.46126
 31
0.0
  0
LINE
  5
35A
330
17
100
AcDbEntity
  8
0
100
AcDbLine
 10
84.05166
 20
18.46126
 30
0.0
 11
84.09621
 21
18.776870000000002
 31
0.0
  0
LINE
  5
35B
330
17
100
AcDbEntity
  8
0
100
AcDbLine
 10
84.09621
 20
18.776870000000002
 30
0.0
 11
84.15288
 21
19.01301
 31
0.0
  0
LINE
  5
35C
330
17
100
AcDbEntity
  8
0
100
AcDbLine
 10
84.15288
 20
19.01301
 30
0.0
 11
84.21528
 21
19.194280000000003
 31
0.0
  0
LINE
  5
35D
330
17
100
AcDbEntity
  8
0
100
AcDbLine
 10
84.21528
 20
19.194280000000003
 30
0.0
 11
84.24219
 21
19.25781
 31
0.0
  0
LINE
  5
35E
330
17
100
AcDbEntity
  8
0
100
AcDbLine
 10
84.24219
 20
19.25781
 30
0.0
 11
84.33319999999999
 21
19.437739999999998
 31
0.0
  0
LINE
  5
35F
330
17
100
AcDbEntity
  8
0
100
AcDbLine
 10
84.33319999999999
 20
19.437739999999998
 30
0.0
 11
84.42867
 21
19.587960000000002
 31
0.0
  0
LINE
  5
360
330
17
100
AcDbEntity
  8
0
100
AcDbLine
 10
84.42867
 20
19.587960000000002
 30
0.0
 11
84.52868
 21
19.71573
 31
0.0
  0
LINE
  5
361
330
17
100
AcDbEntity
  8
0
100
AcDbLine
 10
84.52868
 20
19.71573
 30
0.0
 11
84.64528
 21
19.83661
 31
0.0
  0
LINE
  5
362
330
17
100
AcDbEntity
  8
0
100
AcDbLine
 10
84.11882
 20
0.9135700000000001
 30
0.0
 11
84.07148000000001
 21
1.16842
 31
0.0
  0
LINE
  5
363
330
17
100
AcDbEntity
  8
0
100
AcDbLine
 10
84.07148000000001
 20
1.16842
 30
0.0
 11
84.03542999999999
 21
1.57794
 31
0.0
  0
LINE
  5
364
330
17
100
AcDbEntity
  8
0
100
AcDbLine
 10
84.03542999999999
 20
1.57794
 30
0.0
 11
84.03125
 21
1.79166
 31
0.0
  0
LINE
  5
365
330
17
100
AcDbEntity
  8
0
100
AcDbLine
 10
84.03125
 20
1.79166
 30
0.0
 11
84.03125
 21
15.91698
 31
0.0
  0
LINE
  5
366
330
17
100
AcDbEntity
  8
0
100
AcDbLine
 10
84.03125
 20
15.91698
 30
0.0
 11
84.58334
 21
16.13127
 31
0.0
  0
LINE
  5
367
330
17
100
AcDbEntity
  8
0
100
AcDbLine
 10
84.58334
 20
16.13127
 30
0.0
 11
85.10892
 21
16.40421
 31
0.0
  0
LINE
  5
368
330
17
100
AcDbEntity
  8
0
100
AcDbLine
 10
85.10892
 20
16.40421
 30
0.0
 11
85.60178
 21
16.73258
 31
0.0
  0
LINE
  5
369
330
17
100
AcDbEntity
  8
0
100
AcDbLine
 10
85.60178
 20
16.73258
 30
0.0
 11
86.05608
 21
17.1125
 31
0.0
  0
LINE
  5
36A
330
17
100
AcDbEntity
  8
0
100
AcDbLine
 10
86.05608
 20
17.1125
 30
0.0
 11
86.46647
 21
17.53948
 31
0.0
  0
LINE
  5
36B
330
17
100
AcDbEntity
  8
0
100
AcDbLine
 10
86.46647
 20
17.53948
 30
0.0
 11
86.82811
 21
18.00847
 31
0.0
  0
LINE
  5
36C
330
17
100
AcDbEntity
  8
0
100
AcDbLine
 10
86.82811
 20
18.00847
 30
0.0
 11
87.13669999999999
 21
18.513939999999998
 31
0.0
  0
LINE
  5
36D
330
17
100
AcDbEntity
  8
0
100
AcDbLine
 10
87.13669999999999
 20
18.513939999999998
 30
0.0
 11
87.38861
 21
19.04991
 31
0.0
  0
LINE
  5
36E
330
17
100
AcDbEntity
  8
0
100
AcDbLine
 10
87.38861
 20
19.04991
 30
0.0
 11
87.58087
 21
19.610059999999997
 31
0.0
  0
LINE
  5
36F
330
17
100
AcDbEntity
  8
0
100
AcDbLine
 10
87.58087
 20
19.610059999999997
 30
0.0
 11
87.71122000000001
 21
20.187759999999997
 31
0.0
  0
LINE
  5
370
330
17
100
AcDbEntity
  8
0
100
AcDbLine
 10
87.71122000000001
 20
20.187759999999997
 30
0.0
 11
87.77807999999999
 21
20.776200000000003
 31
0.0
  0
LINE
  5
371
330
17
100
AcDbEntity
  8
0
100
AcDbLine
 10
87.77807999999999
 20
20.776200000000003
 30
0.0
 11
87.78071
 21
21.36842
 31
0.0
  0
LINE
  5
372
330
17
100
AcDbEntity
  8
0
100
AcDbLine
 10
87.78071
 20
21.36842
 30
0.0
 11
87.71903
 21
21.95743
 31
0.0
  0
LINE
  5
373
330
17
100
AcDbEntity
  8
0
100
AcDbLine
 10
87.71903
 20
21.95743
 30
0.0
 11
87.59380999999999
 21
22.53626
 31
0.0
  0
LINE
  5
374
330
17
100
AcDbEntity
  8
0
100
AcDbLine
 10
87.59380999999999
 20
22.53626
 30
0.0
 11
87.4065
 21
23.098090000000003
 31
0.0
  0
LINE
  5
375
330
17
100
AcDbEntity
  8
0
100
AcDbLine
 10
87.4065
 20
23.098090000000003
 30
0.0
 11
87.15933
 21
23.63626
 31
0.0
  0
LINE
  5
376
330
17
100
AcDbEntity
  8
0
100
AcDbLine
 10
87.15933
 20
23.63626
 30
0.0
 11
86.85521
 21
24.14444
 31
0.0
  0
LINE
  5
377
330
17
100
AcDbEntity
  8
0
100
AcDbLine
 10
86.85521
 20
24.14444
 30
0.0
 11
86.49774000000001
 21
24.61661
 31
0.0
  0
LINE
  5
378
330
17
100
AcDbEntity
  8
0
100
AcDbLine
 10
86.49774000000001
 20
24.61661
 30
0.0
 11
86.09114
 21
25.0472
 31
0.0
  0
LINE
  5
379
330
17
100
AcDbEntity
  8
0
100
AcDbLine
 10
86.09114
 20
25.0472
 30
0.0
 11
85.64021
 21
25.43111
 31
0.0
  0
LINE
  5
37A
330
17
100
AcDbEntity
  8
0
100
AcDbLine
 10
85.64021
 20
25.43111
 30
0.0
 11
85.15027
 21
25.76382
 31
0.0
  0
LINE
  5
37B
330
17
100
AcDbEntity
  8
0
100
AcDbLine
 10
85.15027
 20
25.76382
 30
0.0
 11
84.62713
 21
26.0414
 31
0.0
  0
LINE
  5
37C
330
17
100
AcDbEntity
  8
0
100
AcDbLine
 10
84.62713
 20
26.0414
 30
0.0
 11
84.07695
 21
26.260559999999998
 31
0.0
  0
LINE
  5
37D
330
17
100
AcDbEntity
  8
0
100
AcDbLine
 10
84.07695
 20
26.260559999999998
 30
0.0
 11
83.50623
 21
26.41872
 31
0.0
  0
LINE
  5
37E
330
17
100
AcDbEntity
  8
0
100
AcDbLine
 10
83.50623
 20
26.41872
 30
0.0
 11
82.92172000000001
 21
26.514010000000003
 31
0.0
  0
LINE
  5
37F
330
17
100
AcDbEntity
  8
0
100
AcDbLine
 10
82.92172000000001
 20
26.514010000000003
 30
0.0
 11
82.33032
 21
26.5453
 31
0.0
  0
LINE
  5
380
330
17
100
AcDbEntity
  8
0
100
AcDbLine
 10
82.33032
 20
26.5453
 30
0.0
 11
81.73902
 21
26.512230000000002
 31
0.0
  0
LINE
  5
381
330
17
100
AcDbEntity
  8
0
100
AcDbLine
 10
81.73902
 20
26.512230000000002
 30
0.0
 11
81.15481
 21
26.41518
 31
0.0
  0
LINE
  5
382
330
17
100
AcDbEntity
  8
0
100
AcDbLine
 10
81.15481
 20
26.41518
 30
0.0
 11
80.58457
 21
26.2553
 31
0.0
  0
LINE
  5
383
330
17
100
AcDbEntity
  8
0
100
AcDbLine
 10
80.58457
 20
26.2553
 30
0.0
 11
80.03505
 21
26.03448
 31
0.0
  0
LINE
  5
384
330
17
100
AcDbEntity
  8
0
100
AcDbLine
 10
80.03505
 20
26.03448
 30
0.0
 11
79.51274
 21
25.75533
 31
0.0
  0
LINE
  5
385
330
17
100
AcDbEntity
  8
0
100
AcDbLine
 10
79.51274
 20
25.75533
 30
0.0
 11
79.02382
 21
25.421139999999998
 31
0.0
  0
LINE
  5
386
330
17
100
AcDbEntity
  8
0
100
AcDbLine
 10
79.02382
 20
25.421139999999998
 30
0.0
 11
78.57405
 21
25.03586
 31
0.0
  0
LINE
  5
387
330
17
100
AcDbEntity
  8
0
100
AcDbLine
 10
78.57405
 20
25.03586
 30
0.0
 11
78.16874999999999
 21
24.604049999999997
 31
0.0
  0
LINE
  5
388
330
17
100
AcDbEntity
  8
0
100
AcDbLine
 10
78.16874999999999
 20
24.604049999999997
 30
0.0
 11
77.81269999999999
 21
24.13081
 31
0.0
  0
LINE
  5
389
330
17
100
AcDbEntity
  8
0
100
AcDbLine
 10
77.81269999999999
 20
24.13081
 30
0.0
 11
77.51012
 21
23.62172
 31
0.0
  0
LINE
  5
38A
330
17
100
AcDbEntity
  8
0
100
AcDbLine
 10
77.51012
 20
23.62172
 30
0.0
 11
77.26457
 21
23.08279
 31
0.0
  0
LINE
  5
38B
330
17
100
AcDbEntity
  8
0
100
AcDbLine
 10
77.26457
 20
23.08279
 30
0.0
 11
77.07896
 21
22.520410000000002
 31
0.0
  0
LINE
  5
38C
330
17
100
AcDbEntity
  8
0
100
AcDbLine
 10
77.07896
 20
22.520410000000002
 30
0.0
 11
76.95546999999999
 21
21.941200000000002
 31
0.0
  0
LINE
  5
38D
330
17
100
AcDbEntity
  8
0
100
AcDbLine
 10
76.95546999999999
 20
21.941200000000002
 30
0.0
 11
76.89558000000001
 21
21.35201
 31
0.0
  0
LINE
  5
38E
330
17
100
AcDbEntity
  8
0
100
AcDbLine
 10
76.89558000000001
 20
21.35201
 30
0.0
 11
76.89998000000001
 21
20.7598
 31
0.0
  0
LINE
  5
38F
330
17
100
AcDbEntity
  8
0
100
AcDbLine
 10
76.89998000000001
 20
20.7598
 30
0.0
 11
76.96862999999999
 21
20.17157
 31
0.0
  0
LINE
  5
390
330
17
100
AcDbEntity
  8
0
100
AcDbLine
 10
76.96862999999999
 20
20.17157
 30
0.0
 11
77.10071
 21
19.59426
 31
0.0
  0
LINE
  5
391
330
17
100
AcDbEntity
  8
0
100
AcDbLine
 10
77.10071
 20
19.59426
 30
0.0
 11
77.29466000000001
 21
19.03469
 31
0.0
  0
LINE
  5
392
330
17
100
AcDbEntity
  8
0
100
AcDbLine
 10
77.29466000000001
 20
19.03469
 30
0.0
 11
77.54819
 21
18.49948
 31
0.0
  0
LINE
  5
393
330
17
100
AcDbEntity
  8
0
100
AcDbLine
 10
77.54819
 20
18.49948
 30
0.0
 11
77.85831
 21
17.99495
 31
0.0
  0
LINE
  5
394
330
17
100
AcDbEntity
  8
0
100
AcDbLine
 10
77.85831
 20
17.99495
 30
0.0
 11
78.22136
 21
17.52705
 31
0.0
  0
LINE
  5
395
330
17
100
AcDbEntity
  8
0
100
AcDbLine
 10
78.22136
 20
17.52705
 30
0.0
 11
78.63303
 21
17.10131
 31
0.0
  0
LINE
  5
396
330
17
100
AcDbEntity
  8
0
100
AcDbLine
 10
78.63303
 20
17.10131
 30
0.0
 11
79.08848
 21
16.72276
 31
0.0
  0
LINE
  5
397
330
17
100
AcDbEntity
  8
0
100
AcDbLine
 10
79.08848
 20
16.72276
 30
0.0
 11
79.58232
 21
16.395880000000002
 31
0.0
  0
LINE
  5
398
330
17
100
AcDbEntity
  8
0
100
AcDbLine
 10
79.58232
 20
16.395880000000002
 30
0.0
 11
80.10871
 21
16.12453
 31
0.0
  0
LINE
  5
399
330
17
100
AcDbEntity
  8
0
100
AcDbLine
 10
80.10871
 20
16.12453
 30
0.0
 11
80.66146
 21
15.9119
 31
0.0
  0
LINE
  5
39A
330
17
100
AcDbEntity
  8
0
100
AcDbLine
 10
80.66146
 20
15.9119
 30
0.0
 11
80.66146
 21
1.7916600000000003
 31
0.0
  0
LINE
  5
39B
330
17
100
AcDbEntity
  8
0
100
AcDbLine
 10
80.66146
 20
1.79166
 30
0.0
 11
80.64164
 21
1.34946
 31
0.0
  0
LINE
  5
39C
330
17
100
AcDbEntity
  8
0
100
AcDbLine
 10
80.64164
 20
1.34946
 30
0.0
 11
80.59773000000001
 21
1.0386
 31
0.0
  0
LINE
  5
39D
330
17
100
AcDbEntity
  8
0
100
AcDbLine
 10
80.59773000000001
 20
1.0386
 30
0.0
 11
80.54139
 21
0.80418
 31
0.0
  0
LINE
  5
39E
330
17
100
AcDbEntity
  8
0
100
AcDbLine
 10
80.54139
 20
0.80418
 30
0.0
 11
80.47946
 21
0.62427
 31
0.0
  0
LINE
  5
39F
330
17
100
AcDbEntity
  8
0
100
AcDbLine
 10
80.47946
 20
0.62427
 30
0.0
 11
80.44271
 21
0.53906
 31
0.0
  0
LINE
  5
3A0
330
17
100
AcDbEntity
  8
0
100
AcDbLine
 10
80.44271
 20
0.53906
 30
0.0
 11
80.34362
 21
0.34961
 31
0.0
  0
LINE
  5
3A1
330
17
100
AcDbEntity
  8
0
100
AcDbLine
 10
80.34362
 20
0.34961
 30
0.0
 11
80.24148000000001
 21
0.19356
 31
0.0
  0
LINE
  5
3A2
330
17
100
AcDbEntity
  8
0
100
AcDbLine
 10
80.24148000000001
 20
0.19356
 30
0.0
 11
80.13602999999999
 21
0.0625
 31
0.0
  0
LINE
  5
3A3
330
17
100
AcDbEntity
  8
0
100
AcDbLine
 10
80.13602999999999
 20
0.0625
 30
0.0
 11
80.01381
 21
-0.06076000000000001
 31
0.0
  0
LINE
  5
3A4
330
17
100
AcDbEntity
  8
0
100
AcDbLine
 10
80.01381
 20
-0.06076
 30
0.0
 11
79.8983
 21
-0.15526999999999996
 31
0.0
  0
LINE
  5
3A5
330
17
100
AcDbEntity
  8
0
100
AcDbLine
 10
79.8983
 20
-0.15527
 30
0.0
 11
79.85677
 21
-0.18489
 31
0.0
  0
LINE
  5
3A6
330
17
100
AcDbEntity
  8
0
100
AcDbLine
 10
79.85677
 20
-0.18489
 30
0.0
 11
79.68796
 21
-0.28803
 31
0.0
  0
LINE
  5
3A7
330
17
100
AcDbEntity
  8
0
100
AcDbLine
 10
79.68796
 20
-0.28803
 30
0.0
 11
79.51263
 21
-0.37154000000000004
 31
0.0
  0
LINE
  5
3A8
330
17
100
AcDbEntity
  8
0
100
AcDbLine
 10
79.51263
 20
-0.37154000000000004
 30
0.0
 11
79.31742999999999
 21
-0.44179
 31
0.0
  0
LINE
  5
3A9
330
17
100
AcDbEntity
  8
0
100
AcDbLine
 10
79.31742999999999
 20
-0.44179
 30
0.0
 11
79.09611
 21
-0.49792000000000003
 31
0.0
  0
LINE
  5
3AA
330
17
100
AcDbEntity
  8
0
100
AcDbLine
 10
79.09611
 20
-0.49792000000000003
 30
0.0
 11
78.98437
 21
-0.51822
 31
0.0
  0
LINE
  5
3AB
330
17
100
AcDbEntity
  8
0
100
AcDbLine
 10
78.98437
 20
-0.51822
 30
0.0
 11
78.45734
 21
-0.57954
 31
0.0
  0
LINE
  5
3AC
330
17
100
AcDbEntity
  8
0
100
AcDbLine
 10
78.45734
 20
-0.57954
 30
0.0
 11
77.92707999999999
 21
-0.59882
 31
0.0
  0
LINE
  5
3AD
330
17
100
AcDbEntity
  8
0
100
AcDbLine
 10
77.92707999999999
 20
-0.59882
 30
0.0
 11
77.48958
 21
-0.59895
 31
0.0
  0
LINE
  5
3AE
330
17
100
AcDbEntity
  8
0
100
AcDbLine
 10
77.48958
 20
-0.59895
 30
0.0
 11
77.48958
 21
-2.0
 31
0.0
  0
LINE
  5
3AF
330
17
100
AcDbEntity
  8
0
100
AcDbLine
 10
77.48958
 20
-2.0
 30
0.0
 11
87.1875
 21
-2.0
 31
0.0
  0
LINE
  5
3B0
330
17
100
AcDbEntity
  8
0
100
AcDbLine
 10
87.1875
 20
-2.0
 30
0.0
 11
87.1875
 21
-0.5989499999999999
 31
0.0
  0
LINE
  5
3B1
330
17
100
AcDbEntity
  8
0
100
AcDbLine
 10
87.1875
 20
-0.59895
 30
0.0
 11
86.76562
 21
-0.5987399999999999
 31
0.0
  0
LINE
  5
3B2
330
17
100
AcDbEntity
  8
0
100
AcDbLine
 10
86.76562
 20
-0.5987399999999999
 30
0.0
 11
86.23143
 21
-0.57997
 31
0.0
  0
LINE
  5
3B3
330
17
100
AcDbEntity
  8
0
100
AcDbLine
 10
86.23143
 20
-0.57997
 30
0.0
 11
85.70052
 21
-0.51822
 31
0.0
  0
LINE
  5
3B4
330
17
100
AcDbEntity
  8
0
100
AcDbLine
 10
85.70052
 20
-0.51822
 30
0.0
 11
85.46087
 21
-0.46748999999999996
 31
0.0
  0
LINE
  5
3B5
330
17
100
AcDbEntity
  8
0
100
AcDbLine
 10
85.46087
 20
-0.46748999999999996
 30
0.0
 11
85.25132
 21
-0.40116
 31
0.0
  0
LINE
  5
3B6
330
17
100
AcDbEntity
  8
0
100
AcDbLine
 10
85.25132
 20
-0.40116
 30
0.0
 11
85.06429999999999
 21
-0.32106
 31
0.0
  0
LINE
  5
3B7
330
17
100
AcDbEntity
  8
0
100
AcDbLine
 10
85.06429999999999
 20
-0.32106
 30
0.0
 11
84.87941000000001
 21
-0.21828
 31
0.0
  0
LINE
  5
3B8
330
17
100
AcDbEntity
  8
0
100
AcDbLine
 10
84.87941000000001
 20
-0.21828
 30
0.0
 11
84.82812000000001
 21
-0.18489
 31
0.0
  0
LINE
  5
3B9
330
17
100
AcDbEntity
  8
0
100
AcDbLine
 10
84.82812000000001
 20
-0.18489
 30
0.0
 11
84.69827000000001
 21
-0.08671999999999999
 31
0.0
  0
LINE
  5
3BA
330
17
100
AcDbEntity
  8
0
100
AcDbLine
 10
84.69827000000001
 20
-0.08671999999999999
 30
0.0
 11
84.58474000000001
 21
0.019740000000000008
 31
0.0
  0
LINE
  5
3BB
330
17
100
AcDbEntity
  8
0
100
AcDbLine
 10
84.58474000000001
 20
0.01974
 30
0.0
 11
84.47967000000001
 21
0.14054
 31
0.0
  0
LINE
  5
3BC
330
17
100
AcDbEntity
  8
0
100
AcDbLine
 10
84.47967000000001
 20
0.14054
 30
0.0
 11
84.38145
 21
0.27915999999999996
 31
0.0
  0
LINE
  5
3BD
330
17
100
AcDbEntity
  8
0
100
AcDbLine
 10
84.38145
 20
0.27915999999999996
 30
0.0
 11
84.2893
 21
0.44052
 31
0.0
  0
LINE
  5
3BE
330
17
100
AcDbEntity
  8
0
100
AcDbLine
 10
84.2893
 20
0.44052
 30
0.0
 11
84.24219
 21
0.53906
 31
0.0
  0
LINE
  5
3BF
330
17
100
AcDbEntity
  8
0
100
AcDbLine
 10
84.24219
 20
0.53906
 30
0.0
 11
84.17442
 21
0.71475
 31
0.0
  0
LINE
  5
3C0
330
17
100
AcDbEntity
  8
0
100
AcDbLine
 10
84.17442
 20
0.71475
 30
0.0
 11
84.11882
 21
0.9135700000000001
 31
0.0
  0
LINE
  5
3C1
330
17
100
AcDbEntity
  8
0
100
AcDbLine
 10
77.64303
 20
19.88617
 30
0.0
 11
77.54044999999999
 21
20.39583
 31
0.0
  0
LINE
  5
3C2
330
17
100
AcDbEntity
  8
0
100
AcDbLine
 10
77.54044999999999
 20
20.39583
 30
0.0
 11
77.92707999999999
 21
20.395690000000002
 31
0.0
  0
LINE
  5
3C3
330
17
100
AcDbEntity
  8
0
100
AcDbLine
 10
77.92707999999999
 20
20.395690000000002
 30
0.0
 11
78.45734
 21
20.37641
 31
0.0
  0
LINE
  5
3C4
330
17
100
AcDbEntity
  8
0
100
AcDbLine
 10
78.45734
 20
20.37641
 30
0.0
 11
78.98437
 21
20.315099999999997
 31
0.0
  0
LINE
  5
3C5
330
17
100
AcDbEntity
  8
0
100
AcDbLine
 10
78.98437
 20
20.315099999999997
 30
0.0
 11
79.22569
 21
20.264689999999998
 31
0.0
  0
LINE
  5
3C6
330
17
100
AcDbEntity
  8
0
100
AcDbLine
 10
79.22569
 20
20.264689999999998
 30
0.0
 11
79.4325
 21
20.19988
 31
0.0
  0
LINE
  5
3C7
330
17
100
AcDbEntity
  8
0
100
AcDbLine
 10
79.4325
 20
20.19988
 30
0.0
 11
79.61368
 21
20.12292
 31
0.0
  0
LINE
  5
3C8
330
17
100
AcDbEntity
  8
0
100
AcDbLine
 10
79.61368
 20
20.12292
 30
0.0
 11
79.79181
 21
20.02443
 31
0.0
  0
LINE
  5
3C9
330
17
100
AcDbEntity
  8
0
100
AcDbLine
 10
79.79181
 20
20.02443
 30
0.0
 11
79.85677
 21
19.98177
 31
0.0
  0
LINE
  5
3CA
330
17
100
AcDbEntity
  8
0
100
AcDbLine
 10
79.85677
 20
19.98177
 30
0.0
 11
79.98655000000001
 21
19.88167
 31
0.0
  0
LINE
  5
3CB
330
17
100
AcDbEntity
  8
0
100
AcDbLine
 10
79.98655000000001
 20
19.88167
 30
0.0
 11
80.10132
 21
19.77216
 31
0.0
  0
LINE
  5
3CC
330
17
100
AcDbEntity
  8
0
100
AcDbLine
 10
80.10132
 20
19.77216
 30
0.0
 11
80.20933
 21
19.64609
 31
0.0
  0
LINE
  5
3CD
330
17
100
AcDbEntity
  8
0
100
AcDbLine
 10
80.20933
 20
19.64609
 30
0.0
 11
80.31193999999999
 21
19.499280000000002
 31
0.0
  0
LINE
  5
3CE
330
17
100
AcDbEntity
  8
0
100
AcDbLine
 10
80.31193999999999
 20
19.499280000000002
 30
0.0
 11
80.40982000000001
 21
19.32577
 31
0.0
  0
LINE
  5
3CF
330
17
100
AcDbEntity
  8
0
100
AcDbLine
 10
80.40982000000001
 20
19.32577
 30
0.0
 11
80.44271
 21
19.25781
 31
0.0
  0
LINE
  5
3D0
330
17
100
AcDbEntity
  8
0
100
AcDbLine
 10
80.44271
 20
19.25781
 30
0.0
 11
80.51149000000001
 21
19.086479999999998
 31
0.0
  0
LINE
  5
3D1
330
17
100
AcDbEntity
  8
0
100
AcDbLine
 10
80.51149000000001
 20
19.086479999999998
 30
0.0
 11
80.56805
 21
18.89388
 31
0.0
  0
LINE
  5
3D2
330
17
100
AcDbEntity
  8
0
100
AcDbLine
 10
80.56805
 20
18.89388
 30
0.0
 11
80.61653000000001
 21
18.64967
 31
0.0
  0
LINE
  5
3D3
330
17
100
AcDbEntity
  8
0
100
AcDbLine
 10
80.61653000000001
 20
18.64967
 30
0.0
 11
80.65493
 21
18.265739999999997
 31
0.0
  0
LINE
  5
3D4
330
17
100
AcDbEntity
  8
0
100
AcDbLine
 10
80.65493
 20
18.265739999999997
 30
0.0
 11
80.66146
 21
18.0052
 31
0.0
  0
LINE
  5
3D5
330
17
100
AcDbEntity
  8
0
100
AcDbLine
 10
80.66146
 20
18.0052
 30
0.0
 11
80.66146
 21
16.54665
 31
0.0
  0
LINE
  5
3D6
330
17
100
AcDbEntity
  8
0
100
AcDbLine
 10
80.66146
 20
16.54665
 30
0.0
 11
80.18400000000001
 21
16.75235
 31
0.0
  0
LINE
  5
3D7
330
17
100
AcDbEntity
  8
0
100
AcDbLine
 10
80.18400000000001
 20
16.75235
 30
0.0
 11
79.73131
 21
17.00798
 31
0.0
  0
LINE
  5
3D8
330
17
100
AcDbEntity
  8
0
100
AcDbLine
 10
79.73131
 20
17.00798
 30
0.0
 11
79.30860000000001
 21
17.31061
 31
0.0
  0
LINE
  5
3D9
330
17
100
AcDbEntity
  8
0
100
AcDbLine
 10
79.30860000000001
 20
17.31061
 30
0.0
 11
78.9207
 21
17.65675
 31
0.0
  0
LINE
  5
3DA
330
17
100
AcDbEntity
  8
0
100
AcDbLine
 10
78.9207
 20
17.65675
 30
0.0
 11
78.57211
 21
18.04244
 31
0.0
  0
LINE
  5
3DB
330
17
100
AcDbEntity
  8
0
100
AcDbLine
 10
78.57211
 20
18.04244
 30
0.0
 11
78.2668
 21
18.46323
 31
0.0
  0
LINE
  5
3DC
330
17
100
AcDbEntity
  8
0
100
AcDbLine
 10
78.2668
 20
18.46323
 30
0.0
 11
78.0083
 21
18.914279999999998
 31
0.0
  0
LINE
  5
3DD
330
17
100
AcDbEntity
  8
0
100
AcDbLine
 10
78.0083
 20
18.914279999999998
 30
0.0
 11
77.79957
 21
19.39042
 31
0.0
  0
LINE
  5
3DE
330
17
100
AcDbEntity
  8
0
100
AcDbLine
 10
77.79957
 20
19.39042
 30
0.0
 11
77.64303
 21
19.88617
 31
0.0
  0
LINE
  5
3DF
330
17
100
AcDbEntity
  8
0
100
AcDbLine
 10
82.59448
 20
25.938550000000003
 30
0.0
 11
83.10352
 21
25.88459
 31
0.0
  0
LINE
  5
3E0
330
17
100
AcDbEntity
  8
0
100
AcDbLine
 10
83.10352
 20
25.88459
 30
0.0
 11
83.60404
 21
25.77726
 31
0.0
  0
LINE
  5
3E1
330
17
100
AcDbEntity
  8
0
100
AcDbLine
 10
83.60404
 20
25.77726
 30
0.0
 11
84.09045
 21
25.61777
 31
0.0
  0
LINE
  5
3E2
330
17
100
AcDbEntity
  8
0
100
AcDbLine
 10
84.09045
 20
25.61777
 30
0.0
 11
84.55734
 21
25.40789
 31
0.0
  0
LINE
  5
3E3
330
17
100
AcDbEntity
  8
0
100
AcDbLine
 10
84.55734
 20
25.40789
 30
0.0
 11
84.99949
 21
25.14996
 31
0.0
  0
LINE
  5
3E4
330
17
100
AcDbEntity
  8
0
100
AcDbLine
 10
84.99949
 20
25.14996
 30
0.0
 11
85.412
 21
24.84685
 31
0.0
  0
LINE
  5
3E5
330
17
100
AcDbEntity
  8
0
100
AcDbLine
 10
85.412
 20
24.84685
 30
0.0
 11
85.79025
 21
24.50195
 31
0.0
  0
LINE
  5
3E6
330
17
100
AcDbEntity
  8
0
100
AcDbLine
 10
85.79025
 20
24.50195
 30
0.0
 11
86.13004000000001
 21
24.11909
 31
0.0
  0
LINE
  5
3E7
330
17
100
AcDbEntity
  8
0
100
AcDbLine
 10
86.13004000000001
 20
24.11909
 30
0.0
 11
86.42756999999999
 21
23.70255
 31
0.0
  0
LINE
  5
3E8
330
17
100
AcDbEntity
  8
0
100
AcDbLine
 10
86.42756999999999
 20
23.70255
 30
0.0
 11
86.67953
 21
23.25696
 31
0.0
  0
LINE
  5
3E9
330
17
100
AcDbEntity
  8
0
100
AcDbLine
 10
86.67953
 20
23.25696
 30
0.0
 11
86.88311
 21
22.787290000000002
 31
0.0
  0
LINE
  5
3EA
330
17
100
AcDbEntity
  8
0
100
AcDbLine
 10
86.88311
 20
22.787290000000002
 30
0.0
 11
87.03604
 21
22.29878
 31
0.0
  0
LINE
  5
3EB
330
17
100
AcDbEntity
  8
0
100
AcDbLine
 10
87.03604
 20
22.29878
 30
0.0
 11
87.13663000000001
 21
21.79687
 31
0.0
  0
LINE
  5
3EC
330
17
100
AcDbEntity
  8
0
100
AcDbLine
 10
87.13663000000001
 20
21.79687
 30
0.0
 11
77.54044999999999
 21
21.79687
 31
0.0
  0
LINE
  5
3ED
330
17
100
AcDbEntity
  8
0
100
AcDbLine
 10
77.54044999999999
 20
21.79687
 30
0.0
 11
77.64103999999999
 21
22.29878
 31
0.0
  0
LINE
  5
3EE
330
17
100
AcDbEntity
  8
0
100
AcDbLine
 10
77.64103999999999
 20
22.29878
 30
0.0
 11
77.79397
 21
22.787290000000002
 31
0.0
  0
LINE
  5
3EF
330
17
100
AcDbEntity
  8
0
100
AcDbLine
 10
77.79397
 20
22.787290000000002
 30
0.0
 11
77.99756
 21
23.25696
 31
0.0
  0
LINE
  5
3F0
330
17
100
AcDbEntity
  8
0
100
AcDbLine
 10
77.99756
 20
23.25696
 30
0.0
 11
78.24951
 21
23.70255
 31
0.0
  0
LINE
  5
3F1
330
17
100
AcDbEntity
  8
0
100
AcDbLine
 10
78.24951
 20
23.70255
 30
0.0
 11
78.54704
 21
24.11909
 31
0.0
  0
LINE
  5
3F2
330
17
100
AcDbEntity
  8
0
100
AcDbLine
 10
78.54704
 20
24.11909
 30
0.0
 11
78.88683
 21
24.50195
 31
0.0
  0
LINE
  5
3F3
330
17
100
AcDbEntity
  8
0
100
AcDbLine
 10
78.88683
 20
24.50195
 30
0.0
 11
79.26508
 21
24.84685
 31
0.0
  0
LINE
  5
3F4
330
17
100
AcDbEntity
  8
0
100
AcDbLine
 10
79.26508
 20
24.84685
 30
0.0
 11
79.67759000000001
 21
25.14996
 31
0.0
  0
LINE
  5
3F5
330
17
100
AcDbEntity
  8
0
100
AcDbLine
 10
79.67759000000001
 20
25.14996
 30
0.0
 11
80.11974
 21
25.40789
 31
0.0
  0
LINE
  5
3F6
330
17
100
AcDbEntity
  8
0
100
AcDbLine
 10
80.11974
 20
25.40789
 30
0.0
 11
80.58663
 21
25.61777
 31
0.0
  0
LINE
  5
3F7
330
17
100
AcDbEntity
  8
0
100
AcDbLine
 10
80.58663
 20
25.61777
 30
0.0
 11
81.07304
 21
25.77726
 31
0.0
  0
LINE
  5
3F8
330
17
100
AcDbEntity
  8
0
100
AcDbLine
 10
81.07304
 20
25.77726
 30
0.0
 11
81.57356
 21
25.88459
 31
0.0
  0
LINE
  5
3F9
330
17
100
AcDbEntity
  8
0
100
AcDbLine
 10
81.57356
 20
25.88459
 30
0.0
 11
82.0826
 21
25.938550000000003
 31
0.0
  0
LINE
  5
3FA
330
17
100
AcDbEntity
  8
0
100
AcDbLine
 10
82.0826
 20
25.938550000000003
 30
0.0
 11
82.59448
 21
25.938550000000003
 31
0.0
  0
LINE
  5
3FB
330
17
100
AcDbEntity
  8
0
100
AcDbLine
 10
-61.31801
 20
-14.45136
 30
0.0
 11
-61.326209999999996
 21
-14.3
 31
0.0
  0
LINE
  5
3FC
330
17
100
AcDbEntity
  8
0
100
AcDbLine
 10
-61.326209999999996
 20
-14.3
 30
0.0
 11
-61.31801
 21
-14.14863
 31
0.0
  0
LINE
  5
3FD
330
17
100
AcDbEntity
  8
0
100
AcDbLine
 10
-61.31801
 20
-14.14863
 30
0.0
 11
-61.293479999999995
 21
-13.99904
 31
0.0
  0
LINE
  5
3FE
330
17
100
AcDbEntity
  8
0
100
AcDbLine
 10
-61.293479999999995
 20
-13.99904
 30
0.0
 11
-61.25293
 21
-13.85297
 31
0.0
  0
LINE
  5
3FF
330
17
100
AcDbEntity
  8
0
100
AcDbLine
 10
-61.25293
 20
-13.85297
 30
0.0
 11
-61.19682
 21
-13.71215
 31
0.0
  0
LINE
  5
400
330
17
100
AcDbEntity
  8
0
100
AcDbLine
 10
-61.19682
 20
-13.71215
 30
0.0
 11
-61.12581
 21
-13.57822
 31
0.0
  0
LINE
  5
401
330
17
100
AcDbEntity
  8
0
100
AcDbLine
 10
-61.12581
 20
-13.57822
 30
0.0
 11
-61.04074
 21
-13.45275
 31
0.0
  0
LINE
  5
402
330
17
100
AcDbEntity
  8
0
100
AcDbLine
 10
-61.04074
 20
-13.45275
 30
0.0
 11
-60.94261
 21
-13.33722
 31
0.0
  0
LINE
  5
403
330
17
100
AcDbEntity
  8
0
100
AcDbLine
 10
-60.94261
 20
-13.33722
 30
0.0
 11
-60.83255
 21
-13.23297
 31
0.0
  0
LINE
  5
404
330
17
100
AcDbEntity
  8
0
100
AcDbLine
 10
-60.83255
 20
-13.23297
 30
0.0
 11
-60.711870000000005
 21
-13.14123
 31
0.0
  0
LINE
  5
405
330
17
100
AcDbEntity
  8
0
100
AcDbLine
 10
-60.711870000000005
 20
-13.14123
 30
0.0
 11
-60.58198
 21
-13.06308
 31
0.0
  0
LINE
  5
406
330
17
100
AcDbEntity
  8
0
100
AcDbLine
 10
-60.58198
 20
-13.06308
 30
0.0
 11
-60.4444
 21
-12.999429999999998
 31
0.0
  0
LINE
  5
407
330
17
100
AcDbEntity
  8
0
100
AcDbLine
 10
-60.4444
 20
-12.999429999999998
 30
0.0
 11
-60.30075
 21
-12.951030000000001
 31
0.0
  0
LINE
  5
408
330
17
100
AcDbEntity
  8
0
100
AcDbLine
 10
-60.30075
 20
-12.951030000000001
 30
0.0
 11
-60.15271
 21
-12.91844
 31
0.0
  0
LINE
  5
409
330
17
100
AcDbEntity
  8
0
100
AcDbLine
 10
-60.15271
 20
-12.91844
 30
0.0
 11
-60.00201
 21
-12.90205
 31
0.0
  0
LINE
  5
40A
330
17
100
AcDbEntity
  8
0
100
AcDbLine
 10
-60.00201
 20
-12.90205
 30
0.0
 11
-59.85042
 21
-12.90205
 31
0.0
  0
LINE
  5
40B
330
17
100
AcDbEntity
  8
0
100
AcDbLine
 10
-59.85042
 20
-12.90205
 30
0.0
 11
-59.69972
 21
-12.91844
 31
0.0
  0
LINE
  5
40C
330
17
100
AcDbEntity
  8
0
100
AcDbLine
 10
-59.69972
 20
-12.91844
 30
0.0
 11
-59.55167
 21
-12.951030000000001
 31
0.0
  0
LINE
  5
40D
330
17
100
AcDbEntity
  8
0
100
AcDbLine
 10
-59.55167
 20
-12.951030000000001
 30
0.0
 11
-59.40802
 21
-12.999429999999998
 31
0.0
  0
LINE
  5
40E
330
17
100
AcDbEntity
  8
0
100
AcDbLine
 10
-59.40802
 20
-12.999429999999998
 30
0.0
 11
-59.27044
 21
-13.06308
 31
0.0
  0
LINE
  5
40F
330
17
100
AcDbEntity
  8
0
100
AcDbLine
 10
-59.27044
 20
-13.06308
 30
0.0
 11
-59.14055
 21
-13.14123
 31
0.0
  0
LINE
  5
410
330
17
100
AcDbEntity
  8
0
100
AcDbLine
 10
-59.14055
 20
-13.14123
 30
0.0
 11
-59.019870000000004
 21
-13.23297
 31
0.0
  0
LINE
  5
411
330
17
100
AcDbEntity
  8
0
100
AcDbLine
 10
-59.019870000000004
 20
-13.23297
 30
0.0
 11
-58.90982
 21
-13.33722
 31
0.0
  0
LINE
  5
412
330
17
100
AcDbEntity
  8
0
100
AcDbLine
 10
-58.90982
 20
-13.33722
 30
0.0
 11
-58.811679999999996
 21
-13.45275
 31
0.0
  0
LINE
  5
413
330
17
100
AcDbEntity
  8
0
100
AcDbLine
 10
-58.811679999999996
 20
-13.45275
 30
0.0
 11
-58.72661
 21
-13.57822
 31
0.0
  0
LINE
  5
414
330
17
100
AcDbEntity
  8
0
100
AcDbLine
 10
-58.72661
 20
-13.57822
 30
0.0
 11
-58.655609999999996
 21
-13.71215
 31
0.0
  0
LINE
  5
415
330
17
100
AcDbEntity
  8
0
100
AcDbLine
 10
-58.655609999999996
 20
-13.71215
 30
0.0
 11
-58.5995
 21
-13.85297
 31
0.0
  0
LINE
  5
416
330
17
100
AcDbEntity
  8
0
100
AcDbLine
 10
-58.5995
 20
-13.85297
 30
0.0
 11
-58.558949999999996
 21
-13.99904
 31
0.0
  0
LINE
  5
417
330
17
100
AcDbEntity
  8
0
100
AcDbLine
 10
-58.558949999999996
 20
-13.99904
 30
0.0
 11
-58.53442
 21
-14.14863
 31
0.0
  0
LINE
  5
418
330
17
100
AcDbEntity
  8
0
100
AcDbLine
 10
-58.53442
 20
-14.14863
 30
0.0
 11
-58.52621
 21
-14.3
 31
0.0
  0
LINE
  5
419
330
17
100
AcDbEntity
  8
0
100
AcDbLine
 10
-58.52621
 20
-14.3
 30
0.0
 11
-58.53442
 21
-14.45136
 31
0.0
  0
LINE
  5
41A
330
17
100
AcDbEntity
  8
0
100
AcDbLine
 10
-58.53442
 20
-14.45136
 30
0.0
 11
-58.558949999999996
 21
-14.60095
 31
0.0
  0
LINE
  5
41B
330
17
100
AcDbEntity
  8
0
100
AcDbLine
 10
-58.558949999999996
 20
-14.60095
 30
0.0
 11
-58.5995
 21
-14.74702
 31
0.0
  0
LINE
  5
41C
330
17
100
AcDbEntity
  8
0
100
AcDbLine
 10
-58.5995
 20
-14.74702
 30
0.0
 11
-58.655609999999996
 21
-14.887839999999999
 31
0.0
  0
LINE
  5
41D
330
17
100
AcDbEntity
  8
0
100
AcDbLine
 10
-58.655609999999996
 20
-14.887839999999999
 30
0.0
 11
-58.72661
 21
-15.02177
 31
0.0
  0
LINE
  5
41E
330
17
100
AcDbEntity
  8
0
100
AcDbLine
 10
-58.72661
 20
-15.02177
 30
0.0
 11
-58.811679999999996
 21
-15.14724
 31
0.0
  0
LINE
  5
41F
330
17
100
AcDbEntity
  8
0
100
AcDbLine
 10
-58.811679999999996
 20
-15.14724
 30
0.0
 11
-58.90982
 21
-15.26277
 31
0.0
  0
LINE
  5
420
330
17
100
AcDbEntity
  8
0
100
AcDbLine
 10
-58.90982
 20
-15.26277
 30
0.0
 11
-59.019870000000004
 21
-15.36702
 31
0.0
  0
LINE
  5
421
330
17
100
AcDbEntity
  8
0
100
AcDbLine
 10
-59.019870000000004
 20
-15.36702
 30
0.0
 11
-59.14055
 21
-15.45876
 31
0.0
  0
LINE
  5
422
330
17
100
AcDbEntity
  8
0
100
AcDbLine
 10
-59.14055
 20
-15.45876
 30
0.0
 11
-59.27044
 21
-15.536909999999999
 31
0.0
  0
LINE
  5
423
330
17
100
AcDbEntity
  8
0
100
AcDbLine
 10
-59.27044
 20
-15.536909999999999
 30
0.0
 11
-59.40802
 21
-15.60056
 31
0.0
  0
LINE
  5
424
330
17
100
AcDbEntity
  8
0
100
AcDbLine
 10
-59.40802
 20
-15.60056
 30
0.0
 11
-59.55167
 21
-15.648970000000002
 31
0.0
  0
LINE
  5
425
330
17
100
AcDbEntity
  8
0
100
AcDbLine
 10
-59.55167
 20
-15.648970000000002
 30
0.0
 11
-59.69972
 21
-15.68155
 31
0.0
  0
LINE
  5
426
330
17
100
AcDbEntity
  8
0
100
AcDbLine
 10
-59.69972
 20
-15.68155
 30
0.0
 11
-59.85042
 21
-15.697940000000001
 31
0.0
  0
LINE
  5
427
330
17
100
AcDbEntity
  8
0
100
AcDbLine
 10
-59.85042
 20
-15.697940000000001
 30
0.0
 11
-60.00201
 21
-15.697940000000001
 31
0.0
  0
LINE
  5
428
330
17
100
AcDbEntity
  8
0
100
AcDbLine
 10
-60.00201
 20
-15.697940000000001
 30
0.0
 11
-60.15271
 21
-15.68155
 31
0.0
  0
LINE
  5
429
330
17
100
AcDbEntity
  8
0
100
AcDbLine
 10
-60.15271
 20
-15.68155
 30
0.0
 11
-60.30075
 21
-15.648970000000002
 31
0.0
  0
LINE
  5
42A
330
17
100
AcDbEntity
  8
0
100
AcDbLine
 10
-60.30075
 20
-15.648970000000002
 30
0.0
 11
-60.4444
 21
-15.60056
 31
0.0
  0
LINE
  5
42B
330
17
100
AcDbEntity
  8
0
100
AcDbLine
 10
-60.4444
 20
-15.60056
 30
0.0
 11
-60.58198
 21
-15.536909999999999
 31
0.0
  0
LINE
  5
42C
330
17
100
AcDbEntity
  8
0
100
AcDbLine
 10
-60.58198
 20
-15.536909999999999
 30
0.0
 11
-60.711870000000005
 21
-15.45876
 31
0.0
  0
LINE
  5
42D
330
17
100
AcDbEntity
  8
0
100
AcDbLine
 10
-60.711870000000005
 20
-15.45876
 30
0.0
 11
-60.83255
 21
-15.36702
 31
0.0
  0
LINE
  5
42E
330
17
100
AcDbEntity
  8
0
100
AcDbLine
 10
-60.83255
 20
-15.36702
 30
0.0
 11
-60.94261
 21
-15.26277
 31
0.0
  0
LINE
  5
42F
330
17
100
AcDbEntity
  8
0
100
AcDbLine
 10
-60.94261
 20
-15.26277
 30
0.0
 11
-61.04074
 21
-15.14724
 31
0.0
  0
LINE
  5
430
330
17
100
AcDbEntity
  8
0
100
AcDbLine
 10
-61.04074
 20
-15.14724
 30
0.0
 11
-61.12581
 21
-15.02177
 31
0.0
  0
LINE
  5
431
330
17
100
AcDbEntity
  8
0
100
AcDbLine
 10
-61.12581
 20
-15.02177
 30
0.0
 11
-61.19682
 21
-14.887839999999999
 31
0.0
  0
LINE
  5
432
330
17
100
AcDbEntity
  8
0
100
AcDbLine
 10
-61.19682
 20
-14.887839999999999
 30
0.0
 11
-61.25293
 21
-14.74702
 31
0.0
  0
LINE
  5
433
330
17
100
AcDbEntity
  8
0
100
AcDbLine
 10
-61.25293
 20
-14.74702
 30
0.0
 11
-61.293479999999995
 21
-14.60095
 31
0.0
  0
LINE
  5
434
330
17
100
AcDbEntity
  8
0
100
AcDbLine
 10
-61.293479999999995
 20
-14.60095
 30
0.0
 11
-61.31801
 21
-14.45136
 31
0.0
  0
LINE
  5
435
330
17
100
AcDbEntity
  8
0
100
AcDbLine
 10
-58.84058
 20
-12.620289999999999
 30
0.0
 11
-59.02404
 21
-12.515039999999999
 31
0.0
  0
LINE
  5
436
330
17
100
AcDbEntity
  8
0
100
AcDbLine
 10
-59.02404
 20
-12.515039999999999
 30
0.0
 11
-59.21759
 21
-12.42974
 31
0.0
  0
LINE
  5
437
330
17
100
AcDbEntity
  8
0
100
AcDbLine
 10
-59.21759
 20
-12.42974
 30
0.0
 11
-59.41906
 21
-12.36536
 31
0.0
  0
LINE
  5
438
330
17
100
AcDbEntity
  8
0
100
AcDbLine
 10
-59.41906
 20
-12.36536
 30
0.0
 11
-59.62621
 21
-12.322619999999999
 31
0.0
  0
LINE
  5
439
330
17
100
AcDbEntity
  8
0
100
AcDbLine
 10
-59.62621
 20
-12.322619999999999
 30
0.0
 11
-59.62621
 21
-8.0
 31
0.0
  0
LINE
  5
43A
330
17
100
AcDbEntity
  8
0
100
AcDbLine
 10
-59.62621
 20
-8.0
 30
0.0
 11
-60.22621
 21
-8.0
 31
0.0
  0
LINE
  5
43B
330
17
100
AcDbEntity
  8
0
100
AcDbLine
 10
-60.22621
 20
-8.0
 30
0.0
 11
-60.22621
 21
-12.322619999999999
 31
0.0
  0
LINE
  5
43C
330
17
100
AcDbEntity
  8
0
100
AcDbLine
 10
-60.22621
 20
-12.322619999999999
 30
0.0
 11
-60.43219
 21
-12.365060000000001
 31
0.0
  0
LINE
  5
43D
330
17
100
AcDbEntity
  8
0
100
AcDbLine
 10
-60.43219
 20
-12.365060000000001
 30
0.0
 11
-60.63258
 21
-12.428889999999999
 31
0.0
  0
LINE
  5
43E
330
17
100
AcDbEntity
  8
0
100
AcDbLine
 10
-60.63258
 20
-12.428889999999999
 30
0.0
 11
-60.825160000000004
 21
-12.51341
 31
0.0
  0
LINE
  5
43F
330
17
100
AcDbEntity
  8
0
100
AcDbLine
 10
-60.825160000000004
 20
-12.51341
 30
0.0
 11
-61.0078
 21
-12.61768
 31
0.0
  0
LINE
  5
440
330
17
100
AcDbEntity
  8
0
100
AcDbLine
 10
-61.0078
 20
-12.61768
 30
0.0
 11
-61.17847
 21
-12.74056
 31
0.0
  0
LINE
  5
441
330
17
100
AcDbEntity
  8
0
100
AcDbLine
 10
-61.17847
 20
-12.74056
 30
0.0
 11
-61.335300000000004
 21
-12.88068
 31
0.0
  0
LINE
  5
442
330
17
100
AcDbEntity
  8
0
100
AcDbLine
 10
-61.335300000000004
 20
-12.88068
 30
0.0
 11
-61.476549999999996
 21
-13.036489999999999
 31
0.0
  0
LINE
  5
443
330
17
100
AcDbEntity
  8
0
100
AcDbLine
 10
-61.476549999999996
 20
-13.036489999999999
 30
0.0
 11
-61.600660000000005
 21
-13.206270000000002
 31
0.0
  0
LINE
  5
444
330
17
100
AcDbEntity
  8
0
100
AcDbLine
 10
-61.600660000000005
 20
-13.206270000000002
 30
0.0
 11
-61.70625
 21
-13.38815
 31
0.0
  0
LINE
  5
445
330
17
100
AcDbEntity
  8
0
100
AcDbLine
 10
-61.70625
 20
-13.38815
 30
0.0
 11
-61.792159999999996
 21
-13.58011
 31
0.0
  0
LINE
  5
446
330
17
100
AcDbEntity
  8
0
100
AcDbLine
 10
-61.792159999999996
 20
-13.58011
 30
0.0
 11
-61.85744
 21
-13.78003
 31
0.0
  0
LINE
  5
447
330
17
100
AcDbEntity
  8
0
100
AcDbLine
 10
-61.85744
 20
-13.78003
 30
0.0
 11
-61.901360000000004
 21
-13.9857
 31
0.0
  0
LINE
  5
448
330
17
100
AcDbEntity
  8
0
100
AcDbLine
 10
-61.901360000000004
 20
-13.9857
 30
0.0
 11
-61.923449999999995
 21
-14.194840000000001
 31
0.0
  0
LINE
  5
449
330
17
100
AcDbEntity
  8
0
100
AcDbLine
 10
-61.923449999999995
 20
-14.194840000000001
 30
0.0
 11
-61.923449999999995
 21
-14.40515
 31
0.0
  0
LINE
  5
44A
330
17
100
AcDbEntity
  8
0
100
AcDbLine
 10
-61.923449999999995
 20
-14.40515
 30
0.0
 11
-61.901360000000004
 21
-14.61429
 31
0.0
  0
LINE
  5
44B
330
17
100
AcDbEntity
  8
0
100
AcDbLine
 10
-61.901360000000004
 20
-14.61429
 30
0.0
 11
-61.85744
 21
-14.81996
 31
0.0
  0
LINE
  5
44C
330
17
100
AcDbEntity
  8
0
100
AcDbLine
 10
-61.85744
 20
-14.81996
 30
0.0
 11
-61.792159999999996
 21
-15.019879999999999
 31
0.0
  0
LINE
  5
44D
330
17
100
AcDbEntity
  8
0
100
AcDbLine
 10
-61.792159999999996
 20
-15.019879999999999
 30
0.0
 11
-61.70625
 21
-15.21184
 31
0.0
  0
LINE
  5
44E
330
17
100
AcDbEntity
  8
0
100
AcDbLine
 10
-61.70625
 20
-15.21184
 30
0.0
 11
-61.600660000000005
 21
-15.39372
 31
0.0
  0
LINE
  5
44F
330
17
100
AcDbEntity
  8
0
100
AcDbLine
 10
-61.600660000000005
 20
-15.39372
 30
0.0
 11
-61.476549999999996
 21
-15.5635
 31
0.0
  0
LINE
  5
450
330
17
100
AcDbEntity
  8
0
100
AcDbLine
 10
-61.476549999999996
 20
-15.5635
 30
0.0
 11
-61.335300000000004
 21
-15.719319999999998
 31
0.0
  0
LINE
  5
451
330
17
100
AcDbEntity
  8
0
100
AcDbLine
 10
-61.335300000000004
 20
-15.719319999999998
 30
0.0
 11
-61.17847
 21
-15.859430000000001
 31
0.0
  0
LINE
  5
452
330
17
100
AcDbEntity
  8
0
100
AcDbLine
 10
-61.17847
 20
-15.859430000000001
 30
0.0
 11
-61.0078
 21
-15.98231
 31
0.0
  0
LINE
  5
453
330
17
100
AcDbEntity
  8
0
100
AcDbLine
 10
-61.0078
 20
-15.98231
 30
0.0
 11
-60.825160000000004
 21
-16.086579999999998
 31
0.0
  0
LINE
  5
454
330
17
100
AcDbEntity
  8
0
100
AcDbLine
 10
-60.825160000000004
 20
-16.086579999999998
 30
0.0
 11
-60.63258
 21
-16.1711
 31
0.0
  0
LINE
  5
455
330
17
100
AcDbEntity
  8
0
100
AcDbLine
 10
-60.63258
 20
-16.1711
 30
0.0
 11
-60.43219
 21
-16.234930000000002
 31
0.0
  0
LINE
  5
456
330
17
100
AcDbEntity
  8
0
100
AcDbLine
 10
-60.43219
 20
-16.234930000000002
 30
0.0
 11
-60.22621
 21
-16.277369999999998
 31
0.0
  0
LINE
  5
457
330
17
100
AcDbEntity
  8
0
100
AcDbLine
 10
-60.22621
 20
-16.277369999999998
 30
0.0
 11
-60.22621
 21
-16.299999999999997
 31
0.0
  0
LINE
  5
458
330
17
100
AcDbEntity
  8
0
100
AcDbLine
 10
-60.22621
 20
-16.299999999999997
 30
0.0
 11
-59.62621
 21
-16.299999999999997
 31
0.0
  0
LINE
  5
459
330
17
100
AcDbEntity
  8
0
100
AcDbLine
 10
-59.62621
 20
-16.299999999999997
 30
0.0
 11
-59.62621
 21
-16.277369999999998
 31
0.0
  0
LINE
  5
45A
330
17
100
AcDbEntity
  8
0
100
AcDbLine
 10
-59.62621
 20
-16.277369999999998
 30
0.0
 11
-59.41906
 21
-16.23463
 31
0.0
  0
LINE
  5
45B
330
17
100
AcDbEntity
  8
0
100
AcDbLine
 10
-59.41906
 20
-16.23463
 30
0.0
 11
-59.21759
 21
-16.17025
 31
0.0
  0
LINE
  5
45C
330
17
100
AcDbEntity
  8
0
100
AcDbLine
 10
-59.21759
 20
-16.17025
 30
0.0
 11
-59.02404
 21
-16.08496
 31
0.0
  0
LINE
  5
45D
330
17
100
AcDbEntity
  8
0
100
AcDbLine
 10
-59.02404
 20
-16.08496
 30
0.0
 11
-58.84058
 21
-15.9797
 31
0.0
  0
LINE
  5
45E
330
17
100
AcDbEntity
  8
0
100
AcDbLine
 10
-58.84058
 20
-15.9797
 30
0.0
 11
-58.66926
 21
-15.855649999999999
 31
0.0
  0
LINE
  5
45F
330
17
100
AcDbEntity
  8
0
100
AcDbLine
 10
-58.66926
 20
-15.855649999999999
 30
0.0
 11
-58.512
 21
-15.71421
 31
0.0
  0
LINE
  5
460
330
17
100
AcDbEntity
  8
0
100
AcDbLine
 10
-58.512
 20
-15.71421
 30
0.0
 11
-58.37055
 21
-15.55695
 31
0.0
  0
LINE
  5
461
330
17
100
AcDbEntity
  8
0
100
AcDbLine
 10
-58.37055
 20
-15.55695
 30
0.0
 11
-58.24651
 21
-15.38563
 31
0.0
  0
LINE
  5
462
330
17
100
AcDbEntity
  8
0
100
AcDbLine
 10
-58.24651
 20
-15.38563
 30
0.0
 11
-58.14125
 21
-15.202169999999999
 31
0.0
  0
LINE
  5
463
330
17
100
AcDbEntity
  8
0
100
AcDbLine
 10
-58.14125
 20
-15.202169999999999
 30
0.0
 11
-58.05596
 21
-15.00862
 31
0.0
  0
LINE
  5
464
330
17
100
AcDbEntity
  8
0
100
AcDbLine
 10
-58.05596
 20
-15.00862
 30
0.0
 11
-57.99158
 21
-14.80714
 31
0.0
  0
LINE
  5
465
330
17
100
AcDbEntity
  8
0
100
AcDbLine
 10
-57.99158
 20
-14.80714
 30
0.0
 11
-57.948840000000004
 21
-14.6
 31
0.0
  0
LINE
  5
466
330
17
100
AcDbEntity
  8
0
100
AcDbLine
 10
-57.948840000000004
 20
-14.6
 30
0.0
 11
-45.926210000000005
 21
-14.6
 31
0.0
  0
LINE
  5
467
330
17
100
AcDbEntity
  8
0
100
AcDbLine
 10
-45.926210000000005
 20
-14.6
 30
0.0
 11
-45.926210000000005
 21
-14.0
 31
0.0
  0
LINE
  5
468
330
17
100
AcDbEntity
  8
0
100
AcDbLine
 10
-45.926210000000005
 20
-14.0
 30
0.0
 11
-57.948840000000004
 21
-14.0
 31
0.0
  0
LINE
  5
469
330
17
100
AcDbEntity
  8
0
100
AcDbLine
 10
-57.948840000000004
 20
-14.0
 30
0.0
 11
-57.99158
 21
-13.792850000000001
 31
0.0
  0
LINE
  5
46A
330
17
100
AcDbEntity
  8
0
100
AcDbLine
 10
-57.99158
 20
-13.792850000000001
 30
0.0
 11
-58.05596
 21
-13.59137
 31
0.0
  0
LINE
  5
46B
330
17
100
AcDbEntity
  8
0
100
AcDbLine
 10
-58.05596
 20
-13.59137
 30
0.0
 11
-58.14125
 21
-13.39782
 31
0.0
  0
LINE
  5
46C
330
17
100
AcDbEntity
  8
0
100
AcDbLine
 10
-58.14125
 20
-13.39782
 30
0.0
 11
-58.24651
 21
-13.21436
 31
0.0
  0
LINE
  5
46D
330
17
100
AcDbEntity
  8
0
100
AcDbLine
 10
-58.24651
 20
-13.21436
 30
0.0
 11
-58.37055
 21
-13.043040000000001
 31
0.0
  0
LINE
  5
46E
330
17
100
AcDbEntity
  8
0
100
AcDbLine
 10
-58.37055
 20
-13.043040000000001
 30
0.0
 11
-58.512
 21
-12.885779999999999
 31
0.0
  0
LINE
  5
46F
330
17
100
AcDbEntity
  8
0
100
AcDbLine
 10
-58.512
 20
-12.885779999999999
 30
0.0
 11
-58.66926
 21
-12.74434
 31
0.0
  0
LINE
  5
470
330
17
100
AcDbEntity
  8
0
100
AcDbLine
 10
-58.66926
 20
-12.74434
 30
0.0
 11
-58.84058
 21
-12.620289999999999
 31
0.0
  0
LINE
  5
471
330
17
100
AcDbEntity
  8
0
100
AcDbLine
 10
-39.33641
 20
20.68474
 30
0.0
 11
-39.30403
 21
20.95003
 31
0.0
  0
LINE
  5
472
330
17
100
AcDbEntity
  8
0
100
AcDbLine
 10
-39.30403
 20
20.95003
 30
0.0
 11
-39.29166
 21
21.27604
 31
0.0
  0
LINE
  5
473
330
17
100
AcDbEntity
  8
0
100
AcDbLine
 10
-39.29166
 20
21.27604
 30
0.0
 11
-39.30129
 21
21.566200000000002
 31
0.0
  0
LINE
  5
474
330
17
100
AcDbEntity
  8
0
100
AcDbLine
 10
-39.30129
 20
21.566200000000002
 30
0.0
 11
-37.407830000000004
 21
22.39517
 31
0.0
  0
LINE
  5
475
330
17
100
AcDbEntity
  8
0
100
AcDbLine
 10
-37.407830000000004
 20
22.39517
 30
0.0
 11
-37.64847
 21
22.9448
 31
0.0
  0
LINE
  5
476
330
17
100
AcDbEntity
  8
0
100
AcDbLine
 10
-37.64847
 20
22.9448
 30
0.0
 11
-39.41084
 21
22.17322
 31
0.0
  0
LINE
  5
477
330
17
100
AcDbEntity
  8
0
100
AcDbLine
 10
-39.41084
 20
22.17322
 30
0.0
 11
-39.4375
 21
22.25
 31
0.0
  0
LINE
  5
478
330
17
100
AcDbEntity
  8
0
100
AcDbLine
 10
-39.4375
 20
22.25
 30
0.0
 11
-39.51496
 21
22.43087
 31
0.0
  0
LINE
  5
479
330
17
100
AcDbEntity
  8
0
100
AcDbLine
 10
-39.51496
 20
22.43087
 30
0.0
 11
-39.5974
 21
22.58093
 31
0.0
  0
LINE
  5
47A
330
17
100
AcDbEntity
  8
0
100
AcDbLine
 10
-39.5974
 20
22.58093
 30
0.0
 11
-39.684400000000004
 21
22.70804
 31
0.0
  0
LINE
  5
47B
330
17
100
AcDbEntity
  8
0
100
AcDbLine
 10
-39.684400000000004
 20
22.70804
 30
0.0
 11
-39.776289999999996
 21
22.81749
 31
0.0
  0
LINE
  5
47C
330
17
100
AcDbEntity
  8
0
100
AcDbLine
 10
-39.776289999999996
 20
22.81749
 30
0.0
 11
-39.84375
 21
22.885409999999997
 31
0.0
  0
LINE
  5
47D
330
17
100
AcDbEntity
  8
0
100
AcDbLine
 10
-39.84375
 20
22.885409999999997
 30
0.0
 11
-39.93336
 21
22.96353
 31
0.0
  0
LINE
  5
47E
330
17
100
AcDbEntity
  8
0
100
AcDbLine
 10
-39.93336
 20
22.96353
 30
0.0
 11
-40.05813
 21
23.05349
 31
0.0
  0
LINE
  5
47F
330
17
100
AcDbEntity
  8
0
100
AcDbLine
 10
-40.05813
 20
23.05349
 30
0.0
 11
-40.19167
 21
23.12982
 31
0.0
  0
LINE
  5
480
330
17
100
AcDbEntity
  8
0
100
AcDbLine
 10
-40.19167
 20
23.12982
 30
0.0
 11
-40.3325
 21
23.191679999999998
 31
0.0
  0
LINE
  5
481
330
17
100
AcDbEntity
  8
0
100
AcDbLine
 10
-40.3325
 20
23.191679999999998
 30
0.0
 11
-40.445229999999995
 21
23.229429999999997
 31
0.0
  0
LINE
  5
482
330
17
100
AcDbEntity
  8
0
100
AcDbLine
 10
-40.445229999999995
 20
23.229429999999997
 30
0.0
 11
-40.65733
 21
23.27954
 31
0.0
  0
LINE
  5
483
330
17
100
AcDbEntity
  8
0
100
AcDbLine
 10
-40.65733
 20
23.27954
 30
0.0
 11
-40.87285
 21
23.31192
 31
0.0
  0
LINE
  5
484
330
17
100
AcDbEntity
  8
0
100
AcDbLine
 10
-40.87285
 20
23.31192
 30
0.0
 11
-40.909929999999996
 21
25.16846
 31
0.0
  0
LINE
  5
485
330
17
100
AcDbEntity
  8
0
100
AcDbLine
 10
-40.909929999999996
 20
25.16846
 30
0.0
 11
-41.50981
 21
25.15648
 31
0.0
  0
LINE
  5
486
330
17
100
AcDbEntity
  8
0
100
AcDbLine
 10
-41.50981
 20
25.15648
 30
0.0
 11
-41.47303
 21
23.314970000000002
 31
0.0
  0
LINE
  5
487
330
17
100
AcDbEntity
  8
0
100
AcDbLine
 10
-41.47303
 20
23.314970000000002
 30
0.0
 11
-41.70198
 21
23.28219
 31
0.0
  0
LINE
  5
488
330
17
100
AcDbEntity
  8
0
100
AcDbLine
 10
-41.70198
 20
23.28219
 30
0.0
 11
-41.92709
 21
23.229210000000002
 31
0.0
  0
LINE
  5
489
330
17
100
AcDbEntity
  8
0
100
AcDbLine
 10
-41.92709
 20
23.229210000000002
 30
0.0
 11
-42.01512
 21
23.20101
 31
0.0
  0
LINE
  5
48A
330
17
100
AcDbEntity
  8
0
100
AcDbLine
 10
-42.01512
 20
23.20101
 30
0.0
 11
-42.132830000000006
 21
23.15316
 31
0.0
  0
LINE
  5
48B
330
17
100
AcDbEntity
  8
0
100
AcDbLine
 10
-42.132830000000006
 20
23.15316
 30
0.0
 11
-42.24563
 21
23.09469
 31
0.0
  0
LINE
  5
48C
330
17
100
AcDbEntity
  8
0
100
AcDbLine
 10
-42.24563
 20
23.09469
 30
0.0
 11
-42.35258
 21
23.02608
 31
0.0
  0
LINE
  5
48D
330
17
100
AcDbEntity
  8
0
100
AcDbLine
 10
-42.35258
 20
23.02608
 30
0.0
 11
-42.452749999999995
 21
22.94792
 31
0.0
  0
LINE
  5
48E
330
17
100
AcDbEntity
  8
0
100
AcDbLine
 10
-42.452749999999995
 20
22.94792
 30
0.0
 11
-42.520830000000004
 21
22.885409999999997
 31
0.0
  0
LINE
  5
48F
330
17
100
AcDbEntity
  8
0
100
AcDbLine
 10
-42.520830000000004
 20
22.885409999999997
 30
0.0
 11
-42.62829
 21
22.76824
 31
0.0
  0
LINE
  5
490
330
17
100
AcDbEntity
  8
0
100
AcDbLine
 10
-42.62829
 20
22.76824
 30
0.0
 11
-42.72414
 21
22.639599999999998
 31
0.0
  0
LINE
  5
491
330
17
100
AcDbEntity
  8
0
100
AcDbLine
 10
-42.72414
 20
22.639599999999998
 30
0.0
 11
-42.816430000000004
 21
22.487
 31
0.0
  0
LINE
  5
492
330
17
100
AcDbEntity
  8
0
100
AcDbLine
 10
-42.816430000000004
 20
22.487
 30
0.0
 11
-42.91055
 21
22.290290000000002
 31
0.0
  0
LINE
  5
493
330
17
100
AcDbEntity
  8
0
100
AcDbLine
 10
-42.91055
 20
22.290290000000002
 30
0.0
 11
-42.92462
 21
22.25613
 31
0.0
  0
LINE
  5
494
330
17
100
AcDbEntity
  8
0
100
AcDbLine
 10
-42.92462
 20
22.25613
 30
0.0
 11
-44.812310000000004
 21
22.99423
 31
0.0
  0
LINE
  5
495
330
17
100
AcDbEntity
  8
0
100
AcDbLine
 10
-44.812310000000004
 20
22.99423
 30
0.0
 11
-45.0308
 21
22.43543
 31
0.0
  0
LINE
  5
496
330
17
100
AcDbEntity
  8
0
100
AcDbLine
 10
-45.0308
 20
22.43543
 30
0.0
 11
-43.06366
 21
21.66626
 31
0.0
  0
LINE
  5
497
330
17
100
AcDbEntity
  8
0
100
AcDbLine
 10
-43.06366
 20
21.66626
 30
0.0
 11
-43.07871
 21
21.471420000000002
 31
0.0
  0
LINE
  5
498
330
17
100
AcDbEntity
  8
0
100
AcDbLine
 10
-43.07871
 20
21.471420000000002
 30
0.0
 11
-43.083330000000004
 21
21.27604
 31
0.0
  0
LINE
  5
499
330
17
100
AcDbEntity
  8
0
100
AcDbLine
 10
-43.083330000000004
 20
21.27604
 30
0.0
 11
-43.067260000000005
 21
20.91891
 31
0.0
  0
LINE
  5
49A
330
17
100
AcDbEntity
  8
0
100
AcDbLine
 10
-43.067260000000005
 20
20.91891
 30
0.0
 11
-43.03011
 21
20.656489999999998
 31
0.0
  0
LINE
  5
49B
330
17
100
AcDbEntity
  8
0
100
AcDbLine
 10
-43.03011
 20
20.656489999999998
 30
0.0
 11
-42.981199999999994
 21
20.45377
 31
0.0
  0
LINE
  5
49C
330
17
100
AcDbEntity
  8
0
100
AcDbLine
 10
-42.981199999999994
 20
20.45377
 30
0.0
 11
-42.92708
 21
20.296870000000002
 31
0.0
  0
LINE
  5
49D
330
17
100
AcDbEntity
  8
0
100
AcDbLine
 10
-42.92708
 20
20.296870000000002
 30
0.0
 11
-42.88097
 21
20.18927
 31
0.0
  0
LINE
  5
49E
330
17
100
AcDbEntity
  8
0
100
AcDbLine
 10
-42.88097
 20
20.18927
 30
0.0
 11
-42.82951
 21
20.08413
 31
0.0
  0
LINE
  5
49F
330
17
100
AcDbEntity
  8
0
100
AcDbLine
 10
-42.82951
 20
20.08413
 30
0.0
 11
-44.296960000000006
 21
18.55686
 31
0.0
  0
LINE
  5
4A0
330
17
100
AcDbEntity
  8
0
100
AcDbLine
 10
-44.296960000000006
 20
18.55686
 30
0.0
 11
-43.864309999999996
 21
18.14116
 31
0.0
  0
LINE
  5
4A1
330
17
100
AcDbEntity
  8
0
100
AcDbLine
 10
-43.864309999999996
 20
18.14116
 30
0.0
 11
-42.45705
 21
19.605770000000003
 31
0.0
  0
LINE
  5
4A2
330
17
100
AcDbEntity
  8
0
100
AcDbLine
 10
-42.45705
 20
19.605770000000003
 30
0.0
 11
-42.376200000000004
 21
19.54121
 31
0.0
  0
LINE
  5
4A3
330
17
100
AcDbEntity
  8
0
100
AcDbLine
 10
-42.376200000000004
 20
19.54121
 30
0.0
 11
-42.26515
 21
19.46643
 31
0.0
  0
LINE
  5
4A4
330
17
100
AcDbEntity
  8
0
100
AcDbLine
 10
-42.26515
 20
19.46643
 30
0.0
 11
-42.14773
 21
19.40212
 31
0.0
  0
LINE
  5
4A5
330
17
100
AcDbEntity
  8
0
100
AcDbLine
 10
-42.14773
 20
19.40212
 30
0.0
 11
-42.02492
 21
19.3488
 31
0.0
  0
LINE
  5
4A6
330
17
100
AcDbEntity
  8
0
100
AcDbLine
 10
-42.02492
 20
19.3488
 30
0.0
 11
-41.92708
 21
19.31508
 31
0.0
  0
LINE
  5
4A7
330
17
100
AcDbEntity
  8
0
100
AcDbLine
 10
-41.92708
 20
19.31508
 30
0.0
 11
-41.76527
 21
19.27158
 31
0.0
  0
LINE
  5
4A8
330
17
100
AcDbEntity
  8
0
100
AcDbLine
 10
-41.76527
 20
19.27158
 30
0.0
 11
-41.563959999999994
 21
19.23393
 31
0.0
  0
LINE
  5
4A9
330
17
100
AcDbEntity
  8
0
100
AcDbLine
 10
-41.563959999999994
 20
19.23393
 30
0.0
 11
-41.360220000000005
 21
19.21313
 31
0.0
  0
LINE
  5
4AA
330
17
100
AcDbEntity
  8
0
100
AcDbLine
 10
-41.360220000000005
 20
19.21313
 30
0.0
 11
-41.1927
 21
19.208650000000002
 31
0.0
  0
LINE
  5
4AB
330
17
100
AcDbEntity
  8
0
100
AcDbLine
 10
-41.1927
 20
19.208650000000002
 30
0.0
 11
-41.02225
 21
19.212819999999997
 31
0.0
  0
LINE
  5
4AC
330
17
100
AcDbEntity
  8
0
100
AcDbLine
 10
-41.02225
 20
19.212819999999997
 30
0.0
 11
-40.8149
 21
19.23331
 31
0.0
  0
LINE
  5
4AD
330
17
100
AcDbEntity
  8
0
100
AcDbLine
 10
-40.8149
 20
19.23331
 30
0.0
 11
-40.60998
 21
19.27102
 31
0.0
  0
LINE
  5
4AE
330
17
100
AcDbEntity
  8
0
100
AcDbLine
 10
-40.60998
 20
19.27102
 30
0.0
 11
-40.44524
 21
19.31486
 31
0.0
  0
LINE
  5
4AF
330
17
100
AcDbEntity
  8
0
100
AcDbLine
 10
-40.44524
 20
19.31486
 30
0.0
 11
-40.323100000000004
 21
19.35866
 31
0.0
  0
LINE
  5
4B0
330
17
100
AcDbEntity
  8
0
100
AcDbLine
 10
-40.323100000000004
 20
19.35866
 30
0.0
 11
-40.18667
 21
19.4215
 31
0.0
  0
LINE
  5
4B1
330
17
100
AcDbEntity
  8
0
100
AcDbLine
 10
-40.18667
 20
19.4215
 30
0.0
 11
-40.0742
 21
19.48617
 31
0.0
  0
LINE
  5
4B2
330
17
100
AcDbEntity
  8
0
100
AcDbLine
 10
-40.0742
 20
19.48617
 30
0.0
 11
-38.62982
 21
18.09836
 31
0.0
  0
LINE
  5
4B3
330
17
100
AcDbEntity
  8
0
100
AcDbLine
 10
-38.62982
 20
18.09836
 30
0.0
 11
-38.214110000000005
 21
18.531010000000002
 31
0.0
  0
LINE
  5
4B4
330
17
100
AcDbEntity
  8
0
100
AcDbLine
 10
-38.214110000000005
 20
18.531010000000002
 30
0.0
 11
-39.64006
 21
19.90111
 31
0.0
  0
LINE
  5
4B5
330
17
100
AcDbEntity
  8
0
100
AcDbLine
 10
-39.64006
 20
19.90111
 30
0.0
 11
-39.5503
 21
20.04768
 31
0.0
  0
LINE
  5
4B6
330
17
100
AcDbEntity
  8
0
100
AcDbLine
 10
-39.5503
 20
20.04768
 30
0.0
 11
-39.47315
 21
20.20758
 31
0.0
  0
LINE
  5
4B7
330
17
100
AcDbEntity
  8
0
100
AcDbLine
 10
-39.47315
 20
20.20758
 30
0.0
 11
-39.4375
 21
20.296870000000002
 31
0.0
  0
LINE
  5
4B8
330
17
100
AcDbEntity
  8
0
100
AcDbLine
 10
-39.4375
 20
20.296870000000002
 30
0.0
 11
-39.38027
 21
20.478779999999997
 31
0.0
  0
LINE
  5
4B9
330
17
100
AcDbEntity
  8
0
100
AcDbLine
 10
-39.38027
 20
20.478779999999997
 30
0.0
 11
-39.33641
 21
20.68474
 31
0.0
  0
LINE
  5
4BA
330
17
100
AcDbEntity
  8
0
100
AcDbLine
 10
58.80278
 20
12.93722
 30
0.0
 11
58.69531
 21
12.617180000000001
 31
0.0
  0
LINE
  5
4BB
330
17
100
AcDbEntity
  8
0
100
AcDbLine
 10
58.69531
 20
12.617180000000001
 30
0.0
 11
58.532090000000004
 21
11.98921
 31
0.0
  0
LINE
  5
4BC
330
17
100
AcDbEntity
  8
0
100
AcDbLine
 10
58.532090000000004
 20
11.98921
 30
0.0
 11
58.39864
 21
11.18654
 31
0.0
  0
LINE
  5
4BD
330
17
100
AcDbEntity
  8
0
100
AcDbLine
 10
58.39864
 20
11.18654
 30
0.0
 11
58.320820000000005
 21
10.1653
 31
0.0
  0
LINE
  5
4BE
330
17
100
AcDbEntity
  8
0
100
AcDbLine
 10
58.320820000000005
 20
10.1653
 30
0.0
 11
58.3125
 21
9.67187
 31
0.0
  0
LINE
  5
4BF
330
17
100
AcDbEntity
  8
0
100
AcDbLine
 10
58.3125
 20
9.67187
 30
0.0
 11
58.3125
 21
1.7916600000000003
 31
0.0
  0
LINE
  5
4C0
330
17
100
AcDbEntity
  8
0
100
AcDbLine
 10
58.3125
 20
1.79166
 30
0.0
 11
58.2898
 21
1.28226
 31
0.0
  0
LINE
  5
4C1
330
17
100
AcDbEntity
  8
0
100
AcDbLine
 10
58.2898
 20
1.28226
 30
0.0
 11
58.24316
 21
0.9510299999999999
 31
0.0
  0
LINE
  5
4C2
330
17
100
AcDbEntity
  8
0
100
AcDbLine
 10
58.24316
 20
0.9510299999999999
 30
0.0
 11
58.18568
 21
0.71018
 31
0.0
  0
LINE
  5
4C3
330
17
100
AcDbEntity
  8
0
100
AcDbLine
 10
58.18568
 20
0.71018
 30
0.0
 11
58.1276
 21
0.53906
 31
0.0
  0
LINE
  5
4C4
330
17
100
AcDbEntity
  8
0
100
AcDbLine
 10
58.1276
 20
0.53906
 30
0.0
 11
58.04554
 21
0.35582
 31
0.0
  0
LINE
  5
4C5
330
17
100
AcDbEntity
  8
0
100
AcDbLine
 10
58.04554
 20
0.35582
 30
0.0
 11
57.959610000000005
 21
0.20526999999999998
 31
0.0
  0
LINE
  5
4C6
330
17
100
AcDbEntity
  8
0
100
AcDbLine
 10
57.959610000000005
 20
0.20526999999999998
 30
0.0
 11
57.87005
 21
0.07891999999999999
 31
0.0
  0
LINE
  5
4C7
330
17
100
AcDbEntity
  8
0
100
AcDbLine
 10
57.87005
 20
0.07891999999999999
 30
0.0
 11
57.77652
 21
-0.028880000000000003
 31
0.0
  0
LINE
  5
4C8
330
17
100
AcDbEntity
  8
0
100
AcDbLine
 10
57.77652
 20
-0.028880000000000003
 30
0.0
 11
57.6684
 21
-0.13027
 31
0.0
  0
LINE
  5
4C9
330
17
100
AcDbEntity
  8
0
100
AcDbLine
 10
57.6684
 20
-0.13027000000000002
 30
0.0
 11
57.59896
 21
-0.18489
 31
0.0
  0
LINE
  5
4CA
330
17
100
AcDbEntity
  8
0
100
AcDbLine
 10
57.59896
 20
-0.18489
 30
0.0
 11
57.4438
 21
-0.28641
 31
0.0
  0
LINE
  5
4CB
330
17
100
AcDbEntity
  8
0
100
AcDbLine
 10
57.4438
 20
-0.28641
 30
0.0
 11
57.28421
 21
-0.36834
 31
0.0
  0
LINE
  5
4CC
330
17
100
AcDbEntity
  8
0
100
AcDbLine
 10
57.28421
 20
-0.36834
 30
0.0
 11
57.109519999999996
 21
-0.43687000000000004
 31
0.0
  0
LINE
  5
4CD
330
17
100
AcDbEntity
  8
0
100
AcDbLine
 10
57.109519999999996
 20
-0.43687000000000004
 30
0.0
 11
56.91476
 21
-0.49191999999999997
 31
0.0
  0
LINE
  5
4CE
330
17
100
AcDbEntity
  8
0
100
AcDbLine
 10
56.91476
 20
-0.49191999999999997
 30
0.0
 11
56.783849999999994
 21
-0.51822
 31
0.0
  0
LINE
  5
4CF
330
17
100
AcDbEntity
  8
0
100
AcDbLine
 10
56.783849999999994
 20
-0.51822
 30
0.0
 11
56.27386
 21
-0.58022
 31
0.0
  0
LINE
  5
4D0
330
17
100
AcDbEntity
  8
0
100
AcDbLine
 10
56.27386
 20
-0.58022
 30
0.0
 11
55.76041
 21
-0.59869
 31
0.0
  0
LINE
  5
4D1
330
17
100
AcDbEntity
  8
0
100
AcDbLine
 10
55.76041
 20
-0.59869
 30
0.0
 11
55.645830000000004
 21
-0.59895
 31
0.0
  0
LINE
  5
4D2
330
17
100
AcDbEntity
  8
0
100
AcDbLine
 10
55.645830000000004
 20
-0.59895
 30
0.0
 11
55.645830000000004
 21
-2.0
 31
0.0
  0
LINE
  5
4D3
330
17
100
AcDbEntity
  8
0
100
AcDbLine
 10
55.645830000000004
 20
-2.0
 30
0.0
 11
61.45833
 21
-2.0
 31
0.0
  0
LINE
  5
4D4
330
17
100
AcDbEntity
  8
0
100
AcDbLine
 10
61.45833
 20
-2.0
 30
0.0
 11
61.45833
 21
9.5052
 31
0.0
  0
LINE
  5
4D5
330
17
100
AcDbEntity
  8
0
100
AcDbLine
 10
61.45833
 20
9.5052
 30
0.0
 11
61.50716
 21
10.5371
 31
0.0
  0
LINE
  5
4D6
330
17
100
AcDbEntity
  8
0
100
AcDbLine
 10
61.50716
 20
10.5371
 30
0.0
 11
61.61249
 21
11.253340000000001
 31
0.0
  0
LINE
  5
4D7
330
17
100
AcDbEntity
  8
0
100
AcDbLine
 10
61.61249
 20
11.253340000000001
 30
0.0
 11
61.65365
 21
11.445310000000001
 31
0.0
  0
LINE
  5
4D8
330
17
100
AcDbEntity
  8
0
100
AcDbLine
 10
61.65365
 20
11.445310000000001
 30
0.0
 11
61.77949
 21
11.89318
 31
0.0
  0
LINE
  5
4D9
330
17
100
AcDbEntity
  8
0
100
AcDbLine
 10
61.77949
 20
11.89318
 30
0.0
 11
61.92274
 21
12.2609
 31
0.0
  0
LINE
  5
4DA
330
17
100
AcDbEntity
  8
0
100
AcDbLine
 10
61.92274
 20
12.2609
 30
0.0
 11
62.079950000000004
 21
12.57098
 31
0.0
  0
LINE
  5
4DB
330
17
100
AcDbEntity
  8
0
100
AcDbLine
 10
62.079950000000004
 20
12.57098
 30
0.0
 11
62.24971
 21
12.83748
 31
0.0
  0
LINE
  5
4DC
330
17
100
AcDbEntity
  8
0
100
AcDbLine
 10
62.24971
 20
12.83748
 30
0.0
 11
62.27864
 21
12.8776
 31
0.0
  0
LINE
  5
4DD
330
17
100
AcDbEntity
  8
0
100
AcDbLine
 10
62.27864
 20
12.8776
 30
0.0
 11
62.4431
 21
13.080359999999999
 31
0.0
  0
LINE
  5
4DE
330
17
100
AcDbEntity
  8
0
100
AcDbLine
 10
62.4431
 20
13.080359999999999
 30
0.0
 11
62.636140000000005
 21
13.2742
 31
0.0
  0
LINE
  5
4DF
330
17
100
AcDbEntity
  8
0
100
AcDbLine
 10
62.636140000000005
 20
13.2742
 30
0.0
 11
62.84544
 21
13.44446
 31
0.0
  0
LINE
  5
4E0
330
17
100
AcDbEntity
  8
0
100
AcDbLine
 10
62.84544
 20
13.44446
 30
0.0
 11
63.075
 21
13.595070000000002
 31
0.0
  0
LINE
  5
4E1
330
17
100
AcDbEntity
  8
0
100
AcDbLine
 10
63.075
 20
13.595070000000002
 30
0.0
 11
63.330659999999995
 21
13.72831
 31
0.0
  0
LINE
  5
4E2
330
17
100
AcDbEntity
  8
0
100
AcDbLine
 10
63.330659999999995
 20
13.72831
 30
0.0
 11
63.40885
 21
13.763020000000001
 31
0.0
  0
LINE
  5
4E3
330
17
100
AcDbEntity
  8
0
100
AcDbLine
 10
63.40885
 20
13.763020000000001
 30
0.0
 11
63.71493
 21
13.87503
 31
0.0
  0
LINE
  5
4E4
330
17
100
AcDbEntity
  8
0
100
AcDbLine
 10
63.71493
 20
13.87503
 30
0.0
 11
64.04765
 21
13.96085
 31
0.0
  0
LINE
  5
4E5
330
17
100
AcDbEntity
  8
0
100
AcDbLine
 10
64.04765
 20
13.96085
 30
0.0
 11
64.44973
 21
14.02572
 31
0.0
  0
LINE
  5
4E6
330
17
100
AcDbEntity
  8
0
100
AcDbLine
 10
64.44973
 20
14.02572
 30
0.0
 11
64.94581000000001
 21
14.06022
 31
0.0
  0
LINE
  5
4E7
330
17
100
AcDbEntity
  8
0
100
AcDbLine
 10
64.94581000000001
 20
14.06022
 30
0.0
 11
65.11979
 21
14.0625
 31
0.0
  0
LINE
  5
4E8
330
17
100
AcDbEntity
  8
0
100
AcDbLine
 10
65.11979
 20
14.0625
 30
0.0
 11
65.68683
 21
14.0328
 31
0.0
  0
LINE
  5
4E9
330
17
100
AcDbEntity
  8
0
100
AcDbLine
 10
65.68683
 20
14.0328
 30
0.0
 11
66.09238
 21
13.968960000000001
 31
0.0
  0
LINE
  5
4EA
330
17
100
AcDbEntity
  8
0
100
AcDbLine
 10
66.09238
 20
13.968960000000001
 30
0.0
 11
66.43456
 21
13.88027
 31
0.0
  0
LINE
  5
4EB
330
17
100
AcDbEntity
  8
0
100
AcDbLine
 10
66.43456
 20
13.88027
 30
0.0
 11
66.72973999999999
 21
13.772039999999999
 31
0.0
  0
LINE
  5
4EC
330
17
100
AcDbEntity
  8
0
100
AcDbLine
 10
66.72973999999999
 20
13.772039999999999
 30
0.0
 11
66.98945
 21
13.64676
 31
0.0
  0
LINE
  5
4ED
330
17
100
AcDbEntity
  8
0
100
AcDbLine
 10
66.98945
 20
13.64676
 30
0.0
 11
67.02865
 21
13.625
 31
0.0
  0
LINE
  5
4EE
330
17
100
AcDbEntity
  8
0
100
AcDbLine
 10
67.02865
 20
13.625
 30
0.0
 11
67.22699999999999
 21
13.50468
 31
0.0
  0
LINE
  5
4EF
330
17
100
AcDbEntity
  8
0
100
AcDbLine
 10
67.22699999999999
 20
13.50468
 30
0.0
 11
67.48599
 21
13.31856
 31
0.0
  0
LINE
  5
4F0
330
17
100
AcDbEntity
  8
0
100
AcDbLine
 10
67.48599
 20
13.31856
 30
0.0
 11
67.72683
 21
13.10949
 31
0.0
  0
LINE
  5
4F1
330
17
100
AcDbEntity
  8
0
100
AcDbLine
 10
67.72683
 20
13.10949
 30
0.0
 11
67.94751000000001
 21
12.87923
 31
0.0
  0
LINE
  5
4F2
330
17
100
AcDbEntity
  8
0
100
AcDbLine
 10
67.94751000000001
 20
12.87923
 30
0.0
 11
68.14616
 21
12.62973
 31
0.0
  0
LINE
  5
4F3
330
17
100
AcDbEntity
  8
0
100
AcDbLine
 10
68.14616
 20
12.62973
 30
0.0
 11
68.27604
 21
12.4375
 31
0.0
  0
LINE
  5
4F4
330
17
100
AcDbEntity
  8
0
100
AcDbLine
 10
68.27604
 20
12.4375
 30
0.0
 11
68.51702
 21
12.006269999999999
 31
0.0
  0
LINE
  5
4F5
330
17
100
AcDbEntity
  8
0
100
AcDbLine
 10
68.51702
 20
12.006269999999999
 30
0.0
 11
68.71123
 21
11.555309999999999
 31
0.0
  0
LINE
  5
4F6
330
17
100
AcDbEntity
  8
0
100
AcDbLine
 10
68.71123
 20
11.555309999999999
 30
0.0
 11
68.87353999999999
 21
11.0465
 31
0.0
  0
LINE
  5
4F7
330
17
100
AcDbEntity
  8
0
100
AcDbLine
 10
68.87353999999999
 20
11.0465
 30
0.0
 11
68.95312000000001
 21
10.710930000000001
 31
0.0
  0
LINE
  5
4F8
330
17
100
AcDbEntity
  8
0
100
AcDbLine
 10
68.95312000000001
 20
10.710930000000001
 30
0.0
 11
69.06318
 21
10.06708
 31
0.0
  0
LINE
  5
4F9
330
17
100
AcDbEntity
  8
0
100
AcDbLine
 10
69.06318
 20
10.06708
 30
0.0
 11
69.13729000000001
 21
9.31441
 31
0.0
  0
LINE
  5
4FA
330
17
100
AcDbEntity
  8
0
100
AcDbLine
 10
69.13729000000001
 20
9.31441
 30
0.0
 11
69.15591
 21
8.66146
 31
0.0
  0
LINE
  5
4FB
330
17
100
AcDbEntity
  8
0
100
AcDbLine
 10
69.15591
 20
8.66146
 30
0.0
 11
69.15625
 21
1.6302000000000003
 31
0.0
  0
LINE
  5
4FC
330
17
100
AcDbEntity
  8
0
100
AcDbLine
 10
69.15625
 20
1.6302
 30
0.0
 11
69.1387
 21
1.23945
 31
0.0
  0
LINE
  5
4FD
330
17
100
AcDbEntity
  8
0
100
AcDbLine
 10
69.1387
 20
1.23945
 30
0.0
 11
69.09837
 21
0.95409
 31
0.0
  0
LINE
  5
4FE
330
17
100
AcDbEntity
  8
0
100
AcDbLine
 10
69.09837
 20
0.95409
 30
0.0
 11
69.04551000000001
 21
0.7346600000000001
 31
0.0
  0
LINE
  5
4FF
330
17
100
AcDbEntity
  8
0
100
AcDbLine
 10
69.04551000000001
 20
0.7346600000000001
 30
0.0
 11
68.9853
 21
0.5607
 31
0.0
  0
LINE
  5
500
330
17
100
AcDbEntity
  8
0
100
AcDbLine
 10
68.9853
 20
0.5607
 30
0.0
 11
68.93489
 21
0.44791
 31
0.0
  0
LINE
  5
501
330
17
100
AcDbEntity
  8
0
100
AcDbLine
 10
68.93489
 20
0.44791
 30
0.0
 11
68.84125
 21
0.27911
 31
0.0
  0
LINE
  5
502
330
17
100
AcDbEntity
  8
0
100
AcDbLine
 10
68.84125
 20
0.27911
 30
0.0
 11
68.74466
 21
0.1392
 31
0.0
  0
LINE
  5
503
330
17
100
AcDbEntity
  8
0
100
AcDbLine
 10
68.74466
 20
0.1392
 30
0.0
 11
68.64475
 21
0.021129999999999996
 31
0.0
  0
LINE
  5
504
330
17
100
AcDbEntity
  8
0
100
AcDbLine
 10
68.64475
 20
0.02113
 30
0.0
 11
68.52935000000001
 21
-0.08969
 31
0.0
  0
LINE
  5
505
330
17
100
AcDbEntity
  8
0
100
AcDbLine
 10
68.52935000000001
 20
-0.08969
 30
0.0
 11
68.40977
 21
-0.18204
 31
0.0
  0
LINE
  5
506
330
17
100
AcDbEntity
  8
0
100
AcDbLine
 10
68.40977
 20
-0.18204
 30
0.0
 11
68.34114
 21
-0.22656
 31
0.0
  0
LINE
  5
507
330
17
100
AcDbEntity
  8
0
100
AcDbLine
 10
68.34114
 20
-0.22656
 30
0.0
 11
68.15372
 21
-0.32715
 31
0.0
  0
LINE
  5
508
330
17
100
AcDbEntity
  8
0
100
AcDbLine
 10
68.15372
 20
-0.32715
 30
0.0
 11
67.958
 21
-0.40754
 31
0.0
  0
LINE
  5
509
330
17
100
AcDbEntity
  8
0
100
AcDbLine
 10
67.958
 20
-0.40754
 30
0.0
 11
67.73738
 21
-0.47384
 31
0.0
  0
LINE
  5
50A
330
17
100
AcDbEntity
  8
0
100
AcDbLine
 10
67.73738
 20
-0.47384
 30
0.0
 11
67.47135
 21
-0.52604
 31
0.0
  0
LINE
  5
50B
330
17
100
AcDbEntity
  8
0
100
AcDbLine
 10
67.47135
 20
-0.52604
 30
0.0
 11
66.94795
 21
-0.5815800000000001
 31
0.0
  0
LINE
  5
50C
330
17
100
AcDbEntity
  8
0
100
AcDbLine
 10
66.94795
 20
-0.5815800000000001
 30
0.0
 11
66.42187
 21
-0.5988
 31
0.0
  0
LINE
  5
50D
330
17
100
AcDbEntity
  8
0
100
AcDbLine
 10
66.42187
 20
-0.5988
 30
0.0
 11
66.32291
 21
-0.59895
 31
0.0
  0
LINE
  5
50E
330
17
100
AcDbEntity
  8
0
100
AcDbLine
 10
66.32291
 20
-0.59895
 30
0.0
 11
66.32291
 21
-2.0
 31
0.0
  0
LINE
  5
50F
330
17
100
AcDbEntity
  8
0
100
AcDbLine
 10
66.32291
 20
-2.0
 30
0.0
 11
75.29166
 21
-2.0
 31
0.0
  0
LINE
  5
510
330
17
100
AcDbEntity
  8
0
100
AcDbLine
 10
75.29166
 20
-2.0
 30
0.0
 11
75.29166
 21
-0.5989499999999999
 31
0.0
  0
LINE
  5
511
330
17
100
AcDbEntity
  8
0
100
AcDbLine
 10
75.29166
 20
-0.59895
 30
0.0
 11
75.01562
 21
-0.59871
 31
0.0
  0
LINE
  5
512
330
17
100
AcDbEntity
  8
0
100
AcDbLine
 10
75.01562
 20
-0.59871
 30
0.0
 11
74.48012
 21
-0.5801200000000001
 31
0.0
  0
LINE
  5
513
330
17
100
AcDbEntity
  8
0
100
AcDbLine
 10
74.48012
 20
-0.5801200000000001
 30
0.0
 11
73.94791000000001
 21
-0.51822
 31
0.0
  0
LINE
  5
514
330
17
100
AcDbEntity
  8
0
100
AcDbLine
 10
73.94791000000001
 20
-0.51822
 30
0.0
 11
73.71278000000001
 21
-0.46826
 31
0.0
  0
LINE
  5
515
330
17
100
AcDbEntity
  8
0
100
AcDbLine
 10
73.71278000000001
 20
-0.46826
 30
0.0
 11
73.50848
 21
-0.40342999999999996
 31
0.0
  0
LINE
  5
516
330
17
100
AcDbEntity
  8
0
100
AcDbLine
 10
73.50848
 20
-0.40342999999999996
 30
0.0
 11
73.32723
 21
-0.32567
 31
0.0
  0
LINE
  5
517
330
17
100
AcDbEntity
  8
0
100
AcDbLine
 10
73.32723
 20
-0.32567
 30
0.0
 11
73.14840000000001
 21
-0.22604
 31
0.0
  0
LINE
  5
518
330
17
100
AcDbEntity
  8
0
100
AcDbLine
 10
73.14840000000001
 20
-0.22604
 30
0.0
 11
73.08592999999999
 21
-0.18489
 31
0.0
  0
LINE
  5
519
330
17
100
AcDbEntity
  8
0
100
AcDbLine
 10
73.08592999999999
 20
-0.18489
 30
0.0
 11
72.95614
 21
-0.08479000000000002
 31
0.0
  0
LINE
  5
51A
330
17
100
AcDbEntity
  8
0
100
AcDbLine
 10
72.95614
 20
-0.08479
 30
0.0
 11
72.84139
 21
0.024699999999999986
 31
0.0
  0
LINE
  5
51B
330
17
100
AcDbEntity
  8
0
100
AcDbLine
 10
72.84139
 20
0.0247
 30
0.0
 11
72.73338
 21
0.15077
 31
0.0
  0
LINE
  5
51C
330
17
100
AcDbEntity
  8
0
100
AcDbLine
 10
72.73338
 20
0.15077
 30
0.0
 11
72.63076000000001
 21
0.29758999999999997
 31
0.0
  0
LINE
  5
51D
330
17
100
AcDbEntity
  8
0
100
AcDbLine
 10
72.63076000000001
 20
0.29758999999999997
 30
0.0
 11
72.53287999999999
 21
0.47109
 31
0.0
  0
LINE
  5
51E
330
17
100
AcDbEntity
  8
0
100
AcDbLine
 10
72.53287999999999
 20
0.47109
 30
0.0
 11
72.5
 21
0.53906
 31
0.0
  0
LINE
  5
51F
330
17
100
AcDbEntity
  8
0
100
AcDbLine
 10
72.5
 20
0.53906
 30
0.0
 11
72.43121
 21
0.71039
 31
0.0
  0
LINE
  5
520
330
17
100
AcDbEntity
  8
0
100
AcDbLine
 10
72.43121
 20
0.71039
 30
0.0
 11
72.37465
 21
0.90298
 31
0.0
  0
LINE
  5
521
330
17
100
AcDbEntity
  8
0
100
AcDbLine
 10
72.37465
 20
0.90298
 30
0.0
 11
72.32616999999999
 21
1.14719
 31
0.0
  0
LINE
  5
522
330
17
100
AcDbEntity
  8
0
100
AcDbLine
 10
72.32616999999999
 20
1.14719
 30
0.0
 11
72.28777
 21
1.5311299999999999
 31
0.0
  0
LINE
  5
523
330
17
100
AcDbEntity
  8
0
100
AcDbLine
 10
72.28777
 20
1.5311299999999999
 30
0.0
 11
72.28125
 21
1.79166
 31
0.0
  0
LINE
  5
524
330
17
100
AcDbEntity
  8
0
100
AcDbLine
 10
72.28125
 20
1.79166
 30
0.0
 11
72.28125
 21
12.1927
 31
0.0
  0
LINE
  5
525
330
17
100
AcDbEntity
  8
0
100
AcDbLine
 10
72.28125
 20
12.1927
 30
0.0
 11
72.29893
 21
12.58712
 31
0.0
  0
LINE
  5
526
330
17
100
AcDbEntity
  8
0
100
AcDbLine
 10
72.29893
 20
12.58712
 30
0.0
 11
72.33947
 21
12.874170000000001
 31
0.0
  0
LINE
  5
527
330
17
100
AcDbEntity
  8
0
100
AcDbLine
 10
72.33947
 20
12.874170000000001
 30
0.0
 11
72.39246
 21
13.09432
 31
0.0
  0
LINE
  5
528
330
17
100
AcDbEntity
  8
0
100
AcDbLine
 10
72.39246
 20
13.09432
 30
0.0
 11
72.45268
 21
13.26845
 31
0.0
  0
LINE
  5
529
330
17
100
AcDbEntity
  8
0
100
AcDbLine
 10
72.45268
 20
13.26845
 30
0.0
 11
72.5
 21
13.375
 31
0.0
  0
LINE
  5
52A
330
17
100
AcDbEntity
  8
0
100
AcDbLine
 10
72.5
 20
13.375
 30
0.0
 11
72.59446
 21
13.547089999999999
 31
0.0
  0
LINE
  5
52B
330
17
100
AcDbEntity
  8
0
100
AcDbLine
 10
72.59446
 20
13.547089999999999
 30
0.0
 11
72.69361
 21
13.692060000000001
 31
0.0
  0
LINE
  5
52C
330
17
100
AcDbEntity
  8
0
100
AcDbLine
 10
72.69361
 20
13.692060000000001
 30
0.0
 11
72.7978
 21
13.81626
 31
0.0
  0
LINE
  5
52D
330
17
100
AcDbEntity
  8
0
100
AcDbLine
 10
72.7978
 20
13.81626
 30
0.0
 11
72.9187
 21
13.9335
 31
0.0
  0
LINE
  5
52E
330
17
100
AcDbEntity
  8
0
100
AcDbLine
 10
72.9187
 20
13.9335
 30
0.0
 11
73.04589
 21
14.03291
 31
0.0
  0
LINE
  5
52F
330
17
100
AcDbEntity
  8
0
100
AcDbLine
 10
73.04589
 20
14.03291
 30
0.0
 11
73.09375
 21
14.065100000000001
 31
0.0
  0
LINE
  5
530
330
17
100
AcDbEntity
  8
0
100
AcDbLine
 10
73.09375
 20
14.065100000000001
 30
0.0
 11
73.28461999999999
 21
14.174199999999999
 31
0.0
  0
LINE
  5
531
330
17
100
AcDbEntity
  8
0
100
AcDbLine
 10
73.28461999999999
 20
14.174199999999999
 30
0.0
 11
73.48203000000001
 21
14.26126
 31
0.0
  0
LINE
  5
532
330
17
100
AcDbEntity
  8
0
100
AcDbLine
 10
73.48203000000001
 20
14.26126
 30
0.0
 11
73.70100000000001
 21
14.332920000000001
 31
0.0
  0
LINE
  5
533
330
17
100
AcDbEntity
  8
0
100
AcDbLine
 10
73.70100000000001
 20
14.332920000000001
 30
0.0
 11
73.96354
 21
14.39062
 31
0.0
  0
LINE
  5
534
330
17
100
AcDbEntity
  8
0
100
AcDbLine
 10
73.96354
 20
14.39062
 30
0.0
 11
74.48783
 21
14.45421
 31
0.0
  0
LINE
  5
535
330
17
100
AcDbEntity
  8
0
100
AcDbLine
 10
74.48783
 20
14.45421
 30
0.0
 11
75.01562
 21
14.47376
 31
0.0
  0
LINE
  5
536
330
17
100
AcDbEntity
  8
0
100
AcDbLine
 10
75.01562
 20
14.47376
 30
0.0
 11
75.10938
 21
14.473949999999999
 31
0.0
  0
LINE
  5
537
330
17
100
AcDbEntity
  8
0
100
AcDbLine
 10
75.10938
 20
14.473949999999999
 30
0.0
 11
75.10938
 21
15.869790000000002
 31
0.0
  0
LINE
  5
538
330
17
100
AcDbEntity
  8
0
100
AcDbLine
 10
75.10938
 20
15.869790000000002
 30
0.0
 11
69.72395
 21
15.869790000000002
 31
0.0
  0
LINE
  5
539
330
17
100
AcDbEntity
  8
0
100
AcDbLine
 10
69.72395
 20
15.869790000000002
 30
0.0
 11
69.28645999999999
 21
13.17187
 31
0.0
  0
LINE
  5
53A
330
17
100
AcDbEntity
  8
0
100
AcDbLine
 10
69.28645999999999
 20
13.17187
 30
0.0
 11
69.11979
 21
13.17187
 31
0.0
  0
LINE
  5
53B
330
17
100
AcDbEntity
  8
0
100
AcDbLine
 10
69.11979
 20
13.17187
 30
0.0
 11
68.61341
 21
13.97633
 31
0.0
  0
LINE
  5
53C
330
17
100
AcDbEntity
  8
0
100
AcDbLine
 10
68.61341
 20
13.97633
 30
0.0
 11
68.23437
 21
14.46176
 31
0.0
  0
LINE
  5
53D
330
17
100
AcDbEntity
  8
0
100
AcDbLine
 10
68.23437
 20
14.46176
 30
0.0
 11
68.02342999999999
 21
14.6927
 31
0.0
  0
LINE
  5
53E
330
17
100
AcDbEntity
  8
0
100
AcDbLine
 10
68.02342999999999
 20
14.6927
 30
0.0
 11
67.60096
 21
15.08589
 31
0.0
  0
LINE
  5
53F
330
17
100
AcDbEntity
  8
0
100
AcDbLine
 10
67.60096
 20
15.08589
 30
0.0
 11
67.23474
 21
15.36269
 31
0.0
  0
LINE
  5
540
330
17
100
AcDbEntity
  8
0
100
AcDbLine
 10
67.23474
 20
15.36269
 30
0.0
 11
66.88196
 21
15.578669999999999
 31
0.0
  0
LINE
  5
541
330
17
100
AcDbEntity
  8
0
100
AcDbLine
 10
66.88196
 20
15.578669999999999
 30
0.0
 11
66.80468
 21
15.61979
 31
0.0
  0
LINE
  5
542
330
17
100
AcDbEntity
  8
0
100
AcDbLine
 10
66.80468
 20
15.61979
 30
0.0
 11
66.51059
 21
15.7593
 31
0.0
  0
LINE
  5
543
330
17
100
AcDbEntity
  8
0
100
AcDbLine
 10
66.51059
 20
15.7593
 30
0.0
 11
66.13893
 21
15.90113
 31
0.0
  0
LINE
  5
544
330
17
100
AcDbEntity
  8
0
100
AcDbLine
 10
66.13893
 20
15.90113
 30
0.0
 11
65.75646
 21
16.01053
 31
0.0
  0
LINE
  5
545
330
17
100
AcDbEntity
  8
0
100
AcDbLine
 10
65.75646
 20
16.01053
 30
0.0
 11
65.43751999999999
 21
16.07566
 31
0.0
  0
LINE
  5
546
330
17
100
AcDbEntity
  8
0
100
AcDbLine
 10
65.43751999999999
 20
16.07566
 30
0.0
 11
64.67706
 21
16.168660000000003
 31
0.0
  0
LINE
  5
547
330
17
100
AcDbEntity
  8
0
100
AcDbLine
 10
64.67706
 20
16.168660000000003
 30
0.0
 11
63.911460000000005
 21
16.19791
 31
0.0
  0
LINE
  5
548
330
17
100
AcDbEntity
  8
0
100
AcDbLine
 10
63.911460000000005
 20
16.19791
 30
0.0
 11
63.058370000000004
 21
16.15473
 31
0.0
  0
LINE
  5
549
330
17
100
AcDbEntity
  8
0
100
AcDbLine
 10
63.058370000000004
 20
16.15473
 30
0.0
 11
62.404880000000006
 21
16.05453
 31
0.0
  0
LINE
  5
54A
330
17
100
AcDbEntity
  8
0
100
AcDbLine
 10
62.404880000000006
 20
16.05453
 30
0.0
 11
61.844030000000004
 21
15.911430000000001
 31
0.0
  0
LINE
  5
54B
330
17
100
AcDbEntity
  8
0
100
AcDbLine
 10
61.844030000000004
 20
15.911430000000001
 30
0.0
 11
61.559889999999996
 21
15.8151
 31
0.0
  0
LINE
  5
54C
330
17
100
AcDbEntity
  8
0
100
AcDbLine
 10
61.559889999999996
 20
15.8151
 30
0.0
 11
61.224639999999994
 21
15.6771
 31
0.0
  0
LINE
  5
54D
330
17
100
AcDbEntity
  8
0
100
AcDbLine
 10
61.224639999999994
 20
15.6771
 30
0.0
 11
60.80896
 21
15.459840000000002
 31
0.0
  0
LINE
  5
54E
330
17
100
AcDbEntity
  8
0
100
AcDbLine
 10
60.80896
 20
15.459840000000002
 30
0.0
 11
60.41854
 21
15.199900000000001
 31
0.0
  0
LINE
  5
54F
330
17
100
AcDbEntity
  8
0
100
AcDbLine
 10
60.41854
 20
15.199900000000001
 30
0.0
 11
60.05775
 21
14.90019
 31
0.0
  0
LINE
  5
550
330
17
100
AcDbEntity
  8
0
100
AcDbLine
 10
60.05775
 20
14.90019
 30
0.0
 11
59.802080000000004
 21
14.64323
 31
0.0
  0
LINE
  5
551
330
17
100
AcDbEntity
  8
0
100
AcDbLine
 10
59.802080000000004
 20
14.64323
 30
0.0
 11
59.512589999999996
 21
14.29142
 31
0.0
  0
LINE
  5
552
330
17
100
AcDbEntity
  8
0
100
AcDbLine
 10
59.512589999999996
 20
14.29142
 30
0.0
 11
59.259640000000005
 21
13.91064
 31
0.0
  0
LINE
  5
553
330
17
100
AcDbEntity
  8
0
100
AcDbLine
 10
59.259640000000005
 20
13.91064
 30
0.0
 11
59.02267
 21
13.46569
 31
0.0
  0
LINE
  5
554
330
17
100
AcDbEntity
  8
0
100
AcDbLine
 10
59.02267
 20
13.46569
 30
0.0
 11
58.80278
 21
12.93722
 31
0.0
  0
LINE
  5
555
330
17
100
AcDbEntity
  8
0
100
AcDbLine
 10
-39.621089999999995
 20
-12.88541
 30
0.0
 11
-39.564009999999996
 21
-12.81748
 31
0.0
  0
LINE
  5
556
330
17
100
AcDbEntity
  8
0
100
AcDbLine
 10
-39.564009999999996
 20
-12.81748
 30
0.0
 11
-39.5054
 21
-12.760219999999999
 31
0.0
  0
LINE
  5
557
330
17
100
AcDbEntity
  8
0
100
AcDbLine
 10
-39.5054
 20
-12.760219999999999
 30
0.0
 11
-39.43873
 21
-12.70729
 31
0.0
  0
LINE
  5
558
330
17
100
AcDbEntity
  8
0
100
AcDbLine
 10
-39.43873
 20
-12.70729
 30
0.0
 11
-39.36978
 21
-12.66363
 31
0.0
  0
LINE
  5
559
330
17
100
AcDbEntity
  8
0
100
AcDbLine
 10
-39.36978
 20
-12.66363
 30
0.0
 11
-39.29741
 21
-12.62775
 31
0.0
  0
LINE
  5
55A
330
17
100
AcDbEntity
  8
0
100
AcDbLine
 10
-39.29741
 20
-12.62775
 30
0.0
 11
-39.22004
 21
-12.59878
 31
0.0
  0
LINE
  5
55B
330
17
100
AcDbEntity
  8
0
100
AcDbLine
 10
-39.22004
 20
-12.59878
 30
0.0
 11
-39.135749999999994
 21
-12.5765
 31
0.0
  0
LINE
  5
55C
330
17
100
AcDbEntity
  8
0
100
AcDbLine
 10
-39.135749999999994
 20
-12.5765
 30
0.0
 11
-39.04214
 21
-12.56133
 31
0.0
  0
LINE
  5
55D
330
17
100
AcDbEntity
  8
0
100
AcDbLine
 10
-39.04214
 20
-12.56133
 30
0.0
 11
-38.93081
 21
-12.55437
 31
0.0
  0
LINE
  5
55E
330
17
100
AcDbEntity
  8
0
100
AcDbLine
 10
-38.93081
 20
-12.55437
 30
0.0
 11
-38.91319
 21
-12.55425
 31
0.0
  0
LINE
  5
55F
330
17
100
AcDbEntity
  8
0
100
AcDbLine
 10
-38.91319
 20
-12.55425
 30
0.0
 11
-38.79119
 21
-12.56021
 31
0.0
  0
LINE
  5
560
330
17
100
AcDbEntity
  8
0
100
AcDbLine
 10
-38.79119
 20
-12.56021
 30
0.0
 11
-38.664080000000006
 21
-12.579460000000001
 31
0.0
  0
LINE
  5
561
330
17
100
AcDbEntity
  8
0
100
AcDbLine
 10
-38.664080000000006
 20
-12.579460000000001
 30
0.0
 11
-38.53951
 21
-12.61177
 31
0.0
  0
LINE
  5
562
330
17
100
AcDbEntity
  8
0
100
AcDbLine
 10
-38.53951
 20
-12.61177
 30
0.0
 11
-38.4149
 21
-12.657969999999999
 31
0.0
  0
LINE
  5
563
330
17
100
AcDbEntity
  8
0
100
AcDbLine
 10
-38.4149
 20
-12.657969999999999
 30
0.0
 11
-38.28772
 21
-12.72008
 31
0.0
  0
LINE
  5
564
330
17
100
AcDbEntity
  8
0
100
AcDbLine
 10
-38.28772
 20
-12.72008
 30
0.0
 11
-38.15538
 21
-12.8015
 31
0.0
  0
LINE
  5
565
330
17
100
AcDbEntity
  8
0
100
AcDbLine
 10
-38.15538
 20
-12.8015
 30
0.0
 11
-38.01237
 21
-12.90972
 31
0.0
  0
LINE
  5
566
330
17
100
AcDbEntity
  8
0
100
AcDbLine
 10
-38.01237
 20
-12.90972
 30
0.0
 11
-37.78313
 21
-13.12234
 31
0.0
  0
LINE
  5
567
330
17
100
AcDbEntity
  8
0
100
AcDbLine
 10
-37.78313
 20
-13.12234
 30
0.0
 11
-37.56913
 21
-13.36481
 31
0.0
  0
LINE
  5
568
330
17
100
AcDbEntity
  8
0
100
AcDbLine
 10
-37.56913
 20
-13.36481
 30
0.0
 11
-37.34982
 21
-13.66625
 31
0.0
  0
LINE
  5
569
330
17
100
AcDbEntity
  8
0
100
AcDbLine
 10
-37.34982
 20
-13.66625
 30
0.0
 11
-37.2437
 21
-13.83485
 31
0.0
  0
LINE
  5
56A
330
17
100
AcDbEntity
  8
0
100
AcDbLine
 10
-37.2437
 20
-13.83485
 30
0.0
 11
-37.028819999999996
 21
-14.225909999999999
 31
0.0
  0
LINE
  5
56B
330
17
100
AcDbEntity
  8
0
100
AcDbLine
 10
-37.028819999999996
 20
-14.225909999999999
 30
0.0
 11
-36.81288
 21
-14.69528
 31
0.0
  0
LINE
  5
56C
330
17
100
AcDbEntity
  8
0
100
AcDbLine
 10
-36.81288
 20
-14.69528
 30
0.0
 11
-36.65464
 21
-15.112530000000001
 31
0.0
  0
LINE
  5
56D
330
17
100
AcDbEntity
  8
0
100
AcDbLine
 10
-36.65464
 20
-15.112530000000001
 30
0.0
 11
-36.443490000000004
 21
-15.80484
 31
0.0
  0
LINE
  5
56E
330
17
100
AcDbEntity
  8
0
100
AcDbLine
 10
-36.443490000000004
 20
-15.80484
 30
0.0
 11
-36.29427
 21
-16.51302
 31
0.0
  0
LINE
  5
56F
330
17
100
AcDbEntity
  8
0
100
AcDbLine
 10
-36.29427
 20
-16.51302
 30
0.0
 11
-36.46441
 21
-16.512539999999998
 31
0.0
  0
LINE
  5
570
330
17
100
AcDbEntity
  8
0
100
AcDbLine
 10
-36.46441
 20
-16.512539999999998
 30
0.0
 11
-36.89549
 21
-16.49594
 31
0.0
  0
LINE
  5
571
330
17
100
AcDbEntity
  8
0
100
AcDbLine
 10
-36.89549
 20
-16.49594
 30
0.0
 11
-37.39011
 21
-16.42677
 31
0.0
  0
LINE
  5
572
330
17
100
AcDbEntity
  8
0
100
AcDbLine
 10
-37.39011
 20
-16.42677
 30
0.0
 11
-37.80881
 21
-16.323130000000003
 31
0.0
  0
LINE
  5
573
330
17
100
AcDbEntity
  8
0
100
AcDbLine
 10
-37.80881
 20
-16.323130000000003
 30
0.0
 11
-38.15862
 21
-16.197699999999998
 31
0.0
  0
LINE
  5
574
330
17
100
AcDbEntity
  8
0
100
AcDbLine
 10
-38.15862
 20
-16.197699999999998
 30
0.0
 11
-38.45878
 21
-16.055590000000002
 31
0.0
  0
LINE
  5
575
330
17
100
AcDbEntity
  8
0
100
AcDbLine
 10
-38.45878
 20
-16.055590000000002
 30
0.0
 11
-38.72137
 21
-15.898099999999998
 31
0.0
  0
LINE
  5
576
330
17
100
AcDbEntity
  8
0
100
AcDbLine
 10
-38.72137
 20
-15.898099999999998
 30
0.0
 11
-38.8904
 21
-15.77625
 31
0.0
  0
LINE
  5
577
330
17
100
AcDbEntity
  8
0
100
AcDbLine
 10
-38.8904
 20
-15.77625
 30
0.0
 11
-39.03761
 21
-15.65444
 31
0.0
  0
LINE
  5
578
330
17
100
AcDbEntity
  8
0
100
AcDbLine
 10
-39.03761
 20
-15.65444
 30
0.0
 11
-39.21471
 21
-15.48198
 31
0.0
  0
LINE
  5
579
330
17
100
AcDbEntity
  8
0
100
AcDbLine
 10
-39.21471
 20
-15.48198
 30
0.0
 11
-39.37476
 21
-15.293579999999999
 31
0.0
  0
LINE
  5
57A
330
17
100
AcDbEntity
  8
0
100
AcDbLine
 10
-39.37476
 20
-15.293579999999999
 30
0.0
 11
-39.51633
 21
-15.09093
 31
0.0
  0
LINE
  5
57B
330
17
100
AcDbEntity
  8
0
100
AcDbLine
 10
-39.51633
 20
-15.09093
 30
0.0
 11
-39.611979999999996
 21
-14.925559999999999
 31
0.0
  0
LINE
  5
57C
330
17
100
AcDbEntity
  8
0
100
AcDbLine
 10
-39.611979999999996
 20
-14.925559999999999
 30
0.0
 11
-39.71052
 21
-14.71196
 31
0.0
  0
LINE
  5
57D
330
17
100
AcDbEntity
  8
0
100
AcDbLine
 10
-39.71052
 20
-14.71196
 30
0.0
 11
-39.78268
 21
-14.49872
 31
0.0
  0
LINE
  5
57E
330
17
100
AcDbEntity
  8
0
100
AcDbLine
 10
-39.78268
 20
-14.49872
 30
0.0
 11
-39.83436
 21
-14.27272
 31
0.0
  0
LINE
  5
57F
330
17
100
AcDbEntity
  8
0
100
AcDbLine
 10
-39.83436
 20
-14.27272
 30
0.0
 11
-39.86517
 21
-14.02835
 31
0.0
  0
LINE
  5
580
330
17
100
AcDbEntity
  8
0
100
AcDbLine
 10
-39.86517
 20
-14.02835
 30
0.0
 11
-39.87326
 21
-13.815100000000001
 31
0.0
  0
LINE
  5
581
330
17
100
AcDbEntity
  8
0
100
AcDbLine
 10
-39.87326
 20
-13.815100000000001
 30
0.0
 11
-39.862429999999996
 21
-13.57848
 31
0.0
  0
LINE
  5
582
330
17
100
AcDbEntity
  8
0
100
AcDbLine
 10
-39.862429999999996
 20
-13.57848
 30
0.0
 11
-39.83632
 21
-13.39613
 31
0.0
  0
LINE
  5
583
330
17
100
AcDbEntity
  8
0
100
AcDbLine
 10
-39.83632
 20
-13.39613
 30
0.0
 11
-39.8007
 21
-13.2499
 31
0.0
  0
LINE
  5
584
330
17
100
AcDbEntity
  8
0
100
AcDbLine
 10
-39.8007
 20
-13.2499
 30
0.0
 11
-39.75858
 21
-13.129439999999999
 31
0.0
  0
LINE
  5
585
330
17
100
AcDbEntity
  8
0
100
AcDbLine
 10
-39.75858
 20
-13.129439999999999
 30
0.0
 11
-39.711490000000005
 21
-13.02785
 31
0.0
  0
LINE
  5
586
330
17
100
AcDbEntity
  8
0
100
AcDbLine
 10
-39.711490000000005
 20
-13.02785
 30
0.0
 11
-39.66003
 21
-12.94043
 31
0.0
  0
LINE
  5
587
330
17
100
AcDbEntity
  8
0
100
AcDbLine
 10
-39.66003
 20
-12.94043
 30
0.0
 11
-39.621089999999995
 21
-12.88541
 31
0.0
  0
LINE
  5
588
330
17
100
AcDbEntity
  8
0
100
AcDbLine
 10
-36.63032
 20
-22.1318
 30
0.0
 11
-36.17024
 21
-22.044500000000003
 31
0.0
  0
LINE
  5
589
330
17
100
AcDbEntity
  8
0
100
AcDbLine
 10
-36.17024
 20
-22.044500000000003
 30
0.0
 11
-35.80059
 21
-21.943689999999997
 31
0.0
  0
LINE
  5
58A
330
17
100
AcDbEntity
  8
0
100
AcDbLine
 10
-35.80059
 20
-21.943689999999997
 30
0.0
 11
-35.546510000000005
 21
-21.85606
 31
0.0
  0
LINE
  5
58B
330
17
100
AcDbEntity
  8
0
100
AcDbLine
 10
-35.546510000000005
 20
-21.85606
 30
0.0
 11
-35.227090000000004
 21
-21.718629999999997
 31
0.0
  0
LINE
  5
58C
330
17
100
AcDbEntity
  8
0
100
AcDbLine
 10
-35.227090000000004
 20
-21.718629999999997
 30
0.0
 11
-34.920880000000004
 21
-21.55385
 31
0.0
  0
LINE
  5
58D
330
17
100
AcDbEntity
  8
0
100
AcDbLine
 10
-34.920880000000004
 20
-21.55385
 30
0.0
 11
-34.63023
 21
-21.36296
 31
0.0
  0
LINE
  5
58E
330
17
100
AcDbEntity
  8
0
100
AcDbLine
 10
-34.63023
 20
-21.36296
 30
0.0
 11
-34.41818
 21
-21.19791
 31
0.0
  0
LINE
  5
58F
330
17
100
AcDbEntity
  8
0
100
AcDbLine
 10
-34.41818
 20
-21.19791
 30
0.0
 11
-34.17855
 21
-20.97601
 31
0.0
  0
LINE
  5
590
330
17
100
AcDbEntity
  8
0
100
AcDbLine
 10
-34.17855
 20
-20.97601
 30
0.0
 11
-33.95007
 21
-20.717
 31
0.0
  0
LINE
  5
591
330
17
100
AcDbEntity
  8
0
100
AcDbLine
 10
-33.95007
 20
-20.717
 30
0.0
 11
-33.74578
 21
-20.431160000000002
 31
0.0
  0
LINE
  5
592
330
17
100
AcDbEntity
  8
0
100
AcDbLine
 10
-33.74578
 20
-20.431160000000002
 30
0.0
 11
-33.56254
 21
-20.11134
 31
0.0
  0
LINE
  5
593
330
17
100
AcDbEntity
  8
0
100
AcDbLine
 10
-33.56254
 20
-20.11134
 30
0.0
 11
-33.48242
 21
-19.94466
 31
0.0
  0
LINE
  5
594
330
17
100
AcDbEntity
  8
0
100
AcDbLine
 10
-33.48242
 20
-19.94466
 30
0.0
 11
-33.35093
 21
-19.60705
 31
0.0
  0
LINE
  5
595
330
17
100
AcDbEntity
  8
0
100
AcDbLine
 10
-33.35093
 20
-19.60705
 30
0.0
 11
-33.25297
 21
-19.2531
 31
0.0
  0
LINE
  5
596
330
17
100
AcDbEntity
  8
0
100
AcDbLine
 10
-33.25297
 20
-19.2531
 30
0.0
 11
-33.181830000000005
 21
-18.84829
 31
0.0
  0
LINE
  5
597
330
17
100
AcDbEntity
  8
0
100
AcDbLine
 10
-33.181830000000005
 20
-18.84829
 30
0.0
 11
-33.14407
 21
-18.37621
 31
0.0
  0
LINE
  5
598
330
17
100
AcDbEntity
  8
0
100
AcDbLine
 10
-33.14407
 20
-18.37621
 30
0.0
 11
-33.140620000000006
 21
-18.17491
 31
0.0
  0
LINE
  5
599
330
17
100
AcDbEntity
  8
0
100
AcDbLine
 10
-33.140620000000006
 20
-18.17491
 30
0.0
 11
-33.17029
 21
-17.59302
 31
0.0
  0
LINE
  5
59A
330
17
100
AcDbEntity
  8
0
100
AcDbLine
 10
-33.17029
 20
-17.59302
 30
0.0
 11
-33.26375
 21
-16.96801
 31
0.0
  0
LINE
  5
59B
330
17
100
AcDbEntity
  8
0
100
AcDbLine
 10
-33.26375
 20
-16.96801
 30
0.0
 11
-33.330510000000004
 21
-16.66341
 31
0.0
  0
LINE
  5
59C
330
17
100
AcDbEntity
  8
0
100
AcDbLine
 10
-33.330510000000004
 20
-16.66341
 30
0.0
 11
-33.47148
 21
-16.16137
 31
0.0
  0
LINE
  5
59D
330
17
100
AcDbEntity
  8
0
100
AcDbLine
 10
-33.47148
 20
-16.16137
 30
0.0
 11
-33.67928
 21
-15.59449
 31
0.0
  0
LINE
  5
59E
330
17
100
AcDbEntity
  8
0
100
AcDbLine
 10
-33.67928
 20
-15.59449
 30
0.0
 11
-33.895630000000004
 21
-15.120009999999999
 31
0.0
  0
LINE
  5
59F
330
17
100
AcDbEntity
  8
0
100
AcDbLine
 10
-33.895630000000004
 20
-15.120009999999999
 30
0.0
 11
-34.15493
 21
-14.64397
 31
0.0
  0
LINE
  5
5A0
330
17
100
AcDbEntity
  8
0
100
AcDbLine
 10
-34.15493
 20
-14.64397
 30
0.0
 11
-34.4972
 21
-14.11788
 31
0.0
  0
LINE
  5
5A1
330
17
100
AcDbEntity
  8
0
100
AcDbLine
 10
-34.4972
 20
-14.11788
 30
0.0
 11
-34.82689
 21
-13.68756
 31
0.0
  0
LINE
  5
5A2
330
17
100
AcDbEntity
  8
0
100
AcDbLine
 10
-34.82689
 20
-13.68756
 30
0.0
 11
-35.198460000000004
 21
-13.272960000000001
 31
0.0
  0
LINE
  5
5A3
330
17
100
AcDbEntity
  8
0
100
AcDbLine
 10
-35.198460000000004
 20
-13.272960000000001
 30
0.0
 11
-35.6716
 21
-12.83521
 31
0.0
  0
LINE
  5
5A4
330
17
100
AcDbEntity
  8
0
100
AcDbLine
 10
-35.6716
 20
-12.83521
 30
0.0
 11
-36.11336
 21
-12.49632
 31
0.0
  0
LINE
  5
5A5
330
17
100
AcDbEntity
  8
0
100
AcDbLine
 10
-36.11336
 20
-12.49632
 30
0.0
 11
-36.60497
 21
-12.18708
 31
0.0
  0
LINE
  5
5A6
330
17
100
AcDbEntity
  8
0
100
AcDbLine
 10
-36.60497
 20
-12.18708
 30
0.0
 11
-37.20756
 21
-11.88866
 31
0.0
  0
LINE
  5
5A7
330
17
100
AcDbEntity
  8
0
100
AcDbLine
 10
-37.20756
 20
-11.88866
 30
0.0
 11
-37.75108
 21
-11.68381
 31
0.0
  0
LINE
  5
5A8
330
17
100
AcDbEntity
  8
0
100
AcDbLine
 10
-37.75108
 20
-11.68381
 30
0.0
 11
-38.304610000000004
 21
-11.53239
 31
0.0
  0
LINE
  5
5A9
330
17
100
AcDbEntity
  8
0
100
AcDbLine
 10
-38.304610000000004
 20
-11.53239
 30
0.0
 11
-38.895720000000004
 21
-11.43281
 31
0.0
  0
LINE
  5
5AA
330
17
100
AcDbEntity
  8
0
100
AcDbLine
 10
-38.895720000000004
 20
-11.43281
 30
0.0
 11
-39.555659999999996
 21
-11.386560000000001
 31
0.0
  0
LINE
  5
5AB
330
17
100
AcDbEntity
  8
0
100
AcDbLine
 10
-39.555659999999996
 20
-11.386560000000001
 30
0.0
 11
-39.73046
 21
-11.38454
 31
0.0
  0
LINE
  5
5AC
330
17
100
AcDbEntity
  8
0
100
AcDbLine
 10
-39.73046
 20
-11.38454
 30
0.0
 11
-40.318850000000005
 21
-11.41427
 31
0.0
  0
LINE
  5
5AD
330
17
100
AcDbEntity
  8
0
100
AcDbLine
 10
-40.318850000000005
 20
-11.41427
 30
0.0
 11
-40.72653
 21
-11.47695
 31
0.0
  0
LINE
  5
5AE
330
17
100
AcDbEntity
  8
0
100
AcDbLine
 10
-40.72653
 20
-11.47695
 30
0.0
 11
-41.05635
 21
-11.560970000000001
 31
0.0
  0
LINE
  5
5AF
330
17
100
AcDbEntity
  8
0
100
AcDbLine
 10
-41.05635
 20
-11.560970000000001
 30
0.0
 11
-41.32995
 21
-11.659889999999999
 31
0.0
  0
LINE
  5
5B0
330
17
100
AcDbEntity
  8
0
100
AcDbLine
 10
-41.32995
 20
-11.659889999999999
 30
0.0
 11
-41.56215
 21
-11.770529999999999
 31
0.0
  0
LINE
  5
5B1
330
17
100
AcDbEntity
  8
0
100
AcDbLine
 10
-41.56215
 20
-11.770529999999999
 30
0.0
 11
-41.763130000000004
 21
-11.89174
 31
0.0
  0
LINE
  5
5B2
330
17
100
AcDbEntity
  8
0
100
AcDbLine
 10
-41.763130000000004
 20
-11.89174
 30
0.0
 11
-41.895179999999996
 21
-11.987630000000001
 31
0.0
  0
LINE
  5
5B3
330
17
100
AcDbEntity
  8
0
100
AcDbLine
 10
-41.895179999999996
 20
-11.987630000000001
 30
0.0
 11
-42.053599999999996
 21
-12.12447
 31
0.0
  0
LINE
  5
5B4
330
17
100
AcDbEntity
  8
0
100
AcDbLine
 10
-42.053599999999996
 20
-12.12447
 30
0.0
 11
-42.18756
 21
-12.26535
 31
0.0
  0
LINE
  5
5B5
330
17
100
AcDbEntity
  8
0
100
AcDbLine
 10
-42.18756
 20
-12.26535
 30
0.0
 11
-42.31122
 21
-12.425479999999999
 31
0.0
  0
LINE
  5
5B6
330
17
100
AcDbEntity
  8
0
100
AcDbLine
 10
-42.31122
 20
-12.425479999999999
 30
0.0
 11
-42.413439999999994
 21
-12.59165
 31
0.0
  0
LINE
  5
5B7
330
17
100
AcDbEntity
  8
0
100
AcDbLine
 10
-42.413439999999994
 20
-12.59165
 30
0.0
 11
-42.497510000000005
 21
-12.76673
 31
0.0
  0
LINE
  5
5B8
330
17
100
AcDbEntity
  8
0
100
AcDbLine
 10
-42.497510000000005
 20
-12.76673
 30
0.0
 11
-42.56525
 21
-12.954600000000001
 31
0.0
  0
LINE
  5
5B9
330
17
100
AcDbEntity
  8
0
100
AcDbLine
 10
-42.56525
 20
-12.954600000000001
 30
0.0
 11
-42.61695
 21
-13.16002
 31
0.0
  0
LINE
  5
5BA
330
17
100
AcDbEntity
  8
0
100
AcDbLine
 10
-42.61695
 20
-13.16002
 30
0.0
 11
-42.65133
 21
-13.38905
 31
0.0
  0
LINE
  5
5BB
330
17
100
AcDbEntity
  8
0
100
AcDbLine
 10
-42.65133
 20
-13.38905
 30
0.0
 11
-42.66536
 21
-13.6723
 31
0.0
  0
LINE
  5
5BC
330
17
100
AcDbEntity
  8
0
100
AcDbLine
 10
-42.66536
 20
-13.6723
 30
0.0
 11
-42.65197
 21
-13.946629999999999
 31
0.0
  0
LINE
  5
5BD
330
17
100
AcDbEntity
  8
0
100
AcDbLine
 10
-42.65197
 20
-13.946629999999999
 30
0.0
 11
-42.60874
 21
-14.231829999999999
 31
0.0
  0
LINE
  5
5BE
330
17
100
AcDbEntity
  8
0
100
AcDbLine
 10
-42.60874
 20
-14.231829999999999
 30
0.0
 11
-42.53658
 21
-14.50934
 31
0.0
  0
LINE
  5
5BF
330
17
100
AcDbEntity
  8
0
100
AcDbLine
 10
-42.53658
 20
-14.50934
 30
0.0
 11
-42.43405
 21
-14.78493
 31
0.0
  0
LINE
  5
5C0
330
17
100
AcDbEntity
  8
0
100
AcDbLine
 10
-42.43405
 20
-14.78493
 30
0.0
 11
-42.2971
 21
-15.064219999999999
 31
0.0
  0
LINE
  5
5C1
330
17
100
AcDbEntity
  8
0
100
AcDbLine
 10
-42.2971
 20
-15.064219999999999
 30
0.0
 11
-42.22786
 21
-15.183810000000001
 31
0.0
  0
LINE
  5
5C2
330
17
100
AcDbEntity
  8
0
100
AcDbLine
 10
-42.22786
 20
-15.183810000000001
 30
0.0
 11
-41.99332
 21
-15.52718
 31
0.0
  0
LINE
  5
5C3
330
17
100
AcDbEntity
  8
0
100
AcDbLine
 10
-41.99332
 20
-15.52718
 30
0.0
 11
-41.73027
 21
-15.837299999999999
 31
0.0
  0
LINE
  5
5C4
330
17
100
AcDbEntity
  8
0
100
AcDbLine
 10
-41.73027
 20
-15.837299999999999
 30
0.0
 11
-41.41946
 21
-16.137430000000002
 31
0.0
  0
LINE
  5
5C5
330
17
100
AcDbEntity
  8
0
100
AcDbLine
 10
-41.41946
 20
-16.137430000000002
 30
0.0
 11
-41.0217
 21
-16.45073
 31
0.0
  0
LINE
  5
5C6
330
17
100
AcDbEntity
  8
0
100
AcDbLine
 10
-41.0217
 20
-16.45073
 30
0.0
 11
-40.55034
 21
-16.74881
 31
0.0
  0
LINE
  5
5C7
330
17
100
AcDbEntity
  8
0
100
AcDbLine
 10
-40.55034
 20
-16.74881
 30
0.0
 11
-40.03286000000001
 21
-17.00787
 31
0.0
  0
LINE
  5
5C8
330
17
100
AcDbEntity
  8
0
100
AcDbLine
 10
-40.03286000000001
 20
-17.00787
 30
0.0
 11
-39.4127
 21
-17.248260000000002
 31
0.0
  0
LINE
  5
5C9
330
17
100
AcDbEntity
  8
0
100
AcDbLine
 10
-39.4127
 20
-17.248260000000002
 30
0.0
 11
-39.18967
 21
-17.31966
 31
0.0
  0
LINE
  5
5CA
330
17
100
AcDbEntity
  8
0
100
AcDbLine
 10
-39.18967
 20
-17.31966
 30
0.0
 11
-38.56731
 21
-17.47795
 31
0.0
  0
LINE
  5
5CB
330
17
100
AcDbEntity
  8
0
100
AcDbLine
 10
-38.56731
 20
-17.47795
 30
0.0
 11
-37.824549999999995
 21
-17.59364
 31
0.0
  0
LINE
  5
5CC
330
17
100
AcDbEntity
  8
0
100
AcDbLine
 10
-37.824549999999995
 20
-17.59364
 30
0.0
 11
-36.87152
 21
-17.64323
 31
0.0
  0
LINE
  5
5CD
330
17
100
AcDbEntity
  8
0
100
AcDbLine
 10
-36.87152
 20
-17.64323
 30
0.0
 11
-36.520610000000005
 21
-17.6432
 31
0.0
  0
LINE
  5
5CE
330
17
100
AcDbEntity
  8
0
100
AcDbLine
 10
-36.520610000000005
 20
-17.6432
 30
0.0
 11
-36.33573
 21
-17.63804
 31
0.0
  0
LINE
  5
5CF
330
17
100
AcDbEntity
  8
0
100
AcDbLine
 10
-36.33573
 20
-17.63804
 30
0.0
 11
-36.15146
 21
-17.622
 31
0.0
  0
LINE
  5
5D0
330
17
100
AcDbEntity
  8
0
100
AcDbLine
 10
-36.15146
 20
-17.622
 30
0.0
 11
-36.12942
 21
-17.81444
 31
0.0
  0
LINE
  5
5D1
330
17
100
AcDbEntity
  8
0
100
AcDbLine
 10
-36.12942
 20
-17.81444
 30
0.0
 11
-36.11807
 21
-18.00781
 31
0.0
  0
LINE
  5
5D2
330
17
100
AcDbEntity
  8
0
100
AcDbLine
 10
-36.11807
 20
-18.00781
 30
0.0
 11
-36.11198
 21
-18.36328
 31
0.0
  0
LINE
  5
5D3
330
17
100
AcDbEntity
  8
0
100
AcDbLine
 10
-36.11198
 20
-18.36328
 30
0.0
 11
-36.1308
 21
-18.77198
 31
0.0
  0
LINE
  5
5D4
330
17
100
AcDbEntity
  8
0
100
AcDbLine
 10
-36.1308
 20
-18.77198
 30
0.0
 11
-36.17691
 21
-19.09282
 31
0.0
  0
LINE
  5
5D5
330
17
100
AcDbEntity
  8
0
100
AcDbLine
 10
-36.17691
 20
-19.09282
 30
0.0
 11
-36.240759999999995
 21
-19.354010000000002
 31
0.0
  0
LINE
  5
5D6
330
17
100
AcDbEntity
  8
0
100
AcDbLine
 10
-36.240759999999995
 20
-19.354010000000002
 30
0.0
 11
-36.31726
 21
-19.57216
 31
0.0
  0
LINE
  5
5D7
330
17
100
AcDbEntity
  8
0
100
AcDbLine
 10
-36.31726
 20
-19.57216
 30
0.0
 11
-36.40388
 21
-19.75852
 31
0.0
  0
LINE
  5
5D8
330
17
100
AcDbEntity
  8
0
100
AcDbLine
 10
-36.40388
 20
-19.75852
 30
0.0
 11
-36.49968
 21
-19.92084
 31
0.0
  0
LINE
  5
5D9
330
17
100
AcDbEntity
  8
0
100
AcDbLine
 10
-36.49968
 20
-19.92084
 30
0.0
 11
-36.60464
 21
-20.064410000000002
 31
0.0
  0
LINE
  5
5DA
330
17
100
AcDbEntity
  8
0
100
AcDbLine
 10
-36.60464
 20
-20.064410000000002
 30
0.0
 11
-36.6391
 21
-20.10568
 31
0.0
  0
LINE
  5
5DB
330
17
100
AcDbEntity
  8
0
100
AcDbLine
 10
-36.6391
 20
-20.10568
 30
0.0
 11
-36.74676
 21
-20.21903
 31
0.0
  0
LINE
  5
5DC
330
17
100
AcDbEntity
  8
0
100
AcDbLine
 10
-36.74676
 20
-20.21903
 30
0.0
 11
-36.87148
 21
-20.326130000000003
 31
0.0
  0
LINE
  5
5DD
330
17
100
AcDbEntity
  8
0
100
AcDbLine
 10
-36.87148
 20
-20.326130000000003
 30
0.0
 11
-37.0064
 21
-20.419610000000002
 31
0.0
  0
LINE
  5
5DE
330
17
100
AcDbEntity
  8
0
100
AcDbLine
 10
-37.0064
 20
-20.419610000000002
 30
0.0
 11
-37.15439
 21
-20.50132
 31
0.0
  0
LINE
  5
5DF
330
17
100
AcDbEntity
  8
0
100
AcDbLine
 10
-37.15439
 20
-20.50132
 30
0.0
 11
-37.319430000000004
 21
-20.57208
 31
0.0
  0
LINE
  5
5E0
330
17
100
AcDbEntity
  8
0
100
AcDbLine
 10
-37.319430000000004
 20
-20.57208
 30
0.0
 11
-37.50683
 21
-20.631619999999998
 31
0.0
  0
LINE
  5
5E1
330
17
100
AcDbEntity
  8
0
100
AcDbLine
 10
-37.50683
 20
-20.631619999999998
 30
0.0
 11
-37.723800000000004
 21
-20.678350000000002
 31
0.0
  0
LINE
  5
5E2
330
17
100
AcDbEntity
  8
0
100
AcDbLine
 10
-37.723800000000004
 20
-20.678350000000002
 30
0.0
 11
-37.98039
 21
-20.70893
 31
0.0
  0
LINE
  5
5E3
330
17
100
AcDbEntity
  8
0
100
AcDbLine
 10
-37.98039
 20
-20.70893
 30
0.0
 11
-38.229600000000005
 21
-20.71788
 31
0.0
  0
LINE
  5
5E4
330
17
100
AcDbEntity
  8
0
100
AcDbLine
 10
-38.229600000000005
 20
-20.71788
 30
0.0
 11
-38.43606
 21
-20.711489999999998
 31
0.0
  0
LINE
  5
5E5
330
17
100
AcDbEntity
  8
0
100
AcDbLine
 10
-38.43606
 20
-20.711489999999998
 30
0.0
 11
-38.68701
 21
-20.68437
 31
0.0
  0
LINE
  5
5E6
330
17
100
AcDbEntity
  8
0
100
AcDbLine
 10
-38.68701
 20
-20.68437
 30
0.0
 11
-38.93467
 21
-20.63565
 31
0.0
  0
LINE
  5
5E7
330
17
100
AcDbEntity
  8
0
100
AcDbLine
 10
-38.93467
 20
-20.63565
 30
0.0
 11
-39.13348
 21
-20.5797
 31
0.0
  0
LINE
  5
5E8
330
17
100
AcDbEntity
  8
0
100
AcDbLine
 10
-39.13348
 20
-20.5797
 30
0.0
 11
-39.392900000000004
 21
-20.48573
 31
0.0
  0
LINE
  5
5E9
330
17
100
AcDbEntity
  8
0
100
AcDbLine
 10
-39.392900000000004
 20
-20.48573
 30
0.0
 11
-39.68374
 21
-20.35361
 31
0.0
  0
LINE
  5
5EA
330
17
100
AcDbEntity
  8
0
100
AcDbLine
 10
-39.68374
 20
-20.35361
 30
0.0
 11
-39.9249
 21
-20.2196
 31
0.0
  0
LINE
  5
5EB
330
17
100
AcDbEntity
  8
0
100
AcDbLine
 10
-39.9249
 20
-20.2196
 30
0.0
 11
-40.14415
 21
-20.076320000000003
 31
0.0
  0
LINE
  5
5EC
330
17
100
AcDbEntity
  8
0
100
AcDbLine
 10
-40.14415
 20
-20.076320000000003
 30
0.0
 11
-40.38475
 21
-19.891740000000002
 31
0.0
  0
LINE
  5
5ED
330
17
100
AcDbEntity
  8
0
100
AcDbLine
 10
-40.38475
 20
-19.891740000000002
 30
0.0
 11
-40.5796
 21
-19.71675
 31
0.0
  0
LINE
  5
5EE
330
17
100
AcDbEntity
  8
0
100
AcDbLine
 10
-40.5796
 20
-19.71675
 30
0.0
 11
-40.84271
 21
-19.44034
 31
0.0
  0
LINE
  5
5EF
330
17
100
AcDbEntity
  8
0
100
AcDbLine
 10
-40.84271
 20
-19.44034
 30
0.0
 11
-41.07942
 21
-19.14105
 31
0.0
  0
LINE
  5
5F0
330
17
100
AcDbEntity
  8
0
100
AcDbLine
 10
-41.07942
 20
-19.14105
 30
0.0
 11
-41.128949999999996
 21
-19.21135
 31
0.0
  0
LINE
  5
5F1
330
17
100
AcDbEntity
  8
0
100
AcDbLine
 10
-41.128949999999996
 20
-19.21135
 30
0.0
 11
-41.17351
 21
-19.29007
 31
0.0
  0
LINE
  5
5F2
330
17
100
AcDbEntity
  8
0
100
AcDbLine
 10
-41.17351
 20
-19.29007
 30
0.0
 11
-41.21732
 21
-19.38752
 31
0.0
  0
LINE
  5
5F3
330
17
100
AcDbEntity
  8
0
100
AcDbLine
 10
-41.21732
 20
-19.38752
 30
0.0
 11
-41.25868
 21
-19.50716
 31
0.0
  0
LINE
  5
5F4
330
17
100
AcDbEntity
  8
0
100
AcDbLine
 10
-41.25868
 20
-19.50716
 30
0.0
 11
-41.294709999999995
 21
-19.6534
 31
0.0
  0
LINE
  5
5F5
330
17
100
AcDbEntity
  8
0
100
AcDbLine
 10
-41.294709999999995
 20
-19.6534
 30
0.0
 11
-41.319179999999996
 21
-19.82606
 31
0.0
  0
LINE
  5
5F6
330
17
100
AcDbEntity
  8
0
100
AcDbLine
 10
-41.319179999999996
 20
-19.82606
 30
0.0
 11
-41.32552
 21
-19.97656
 31
0.0
  0
LINE
  5
5F7
330
17
100
AcDbEntity
  8
0
100
AcDbLine
 10
-41.32552
 20
-19.97656
 30
0.0
 11
-41.31906
 21
-20.09628
 31
0.0
  0
LINE
  5
5F8
330
17
100
AcDbEntity
  8
0
100
AcDbLine
 10
-41.31906
 20
-20.09628
 30
0.0
 11
-41.30039
 21
-20.21463
 31
0.0
  0
LINE
  5
5F9
330
17
100
AcDbEntity
  8
0
100
AcDbLine
 10
-41.30039
 20
-20.21463
 30
0.0
 11
-41.26741
 21
-20.34178
 31
0.0
  0
LINE
  5
5FA
330
17
100
AcDbEntity
  8
0
100
AcDbLine
 10
-41.26741
 20
-20.34178
 30
0.0
 11
-41.21666999999999
 21
-20.48113
 31
0.0
  0
LINE
  5
5FB
330
17
100
AcDbEntity
  8
0
100
AcDbLine
 10
-41.21666999999999
 20
-20.48113
 30
0.0
 11
-41.14269
 21
-20.63718
 31
0.0
  0
LINE
  5
5FC
330
17
100
AcDbEntity
  8
0
100
AcDbLine
 10
-41.14269
 20
-20.63718
 30
0.0
 11
-41.09765
 21
-20.71788
 31
0.0
  0
LINE
  5
5FD
330
17
100
AcDbEntity
  8
0
100
AcDbLine
 10
-41.09765
 20
-20.71788
 30
0.0
 11
-40.99396
 21
-20.87493
 31
0.0
  0
LINE
  5
5FE
330
17
100
AcDbEntity
  8
0
100
AcDbLine
 10
-40.99396
 20
-20.87493
 30
0.0
 11
-40.871860000000005
 21
-21.02471
 31
0.0
  0
LINE
  5
5FF
330
17
100
AcDbEntity
  8
0
100
AcDbLine
 10
-40.871860000000005
 20
-21.02471
 30
0.0
 11
-40.71707
 21
-21.181559999999998
 31
0.0
  0
LINE
  5
600
330
17
100
AcDbEntity
  8
0
100
AcDbLine
 10
-40.71707
 20
-21.181559999999998
 30
0.0
 11
-40.51901
 21
-21.34805
 31
0.0
  0
LINE
  5
601
330
17
100
AcDbEntity
  8
0
100
AcDbLine
 10
-40.51901
 20
-21.34805
 30
0.0
 11
-40.40039
 21
-21.434890000000003
 31
0.0
  0
LINE
  5
602
330
17
100
AcDbEntity
  8
0
100
AcDbLine
 10
-40.40039
 20
-21.434890000000003
 30
0.0
 11
-40.13971
 21
-21.59739
 31
0.0
  0
LINE
  5
603
330
17
100
AcDbEntity
  8
0
100
AcDbLine
 10
-40.13971
 20
-21.59739
 30
0.0
 11
-39.83897
 21
-21.747030000000002
 31
0.0
  0
LINE
  5
604
330
17
100
AcDbEntity
  8
0
100
AcDbLine
 10
-39.83897
 20
-21.747030000000002
 30
0.0
 11
-39.447610000000005
 21
-21.89997
 31
0.0
  0
LINE
  5
605
330
17
100
AcDbEntity
  8
0
100
AcDbLine
 10
-39.447610000000005
 20
-21.89997
 30
0.0
 11
-39.204860000000004
 21
-21.97721
 31
0.0
  0
LINE
  5
606
330
17
100
AcDbEntity
  8
0
100
AcDbLine
 10
-39.204860000000004
 20
-21.97721
 30
0.0
 11
-38.7584
 21
-22.08386
 31
0.0
  0
LINE
  5
607
330
17
100
AcDbEntity
  8
0
100
AcDbLine
 10
-38.7584
 20
-22.08386
 30
0.0
 11
-38.25052
 21
-22.15563
 31
0.0
  0
LINE
  5
608
330
17
100
AcDbEntity
  8
0
100
AcDbLine
 10
-38.25052
 20
-22.15563
 30
0.0
 11
-37.47916
 21
-22.1914
 31
0.0
  0
LINE
  5
609
330
17
100
AcDbEntity
  8
0
100
AcDbLine
 10
-37.47916
 20
-22.1914
 30
0.0
 11
-37.09611
 21
-22.18016
 31
0.0
  0
LINE
  5
60A
330
17
100
AcDbEntity
  8
0
100
AcDbLine
 10
-37.09611
 20
-22.18016
 30
0.0
 11
-36.63032
 21
-22.1318
 31
0.0
  0
LINE
  5
60B
330
17
100
AcDbEntity
  8
0
100
AcDbLine
 10
37.30278
 20
12.93722
 30
0.0
 11
37.19531
 21
12.617180000000001
 31
0.0
  0
LINE
  5
60C
330
17
100
AcDbEntity
  8
0
100
AcDbLine
 10
37.19531
 20
12.617180000000001
 30
0.0
 11
37.03209
 21
11.98921
 31
0.0
  0
LINE
  5
60D
330
17
100
AcDbEntity
  8
0
100
AcDbLine
 10
37.03209
 20
11.98921
 30
0.0
 11
36.89864
 21
11.18654
 31
0.0
  0
LINE
  5
60E
330
17
100
AcDbEntity
  8
0
100
AcDbLine
 10
36.89864
 20
11.18654
 30
0.0
 11
36.82081
 21
10.1653
 31
0.0
  0
LINE
  5
60F
330
17
100
AcDbEntity
  8
0
100
AcDbLine
 10
36.82081
 20
10.1653
 30
0.0
 11
36.8125
 21
9.67187
 31
0.0
  0
LINE
  5
610
330
17
100
AcDbEntity
  8
0
100
AcDbLine
 10
36.8125
 20
9.67187
 30
0.0
 11
36.8125
 21
1.7916600000000003
 31
0.0
  0
LINE
  5
611
330
17
100
AcDbEntity
  8
0
100
AcDbLine
 10
36.8125
 20
1.79166
 30
0.0
 11
36.7898
 21
1.28226
 31
0.0
  0
LINE
  5
612
330
17
100
AcDbEntity
  8
0
100
AcDbLine
 10
36.7898
 20
1.28226
 30
0.0
 11
36.743159999999996
 21
0.9510299999999999
 31
0.0
  0
LINE
  5
613
330
17
100
AcDbEntity
  8
0
100
AcDbLine
 10
36.743159999999996
 20
0.9510299999999999
 30
0.0
 11
36.68568
 21
0.71018
 31
0.0
  0
LINE
  5
614
330
17
100
AcDbEntity
  8
0
100
AcDbLine
 10
36.68568
 20
0.71018
 30
0.0
 11
36.6276
 21
0.53906
 31
0.0
  0
LINE
  5
615
330
17
100
AcDbEntity
  8
0
100
AcDbLine
 10
36.6276
 20
0.53906
 30
0.0
 11
36.54554
 21
0.35582
 31
0.0
  0
LINE
  5
616
330
17
100
AcDbEntity
  8
0
100
AcDbLine
 10
36.54554
 20
0.35582
 30
0.0
 11
36.4596
 21
0.20526999999999998
 31
0.0
  0
LINE
  5
617
330
17
100
AcDbEntity
  8
0
100
AcDbLine
 10
36.4596
 20
0.20526999999999998
 30
0.0
 11
36.37005
 21
0.07891999999999999
 31
0.0
  0
LINE
  5
618
330
17
100
AcDbEntity
  8
0
100
AcDbLine
 10
36.37005
 20
0.07891999999999999
 30
0.0
 11
36.27652
 21
-0.028880000000000003
 31
0.0
  0
LINE
  5
619
330
17
100
AcDbEntity
  8
0
100
AcDbLine
 10
36.27652
 20
-0.028880000000000003
 30
0.0
 11
36.168400000000005
 21
-0.13027000000000002
 31
0.0
  0
LINE
  5
61A
330
17
100
AcDbEntity
  8
0
100
AcDbLine
 10
36.168400000000005
 20
-0.13027000000000002
 30
0.0
 11
36.098949999999995
 21
-0.18489
 31
0.0
  0
LINE
  5
61B
330
17
100
AcDbEntity
  8
0
100
AcDbLine
 10
36.098949999999995
 20
-0.18489
 30
0.0
 11
35.94379
 21
-0.28641
 31
0.0
  0
LINE
  5
61C
330
17
100
AcDbEntity
  8
0
100
AcDbLine
 10
35.94379
 20
-0.28641
 30
0.0
 11
35.784209999999995
 21
-0.36834
 31
0.0
  0
LINE
  5
61D
330
17
100
AcDbEntity
  8
0
100
AcDbLine
 10
35.784209999999995
 20
-0.36834
 30
0.0
 11
35.609519999999996
 21
-0.43687000000000004
 31
0.0
  0
LINE
  5
61E
330
17
100
AcDbEntity
  8
0
100
AcDbLine
 10
35.609519999999996
 20
-0.43687000000000004
 30
0.0
 11
35.41476
 21
-0.49191999999999997
 31
0.0
  0
LINE
  5
61F
330
17
100
AcDbEntity
  8
0
100
AcDbLine
 10
35.41476
 20
-0.49191999999999997
 30
0.0
 11
35.28385
 21
-0.51822
 31
0.0
  0
LINE
  5
620
330
17
100
AcDbEntity
  8
0
100
AcDbLine
 10
35.28385
 20
-0.51822
 30
0.0
 11
34.77386
 21
-0.58022
 31
0.0
  0
LINE
  5
621
330
17
100
AcDbEntity
  8
0
100
AcDbLine
 10
34.77386
 20
-0.58022
 30
0.0
 11
34.26041
 21
-0.59869
 31
0.0
  0
LINE
  5
622
330
17
100
AcDbEntity
  8
0
100
AcDbLine
 10
34.26041
 20
-0.59869
 30
0.0
 11
34.145830000000004
 21
-0.59895
 31
0.0
  0
LINE
  5
623
330
17
100
AcDbEntity
  8
0
100
AcDbLine
 10
34.145830000000004
 20
-0.59895
 30
0.0
 11
34.145830000000004
 21
-2.0
 31
0.0
  0
LINE
  5
624
330
17
100
AcDbEntity
  8
0
100
AcDbLine
 10
34.145830000000004
 20
-2.0
 30
0.0
 11
39.958330000000004
 21
-2.0
 31
0.0
  0
LINE
  5
625
330
17
100
AcDbEntity
  8
0
100
AcDbLine
 10
39.958330000000004
 20
-2.0
 30
0.0
 11
39.958330000000004
 21
9.5052
 31
0.0
  0
LINE
  5
626
330
17
100
AcDbEntity
  8
0
100
AcDbLine
 10
39.958330000000004
 20
9.5052
 30
0.0
 11
40.00716
 21
10.5371
 31
0.0
  0
LINE
  5
627
330
17
100
AcDbEntity
  8
0
100
AcDbLine
 10
40.00716
 20
10.5371
 30
0.0
 11
40.11248
 21
11.253340000000001
 31
0.0
  0
LINE
  5
628
330
17
100
AcDbEntity
  8
0
100
AcDbLine
 10
40.11248
 20
11.253340000000001
 30
0.0
 11
40.153639999999996
 21
11.445310000000001
 31
0.0
  0
LINE
  5
629
330
17
100
AcDbEntity
  8
0
100
AcDbLine
 10
40.153639999999996
 20
11.445310000000001
 30
0.0
 11
40.27948
 21
11.89318
 31
0.0
  0
LINE
  5
62A
330
17
100
AcDbEntity
  8
0
100
AcDbLine
 10
40.27948
 20
11.89318
 30
0.0
 11
40.42274
 21
12.2609
 31
0.0
  0
LINE
  5
62B
330
17
100
AcDbEntity
  8
0
100
AcDbLine
 10
40.42274
 20
12.2609
 30
0.0
 11
40.57994
 21
12.57098
 31
0.0
  0
LINE
  5
62C
330
17
100
AcDbEntity
  8
0
100
AcDbLine
 10
40.57994
 20
12.57098
 30
0.0
 11
40.74971
 21
12.83748
 31
0.0
  0
LINE
  5
62D
330
17
100
AcDbEntity
  8
0
100
AcDbLine
 10
40.74971
 20
12.83748
 30
0.0
 11
40.778639999999996
 21
12.8776
 31
0.0
  0
LINE
  5
62E
330
17
100
AcDbEntity
  8
0
100
AcDbLine
 10
40.778639999999996
 20
12.8776
 30
0.0
 11
40.9431
 21
13.080359999999999
 31
0.0
  0
LINE
  5
62F
330
17
100
AcDbEntity
  8
0
100
AcDbLine
 10
40.9431
 20
13.080359999999999
 30
0.0
 11
41.136140000000005
 21
13.2742
 31
0.0
  0
LINE
  5
630
330
17
100
AcDbEntity
  8
0
100
AcDbLine
 10
41.136140000000005
 20
13.2742
 30
0.0
 11
41.345439999999996
 21
13.44446
 31
0.0
  0
LINE
  5
631
330
17
100
AcDbEntity
  8
0
100
AcDbLine
 10
41.345439999999996
 20
13.44446
 30
0.0
 11
41.575
 21
13.595070000000002
 31
0.0
  0
LINE
  5
632
330
17
100
AcDbEntity
  8
0
100
AcDbLine
 10
41.575
 20
13.595070000000002
 30
0.0
 11
41.83066
 21
13.72831
 31
0.0
  0
LINE
  5
633
330
17
100
AcDbEntity
  8
0
100
AcDbLine
 10
41.83066
 20
13.72831
 30
0.0
 11
41.90885
 21
13.763020000000001
 31
0.0
  0
LINE
  5
634
330
17
100
AcDbEntity
  8
0
100
AcDbLine
 10
41.90885
 20
13.763020000000001
 30
0.0
 11
42.214929999999995
 21
13.87503
 31
0.0
  0
LINE
  5
635
330
17
100
AcDbEntity
  8
0
100
AcDbLine
 10
42.214929999999995
 20
13.87503
 30
0.0
 11
42.54765
 21
13.96085
 31
0.0
  0
LINE
  5
636
330
17
100
AcDbEntity
  8
0
100
AcDbLine
 10
42.54765
 20
13.96085
 30
0.0
 11
42.949729999999995
 21
14.02572
 31
0.0
  0
LINE
  5
637
330
17
100
AcDbEntity
  8
0
100
AcDbLine
 10
42.949729999999995
 20
14.02572
 30
0.0
 11
43.44581
 21
14.06022
 31
0.0
  0
LINE
  5
638
330
17
100
AcDbEntity
  8
0
100
AcDbLine
 10
43.44581
 20
14.06022
 30
0.0
 11
43.61979
 21
14.0625
 31
0.0
  0
LINE
  5
639
330
17
100
AcDbEntity
  8
0
100
AcDbLine
 10
43.61979
 20
14.0625
 30
0.0
 11
44.18683
 21
14.0328
 31
0.0
  0
LINE
  5
63A
330
17
100
AcDbEntity
  8
0
100
AcDbLine
 10
44.18683
 20
14.0328
 30
0.0
 11
44.59238
 21
13.968960000000001
 31
0.0
  0
LINE
  5
63B
330
17
100
AcDbEntity
  8
0
100
AcDbLine
 10
44.59238
 20
13.968960000000001
 30
0.0
 11
44.93456
 21
13.88027
 31
0.0
  0
LINE
  5
63C
330
17
100
AcDbEntity
  8
0
100
AcDbLine
 10
44.93456
 20
13.88027
 30
0.0
 11
45.22974
 21
13.772039999999999
 31
0.0
  0
LINE
  5
63D
330
17
100
AcDbEntity
  8
0
100
AcDbLine
 10
45.22974
 20
13.772039999999999
 30
0.0
 11
45.48945
 21
13.64676
 31
0.0
  0
LINE
  5
63E
330
17
100
AcDbEntity
  8
0
100
AcDbLine
 10
45.48945
 20
13.64676
 30
0.0
 11
45.52864
 21
13.625
 31
0.0
  0
LINE
  5
63F
330
17
100
AcDbEntity
  8
0
100
AcDbLine
 10
45.52864
 20
13.625
 30
0.0
 11
45.727
 21
13.50468
 31
0.0
  0
LINE
  5
640
330
17
100
AcDbEntity
  8
0
100
AcDbLine
 10
45.727
 20
13.50468
 30
0.0
 11
45.985989999999994
 21
13.31856
 31
0.0
  0
LINE
  5
641
330
17
100
AcDbEntity
  8
0
100
AcDbLine
 10
45.985989999999994
 20
13.31856
 30
0.0
 11
46.22683
 21
13.10949
 31
0.0
  0
LINE
  5
642
330
17
100
AcDbEntity
  8
0
100
AcDbLine
 10
46.22683
 20
13.10949
 30
0.0
 11
46.447509999999994
 21
12.87923
 31
0.0
  0
LINE
  5
643
330
17
100
AcDbEntity
  8
0
100
AcDbLine
 10
46.447509999999994
 20
12.87923
 30
0.0
 11
46.64616
 21
12.62973
 31
0.0
  0
LINE
  5
644
330
17
100
AcDbEntity
  8
0
100
AcDbLine
 10
46.64616
 20
12.62973
 30
0.0
 11
46.776039999999995
 21
12.4375
 31
0.0
  0
LINE
  5
645
330
17
100
AcDbEntity
  8
0
100
AcDbLine
 10
46.776039999999995
 20
12.4375
 30
0.0
 11
47.01702
 21
12.006269999999999
 31
0.0
  0
LINE
  5
646
330
17
100
AcDbEntity
  8
0
100
AcDbLine
 10
47.01702
 20
12.006269999999999
 30
0.0
 11
47.21123
 21
11.555309999999999
 31
0.0
  0
LINE
  5
647
330
17
100
AcDbEntity
  8
0
100
AcDbLine
 10
47.21123
 20
11.555309999999999
 30
0.0
 11
47.37355
 21
11.0465
 31
0.0
  0
LINE
  5
648
330
17
100
AcDbEntity
  8
0
100
AcDbLine
 10
47.37355
 20
11.0465
 30
0.0
 11
47.45312
 21
10.710930000000001
 31
0.0
  0
LINE
  5
649
330
17
100
AcDbEntity
  8
0
100
AcDbLine
 10
47.45312
 20
10.710930000000001
 30
0.0
 11
47.56317
 21
10.06708
 31
0.0
  0
LINE
  5
64A
330
17
100
AcDbEntity
  8
0
100
AcDbLine
 10
47.56317
 20
10.06708
 30
0.0
 11
47.63729
 21
9.31441
 31
0.0
  0
LINE
  5
64B
330
17
100
AcDbEntity
  8
0
100
AcDbLine
 10
47.63729
 20
9.31441
 30
0.0
 11
47.655910000000006
 21
8.66146
 31
0.0
  0
LINE
  5
64C
330
17
100
AcDbEntity
  8
0
100
AcDbLine
 10
47.655910000000006
 20
8.66146
 30
0.0
 11
47.65625
 21
1.6302000000000003
 31
0.0
  0
LINE
  5
64D
330
17
100
AcDbEntity
  8
0
100
AcDbLine
 10
47.65625
 20
1.6302
 30
0.0
 11
47.63871
 21
1.23945
 31
0.0
  0
LINE
  5
64E
330
17
100
AcDbEntity
  8
0
100
AcDbLine
 10
47.63871
 20
1.23945
 30
0.0
 11
47.59837
 21
0.95409
 31
0.0
  0
LINE
  5
64F
330
17
100
AcDbEntity
  8
0
100
AcDbLine
 10
47.59837
 20
0.95409
 30
0.0
 11
47.54551
 21
0.7346600000000001
 31
0.0
  0
LINE
  5
650
330
17
100
AcDbEntity
  8
0
100
AcDbLine
 10
47.54551
 20
0.7346600000000001
 30
0.0
 11
47.4853
 21
0.5607
 31
0.0
  0
LINE
  5
651
330
17
100
AcDbEntity
  8
0
100
AcDbLine
 10
47.4853
 20
0.5607
 30
0.0
 11
47.43489
 21
0.44791
 31
0.0
  0
LINE
  5
652
330
17
100
AcDbEntity
  8
0
100
AcDbLine
 10
47.43489
 20
0.44791
 30
0.0
 11
47.34125
 21
0.27911
 31
0.0
  0
LINE
  5
653
330
17
100
AcDbEntity
  8
0
100
AcDbLine
 10
47.34125
 20
0.27911
 30
0.0
 11
47.24465
 21
0.1392
 31
0.0
  0
LINE
  5
654
330
17
100
AcDbEntity
  8
0
100
AcDbLine
 10
47.24465
 20
0.1392
 30
0.0
 11
47.14475
 21
0.021129999999999996
 31
0.0
  0
LINE
  5
655
330
17
100
AcDbEntity
  8
0
100
AcDbLine
 10
47.14475
 20
0.02113
 30
0.0
 11
47.02935
 21
-0.08968999999999999
 31
0.0
  0
LINE
  5
656
330
17
100
AcDbEntity
  8
0
100
AcDbLine
 10
47.02935
 20
-0.08969
 30
0.0
 11
46.90977
 21
-0.18204
 31
0.0
  0
LINE
  5
657
330
17
100
AcDbEntity
  8
0
100
AcDbLine
 10
46.90977
 20
-0.18204
 30
0.0
 11
46.84114
 21
-0.22656
 31
0.0
  0
LINE
  5
658
330
17
100
AcDbEntity
  8
0
100
AcDbLine
 10
46.84114
 20
-0.22656
 30
0.0
 11
46.65372
 21
-0.32715
 31
0.0
  0
LINE
  5
659
330
17
100
AcDbEntity
  8
0
100
AcDbLine
 10
46.65372
 20
-0.32715
 30
0.0
 11
46.458
 21
-0.40754
 31
0.0
  0
LINE
  5
65A
330
17
100
AcDbEntity
  8
0
100
AcDbLine
 10
46.458
 20
-0.40754
 30
0.0
 11
46.23738
 21
-0.47384
 31
0.0
  0
LINE
  5
65B
330
17
100
AcDbEntity
  8
0
100
AcDbLine
 10
46.23738
 20
-0.47384
 30
0.0
 11
45.97135
 21
-0.52604
 31
0.0
  0
LINE
  5
65C
330
17
100
AcDbEntity
  8
0
100
AcDbLine
 10
45.97135
 20
-0.52604
 30
0.0
 11
45.44795
 21
-0.5815800000000001
 31
0.0
  0
LINE
  5
65D
330
17
100
AcDbEntity
  8
0
100
AcDbLine
 10
45.44795
 20
-0.5815800000000001
 30
0.0
 11
44.921870000000006
 21
-0.5988
 31
0.0
  0
LINE
  5
65E
330
17
100
AcDbEntity
  8
0
100
AcDbLine
 10
44.921870000000006
 20
-0.5988
 30
0.0
 11
44.82291
 21
-0.59895
 31
0.0
  0
LINE
  5
65F
330
17
100
AcDbEntity
  8
0
100
AcDbLine
 10
44.82291
 20
-0.59895
 30
0.0
 11
44.82291
 21
-2.0
 31
0.0
  0
LINE
  5
660
330
17
100
AcDbEntity
  8
0
100
AcDbLine
 10
44.82291
 20
-2.0
 30
0.0
 11
53.791669999999996
 21
-2.0
 31
0.0
  0
LINE
  5
661
330
17
100
AcDbEntity
  8
0
100
AcDbLine
 10
53.791669999999996
 20
-2.0
 30
0.0
 11
53.791669999999996
 21
-0.5989499999999999
 31
0.0
  0
LINE
  5
662
330
17
100
AcDbEntity
  8
0
100
AcDbLine
 10
53.791669999999996
 20
-0.59895
 30
0.0
 11
53.51562
 21
-0.59871
 31
0.0
  0
LINE
  5
663
330
17
100
AcDbEntity
  8
0
100
AcDbLine
 10
53.51562
 20
-0.59871
 30
0.0
 11
52.98012
 21
-0.5801200000000001
 31
0.0
  0
LINE
  5
664
330
17
100
AcDbEntity
  8
0
100
AcDbLine
 10
52.98012
 20
-0.5801200000000001
 30
0.0
 11
52.44791
 21
-0.51822
 31
0.0
  0
LINE
  5
665
330
17
100
AcDbEntity
  8
0
100
AcDbLine
 10
52.44791
 20
-0.51822
 30
0.0
 11
52.21278
 21
-0.46826
 31
0.0
  0
LINE
  5
666
330
17
100
AcDbEntity
  8
0
100
AcDbLine
 10
52.21278
 20
-0.46826
 30
0.0
 11
52.00847
 21
-0.40342999999999996
 31
0.0
  0
LINE
  5
667
330
17
100
AcDbEntity
  8
0
100
AcDbLine
 10
52.00847
 20
-0.40342999999999996
 30
0.0
 11
51.827239999999996
 21
-0.32567
 31
0.0
  0
LINE
  5
668
330
17
100
AcDbEntity
  8
0
100
AcDbLine
 10
51.827239999999996
 20
-0.32567
 30
0.0
 11
51.64841
 21
-0.22604
 31
0.0
  0
LINE
  5
669
330
17
100
AcDbEntity
  8
0
100
AcDbLine
 10
51.64841
 20
-0.22604
 30
0.0
 11
51.585939999999994
 21
-0.18489
 31
0.0
  0
LINE
  5
66A
330
17
100
AcDbEntity
  8
0
100
AcDbLine
 10
51.585939999999994
 20
-0.18489
 30
0.0
 11
51.45615
 21
-0.08479
 31
0.0
  0
LINE
  5
66B
330
17
100
AcDbEntity
  8
0
100
AcDbLine
 10
51.45615
 20
-0.08479
 30
0.0
 11
51.341390000000004
 21
0.0247
 31
0.0
  0
LINE
  5
66C
330
17
100
AcDbEntity
  8
0
100
AcDbLine
 10
51.341390000000004
 20
0.0247
 30
0.0
 11
51.23337
 21
0.15077
 31
0.0
  0
LINE
  5
66D
330
17
100
AcDbEntity
  8
0
100
AcDbLine
 10
51.23337
 20
0.15077
 30
0.0
 11
51.130759999999995
 21
0.29758999999999997
 31
0.0
  0
LINE
  5
66E
330
17
100
AcDbEntity
  8
0
100
AcDbLine
 10
51.130759999999995
 20
0.29758999999999997
 30
0.0
 11
51.032880000000006
 21
0.47109
 31
0.0
  0
LINE
  5
66F
330
17
100
AcDbEntity
  8
0
100
AcDbLine
 10
51.032880000000006
 20
0.47109
 30
0.0
 11
51.0
 21
0.53906
 31
0.0
  0
LINE
  5
670
330
17
100
AcDbEntity
  8
0
100
AcDbLine
 10
51.0
 20
0.53906
 30
0.0
 11
50.93121
 21
0.71039
 31
0.0
  0
LINE
  5
671
330
17
100
AcDbEntity
  8
0
100
AcDbLine
 10
50.93121
 20
0.71039
 30
0.0
 11
50.87465
 21
0.90298
 31
0.0
  0
LINE
  5
672
330
17
100
AcDbEntity
  8
0
100
AcDbLine
 10
50.87465
 20
0.90298
 30
0.0
 11
50.82617
 21
1.14719
 31
0.0
  0
LINE
  5
673
330
17
100
AcDbEntity
  8
0
100
AcDbLine
 10
50.82617
 20
1.14719
 30
0.0
 11
50.78777
 21
1.5311299999999999
 31
0.0
  0
LINE
  5
674
330
17
100
AcDbEntity
  8
0
100
AcDbLine
 10
50.78777
 20
1.5311299999999999
 30
0.0
 11
50.78125
 21
1.79166
 31
0.0
  0
LINE
  5
675
330
17
100
AcDbEntity
  8
0
100
AcDbLine
 10
50.78125
 20
1.79166
 30
0.0
 11
50.78125
 21
12.1927
 31
0.0
  0
LINE
  5
676
330
17
100
AcDbEntity
  8
0
100
AcDbLine
 10
50.78125
 20
12.1927
 30
0.0
 11
50.79893
 21
12.58712
 31
0.0
  0
LINE
  5
677
330
17
100
AcDbEntity
  8
0
100
AcDbLine
 10
50.79893
 20
12.58712
 30
0.0
 11
50.83947
 21
12.874170000000001
 31
0.0
  0
LINE
  5
678
330
17
100
AcDbEntity
  8
0
100
AcDbLine
 10
50.83947
 20
12.874170000000001
 30
0.0
 11
50.89246
 21
13.09432
 31
0.0
  0
LINE
  5
679
330
17
100
AcDbEntity
  8
0
100
AcDbLine
 10
50.89246
 20
13.09432
 30
0.0
 11
50.95268
 21
13.26845
 31
0.0
  0
LINE
  5
67A
330
17
100
AcDbEntity
  8
0
100
AcDbLine
 10
50.95268
 20
13.26845
 30
0.0
 11
51.0
 21
13.375
 31
0.0
  0
LINE
  5
67B
330
17
100
AcDbEntity
  8
0
100
AcDbLine
 10
51.0
 20
13.375
 30
0.0
 11
51.09446
 21
13.547089999999999
 31
0.0
  0
LINE
  5
67C
330
17
100
AcDbEntity
  8
0
100
AcDbLine
 10
51.09446
 20
13.547089999999999
 30
0.0
 11
51.19361
 21
13.692060000000001
 31
0.0
  0
LINE
  5
67D
330
17
100
AcDbEntity
  8
0
100
AcDbLine
 10
51.19361
 20
13.692060000000001
 30
0.0
 11
51.297799999999995
 21
13.81626
 31
0.0
  0
LINE
  5
67E
330
17
100
AcDbEntity
  8
0
100
AcDbLine
 10
51.297799999999995
 20
13.81626
 30
0.0
 11
51.4187
 21
13.9335
 31
0.0
  0
LINE
  5
67F
330
17
100
AcDbEntity
  8
0
100
AcDbLine
 10
51.4187
 20
13.9335
 30
0.0
 11
51.545899999999996
 21
14.03291
 31
0.0
  0
LINE
  5
680
330
17
100
AcDbEntity
  8
0
100
AcDbLine
 10
51.545899999999996
 20
14.03291
 30
0.0
 11
51.59375
 21
14.065100000000001
 31
0.0
  0
LINE
  5
681
330
17
100
AcDbEntity
  8
0
100
AcDbLine
 10
51.59375
 20
14.065100000000001
 30
0.0
 11
51.784620000000004
 21
14.174199999999999
 31
0.0
  0
LINE
  5
682
330
17
100
AcDbEntity
  8
0
100
AcDbLine
 10
51.784620000000004
 20
14.174199999999999
 30
0.0
 11
51.98203
 21
14.26126
 31
0.0
  0
LINE
  5
683
330
17
100
AcDbEntity
  8
0
100
AcDbLine
 10
51.98203
 20
14.26126
 30
0.0
 11
52.201
 21
14.332920000000001
 31
0.0
  0
LINE
  5
684
330
17
100
AcDbEntity
  8
0
100
AcDbLine
 10
52.201
 20
14.332920000000001
 30
0.0
 11
52.46354
 21
14.39062
 31
0.0
  0
LINE
  5
685
330
17
100
AcDbEntity
  8
0
100
AcDbLine
 10
52.46354
 20
14.39062
 30
0.0
 11
52.98783
 21
14.45421
 31
0.0
  0
LINE
  5
686
330
17
100
AcDbEntity
  8
0
100
AcDbLine
 10
52.98783
 20
14.45421
 30
0.0
 11
53.51562
 21
14.47376
 31
0.0
  0
LINE
  5
687
330
17
100
AcDbEntity
  8
0
100
AcDbLine
 10
53.51562
 20
14.47376
 30
0.0
 11
53.609370000000006
 21
14.473949999999999
 31
0.0
  0
LINE
  5
688
330
17
100
AcDbEntity
  8
0
100
AcDbLine
 10
53.609370000000006
 20
14.473949999999999
 30
0.0
 11
53.609370000000006
 21
15.869790000000002
 31
0.0
  0
LINE
  5
689
330
17
100
AcDbEntity
  8
0
100
AcDbLine
 10
53.609370000000006
 20
15.869790000000002
 30
0.0
 11
48.22395
 21
15.869790000000002
 31
0.0
  0
LINE
  5
68A
330
17
100
AcDbEntity
  8
0
100
AcDbLine
 10
48.22395
 20
15.869790000000002
 30
0.0
 11
47.786460000000005
 21
13.17187
 31
0.0
  0
LINE
  5
68B
330
17
100
AcDbEntity
  8
0
100
AcDbLine
 10
47.786460000000005
 20
13.17187
 30
0.0
 11
47.61979
 21
13.17187
 31
0.0
  0
LINE
  5
68C
330
17
100
AcDbEntity
  8
0
100
AcDbLine
 10
47.61979
 20
13.17187
 30
0.0
 11
47.11341
 21
13.97633
 31
0.0
  0
LINE
  5
68D
330
17
100
AcDbEntity
  8
0
100
AcDbLine
 10
47.11341
 20
13.97633
 30
0.0
 11
46.73438
 21
14.46176
 31
0.0
  0
LINE
  5
68E
330
17
100
AcDbEntity
  8
0
100
AcDbLine
 10
46.73438
 20
14.46176
 30
0.0
 11
46.52343
 21
14.6927
 31
0.0
  0
LINE
  5
68F
330
17
100
AcDbEntity
  8
0
100
AcDbLine
 10
46.52343
 20
14.6927
 30
0.0
 11
46.10096
 21
15.08589
 31
0.0
  0
LINE
  5
690
330
17
100
AcDbEntity
  8
0
100
AcDbLine
 10
46.10096
 20
15.08589
 30
0.0
 11
45.73474
 21
15.36269
 31
0.0
  0
LINE
  5
691
330
17
100
AcDbEntity
  8
0
100
AcDbLine
 10
45.73474
 20
15.36269
 30
0.0
 11
45.38196
 21
15.578669999999999
 31
0.0
  0
LINE
  5
692
330
17
100
AcDbEntity
  8
0
100
AcDbLine
 10
45.38196
 20
15.578669999999999
 30
0.0
 11
45.30468
 21
15.61979
 31
0.0
  0
LINE
  5
693
330
17
100
AcDbEntity
  8
0
100
AcDbLine
 10
45.30468
 20
15.61979
 30
0.0
 11
45.01059
 21
15.7593
 31
0.0
  0
LINE
  5
694
330
17
100
AcDbEntity
  8
0
100
AcDbLine
 10
45.01059
 20
15.7593
 30
0.0
 11
44.63893
 21
15.90113
 31
0.0
  0
LINE
  5
695
330
17
100
AcDbEntity
  8
0
100
AcDbLine
 10
44.63893
 20
15.90113
 30
0.0
 11
44.25646
 21
16.01053
 31
0.0
  0
LINE
  5
696
330
17
100
AcDbEntity
  8
0
100
AcDbLine
 10
44.25646
 20
16.01053
 30
0.0
 11
43.93752
 21
16.07566
 31
0.0
  0
LINE
  5
697
330
17
100
AcDbEntity
  8
0
100
AcDbLine
 10
43.93752
 20
16.07566
 30
0.0
 11
43.177060000000004
 21
16.168660000000003
 31
0.0
  0
LINE
  5
698
330
17
100
AcDbEntity
  8
0
100
AcDbLine
 10
43.177060000000004
 20
16.168660000000003
 30
0.0
 11
42.41146
 21
16.19791
 31
0.0
  0
LINE
  5
699
330
17
100
AcDbEntity
  8
0
100
AcDbLine
 10
42.41146
 20
16.19791
 30
0.0
 11
41.55837
 21
16.15473
 31
0.0
  0
LINE
  5
69A
330
17
100
AcDbEntity
  8
0
100
AcDbLine
 10
41.55837
 20
16.15473
 30
0.0
 11
40.90488
 21
16.05453
 31
0.0
  0
LINE
  5
69B
330
17
100
AcDbEntity
  8
0
100
AcDbLine
 10
40.90488
 20
16.05453
 30
0.0
 11
40.344030000000004
 21
15.911430000000001
 31
0.0
  0
LINE
  5
69C
330
17
100
AcDbEntity
  8
0
100
AcDbLine
 10
40.344030000000004
 20
15.911430000000001
 30
0.0
 11
40.05989
 21
15.8151
 31
0.0
  0
LINE
  5
69D
330
17
100
AcDbEntity
  8
0
100
AcDbLine
 10
40.05989
 20
15.8151
 30
0.0
 11
39.72464
 21
15.6771
 31
0.0
  0
LINE
  5
69E
330
17
100
AcDbEntity
  8
0
100
AcDbLine
 10
39.72464
 20
15.6771
 30
0.0
 11
39.30896
 21
15.459840000000002
 31
0.0
  0
LINE
  5
69F
330
17
100
AcDbEntity
  8
0
100
AcDbLine
 10
39.30896
 20
15.459840000000002
 30
0.0
 11
38.91854
 21
15.199900000000001
 31
0.0
  0
LINE
  5
6A0
330
17
100
AcDbEntity
  8
0
100
AcDbLine
 10
38.91854
 20
15.199900000000001
 30
0.0
 11
38.55775
 21
14.90019
 31
0.0
  0
LINE
  5
6A1
330
17
100
AcDbEntity
  8
0
100
AcDbLine
 10
38.55775
 20
14.90019
 30
0.0
 11
38.302080000000004
 21
14.64323
 31
0.0
  0
LINE
  5
6A2
330
17
100
AcDbEntity
  8
0
100
AcDbLine
 10
38.302080000000004
 20
14.64323
 30
0.0
 11
38.012589999999996
 21
14.29142
 31
0.0
  0
LINE
  5
6A3
330
17
100
AcDbEntity
  8
0
100
AcDbLine
 10
38.012589999999996
 20
14.29142
 30
0.0
 11
37.75964
 21
13.91064
 31
0.0
  0
LINE
  5
6A4
330
17
100
AcDbEntity
  8
0
100
AcDbLine
 10
37.75964
 20
13.91064
 30
0.0
 11
37.52267
 21
13.46569
 31
0.0
  0
LINE
  5
6A5
330
17
100
AcDbEntity
  8
0
100
AcDbLine
 10
37.52267
 20
13.46569
 30
0.0
 11
37.30278
 21
12.93722
 31
0.0
  0
LINE
  5
6A6
330
17
100
AcDbEntity
  8
0
100
AcDbLine
 10
-30.1875
 20
-11.57595
 30
0.0
 11
-32.53298
 21
-11.57595
 31
0.0
  0
LINE
  5
6A7
330
17
100
AcDbEntity
  8
0
100
AcDbLine
 10
-32.53298
 20
-11.57595
 30
0.0
 11
-32.26866
 21
-12.90364
 31
0.0
  0
LINE
  5
6A8
330
17
100
AcDbEntity
  8
0
100
AcDbLine
 10
-32.26866
 20
-12.90364
 30
0.0
 11
-29.892789999999998
 21
-12.90364
 31
0.0
  0
LINE
  5
6A9
330
17
100
AcDbEntity
  8
0
100
AcDbLine
 10
-29.892789999999998
 20
-12.90364
 30
0.0
 11
-28.72632
 21
-18.22964
 31
0.0
  0
LINE
  5
6AA
330
17
100
AcDbEntity
  8
0
100
AcDbLine
 10
-28.72632
 20
-18.22964
 30
0.0
 11
-28.641920000000002
 21
-18.61498
 31
0.0
  0
LINE
  5
6AB
330
17
100
AcDbEntity
  8
0
100
AcDbLine
 10
-28.641920000000002
 20
-18.61498
 30
0.0
 11
-28.57874
 21
-19.00433
 31
0.0
  0
LINE
  5
6AC
330
17
100
AcDbEntity
  8
0
100
AcDbLine
 10
-28.57874
 20
-19.00433
 30
0.0
 11
-28.54702
 21
-19.31507
 31
0.0
  0
LINE
  5
6AD
330
17
100
AcDbEntity
  8
0
100
AcDbLine
 10
-28.54702
 20
-19.31507
 30
0.0
 11
-28.53472
 21
-19.62717
 31
0.0
  0
LINE
  5
6AE
330
17
100
AcDbEntity
  8
0
100
AcDbLine
 10
-28.53472
 20
-19.62717
 30
0.0
 11
-28.5417
 21
-19.77754
 31
0.0
  0
LINE
  5
6AF
330
17
100
AcDbEntity
  8
0
100
AcDbLine
 10
-28.5417
 20
-19.77754
 30
0.0
 11
-28.55915
 21
-19.8984
 31
0.0
  0
LINE
  5
6B0
330
17
100
AcDbEntity
  8
0
100
AcDbLine
 10
-28.55915
 20
-19.8984
 30
0.0
 11
-28.58378
 21
-19.998749999999998
 31
0.0
  0
LINE
  5
6B1
330
17
100
AcDbEntity
  8
0
100
AcDbLine
 10
-28.58378
 20
-19.998749999999998
 30
0.0
 11
-28.61381
 21
-20.0841
 31
0.0
  0
LINE
  5
6B2
330
17
100
AcDbEntity
  8
0
100
AcDbLine
 10
-28.61381
 20
-20.0841
 30
0.0
 11
-28.64839
 21
-20.15825
 31
0.0
  0
LINE
  5
6B3
330
17
100
AcDbEntity
  8
0
100
AcDbLine
 10
-28.64839
 20
-20.15825
 30
0.0
 11
-28.69182
 21
-20.23074
 31
0.0
  0
LINE
  5
6B4
330
17
100
AcDbEntity
  8
0
100
AcDbLine
 10
-28.69182
 20
-20.23074
 30
0.0
 11
-28.73968
 21
-20.29397
 31
0.0
  0
LINE
  5
6B5
330
17
100
AcDbEntity
  8
0
100
AcDbLine
 10
-28.73968
 20
-20.29397
 30
0.0
 11
-28.789160000000003
 21
-20.347009999999997
 31
0.0
  0
LINE
  5
6B6
330
17
100
AcDbEntity
  8
0
100
AcDbLine
 10
-28.789160000000003
 20
-20.347009999999997
 30
0.0
 11
-28.80056
 21
-20.35785
 31
0.0
  0
LINE
  5
6B7
330
17
100
AcDbEntity
  8
0
100
AcDbLine
 10
-28.80056
 20
-20.35785
 30
0.0
 11
-28.86581
 21
-20.41293
 31
0.0
  0
LINE
  5
6B8
330
17
100
AcDbEntity
  8
0
100
AcDbLine
 10
-28.86581
 20
-20.41293
 30
0.0
 11
-28.93992
 21
-20.46359
 31
0.0
  0
LINE
  5
6B9
330
17
100
AcDbEntity
  8
0
100
AcDbLine
 10
-28.93992
 20
-20.46359
 30
0.0
 11
-29.01868
 21
-20.50619
 31
0.0
  0
LINE
  5
6BA
330
17
100
AcDbEntity
  8
0
100
AcDbLine
 10
-29.01868
 20
-20.50619
 30
0.0
 11
-29.10375
 21
-20.54158
 31
0.0
  0
LINE
  5
6BB
330
17
100
AcDbEntity
  8
0
100
AcDbLine
 10
-29.10375
 20
-20.54158
 30
0.0
 11
-29.19731
 21
-20.56999
 31
0.0
  0
LINE
  5
6BC
330
17
100
AcDbEntity
  8
0
100
AcDbLine
 10
-29.19731
 20
-20.56999
 30
0.0
 11
-29.302220000000002
 21
-20.59096
 31
0.0
  0
LINE
  5
6BD
330
17
100
AcDbEntity
  8
0
100
AcDbLine
 10
-29.302220000000002
 20
-20.59096
 30
0.0
 11
-29.42222
 21
-20.603219999999997
 31
0.0
  0
LINE
  5
6BE
330
17
100
AcDbEntity
  8
0
100
AcDbLine
 10
-29.42222
 20
-20.603219999999997
 30
0.0
 11
-29.503899999999998
 21
-20.60546
 31
0.0
  0
LINE
  5
6BF
330
17
100
AcDbEntity
  8
0
100
AcDbLine
 10
-29.503899999999998
 20
-20.60546
 30
0.0
 11
-29.69404
 21
-20.59914
 31
0.0
  0
LINE
  5
6C0
330
17
100
AcDbEntity
  8
0
100
AcDbLine
 10
-29.69404
 20
-20.59914
 30
0.0
 11
-29.92463
 21
-20.569960000000002
 31
0.0
  0
LINE
  5
6C1
330
17
100
AcDbEntity
  8
0
100
AcDbLine
 10
-29.92463
 20
-20.569960000000002
 30
0.0
 11
-30.150750000000002
 21
-20.51621
 31
0.0
  0
LINE
  5
6C2
330
17
100
AcDbEntity
  8
0
100
AcDbLine
 10
-30.150750000000002
 20
-20.51621
 30
0.0
 11
-30.33043
 21
-20.4539
 31
0.0
  0
LINE
  5
6C3
330
17
100
AcDbEntity
  8
0
100
AcDbLine
 10
-30.33043
 20
-20.4539
 30
0.0
 11
-30.685170000000003
 21
-20.2891
 31
0.0
  0
LINE
  5
6C4
330
17
100
AcDbEntity
  8
0
100
AcDbLine
 10
-30.685170000000003
 20
-20.2891
 30
0.0
 11
-31.02306
 21
-20.09212
 31
0.0
  0
LINE
  5
6C5
330
17
100
AcDbEntity
  8
0
100
AcDbLine
 10
-31.02306
 20
-20.09212
 30
0.0
 11
-31.469640000000002
 21
-20.83337
 31
0.0
  0
LINE
  5
6C6
330
17
100
AcDbEntity
  8
0
100
AcDbLine
 10
-31.469640000000002
 20
-20.83337
 30
0.0
 11
-30.79061
 21
-21.35443
 31
0.0
  0
LINE
  5
6C7
330
17
100
AcDbEntity
  8
0
100
AcDbLine
 10
-30.79061
 20
-21.35443
 30
0.0
 11
-30.41346
 21
-21.58918
 31
0.0
  0
LINE
  5
6C8
330
17
100
AcDbEntity
  8
0
100
AcDbLine
 10
-30.41346
 20
-21.58918
 30
0.0
 11
-30.01586
 21
-21.78736
 31
0.0
  0
LINE
  5
6C9
330
17
100
AcDbEntity
  8
0
100
AcDbLine
 10
-30.01586
 20
-21.78736
 30
0.0
 11
-29.57483
 21
-21.95631
 31
0.0
  0
LINE
  5
6CA
330
17
100
AcDbEntity
  8
0
100
AcDbLine
 10
-29.57483
 20
-21.95631
 30
0.0
 11
-29.11961
 21
-22.08222
 31
0.0
  0
LINE
  5
6CB
330
17
100
AcDbEntity
  8
0
100
AcDbLine
 10
-29.11961
 20
-22.08222
 30
0.0
 11
-28.79312
 21
-22.14214
 31
0.0
  0
LINE
  5
6CC
330
17
100
AcDbEntity
  8
0
100
AcDbLine
 10
-28.79312
 20
-22.14214
 30
0.0
 11
-28.41083
 21
-22.181820000000002
 31
0.0
  0
LINE
  5
6CD
330
17
100
AcDbEntity
  8
0
100
AcDbLine
 10
-28.41083
 20
-22.181820000000002
 30
0.0
 11
-28.07899
 21
-22.19106
 31
0.0
  0
LINE
  5
6CE
330
17
100
AcDbEntity
  8
0
100
AcDbLine
 10
-28.07899
 20
-22.19106
 30
0.0
 11
-27.761029999999998
 21
-22.17889
 31
0.0
  0
LINE
  5
6CF
330
17
100
AcDbEntity
  8
0
100
AcDbLine
 10
-27.761029999999998
 20
-22.17889
 30
0.0
 11
-27.39612
 21
-22.128510000000002
 31
0.0
  0
LINE
  5
6D0
330
17
100
AcDbEntity
  8
0
100
AcDbLine
 10
-27.39612
 20
-22.128510000000002
 30
0.0
 11
-27.087030000000002
 21
-22.05312
 31
0.0
  0
LINE
  5
6D1
330
17
100
AcDbEntity
  8
0
100
AcDbLine
 10
-27.087030000000002
 20
-22.05312
 30
0.0
 11
-26.93995
 21
-22.00459
 31
0.0
  0
LINE
  5
6D2
330
17
100
AcDbEntity
  8
0
100
AcDbLine
 10
-26.93995
 20
-22.00459
 30
0.0
 11
-26.7548
 21
-21.927979999999998
 31
0.0
  0
LINE
  5
6D3
330
17
100
AcDbEntity
  8
0
100
AcDbLine
 10
-26.7548
 20
-21.927979999999998
 30
0.0
 11
-26.577090000000002
 21
-21.83541
 31
0.0
  0
LINE
  5
6D4
330
17
100
AcDbEntity
  8
0
100
AcDbLine
 10
-26.577090000000002
 20
-21.83541
 30
0.0
 11
-26.4082
 21
-21.727590000000003
 31
0.0
  0
LINE
  5
6D5
330
17
100
AcDbEntity
  8
0
100
AcDbLine
 10
-26.4082
 20
-21.727590000000003
 30
0.0
 11
-26.28475
 21
-21.63412
 31
0.0
  0
LINE
  5
6D6
330
17
100
AcDbEntity
  8
0
100
AcDbLine
 10
-26.28475
 20
-21.63412
 30
0.0
 11
-26.171429999999997
 21
-21.53241
 31
0.0
  0
LINE
  5
6D7
330
17
100
AcDbEntity
  8
0
100
AcDbLine
 10
-26.171429999999997
 20
-21.53241
 30
0.0
 11
-26.03734
 21
-21.38806
 31
0.0
  0
LINE
  5
6D8
330
17
100
AcDbEntity
  8
0
100
AcDbLine
 10
-26.03734
 20
-21.38806
 30
0.0
 11
-25.91855
 21
-21.23087
 31
0.0
  0
LINE
  5
6D9
330
17
100
AcDbEntity
  8
0
100
AcDbLine
 10
-25.91855
 20
-21.23087
 30
0.0
 11
-25.816300000000002
 21
-21.06247
 31
0.0
  0
LINE
  5
6DA
330
17
100
AcDbEntity
  8
0
100
AcDbLine
 10
-25.816300000000002
 20
-21.06247
 30
0.0
 11
-25.74869
 21
-20.92599
 31
0.0
  0
LINE
  5
6DB
330
17
100
AcDbEntity
  8
0
100
AcDbLine
 10
-25.74869
 20
-20.92599
 30
0.0
 11
-25.67456
 21
-20.73696
 31
0.0
  0
LINE
  5
6DC
330
17
100
AcDbEntity
  8
0
100
AcDbLine
 10
-25.67456
 20
-20.73696
 30
0.0
 11
-25.6191
 21
-20.53845
 31
0.0
  0
LINE
  5
6DD
330
17
100
AcDbEntity
  8
0
100
AcDbLine
 10
-25.6191
 20
-20.53845
 30
0.0
 11
-25.578509999999998
 21
-20.310930000000003
 31
0.0
  0
LINE
  5
6DE
330
17
100
AcDbEntity
  8
0
100
AcDbLine
 10
-25.578509999999998
 20
-20.310930000000003
 30
0.0
 11
-25.556530000000002
 21
-20.045029999999997
 31
0.0
  0
LINE
  5
6DF
330
17
100
AcDbEntity
  8
0
100
AcDbLine
 10
-25.556530000000002
 20
-20.045029999999997
 30
0.0
 11
-25.55425
 21
-19.921870000000002
 31
0.0
  0
LINE
  5
6E0
330
17
100
AcDbEntity
  8
0
100
AcDbLine
 10
-25.55425
 20
-19.921870000000002
 30
0.0
 11
-25.56948
 21
-19.54058
 31
0.0
  0
LINE
  5
6E1
330
17
100
AcDbEntity
  8
0
100
AcDbLine
 10
-25.56948
 20
-19.54058
 30
0.0
 11
-25.611990000000002
 21
-19.113709999999998
 31
0.0
  0
LINE
  5
6E2
330
17
100
AcDbEntity
  8
0
100
AcDbLine
 10
-25.611990000000002
 20
-19.113709999999998
 30
0.0
 11
-25.67732
 21
-18.68077
 31
0.0
  0
LINE
  5
6E3
330
17
100
AcDbEntity
  8
0
100
AcDbLine
 10
-25.67732
 20
-18.68077
 30
0.0
 11
-25.75474
 21
-18.287319999999998
 31
0.0
  0
LINE
  5
6E4
330
17
100
AcDbEntity
  8
0
100
AcDbLine
 10
-25.75474
 20
-18.287319999999998
 30
0.0
 11
-26.92144
 21
-12.90364
 31
0.0
  0
LINE
  5
6E5
330
17
100
AcDbEntity
  8
0
100
AcDbLine
 10
-26.92144
 20
-12.90364
 30
0.0
 11
-25.42057
 21
-12.90364
 31
0.0
  0
LINE
  5
6E6
330
17
100
AcDbEntity
  8
0
100
AcDbLine
 10
-25.42057
 20
-12.90364
 30
0.0
 11
-25.6302
 21
-11.90711
 31
0.0
  0
LINE
  5
6E7
330
17
100
AcDbEntity
  8
0
100
AcDbLine
 10
-25.6302
 20
-11.90711
 30
0.0
 11
-25.90585
 21
-11.89252
 31
0.0
  0
LINE
  5
6E8
330
17
100
AcDbEntity
  8
0
100
AcDbLine
 10
-25.90585
 20
-11.89252
 30
0.0
 11
-26.199460000000002
 21
-11.84821
 31
0.0
  0
LINE
  5
6E9
330
17
100
AcDbEntity
  8
0
100
AcDbLine
 10
-26.199460000000002
 20
-11.84821
 30
0.0
 11
-26.54318
 21
-11.76432
 31
0.0
  0
LINE
  5
6EA
330
17
100
AcDbEntity
  8
0
100
AcDbLine
 10
-26.54318
 20
-11.76432
 30
0.0
 11
-26.87886
 21
-11.64758
 31
0.0
  0
LINE
  5
6EB
330
17
100
AcDbEntity
  8
0
100
AcDbLine
 10
-26.87886
 20
-11.64758
 30
0.0
 11
-27.21975
 21
-11.49004
 31
0.0
  0
LINE
  5
6EC
330
17
100
AcDbEntity
  8
0
100
AcDbLine
 10
-27.21975
 20
-11.49004
 30
0.0
 11
-27.553379999999997
 21
-11.299470000000001
 31
0.0
  0
LINE
  5
6ED
330
17
100
AcDbEntity
  8
0
100
AcDbLine
 10
-27.553379999999997
 20
-11.299470000000001
 30
0.0
 11
-27.95781
 21
-11.01675
 31
0.0
  0
LINE
  5
6EE
330
17
100
AcDbEntity
  8
0
100
AcDbLine
 10
-27.95781
 20
-11.01675
 30
0.0
 11
-28.37114
 21
-10.6648
 31
0.0
  0
LINE
  5
6EF
330
17
100
AcDbEntity
  8
0
100
AcDbLine
 10
-28.37114
 20
-10.6648
 30
0.0
 11
-28.58789
 21
-10.45486
 31
0.0
  0
LINE
  5
6F0
330
17
100
AcDbEntity
  8
0
100
AcDbLine
 10
-28.58789
 20
-10.45486
 30
0.0
 11
-28.97327
 21
-10.023950000000001
 31
0.0
  0
LINE
  5
6F1
330
17
100
AcDbEntity
  8
0
100
AcDbLine
 10
-28.97327
 20
-10.023950000000001
 30
0.0
 11
-29.35547
 21
-9.50493
 31
0.0
  0
LINE
  5
6F2
330
17
100
AcDbEntity
  8
0
100
AcDbLine
 10
-29.35547
 20
-9.50493
 30
0.0
 11
-29.561629999999997
 21
-9.18185
 31
0.0
  0
LINE
  5
6F3
330
17
100
AcDbEntity
  8
0
100
AcDbLine
 10
-29.561629999999997
 20
-9.18185
 30
0.0
 11
-30.691840000000003
 21
-9.18185
 31
0.0
  0
LINE
  5
6F4
330
17
100
AcDbEntity
  8
0
100
AcDbLine
 10
-30.691840000000003
 20
-9.18185
 30
0.0
 11
-30.1875
 21
-11.57595
 31
0.0
  0
LINE
  5
6F5
330
17
100
AcDbEntity
  8
0
100
AcDbLine
 10
33.035599999999995
 20
-22.58285
 30
0.0
 11
32.22302
 21
-22.0
 31
0.0
  0
LINE
  5
6F6
330
17
100
AcDbEntity
  8
0
100
AcDbLine
 10
32.22302
 20
-22.0
 30
0.0
 11
31.05732
 21
-23.625159999999997
 31
0.0
  0
LINE
  5
6F7
330
17
100
AcDbEntity
  8
0
100
AcDbLine
 10
31.05732
 20
-23.625159999999997
 30
0.0
 11
31.8699
 21
-24.208009999999998
 31
0.0
  0
LINE
  5
6F8
330
17
100
AcDbEntity
  8
0
100
AcDbLine
 10
31.8699
 20
-24.208009999999998
 30
0.0
 11
33.035599999999995
 21
-22.58285
 31
0.0
  0
LINE
  5
6F9
330
17
100
AcDbEntity
  8
0
100
AcDbLine
 10
41.97351
 20
-22.41112
 30
0.0
 11
41.258410000000005
 21
-23.11014
 31
0.0
  0
LINE
  5
6FA
330
17
100
AcDbEntity
  8
0
100
AcDbLine
 10
41.258410000000005
 20
-23.11014
 30
0.0
 11
42.65646
 21
-24.54034
 31
0.0
  0
LINE
  5
6FB
330
17
100
AcDbEntity
  8
0
100
AcDbLine
 10
42.65646
 20
-24.54034
 30
0.0
 11
43.37156
 21
-23.84131
 31
0.0
  0
LINE
  5
6FC
330
17
100
AcDbEntity
  8
0
100
AcDbLine
 10
43.37156
 20
-23.84131
 30
0.0
 11
41.97351
 21
-22.41112
 31
0.0
  0
LINE
  5
6FD
330
17
100
AcDbEntity
  8
0
100
AcDbLine
 10
27.37273
 20
12.08019
 30
0.0
 11
27.58313
 21
11.53996
 31
0.0
  0
LINE
  5
6FE
330
17
100
AcDbEntity
  8
0
100
AcDbLine
 10
27.58313
 20
11.53996
 30
0.0
 11
27.780160000000002
 21
10.85725
 31
0.0
  0
LINE
  5
6FF
330
17
100
AcDbEntity
  8
0
100
AcDbLine
 10
27.780160000000002
 20
10.85725
 30
0.0
 11
27.911450000000002
 21
10.22395
 31
0.0
  0
LINE
  5
700
330
17
100
AcDbEntity
  8
0
100
AcDbLine
 10
27.911450000000002
 20
10.22395
 30
0.0
 11
28.09505
 21
8.709629999999999
 31
0.0
  0
LINE
  5
701
330
17
100
AcDbEntity
  8
0
100
AcDbLine
 10
28.09505
 20
8.709629999999999
 30
0.0
 11
28.15625
 21
6.96875
 31
0.0
  0
LINE
  5
702
330
17
100
AcDbEntity
  8
0
100
AcDbLine
 10
28.15625
 20
6.96875
 30
0.0
 11
28.09505
 21
5.223949999999999
 31
0.0
  0
LINE
  5
703
330
17
100
AcDbEntity
  8
0
100
AcDbLine
 10
28.09505
 20
5.223949999999999
 30
0.0
 11
27.911450000000002
 21
3.69791
 31
0.0
  0
LINE
  5
704
330
17
100
AcDbEntity
  8
0
100
AcDbLine
 10
27.911450000000002
 20
3.69791
 30
0.0
 11
27.69144
 21
2.72051
 31
0.0
  0
LINE
  5
705
330
17
100
AcDbEntity
  8
0
100
AcDbLine
 10
27.69144
 20
2.72051
 30
0.0
 11
27.47153
 21
2.06439
 31
0.0
  0
LINE
  5
706
330
17
100
AcDbEntity
  8
0
100
AcDbLine
 10
27.47153
 20
2.06439
 30
0.0
 11
27.24402
 21
1.5542799999999999
 31
0.0
  0
LINE
  5
707
330
17
100
AcDbEntity
  8
0
100
AcDbLine
 10
27.24402
 20
1.5542799999999999
 30
0.0
 11
27.12239
 21
1.32812
 31
0.0
  0
LINE
  5
708
330
17
100
AcDbEntity
  8
0
100
AcDbLine
 10
27.12239
 20
1.32812
 30
0.0
 11
26.8919
 21
0.96585
 31
0.0
  0
LINE
  5
709
330
17
100
AcDbEntity
  8
0
100
AcDbLine
 10
26.8919
 20
0.96585
 30
0.0
 11
26.65306
 21
0.66101
 31
0.0
  0
LINE
  5
70A
330
17
100
AcDbEntity
  8
0
100
AcDbLine
 10
26.65306
 20
0.66101
 30
0.0
 11
26.37536
 21
0.37357
 31
0.0
  0
LINE
  5
70B
330
17
100
AcDbEntity
  8
0
100
AcDbLine
 10
26.37536
 20
0.37357
 30
0.0
 11
26.087909999999997
 21
0.13422000000000003
 31
0.0
  0
LINE
  5
70C
330
17
100
AcDbEntity
  8
0
100
AcDbLine
 10
26.087909999999997
 20
0.13422
 30
0.0
 11
25.78709
 21
-0.06653
 31
0.0
  0
LINE
  5
70D
330
17
100
AcDbEntity
  8
0
100
AcDbLine
 10
25.78709
 20
-0.06653
 30
0.0
 11
25.70833
 21
-0.11197
 31
0.0
  0
LINE
  5
70E
330
17
100
AcDbEntity
  8
0
100
AcDbLine
 10
25.70833
 20
-0.11197
 30
0.0
 11
25.38839
 21
-0.26909
 31
0.0
  0
LINE
  5
70F
330
17
100
AcDbEntity
  8
0
100
AcDbLine
 10
25.38839
 20
-0.26909
 30
0.0
 11
25.05423
 21
-0.39258000000000004
 31
0.0
  0
LINE
  5
710
330
17
100
AcDbEntity
  8
0
100
AcDbLine
 10
25.05423
 20
-0.39258000000000004
 30
0.0
 11
24.67641
 21
-0.49173999999999995
 31
0.0
  0
LINE
  5
711
330
17
100
AcDbEntity
  8
0
100
AcDbLine
 10
24.67641
 20
-0.49173999999999995
 30
0.0
 11
24.24108
 21
-0.56253
 31
0.0
  0
LINE
  5
712
330
17
100
AcDbEntity
  8
0
100
AcDbLine
 10
24.24108
 20
-0.56253
 30
0.0
 11
23.72858
 21
-0.59729
 31
0.0
  0
LINE
  5
713
330
17
100
AcDbEntity
  8
0
100
AcDbLine
 10
23.72858
 20
-0.59729
 30
0.0
 11
23.58333
 21
-0.59895
 31
0.0
  0
LINE
  5
714
330
17
100
AcDbEntity
  8
0
100
AcDbLine
 10
23.58333
 20
-0.59895
 30
0.0
 11
22.98713
 21
-0.56923
 31
0.0
  0
LINE
  5
715
330
17
100
AcDbEntity
  8
0
100
AcDbLine
 10
22.98713
 20
-0.56923
 30
0.0
 11
22.53314
 21
-0.50031
 31
0.0
  0
LINE
  5
716
330
17
100
AcDbEntity
  8
0
100
AcDbLine
 10
22.53314
 20
-0.50031
 30
0.0
 11
22.149140000000003
 21
-0.40301
 31
0.0
  0
LINE
  5
717
330
17
100
AcDbEntity
  8
0
100
AcDbLine
 10
22.149140000000003
 20
-0.40301
 30
0.0
 11
21.81699
 21
-0.28326
 31
0.0
  0
LINE
  5
718
330
17
100
AcDbEntity
  8
0
100
AcDbLine
 10
21.81699
 20
-0.28326
 30
0.0
 11
21.52421
 21
-0.14399
 31
0.0
  0
LINE
  5
719
330
17
100
AcDbEntity
  8
0
100
AcDbLine
 10
21.52421
 20
-0.14399
 30
0.0
 11
21.466140000000003
 21
-0.11197
 31
0.0
  0
LINE
  5
71A
330
17
100
AcDbEntity
  8
0
100
AcDbLine
 10
21.466140000000003
 20
-0.11197
 30
0.0
 11
21.181459999999998
 21
0.06777000000000001
 31
0.0
  0
LINE
  5
71B
330
17
100
AcDbEntity
  8
0
100
AcDbLine
 10
21.181459999999998
 20
0.06777
 30
0.0
 11
20.90155
 21
0.2869400000000001
 31
0.0
  0
LINE
  5
71C
330
17
100
AcDbEntity
  8
0
100
AcDbLine
 10
20.90155
 20
0.28694000000000003
 30
0.0
 11
20.642480000000003
 21
0.53664
 31
0.0
  0
LINE
  5
71D
330
17
100
AcDbEntity
  8
0
100
AcDbLine
 10
20.642480000000003
 20
0.53664
 30
0.0
 11
20.39959
 21
0.82314
 31
0.0
  0
LINE
  5
71E
330
17
100
AcDbEntity
  8
0
100
AcDbLine
 10
20.39959
 20
0.82314
 30
0.0
 11
20.16978
 21
1.1557099999999998
 31
0.0
  0
LINE
  5
71F
330
17
100
AcDbEntity
  8
0
100
AcDbLine
 10
20.16978
 20
1.1557099999999998
 30
0.0
 11
20.067700000000002
 21
1.32812
 31
0.0
  0
LINE
  5
720
330
17
100
AcDbEntity
  8
0
100
AcDbLine
 10
20.067700000000002
 20
1.32812
 30
0.0
 11
19.8239
 21
1.82047
 31
0.0
  0
LINE
  5
721
330
17
100
AcDbEntity
  8
0
100
AcDbLine
 10
19.8239
 20
1.82047
 30
0.0
 11
19.61386
 21
2.37355
 31
0.0
  0
LINE
  5
722
330
17
100
AcDbEntity
  8
0
100
AcDbLine
 10
19.61386
 20
2.37355
 30
0.0
 11
19.41923
 21
3.07031
 31
0.0
  0
LINE
  5
723
330
17
100
AcDbEntity
  8
0
100
AcDbLine
 10
19.41923
 20
3.07031
 30
0.0
 11
19.294269999999997
 21
3.69791
 31
0.0
  0
LINE
  5
724
330
17
100
AcDbEntity
  8
0
100
AcDbLine
 10
19.294269999999997
 20
3.69791
 30
0.0
 11
19.11653
 21
5.223949999999999
 31
0.0
  0
LINE
  5
725
330
17
100
AcDbEntity
  8
0
100
AcDbLine
 10
19.11653
 20
5.223949999999999
 30
0.0
 11
19.057290000000002
 21
6.96875
 31
0.0
  0
LINE
  5
726
330
17
100
AcDbEntity
  8
0
100
AcDbLine
 10
19.057290000000002
 20
6.96875
 30
0.0
 11
19.118489999999998
 21
8.709629999999999
 31
0.0
  0
LINE
  5
727
330
17
100
AcDbEntity
  8
0
100
AcDbLine
 10
19.118489999999998
 20
8.709629999999999
 30
0.0
 11
19.30208
 21
10.22395
 31
0.0
  0
LINE
  5
728
330
17
100
AcDbEntity
  8
0
100
AcDbLine
 10
19.30208
 20
10.22395
 30
0.0
 11
19.52217
 21
11.193470000000001
 31
0.0
  0
LINE
  5
729
330
17
100
AcDbEntity
  8
0
100
AcDbLine
 10
19.52217
 20
11.193470000000001
 30
0.0
 11
19.73973
 21
11.83872
 31
0.0
  0
LINE
  5
72A
330
17
100
AcDbEntity
  8
0
100
AcDbLine
 10
19.73973
 20
11.83872
 30
0.0
 11
19.96327
 21
12.33765
 31
0.0
  0
LINE
  5
72B
330
17
100
AcDbEntity
  8
0
100
AcDbLine
 10
19.96327
 20
12.33765
 30
0.0
 11
20.08333
 21
12.559890000000001
 31
0.0
  0
LINE
  5
72C
330
17
100
AcDbEntity
  8
0
100
AcDbLine
 10
20.08333
 20
12.559890000000001
 30
0.0
 11
20.30368
 21
12.904570000000001
 31
0.0
  0
LINE
  5
72D
330
17
100
AcDbEntity
  8
0
100
AcDbLine
 10
20.30368
 20
12.904570000000001
 30
0.0
 11
20.53335
 21
13.196380000000001
 31
0.0
  0
LINE
  5
72E
330
17
100
AcDbEntity
  8
0
100
AcDbLine
 10
20.53335
 20
13.196380000000001
 30
0.0
 11
20.800659999999997
 21
13.47195
 31
0.0
  0
LINE
  5
72F
330
17
100
AcDbEntity
  8
0
100
AcDbLine
 10
20.800659999999997
 20
13.47195
 30
0.0
 11
21.07895
 21
13.702960000000001
 31
0.0
  0
LINE
  5
730
330
17
100
AcDbEntity
  8
0
100
AcDbLine
 10
21.07895
 20
13.702960000000001
 30
0.0
 11
21.37188
 21
13.89799
 31
0.0
  0
LINE
  5
731
330
17
100
AcDbEntity
  8
0
100
AcDbLine
 10
21.37188
 20
13.89799
 30
0.0
 11
21.49218
 21
13.96614
 31
0.0
  0
LINE
  5
732
330
17
100
AcDbEntity
  8
0
100
AcDbLine
 10
21.49218
 20
13.96614
 30
0.0
 11
21.82164
 21
14.12185
 31
0.0
  0
LINE
  5
733
330
17
100
AcDbEntity
  8
0
100
AcDbLine
 10
21.82164
 20
14.12185
 30
0.0
 11
22.16661
 21
14.243640000000001
 31
0.0
  0
LINE
  5
734
330
17
100
AcDbEntity
  8
0
100
AcDbLine
 10
22.16661
 20
14.243640000000001
 30
0.0
 11
22.558539999999997
 21
14.34057
 31
0.0
  0
LINE
  5
735
330
17
100
AcDbEntity
  8
0
100
AcDbLine
 10
22.558539999999997
 20
14.34057
 30
0.0
 11
23.01235
 21
14.40795
 31
0.0
  0
LINE
  5
736
330
17
100
AcDbEntity
  8
0
100
AcDbLine
 10
23.01235
 20
14.40795
 30
0.0
 11
23.61458
 21
14.4375
 31
0.0
  0
LINE
  5
737
330
17
100
AcDbEntity
  8
0
100
AcDbLine
 10
23.61458
 20
14.4375
 30
0.0
 11
24.22026
 21
14.40776
 31
0.0
  0
LINE
  5
738
330
17
100
AcDbEntity
  8
0
100
AcDbLine
 10
24.22026
 20
14.40776
 30
0.0
 11
24.6853
 21
14.33793
 31
0.0
  0
LINE
  5
739
330
17
100
AcDbEntity
  8
0
100
AcDbLine
 10
24.6853
 20
14.33793
 30
0.0
 11
25.076230000000002
 21
14.23956
 31
0.0
  0
LINE
  5
73A
330
17
100
AcDbEntity
  8
0
100
AcDbLine
 10
25.076230000000002
 20
14.23956
 30
0.0
 11
25.4125
 21
14.11899
 31
0.0
  0
LINE
  5
73B
330
17
100
AcDbEntity
  8
0
100
AcDbLine
 10
25.4125
 20
14.11899
 30
0.0
 11
25.73177
 21
13.96614
 31
0.0
  0
LINE
  5
73C
330
17
100
AcDbEntity
  8
0
100
AcDbLine
 10
25.73177
 20
13.96614
 30
0.0
 11
26.015340000000002
 21
13.79255
 31
0.0
  0
LINE
  5
73D
330
17
100
AcDbEntity
  8
0
100
AcDbLine
 10
26.015340000000002
 20
13.79255
 30
0.0
 11
26.29429
 21
13.58024
 31
0.0
  0
LINE
  5
73E
330
17
100
AcDbEntity
  8
0
100
AcDbLine
 10
26.29429
 20
13.58024
 30
0.0
 11
26.55175
 21
13.33866
 31
0.0
  0
LINE
  5
73F
330
17
100
AcDbEntity
  8
0
100
AcDbLine
 10
26.55175
 20
13.33866
 30
0.0
 11
26.79255
 21
13.062050000000001
 31
0.0
  0
LINE
  5
740
330
17
100
AcDbEntity
  8
0
100
AcDbLine
 10
26.79255
 20
13.062050000000001
 30
0.0
 11
27.01997
 21
12.74174
 31
0.0
  0
LINE
  5
741
330
17
100
AcDbEntity
  8
0
100
AcDbLine
 10
27.01997
 20
12.74174
 30
0.0
 11
27.130209999999998
 21
12.559890000000001
 31
0.0
  0
LINE
  5
742
330
17
100
AcDbEntity
  8
0
100
AcDbLine
 10
27.130209999999998
 20
12.559890000000001
 30
0.0
 11
27.37273
 21
12.08019
 31
0.0
  0
LINE
  5
743
330
17
100
AcDbEntity
  8
0
100
AcDbLine
 10
18.22856
 20
14.297749999999999
 30
0.0
 11
17.8776
 21
13.92708
 31
0.0
  0
LINE
  5
744
330
17
100
AcDbEntity
  8
0
100
AcDbLine
 10
17.8776
 20
13.92708
 30
0.0
 11
17.49588
 21
13.4457
 31
0.0
  0
LINE
  5
745
330
17
100
AcDbEntity
  8
0
100
AcDbLine
 10
17.49588
 20
13.4457
 30
0.0
 11
17.12545
 21
12.87189
 31
0.0
  0
LINE
  5
746
330
17
100
AcDbEntity
  8
0
100
AcDbLine
 10
17.12545
 20
12.87189
 30
0.0
 11
16.782519999999998
 21
12.20652
 31
0.0
  0
LINE
  5
747
330
17
100
AcDbEntity
  8
0
100
AcDbLine
 10
16.782519999999998
 20
12.20652
 30
0.0
 11
16.4682
 21
11.420770000000001
 31
0.0
  0
LINE
  5
748
330
17
100
AcDbEntity
  8
0
100
AcDbLine
 10
16.4682
 20
11.420770000000001
 30
0.0
 11
16.346349999999997
 21
11.04687
 31
0.0
  0
LINE
  5
749
330
17
100
AcDbEntity
  8
0
100
AcDbLine
 10
16.346349999999997
 20
11.04687
 30
0.0
 11
16.08511
 21
9.994340000000001
 31
0.0
  0
LINE
  5
74A
330
17
100
AcDbEntity
  8
0
100
AcDbLine
 10
16.08511
 20
9.994340000000001
 30
0.0
 11
15.909429999999999
 21
8.81556
 31
0.0
  0
LINE
  5
74B
330
17
100
AcDbEntity
  8
0
100
AcDbLine
 10
15.909429999999999
 20
8.81556
 30
0.0
 11
15.8177
 21
6.96875
 31
0.0
  0
LINE
  5
74C
330
17
100
AcDbEntity
  8
0
100
AcDbLine
 10
15.8177
 20
6.96875
 30
0.0
 11
15.90168
 21
5.1400500000000005
 31
0.0
  0
LINE
  5
74D
330
17
100
AcDbEntity
  8
0
100
AcDbLine
 10
15.90168
 20
5.1400500000000005
 30
0.0
 11
16.093819999999997
 21
3.8022400000000003
 31
0.0
  0
LINE
  5
74E
330
17
100
AcDbEntity
  8
0
100
AcDbLine
 10
16.093819999999997
 20
3.8022400000000003
 30
0.0
 11
16.34845
 21
2.75706
 31
0.0
  0
LINE
  5
74F
330
17
100
AcDbEntity
  8
0
100
AcDbLine
 10
16.34845
 20
2.75706
 30
0.0
 11
16.64199
 21
1.91652
 31
0.0
  0
LINE
  5
750
330
17
100
AcDbEntity
  8
0
100
AcDbLine
 10
16.64199
 20
1.91652
 30
0.0
 11
16.96286
 21
1.22323
 31
0.0
  0
LINE
  5
751
330
17
100
AcDbEntity
  8
0
100
AcDbLine
 10
16.96286
 20
1.22323
 30
0.0
 11
17.30624
 21
0.63886
 31
0.0
  0
LINE
  5
752
330
17
100
AcDbEntity
  8
0
100
AcDbLine
 10
17.30624
 20
0.63886
 30
0.0
 11
17.66987
 21
0.13919999999999993
 31
0.0
  0
LINE
  5
753
330
17
100
AcDbEntity
  8
0
100
AcDbLine
 10
17.66987
 20
0.1392
 30
0.0
 11
17.8125
 21
-0.03125
 31
0.0
  0
LINE
  5
754
330
17
100
AcDbEntity
  8
0
100
AcDbLine
 10
17.8125
 20
-0.03125
 30
0.0
 11
18.2354
 21
-0.47287
 31
0.0
  0
LINE
  5
755
330
17
100
AcDbEntity
  8
0
100
AcDbLine
 10
18.2354
 20
-0.47287
 30
0.0
 11
18.7242
 21
-0.88898
 31
0.0
  0
LINE
  5
756
330
17
100
AcDbEntity
  8
0
100
AcDbLine
 10
18.7242
 20
-0.88898
 30
0.0
 11
19.24667
 21
-1.24701
 31
0.0
  0
LINE
  5
757
330
17
100
AcDbEntity
  8
0
100
AcDbLine
 10
19.24667
 20
-1.24701
 30
0.0
 11
19.81296
 21
-1.5552599999999999
 31
0.0
  0
LINE
  5
758
330
17
100
AcDbEntity
  8
0
100
AcDbLine
 10
19.81296
 20
-1.5552599999999999
 30
0.0
 11
20.4372
 21
-1.8179400000000001
 31
0.0
  0
LINE
  5
759
330
17
100
AcDbEntity
  8
0
100
AcDbLine
 10
20.4372
 20
-1.8179400000000001
 30
0.0
 11
21.137809999999998
 21
-2.0347999999999997
 31
0.0
  0
LINE
  5
75A
330
17
100
AcDbEntity
  8
0
100
AcDbLine
 10
21.137809999999998
 20
-2.0347999999999997
 30
0.0
 11
21.939429999999998
 21
-2.20062
 31
0.0
  0
LINE
  5
75B
330
17
100
AcDbEntity
  8
0
100
AcDbLine
 10
21.939429999999998
 20
-2.20062
 30
0.0
 11
22.87594
 21
-2.30384
 31
0.0
  0
LINE
  5
75C
330
17
100
AcDbEntity
  8
0
100
AcDbLine
 10
22.87594
 20
-2.30384
 30
0.0
 11
23.64583
 21
-2.3281199999999997
 31
0.0
  0
LINE
  5
75D
330
17
100
AcDbEntity
  8
0
100
AcDbLine
 10
23.64583
 20
-2.3281199999999997
 30
0.0
 11
24.740740000000002
 21
-2.2722200000000004
 31
0.0
  0
LINE
  5
75E
330
17
100
AcDbEntity
  8
0
100
AcDbLine
 10
24.740740000000002
 20
-2.2722200000000004
 30
0.0
 11
25.59626
 21
-2.14038
 31
0.0
  0
LINE
  5
75F
330
17
100
AcDbEntity
  8
0
100
AcDbLine
 10
25.59626
 20
-2.14038
 30
0.0
 11
26.344469999999998
 21
-1.94873
 31
0.0
  0
LINE
  5
760
330
17
100
AcDbEntity
  8
0
100
AcDbLine
 10
26.344469999999998
 20
-1.94873
 30
0.0
 11
26.88541
 21
-1.75781
 31
0.0
  0
LINE
  5
761
330
17
100
AcDbEntity
  8
0
100
AcDbLine
 10
26.88541
 20
-1.75781
 30
0.0
 11
27.353849999999998
 21
-1.55044
 31
0.0
  0
LINE
  5
762
330
17
100
AcDbEntity
  8
0
100
AcDbLine
 10
27.353849999999998
 20
-1.55044
 30
0.0
 11
27.932309999999998
 21
-1.22688
 31
0.0
  0
LINE
  5
763
330
17
100
AcDbEntity
  8
0
100
AcDbLine
 10
27.932309999999998
 20
-1.22688
 30
0.0
 11
28.47304
 21
-0.84359
 31
0.0
  0
LINE
  5
764
330
17
100
AcDbEntity
  8
0
100
AcDbLine
 10
28.47304
 20
-0.84359
 30
0.0
 11
28.96988
 21
-0.4049
 31
0.0
  0
LINE
  5
765
330
17
100
AcDbEntity
  8
0
100
AcDbLine
 10
28.96988
 20
-0.4049
 30
0.0
 11
29.32031
 21
-0.03125
 31
0.0
  0
LINE
  5
766
330
17
100
AcDbEntity
  8
0
100
AcDbLine
 10
29.32031
 20
-0.03125
 30
0.0
 11
29.70136
 21
0.45355000000000006
 31
0.0
  0
LINE
  5
767
330
17
100
AcDbEntity
  8
0
100
AcDbLine
 10
29.70136
 20
0.45355
 30
0.0
 11
30.07261
 21
1.03377
 31
0.0
  0
LINE
  5
768
330
17
100
AcDbEntity
  8
0
100
AcDbLine
 10
30.07261
 20
1.03377
 30
0.0
 11
30.41672
 21
1.7078200000000001
 31
0.0
  0
LINE
  5
769
330
17
100
AcDbEntity
  8
0
100
AcDbLine
 10
30.41672
 20
1.7078200000000001
 30
0.0
 11
30.73239
 21
2.5055099999999997
 31
0.0
  0
LINE
  5
76A
330
17
100
AcDbEntity
  8
0
100
AcDbLine
 10
30.73239
 20
2.5055099999999997
 30
0.0
 11
30.85156
 21
2.875
 31
0.0
  0
LINE
  5
76B
330
17
100
AcDbEntity
  8
0
100
AcDbLine
 10
30.85156
 20
2.875
 30
0.0
 11
31.11601
 21
3.95172
 31
0.0
  0
LINE
  5
76C
330
17
100
AcDbEntity
  8
0
100
AcDbLine
 10
31.11601
 20
3.95172
 30
0.0
 11
31.29227
 21
5.15571
 31
0.0
  0
LINE
  5
76D
330
17
100
AcDbEntity
  8
0
100
AcDbLine
 10
31.29227
 20
5.15571
 30
0.0
 11
31.380209999999998
 21
6.96875
 31
0.0
  0
LINE
  5
76E
330
17
100
AcDbEntity
  8
0
100
AcDbLine
 10
31.380209999999998
 20
6.96875
 30
0.0
 11
31.29673
 21
8.78674
 31
0.0
  0
LINE
  5
76F
330
17
100
AcDbEntity
  8
0
100
AcDbLine
 10
31.29673
 20
8.78674
 30
0.0
 11
31.10588
 21
10.11567
 31
0.0
  0
LINE
  5
770
330
17
100
AcDbEntity
  8
0
100
AcDbLine
 10
31.10588
 20
10.11567
 30
0.0
 11
30.8531
 21
11.15339
 31
0.0
  0
LINE
  5
771
330
17
100
AcDbEntity
  8
0
100
AcDbLine
 10
30.8531
 20
11.15339
 30
0.0
 11
30.56182
 21
11.98754
 31
0.0
  0
LINE
  5
772
330
17
100
AcDbEntity
  8
0
100
AcDbLine
 10
30.56182
 20
11.98754
 30
0.0
 11
30.243570000000002
 21
12.67525
 31
0.0
  0
LINE
  5
773
330
17
100
AcDbEntity
  8
0
100
AcDbLine
 10
30.243570000000002
 20
12.67525
 30
0.0
 11
29.90311
 21
13.25469
 31
0.0
  0
LINE
  5
774
330
17
100
AcDbEntity
  8
0
100
AcDbLine
 10
29.90311
 20
13.25469
 30
0.0
 11
29.54273
 21
13.749920000000001
 31
0.0
  0
LINE
  5
775
330
17
100
AcDbEntity
  8
0
100
AcDbLine
 10
29.54273
 20
13.749920000000001
 30
0.0
 11
29.40104
 21
13.91927
 31
0.0
  0
LINE
  5
776
330
17
100
AcDbEntity
  8
0
100
AcDbLine
 10
29.40104
 20
13.91927
 30
0.0
 11
28.98264
 21
14.35567
 31
0.0
  0
LINE
  5
777
330
17
100
AcDbEntity
  8
0
100
AcDbLine
 10
28.98264
 20
14.35567
 30
0.0
 11
28.50308
 21
14.763129999999999
 31
0.0
  0
LINE
  5
778
330
17
100
AcDbEntity
  8
0
100
AcDbLine
 10
28.50308
 20
14.763129999999999
 30
0.0
 11
27.98808
 21
15.11561
 31
0.0
  0
LINE
  5
779
330
17
100
AcDbEntity
  8
0
100
AcDbLine
 10
27.98808
 20
15.11561
 30
0.0
 11
27.427130000000002
 21
15.4208
 31
0.0
  0
LINE
  5
77A
330
17
100
AcDbEntity
  8
0
100
AcDbLine
 10
27.427130000000002
 20
15.4208
 30
0.0
 11
26.805780000000002
 21
15.68234
 31
0.0
  0
LINE
  5
77B
330
17
100
AcDbEntity
  8
0
100
AcDbLine
 10
26.805780000000002
 20
15.68234
 30
0.0
 11
26.10504
 21
15.899569999999999
 31
0.0
  0
LINE
  5
77C
330
17
100
AcDbEntity
  8
0
100
AcDbLine
 10
26.10504
 20
15.899569999999999
 30
0.0
 11
25.29932
 21
16.066879999999998
 31
0.0
  0
LINE
  5
77D
330
17
100
AcDbEntity
  8
0
100
AcDbLine
 10
25.29932
 20
16.066879999999998
 30
0.0
 11
24.35319
 21
16.17218
 31
0.0
  0
LINE
  5
77E
330
17
100
AcDbEntity
  8
0
100
AcDbLine
 10
24.35319
 20
16.17218
 30
0.0
 11
23.55208
 21
16.19791
 31
0.0
  0
LINE
  5
77F
330
17
100
AcDbEntity
  8
0
100
AcDbLine
 10
23.55208
 20
16.19791
 30
0.0
 11
22.44289
 21
16.141280000000002
 31
0.0
  0
LINE
  5
780
330
17
100
AcDbEntity
  8
0
100
AcDbLine
 10
22.44289
 20
16.141280000000002
 30
0.0
 11
21.579060000000002
 21
16.008129999999998
 31
0.0
  0
LINE
  5
781
330
17
100
AcDbEntity
  8
0
100
AcDbLine
 10
21.579060000000002
 20
16.008129999999998
 30
0.0
 11
20.82513
 21
15.815010000000001
 31
0.0
  0
LINE
  5
782
330
17
100
AcDbEntity
  8
0
100
AcDbLine
 10
20.82513
 20
15.815010000000001
 30
0.0
 11
20.31249
 21
15.635409999999998
 31
0.0
  0
LINE
  5
783
330
17
100
AcDbEntity
  8
0
100
AcDbLine
 10
20.31249
 20
15.635409999999998
 30
0.0
 11
19.84468
 21
15.43109
 31
0.0
  0
LINE
  5
784
330
17
100
AcDbEntity
  8
0
100
AcDbLine
 10
19.84468
 20
15.43109
 30
0.0
 11
19.26661
 21
15.11163
 31
0.0
  0
LINE
  5
785
330
17
100
AcDbEntity
  8
0
100
AcDbLine
 10
19.26661
 20
15.11163
 30
0.0
 11
18.725849999999998
 21
14.73241
 31
0.0
  0
LINE
  5
786
330
17
100
AcDbEntity
  8
0
100
AcDbLine
 10
18.725849999999998
 20
14.73241
 30
0.0
 11
18.22856
 21
14.297749999999999
 31
0.0
  0
LINE
  5
787
330
17
100
AcDbEntity
  8
0
100
AcDbLine
 10
-15.13476
 20
-19.596780000000003
 30
0.0
 11
-15.20181
 21
-19.85627
 31
0.0
  0
LINE
  5
788
330
17
100
AcDbEntity
  8
0
100
AcDbLine
 10
-15.20181
 20
-19.85627
 30
0.0
 11
-15.26583
 21
-20.03307
 31
0.0
  0
LINE
  5
789
330
17
100
AcDbEntity
  8
0
100
AcDbLine
 10
-15.26583
 20
-20.03307
 30
0.0
 11
-15.32616
 21
-20.160500000000003
 31
0.0
  0
LINE
  5
78A
330
17
100
AcDbEntity
  8
0
100
AcDbLine
 10
-15.32616
 20
-20.160500000000003
 30
0.0
 11
-15.35351
 21
-20.20898
 31
0.0
  0
LINE
  5
78B
330
17
100
AcDbEntity
  8
0
100
AcDbLine
 10
-15.35351
 20
-20.20898
 30
0.0
 11
-15.414620000000001
 21
-20.301550000000002
 31
0.0
  0
LINE
  5
78C
330
17
100
AcDbEntity
  8
0
100
AcDbLine
 10
-15.414620000000001
 20
-20.301550000000002
 30
0.0
 11
-15.47349
 21
-20.37421
 31
0.0
  0
LINE
  5
78D
330
17
100
AcDbEntity
  8
0
100
AcDbLine
 10
-15.47349
 20
-20.37421
 30
0.0
 11
-15.53093
 21
-20.43244
 31
0.0
  0
LINE
  5
78E
330
17
100
AcDbEntity
  8
0
100
AcDbLine
 10
-15.53093
 20
-20.43244
 30
0.0
 11
-15.5877
 21
-20.47971
 31
0.0
  0
LINE
  5
78F
330
17
100
AcDbEntity
  8
0
100
AcDbLine
 10
-15.5877
 20
-20.47971
 30
0.0
 11
-15.65105
 21
-20.52219
 31
0.0
  0
LINE
  5
790
330
17
100
AcDbEntity
  8
0
100
AcDbLine
 10
-15.65105
 20
-20.52219
 30
0.0
 11
-15.68619
 21
-20.54166
 31
0.0
  0
LINE
  5
791
330
17
100
AcDbEntity
  8
0
100
AcDbLine
 10
-15.68619
 20
-20.54166
 30
0.0
 11
-15.75375
 21
-20.57301
 31
0.0
  0
LINE
  5
792
330
17
100
AcDbEntity
  8
0
100
AcDbLine
 10
-15.75375
 20
-20.57301
 30
0.0
 11
-15.84466
 21
-20.605020000000003
 31
0.0
  0
LINE
  5
793
330
17
100
AcDbEntity
  8
0
100
AcDbLine
 10
-15.84466
 20
-20.605020000000003
 30
0.0
 11
-15.938440000000002
 21
-20.6272
 31
0.0
  0
LINE
  5
794
330
17
100
AcDbEntity
  8
0
100
AcDbLine
 10
-15.938440000000002
 20
-20.6272
 30
0.0
 11
-16.03405
 21
-20.639310000000002
 31
0.0
  0
LINE
  5
795
330
17
100
AcDbEntity
  8
0
100
AcDbLine
 10
-16.03405
 20
-20.639310000000002
 30
0.0
 11
-16.108500000000003
 21
-20.641920000000002
 31
0.0
  0
LINE
  5
796
330
17
100
AcDbEntity
  8
0
100
AcDbLine
 10
-16.108500000000003
 20
-20.641920000000002
 30
0.0
 11
-16.21674
 21
-20.63605
 31
0.0
  0
LINE
  5
797
330
17
100
AcDbEntity
  8
0
100
AcDbLine
 10
-16.21674
 20
-20.63605
 30
0.0
 11
-16.3218
 21
-20.61931
 31
0.0
  0
LINE
  5
798
330
17
100
AcDbEntity
  8
0
100
AcDbLine
 10
-16.3218
 20
-20.61931
 30
0.0
 11
-16.431720000000002
 21
-20.59041
 31
0.0
  0
LINE
  5
799
330
17
100
AcDbEntity
  8
0
100
AcDbLine
 10
-16.431720000000002
 20
-20.59041
 30
0.0
 11
-16.549020000000002
 21
-20.54702
 31
0.0
  0
LINE
  5
79A
330
17
100
AcDbEntity
  8
0
100
AcDbLine
 10
-16.549020000000002
 20
-20.54702
 30
0.0
 11
-16.67683
 21
-20.48539
 31
0.0
  0
LINE
  5
79B
330
17
100
AcDbEntity
  8
0
100
AcDbLine
 10
-16.67683
 20
-20.48539
 30
0.0
 11
-16.81907
 21
-20.39964
 31
0.0
  0
LINE
  5
79C
330
17
100
AcDbEntity
  8
0
100
AcDbLine
 10
-16.81907
 20
-20.39964
 30
0.0
 11
-16.99262
 21
-20.271259999999998
 31
0.0
  0
LINE
  5
79D
330
17
100
AcDbEntity
  8
0
100
AcDbLine
 10
-16.99262
 20
-20.271259999999998
 30
0.0
 11
-17.256529999999998
 21
-20.03229
 31
0.0
  0
LINE
  5
79E
330
17
100
AcDbEntity
  8
0
100
AcDbLine
 10
-17.256529999999998
 20
-20.03229
 30
0.0
 11
-17.51138
 21
-19.751649999999998
 31
0.0
  0
LINE
  5
79F
330
17
100
AcDbEntity
  8
0
100
AcDbLine
 10
-17.51138
 20
-19.751649999999998
 30
0.0
 11
-17.81317
 21
-19.34725
 31
0.0
  0
LINE
  5
7A0
330
17
100
AcDbEntity
  8
0
100
AcDbLine
 10
-17.81317
 20
-19.34725
 30
0.0
 11
-17.84635
 21
-19.29752
 31
0.0
  0
LINE
  5
7A1
330
17
100
AcDbEntity
  8
0
100
AcDbLine
 10
-17.84635
 20
-19.29752
 30
0.0
 11
-18.236410000000003
 21
-18.632849999999998
 31
0.0
  0
LINE
  5
7A2
330
17
100
AcDbEntity
  8
0
100
AcDbLine
 10
-18.236410000000003
 20
-18.632849999999998
 30
0.0
 11
-18.563
 21
-17.93474
 31
0.0
  0
LINE
  5
7A3
330
17
100
AcDbEntity
  8
0
100
AcDbLine
 10
-18.563
 20
-17.93474
 30
0.0
 11
-18.84066
 21
-17.17786
 31
0.0
  0
LINE
  5
7A4
330
17
100
AcDbEntity
  8
0
100
AcDbLine
 10
-18.84066
 20
-17.17786
 30
0.0
 11
-19.04351
 21
-16.39759
 31
0.0
  0
LINE
  5
7A5
330
17
100
AcDbEntity
  8
0
100
AcDbLine
 10
-19.04351
 20
-16.39759
 30
0.0
 11
-19.72699
 21
-13.171000000000001
 31
0.0
  0
LINE
  5
7A6
330
17
100
AcDbEntity
  8
0
100
AcDbLine
 10
-19.72699
 20
-13.171000000000001
 30
0.0
 11
-19.66161
 21
-13.08576
 31
0.0
  0
LINE
  5
7A7
330
17
100
AcDbEntity
  8
0
100
AcDbLine
 10
-19.66161
 20
-13.08576
 30
0.0
 11
-19.584339999999997
 21
-13.00382
 31
0.0
  0
LINE
  5
7A8
330
17
100
AcDbEntity
  8
0
100
AcDbLine
 10
-19.584339999999997
 20
-13.00382
 30
0.0
 11
-19.49996
 21
-12.93125
 31
0.0
  0
LINE
  5
7A9
330
17
100
AcDbEntity
  8
0
100
AcDbLine
 10
-19.49996
 20
-12.93125
 30
0.0
 11
-19.40685
 21
-12.86643
 31
0.0
  0
LINE
  5
7AA
330
17
100
AcDbEntity
  8
0
100
AcDbLine
 10
-19.40685
 20
-12.86643
 30
0.0
 11
-19.30258
 21
-12.80838
 31
0.0
  0
LINE
  5
7AB
330
17
100
AcDbEntity
  8
0
100
AcDbLine
 10
-19.30258
 20
-12.80838
 30
0.0
 11
-19.198349999999998
 21
-12.76237
 31
0.0
  0
LINE
  5
7AC
330
17
100
AcDbEntity
  8
0
100
AcDbLine
 10
-19.198349999999998
 20
-12.76237
 30
0.0
 11
-19.04223
 21
-12.70908
 31
0.0
  0
LINE
  5
7AD
330
17
100
AcDbEntity
  8
0
100
AcDbLine
 10
-19.04223
 20
-12.70908
 30
0.0
 11
-18.84609
 21
-12.66247
 31
0.0
  0
LINE
  5
7AE
330
17
100
AcDbEntity
  8
0
100
AcDbLine
 10
-18.84609
 20
-12.66247
 30
0.0
 11
-18.64619
 21
-12.63639
 31
0.0
  0
LINE
  5
7AF
330
17
100
AcDbEntity
  8
0
100
AcDbLine
 10
-18.64619
 20
-12.63639
 30
0.0
 11
-18.48133
 21
-12.63049
 31
0.0
  0
LINE
  5
7B0
330
17
100
AcDbEntity
  8
0
100
AcDbLine
 10
-18.48133
 20
-12.63049
 30
0.0
 11
-18.33553
 21
-12.634879999999999
 31
0.0
  0
LINE
  5
7B1
330
17
100
AcDbEntity
  8
0
100
AcDbLine
 10
-18.33553
 20
-12.634879999999999
 30
0.0
 11
-18.13642
 21
-12.65851
 31
0.0
  0
LINE
  5
7B2
330
17
100
AcDbEntity
  8
0
100
AcDbLine
 10
-18.13642
 20
-12.65851
 30
0.0
 11
-17.94085
 21
-12.702720000000001
 31
0.0
  0
LINE
  5
7B3
330
17
100
AcDbEntity
  8
0
100
AcDbLine
 10
-17.94085
 20
-12.702720000000001
 30
0.0
 11
-17.75094
 21
-12.76703
 31
0.0
  0
LINE
  5
7B4
330
17
100
AcDbEntity
  8
0
100
AcDbLine
 10
-17.75094
 20
-12.76703
 30
0.0
 11
-17.56875
 21
-12.85075
 31
0.0
  0
LINE
  5
7B5
330
17
100
AcDbEntity
  8
0
100
AcDbLine
 10
-17.56875
 20
-12.85075
 30
0.0
 11
-17.44227
 21
-12.92339
 31
0.0
  0
LINE
  5
7B6
330
17
100
AcDbEntity
  8
0
100
AcDbLine
 10
-17.44227
 20
-12.92339
 30
0.0
 11
-17.1888
 21
-13.10087
 31
0.0
  0
LINE
  5
7B7
330
17
100
AcDbEntity
  8
0
100
AcDbLine
 10
-17.1888
 20
-13.10087
 30
0.0
 11
-16.956470000000003
 21
-13.30211
 31
0.0
  0
LINE
  5
7B8
330
17
100
AcDbEntity
  8
0
100
AcDbLine
 10
-16.956470000000003
 20
-13.30211
 30
0.0
 11
-16.72657
 21
-13.544459999999999
 31
0.0
  0
LINE
  5
7B9
330
17
100
AcDbEntity
  8
0
100
AcDbLine
 10
-16.72657
 20
-13.544459999999999
 30
0.0
 11
-16.59158
 21
-13.710280000000001
 31
0.0
  0
LINE
  5
7BA
330
17
100
AcDbEntity
  8
0
100
AcDbLine
 10
-16.59158
 20
-13.710280000000001
 30
0.0
 11
-16.352700000000002
 21
-14.04851
 31
0.0
  0
LINE
  5
7BB
330
17
100
AcDbEntity
  8
0
100
AcDbLine
 10
-16.352700000000002
 20
-14.04851
 30
0.0
 11
-16.10758
 21
-14.46057
 31
0.0
  0
LINE
  5
7BC
330
17
100
AcDbEntity
  8
0
100
AcDbLine
 10
-16.10758
 20
-14.46057
 30
0.0
 11
-15.923440000000001
 21
-14.831499999999998
 31
0.0
  0
LINE
  5
7BD
330
17
100
AcDbEntity
  8
0
100
AcDbLine
 10
-15.923440000000001
 20
-14.831499999999998
 30
0.0
 11
-15.6571
 21
-15.4732
 31
0.0
  0
LINE
  5
7BE
330
17
100
AcDbEntity
  8
0
100
AcDbLine
 10
-15.6571
 20
-15.4732
 30
0.0
 11
-15.440209999999999
 21
-16.133270000000003
 31
0.0
  0
LINE
  5
7BF
330
17
100
AcDbEntity
  8
0
100
AcDbLine
 10
-15.440209999999999
 20
-16.133270000000003
 30
0.0
 11
-15.27249
 21
-16.792939999999998
 31
0.0
  0
LINE
  5
7C0
330
17
100
AcDbEntity
  8
0
100
AcDbLine
 10
-15.27249
 20
-16.792939999999998
 30
0.0
 11
-15.150189999999998
 21
-17.46249
 31
0.0
  0
LINE
  5
7C1
330
17
100
AcDbEntity
  8
0
100
AcDbLine
 10
-15.150189999999998
 20
-17.46249
 30
0.0
 11
-15.0806
 21
-18.05852
 31
0.0
  0
LINE
  5
7C2
330
17
100
AcDbEntity
  8
0
100
AcDbLine
 10
-15.0806
 20
-18.05852
 30
0.0
 11
-15.05425
 21
-18.657980000000002
 31
0.0
  0
LINE
  5
7C3
330
17
100
AcDbEntity
  8
0
100
AcDbLine
 10
-15.05425
 20
-18.657980000000002
 30
0.0
 11
-15.08402
 21
-19.271549999999998
 31
0.0
  0
LINE
  5
7C4
330
17
100
AcDbEntity
  8
0
100
AcDbLine
 10
-15.08402
 20
-19.271549999999998
 30
0.0
 11
-15.13476
 21
-19.596780000000003
 31
0.0
  0
LINE
  5
7C5
330
17
100
AcDbEntity
  8
0
100
AcDbLine
 10
-20.83382
 20
-22.181659999999997
 30
0.0
 11
-20.523
 21
-22.1914
 31
0.0
  0
LINE
  5
7C6
330
17
100
AcDbEntity
  8
0
100
AcDbLine
 10
-20.523
 20
-22.1914
 30
0.0
 11
-20.19884
 21
-22.17633
 31
0.0
  0
LINE
  5
7C7
330
17
100
AcDbEntity
  8
0
100
AcDbLine
 10
-20.19884
 20
-22.17633
 30
0.0
 11
-19.93673
 21
-22.13845
 31
0.0
  0
LINE
  5
7C8
330
17
100
AcDbEntity
  8
0
100
AcDbLine
 10
-19.93673
 20
-22.13845
 30
0.0
 11
-19.71802
 21
-22.084719999999997
 31
0.0
  0
LINE
  5
7C9
330
17
100
AcDbEntity
  8
0
100
AcDbLine
 10
-19.71802
 20
-22.084719999999997
 30
0.0
 11
-19.53113
 21
-22.01889
 31
0.0
  0
LINE
  5
7CA
330
17
100
AcDbEntity
  8
0
100
AcDbLine
 10
-19.53113
 20
-22.01889
 30
0.0
 11
-19.36803
 21
-21.94278
 31
0.0
  0
LINE
  5
7CB
330
17
100
AcDbEntity
  8
0
100
AcDbLine
 10
-19.36803
 20
-21.94278
 30
0.0
 11
-19.2084
 21
-21.847089999999998
 31
0.0
  0
LINE
  5
7CC
330
17
100
AcDbEntity
  8
0
100
AcDbLine
 10
-19.2084
 20
-21.847089999999998
 30
0.0
 11
-19.13758
 21
-21.79644
 31
0.0
  0
LINE
  5
7CD
330
17
100
AcDbEntity
  8
0
100
AcDbLine
 10
-19.13758
 20
-21.79644
 30
0.0
 11
-19.03565
 21
-21.71136
 31
0.0
  0
LINE
  5
7CE
330
17
100
AcDbEntity
  8
0
100
AcDbLine
 10
-19.03565
 20
-21.71136
 30
0.0
 11
-18.93976
 21
-21.61288
 31
0.0
  0
LINE
  5
7CF
330
17
100
AcDbEntity
  8
0
100
AcDbLine
 10
-18.93976
 20
-21.61288
 30
0.0
 11
-18.85963
 21
-21.5106
 31
0.0
  0
LINE
  5
7D0
330
17
100
AcDbEntity
  8
0
100
AcDbLine
 10
-18.85963
 20
-21.5106
 30
0.0
 11
-18.79231
 21
-21.40306
 31
0.0
  0
LINE
  5
7D1
330
17
100
AcDbEntity
  8
0
100
AcDbLine
 10
-18.79231
 20
-21.40306
 30
0.0
 11
-18.73583
 21
-21.288069999999998
 31
0.0
  0
LINE
  5
7D2
330
17
100
AcDbEntity
  8
0
100
AcDbLine
 10
-18.73583
 20
-21.288069999999998
 30
0.0
 11
-18.68932
 21
-21.162899999999997
 31
0.0
  0
LINE
  5
7D3
330
17
100
AcDbEntity
  8
0
100
AcDbLine
 10
-18.68932
 20
-21.162899999999997
 30
0.0
 11
-18.65281
 21
-21.0241
 31
0.0
  0
LINE
  5
7D4
330
17
100
AcDbEntity
  8
0
100
AcDbLine
 10
-18.65281
 20
-21.0241
 30
0.0
 11
-18.627399999999998
 21
-20.86716
 31
0.0
  0
LINE
  5
7D5
330
17
100
AcDbEntity
  8
0
100
AcDbLine
 10
-18.627399999999998
 20
-20.86716
 30
0.0
 11
-18.61525
 21
-20.67397
 31
0.0
  0
LINE
  5
7D6
330
17
100
AcDbEntity
  8
0
100
AcDbLine
 10
-18.61525
 20
-20.67397
 30
0.0
 11
-18.61501
 21
-20.641920000000002
 31
0.0
  0
LINE
  5
7D7
330
17
100
AcDbEntity
  8
0
100
AcDbLine
 10
-18.61501
 20
-20.641920000000002
 30
0.0
 11
-18.64367
 21
-20.047929999999997
 31
0.0
  0
LINE
  5
7D8
330
17
100
AcDbEntity
  8
0
100
AcDbLine
 10
-18.64367
 20
-20.047929999999997
 30
0.0
 11
-18.74869
 21
-19.378030000000003
 31
0.0
  0
LINE
  5
7D9
330
17
100
AcDbEntity
  8
0
100
AcDbLine
 10
-18.74869
 20
-19.378030000000003
 30
0.0
 11
-18.614410000000003
 21
-19.378030000000003
 31
0.0
  0
LINE
  5
7DA
330
17
100
AcDbEntity
  8
0
100
AcDbLine
 10
-18.614410000000003
 20
-19.378030000000003
 30
0.0
 11
-18.271510000000003
 21
-19.98797
 31
0.0
  0
LINE
  5
7DB
330
17
100
AcDbEntity
  8
0
100
AcDbLine
 10
-18.271510000000003
 20
-19.98797
 30
0.0
 11
-17.898
 21
-20.57964
 31
0.0
  0
LINE
  5
7DC
330
17
100
AcDbEntity
  8
0
100
AcDbLine
 10
-17.898
 20
-20.57964
 30
0.0
 11
-17.63143
 21
-20.93712
 31
0.0
  0
LINE
  5
7DD
330
17
100
AcDbEntity
  8
0
100
AcDbLine
 10
-17.63143
 20
-20.93712
 30
0.0
 11
-17.36845
 21
-21.226020000000002
 31
0.0
  0
LINE
  5
7DE
330
17
100
AcDbEntity
  8
0
100
AcDbLine
 10
-17.36845
 20
-21.226020000000002
 30
0.0
 11
-17.10503
 21
-21.463759999999997
 31
0.0
  0
LINE
  5
7DF
330
17
100
AcDbEntity
  8
0
100
AcDbLine
 10
-17.10503
 20
-21.463759999999997
 30
0.0
 11
-16.903689999999997
 21
-21.61535
 31
0.0
  0
LINE
  5
7E0
330
17
100
AcDbEntity
  8
0
100
AcDbLine
 10
-16.903689999999997
 20
-21.61535
 30
0.0
 11
-16.64223
 21
-21.77813
 31
0.0
  0
LINE
  5
7E1
330
17
100
AcDbEntity
  8
0
100
AcDbLine
 10
-16.64223
 20
-21.77813
 30
0.0
 11
-16.36616
 21
-21.91467
 31
0.0
  0
LINE
  5
7E2
330
17
100
AcDbEntity
  8
0
100
AcDbLine
 10
-16.36616
 20
-21.91467
 30
0.0
 11
-16.13129
 21
-22.006069999999998
 31
0.0
  0
LINE
  5
7E3
330
17
100
AcDbEntity
  8
0
100
AcDbLine
 10
-16.13129
 20
-22.006069999999998
 30
0.0
 11
-15.83368
 21
-22.09155
 31
0.0
  0
LINE
  5
7E4
330
17
100
AcDbEntity
  8
0
100
AcDbLine
 10
-15.83368
 20
-22.09155
 30
0.0
 11
-15.5107
 21
-22.15089
 31
0.0
  0
LINE
  5
7E5
330
17
100
AcDbEntity
  8
0
100
AcDbLine
 10
-15.5107
 20
-22.15089
 30
0.0
 11
-15.11967
 21
-22.1861
 31
0.0
  0
LINE
  5
7E6
330
17
100
AcDbEntity
  8
0
100
AcDbLine
 10
-15.11967
 20
-22.1861
 30
0.0
 11
-14.884110000000002
 21
-22.1914
 31
0.0
  0
LINE
  5
7E7
330
17
100
AcDbEntity
  8
0
100
AcDbLine
 10
-14.884110000000002
 20
-22.1914
 30
0.0
 11
-14.569
 21
-22.17649
 31
0.0
  0
LINE
  5
7E8
330
17
100
AcDbEntity
  8
0
100
AcDbLine
 10
-14.569
 20
-22.17649
 30
0.0
 11
-14.29852
 21
-22.13701
 31
0.0
  0
LINE
  5
7E9
330
17
100
AcDbEntity
  8
0
100
AcDbLine
 10
-14.29852
 20
-22.13701
 30
0.0
 11
-14.06071
 21
-22.0781
 31
0.0
  0
LINE
  5
7EA
330
17
100
AcDbEntity
  8
0
100
AcDbLine
 10
-14.06071
 20
-22.0781
 30
0.0
 11
-13.84727
 21
-22.00237
 31
0.0
  0
LINE
  5
7EB
330
17
100
AcDbEntity
  8
0
100
AcDbLine
 10
-13.84727
 20
-22.00237
 30
0.0
 11
-13.66883
 21
-21.91948
 31
0.0
  0
LINE
  5
7EC
330
17
100
AcDbEntity
  8
0
100
AcDbLine
 10
-13.66883
 20
-21.91948
 30
0.0
 11
-13.498069999999998
 21
-21.82247
 31
0.0
  0
LINE
  5
7ED
330
17
100
AcDbEntity
  8
0
100
AcDbLine
 10
-13.498069999999998
 20
-21.82247
 30
0.0
 11
-13.28931
 21
-21.6776
 31
0.0
  0
LINE
  5
7EE
330
17
100
AcDbEntity
  8
0
100
AcDbLine
 10
-13.28931
 20
-21.6776
 30
0.0
 11
-13.096490000000001
 21
-21.5121
 31
0.0
  0
LINE
  5
7EF
330
17
100
AcDbEntity
  8
0
100
AcDbLine
 10
-13.096490000000001
 20
-21.5121
 30
0.0
 11
-12.92163
 21
-21.32773
 31
0.0
  0
LINE
  5
7F0
330
17
100
AcDbEntity
  8
0
100
AcDbLine
 10
-12.92163
 20
-21.32773
 30
0.0
 11
-12.799909999999999
 21
-21.17361
 31
0.0
  0
LINE
  5
7F1
330
17
100
AcDbEntity
  8
0
100
AcDbLine
 10
-12.799909999999999
 20
-21.17361
 30
0.0
 11
-12.628409999999999
 21
-20.91024
 31
0.0
  0
LINE
  5
7F2
330
17
100
AcDbEntity
  8
0
100
AcDbLine
 10
-12.628409999999999
 20
-20.91024
 30
0.0
 11
-12.48438
 21
-20.630119999999998
 31
0.0
  0
LINE
  5
7F3
330
17
100
AcDbEntity
  8
0
100
AcDbLine
 10
-12.48438
 20
-20.630119999999998
 30
0.0
 11
-12.35647
 21
-20.30785
 31
0.0
  0
LINE
  5
7F4
330
17
100
AcDbEntity
  8
0
100
AcDbLine
 10
-12.35647
 20
-20.30785
 30
0.0
 11
-12.277339999999999
 21
-20.04947
 31
0.0
  0
LINE
  5
7F5
330
17
100
AcDbEntity
  8
0
100
AcDbLine
 10
-12.277339999999999
 20
-20.04947
 30
0.0
 11
-12.17127
 21
-19.554620000000003
 31
0.0
  0
LINE
  5
7F6
330
17
100
AcDbEntity
  8
0
100
AcDbLine
 10
-12.17127
 20
-19.554620000000003
 30
0.0
 11
-12.11367
 21
-19.03731
 31
0.0
  0
LINE
  5
7F7
330
17
100
AcDbEntity
  8
0
100
AcDbLine
 10
-12.11367
 20
-19.03731
 30
0.0
 11
-12.10112
 21
-18.63975
 31
0.0
  0
LINE
  5
7F8
330
17
100
AcDbEntity
  8
0
100
AcDbLine
 10
-12.10112
 20
-18.63975
 30
0.0
 11
-12.12062
 21
-18.13259
 31
0.0
  0
LINE
  5
7F9
330
17
100
AcDbEntity
  8
0
100
AcDbLine
 10
-12.12062
 20
-18.13259
 30
0.0
 11
-12.18592
 21
-17.54855
 31
0.0
  0
LINE
  5
7FA
330
17
100
AcDbEntity
  8
0
100
AcDbLine
 10
-12.18592
 20
-17.54855
 30
0.0
 11
-12.27761
 21
-17.049319999999998
 31
0.0
  0
LINE
  5
7FB
330
17
100
AcDbEntity
  8
0
100
AcDbLine
 10
-12.27761
 20
-17.049319999999998
 30
0.0
 11
-12.408249999999999
 21
-16.5196
 31
0.0
  0
LINE
  5
7FC
330
17
100
AcDbEntity
  8
0
100
AcDbLine
 10
-12.408249999999999
 20
-16.5196
 30
0.0
 11
-12.602
 21
-15.918330000000001
 31
0.0
  0
LINE
  5
7FD
330
17
100
AcDbEntity
  8
0
100
AcDbLine
 10
-12.602
 20
-15.918330000000001
 30
0.0
 11
-12.80453
 21
-15.4117
 31
0.0
  0
LINE
  5
7FE
330
17
100
AcDbEntity
  8
0
100
AcDbLine
 10
-12.80453
 20
-15.4117
 30
0.0
 11
-13.04503
 21
-14.90541
 31
0.0
  0
LINE
  5
7FF
330
17
100
AcDbEntity
  8
0
100
AcDbLine
 10
-13.04503
 20
-14.90541
 30
0.0
 11
-13.36422
 21
-14.34036
 31
0.0
  0
LINE
  5
800
330
17
100
AcDbEntity
  8
0
100
AcDbLine
 10
-13.36422
 20
-14.34036
 30
0.0
 11
-13.67352
 21
-13.87292
 31
0.0
  0
LINE
  5
801
330
17
100
AcDbEntity
  8
0
100
AcDbLine
 10
-13.67352
 20
-13.87292
 30
0.0
 11
-14.01368
 21
-13.431790000000001
 31
0.0
  0
LINE
  5
802
330
17
100
AcDbEntity
  8
0
100
AcDbLine
 10
-14.01368
 20
-13.431790000000001
 30
0.0
 11
-14.45366
 21
-12.96026
 31
0.0
  0
LINE
  5
803
330
17
100
AcDbEntity
  8
0
100
AcDbLine
 10
-14.45366
 20
-12.96026
 30
0.0
 11
-14.87036
 21
-12.59061
 31
0.0
  0
LINE
  5
804
330
17
100
AcDbEntity
  8
0
100
AcDbLine
 10
-14.87036
 20
-12.59061
 30
0.0
 11
-15.18634
 21
-12.35296
 31
0.0
  0
LINE
  5
805
330
17
100
AcDbEntity
  8
0
100
AcDbLine
 10
-15.18634
 20
-12.35296
 30
0.0
 11
-15.59381
 21
-12.093259999999999
 31
0.0
  0
LINE
  5
806
330
17
100
AcDbEntity
  8
0
100
AcDbLine
 10
-15.59381
 20
-12.093259999999999
 30
0.0
 11
-16.021810000000002
 21
-11.86901
 31
0.0
  0
LINE
  5
807
330
17
100
AcDbEntity
  8
0
100
AcDbLine
 10
-16.021810000000002
 20
-11.86901
 30
0.0
 11
-16.38498
 21
-11.71267
 31
0.0
  0
LINE
  5
808
330
17
100
AcDbEntity
  8
0
100
AcDbLine
 10
-16.38498
 20
-11.71267
 30
0.0
 11
-16.848519999999997
 21
-11.55905
 31
0.0
  0
LINE
  5
809
330
17
100
AcDbEntity
  8
0
100
AcDbLine
 10
-16.848519999999997
 20
-11.55905
 30
0.0
 11
-17.31532
 21
-11.45668
 31
0.0
  0
LINE
  5
80A
330
17
100
AcDbEntity
  8
0
100
AcDbLine
 10
-17.31532
 20
-11.45668
 30
0.0
 11
-17.820140000000002
 21
-11.397590000000001
 31
0.0
  0
LINE
  5
80B
330
17
100
AcDbEntity
  8
0
100
AcDbLine
 10
-17.820140000000002
 20
-11.397590000000001
 30
0.0
 11
-18.2079
 21
-11.38454
 31
0.0
  0
LINE
  5
80C
330
17
100
AcDbEntity
  8
0
100
AcDbLine
 10
-18.2079
 20
-11.38454
 30
0.0
 11
-18.59572
 21
-11.40049
 31
0.0
  0
LINE
  5
80D
330
17
100
AcDbEntity
  8
0
100
AcDbLine
 10
-18.59572
 20
-11.40049
 30
0.0
 11
-18.981109999999997
 21
-11.44689
 31
0.0
  0
LINE
  5
80E
330
17
100
AcDbEntity
  8
0
100
AcDbLine
 10
-18.981109999999997
 20
-11.44689
 30
0.0
 11
-19.7361
 21
-11.60332
 31
0.0
  0
LINE
  5
80F
330
17
100
AcDbEntity
  8
0
100
AcDbLine
 10
-19.7361
 20
-11.60332
 30
0.0
 11
-20.078349999999997
 21
-11.70096
 31
0.0
  0
LINE
  5
810
330
17
100
AcDbEntity
  8
0
100
AcDbLine
 10
-20.078349999999997
 20
-11.70096
 30
0.0
 11
-20.41508
 21
-11.81616
 31
0.0
  0
LINE
  5
811
330
17
100
AcDbEntity
  8
0
100
AcDbLine
 10
-20.41508
 20
-11.81616
 30
0.0
 11
-20.688270000000003
 21
-11.92707
 31
0.0
  0
LINE
  5
812
330
17
100
AcDbEntity
  8
0
100
AcDbLine
 10
-20.688270000000003
 20
-11.92707
 30
0.0
 11
-20.952080000000002
 21
-12.05871
 31
0.0
  0
LINE
  5
813
330
17
100
AcDbEntity
  8
0
100
AcDbLine
 10
-20.952080000000002
 20
-12.05871
 30
0.0
 11
-21.97526
 21
-11.594180000000001
 31
0.0
  0
LINE
  5
814
330
17
100
AcDbEntity
  8
0
100
AcDbLine
 10
-21.97526
 20
-11.594180000000001
 30
0.0
 11
-23.01128
 21
-11.594180000000001
 31
0.0
  0
LINE
  5
815
330
17
100
AcDbEntity
  8
0
100
AcDbLine
 10
-23.01128
 20
-11.594180000000001
 30
0.0
 11
-21.72914
 21
-17.66145
 31
0.0
  0
LINE
  5
816
330
17
100
AcDbEntity
  8
0
100
AcDbLine
 10
-21.72914
 20
-17.66145
 30
0.0
 11
-21.63497
 21
-18.088320000000003
 31
0.0
  0
LINE
  5
817
330
17
100
AcDbEntity
  8
0
100
AcDbLine
 10
-21.63497
 20
-18.088320000000003
 30
0.0
 11
-21.52563
 21
-18.65343
 31
0.0
  0
LINE
  5
818
330
17
100
AcDbEntity
  8
0
100
AcDbLine
 10
-21.52563
 20
-18.65343
 30
0.0
 11
-21.43619
 21
-19.232229999999998
 31
0.0
  0
LINE
  5
819
330
17
100
AcDbEntity
  8
0
100
AcDbLine
 10
-21.43619
 20
-19.232229999999998
 30
0.0
 11
-21.40933
 21
-19.46706
 31
0.0
  0
LINE
  5
81A
330
17
100
AcDbEntity
  8
0
100
AcDbLine
 10
-21.40933
 20
-19.46706
 30
0.0
 11
-21.398
 21
-19.703120000000002
 31
0.0
  0
LINE
  5
81B
330
17
100
AcDbEntity
  8
0
100
AcDbLine
 10
-21.398
 20
-19.703120000000002
 30
0.0
 11
-21.40684
 21
-19.90016
 31
0.0
  0
LINE
  5
81C
330
17
100
AcDbEntity
  8
0
100
AcDbLine
 10
-21.40684
 20
-19.90016
 30
0.0
 11
-21.42717
 21
-20.04399
 31
0.0
  0
LINE
  5
81D
330
17
100
AcDbEntity
  8
0
100
AcDbLine
 10
-21.42717
 20
-20.04399
 30
0.0
 11
-21.45381
 21
-20.15456
 31
0.0
  0
LINE
  5
81E
330
17
100
AcDbEntity
  8
0
100
AcDbLine
 10
-21.45381
 20
-20.15456
 30
0.0
 11
-21.48413
 21
-20.24219
 31
0.0
  0
LINE
  5
81F
330
17
100
AcDbEntity
  8
0
100
AcDbLine
 10
-21.48413
 20
-20.24219
 30
0.0
 11
-21.516879999999997
 21
-20.31351
 31
0.0
  0
LINE
  5
820
330
17
100
AcDbEntity
  8
0
100
AcDbLine
 10
-21.516879999999997
 20
-20.31351
 30
0.0
 11
-21.55153
 21
-20.37289
 31
0.0
  0
LINE
  5
821
330
17
100
AcDbEntity
  8
0
100
AcDbLine
 10
-21.55153
 20
-20.37289
 30
0.0
 11
-21.587889999999998
 21
-20.423170000000002
 31
0.0
  0
LINE
  5
822
330
17
100
AcDbEntity
  8
0
100
AcDbLine
 10
-21.587889999999998
 20
-20.423170000000002
 30
0.0
 11
-21.60974
 21
-20.449350000000003
 31
0.0
  0
LINE
  5
823
330
17
100
AcDbEntity
  8
0
100
AcDbLine
 10
-21.60974
 20
-20.449350000000003
 30
0.0
 11
-21.65274
 21
-20.49464
 31
0.0
  0
LINE
  5
824
330
17
100
AcDbEntity
  8
0
100
AcDbLine
 10
-21.65274
 20
-20.49464
 30
0.0
 11
-21.700210000000002
 21
-20.535230000000002
 31
0.0
  0
LINE
  5
825
330
17
100
AcDbEntity
  8
0
100
AcDbLine
 10
-21.700210000000002
 20
-20.535230000000002
 30
0.0
 11
-21.751630000000002
 21
-20.57067
 31
0.0
  0
LINE
  5
826
330
17
100
AcDbEntity
  8
0
100
AcDbLine
 10
-21.751630000000002
 20
-20.57067
 30
0.0
 11
-21.80645
 21
-20.600589999999997
 31
0.0
  0
LINE
  5
827
330
17
100
AcDbEntity
  8
0
100
AcDbLine
 10
-21.80645
 20
-20.600589999999997
 30
0.0
 11
-21.86409
 21
-20.624650000000003
 31
0.0
  0
LINE
  5
828
330
17
100
AcDbEntity
  8
0
100
AcDbLine
 10
-21.86409
 20
-20.624650000000003
 30
0.0
 11
-21.923910000000003
 21
-20.6426
 31
0.0
  0
LINE
  5
829
330
17
100
AcDbEntity
  8
0
100
AcDbLine
 10
-21.923910000000003
 20
-20.6426
 30
0.0
 11
-21.98526
 21
-20.654249999999998
 31
0.0
  0
LINE
  5
82A
330
17
100
AcDbEntity
  8
0
100
AcDbLine
 10
-21.98526
 20
-20.654249999999998
 30
0.0
 11
-22.0475
 21
-20.65946
 31
0.0
  0
LINE
  5
82B
330
17
100
AcDbEntity
  8
0
100
AcDbLine
 10
-22.0475
 20
-20.65946
 30
0.0
 11
-22.081590000000002
 21
-20.659879999999998
 31
0.0
  0
LINE
  5
82C
330
17
100
AcDbEntity
  8
0
100
AcDbLine
 10
-22.081590000000002
 20
-20.659879999999998
 30
0.0
 11
-22.17386
 21
-20.656730000000003
 31
0.0
  0
LINE
  5
82D
330
17
100
AcDbEntity
  8
0
100
AcDbLine
 10
-22.17386
 20
-20.656730000000003
 30
0.0
 11
-22.2924
 21
-20.64193
 31
0.0
  0
LINE
  5
82E
330
17
100
AcDbEntity
  8
0
100
AcDbLine
 10
-22.2924
 20
-20.64193
 30
0.0
 11
-22.40893
 21
-20.61562
 31
0.0
  0
LINE
  5
82F
330
17
100
AcDbEntity
  8
0
100
AcDbLine
 10
-22.40893
 20
-20.61562
 30
0.0
 11
-22.52234
 21
-20.578039999999998
 31
0.0
  0
LINE
  5
830
330
17
100
AcDbEntity
  8
0
100
AcDbLine
 10
-22.52234
 20
-20.578039999999998
 30
0.0
 11
-22.60721
 21
-20.541690000000003
 31
0.0
  0
LINE
  5
831
330
17
100
AcDbEntity
  8
0
100
AcDbLine
 10
-22.60721
 20
-20.541690000000003
 30
0.0
 11
-23.1631
 21
-20.252860000000002
 31
0.0
  0
LINE
  5
832
330
17
100
AcDbEntity
  8
0
100
AcDbLine
 10
-23.1631
 20
-20.252860000000002
 30
0.0
 11
-23.591669999999997
 21
-21.03099
 31
0.0
  0
LINE
  5
833
330
17
100
AcDbEntity
  8
0
100
AcDbLine
 10
-23.591669999999997
 20
-21.03099
 30
0.0
 11
-23.02955
 21
-21.42583
 31
0.0
  0
LINE
  5
834
330
17
100
AcDbEntity
  8
0
100
AcDbLine
 10
-23.02955
 20
-21.42583
 30
0.0
 11
-22.688219999999998
 21
-21.62701
 31
0.0
  0
LINE
  5
835
330
17
100
AcDbEntity
  8
0
100
AcDbLine
 10
-22.688219999999998
 20
-21.62701
 30
0.0
 11
-22.332250000000002
 21
-21.801000000000002
 31
0.0
  0
LINE
  5
836
330
17
100
AcDbEntity
  8
0
100
AcDbLine
 10
-22.332250000000002
 20
-21.801000000000002
 30
0.0
 11
-21.92091
 21
-21.96054
 31
0.0
  0
LINE
  5
837
330
17
100
AcDbEntity
  8
0
100
AcDbLine
 10
-21.92091
 20
-21.96054
 30
0.0
 11
-21.496769999999998
 21
-22.08215
 31
0.0
  0
LINE
  5
838
330
17
100
AcDbEntity
  8
0
100
AcDbLine
 10
-21.496769999999998
 20
-22.08215
 30
0.0
 11
-21.19163
 21
-22.1419
 31
0.0
  0
LINE
  5
839
330
17
100
AcDbEntity
  8
0
100
AcDbLine
 10
-21.19163
 20
-22.1419
 30
0.0
 11
-20.83382
 21
-22.181659999999997
 31
0.0
  0
LINE
  5
83A
330
17
100
AcDbEntity
  8
0
100
AcDbLine
 10
39.905629999999995
 20
-23.658579999999997
 30
0.0
 11
38.99458
 21
-24.07086
 31
0.0
  0
LINE
  5
83B
330
17
100
AcDbEntity
  8
0
100
AcDbLine
 10
38.99458
 20
-24.07086
 30
0.0
 11
39.81916
 21
-25.892970000000002
 31
0.0
  0
LINE
  5
83C
330
17
100
AcDbEntity
  8
0
100
AcDbLine
 10
39.81916
 20
-25.892970000000002
 30
0.0
 11
40.73021
 21
-25.48068
 31
0.0
  0
LINE
  5
83D
330
17
100
AcDbEntity
  8
0
100
AcDbLine
 10
40.73021
 20
-25.48068
 30
0.0
 11
39.905629999999995
 21
-23.658579999999997
 31
0.0
  0
LINE
  5
83E
330
17
100
AcDbEntity
  8
0
100
AcDbLine
 10
5.515619999999999
 20
15.869790000000002
 30
0.0
 11
5.515619999999999
 21
14.473949999999999
 31
0.0
  0
LINE
  5
83F
330
17
100
AcDbEntity
  8
0
100
AcDbLine
 10
5.515619999999999
 20
14.473949999999999
 30
0.0
 11
5.9375
 21
14.473949999999999
 31
0.0
  0
LINE
  5
840
330
17
100
AcDbEntity
  8
0
100
AcDbLine
 10
5.9375
 20
14.473949999999999
 30
0.0
 11
6.35662
 21
14.45511
 31
0.0
  0
LINE
  5
841
330
17
100
AcDbEntity
  8
0
100
AcDbLine
 10
6.35662
 20
14.45511
 30
0.0
 11
6.66016
 21
14.41215
 31
0.0
  0
LINE
  5
842
330
17
100
AcDbEntity
  8
0
100
AcDbLine
 10
6.66016
 20
14.41215
 30
0.0
 11
6.89285
 21
14.356060000000001
 31
0.0
  0
LINE
  5
843
330
17
100
AcDbEntity
  8
0
100
AcDbLine
 10
6.89285
 20
14.356060000000001
 30
0.0
 11
7.0768
 21
14.29238
 31
0.0
  0
LINE
  5
844
330
17
100
AcDbEntity
  8
0
100
AcDbLine
 10
7.0768
 20
14.29238
 30
0.0
 11
7.226179999999999
 21
14.22377
 31
0.0
  0
LINE
  5
845
330
17
100
AcDbEntity
  8
0
100
AcDbLine
 10
7.226179999999999
 20
14.22377
 30
0.0
 11
7.35027
 21
14.15136
 31
0.0
  0
LINE
  5
846
330
17
100
AcDbEntity
  8
0
100
AcDbLine
 10
7.35027
 20
14.15136
 30
0.0
 11
7.44531
 21
14.08333
 31
0.0
  0
LINE
  5
847
330
17
100
AcDbEntity
  8
0
100
AcDbLine
 10
7.44531
 20
14.08333
 30
0.0
 11
7.5337700000000005
 21
14.006609999999998
 31
0.0
  0
LINE
  5
848
330
17
100
AcDbEntity
  8
0
100
AcDbLine
 10
7.5337700000000005
 20
14.006609999999998
 30
0.0
 11
7.61782
 21
13.91718
 31
0.0
  0
LINE
  5
849
330
17
100
AcDbEntity
  8
0
100
AcDbLine
 10
7.61782
 20
13.91718
 30
0.0
 11
7.6911499999999995
 21
13.820739999999999
 31
0.0
  0
LINE
  5
84A
330
17
100
AcDbEntity
  8
0
100
AcDbLine
 10
7.6911499999999995
 20
13.820739999999999
 30
0.0
 11
7.7554099999999995
 21
13.7154
 31
0.0
  0
LINE
  5
84B
330
17
100
AcDbEntity
  8
0
100
AcDbLine
 10
7.7554099999999995
 20
13.7154
 30
0.0
 11
7.81154
 21
13.5985
 31
0.0
  0
LINE
  5
84C
330
17
100
AcDbEntity
  8
0
100
AcDbLine
 10
7.81154
 20
13.5985
 30
0.0
 11
7.859649999999999
 21
13.46651
 31
0.0
  0
LINE
  5
84D
330
17
100
AcDbEntity
  8
0
100
AcDbLine
 10
7.859649999999999
 20
13.46651
 30
0.0
 11
7.89897
 21
13.31463
 31
0.0
  0
LINE
  5
84E
330
17
100
AcDbEntity
  8
0
100
AcDbLine
 10
7.89897
 20
13.31463
 30
0.0
 11
7.92761
 21
13.13625
 31
0.0
  0
LINE
  5
84F
330
17
100
AcDbEntity
  8
0
100
AcDbLine
 10
7.92761
 20
13.13625
 30
0.0
 11
7.94199
 21
12.92196
 31
0.0
  0
LINE
  5
850
330
17
100
AcDbEntity
  8
0
100
AcDbLine
 10
7.94199
 20
12.92196
 30
0.0
 11
7.9427
 21
12.85937
 31
0.0
  0
LINE
  5
851
330
17
100
AcDbEntity
  8
0
100
AcDbLine
 10
7.9427
 20
12.85937
 30
0.0
 11
7.935859999999999
 21
12.68067
 31
0.0
  0
LINE
  5
852
330
17
100
AcDbEntity
  8
0
100
AcDbLine
 10
7.935859999999999
 20
12.68067
 30
0.0
 11
7.91184
 21
12.47501
 31
0.0
  0
LINE
  5
853
330
17
100
AcDbEntity
  8
0
100
AcDbLine
 10
7.91184
 20
12.47501
 30
0.0
 11
7.877769999999999
 21
12.299430000000001
 31
0.0
  0
LINE
  5
854
330
17
100
AcDbEntity
  8
0
100
AcDbLine
 10
7.877769999999999
 20
12.299430000000001
 30
0.0
 11
7.78869
 21
11.967469999999999
 31
0.0
  0
LINE
  5
855
330
17
100
AcDbEntity
  8
0
100
AcDbLine
 10
7.78869
 20
11.967469999999999
 30
0.0
 11
7.68208
 21
11.6407
 31
0.0
  0
LINE
  5
856
330
17
100
AcDbEntity
  8
0
100
AcDbLine
 10
7.68208
 20
11.6407
 30
0.0
 11
5.41658
 21
5.33856
 31
0.0
  0
LINE
  5
857
330
17
100
AcDbEntity
  8
0
100
AcDbLine
 10
5.41658
 20
5.33856
 30
0.0
 11
4.97923
 21
4.04685
 31
0.0
  0
LINE
  5
858
330
17
100
AcDbEntity
  8
0
100
AcDbLine
 10
4.97923
 20
4.04685
 30
0.0
 11
4.546900000000001
 21
2.65624
 31
0.0
  0
LINE
  5
859
330
17
100
AcDbEntity
  8
0
100
AcDbLine
 10
4.546900000000001
 20
2.65624
 30
0.0
 11
4.17968
 21
1.3619700000000001
 31
0.0
  0
LINE
  5
85A
330
17
100
AcDbEntity
  8
0
100
AcDbLine
 10
4.17968
 20
1.3619700000000001
 30
0.0
 11
4.04101
 21
0.79752
 31
0.0
  0
LINE
  5
85B
330
17
100
AcDbEntity
  8
0
100
AcDbLine
 10
4.04101
 20
0.79752
 30
0.0
 11
3.95312
 21
0.32812
 31
0.0
  0
LINE
  5
85C
330
17
100
AcDbEntity
  8
0
100
AcDbLine
 10
3.95312
 20
0.32812
 30
0.0
 11
3.8394700000000004
 21
0.32812
 31
0.0
  0
LINE
  5
85D
330
17
100
AcDbEntity
  8
0
100
AcDbLine
 10
3.8394700000000004
 20
0.32812
 30
0.0
 11
3.71599
 21
0.7754800000000001
 31
0.0
  0
LINE
  5
85E
330
17
100
AcDbEntity
  8
0
100
AcDbLine
 10
3.71599
 20
0.7754800000000001
 30
0.0
 11
3.57
 21
1.2160300000000002
 31
0.0
  0
LINE
  5
85F
330
17
100
AcDbEntity
  8
0
100
AcDbLine
 10
3.57
 20
1.2160300000000002
 30
0.0
 11
3.14838
 21
2.3697700000000004
 31
0.0
  0
LINE
  5
860
330
17
100
AcDbEntity
  8
0
100
AcDbLine
 10
3.14838
 20
2.3697700000000004
 30
0.0
 11
2.6588499999999997
 21
3.64583
 31
0.0
  0
LINE
  5
861
330
17
100
AcDbEntity
  8
0
100
AcDbLine
 10
2.6588499999999997
 20
3.64583
 30
0.0
 11
2.17707
 21
4.9010299999999996
 31
0.0
  0
LINE
  5
862
330
17
100
AcDbEntity
  8
0
100
AcDbLine
 10
2.17707
 20
4.9010299999999996
 30
0.0
 11
-0.21334000000000009
 21
11.39591
 31
0.0
  0
LINE
  5
863
330
17
100
AcDbEntity
  8
0
100
AcDbLine
 10
-0.21333999999999997
 20
11.39591
 30
0.0
 11
-0.34887999999999997
 21
11.78103
 31
0.0
  0
LINE
  5
864
330
17
100
AcDbEntity
  8
0
100
AcDbLine
 10
-0.34887999999999997
 20
11.78103
 30
0.0
 11
-0.44774
 21
12.17712
 31
0.0
  0
LINE
  5
865
330
17
100
AcDbEntity
  8
0
100
AcDbLine
 10
-0.44774
 20
12.17712
 30
0.0
 11
-0.49962
 21
12.50093
 31
0.0
  0
LINE
  5
866
330
17
100
AcDbEntity
  8
0
100
AcDbLine
 10
-0.49962
 20
12.50093
 30
0.0
 11
-0.52083
 21
12.82812
 31
0.0
  0
LINE
  5
867
330
17
100
AcDbEntity
  8
0
100
AcDbLine
 10
-0.52083
 20
12.82812
 30
0.0
 11
-0.50987
 21
13.06395
 31
0.0
  0
LINE
  5
868
330
17
100
AcDbEntity
  8
0
100
AcDbLine
 10
-0.50987
 20
13.06395
 30
0.0
 11
-0.48238000000000003
 21
13.25421
 31
0.0
  0
LINE
  5
869
330
17
100
AcDbEntity
  8
0
100
AcDbLine
 10
-0.48238000000000003
 20
13.25421
 30
0.0
 11
-0.44347000000000003
 21
13.41265
 31
0.0
  0
LINE
  5
86A
330
17
100
AcDbEntity
  8
0
100
AcDbLine
 10
-0.44347000000000003
 20
13.41265
 30
0.0
 11
-0.39588999999999996
 21
13.5478
 31
0.0
  0
LINE
  5
86B
330
17
100
AcDbEntity
  8
0
100
AcDbLine
 10
-0.39588999999999996
 20
13.5478
 30
0.0
 11
-0.34096000000000004
 21
13.66554
 31
0.0
  0
LINE
  5
86C
330
17
100
AcDbEntity
  8
0
100
AcDbLine
 10
-0.34096000000000004
 20
13.66554
 30
0.0
 11
-0.27192
 21
13.78073
 31
0.0
  0
LINE
  5
86D
330
17
100
AcDbEntity
  8
0
100
AcDbLine
 10
-0.27192
 20
13.78073
 30
0.0
 11
-0.19566
 21
13.881499999999999
 31
0.0
  0
LINE
  5
86E
330
17
100
AcDbEntity
  8
0
100
AcDbLine
 10
-0.19566
 20
13.881499999999999
 30
0.0
 11
-0.11163000000000001
 21
13.97111
 31
0.0
  0
LINE
  5
86F
330
17
100
AcDbEntity
  8
0
100
AcDbLine
 10
-0.11163000000000001
 20
13.97111
 30
0.0
 11
-0.01829
 21
14.052059999999999
 31
0.0
  0
LINE
  5
870
330
17
100
AcDbEntity
  8
0
100
AcDbLine
 10
-0.01829
 20
14.052059999999999
 30
0.0
 11
0.02343
 21
14.08333
 31
0.0
  0
LINE
  5
871
330
17
100
AcDbEntity
  8
0
100
AcDbLine
 10
0.02343
 20
14.08333
 30
0.0
 11
0.15393
 21
14.16682
 31
0.0
  0
LINE
  5
872
330
17
100
AcDbEntity
  8
0
100
AcDbLine
 10
0.15393
 20
14.16682
 30
0.0
 11
0.29757
 21
14.239730000000002
 31
0.0
  0
LINE
  5
873
330
17
100
AcDbEntity
  8
0
100
AcDbLine
 10
0.29757
 20
14.239730000000002
 30
0.0
 11
0.47158999999999995
 21
14.308430000000001
 31
0.0
  0
LINE
  5
874
330
17
100
AcDbEntity
  8
0
100
AcDbLine
 10
0.47158999999999995
 20
14.308430000000001
 30
0.0
 11
0.68638
 21
14.37116
 31
0.0
  0
LINE
  5
875
330
17
100
AcDbEntity
  8
0
100
AcDbLine
 10
0.68638
 20
14.37116
 30
0.0
 11
0.95809
 21
14.42467
 31
0.0
  0
LINE
  5
876
330
17
100
AcDbEntity
  8
0
100
AcDbLine
 10
0.95809
 20
14.42467
 30
0.0
 11
1.38765
 21
14.46702
 31
0.0
  0
LINE
  5
877
330
17
100
AcDbEntity
  8
0
100
AcDbLine
 10
1.38765
 20
14.46702
 30
0.0
 11
1.67187
 21
14.473949999999999
 31
0.0
  0
LINE
  5
878
330
17
100
AcDbEntity
  8
0
100
AcDbLine
 10
1.67187
 20
14.473949999999999
 30
0.0
 11
1.91666
 21
14.473949999999999
 31
0.0
  0
LINE
  5
879
330
17
100
AcDbEntity
  8
0
100
AcDbLine
 10
1.91666
 20
14.473949999999999
 30
0.0
 11
1.91666
 21
15.869790000000002
 31
0.0
  0
LINE
  5
87A
330
17
100
AcDbEntity
  8
0
100
AcDbLine
 10
1.91666
 20
15.869790000000002
 30
0.0
 11
-5.22916
 21
15.869790000000002
 31
0.0
  0
LINE
  5
87B
330
17
100
AcDbEntity
  8
0
100
AcDbLine
 10
-5.22916
 20
15.869790000000002
 30
0.0
 11
-5.22916
 21
14.473949999999999
 31
0.0
  0
LINE
  5
87C
330
17
100
AcDbEntity
  8
0
100
AcDbLine
 10
-5.22916
 20
14.473949999999999
 30
0.0
 11
-4.8177
 21
14.473949999999999
 31
0.0
  0
LINE
  5
87D
330
17
100
AcDbEntity
  8
0
100
AcDbLine
 10
-4.8177
 20
14.473949999999999
 30
0.0
 11
-4.46659
 21
14.45822
 31
0.0
  0
LINE
  5
87E
330
17
100
AcDbEntity
  8
0
100
AcDbLine
 10
-4.46659
 20
14.45822
 30
0.0
 11
-4.21149
 21
14.42221
 31
0.0
  0
LINE
  5
87F
330
17
100
AcDbEntity
  8
0
100
AcDbLine
 10
-4.21149
 20
14.42221
 30
0.0
 11
-4.01416
 21
14.37463
 31
0.0
  0
LINE
  5
880
330
17
100
AcDbEntity
  8
0
100
AcDbLine
 10
-4.01416
 20
14.37463
 30
0.0
 11
-3.9895800000000006
 21
14.36718
 31
0.0
  0
LINE
  5
881
330
17
100
AcDbEntity
  8
0
100
AcDbLine
 10
-3.9895800000000006
 20
14.36718
 30
0.0
 11
-3.8569199999999997
 21
14.3179
 31
0.0
  0
LINE
  5
882
330
17
100
AcDbEntity
  8
0
100
AcDbLine
 10
-3.8569199999999997
 20
14.3179
 30
0.0
 11
-3.73563
 21
14.257570000000001
 31
0.0
  0
LINE
  5
883
330
17
100
AcDbEntity
  8
0
100
AcDbLine
 10
-3.73563
 20
14.257570000000001
 30
0.0
 11
-3.61761
 21
14.18308
 31
0.0
  0
LINE
  5
884
330
17
100
AcDbEntity
  8
0
100
AcDbLine
 10
-3.61761
 20
14.18308
 30
0.0
 11
-3.50066
 21
14.091849999999999
 31
0.0
  0
LINE
  5
885
330
17
100
AcDbEntity
  8
0
100
AcDbLine
 10
-3.50066
 20
14.091849999999999
 30
0.0
 11
-3.36979
 21
13.96614
 31
0.0
  0
LINE
  5
886
330
17
100
AcDbEntity
  8
0
100
AcDbLine
 10
-3.36979
 20
13.96614
 30
0.0
 11
-3.21964
 21
13.788409999999999
 31
0.0
  0
LINE
  5
887
330
17
100
AcDbEntity
  8
0
100
AcDbLine
 10
-3.21964
 20
13.788409999999999
 30
0.0
 11
-3.03518
 21
13.51902
 31
0.0
  0
LINE
  5
888
330
17
100
AcDbEntity
  8
0
100
AcDbLine
 10
-3.03518
 20
13.51902
 30
0.0
 11
-2.8411399999999998
 21
13.169270000000001
 31
0.0
  0
LINE
  5
889
330
17
100
AcDbEntity
  8
0
100
AcDbLine
 10
-2.8411399999999998
 20
13.169270000000001
 30
0.0
 11
-2.57486
 21
12.59309
 31
0.0
  0
LINE
  5
88A
330
17
100
AcDbEntity
  8
0
100
AcDbLine
 10
-2.57486
 20
12.59309
 30
0.0
 11
-2.28125
 21
11.86979
 31
0.0
  0
LINE
  5
88B
330
17
100
AcDbEntity
  8
0
100
AcDbLine
 10
-2.28125
 20
11.86979
 30
0.0
 11
2.9739500000000003
 21
-2.0
 31
0.0
  0
LINE
  5
88C
330
17
100
AcDbEntity
  8
0
100
AcDbLine
 10
2.97395
 20
-2.0
 30
0.0
 11
6.020829999999999
 21
-2.0
 31
0.0
  0
LINE
  5
88D
330
17
100
AcDbEntity
  8
0
100
AcDbLine
 10
6.020829999999999
 20
-2.0
 30
0.0
 11
11.375
 21
12.69791
 31
0.0
  0
LINE
  5
88E
330
17
100
AcDbEntity
  8
0
100
AcDbLine
 10
11.375
 20
12.69791
 30
0.0
 11
11.61491
 21
13.26057
 31
0.0
  0
LINE
  5
88F
330
17
100
AcDbEntity
  8
0
100
AcDbLine
 10
11.61491
 20
13.26057
 30
0.0
 11
11.78125
 21
13.55989
 31
0.0
  0
LINE
  5
890
330
17
100
AcDbEntity
  8
0
100
AcDbLine
 10
11.78125
 20
13.55989
 30
0.0
 11
11.87337
 21
13.69762
 31
0.0
  0
LINE
  5
891
330
17
100
AcDbEntity
  8
0
100
AcDbLine
 10
11.87337
 20
13.69762
 30
0.0
 11
12.00034
 21
13.855269999999999
 31
0.0
  0
LINE
  5
892
330
17
100
AcDbEntity
  8
0
100
AcDbLine
 10
12.00034
 20
13.855269999999999
 30
0.0
 11
12.14298
 21
13.99891
 31
0.0
  0
LINE
  5
893
330
17
100
AcDbEntity
  8
0
100
AcDbLine
 10
12.14298
 20
13.99891
 30
0.0
 11
12.27054
 21
14.10454
 31
0.0
  0
LINE
  5
894
330
17
100
AcDbEntity
  8
0
100
AcDbLine
 10
12.27054
 20
14.10454
 30
0.0
 11
12.36917
 21
14.17095
 31
0.0
  0
LINE
  5
895
330
17
100
AcDbEntity
  8
0
100
AcDbLine
 10
12.36917
 20
14.17095
 30
0.0
 11
12.503129999999999
 21
14.24656
 31
0.0
  0
LINE
  5
896
330
17
100
AcDbEntity
  8
0
100
AcDbLine
 10
12.503129999999999
 20
14.24656
 30
0.0
 11
12.64335
 21
14.309830000000002
 31
0.0
  0
LINE
  5
897
330
17
100
AcDbEntity
  8
0
100
AcDbLine
 10
12.64335
 20
14.309830000000002
 30
0.0
 11
12.78868
 21
14.36026
 31
0.0
  0
LINE
  5
898
330
17
100
AcDbEntity
  8
0
100
AcDbLine
 10
12.78868
 20
14.36026
 30
0.0
 11
12.90364
 21
14.39062
 31
0.0
  0
LINE
  5
899
330
17
100
AcDbEntity
  8
0
100
AcDbLine
 10
12.90364
 20
14.39062
 30
0.0
 11
13.176260000000001
 21
14.43963
 31
0.0
  0
LINE
  5
89A
330
17
100
AcDbEntity
  8
0
100
AcDbLine
 10
13.176260000000001
 20
14.43963
 30
0.0
 11
13.58625
 21
14.47151
 31
0.0
  0
LINE
  5
89B
330
17
100
AcDbEntity
  8
0
100
AcDbLine
 10
13.58625
 20
14.47151
 30
0.0
 11
13.75
 21
14.473949999999999
 31
0.0
  0
LINE
  5
89C
330
17
100
AcDbEntity
  8
0
100
AcDbLine
 10
13.75
 20
14.473949999999999
 30
0.0
 11
13.84895
 21
14.473949999999999
 31
0.0
  0
LINE
  5
89D
330
17
100
AcDbEntity
  8
0
100
AcDbLine
 10
13.84895
 20
14.473949999999999
 30
0.0
 11
13.84895
 21
15.869790000000002
 31
0.0
  0
LINE
  5
89E
330
17
100
AcDbEntity
  8
0
100
AcDbLine
 10
13.84895
 20
15.869790000000002
 30
0.0
 11
5.51562
 21
15.869790000000002
 31
0.0
  0
LINE
  5
89F
330
17
100
AcDbEntity
  8
0
100
AcDbLine
 10
-2.71158
 20
-11.5562
 30
0.0
 11
-2.89461
 21
-11.643519999999999
 31
0.0
  0
LINE
  5
8A0
330
17
100
AcDbEntity
  8
0
100
AcDbLine
 10
-2.89461
 20
-11.643519999999999
 30
0.0
 11
-3.04682
 21
-11.73535
 31
0.0
  0
LINE
  5
8A1
330
17
100
AcDbEntity
  8
0
100
AcDbLine
 10
-3.04682
 20
-11.73535
 30
0.0
 11
-3.17588
 21
-11.83161
 31
0.0
  0
LINE
  5
8A2
330
17
100
AcDbEntity
  8
0
100
AcDbLine
 10
-3.17588
 20
-11.83161
 30
0.0
 11
-3.29825
 21
-11.94432
 31
0.0
  0
LINE
  5
8A3
330
17
100
AcDbEntity
  8
0
100
AcDbLine
 10
-3.29825
 20
-11.94432
 30
0.0
 11
-3.36783
 21
-12.02105
 31
0.0
  0
LINE
  5
8A4
330
17
100
AcDbEntity
  8
0
100
AcDbLine
 10
-3.36783
 20
-12.02105
 30
0.0
 11
-3.44832
 21
-12.1237
 31
0.0
  0
LINE
  5
8A5
330
17
100
AcDbEntity
  8
0
100
AcDbLine
 10
-3.44832
 20
-12.1237
 30
0.0
 11
-3.54095
 21
-12.264809999999999
 31
0.0
  0
LINE
  5
8A6
330
17
100
AcDbEntity
  8
0
100
AcDbLine
 10
-3.54095
 20
-12.264809999999999
 30
0.0
 11
-3.6199700000000004
 21
-12.413969999999999
 31
0.0
  0
LINE
  5
8A7
330
17
100
AcDbEntity
  8
0
100
AcDbLine
 10
-3.6199700000000004
 20
-12.413969999999999
 30
0.0
 11
-3.68469
 21
-12.56987
 31
0.0
  0
LINE
  5
8A8
330
17
100
AcDbEntity
  8
0
100
AcDbLine
 10
-3.68469
 20
-12.56987
 30
0.0
 11
-3.72487
 21
-12.693990000000001
 31
0.0
  0
LINE
  5
8A9
330
17
100
AcDbEntity
  8
0
100
AcDbLine
 10
-3.72487
 20
-12.693990000000001
 30
0.0
 11
-3.78416
 21
-12.94612
 31
0.0
  0
LINE
  5
8AA
330
17
100
AcDbEntity
  8
0
100
AcDbLine
 10
-3.78416
 20
-12.94612
 30
0.0
 11
-3.82409
 21
-13.243329999999998
 31
0.0
  0
LINE
  5
8AB
330
17
100
AcDbEntity
  8
0
100
AcDbLine
 10
-3.82409
 20
-13.243329999999998
 30
0.0
 11
-3.83399
 21
-13.50216
 31
0.0
  0
LINE
  5
8AC
330
17
100
AcDbEntity
  8
0
100
AcDbLine
 10
-3.83399
 20
-13.50216
 30
0.0
 11
-3.8342
 21
-13.65408
 31
0.0
  0
LINE
  5
8AD
330
17
100
AcDbEntity
  8
0
100
AcDbLine
 10
-3.8342
 20
-13.65408
 30
0.0
 11
-3.94743
 21
-13.65408
 31
0.0
  0
LINE
  5
8AE
330
17
100
AcDbEntity
  8
0
100
AcDbLine
 10
-3.94743
 20
-13.65408
 30
0.0
 11
-4.29879
 21
-13.1304
 31
0.0
  0
LINE
  5
8AF
330
17
100
AcDbEntity
  8
0
100
AcDbLine
 10
-4.29879
 20
-13.1304
 30
0.0
 11
-4.69243
 21
-12.63775
 31
0.0
  0
LINE
  5
8B0
330
17
100
AcDbEntity
  8
0
100
AcDbLine
 10
-4.69243
 20
-12.63775
 30
0.0
 11
-4.93393
 21
-12.383790000000001
 31
0.0
  0
LINE
  5
8B1
330
17
100
AcDbEntity
  8
0
100
AcDbLine
 10
-4.93393
 20
-12.383790000000001
 30
0.0
 11
-5.2391499999999995
 21
-12.116520000000001
 31
0.0
  0
LINE
  5
8B2
330
17
100
AcDbEntity
  8
0
100
AcDbLine
 10
-5.2391499999999995
 20
-12.116520000000001
 30
0.0
 11
-5.523280000000001
 21
-11.91144
 31
0.0
  0
LINE
  5
8B3
330
17
100
AcDbEntity
  8
0
100
AcDbLine
 10
-5.523280000000001
 20
-11.91144
 30
0.0
 11
-5.72888
 21
-11.78799
 31
0.0
  0
LINE
  5
8B4
330
17
100
AcDbEntity
  8
0
100
AcDbLine
 10
-5.72888
 20
-11.78799
 30
0.0
 11
-5.99071
 21
-11.65632
 31
0.0
  0
LINE
  5
8B5
330
17
100
AcDbEntity
  8
0
100
AcDbLine
 10
-5.99071
 20
-11.65632
 30
0.0
 11
-6.262560000000001
 21
-11.54684
 31
0.0
  0
LINE
  5
8B6
330
17
100
AcDbEntity
  8
0
100
AcDbLine
 10
-6.262560000000001
 20
-11.54684
 30
0.0
 11
-6.491099999999999
 21
-11.47417
 31
0.0
  0
LINE
  5
8B7
330
17
100
AcDbEntity
  8
0
100
AcDbLine
 10
-6.491099999999999
 20
-11.47417
 30
0.0
 11
-6.86285
 21
-11.39014
 31
0.0
  0
LINE
  5
8B8
330
17
100
AcDbEntity
  8
0
100
AcDbLine
 10
-6.86285
 20
-11.39014
 30
0.0
 11
-7.25768
 21
-11.34127
 31
0.0
  0
LINE
  5
8B9
330
17
100
AcDbEntity
  8
0
100
AcDbLine
 10
-7.25768
 20
-11.34127
 30
0.0
 11
-7.64105
 21
-11.32682
 31
0.0
  0
LINE
  5
8BA
330
17
100
AcDbEntity
  8
0
100
AcDbLine
 10
-7.64105
 20
-11.32682
 30
0.0
 11
-7.971209999999999
 21
-11.34194
 31
0.0
  0
LINE
  5
8BB
330
17
100
AcDbEntity
  8
0
100
AcDbLine
 10
-7.971209999999999
 20
-11.34194
 30
0.0
 11
-8.22572
 21
-11.37837
 31
0.0
  0
LINE
  5
8BC
330
17
100
AcDbEntity
  8
0
100
AcDbLine
 10
-8.22572
 20
-11.37837
 30
0.0
 11
-8.429870000000001
 21
-11.42812
 31
0.0
  0
LINE
  5
8BD
330
17
100
AcDbEntity
  8
0
100
AcDbLine
 10
-8.429870000000001
 20
-11.42812
 30
0.0
 11
-8.597280000000001
 21
-11.4866
 31
0.0
  0
LINE
  5
8BE
330
17
100
AcDbEntity
  8
0
100
AcDbLine
 10
-8.597280000000001
 20
-11.4866
 30
0.0
 11
-8.646700000000001
 21
-11.50759
 31
0.0
  0
LINE
  5
8BF
330
17
100
AcDbEntity
  8
0
100
AcDbLine
 10
-8.646700000000001
 20
-11.50759
 30
0.0
 11
-8.77422
 21
-11.56878
 31
0.0
  0
LINE
  5
8C0
330
17
100
AcDbEntity
  8
0
100
AcDbLine
 10
-8.77422
 20
-11.56878
 30
0.0
 11
-8.93199
 21
-11.661430000000001
 31
0.0
  0
LINE
  5
8C1
330
17
100
AcDbEntity
  8
0
100
AcDbLine
 10
-8.93199
 20
-11.661430000000001
 30
0.0
 11
-9.079500000000001
 21
-11.76965
 31
0.0
  0
LINE
  5
8C2
330
17
100
AcDbEntity
  8
0
100
AcDbLine
 10
-9.079500000000001
 20
-11.76965
 30
0.0
 11
-9.21524
 21
-11.89233
 31
0.0
  0
LINE
  5
8C3
330
17
100
AcDbEntity
  8
0
100
AcDbLine
 10
-9.21524
 20
-11.89233
 30
0.0
 11
-9.31085
 21
-11.99648
 31
0.0
  0
LINE
  5
8C4
330
17
100
AcDbEntity
  8
0
100
AcDbLine
 10
-9.31085
 20
-11.99648
 30
0.0
 11
-9.39425
 21
-12.10545
 31
0.0
  0
LINE
  5
8C5
330
17
100
AcDbEntity
  8
0
100
AcDbLine
 10
-9.39425
 20
-12.10545
 30
0.0
 11
-9.49
 21
-12.25497
 31
0.0
  0
LINE
  5
8C6
330
17
100
AcDbEntity
  8
0
100
AcDbLine
 10
-9.49
 20
-12.25497
 30
0.0
 11
-9.571019999999999
 21
-12.41295
 31
0.0
  0
LINE
  5
8C7
330
17
100
AcDbEntity
  8
0
100
AcDbLine
 10
-9.571019999999999
 20
-12.41295
 30
0.0
 11
-9.63657
 21
-12.57795
 31
0.0
  0
LINE
  5
8C8
330
17
100
AcDbEntity
  8
0
100
AcDbLine
 10
-9.63657
 20
-12.57795
 30
0.0
 11
-9.676590000000001
 21
-12.70921
 31
0.0
  0
LINE
  5
8C9
330
17
100
AcDbEntity
  8
0
100
AcDbLine
 10
-9.676590000000001
 20
-12.70921
 30
0.0
 11
-9.735769999999999
 21
-12.975010000000001
 31
0.0
  0
LINE
  5
8CA
330
17
100
AcDbEntity
  8
0
100
AcDbLine
 10
-9.735769999999999
 20
-12.975010000000001
 30
0.0
 11
-9.77575
 21
-13.287749999999999
 31
0.0
  0
LINE
  5
8CB
330
17
100
AcDbEntity
  8
0
100
AcDbLine
 10
-9.77575
 20
-13.287749999999999
 30
0.0
 11
-9.78596
 21
-13.55989
 31
0.0
  0
LINE
  5
8CC
330
17
100
AcDbEntity
  8
0
100
AcDbLine
 10
-9.78596
 20
-13.55989
 30
0.0
 11
-9.775870000000001
 21
-13.82333
 31
0.0
  0
LINE
  5
8CD
330
17
100
AcDbEntity
  8
0
100
AcDbLine
 10
-9.775870000000001
 20
-13.82333
 30
0.0
 11
-9.74795
 21
-14.08549
 31
0.0
  0
LINE
  5
8CE
330
17
100
AcDbEntity
  8
0
100
AcDbLine
 10
-9.74795
 20
-14.08549
 30
0.0
 11
-9.65841
 21
-14.650599999999999
 31
0.0
  0
LINE
  5
8CF
330
17
100
AcDbEntity
  8
0
100
AcDbLine
 10
-9.65841
 20
-14.650599999999999
 30
0.0
 11
-9.5445
 21
-15.22027
 31
0.0
  0
LINE
  5
8D0
330
17
100
AcDbEntity
  8
0
100
AcDbLine
 10
-9.5445
 20
-15.22027
 30
0.0
 11
-9.433570000000001
 21
-15.762580000000002
 31
0.0
  0
LINE
  5
8D1
330
17
100
AcDbEntity
  8
0
100
AcDbLine
 10
-9.433570000000001
 20
-15.762580000000002
 30
0.0
 11
-8.98706
 21
-17.84073
 31
0.0
  0
LINE
  5
8D2
330
17
100
AcDbEntity
  8
0
100
AcDbLine
 10
-8.98706
 20
-17.84073
 30
0.0
 11
-8.7896
 21
-18.82814
 31
0.0
  0
LINE
  5
8D3
330
17
100
AcDbEntity
  8
0
100
AcDbLine
 10
-8.7896
 20
-18.82814
 30
0.0
 11
-8.73385
 21
-19.264110000000002
 31
0.0
  0
LINE
  5
8D4
330
17
100
AcDbEntity
  8
0
100
AcDbLine
 10
-8.73385
 20
-19.264110000000002
 30
0.0
 11
-8.71354
 21
-19.703120000000002
 31
0.0
  0
LINE
  5
8D5
330
17
100
AcDbEntity
  8
0
100
AcDbLine
 10
-8.71354
 20
-19.703120000000002
 30
0.0
 11
-8.72106
 21
-19.868290000000002
 31
0.0
  0
LINE
  5
8D6
330
17
100
AcDbEntity
  8
0
100
AcDbLine
 10
-8.72106
 20
-19.868290000000002
 30
0.0
 11
-8.738990000000001
 21
-19.99387
 31
0.0
  0
LINE
  5
8D7
330
17
100
AcDbEntity
  8
0
100
AcDbLine
 10
-8.738990000000001
 20
-19.99387
 30
0.0
 11
-8.763200000000001
 21
-20.09349
 31
0.0
  0
LINE
  5
8D8
330
17
100
AcDbEntity
  8
0
100
AcDbLine
 10
-8.763200000000001
 20
-20.09349
 30
0.0
 11
-8.791540000000001
 21
-20.174750000000003
 31
0.0
  0
LINE
  5
8D9
330
17
100
AcDbEntity
  8
0
100
AcDbLine
 10
-8.791540000000001
 20
-20.174750000000003
 30
0.0
 11
-8.822949999999999
 21
-20.24266
 31
0.0
  0
LINE
  5
8DA
330
17
100
AcDbEntity
  8
0
100
AcDbLine
 10
-8.822949999999999
 20
-20.24266
 30
0.0
 11
-8.85699
 21
-20.3006
 31
0.0
  0
LINE
  5
8DB
330
17
100
AcDbEntity
  8
0
100
AcDbLine
 10
-8.85699
 20
-20.3006
 30
0.0
 11
-8.89431
 21
-20.351770000000002
 31
0.0
  0
LINE
  5
8DC
330
17
100
AcDbEntity
  8
0
100
AcDbLine
 10
-8.89431
 20
-20.351770000000002
 30
0.0
 11
-8.9354
 21
-20.39781
 31
0.0
  0
LINE
  5
8DD
330
17
100
AcDbEntity
  8
0
100
AcDbLine
 10
-8.9354
 20
-20.39781
 30
0.0
 11
-8.98258
 21
-20.44077
 31
0.0
  0
LINE
  5
8DE
330
17
100
AcDbEntity
  8
0
100
AcDbLine
 10
-8.98258
 20
-20.44077
 30
0.0
 11
-9.0311
 21
-20.476210000000002
 31
0.0
  0
LINE
  5
8DF
330
17
100
AcDbEntity
  8
0
100
AcDbLine
 10
-9.0311
 20
-20.476210000000002
 30
0.0
 11
-9.08167
 21
-20.50553
 31
0.0
  0
LINE
  5
8E0
330
17
100
AcDbEntity
  8
0
100
AcDbLine
 10
-9.08167
 20
-20.50553
 30
0.0
 11
-9.13531
 21
-20.529639999999997
 31
0.0
  0
LINE
  5
8E1
330
17
100
AcDbEntity
  8
0
100
AcDbLine
 10
-9.13531
 20
-20.529639999999997
 30
0.0
 11
-9.19329
 21
-20.54894
 31
0.0
  0
LINE
  5
8E2
330
17
100
AcDbEntity
  8
0
100
AcDbLine
 10
-9.19329
 20
-20.54894
 30
0.0
 11
-9.25713
 21
-20.563390000000002
 31
0.0
  0
LINE
  5
8E3
330
17
100
AcDbEntity
  8
0
100
AcDbLine
 10
-9.25713
 20
-20.563390000000002
 30
0.0
 11
-9.32883
 21
-20.57245
 31
0.0
  0
LINE
  5
8E4
330
17
100
AcDbEntity
  8
0
100
AcDbLine
 10
-9.32883
 20
-20.57245
 30
0.0
 11
-9.39713
 21
-20.57508
 31
0.0
  0
LINE
  5
8E5
330
17
100
AcDbEntity
  8
0
100
AcDbLine
 10
-9.39713
 20
-20.57508
 30
0.0
 11
-9.49407
 21
-20.57236
 31
0.0
  0
LINE
  5
8E6
330
17
100
AcDbEntity
  8
0
100
AcDbLine
 10
-9.49407
 20
-20.57236
 30
0.0
 11
-9.61882
 21
-20.55907
 31
0.0
  0
LINE
  5
8E7
330
17
100
AcDbEntity
  8
0
100
AcDbLine
 10
-9.61882
 20
-20.55907
 30
0.0
 11
-9.74175
 21
-20.53404
 31
0.0
  0
LINE
  5
8E8
330
17
100
AcDbEntity
  8
0
100
AcDbLine
 10
-9.74175
 20
-20.53404
 30
0.0
 11
-9.86176
 21
-20.4975
 31
0.0
  0
LINE
  5
8E9
330
17
100
AcDbEntity
  8
0
100
AcDbLine
 10
-9.86176
 20
-20.4975
 30
0.0
 11
-9.951780000000001
 21
-20.46152
 31
0.0
  0
LINE
  5
8EA
330
17
100
AcDbEntity
  8
0
100
AcDbLine
 10
-9.951780000000001
 20
-20.46152
 30
0.0
 11
-10.25418
 21
-20.30488
 31
0.0
  0
LINE
  5
8EB
330
17
100
AcDbEntity
  8
0
100
AcDbLine
 10
-10.25418
 20
-20.30488
 30
0.0
 11
-10.545169999999999
 21
-20.12789
 31
0.0
  0
LINE
  5
8EC
330
17
100
AcDbEntity
  8
0
100
AcDbLine
 10
-10.545169999999999
 20
-20.12789
 30
0.0
 11
-11.01053
 21
-20.794
 31
0.0
  0
LINE
  5
8ED
330
17
100
AcDbEntity
  8
0
100
AcDbLine
 10
-11.01053
 20
-20.794
 30
0.0
 11
-10.75155
 21
-21.04602
 31
0.0
  0
LINE
  5
8EE
330
17
100
AcDbEntity
  8
0
100
AcDbLine
 10
-10.75155
 20
-21.04602
 30
0.0
 11
-10.47875
 21
-21.28301
 31
0.0
  0
LINE
  5
8EF
330
17
100
AcDbEntity
  8
0
100
AcDbLine
 10
-10.47875
 20
-21.28301
 30
0.0
 11
-10.280040000000001
 21
-21.434990000000003
 31
0.0
  0
LINE
  5
8F0
330
17
100
AcDbEntity
  8
0
100
AcDbLine
 10
-10.280040000000001
 20
-21.434990000000003
 30
0.0
 11
-10.037809999999999
 21
-21.59383
 31
0.0
  0
LINE
  5
8F1
330
17
100
AcDbEntity
  8
0
100
AcDbLine
 10
-10.037809999999999
 20
-21.59383
 30
0.0
 11
-9.81949
 21
-21.71602
 31
0.0
  0
LINE
  5
8F2
330
17
100
AcDbEntity
  8
0
100
AcDbLine
 10
-9.81949
 20
-21.71602
 30
0.0
 11
-9.57051
 21
-21.83241
 31
0.0
  0
LINE
  5
8F3
330
17
100
AcDbEntity
  8
0
100
AcDbLine
 10
-9.57051
 20
-21.83241
 30
0.0
 11
-9.27238
 21
-21.943689999999997
 31
0.0
  0
LINE
  5
8F4
330
17
100
AcDbEntity
  8
0
100
AcDbLine
 10
-9.27238
 20
-21.943689999999997
 30
0.0
 11
-9.008270000000001
 21
-22.01987
 31
0.0
  0
LINE
  5
8F5
330
17
100
AcDbEntity
  8
0
100
AcDbLine
 10
-9.008270000000001
 20
-22.01987
 30
0.0
 11
-8.70201
 21
-22.08246
 31
0.0
  0
LINE
  5
8F6
330
17
100
AcDbEntity
  8
0
100
AcDbLine
 10
-8.70201
 20
-22.08246
 30
0.0
 11
-8.34243
 21
-22.12378
 31
0.0
  0
LINE
  5
8F7
330
17
100
AcDbEntity
  8
0
100
AcDbLine
 10
-8.34243
 20
-22.12378
 30
0.0
 11
-8.02994
 21
-22.13368
 31
0.0
  0
LINE
  5
8F8
330
17
100
AcDbEntity
  8
0
100
AcDbLine
 10
-8.02994
 20
-22.13368
 30
0.0
 11
-7.63664
 21
-22.11553
 31
0.0
  0
LINE
  5
8F9
330
17
100
AcDbEntity
  8
0
100
AcDbLine
 10
-7.63664
 20
-22.11553
 30
0.0
 11
-7.32661
 21
-22.07094
 31
0.0
  0
LINE
  5
8FA
330
17
100
AcDbEntity
  8
0
100
AcDbLine
 10
-7.32661
 20
-22.07094
 30
0.0
 11
-7.073379999999999
 21
-22.00899
 31
0.0
  0
LINE
  5
8FB
330
17
100
AcDbEntity
  8
0
100
AcDbLine
 10
-7.073379999999999
 20
-22.00899
 30
0.0
 11
-6.861210000000001
 21
-21.93454
 31
0.0
  0
LINE
  5
8FC
330
17
100
AcDbEntity
  8
0
100
AcDbLine
 10
-6.861210000000001
 20
-21.93454
 30
0.0
 11
-6.67944
 21
-21.85001
 31
0.0
  0
LINE
  5
8FD
330
17
100
AcDbEntity
  8
0
100
AcDbLine
 10
-6.67944
 20
-21.85001
 30
0.0
 11
-6.52067
 21
-21.75626
 31
0.0
  0
LINE
  5
8FE
330
17
100
AcDbEntity
  8
0
100
AcDbLine
 10
-6.52067
 20
-21.75626
 30
0.0
 11
-6.36677
 21
-21.642539999999997
 31
0.0
  0
LINE
  5
8FF
330
17
100
AcDbEntity
  8
0
100
AcDbLine
 10
-6.36677
 20
-21.642539999999997
 30
0.0
 11
-6.31944
 21
-21.60199
 31
0.0
  0
LINE
  5
900
330
17
100
AcDbEntity
  8
0
100
AcDbLine
 10
-6.31944
 20
-21.60199
 30
0.0
 11
-6.19601
 21
-21.48114
 31
0.0
  0
LINE
  5
901
330
17
100
AcDbEntity
  8
0
100
AcDbLine
 10
-6.19601
 20
-21.48114
 30
0.0
 11
-6.08096
 21
-21.34272
 31
0.0
  0
LINE
  5
902
330
17
100
AcDbEntity
  8
0
100
AcDbLine
 10
-6.08096
 20
-21.34272
 30
0.0
 11
-5.9844800000000005
 21
-21.19785
 31
0.0
  0
LINE
  5
903
330
17
100
AcDbEntity
  8
0
100
AcDbLine
 10
-5.9844800000000005
 20
-21.19785
 30
0.0
 11
-5.90363
 21
-21.04403
 31
0.0
  0
LINE
  5
904
330
17
100
AcDbEntity
  8
0
100
AcDbLine
 10
-5.90363
 20
-21.04403
 30
0.0
 11
-5.83677
 21
-20.87783
 31
0.0
  0
LINE
  5
905
330
17
100
AcDbEntity
  8
0
100
AcDbLine
 10
-5.83677
 20
-20.87783
 30
0.0
 11
-5.78355
 21
-20.69491
 31
0.0
  0
LINE
  5
906
330
17
100
AcDbEntity
  8
0
100
AcDbLine
 10
-5.78355
 20
-20.69491
 30
0.0
 11
-5.74498
 21
-20.489690000000003
 31
0.0
  0
LINE
  5
907
330
17
100
AcDbEntity
  8
0
100
AcDbLine
 10
-5.74498
 20
-20.489690000000003
 30
0.0
 11
-5.72369
 21
-20.25472
 31
0.0
  0
LINE
  5
908
330
17
100
AcDbEntity
  8
0
100
AcDbLine
 10
-5.72369
 20
-20.25472
 30
0.0
 11
-5.72092
 21
-20.12847
 31
0.0
  0
LINE
  5
909
330
17
100
AcDbEntity
  8
0
100
AcDbLine
 10
-5.72092
 20
-20.12847
 30
0.0
 11
-5.73876
 21
-19.67844
 31
0.0
  0
LINE
  5
90A
330
17
100
AcDbEntity
  8
0
100
AcDbLine
 10
-5.73876
 20
-19.67844
 30
0.0
 11
-5.7923100000000005
 21
-19.142570000000003
 31
0.0
  0
LINE
  5
90B
330
17
100
AcDbEntity
  8
0
100
AcDbLine
 10
-5.7923100000000005
 20
-19.142570000000003
 30
0.0
 11
-6.02504
 21
-17.82255
 31
0.0
  0
LINE
  5
90C
330
17
100
AcDbEntity
  8
0
100
AcDbLine
 10
-6.02504
 20
-17.82255
 30
0.0
 11
-6.358960000000001
 21
-16.28516
 31
0.0
  0
LINE
  5
90D
330
17
100
AcDbEntity
  8
0
100
AcDbLine
 10
-6.358960000000001
 20
-16.28516
 30
0.0
 11
-6.4668
 21
-15.81879
 31
0.0
  0
LINE
  5
90E
330
17
100
AcDbEntity
  8
0
100
AcDbLine
 10
-6.4668
 20
-15.81879
 30
0.0
 11
-6.5807
 21
-15.244570000000001
 31
0.0
  0
LINE
  5
90F
330
17
100
AcDbEntity
  8
0
100
AcDbLine
 10
-6.5807
 20
-15.244570000000001
 30
0.0
 11
-6.670190000000001
 21
-14.64602
 31
0.0
  0
LINE
  5
910
330
17
100
AcDbEntity
  8
0
100
AcDbLine
 10
-6.670190000000001
 20
-14.64602
 30
0.0
 11
-6.69768
 21
-14.3785
 31
0.0
  0
LINE
  5
911
330
17
100
AcDbEntity
  8
0
100
AcDbLine
 10
-6.69768
 20
-14.3785
 30
0.0
 11
-6.70851
 21
-14.10981
 31
0.0
  0
LINE
  5
912
330
17
100
AcDbEntity
  8
0
100
AcDbLine
 10
-6.70851
 20
-14.10981
 30
0.0
 11
-6.6998500000000005
 21
-13.91929
 31
0.0
  0
LINE
  5
913
330
17
100
AcDbEntity
  8
0
100
AcDbLine
 10
-6.6998500000000005
 20
-13.91929
 30
0.0
 11
-6.676279999999999
 21
-13.73005
 31
0.0
  0
LINE
  5
914
330
17
100
AcDbEntity
  8
0
100
AcDbLine
 10
-6.676279999999999
 20
-13.73005
 30
0.0
 11
-6.66034
 21
-13.64555
 31
0.0
  0
LINE
  5
915
330
17
100
AcDbEntity
  8
0
100
AcDbLine
 10
-6.66034
 20
-13.64555
 30
0.0
 11
-6.63243
 21
-13.54423
 31
0.0
  0
LINE
  5
916
330
17
100
AcDbEntity
  8
0
100
AcDbLine
 10
-6.63243
 20
-13.54423
 30
0.0
 11
-6.595260000000001
 21
-13.44594
 31
0.0
  0
LINE
  5
917
330
17
100
AcDbEntity
  8
0
100
AcDbLine
 10
-6.595260000000001
 20
-13.44594
 30
0.0
 11
-6.55806
 21
-13.36842
 31
0.0
  0
LINE
  5
918
330
17
100
AcDbEntity
  8
0
100
AcDbLine
 10
-6.55806
 20
-13.36842
 30
0.0
 11
-6.52684
 21
-13.31568
 31
0.0
  0
LINE
  5
919
330
17
100
AcDbEntity
  8
0
100
AcDbLine
 10
-6.52684
 20
-13.31568
 30
0.0
 11
-6.4803999999999995
 21
-13.25141
 31
0.0
  0
LINE
  5
91A
330
17
100
AcDbEntity
  8
0
100
AcDbLine
 10
-6.4803999999999995
 20
-13.25141
 30
0.0
 11
-6.427440000000001
 21
-13.1924
 31
0.0
  0
LINE
  5
91B
330
17
100
AcDbEntity
  8
0
100
AcDbLine
 10
-6.427440000000001
 20
-13.1924
 30
0.0
 11
-6.36855
 21
-13.13931
 31
0.0
  0
LINE
  5
91C
330
17
100
AcDbEntity
  8
0
100
AcDbLine
 10
-6.36855
 20
-13.13931
 30
0.0
 11
-6.31944
 21
-13.102640000000001
 31
0.0
  0
LINE
  5
91D
330
17
100
AcDbEntity
  8
0
100
AcDbLine
 10
-6.31944
 20
-13.102640000000001
 30
0.0
 11
-6.27219
 21
-13.073680000000001
 31
0.0
  0
LINE
  5
91E
330
17
100
AcDbEntity
  8
0
100
AcDbLine
 10
-6.27219
 20
-13.073680000000001
 30
0.0
 11
-6.22306
 21
-13.0502
 31
0.0
  0
LINE
  5
91F
330
17
100
AcDbEntity
  8
0
100
AcDbLine
 10
-6.22306
 20
-13.0502
 30
0.0
 11
-6.1682999999999995
 21
-13.030389999999999
 31
0.0
  0
LINE
  5
920
330
17
100
AcDbEntity
  8
0
100
AcDbLine
 10
-6.1682999999999995
 20
-13.030389999999999
 30
0.0
 11
-6.10613
 21
-13.01452
 31
0.0
  0
LINE
  5
921
330
17
100
AcDbEntity
  8
0
100
AcDbLine
 10
-6.10613
 20
-13.01452
 30
0.0
 11
-6.03411
 21
-13.00327
 31
0.0
  0
LINE
  5
922
330
17
100
AcDbEntity
  8
0
100
AcDbLine
 10
-6.03411
 20
-13.00327
 30
0.0
 11
-5.9415
 21
-12.99788
 31
0.0
  0
LINE
  5
923
330
17
100
AcDbEntity
  8
0
100
AcDbLine
 10
-5.9415
 20
-12.99788
 30
0.0
 11
-5.930549999999999
 21
-12.99783
 31
0.0
  0
LINE
  5
924
330
17
100
AcDbEntity
  8
0
100
AcDbLine
 10
-5.930549999999999
 20
-12.99783
 30
0.0
 11
-5.83319
 21
-13.00313
 31
0.0
  0
LINE
  5
925
330
17
100
AcDbEntity
  8
0
100
AcDbLine
 10
-5.83319
 20
-13.00313
 30
0.0
 11
-5.740559999999999
 21
-13.01807
 31
0.0
  0
LINE
  5
926
330
17
100
AcDbEntity
  8
0
100
AcDbLine
 10
-5.740559999999999
 20
-13.01807
 30
0.0
 11
-5.64647
 21
-13.04319
 31
0.0
  0
LINE
  5
927
330
17
100
AcDbEntity
  8
0
100
AcDbLine
 10
-5.64647
 20
-13.04319
 30
0.0
 11
-5.5489
 21
-13.0799
 31
0.0
  0
LINE
  5
928
330
17
100
AcDbEntity
  8
0
100
AcDbLine
 10
-5.5489
 20
-13.0799
 30
0.0
 11
-5.445679999999999
 21
-13.13062
 31
0.0
  0
LINE
  5
929
330
17
100
AcDbEntity
  8
0
100
AcDbLine
 10
-5.445679999999999
 20
-13.13062
 30
0.0
 11
-5.327570000000001
 21
-13.20377
 31
0.0
  0
LINE
  5
92A
330
17
100
AcDbEntity
  8
0
100
AcDbLine
 10
-5.327570000000001
 20
-13.20377
 30
0.0
 11
-5.30924
 21
-13.21658
 31
0.0
  0
LINE
  5
92B
330
17
100
AcDbEntity
  8
0
100
AcDbLine
 10
-5.30924
 20
-13.21658
 30
0.0
 11
-5.100440000000001
 21
-13.38191
 31
0.0
  0
LINE
  5
92C
330
17
100
AcDbEntity
  8
0
100
AcDbLine
 10
-5.100440000000001
 20
-13.38191
 30
0.0
 11
-4.89191
 21
-13.58246
 31
0.0
  0
LINE
  5
92D
330
17
100
AcDbEntity
  8
0
100
AcDbLine
 10
-4.89191
 20
-13.58246
 30
0.0
 11
-4.70616
 21
-13.79231
 31
0.0
  0
LINE
  5
92E
330
17
100
AcDbEntity
  8
0
100
AcDbLine
 10
-4.70616
 20
-13.79231
 30
0.0
 11
-4.41046
 21
-14.18888
 31
0.0
  0
LINE
  5
92F
330
17
100
AcDbEntity
  8
0
100
AcDbLine
 10
-4.41046
 20
-14.18888
 30
0.0
 11
-4.15038
 21
-14.60971
 31
0.0
  0
LINE
  5
930
330
17
100
AcDbEntity
  8
0
100
AcDbLine
 10
-4.15038
 20
-14.60971
 30
0.0
 11
-3.9012000000000002
 21
-15.07524
 31
0.0
  0
LINE
  5
931
330
17
100
AcDbEntity
  8
0
100
AcDbLine
 10
-3.9012000000000002
 20
-15.07524
 30
0.0
 11
-3.67627
 21
-15.55298
 31
0.0
  0
LINE
  5
932
330
17
100
AcDbEntity
  8
0
100
AcDbLine
 10
-3.67627
 20
-15.55298
 30
0.0
 11
-3.48168
 21
-16.025270000000003
 31
0.0
  0
LINE
  5
933
330
17
100
AcDbEntity
  8
0
100
AcDbLine
 10
-3.48168
 20
-16.025270000000003
 30
0.0
 11
-3.31184
 21
-16.507009999999998
 31
0.0
  0
LINE
  5
934
330
17
100
AcDbEntity
  8
0
100
AcDbLine
 10
-3.31184
 20
-16.507009999999998
 30
0.0
 11
-3.1878100000000003
 21
-16.92859
 31
0.0
  0
LINE
  5
935
330
17
100
AcDbEntity
  8
0
100
AcDbLine
 10
-3.1878100000000003
 20
-16.92859
 30
0.0
 11
-3.0925499999999997
 21
-17.35757
 31
0.0
  0
LINE
  5
936
330
17
100
AcDbEntity
  8
0
100
AcDbLine
 10
-3.0925499999999997
 20
-17.35757
 30
0.0
 11
-2.94081
 21
-18.17488
 31
0.0
  0
LINE
  5
937
330
17
100
AcDbEntity
  8
0
100
AcDbLine
 10
-2.94081
 20
-18.17488
 30
0.0
 11
-2.84994
 21
-18.71876
 31
0.0
  0
LINE
  5
938
330
17
100
AcDbEntity
  8
0
100
AcDbLine
 10
-2.84994
 20
-18.71876
 30
0.0
 11
-2.74045
 21
-19.46462
 31
0.0
  0
LINE
  5
939
330
17
100
AcDbEntity
  8
0
100
AcDbLine
 10
-2.74045
 20
-19.46462
 30
0.0
 11
-2.6265300000000003
 21
-20.2819
 31
0.0
  0
LINE
  5
93A
330
17
100
AcDbEntity
  8
0
100
AcDbLine
 10
-2.6265300000000003
 20
-20.2819
 30
0.0
 11
-2.5278
 21
-21.05512
 31
0.0
  0
LINE
  5
93B
330
17
100
AcDbEntity
  8
0
100
AcDbLine
 10
-2.5278
 20
-21.05512
 30
0.0
 11
-2.4610700000000003
 21
-21.66733
 31
0.0
  0
LINE
  5
93C
330
17
100
AcDbEntity
  8
0
100
AcDbLine
 10
-2.4610700000000003
 20
-21.66733
 30
0.0
 11
-2.43602
 21
-22.0
 31
0.0
  0
LINE
  5
93D
330
17
100
AcDbEntity
  8
0
100
AcDbLine
 10
-2.43602
 20
-22.0
 30
0.0
 11
0.5833300000000001
 21
-22.0
 31
0.0
  0
LINE
  5
93E
330
17
100
AcDbEntity
  8
0
100
AcDbLine
 10
0.5833299999999999
 20
-22.0
 30
0.0
 11
0.5497
 21
-21.6005
 31
0.0
  0
LINE
  5
93F
330
17
100
AcDbEntity
  8
0
100
AcDbLine
 10
0.5497
 20
-21.6005
 30
0.0
 11
0.45873
 21
-20.93208
 31
0.0
  0
LINE
  5
940
330
17
100
AcDbEntity
  8
0
100
AcDbLine
 10
0.45873
 20
-20.93208
 30
0.0
 11
0.32506
 21
-20.101129999999998
 31
0.0
  0
LINE
  5
941
330
17
100
AcDbEntity
  8
0
100
AcDbLine
 10
0.32506
 20
-20.101129999999998
 30
0.0
 11
0.17316
 21
-19.2079
 31
0.0
  0
LINE
  5
942
330
17
100
AcDbEntity
  8
0
100
AcDbLine
 10
0.17316
 20
-19.2079
 30
0.0
 11
0.021199999999999997
 21
-18.35873
 31
0.0
  0
LINE
  5
943
330
17
100
AcDbEntity
  8
0
100
AcDbLine
 10
0.0212
 20
-18.35873
 30
0.0
 11
-0.12144000000000002
 21
-17.66143
 31
0.0
  0
LINE
  5
944
330
17
100
AcDbEntity
  8
0
100
AcDbLine
 10
-0.12144
 20
-17.66143
 30
0.0
 11
-0.41626
 21
-16.30339
 31
0.0
  0
LINE
  5
945
330
17
100
AcDbEntity
  8
0
100
AcDbLine
 10
-0.41626
 20
-16.30339
 30
0.0
 11
-0.50431
 21
-15.847650000000002
 31
0.0
  0
LINE
  5
946
330
17
100
AcDbEntity
  8
0
100
AcDbLine
 10
-0.50431
 20
-15.847650000000002
 30
0.0
 11
-0.6091500000000001
 21
-15.27191
 31
0.0
  0
LINE
  5
947
330
17
100
AcDbEntity
  8
0
100
AcDbLine
 10
-0.6091500000000001
 20
-15.27191
 30
0.0
 11
-0.70013
 21
-14.668809999999999
 31
0.0
  0
LINE
  5
948
330
17
100
AcDbEntity
  8
0
100
AcDbLine
 10
-0.70013
 20
-14.668809999999999
 30
0.0
 11
-0.72756
 21
-14.399000000000001
 31
0.0
  0
LINE
  5
949
330
17
100
AcDbEntity
  8
0
100
AcDbLine
 10
-0.72756
 20
-14.399000000000001
 30
0.0
 11
-0.73846
 21
-14.12804
 31
0.0
  0
LINE
  5
94A
330
17
100
AcDbEntity
  8
0
100
AcDbLine
 10
-0.73846
 20
-14.12804
 30
0.0
 11
-0.73318
 21
-13.943209999999999
 31
0.0
  0
LINE
  5
94B
330
17
100
AcDbEntity
  8
0
100
AcDbLine
 10
-0.73318
 20
-13.943209999999999
 30
0.0
 11
-0.7184
 21
-13.758909999999998
 31
0.0
  0
LINE
  5
94C
330
17
100
AcDbEntity
  8
0
100
AcDbLine
 10
-0.7184
 20
-13.758909999999998
 30
0.0
 11
-0.7029799999999999
 21
-13.64705
 31
0.0
  0
LINE
  5
94D
330
17
100
AcDbEntity
  8
0
100
AcDbLine
 10
-0.7029799999999999
 20
-13.64705
 30
0.0
 11
-0.67357
 21
-13.519689999999999
 31
0.0
  0
LINE
  5
94E
330
17
100
AcDbEntity
  8
0
100
AcDbLine
 10
-0.67357
 20
-13.519689999999999
 30
0.0
 11
-0.63806
 21
-13.41252
 31
0.0
  0
LINE
  5
94F
330
17
100
AcDbEntity
  8
0
100
AcDbLine
 10
-0.63806
 20
-13.41252
 30
0.0
 11
-0.62117
 21
-13.372860000000001
 31
0.0
  0
LINE
  5
950
330
17
100
AcDbEntity
  8
0
100
AcDbLine
 10
-0.62117
 20
-13.372860000000001
 30
0.0
 11
-0.59355
 21
-13.32043
 31
0.0
  0
LINE
  5
951
330
17
100
AcDbEntity
  8
0
100
AcDbLine
 10
-0.59355
 20
-13.32043
 30
0.0
 11
-0.56079
 21
-13.271049999999999
 31
0.0
  0
LINE
  5
952
330
17
100
AcDbEntity
  8
0
100
AcDbLine
 10
-0.56079
 20
-13.271049999999999
 30
0.0
 11
-0.52323
 21
-13.22522
 31
0.0
  0
LINE
  5
953
330
17
100
AcDbEntity
  8
0
100
AcDbLine
 10
-0.52323
 20
-13.22522
 30
0.0
 11
-0.48123000000000005
 21
-13.18342
 31
0.0
  0
LINE
  5
954
330
17
100
AcDbEntity
  8
0
100
AcDbLine
 10
-0.48123000000000005
 20
-13.18342
 30
0.0
 11
-0.44813
 21
-13.15581
 31
0.0
  0
LINE
  5
955
330
17
100
AcDbEntity
  8
0
100
AcDbLine
 10
-0.44813
 20
-13.15581
 30
0.0
 11
-0.41229
 21
-13.130980000000001
 31
0.0
  0
LINE
  5
956
330
17
100
AcDbEntity
  8
0
100
AcDbLine
 10
-0.41229
 20
-13.130980000000001
 30
0.0
 11
-0.37481
 21
-13.1104
 31
0.0
  0
LINE
  5
957
330
17
100
AcDbEntity
  8
0
100
AcDbLine
 10
-0.37481
 20
-13.1104
 30
0.0
 11
-0.33285
 21
-13.09251
 31
0.0
  0
LINE
  5
958
330
17
100
AcDbEntity
  8
0
100
AcDbLine
 10
-0.33285
 20
-13.09251
 30
0.0
 11
-0.28505
 21
-13.07742
 31
0.0
  0
LINE
  5
959
330
17
100
AcDbEntity
  8
0
100
AcDbLine
 10
-0.28505
 20
-13.07742
 30
0.0
 11
-0.22949999999999998
 21
-13.06555
 31
0.0
  0
LINE
  5
95A
330
17
100
AcDbEntity
  8
0
100
AcDbLine
 10
-0.22949999999999998
 20
-13.06555
 30
0.0
 11
-0.16357000000000002
 21
-13.057789999999999
 31
0.0
  0
LINE
  5
95B
330
17
100
AcDbEntity
  8
0
100
AcDbLine
 10
-0.16357000000000002
 20
-13.057789999999999
 30
0.0
 11
-0.10026
 21
-13.05555
 31
0.0
  0
LINE
  5
95C
330
17
100
AcDbEntity
  8
0
100
AcDbLine
 10
-0.10026
 20
-13.05555
 30
0.0
 11
0.013069999999999998
 21
-13.06173
 31
0.0
  0
LINE
  5
95D
330
17
100
AcDbEntity
  8
0
100
AcDbLine
 10
0.01307
 20
-13.06173
 30
0.0
 11
0.12085
 21
-13.07912
 31
0.0
  0
LINE
  5
95E
330
17
100
AcDbEntity
  8
0
100
AcDbLine
 10
0.12085
 20
-13.07912
 30
0.0
 11
0.23026000000000002
 21
-13.10834
 31
0.0
  0
LINE
  5
95F
330
17
100
AcDbEntity
  8
0
100
AcDbLine
 10
0.23026000000000002
 20
-13.10834
 30
0.0
 11
0.34364
 21
-13.15101
 31
0.0
  0
LINE
  5
960
330
17
100
AcDbEntity
  8
0
100
AcDbLine
 10
0.34364
 20
-13.15101
 30
0.0
 11
0.46352
 21
-13.20994
 31
0.0
  0
LINE
  5
961
330
17
100
AcDbEntity
  8
0
100
AcDbLine
 10
0.46352
 20
-13.20994
 30
0.0
 11
0.53927
 21
-13.25455
 31
0.0
  0
LINE
  5
962
330
17
100
AcDbEntity
  8
0
100
AcDbLine
 10
0.53927
 20
-13.25455
 30
0.0
 11
0.74347
 21
-13.39821
 31
0.0
  0
LINE
  5
963
330
17
100
AcDbEntity
  8
0
100
AcDbLine
 10
0.74347
 20
-13.39821
 30
0.0
 11
0.9424499999999999
 21
-13.5698
 31
0.0
  0
LINE
  5
964
330
17
100
AcDbEntity
  8
0
100
AcDbLine
 10
0.9424499999999999
 20
-13.5698
 30
0.0
 11
1.15147
 21
-13.78624
 31
0.0
  0
LINE
  5
965
330
17
100
AcDbEntity
  8
0
100
AcDbLine
 10
1.15147
 20
-13.78624
 30
0.0
 11
1.4476499999999999
 21
-14.15425
 31
0.0
  0
LINE
  5
966
330
17
100
AcDbEntity
  8
0
100
AcDbLine
 10
1.4476499999999999
 20
-14.15425
 30
0.0
 11
1.71184
 21
-14.54589
 31
0.0
  0
LINE
  5
967
330
17
100
AcDbEntity
  8
0
100
AcDbLine
 10
1.71184
 20
-14.54589
 30
0.0
 11
1.9645299999999999
 21
-14.977970000000001
 31
0.0
  0
LINE
  5
968
330
17
100
AcDbEntity
  8
0
100
AcDbLine
 10
1.9645299999999999
 20
-14.977970000000001
 30
0.0
 11
2.1919999999999997
 21
-15.42385
 31
0.0
  0
LINE
  5
969
330
17
100
AcDbEntity
  8
0
100
AcDbLine
 10
2.1919999999999997
 20
-15.42385
 30
0.0
 11
2.38889
 21
-15.865669999999998
 31
0.0
  0
LINE
  5
96A
330
17
100
AcDbEntity
  8
0
100
AcDbLine
 10
2.38889
 20
-15.865669999999998
 30
0.0
 11
2.5625299999999998
 21
-16.31712
 31
0.0
  0
LINE
  5
96B
330
17
100
AcDbEntity
  8
0
100
AcDbLine
 10
2.5625299999999998
 20
-16.31712
 30
0.0
 11
2.69212
 21
-16.71506
 31
0.0
  0
LINE
  5
96C
330
17
100
AcDbEntity
  8
0
100
AcDbLine
 10
2.69212
 20
-16.71506
 30
0.0
 11
2.79542
 21
-17.12059
 31
0.0
  0
LINE
  5
96D
330
17
100
AcDbEntity
  8
0
100
AcDbLine
 10
2.79542
 20
-17.12059
 30
0.0
 11
3.88585
 21
-22.0
 31
0.0
  0
LINE
  5
96E
330
17
100
AcDbEntity
  8
0
100
AcDbLine
 10
3.88585
 20
-22.0
 30
0.0
 11
6.79947
 21
-22.0
 31
0.0
  0
LINE
  5
96F
330
17
100
AcDbEntity
  8
0
100
AcDbLine
 10
6.79947
 20
-22.0
 30
0.0
 11
5.16796
 21
-14.26172
 31
0.0
  0
LINE
  5
970
330
17
100
AcDbEntity
  8
0
100
AcDbLine
 10
5.16796
 20
-14.26172
 30
0.0
 11
5.1163099999999995
 21
-14.00499
 31
0.0
  0
LINE
  5
971
330
17
100
AcDbEntity
  8
0
100
AcDbLine
 10
5.1163099999999995
 20
-14.00499
 30
0.0
 11
5.07229
 21
-13.75433
 31
0.0
  0
LINE
  5
972
330
17
100
AcDbEntity
  8
0
100
AcDbLine
 10
5.07229
 20
-13.75433
 30
0.0
 11
5.04343
 21
-13.55077
 31
0.0
  0
LINE
  5
973
330
17
100
AcDbEntity
  8
0
100
AcDbLine
 10
5.04343
 20
-13.55077
 30
0.0
 11
5.034280000000001
 21
-13.42621
 31
0.0
  0
LINE
  5
974
330
17
100
AcDbEntity
  8
0
100
AcDbLine
 10
5.034280000000001
 20
-13.42621
 30
0.0
 11
5.04201
 21
-13.24645
 31
0.0
  0
LINE
  5
975
330
17
100
AcDbEntity
  8
0
100
AcDbLine
 10
5.04201
 20
-13.24645
 30
0.0
 11
5.05832
 21
-13.12747
 31
0.0
  0
LINE
  5
976
330
17
100
AcDbEntity
  8
0
100
AcDbLine
 10
5.05832
 20
-13.12747
 30
0.0
 11
5.07789
 21
-13.04363
 31
0.0
  0
LINE
  5
977
330
17
100
AcDbEntity
  8
0
100
AcDbLine
 10
5.07789
 20
-13.04363
 30
0.0
 11
5.09201
 21
-12.99934
 31
0.0
  0
LINE
  5
978
330
17
100
AcDbEntity
  8
0
100
AcDbLine
 10
5.09201
 20
-12.99934
 30
0.0
 11
5.103899999999999
 21
-12.9681
 31
0.0
  0
LINE
  5
979
330
17
100
AcDbEntity
  8
0
100
AcDbLine
 10
5.103899999999999
 20
-12.9681
 30
0.0
 11
5.12416
 21
-12.923520000000002
 31
0.0
  0
LINE
  5
97A
330
17
100
AcDbEntity
  8
0
100
AcDbLine
 10
5.12416
 20
-12.923520000000002
 30
0.0
 11
5.148770000000001
 21
-12.88118
 31
0.0
  0
LINE
  5
97B
330
17
100
AcDbEntity
  8
0
100
AcDbLine
 10
5.148770000000001
 20
-12.88118
 30
0.0
 11
5.17749
 21
-12.84151
 31
0.0
  0
LINE
  5
97C
330
17
100
AcDbEntity
  8
0
100
AcDbLine
 10
5.17749
 20
-12.84151
 30
0.0
 11
5.21003
 21
-12.80491
 31
0.0
  0
LINE
  5
97D
330
17
100
AcDbEntity
  8
0
100
AcDbLine
 10
5.21003
 20
-12.80491
 30
0.0
 11
5.2460700000000005
 21
-12.77175
 31
0.0
  0
LINE
  5
97E
330
17
100
AcDbEntity
  8
0
100
AcDbLine
 10
5.2460700000000005
 20
-12.77175
 30
0.0
 11
5.27278
 21
-12.751729999999998
 31
0.0
  0
LINE
  5
97F
330
17
100
AcDbEntity
  8
0
100
AcDbLine
 10
5.27278
 20
-12.751729999999998
 30
0.0
 11
5.3214500000000005
 21
-12.7218
 31
0.0
  0
LINE
  5
980
330
17
100
AcDbEntity
  8
0
100
AcDbLine
 10
5.3214500000000005
 20
-12.7218
 30
0.0
 11
5.374420000000001
 21
-12.69613
 31
0.0
  0
LINE
  5
981
330
17
100
AcDbEntity
  8
0
100
AcDbLine
 10
5.374420000000001
 20
-12.69613
 30
0.0
 11
5.43764
 21
-12.672569999999999
 31
0.0
  0
LINE
  5
982
330
17
100
AcDbEntity
  8
0
100
AcDbLine
 10
5.43764
 20
-12.672569999999999
 30
0.0
 11
5.5145
 21
-12.65178
 31
0.0
  0
LINE
  5
983
330
17
100
AcDbEntity
  8
0
100
AcDbLine
 10
5.5145
 20
-12.65178
 30
0.0
 11
5.590269999999999
 21
-12.637799999999999
 31
0.0
  0
LINE
  5
984
330
17
100
AcDbEntity
  8
0
100
AcDbLine
 10
5.590269999999999
 20
-12.637799999999999
 30
0.0
 11
5.8252
 21
-12.61494
 31
0.0
  0
LINE
  5
985
330
17
100
AcDbEntity
  8
0
100
AcDbLine
 10
5.8252
 20
-12.61494
 30
0.0
 11
6.06119
 21
-12.60916
 31
0.0
  0
LINE
  5
986
330
17
100
AcDbEntity
  8
0
100
AcDbLine
 10
6.06119
 20
-12.60916
 30
0.0
 11
6.41059
 21
-12.60894
 31
0.0
  0
LINE
  5
987
330
17
100
AcDbEntity
  8
0
100
AcDbLine
 10
6.41059
 20
-12.60894
 30
0.0
 11
6.24045
 21
-11.57595
 31
0.0
  0
LINE
  5
988
330
17
100
AcDbEntity
  8
0
100
AcDbLine
 10
6.24045
 20
-11.57595
 30
0.0
 11
1.73177
 21
-11.57595
 31
0.0
  0
LINE
  5
989
330
17
100
AcDbEntity
  8
0
100
AcDbLine
 10
1.73177
 20
-11.57595
 30
0.0
 11
2.10243
 21
-13.55989
 31
0.0
  0
LINE
  5
98A
330
17
100
AcDbEntity
  8
0
100
AcDbLine
 10
2.10243
 20
-13.55989
 30
0.0
 11
1.95963
 21
-13.55989
 31
0.0
  0
LINE
  5
98B
330
17
100
AcDbEntity
  8
0
100
AcDbLine
 10
1.95963
 20
-13.55989
 30
0.0
 11
1.5682800000000001
 21
-13.00751
 31
0.0
  0
LINE
  5
98C
330
17
100
AcDbEntity
  8
0
100
AcDbLine
 10
1.5682800000000001
 20
-13.00751
 30
0.0
 11
1.2162
 21
-12.59913
 31
0.0
  0
LINE
  5
98D
330
17
100
AcDbEntity
  8
0
100
AcDbLine
 10
1.2162
 20
-12.59913
 30
0.0
 11
1.17578
 21
-12.55729
 31
0.0
  0
LINE
  5
98E
330
17
100
AcDbEntity
  8
0
100
AcDbLine
 10
1.17578
 20
-12.55729
 30
0.0
 11
0.92613
 21
-12.31954
 31
0.0
  0
LINE
  5
98F
330
17
100
AcDbEntity
  8
0
100
AcDbLine
 10
0.92613
 20
-12.31954
 30
0.0
 11
0.61372
 21
-12.071200000000001
 31
0.0
  0
LINE
  5
990
330
17
100
AcDbEntity
  8
0
100
AcDbLine
 10
0.61372
 20
-12.071200000000001
 30
0.0
 11
0.32522999999999996
 21
-11.88256
 31
0.0
  0
LINE
  5
991
330
17
100
AcDbEntity
  8
0
100
AcDbLine
 10
0.32522999999999996
 20
-11.88256
 30
0.0
 11
0.12297999999999998
 21
-11.77314
 31
0.0
  0
LINE
  5
992
330
17
100
AcDbEntity
  8
0
100
AcDbLine
 10
0.12297999999999999
 20
-11.77314
 30
0.0
 11
-0.13321
 21
-11.65774
 31
0.0
  0
LINE
  5
993
330
17
100
AcDbEntity
  8
0
100
AcDbLine
 10
-0.13321
 20
-11.65774
 30
0.0
 11
-0.398
 21
-11.56366
 31
0.0
  0
LINE
  5
994
330
17
100
AcDbEntity
  8
0
100
AcDbLine
 10
-0.398
 20
-11.56366
 30
0.0
 11
-0.61972
 21
-11.50272
 31
0.0
  0
LINE
  5
995
330
17
100
AcDbEntity
  8
0
100
AcDbLine
 10
-0.61972
 20
-11.50272
 30
0.0
 11
-0.95692
 21
-11.438149999999998
 31
0.0
  0
LINE
  5
996
330
17
100
AcDbEntity
  8
0
100
AcDbLine
 10
-0.95692
 20
-11.438149999999998
 30
0.0
 11
-1.3520999999999999
 21
-11.39509
 31
0.0
  0
LINE
  5
997
330
17
100
AcDbEntity
  8
0
100
AcDbLine
 10
-1.3520999999999999
 20
-11.39509
 30
0.0
 11
-1.69531
 21
-11.38454
 31
0.0
  0
LINE
  5
998
330
17
100
AcDbEntity
  8
0
100
AcDbLine
 10
-1.69531
 20
-11.38454
 30
0.0
 11
-2.0479000000000003
 21
-11.40055
 31
0.0
  0
LINE
  5
999
330
17
100
AcDbEntity
  8
0
100
AcDbLine
 10
-2.0479000000000003
 20
-11.40055
 30
0.0
 11
-2.3134
 21
-11.438369999999999
 31
0.0
  0
LINE
  5
99A
330
17
100
AcDbEntity
  8
0
100
AcDbLine
 10
-2.3134
 20
-11.438369999999999
 30
0.0
 11
-2.52242
 21
-11.48906
 31
0.0
  0
LINE
  5
99B
330
17
100
AcDbEntity
  8
0
100
AcDbLine
 10
-2.52242
 20
-11.48906
 30
0.0
 11
-2.69245
 21
-11.5483
 31
0.0
  0
LINE
  5
99C
330
17
100
AcDbEntity
  8
0
100
AcDbLine
 10
-2.69245
 20
-11.5483
 30
0.0
 11
-2.71158
 21
-11.5562
 31
0.0
  0
LINE
  5
99D
330
17
100
AcDbEntity
  8
0
100
AcDbLine
 10
37.535810000000005
 20
-24.12355
 30
0.0
 11
36.538689999999995
 21
-24.199370000000002
 31
0.0
  0
LINE
  5
99E
330
17
100
AcDbEntity
  8
0
100
AcDbLine
 10
36.538689999999995
 20
-24.199370000000002
 30
0.0
 11
36.69034
 21
-26.19362
 31
0.0
  0
LINE
  5
99F
330
17
100
AcDbEntity
  8
0
100
AcDbLine
 10
36.69034
 20
-26.19362
 30
0.0
 11
37.68746
 21
-26.11779
 31
0.0
  0
LINE
  5
9A0
330
17
100
AcDbEntity
  8
0
100
AcDbLine
 10
37.68746
 20
-26.11779
 30
0.0
 11
37.535810000000005
 21
-24.12355
 31
0.0
  0
LINE
  5
9A1
330
17
100
AcDbEntity
  8
0
100
AcDbLine
 10
-8.78756
 20
14.37799
 30
0.0
 11
-8.85677
 21
14.47135
 31
0.0
  0
LINE
  5
9A2
330
17
100
AcDbEntity
  8
0
100
AcDbLine
 10
-8.85677
 20
14.47135
 30
0.0
 11
-9.06265
 21
14.70671
 31
0.0
  0
LINE
  5
9A3
330
17
100
AcDbEntity
  8
0
100
AcDbLine
 10
-9.06265
 20
14.70671
 30
0.0
 11
-9.28898
 21
14.91701
 31
0.0
  0
LINE
  5
9A4
330
17
100
AcDbEntity
  8
0
100
AcDbLine
 10
-9.28898
 20
14.91701
 30
0.0
 11
-9.554150000000002
 21
15.1187
 31
0.0
  0
LINE
  5
9A5
330
17
100
AcDbEntity
  8
0
100
AcDbLine
 10
-9.554150000000002
 20
15.1187
 30
0.0
 11
-9.86889
 21
15.31331
 31
0.0
  0
LINE
  5
9A6
330
17
100
AcDbEntity
  8
0
100
AcDbLine
 10
-9.86889
 20
15.31331
 30
0.0
 11
-10.14843
 21
15.45572
 31
0.0
  0
LINE
  5
9A7
330
17
100
AcDbEntity
  8
0
100
AcDbLine
 10
-10.14843
 20
15.45572
 30
0.0
 11
-10.69252
 21
15.676889999999998
 31
0.0
  0
LINE
  5
9A8
330
17
100
AcDbEntity
  8
0
100
AcDbLine
 10
-10.69252
 20
15.676889999999998
 30
0.0
 11
-11.32487
 21
15.86645
 31
0.0
  0
LINE
  5
9A9
330
17
100
AcDbEntity
  8
0
100
AcDbLine
 10
-11.32487
 20
15.86645
 30
0.0
 11
-12.05989
 21
16.01822
 31
0.0
  0
LINE
  5
9AA
330
17
100
AcDbEntity
  8
0
100
AcDbLine
 10
-12.05989
 20
16.01822
 30
0.0
 11
-13.22156
 21
16.15555
 31
0.0
  0
LINE
  5
9AB
330
17
100
AcDbEntity
  8
0
100
AcDbLine
 10
-13.22156
 20
16.15555
 30
0.0
 11
-14.39062
 21
16.19791
 31
0.0
  0
LINE
  5
9AC
330
17
100
AcDbEntity
  8
0
100
AcDbLine
 10
-14.39062
 20
16.19791
 30
0.0
 11
-15.772350000000001
 21
16.12771
 31
0.0
  0
LINE
  5
9AD
330
17
100
AcDbEntity
  8
0
100
AcDbLine
 10
-15.772350000000001
 20
16.12771
 30
0.0
 11
-16.63456
 21
15.99471
 31
0.0
  0
LINE
  5
9AE
330
17
100
AcDbEntity
  8
0
100
AcDbLine
 10
-16.63456
 20
15.99471
 30
0.0
 11
-17.05729
 21
15.89583
 31
0.0
  0
LINE
  5
9AF
330
17
100
AcDbEntity
  8
0
100
AcDbLine
 10
-17.05729
 20
15.89583
 30
0.0
 11
-17.6107
 21
15.718539999999999
 31
0.0
  0
LINE
  5
9B0
330
17
100
AcDbEntity
  8
0
100
AcDbLine
 10
-17.6107
 20
15.718539999999999
 30
0.0
 11
-18.0429
 21
15.52974
 31
0.0
  0
LINE
  5
9B1
330
17
100
AcDbEntity
  8
0
100
AcDbLine
 10
-18.0429
 20
15.52974
 30
0.0
 11
-18.41758
 21
15.32024
 31
0.0
  0
LINE
  5
9B2
330
17
100
AcDbEntity
  8
0
100
AcDbLine
 10
-18.41758
 20
15.32024
 30
0.0
 11
-18.78082
 21
15.06466
 31
0.0
  0
LINE
  5
9B3
330
17
100
AcDbEntity
  8
0
100
AcDbLine
 10
-18.78082
 20
15.06466
 30
0.0
 11
-18.963540000000002
 21
14.91145
 31
0.0
  0
LINE
  5
9B4
330
17
100
AcDbEntity
  8
0
100
AcDbLine
 10
-18.963540000000002
 20
14.91145
 30
0.0
 11
-19.250799999999998
 21
14.62594
 31
0.0
  0
LINE
  5
9B5
330
17
100
AcDbEntity
  8
0
100
AcDbLine
 10
-19.250799999999998
 20
14.62594
 30
0.0
 11
-19.49708
 21
14.323300000000001
 31
0.0
  0
LINE
  5
9B6
330
17
100
AcDbEntity
  8
0
100
AcDbLine
 10
-19.49708
 20
14.323300000000001
 30
0.0
 11
-19.72016
 21
13.98445
 31
0.0
  0
LINE
  5
9B7
330
17
100
AcDbEntity
  8
0
100
AcDbLine
 10
-19.72016
 20
13.98445
 30
0.0
 11
-19.922349999999998
 21
13.5993
 31
0.0
  0
LINE
  5
9B8
330
17
100
AcDbEntity
  8
0
100
AcDbLine
 10
-19.922349999999998
 20
13.5993
 30
0.0
 11
-20.111980000000003
 21
13.1302
 31
0.0
  0
LINE
  5
9B9
330
17
100
AcDbEntity
  8
0
100
AcDbLine
 10
-20.111980000000003
 20
13.1302
 30
0.0
 11
-20.2724
 21
12.57951
 31
0.0
  0
LINE
  5
9BA
330
17
100
AcDbEntity
  8
0
100
AcDbLine
 10
-20.2724
 20
12.57951
 30
0.0
 11
-20.39311
 21
11.948820000000001
 31
0.0
  0
LINE
  5
9BB
330
17
100
AcDbEntity
  8
0
100
AcDbLine
 10
-20.39311
 20
11.948820000000001
 30
0.0
 11
-20.47482
 21
11.139629999999999
 31
0.0
  0
LINE
  5
9BC
330
17
100
AcDbEntity
  8
0
100
AcDbLine
 10
-20.47482
 20
11.139629999999999
 30
0.0
 11
-20.49479
 21
10.4375
 31
0.0
  0
LINE
  5
9BD
330
17
100
AcDbEntity
  8
0
100
AcDbLine
 10
-20.49479
 20
10.4375
 30
0.0
 11
-20.49479
 21
1.7916600000000003
 31
0.0
  0
LINE
  5
9BE
330
17
100
AcDbEntity
  8
0
100
AcDbLine
 10
-20.49479
 20
1.79166
 30
0.0
 11
-20.52458
 21
1.1361100000000002
 31
0.0
  0
LINE
  5
9BF
330
17
100
AcDbEntity
  8
0
100
AcDbLine
 10
-20.52458
 20
1.1361100000000002
 30
0.0
 11
-20.57658
 21
0.77563
 31
0.0
  0
LINE
  5
9C0
330
17
100
AcDbEntity
  8
0
100
AcDbLine
 10
-20.57658
 20
0.77563
 30
0.0
 11
-20.60677
 21
0.63802
 31
0.0
  0
LINE
  5
9C1
330
17
100
AcDbEntity
  8
0
100
AcDbLine
 10
-20.60677
 20
0.63802
 30
0.0
 11
-20.66963
 21
0.42541999999999996
 31
0.0
  0
LINE
  5
9C2
330
17
100
AcDbEntity
  8
0
100
AcDbLine
 10
-20.66963
 20
0.42541999999999996
 30
0.0
 11
-20.73805
 21
0.25643
 31
0.0
  0
LINE
  5
9C3
330
17
100
AcDbEntity
  8
0
100
AcDbLine
 10
-20.73805
 20
0.25643
 30
0.0
 11
-20.8104
 21
0.11817
 31
0.0
  0
LINE
  5
9C4
330
17
100
AcDbEntity
  8
0
100
AcDbLine
 10
-20.8104
 20
0.11817
 30
0.0
 11
-20.88608
 21
0.0026299999999999796
 31
0.0
  0
LINE
  5
9C5
330
17
100
AcDbEntity
  8
0
100
AcDbLine
 10
-20.88608
 20
0.00263
 30
0.0
 11
-20.96354
 21
-0.09375
 31
0.0
  0
LINE
  5
9C6
330
17
100
AcDbEntity
  8
0
100
AcDbLine
 10
-20.96354
 20
-0.09375
 30
0.0
 11
-21.04701
 21
-0.17907
 31
0.0
  0
LINE
  5
9C7
330
17
100
AcDbEntity
  8
0
100
AcDbLine
 10
-21.04701
 20
-0.17907
 30
0.0
 11
-21.14388
 21
-0.25988999999999995
 31
0.0
  0
LINE
  5
9C8
330
17
100
AcDbEntity
  8
0
100
AcDbLine
 10
-21.14388
 20
-0.25988999999999995
 30
0.0
 11
-21.25011
 21
-0.33146
 31
0.0
  0
LINE
  5
9C9
330
17
100
AcDbEntity
  8
0
100
AcDbLine
 10
-21.25011
 20
-0.33146
 30
0.0
 11
-21.3683
 21
-0.39489
 31
0.0
  0
LINE
  5
9CA
330
17
100
AcDbEntity
  8
0
100
AcDbLine
 10
-21.3683
 20
-0.39489
 30
0.0
 11
-21.50201
 21
-0.4505
 31
0.0
  0
LINE
  5
9CB
330
17
100
AcDbEntity
  8
0
100
AcDbLine
 10
-21.50201
 20
-0.4505
 30
0.0
 11
-21.60677
 21
-0.48437
 31
0.0
  0
LINE
  5
9CC
330
17
100
AcDbEntity
  8
0
100
AcDbLine
 10
-21.60677
 20
-0.48437
 30
0.0
 11
-21.85593
 21
-0.54213
 31
0.0
  0
LINE
  5
9CD
330
17
100
AcDbEntity
  8
0
100
AcDbLine
 10
-21.85593
 20
-0.54213
 30
0.0
 11
-22.199070000000003
 21
-0.58566
 31
0.0
  0
LINE
  5
9CE
330
17
100
AcDbEntity
  8
0
100
AcDbLine
 10
-22.199070000000003
 20
-0.58566
 30
0.0
 11
-22.557290000000002
 21
-0.59895
 31
0.0
  0
LINE
  5
9CF
330
17
100
AcDbEntity
  8
0
100
AcDbLine
 10
-22.557290000000002
 20
-0.59895
 30
0.0
 11
-22.65625
 21
-0.59895
 31
0.0
  0
LINE
  5
9D0
330
17
100
AcDbEntity
  8
0
100
AcDbLine
 10
-22.65625
 20
-0.59895
 30
0.0
 11
-22.65625
 21
-2.0
 31
0.0
  0
LINE
  5
9D1
330
17
100
AcDbEntity
  8
0
100
AcDbLine
 10
-22.65625
 20
-2.0
 30
0.0
 11
-18.151040000000002
 21
-2.0
 31
0.0
  0
LINE
  5
9D2
330
17
100
AcDbEntity
  8
0
100
AcDbLine
 10
-18.151040000000002
 20
-2.0
 30
0.0
 11
-17.6302
 21
0.8645800000000001
 31
0.0
  0
LINE
  5
9D3
330
17
100
AcDbEntity
  8
0
100
AcDbLine
 10
-17.6302
 20
0.86458
 30
0.0
 11
-17.34866
 21
0.86458
 31
0.0
  0
LINE
  5
9D4
330
17
100
AcDbEntity
  8
0
100
AcDbLine
 10
-17.34866
 20
0.86458
 30
0.0
 11
-16.34107
 21
-0.41920999999999997
 31
0.0
  0
LINE
  5
9D5
330
17
100
AcDbEntity
  8
0
100
AcDbLine
 10
-16.34107
 20
-0.41920999999999997
 30
0.0
 11
-16.02919
 21
-0.76791
 31
0.0
  0
LINE
  5
9D6
330
17
100
AcDbEntity
  8
0
100
AcDbLine
 10
-16.02919
 20
-0.76791
 30
0.0
 11
-15.63509
 21
-1.13945
 31
0.0
  0
LINE
  5
9D7
330
17
100
AcDbEntity
  8
0
100
AcDbLine
 10
-15.63509
 20
-1.13945
 30
0.0
 11
-15.268419999999999
 21
-1.4299600000000001
 31
0.0
  0
LINE
  5
9D8
330
17
100
AcDbEntity
  8
0
100
AcDbLine
 10
-15.268419999999999
 20
-1.4299600000000001
 30
0.0
 11
-14.98967
 21
-1.6151099999999998
 31
0.0
  0
LINE
  5
9D9
330
17
100
AcDbEntity
  8
0
100
AcDbLine
 10
-14.98967
 20
-1.6151099999999998
 30
0.0
 11
-14.63188
 21
-1.8132199999999998
 31
0.0
  0
LINE
  5
9DA
330
17
100
AcDbEntity
  8
0
100
AcDbLine
 10
-14.63188
 20
-1.8132199999999998
 30
0.0
 11
-14.258140000000001
 21
-1.97928
 31
0.0
  0
LINE
  5
9DB
330
17
100
AcDbEntity
  8
0
100
AcDbLine
 10
-14.258140000000001
 20
-1.97928
 30
0.0
 11
-13.9427
 21
-2.09114
 31
0.0
  0
LINE
  5
9DC
330
17
100
AcDbEntity
  8
0
100
AcDbLine
 10
-13.9427
 20
-2.09114
 30
0.0
 11
-13.527880000000001
 21
-2.20045
 31
0.0
  0
LINE
  5
9DD
330
17
100
AcDbEntity
  8
0
100
AcDbLine
 10
-13.527880000000001
 20
-2.20045
 30
0.0
 11
-13.058169999999999
 21
-2.2777000000000003
 31
0.0
  0
LINE
  5
9DE
330
17
100
AcDbEntity
  8
0
100
AcDbLine
 10
-13.058169999999999
 20
-2.2777000000000003
 30
0.0
 11
-12.327670000000001
 21
-2.32658
 31
0.0
  0
LINE
  5
9DF
330
17
100
AcDbEntity
  8
0
100
AcDbLine
 10
-12.327670000000001
 20
-2.32658
 30
0.0
 11
-12.16145
 21
-2.3281199999999997
 31
0.0
  0
LINE
  5
9E0
330
17
100
AcDbEntity
  8
0
100
AcDbLine
 10
-12.16145
 20
-2.3281199999999997
 30
0.0
 11
-11.49694
 21
-2.2983499999999997
 31
0.0
  0
LINE
  5
9E1
330
17
100
AcDbEntity
  8
0
100
AcDbLine
 10
-11.49694
 20
-2.2983499999999997
 30
0.0
 11
-10.86439
 21
-2.20956
 31
0.0
  0
LINE
  5
9E2
330
17
100
AcDbEntity
  8
0
100
AcDbLine
 10
-10.86439
 20
-2.20956
 30
0.0
 11
-10.2927
 21
-2.07124
 31
0.0
  0
LINE
  5
9E3
330
17
100
AcDbEntity
  8
0
100
AcDbLine
 10
-10.2927
 20
-2.07124
 30
0.0
 11
-10.09895
 21
-2.01041
 31
0.0
  0
LINE
  5
9E4
330
17
100
AcDbEntity
  8
0
100
AcDbLine
 10
-10.09895
 20
-2.01041
 30
0.0
 11
-9.66911
 21
-1.84371
 31
0.0
  0
LINE
  5
9E5
330
17
100
AcDbEntity
  8
0
100
AcDbLine
 10
-9.66911
 20
-1.84371
 30
0.0
 11
-9.24497
 21
-1.62646
 31
0.0
  0
LINE
  5
9E6
330
17
100
AcDbEntity
  8
0
100
AcDbLine
 10
-9.24497
 20
-1.62646
 30
0.0
 11
-8.870569999999999
 21
-1.3804500000000002
 31
0.0
  0
LINE
  5
9E7
330
17
100
AcDbEntity
  8
0
100
AcDbLine
 10
-8.870569999999999
 20
-1.3804500000000002
 30
0.0
 11
-8.551720000000001
 21
-1.12045
 31
0.0
  0
LINE
  5
9E8
330
17
100
AcDbEntity
  8
0
100
AcDbLine
 10
-8.551720000000001
 20
-1.12045
 30
0.0
 11
-8.45572
 21
-1.03125
 31
0.0
  0
LINE
  5
9E9
330
17
100
AcDbEntity
  8
0
100
AcDbLine
 10
-8.45572
 20
-1.03125
 30
0.0
 11
-8.153590000000001
 21
-0.70844
 31
0.0
  0
LINE
  5
9EA
330
17
100
AcDbEntity
  8
0
100
AcDbLine
 10
-8.153590000000001
 20
-0.70844
 30
0.0
 11
-7.893529999999999
 21
-0.36482000000000003
 31
0.0
  0
LINE
  5
9EB
330
17
100
AcDbEntity
  8
0
100
AcDbLine
 10
-7.893529999999999
 20
-0.36482000000000003
 30
0.0
 11
-7.65612
 21
0.024040000000000006
 31
0.0
  0
LINE
  5
9EC
330
17
100
AcDbEntity
  8
0
100
AcDbLine
 10
-7.65612
 20
0.02404
 30
0.0
 11
-7.44
 21
0.47100000000000003
 31
0.0
  0
LINE
  5
9ED
330
17
100
AcDbEntity
  8
0
100
AcDbLine
 10
-7.44
 20
0.47100000000000003
 30
0.0
 11
-7.375
 21
0.6302
 31
0.0
  0
LINE
  5
9EE
330
17
100
AcDbEntity
  8
0
100
AcDbLine
 10
-7.375
 20
0.6302
 30
0.0
 11
-7.21273
 21
1.12121
 31
0.0
  0
LINE
  5
9EF
330
17
100
AcDbEntity
  8
0
100
AcDbLine
 10
-7.21273
 20
1.12121
 30
0.0
 11
-7.0941
 21
1.6507
 31
0.0
  0
LINE
  5
9F0
330
17
100
AcDbEntity
  8
0
100
AcDbLine
 10
-7.0941
 20
1.6507
 30
0.0
 11
-7.01287
 21
2.28422
 31
0.0
  0
LINE
  5
9F1
330
17
100
AcDbEntity
  8
0
100
AcDbLine
 10
-7.01287
 20
2.28422
 30
0.0
 11
-6.98437
 21
2.99479
 31
0.0
  0
LINE
  5
9F2
330
17
100
AcDbEntity
  8
0
100
AcDbLine
 10
-6.98437
 20
2.99479
 30
0.0
 11
-7.014130000000001
 21
3.64017
 31
0.0
  0
LINE
  5
9F3
330
17
100
AcDbEntity
  8
0
100
AcDbLine
 10
-7.014130000000001
 20
3.64017
 30
0.0
 11
-7.09322
 21
4.191420000000001
 31
0.0
  0
LINE
  5
9F4
330
17
100
AcDbEntity
  8
0
100
AcDbLine
 10
-7.09322
 20
4.191420000000001
 30
0.0
 11
-7.2091899999999995
 21
4.66489
 31
0.0
  0
LINE
  5
9F5
330
17
100
AcDbEntity
  8
0
100
AcDbLine
 10
-7.2091899999999995
 20
4.66489
 30
0.0
 11
-7.35539
 21
5.08062
 31
0.0
  0
LINE
  5
9F6
330
17
100
AcDbEntity
  8
0
100
AcDbLine
 10
-7.35539
 20
5.08062
 30
0.0
 11
-7.54992
 21
5.49205
 31
0.0
  0
LINE
  5
9F7
330
17
100
AcDbEntity
  8
0
100
AcDbLine
 10
-7.54992
 20
5.49205
 30
0.0
 11
-7.772989999999999
 21
5.85607
 31
0.0
  0
LINE
  5
9F8
330
17
100
AcDbEntity
  8
0
100
AcDbLine
 10
-7.772989999999999
 20
5.85607
 30
0.0
 11
-8.02518
 21
6.18406
 31
0.0
  0
LINE
  5
9F9
330
17
100
AcDbEntity
  8
0
100
AcDbLine
 10
-8.02518
 20
6.18406
 30
0.0
 11
-8.310649999999999
 21
6.48514
 31
0.0
  0
LINE
  5
9FA
330
17
100
AcDbEntity
  8
0
100
AcDbLine
 10
-8.310649999999999
 20
6.48514
 30
0.0
 11
-8.63623
 21
6.76548
 31
0.0
  0
LINE
  5
9FB
330
17
100
AcDbEntity
  8
0
100
AcDbLine
 10
-8.63623
 20
6.76548
 30
0.0
 11
-8.872390000000001
 21
6.9375
 31
0.0
  0
LINE
  5
9FC
330
17
100
AcDbEntity
  8
0
100
AcDbLine
 10
-8.872390000000001
 20
6.9375
 30
0.0
 11
-9.35293
 21
7.22905
 31
0.0
  0
LINE
  5
9FD
330
17
100
AcDbEntity
  8
0
100
AcDbLine
 10
-9.35293
 20
7.22905
 30
0.0
 11
-9.89357
 21
7.4886800000000004
 31
0.0
  0
LINE
  5
9FE
330
17
100
AcDbEntity
  8
0
100
AcDbLine
 10
-9.89357
 20
7.4886800000000004
 30
0.0
 11
-10.56612
 21
7.73863
 31
0.0
  0
LINE
  5
9FF
330
17
100
AcDbEntity
  8
0
100
AcDbLine
 10
-10.56612
 20
7.73863
 30
0.0
 11
-11.41977
 21
7.971080000000001
 31
0.0
  0
LINE
  5
A00
330
17
100
AcDbEntity
  8
0
100
AcDbLine
 10
-11.41977
 20
7.971080000000001
 30
0.0
 11
-12.76976
 21
8.202269999999999
 31
0.0
  0
LINE
  5
A01
330
17
100
AcDbEntity
  8
0
100
AcDbLine
 10
-12.76976
 20
8.202269999999999
 30
0.0
 11
-14.58333
 21
8.33333
 31
0.0
  0
LINE
  5
A02
330
17
100
AcDbEntity
  8
0
100
AcDbLine
 10
-14.58333
 20
8.33333
 30
0.0
 11
-17.34895
 21
8.43229
 31
0.0
  0
LINE
  5
A03
330
17
100
AcDbEntity
  8
0
100
AcDbLine
 10
-17.34895
 20
8.43229
 30
0.0
 11
-17.34862
 21
10.4375
 31
0.0
  0
LINE
  5
A04
330
17
100
AcDbEntity
  8
0
100
AcDbLine
 10
-17.34862
 20
10.4375
 30
0.0
 11
-17.32671
 21
11.263250000000001
 31
0.0
  0
LINE
  5
A05
330
17
100
AcDbEntity
  8
0
100
AcDbLine
 10
-17.32671
 20
11.263250000000001
 30
0.0
 11
-17.2526
 21
12.08593
 31
0.0
  0
LINE
  5
A06
330
17
100
AcDbEntity
  8
0
100
AcDbLine
 10
-17.2526
 20
12.08593
 30
0.0
 11
-17.18285
 21
12.48406
 31
0.0
  0
LINE
  5
A07
330
17
100
AcDbEntity
  8
0
100
AcDbLine
 10
-17.18285
 20
12.48406
 30
0.0
 11
-17.09137
 21
12.813460000000001
 31
0.0
  0
LINE
  5
A08
330
17
100
AcDbEntity
  8
0
100
AcDbLine
 10
-17.09137
 20
12.813460000000001
 30
0.0
 11
-16.983330000000002
 21
13.0932
 31
0.0
  0
LINE
  5
A09
330
17
100
AcDbEntity
  8
0
100
AcDbLine
 10
-16.983330000000002
 20
13.0932
 30
0.0
 11
-16.861439999999998
 21
13.33529
 31
0.0
  0
LINE
  5
A0A
330
17
100
AcDbEntity
  8
0
100
AcDbLine
 10
-16.861439999999998
 20
13.33529
 30
0.0
 11
-16.83072
 21
13.388020000000001
 31
0.0
  0
LINE
  5
A0B
330
17
100
AcDbEntity
  8
0
100
AcDbLine
 10
-16.83072
 20
13.388020000000001
 30
0.0
 11
-16.71423
 21
13.56285
 31
0.0
  0
LINE
  5
A0C
330
17
100
AcDbEntity
  8
0
100
AcDbLine
 10
-16.71423
 20
13.56285
 30
0.0
 11
-16.574019999999997
 21
13.732899999999999
 31
0.0
  0
LINE
  5
A0D
330
17
100
AcDbEntity
  8
0
100
AcDbLine
 10
-16.574019999999997
 20
13.732899999999999
 30
0.0
 11
-16.4184
 21
13.88594
 31
0.0
  0
LINE
  5
A0E
330
17
100
AcDbEntity
  8
0
100
AcDbLine
 10
-16.4184
 20
13.88594
 30
0.0
 11
-16.2443
 21
14.02529
 31
0.0
  0
LINE
  5
A0F
330
17
100
AcDbEntity
  8
0
100
AcDbLine
 10
-16.2443
 20
14.02529
 30
0.0
 11
-16.04705
 21
14.15314
 31
0.0
  0
LINE
  5
A10
330
17
100
AcDbEntity
  8
0
100
AcDbLine
 10
-16.04705
 20
14.15314
 30
0.0
 11
-15.89583
 21
14.23437
 31
0.0
  0
LINE
  5
A11
330
17
100
AcDbEntity
  8
0
100
AcDbLine
 10
-15.89583
 20
14.23437
 30
0.0
 11
-15.68681
 21
14.32456
 31
0.0
  0
LINE
  5
A12
330
17
100
AcDbEntity
  8
0
100
AcDbLine
 10
-15.68681
 20
14.32456
 30
0.0
 11
-15.45346
 21
14.39944
 31
0.0
  0
LINE
  5
A13
330
17
100
AcDbEntity
  8
0
100
AcDbLine
 10
-15.45346
 20
14.39944
 30
0.0
 11
-15.16116
 21
14.46477
 31
0.0
  0
LINE
  5
A14
330
17
100
AcDbEntity
  8
0
100
AcDbLine
 10
-15.16116
 20
14.46477
 30
0.0
 11
-14.78692
 21
14.51418
 31
0.0
  0
LINE
  5
A15
330
17
100
AcDbEntity
  8
0
100
AcDbLine
 10
-14.78692
 20
14.51418
 30
0.0
 11
-14.26041
 21
14.536449999999999
 31
0.0
  0
LINE
  5
A16
330
17
100
AcDbEntity
  8
0
100
AcDbLine
 10
-14.26041
 20
14.536449999999999
 30
0.0
 11
-13.65973
 21
14.50671
 31
0.0
  0
LINE
  5
A17
330
17
100
AcDbEntity
  8
0
100
AcDbLine
 10
-13.65973
 20
14.50671
 30
0.0
 11
-13.28139
 21
14.449160000000001
 31
0.0
  0
LINE
  5
A18
330
17
100
AcDbEntity
  8
0
100
AcDbLine
 10
-13.28139
 20
14.449160000000001
 30
0.0
 11
-12.99265
 21
14.37646
 31
0.0
  0
LINE
  5
A19
330
17
100
AcDbEntity
  8
0
100
AcDbLine
 10
-12.99265
 20
14.37646
 30
0.0
 11
-12.76658
 21
14.29569
 31
0.0
  0
LINE
  5
A1A
330
17
100
AcDbEntity
  8
0
100
AcDbLine
 10
-12.76658
 20
14.29569
 30
0.0
 11
-12.70312
 21
14.26822
 31
0.0
  0
LINE
  5
A1B
330
17
100
AcDbEntity
  8
0
100
AcDbLine
 10
-12.70312
 20
14.26822
 30
0.0
 11
-12.478990000000001
 21
14.15378
 31
0.0
  0
LINE
  5
A1C
330
17
100
AcDbEntity
  8
0
100
AcDbLine
 10
-12.478990000000001
 20
14.15378
 30
0.0
 11
-12.28788
 21
14.031270000000001
 31
0.0
  0
LINE
  5
A1D
330
17
100
AcDbEntity
  8
0
100
AcDbLine
 10
-12.28788
 20
14.031270000000001
 30
0.0
 11
-12.10477
 21
13.88512
 31
0.0
  0
LINE
  5
A1E
330
17
100
AcDbEntity
  8
0
100
AcDbLine
 10
-12.10477
 20
13.88512
 30
0.0
 11
-11.94917
 21
13.7306
 31
0.0
  0
LINE
  5
A1F
330
17
100
AcDbEntity
  8
0
100
AcDbLine
 10
-11.94917
 20
13.7306
 30
0.0
 11
-11.815330000000001
 21
13.56612
 31
0.0
  0
LINE
  5
A20
330
17
100
AcDbEntity
  8
0
100
AcDbLine
 10
-11.815330000000001
 20
13.56612
 30
0.0
 11
-11.77604
 21
13.51041
 31
0.0
  0
LINE
  5
A21
330
17
100
AcDbEntity
  8
0
100
AcDbLine
 10
-11.77604
 20
13.51041
 30
0.0
 11
-11.63434
 21
13.27595
 31
0.0
  0
LINE
  5
A22
330
17
100
AcDbEntity
  8
0
100
AcDbLine
 10
-11.63434
 20
13.27595
 30
0.0
 11
-11.51961
 21
13.032169999999999
 31
0.0
  0
LINE
  5
A23
330
17
100
AcDbEntity
  8
0
100
AcDbLine
 10
-11.51961
 20
13.032169999999999
 30
0.0
 11
-11.4231
 21
12.76019
 31
0.0
  0
LINE
  5
A24
330
17
100
AcDbEntity
  8
0
100
AcDbLine
 10
-11.4231
 20
12.76019
 30
0.0
 11
-11.34614
 21
12.45117
 31
0.0
  0
LINE
  5
A25
330
17
100
AcDbEntity
  8
0
100
AcDbLine
 10
-11.34614
 20
12.45117
 30
0.0
 11
-11.32812
 21
12.35416
 31
0.0
  0
LINE
  5
A26
330
17
100
AcDbEntity
  8
0
100
AcDbLine
 10
-11.32812
 20
12.35416
 30
0.0
 11
-11.24012
 21
11.63267
 31
0.0
  0
LINE
  5
A27
330
17
100
AcDbEntity
  8
0
100
AcDbLine
 10
-11.24012
 20
11.63267
 30
0.0
 11
-11.21354
 21
10.90625
 31
0.0
  0
LINE
  5
A28
330
17
100
AcDbEntity
  8
0
100
AcDbLine
 10
-11.21354
 20
10.90625
 30
0.0
 11
-10.56118
 21
10.93602
 31
0.0
  0
LINE
  5
A29
330
17
100
AcDbEntity
  8
0
100
AcDbLine
 10
-10.56118
 20
10.93602
 30
0.0
 11
-10.10919
 21
11.00073
 31
0.0
  0
LINE
  5
A2A
330
17
100
AcDbEntity
  8
0
100
AcDbLine
 10
-10.10919
 20
11.00073
 30
0.0
 11
-9.76668
 21
11.08376
 31
0.0
  0
LINE
  5
A2B
330
17
100
AcDbEntity
  8
0
100
AcDbLine
 10
-9.76668
 20
11.08376
 30
0.0
 11
-9.49889
 21
11.17679
 31
0.0
  0
LINE
  5
A2C
330
17
100
AcDbEntity
  8
0
100
AcDbLine
 10
-9.49889
 20
11.17679
 30
0.0
 11
-9.283619999999999
 21
11.27591
 31
0.0
  0
LINE
  5
A2D
330
17
100
AcDbEntity
  8
0
100
AcDbLine
 10
-9.283619999999999
 20
11.27591
 30
0.0
 11
-9.10937
 21
11.3776
 31
0.0
  0
LINE
  5
A2E
330
17
100
AcDbEntity
  8
0
100
AcDbLine
 10
-9.10937
 20
11.3776
 30
0.0
 11
-8.99074
 21
11.463310000000002
 31
0.0
  0
LINE
  5
A2F
330
17
100
AcDbEntity
  8
0
100
AcDbLine
 10
-8.99074
 20
11.463310000000002
 30
0.0
 11
-8.87683
 21
11.56486
 31
0.0
  0
LINE
  5
A30
330
17
100
AcDbEntity
  8
0
100
AcDbLine
 10
-8.87683
 20
11.56486
 30
0.0
 11
-8.77741
 21
11.67441
 31
0.0
  0
LINE
  5
A31
330
17
100
AcDbEntity
  8
0
100
AcDbLine
 10
-8.77741
 20
11.67441
 30
0.0
 11
-8.689779999999999
 21
11.79372
 31
0.0
  0
LINE
  5
A32
330
17
100
AcDbEntity
  8
0
100
AcDbLine
 10
-8.689779999999999
 20
11.79372
 30
0.0
 11
-8.612160000000001
 21
11.92553
 31
0.0
  0
LINE
  5
A33
330
17
100
AcDbEntity
  8
0
100
AcDbLine
 10
-8.612160000000001
 20
11.92553
 30
0.0
 11
-8.543759999999999
 21
12.07349
 31
0.0
  0
LINE
  5
A34
330
17
100
AcDbEntity
  8
0
100
AcDbLine
 10
-8.543759999999999
 20
12.07349
 30
0.0
 11
-8.48475
 21
12.24256
 31
0.0
  0
LINE
  5
A35
330
17
100
AcDbEntity
  8
0
100
AcDbLine
 10
-8.48475
 20
12.24256
 30
0.0
 11
-8.43645
 21
12.43948
 31
0.0
  0
LINE
  5
A36
330
17
100
AcDbEntity
  8
0
100
AcDbLine
 10
-8.43645
 20
12.43948
 30
0.0
 11
-8.4017
 21
12.67378
 31
0.0
  0
LINE
  5
A37
330
17
100
AcDbEntity
  8
0
100
AcDbLine
 10
-8.4017
 20
12.67378
 30
0.0
 11
-8.38541
 21
13.0052
 31
0.0
  0
LINE
  5
A38
330
17
100
AcDbEntity
  8
0
100
AcDbLine
 10
-8.38541
 20
13.0052
 30
0.0
 11
-8.39902
 21
13.29145
 31
0.0
  0
LINE
  5
A39
330
17
100
AcDbEntity
  8
0
100
AcDbLine
 10
-8.39902
 20
13.29145
 30
0.0
 11
-8.43562
 21
13.54153
 31
0.0
  0
LINE
  5
A3A
330
17
100
AcDbEntity
  8
0
100
AcDbLine
 10
-8.43562
 20
13.54153
 30
0.0
 11
-8.49108
 21
13.76497
 31
0.0
  0
LINE
  5
A3B
330
17
100
AcDbEntity
  8
0
100
AcDbLine
 10
-8.49108
 20
13.76497
 30
0.0
 11
-8.57202
 21
13.98907
 31
0.0
  0
LINE
  5
A3C
330
17
100
AcDbEntity
  8
0
100
AcDbLine
 10
-8.57202
 20
13.98907
 30
0.0
 11
-8.67084
 21
14.191519999999999
 31
0.0
  0
LINE
  5
A3D
330
17
100
AcDbEntity
  8
0
100
AcDbLine
 10
-8.67084
 20
14.191519999999999
 30
0.0
 11
-8.78756
 21
14.37799
 31
0.0
  0
LINE
  5
A3E
330
17
100
AcDbEntity
  8
0
100
AcDbLine
 10
-15.834489999999999
 20
0.68004
 30
0.0
 11
-16.10659
 21
0.92823
 31
0.0
  0
LINE
  5
A3F
330
17
100
AcDbEntity
  8
0
100
AcDbLine
 10
-16.10659
 20
0.92823
 30
0.0
 11
-16.15625
 21
0.9791599999999999
 31
0.0
  0
LINE
  5
A40
330
17
100
AcDbEntity
  8
0
100
AcDbLine
 10
-16.15625
 20
0.9791599999999999
 30
0.0
 11
-16.4217
 21
1.28863
 31
0.0
  0
LINE
  5
A41
330
17
100
AcDbEntity
  8
0
100
AcDbLine
 10
-16.4217
 20
1.28863
 30
0.0
 11
-16.6453
 21
1.6128200000000001
 31
0.0
  0
LINE
  5
A42
330
17
100
AcDbEntity
  8
0
100
AcDbLine
 10
-16.6453
 20
1.6128200000000001
 30
0.0
 11
-16.843529999999998
 21
1.97291
 31
0.0
  0
LINE
  5
A43
330
17
100
AcDbEntity
  8
0
100
AcDbLine
 10
-16.843529999999998
 20
1.97291
 30
0.0
 11
-17.01998
 21
2.3857
 31
0.0
  0
LINE
  5
A44
330
17
100
AcDbEntity
  8
0
100
AcDbLine
 10
-17.01998
 20
2.3857
 30
0.0
 11
-17.04166
 21
2.44531
 31
0.0
  0
LINE
  5
A45
330
17
100
AcDbEntity
  8
0
100
AcDbLine
 10
-17.04166
 20
2.44531
 30
0.0
 11
-17.18992
 21
2.94445
 31
0.0
  0
LINE
  5
A46
330
17
100
AcDbEntity
  8
0
100
AcDbLine
 10
-17.18992
 20
2.94445
 30
0.0
 11
-17.28819
 21
3.4629000000000003
 31
0.0
  0
LINE
  5
A47
330
17
100
AcDbEntity
  8
0
100
AcDbLine
 10
-17.28819
 20
3.4629000000000003
 30
0.0
 11
-17.342
 21
4.05082
 31
0.0
  0
LINE
  5
A48
330
17
100
AcDbEntity
  8
0
100
AcDbLine
 10
-17.342
 20
4.05082
 30
0.0
 11
-17.34895
 21
4.36458
 31
0.0
  0
LINE
  5
A49
330
17
100
AcDbEntity
  8
0
100
AcDbLine
 10
-17.34895
 20
4.36458
 30
0.0
 11
-17.34895
 21
7.067699999999999
 31
0.0
  0
LINE
  5
A4A
330
17
100
AcDbEntity
  8
0
100
AcDbLine
 10
-17.34895
 20
7.067699999999999
 30
0.0
 11
-15.21875
 21
6.96875
 31
0.0
  0
LINE
  5
A4B
330
17
100
AcDbEntity
  8
0
100
AcDbLine
 10
-15.21875
 20
6.96875
 30
0.0
 11
-13.918619999999999
 21
6.8469999999999995
 31
0.0
  0
LINE
  5
A4C
330
17
100
AcDbEntity
  8
0
100
AcDbLine
 10
-13.918619999999999
 20
6.8469999999999995
 30
0.0
 11
-13.1588
 21
6.7003200000000005
 31
0.0
  0
LINE
  5
A4D
330
17
100
AcDbEntity
  8
0
100
AcDbLine
 10
-13.1588
 20
6.7003200000000005
 30
0.0
 11
-12.85156
 21
6.61718
 31
0.0
  0
LINE
  5
A4E
330
17
100
AcDbEntity
  8
0
100
AcDbLine
 10
-12.85156
 20
6.61718
 30
0.0
 11
-12.3093
 21
6.424250000000001
 31
0.0
  0
LINE
  5
A4F
330
17
100
AcDbEntity
  8
0
100
AcDbLine
 10
-12.3093
 20
6.424250000000001
 30
0.0
 11
-11.93457
 21
6.24555
 31
0.0
  0
LINE
  5
A50
330
17
100
AcDbEntity
  8
0
100
AcDbLine
 10
-11.93457
 20
6.24555
 30
0.0
 11
-11.63161
 21
6.063009999999999
 31
0.0
  0
LINE
  5
A51
330
17
100
AcDbEntity
  8
0
100
AcDbLine
 10
-11.63161
 20
6.063009999999999
 30
0.0
 11
-11.38273
 21
5.87776
 31
0.0
  0
LINE
  5
A52
330
17
100
AcDbEntity
  8
0
100
AcDbLine
 10
-11.38273
 20
5.87776
 30
0.0
 11
-11.3151
 21
5.82031
 31
0.0
  0
LINE
  5
A53
330
17
100
AcDbEntity
  8
0
100
AcDbLine
 10
-11.3151
 20
5.82031
 30
0.0
 11
-11.16599
 21
5.68076
 31
0.0
  0
LINE
  5
A54
330
17
100
AcDbEntity
  8
0
100
AcDbLine
 10
-11.16599
 20
5.68076
 30
0.0
 11
-10.97794
 21
5.47231
 31
0.0
  0
LINE
  5
A55
330
17
100
AcDbEntity
  8
0
100
AcDbLine
 10
-10.97794
 20
5.47231
 30
0.0
 11
-10.811209999999999
 21
5.24643
 31
0.0
  0
LINE
  5
A56
330
17
100
AcDbEntity
  8
0
100
AcDbLine
 10
-10.811209999999999
 20
5.24643
 30
0.0
 11
-10.667440000000001
 21
5.0053
 31
0.0
  0
LINE
  5
A57
330
17
100
AcDbEntity
  8
0
100
AcDbLine
 10
-10.667440000000001
 20
5.0053
 30
0.0
 11
-10.54799
 21
4.7512300000000005
 31
0.0
  0
LINE
  5
A58
330
17
100
AcDbEntity
  8
0
100
AcDbLine
 10
-10.54799
 20
4.7512300000000005
 30
0.0
 11
-10.47656
 21
4.559889999999999
 31
0.0
  0
LINE
  5
A59
330
17
100
AcDbEntity
  8
0
100
AcDbLine
 10
-10.47656
 20
4.559889999999999
 30
0.0
 11
-10.357109999999999
 21
4.133
 31
0.0
  0
LINE
  5
A5A
330
17
100
AcDbEntity
  8
0
100
AcDbLine
 10
-10.357109999999999
 20
4.133
 30
0.0
 11
-10.27551
 21
3.6707799999999997
 31
0.0
  0
LINE
  5
A5B
330
17
100
AcDbEntity
  8
0
100
AcDbLine
 10
-10.27551
 20
3.6707799999999997
 30
0.0
 11
-10.229280000000001
 21
3.11284
 31
0.0
  0
LINE
  5
A5C
330
17
100
AcDbEntity
  8
0
100
AcDbLine
 10
-10.229280000000001
 20
3.11284
 30
0.0
 11
-10.22395
 21
2.8333299999999997
 31
0.0
  0
LINE
  5
A5D
330
17
100
AcDbEntity
  8
0
100
AcDbLine
 10
-10.22395
 20
2.8333299999999997
 30
0.0
 11
-10.25371
 21
2.20484
 31
0.0
  0
LINE
  5
A5E
330
17
100
AcDbEntity
  8
0
100
AcDbLine
 10
-10.25371
 20
2.20484
 30
0.0
 11
-10.31901
 21
1.7602
 31
0.0
  0
LINE
  5
A5F
330
17
100
AcDbEntity
  8
0
100
AcDbLine
 10
-10.31901
 20
1.7602
 30
0.0
 11
-10.40507
 21
1.41178
 31
0.0
  0
LINE
  5
A60
330
17
100
AcDbEntity
  8
0
100
AcDbLine
 10
-10.40507
 20
1.41178
 30
0.0
 11
-10.50417
 21
1.13094
 31
0.0
  0
LINE
  5
A61
330
17
100
AcDbEntity
  8
0
100
AcDbLine
 10
-10.50417
 20
1.13094
 30
0.0
 11
-10.61251
 21
0.89883
 31
0.0
  0
LINE
  5
A62
330
17
100
AcDbEntity
  8
0
100
AcDbLine
 10
-10.61251
 20
0.89883
 30
0.0
 11
-10.72855
 21
0.70283
 31
0.0
  0
LINE
  5
A63
330
17
100
AcDbEntity
  8
0
100
AcDbLine
 10
-10.72855
 20
0.70283
 30
0.0
 11
-10.85186
 21
0.53461
 31
0.0
  0
LINE
  5
A64
330
17
100
AcDbEntity
  8
0
100
AcDbLine
 10
-10.85186
 20
0.53461
 30
0.0
 11
-10.88281
 21
0.49739
 31
0.0
  0
LINE
  5
A65
330
17
100
AcDbEntity
  8
0
100
AcDbLine
 10
-10.88281
 20
0.49739
 30
0.0
 11
-11.01323
 21
0.35864
 31
0.0
  0
LINE
  5
A66
330
17
100
AcDbEntity
  8
0
100
AcDbLine
 10
-11.01323
 20
0.35864
 30
0.0
 11
-11.16479
 21
0.22703
 31
0.0
  0
LINE
  5
A67
330
17
100
AcDbEntity
  8
0
100
AcDbLine
 10
-11.16479
 20
0.22703
 30
0.0
 11
-11.33011
 21
0.111
 31
0.0
  0
LINE
  5
A68
330
17
100
AcDbEntity
  8
0
100
AcDbLine
 10
-11.33011
 20
0.111
 30
0.0
 11
-11.512970000000001
 21
0.008480000000000001
 31
0.0
  0
LINE
  5
A69
330
17
100
AcDbEntity
  8
0
100
AcDbLine
 10
-11.512970000000001
 20
0.00848
 30
0.0
 11
-11.718549999999999
 21
-0.08137
 31
0.0
  0
LINE
  5
A6A
330
17
100
AcDbEntity
  8
0
100
AcDbLine
 10
-11.718549999999999
 20
-0.08137
 30
0.0
 11
-11.95388
 21
-0.15808
 31
0.0
  0
LINE
  5
A6B
330
17
100
AcDbEntity
  8
0
100
AcDbLine
 10
-11.95388
 20
-0.15808
 30
0.0
 11
-12.22857
 21
-0.21955
 31
0.0
  0
LINE
  5
A6C
330
17
100
AcDbEntity
  8
0
100
AcDbLine
 10
-12.22857
 20
-0.21955
 30
0.0
 11
-12.55621
 21
-0.26144
 31
0.0
  0
LINE
  5
A6D
330
17
100
AcDbEntity
  8
0
100
AcDbLine
 10
-12.55621
 20
-0.26144
 30
0.0
 11
-12.92187
 21
-0.27604
 31
0.0
  0
LINE
  5
A6E
330
17
100
AcDbEntity
  8
0
100
AcDbLine
 10
-12.92187
 20
-0.27604
 30
0.0
 11
-13.5153
 21
-0.24632
 31
0.0
  0
LINE
  5
A6F
330
17
100
AcDbEntity
  8
0
100
AcDbLine
 10
-13.5153
 20
-0.24632
 30
0.0
 11
-14.002650000000001
 21
-0.17234999999999998
 31
0.0
  0
LINE
  5
A70
330
17
100
AcDbEntity
  8
0
100
AcDbLine
 10
-14.002650000000001
 20
-0.17234999999999998
 30
0.0
 11
-14.43676
 21
-0.06215000000000001
 31
0.0
  0
LINE
  5
A71
330
17
100
AcDbEntity
  8
0
100
AcDbLine
 10
-14.43676
 20
-0.062150000000000004
 30
0.0
 11
-14.7552
 21
0.04946999999999999
 31
0.0
  0
LINE
  5
A72
330
17
100
AcDbEntity
  8
0
100
AcDbLine
 10
-14.7552
 20
0.04947
 30
0.0
 11
-15.13637
 21
0.22191
 31
0.0
  0
LINE
  5
A73
330
17
100
AcDbEntity
  8
0
100
AcDbLine
 10
-15.13637
 20
0.22191
 30
0.0
 11
-15.50939
 21
0.43967
 31
0.0
  0
LINE
  5
A74
330
17
100
AcDbEntity
  8
0
100
AcDbLine
 10
-15.50939
 20
0.43967
 30
0.0
 11
-15.834489999999999
 21
0.68004
 31
0.0
  0
LINE
  5
A75
330
17
100
AcDbEntity
  8
0
100
AcDbLine
 10
35.14987
 20
-23.74995
 30
0.0
 11
34.18695
 21
-23.48017
 31
0.0
  0
LINE
  5
A76
330
17
100
AcDbEntity
  8
0
100
AcDbLine
 10
34.18695
 20
-23.48017
 30
0.0
 11
33.64738
 21
-25.40601
 31
0.0
  0
LINE
  5
A77
330
17
100
AcDbEntity
  8
0
100
AcDbLine
 10
33.64738
 20
-25.40601
 30
0.0
 11
34.610299999999995
 21
-25.67579
 31
0.0
  0
LINE
  5
A78
330
17
100
AcDbEntity
  8
0
100
AcDbLine
 10
34.610299999999995
 20
-25.67579
 30
0.0
 11
35.14987
 21
-23.74995
 31
0.0
  0
LINE
  5
A79
330
17
100
AcDbEntity
  8
0
100
AcDbLine
 10
-28.41927
 20
-1.18489
 30
0.0
 11
-28.209870000000002
 21
-0.94531
 31
0.0
  0
LINE
  5
A7A
330
17
100
AcDbEntity
  8
0
100
AcDbLine
 10
-28.209870000000002
 20
-0.94531
 30
0.0
 11
-28.0268
 21
-0.68647
 31
0.0
  0
LINE
  5
A7B
330
17
100
AcDbEntity
  8
0
100
AcDbLine
 10
-28.0268
 20
-0.68647
 30
0.0
 11
-27.85548
 21
-0.38579
 31
0.0
  0
LINE
  5
A7C
330
17
100
AcDbEntity
  8
0
100
AcDbLine
 10
-27.85548
 20
-0.38579
 30
0.0
 11
-27.696089999999998
 21
-0.030949999999999978
 31
0.0
  0
LINE
  5
A7D
330
17
100
AcDbEntity
  8
0
100
AcDbLine
 10
-27.696089999999998
 20
-0.030950000000000002
 30
0.0
 11
-27.546870000000002
 21
0.40885
 31
0.0
  0
LINE
  5
A7E
330
17
100
AcDbEntity
  8
0
100
AcDbLine
 10
-27.546870000000002
 20
0.40885
 30
0.0
 11
-27.41171
 21
0.98394
 31
0.0
  0
LINE
  5
A7F
330
17
100
AcDbEntity
  8
0
100
AcDbLine
 10
-27.41171
 20
0.98394
 30
0.0
 11
-27.29976
 21
1.83207
 31
0.0
  0
LINE
  5
A80
330
17
100
AcDbEntity
  8
0
100
AcDbLine
 10
-27.29976
 20
1.83207
 30
0.0
 11
-27.26041
 21
2.8333299999999997
 31
0.0
  0
LINE
  5
A81
330
17
100
AcDbEntity
  8
0
100
AcDbLine
 10
-27.26041
 20
2.8333299999999997
 30
0.0
 11
-27.26041
 21
13.96875
 31
0.0
  0
LINE
  5
A82
330
17
100
AcDbEntity
  8
0
100
AcDbLine
 10
-27.26041
 20
13.96875
 30
0.0
 11
-24.723950000000002
 21
13.96875
 31
0.0
  0
LINE
  5
A83
330
17
100
AcDbEntity
  8
0
100
AcDbLine
 10
-24.723950000000002
 20
13.96875
 30
0.0
 11
-24.723950000000002
 21
15.302079999999998
 31
0.0
  0
LINE
  5
A84
330
17
100
AcDbEntity
  8
0
100
AcDbLine
 10
-24.723950000000002
 20
15.302079999999998
 30
0.0
 11
-25.05727
 21
15.31975
 31
0.0
  0
LINE
  5
A85
330
17
100
AcDbEntity
  8
0
100
AcDbLine
 10
-25.05727
 20
15.31975
 30
0.0
 11
-25.41002
 21
15.37319
 31
0.0
  0
LINE
  5
A86
330
17
100
AcDbEntity
  8
0
100
AcDbLine
 10
-25.41002
 20
15.37319
 30
0.0
 11
-25.82901
 21
15.47642
 31
0.0
  0
LINE
  5
A87
330
17
100
AcDbEntity
  8
0
100
AcDbLine
 10
-25.82901
 20
15.47642
 30
0.0
 11
-26.052079999999997
 21
15.54687
 31
0.0
  0
LINE
  5
A88
330
17
100
AcDbEntity
  8
0
100
AcDbLine
 10
-26.052079999999997
 20
15.54687
 30
0.0
 11
-26.29435
 21
15.64001
 31
0.0
  0
LINE
  5
A89
330
17
100
AcDbEntity
  8
0
100
AcDbLine
 10
-26.29435
 20
15.64001
 30
0.0
 11
-26.59497
 21
15.789729999999999
 31
0.0
  0
LINE
  5
A8A
330
17
100
AcDbEntity
  8
0
100
AcDbLine
 10
-26.59497
 20
15.789729999999999
 30
0.0
 11
-26.87813
 21
15.97033
 31
0.0
  0
LINE
  5
A8B
330
17
100
AcDbEntity
  8
0
100
AcDbLine
 10
-26.87813
 20
15.97033
 30
0.0
 11
-27.14067
 21
16.17977
 31
0.0
  0
LINE
  5
A8C
330
17
100
AcDbEntity
  8
0
100
AcDbLine
 10
-27.14067
 20
16.17977
 30
0.0
 11
-27.328120000000002
 21
16.359370000000002
 31
0.0
  0
LINE
  5
A8D
330
17
100
AcDbEntity
  8
0
100
AcDbLine
 10
-27.328120000000002
 20
16.359370000000002
 30
0.0
 11
-27.63721
 21
16.73584
 31
0.0
  0
LINE
  5
A8E
330
17
100
AcDbEntity
  8
0
100
AcDbLine
 10
-27.63721
 20
16.73584
 30
0.0
 11
-27.9013
 21
17.13569
 31
0.0
  0
LINE
  5
A8F
330
17
100
AcDbEntity
  8
0
100
AcDbLine
 10
-27.9013
 20
17.13569
 30
0.0
 11
-28.14065
 21
17.590020000000003
 31
0.0
  0
LINE
  5
A90
330
17
100
AcDbEntity
  8
0
100
AcDbLine
 10
-28.14065
 20
17.590020000000003
 30
0.0
 11
-28.24739
 21
17.83333
 31
0.0
  0
LINE
  5
A91
330
17
100
AcDbEntity
  8
0
100
AcDbLine
 10
-28.24739
 20
17.83333
 30
0.0
 11
-28.53779
 21
18.66421
 31
0.0
  0
LINE
  5
A92
330
17
100
AcDbEntity
  8
0
100
AcDbLine
 10
-28.53779
 20
18.66421
 30
0.0
 11
-28.85937
 21
19.973950000000002
 31
0.0
  0
LINE
  5
A93
330
17
100
AcDbEntity
  8
0
100
AcDbLine
 10
-28.85937
 20
19.973950000000002
 30
0.0
 11
-30.38541
 21
19.973950000000002
 31
0.0
  0
LINE
  5
A94
330
17
100
AcDbEntity
  8
0
100
AcDbLine
 10
-30.38541
 20
19.973950000000002
 30
0.0
 11
-30.38541
 21
15.869790000000002
 31
0.0
  0
LINE
  5
A95
330
17
100
AcDbEntity
  8
0
100
AcDbLine
 10
-30.38541
 20
15.869790000000002
 30
0.0
 11
-34.75
 21
15.869790000000002
 31
0.0
  0
LINE
  5
A96
330
17
100
AcDbEntity
  8
0
100
AcDbLine
 10
-34.75
 20
15.869790000000002
 30
0.0
 11
-34.75
 21
13.96875
 31
0.0
  0
LINE
  5
A97
330
17
100
AcDbEntity
  8
0
100
AcDbLine
 10
-34.75
 20
13.96875
 30
0.0
 11
-30.38541
 21
13.96875
 31
0.0
  0
LINE
  5
A98
330
17
100
AcDbEntity
  8
0
100
AcDbLine
 10
-30.38541
 20
13.96875
 30
0.0
 11
-30.38541
 21
2.73437
 31
0.0
  0
LINE
  5
A99
330
17
100
AcDbEntity
  8
0
100
AcDbLine
 10
-30.38541
 20
2.7343699999999997
 30
0.0
 11
-30.4152
 21
2.06507
 31
0.0
  0
LINE
  5
A9A
330
17
100
AcDbEntity
  8
0
100
AcDbLine
 10
-30.4152
 20
2.06507
 30
0.0
 11
-30.48409
 21
1.5746799999999999
 31
0.0
  0
LINE
  5
A9B
330
17
100
AcDbEntity
  8
0
100
AcDbLine
 10
-30.48409
 20
1.5746799999999999
 30
0.0
 11
-30.574199999999998
 21
1.19912
 31
0.0
  0
LINE
  5
A9C
330
17
100
AcDbEntity
  8
0
100
AcDbLine
 10
-30.574199999999998
 20
1.19912
 30
0.0
 11
-30.67656
 21
0.9024099999999999
 31
0.0
  0
LINE
  5
A9D
330
17
100
AcDbEntity
  8
0
100
AcDbLine
 10
-30.67656
 20
0.9024099999999999
 30
0.0
 11
-30.786839999999998
 21
0.66162
 31
0.0
  0
LINE
  5
A9E
330
17
100
AcDbEntity
  8
0
100
AcDbLine
 10
-30.786839999999998
 20
0.66162
 30
0.0
 11
-30.903219999999997
 21
0.46169
 31
0.0
  0
LINE
  5
A9F
330
17
100
AcDbEntity
  8
0
100
AcDbLine
 10
-30.903219999999997
 20
0.46169
 30
0.0
 11
-31.02458
 21
0.2934
 31
0.0
  0
LINE
  5
AA0
330
17
100
AcDbEntity
  8
0
100
AcDbLine
 10
-31.02458
 20
0.2934
 30
0.0
 11
-31.078120000000002
 21
0.22916
 31
0.0
  0
LINE
  5
AA1
330
17
100
AcDbEntity
  8
0
100
AcDbLine
 10
-31.078120000000002
 20
0.22916
 30
0.0
 11
-31.2434
 21
0.05657999999999999
 31
0.0
  0
LINE
  5
AA2
330
17
100
AcDbEntity
  8
0
100
AcDbLine
 10
-31.2434
 20
0.05658
 30
0.0
 11
-31.43179
 21
-0.10325000000000001
 31
0.0
  0
LINE
  5
AA3
330
17
100
AcDbEntity
  8
0
100
AcDbLine
 10
-31.43179
 20
-0.10325000000000001
 30
0.0
 11
-31.624239999999997
 21
-0.2337
 31
0.0
  0
LINE
  5
AA4
330
17
100
AcDbEntity
  8
0
100
AcDbLine
 10
-31.624239999999997
 20
-0.2337
 30
0.0
 11
-31.8236
 21
-0.3401
 31
0.0
  0
LINE
  5
AA5
330
17
100
AcDbEntity
  8
0
100
AcDbLine
 10
-31.8236
 20
-0.3401
 30
0.0
 11
-32.03404
 21
-0.42589
 31
0.0
  0
LINE
  5
AA6
330
17
100
AcDbEntity
  8
0
100
AcDbLine
 10
-32.03404
 20
-0.42589
 30
0.0
 11
-32.26039
 21
-0.49249000000000004
 31
0.0
  0
LINE
  5
AA7
330
17
100
AcDbEntity
  8
0
100
AcDbLine
 10
-32.26039
 20
-0.49249000000000004
 30
0.0
 11
-32.50858
 21
-0.53952
 31
0.0
  0
LINE
  5
AA8
330
17
100
AcDbEntity
  8
0
100
AcDbLine
 10
-32.50858
 20
-0.53952
 30
0.0
 11
-32.786210000000004
 21
-0.56467
 31
0.0
  0
LINE
  5
AA9
330
17
100
AcDbEntity
  8
0
100
AcDbLine
 10
-32.786210000000004
 20
-0.56467
 30
0.0
 11
-32.92708
 21
-0.5677
 31
0.0
  0
LINE
  5
AAA
330
17
100
AcDbEntity
  8
0
100
AcDbLine
 10
-32.92708
 20
-0.5677
 30
0.0
 11
-33.48152
 21
-0.5528500000000001
 31
0.0
  0
LINE
  5
AAB
330
17
100
AcDbEntity
  8
0
100
AcDbLine
 10
-33.48152
 20
-0.5528500000000001
 30
0.0
 11
-34.03388
 21
-0.50287
 31
0.0
  0
LINE
  5
AAC
330
17
100
AcDbEntity
  8
0
100
AcDbLine
 10
-34.03388
 20
-0.50287
 30
0.0
 11
-35.057289999999995
 21
-0.33854
 31
0.0
  0
LINE
  5
AAD
330
17
100
AcDbEntity
  8
0
100
AcDbLine
 10
-35.057289999999995
 20
-0.33854
 30
0.0
 11
-35.057289999999995
 21
-1.80307
 31
0.0
  0
LINE
  5
AAE
330
17
100
AcDbEntity
  8
0
100
AcDbLine
 10
-35.057289999999995
 20
-1.80307
 30
0.0
 11
-34.784929999999996
 21
-1.91182
 31
0.0
  0
LINE
  5
AAF
330
17
100
AcDbEntity
  8
0
100
AcDbLine
 10
-34.784929999999996
 20
-1.91182
 30
0.0
 11
-34.50513
 21
-1.99972
 31
0.0
  0
LINE
  5
AB0
330
17
100
AcDbEntity
  8
0
100
AcDbLine
 10
-34.50513
 20
-1.99972
 30
0.0
 11
-33.76301
 21
-2.17184
 31
0.0
  0
LINE
  5
AB1
330
17
100
AcDbEntity
  8
0
100
AcDbLine
 10
-33.76301
 20
-2.17184
 30
0.0
 11
-32.92707
 21
-2.2863599999999997
 31
0.0
  0
LINE
  5
AB2
330
17
100
AcDbEntity
  8
0
100
AcDbLine
 10
-32.92707
 20
-2.2863599999999997
 30
0.0
 11
-32.098960000000005
 21
-2.3281199999999997
 31
0.0
  0
LINE
  5
AB3
330
17
100
AcDbEntity
  8
0
100
AcDbLine
 10
-32.098960000000005
 20
-2.3281199999999997
 30
0.0
 11
-31.04781
 21
-2.27543
 31
0.0
  0
LINE
  5
AB4
330
17
100
AcDbEntity
  8
0
100
AcDbLine
 10
-31.04781
 20
-2.27543
 30
0.0
 11
-30.38391
 21
-2.1735499999999996
 31
0.0
  0
LINE
  5
AB5
330
17
100
AcDbEntity
  8
0
100
AcDbLine
 10
-30.38391
 20
-2.1735499999999996
 30
0.0
 11
-29.91666
 21
-2.0572899999999996
 31
0.0
  0
LINE
  5
AB6
330
17
100
AcDbEntity
  8
0
100
AcDbLine
 10
-29.91666
 20
-2.0572899999999996
 30
0.0
 11
-29.53872
 21
-1.92511
 31
0.0
  0
LINE
  5
AB7
330
17
100
AcDbEntity
  8
0
100
AcDbLine
 10
-29.53872
 20
-1.92511
 30
0.0
 11
-29.21612
 21
-1.7754800000000002
 31
0.0
  0
LINE
  5
AB8
330
17
100
AcDbEntity
  8
0
100
AcDbLine
 10
-29.21612
 20
-1.7754800000000002
 30
0.0
 11
-28.93523
 21
-1.6100299999999999
 31
0.0
  0
LINE
  5
AB9
330
17
100
AcDbEntity
  8
0
100
AcDbLine
 10
-28.93523
 20
-1.6100299999999999
 30
0.0
 11
-28.66318
 21
-1.40942
 31
0.0
  0
LINE
  5
ABA
330
17
100
AcDbEntity
  8
0
100
AcDbLine
 10
-28.66318
 20
-1.40942
 30
0.0
 11
-28.41927
 21
-1.18489
 31
0.0
  0
LINE
  5
ABB
330
17
100
AcDbEntity
  8
0
100
AcDbLine
 10
-37.02604
 20
14.47376
 30
0.0
 11
-36.93229
 21
14.473949999999999
 31
0.0
  0
LINE
  5
ABC
330
17
100
AcDbEntity
  8
0
100
AcDbLine
 10
-36.93229
 20
14.473949999999999
 30
0.0
 11
-36.93229
 21
15.869790000000002
 31
0.0
  0
LINE
  5
ABD
330
17
100
AcDbEntity
  8
0
100
AcDbLine
 10
-36.93229
 20
15.869790000000002
 30
0.0
 11
-42.88541
 21
15.869790000000002
 31
0.0
  0
LINE
  5
ABE
330
17
100
AcDbEntity
  8
0
100
AcDbLine
 10
-42.88541
 20
15.869790000000002
 30
0.0
 11
-42.88541
 21
1.7916600000000003
 31
0.0
  0
LINE
  5
ABF
330
17
100
AcDbEntity
  8
0
100
AcDbLine
 10
-42.88541
 20
1.79166
 30
0.0
 11
-42.90504
 21
1.35389
 31
0.0
  0
LINE
  5
AC0
330
17
100
AcDbEntity
  8
0
100
AcDbLine
 10
-42.90504
 20
1.35389
 30
0.0
 11
-42.94874
 21
1.04461
 31
0.0
  0
LINE
  5
AC1
330
17
100
AcDbEntity
  8
0
100
AcDbLine
 10
-42.94874
 20
1.04461
 30
0.0
 11
-43.00495
 21
0.81078
 31
0.0
  0
LINE
  5
AC2
330
17
100
AcDbEntity
  8
0
100
AcDbLine
 10
-43.00495
 20
0.81078
 30
0.0
 11
-43.066739999999996
 21
0.63132
 31
0.0
  0
LINE
  5
AC3
330
17
100
AcDbEntity
  8
0
100
AcDbLine
 10
-43.066739999999996
 20
0.63132
 30
0.0
 11
-43.106770000000004
 21
0.53906
 31
0.0
  0
LINE
  5
AC4
330
17
100
AcDbEntity
  8
0
100
AcDbLine
 10
-43.106770000000004
 20
0.53906
 30
0.0
 11
-43.2087
 21
0.34625999999999996
 31
0.0
  0
LINE
  5
AC5
330
17
100
AcDbEntity
  8
0
100
AcDbLine
 10
-43.2087
 20
0.34625999999999996
 30
0.0
 11
-43.31317
 21
0.18822
 31
0.0
  0
LINE
  5
AC6
330
17
100
AcDbEntity
  8
0
100
AcDbLine
 10
-43.31317
 20
0.18822
 30
0.0
 11
-43.42044
 21
0.05609
 31
0.0
  0
LINE
  5
AC7
330
17
100
AcDbEntity
  8
0
100
AcDbLine
 10
-43.42044
 20
0.05609
 30
0.0
 11
-43.53134
 21
-0.05599
 31
0.0
  0
LINE
  5
AC8
330
17
100
AcDbEntity
  8
0
100
AcDbLine
 10
-43.53134
 20
-0.05599
 30
0.0
 11
-43.65802
 21
-0.16013
 31
0.0
  0
LINE
  5
AC9
330
17
100
AcDbEntity
  8
0
100
AcDbLine
 10
-43.65802
 20
-0.16013
 30
0.0
 11
-43.692710000000005
 21
-0.18489
 31
0.0
  0
LINE
  5
ACA
330
17
100
AcDbEntity
  8
0
100
AcDbLine
 10
-43.692710000000005
 20
-0.18489
 30
0.0
 11
-43.85845
 21
-0.28691
 31
0.0
  0
LINE
  5
ACB
330
17
100
AcDbEntity
  8
0
100
AcDbLine
 10
-43.85845
 20
-0.28691
 30
0.0
 11
-44.03087
 21
-0.36977
 31
0.0
  0
LINE
  5
ACC
330
17
100
AcDbEntity
  8
0
100
AcDbLine
 10
-44.03087
 20
-0.36977
 30
0.0
 11
-44.22324
 21
-0.43978
 31
0.0
  0
LINE
  5
ACD
330
17
100
AcDbEntity
  8
0
100
AcDbLine
 10
-44.22324
 20
-0.43978
 30
0.0
 11
-44.44182
 21
-0.49607000000000007
 31
0.0
  0
LINE
  5
ACE
330
17
100
AcDbEntity
  8
0
100
AcDbLine
 10
-44.44182
 20
-0.49607000000000007
 30
0.0
 11
-44.5625
 21
-0.51822
 31
0.0
  0
LINE
  5
ACF
330
17
100
AcDbEntity
  8
0
100
AcDbLine
 10
-44.5625
 20
-0.51822
 30
0.0
 11
-45.08953
 21
-0.57954
 31
0.0
  0
LINE
  5
AD0
330
17
100
AcDbEntity
  8
0
100
AcDbLine
 10
-45.08953
 20
-0.57954
 30
0.0
 11
-45.61979
 21
-0.59882
 31
0.0
  0
LINE
  5
AD1
330
17
100
AcDbEntity
  8
0
100
AcDbLine
 10
-45.61979
 20
-0.59882
 30
0.0
 11
-46.0625
 21
-0.59895
 31
0.0
  0
LINE
  5
AD2
330
17
100
AcDbEntity
  8
0
100
AcDbLine
 10
-46.0625
 20
-0.59895
 30
0.0
 11
-46.0625
 21
-2.0
 31
0.0
  0
LINE
  5
AD3
330
17
100
AcDbEntity
  8
0
100
AcDbLine
 10
-46.0625
 20
-2.0
 30
0.0
 11
-36.58854
 21
-2.0
 31
0.0
  0
LINE
  5
AD4
330
17
100
AcDbEntity
  8
0
100
AcDbLine
 10
-36.58854
 20
-2.0
 30
0.0
 11
-36.58854
 21
-0.5989499999999999
 31
0.0
  0
LINE
  5
AD5
330
17
100
AcDbEntity
  8
0
100
AcDbLine
 10
-36.58854
 20
-0.59895
 30
0.0
 11
-37.02604
 21
-0.5987800000000001
 31
0.0
  0
LINE
  5
AD6
330
17
100
AcDbEntity
  8
0
100
AcDbLine
 10
-37.02604
 20
-0.5987800000000001
 30
0.0
 11
-37.55343
 21
-0.5817100000000001
 31
0.0
  0
LINE
  5
AD7
330
17
100
AcDbEntity
  8
0
100
AcDbLine
 10
-37.55343
 20
-0.5817100000000001
 30
0.0
 11
-38.07812
 21
-0.52604
 31
0.0
  0
LINE
  5
AD8
330
17
100
AcDbEntity
  8
0
100
AcDbLine
 10
-38.07812
 20
-0.52604
 30
0.0
 11
-38.33947
 21
-0.47474000000000005
 31
0.0
  0
LINE
  5
AD9
330
17
100
AcDbEntity
  8
0
100
AcDbLine
 10
-38.33947
 20
-0.47474000000000005
 30
0.0
 11
-38.56391
 21
-0.40738
 31
0.0
  0
LINE
  5
ADA
330
17
100
AcDbEntity
  8
0
100
AcDbLine
 10
-38.56391
 20
-0.40738
 30
0.0
 11
-38.76093
 21
-0.3265
 31
0.0
  0
LINE
  5
ADB
330
17
100
AcDbEntity
  8
0
100
AcDbLine
 10
-38.76093
 20
-0.3265
 30
0.0
 11
-38.94791
 21
-0.22656
 31
0.0
  0
LINE
  5
ADC
330
17
100
AcDbEntity
  8
0
100
AcDbLine
 10
-38.94791
 20
-0.22656
 30
0.0
 11
-39.0629
 21
-0.14915
 31
0.0
  0
LINE
  5
ADD
330
17
100
AcDbEntity
  8
0
100
AcDbLine
 10
-39.0629
 20
-0.14915
 30
0.0
 11
-39.17571
 21
-0.055400000000000005
 31
0.0
  0
LINE
  5
ADE
330
17
100
AcDbEntity
  8
0
100
AcDbLine
 10
-39.17571
 20
-0.0554
 30
0.0
 11
-39.280370000000005
 21
0.05139
 31
0.0
  0
LINE
  5
ADF
330
17
100
AcDbEntity
  8
0
100
AcDbLine
 10
-39.280370000000005
 20
0.05139
 30
0.0
 11
-39.37863
 21
0.17412
 31
0.0
  0
LINE
  5
AE0
330
17
100
AcDbEntity
  8
0
100
AcDbLine
 10
-39.37863
 20
0.17412
 30
0.0
 11
-39.47159
 21
0.31693
 31
0.0
  0
LINE
  5
AE1
330
17
100
AcDbEntity
  8
0
100
AcDbLine
 10
-39.47159
 20
0.31693
 30
0.0
 11
-39.54166
 21
0.44791
 31
0.0
  0
LINE
  5
AE2
330
17
100
AcDbEntity
  8
0
100
AcDbLine
 10
-39.54166
 20
0.44791
 30
0.0
 11
-39.60913
 21
0.60689
 31
0.0
  0
LINE
  5
AE3
330
17
100
AcDbEntity
  8
0
100
AcDbLine
 10
-39.60913
 20
0.60689
 30
0.0
 11
-39.664539999999995
 21
0.78341
 31
0.0
  0
LINE
  5
AE4
330
17
100
AcDbEntity
  8
0
100
AcDbLine
 10
-39.664539999999995
 20
0.78341
 30
0.0
 11
-39.712039999999995
 21
1.0028700000000002
 31
0.0
  0
LINE
  5
AE5
330
17
100
AcDbEntity
  8
0
100
AcDbLine
 10
-39.712039999999995
 20
1.0028700000000002
 30
0.0
 11
-39.7468
 21
1.28163
 31
0.0
  0
LINE
  5
AE6
330
17
100
AcDbEntity
  8
0
100
AcDbLine
 10
-39.7468
 20
1.28163
 30
0.0
 11
-39.76041
 21
1.6302
 31
0.0
  0
LINE
  5
AE7
330
17
100
AcDbEntity
  8
0
100
AcDbLine
 10
-39.76041
 20
1.6302
 30
0.0
 11
-39.76041
 21
12.1927
 31
0.0
  0
LINE
  5
AE8
330
17
100
AcDbEntity
  8
0
100
AcDbLine
 10
-39.76041
 20
12.1927
 30
0.0
 11
-39.742729999999995
 21
12.58712
 31
0.0
  0
LINE
  5
AE9
330
17
100
AcDbEntity
  8
0
100
AcDbLine
 10
-39.742729999999995
 20
12.58712
 30
0.0
 11
-39.7022
 21
12.874170000000001
 31
0.0
  0
LINE
  5
AEA
330
17
100
AcDbEntity
  8
0
100
AcDbLine
 10
-39.7022
 20
12.874170000000001
 30
0.0
 11
-39.6492
 21
13.09432
 31
0.0
  0
LINE
  5
AEB
330
17
100
AcDbEntity
  8
0
100
AcDbLine
 10
-39.6492
 20
13.09432
 30
0.0
 11
-39.58898
 21
13.26845
 31
0.0
  0
LINE
  5
AEC
330
17
100
AcDbEntity
  8
0
100
AcDbLine
 10
-39.58898
 20
13.26845
 30
0.0
 11
-39.54166
 21
13.375
 31
0.0
  0
LINE
  5
AED
330
17
100
AcDbEntity
  8
0
100
AcDbLine
 10
-39.54166
 20
13.375
 30
0.0
 11
-39.4472
 21
13.547089999999999
 31
0.0
  0
LINE
  5
AEE
330
17
100
AcDbEntity
  8
0
100
AcDbLine
 10
-39.4472
 20
13.547089999999999
 30
0.0
 11
-39.34804
 21
13.692060000000001
 31
0.0
  0
LINE
  5
AEF
330
17
100
AcDbEntity
  8
0
100
AcDbLine
 10
-39.34804
 20
13.692060000000001
 30
0.0
 11
-39.24387
 21
13.81626
 31
0.0
  0
LINE
  5
AF0
330
17
100
AcDbEntity
  8
0
100
AcDbLine
 10
-39.24387
 20
13.81626
 30
0.0
 11
-39.122949999999996
 21
13.9335
 31
0.0
  0
LINE
  5
AF1
330
17
100
AcDbEntity
  8
0
100
AcDbLine
 10
-39.122949999999996
 20
13.9335
 30
0.0
 11
-38.99577
 21
14.03291
 31
0.0
  0
LINE
  5
AF2
330
17
100
AcDbEntity
  8
0
100
AcDbLine
 10
-38.99577
 20
14.03291
 30
0.0
 11
-38.94791
 21
14.065100000000001
 31
0.0
  0
LINE
  5
AF3
330
17
100
AcDbEntity
  8
0
100
AcDbLine
 10
-38.94791
 20
14.065100000000001
 30
0.0
 11
-38.757039999999996
 21
14.174199999999999
 31
0.0
  0
LINE
  5
AF4
330
17
100
AcDbEntity
  8
0
100
AcDbLine
 10
-38.757039999999996
 20
14.174199999999999
 30
0.0
 11
-38.55963
 21
14.26126
 31
0.0
  0
LINE
  5
AF5
330
17
100
AcDbEntity
  8
0
100
AcDbLine
 10
-38.55963
 20
14.26126
 30
0.0
 11
-38.34066
 21
14.332920000000001
 31
0.0
  0
LINE
  5
AF6
330
17
100
AcDbEntity
  8
0
100
AcDbLine
 10
-38.34066
 20
14.332920000000001
 30
0.0
 11
-38.07812
 21
14.39062
 31
0.0
  0
LINE
  5
AF7
330
17
100
AcDbEntity
  8
0
100
AcDbLine
 10
-38.07812
 20
14.39062
 30
0.0
 11
-37.553830000000005
 21
14.45421
 31
0.0
  0
LINE
  5
AF8
330
17
100
AcDbEntity
  8
0
100
AcDbLine
 10
-37.553830000000005
 20
14.45421
 30
0.0
 11
-37.02604
 21
14.47376
 31
0.0
  0
ENDSEC
  0
SECTION
  2
OBJECTS
  0
DICTIONARY
  5
A
330
0
100
AcDbDictionary
281
1
  3
ACAD_COLOR
350
B
  3
ACAD_GROUP
350
C
  3
ACAD_LAYOUT
350
D
  3
ACAD_MATERIAL
350
E
  3
ACAD_MLEADERSTYLE
350
F
  3
ACAD_MLINESTYLE
350
10
  3
ACAD_PLOTSETTINGS
350
11
  3
ACAD_PLOTSTYLENAME
350
12
  3
ACAD_SCALELIST
350
14
  3
ACAD_TABLESTYLE
350
15
  3
ACAD_VISUALSTYLE
350
16
  3
EZDXF_META
350
2D
  0
DICTIONARY
  5
B
330
A
100
AcDbDictionary
281
1
  0
DICTIONARY
  5
C
330
A
100
AcDbDictionary
281
1
  0
DICTIONARY
  5
D
330
A
100
AcDbDictionary
281
1
  3
Model
350
1A
  3
Layout1
350
1E
  0
DICTIONARY
  5
E
330
A
100
AcDbDictionary
281
1
  3
ByBlock
350
1F
  3
ByLayer
350
20
  3
Global
350
21
  0
DICTIONARY
  5
F
330
A
100
AcDbDictionary
281
1
  3
Standard
350
2C
  0
DICTIONARY
  5
10
330
A
100
AcDbDictionary
281
1
  3
Standard
350
22
  0
DICTIONARY
  5
11
330
A
100
AcDbDictionary
281
1
  0
ACDBDICTIONARYWDFLT
  5
12
330
A
100
AcDbDictionary
281
1
  3
Normal
350
13
100
AcDbDictionaryWithDefault
340
13
  0
ACDBPLACEHOLDER
  5
13
330
12
  0
DICTIONARY
  5
14
330
A
100
AcDbDictionary
281
1
  0
DICTIONARY
  5
15
330
A
100
AcDbDictionary
281
1
  0
DICTIONARY
  5
16
330
A
100
AcDbDictionary
281
1
  0
LAYOUT
  5
1A
330
D
100
AcDbPlotSettings
  1

  4
A3
  6

 40
7.5
 41
20.0
 42
7.5
 43
20.0
 44
420.0
 45
297.0
 46
0.0
 47
0.0
 48
0.0
 49
0.0
140
0.0
141
0.0
142
1.0
143
1.0
 70
1024
 72
1
 73
0
 74
5
  7

 75
16
 76
0
 77
2
 78
300
147
1.0
148
0.0
149
0.0
100
AcDbLayout
  1
Model
 70
1
 71
0
 10
0.0
 20
0.0
 11
420.0
 21
297.0
 12
0.0
 22
0.0
 32
0.0
 14
1e+20
 24
1e+20
 34
1e+20
 15
-1e+20
 25
-1e+20
 35
-1e+20
146
0.0
 13
0.0
 23
0.0
 33
0.0
 16
1.0
 26
0.0
 36
0.0
 17
0.0
 27
1.0
 37
0.0
 76
1
330
17
  0
LAYOUT
  5
1E
330
D
100
AcDbPlotSettings
  1

  4
A3
  6

 40
7.5
 41
20.0
 42
7.5
 43
20.0
 44
420.0
 45
297.0
 46
0.0
 47
0.0
 48
0.0
 49
0.0
140
0.0
141
0.0
142
1.0
143
1.0
 70
0
 72
1
 73
0
 74
5
  7

 75
16
 76
0
 77
2
 78
300
147
1.0
148
0.0
149
0.0
100
AcDbLayout
  1
Layout1
 70
1
 71
1
 10
0.0
 20
0.0
 11
420.0
 21
297.0
 12
0.0
 22
0.0
 32
0.0
 14
1e+20
 24
1e+20
 34
1e+20
 15
-1e+20
 25
-1e+20
 35
-1e+20
146
0.0
 13
0.0
 23
0.0
 33
0.0
 16
1.0
 26
0.0
 36
0.0
 17
0.0
 27
1.0
 37
0.0
 76
1
330
1B
  0
MATERIAL
  5
1F
102
{ACAD_REACTORS
330
E
102
}
330
E
100
AcDbMaterial
  1
ByBlock
  2

 70
0
 40
1.0
 71
1
 41
1.0
 91
-1023410177
 42
1.0
 72
1
  3

 73
1
 74
1
 75
1
 44
0.5
 73
0
 45
1.0
 46
1.0
 77
1
  4

 78
1
 79
1
170
1
 48
1.0
171
1
  6

172
1
173
1
174
1
140
1.0
141
1.0
175
1
  7

176
1
177
1
178
1
143
1.0
179
1
  8

270
1
271
1
272
1
145
1.0
146
1.0
273
1
  9

274
1
275
1
276
1
 42
1.0
 72
1
  3

 73
1
 74
1
 75
1
 94
63
  0
MATERIAL
  5
20
102
{ACAD_REACTORS
330
E
102
}
330
E
100
AcDbMaterial
  1
ByLayer
  2

 70
0
 40
1.0
 71
1
 41
1.0
 91
-1023410177
 42
1.0
 72
1
  3

 73
1
 74
1
 75
1
 44
0.5
 73
0
 45
1.0
 46
1.0
 77
1
  4

 78
1
 79
1
170
1
 48
1.0
171
1
  6

172
1
173
1
174
1
140
1.0
141
1.0
175
1
  7

176
1
177
1
178
1
143
1.0
179
1
  8

270
1
271
1
272
1
145
1.0
146
1.0
273
1
  9

274
1
275
1
276
1
 42
1.0
 72
1
  3

 73
1
 74
1
 75
1
 94
63
  0
MATERIAL
  5
21
102
{ACAD_REACTORS
330
E
102
}
330
E
100
AcDbMaterial
  1
Global
  2

 70
0
 40
1.0
 71
1
 41
1.0
 91
-1023410177
 42
1.0
 72
1
  3

 73
1
 74
1
 75
1
 44
0.5
 73
0
 45
1.0
 46
1.0
 77
1
  4

 78
1
 79
1
170
1
 48
1.0
171
1
  6

172
1
173
1
174
1
140
1.0
141
1.0
175
1
  7

176
1
177
1
178
1
143
1.0
179
1
  8

270
1
271
1
272
1
145
1.0
146
1.0
273
1
  9

274
1
275
1
276
1
 42
1.0
 72
1
  3

 73
1
 74
1
 75
1
 94
63
  0
MLINESTYLE
  5
22
102
{ACAD_REACTORS
330
10
102
}
330
10
100
AcDbMlineStyle
  2
Standard
 70
0
  3

 62
256
 51
90.0
 52
90.0
 71
2
 49
0.5
 62
256
  6
BYLAYER
 49
-0.5
 62
256
  6
BYLAYER
  0
MLEADERSTYLE
  5
2C
102
{ACAD_REACTORS
330
F
102
}
330
F
100
AcDbMLeaderStyle
179
2
170
2
171
1
172
0
 90
2
 40
0.0
 41
0.0
173
1
 91
-1056964608
 92
-2
290
1
 42
2.0
291
1
 43
8.0
  3
Standard
 44
4.0
300

342
29
174
1
175
1
176
0
178
1
 93
-1056964608
 45
4.0
292
0
297
0
 46
4.0
 94
-1056964608
 47
1.0
 49
1.0
140
1.0
294
1
141
0.0
177
0
142
1.0
295
0
296
0
143
3.75
271
0
272
9
273
9
  0
DICTIONARY
  5
2D
330
A
100
AcDbDictionary
280
1
281
1
  3
CREATED_BY_EZDXF
350
2E
  3
WRITTEN_BY_EZDXF
350
AFC
  0
DICTIONARYVAR
  5
2E
330
2D
100
DictionaryVariables
280
0
  1
1.4.4 @ 2026-09-02T16:48:31.750974+00:00
  0
DICTIONARYVAR
  5
AFC
330
2D
100
DictionaryVariables
280
0
  1
1.4.4 @ 2026-09-02T16:48:31.973133+00:00
  0
ENDSEC
  0
EOF
