  0
SECTION
  2
HEADER
  9
$ACADVER
  1
AC1027
  9
$ACADMAINTVER
 70
105
  9
$DWGCODEPAGE
  3
ANSI_1252
  9
$LASTSAVEDBY
  1
ezdxf
  9
$REQUIREDVERSIONS
160
0
  9
$INSBASE
 10
0.0
 20
0.0
 30
0.0
  9
$EXTMIN
 10
1e+20
 20
1e+20
 30
1e+20
  9
$EXTMAX
 10
-1e+20
 20
-1e+20
 30
-1e+20
  9
$LIMMIN
 10
0.0
 20
0.0
  9
$LIMMAX
 10
420.0
 20
297.0
  9
$ORTHOMODE
 70
0
  9
$REGENMODE
 70
1
  9
$FILLMODE
 70
1
  9
$QTEXTMODE
 70
0
  9
$MIRRTEXT
 70
1
  9
$LTSCALE
 40
1.0
  9
$ATTMODE
 70
1
  9
$TEXTSIZE
 40
2.5
  9
$TRACEWID
 40
1.0
  9
$TEXTSTYLE
  7
Standard
  9
$CLAYER
  8
0
  9
$CELTYPE
  6
ByLayer
  9
$CECOLOR
 62
256
  9
$CELTSCALE
 40
1.0
  9
$DISPSILH
 70
0
  9
$DIMSCALE
 40
1.0
  9
$DIMASZ
 40
2.5
  9
$DIMEXO
 40
0.625
  9
$DIMDLI
 40
3.75
  9
$DIMRND
 40
0.0
  9
$DIMDLE
 40
0.0
  9
$DIMEXE
 40
1.25
  9
$DIMTP
 40
0.0
  9
$DIMTM
 40
0.0
  9
$DIMTXT
 40
2.5
  9
$DIMCEN
 40
2.5
  9
$DIMTSZ
 40
0.0
  9
$DIMTOL
 70
0
  9
$DIMLIM
 70
0
  9
$DIMTIH
 70
0
  9
$DIMTOH
 70
0
  9
$DIMSE1
 70
0
  9
$DIMSE2
 70
0
  9
$DIMTAD
 70
1
  9
$DIMZIN
 70
8
  9
$DIMBLK
  1

  9
$DIMASO
 70
1
  9
$DIMSHO
 70
1
  9
$DIMPOST
  1

  9
$DIMAPOST
  1

  9
$DIMALT
 70
0
  9
$DIMALTD
 70
3
  9
$DIMALTF
 40
0.03937007874
  9
$DIMLFAC
 40
1.0
  9
$DIMTOFL
 70
1
  9
$DIMTVP
 40
0.0
  9
$DIMTIX
 70
0
  9
$DIMSOXD
 70
0
  9
$DIMSAH
 70
0
  9
$DIMBLK1
  1

  9
$DIMBLK2
  1

  9
$DIMSTYLE
  2
ISO-25
  9
$DIMCLRD
 70
0
  9
$DIMCLRE
 70
0
  9
$DIMCLRT
 70
0
  9
$DIMTFAC
 40
1.0
  9
$DIMGAP
 40
0.625
  9
$DIMJUST
 70
0
  9
$DIMSD1
 70
0
  9
$DIMSD2
 70
0
  9
$DIMTOLJ
 70
0
  9
$DIMTZIN
 70
8
  9
$DIMALTZ
 70
0
  9
$DIMALTTZ
 70
0
  9
$DIMUPT
 70
0
  9
$DIMDEC
 70
2
  9
$DIMTDEC
 70
2
  9
$DIMALTU
 70
2
  9
$DIMALTTD
 70
3
  9
$DIMTXSTY
  7
Standard
  9
$DIMAUNIT
 70
0
  9
$DIMADEC
 70
0
  9
$DIMALTRND
 40
0.0
  9
$DIMAZIN
 70
0
  9
$DIMDSEP
 70
44
  9
$DIMATFIT
 70
3
  9
$DIMFRAC
 70
0
  9
$DIMLDRBLK
  1

  9
$DIMLUNIT
 70
2
  9
$DIMLWD
 70
-2
  9
$DIMLWE
 70
-2
  9
$DIMTMOVE
 70
0
  9
$DIMFXL
 40
1.0
  9
$DIMFXLON
 70
0
  9
$DIMJOGANG
 40
0.785398163397
  9
$DIMTFILL
 70
0
  9
$DIMTFILLCLR
 70
0
  9
$DIMARCSYM
 70
0
  9
$DIMLTYPE
  6

  9
$DIMLTEX1
  6

  9
$DIMLTEX2
  6

  9
$DIMTXTDIRECTION
 70
0
  9
$LUNITS
 70
2
  9
$LUPREC
 70
4
  9
$SKETCHINC
 40
1.0
  9
$FILLETRAD
 40
10.0
  9
$AUNITS
 70
0
  9
$AUPREC
 70
2
  9
$MENU
  1
.
  9
$ELEVATION
 40
0.0
  9
$PELEVATION
 40
0.0
  9
$THICKNESS
 40
0.0
  9
$LIMCHECK
 70
0
  9
$CHAMFERA
 40
0.0
  9
$CHAMFERB
 40
0.0
  9
$CHAMFERC
 40
0.0
  9
$CHAMFERD
 40
0.0
  9
$SKPOLY
 70
0
  9
$TDCREATE
 40
2461286.7018287037
  9
$TDUCREATE
 40
2458532.153996898
  9
$TDUPDATE
 40
2461286.7018287037
  9
$TDUUPDATE
 40
2458532.1544311
  9
$TDINDWG
 40
0.0
  9
$TDUSRTIMER
 40
0.0
  9
$USRTIMER
 70
1
  9
$ANGBASE
 50
0.0
  9
$ANGDIR
 70
0
  9
$PDMODE
 70
0
  9
$PDSIZE
 40
0.0
  9
$PLINEWID
 40
0.0
  9
$SPLFRAME
 70
0
  9
$SPLINETYPE
 70
6
  9
$SPLINESEGS
 70
8
  9
$HANDSEED
  5
5CD
  9
$SURFTAB1
 70
6
  9
$SURFTAB2
 70
6
  9
$SURFTYPE
 70
6
  9
$SURFU
 70
6
  9
$SURFV
 70
6
  9
$UCSBASE
  2

  9
$UCSNAME
  2

  9
$UCSORG
 10
0.0
 20
0.0
 30
0.0
  9
$UCSXDIR
 10
1.0
 20
0.0
 30
0.0
  9
$UCSYDIR
 10
0.0
 20
1.0
 30
0.0
  9
$UCSORTHOREF
  2

  9
$UCSORTHOVIEW
 70
0
  9
$UCSORGTOP
 10
0.0
 20
0.0
 30
0.0
  9
$UCSORGBOTTOM
 10
0.0
 20
0.0
 30
0.0
  9
$UCSORGLEFT
 10
0.0
 20
0.0
 30
0.0
  9
$UCSORGRIGHT
 10
0.0
 20
0.0
 30
0.0
  9
$UCSORGFRONT
 10
0.0
 20
0.0
 30
0.0
  9
$UCSORGBACK
 10
0.0
 20
0.0
 30
0.0
  9
$PUCSBASE
  2

  9
$PUCSNAME
  2

  9
$PUCSORG
 10
0.0
 20
0.0
 30
0.0
  9
$PUCSXDIR
 10
1.0
 20
0.0
 30
0.0
  9
$PUCSYDIR
 10
0.0
 20
1.0
 30
0.0
  9
$PUCSORTHOREF
  2

  9
$PUCSORTHOVIEW
 70
0
  9
$PUCSORGTOP
 10
0.0
 20
0.0
 30
0.0
  9
$PUCSORGBOTTOM
 10
0.0
 20
0.0
 30
0.0
  9
$PUCSORGLEFT
 10
0.0
 20
0.0
 30
0.0
  9
$PUCSORGRIGHT
 10
0.0
 20
0.0
 30
0.0
  9
$PUCSORGFRONT
 10
0.0
 20
0.0
 30
0.0
  9
$PUCSORGBACK
 10
0.0
 20
0.0
 30
0.0
  9
$USERI1
 70
0
  9
$USERI2
 70
0
  9
$USERI3
 70
0
  9
$USERI4
 70
0
  9
$USERI5
 70
0
  9
$USERR1
 40
0.0
  9
$USERR2
 40
0.0
  9
$USERR3
 40
0.0
  9
$USERR4
 40
0.0
  9
$USERR5
 40
0.0
  9
$WORLDVIEW
 70
1
  9
$SHADEDGE
 70
3
  9
$SHADEDIF
 70
70
  9
$TILEMODE
 70
1
  9
$MAXACTVP
 70
64
  9
$PINSBASE
 10
0.0
 20
0.0
 30
0.0
  9
$PLIMCHECK
 70
0
  9
$PEXTMIN
 10
1e+20
 20
1e+20
 30
1e+20
  9
$PEXTMAX
 10
-1e+20
 20
-1e+20
 30
-1e+20
  9
$PLIMMIN
 10
0.0
 20
0.0
  9
$PLIMMAX
 10
420.0
 20
297.0
  9
$UNITMODE
 70
0
  9
$VISRETAIN
 70
1
  9
$PLINEGEN
 70
0
  9
$PSLTSCALE
 70
1
  9
$TREEDEPTH
 70
3020
  9
$CMLSTYLE
  2
Standard
  9
$CMLJUST
 70
0
  9
$CMLSCALE
 40
20.0
  9
$PROXYGRAPHICS
 70
1
  9
$MEASUREMENT
 70
1
  9
$CELWEIGHT
370
-1
  9
$ENDCAPS
280
0
  9
$JOINSTYLE
280
0
  9
$LWDISPLAY
290
0
  9
$INSUNITS
 70
4
  9
$HYPERLINKBASE
  1

  9
$STYLESHEET
  1

  9
$XEDIT
290
1
  9
$CEPSNTYPE
380
0
  9
$PSTYLEMODE
290
1
  9
$FINGERPRINTGUID
  2
{1888CF64-F12B-438B-A0A3-A91FF5ED9200}
  9
$VERSIONGUID
  2
{32489240-280A-4721-859E-5D2629F95472}
  9
$EXTNAMES
290
1
  9
$PSVPSCALE
 40
0.0
  9
$OLESTARTUP
290
0
  9
$SORTENTS
280
127
  9
$INDEXCTL
280
0
  9
$HIDETEXT
280
1
  9
$XCLIPFRAME
280
1
  9
$HALOGAP
280
0
  9
$OBSCOLOR
 70
257
  9
$OBSLTYPE
280
0
  9
$INTERSECTIONDISPLAY
280
0
  9
$INTERSECTIONCOLOR
 70
257
  9
$DIMASSOC
280
2
  9
$PROJECTNAME
  1

  9
$CAMERADISPLAY
290
0
  9
$LENSLENGTH
 40
50.0
  9
$CAMERAHEIGHT
 40
0.0
  9
$STEPSPERSEC
 40
24.0
  9
$STEPSIZE
 40
100.0
  9
$3DDWFPREC
 40
2.0
  9
$PSOLWIDTH
 40
0.005
  9
$PSOLHEIGHT
 40
0.08
  9
$LOFTANG1
 40
1.570796326795
  9
$LOFTANG2
 40
1.570796326795
  9
$LOFTMAG1
 40
0.0
  9
$LOFTMAG2
 40
0.0
  9
$LOFTPARAM
 70
7
  9
$LOFTNORMALS
280
1
  9
$LATITUDE
 40
37.795
  9
$LONGITUDE
 40
-122.394
  9
$NORTHDIRECTION
 40
0.0
  9
$TIMEZONE
 70
-8000
  9
$LIGHTGLYPHDISPLAY
280
1
  9
$TILEMODELIGHTSYNCH
280
1
  9
$CMATERIAL
347
20
  9
$SOLIDHIST
280
0
  9
$SHOWHIST
280
1
  9
$DWFFRAME
280
2
  9
$DGNFRAME
280
2
  9
$REALWORLDSCALE
290
1
  9
$INTERFERECOLOR
 62
256
  9
$CSHADOW
280
0
  9
$SHADOWPLANELOCATION
 40
0.0
  0
ENDSEC
  0
SECTION
  2
CLASSES
  0
CLASS
  1
ACDBDICTIONARYWDFLT
  2
AcDbDictionaryWithDefault
  3
ObjectDBX Classes
 90
0
 91
0
280
0
281
0
  0
CLASS
  1
SUN
  2
AcDbSun
  3
SCENEOE
 90
1153
 91
0
280
0
281
0
  0
CLASS
  1
VISUALSTYLE
  2
AcDbVisualStyle
  3
ObjectDBX Classes
 90
4095
 91
0
280
0
281
0
  0
CLASS
  1
MATERIAL
  2
AcDbMaterial
  3
ObjectDBX Classes
 90
1153
 91
0
280
0
281
0
  0
CLASS
  1
SCALE
  2
AcDbScale
  3
ObjectDBX Classes
 90
1153
 91
0
280
0
281
0
  0
CLASS
  1
TABLESTYLE
  2
AcDbTableStyle
  3
ObjectDBX Classes
 90
4095
 91
0
280
0
281
0
  0
CLASS
  1
MLEADERSTYLE
  2
AcDbMLeaderStyle
  3
ACDB_MLEADERSTYLE_CLASS
 90
4095
 91
0
280
0
281
0
  0
CLASS
  1
DICTIONARYVAR
  2
AcDbDictionaryVar
  3
ObjectDBX Classes
 90
0
 91
0
280
0
281
0
  0
CLASS
  1
CELLSTYLEMAP
  2
AcDbCellStyleMap
  3
ObjectDBX Classes
 90
1152
 91
0
280
0
281
0
  0
CLASS
  1
MENTALRAYRENDERSETTINGS
  2
AcDbMentalRayRenderSettings
  3
SCENEOE
 90
1024
 91
0
280
0
281
0
  0
CLASS
  1
ACDBDETAILVIEWSTYLE
  2
AcDbDetailViewStyle
  3
ObjectDBX Classes
 90
1025
 91
0
280
0
281
0
  0
CLASS
  1
ACDBSECTIONVIEWSTYLE
  2
AcDbSectionViewStyle
  3
ObjectDBX Classes
 90
1025
 91
0
280
0
281
0
  0
CLASS
  1
RASTERVARIABLES
  2
AcDbRasterVariables
  3
ISM
 90
0
 91
0
280
0
281
0
  0
CLASS
  1
LAYOUT
  2
AcDbLayout
  3
ObjectDBX Classes
 90
0
 91
0
280
0
281
0
  0
CLASS
  1
ACDBPLACEHOLDER
  2
AcDbPlaceHolder
  3
ObjectDBX Classes
 90
0
 91
0
280
0
281
0
  0
ENDSEC
  0
SECTION
  2
TABLES
  0
TABLE
  2
VPORT
  5
8
330
0
100
AcDbSymbolTable
 70
1
  0
VPORT
  5
5C9
330
8
100
AcDbSymbolTableRecord
100
AcDbViewportTableRecord
  2
*Active
 70
0
 10
0.0
 20
0.0
 11
1.0
 21
1.0
 12
0.7419200000000075
 22
0.17584000000000088
 13
0.0
 23
0.0
 14
0.5
 24
0.5
 15
0.5
 25
0.5
 16
0.0
 26
0.0
 36
1.0
 17
0.0
 27
0.0
 37
0.0
 40
87.03879
 41
1.34
 42
50.0
 43
0.0
 44
0.0
 50
0.0
 51
0.0
 71
0
 72
1000
 73
1
 74
3
 75
0
 76
0
 77
0
 78
0
281
0
 65
1
110
0.0
120
0.0
130
0.0
111
1.0
121
0.0
131
0.0
112
0.0
122
1.0
132
0.0
 79
0
146
0.0
  0
ENDTAB
  0
TABLE
  2
LTYPE
  5
2
330
0
100
AcDbSymbolTable
 70
3
  0
LTYPE
  5
24
330
2
100
AcDbSymbolTableRecord
100
AcDbLinetypeTableRecord
  2
ByBlock
 70
0
  3

 72
65
 73
0
 40
0.0
  0
LTYPE
  5
25
330
2
100
AcDbSymbolTableRecord
100
AcDbLinetypeTableRecord
  2
ByLayer
 70
0
  3

 72
65
 73
0
 40
0.0
  0
LTYPE
  5
26
330
2
100
AcDbSymbolTableRecord
100
AcDbLinetypeTableRecord
  2
Continuous
 70
0
  3

 72
65
 73
0
 40
0.0
  0
ENDTAB
  0
TABLE
  2
LAYER
  5
1
330
0
100
AcDbSymbolTable
 70
2
  0
LAYER
  5
27
330
1
100
AcDbSymbolTableRecord
100
AcDbLayerTableRecord
  2
0
 70
0
 62
7
  6
Continuous
370
-3
390
13
347
21
  0
LAYER
  5
28
330
1
100
AcDbSymbolTableRecord
100
AcDbLayerTableRecord
  2
Defpoints
 70
0
 62
7
  6
Continuous
290
0
370
-3
390
13
347
21
  0
ENDTAB
  0
TABLE
  2
STYLE
  5
5
330
0
100
AcDbSymbolTable
 70
1
  0
STYLE
  5
29
330
5
100
AcDbSymbolTableRecord
100
AcDbTextStyleTableRecord
  2
Standard
 70
0
 40
0.0
 41
1.0
 50
0.0
 71
0
 42
2.5
  3
txt
  4

  0
ENDTAB
  0
TABLE
  2
VIEW
  5
7
330
0
100
AcDbSymbolTable
 70
0
  0
ENDTAB
  0
TABLE
  2
UCS
  5
6
330
0
100
AcDbSymbolTable
 70
0
  0
ENDTAB
  0
TABLE
  2
APPID
  5
3
330
0
100
AcDbSymbolTable
 70
3
  0
APPID
  5
2A
330
3
100
AcDbSymbolTableRecord
100
AcDbRegAppTableRecord
  2
ACAD
 70
0
  0
APPID
  5
5CA
330
3
100
AcDbSymbolTableRecord
100
AcDbRegAppTableRecord
  2
HATCHBACKGROUNDCOLOR
 70
0
  0
APPID
  5
5CB
330
3
100
AcDbSymbolTableRecord
100
AcDbRegAppTableRecord
  2
EZDXF
 70
0
  0
ENDTAB
  0
TABLE
  2
DIMSTYLE
  5
4
330
0
100
AcDbSymbolTable
 70
1
100
AcDbDimStyleTable
  0
DIMSTYLE
105
2B
330
4
100
AcDbSymbolTableRecord
100
AcDbDimStyleTableRecord
  2
Standard
 70
0
 40
1.0
 41
2.5
 42
0.625
 43
3.75
 44
1.25
 45
0.0
 46
0.0
 47
0.0
 48
0.0
 49
2.5
140
2.5
141
2.5
142
0.0
143
0.03937007874
144
1.0
145
0.0
146
1.0
147
0.625
148
0.0
 69
0
 70
0
 71
0
 72
0
 73
0
 74
0
 75
0
 76
0
 77
1
 78
8
 79
3
170
0
171
3
172
1
173
0
174
0
175
0
176
0
177
0
178
0
179
2
271
2
272
2
273
2
274
3
275
0
276
0
277
2
278
44
279
0
280
0
281
0
282
0
283
0
284
8
285
0
286
0
288
0
289
3
290
0
371
-2
372
-2
  0
ENDTAB
  0
TABLE
  2
BLOCK_RECORD
  5
9
330
0
100
AcDbSymbolTable
 70
2
  0
BLOCK_RECORD
  5
17
330
9
100
AcDbSymbolTableRecord
100
AcDbBlockTableRecord
  2
*Model_Space
340
1A
 70
0
280
1
281
0
  0
BLOCK_RECORD
  5
1B
330
9
100
AcDbSymbolTableRecord
100
AcDbBlockTableRecord
  2
*Paper_Space
340
1E
 70
0
280
1
281
0
  0
ENDTAB
  0
ENDSEC
  0
SECTION
  2
BLOCKS
  0
BLOCK
  5
18
330
17
100
AcDbEntity
  8
0
100
AcDbBlockBegin
  2
*Model_Space
 70
0
 10
0.0
 20
0.0
 30
0.0
  3
*Model_Space
  1

  0
ENDBLK
  5
19
330
17
100
AcDbEntity
  8
0
100
AcDbBlockEnd
  0
BLOCK
  5
1C
330
1B
100
AcDbEntity
  8
0
100
AcDbBlockBegin
  2
*Paper_Space
 70
0
 10
0.0
 20
0.0
 30
0.0
  3
*Paper_Space
  1

  0
ENDBLK
  5
1D
330
1B
100
AcDbEntity
  8
0
100
AcDbBlockEnd
  0
ENDSEC
  0
SECTION
  2
ENTITIES
  0
LINE
  5
2F
330
17
100
AcDbEntity
  8
0
100
AcDbLine
 10
29.70136
 20
-11.4792
 30
0.0
 11
30.07261
 21
-10.89898
 31
0.0
  0
LINE
  5
30
330
17
100
AcDbEntity
  8
0
100
AcDbLine
 10
29.32031
 20
-11.964
 30
0.0
 11
29.70136
 21
-11.4792
 31
0.0
  0
LINE
  5
31
330
17
100
AcDbEntity
  8
0
100
AcDbLine
 10
30.07261
 20
-10.89898
 30
0.0
 11
30.41672
 21
-10.22493
 31
0.0
  0
LINE
  5
32
330
17
100
AcDbEntity
  8
0
100
AcDbLine
 10
28.96988
 20
-12.33765
 30
0.0
 11
29.32031
 21
-11.964
 31
0.0
  0
LINE
  5
33
330
17
100
AcDbEntity
  8
0
100
AcDbLine
 10
30.41672
 20
-10.22493
 30
0.0
 11
30.73239
 21
-9.427240000000001
 31
0.0
  0
LINE
  5
34
330
17
100
AcDbEntity
  8
0
100
AcDbLine
 10
28.47304
 20
-12.776340000000001
 30
0.0
 11
28.96988
 21
-12.33765
 31
0.0
  0
LINE
  5
35
330
17
100
AcDbEntity
  8
0
100
AcDbLine
 10
30.73239
 20
-9.427240000000001
 30
0.0
 11
30.85156
 21
-9.05775
 31
0.0
  0
LINE
  5
36
330
17
100
AcDbEntity
  8
0
100
AcDbLine
 10
27.932309999999998
 20
-13.15963
 30
0.0
 11
28.47304
 21
-12.776340000000001
 31
0.0
  0
LINE
  5
37
330
17
100
AcDbEntity
  8
0
100
AcDbLine
 10
30.85156
 20
-9.05775
 30
0.0
 11
31.11601
 21
-7.9810300000000005
 31
0.0
  0
LINE
  5
38
330
17
100
AcDbEntity
  8
0
100
AcDbLine
 10
27.353849999999998
 20
-13.48319
 30
0.0
 11
27.932309999999998
 21
-13.15963
 31
0.0
  0
LINE
  5
39
330
17
100
AcDbEntity
  8
0
100
AcDbLine
 10
31.11601
 20
-7.9810300000000005
 30
0.0
 11
31.29227
 21
-6.77704
 31
0.0
  0
LINE
  5
3A
330
17
100
AcDbEntity
  8
0
100
AcDbLine
 10
26.88541
 20
-13.690560000000001
 30
0.0
 11
27.353849999999998
 21
-13.48319
 31
0.0
  0
LINE
  5
3B
330
17
100
AcDbEntity
  8
0
100
AcDbLine
 10
31.29227
 20
-6.77704
 30
0.0
 11
31.380209999999998
 21
-4.964
 31
0.0
  0
LINE
  5
3C
330
17
100
AcDbEntity
  8
0
100
AcDbLine
 10
26.344469999999998
 20
-13.88148
 30
0.0
 11
26.88541
 21
-13.690560000000001
 31
0.0
  0
LINE
  5
3D
330
17
100
AcDbEntity
  8
0
100
AcDbLine
 10
31.380209999999998
 20
-4.964
 30
0.0
 11
31.29673
 21
-3.1460100000000004
 31
0.0
  0
LINE
  5
3E
330
17
100
AcDbEntity
  8
0
100
AcDbLine
 10
25.59626
 20
-14.07313
 30
0.0
 11
26.344469999999998
 21
-13.88148
 31
0.0
  0
LINE
  5
3F
330
17
100
AcDbEntity
  8
0
100
AcDbLine
 10
31.29673
 20
-3.1460100000000004
 30
0.0
 11
31.10588
 21
-1.8170800000000007
 31
0.0
  0
LINE
  5
40
330
17
100
AcDbEntity
  8
0
100
AcDbLine
 10
24.740740000000002
 20
-14.204970000000001
 30
0.0
 11
25.59626
 21
-14.07313
 31
0.0
  0
LINE
  5
41
330
17
100
AcDbEntity
  8
0
100
AcDbLine
 10
31.10588
 20
-1.8170800000000007
 30
0.0
 11
30.8531
 21
-0.7793600000000005
 31
0.0
  0
LINE
  5
42
330
17
100
AcDbEntity
  8
0
100
AcDbLine
 10
23.64583
 20
-14.26087
 30
0.0
 11
24.740740000000002
 21
-14.204970000000001
 31
0.0
  0
LINE
  5
43
330
17
100
AcDbEntity
  8
0
100
AcDbLine
 10
30.8531
 20
-0.7793600000000005
 30
0.0
 11
30.56182
 21
0.054789999999998784
 31
0.0
  0
LINE
  5
44
330
17
100
AcDbEntity
  8
0
100
AcDbLine
 10
22.87594
 20
-14.23659
 30
0.0
 11
23.64583
 21
-14.26087
 31
0.0
  0
LINE
  5
45
330
17
100
AcDbEntity
  8
0
100
AcDbLine
 10
30.56182
 20
0.054789999999998784
 30
0.0
 11
30.243570000000002
 21
0.7424999999999997
 31
0.0
  0
LINE
  5
46
330
17
100
AcDbEntity
  8
0
100
AcDbLine
 10
21.939429999999998
 20
-14.13337
 30
0.0
 11
22.87594
 21
-14.23659
 31
0.0
  0
LINE
  5
47
330
17
100
AcDbEntity
  8
0
100
AcDbLine
 10
30.243570000000002
 20
0.7424999999999997
 30
0.0
 11
29.90311
 21
1.3219399999999997
 31
0.0
  0
LINE
  5
48
330
17
100
AcDbEntity
  8
0
100
AcDbLine
 10
21.137809999999998
 20
-13.96755
 30
0.0
 11
21.939429999999998
 21
-14.13337
 31
0.0
  0
LINE
  5
49
330
17
100
AcDbEntity
  8
0
100
AcDbLine
 10
29.90311
 20
1.3219399999999997
 30
0.0
 11
29.54273
 21
1.8171700000000008
 31
0.0
  0
LINE
  5
4A
330
17
100
AcDbEntity
  8
0
100
AcDbLine
 10
20.4372
 20
-13.75069
 30
0.0
 11
21.137809999999998
 21
-13.96755
 31
0.0
  0
LINE
  5
4B
330
17
100
AcDbEntity
  8
0
100
AcDbLine
 10
29.54273
 20
1.8171700000000008
 30
0.0
 11
29.40104
 21
1.9865199999999987
 31
0.0
  0
LINE
  5
4C
330
17
100
AcDbEntity
  8
0
100
AcDbLine
 10
19.81296
 20
-13.488010000000001
 30
0.0
 11
20.4372
 21
-13.75069
 31
0.0
  0
LINE
  5
4D
330
17
100
AcDbEntity
  8
0
100
AcDbLine
 10
29.40104
 20
1.9865199999999987
 30
0.0
 11
28.98264
 21
2.4229199999999995
 31
0.0
  0
LINE
  5
4E
330
17
100
AcDbEntity
  8
0
100
AcDbLine
 10
19.24667
 20
-13.17976
 30
0.0
 11
19.81296
 21
-13.488010000000001
 31
0.0
  0
LINE
  5
4F
330
17
100
AcDbEntity
  8
0
100
AcDbLine
 10
28.98264
 20
2.4229199999999995
 30
0.0
 11
28.50308
 21
2.830379999999998
 31
0.0
  0
LINE
  5
50
330
17
100
AcDbEntity
  8
0
100
AcDbLine
 10
18.7242
 20
-12.82173
 30
0.0
 11
19.24667
 21
-13.17976
 31
0.0
  0
LINE
  5
51
330
17
100
AcDbEntity
  8
0
100
AcDbLine
 10
28.50308
 20
2.830379999999998
 30
0.0
 11
27.98808
 21
3.18286
 31
0.0
  0
LINE
  5
52
330
17
100
AcDbEntity
  8
0
100
AcDbLine
 10
18.2354
 20
-12.40562
 30
0.0
 11
18.7242
 21
-12.82173
 31
0.0
  0
LINE
  5
53
330
17
100
AcDbEntity
  8
0
100
AcDbLine
 10
27.98808
 20
3.18286
 30
0.0
 11
27.427130000000002
 21
3.4880499999999994
 31
0.0
  0
LINE
  5
54
330
17
100
AcDbEntity
  8
0
100
AcDbLine
 10
17.8125
 20
-11.964
 30
0.0
 11
18.2354
 21
-12.40562
 31
0.0
  0
LINE
  5
55
330
17
100
AcDbEntity
  8
0
100
AcDbLine
 10
27.427130000000002
 20
3.4880499999999994
 30
0.0
 11
26.805780000000002
 21
3.7495899999999995
 31
0.0
  0
LINE
  5
56
330
17
100
AcDbEntity
  8
0
100
AcDbLine
 10
17.66987
 20
-11.79355
 30
0.0
 11
17.8125
 21
-11.964
 31
0.0
  0
LINE
  5
57
330
17
100
AcDbEntity
  8
0
100
AcDbLine
 10
26.805780000000002
 20
3.7495899999999995
 30
0.0
 11
26.10504
 21
3.9668199999999985
 31
0.0
  0
LINE
  5
58
330
17
100
AcDbEntity
  8
0
100
AcDbLine
 10
17.30624
 20
-11.293890000000001
 30
0.0
 11
17.66987
 21
-11.79355
 31
0.0
  0
LINE
  5
59
330
17
100
AcDbEntity
  8
0
100
AcDbLine
 10
26.10504
 20
3.9668199999999985
 30
0.0
 11
25.29932
 21
4.134129999999997
 31
0.0
  0
LINE
  5
5A
330
17
100
AcDbEntity
  8
0
100
AcDbLine
 10
16.96286
 20
-10.709520000000001
 30
0.0
 11
17.30624
 21
-11.293890000000001
 31
0.0
  0
LINE
  5
5B
330
17
100
AcDbEntity
  8
0
100
AcDbLine
 10
25.29932
 20
4.134129999999997
 30
0.0
 11
24.35319
 21
4.2394300000000005
 31
0.0
  0
LINE
  5
5C
330
17
100
AcDbEntity
  8
0
100
AcDbLine
 10
16.64199
 20
-10.01623
 30
0.0
 11
16.96286
 21
-10.709520000000001
 31
0.0
  0
LINE
  5
5D
330
17
100
AcDbEntity
  8
0
100
AcDbLine
 10
24.35319
 20
4.2394300000000005
 30
0.0
 11
23.55208
 21
4.26516
 31
0.0
  0
LINE
  5
5E
330
17
100
AcDbEntity
  8
0
100
AcDbLine
 10
16.34845
 20
-9.17569
 30
0.0
 11
16.64199
 21
-10.01623
 31
0.0
  0
LINE
  5
5F
330
17
100
AcDbEntity
  8
0
100
AcDbLine
 10
23.55208
 20
4.26516
 30
0.0
 11
22.44289
 21
4.208530000000001
 31
0.0
  0
LINE
  5
60
330
17
100
AcDbEntity
  8
0
100
AcDbLine
 10
16.093819999999997
 20
-8.130510000000001
 30
0.0
 11
16.34845
 21
-9.17569
 31
0.0
  0
LINE
  5
61
330
17
100
AcDbEntity
  8
0
100
AcDbLine
 10
22.44289
 20
4.208530000000001
 30
0.0
 11
21.579060000000002
 21
4.075379999999997
 31
0.0
  0
LINE
  5
62
330
17
100
AcDbEntity
  8
0
100
AcDbLine
 10
15.90168
 20
-6.7927
 30
0.0
 11
16.093819999999997
 21
-8.130510000000001
 31
0.0
  0
LINE
  5
63
330
17
100
AcDbEntity
  8
0
100
AcDbLine
 10
21.579060000000002
 20
4.075379999999997
 30
0.0
 11
20.82513
 21
3.8822600000000005
 31
0.0
  0
LINE
  5
64
330
17
100
AcDbEntity
  8
0
100
AcDbLine
 10
15.8177
 20
-4.964
 30
0.0
 11
15.90168
 21
-6.7927
 31
0.0
  0
LINE
  5
65
330
17
100
AcDbEntity
  8
0
100
AcDbLine
 10
20.82513
 20
3.8822600000000005
 30
0.0
 11
20.31249
 21
3.702659999999998
 31
0.0
  0
LINE
  5
66
330
17
100
AcDbEntity
  8
0
100
AcDbLine
 10
15.909429999999999
 20
-3.117190000000001
 30
0.0
 11
15.8177
 21
-4.964
 31
0.0
  0
LINE
  5
67
330
17
100
AcDbEntity
  8
0
100
AcDbLine
 10
20.31249
 20
3.702659999999998
 30
0.0
 11
19.84468
 21
3.498339999999999
 31
0.0
  0
LINE
  5
68
330
17
100
AcDbEntity
  8
0
100
AcDbLine
 10
16.08511
 20
-1.9384099999999993
 30
0.0
 11
15.909429999999999
 21
-3.117190000000001
 31
0.0
  0
LINE
  5
69
330
17
100
AcDbEntity
  8
0
100
AcDbLine
 10
19.84468
 20
3.498339999999999
 30
0.0
 11
19.26661
 21
3.1788799999999995
 31
0.0
  0
LINE
  5
6A
330
17
100
AcDbEntity
  8
0
100
AcDbLine
 10
16.346349999999997
 20
-0.8858800000000002
 30
0.0
 11
16.08511
 21
-1.9384099999999993
 31
0.0
  0
LINE
  5
6B
330
17
100
AcDbEntity
  8
0
100
AcDbLine
 10
19.26661
 20
3.1788799999999995
 30
0.0
 11
18.725849999999998
 21
2.7996599999999994
 31
0.0
  0
LINE
  5
6C
330
17
100
AcDbEntity
  8
0
100
AcDbLine
 10
16.4682
 20
-0.5119799999999994
 30
0.0
 11
16.346349999999997
 21
-0.8858800000000002
 31
0.0
  0
LINE
  5
6D
330
17
100
AcDbEntity
  8
0
100
AcDbLine
 10
18.725849999999998
 20
2.7996599999999994
 30
0.0
 11
18.22856
 21
2.3649999999999984
 31
0.0
  0
LINE
  5
6E
330
17
100
AcDbEntity
  8
0
100
AcDbLine
 10
16.782519999999998
 20
0.27376999999999896
 30
0.0
 11
16.4682
 21
-0.5119799999999994
 31
0.0
  0
LINE
  5
6F
330
17
100
AcDbEntity
  8
0
100
AcDbLine
 10
18.22856
 20
2.3649999999999984
 30
0.0
 11
17.8776
 21
1.9943299999999997
 31
0.0
  0
LINE
  5
70
330
17
100
AcDbEntity
  8
0
100
AcDbLine
 10
17.12545
 20
0.9391400000000001
 30
0.0
 11
16.782519999999998
 21
0.27376999999999896
 31
0.0
  0
LINE
  5
71
330
17
100
AcDbEntity
  8
0
100
AcDbLine
 10
17.8776
 20
1.9943299999999997
 30
0.0
 11
17.49588
 21
1.51295
 31
0.0
  0
LINE
  5
72
330
17
100
AcDbEntity
  8
0
100
AcDbLine
 10
17.49588
 20
1.51295
 30
0.0
 11
17.12545
 21
0.9391400000000001
 31
0.0
  0
LINE
  5
73
330
17
100
AcDbEntity
  8
0
100
AcDbLine
 10
27.130209999999998
 20
0.6271400000000007
 30
0.0
 11
27.37273
 21
0.14743999999999957
 31
0.0
  0
LINE
  5
74
330
17
100
AcDbEntity
  8
0
100
AcDbLine
 10
27.01997
 20
0.8089899999999997
 30
0.0
 11
27.130209999999998
 21
0.6271400000000007
 31
0.0
  0
LINE
  5
75
330
17
100
AcDbEntity
  8
0
100
AcDbLine
 10
26.79255
 20
1.1293000000000006
 30
0.0
 11
27.01997
 21
0.8089899999999997
 31
0.0
  0
LINE
  5
76
330
17
100
AcDbEntity
  8
0
100
AcDbLine
 10
26.55175
 20
1.4059100000000004
 30
0.0
 11
26.79255
 21
1.1293000000000006
 31
0.0
  0
LINE
  5
77
330
17
100
AcDbEntity
  8
0
100
AcDbLine
 10
26.29429
 20
1.6474899999999995
 30
0.0
 11
26.55175
 21
1.4059100000000004
 31
0.0
  0
LINE
  5
78
330
17
100
AcDbEntity
  8
0
100
AcDbLine
 10
26.015340000000002
 20
1.8598
 30
0.0
 11
26.29429
 21
1.6474899999999995
 31
0.0
  0
LINE
  5
79
330
17
100
AcDbEntity
  8
0
100
AcDbLine
 10
25.73177
 20
2.033389999999999
 30
0.0
 11
26.015340000000002
 21
1.8598
 31
0.0
  0
LINE
  5
7A
330
17
100
AcDbEntity
  8
0
100
AcDbLine
 10
25.4125
 20
2.1862399999999997
 30
0.0
 11
25.73177
 21
2.033389999999999
 31
0.0
  0
LINE
  5
7B
330
17
100
AcDbEntity
  8
0
100
AcDbLine
 10
25.076230000000002
 20
2.3068100000000005
 30
0.0
 11
25.4125
 21
2.1862399999999997
 31
0.0
  0
LINE
  5
7C
330
17
100
AcDbEntity
  8
0
100
AcDbLine
 10
24.6853
 20
2.4051799999999997
 30
0.0
 11
25.076230000000002
 21
2.3068100000000005
 31
0.0
  0
LINE
  5
7D
330
17
100
AcDbEntity
  8
0
100
AcDbLine
 10
24.22026
 20
2.4750099999999993
 30
0.0
 11
24.6853
 21
2.4051799999999997
 31
0.0
  0
LINE
  5
7E
330
17
100
AcDbEntity
  8
0
100
AcDbLine
 10
23.61458
 20
2.5047499999999996
 30
0.0
 11
24.22026
 21
2.4750099999999993
 31
0.0
  0
LINE
  5
7F
330
17
100
AcDbEntity
  8
0
100
AcDbLine
 10
23.01235
 20
2.475199999999999
 30
0.0
 11
23.61458
 21
2.5047499999999996
 31
0.0
  0
LINE
  5
80
330
17
100
AcDbEntity
  8
0
100
AcDbLine
 10
22.558539999999997
 20
2.407819999999999
 30
0.0
 11
23.01235
 21
2.475199999999999
 31
0.0
  0
LINE
  5
81
330
17
100
AcDbEntity
  8
0
100
AcDbLine
 10
22.16661
 20
2.3108900000000006
 30
0.0
 11
22.558539999999997
 21
2.407819999999999
 31
0.0
  0
LINE
  5
82
330
17
100
AcDbEntity
  8
0
100
AcDbLine
 10
21.82164
 20
2.1891
 30
0.0
 11
22.16661
 21
2.3108900000000006
 31
0.0
  0
LINE
  5
83
330
17
100
AcDbEntity
  8
0
100
AcDbLine
 10
21.49218
 20
2.033389999999999
 30
0.0
 11
21.82164
 21
2.1891
 31
0.0
  0
LINE
  5
84
330
17
100
AcDbEntity
  8
0
100
AcDbLine
 10
21.37188
 20
1.9652399999999997
 30
0.0
 11
21.49218
 21
2.033389999999999
 31
0.0
  0
LINE
  5
85
330
17
100
AcDbEntity
  8
0
100
AcDbLine
 10
21.07895
 20
1.7702100000000005
 30
0.0
 11
21.37188
 21
1.9652399999999997
 31
0.0
  0
LINE
  5
86
330
17
100
AcDbEntity
  8
0
100
AcDbLine
 10
20.800659999999997
 20
1.5391999999999992
 30
0.0
 11
21.07895
 21
1.7702100000000005
 31
0.0
  0
LINE
  5
87
330
17
100
AcDbEntity
  8
0
100
AcDbLine
 10
20.53335
 20
1.263630000000001
 30
0.0
 11
20.800659999999997
 21
1.5391999999999992
 31
0.0
  0
LINE
  5
88
330
17
100
AcDbEntity
  8
0
100
AcDbLine
 10
20.30368
 20
0.971820000000001
 30
0.0
 11
20.53335
 21
1.263630000000001
 31
0.0
  0
LINE
  5
89
330
17
100
AcDbEntity
  8
0
100
AcDbLine
 10
20.08333
 20
0.6271400000000007
 30
0.0
 11
20.30368
 21
0.971820000000001
 31
0.0
  0
LINE
  5
8A
330
17
100
AcDbEntity
  8
0
100
AcDbLine
 10
19.96327
 20
0.4048999999999996
 30
0.0
 11
20.08333
 21
0.6271400000000007
 31
0.0
  0
LINE
  5
8B
330
17
100
AcDbEntity
  8
0
100
AcDbLine
 10
19.73973
 20
-0.09403000000000006
 30
0.0
 11
19.96327
 21
0.4048999999999996
 31
0.0
  0
LINE
  5
8C
330
17
100
AcDbEntity
  8
0
100
AcDbLine
 10
19.52217
 20
-0.739279999999999
 30
0.0
 11
19.73973
 21
-0.09403000000000006
 31
0.0
  0
LINE
  5
8D
330
17
100
AcDbEntity
  8
0
100
AcDbLine
 10
19.30208
 20
-1.7088
 30
0.0
 11
19.52217
 21
-0.739279999999999
 31
0.0
  0
LINE
  5
8E
330
17
100
AcDbEntity
  8
0
100
AcDbLine
 10
19.118489999999998
 20
-3.2231200000000015
 30
0.0
 11
19.30208
 21
-1.7088
 31
0.0
  0
LINE
  5
8F
330
17
100
AcDbEntity
  8
0
100
AcDbLine
 10
19.057290000000002
 20
-4.964
 30
0.0
 11
19.118489999999998
 21
-3.2231200000000015
 31
0.0
  0
LINE
  5
90
330
17
100
AcDbEntity
  8
0
100
AcDbLine
 10
19.11653
 20
-6.708800000000001
 30
0.0
 11
19.057290000000002
 21
-4.964
 31
0.0
  0
LINE
  5
91
330
17
100
AcDbEntity
  8
0
100
AcDbLine
 10
19.294269999999997
 20
-8.23484
 30
0.0
 11
19.11653
 21
-6.708800000000001
 31
0.0
  0
LINE
  5
92
330
17
100
AcDbEntity
  8
0
100
AcDbLine
 10
19.41923
 20
-8.86244
 30
0.0
 11
19.294269999999997
 21
-8.23484
 31
0.0
  0
LINE
  5
93
330
17
100
AcDbEntity
  8
0
100
AcDbLine
 10
19.61386
 20
-9.5592
 30
0.0
 11
19.41923
 21
-8.86244
 31
0.0
  0
LINE
  5
94
330
17
100
AcDbEntity
  8
0
100
AcDbLine
 10
19.8239
 20
-10.11228
 30
0.0
 11
19.61386
 21
-9.5592
 31
0.0
  0
LINE
  5
95
330
17
100
AcDbEntity
  8
0
100
AcDbLine
 10
20.067700000000002
 20
-10.60463
 30
0.0
 11
19.8239
 21
-10.11228
 31
0.0
  0
LINE
  5
96
330
17
100
AcDbEntity
  8
0
100
AcDbLine
 10
20.16978
 20
-10.777040000000001
 30
0.0
 11
20.067700000000002
 21
-10.60463
 31
0.0
  0
LINE
  5
97
330
17
100
AcDbEntity
  8
0
100
AcDbLine
 10
20.39959
 20
-11.10961
 30
0.0
 11
20.16978
 21
-10.777040000000001
 31
0.0
  0
LINE
  5
98
330
17
100
AcDbEntity
  8
0
100
AcDbLine
 10
20.642480000000003
 20
-11.39611
 30
0.0
 11
20.39959
 21
-11.10961
 31
0.0
  0
LINE
  5
99
330
17
100
AcDbEntity
  8
0
100
AcDbLine
 10
20.90155
 20
-11.64581
 30
0.0
 11
20.642480000000003
 21
-11.39611
 31
0.0
  0
LINE
  5
9A
330
17
100
AcDbEntity
  8
0
100
AcDbLine
 10
21.181459999999998
 20
-11.864980000000001
 30
0.0
 11
20.90155
 21
-11.64581
 31
0.0
  0
LINE
  5
9B
330
17
100
AcDbEntity
  8
0
100
AcDbLine
 10
21.466140000000003
 20
-12.04472
 30
0.0
 11
21.181459999999998
 21
-11.864980000000001
 31
0.0
  0
LINE
  5
9C
330
17
100
AcDbEntity
  8
0
100
AcDbLine
 10
21.52421
 20
-12.076740000000001
 30
0.0
 11
21.466140000000003
 21
-12.04472
 31
0.0
  0
LINE
  5
9D
330
17
100
AcDbEntity
  8
0
100
AcDbLine
 10
21.81699
 20
-12.21601
 30
0.0
 11
21.52421
 21
-12.076740000000001
 31
0.0
  0
LINE
  5
9E
330
17
100
AcDbEntity
  8
0
100
AcDbLine
 10
22.149140000000003
 20
-12.33576
 30
0.0
 11
21.81699
 21
-12.21601
 31
0.0
  0
LINE
  5
9F
330
17
100
AcDbEntity
  8
0
100
AcDbLine
 10
22.53314
 20
-12.433060000000001
 30
0.0
 11
22.149140000000003
 21
-12.33576
 31
0.0
  0
LINE
  5
A0
330
17
100
AcDbEntity
  8
0
100
AcDbLine
 10
22.98713
 20
-12.50198
 30
0.0
 11
22.53314
 21
-12.433060000000001
 31
0.0
  0
LINE
  5
A1
330
17
100
AcDbEntity
  8
0
100
AcDbLine
 10
23.58333
 20
-12.5317
 30
0.0
 11
22.98713
 21
-12.50198
 31
0.0
  0
LINE
  5
A2
330
17
100
AcDbEntity
  8
0
100
AcDbLine
 10
23.72858
 20
-12.53004
 30
0.0
 11
23.58333
 21
-12.5317
 31
0.0
  0
LINE
  5
A3
330
17
100
AcDbEntity
  8
0
100
AcDbLine
 10
24.24108
 20
-12.495280000000001
 30
0.0
 11
23.72858
 21
-12.53004
 31
0.0
  0
LINE
  5
A4
330
17
100
AcDbEntity
  8
0
100
AcDbLine
 10
24.67641
 20
-12.42449
 30
0.0
 11
24.24108
 21
-12.495280000000001
 31
0.0
  0
LINE
  5
A5
330
17
100
AcDbEntity
  8
0
100
AcDbLine
 10
25.05423
 20
-12.325330000000001
 30
0.0
 11
24.67641
 21
-12.42449
 31
0.0
  0
LINE
  5
A6
330
17
100
AcDbEntity
  8
0
100
AcDbLine
 10
25.38839
 20
-12.20184
 30
0.0
 11
25.05423
 21
-12.325330000000001
 31
0.0
  0
LINE
  5
A7
330
17
100
AcDbEntity
  8
0
100
AcDbLine
 10
25.70833
 20
-12.04472
 30
0.0
 11
25.38839
 21
-12.20184
 31
0.0
  0
LINE
  5
A8
330
17
100
AcDbEntity
  8
0
100
AcDbLine
 10
25.78709
 20
-11.99928
 30
0.0
 11
25.70833
 21
-12.04472
 31
0.0
  0
LINE
  5
A9
330
17
100
AcDbEntity
  8
0
100
AcDbLine
 10
26.087909999999997
 20
-11.79853
 30
0.0
 11
25.78709
 21
-11.99928
 31
0.0
  0
LINE
  5
AA
330
17
100
AcDbEntity
  8
0
100
AcDbLine
 10
26.37536
 20
-11.55918
 30
0.0
 11
26.087909999999997
 21
-11.79853
 31
0.0
  0
LINE
  5
AB
330
17
100
AcDbEntity
  8
0
100
AcDbLine
 10
26.65306
 20
-11.271740000000001
 30
0.0
 11
26.37536
 21
-11.55918
 31
0.0
  0
LINE
  5
AC
330
17
100
AcDbEntity
  8
0
100
AcDbLine
 10
26.8919
 20
-10.9669
 30
0.0
 11
26.65306
 21
-11.271740000000001
 31
0.0
  0
LINE
  5
AD
330
17
100
AcDbEntity
  8
0
100
AcDbLine
 10
27.12239
 20
-10.60463
 30
0.0
 11
26.8919
 21
-10.9669
 31
0.0
  0
LINE
  5
AE
330
17
100
AcDbEntity
  8
0
100
AcDbLine
 10
27.24402
 20
-10.37847
 30
0.0
 11
27.12239
 21
-10.60463
 31
0.0
  0
LINE
  5
AF
330
17
100
AcDbEntity
  8
0
100
AcDbLine
 10
27.47153
 20
-9.868360000000001
 30
0.0
 11
27.24402
 21
-10.37847
 31
0.0
  0
LINE
  5
B0
330
17
100
AcDbEntity
  8
0
100
AcDbLine
 10
27.69144
 20
-9.212240000000001
 30
0.0
 11
27.47153
 21
-9.868360000000001
 31
0.0
  0
LINE
  5
B1
330
17
100
AcDbEntity
  8
0
100
AcDbLine
 10
27.911450000000002
 20
-8.23484
 30
0.0
 11
27.69144
 21
-9.212240000000001
 31
0.0
  0
LINE
  5
B2
330
17
100
AcDbEntity
  8
0
100
AcDbLine
 10
28.09505
 20
-6.708800000000001
 30
0.0
 11
27.911450000000002
 21
-8.23484
 31
0.0
  0
LINE
  5
B3
330
17
100
AcDbEntity
  8
0
100
AcDbLine
 10
28.15625
 20
-4.964
 30
0.0
 11
28.09505
 21
-6.708800000000001
 31
0.0
  0
LINE
  5
B4
330
17
100
AcDbEntity
  8
0
100
AcDbLine
 10
28.09505
 20
-3.2231200000000015
 30
0.0
 11
28.15625
 21
-4.964
 31
0.0
  0
LINE
  5
B5
330
17
100
AcDbEntity
  8
0
100
AcDbLine
 10
27.911450000000002
 20
-1.7088
 30
0.0
 11
28.09505
 21
-3.2231200000000015
 31
0.0
  0
LINE
  5
B6
330
17
100
AcDbEntity
  8
0
100
AcDbLine
 10
27.780160000000002
 20
-1.0755
 30
0.0
 11
27.911450000000002
 21
-1.7088
 31
0.0
  0
LINE
  5
B7
330
17
100
AcDbEntity
  8
0
100
AcDbLine
 10
27.58313
 20
-0.39278999999999975
 30
0.0
 11
27.780160000000002
 21
-1.0755
 31
0.0
  0
LINE
  5
B8
330
17
100
AcDbEntity
  8
0
100
AcDbLine
 10
27.37273
 20
0.14743999999999957
 30
0.0
 11
27.58313
 21
-0.39278999999999975
 31
0.0
  0
LINE
  5
B9
330
17
100
AcDbEntity
  8
0
100
AcDbLine
 10
-54.403800000000004
 20
4.134129999999997
 30
0.0
 11
-55.34993
 21
4.2394300000000005
 31
0.0
  0
LINE
  5
BA
330
17
100
AcDbEntity
  8
0
100
AcDbLine
 10
-53.59807
 20
3.9668199999999985
 30
0.0
 11
-54.403800000000004
 21
4.134129999999997
 31
0.0
  0
LINE
  5
BB
330
17
100
AcDbEntity
  8
0
100
AcDbLine
 10
-55.34993
 20
4.2394300000000005
 30
0.0
 11
-56.15104
 21
4.26516
 31
0.0
  0
LINE
  5
BC
330
17
100
AcDbEntity
  8
0
100
AcDbLine
 10
-52.89734
 20
3.7495899999999995
 30
0.0
 11
-53.59807
 21
3.9668199999999985
 31
0.0
  0
LINE
  5
BD
330
17
100
AcDbEntity
  8
0
100
AcDbLine
 10
-56.15104
 20
4.26516
 30
0.0
 11
-57.260220000000004
 21
4.208530000000001
 31
0.0
  0
LINE
  5
BE
330
17
100
AcDbEntity
  8
0
100
AcDbLine
 10
-52.27599
 20
3.4880499999999994
 30
0.0
 11
-52.89734
 21
3.7495899999999995
 31
0.0
  0
LINE
  5
BF
330
17
100
AcDbEntity
  8
0
100
AcDbLine
 10
-57.260220000000004
 20
4.208530000000001
 30
0.0
 11
-58.12406
 21
4.075379999999997
 31
0.0
  0
LINE
  5
C0
330
17
100
AcDbEntity
  8
0
100
AcDbLine
 10
-51.715039999999995
 20
3.18286
 30
0.0
 11
-52.27599
 21
3.4880499999999994
 31
0.0
  0
LINE
  5
C1
330
17
100
AcDbEntity
  8
0
100
AcDbLine
 10
-58.12406
 20
4.075379999999997
 30
0.0
 11
-58.87799
 21
3.8822600000000005
 31
0.0
  0
LINE
  5
C2
330
17
100
AcDbEntity
  8
0
100
AcDbLine
 10
-51.20003
 20
2.830379999999998
 30
0.0
 11
-51.715039999999995
 21
3.18286
 31
0.0
  0
LINE
  5
C3
330
17
100
AcDbEntity
  8
0
100
AcDbLine
 10
-58.87799
 20
3.8822600000000005
 30
0.0
 11
-59.39062
 21
3.702659999999998
 31
0.0
  0
LINE
  5
C4
330
17
100
AcDbEntity
  8
0
100
AcDbLine
 10
-50.720479999999995
 20
2.4229199999999995
 30
0.0
 11
-51.20003
 21
2.830379999999998
 31
0.0
  0
LINE
  5
C5
330
17
100
AcDbEntity
  8
0
100
AcDbLine
 10
-59.39062
 20
3.702659999999998
 30
0.0
 11
-59.85844
 21
3.498339999999999
 31
0.0
  0
LINE
  5
C6
330
17
100
AcDbEntity
  8
0
100
AcDbLine
 10
-50.30208
 20
1.9865199999999987
 30
0.0
 11
-50.720479999999995
 21
2.4229199999999995
 31
0.0
  0
LINE
  5
C7
330
17
100
AcDbEntity
  8
0
100
AcDbLine
 10
-59.85844
 20
3.498339999999999
 30
0.0
 11
-60.43651
 21
3.1788799999999995
 31
0.0
  0
LINE
  5
C8
330
17
100
AcDbEntity
  8
0
100
AcDbLine
 10
-50.16039
 20
1.8171700000000008
 30
0.0
 11
-50.30208
 21
1.9865199999999987
 31
0.0
  0
LINE
  5
C9
330
17
100
AcDbEntity
  8
0
100
AcDbLine
 10
-60.43651
 20
3.1788799999999995
 30
0.0
 11
-60.97727
 21
2.7996599999999994
 31
0.0
  0
LINE
  5
CA
330
17
100
AcDbEntity
  8
0
100
AcDbLine
 10
-49.80001
 20
1.3219399999999997
 30
0.0
 11
-50.16039
 21
1.8171700000000008
 31
0.0
  0
LINE
  5
CB
330
17
100
AcDbEntity
  8
0
100
AcDbLine
 10
-60.97727
 20
2.7996599999999994
 30
0.0
 11
-61.47456
 21
2.3649999999999984
 31
0.0
  0
LINE
  5
CC
330
17
100
AcDbEntity
  8
0
100
AcDbLine
 10
-49.45955
 20
0.7424999999999997
 30
0.0
 11
-49.80001
 21
1.3219399999999997
 31
0.0
  0
LINE
  5
CD
330
17
100
AcDbEntity
  8
0
100
AcDbLine
 10
-61.47456
 20
2.3649999999999984
 30
0.0
 11
-61.825520000000004
 21
1.9943299999999997
 31
0.0
  0
LINE
  5
CE
330
17
100
AcDbEntity
  8
0
100
AcDbLine
 10
-49.1413
 20
0.054789999999998784
 30
0.0
 11
-49.45955
 21
0.7424999999999997
 31
0.0
  0
LINE
  5
CF
330
17
100
AcDbEntity
  8
0
100
AcDbLine
 10
-61.825520000000004
 20
1.9943299999999997
 30
0.0
 11
-62.20724
 21
1.51295
 31
0.0
  0
LINE
  5
D0
330
17
100
AcDbEntity
  8
0
100
AcDbLine
 10
-48.85002
 20
-0.7793600000000005
 30
0.0
 11
-49.1413
 21
0.054789999999998784
 31
0.0
  0
LINE
  5
D1
330
17
100
AcDbEntity
  8
0
100
AcDbLine
 10
-62.20724
 20
1.51295
 30
0.0
 11
-62.577670000000005
 21
0.9391400000000001
 31
0.0
  0
LINE
  5
D2
330
17
100
AcDbEntity
  8
0
100
AcDbLine
 10
-48.59724
 20
-1.8170800000000007
 30
0.0
 11
-48.85002
 21
-0.7793600000000005
 31
0.0
  0
LINE
  5
D3
330
17
100
AcDbEntity
  8
0
100
AcDbLine
 10
-62.577670000000005
 20
0.9391400000000001
 30
0.0
 11
-62.92059999999999
 21
0.27376999999999896
 31
0.0
  0
LINE
  5
D4
330
17
100
AcDbEntity
  8
0
100
AcDbLine
 10
-48.40639
 20
-3.1460100000000004
 30
0.0
 11
-48.59724
 21
-1.8170800000000007
 31
0.0
  0
LINE
  5
D5
330
17
100
AcDbEntity
  8
0
100
AcDbLine
 10
-62.92059999999999
 20
0.27376999999999896
 30
0.0
 11
-63.23492
 21
-0.5119799999999994
 31
0.0
  0
LINE
  5
D6
330
17
100
AcDbEntity
  8
0
100
AcDbLine
 10
-48.32290999999999
 20
-4.964
 30
0.0
 11
-48.40639
 21
-3.1460100000000004
 31
0.0
  0
LINE
  5
D7
330
17
100
AcDbEntity
  8
0
100
AcDbLine
 10
-63.23492
 20
-0.5119799999999994
 30
0.0
 11
-63.356770000000004
 21
-0.8858800000000002
 31
0.0
  0
LINE
  5
D8
330
17
100
AcDbEntity
  8
0
100
AcDbLine
 10
-48.410849999999996
 20
-6.77704
 30
0.0
 11
-48.32290999999999
 21
-4.964
 31
0.0
  0
LINE
  5
D9
330
17
100
AcDbEntity
  8
0
100
AcDbLine
 10
-63.356770000000004
 20
-0.8858800000000002
 30
0.0
 11
-63.618010000000005
 21
-1.9384099999999993
 31
0.0
  0
LINE
  5
DA
330
17
100
AcDbEntity
  8
0
100
AcDbLine
 10
-48.58711
 20
-7.9810300000000005
 30
0.0
 11
-48.410849999999996
 21
-6.77704
 31
0.0
  0
LINE
  5
DB
330
17
100
AcDbEntity
  8
0
100
AcDbLine
 10
-63.618010000000005
 20
-1.9384099999999993
 30
0.0
 11
-63.79369
 21
-3.117190000000001
 31
0.0
  0
LINE
  5
DC
330
17
100
AcDbEntity
  8
0
100
AcDbLine
 10
-48.85156
 20
-9.05775
 30
0.0
 11
-48.58711
 21
-7.9810300000000005
 31
0.0
  0
LINE
  5
DD
330
17
100
AcDbEntity
  8
0
100
AcDbLine
 10
-63.79369
 20
-3.117190000000001
 30
0.0
 11
-63.88541
 21
-4.964
 31
0.0
  0
LINE
  5
DE
330
17
100
AcDbEntity
  8
0
100
AcDbLine
 10
-48.970729999999996
 20
-9.427240000000001
 30
0.0
 11
-48.85156
 21
-9.05775
 31
0.0
  0
LINE
  5
DF
330
17
100
AcDbEntity
  8
0
100
AcDbLine
 10
-63.88541
 20
-4.964
 30
0.0
 11
-63.80144
 21
-6.7927
 31
0.0
  0
LINE
  5
E0
330
17
100
AcDbEntity
  8
0
100
AcDbLine
 10
-49.2864
 20
-10.22493
 30
0.0
 11
-48.970729999999996
 21
-9.427240000000001
 31
0.0
  0
LINE
  5
E1
330
17
100
AcDbEntity
  8
0
100
AcDbLine
 10
-63.80144
 20
-6.7927
 30
0.0
 11
-63.60929999999999
 21
-8.130510000000001
 31
0.0
  0
LINE
  5
E2
330
17
100
AcDbEntity
  8
0
100
AcDbLine
 10
-49.63051
 20
-10.89898
 30
0.0
 11
-49.2864
 21
-10.22493
 31
0.0
  0
LINE
  5
E3
330
17
100
AcDbEntity
  8
0
100
AcDbLine
 10
-63.60929999999999
 20
-8.130510000000001
 30
0.0
 11
-63.354659999999996
 21
-9.17569
 31
0.0
  0
LINE
  5
E4
330
17
100
AcDbEntity
  8
0
100
AcDbLine
 10
-50.00176
 20
-11.4792
 30
0.0
 11
-49.63051
 21
-10.89898
 31
0.0
  0
LINE
  5
E5
330
17
100
AcDbEntity
  8
0
100
AcDbLine
 10
-63.354659999999996
 20
-9.17569
 30
0.0
 11
-63.061130000000006
 21
-10.01623
 31
0.0
  0
LINE
  5
E6
330
17
100
AcDbEntity
  8
0
100
AcDbLine
 10
-50.38281
 20
-11.964
 30
0.0
 11
-50.00176
 21
-11.4792
 31
0.0
  0
LINE
  5
E7
330
17
100
AcDbEntity
  8
0
100
AcDbLine
 10
-63.061130000000006
 20
-10.01623
 30
0.0
 11
-62.740260000000006
 21
-10.709520000000001
 31
0.0
  0
LINE
  5
E8
330
17
100
AcDbEntity
  8
0
100
AcDbLine
 10
-50.73324
 20
-12.33765
 30
0.0
 11
-50.38281
 21
-11.964
 31
0.0
  0
LINE
  5
E9
330
17
100
AcDbEntity
  8
0
100
AcDbLine
 10
-62.740260000000006
 20
-10.709520000000001
 30
0.0
 11
-62.39687
 21
-11.293890000000001
 31
0.0
  0
LINE
  5
EA
330
17
100
AcDbEntity
  8
0
100
AcDbLine
 10
-51.230079999999994
 20
-12.776340000000001
 30
0.0
 11
-50.73324
 21
-12.33765
 31
0.0
  0
LINE
  5
EB
330
17
100
AcDbEntity
  8
0
100
AcDbLine
 10
-62.39687
 20
-11.293890000000001
 30
0.0
 11
-62.033240000000006
 21
-11.79355
 31
0.0
  0
LINE
  5
EC
330
17
100
AcDbEntity
  8
0
100
AcDbLine
 10
-51.77081
 20
-13.15963
 30
0.0
 11
-51.230079999999994
 21
-12.776340000000001
 31
0.0
  0
LINE
  5
ED
330
17
100
AcDbEntity
  8
0
100
AcDbLine
 10
-62.033240000000006
 20
-11.79355
 30
0.0
 11
-61.89062
 21
-11.964
 31
0.0
  0
LINE
  5
EE
330
17
100
AcDbEntity
  8
0
100
AcDbLine
 10
-52.34926
 20
-13.48319
 30
0.0
 11
-51.77081
 21
-13.15963
 31
0.0
  0
LINE
  5
EF
330
17
100
AcDbEntity
  8
0
100
AcDbLine
 10
-61.89062
 20
-11.964
 30
0.0
 11
-61.46772
 21
-12.40562
 31
0.0
  0
LINE
  5
F0
330
17
100
AcDbEntity
  8
0
100
AcDbLine
 10
-52.81771
 20
-13.690560000000001
 30
0.0
 11
-52.34926
 21
-13.48319
 31
0.0
  0
LINE
  5
F1
330
17
100
AcDbEntity
  8
0
100
AcDbLine
 10
-61.46772
 20
-12.40562
 30
0.0
 11
-60.97892
 21
-12.82173
 31
0.0
  0
LINE
  5
F2
330
17
100
AcDbEntity
  8
0
100
AcDbLine
 10
-53.35865
 20
-13.88148
 30
0.0
 11
-52.81771
 21
-13.690560000000001
 31
0.0
  0
LINE
  5
F3
330
17
100
AcDbEntity
  8
0
100
AcDbLine
 10
-60.97892
 20
-12.82173
 30
0.0
 11
-60.456450000000004
 21
-13.17976
 31
0.0
  0
LINE
  5
F4
330
17
100
AcDbEntity
  8
0
100
AcDbLine
 10
-54.10686
 20
-14.07313
 30
0.0
 11
-53.35865
 21
-13.88148
 31
0.0
  0
LINE
  5
F5
330
17
100
AcDbEntity
  8
0
100
AcDbLine
 10
-60.456450000000004
 20
-13.17976
 30
0.0
 11
-59.890159999999995
 21
-13.488010000000001
 31
0.0
  0
LINE
  5
F6
330
17
100
AcDbEntity
  8
0
100
AcDbLine
 10
-54.962379999999996
 20
-14.204970000000001
 30
0.0
 11
-54.10686
 21
-14.07313
 31
0.0
  0
LINE
  5
F7
330
17
100
AcDbEntity
  8
0
100
AcDbLine
 10
-59.890159999999995
 20
-13.488010000000001
 30
0.0
 11
-59.26592
 21
-13.75069
 31
0.0
  0
LINE
  5
F8
330
17
100
AcDbEntity
  8
0
100
AcDbLine
 10
-56.05729
 20
-14.26087
 30
0.0
 11
-54.962379999999996
 21
-14.204970000000001
 31
0.0
  0
LINE
  5
F9
330
17
100
AcDbEntity
  8
0
100
AcDbLine
 10
-59.26592
 20
-13.75069
 30
0.0
 11
-58.565310000000004
 21
-13.96755
 31
0.0
  0
LINE
  5
FA
330
17
100
AcDbEntity
  8
0
100
AcDbLine
 10
-56.82717
 20
-14.23659
 30
0.0
 11
-56.05729
 21
-14.26087
 31
0.0
  0
LINE
  5
FB
330
17
100
AcDbEntity
  8
0
100
AcDbLine
 10
-58.565310000000004
 20
-13.96755
 30
0.0
 11
-57.76369
 21
-14.13337
 31
0.0
  0
LINE
  5
FC
330
17
100
AcDbEntity
  8
0
100
AcDbLine
 10
-57.76369
 20
-14.13337
 30
0.0
 11
-56.82717
 21
-14.23659
 31
0.0
  0
LINE
  5
FD
330
17
100
AcDbEntity
  8
0
100
AcDbLine
 10
-52.57291
 20
0.6271400000000007
 30
0.0
 11
-52.330389999999994
 21
0.14743999999999957
 31
0.0
  0
LINE
  5
FE
330
17
100
AcDbEntity
  8
0
100
AcDbLine
 10
-52.68315
 20
0.8089899999999997
 30
0.0
 11
-52.57291
 21
0.6271400000000007
 31
0.0
  0
LINE
  5
FF
330
17
100
AcDbEntity
  8
0
100
AcDbLine
 10
-52.91057
 20
1.1293000000000006
 30
0.0
 11
-52.68315
 21
0.8089899999999997
 31
0.0
  0
LINE
  5
100
330
17
100
AcDbEntity
  8
0
100
AcDbLine
 10
-53.15137
 20
1.4059100000000004
 30
0.0
 11
-52.91057
 21
1.1293000000000006
 31
0.0
  0
LINE
  5
101
330
17
100
AcDbEntity
  8
0
100
AcDbLine
 10
-53.408829999999995
 20
1.6474899999999995
 30
0.0
 11
-53.15137
 21
1.4059100000000004
 31
0.0
  0
LINE
  5
102
330
17
100
AcDbEntity
  8
0
100
AcDbLine
 10
-53.68778
 20
1.8598
 30
0.0
 11
-53.408829999999995
 21
1.6474899999999995
 31
0.0
  0
LINE
  5
103
330
17
100
AcDbEntity
  8
0
100
AcDbLine
 10
-53.97135
 20
2.033389999999999
 30
0.0
 11
-53.68778
 21
1.8598
 31
0.0
  0
LINE
  5
104
330
17
100
AcDbEntity
  8
0
100
AcDbLine
 10
-54.29062
 20
2.1862399999999997
 30
0.0
 11
-53.97135
 21
2.033389999999999
 31
0.0
  0
LINE
  5
105
330
17
100
AcDbEntity
  8
0
100
AcDbLine
 10
-54.62688
 20
2.3068100000000005
 30
0.0
 11
-54.29062
 21
2.1862399999999997
 31
0.0
  0
LINE
  5
106
330
17
100
AcDbEntity
  8
0
100
AcDbLine
 10
-55.01782
 20
2.4051799999999997
 30
0.0
 11
-54.62688
 21
2.3068100000000005
 31
0.0
  0
LINE
  5
107
330
17
100
AcDbEntity
  8
0
100
AcDbLine
 10
-55.48286
 20
2.4750099999999993
 30
0.0
 11
-55.01782
 21
2.4051799999999997
 31
0.0
  0
LINE
  5
108
330
17
100
AcDbEntity
  8
0
100
AcDbLine
 10
-56.08854
 20
2.5047499999999996
 30
0.0
 11
-55.48286
 21
2.4750099999999993
 31
0.0
  0
LINE
  5
109
330
17
100
AcDbEntity
  8
0
100
AcDbLine
 10
-56.69076
 20
2.475199999999999
 30
0.0
 11
-56.08854
 21
2.5047499999999996
 31
0.0
  0
LINE
  5
10A
330
17
100
AcDbEntity
  8
0
100
AcDbLine
 10
-57.14458
 20
2.407819999999999
 30
0.0
 11
-56.69076
 21
2.475199999999999
 31
0.0
  0
LINE
  5
10B
330
17
100
AcDbEntity
  8
0
100
AcDbLine
 10
-57.53651
 20
2.3108900000000006
 30
0.0
 11
-57.14458
 21
2.407819999999999
 31
0.0
  0
LINE
  5
10C
330
17
100
AcDbEntity
  8
0
100
AcDbLine
 10
-57.881479999999996
 20
2.1891
 30
0.0
 11
-57.53651
 21
2.3108900000000006
 31
0.0
  0
LINE
  5
10D
330
17
100
AcDbEntity
  8
0
100
AcDbLine
 10
-58.21094
 20
2.033389999999999
 30
0.0
 11
-57.881479999999996
 21
2.1891
 31
0.0
  0
LINE
  5
10E
330
17
100
AcDbEntity
  8
0
100
AcDbLine
 10
-58.33124
 20
1.9652399999999997
 30
0.0
 11
-58.21094
 21
2.033389999999999
 31
0.0
  0
LINE
  5
10F
330
17
100
AcDbEntity
  8
0
100
AcDbLine
 10
-58.62417000000001
 20
1.7702100000000005
 30
0.0
 11
-58.33124
 21
1.9652399999999997
 31
0.0
  0
LINE
  5
110
330
17
100
AcDbEntity
  8
0
100
AcDbLine
 10
-58.90245
 20
1.5391999999999992
 30
0.0
 11
-58.62417000000001
 21
1.7702100000000005
 31
0.0
  0
LINE
  5
111
330
17
100
AcDbEntity
  8
0
100
AcDbLine
 10
-59.16977
 20
1.263630000000001
 30
0.0
 11
-58.90245
 21
1.5391999999999992
 31
0.0
  0
LINE
  5
112
330
17
100
AcDbEntity
  8
0
100
AcDbLine
 10
-59.39943
 20
0.971820000000001
 30
0.0
 11
-59.16977
 21
1.263630000000001
 31
0.0
  0
LINE
  5
113
330
17
100
AcDbEntity
  8
0
100
AcDbLine
 10
-59.61979
 20
0.6271400000000007
 30
0.0
 11
-59.39943
 21
0.971820000000001
 31
0.0
  0
LINE
  5
114
330
17
100
AcDbEntity
  8
0
100
AcDbLine
 10
-59.73985
 20
0.4048999999999996
 30
0.0
 11
-59.61979
 21
0.6271400000000007
 31
0.0
  0
LINE
  5
115
330
17
100
AcDbEntity
  8
0
100
AcDbLine
 10
-59.96339
 20
-0.09403000000000006
 30
0.0
 11
-59.73985
 21
0.4048999999999996
 31
0.0
  0
LINE
  5
116
330
17
100
AcDbEntity
  8
0
100
AcDbLine
 10
-60.180949999999996
 20
-0.739279999999999
 30
0.0
 11
-59.96339
 21
-0.09403000000000006
 31
0.0
  0
LINE
  5
117
330
17
100
AcDbEntity
  8
0
100
AcDbLine
 10
-60.40104
 20
-1.7088
 30
0.0
 11
-60.180949999999996
 21
-0.739279999999999
 31
0.0
  0
LINE
  5
118
330
17
100
AcDbEntity
  8
0
100
AcDbLine
 10
-60.58463
 20
-3.2231200000000015
 30
0.0
 11
-60.40104
 21
-1.7088
 31
0.0
  0
LINE
  5
119
330
17
100
AcDbEntity
  8
0
100
AcDbLine
 10
-60.64583
 20
-4.964
 30
0.0
 11
-60.58463
 21
-3.2231200000000015
 31
0.0
  0
LINE
  5
11A
330
17
100
AcDbEntity
  8
0
100
AcDbLine
 10
-60.58659
 20
-6.708800000000001
 30
0.0
 11
-60.64583
 21
-4.964
 31
0.0
  0
LINE
  5
11B
330
17
100
AcDbEntity
  8
0
100
AcDbLine
 10
-60.40885
 20
-8.23484
 30
0.0
 11
-60.58659
 21
-6.708800000000001
 31
0.0
  0
LINE
  5
11C
330
17
100
AcDbEntity
  8
0
100
AcDbLine
 10
-60.28389
 20
-8.86244
 30
0.0
 11
-60.40885
 21
-8.23484
 31
0.0
  0
LINE
  5
11D
330
17
100
AcDbEntity
  8
0
100
AcDbLine
 10
-60.089259999999996
 20
-9.5592
 30
0.0
 11
-60.28389
 21
-8.86244
 31
0.0
  0
LINE
  5
11E
330
17
100
AcDbEntity
  8
0
100
AcDbLine
 10
-59.87921
 20
-10.11228
 30
0.0
 11
-60.089259999999996
 21
-9.5592
 31
0.0
  0
LINE
  5
11F
330
17
100
AcDbEntity
  8
0
100
AcDbLine
 10
-59.63541
 20
-10.60463
 30
0.0
 11
-59.87921
 21
-10.11228
 31
0.0
  0
LINE
  5
120
330
17
100
AcDbEntity
  8
0
100
AcDbLine
 10
-59.533339999999995
 20
-10.777040000000001
 30
0.0
 11
-59.63541
 21
-10.60463
 31
0.0
  0
LINE
  5
121
330
17
100
AcDbEntity
  8
0
100
AcDbLine
 10
-59.30353
 20
-11.10961
 30
0.0
 11
-59.533339999999995
 21
-10.777040000000001
 31
0.0
  0
LINE
  5
122
330
17
100
AcDbEntity
  8
0
100
AcDbLine
 10
-59.06063
 20
-11.39611
 30
0.0
 11
-59.30353
 21
-11.10961
 31
0.0
  0
LINE
  5
123
330
17
100
AcDbEntity
  8
0
100
AcDbLine
 10
-58.80157
 20
-11.64581
 30
0.0
 11
-59.06063
 21
-11.39611
 31
0.0
  0
LINE
  5
124
330
17
100
AcDbEntity
  8
0
100
AcDbLine
 10
-58.521660000000004
 20
-11.864980000000001
 30
0.0
 11
-58.80157
 21
-11.64581
 31
0.0
  0
LINE
  5
125
330
17
100
AcDbEntity
  8
0
100
AcDbLine
 10
-58.23698
 20
-12.04472
 30
0.0
 11
-58.521660000000004
 21
-11.864980000000001
 31
0.0
  0
LINE
  5
126
330
17
100
AcDbEntity
  8
0
100
AcDbLine
 10
-58.17891
 20
-12.076740000000001
 30
0.0
 11
-58.23698
 21
-12.04472
 31
0.0
  0
LINE
  5
127
330
17
100
AcDbEntity
  8
0
100
AcDbLine
 10
-57.88613
 20
-12.21601
 30
0.0
 11
-58.17891
 21
-12.076740000000001
 31
0.0
  0
LINE
  5
128
330
17
100
AcDbEntity
  8
0
100
AcDbLine
 10
-57.55397
 20
-12.33576
 30
0.0
 11
-57.88613
 21
-12.21601
 31
0.0
  0
LINE
  5
129
330
17
100
AcDbEntity
  8
0
100
AcDbLine
 10
-57.16998
 20
-12.433060000000001
 30
0.0
 11
-57.55397
 21
-12.33576
 31
0.0
  0
LINE
  5
12A
330
17
100
AcDbEntity
  8
0
100
AcDbLine
 10
-56.71599
 20
-12.50198
 30
0.0
 11
-57.16998
 21
-12.433060000000001
 31
0.0
  0
LINE
  5
12B
330
17
100
AcDbEntity
  8
0
100
AcDbLine
 10
-56.11979
 20
-12.5317
 30
0.0
 11
-56.71599
 21
-12.50198
 31
0.0
  0
LINE
  5
12C
330
17
100
AcDbEntity
  8
0
100
AcDbLine
 10
-55.974540000000005
 20
-12.53004
 30
0.0
 11
-56.11979
 21
-12.5317
 31
0.0
  0
LINE
  5
12D
330
17
100
AcDbEntity
  8
0
100
AcDbLine
 10
-55.462030000000006
 20
-12.495280000000001
 30
0.0
 11
-55.974540000000005
 21
-12.53004
 31
0.0
  0
LINE
  5
12E
330
17
100
AcDbEntity
  8
0
100
AcDbLine
 10
-55.02671
 20
-12.42449
 30
0.0
 11
-55.462030000000006
 21
-12.495280000000001
 31
0.0
  0
LINE
  5
12F
330
17
100
AcDbEntity
  8
0
100
AcDbLine
 10
-54.64889
 20
-12.325330000000001
 30
0.0
 11
-55.02671
 21
-12.42449
 31
0.0
  0
LINE
  5
130
330
17
100
AcDbEntity
  8
0
100
AcDbLine
 10
-54.31473
 20
-12.20184
 30
0.0
 11
-54.64889
 21
-12.325330000000001
 31
0.0
  0
LINE
  5
131
330
17
100
AcDbEntity
  8
0
100
AcDbLine
 10
-53.99479
 20
-12.04472
 30
0.0
 11
-54.31473
 21
-12.20184
 31
0.0
  0
LINE
  5
132
330
17
100
AcDbEntity
  8
0
100
AcDbLine
 10
-53.91603
 20
-11.99928
 30
0.0
 11
-53.99479
 21
-12.04472
 31
0.0
  0
LINE
  5
133
330
17
100
AcDbEntity
  8
0
100
AcDbLine
 10
-53.615210000000005
 20
-11.79853
 30
0.0
 11
-53.91603
 21
-11.99928
 31
0.0
  0
LINE
  5
134
330
17
100
AcDbEntity
  8
0
100
AcDbLine
 10
-53.327760000000005
 20
-11.55918
 30
0.0
 11
-53.615210000000005
 21
-11.79853
 31
0.0
  0
LINE
  5
135
330
17
100
AcDbEntity
  8
0
100
AcDbLine
 10
-53.05006
 20
-11.271740000000001
 30
0.0
 11
-53.327760000000005
 21
-11.55918
 31
0.0
  0
LINE
  5
136
330
17
100
AcDbEntity
  8
0
100
AcDbLine
 10
-52.811209999999996
 20
-10.9669
 30
0.0
 11
-53.05006
 21
-11.271740000000001
 31
0.0
  0
LINE
  5
137
330
17
100
AcDbEntity
  8
0
100
AcDbLine
 10
-52.58073
 20
-10.60463
 30
0.0
 11
-52.811209999999996
 21
-10.9669
 31
0.0
  0
LINE
  5
138
330
17
100
AcDbEntity
  8
0
100
AcDbLine
 10
-52.45909
 20
-10.37847
 30
0.0
 11
-52.58073
 21
-10.60463
 31
0.0
  0
LINE
  5
139
330
17
100
AcDbEntity
  8
0
100
AcDbLine
 10
-52.231590000000004
 20
-9.868360000000001
 30
0.0
 11
-52.45909
 21
-10.37847
 31
0.0
  0
LINE
  5
13A
330
17
100
AcDbEntity
  8
0
100
AcDbLine
 10
-52.01168
 20
-9.212240000000001
 30
0.0
 11
-52.231590000000004
 21
-9.868360000000001
 31
0.0
  0
LINE
  5
13B
330
17
100
AcDbEntity
  8
0
100
AcDbLine
 10
-51.791669999999996
 20
-8.23484
 30
0.0
 11
-52.01168
 21
-9.212240000000001
 31
0.0
  0
LINE
  5
13C
330
17
100
AcDbEntity
  8
0
100
AcDbLine
 10
-51.60807
 20
-6.708800000000001
 30
0.0
 11
-51.791669999999996
 21
-8.23484
 31
0.0
  0
LINE
  5
13D
330
17
100
AcDbEntity
  8
0
100
AcDbLine
 10
-51.54687
 20
-4.964
 30
0.0
 11
-51.60807
 21
-6.708800000000001
 31
0.0
  0
LINE
  5
13E
330
17
100
AcDbEntity
  8
0
100
AcDbLine
 10
-51.60807
 20
-3.2231200000000015
 30
0.0
 11
-51.54687
 21
-4.964
 31
0.0
  0
LINE
  5
13F
330
17
100
AcDbEntity
  8
0
100
AcDbLine
 10
-51.791669999999996
 20
-1.7088
 30
0.0
 11
-51.60807
 21
-3.2231200000000015
 31
0.0
  0
LINE
  5
140
330
17
100
AcDbEntity
  8
0
100
AcDbLine
 10
-51.922959999999996
 20
-1.0755
 30
0.0
 11
-51.791669999999996
 21
-1.7088
 31
0.0
  0
LINE
  5
141
330
17
100
AcDbEntity
  8
0
100
AcDbLine
 10
-52.11999
 20
-0.39278999999999975
 30
0.0
 11
-51.922959999999996
 21
-1.0755
 31
0.0
  0
LINE
  5
142
330
17
100
AcDbEntity
  8
0
100
AcDbLine
 10
-52.330389999999994
 20
0.14743999999999957
 30
0.0
 11
-52.11999
 21
-0.39278999999999975
 31
0.0
  0
LINE
  5
143
330
17
100
AcDbEntity
  8
0
100
AcDbLine
 10
-17.6302
 20
-11.06817
 30
0.0
 11
-17.34866
 21
-11.06817
 31
0.0
  0
LINE
  5
144
330
17
100
AcDbEntity
  8
0
100
AcDbLine
 10
-18.151040000000002
 20
-13.93275
 30
0.0
 11
-17.6302
 21
-11.06817
 31
0.0
  0
LINE
  5
145
330
17
100
AcDbEntity
  8
0
100
AcDbLine
 10
-17.34866
 20
-11.06817
 30
0.0
 11
-16.34107
 21
-12.35196
 31
0.0
  0
LINE
  5
146
330
17
100
AcDbEntity
  8
0
100
AcDbLine
 10
-22.65625
 20
-13.93275
 30
0.0
 11
-18.151040000000002
 21
-13.93275
 31
0.0
  0
LINE
  5
147
330
17
100
AcDbEntity
  8
0
100
AcDbLine
 10
-16.34107
 20
-12.35196
 30
0.0
 11
-16.02919
 21
-12.700660000000001
 31
0.0
  0
LINE
  5
148
330
17
100
AcDbEntity
  8
0
100
AcDbLine
 10
-22.65625
 20
-12.5317
 30
0.0
 11
-22.65625
 21
-13.93275
 31
0.0
  0
LINE
  5
149
330
17
100
AcDbEntity
  8
0
100
AcDbLine
 10
-16.02919
 20
-12.700660000000001
 30
0.0
 11
-15.63509
 21
-13.0722
 31
0.0
  0
LINE
  5
14A
330
17
100
AcDbEntity
  8
0
100
AcDbLine
 10
-22.557290000000002
 20
-12.5317
 30
0.0
 11
-22.65625
 21
-12.5317
 31
0.0
  0
LINE
  5
14B
330
17
100
AcDbEntity
  8
0
100
AcDbLine
 10
-15.63509
 20
-13.0722
 30
0.0
 11
-15.268419999999999
 21
-13.36271
 31
0.0
  0
LINE
  5
14C
330
17
100
AcDbEntity
  8
0
100
AcDbLine
 10
-22.199070000000003
 20
-12.518410000000001
 30
0.0
 11
-22.557290000000002
 21
-12.5317
 31
0.0
  0
LINE
  5
14D
330
17
100
AcDbEntity
  8
0
100
AcDbLine
 10
-15.268419999999999
 20
-13.36271
 30
0.0
 11
-14.98967
 21
-13.54786
 31
0.0
  0
LINE
  5
14E
330
17
100
AcDbEntity
  8
0
100
AcDbLine
 10
-21.85593
 20
-12.47488
 30
0.0
 11
-22.199070000000003
 21
-12.518410000000001
 31
0.0
  0
LINE
  5
14F
330
17
100
AcDbEntity
  8
0
100
AcDbLine
 10
-14.98967
 20
-13.54786
 30
0.0
 11
-14.63188
 21
-13.74597
 31
0.0
  0
LINE
  5
150
330
17
100
AcDbEntity
  8
0
100
AcDbLine
 10
-21.60677
 20
-12.41712
 30
0.0
 11
-21.85593
 21
-12.47488
 31
0.0
  0
LINE
  5
151
330
17
100
AcDbEntity
  8
0
100
AcDbLine
 10
-14.63188
 20
-13.74597
 30
0.0
 11
-14.258140000000001
 21
-13.91203
 31
0.0
  0
LINE
  5
152
330
17
100
AcDbEntity
  8
0
100
AcDbLine
 10
-21.50201
 20
-12.38325
 30
0.0
 11
-21.60677
 21
-12.41712
 31
0.0
  0
LINE
  5
153
330
17
100
AcDbEntity
  8
0
100
AcDbLine
 10
-14.258140000000001
 20
-13.91203
 30
0.0
 11
-13.9427
 21
-14.023890000000002
 31
0.0
  0
LINE
  5
154
330
17
100
AcDbEntity
  8
0
100
AcDbLine
 10
-21.3683
 20
-12.32764
 30
0.0
 11
-21.50201
 21
-12.38325
 31
0.0
  0
LINE
  5
155
330
17
100
AcDbEntity
  8
0
100
AcDbLine
 10
-13.9427
 20
-14.023890000000002
 30
0.0
 11
-13.527880000000001
 21
-14.1332
 31
0.0
  0
LINE
  5
156
330
17
100
AcDbEntity
  8
0
100
AcDbLine
 10
-21.25011
 20
-12.26421
 30
0.0
 11
-21.3683
 21
-12.32764
 31
0.0
  0
LINE
  5
157
330
17
100
AcDbEntity
  8
0
100
AcDbLine
 10
-13.527880000000001
 20
-14.1332
 30
0.0
 11
-13.058169999999999
 21
-14.210450000000002
 31
0.0
  0
LINE
  5
158
330
17
100
AcDbEntity
  8
0
100
AcDbLine
 10
-21.14388
 20
-12.19264
 30
0.0
 11
-21.25011
 21
-12.26421
 31
0.0
  0
LINE
  5
159
330
17
100
AcDbEntity
  8
0
100
AcDbLine
 10
-13.058169999999999
 20
-14.210450000000002
 30
0.0
 11
-12.327670000000001
 21
-14.25933
 31
0.0
  0
LINE
  5
15A
330
17
100
AcDbEntity
  8
0
100
AcDbLine
 10
-21.04701
 20
-12.11182
 30
0.0
 11
-21.14388
 21
-12.19264
 31
0.0
  0
LINE
  5
15B
330
17
100
AcDbEntity
  8
0
100
AcDbLine
 10
-12.327670000000001
 20
-14.25933
 30
0.0
 11
-12.16145
 21
-14.26087
 31
0.0
  0
LINE
  5
15C
330
17
100
AcDbEntity
  8
0
100
AcDbLine
 10
-20.96354
 20
-12.0265
 30
0.0
 11
-21.04701
 21
-12.11182
 31
0.0
  0
LINE
  5
15D
330
17
100
AcDbEntity
  8
0
100
AcDbLine
 10
-12.16145
 20
-14.26087
 30
0.0
 11
-11.49694
 21
-14.2311
 31
0.0
  0
LINE
  5
15E
330
17
100
AcDbEntity
  8
0
100
AcDbLine
 10
-20.88608
 20
-11.93012
 30
0.0
 11
-20.96354
 21
-12.0265
 31
0.0
  0
LINE
  5
15F
330
17
100
AcDbEntity
  8
0
100
AcDbLine
 10
-11.49694
 20
-14.2311
 30
0.0
 11
-10.86439
 21
-14.14231
 31
0.0
  0
LINE
  5
160
330
17
100
AcDbEntity
  8
0
100
AcDbLine
 10
-20.8104
 20
-11.814580000000001
 30
0.0
 11
-20.88608
 21
-11.93012
 31
0.0
  0
LINE
  5
161
330
17
100
AcDbEntity
  8
0
100
AcDbLine
 10
-10.86439
 20
-14.14231
 30
0.0
 11
-10.2927
 21
-14.00399
 31
0.0
  0
LINE
  5
162
330
17
100
AcDbEntity
  8
0
100
AcDbLine
 10
-20.73805
 20
-11.67632
 30
0.0
 11
-20.8104
 21
-11.814580000000001
 31
0.0
  0
LINE
  5
163
330
17
100
AcDbEntity
  8
0
100
AcDbLine
 10
-10.2927
 20
-14.00399
 30
0.0
 11
-10.09895
 21
-13.94316
 31
0.0
  0
LINE
  5
164
330
17
100
AcDbEntity
  8
0
100
AcDbLine
 10
-20.66963
 20
-11.50733
 30
0.0
 11
-20.73805
 21
-11.67632
 31
0.0
  0
LINE
  5
165
330
17
100
AcDbEntity
  8
0
100
AcDbLine
 10
-10.09895
 20
-13.94316
 30
0.0
 11
-9.66911
 21
-13.77646
 31
0.0
  0
LINE
  5
166
330
17
100
AcDbEntity
  8
0
100
AcDbLine
 10
-20.60677
 20
-11.294730000000001
 30
0.0
 11
-20.66963
 21
-11.50733
 31
0.0
  0
LINE
  5
167
330
17
100
AcDbEntity
  8
0
100
AcDbLine
 10
-9.66911
 20
-13.77646
 30
0.0
 11
-9.24497
 21
-13.55921
 31
0.0
  0
LINE
  5
168
330
17
100
AcDbEntity
  8
0
100
AcDbLine
 10
-20.57658
 20
-11.15712
 30
0.0
 11
-20.60677
 21
-11.294730000000001
 31
0.0
  0
LINE
  5
169
330
17
100
AcDbEntity
  8
0
100
AcDbLine
 10
-9.24497
 20
-13.55921
 30
0.0
 11
-8.870569999999999
 21
-13.3132
 31
0.0
  0
LINE
  5
16A
330
17
100
AcDbEntity
  8
0
100
AcDbLine
 10
-20.52458
 20
-10.79664
 30
0.0
 11
-20.57658
 21
-11.15712
 31
0.0
  0
LINE
  5
16B
330
17
100
AcDbEntity
  8
0
100
AcDbLine
 10
-8.870569999999999
 20
-13.3132
 30
0.0
 11
-8.551720000000001
 21
-13.0532
 31
0.0
  0
LINE
  5
16C
330
17
100
AcDbEntity
  8
0
100
AcDbLine
 10
-20.49479
 20
-10.14109
 30
0.0
 11
-20.52458
 21
-10.79664
 31
0.0
  0
LINE
  5
16D
330
17
100
AcDbEntity
  8
0
100
AcDbLine
 10
-8.551720000000001
 20
-13.0532
 30
0.0
 11
-8.45572
 21
-12.964
 31
0.0
  0
LINE
  5
16E
330
17
100
AcDbEntity
  8
0
100
AcDbLine
 10
-20.49479
 20
-1.4952500000000004
 30
0.0
 11
-20.49479
 21
-10.14109
 31
0.0
  0
LINE
  5
16F
330
17
100
AcDbEntity
  8
0
100
AcDbLine
 10
-8.45572
 20
-12.964
 30
0.0
 11
-8.153590000000001
 21
-12.64119
 31
0.0
  0
LINE
  5
170
330
17
100
AcDbEntity
  8
0
100
AcDbLine
 10
-20.47482
 20
-0.7931200000000018
 30
0.0
 11
-20.49479
 21
-1.4952500000000004
 31
0.0
  0
LINE
  5
171
330
17
100
AcDbEntity
  8
0
100
AcDbLine
 10
-8.153590000000001
 20
-12.64119
 30
0.0
 11
-7.893529999999999
 21
-12.29757
 31
0.0
  0
LINE
  5
172
330
17
100
AcDbEntity
  8
0
100
AcDbLine
 10
-20.39311
 20
0.016070000000000917
 30
0.0
 11
-20.47482
 21
-0.7931200000000018
 31
0.0
  0
LINE
  5
173
330
17
100
AcDbEntity
  8
0
100
AcDbLine
 10
-7.893529999999999
 20
-12.29757
 30
0.0
 11
-7.65612
 21
-11.908710000000001
 31
0.0
  0
LINE
  5
174
330
17
100
AcDbEntity
  8
0
100
AcDbLine
 10
-20.2724
 20
0.6467600000000004
 30
0.0
 11
-20.39311
 21
0.016070000000000917
 31
0.0
  0
LINE
  5
175
330
17
100
AcDbEntity
  8
0
100
AcDbLine
 10
-7.65612
 20
-11.908710000000001
 30
0.0
 11
-7.44
 21
-11.46175
 31
0.0
  0
LINE
  5
176
330
17
100
AcDbEntity
  8
0
100
AcDbLine
 10
-20.111980000000003
 20
1.19745
 30
0.0
 11
-20.2724
 21
0.6467600000000004
 31
0.0
  0
LINE
  5
177
330
17
100
AcDbEntity
  8
0
100
AcDbLine
 10
-7.44
 20
-11.46175
 30
0.0
 11
-7.375
 21
-11.30255
 31
0.0
  0
LINE
  5
178
330
17
100
AcDbEntity
  8
0
100
AcDbLine
 10
-19.922349999999998
 20
1.666549999999999
 30
0.0
 11
-20.111980000000003
 21
1.19745
 31
0.0
  0
LINE
  5
179
330
17
100
AcDbEntity
  8
0
100
AcDbLine
 10
-7.375
 20
-11.30255
 30
0.0
 11
-7.21273
 21
-10.81154
 31
0.0
  0
LINE
  5
17A
330
17
100
AcDbEntity
  8
0
100
AcDbLine
 10
-19.72016
 20
2.0517000000000003
 30
0.0
 11
-19.922349999999998
 21
1.666549999999999
 31
0.0
  0
LINE
  5
17B
330
17
100
AcDbEntity
  8
0
100
AcDbLine
 10
-7.21273
 20
-10.81154
 30
0.0
 11
-7.0941
 21
-10.28205
 31
0.0
  0
LINE
  5
17C
330
17
100
AcDbEntity
  8
0
100
AcDbLine
 10
-19.49708
 20
2.390550000000001
 30
0.0
 11
-19.72016
 21
2.0517000000000003
 31
0.0
  0
LINE
  5
17D
330
17
100
AcDbEntity
  8
0
100
AcDbLine
 10
-7.0941
 20
-10.28205
 30
0.0
 11
-7.01287
 21
-9.648530000000001
 31
0.0
  0
LINE
  5
17E
330
17
100
AcDbEntity
  8
0
100
AcDbLine
 10
-19.250799999999998
 20
2.6931899999999995
 30
0.0
 11
-19.49708
 21
2.390550000000001
 31
0.0
  0
LINE
  5
17F
330
17
100
AcDbEntity
  8
0
100
AcDbLine
 10
-7.01287
 20
-9.648530000000001
 30
0.0
 11
-6.98437
 21
-8.93796
 31
0.0
  0
LINE
  5
180
330
17
100
AcDbEntity
  8
0
100
AcDbLine
 10
-18.963540000000002
 20
2.9787
 30
0.0
 11
-19.250799999999998
 21
2.6931899999999995
 31
0.0
  0
LINE
  5
181
330
17
100
AcDbEntity
  8
0
100
AcDbLine
 10
-6.98437
 20
-8.93796
 30
0.0
 11
-7.014130000000001
 21
-8.292580000000001
 31
0.0
  0
LINE
  5
182
330
17
100
AcDbEntity
  8
0
100
AcDbLine
 10
-18.78082
 20
3.1319099999999995
 30
0.0
 11
-18.963540000000002
 21
2.9787
 31
0.0
  0
LINE
  5
183
330
17
100
AcDbEntity
  8
0
100
AcDbLine
 10
-7.014130000000001
 20
-8.292580000000001
 30
0.0
 11
-7.09322
 21
-7.74133
 31
0.0
  0
LINE
  5
184
330
17
100
AcDbEntity
  8
0
100
AcDbLine
 10
-18.41758
 20
3.3874899999999997
 30
0.0
 11
-18.78082
 21
3.1319099999999995
 31
0.0
  0
LINE
  5
185
330
17
100
AcDbEntity
  8
0
100
AcDbLine
 10
-7.09322
 20
-7.74133
 30
0.0
 11
-7.2091899999999995
 21
-7.267860000000001
 31
0.0
  0
LINE
  5
186
330
17
100
AcDbEntity
  8
0
100
AcDbLine
 10
-18.0429
 20
3.59699
 30
0.0
 11
-18.41758
 21
3.3874899999999997
 31
0.0
  0
LINE
  5
187
330
17
100
AcDbEntity
  8
0
100
AcDbLine
 10
-7.2091899999999995
 20
-7.267860000000001
 30
0.0
 11
-7.35539
 21
-6.852130000000001
 31
0.0
  0
LINE
  5
188
330
17
100
AcDbEntity
  8
0
100
AcDbLine
 10
-17.6107
 20
3.7857899999999987
 30
0.0
 11
-18.0429
 21
3.59699
 31
0.0
  0
LINE
  5
189
330
17
100
AcDbEntity
  8
0
100
AcDbLine
 10
-7.35539
 20
-6.852130000000001
 30
0.0
 11
-7.54992
 21
-6.4407000000000005
 31
0.0
  0
LINE
  5
18A
330
17
100
AcDbEntity
  8
0
100
AcDbLine
 10
-17.05729
 20
3.9630799999999997
 30
0.0
 11
-17.6107
 21
3.7857899999999987
 31
0.0
  0
LINE
  5
18B
330
17
100
AcDbEntity
  8
0
100
AcDbLine
 10
-7.54992
 20
-6.4407000000000005
 30
0.0
 11
-7.772989999999999
 21
-6.0766800000000005
 31
0.0
  0
LINE
  5
18C
330
17
100
AcDbEntity
  8
0
100
AcDbLine
 10
-16.63456
 20
4.061959999999999
 30
0.0
 11
-17.05729
 21
3.9630799999999997
 31
0.0
  0
LINE
  5
18D
330
17
100
AcDbEntity
  8
0
100
AcDbLine
 10
-7.772989999999999
 20
-6.0766800000000005
 30
0.0
 11
-8.02518
 21
-5.748690000000001
 31
0.0
  0
LINE
  5
18E
330
17
100
AcDbEntity
  8
0
100
AcDbLine
 10
-15.772350000000001
 20
4.19496
 30
0.0
 11
-16.63456
 21
4.061959999999999
 31
0.0
  0
LINE
  5
18F
330
17
100
AcDbEntity
  8
0
100
AcDbLine
 10
-8.02518
 20
-5.748690000000001
 30
0.0
 11
-8.310649999999999
 21
-5.44761
 31
0.0
  0
LINE
  5
190
330
17
100
AcDbEntity
  8
0
100
AcDbLine
 10
-14.39062
 20
4.26516
 30
0.0
 11
-15.772350000000001
 21
4.19496
 31
0.0
  0
LINE
  5
191
330
17
100
AcDbEntity
  8
0
100
AcDbLine
 10
-8.310649999999999
 20
-5.44761
 30
0.0
 11
-8.63623
 21
-5.16727
 31
0.0
  0
LINE
  5
192
330
17
100
AcDbEntity
  8
0
100
AcDbLine
 10
-13.22156
 20
4.222800000000001
 30
0.0
 11
-14.39062
 21
4.26516
 31
0.0
  0
LINE
  5
193
330
17
100
AcDbEntity
  8
0
100
AcDbLine
 10
-8.63623
 20
-5.16727
 30
0.0
 11
-8.872390000000001
 21
-4.99525
 31
0.0
  0
LINE
  5
194
330
17
100
AcDbEntity
  8
0
100
AcDbLine
 10
-12.05989
 20
4.085469999999999
 30
0.0
 11
-13.22156
 21
4.222800000000001
 31
0.0
  0
LINE
  5
195
330
17
100
AcDbEntity
  8
0
100
AcDbLine
 10
-8.872390000000001
 20
-4.99525
 30
0.0
 11
-9.35293
 21
-4.7037
 31
0.0
  0
LINE
  5
196
330
17
100
AcDbEntity
  8
0
100
AcDbLine
 10
-11.32487
 20
3.9337
 30
0.0
 11
-12.05989
 21
4.085469999999999
 31
0.0
  0
LINE
  5
197
330
17
100
AcDbEntity
  8
0
100
AcDbLine
 10
-9.35293
 20
-4.7037
 30
0.0
 11
-9.89357
 21
-4.44407
 31
0.0
  0
LINE
  5
198
330
17
100
AcDbEntity
  8
0
100
AcDbLine
 10
-10.69252
 20
3.744139999999998
 30
0.0
 11
-11.32487
 21
3.9337
 31
0.0
  0
LINE
  5
199
330
17
100
AcDbEntity
  8
0
100
AcDbLine
 10
-9.89357
 20
-4.44407
 30
0.0
 11
-10.56612
 21
-4.194120000000001
 31
0.0
  0
LINE
  5
19A
330
17
100
AcDbEntity
  8
0
100
AcDbLine
 10
-10.14843
 20
3.522969999999999
 30
0.0
 11
-10.69252
 21
3.744139999999998
 31
0.0
  0
LINE
  5
19B
330
17
100
AcDbEntity
  8
0
100
AcDbLine
 10
-10.56612
 20
-4.194120000000001
 30
0.0
 11
-11.41977
 21
-3.96167
 31
0.0
  0
LINE
  5
19C
330
17
100
AcDbEntity
  8
0
100
AcDbLine
 10
-9.86889
 20
3.380559999999999
 30
0.0
 11
-10.14843
 21
3.522969999999999
 31
0.0
  0
LINE
  5
19D
330
17
100
AcDbEntity
  8
0
100
AcDbLine
 10
-11.41977
 20
-3.96167
 30
0.0
 11
-12.76976
 21
-3.730480000000002
 31
0.0
  0
LINE
  5
19E
330
17
100
AcDbEntity
  8
0
100
AcDbLine
 10
-9.554150000000002
 20
3.18595
 30
0.0
 11
-9.86889
 21
3.380559999999999
 31
0.0
  0
LINE
  5
19F
330
17
100
AcDbEntity
  8
0
100
AcDbLine
 10
-12.76976
 20
-3.730480000000002
 30
0.0
 11
-14.58333
 21
-3.5994200000000003
 31
0.0
  0
LINE
  5
1A0
330
17
100
AcDbEntity
  8
0
100
AcDbLine
 10
-9.28898
 20
2.984259999999999
 30
0.0
 11
-9.554150000000002
 21
3.18595
 31
0.0
  0
LINE
  5
1A1
330
17
100
AcDbEntity
  8
0
100
AcDbLine
 10
-14.58333
 20
-3.5994200000000003
 30
0.0
 11
-17.34895
 21
-3.5004600000000003
 31
0.0
  0
LINE
  5
1A2
330
17
100
AcDbEntity
  8
0
100
AcDbLine
 10
-9.06265
 20
2.773959999999999
 30
0.0
 11
-9.28898
 21
2.984259999999999
 31
0.0
  0
LINE
  5
1A3
330
17
100
AcDbEntity
  8
0
100
AcDbLine
 10
-17.34895
 20
-3.5004600000000003
 30
0.0
 11
-17.34862
 21
-1.4952500000000004
 31
0.0
  0
LINE
  5
1A4
330
17
100
AcDbEntity
  8
0
100
AcDbLine
 10
-8.85677
 20
2.538599999999999
 30
0.0
 11
-9.06265
 21
2.773959999999999
 31
0.0
  0
LINE
  5
1A5
330
17
100
AcDbEntity
  8
0
100
AcDbLine
 10
-17.34862
 20
-1.4952500000000004
 30
0.0
 11
-17.32671
 21
-0.6694999999999993
 31
0.0
  0
LINE
  5
1A6
330
17
100
AcDbEntity
  8
0
100
AcDbLine
 10
-8.78756
 20
2.44524
 30
0.0
 11
-8.85677
 21
2.538599999999999
 31
0.0
  0
LINE
  5
1A7
330
17
100
AcDbEntity
  8
0
100
AcDbLine
 10
-17.32671
 20
-0.6694999999999993
 30
0.0
 11
-17.2526
 21
0.15317999999999898
 31
0.0
  0
LINE
  5
1A8
330
17
100
AcDbEntity
  8
0
100
AcDbLine
 10
-8.67084
 20
2.2587699999999984
 30
0.0
 11
-8.78756
 21
2.44524
 31
0.0
  0
LINE
  5
1A9
330
17
100
AcDbEntity
  8
0
100
AcDbLine
 10
-17.2526
 20
0.15317999999999898
 30
0.0
 11
-17.18285
 21
0.5513099999999991
 31
0.0
  0
LINE
  5
1AA
330
17
100
AcDbEntity
  8
0
100
AcDbLine
 10
-8.57202
 20
2.0563199999999995
 30
0.0
 11
-8.67084
 21
2.2587699999999984
 31
0.0
  0
LINE
  5
1AB
330
17
100
AcDbEntity
  8
0
100
AcDbLine
 10
-17.18285
 20
0.5513099999999991
 30
0.0
 11
-17.09137
 21
0.8807100000000005
 31
0.0
  0
LINE
  5
1AC
330
17
100
AcDbEntity
  8
0
100
AcDbLine
 10
-8.49108
 20
1.8322199999999995
 30
0.0
 11
-8.57202
 21
2.0563199999999995
 31
0.0
  0
LINE
  5
1AD
330
17
100
AcDbEntity
  8
0
100
AcDbLine
 10
-17.09137
 20
0.8807100000000005
 30
0.0
 11
-16.983330000000002
 21
1.160449999999999
 31
0.0
  0
LINE
  5
1AE
330
17
100
AcDbEntity
  8
0
100
AcDbLine
 10
-8.43562
 20
1.6087799999999994
 30
0.0
 11
-8.49108
 21
1.8322199999999995
 31
0.0
  0
LINE
  5
1AF
330
17
100
AcDbEntity
  8
0
100
AcDbLine
 10
-16.983330000000002
 20
1.160449999999999
 30
0.0
 11
-16.861439999999998
 21
1.4025400000000001
 31
0.0
  0
LINE
  5
1B0
330
17
100
AcDbEntity
  8
0
100
AcDbLine
 10
-8.39902
 20
1.358699999999999
 30
0.0
 11
-8.43562
 21
1.6087799999999994
 31
0.0
  0
LINE
  5
1B1
330
17
100
AcDbEntity
  8
0
100
AcDbLine
 10
-16.861439999999998
 20
1.4025400000000001
 30
0.0
 11
-16.83072
 21
1.4552700000000005
 31
0.0
  0
LINE
  5
1B2
330
17
100
AcDbEntity
  8
0
100
AcDbLine
 10
-8.38541
 20
1.07245
 30
0.0
 11
-8.39902
 21
1.358699999999999
 31
0.0
  0
LINE
  5
1B3
330
17
100
AcDbEntity
  8
0
100
AcDbLine
 10
-16.83072
 20
1.4552700000000005
 30
0.0
 11
-16.71423
 21
1.6300999999999988
 31
0.0
  0
LINE
  5
1B4
330
17
100
AcDbEntity
  8
0
100
AcDbLine
 10
-8.4017
 20
0.7410300000000003
 30
0.0
 11
-8.38541
 21
1.07245
 31
0.0
  0
LINE
  5
1B5
330
17
100
AcDbEntity
  8
0
100
AcDbLine
 10
-16.71423
 20
1.6300999999999988
 30
0.0
 11
-16.574019999999997
 21
1.8001499999999986
 31
0.0
  0
LINE
  5
1B6
330
17
100
AcDbEntity
  8
0
100
AcDbLine
 10
-8.43645
 20
0.5067299999999992
 30
0.0
 11
-8.4017
 21
0.7410300000000003
 31
0.0
  0
LINE
  5
1B7
330
17
100
AcDbEntity
  8
0
100
AcDbLine
 10
-16.574019999999997
 20
1.8001499999999986
 30
0.0
 11
-16.4184
 21
1.9531899999999993
 31
0.0
  0
LINE
  5
1B8
330
17
100
AcDbEntity
  8
0
100
AcDbLine
 10
-8.48475
 20
0.3098099999999988
 30
0.0
 11
-8.43645
 21
0.5067299999999992
 31
0.0
  0
LINE
  5
1B9
330
17
100
AcDbEntity
  8
0
100
AcDbLine
 10
-16.4184
 20
1.9531899999999993
 30
0.0
 11
-16.2443
 21
2.0925399999999996
 31
0.0
  0
LINE
  5
1BA
330
17
100
AcDbEntity
  8
0
100
AcDbLine
 10
-8.543759999999999
 20
0.1407399999999992
 30
0.0
 11
-8.48475
 21
0.3098099999999988
 31
0.0
  0
LINE
  5
1BB
330
17
100
AcDbEntity
  8
0
100
AcDbLine
 10
-16.2443
 20
2.0925399999999996
 30
0.0
 11
-16.04705
 21
2.22039
 31
0.0
  0
LINE
  5
1BC
330
17
100
AcDbEntity
  8
0
100
AcDbLine
 10
-8.612160000000001
 20
-0.007220000000000226
 30
0.0
 11
-8.543759999999999
 21
0.1407399999999992
 31
0.0
  0
LINE
  5
1BD
330
17
100
AcDbEntity
  8
0
100
AcDbLine
 10
-16.04705
 20
2.22039
 30
0.0
 11
-15.89583
 21
2.3016199999999998
 31
0.0
  0
LINE
  5
1BE
330
17
100
AcDbEntity
  8
0
100
AcDbLine
 10
-8.689779999999999
 20
-0.13903
 30
0.0
 11
-8.612160000000001
 21
-0.007220000000000226
 31
0.0
  0
LINE
  5
1BF
330
17
100
AcDbEntity
  8
0
100
AcDbLine
 10
-15.89583
 20
2.3016199999999998
 30
0.0
 11
-15.68681
 21
2.3918099999999995
 31
0.0
  0
LINE
  5
1C0
330
17
100
AcDbEntity
  8
0
100
AcDbLine
 10
-8.77741
 20
-0.25834000000000046
 30
0.0
 11
-8.689779999999999
 21
-0.13903
 31
0.0
  0
LINE
  5
1C1
330
17
100
AcDbEntity
  8
0
100
AcDbLine
 10
-15.68681
 20
2.3918099999999995
 30
0.0
 11
-15.45346
 21
2.46669
 31
0.0
  0
LINE
  5
1C2
330
17
100
AcDbEntity
  8
0
100
AcDbLine
 10
-8.87683
 20
-0.36789000000000094
 30
0.0
 11
-8.77741
 21
-0.25834000000000046
 31
0.0
  0
LINE
  5
1C3
330
17
100
AcDbEntity
  8
0
100
AcDbLine
 10
-15.45346
 20
2.46669
 30
0.0
 11
-15.16116
 21
2.5320199999999993
 31
0.0
  0
LINE
  5
1C4
330
17
100
AcDbEntity
  8
0
100
AcDbLine
 10
-8.99074
 20
-0.46943999999999875
 30
0.0
 11
-8.87683
 21
-0.36789000000000094
 31
0.0
  0
LINE
  5
1C5
330
17
100
AcDbEntity
  8
0
100
AcDbLine
 10
-15.16116
 20
2.5320199999999993
 30
0.0
 11
-14.78692
 21
2.5814299999999992
 31
0.0
  0
LINE
  5
1C6
330
17
100
AcDbEntity
  8
0
100
AcDbLine
 10
-9.10937
 20
-0.5551500000000011
 30
0.0
 11
-8.99074
 21
-0.46943999999999875
 31
0.0
  0
LINE
  5
1C7
330
17
100
AcDbEntity
  8
0
100
AcDbLine
 10
-14.78692
 20
2.5814299999999992
 30
0.0
 11
-14.26041
 21
2.603699999999998
 31
0.0
  0
LINE
  5
1C8
330
17
100
AcDbEntity
  8
0
100
AcDbLine
 10
-9.283619999999999
 20
-0.6568400000000008
 30
0.0
 11
-9.10937
 21
-0.5551500000000011
 31
0.0
  0
LINE
  5
1C9
330
17
100
AcDbEntity
  8
0
100
AcDbLine
 10
-14.26041
 20
2.603699999999998
 30
0.0
 11
-13.65973
 21
2.5739599999999996
 31
0.0
  0
LINE
  5
1CA
330
17
100
AcDbEntity
  8
0
100
AcDbLine
 10
-9.49889
 20
-0.75596
 30
0.0
 11
-9.283619999999999
 21
-0.6568400000000008
 31
0.0
  0
LINE
  5
1CB
330
17
100
AcDbEntity
  8
0
100
AcDbLine
 10
-13.65973
 20
2.5739599999999996
 30
0.0
 11
-13.28139
 21
2.5164100000000005
 31
0.0
  0
LINE
  5
1CC
330
17
100
AcDbEntity
  8
0
100
AcDbLine
 10
-9.76668
 20
-0.8489900000000006
 30
0.0
 11
-9.49889
 21
-0.75596
 31
0.0
  0
LINE
  5
1CD
330
17
100
AcDbEntity
  8
0
100
AcDbLine
 10
-13.28139
 20
2.5164100000000005
 30
0.0
 11
-12.99265
 21
2.4437099999999994
 31
0.0
  0
LINE
  5
1CE
330
17
100
AcDbEntity
  8
0
100
AcDbLine
 10
-10.10919
 20
-0.9320199999999996
 30
0.0
 11
-9.76668
 21
-0.8489900000000006
 31
0.0
  0
LINE
  5
1CF
330
17
100
AcDbEntity
  8
0
100
AcDbLine
 10
-12.99265
 20
2.4437099999999994
 30
0.0
 11
-12.76658
 21
2.36294
 31
0.0
  0
LINE
  5
1D0
330
17
100
AcDbEntity
  8
0
100
AcDbLine
 10
-10.56118
 20
-0.9967300000000012
 30
0.0
 11
-10.10919
 21
-0.9320199999999996
 31
0.0
  0
LINE
  5
1D1
330
17
100
AcDbEntity
  8
0
100
AcDbLine
 10
-12.76658
 20
2.36294
 30
0.0
 11
-12.70312
 21
2.335469999999999
 31
0.0
  0
LINE
  5
1D2
330
17
100
AcDbEntity
  8
0
100
AcDbLine
 10
-11.21354
 20
-1.0265000000000004
 30
0.0
 11
-10.56118
 21
-0.9967300000000012
 31
0.0
  0
LINE
  5
1D3
330
17
100
AcDbEntity
  8
0
100
AcDbLine
 10
-12.70312
 20
2.335469999999999
 30
0.0
 11
-12.478990000000001
 21
2.221029999999999
 31
0.0
  0
LINE
  5
1D4
330
17
100
AcDbEntity
  8
0
100
AcDbLine
 10
-11.24012
 20
-0.30008000000000123
 30
0.0
 11
-11.21354
 21
-1.0265000000000004
 31
0.0
  0
LINE
  5
1D5
330
17
100
AcDbEntity
  8
0
100
AcDbLine
 10
-12.478990000000001
 20
2.221029999999999
 30
0.0
 11
-12.28788
 21
2.0985200000000006
 31
0.0
  0
LINE
  5
1D6
330
17
100
AcDbEntity
  8
0
100
AcDbLine
 10
-11.32812
 20
0.42140999999999984
 30
0.0
 11
-11.24012
 21
-0.30008000000000123
 31
0.0
  0
LINE
  5
1D7
330
17
100
AcDbEntity
  8
0
100
AcDbLine
 10
-12.28788
 20
2.0985200000000006
 30
0.0
 11
-12.10477
 21
1.9523700000000002
 31
0.0
  0
LINE
  5
1D8
330
17
100
AcDbEntity
  8
0
100
AcDbLine
 10
-11.34614
 20
0.518419999999999
 30
0.0
 11
-11.32812
 21
0.42140999999999984
 31
0.0
  0
LINE
  5
1D9
330
17
100
AcDbEntity
  8
0
100
AcDbLine
 10
-12.10477
 20
1.9523700000000002
 30
0.0
 11
-11.94917
 21
1.7978500000000004
 31
0.0
  0
LINE
  5
1DA
330
17
100
AcDbEntity
  8
0
100
AcDbLine
 10
-11.4231
 20
0.8274399999999993
 30
0.0
 11
-11.34614
 21
0.518419999999999
 31
0.0
  0
LINE
  5
1DB
330
17
100
AcDbEntity
  8
0
100
AcDbLine
 10
-11.94917
 20
1.7978500000000004
 30
0.0
 11
-11.815330000000001
 21
1.6333699999999993
 31
0.0
  0
LINE
  5
1DC
330
17
100
AcDbEntity
  8
0
100
AcDbLine
 10
-11.51961
 20
1.0994199999999985
 30
0.0
 11
-11.4231
 21
0.8274399999999993
 31
0.0
  0
LINE
  5
1DD
330
17
100
AcDbEntity
  8
0
100
AcDbLine
 10
-11.815330000000001
 20
1.6333699999999993
 30
0.0
 11
-11.77604
 21
1.5776599999999998
 31
0.0
  0
LINE
  5
1DE
330
17
100
AcDbEntity
  8
0
100
AcDbLine
 10
-11.63434
 20
1.3431999999999995
 30
0.0
 11
-11.51961
 21
1.0994199999999985
 31
0.0
  0
LINE
  5
1DF
330
17
100
AcDbEntity
  8
0
100
AcDbLine
 10
-11.77604
 20
1.5776599999999998
 30
0.0
 11
-11.63434
 21
1.3431999999999995
 31
0.0
  0
LINE
  5
1E0
330
17
100
AcDbEntity
  8
0
100
AcDbLine
 10
-15.13637
 20
-11.710840000000001
 30
0.0
 11
-15.50939
 21
-11.49308
 31
0.0
  0
LINE
  5
1E1
330
17
100
AcDbEntity
  8
0
100
AcDbLine
 10
-14.7552
 20
-11.883280000000001
 30
0.0
 11
-15.13637
 21
-11.710840000000001
 31
0.0
  0
LINE
  5
1E2
330
17
100
AcDbEntity
  8
0
100
AcDbLine
 10
-14.43676
 20
-11.994900000000001
 30
0.0
 11
-14.7552
 21
-11.883280000000001
 31
0.0
  0
LINE
  5
1E3
330
17
100
AcDbEntity
  8
0
100
AcDbLine
 10
-14.002650000000001
 20
-12.1051
 30
0.0
 11
-14.43676
 21
-11.994900000000001
 31
0.0
  0
LINE
  5
1E4
330
17
100
AcDbEntity
  8
0
100
AcDbLine
 10
-13.5153
 20
-12.179070000000001
 30
0.0
 11
-14.002650000000001
 21
-12.1051
 31
0.0
  0
LINE
  5
1E5
330
17
100
AcDbEntity
  8
0
100
AcDbLine
 10
-12.92187
 20
-12.20879
 30
0.0
 11
-13.5153
 21
-12.179070000000001
 31
0.0
  0
LINE
  5
1E6
330
17
100
AcDbEntity
  8
0
100
AcDbLine
 10
-12.55621
 20
-12.19419
 30
0.0
 11
-12.92187
 21
-12.20879
 31
0.0
  0
LINE
  5
1E7
330
17
100
AcDbEntity
  8
0
100
AcDbLine
 10
-12.22857
 20
-12.1523
 30
0.0
 11
-12.55621
 21
-12.19419
 31
0.0
  0
LINE
  5
1E8
330
17
100
AcDbEntity
  8
0
100
AcDbLine
 10
-11.95388
 20
-12.09083
 30
0.0
 11
-12.22857
 21
-12.1523
 31
0.0
  0
LINE
  5
1E9
330
17
100
AcDbEntity
  8
0
100
AcDbLine
 10
-11.718549999999999
 20
-12.01412
 30
0.0
 11
-11.95388
 21
-12.09083
 31
0.0
  0
LINE
  5
1EA
330
17
100
AcDbEntity
  8
0
100
AcDbLine
 10
-11.512970000000001
 20
-11.92427
 30
0.0
 11
-11.718549999999999
 21
-12.01412
 31
0.0
  0
LINE
  5
1EB
330
17
100
AcDbEntity
  8
0
100
AcDbLine
 10
-11.33011
 20
-11.82175
 30
0.0
 11
-11.512970000000001
 21
-11.92427
 31
0.0
  0
LINE
  5
1EC
330
17
100
AcDbEntity
  8
0
100
AcDbLine
 10
-11.16479
 20
-11.705720000000001
 30
0.0
 11
-11.33011
 21
-11.82175
 31
0.0
  0
LINE
  5
1ED
330
17
100
AcDbEntity
  8
0
100
AcDbLine
 10
-11.01323
 20
-11.574110000000001
 30
0.0
 11
-11.16479
 21
-11.705720000000001
 31
0.0
  0
LINE
  5
1EE
330
17
100
AcDbEntity
  8
0
100
AcDbLine
 10
-10.88281
 20
-11.435360000000001
 30
0.0
 11
-11.01323
 21
-11.574110000000001
 31
0.0
  0
LINE
  5
1EF
330
17
100
AcDbEntity
  8
0
100
AcDbLine
 10
-10.85186
 20
-11.39814
 30
0.0
 11
-10.88281
 21
-11.435360000000001
 31
0.0
  0
LINE
  5
1F0
330
17
100
AcDbEntity
  8
0
100
AcDbLine
 10
-10.72855
 20
-11.22992
 30
0.0
 11
-10.85186
 21
-11.39814
 31
0.0
  0
LINE
  5
1F1
330
17
100
AcDbEntity
  8
0
100
AcDbLine
 10
-10.61251
 20
-11.03392
 30
0.0
 11
-10.72855
 21
-11.22992
 31
0.0
  0
LINE
  5
1F2
330
17
100
AcDbEntity
  8
0
100
AcDbLine
 10
-10.50417
 20
-10.80181
 30
0.0
 11
-10.61251
 21
-11.03392
 31
0.0
  0
LINE
  5
1F3
330
17
100
AcDbEntity
  8
0
100
AcDbLine
 10
-10.40507
 20
-10.52097
 30
0.0
 11
-10.50417
 21
-10.80181
 31
0.0
  0
LINE
  5
1F4
330
17
100
AcDbEntity
  8
0
100
AcDbLine
 10
-10.31901
 20
-10.172550000000001
 30
0.0
 11
-10.40507
 21
-10.52097
 31
0.0
  0
LINE
  5
1F5
330
17
100
AcDbEntity
  8
0
100
AcDbLine
 10
-10.25371
 20
-9.727910000000001
 30
0.0
 11
-10.31901
 21
-10.172550000000001
 31
0.0
  0
LINE
  5
1F6
330
17
100
AcDbEntity
  8
0
100
AcDbLine
 10
-10.22395
 20
-9.09942
 30
0.0
 11
-10.25371
 21
-9.727910000000001
 31
0.0
  0
LINE
  5
1F7
330
17
100
AcDbEntity
  8
0
100
AcDbLine
 10
-10.229280000000001
 20
-8.81991
 30
0.0
 11
-10.22395
 21
-9.09942
 31
0.0
  0
LINE
  5
1F8
330
17
100
AcDbEntity
  8
0
100
AcDbLine
 10
-10.27551
 20
-8.261970000000002
 30
0.0
 11
-10.229280000000001
 21
-8.81991
 31
0.0
  0
LINE
  5
1F9
330
17
100
AcDbEntity
  8
0
100
AcDbLine
 10
-10.357109999999999
 20
-7.79975
 30
0.0
 11
-10.27551
 21
-8.261970000000002
 31
0.0
  0
LINE
  5
1FA
330
17
100
AcDbEntity
  8
0
100
AcDbLine
 10
-10.47656
 20
-7.372860000000001
 30
0.0
 11
-10.357109999999999
 21
-7.79975
 31
0.0
  0
LINE
  5
1FB
330
17
100
AcDbEntity
  8
0
100
AcDbLine
 10
-10.54799
 20
-7.18152
 30
0.0
 11
-10.47656
 21
-7.372860000000001
 31
0.0
  0
LINE
  5
1FC
330
17
100
AcDbEntity
  8
0
100
AcDbLine
 10
-10.667440000000001
 20
-6.92745
 30
0.0
 11
-10.54799
 21
-7.18152
 31
0.0
  0
LINE
  5
1FD
330
17
100
AcDbEntity
  8
0
100
AcDbLine
 10
-10.811209999999999
 20
-6.68632
 30
0.0
 11
-10.667440000000001
 21
-6.92745
 31
0.0
  0
LINE
  5
1FE
330
17
100
AcDbEntity
  8
0
100
AcDbLine
 10
-10.97794
 20
-6.46044
 30
0.0
 11
-10.811209999999999
 21
-6.68632
 31
0.0
  0
LINE
  5
1FF
330
17
100
AcDbEntity
  8
0
100
AcDbLine
 10
-11.16599
 20
-6.25199
 30
0.0
 11
-10.97794
 21
-6.46044
 31
0.0
  0
LINE
  5
200
330
17
100
AcDbEntity
  8
0
100
AcDbLine
 10
-11.3151
 20
-6.11244
 30
0.0
 11
-11.16599
 21
-6.25199
 31
0.0
  0
LINE
  5
201
330
17
100
AcDbEntity
  8
0
100
AcDbLine
 10
-11.38273
 20
-6.05499
 30
0.0
 11
-11.3151
 21
-6.11244
 31
0.0
  0
LINE
  5
202
330
17
100
AcDbEntity
  8
0
100
AcDbLine
 10
-11.63161
 20
-5.869740000000001
 30
0.0
 11
-11.38273
 21
-6.05499
 31
0.0
  0
LINE
  5
203
330
17
100
AcDbEntity
  8
0
100
AcDbLine
 10
-11.93457
 20
-5.687200000000001
 30
0.0
 11
-11.63161
 21
-5.869740000000001
 31
0.0
  0
LINE
  5
204
330
17
100
AcDbEntity
  8
0
100
AcDbLine
 10
-12.3093
 20
-5.5085
 30
0.0
 11
-11.93457
 21
-5.687200000000001
 31
0.0
  0
LINE
  5
205
330
17
100
AcDbEntity
  8
0
100
AcDbLine
 10
-12.85156
 20
-5.31557
 30
0.0
 11
-12.3093
 21
-5.5085
 31
0.0
  0
LINE
  5
206
330
17
100
AcDbEntity
  8
0
100
AcDbLine
 10
-13.1588
 20
-5.23243
 30
0.0
 11
-12.85156
 21
-5.31557
 31
0.0
  0
LINE
  5
207
330
17
100
AcDbEntity
  8
0
100
AcDbLine
 10
-13.918619999999999
 20
-5.085750000000001
 30
0.0
 11
-13.1588
 21
-5.23243
 31
0.0
  0
LINE
  5
208
330
17
100
AcDbEntity
  8
0
100
AcDbLine
 10
-15.21875
 20
-4.964
 30
0.0
 11
-13.918619999999999
 21
-5.085750000000001
 31
0.0
  0
LINE
  5
209
330
17
100
AcDbEntity
  8
0
100
AcDbLine
 10
-17.34895
 20
-4.865050000000001
 30
0.0
 11
-15.21875
 21
-4.964
 31
0.0
  0
LINE
  5
20A
330
17
100
AcDbEntity
  8
0
100
AcDbLine
 10
-17.34895
 20
-7.56817
 30
0.0
 11
-17.34895
 21
-4.865050000000001
 31
0.0
  0
LINE
  5
20B
330
17
100
AcDbEntity
  8
0
100
AcDbLine
 10
-17.342
 20
-7.8819300000000005
 30
0.0
 11
-17.34895
 21
-7.56817
 31
0.0
  0
LINE
  5
20C
330
17
100
AcDbEntity
  8
0
100
AcDbLine
 10
-17.28819
 20
-8.469850000000001
 30
0.0
 11
-17.342
 21
-7.8819300000000005
 31
0.0
  0
LINE
  5
20D
330
17
100
AcDbEntity
  8
0
100
AcDbLine
 10
-17.18992
 20
-8.9883
 30
0.0
 11
-17.28819
 21
-8.469850000000001
 31
0.0
  0
LINE
  5
20E
330
17
100
AcDbEntity
  8
0
100
AcDbLine
 10
-17.04166
 20
-9.48744
 30
0.0
 11
-17.18992
 21
-8.9883
 31
0.0
  0
LINE
  5
20F
330
17
100
AcDbEntity
  8
0
100
AcDbLine
 10
-17.01998
 20
-9.54705
 30
0.0
 11
-17.04166
 21
-9.48744
 31
0.0
  0
LINE
  5
210
330
17
100
AcDbEntity
  8
0
100
AcDbLine
 10
-16.843529999999998
 20
-9.95984
 30
0.0
 11
-17.01998
 21
-9.54705
 31
0.0
  0
LINE
  5
211
330
17
100
AcDbEntity
  8
0
100
AcDbLine
 10
-16.6453
 20
-10.31993
 30
0.0
 11
-16.843529999999998
 21
-9.95984
 31
0.0
  0
LINE
  5
212
330
17
100
AcDbEntity
  8
0
100
AcDbLine
 10
-16.4217
 20
-10.644120000000001
 30
0.0
 11
-16.6453
 21
-10.31993
 31
0.0
  0
LINE
  5
213
330
17
100
AcDbEntity
  8
0
100
AcDbLine
 10
-16.15625
 20
-10.95359
 30
0.0
 11
-16.4217
 21
-10.644120000000001
 31
0.0
  0
LINE
  5
214
330
17
100
AcDbEntity
  8
0
100
AcDbLine
 10
-16.10659
 20
-11.004520000000001
 30
0.0
 11
-16.15625
 21
-10.95359
 31
0.0
  0
LINE
  5
215
330
17
100
AcDbEntity
  8
0
100
AcDbLine
 10
-15.834489999999999
 20
-11.25271
 30
0.0
 11
-16.10659
 21
-11.004520000000001
 31
0.0
  0
LINE
  5
216
330
17
100
AcDbEntity
  8
0
100
AcDbLine
 10
-15.50939
 20
-11.49308
 30
0.0
 11
-15.834489999999999
 21
-11.25271
 31
0.0
  0
LINE
  5
217
330
17
100
AcDbEntity
  8
0
100
AcDbLine
 10
86.23143
 20
-12.51272
 30
0.0
 11
85.70052
 21
-12.45097
 31
0.0
  0
LINE
  5
218
330
17
100
AcDbEntity
  8
0
100
AcDbLine
 10
86.76562
 20
-12.53149
 30
0.0
 11
86.23143
 21
-12.51272
 31
0.0
  0
LINE
  5
219
330
17
100
AcDbEntity
  8
0
100
AcDbLine
 10
85.70052
 20
-12.45097
 30
0.0
 11
85.46087
 21
-12.40024
 31
0.0
  0
LINE
  5
21A
330
17
100
AcDbEntity
  8
0
100
AcDbLine
 10
87.1875
 20
-12.5317
 30
0.0
 11
86.76562
 21
-12.53149
 31
0.0
  0
LINE
  5
21B
330
17
100
AcDbEntity
  8
0
100
AcDbLine
 10
85.46087
 20
-12.40024
 30
0.0
 11
85.25132
 21
-12.333910000000001
 31
0.0
  0
LINE
  5
21C
330
17
100
AcDbEntity
  8
0
100
AcDbLine
 10
87.1875
 20
-13.93275
 30
0.0
 11
87.1875
 21
-12.5317
 31
0.0
  0
LINE
  5
21D
330
17
100
AcDbEntity
  8
0
100
AcDbLine
 10
85.25132
 20
-12.333910000000001
 30
0.0
 11
85.06429999999999
 21
-12.25381
 31
0.0
  0
LINE
  5
21E
330
17
100
AcDbEntity
  8
0
100
AcDbLine
 10
77.48958
 20
-13.93275
 30
0.0
 11
87.1875
 21
-13.93275
 31
0.0
  0
LINE
  5
21F
330
17
100
AcDbEntity
  8
0
100
AcDbLine
 10
85.06429999999999
 20
-12.25381
 30
0.0
 11
84.87941000000001
 21
-12.15103
 31
0.0
  0
LINE
  5
220
330
17
100
AcDbEntity
  8
0
100
AcDbLine
 10
77.48958
 20
-12.5317
 30
0.0
 11
77.48958
 21
-13.93275
 31
0.0
  0
LINE
  5
221
330
17
100
AcDbEntity
  8
0
100
AcDbLine
 10
84.87941000000001
 20
-12.15103
 30
0.0
 11
84.82812000000001
 21
-12.11764
 31
0.0
  0
LINE
  5
222
330
17
100
AcDbEntity
  8
0
100
AcDbLine
 10
77.92707999999999
 20
-12.53157
 30
0.0
 11
77.48958
 21
-12.5317
 31
0.0
  0
LINE
  5
223
330
17
100
AcDbEntity
  8
0
100
AcDbLine
 10
84.82812000000001
 20
-12.11764
 30
0.0
 11
84.69827000000001
 21
-12.01947
 31
0.0
  0
LINE
  5
224
330
17
100
AcDbEntity
  8
0
100
AcDbLine
 10
78.45734
 20
-12.51229
 30
0.0
 11
77.92707999999999
 21
-12.53157
 31
0.0
  0
LINE
  5
225
330
17
100
AcDbEntity
  8
0
100
AcDbLine
 10
84.69827000000001
 20
-12.01947
 30
0.0
 11
84.58474000000001
 21
-11.91301
 31
0.0
  0
LINE
  5
226
330
17
100
AcDbEntity
  8
0
100
AcDbLine
 10
78.98437
 20
-12.45097
 30
0.0
 11
78.45734
 21
-12.51229
 31
0.0
  0
LINE
  5
227
330
17
100
AcDbEntity
  8
0
100
AcDbLine
 10
84.58474000000001
 20
-11.91301
 30
0.0
 11
84.47967000000001
 21
-11.79221
 31
0.0
  0
LINE
  5
228
330
17
100
AcDbEntity
  8
0
100
AcDbLine
 10
79.09611
 20
-12.430670000000001
 30
0.0
 11
78.98437
 21
-12.45097
 31
0.0
  0
LINE
  5
229
330
17
100
AcDbEntity
  8
0
100
AcDbLine
 10
84.47967000000001
 20
-11.79221
 30
0.0
 11
84.38145
 21
-11.653590000000001
 31
0.0
  0
LINE
  5
22A
330
17
100
AcDbEntity
  8
0
100
AcDbLine
 10
79.31742999999999
 20
-12.37454
 30
0.0
 11
79.09611
 21
-12.430670000000001
 31
0.0
  0
LINE
  5
22B
330
17
100
AcDbEntity
  8
0
100
AcDbLine
 10
84.38145
 20
-11.653590000000001
 30
0.0
 11
84.2893
 21
-11.492230000000001
 31
0.0
  0
LINE
  5
22C
330
17
100
AcDbEntity
  8
0
100
AcDbLine
 10
79.51263
 20
-12.30429
 30
0.0
 11
79.31742999999999
 21
-12.37454
 31
0.0
  0
LINE
  5
22D
330
17
100
AcDbEntity
  8
0
100
AcDbLine
 10
84.2893
 20
-11.492230000000001
 30
0.0
 11
84.24219
 21
-11.393690000000001
 31
0.0
  0
LINE
  5
22E
330
17
100
AcDbEntity
  8
0
100
AcDbLine
 10
79.68796
 20
-12.220780000000001
 30
0.0
 11
79.51263
 21
-12.30429
 31
0.0
  0
LINE
  5
22F
330
17
100
AcDbEntity
  8
0
100
AcDbLine
 10
84.24219
 20
-11.393690000000001
 30
0.0
 11
84.17442
 21
-11.218
 31
0.0
  0
LINE
  5
230
330
17
100
AcDbEntity
  8
0
100
AcDbLine
 10
79.85677
 20
-12.11764
 30
0.0
 11
79.68796
 21
-12.220780000000001
 31
0.0
  0
LINE
  5
231
330
17
100
AcDbEntity
  8
0
100
AcDbLine
 10
84.17442
 20
-11.218
 30
0.0
 11
84.11882
 21
-11.01918
 31
0.0
  0
LINE
  5
232
330
17
100
AcDbEntity
  8
0
100
AcDbLine
 10
79.8983
 20
-12.08802
 30
0.0
 11
79.85677
 21
-12.11764
 31
0.0
  0
LINE
  5
233
330
17
100
AcDbEntity
  8
0
100
AcDbLine
 10
84.11882
 20
-11.01918
 30
0.0
 11
84.07148000000001
 21
-10.764330000000001
 31
0.0
  0
LINE
  5
234
330
17
100
AcDbEntity
  8
0
100
AcDbLine
 10
80.01381
 20
-11.99351
 30
0.0
 11
79.8983
 21
-12.08802
 31
0.0
  0
LINE
  5
235
330
17
100
AcDbEntity
  8
0
100
AcDbLine
 10
84.07148000000001
 20
-10.764330000000001
 30
0.0
 11
84.03542999999999
 21
-10.35481
 31
0.0
  0
LINE
  5
236
330
17
100
AcDbEntity
  8
0
100
AcDbLine
 10
80.13602999999999
 20
-11.87025
 30
0.0
 11
80.01381
 21
-11.99351
 31
0.0
  0
LINE
  5
237
330
17
100
AcDbEntity
  8
0
100
AcDbLine
 10
84.03542999999999
 20
-10.35481
 30
0.0
 11
84.03125
 21
-10.14109
 31
0.0
  0
LINE
  5
238
330
17
100
AcDbEntity
  8
0
100
AcDbLine
 10
80.24148000000001
 20
-11.73919
 30
0.0
 11
80.13602999999999
 21
-11.87025
 31
0.0
  0
LINE
  5
239
330
17
100
AcDbEntity
  8
0
100
AcDbLine
 10
84.03125
 20
-10.14109
 30
0.0
 11
84.03125
 21
3.98423
 31
0.0
  0
LINE
  5
23A
330
17
100
AcDbEntity
  8
0
100
AcDbLine
 10
80.34362
 20
-11.58314
 30
0.0
 11
80.24148000000001
 21
-11.73919
 31
0.0
  0
LINE
  5
23B
330
17
100
AcDbEntity
  8
0
100
AcDbLine
 10
84.03125
 20
3.98423
 30
0.0
 11
84.58334
 21
4.19852
 31
0.0
  0
LINE
  5
23C
330
17
100
AcDbEntity
  8
0
100
AcDbLine
 10
80.44271
 20
-11.393690000000001
 30
0.0
 11
80.34362
 21
-11.58314
 31
0.0
  0
LINE
  5
23D
330
17
100
AcDbEntity
  8
0
100
AcDbLine
 10
84.58334
 20
4.19852
 30
0.0
 11
85.10892
 21
4.471459999999999
 31
0.0
  0
LINE
  5
23E
330
17
100
AcDbEntity
  8
0
100
AcDbLine
 10
80.47946
 20
-11.308480000000001
 30
0.0
 11
80.44271
 21
-11.393690000000001
 31
0.0
  0
LINE
  5
23F
330
17
100
AcDbEntity
  8
0
100
AcDbLine
 10
85.10892
 20
4.471459999999999
 30
0.0
 11
85.60178
 21
4.799829999999998
 31
0.0
  0
LINE
  5
240
330
17
100
AcDbEntity
  8
0
100
AcDbLine
 10
80.54139
 20
-11.12857
 30
0.0
 11
80.47946
 21
-11.308480000000001
 31
0.0
  0
LINE
  5
241
330
17
100
AcDbEntity
  8
0
100
AcDbLine
 10
85.60178
 20
4.799829999999998
 30
0.0
 11
86.05608
 21
5.17975
 31
0.0
  0
LINE
  5
242
330
17
100
AcDbEntity
  8
0
100
AcDbLine
 10
80.59773000000001
 20
-10.89415
 30
0.0
 11
80.54139
 21
-11.12857
 31
0.0
  0
LINE
  5
243
330
17
100
AcDbEntity
  8
0
100
AcDbLine
 10
86.05608
 20
5.17975
 30
0.0
 11
86.46647
 21
5.606730000000001
 31
0.0
  0
LINE
  5
244
330
17
100
AcDbEntity
  8
0
100
AcDbLine
 10
80.64164
 20
-10.58329
 30
0.0
 11
80.59773000000001
 21
-10.89415
 31
0.0
  0
LINE
  5
245
330
17
100
AcDbEntity
  8
0
100
AcDbLine
 10
86.46647
 20
5.606730000000001
 30
0.0
 11
86.82811
 21
6.075719999999999
 31
0.0
  0
LINE
  5
246
330
17
100
AcDbEntity
  8
0
100
AcDbLine
 10
80.66146
 20
-10.14109
 30
0.0
 11
80.64164
 21
-10.58329
 31
0.0
  0
LINE
  5
247
330
17
100
AcDbEntity
  8
0
100
AcDbLine
 10
86.82811
 20
6.075719999999999
 30
0.0
 11
87.13669999999999
 21
6.581189999999998
 31
0.0
  0
LINE
  5
248
330
17
100
AcDbEntity
  8
0
100
AcDbLine
 10
80.66146
 20
3.979149999999999
 30
0.0
 11
80.66146
 21
-10.14109
 31
0.0
  0
LINE
  5
249
330
17
100
AcDbEntity
  8
0
100
AcDbLine
 10
87.13669999999999
 20
6.581189999999998
 30
0.0
 11
87.38861
 21
7.11716
 31
0.0
  0
LINE
  5
24A
330
17
100
AcDbEntity
  8
0
100
AcDbLine
 10
80.10871
 20
4.19178
 30
0.0
 11
80.66146
 21
3.979149999999999
 31
0.0
  0
LINE
  5
24B
330
17
100
AcDbEntity
  8
0
100
AcDbLine
 10
87.38861
 20
7.11716
 30
0.0
 11
87.58087
 21
7.677309999999997
 31
0.0
  0
LINE
  5
24C
330
17
100
AcDbEntity
  8
0
100
AcDbLine
 10
79.58232
 20
4.463130000000001
 30
0.0
 11
80.10871
 21
4.19178
 31
0.0
  0
LINE
  5
24D
330
17
100
AcDbEntity
  8
0
100
AcDbLine
 10
87.58087
 20
7.677309999999997
 30
0.0
 11
87.71122000000001
 21
8.255009999999997
 31
0.0
  0
LINE
  5
24E
330
17
100
AcDbEntity
  8
0
100
AcDbLine
 10
79.08848
 20
4.7900100000000005
 30
0.0
 11
79.58232
 21
4.463130000000001
 31
0.0
  0
LINE
  5
24F
330
17
100
AcDbEntity
  8
0
100
AcDbLine
 10
87.71122000000001
 20
8.255009999999997
 30
0.0
 11
87.77807999999999
 21
8.843450000000002
 31
0.0
  0
LINE
  5
250
330
17
100
AcDbEntity
  8
0
100
AcDbLine
 10
78.63303
 20
5.168560000000001
 30
0.0
 11
79.08848
 21
4.7900100000000005
 31
0.0
  0
LINE
  5
251
330
17
100
AcDbEntity
  8
0
100
AcDbLine
 10
87.77807999999999
 20
8.843450000000002
 30
0.0
 11
87.78071
 21
9.43567
 31
0.0
  0
LINE
  5
252
330
17
100
AcDbEntity
  8
0
100
AcDbLine
 10
78.22136
 20
5.594299999999999
 30
0.0
 11
78.63303
 21
5.168560000000001
 31
0.0
  0
LINE
  5
253
330
17
100
AcDbEntity
  8
0
100
AcDbLine
 10
87.78071
 20
9.43567
 30
0.0
 11
87.71903
 21
10.024679999999998
 31
0.0
  0
LINE
  5
254
330
17
100
AcDbEntity
  8
0
100
AcDbLine
 10
77.85831
 20
6.062199999999999
 30
0.0
 11
78.22136
 21
5.594299999999999
 31
0.0
  0
LINE
  5
255
330
17
100
AcDbEntity
  8
0
100
AcDbLine
 10
87.71903
 20
10.024679999999998
 30
0.0
 11
87.59380999999999
 21
10.603509999999998
 31
0.0
  0
LINE
  5
256
330
17
100
AcDbEntity
  8
0
100
AcDbLine
 10
77.54819
 20
6.566729999999998
 30
0.0
 11
77.85831
 21
6.062199999999999
 31
0.0
  0
LINE
  5
257
330
17
100
AcDbEntity
  8
0
100
AcDbLine
 10
87.59380999999999
 20
10.603509999999998
 30
0.0
 11
87.4065
 21
11.165340000000002
 31
0.0
  0
LINE
  5
258
330
17
100
AcDbEntity
  8
0
100
AcDbLine
 10
77.29466000000001
 20
7.101940000000001
 30
0.0
 11
77.54819
 21
6.566729999999998
 31
0.0
  0
LINE
  5
259
330
17
100
AcDbEntity
  8
0
100
AcDbLine
 10
87.4065
 20
11.165340000000002
 30
0.0
 11
87.15933
 21
11.70351
 31
0.0
  0
LINE
  5
25A
330
17
100
AcDbEntity
  8
0
100
AcDbLine
 10
77.10071
 20
7.661509999999998
 30
0.0
 11
77.29466000000001
 21
7.101940000000001
 31
0.0
  0
LINE
  5
25B
330
17
100
AcDbEntity
  8
0
100
AcDbLine
 10
87.15933
 20
11.70351
 30
0.0
 11
86.85521
 21
12.211689999999999
 31
0.0
  0
LINE
  5
25C
330
17
100
AcDbEntity
  8
0
100
AcDbLine
 10
76.96862999999999
 20
8.238819999999999
 30
0.0
 11
77.10071
 21
7.661509999999998
 31
0.0
  0
LINE
  5
25D
330
17
100
AcDbEntity
  8
0
100
AcDbLine
 10
86.85521
 20
12.211689999999999
 30
0.0
 11
86.49774000000001
 21
12.683860000000001
 31
0.0
  0
LINE
  5
25E
330
17
100
AcDbEntity
  8
0
100
AcDbLine
 10
76.89998000000001
 20
8.827049999999998
 30
0.0
 11
76.96862999999999
 21
8.238819999999999
 31
0.0
  0
LINE
  5
25F
330
17
100
AcDbEntity
  8
0
100
AcDbLine
 10
86.49774000000001
 20
12.683860000000001
 30
0.0
 11
86.09114
 21
13.11445
 31
0.0
  0
LINE
  5
260
330
17
100
AcDbEntity
  8
0
100
AcDbLine
 10
76.89558000000001
 20
9.41926
 30
0.0
 11
76.89998000000001
 21
8.827049999999998
 31
0.0
  0
LINE
  5
261
330
17
100
AcDbEntity
  8
0
100
AcDbLine
 10
86.09114
 20
13.11445
 30
0.0
 11
85.64021
 21
13.49836
 31
0.0
  0
LINE
  5
262
330
17
100
AcDbEntity
  8
0
100
AcDbLine
 10
76.95546999999999
 20
10.008450000000002
 30
0.0
 11
76.89558000000001
 21
9.41926
 31
0.0
  0
LINE
  5
263
330
17
100
AcDbEntity
  8
0
100
AcDbLine
 10
85.64021
 20
13.49836
 30
0.0
 11
85.15027
 21
13.831069999999999
 31
0.0
  0
LINE
  5
264
330
17
100
AcDbEntity
  8
0
100
AcDbLine
 10
77.07896
 20
10.587660000000001
 30
0.0
 11
76.95546999999999
 21
10.008450000000002
 31
0.0
  0
LINE
  5
265
330
17
100
AcDbEntity
  8
0
100
AcDbLine
 10
85.15027
 20
13.831069999999999
 30
0.0
 11
84.62713
 21
14.108649999999999
 31
0.0
  0
LINE
  5
266
330
17
100
AcDbEntity
  8
0
100
AcDbLine
 10
77.26457
 20
11.150039999999999
 30
0.0
 11
77.07896
 21
10.587660000000001
 31
0.0
  0
LINE
  5
267
330
17
100
AcDbEntity
  8
0
100
AcDbLine
 10
84.62713
 20
14.108649999999999
 30
0.0
 11
84.07695
 21
14.327809999999998
 31
0.0
  0
LINE
  5
268
330
17
100
AcDbEntity
  8
0
100
AcDbLine
 10
77.51012
 20
11.68897
 30
0.0
 11
77.26457
 21
11.150039999999999
 31
0.0
  0
LINE
  5
269
330
17
100
AcDbEntity
  8
0
100
AcDbLine
 10
84.07695
 20
14.327809999999998
 30
0.0
 11
83.50623
 21
14.48597
 31
0.0
  0
LINE
  5
26A
330
17
100
AcDbEntity
  8
0
100
AcDbLine
 10
77.81269999999999
 20
12.19806
 30
0.0
 11
77.51012
 21
11.68897
 31
0.0
  0
LINE
  5
26B
330
17
100
AcDbEntity
  8
0
100
AcDbLine
 10
83.50623
 20
14.48597
 30
0.0
 11
82.92172000000001
 21
14.581260000000002
 31
0.0
  0
LINE
  5
26C
330
17
100
AcDbEntity
  8
0
100
AcDbLine
 10
78.16874999999999
 20
12.671299999999997
 30
0.0
 11
77.81269999999999
 21
12.19806
 31
0.0
  0
LINE
  5
26D
330
17
100
AcDbEntity
  8
0
100
AcDbLine
 10
82.92172000000001
 20
14.581260000000002
 30
0.0
 11
82.33032
 21
14.61255
 31
0.0
  0
LINE
  5
26E
330
17
100
AcDbEntity
  8
0
100
AcDbLine
 10
78.57405
 20
13.10311
 30
0.0
 11
78.16874999999999
 21
12.671299999999997
 31
0.0
  0
LINE
  5
26F
330
17
100
AcDbEntity
  8
0
100
AcDbLine
 10
82.33032
 20
14.61255
 30
0.0
 11
81.73902
 21
14.579480000000002
 31
0.0
  0
LINE
  5
270
330
17
100
AcDbEntity
  8
0
100
AcDbLine
 10
79.02382
 20
13.488389999999997
 30
0.0
 11
78.57405
 21
13.10311
 31
0.0
  0
LINE
  5
271
330
17
100
AcDbEntity
  8
0
100
AcDbLine
 10
81.73902
 20
14.579480000000002
 30
0.0
 11
81.15481
 21
14.482429999999999
 31
0.0
  0
LINE
  5
272
330
17
100
AcDbEntity
  8
0
100
AcDbLine
 10
79.51274
 20
13.82258
 30
0.0
 11
79.02382
 21
13.488389999999997
 31
0.0
  0
LINE
  5
273
330
17
100
AcDbEntity
  8
0
100
AcDbLine
 10
81.15481
 20
14.482429999999999
 30
0.0
 11
80.58457
 21
14.322549999999998
 31
0.0
  0
LINE
  5
274
330
17
100
AcDbEntity
  8
0
100
AcDbLine
 10
80.03505
 20
14.101729999999998
 30
0.0
 11
79.51274
 21
13.82258
 31
0.0
  0
LINE
  5
275
330
17
100
AcDbEntity
  8
0
100
AcDbLine
 10
80.58457
 20
14.322549999999998
 30
0.0
 11
80.03505
 21
14.101729999999998
 31
0.0
  0
LINE
  5
276
330
17
100
AcDbEntity
  8
0
100
AcDbLine
 10
77.79957
 20
7.4576699999999985
 30
0.0
 11
77.64303
 21
7.9534199999999995
 31
0.0
  0
LINE
  5
277
330
17
100
AcDbEntity
  8
0
100
AcDbLine
 10
78.0083
 20
6.981529999999998
 30
0.0
 11
77.79957
 21
7.4576699999999985
 31
0.0
  0
LINE
  5
278
330
17
100
AcDbEntity
  8
0
100
AcDbLine
 10
77.64303
 20
7.9534199999999995
 30
0.0
 11
77.54044999999999
 21
8.46308
 31
0.0
  0
LINE
  5
279
330
17
100
AcDbEntity
  8
0
100
AcDbLine
 10
78.2668
 20
6.530479999999999
 30
0.0
 11
78.0083
 21
6.981529999999998
 31
0.0
  0
LINE
  5
27A
330
17
100
AcDbEntity
  8
0
100
AcDbLine
 10
77.54044999999999
 20
8.46308
 30
0.0
 11
77.92707999999999
 21
8.462940000000001
 31
0.0
  0
LINE
  5
27B
330
17
100
AcDbEntity
  8
0
100
AcDbLine
 10
78.57211
 20
6.109689999999999
 30
0.0
 11
78.2668
 21
6.530479999999999
 31
0.0
  0
LINE
  5
27C
330
17
100
AcDbEntity
  8
0
100
AcDbLine
 10
77.92707999999999
 20
8.462940000000001
 30
0.0
 11
78.45734
 21
8.44366
 31
0.0
  0
LINE
  5
27D
330
17
100
AcDbEntity
  8
0
100
AcDbLine
 10
78.9207
 20
5.723999999999998
 30
0.0
 11
78.57211
 21
6.109689999999999
 31
0.0
  0
LINE
  5
27E
330
17
100
AcDbEntity
  8
0
100
AcDbLine
 10
78.45734
 20
8.44366
 30
0.0
 11
78.98437
 21
8.382349999999997
 31
0.0
  0
LINE
  5
27F
330
17
100
AcDbEntity
  8
0
100
AcDbLine
 10
79.30860000000001
 20
5.37786
 30
0.0
 11
78.9207
 21
5.723999999999998
 31
0.0
  0
LINE
  5
280
330
17
100
AcDbEntity
  8
0
100
AcDbLine
 10
78.98437
 20
8.382349999999997
 30
0.0
 11
79.22569
 21
8.331939999999998
 31
0.0
  0
LINE
  5
281
330
17
100
AcDbEntity
  8
0
100
AcDbLine
 10
79.73131
 20
5.0752299999999995
 30
0.0
 11
79.30860000000001
 21
5.37786
 31
0.0
  0
LINE
  5
282
330
17
100
AcDbEntity
  8
0
100
AcDbLine
 10
79.22569
 20
8.331939999999998
 30
0.0
 11
79.4325
 21
8.26713
 31
0.0
  0
LINE
  5
283
330
17
100
AcDbEntity
  8
0
100
AcDbLine
 10
80.18400000000001
 20
4.819599999999999
 30
0.0
 11
79.73131
 21
5.0752299999999995
 31
0.0
  0
LINE
  5
284
330
17
100
AcDbEntity
  8
0
100
AcDbLine
 10
79.4325
 20
8.26713
 30
0.0
 11
79.61368
 21
8.19017
 31
0.0
  0
LINE
  5
285
330
17
100
AcDbEntity
  8
0
100
AcDbLine
 10
80.66146
 20
4.613899999999999
 30
0.0
 11
80.18400000000001
 21
4.819599999999999
 31
0.0
  0
LINE
  5
286
330
17
100
AcDbEntity
  8
0
100
AcDbLine
 10
79.61368
 20
8.19017
 30
0.0
 11
79.79181
 21
8.091679999999998
 31
0.0
  0
LINE
  5
287
330
17
100
AcDbEntity
  8
0
100
AcDbLine
 10
80.66146
 20
6.072449999999998
 30
0.0
 11
80.66146
 21
4.613899999999999
 31
0.0
  0
LINE
  5
288
330
17
100
AcDbEntity
  8
0
100
AcDbLine
 10
79.79181
 20
8.091679999999998
 30
0.0
 11
79.85677
 21
8.04902
 31
0.0
  0
LINE
  5
289
330
17
100
AcDbEntity
  8
0
100
AcDbLine
 10
80.65493
 20
6.332989999999997
 30
0.0
 11
80.66146
 21
6.072449999999998
 31
0.0
  0
LINE
  5
28A
330
17
100
AcDbEntity
  8
0
100
AcDbLine
 10
79.85677
 20
8.04902
 30
0.0
 11
79.98655000000001
 21
7.948919999999999
 31
0.0
  0
LINE
  5
28B
330
17
100
AcDbEntity
  8
0
100
AcDbLine
 10
80.61653000000001
 20
6.71692
 30
0.0
 11
80.65493
 21
6.332989999999997
 31
0.0
  0
LINE
  5
28C
330
17
100
AcDbEntity
  8
0
100
AcDbLine
 10
79.98655000000001
 20
7.948919999999999
 30
0.0
 11
80.10132
 21
7.839409999999999
 31
0.0
  0
LINE
  5
28D
330
17
100
AcDbEntity
  8
0
100
AcDbLine
 10
80.56805
 20
6.961129999999999
 30
0.0
 11
80.61653000000001
 21
6.71692
 31
0.0
  0
LINE
  5
28E
330
17
100
AcDbEntity
  8
0
100
AcDbLine
 10
80.10132
 20
7.839409999999999
 30
0.0
 11
80.20933
 21
7.7133400000000005
 31
0.0
  0
LINE
  5
28F
330
17
100
AcDbEntity
  8
0
100
AcDbLine
 10
80.51149000000001
 20
7.153729999999998
 30
0.0
 11
80.56805
 21
6.961129999999999
 31
0.0
  0
LINE
  5
290
330
17
100
AcDbEntity
  8
0
100
AcDbLine
 10
80.20933
 20
7.7133400000000005
 30
0.0
 11
80.31193999999999
 21
7.566530000000002
 31
0.0
  0
LINE
  5
291
330
17
100
AcDbEntity
  8
0
100
AcDbLine
 10
80.44271
 20
7.325059999999999
 30
0.0
 11
80.51149000000001
 21
7.153729999999998
 31
0.0
  0
LINE
  5
292
330
17
100
AcDbEntity
  8
0
100
AcDbLine
 10
80.31193999999999
 20
7.566530000000002
 30
0.0
 11
80.40982000000001
 21
7.393019999999998
 31
0.0
  0
LINE
  5
293
330
17
100
AcDbEntity
  8
0
100
AcDbLine
 10
80.40982000000001
 20
7.393019999999998
 30
0.0
 11
80.44271
 21
7.325059999999999
 31
0.0
  0
LINE
  5
294
330
17
100
AcDbEntity
  8
0
100
AcDbLine
 10
84.52868
 20
7.78298
 30
0.0
 11
84.64528
 21
7.90386
 31
0.0
  0
LINE
  5
295
330
17
100
AcDbEntity
  8
0
100
AcDbLine
 10
84.42867
 20
7.655210000000002
 30
0.0
 11
84.52868
 21
7.78298
 31
0.0
  0
LINE
  5
296
330
17
100
AcDbEntity
  8
0
100
AcDbLine
 10
84.33319999999999
 20
7.504989999999998
 30
0.0
 11
84.42867
 21
7.655210000000002
 31
0.0
  0
LINE
  5
297
330
17
100
AcDbEntity
  8
0
100
AcDbLine
 10
84.24219
 20
7.325059999999999
 30
0.0
 11
84.33319999999999
 21
7.504989999999998
 31
0.0
  0
LINE
  5
298
330
17
100
AcDbEntity
  8
0
100
AcDbLine
 10
84.21528
 20
7.261530000000002
 30
0.0
 11
84.24219
 21
7.325059999999999
 31
0.0
  0
LINE
  5
299
330
17
100
AcDbEntity
  8
0
100
AcDbLine
 10
84.15288
 20
7.080260000000001
 30
0.0
 11
84.21528
 21
7.261530000000002
 31
0.0
  0
LINE
  5
29A
330
17
100
AcDbEntity
  8
0
100
AcDbLine
 10
84.09621
 20
6.844120000000002
 30
0.0
 11
84.15288
 21
7.080260000000001
 31
0.0
  0
LINE
  5
29B
330
17
100
AcDbEntity
  8
0
100
AcDbLine
 10
84.05166
 20
6.528509999999999
 30
0.0
 11
84.09621
 21
6.844120000000002
 31
0.0
  0
LINE
  5
29C
330
17
100
AcDbEntity
  8
0
100
AcDbLine
 10
84.03125
 20
6.072449999999998
 30
0.0
 11
84.05166
 21
6.528509999999999
 31
0.0
  0
LINE
  5
29D
330
17
100
AcDbEntity
  8
0
100
AcDbLine
 10
84.03125
 20
4.61969
 30
0.0
 11
84.03125
 21
6.072449999999998
 31
0.0
  0
LINE
  5
29E
330
17
100
AcDbEntity
  8
0
100
AcDbLine
 10
84.5065
 20
4.826280000000002
 30
0.0
 11
84.03125
 21
4.61969
 31
0.0
  0
LINE
  5
29F
330
17
100
AcDbEntity
  8
0
100
AcDbLine
 10
84.95700000000001
 20
5.082410000000001
 30
0.0
 11
84.5065
 21
4.826280000000002
 31
0.0
  0
LINE
  5
2A0
330
17
100
AcDbEntity
  8
0
100
AcDbLine
 10
85.37758
 20
5.385159999999997
 30
0.0
 11
84.95700000000001
 21
5.082410000000001
 31
0.0
  0
LINE
  5
2A1
330
17
100
AcDbEntity
  8
0
100
AcDbLine
 10
85.76346
 20
5.731059999999998
 30
0.0
 11
85.37758
 21
5.385159999999997
 31
0.0
  0
LINE
  5
2A2
330
17
100
AcDbEntity
  8
0
100
AcDbLine
 10
86.11022
 20
6.1161600000000025
 30
0.0
 11
85.76346
 21
5.731059999999998
 31
0.0
  0
LINE
  5
2A3
330
17
100
AcDbEntity
  8
0
100
AcDbLine
 10
86.4139
 20
6.5360700000000005
 30
0.0
 11
86.11022
 21
6.1161600000000025
 31
0.0
  0
LINE
  5
2A4
330
17
100
AcDbEntity
  8
0
100
AcDbLine
 10
86.67103
 20
6.986000000000002
 30
0.0
 11
86.4139
 21
6.5360700000000005
 31
0.0
  0
LINE
  5
2A5
330
17
100
AcDbEntity
  8
0
100
AcDbLine
 10
86.87868
 20
7.460790000000001
 30
0.0
 11
86.67103
 21
6.986000000000002
 31
0.0
  0
LINE
  5
2A6
330
17
100
AcDbEntity
  8
0
100
AcDbLine
 10
87.03447
 20
7.955029999999999
 30
0.0
 11
86.87868
 21
7.460790000000001
 31
0.0
  0
LINE
  5
2A7
330
17
100
AcDbEntity
  8
0
100
AcDbLine
 10
87.13663000000001
 20
8.46308
 30
0.0
 11
87.03447
 21
7.955029999999999
 31
0.0
  0
LINE
  5
2A8
330
17
100
AcDbEntity
  8
0
100
AcDbLine
 10
86.76562
 20
8.462860000000001
 30
0.0
 11
87.13663000000001
 21
8.46308
 31
0.0
  0
LINE
  5
2A9
330
17
100
AcDbEntity
  8
0
100
AcDbLine
 10
86.23143
 20
8.444099999999997
 30
0.0
 11
86.76562
 21
8.462860000000001
 31
0.0
  0
LINE
  5
2AA
330
17
100
AcDbEntity
  8
0
100
AcDbLine
 10
85.70052
 20
8.382349999999997
 30
0.0
 11
86.23143
 21
8.444099999999997
 31
0.0
  0
LINE
  5
2AB
330
17
100
AcDbEntity
  8
0
100
AcDbLine
 10
85.6295
 20
8.369829999999999
 30
0.0
 11
85.70052
 21
8.382349999999997
 31
0.0
  0
LINE
  5
2AC
330
17
100
AcDbEntity
  8
0
100
AcDbLine
 10
85.40101
 20
8.314939999999998
 30
0.0
 11
85.6295
 21
8.369829999999999
 31
0.0
  0
LINE
  5
2AD
330
17
100
AcDbEntity
  8
0
100
AcDbLine
 10
85.19643
 20
8.244000000000002
 30
0.0
 11
85.40101
 21
8.314939999999998
 31
0.0
  0
LINE
  5
2AE
330
17
100
AcDbEntity
  8
0
100
AcDbLine
 10
85.00981
 20
8.157549999999999
 30
0.0
 11
85.19643
 21
8.244000000000002
 31
0.0
  0
LINE
  5
2AF
330
17
100
AcDbEntity
  8
0
100
AcDbLine
 10
84.82812000000001
 20
8.04902
 30
0.0
 11
85.00981
 21
8.157549999999999
 31
0.0
  0
LINE
  5
2B0
330
17
100
AcDbEntity
  8
0
100
AcDbLine
 10
84.76725
 20
8.00576
 30
0.0
 11
84.82812000000001
 21
8.04902
 31
0.0
  0
LINE
  5
2B1
330
17
100
AcDbEntity
  8
0
100
AcDbLine
 10
84.64528
 20
7.90386
 30
0.0
 11
84.76725
 21
8.00576
 31
0.0
  0
LINE
  5
2B2
330
17
100
AcDbEntity
  8
0
100
AcDbLine
 10
82.0826
 20
14.005800000000002
 30
0.0
 11
82.59448
 21
14.005800000000002
 31
0.0
  0
LINE
  5
2B3
330
17
100
AcDbEntity
  8
0
100
AcDbLine
 10
81.57356
 20
13.951839999999999
 30
0.0
 11
82.0826
 21
14.005800000000002
 31
0.0
  0
LINE
  5
2B4
330
17
100
AcDbEntity
  8
0
100
AcDbLine
 10
82.59448
 20
14.005800000000002
 30
0.0
 11
83.10352
 21
13.951839999999999
 31
0.0
  0
LINE
  5
2B5
330
17
100
AcDbEntity
  8
0
100
AcDbLine
 10
81.07304
 20
13.844509999999998
 30
0.0
 11
81.57356
 21
13.951839999999999
 31
0.0
  0
LINE
  5
2B6
330
17
100
AcDbEntity
  8
0
100
AcDbLine
 10
83.10352
 20
13.951839999999999
 30
0.0
 11
83.60404
 21
13.844509999999998
 31
0.0
  0
LINE
  5
2B7
330
17
100
AcDbEntity
  8
0
100
AcDbLine
 10
80.58663
 20
13.68502
 30
0.0
 11
81.07304
 21
13.844509999999998
 31
0.0
  0
LINE
  5
2B8
330
17
100
AcDbEntity
  8
0
100
AcDbLine
 10
83.60404
 20
13.844509999999998
 30
0.0
 11
84.09045
 21
13.68502
 31
0.0
  0
LINE
  5
2B9
330
17
100
AcDbEntity
  8
0
100
AcDbLine
 10
80.11974
 20
13.475139999999998
 30
0.0
 11
80.58663
 21
13.68502
 31
0.0
  0
LINE
  5
2BA
330
17
100
AcDbEntity
  8
0
100
AcDbLine
 10
84.09045
 20
13.68502
 30
0.0
 11
84.55734
 21
13.475139999999998
 31
0.0
  0
LINE
  5
2BB
330
17
100
AcDbEntity
  8
0
100
AcDbLine
 10
79.67759000000001
 20
13.21721
 30
0.0
 11
80.11974
 21
13.475139999999998
 31
0.0
  0
LINE
  5
2BC
330
17
100
AcDbEntity
  8
0
100
AcDbLine
 10
84.55734
 20
13.475139999999998
 30
0.0
 11
84.99949
 21
13.21721
 31
0.0
  0
LINE
  5
2BD
330
17
100
AcDbEntity
  8
0
100
AcDbLine
 10
79.26508
 20
12.9141
 30
0.0
 11
79.67759000000001
 21
13.21721
 31
0.0
  0
LINE
  5
2BE
330
17
100
AcDbEntity
  8
0
100
AcDbLine
 10
84.99949
 20
13.21721
 30
0.0
 11
85.412
 21
12.9141
 31
0.0
  0
LINE
  5
2BF
330
17
100
AcDbEntity
  8
0
100
AcDbLine
 10
78.88683
 20
12.5692
 30
0.0
 11
79.26508
 21
12.9141
 31
0.0
  0
LINE
  5
2C0
330
17
100
AcDbEntity
  8
0
100
AcDbLine
 10
85.412
 20
12.9141
 30
0.0
 11
85.79025
 21
12.5692
 31
0.0
  0
LINE
  5
2C1
330
17
100
AcDbEntity
  8
0
100
AcDbLine
 10
78.54704
 20
12.18634
 30
0.0
 11
78.88683
 21
12.5692
 31
0.0
  0
LINE
  5
2C2
330
17
100
AcDbEntity
  8
0
100
AcDbLine
 10
85.79025
 20
12.5692
 30
0.0
 11
86.13004000000001
 21
12.18634
 31
0.0
  0
LINE
  5
2C3
330
17
100
AcDbEntity
  8
0
100
AcDbLine
 10
78.24951
 20
11.769799999999998
 30
0.0
 11
78.54704
 21
12.18634
 31
0.0
  0
LINE
  5
2C4
330
17
100
AcDbEntity
  8
0
100
AcDbLine
 10
86.13004000000001
 20
12.18634
 30
0.0
 11
86.42756999999999
 21
11.769799999999998
 31
0.0
  0
LINE
  5
2C5
330
17
100
AcDbEntity
  8
0
100
AcDbLine
 10
77.99756
 20
11.324209999999999
 30
0.0
 11
78.24951
 21
11.769799999999998
 31
0.0
  0
LINE
  5
2C6
330
17
100
AcDbEntity
  8
0
100
AcDbLine
 10
86.42756999999999
 20
11.769799999999998
 30
0.0
 11
86.67953
 21
11.324209999999999
 31
0.0
  0
LINE
  5
2C7
330
17
100
AcDbEntity
  8
0
100
AcDbLine
 10
77.79397
 20
10.854540000000002
 30
0.0
 11
77.99756
 21
11.324209999999999
 31
0.0
  0
LINE
  5
2C8
330
17
100
AcDbEntity
  8
0
100
AcDbLine
 10
86.67953
 20
11.324209999999999
 30
0.0
 11
86.88311
 21
10.854540000000002
 31
0.0
  0
LINE
  5
2C9
330
17
100
AcDbEntity
  8
0
100
AcDbLine
 10
77.64103999999999
 20
10.36603
 30
0.0
 11
77.79397
 21
10.854540000000002
 31
0.0
  0
LINE
  5
2CA
330
17
100
AcDbEntity
  8
0
100
AcDbLine
 10
86.88311
 20
10.854540000000002
 30
0.0
 11
87.03604
 21
10.36603
 31
0.0
  0
LINE
  5
2CB
330
17
100
AcDbEntity
  8
0
100
AcDbLine
 10
77.54044999999999
 20
9.864119999999998
 30
0.0
 11
77.64103999999999
 21
10.36603
 31
0.0
  0
LINE
  5
2CC
330
17
100
AcDbEntity
  8
0
100
AcDbLine
 10
87.03604
 20
10.36603
 30
0.0
 11
87.13663000000001
 21
9.864119999999998
 31
0.0
  0
LINE
  5
2CD
330
17
100
AcDbEntity
  8
0
100
AcDbLine
 10
87.13663000000001
 20
9.864119999999998
 30
0.0
 11
77.54044999999999
 21
9.864119999999998
 31
0.0
  0
LINE
  5
2CE
330
17
100
AcDbEntity
  8
0
100
AcDbLine
 10
-66.65104
 20
-12.5317
 30
0.0
 11
-66.92708
 21
-12.531460000000001
 31
0.0
  0
LINE
  5
2CF
330
17
100
AcDbEntity
  8
0
100
AcDbLine
 10
-66.92708
 20
-12.531460000000001
 30
0.0
 11
-67.46257999999999
 21
-12.512870000000001
 31
0.0
  0
LINE
  5
2D0
330
17
100
AcDbEntity
  8
0
100
AcDbLine
 10
-67.46257999999999
 20
-12.512870000000001
 30
0.0
 11
-67.99479
 21
-12.45097
 31
0.0
  0
LINE
  5
2D1
330
17
100
AcDbEntity
  8
0
100
AcDbLine
 10
-67.99479
 20
-12.45097
 30
0.0
 11
-68.22993
 21
-12.401010000000001
 31
0.0
  0
LINE
  5
2D2
330
17
100
AcDbEntity
  8
0
100
AcDbLine
 10
-68.22993
 20
-12.401010000000001
 30
0.0
 11
-68.43423
 21
-12.33618
 31
0.0
  0
LINE
  5
2D3
330
17
100
AcDbEntity
  8
0
100
AcDbLine
 10
-68.43423
 20
-12.33618
 30
0.0
 11
-68.61546
 21
-12.258420000000001
 31
0.0
  0
LINE
  5
2D4
330
17
100
AcDbEntity
  8
0
100
AcDbLine
 10
-68.61546
 20
-12.258420000000001
 30
0.0
 11
-68.7943
 21
-12.15879
 31
0.0
  0
LINE
  5
2D5
330
17
100
AcDbEntity
  8
0
100
AcDbLine
 10
-68.7943
 20
-12.15879
 30
0.0
 11
-68.85677
 21
-12.11764
 31
0.0
  0
LINE
  5
2D6
330
17
100
AcDbEntity
  8
0
100
AcDbLine
 10
-68.85677
 20
-12.11764
 30
0.0
 11
-68.98655
 21
-12.01754
 31
0.0
  0
LINE
  5
2D7
330
17
100
AcDbEntity
  8
0
100
AcDbLine
 10
-68.98655
 20
-12.01754
 30
0.0
 11
-69.10131999999999
 21
-11.908050000000001
 31
0.0
  0
LINE
  5
2D8
330
17
100
AcDbEntity
  8
0
100
AcDbLine
 10
-69.10131999999999
 20
-11.908050000000001
 30
0.0
 11
-69.20933
 21
-11.78198
 31
0.0
  0
LINE
  5
2D9
330
17
100
AcDbEntity
  8
0
100
AcDbLine
 10
-69.20933
 20
-11.78198
 30
0.0
 11
-69.31194
 21
-11.63516
 31
0.0
  0
LINE
  5
2DA
330
17
100
AcDbEntity
  8
0
100
AcDbLine
 10
-69.31194
 20
-11.63516
 30
0.0
 11
-69.40982
 21
-11.46166
 31
0.0
  0
LINE
  5
2DB
330
17
100
AcDbEntity
  8
0
100
AcDbLine
 10
-69.40982
 20
-11.46166
 30
0.0
 11
-69.44271
 21
-11.393690000000001
 31
0.0
  0
LINE
  5
2DC
330
17
100
AcDbEntity
  8
0
100
AcDbLine
 10
-69.44271
 20
-11.393690000000001
 30
0.0
 11
-69.51149
 21
-11.22236
 31
0.0
  0
LINE
  5
2DD
330
17
100
AcDbEntity
  8
0
100
AcDbLine
 10
-69.51149
 20
-11.22236
 30
0.0
 11
-69.56805
 21
-11.029770000000001
 31
0.0
  0
LINE
  5
2DE
330
17
100
AcDbEntity
  8
0
100
AcDbLine
 10
-69.56805
 20
-11.029770000000001
 30
0.0
 11
-69.61652
 21
-10.78556
 31
0.0
  0
LINE
  5
2DF
330
17
100
AcDbEntity
  8
0
100
AcDbLine
 10
-69.61652
 20
-10.78556
 30
0.0
 11
-69.65493000000001
 21
-10.401620000000001
 31
0.0
  0
LINE
  5
2E0
330
17
100
AcDbEntity
  8
0
100
AcDbLine
 10
-69.65493000000001
 20
-10.401620000000001
 30
0.0
 11
-69.66145999999999
 21
-10.14109
 31
0.0
  0
LINE
  5
2E1
330
17
100
AcDbEntity
  8
0
100
AcDbLine
 10
-69.66145999999999
 20
-10.14109
 30
0.0
 11
-69.66145999999999
 21
0.2599499999999999
 31
0.0
  0
LINE
  5
2E2
330
17
100
AcDbEntity
  8
0
100
AcDbLine
 10
-69.66145999999999
 20
0.2599499999999999
 30
0.0
 11
-69.64378
 21
0.6543700000000001
 31
0.0
  0
LINE
  5
2E3
330
17
100
AcDbEntity
  8
0
100
AcDbLine
 10
-69.64378
 20
0.6543700000000001
 30
0.0
 11
-69.60324
 21
0.9414200000000008
 31
0.0
  0
LINE
  5
2E4
330
17
100
AcDbEntity
  8
0
100
AcDbLine
 10
-69.60324
 20
0.9414200000000008
 30
0.0
 11
-69.55024
 21
1.1615699999999993
 31
0.0
  0
LINE
  5
2E5
330
17
100
AcDbEntity
  8
0
100
AcDbLine
 10
-69.55024
 20
1.1615699999999993
 30
0.0
 11
-69.49002
 21
1.3356999999999992
 31
0.0
  0
LINE
  5
2E6
330
17
100
AcDbEntity
  8
0
100
AcDbLine
 10
-69.49002
 20
1.3356999999999992
 30
0.0
 11
-69.44271
 21
1.4422499999999996
 31
0.0
  0
LINE
  5
2E7
330
17
100
AcDbEntity
  8
0
100
AcDbLine
 10
-69.44271
 20
1.4422499999999996
 30
0.0
 11
-69.34824
 21
1.6143399999999986
 31
0.0
  0
LINE
  5
2E8
330
17
100
AcDbEntity
  8
0
100
AcDbLine
 10
-69.34824
 20
1.6143399999999986
 30
0.0
 11
-69.24909
 21
1.759310000000001
 31
0.0
  0
LINE
  5
2E9
330
17
100
AcDbEntity
  8
0
100
AcDbLine
 10
-69.24909
 20
1.759310000000001
 30
0.0
 11
-69.14491000000001
 21
1.8835099999999994
 31
0.0
  0
LINE
  5
2EA
330
17
100
AcDbEntity
  8
0
100
AcDbLine
 10
-69.14491000000001
 20
1.8835099999999994
 30
0.0
 11
-69.024
 21
2.00075
 31
0.0
  0
LINE
  5
2EB
330
17
100
AcDbEntity
  8
0
100
AcDbLine
 10
-69.024
 20
2.00075
 30
0.0
 11
-68.89681
 21
2.100159999999999
 31
0.0
  0
LINE
  5
2EC
330
17
100
AcDbEntity
  8
0
100
AcDbLine
 10
-68.89681
 20
2.100159999999999
 30
0.0
 11
-68.84896
 21
2.1323500000000006
 31
0.0
  0
LINE
  5
2ED
330
17
100
AcDbEntity
  8
0
100
AcDbLine
 10
-68.84896
 20
2.1323500000000006
 30
0.0
 11
-68.65809
 21
2.2414499999999986
 31
0.0
  0
LINE
  5
2EE
330
17
100
AcDbEntity
  8
0
100
AcDbLine
 10
-68.65809
 20
2.2414499999999986
 30
0.0
 11
-68.46067000000001
 21
2.3285099999999996
 31
0.0
  0
LINE
  5
2EF
330
17
100
AcDbEntity
  8
0
100
AcDbLine
 10
-68.46067000000001
 20
2.3285099999999996
 30
0.0
 11
-68.24171
 21
2.400170000000001
 31
0.0
  0
LINE
  5
2F0
330
17
100
AcDbEntity
  8
0
100
AcDbLine
 10
-68.24171
 20
2.400170000000001
 30
0.0
 11
-67.97916
 21
2.4578699999999998
 31
0.0
  0
LINE
  5
2F1
330
17
100
AcDbEntity
  8
0
100
AcDbLine
 10
-67.97916
 20
2.4578699999999998
 30
0.0
 11
-67.45487
 21
2.5214599999999994
 31
0.0
  0
LINE
  5
2F2
330
17
100
AcDbEntity
  8
0
100
AcDbLine
 10
-67.45487
 20
2.5214599999999994
 30
0.0
 11
-66.92708
 21
2.54101
 31
0.0
  0
LINE
  5
2F3
330
17
100
AcDbEntity
  8
0
100
AcDbLine
 10
-66.92708
 20
2.54101
 30
0.0
 11
-66.83332999999999
 21
2.541199999999998
 31
0.0
  0
LINE
  5
2F4
330
17
100
AcDbEntity
  8
0
100
AcDbLine
 10
-66.83332999999999
 20
2.541199999999998
 30
0.0
 11
-66.83332999999999
 21
3.9370400000000014
 31
0.0
  0
LINE
  5
2F5
330
17
100
AcDbEntity
  8
0
100
AcDbLine
 10
-66.83332999999999
 20
3.9370400000000014
 30
0.0
 11
-72.21875
 21
3.9370400000000014
 31
0.0
  0
LINE
  5
2F6
330
17
100
AcDbEntity
  8
0
100
AcDbLine
 10
-72.21875
 20
3.9370400000000014
 30
0.0
 11
-72.65625
 21
1.2391199999999998
 31
0.0
  0
LINE
  5
2F7
330
17
100
AcDbEntity
  8
0
100
AcDbLine
 10
-72.65625
 20
1.2391199999999998
 30
0.0
 11
-72.82291000000001
 21
1.2391199999999998
 31
0.0
  0
LINE
  5
2F8
330
17
100
AcDbEntity
  8
0
100
AcDbLine
 10
-72.82291000000001
 20
1.2391199999999998
 30
0.0
 11
-73.32929
 21
2.0435800000000004
 31
0.0
  0
LINE
  5
2F9
330
17
100
AcDbEntity
  8
0
100
AcDbLine
 10
-73.32929
 20
2.0435800000000004
 30
0.0
 11
-73.70833
 21
2.5290099999999995
 31
0.0
  0
LINE
  5
2FA
330
17
100
AcDbEntity
  8
0
100
AcDbLine
 10
-73.70833
 20
2.5290099999999995
 30
0.0
 11
-73.91927
 21
2.75995
 31
0.0
  0
LINE
  5
2FB
330
17
100
AcDbEntity
  8
0
100
AcDbLine
 10
-73.91927
 20
2.75995
 30
0.0
 11
-74.34174
 21
3.1531399999999987
 31
0.0
  0
LINE
  5
2FC
330
17
100
AcDbEntity
  8
0
100
AcDbLine
 10
-74.34174
 20
3.1531399999999987
 30
0.0
 11
-74.70797
 21
3.42994
 31
0.0
  0
LINE
  5
2FD
330
17
100
AcDbEntity
  8
0
100
AcDbLine
 10
-74.70797
 20
3.42994
 30
0.0
 11
-75.06075
 21
3.6459199999999985
 31
0.0
  0
LINE
  5
2FE
330
17
100
AcDbEntity
  8
0
100
AcDbLine
 10
-75.06075
 20
3.6459199999999985
 30
0.0
 11
-75.13802
 21
3.6870399999999997
 31
0.0
  0
LINE
  5
2FF
330
17
100
AcDbEntity
  8
0
100
AcDbLine
 10
-75.13802
 20
3.6870399999999997
 30
0.0
 11
-75.43211
 21
3.8265499999999992
 31
0.0
  0
LINE
  5
300
330
17
100
AcDbEntity
  8
0
100
AcDbLine
 10
-75.43211
 20
3.8265499999999992
 30
0.0
 11
-75.80378
 21
3.96838
 31
0.0
  0
LINE
  5
301
330
17
100
AcDbEntity
  8
0
100
AcDbLine
 10
-75.80378
 20
3.96838
 30
0.0
 11
-76.18624
 21
4.077779999999999
 31
0.0
  0
LINE
  5
302
330
17
100
AcDbEntity
  8
0
100
AcDbLine
 10
-76.18624
 20
4.077779999999999
 30
0.0
 11
-76.50518000000001
 21
4.142909999999999
 31
0.0
  0
LINE
  5
303
330
17
100
AcDbEntity
  8
0
100
AcDbLine
 10
-76.50518000000001
 20
4.142909999999999
 30
0.0
 11
-77.26565000000001
 21
4.235910000000002
 31
0.0
  0
LINE
  5
304
330
17
100
AcDbEntity
  8
0
100
AcDbLine
 10
-77.26565000000001
 20
4.235910000000002
 30
0.0
 11
-78.03125
 21
4.26516
 31
0.0
  0
LINE
  5
305
330
17
100
AcDbEntity
  8
0
100
AcDbLine
 10
-78.03125
 20
4.26516
 30
0.0
 11
-78.88433
 21
4.22198
 31
0.0
  0
LINE
  5
306
330
17
100
AcDbEntity
  8
0
100
AcDbLine
 10
-78.88433
 20
4.22198
 30
0.0
 11
-79.53782
 21
4.121779999999999
 31
0.0
  0
LINE
  5
307
330
17
100
AcDbEntity
  8
0
100
AcDbLine
 10
-79.53782
 20
4.121779999999999
 30
0.0
 11
-80.09867
 21
3.9786800000000007
 31
0.0
  0
LINE
  5
308
330
17
100
AcDbEntity
  8
0
100
AcDbLine
 10
-80.09867
 20
3.9786800000000007
 30
0.0
 11
-80.38280999999999
 21
3.882349999999999
 31
0.0
  0
LINE
  5
309
330
17
100
AcDbEntity
  8
0
100
AcDbLine
 10
-80.38280999999999
 20
3.882349999999999
 30
0.0
 11
-80.71806
 21
3.744349999999999
 31
0.0
  0
LINE
  5
30A
330
17
100
AcDbEntity
  8
0
100
AcDbLine
 10
-80.71806
 20
3.744349999999999
 30
0.0
 11
-81.13373999999999
 21
3.527090000000001
 31
0.0
  0
LINE
  5
30B
330
17
100
AcDbEntity
  8
0
100
AcDbLine
 10
-81.13373999999999
 20
3.527090000000001
 30
0.0
 11
-81.52416
 21
3.267150000000001
 31
0.0
  0
LINE
  5
30C
330
17
100
AcDbEntity
  8
0
100
AcDbLine
 10
-81.52416
 20
3.267150000000001
 30
0.0
 11
-81.88496
 21
2.96744
 31
0.0
  0
LINE
  5
30D
330
17
100
AcDbEntity
  8
0
100
AcDbLine
 10
-81.88496
 20
2.96744
 30
0.0
 11
-82.14062
 21
2.7104800000000004
 31
0.0
  0
LINE
  5
30E
330
17
100
AcDbEntity
  8
0
100
AcDbLine
 10
-82.14062
 20
2.7104800000000004
 30
0.0
 11
-82.43011
 21
2.35867
 31
0.0
  0
LINE
  5
30F
330
17
100
AcDbEntity
  8
0
100
AcDbLine
 10
-82.43011
 20
2.35867
 30
0.0
 11
-82.68307
 21
1.9778900000000004
 31
0.0
  0
LINE
  5
310
330
17
100
AcDbEntity
  8
0
100
AcDbLine
 10
-82.68307
 20
1.9778900000000004
 30
0.0
 11
-82.92003000000001
 21
1.53294
 31
0.0
  0
LINE
  5
311
330
17
100
AcDbEntity
  8
0
100
AcDbLine
 10
-82.92003000000001
 20
1.53294
 30
0.0
 11
-83.13992
 21
1.0044699999999995
 31
0.0
  0
LINE
  5
312
330
17
100
AcDbEntity
  8
0
100
AcDbLine
 10
-83.13992
 20
1.0044699999999995
 30
0.0
 11
-83.24739000000001
 21
0.6844300000000008
 31
0.0
  0
LINE
  5
313
330
17
100
AcDbEntity
  8
0
100
AcDbLine
 10
-83.24739000000001
 20
0.6844300000000008
 30
0.0
 11
-83.41060999999999
 21
0.05645999999999951
 31
0.0
  0
LINE
  5
314
330
17
100
AcDbEntity
  8
0
100
AcDbLine
 10
-83.41060999999999
 20
0.05645999999999951
 30
0.0
 11
-83.54407
 21
-0.7462099999999996
 31
0.0
  0
LINE
  5
315
330
17
100
AcDbEntity
  8
0
100
AcDbLine
 10
-83.54407
 20
-0.7462099999999996
 30
0.0
 11
-83.62189000000001
 21
-1.7674500000000002
 31
0.0
  0
LINE
  5
316
330
17
100
AcDbEntity
  8
0
100
AcDbLine
 10
-83.62189000000001
 20
-1.7674500000000002
 30
0.0
 11
-83.63020999999999
 21
-2.2608800000000002
 31
0.0
  0
LINE
  5
317
330
17
100
AcDbEntity
  8
0
100
AcDbLine
 10
-83.63020999999999
 20
-2.2608800000000002
 30
0.0
 11
-83.63020999999999
 21
-10.14109
 31
0.0
  0
LINE
  5
318
330
17
100
AcDbEntity
  8
0
100
AcDbLine
 10
-83.63020999999999
 20
-10.14109
 30
0.0
 11
-83.6529
 21
-10.650490000000001
 31
0.0
  0
LINE
  5
319
330
17
100
AcDbEntity
  8
0
100
AcDbLine
 10
-83.6529
 20
-10.650490000000001
 30
0.0
 11
-83.69954
 21
-10.981720000000001
 31
0.0
  0
LINE
  5
31A
330
17
100
AcDbEntity
  8
0
100
AcDbLine
 10
-83.69954
 20
-10.981720000000001
 30
0.0
 11
-83.75703
 21
-11.222570000000001
 31
0.0
  0
LINE
  5
31B
330
17
100
AcDbEntity
  8
0
100
AcDbLine
 10
-83.75703
 20
-11.222570000000001
 30
0.0
 11
-83.8151
 21
-11.393690000000001
 31
0.0
  0
LINE
  5
31C
330
17
100
AcDbEntity
  8
0
100
AcDbLine
 10
-83.8151
 20
-11.393690000000001
 30
0.0
 11
-83.89716999999999
 21
-11.57693
 31
0.0
  0
LINE
  5
31D
330
17
100
AcDbEntity
  8
0
100
AcDbLine
 10
-83.89716999999999
 20
-11.57693
 30
0.0
 11
-83.98310000000001
 21
-11.72748
 31
0.0
  0
LINE
  5
31E
330
17
100
AcDbEntity
  8
0
100
AcDbLine
 10
-83.98310000000001
 20
-11.72748
 30
0.0
 11
-84.07265
 21
-11.85383
 31
0.0
  0
LINE
  5
31F
330
17
100
AcDbEntity
  8
0
100
AcDbLine
 10
-84.07265
 20
-11.85383
 30
0.0
 11
-84.16619
 21
-11.96163
 31
0.0
  0
LINE
  5
320
330
17
100
AcDbEntity
  8
0
100
AcDbLine
 10
-84.16619
 20
-11.96163
 30
0.0
 11
-84.27431
 21
-12.06302
 31
0.0
  0
LINE
  5
321
330
17
100
AcDbEntity
  8
0
100
AcDbLine
 10
-84.27431
 20
-12.06302
 30
0.0
 11
-84.34375
 21
-12.11764
 31
0.0
  0
LINE
  5
322
330
17
100
AcDbEntity
  8
0
100
AcDbLine
 10
-84.34375
 20
-12.11764
 30
0.0
 11
-84.49891
 21
-12.21916
 31
0.0
  0
LINE
  5
323
330
17
100
AcDbEntity
  8
0
100
AcDbLine
 10
-84.49891
 20
-12.21916
 30
0.0
 11
-84.65849
 21
-12.30109
 31
0.0
  0
LINE
  5
324
330
17
100
AcDbEntity
  8
0
100
AcDbLine
 10
-84.65849
 20
-12.30109
 30
0.0
 11
-84.83318
 21
-12.369620000000001
 31
0.0
  0
LINE
  5
325
330
17
100
AcDbEntity
  8
0
100
AcDbLine
 10
-84.83318
 20
-12.369620000000001
 30
0.0
 11
-85.02795
 21
-12.42467
 31
0.0
  0
LINE
  5
326
330
17
100
AcDbEntity
  8
0
100
AcDbLine
 10
-85.02795
 20
-12.42467
 30
0.0
 11
-85.15885
 21
-12.45097
 31
0.0
  0
LINE
  5
327
330
17
100
AcDbEntity
  8
0
100
AcDbLine
 10
-85.15885
 20
-12.45097
 30
0.0
 11
-85.66885
 21
-12.512970000000001
 31
0.0
  0
LINE
  5
328
330
17
100
AcDbEntity
  8
0
100
AcDbLine
 10
-85.66885
 20
-12.512970000000001
 30
0.0
 11
-86.18229
 21
-12.53144
 31
0.0
  0
LINE
  5
329
330
17
100
AcDbEntity
  8
0
100
AcDbLine
 10
-86.18229
 20
-12.53144
 30
0.0
 11
-86.29687
 21
-12.5317
 31
0.0
  0
LINE
  5
32A
330
17
100
AcDbEntity
  8
0
100
AcDbLine
 10
-86.29687
 20
-12.5317
 30
0.0
 11
-86.29687
 21
-13.93275
 31
0.0
  0
LINE
  5
32B
330
17
100
AcDbEntity
  8
0
100
AcDbLine
 10
-86.29687
 20
-13.93275
 30
0.0
 11
-80.48437
 21
-13.93275
 31
0.0
  0
LINE
  5
32C
330
17
100
AcDbEntity
  8
0
100
AcDbLine
 10
-80.48437
 20
-13.93275
 30
0.0
 11
-80.48437
 21
-2.42755
 31
0.0
  0
LINE
  5
32D
330
17
100
AcDbEntity
  8
0
100
AcDbLine
 10
-80.48437
 20
-2.42755
 30
0.0
 11
-80.43554
 21
-1.3956499999999998
 31
0.0
  0
LINE
  5
32E
330
17
100
AcDbEntity
  8
0
100
AcDbLine
 10
-80.43554
 20
-1.3956499999999998
 30
0.0
 11
-80.33022
 21
-0.679409999999999
 31
0.0
  0
LINE
  5
32F
330
17
100
AcDbEntity
  8
0
100
AcDbLine
 10
-80.33022
 20
-0.679409999999999
 30
0.0
 11
-80.28905999999999
 21
-0.48743999999999943
 31
0.0
  0
LINE
  5
330
330
17
100
AcDbEntity
  8
0
100
AcDbLine
 10
-80.28905999999999
 20
-0.48743999999999943
 30
0.0
 11
-80.16322
 21
-0.039570000000001215
 31
0.0
  0
LINE
  5
331
330
17
100
AcDbEntity
  8
0
100
AcDbLine
 10
-80.16322
 20
-0.039570000000001215
 30
0.0
 11
-80.01996
 21
0.32814999999999905
 31
0.0
  0
LINE
  5
332
330
17
100
AcDbEntity
  8
0
100
AcDbLine
 10
-80.01996
 20
0.32814999999999905
 30
0.0
 11
-79.86276000000001
 21
0.6382300000000001
 31
0.0
  0
LINE
  5
333
330
17
100
AcDbEntity
  8
0
100
AcDbLine
 10
-79.86276000000001
 20
0.6382300000000001
 30
0.0
 11
-79.69299000000001
 21
0.9047299999999989
 31
0.0
  0
LINE
  5
334
330
17
100
AcDbEntity
  8
0
100
AcDbLine
 10
-79.69299000000001
 20
0.9047299999999989
 30
0.0
 11
-79.66405999999999
 21
0.9448499999999989
 31
0.0
  0
LINE
  5
335
330
17
100
AcDbEntity
  8
0
100
AcDbLine
 10
-79.66405999999999
 20
0.9448499999999989
 30
0.0
 11
-79.49961
 21
1.1476099999999985
 31
0.0
  0
LINE
  5
336
330
17
100
AcDbEntity
  8
0
100
AcDbLine
 10
-79.49961
 20
1.1476099999999985
 30
0.0
 11
-79.30656
 21
1.34145
 31
0.0
  0
LINE
  5
337
330
17
100
AcDbEntity
  8
0
100
AcDbLine
 10
-79.30656
 20
1.34145
 30
0.0
 11
-79.09727
 21
1.511709999999999
 31
0.0
  0
LINE
  5
338
330
17
100
AcDbEntity
  8
0
100
AcDbLine
 10
-79.09727
 20
1.511709999999999
 30
0.0
 11
-78.8677
 21
1.6623200000000011
 31
0.0
  0
LINE
  5
339
330
17
100
AcDbEntity
  8
0
100
AcDbLine
 10
-78.8677
 20
1.6623200000000011
 30
0.0
 11
-78.61205
 21
1.79556
 31
0.0
  0
LINE
  5
33A
330
17
100
AcDbEntity
  8
0
100
AcDbLine
 10
-78.61205
 20
1.79556
 30
0.0
 11
-78.53385
 21
1.8302700000000005
 31
0.0
  0
LINE
  5
33B
330
17
100
AcDbEntity
  8
0
100
AcDbLine
 10
-78.53385
 20
1.8302700000000005
 30
0.0
 11
-78.22778
 21
1.9422800000000002
 31
0.0
  0
LINE
  5
33C
330
17
100
AcDbEntity
  8
0
100
AcDbLine
 10
-78.22778
 20
1.9422800000000002
 30
0.0
 11
-77.89505
 21
2.0281000000000002
 31
0.0
  0
LINE
  5
33D
330
17
100
AcDbEntity
  8
0
100
AcDbLine
 10
-77.89505
 20
2.0281000000000002
 30
0.0
 11
-77.49298
 21
2.0929699999999993
 31
0.0
  0
LINE
  5
33E
330
17
100
AcDbEntity
  8
0
100
AcDbLine
 10
-77.49298
 20
2.0929699999999993
 30
0.0
 11
-76.99689
 21
2.127469999999999
 31
0.0
  0
LINE
  5
33F
330
17
100
AcDbEntity
  8
0
100
AcDbLine
 10
-76.99689
 20
2.127469999999999
 30
0.0
 11
-76.82291
 21
2.1297499999999996
 31
0.0
  0
LINE
  5
340
330
17
100
AcDbEntity
  8
0
100
AcDbLine
 10
-76.82291
 20
2.1297499999999996
 30
0.0
 11
-76.25587
 21
2.1000499999999995
 31
0.0
  0
LINE
  5
341
330
17
100
AcDbEntity
  8
0
100
AcDbLine
 10
-76.25587
 20
2.1000499999999995
 30
0.0
 11
-75.85032
 21
2.0362100000000005
 31
0.0
  0
LINE
  5
342
330
17
100
AcDbEntity
  8
0
100
AcDbLine
 10
-75.85032
 20
2.0362100000000005
 30
0.0
 11
-75.50814
 21
1.947519999999999
 31
0.0
  0
LINE
  5
343
330
17
100
AcDbEntity
  8
0
100
AcDbLine
 10
-75.50814
 20
1.947519999999999
 30
0.0
 11
-75.21296
 21
1.8392899999999983
 31
0.0
  0
LINE
  5
344
330
17
100
AcDbEntity
  8
0
100
AcDbLine
 10
-75.21296
 20
1.8392899999999983
 30
0.0
 11
-74.95326
 21
1.71401
 31
0.0
  0
LINE
  5
345
330
17
100
AcDbEntity
  8
0
100
AcDbLine
 10
-74.95326
 20
1.71401
 30
0.0
 11
-74.91406
 21
1.6922499999999996
 31
0.0
  0
LINE
  5
346
330
17
100
AcDbEntity
  8
0
100
AcDbLine
 10
-74.91406
 20
1.6922499999999996
 30
0.0
 11
-74.7157
 21
1.57193
 31
0.0
  0
LINE
  5
347
330
17
100
AcDbEntity
  8
0
100
AcDbLine
 10
-74.7157
 20
1.57193
 30
0.0
 11
-74.45671
 21
1.3858099999999993
 31
0.0
  0
LINE
  5
348
330
17
100
AcDbEntity
  8
0
100
AcDbLine
 10
-74.45671
 20
1.3858099999999993
 30
0.0
 11
-74.21587000000001
 21
1.1767399999999988
 31
0.0
  0
LINE
  5
349
330
17
100
AcDbEntity
  8
0
100
AcDbLine
 10
-74.21587000000001
 20
1.1767399999999988
 30
0.0
 11
-73.99519000000001
 21
0.9464799999999993
 31
0.0
  0
LINE
  5
34A
330
17
100
AcDbEntity
  8
0
100
AcDbLine
 10
-73.99519000000001
 20
0.9464799999999993
 30
0.0
 11
-73.79655
 21
0.6969799999999999
 31
0.0
  0
LINE
  5
34B
330
17
100
AcDbEntity
  8
0
100
AcDbLine
 10
-73.79655
 20
0.6969799999999999
 30
0.0
 11
-73.66667000000001
 21
0.5047499999999996
 31
0.0
  0
LINE
  5
34C
330
17
100
AcDbEntity
  8
0
100
AcDbLine
 10
-73.66667000000001
 20
0.5047499999999996
 30
0.0
 11
-73.42569
 21
0.07351999999999848
 31
0.0
  0
LINE
  5
34D
330
17
100
AcDbEntity
  8
0
100
AcDbLine
 10
-73.42569
 20
0.07351999999999848
 30
0.0
 11
-73.23147
 21
-0.3774400000000018
 31
0.0
  0
LINE
  5
34E
330
17
100
AcDbEntity
  8
0
100
AcDbLine
 10
-73.23147
 20
-0.3774400000000018
 30
0.0
 11
-73.06916
 21
-0.8862500000000004
 31
0.0
  0
LINE
  5
34F
330
17
100
AcDbEntity
  8
0
100
AcDbLine
 10
-73.06916
 20
-0.8862500000000004
 30
0.0
 11
-72.98958
 21
-1.2218199999999992
 31
0.0
  0
LINE
  5
350
330
17
100
AcDbEntity
  8
0
100
AcDbLine
 10
-72.98958
 20
-1.2218199999999992
 30
0.0
 11
-72.87953
 21
-1.8656699999999997
 31
0.0
  0
LINE
  5
351
330
17
100
AcDbEntity
  8
0
100
AcDbLine
 10
-72.87953
 20
-1.8656699999999997
 30
0.0
 11
-72.80542
 21
-2.61834
 31
0.0
  0
LINE
  5
352
330
17
100
AcDbEntity
  8
0
100
AcDbLine
 10
-72.80542
 20
-2.61834
 30
0.0
 11
-72.78679000000001
 21
-3.2712900000000005
 31
0.0
  0
LINE
  5
353
330
17
100
AcDbEntity
  8
0
100
AcDbLine
 10
-72.78679000000001
 20
-3.2712900000000005
 30
0.0
 11
-72.78645999999999
 21
-10.30255
 31
0.0
  0
LINE
  5
354
330
17
100
AcDbEntity
  8
0
100
AcDbLine
 10
-72.78645999999999
 20
-10.30255
 30
0.0
 11
-72.80399
 21
-10.6933
 31
0.0
  0
LINE
  5
355
330
17
100
AcDbEntity
  8
0
100
AcDbLine
 10
-72.80399
 20
-10.6933
 30
0.0
 11
-72.84433
 21
-10.97866
 31
0.0
  0
LINE
  5
356
330
17
100
AcDbEntity
  8
0
100
AcDbLine
 10
-72.84433
 20
-10.97866
 30
0.0
 11
-72.89719
 21
-11.19809
 31
0.0
  0
LINE
  5
357
330
17
100
AcDbEntity
  8
0
100
AcDbLine
 10
-72.89719
 20
-11.19809
 30
0.0
 11
-72.9574
 21
-11.37205
 31
0.0
  0
LINE
  5
358
330
17
100
AcDbEntity
  8
0
100
AcDbLine
 10
-72.9574
 20
-11.37205
 30
0.0
 11
-73.00781
 21
-11.48484
 31
0.0
  0
LINE
  5
359
330
17
100
AcDbEntity
  8
0
100
AcDbLine
 10
-73.00781
 20
-11.48484
 30
0.0
 11
-73.10145
 21
-11.653640000000001
 31
0.0
  0
LINE
  5
35A
330
17
100
AcDbEntity
  8
0
100
AcDbLine
 10
-73.10145
 20
-11.653640000000001
 30
0.0
 11
-73.19805
 21
-11.79355
 31
0.0
  0
LINE
  5
35B
330
17
100
AcDbEntity
  8
0
100
AcDbLine
 10
-73.19805
 20
-11.79355
 30
0.0
 11
-73.29795
 21
-11.911620000000001
 31
0.0
  0
LINE
  5
35C
330
17
100
AcDbEntity
  8
0
100
AcDbLine
 10
-73.29795
 20
-11.911620000000001
 30
0.0
 11
-73.41335000000001
 21
-12.02244
 31
0.0
  0
LINE
  5
35D
330
17
100
AcDbEntity
  8
0
100
AcDbLine
 10
-73.41335000000001
 20
-12.02244
 30
0.0
 11
-73.53293
 21
-12.114790000000001
 31
0.0
  0
LINE
  5
35E
330
17
100
AcDbEntity
  8
0
100
AcDbLine
 10
-73.53293
 20
-12.114790000000001
 30
0.0
 11
-73.60155999999999
 21
-12.15931
 31
0.0
  0
LINE
  5
35F
330
17
100
AcDbEntity
  8
0
100
AcDbLine
 10
-73.60155999999999
 20
-12.15931
 30
0.0
 11
-73.78898000000001
 21
-12.2599
 31
0.0
  0
LINE
  5
360
330
17
100
AcDbEntity
  8
0
100
AcDbLine
 10
-73.78898000000001
 20
-12.2599
 30
0.0
 11
-73.9847
 21
-12.34029
 31
0.0
  0
LINE
  5
361
330
17
100
AcDbEntity
  8
0
100
AcDbLine
 10
-73.9847
 20
-12.34029
 30
0.0
 11
-74.20533
 21
-12.40659
 31
0.0
  0
LINE
  5
362
330
17
100
AcDbEntity
  8
0
100
AcDbLine
 10
-74.20533
 20
-12.40659
 30
0.0
 11
-74.47135
 21
-12.45879
 31
0.0
  0
LINE
  5
363
330
17
100
AcDbEntity
  8
0
100
AcDbLine
 10
-74.47135
 20
-12.45879
 30
0.0
 11
-74.99476
 21
-12.514330000000001
 31
0.0
  0
LINE
  5
364
330
17
100
AcDbEntity
  8
0
100
AcDbLine
 10
-74.99476
 20
-12.514330000000001
 30
0.0
 11
-75.52083
 21
-12.531550000000001
 31
0.0
  0
LINE
  5
365
330
17
100
AcDbEntity
  8
0
100
AcDbLine
 10
-75.52083
 20
-12.531550000000001
 30
0.0
 11
-75.61979000000001
 21
-12.5317
 31
0.0
  0
LINE
  5
366
330
17
100
AcDbEntity
  8
0
100
AcDbLine
 10
-75.61979000000001
 20
-12.5317
 30
0.0
 11
-75.61979000000001
 21
-13.93275
 31
0.0
  0
LINE
  5
367
330
17
100
AcDbEntity
  8
0
100
AcDbLine
 10
-75.61979000000001
 20
-13.93275
 30
0.0
 11
-66.65104
 21
-13.93275
 31
0.0
  0
LINE
  5
368
330
17
100
AcDbEntity
  8
0
100
AcDbLine
 10
-66.65104
 20
-13.93275
 30
0.0
 11
-66.65104
 21
-12.5317
 31
0.0
  0
LINE
  5
369
330
17
100
AcDbEntity
  8
0
100
AcDbLine
 10
39.72464
 20
3.744349999999999
 30
0.0
 11
39.30896
 21
3.527090000000001
 31
0.0
  0
LINE
  5
36A
330
17
100
AcDbEntity
  8
0
100
AcDbLine
 10
39.30896
 20
3.527090000000001
 30
0.0
 11
38.91854
 21
3.267150000000001
 31
0.0
  0
LINE
  5
36B
330
17
100
AcDbEntity
  8
0
100
AcDbLine
 10
38.91854
 20
3.267150000000001
 30
0.0
 11
38.55775
 21
2.96744
 31
0.0
  0
LINE
  5
36C
330
17
100
AcDbEntity
  8
0
100
AcDbLine
 10
38.55775
 20
2.96744
 30
0.0
 11
38.302080000000004
 21
2.7104800000000004
 31
0.0
  0
LINE
  5
36D
330
17
100
AcDbEntity
  8
0
100
AcDbLine
 10
38.302080000000004
 20
2.7104800000000004
 30
0.0
 11
38.012589999999996
 21
2.35867
 31
0.0
  0
LINE
  5
36E
330
17
100
AcDbEntity
  8
0
100
AcDbLine
 10
38.012589999999996
 20
2.35867
 30
0.0
 11
37.75964
 21
1.9778900000000004
 31
0.0
  0
LINE
  5
36F
330
17
100
AcDbEntity
  8
0
100
AcDbLine
 10
37.75964
 20
1.9778900000000004
 30
0.0
 11
37.52267
 21
1.53294
 31
0.0
  0
LINE
  5
370
330
17
100
AcDbEntity
  8
0
100
AcDbLine
 10
37.52267
 20
1.53294
 30
0.0
 11
37.30278
 21
1.0044699999999995
 31
0.0
  0
LINE
  5
371
330
17
100
AcDbEntity
  8
0
100
AcDbLine
 10
37.30278
 20
1.0044699999999995
 30
0.0
 11
37.19531
 21
0.6844300000000008
 31
0.0
  0
LINE
  5
372
330
17
100
AcDbEntity
  8
0
100
AcDbLine
 10
37.19531
 20
0.6844300000000008
 30
0.0
 11
37.03209
 21
0.05645999999999951
 31
0.0
  0
LINE
  5
373
330
17
100
AcDbEntity
  8
0
100
AcDbLine
 10
37.03209
 20
0.05645999999999951
 30
0.0
 11
36.89864
 21
-0.7462099999999996
 31
0.0
  0
LINE
  5
374
330
17
100
AcDbEntity
  8
0
100
AcDbLine
 10
36.89864
 20
-0.7462099999999996
 30
0.0
 11
36.82081
 21
-1.7674500000000002
 31
0.0
  0
LINE
  5
375
330
17
100
AcDbEntity
  8
0
100
AcDbLine
 10
36.82081
 20
-1.7674500000000002
 30
0.0
 11
36.8125
 21
-2.2608800000000002
 31
0.0
  0
LINE
  5
376
330
17
100
AcDbEntity
  8
0
100
AcDbLine
 10
36.8125
 20
-2.2608800000000002
 30
0.0
 11
36.8125
 21
-10.14109
 31
0.0
  0
LINE
  5
377
330
17
100
AcDbEntity
  8
0
100
AcDbLine
 10
36.8125
 20
-10.14109
 30
0.0
 11
36.7898
 21
-10.650490000000001
 31
0.0
  0
LINE
  5
378
330
17
100
AcDbEntity
  8
0
100
AcDbLine
 10
36.7898
 20
-10.650490000000001
 30
0.0
 11
36.743159999999996
 21
-10.981720000000001
 31
0.0
  0
LINE
  5
379
330
17
100
AcDbEntity
  8
0
100
AcDbLine
 10
36.743159999999996
 20
-10.981720000000001
 30
0.0
 11
36.68568
 21
-11.222570000000001
 31
0.0
  0
LINE
  5
37A
330
17
100
AcDbEntity
  8
0
100
AcDbLine
 10
36.68568
 20
-11.222570000000001
 30
0.0
 11
36.6276
 21
-11.393690000000001
 31
0.0
  0
LINE
  5
37B
330
17
100
AcDbEntity
  8
0
100
AcDbLine
 10
36.6276
 20
-11.393690000000001
 30
0.0
 11
36.54554
 21
-11.57693
 31
0.0
  0
LINE
  5
37C
330
17
100
AcDbEntity
  8
0
100
AcDbLine
 10
36.54554
 20
-11.57693
 30
0.0
 11
36.4596
 21
-11.72748
 31
0.0
  0
LINE
  5
37D
330
17
100
AcDbEntity
  8
0
100
AcDbLine
 10
36.4596
 20
-11.72748
 30
0.0
 11
36.37005
 21
-11.85383
 31
0.0
  0
LINE
  5
37E
330
17
100
AcDbEntity
  8
0
100
AcDbLine
 10
36.37005
 20
-11.85383
 30
0.0
 11
36.27652
 21
-11.96163
 31
0.0
  0
LINE
  5
37F
330
17
100
AcDbEntity
  8
0
100
AcDbLine
 10
36.27652
 20
-11.96163
 30
0.0
 11
36.168400000000005
 21
-12.06302
 31
0.0
  0
LINE
  5
380
330
17
100
AcDbEntity
  8
0
100
AcDbLine
 10
36.168400000000005
 20
-12.06302
 30
0.0
 11
36.098949999999995
 21
-12.11764
 31
0.0
  0
LINE
  5
381
330
17
100
AcDbEntity
  8
0
100
AcDbLine
 10
36.098949999999995
 20
-12.11764
 30
0.0
 11
35.94379
 21
-12.21916
 31
0.0
  0
LINE
  5
382
330
17
100
AcDbEntity
  8
0
100
AcDbLine
 10
35.94379
 20
-12.21916
 30
0.0
 11
35.784209999999995
 21
-12.30109
 31
0.0
  0
LINE
  5
383
330
17
100
AcDbEntity
  8
0
100
AcDbLine
 10
35.784209999999995
 20
-12.30109
 30
0.0
 11
35.609519999999996
 21
-12.369620000000001
 31
0.0
  0
LINE
  5
384
330
17
100
AcDbEntity
  8
0
100
AcDbLine
 10
35.609519999999996
 20
-12.369620000000001
 30
0.0
 11
35.41476
 21
-12.42467
 31
0.0
  0
LINE
  5
385
330
17
100
AcDbEntity
  8
0
100
AcDbLine
 10
35.41476
 20
-12.42467
 30
0.0
 11
35.28385
 21
-12.45097
 31
0.0
  0
LINE
  5
386
330
17
100
AcDbEntity
  8
0
100
AcDbLine
 10
35.28385
 20
-12.45097
 30
0.0
 11
34.77386
 21
-12.512970000000001
 31
0.0
  0
LINE
  5
387
330
17
100
AcDbEntity
  8
0
100
AcDbLine
 10
34.77386
 20
-12.512970000000001
 30
0.0
 11
34.26041
 21
-12.53144
 31
0.0
  0
LINE
  5
388
330
17
100
AcDbEntity
  8
0
100
AcDbLine
 10
34.26041
 20
-12.53144
 30
0.0
 11
34.145830000000004
 21
-12.5317
 31
0.0
  0
LINE
  5
389
330
17
100
AcDbEntity
  8
0
100
AcDbLine
 10
34.145830000000004
 20
-12.5317
 30
0.0
 11
34.145830000000004
 21
-13.93275
 31
0.0
  0
LINE
  5
38A
330
17
100
AcDbEntity
  8
0
100
AcDbLine
 10
34.145830000000004
 20
-13.93275
 30
0.0
 11
39.958330000000004
 21
-13.93275
 31
0.0
  0
LINE
  5
38B
330
17
100
AcDbEntity
  8
0
100
AcDbLine
 10
39.958330000000004
 20
-13.93275
 30
0.0
 11
39.958330000000004
 21
-2.42755
 31
0.0
  0
LINE
  5
38C
330
17
100
AcDbEntity
  8
0
100
AcDbLine
 10
39.958330000000004
 20
-2.42755
 30
0.0
 11
40.00716
 21
-1.3956499999999998
 31
0.0
  0
LINE
  5
38D
330
17
100
AcDbEntity
  8
0
100
AcDbLine
 10
40.00716
 20
-1.3956499999999998
 30
0.0
 11
40.11248
 21
-0.679409999999999
 31
0.0
  0
LINE
  5
38E
330
17
100
AcDbEntity
  8
0
100
AcDbLine
 10
40.11248
 20
-0.679409999999999
 30
0.0
 11
40.153639999999996
 21
-0.48743999999999943
 31
0.0
  0
LINE
  5
38F
330
17
100
AcDbEntity
  8
0
100
AcDbLine
 10
40.153639999999996
 20
-0.48743999999999943
 30
0.0
 11
40.27948
 21
-0.039570000000001215
 31
0.0
  0
LINE
  5
390
330
17
100
AcDbEntity
  8
0
100
AcDbLine
 10
40.27948
 20
-0.039570000000001215
 30
0.0
 11
40.42274
 21
0.32814999999999905
 31
0.0
  0
LINE
  5
391
330
17
100
AcDbEntity
  8
0
100
AcDbLine
 10
40.42274
 20
0.32814999999999905
 30
0.0
 11
40.57994
 21
0.6382300000000001
 31
0.0
  0
LINE
  5
392
330
17
100
AcDbEntity
  8
0
100
AcDbLine
 10
40.57994
 20
0.6382300000000001
 30
0.0
 11
40.74971
 21
0.9047299999999989
 31
0.0
  0
LINE
  5
393
330
17
100
AcDbEntity
  8
0
100
AcDbLine
 10
40.74971
 20
0.9047299999999989
 30
0.0
 11
40.778639999999996
 21
0.9448499999999989
 31
0.0
  0
LINE
  5
394
330
17
100
AcDbEntity
  8
0
100
AcDbLine
 10
40.778639999999996
 20
0.9448499999999989
 30
0.0
 11
40.9431
 21
1.1476099999999985
 31
0.0
  0
LINE
  5
395
330
17
100
AcDbEntity
  8
0
100
AcDbLine
 10
40.9431
 20
1.1476099999999985
 30
0.0
 11
41.136140000000005
 21
1.34145
 31
0.0
  0
LINE
  5
396
330
17
100
AcDbEntity
  8
0
100
AcDbLine
 10
41.136140000000005
 20
1.34145
 30
0.0
 11
41.345439999999996
 21
1.511709999999999
 31
0.0
  0
LINE
  5
397
330
17
100
AcDbEntity
  8
0
100
AcDbLine
 10
41.345439999999996
 20
1.511709999999999
 30
0.0
 11
41.575
 21
1.6623200000000011
 31
0.0
  0
LINE
  5
398
330
17
100
AcDbEntity
  8
0
100
AcDbLine
 10
41.575
 20
1.6623200000000011
 30
0.0
 11
41.83066
 21
1.79556
 31
0.0
  0
LINE
  5
399
330
17
100
AcDbEntity
  8
0
100
AcDbLine
 10
41.83066
 20
1.79556
 30
0.0
 11
41.90885
 21
1.8302700000000005
 31
0.0
  0
LINE
  5
39A
330
17
100
AcDbEntity
  8
0
100
AcDbLine
 10
41.90885
 20
1.8302700000000005
 30
0.0
 11
42.214929999999995
 21
1.9422800000000002
 31
0.0
  0
LINE
  5
39B
330
17
100
AcDbEntity
  8
0
100
AcDbLine
 10
42.214929999999995
 20
1.9422800000000002
 30
0.0
 11
42.54765
 21
2.0281000000000002
 31
0.0
  0
LINE
  5
39C
330
17
100
AcDbEntity
  8
0
100
AcDbLine
 10
42.54765
 20
2.0281000000000002
 30
0.0
 11
42.949729999999995
 21
2.0929699999999993
 31
0.0
  0
LINE
  5
39D
330
17
100
AcDbEntity
  8
0
100
AcDbLine
 10
42.949729999999995
 20
2.0929699999999993
 30
0.0
 11
43.44581
 21
2.127469999999999
 31
0.0
  0
LINE
  5
39E
330
17
100
AcDbEntity
  8
0
100
AcDbLine
 10
43.44581
 20
2.127469999999999
 30
0.0
 11
43.61979
 21
2.1297499999999996
 31
0.0
  0
LINE
  5
39F
330
17
100
AcDbEntity
  8
0
100
AcDbLine
 10
43.61979
 20
2.1297499999999996
 30
0.0
 11
44.18683
 21
2.1000499999999995
 31
0.0
  0
LINE
  5
3A0
330
17
100
AcDbEntity
  8
0
100
AcDbLine
 10
44.18683
 20
2.1000499999999995
 30
0.0
 11
44.59238
 21
2.0362100000000005
 31
0.0
  0
LINE
  5
3A1
330
17
100
AcDbEntity
  8
0
100
AcDbLine
 10
44.59238
 20
2.0362100000000005
 30
0.0
 11
44.93456
 21
1.947519999999999
 31
0.0
  0
LINE
  5
3A2
330
17
100
AcDbEntity
  8
0
100
AcDbLine
 10
44.93456
 20
1.947519999999999
 30
0.0
 11
45.22974
 21
1.8392899999999983
 31
0.0
  0
LINE
  5
3A3
330
17
100
AcDbEntity
  8
0
100
AcDbLine
 10
45.22974
 20
1.8392899999999983
 30
0.0
 11
45.48945
 21
1.71401
 31
0.0
  0
LINE
  5
3A4
330
17
100
AcDbEntity
  8
0
100
AcDbLine
 10
45.48945
 20
1.71401
 30
0.0
 11
45.52864
 21
1.6922499999999996
 31
0.0
  0
LINE
  5
3A5
330
17
100
AcDbEntity
  8
0
100
AcDbLine
 10
45.52864
 20
1.6922499999999996
 30
0.0
 11
45.727
 21
1.57193
 31
0.0
  0
LINE
  5
3A6
330
17
100
AcDbEntity
  8
0
100
AcDbLine
 10
45.727
 20
1.57193
 30
0.0
 11
45.985989999999994
 21
1.3858099999999993
 31
0.0
  0
LINE
  5
3A7
330
17
100
AcDbEntity
  8
0
100
AcDbLine
 10
45.985989999999994
 20
1.3858099999999993
 30
0.0
 11
46.22683
 21
1.1767399999999988
 31
0.0
  0
LINE
  5
3A8
330
17
100
AcDbEntity
  8
0
100
AcDbLine
 10
46.22683
 20
1.1767399999999988
 30
0.0
 11
46.447509999999994
 21
0.9464799999999993
 31
0.0
  0
LINE
  5
3A9
330
17
100
AcDbEntity
  8
0
100
AcDbLine
 10
46.447509999999994
 20
0.9464799999999993
 30
0.0
 11
46.64616
 21
0.6969799999999999
 31
0.0
  0
LINE
  5
3AA
330
17
100
AcDbEntity
  8
0
100
AcDbLine
 10
46.64616
 20
0.6969799999999999
 30
0.0
 11
46.776039999999995
 21
0.5047499999999996
 31
0.0
  0
LINE
  5
3AB
330
17
100
AcDbEntity
  8
0
100
AcDbLine
 10
46.776039999999995
 20
0.5047499999999996
 30
0.0
 11
47.01702
 21
0.07351999999999848
 31
0.0
  0
LINE
  5
3AC
330
17
100
AcDbEntity
  8
0
100
AcDbLine
 10
47.01702
 20
0.07351999999999848
 30
0.0
 11
47.21123
 21
-0.3774400000000018
 31
0.0
  0
LINE
  5
3AD
330
17
100
AcDbEntity
  8
0
100
AcDbLine
 10
47.21123
 20
-0.3774400000000018
 30
0.0
 11
47.37355
 21
-0.8862500000000004
 31
0.0
  0
LINE
  5
3AE
330
17
100
AcDbEntity
  8
0
100
AcDbLine
 10
47.37355
 20
-0.8862500000000004
 30
0.0
 11
47.45312
 21
-1.2218199999999992
 31
0.0
  0
LINE
  5
3AF
330
17
100
AcDbEntity
  8
0
100
AcDbLine
 10
47.45312
 20
-1.2218199999999992
 30
0.0
 11
47.56317
 21
-1.8656699999999997
 31
0.0
  0
LINE
  5
3B0
330
17
100
AcDbEntity
  8
0
100
AcDbLine
 10
47.56317
 20
-1.8656699999999997
 30
0.0
 11
47.63729
 21
-2.61834
 31
0.0
  0
LINE
  5
3B1
330
17
100
AcDbEntity
  8
0
100
AcDbLine
 10
47.63729
 20
-2.61834
 30
0.0
 11
47.655910000000006
 21
-3.2712900000000005
 31
0.0
  0
LINE
  5
3B2
330
17
100
AcDbEntity
  8
0
100
AcDbLine
 10
47.655910000000006
 20
-3.2712900000000005
 30
0.0
 11
47.65625
 21
-10.30255
 31
0.0
  0
LINE
  5
3B3
330
17
100
AcDbEntity
  8
0
100
AcDbLine
 10
47.65625
 20
-10.30255
 30
0.0
 11
47.63871
 21
-10.6933
 31
0.0
  0
LINE
  5
3B4
330
17
100
AcDbEntity
  8
0
100
AcDbLine
 10
47.63871
 20
-10.6933
 30
0.0
 11
47.59837
 21
-10.97866
 31
0.0
  0
LINE
  5
3B5
330
17
100
AcDbEntity
  8
0
100
AcDbLine
 10
47.59837
 20
-10.97866
 30
0.0
 11
47.54551
 21
-11.19809
 31
0.0
  0
LINE
  5
3B6
330
17
100
AcDbEntity
  8
0
100
AcDbLine
 10
47.54551
 20
-11.19809
 30
0.0
 11
47.4853
 21
-11.37205
 31
0.0
  0
LINE
  5
3B7
330
17
100
AcDbEntity
  8
0
100
AcDbLine
 10
47.4853
 20
-11.37205
 30
0.0
 11
47.43489
 21
-11.48484
 31
0.0
  0
LINE
  5
3B8
330
17
100
AcDbEntity
  8
0
100
AcDbLine
 10
47.43489
 20
-11.48484
 30
0.0
 11
47.34125
 21
-11.653640000000001
 31
0.0
  0
LINE
  5
3B9
330
17
100
AcDbEntity
  8
0
100
AcDbLine
 10
47.34125
 20
-11.653640000000001
 30
0.0
 11
47.24465
 21
-11.79355
 31
0.0
  0
LINE
  5
3BA
330
17
100
AcDbEntity
  8
0
100
AcDbLine
 10
47.24465
 20
-11.79355
 30
0.0
 11
47.14475
 21
-11.911620000000001
 31
0.0
  0
LINE
  5
3BB
330
17
100
AcDbEntity
  8
0
100
AcDbLine
 10
47.14475
 20
-11.911620000000001
 30
0.0
 11
47.02935
 21
-12.02244
 31
0.0
  0
LINE
  5
3BC
330
17
100
AcDbEntity
  8
0
100
AcDbLine
 10
47.02935
 20
-12.02244
 30
0.0
 11
46.90977
 21
-12.114790000000001
 31
0.0
  0
LINE
  5
3BD
330
17
100
AcDbEntity
  8
0
100
AcDbLine
 10
46.90977
 20
-12.114790000000001
 30
0.0
 11
46.84114
 21
-12.15931
 31
0.0
  0
LINE
  5
3BE
330
17
100
AcDbEntity
  8
0
100
AcDbLine
 10
46.84114
 20
-12.15931
 30
0.0
 11
46.65372
 21
-12.2599
 31
0.0
  0
LINE
  5
3BF
330
17
100
AcDbEntity
  8
0
100
AcDbLine
 10
46.65372
 20
-12.2599
 30
0.0
 11
46.458
 21
-12.34029
 31
0.0
  0
LINE
  5
3C0
330
17
100
AcDbEntity
  8
0
100
AcDbLine
 10
46.458
 20
-12.34029
 30
0.0
 11
46.23738
 21
-12.40659
 31
0.0
  0
LINE
  5
3C1
330
17
100
AcDbEntity
  8
0
100
AcDbLine
 10
46.23738
 20
-12.40659
 30
0.0
 11
45.97135
 21
-12.45879
 31
0.0
  0
LINE
  5
3C2
330
17
100
AcDbEntity
  8
0
100
AcDbLine
 10
45.97135
 20
-12.45879
 30
0.0
 11
45.44795
 21
-12.514330000000001
 31
0.0
  0
LINE
  5
3C3
330
17
100
AcDbEntity
  8
0
100
AcDbLine
 10
45.44795
 20
-12.514330000000001
 30
0.0
 11
44.921870000000006
 21
-12.531550000000001
 31
0.0
  0
LINE
  5
3C4
330
17
100
AcDbEntity
  8
0
100
AcDbLine
 10
44.921870000000006
 20
-12.531550000000001
 30
0.0
 11
44.82291
 21
-12.5317
 31
0.0
  0
LINE
  5
3C5
330
17
100
AcDbEntity
  8
0
100
AcDbLine
 10
44.82291
 20
-12.5317
 30
0.0
 11
44.82291
 21
-13.93275
 31
0.0
  0
LINE
  5
3C6
330
17
100
AcDbEntity
  8
0
100
AcDbLine
 10
44.82291
 20
-13.93275
 30
0.0
 11
53.791669999999996
 21
-13.93275
 31
0.0
  0
LINE
  5
3C7
330
17
100
AcDbEntity
  8
0
100
AcDbLine
 10
53.791669999999996
 20
-13.93275
 30
0.0
 11
53.791669999999996
 21
-12.5317
 31
0.0
  0
LINE
  5
3C8
330
17
100
AcDbEntity
  8
0
100
AcDbLine
 10
53.791669999999996
 20
-12.5317
 30
0.0
 11
53.51562
 21
-12.531460000000001
 31
0.0
  0
LINE
  5
3C9
330
17
100
AcDbEntity
  8
0
100
AcDbLine
 10
53.51562
 20
-12.531460000000001
 30
0.0
 11
52.98012
 21
-12.512870000000001
 31
0.0
  0
LINE
  5
3CA
330
17
100
AcDbEntity
  8
0
100
AcDbLine
 10
52.98012
 20
-12.512870000000001
 30
0.0
 11
52.44791
 21
-12.45097
 31
0.0
  0
LINE
  5
3CB
330
17
100
AcDbEntity
  8
0
100
AcDbLine
 10
52.44791
 20
-12.45097
 30
0.0
 11
52.21278
 21
-12.401010000000001
 31
0.0
  0
LINE
  5
3CC
330
17
100
AcDbEntity
  8
0
100
AcDbLine
 10
52.21278
 20
-12.401010000000001
 30
0.0
 11
52.00847
 21
-12.33618
 31
0.0
  0
LINE
  5
3CD
330
17
100
AcDbEntity
  8
0
100
AcDbLine
 10
52.00847
 20
-12.33618
 30
0.0
 11
51.827239999999996
 21
-12.258420000000001
 31
0.0
  0
LINE
  5
3CE
330
17
100
AcDbEntity
  8
0
100
AcDbLine
 10
51.827239999999996
 20
-12.258420000000001
 30
0.0
 11
51.64841
 21
-12.15879
 31
0.0
  0
LINE
  5
3CF
330
17
100
AcDbEntity
  8
0
100
AcDbLine
 10
51.64841
 20
-12.15879
 30
0.0
 11
51.585939999999994
 21
-12.11764
 31
0.0
  0
LINE
  5
3D0
330
17
100
AcDbEntity
  8
0
100
AcDbLine
 10
51.585939999999994
 20
-12.11764
 30
0.0
 11
51.45615
 21
-12.01754
 31
0.0
  0
LINE
  5
3D1
330
17
100
AcDbEntity
  8
0
100
AcDbLine
 10
51.45615
 20
-12.01754
 30
0.0
 11
51.341390000000004
 21
-11.908050000000001
 31
0.0
  0
LINE
  5
3D2
330
17
100
AcDbEntity
  8
0
100
AcDbLine
 10
51.341390000000004
 20
-11.908050000000001
 30
0.0
 11
51.23337
 21
-11.78198
 31
0.0
  0
LINE
  5
3D3
330
17
100
AcDbEntity
  8
0
100
AcDbLine
 10
51.23337
 20
-11.78198
 30
0.0
 11
51.130759999999995
 21
-11.63516
 31
0.0
  0
LINE
  5
3D4
330
17
100
AcDbEntity
  8
0
100
AcDbLine
 10
51.130759999999995
 20
-11.63516
 30
0.0
 11
51.032880000000006
 21
-11.46166
 31
0.0
  0
LINE
  5
3D5
330
17
100
AcDbEntity
  8
0
100
AcDbLine
 10
51.032880000000006
 20
-11.46166
 30
0.0
 11
51.0
 21
-11.393690000000001
 31
0.0
  0
LINE
  5
3D6
330
17
100
AcDbEntity
  8
0
100
AcDbLine
 10
51.0
 20
-11.393690000000001
 30
0.0
 11
50.93121
 21
-11.22236
 31
0.0
  0
LINE
  5
3D7
330
17
100
AcDbEntity
  8
0
100
AcDbLine
 10
50.93121
 20
-11.22236
 30
0.0
 11
50.87465
 21
-11.029770000000001
 31
0.0
  0
LINE
  5
3D8
330
17
100
AcDbEntity
  8
0
100
AcDbLine
 10
50.87465
 20
-11.029770000000001
 30
0.0
 11
50.82617
 21
-10.78556
 31
0.0
  0
LINE
  5
3D9
330
17
100
AcDbEntity
  8
0
100
AcDbLine
 10
50.82617
 20
-10.78556
 30
0.0
 11
50.78777
 21
-10.401620000000001
 31
0.0
  0
LINE
  5
3DA
330
17
100
AcDbEntity
  8
0
100
AcDbLine
 10
50.78777
 20
-10.401620000000001
 30
0.0
 11
50.78125
 21
-10.14109
 31
0.0
  0
LINE
  5
3DB
330
17
100
AcDbEntity
  8
0
100
AcDbLine
 10
50.78125
 20
-10.14109
 30
0.0
 11
50.78125
 21
0.2599499999999999
 31
0.0
  0
LINE
  5
3DC
330
17
100
AcDbEntity
  8
0
100
AcDbLine
 10
50.78125
 20
0.2599499999999999
 30
0.0
 11
50.79893
 21
0.6543700000000001
 31
0.0
  0
LINE
  5
3DD
330
17
100
AcDbEntity
  8
0
100
AcDbLine
 10
50.79893
 20
0.6543700000000001
 30
0.0
 11
50.83947
 21
0.9414200000000008
 31
0.0
  0
LINE
  5
3DE
330
17
100
AcDbEntity
  8
0
100
AcDbLine
 10
50.83947
 20
0.9414200000000008
 30
0.0
 11
50.89246
 21
1.1615699999999993
 31
0.0
  0
LINE
  5
3DF
330
17
100
AcDbEntity
  8
0
100
AcDbLine
 10
50.89246
 20
1.1615699999999993
 30
0.0
 11
50.95268
 21
1.3356999999999992
 31
0.0
  0
LINE
  5
3E0
330
17
100
AcDbEntity
  8
0
100
AcDbLine
 10
50.95268
 20
1.3356999999999992
 30
0.0
 11
51.0
 21
1.4422499999999996
 31
0.0
  0
LINE
  5
3E1
330
17
100
AcDbEntity
  8
0
100
AcDbLine
 10
51.0
 20
1.4422499999999996
 30
0.0
 11
51.09446
 21
1.6143399999999986
 31
0.0
  0
LINE
  5
3E2
330
17
100
AcDbEntity
  8
0
100
AcDbLine
 10
51.09446
 20
1.6143399999999986
 30
0.0
 11
51.19361
 21
1.759310000000001
 31
0.0
  0
LINE
  5
3E3
330
17
100
AcDbEntity
  8
0
100
AcDbLine
 10
51.19361
 20
1.759310000000001
 30
0.0
 11
51.297799999999995
 21
1.8835099999999994
 31
0.0
  0
LINE
  5
3E4
330
17
100
AcDbEntity
  8
0
100
AcDbLine
 10
51.297799999999995
 20
1.8835099999999994
 30
0.0
 11
51.4187
 21
2.00075
 31
0.0
  0
LINE
  5
3E5
330
17
100
AcDbEntity
  8
0
100
AcDbLine
 10
51.4187
 20
2.00075
 30
0.0
 11
51.545899999999996
 21
2.100159999999999
 31
0.0
  0
LINE
  5
3E6
330
17
100
AcDbEntity
  8
0
100
AcDbLine
 10
51.545899999999996
 20
2.100159999999999
 30
0.0
 11
51.59375
 21
2.1323500000000006
 31
0.0
  0
LINE
  5
3E7
330
17
100
AcDbEntity
  8
0
100
AcDbLine
 10
51.59375
 20
2.1323500000000006
 30
0.0
 11
51.784620000000004
 21
2.2414499999999986
 31
0.0
  0
LINE
  5
3E8
330
17
100
AcDbEntity
  8
0
100
AcDbLine
 10
51.784620000000004
 20
2.2414499999999986
 30
0.0
 11
51.98203
 21
2.3285099999999996
 31
0.0
  0
LINE
  5
3E9
330
17
100
AcDbEntity
  8
0
100
AcDbLine
 10
51.98203
 20
2.3285099999999996
 30
0.0
 11
52.201
 21
2.400170000000001
 31
0.0
  0
LINE
  5
3EA
330
17
100
AcDbEntity
  8
0
100
AcDbLine
 10
52.201
 20
2.400170000000001
 30
0.0
 11
52.46354
 21
2.4578699999999998
 31
0.0
  0
LINE
  5
3EB
330
17
100
AcDbEntity
  8
0
100
AcDbLine
 10
52.46354
 20
2.4578699999999998
 30
0.0
 11
52.98783
 21
2.5214599999999994
 31
0.0
  0
LINE
  5
3EC
330
17
100
AcDbEntity
  8
0
100
AcDbLine
 10
52.98783
 20
2.5214599999999994
 30
0.0
 11
53.51562
 21
2.54101
 31
0.0
  0
LINE
  5
3ED
330
17
100
AcDbEntity
  8
0
100
AcDbLine
 10
53.51562
 20
2.54101
 30
0.0
 11
53.609370000000006
 21
2.541199999999998
 31
0.0
  0
LINE
  5
3EE
330
17
100
AcDbEntity
  8
0
100
AcDbLine
 10
53.609370000000006
 20
2.541199999999998
 30
0.0
 11
53.609370000000006
 21
3.9370400000000014
 31
0.0
  0
LINE
  5
3EF
330
17
100
AcDbEntity
  8
0
100
AcDbLine
 10
53.609370000000006
 20
3.9370400000000014
 30
0.0
 11
48.22395
 21
3.9370400000000014
 31
0.0
  0
LINE
  5
3F0
330
17
100
AcDbEntity
  8
0
100
AcDbLine
 10
48.22395
 20
3.9370400000000014
 30
0.0
 11
47.786460000000005
 21
1.2391199999999998
 31
0.0
  0
LINE
  5
3F1
330
17
100
AcDbEntity
  8
0
100
AcDbLine
 10
47.786460000000005
 20
1.2391199999999998
 30
0.0
 11
47.61979
 21
1.2391199999999998
 31
0.0
  0
LINE
  5
3F2
330
17
100
AcDbEntity
  8
0
100
AcDbLine
 10
47.61979
 20
1.2391199999999998
 30
0.0
 11
47.11341
 21
2.0435800000000004
 31
0.0
  0
LINE
  5
3F3
330
17
100
AcDbEntity
  8
0
100
AcDbLine
 10
47.11341
 20
2.0435800000000004
 30
0.0
 11
46.73438
 21
2.5290099999999995
 31
0.0
  0
LINE
  5
3F4
330
17
100
AcDbEntity
  8
0
100
AcDbLine
 10
46.73438
 20
2.5290099999999995
 30
0.0
 11
46.52343
 21
2.75995
 31
0.0
  0
LINE
  5
3F5
330
17
100
AcDbEntity
  8
0
100
AcDbLine
 10
46.52343
 20
2.75995
 30
0.0
 11
46.10096
 21
3.1531399999999987
 31
0.0
  0
LINE
  5
3F6
330
17
100
AcDbEntity
  8
0
100
AcDbLine
 10
46.10096
 20
3.1531399999999987
 30
0.0
 11
45.73474
 21
3.42994
 31
0.0
  0
LINE
  5
3F7
330
17
100
AcDbEntity
  8
0
100
AcDbLine
 10
45.73474
 20
3.42994
 30
0.0
 11
45.38196
 21
3.6459199999999985
 31
0.0
  0
LINE
  5
3F8
330
17
100
AcDbEntity
  8
0
100
AcDbLine
 10
45.38196
 20
3.6459199999999985
 30
0.0
 11
45.30468
 21
3.6870399999999997
 31
0.0
  0
LINE
  5
3F9
330
17
100
AcDbEntity
  8
0
100
AcDbLine
 10
45.30468
 20
3.6870399999999997
 30
0.0
 11
45.01059
 21
3.8265499999999992
 31
0.0
  0
LINE
  5
3FA
330
17
100
AcDbEntity
  8
0
100
AcDbLine
 10
45.01059
 20
3.8265499999999992
 30
0.0
 11
44.63893
 21
3.96838
 31
0.0
  0
LINE
  5
3FB
330
17
100
AcDbEntity
  8
0
100
AcDbLine
 10
44.63893
 20
3.96838
 30
0.0
 11
44.25646
 21
4.077779999999999
 31
0.0
  0
LINE
  5
3FC
330
17
100
AcDbEntity
  8
0
100
AcDbLine
 10
44.25646
 20
4.077779999999999
 30
0.0
 11
43.93752
 21
4.142909999999999
 31
0.0
  0
LINE
  5
3FD
330
17
100
AcDbEntity
  8
0
100
AcDbLine
 10
43.93752
 20
4.142909999999999
 30
0.0
 11
43.177060000000004
 21
4.235910000000002
 31
0.0
  0
LINE
  5
3FE
330
17
100
AcDbEntity
  8
0
100
AcDbLine
 10
43.177060000000004
 20
4.235910000000002
 30
0.0
 11
42.41146
 21
4.26516
 31
0.0
  0
LINE
  5
3FF
330
17
100
AcDbEntity
  8
0
100
AcDbLine
 10
42.41146
 20
4.26516
 30
0.0
 11
41.55837
 21
4.22198
 31
0.0
  0
LINE
  5
400
330
17
100
AcDbEntity
  8
0
100
AcDbLine
 10
41.55837
 20
4.22198
 30
0.0
 11
40.90488
 21
4.121779999999999
 31
0.0
  0
LINE
  5
401
330
17
100
AcDbEntity
  8
0
100
AcDbLine
 10
40.90488
 20
4.121779999999999
 30
0.0
 11
40.344030000000004
 21
3.9786800000000007
 31
0.0
  0
LINE
  5
402
330
17
100
AcDbEntity
  8
0
100
AcDbLine
 10
40.344030000000004
 20
3.9786800000000007
 30
0.0
 11
40.05989
 21
3.882349999999999
 31
0.0
  0
LINE
  5
403
330
17
100
AcDbEntity
  8
0
100
AcDbLine
 10
40.05989
 20
3.882349999999999
 30
0.0
 11
39.72464
 21
3.744349999999999
 31
0.0
  0
LINE
  5
404
330
17
100
AcDbEntity
  8
0
100
AcDbLine
 10
59.259640000000005
 20
1.9778900000000004
 30
0.0
 11
59.02267
 21
1.53294
 31
0.0
  0
LINE
  5
405
330
17
100
AcDbEntity
  8
0
100
AcDbLine
 10
59.02267
 20
1.53294
 30
0.0
 11
58.80278
 21
1.0044699999999995
 31
0.0
  0
LINE
  5
406
330
17
100
AcDbEntity
  8
0
100
AcDbLine
 10
58.80278
 20
1.0044699999999995
 30
0.0
 11
58.69531
 21
0.6844300000000008
 31
0.0
  0
LINE
  5
407
330
17
100
AcDbEntity
  8
0
100
AcDbLine
 10
58.69531
 20
0.6844300000000008
 30
0.0
 11
58.532090000000004
 21
0.05645999999999951
 31
0.0
  0
LINE
  5
408
330
17
100
AcDbEntity
  8
0
100
AcDbLine
 10
58.532090000000004
 20
0.05645999999999951
 30
0.0
 11
58.39864
 21
-0.7462099999999996
 31
0.0
  0
LINE
  5
409
330
17
100
AcDbEntity
  8
0
100
AcDbLine
 10
58.39864
 20
-0.7462099999999996
 30
0.0
 11
58.320820000000005
 21
-1.7674500000000002
 31
0.0
  0
LINE
  5
40A
330
17
100
AcDbEntity
  8
0
100
AcDbLine
 10
58.320820000000005
 20
-1.7674500000000002
 30
0.0
 11
58.3125
 21
-2.2608800000000002
 31
0.0
  0
LINE
  5
40B
330
17
100
AcDbEntity
  8
0
100
AcDbLine
 10
58.3125
 20
-2.2608800000000002
 30
0.0
 11
58.3125
 21
-10.14109
 31
0.0
  0
LINE
  5
40C
330
17
100
AcDbEntity
  8
0
100
AcDbLine
 10
58.3125
 20
-10.14109
 30
0.0
 11
58.2898
 21
-10.650490000000001
 31
0.0
  0
LINE
  5
40D
330
17
100
AcDbEntity
  8
0
100
AcDbLine
 10
58.2898
 20
-10.650490000000001
 30
0.0
 11
58.24316
 21
-10.981720000000001
 31
0.0
  0
LINE
  5
40E
330
17
100
AcDbEntity
  8
0
100
AcDbLine
 10
58.24316
 20
-10.981720000000001
 30
0.0
 11
58.18568
 21
-11.222570000000001
 31
0.0
  0
LINE
  5
40F
330
17
100
AcDbEntity
  8
0
100
AcDbLine
 10
58.18568
 20
-11.222570000000001
 30
0.0
 11
58.1276
 21
-11.393690000000001
 31
0.0
  0
LINE
  5
410
330
17
100
AcDbEntity
  8
0
100
AcDbLine
 10
58.1276
 20
-11.393690000000001
 30
0.0
 11
58.04554
 21
-11.57693
 31
0.0
  0
LINE
  5
411
330
17
100
AcDbEntity
  8
0
100
AcDbLine
 10
58.04554
 20
-11.57693
 30
0.0
 11
57.959610000000005
 21
-11.72748
 31
0.0
  0
LINE
  5
412
330
17
100
AcDbEntity
  8
0
100
AcDbLine
 10
57.959610000000005
 20
-11.72748
 30
0.0
 11
57.87005
 21
-11.85383
 31
0.0
  0
LINE
  5
413
330
17
100
AcDbEntity
  8
0
100
AcDbLine
 10
57.87005
 20
-11.85383
 30
0.0
 11
57.77652
 21
-11.96163
 31
0.0
  0
LINE
  5
414
330
17
100
AcDbEntity
  8
0
100
AcDbLine
 10
57.77652
 20
-11.96163
 30
0.0
 11
57.6684
 21
-12.06302
 31
0.0
  0
LINE
  5
415
330
17
100
AcDbEntity
  8
0
100
AcDbLine
 10
57.6684
 20
-12.06302
 30
0.0
 11
57.59896
 21
-12.11764
 31
0.0
  0
LINE
  5
416
330
17
100
AcDbEntity
  8
0
100
AcDbLine
 10
57.59896
 20
-12.11764
 30
0.0
 11
57.4438
 21
-12.21916
 31
0.0
  0
LINE
  5
417
330
17
100
AcDbEntity
  8
0
100
AcDbLine
 10
57.4438
 20
-12.21916
 30
0.0
 11
57.28421
 21
-12.30109
 31
0.0
  0
LINE
  5
418
330
17
100
AcDbEntity
  8
0
100
AcDbLine
 10
57.28421
 20
-12.30109
 30
0.0
 11
57.109519999999996
 21
-12.369620000000001
 31
0.0
  0
LINE
  5
419
330
17
100
AcDbEntity
  8
0
100
AcDbLine
 10
57.109519999999996
 20
-12.369620000000001
 30
0.0
 11
56.91476
 21
-12.42467
 31
0.0
  0
LINE
  5
41A
330
17
100
AcDbEntity
  8
0
100
AcDbLine
 10
56.91476
 20
-12.42467
 30
0.0
 11
56.783849999999994
 21
-12.45097
 31
0.0
  0
LINE
  5
41B
330
17
100
AcDbEntity
  8
0
100
AcDbLine
 10
56.783849999999994
 20
-12.45097
 30
0.0
 11
56.27386
 21
-12.512970000000001
 31
0.0
  0
LINE
  5
41C
330
17
100
AcDbEntity
  8
0
100
AcDbLine
 10
56.27386
 20
-12.512970000000001
 30
0.0
 11
55.76041
 21
-12.53144
 31
0.0
  0
LINE
  5
41D
330
17
100
AcDbEntity
  8
0
100
AcDbLine
 10
55.76041
 20
-12.53144
 30
0.0
 11
55.645830000000004
 21
-12.5317
 31
0.0
  0
LINE
  5
41E
330
17
100
AcDbEntity
  8
0
100
AcDbLine
 10
55.645830000000004
 20
-12.5317
 30
0.0
 11
55.645830000000004
 21
-13.93275
 31
0.0
  0
LINE
  5
41F
330
17
100
AcDbEntity
  8
0
100
AcDbLine
 10
55.645830000000004
 20
-13.93275
 30
0.0
 11
61.45833
 21
-13.93275
 31
0.0
  0
LINE
  5
420
330
17
100
AcDbEntity
  8
0
100
AcDbLine
 10
61.45833
 20
-13.93275
 30
0.0
 11
61.45833
 21
-2.42755
 31
0.0
  0
LINE
  5
421
330
17
100
AcDbEntity
  8
0
100
AcDbLine
 10
61.45833
 20
-2.42755
 30
0.0
 11
61.50716
 21
-1.3956499999999998
 31
0.0
  0
LINE
  5
422
330
17
100
AcDbEntity
  8
0
100
AcDbLine
 10
61.50716
 20
-1.3956499999999998
 30
0.0
 11
61.61249
 21
-0.679409999999999
 31
0.0
  0
LINE
  5
423
330
17
100
AcDbEntity
  8
0
100
AcDbLine
 10
61.61249
 20
-0.679409999999999
 30
0.0
 11
61.65365
 21
-0.48743999999999943
 31
0.0
  0
LINE
  5
424
330
17
100
AcDbEntity
  8
0
100
AcDbLine
 10
61.65365
 20
-0.48743999999999943
 30
0.0
 11
61.77949
 21
-0.039570000000001215
 31
0.0
  0
LINE
  5
425
330
17
100
AcDbEntity
  8
0
100
AcDbLine
 10
61.77949
 20
-0.039570000000001215
 30
0.0
 11
61.92274
 21
0.32814999999999905
 31
0.0
  0
LINE
  5
426
330
17
100
AcDbEntity
  8
0
100
AcDbLine
 10
61.92274
 20
0.32814999999999905
 30
0.0
 11
62.079950000000004
 21
0.6382300000000001
 31
0.0
  0
LINE
  5
427
330
17
100
AcDbEntity
  8
0
100
AcDbLine
 10
62.079950000000004
 20
0.6382300000000001
 30
0.0
 11
62.24971
 21
0.9047299999999989
 31
0.0
  0
LINE
  5
428
330
17
100
AcDbEntity
  8
0
100
AcDbLine
 10
62.24971
 20
0.9047299999999989
 30
0.0
 11
62.27864
 21
0.9448499999999989
 31
0.0
  0
LINE
  5
429
330
17
100
AcDbEntity
  8
0
100
AcDbLine
 10
62.27864
 20
0.9448499999999989
 30
0.0
 11
62.4431
 21
1.1476099999999985
 31
0.0
  0
LINE
  5
42A
330
17
100
AcDbEntity
  8
0
100
AcDbLine
 10
62.4431
 20
1.1476099999999985
 30
0.0
 11
62.636140000000005
 21
1.34145
 31
0.0
  0
LINE
  5
42B
330
17
100
AcDbEntity
  8
0
100
AcDbLine
 10
62.636140000000005
 20
1.34145
 30
0.0
 11
62.84544
 21
1.511709999999999
 31
0.0
  0
LINE
  5
42C
330
17
100
AcDbEntity
  8
0
100
AcDbLine
 10
62.84544
 20
1.511709999999999
 30
0.0
 11
63.075
 21
1.6623200000000011
 31
0.0
  0
LINE
  5
42D
330
17
100
AcDbEntity
  8
0
100
AcDbLine
 10
63.075
 20
1.6623200000000011
 30
0.0
 11
63.330659999999995
 21
1.79556
 31
0.0
  0
LINE
  5
42E
330
17
100
AcDbEntity
  8
0
100
AcDbLine
 10
63.330659999999995
 20
1.79556
 30
0.0
 11
63.40885
 21
1.8302700000000005
 31
0.0
  0
LINE
  5
42F
330
17
100
AcDbEntity
  8
0
100
AcDbLine
 10
63.40885
 20
1.8302700000000005
 30
0.0
 11
63.71493
 21
1.9422800000000002
 31
0.0
  0
LINE
  5
430
330
17
100
AcDbEntity
  8
0
100
AcDbLine
 10
63.71493
 20
1.9422800000000002
 30
0.0
 11
64.04765
 21
2.0281000000000002
 31
0.0
  0
LINE
  5
431
330
17
100
AcDbEntity
  8
0
100
AcDbLine
 10
64.04765
 20
2.0281000000000002
 30
0.0
 11
64.44973
 21
2.0929699999999993
 31
0.0
  0
LINE
  5
432
330
17
100
AcDbEntity
  8
0
100
AcDbLine
 10
64.44973
 20
2.0929699999999993
 30
0.0
 11
64.94581000000001
 21
2.127469999999999
 31
0.0
  0
LINE
  5
433
330
17
100
AcDbEntity
  8
0
100
AcDbLine
 10
64.94581000000001
 20
2.127469999999999
 30
0.0
 11
65.11979
 21
2.1297499999999996
 31
0.0
  0
LINE
  5
434
330
17
100
AcDbEntity
  8
0
100
AcDbLine
 10
65.11979
 20
2.1297499999999996
 30
0.0
 11
65.68683
 21
2.1000499999999995
 31
0.0
  0
LINE
  5
435
330
17
100
AcDbEntity
  8
0
100
AcDbLine
 10
65.68683
 20
2.1000499999999995
 30
0.0
 11
66.09238
 21
2.0362100000000005
 31
0.0
  0
LINE
  5
436
330
17
100
AcDbEntity
  8
0
100
AcDbLine
 10
66.09238
 20
2.0362100000000005
 30
0.0
 11
66.43456
 21
1.947519999999999
 31
0.0
  0
LINE
  5
437
330
17
100
AcDbEntity
  8
0
100
AcDbLine
 10
66.43456
 20
1.947519999999999
 30
0.0
 11
66.72973999999999
 21
1.8392899999999983
 31
0.0
  0
LINE
  5
438
330
17
100
AcDbEntity
  8
0
100
AcDbLine
 10
66.72973999999999
 20
1.8392899999999983
 30
0.0
 11
66.98945
 21
1.71401
 31
0.0
  0
LINE
  5
439
330
17
100
AcDbEntity
  8
0
100
AcDbLine
 10
66.98945
 20
1.71401
 30
0.0
 11
67.02865
 21
1.6922499999999996
 31
0.0
  0
LINE
  5
43A
330
17
100
AcDbEntity
  8
0
100
AcDbLine
 10
67.02865
 20
1.6922499999999996
 30
0.0
 11
67.22699999999999
 21
1.57193
 31
0.0
  0
LINE
  5
43B
330
17
100
AcDbEntity
  8
0
100
AcDbLine
 10
67.22699999999999
 20
1.57193
 30
0.0
 11
67.48599
 21
1.3858099999999993
 31
0.0
  0
LINE
  5
43C
330
17
100
AcDbEntity
  8
0
100
AcDbLine
 10
67.48599
 20
1.3858099999999993
 30
0.0
 11
67.72683
 21
1.1767399999999988
 31
0.0
  0
LINE
  5
43D
330
17
100
AcDbEntity
  8
0
100
AcDbLine
 10
67.72683
 20
1.1767399999999988
 30
0.0
 11
67.94751000000001
 21
0.9464799999999993
 31
0.0
  0
LINE
  5
43E
330
17
100
AcDbEntity
  8
0
100
AcDbLine
 10
67.94751000000001
 20
0.9464799999999993
 30
0.0
 11
68.14616
 21
0.6969799999999999
 31
0.0
  0
LINE
  5
43F
330
17
100
AcDbEntity
  8
0
100
AcDbLine
 10
68.14616
 20
0.6969799999999999
 30
0.0
 11
68.27604
 21
0.5047499999999996
 31
0.0
  0
LINE
  5
440
330
17
100
AcDbEntity
  8
0
100
AcDbLine
 10
68.27604
 20
0.5047499999999996
 30
0.0
 11
68.51702
 21
0.07351999999999848
 31
0.0
  0
LINE
  5
441
330
17
100
AcDbEntity
  8
0
100
AcDbLine
 10
68.51702
 20
0.07351999999999848
 30
0.0
 11
68.71123
 21
-0.3774400000000018
 31
0.0
  0
LINE
  5
442
330
17
100
AcDbEntity
  8
0
100
AcDbLine
 10
68.71123
 20
-0.3774400000000018
 30
0.0
 11
68.87353999999999
 21
-0.8862500000000004
 31
0.0
  0
LINE
  5
443
330
17
100
AcDbEntity
  8
0
100
AcDbLine
 10
68.87353999999999
 20
-0.8862500000000004
 30
0.0
 11
68.95312000000001
 21
-1.2218199999999992
 31
0.0
  0
LINE
  5
444
330
17
100
AcDbEntity
  8
0
100
AcDbLine
 10
68.95312000000001
 20
-1.2218199999999992
 30
0.0
 11
69.06318
 21
-1.8656699999999997
 31
0.0
  0
LINE
  5
445
330
17
100
AcDbEntity
  8
0
100
AcDbLine
 10
69.06318
 20
-1.8656699999999997
 30
0.0
 11
69.13729000000001
 21
-2.61834
 31
0.0
  0
LINE
  5
446
330
17
100
AcDbEntity
  8
0
100
AcDbLine
 10
69.13729000000001
 20
-2.61834
 30
0.0
 11
69.15591
 21
-3.2712900000000005
 31
0.0
  0
LINE
  5
447
330
17
100
AcDbEntity
  8
0
100
AcDbLine
 10
69.15591
 20
-3.2712900000000005
 30
0.0
 11
69.15625
 21
-10.30255
 31
0.0
  0
LINE
  5
448
330
17
100
AcDbEntity
  8
0
100
AcDbLine
 10
69.15625
 20
-10.30255
 30
0.0
 11
69.1387
 21
-10.6933
 31
0.0
  0
LINE
  5
449
330
17
100
AcDbEntity
  8
0
100
AcDbLine
 10
69.1387
 20
-10.6933
 30
0.0
 11
69.09837
 21
-10.97866
 31
0.0
  0
LINE
  5
44A
330
17
100
AcDbEntity
  8
0
100
AcDbLine
 10
69.09837
 20
-10.97866
 30
0.0
 11
69.04551000000001
 21
-11.19809
 31
0.0
  0
LINE
  5
44B
330
17
100
AcDbEntity
  8
0
100
AcDbLine
 10
69.04551000000001
 20
-11.19809
 30
0.0
 11
68.9853
 21
-11.37205
 31
0.0
  0
LINE
  5
44C
330
17
100
AcDbEntity
  8
0
100
AcDbLine
 10
68.9853
 20
-11.37205
 30
0.0
 11
68.93489
 21
-11.48484
 31
0.0
  0
LINE
  5
44D
330
17
100
AcDbEntity
  8
0
100
AcDbLine
 10
68.93489
 20
-11.48484
 30
0.0
 11
68.84125
 21
-11.653640000000001
 31
0.0
  0
LINE
  5
44E
330
17
100
AcDbEntity
  8
0
100
AcDbLine
 10
68.84125
 20
-11.653640000000001
 30
0.0
 11
68.74466
 21
-11.79355
 31
0.0
  0
LINE
  5
44F
330
17
100
AcDbEntity
  8
0
100
AcDbLine
 10
68.74466
 20
-11.79355
 30
0.0
 11
68.64475
 21
-11.911620000000001
 31
0.0
  0
LINE
  5
450
330
17
100
AcDbEntity
  8
0
100
AcDbLine
 10
68.64475
 20
-11.911620000000001
 30
0.0
 11
68.52935000000001
 21
-12.02244
 31
0.0
  0
LINE
  5
451
330
17
100
AcDbEntity
  8
0
100
AcDbLine
 10
68.52935000000001
 20
-12.02244
 30
0.0
 11
68.40977
 21
-12.114790000000001
 31
0.0
  0
LINE
  5
452
330
17
100
AcDbEntity
  8
0
100
AcDbLine
 10
68.40977
 20
-12.114790000000001
 30
0.0
 11
68.34114
 21
-12.15931
 31
0.0
  0
LINE
  5
453
330
17
100
AcDbEntity
  8
0
100
AcDbLine
 10
68.34114
 20
-12.15931
 30
0.0
 11
68.15372
 21
-12.2599
 31
0.0
  0
LINE
  5
454
330
17
100
AcDbEntity
  8
0
100
AcDbLine
 10
68.15372
 20
-12.2599
 30
0.0
 11
67.958
 21
-12.34029
 31
0.0
  0
LINE
  5
455
330
17
100
AcDbEntity
  8
0
100
AcDbLine
 10
67.958
 20
-12.34029
 30
0.0
 11
67.73738
 21
-12.40659
 31
0.0
  0
LINE
  5
456
330
17
100
AcDbEntity
  8
0
100
AcDbLine
 10
67.73738
 20
-12.40659
 30
0.0
 11
67.47135
 21
-12.45879
 31
0.0
  0
LINE
  5
457
330
17
100
AcDbEntity
  8
0
100
AcDbLine
 10
67.47135
 20
-12.45879
 30
0.0
 11
66.94795
 21
-12.514330000000001
 31
0.0
  0
LINE
  5
458
330
17
100
AcDbEntity
  8
0
100
AcDbLine
 10
66.94795
 20
-12.514330000000001
 30
0.0
 11
66.42187
 21
-12.531550000000001
 31
0.0
  0
LINE
  5
459
330
17
100
AcDbEntity
  8
0
100
AcDbLine
 10
66.42187
 20
-12.531550000000001
 30
0.0
 11
66.32291
 21
-12.5317
 31
0.0
  0
LINE
  5
45A
330
17
100
AcDbEntity
  8
0
100
AcDbLine
 10
66.32291
 20
-12.5317
 30
0.0
 11
66.32291
 21
-13.93275
 31
0.0
  0
LINE
  5
45B
330
17
100
AcDbEntity
  8
0
100
AcDbLine
 10
66.32291
 20
-13.93275
 30
0.0
 11
75.29166
 21
-13.93275
 31
0.0
  0
LINE
  5
45C
330
17
100
AcDbEntity
  8
0
100
AcDbLine
 10
75.29166
 20
-13.93275
 30
0.0
 11
75.29166
 21
-12.5317
 31
0.0
  0
LINE
  5
45D
330
17
100
AcDbEntity
  8
0
100
AcDbLine
 10
75.29166
 20
-12.5317
 30
0.0
 11
75.01562
 21
-12.531460000000001
 31
0.0
  0
LINE
  5
45E
330
17
100
AcDbEntity
  8
0
100
AcDbLine
 10
75.01562
 20
-12.531460000000001
 30
0.0
 11
74.48012
 21
-12.512870000000001
 31
0.0
  0
LINE
  5
45F
330
17
100
AcDbEntity
  8
0
100
AcDbLine
 10
74.48012
 20
-12.512870000000001
 30
0.0
 11
73.94791000000001
 21
-12.45097
 31
0.0
  0
LINE
  5
460
330
17
100
AcDbEntity
  8
0
100
AcDbLine
 10
73.94791000000001
 20
-12.45097
 30
0.0
 11
73.71278000000001
 21
-12.401010000000001
 31
0.0
  0
LINE
  5
461
330
17
100
AcDbEntity
  8
0
100
AcDbLine
 10
73.71278000000001
 20
-12.401010000000001
 30
0.0
 11
73.50848
 21
-12.33618
 31
0.0
  0
LINE
  5
462
330
17
100
AcDbEntity
  8
0
100
AcDbLine
 10
73.50848
 20
-12.33618
 30
0.0
 11
73.32723
 21
-12.258420000000001
 31
0.0
  0
LINE
  5
463
330
17
100
AcDbEntity
  8
0
100
AcDbLine
 10
73.32723
 20
-12.258420000000001
 30
0.0
 11
73.14840000000001
 21
-12.15879
 31
0.0
  0
LINE
  5
464
330
17
100
AcDbEntity
  8
0
100
AcDbLine
 10
73.14840000000001
 20
-12.15879
 30
0.0
 11
73.08592999999999
 21
-12.11764
 31
0.0
  0
LINE
  5
465
330
17
100
AcDbEntity
  8
0
100
AcDbLine
 10
73.08592999999999
 20
-12.11764
 30
0.0
 11
72.95614
 21
-12.01754
 31
0.0
  0
LINE
  5
466
330
17
100
AcDbEntity
  8
0
100
AcDbLine
 10
72.95614
 20
-12.01754
 30
0.0
 11
72.84139
 21
-11.908050000000001
 31
0.0
  0
LINE
  5
467
330
17
100
AcDbEntity
  8
0
100
AcDbLine
 10
72.84139
 20
-11.908050000000001
 30
0.0
 11
72.73338
 21
-11.78198
 31
0.0
  0
LINE
  5
468
330
17
100
AcDbEntity
  8
0
100
AcDbLine
 10
72.73338
 20
-11.78198
 30
0.0
 11
72.63076000000001
 21
-11.63516
 31
0.0
  0
LINE
  5
469
330
17
100
AcDbEntity
  8
0
100
AcDbLine
 10
72.63076000000001
 20
-11.63516
 30
0.0
 11
72.53287999999999
 21
-11.46166
 31
0.0
  0
LINE
  5
46A
330
17
100
AcDbEntity
  8
0
100
AcDbLine
 10
72.53287999999999
 20
-11.46166
 30
0.0
 11
72.5
 21
-11.393690000000001
 31
0.0
  0
LINE
  5
46B
330
17
100
AcDbEntity
  8
0
100
AcDbLine
 10
72.5
 20
-11.393690000000001
 30
0.0
 11
72.43121
 21
-11.22236
 31
0.0
  0
LINE
  5
46C
330
17
100
AcDbEntity
  8
0
100
AcDbLine
 10
72.43121
 20
-11.22236
 30
0.0
 11
72.37465
 21
-11.029770000000001
 31
0.0
  0
LINE
  5
46D
330
17
100
AcDbEntity
  8
0
100
AcDbLine
 10
72.37465
 20
-11.029770000000001
 30
0.0
 11
72.32616999999999
 21
-10.78556
 31
0.0
  0
LINE
  5
46E
330
17
100
AcDbEntity
  8
0
100
AcDbLine
 10
72.32616999999999
 20
-10.78556
 30
0.0
 11
72.28777
 21
-10.401620000000001
 31
0.0
  0
LINE
  5
46F
330
17
100
AcDbEntity
  8
0
100
AcDbLine
 10
72.28777
 20
-10.401620000000001
 30
0.0
 11
72.28125
 21
-10.14109
 31
0.0
  0
LINE
  5
470
330
17
100
AcDbEntity
  8
0
100
AcDbLine
 10
72.28125
 20
-10.14109
 30
0.0
 11
72.28125
 21
0.2599499999999999
 31
0.0
  0
LINE
  5
471
330
17
100
AcDbEntity
  8
0
100
AcDbLine
 10
72.28125
 20
0.2599499999999999
 30
0.0
 11
72.29893
 21
0.6543700000000001
 31
0.0
  0
LINE
  5
472
330
17
100
AcDbEntity
  8
0
100
AcDbLine
 10
72.29893
 20
0.6543700000000001
 30
0.0
 11
72.33947
 21
0.9414200000000008
 31
0.0
  0
LINE
  5
473
330
17
100
AcDbEntity
  8
0
100
AcDbLine
 10
72.33947
 20
0.9414200000000008
 30
0.0
 11
72.39246
 21
1.1615699999999993
 31
0.0
  0
LINE
  5
474
330
17
100
AcDbEntity
  8
0
100
AcDbLine
 10
72.39246
 20
1.1615699999999993
 30
0.0
 11
72.45268
 21
1.3356999999999992
 31
0.0
  0
LINE
  5
475
330
17
100
AcDbEntity
  8
0
100
AcDbLine
 10
72.45268
 20
1.3356999999999992
 30
0.0
 11
72.5
 21
1.4422499999999996
 31
0.0
  0
LINE
  5
476
330
17
100
AcDbEntity
  8
0
100
AcDbLine
 10
72.5
 20
1.4422499999999996
 30
0.0
 11
72.59446
 21
1.6143399999999986
 31
0.0
  0
LINE
  5
477
330
17
100
AcDbEntity
  8
0
100
AcDbLine
 10
72.59446
 20
1.6143399999999986
 30
0.0
 11
72.69361
 21
1.759310000000001
 31
0.0
  0
LINE
  5
478
330
17
100
AcDbEntity
  8
0
100
AcDbLine
 10
72.69361
 20
1.759310000000001
 30
0.0
 11
72.7978
 21
1.8835099999999994
 31
0.0
  0
LINE
  5
479
330
17
100
AcDbEntity
  8
0
100
AcDbLine
 10
72.7978
 20
1.8835099999999994
 30
0.0
 11
72.9187
 21
2.00075
 31
0.0
  0
LINE
  5
47A
330
17
100
AcDbEntity
  8
0
100
AcDbLine
 10
72.9187
 20
2.00075
 30
0.0
 11
73.04589
 21
2.100159999999999
 31
0.0
  0
LINE
  5
47B
330
17
100
AcDbEntity
  8
0
100
AcDbLine
 10
73.04589
 20
2.100159999999999
 30
0.0
 11
73.09375
 21
2.1323500000000006
 31
0.0
  0
LINE
  5
47C
330
17
100
AcDbEntity
  8
0
100
AcDbLine
 10
73.09375
 20
2.1323500000000006
 30
0.0
 11
73.28461999999999
 21
2.2414499999999986
 31
0.0
  0
LINE
  5
47D
330
17
100
AcDbEntity
  8
0
100
AcDbLine
 10
73.28461999999999
 20
2.2414499999999986
 30
0.0
 11
73.48203000000001
 21
2.3285099999999996
 31
0.0
  0
LINE
  5
47E
330
17
100
AcDbEntity
  8
0
100
AcDbLine
 10
73.48203000000001
 20
2.3285099999999996
 30
0.0
 11
73.70100000000001
 21
2.400170000000001
 31
0.0
  0
LINE
  5
47F
330
17
100
AcDbEntity
  8
0
100
AcDbLine
 10
73.70100000000001
 20
2.400170000000001
 30
0.0
 11
73.96354
 21
2.4578699999999998
 31
0.0
  0
LINE
  5
480
330
17
100
AcDbEntity
  8
0
100
AcDbLine
 10
73.96354
 20
2.4578699999999998
 30
0.0
 11
74.48783
 21
2.5214599999999994
 31
0.0
  0
LINE
  5
481
330
17
100
AcDbEntity
  8
0
100
AcDbLine
 10
74.48783
 20
2.5214599999999994
 30
0.0
 11
75.01562
 21
2.54101
 31
0.0
  0
LINE
  5
482
330
17
100
AcDbEntity
  8
0
100
AcDbLine
 10
75.01562
 20
2.54101
 30
0.0
 11
75.10938
 21
2.541199999999998
 31
0.0
  0
LINE
  5
483
330
17
100
AcDbEntity
  8
0
100
AcDbLine
 10
75.10938
 20
2.541199999999998
 30
0.0
 11
75.10938
 21
3.9370400000000014
 31
0.0
  0
LINE
  5
484
330
17
100
AcDbEntity
  8
0
100
AcDbLine
 10
75.10938
 20
3.9370400000000014
 30
0.0
 11
69.72395
 21
3.9370400000000014
 31
0.0
  0
LINE
  5
485
330
17
100
AcDbEntity
  8
0
100
AcDbLine
 10
69.72395
 20
3.9370400000000014
 30
0.0
 11
69.28645999999999
 21
1.2391199999999998
 31
0.0
  0
LINE
  5
486
330
17
100
AcDbEntity
  8
0
100
AcDbLine
 10
69.28645999999999
 20
1.2391199999999998
 30
0.0
 11
69.11979
 21
1.2391199999999998
 31
0.0
  0
LINE
  5
487
330
17
100
AcDbEntity
  8
0
100
AcDbLine
 10
69.11979
 20
1.2391199999999998
 30
0.0
 11
68.61341
 21
2.0435800000000004
 31
0.0
  0
LINE
  5
488
330
17
100
AcDbEntity
  8
0
100
AcDbLine
 10
68.61341
 20
2.0435800000000004
 30
0.0
 11
68.23437
 21
2.5290099999999995
 31
0.0
  0
LINE
  5
489
330
17
100
AcDbEntity
  8
0
100
AcDbLine
 10
68.23437
 20
2.5290099999999995
 30
0.0
 11
68.02342999999999
 21
2.75995
 31
0.0
  0
LINE
  5
48A
330
17
100
AcDbEntity
  8
0
100
AcDbLine
 10
68.02342999999999
 20
2.75995
 30
0.0
 11
67.60096
 21
3.1531399999999987
 31
0.0
  0
LINE
  5
48B
330
17
100
AcDbEntity
  8
0
100
AcDbLine
 10
67.60096
 20
3.1531399999999987
 30
0.0
 11
67.23474
 21
3.42994
 31
0.0
  0
LINE
  5
48C
330
17
100
AcDbEntity
  8
0
100
AcDbLine
 10
67.23474
 20
3.42994
 30
0.0
 11
66.88196
 21
3.6459199999999985
 31
0.0
  0
LINE
  5
48D
330
17
100
AcDbEntity
  8
0
100
AcDbLine
 10
66.88196
 20
3.6459199999999985
 30
0.0
 11
66.80468
 21
3.6870399999999997
 31
0.0
  0
LINE
  5
48E
330
17
100
AcDbEntity
  8
0
100
AcDbLine
 10
66.80468
 20
3.6870399999999997
 30
0.0
 11
66.51059
 21
3.8265499999999992
 31
0.0
  0
LINE
  5
48F
330
17
100
AcDbEntity
  8
0
100
AcDbLine
 10
66.51059
 20
3.8265499999999992
 30
0.0
 11
66.13893
 21
3.96838
 31
0.0
  0
LINE
  5
490
330
17
100
AcDbEntity
  8
0
100
AcDbLine
 10
66.13893
 20
3.96838
 30
0.0
 11
65.75646
 21
4.077779999999999
 31
0.0
  0
LINE
  5
491
330
17
100
AcDbEntity
  8
0
100
AcDbLine
 10
65.75646
 20
4.077779999999999
 30
0.0
 11
65.43751999999999
 21
4.142909999999999
 31
0.0
  0
LINE
  5
492
330
17
100
AcDbEntity
  8
0
100
AcDbLine
 10
65.43751999999999
 20
4.142909999999999
 30
0.0
 11
64.67706
 21
4.235910000000002
 31
0.0
  0
LINE
  5
493
330
17
100
AcDbEntity
  8
0
100
AcDbLine
 10
64.67706
 20
4.235910000000002
 30
0.0
 11
63.911460000000005
 21
4.26516
 31
0.0
  0
LINE
  5
494
330
17
100
AcDbEntity
  8
0
100
AcDbLine
 10
63.911460000000005
 20
4.26516
 30
0.0
 11
63.058370000000004
 21
4.22198
 31
0.0
  0
LINE
  5
495
330
17
100
AcDbEntity
  8
0
100
AcDbLine
 10
63.058370000000004
 20
4.22198
 30
0.0
 11
62.404880000000006
 21
4.121779999999999
 31
0.0
  0
LINE
  5
496
330
17
100
AcDbEntity
  8
0
100
AcDbLine
 10
62.404880000000006
 20
4.121779999999999
 30
0.0
 11
61.844030000000004
 21
3.9786800000000007
 31
0.0
  0
LINE
  5
497
330
17
100
AcDbEntity
  8
0
100
AcDbLine
 10
61.844030000000004
 20
3.9786800000000007
 30
0.0
 11
61.559889999999996
 21
3.882349999999999
 31
0.0
  0
LINE
  5
498
330
17
100
AcDbEntity
  8
0
100
AcDbLine
 10
61.559889999999996
 20
3.882349999999999
 30
0.0
 11
61.224639999999994
 21
3.744349999999999
 31
0.0
  0
LINE
  5
499
330
17
100
AcDbEntity
  8
0
100
AcDbLine
 10
61.224639999999994
 20
3.744349999999999
 30
0.0
 11
60.80896
 21
3.527090000000001
 31
0.0
  0
LINE
  5
49A
330
17
100
AcDbEntity
  8
0
100
AcDbLine
 10
60.80896
 20
3.527090000000001
 30
0.0
 11
60.41854
 21
3.267150000000001
 31
0.0
  0
LINE
  5
49B
330
17
100
AcDbEntity
  8
0
100
AcDbLine
 10
60.41854
 20
3.267150000000001
 30
0.0
 11
60.05775
 21
2.96744
 31
0.0
  0
LINE
  5
49C
330
17
100
AcDbEntity
  8
0
100
AcDbLine
 10
60.05775
 20
2.96744
 30
0.0
 11
59.802080000000004
 21
2.7104800000000004
 31
0.0
  0
LINE
  5
49D
330
17
100
AcDbEntity
  8
0
100
AcDbLine
 10
59.802080000000004
 20
2.7104800000000004
 30
0.0
 11
59.512589999999996
 21
2.35867
 31
0.0
  0
LINE
  5
49E
330
17
100
AcDbEntity
  8
0
100
AcDbLine
 10
59.512589999999996
 20
2.35867
 30
0.0
 11
59.259640000000005
 21
1.9778900000000004
 31
0.0
  0
LINE
  5
49F
330
17
100
AcDbEntity
  8
0
100
AcDbLine
 10
5.515619999999999
 20
3.9370400000000014
 30
0.0
 11
5.515619999999999
 21
2.541199999999998
 31
0.0
  0
LINE
  5
4A0
330
17
100
AcDbEntity
  8
0
100
AcDbLine
 10
5.515619999999999
 20
2.541199999999998
 30
0.0
 11
5.9375
 21
2.541199999999998
 31
0.0
  0
LINE
  5
4A1
330
17
100
AcDbEntity
  8
0
100
AcDbLine
 10
5.9375
 20
2.541199999999998
 30
0.0
 11
6.35662
 21
2.522359999999999
 31
0.0
  0
LINE
  5
4A2
330
17
100
AcDbEntity
  8
0
100
AcDbLine
 10
6.35662
 20
2.522359999999999
 30
0.0
 11
6.66016
 21
2.4794
 31
0.0
  0
LINE
  5
4A3
330
17
100
AcDbEntity
  8
0
100
AcDbLine
 10
6.66016
 20
2.4794
 30
0.0
 11
6.89285
 21
2.4233100000000007
 31
0.0
  0
LINE
  5
4A4
330
17
100
AcDbEntity
  8
0
100
AcDbLine
 10
6.89285
 20
2.4233100000000007
 30
0.0
 11
7.0768
 21
2.3596299999999992
 31
0.0
  0
LINE
  5
4A5
330
17
100
AcDbEntity
  8
0
100
AcDbLine
 10
7.0768
 20
2.3596299999999992
 30
0.0
 11
7.226179999999999
 21
2.2910199999999996
 31
0.0
  0
LINE
  5
4A6
330
17
100
AcDbEntity
  8
0
100
AcDbLine
 10
7.226179999999999
 20
2.2910199999999996
 30
0.0
 11
7.35027
 21
2.21861
 31
0.0
  0
LINE
  5
4A7
330
17
100
AcDbEntity
  8
0
100
AcDbLine
 10
7.35027
 20
2.21861
 30
0.0
 11
7.44531
 21
2.1505799999999997
 31
0.0
  0
LINE
  5
4A8
330
17
100
AcDbEntity
  8
0
100
AcDbLine
 10
7.44531
 20
2.1505799999999997
 30
0.0
 11
7.5337700000000005
 21
2.073859999999998
 31
0.0
  0
LINE
  5
4A9
330
17
100
AcDbEntity
  8
0
100
AcDbLine
 10
7.5337700000000005
 20
2.073859999999998
 30
0.0
 11
7.61782
 21
1.9844299999999997
 31
0.0
  0
LINE
  5
4AA
330
17
100
AcDbEntity
  8
0
100
AcDbLine
 10
7.61782
 20
1.9844299999999997
 30
0.0
 11
7.6911499999999995
 21
1.8879899999999985
 31
0.0
  0
LINE
  5
4AB
330
17
100
AcDbEntity
  8
0
100
AcDbLine
 10
7.6911499999999995
 20
1.8879899999999985
 30
0.0
 11
7.7554099999999995
 21
1.7826500000000003
 31
0.0
  0
LINE
  5
4AC
330
17
100
AcDbEntity
  8
0
100
AcDbLine
 10
7.7554099999999995
 20
1.7826500000000003
 30
0.0
 11
7.81154
 21
1.6657499999999992
 31
0.0
  0
LINE
  5
4AD
330
17
100
AcDbEntity
  8
0
100
AcDbLine
 10
7.81154
 20
1.6657499999999992
 30
0.0
 11
7.859649999999999
 21
1.5337599999999991
 31
0.0
  0
LINE
  5
4AE
330
17
100
AcDbEntity
  8
0
100
AcDbLine
 10
7.859649999999999
 20
1.5337599999999991
 30
0.0
 11
7.89897
 21
1.3818799999999989
 31
0.0
  0
LINE
  5
4AF
330
17
100
AcDbEntity
  8
0
100
AcDbLine
 10
7.89897
 20
1.3818799999999989
 30
0.0
 11
7.92761
 21
1.2035
 31
0.0
  0
LINE
  5
4B0
330
17
100
AcDbEntity
  8
0
100
AcDbLine
 10
7.92761
 20
1.2035
 30
0.0
 11
7.94199
 21
0.9892099999999999
 31
0.0
  0
LINE
  5
4B1
330
17
100
AcDbEntity
  8
0
100
AcDbLine
 10
7.94199
 20
0.9892099999999999
 30
0.0
 11
7.9427
 21
0.9266199999999998
 31
0.0
  0
LINE
  5
4B2
330
17
100
AcDbEntity
  8
0
100
AcDbLine
 10
7.9427
 20
0.9266199999999998
 30
0.0
 11
7.935859999999999
 21
0.7479199999999988
 31
0.0
  0
LINE
  5
4B3
330
17
100
AcDbEntity
  8
0
100
AcDbLine
 10
7.935859999999999
 20
0.7479199999999988
 30
0.0
 11
7.91184
 21
0.5422599999999989
 31
0.0
  0
LINE
  5
4B4
330
17
100
AcDbEntity
  8
0
100
AcDbLine
 10
7.91184
 20
0.5422599999999989
 30
0.0
 11
7.877769999999999
 21
0.36668000000000056
 31
0.0
  0
LINE
  5
4B5
330
17
100
AcDbEntity
  8
0
100
AcDbLine
 10
7.877769999999999
 20
0.36668000000000056
 30
0.0
 11
7.78869
 21
0.03471999999999831
 31
0.0
  0
LINE
  5
4B6
330
17
100
AcDbEntity
  8
0
100
AcDbLine
 10
7.78869
 20
0.03471999999999831
 30
0.0
 11
7.68208
 21
-0.2920499999999997
 31
0.0
  0
LINE
  5
4B7
330
17
100
AcDbEntity
  8
0
100
AcDbLine
 10
7.68208
 20
-0.2920499999999997
 30
0.0
 11
5.41658
 21
-6.59419
 31
0.0
  0
LINE
  5
4B8
330
17
100
AcDbEntity
  8
0
100
AcDbLine
 10
5.41658
 20
-6.59419
 30
0.0
 11
4.97923
 21
-7.8859
 31
0.0
  0
LINE
  5
4B9
330
17
100
AcDbEntity
  8
0
100
AcDbLine
 10
4.97923
 20
-7.8859
 30
0.0
 11
4.546900000000001
 21
-9.27651
 31
0.0
  0
LINE
  5
4BA
330
17
100
AcDbEntity
  8
0
100
AcDbLine
 10
4.546900000000001
 20
-9.27651
 30
0.0
 11
4.17968
 21
-10.570780000000001
 31
0.0
  0
LINE
  5
4BB
330
17
100
AcDbEntity
  8
0
100
AcDbLine
 10
4.17968
 20
-10.570780000000001
 30
0.0
 11
4.04101
 21
-11.13523
 31
0.0
  0
LINE
  5
4BC
330
17
100
AcDbEntity
  8
0
100
AcDbLine
 10
4.04101
 20
-11.13523
 30
0.0
 11
3.95312
 21
-11.60463
 31
0.0
  0
LINE
  5
4BD
330
17
100
AcDbEntity
  8
0
100
AcDbLine
 10
3.95312
 20
-11.60463
 30
0.0
 11
3.8394700000000004
 21
-11.60463
 31
0.0
  0
LINE
  5
4BE
330
17
100
AcDbEntity
  8
0
100
AcDbLine
 10
3.8394700000000004
 20
-11.60463
 30
0.0
 11
3.71599
 21
-11.15727
 31
0.0
  0
LINE
  5
4BF
330
17
100
AcDbEntity
  8
0
100
AcDbLine
 10
3.71599
 20
-11.15727
 30
0.0
 11
3.57
 21
-10.71672
 31
0.0
  0
LINE
  5
4C0
330
17
100
AcDbEntity
  8
0
100
AcDbLine
 10
3.57
 20
-10.71672
 30
0.0
 11
3.14838
 21
-9.56298
 31
0.0
  0
LINE
  5
4C1
330
17
100
AcDbEntity
  8
0
100
AcDbLine
 10
3.14838
 20
-9.56298
 30
0.0
 11
2.6588499999999997
 21
-8.28692
 31
0.0
  0
LINE
  5
4C2
330
17
100
AcDbEntity
  8
0
100
AcDbLine
 10
2.6588499999999997
 20
-8.28692
 30
0.0
 11
2.17707
 21
-7.031720000000001
 31
0.0
  0
LINE
  5
4C3
330
17
100
AcDbEntity
  8
0
100
AcDbLine
 10
2.17707
 20
-7.031720000000001
 30
0.0
 11
-0.21334000000000009
 21
-0.5368399999999998
 31
0.0
  0
LINE
  5
4C4
330
17
100
AcDbEntity
  8
0
100
AcDbLine
 10
-0.21333999999999997
 20
-0.5368399999999998
 30
0.0
 11
-0.34887999999999997
 21
-0.15172000000000097
 31
0.0
  0
LINE
  5
4C5
330
17
100
AcDbEntity
  8
0
100
AcDbLine
 10
-0.34887999999999997
 20
-0.15172000000000097
 30
0.0
 11
-0.44774
 21
0.24436999999999998
 31
0.0
  0
LINE
  5
4C6
330
17
100
AcDbEntity
  8
0
100
AcDbLine
 10
-0.44774
 20
0.24436999999999998
 30
0.0
 11
-0.49962
 21
0.5681799999999999
 31
0.0
  0
LINE
  5
4C7
330
17
100
AcDbEntity
  8
0
100
AcDbLine
 10
-0.49962
 20
0.5681799999999999
 30
0.0
 11
-0.52083
 21
0.8953699999999998
 31
0.0
  0
LINE
  5
4C8
330
17
100
AcDbEntity
  8
0
100
AcDbLine
 10
-0.52083
 20
0.8953699999999998
 30
0.0
 11
-0.50987
 21
1.1311999999999998
 31
0.0
  0
LINE
  5
4C9
330
17
100
AcDbEntity
  8
0
100
AcDbLine
 10
-0.50987
 20
1.1311999999999998
 30
0.0
 11
-0.48238000000000003
 21
1.32146
 31
0.0
  0
LINE
  5
4CA
330
17
100
AcDbEntity
  8
0
100
AcDbLine
 10
-0.48238000000000003
 20
1.32146
 30
0.0
 11
-0.44347000000000003
 21
1.4798999999999989
 31
0.0
  0
LINE
  5
4CB
330
17
100
AcDbEntity
  8
0
100
AcDbLine
 10
-0.44347000000000003
 20
1.4798999999999989
 30
0.0
 11
-0.39588999999999996
 21
1.61505
 31
0.0
  0
LINE
  5
4CC
330
17
100
AcDbEntity
  8
0
100
AcDbLine
 10
-0.39588999999999996
 20
1.61505
 30
0.0
 11
-0.34096000000000004
 21
1.7327899999999996
 31
0.0
  0
LINE
  5
4CD
330
17
100
AcDbEntity
  8
0
100
AcDbLine
 10
-0.34096000000000004
 20
1.7327899999999996
 30
0.0
 11
-0.27192
 21
1.8479799999999997
 31
0.0
  0
LINE
  5
4CE
330
17
100
AcDbEntity
  8
0
100
AcDbLine
 10
-0.27192
 20
1.8479799999999997
 30
0.0
 11
-0.19566
 21
1.9487499999999986
 31
0.0
  0
LINE
  5
4CF
330
17
100
AcDbEntity
  8
0
100
AcDbLine
 10
-0.19566
 20
1.9487499999999986
 30
0.0
 11
-0.11163000000000001
 21
2.038359999999999
 31
0.0
  0
LINE
  5
4D0
330
17
100
AcDbEntity
  8
0
100
AcDbLine
 10
-0.11163000000000001
 20
2.038359999999999
 30
0.0
 11
-0.01829
 21
2.1193099999999987
 31
0.0
  0
LINE
  5
4D1
330
17
100
AcDbEntity
  8
0
100
AcDbLine
 10
-0.01829
 20
2.1193099999999987
 30
0.0
 11
0.02343
 21
2.1505799999999997
 31
0.0
  0
LINE
  5
4D2
330
17
100
AcDbEntity
  8
0
100
AcDbLine
 10
0.02343
 20
2.1505799999999997
 30
0.0
 11
0.15393
 21
2.234069999999999
 31
0.0
  0
LINE
  5
4D3
330
17
100
AcDbEntity
  8
0
100
AcDbLine
 10
0.15393
 20
2.234069999999999
 30
0.0
 11
0.29757
 21
2.306980000000001
 31
0.0
  0
LINE
  5
4D4
330
17
100
AcDbEntity
  8
0
100
AcDbLine
 10
0.29757
 20
2.306980000000001
 30
0.0
 11
0.47158999999999995
 21
2.375680000000001
 31
0.0
  0
LINE
  5
4D5
330
17
100
AcDbEntity
  8
0
100
AcDbLine
 10
0.47158999999999995
 20
2.375680000000001
 30
0.0
 11
0.68638
 21
2.4384099999999993
 31
0.0
  0
LINE
  5
4D6
330
17
100
AcDbEntity
  8
0
100
AcDbLine
 10
0.68638
 20
2.4384099999999993
 30
0.0
 11
0.95809
 21
2.4919200000000004
 31
0.0
  0
LINE
  5
4D7
330
17
100
AcDbEntity
  8
0
100
AcDbLine
 10
0.95809
 20
2.4919200000000004
 30
0.0
 11
1.38765
 21
2.5342699999999994
 31
0.0
  0
LINE
  5
4D8
330
17
100
AcDbEntity
  8
0
100
AcDbLine
 10
1.38765
 20
2.5342699999999994
 30
0.0
 11
1.67187
 21
2.541199999999998
 31
0.0
  0
LINE
  5
4D9
330
17
100
AcDbEntity
  8
0
100
AcDbLine
 10
1.67187
 20
2.541199999999998
 30
0.0
 11
1.91666
 21
2.541199999999998
 31
0.0
  0
LINE
  5
4DA
330
17
100
AcDbEntity
  8
0
100
AcDbLine
 10
1.91666
 20
2.541199999999998
 30
0.0
 11
1.91666
 21
3.9370400000000014
 31
0.0
  0
LINE
  5
4DB
330
17
100
AcDbEntity
  8
0
100
AcDbLine
 10
1.91666
 20
3.9370400000000014
 30
0.0
 11
-5.22916
 21
3.9370400000000014
 31
0.0
  0
LINE
  5
4DC
330
17
100
AcDbEntity
  8
0
100
AcDbLine
 10
-5.22916
 20
3.9370400000000014
 30
0.0
 11
-5.22916
 21
2.541199999999998
 31
0.0
  0
LINE
  5
4DD
330
17
100
AcDbEntity
  8
0
100
AcDbLine
 10
-5.22916
 20
2.541199999999998
 30
0.0
 11
-4.8177
 21
2.541199999999998
 31
0.0
  0
LINE
  5
4DE
330
17
100
AcDbEntity
  8
0
100
AcDbLine
 10
-4.8177
 20
2.541199999999998
 30
0.0
 11
-4.46659
 21
2.5254700000000003
 31
0.0
  0
LINE
  5
4DF
330
17
100
AcDbEntity
  8
0
100
AcDbLine
 10
-4.46659
 20
2.5254700000000003
 30
0.0
 11
-4.21149
 21
2.4894599999999993
 31
0.0
  0
LINE
  5
4E0
330
17
100
AcDbEntity
  8
0
100
AcDbLine
 10
-4.21149
 20
2.4894599999999993
 30
0.0
 11
-4.01416
 21
2.4418799999999994
 31
0.0
  0
LINE
  5
4E1
330
17
100
AcDbEntity
  8
0
100
AcDbLine
 10
-4.01416
 20
2.4418799999999994
 30
0.0
 11
-3.9895800000000006
 21
2.434429999999999
 31
0.0
  0
LINE
  5
4E2
330
17
100
AcDbEntity
  8
0
100
AcDbLine
 10
-3.9895800000000006
 20
2.434429999999999
 30
0.0
 11
-3.8569199999999997
 21
2.3851499999999994
 31
0.0
  0
LINE
  5
4E3
330
17
100
AcDbEntity
  8
0
100
AcDbLine
 10
-3.8569199999999997
 20
2.3851499999999994
 30
0.0
 11
-3.73563
 21
2.3248200000000008
 31
0.0
  0
LINE
  5
4E4
330
17
100
AcDbEntity
  8
0
100
AcDbLine
 10
-3.73563
 20
2.3248200000000008
 30
0.0
 11
-3.61761
 21
2.25033
 31
0.0
  0
LINE
  5
4E5
330
17
100
AcDbEntity
  8
0
100
AcDbLine
 10
-3.61761
 20
2.25033
 30
0.0
 11
-3.50066
 21
2.1590999999999987
 31
0.0
  0
LINE
  5
4E6
330
17
100
AcDbEntity
  8
0
100
AcDbLine
 10
-3.50066
 20
2.1590999999999987
 30
0.0
 11
-3.36979
 21
2.033389999999999
 31
0.0
  0
LINE
  5
4E7
330
17
100
AcDbEntity
  8
0
100
AcDbLine
 10
-3.36979
 20
2.033389999999999
 30
0.0
 11
-3.21964
 21
1.8556599999999985
 31
0.0
  0
LINE
  5
4E8
330
17
100
AcDbEntity
  8
0
100
AcDbLine
 10
-3.21964
 20
1.8556599999999985
 30
0.0
 11
-3.03518
 21
1.586269999999999
 31
0.0
  0
LINE
  5
4E9
330
17
100
AcDbEntity
  8
0
100
AcDbLine
 10
-3.03518
 20
1.586269999999999
 30
0.0
 11
-2.8411399999999998
 21
1.2365200000000005
 31
0.0
  0
LINE
  5
4EA
330
17
100
AcDbEntity
  8
0
100
AcDbLine
 10
-2.8411399999999998
 20
1.2365200000000005
 30
0.0
 11
-2.57486
 21
0.6603399999999997
 31
0.0
  0
LINE
  5
4EB
330
17
100
AcDbEntity
  8
0
100
AcDbLine
 10
-2.57486
 20
0.6603399999999997
 30
0.0
 11
-2.28125
 21
-0.06296000000000035
 31
0.0
  0
LINE
  5
4EC
330
17
100
AcDbEntity
  8
0
100
AcDbLine
 10
-2.28125
 20
-0.06296000000000035
 30
0.0
 11
2.9739500000000003
 21
-13.93275
 31
0.0
  0
LINE
  5
4ED
330
17
100
AcDbEntity
  8
0
100
AcDbLine
 10
2.97395
 20
-13.93275
 30
0.0
 11
6.020829999999999
 21
-13.93275
 31
0.0
  0
LINE
  5
4EE
330
17
100
AcDbEntity
  8
0
100
AcDbLine
 10
6.020829999999999
 20
-13.93275
 30
0.0
 11
11.375
 21
0.7651599999999998
 31
0.0
  0
LINE
  5
4EF
330
17
100
AcDbEntity
  8
0
100
AcDbLine
 10
11.375
 20
0.7651599999999998
 30
0.0
 11
11.61491
 21
1.3278199999999991
 31
0.0
  0
LINE
  5
4F0
330
17
100
AcDbEntity
  8
0
100
AcDbLine
 10
11.61491
 20
1.3278199999999991
 30
0.0
 11
11.78125
 21
1.627139999999999
 31
0.0
  0
LINE
  5
4F1
330
17
100
AcDbEntity
  8
0
100
AcDbLine
 10
11.78125
 20
1.627139999999999
 30
0.0
 11
11.87337
 21
1.7648700000000002
 31
0.0
  0
LINE
  5
4F2
330
17
100
AcDbEntity
  8
0
100
AcDbLine
 10
11.87337
 20
1.7648700000000002
 30
0.0
 11
12.00034
 21
1.9225199999999987
 31
0.0
  0
LINE
  5
4F3
330
17
100
AcDbEntity
  8
0
100
AcDbLine
 10
12.00034
 20
1.9225199999999987
 30
0.0
 11
12.14298
 21
2.06616
 31
0.0
  0
LINE
  5
4F4
330
17
100
AcDbEntity
  8
0
100
AcDbLine
 10
12.14298
 20
2.06616
 30
0.0
 11
12.27054
 21
2.1717899999999997
 31
0.0
  0
LINE
  5
4F5
330
17
100
AcDbEntity
  8
0
100
AcDbLine
 10
12.27054
 20
2.1717899999999997
 30
0.0
 11
12.36917
 21
2.238199999999999
 31
0.0
  0
LINE
  5
4F6
330
17
100
AcDbEntity
  8
0
100
AcDbLine
 10
12.36917
 20
2.238199999999999
 30
0.0
 11
12.503129999999999
 21
2.31381
 31
0.0
  0
LINE
  5
4F7
330
17
100
AcDbEntity
  8
0
100
AcDbLine
 10
12.503129999999999
 20
2.31381
 30
0.0
 11
12.64335
 21
2.377080000000001
 31
0.0
  0
LINE
  5
4F8
330
17
100
AcDbEntity
  8
0
100
AcDbLine
 10
12.64335
 20
2.377080000000001
 30
0.0
 11
12.78868
 21
2.42751
 31
0.0
  0
LINE
  5
4F9
330
17
100
AcDbEntity
  8
0
100
AcDbLine
 10
12.78868
 20
2.42751
 30
0.0
 11
12.90364
 21
2.4578699999999998
 31
0.0
  0
LINE
  5
4FA
330
17
100
AcDbEntity
  8
0
100
AcDbLine
 10
12.90364
 20
2.4578699999999998
 30
0.0
 11
13.176260000000001
 21
2.506879999999999
 31
0.0
  0
LINE
  5
4FB
330
17
100
AcDbEntity
  8
0
100
AcDbLine
 10
13.176260000000001
 20
2.506879999999999
 30
0.0
 11
13.58625
 21
2.53876
 31
0.0
  0
LINE
  5
4FC
330
17
100
AcDbEntity
  8
0
100
AcDbLine
 10
13.58625
 20
2.53876
 30
0.0
 11
13.75
 21
2.541199999999998
 31
0.0
  0
LINE
  5
4FD
330
17
100
AcDbEntity
  8
0
100
AcDbLine
 10
13.75
 20
2.541199999999998
 30
0.0
 11
13.84895
 21
2.541199999999998
 31
0.0
  0
LINE
  5
4FE
330
17
100
AcDbEntity
  8
0
100
AcDbLine
 10
13.84895
 20
2.541199999999998
 30
0.0
 11
13.84895
 21
3.9370400000000014
 31
0.0
  0
LINE
  5
4FF
330
17
100
AcDbEntity
  8
0
100
AcDbLine
 10
13.84895
 20
3.9370400000000014
 30
0.0
 11
5.51562
 21
3.9370400000000014
 31
0.0
  0
LINE
  5
500
330
17
100
AcDbEntity
  8
0
100
AcDbLine
 10
-28.41927
 20
-13.11764
 30
0.0
 11
-28.209870000000002
 21
-12.87806
 31
0.0
  0
LINE
  5
501
330
17
100
AcDbEntity
  8
0
100
AcDbLine
 10
-28.209870000000002
 20
-12.87806
 30
0.0
 11
-28.0268
 21
-12.61922
 31
0.0
  0
LINE
  5
502
330
17
100
AcDbEntity
  8
0
100
AcDbLine
 10
-28.0268
 20
-12.61922
 30
0.0
 11
-27.85548
 21
-12.31854
 31
0.0
  0
LINE
  5
503
330
17
100
AcDbEntity
  8
0
100
AcDbLine
 10
-27.85548
 20
-12.31854
 30
0.0
 11
-27.696089999999998
 21
-11.963700000000001
 31
0.0
  0
LINE
  5
504
330
17
100
AcDbEntity
  8
0
100
AcDbLine
 10
-27.696089999999998
 20
-11.963700000000001
 30
0.0
 11
-27.546870000000002
 21
-11.523900000000001
 31
0.0
  0
LINE
  5
505
330
17
100
AcDbEntity
  8
0
100
AcDbLine
 10
-27.546870000000002
 20
-11.523900000000001
 30
0.0
 11
-27.41171
 21
-10.94881
 31
0.0
  0
LINE
  5
506
330
17
100
AcDbEntity
  8
0
100
AcDbLine
 10
-27.41171
 20
-10.94881
 30
0.0
 11
-27.29976
 21
-10.10068
 31
0.0
  0
LINE
  5
507
330
17
100
AcDbEntity
  8
0
100
AcDbLine
 10
-27.29976
 20
-10.10068
 30
0.0
 11
-27.26041
 21
-9.09942
 31
0.0
  0
LINE
  5
508
330
17
100
AcDbEntity
  8
0
100
AcDbLine
 10
-27.26041
 20
-9.09942
 30
0.0
 11
-27.26041
 21
2.0359999999999996
 31
0.0
  0
LINE
  5
509
330
17
100
AcDbEntity
  8
0
100
AcDbLine
 10
-27.26041
 20
2.0359999999999996
 30
0.0
 11
-24.723950000000002
 21
2.0359999999999996
 31
0.0
  0
LINE
  5
50A
330
17
100
AcDbEntity
  8
0
100
AcDbLine
 10
-24.723950000000002
 20
2.0359999999999996
 30
0.0
 11
-24.723950000000002
 21
3.369329999999998
 31
0.0
  0
LINE
  5
50B
330
17
100
AcDbEntity
  8
0
100
AcDbLine
 10
-24.723950000000002
 20
3.369329999999998
 30
0.0
 11
-25.05727
 21
3.3870000000000005
 31
0.0
  0
LINE
  5
50C
330
17
100
AcDbEntity
  8
0
100
AcDbLine
 10
-25.05727
 20
3.3870000000000005
 30
0.0
 11
-25.41002
 21
3.440439999999999
 31
0.0
  0
LINE
  5
50D
330
17
100
AcDbEntity
  8
0
100
AcDbLine
 10
-25.41002
 20
3.440439999999999
 30
0.0
 11
-25.82901
 21
3.5436699999999988
 31
0.0
  0
LINE
  5
50E
330
17
100
AcDbEntity
  8
0
100
AcDbLine
 10
-25.82901
 20
3.5436699999999988
 30
0.0
 11
-26.052079999999997
 21
3.6141199999999998
 31
0.0
  0
LINE
  5
50F
330
17
100
AcDbEntity
  8
0
100
AcDbLine
 10
-26.052079999999997
 20
3.6141199999999998
 30
0.0
 11
-26.29435
 21
3.7072599999999998
 31
0.0
  0
LINE
  5
510
330
17
100
AcDbEntity
  8
0
100
AcDbLine
 10
-26.29435
 20
3.7072599999999998
 30
0.0
 11
-26.59497
 21
3.8569799999999983
 31
0.0
  0
LINE
  5
511
330
17
100
AcDbEntity
  8
0
100
AcDbLine
 10
-26.59497
 20
3.8569799999999983
 30
0.0
 11
-26.87813
 21
4.03758
 31
0.0
  0
LINE
  5
512
330
17
100
AcDbEntity
  8
0
100
AcDbLine
 10
-26.87813
 20
4.03758
 30
0.0
 11
-27.14067
 21
4.247020000000001
 31
0.0
  0
LINE
  5
513
330
17
100
AcDbEntity
  8
0
100
AcDbLine
 10
-27.14067
 20
4.247020000000001
 30
0.0
 11
-27.328120000000002
 21
4.4266200000000016
 31
0.0
  0
LINE
  5
514
330
17
100
AcDbEntity
  8
0
100
AcDbLine
 10
-27.328120000000002
 20
4.4266200000000016
 30
0.0
 11
-27.63721
 21
4.803089999999999
 31
0.0
  0
LINE
  5
515
330
17
100
AcDbEntity
  8
0
100
AcDbLine
 10
-27.63721
 20
4.803089999999999
 30
0.0
 11
-27.9013
 21
5.20294
 31
0.0
  0
LINE
  5
516
330
17
100
AcDbEntity
  8
0
100
AcDbLine
 10
-27.9013
 20
5.20294
 30
0.0
 11
-28.14065
 21
5.657270000000002
 31
0.0
  0
LINE
  5
517
330
17
100
AcDbEntity
  8
0
100
AcDbLine
 10
-28.14065
 20
5.657270000000002
 30
0.0
 11
-28.24739
 21
5.90058
 31
0.0
  0
LINE
  5
518
330
17
100
AcDbEntity
  8
0
100
AcDbLine
 10
-28.24739
 20
5.90058
 30
0.0
 11
-28.53779
 21
6.73146
 31
0.0
  0
LINE
  5
519
330
17
100
AcDbEntity
  8
0
100
AcDbLine
 10
-28.53779
 20
6.73146
 30
0.0
 11
-28.85937
 21
8.041200000000002
 31
0.0
  0
LINE
  5
51A
330
17
100
AcDbEntity
  8
0
100
AcDbLine
 10
-28.85937
 20
8.041200000000002
 30
0.0
 11
-30.38541
 21
8.041200000000002
 31
0.0
  0
LINE
  5
51B
330
17
100
AcDbEntity
  8
0
100
AcDbLine
 10
-30.38541
 20
8.041200000000002
 30
0.0
 11
-30.38541
 21
3.9370400000000014
 31
0.0
  0
LINE
  5
51C
330
17
100
AcDbEntity
  8
0
100
AcDbLine
 10
-30.38541
 20
3.9370400000000014
 30
0.0
 11
-34.75
 21
3.9370400000000014
 31
0.0
  0
LINE
  5
51D
330
17
100
AcDbEntity
  8
0
100
AcDbLine
 10
-34.75
 20
3.9370400000000014
 30
0.0
 11
-34.75
 21
2.0359999999999996
 31
0.0
  0
LINE
  5
51E
330
17
100
AcDbEntity
  8
0
100
AcDbLine
 10
-34.75
 20
2.0359999999999996
 30
0.0
 11
-30.38541
 21
2.0359999999999996
 31
0.0
  0
LINE
  5
51F
330
17
100
AcDbEntity
  8
0
100
AcDbLine
 10
-30.38541
 20
2.0359999999999996
 30
0.0
 11
-30.38541
 21
-9.19838
 31
0.0
  0
LINE
  5
520
330
17
100
AcDbEntity
  8
0
100
AcDbLine
 10
-30.38541
 20
-9.19838
 30
0.0
 11
-30.4152
 21
-9.86768
 31
0.0
  0
LINE
  5
521
330
17
100
AcDbEntity
  8
0
100
AcDbLine
 10
-30.4152
 20
-9.86768
 30
0.0
 11
-30.48409
 21
-10.358070000000001
 31
0.0
  0
LINE
  5
522
330
17
100
AcDbEntity
  8
0
100
AcDbLine
 10
-30.48409
 20
-10.358070000000001
 30
0.0
 11
-30.574199999999998
 21
-10.73363
 31
0.0
  0
LINE
  5
523
330
17
100
AcDbEntity
  8
0
100
AcDbLine
 10
-30.574199999999998
 20
-10.73363
 30
0.0
 11
-30.67656
 21
-11.03034
 31
0.0
  0
LINE
  5
524
330
17
100
AcDbEntity
  8
0
100
AcDbLine
 10
-30.67656
 20
-11.03034
 30
0.0
 11
-30.786839999999998
 21
-11.271130000000001
 31
0.0
  0
LINE
  5
525
330
17
100
AcDbEntity
  8
0
100
AcDbLine
 10
-30.786839999999998
 20
-11.271130000000001
 30
0.0
 11
-30.903219999999997
 21
-11.47106
 31
0.0
  0
LINE
  5
526
330
17
100
AcDbEntity
  8
0
100
AcDbLine
 10
-30.903219999999997
 20
-11.47106
 30
0.0
 11
-31.02458
 21
-11.63935
 31
0.0
  0
LINE
  5
527
330
17
100
AcDbEntity
  8
0
100
AcDbLine
 10
-31.02458
 20
-11.63935
 30
0.0
 11
-31.078120000000002
 21
-11.70359
 31
0.0
  0
LINE
  5
528
330
17
100
AcDbEntity
  8
0
100
AcDbLine
 10
-31.078120000000002
 20
-11.70359
 30
0.0
 11
-31.2434
 21
-11.87617
 31
0.0
  0
LINE
  5
529
330
17
100
AcDbEntity
  8
0
100
AcDbLine
 10
-31.2434
 20
-11.87617
 30
0.0
 11
-31.43179
 21
-12.036
 31
0.0
  0
LINE
  5
52A
330
17
100
AcDbEntity
  8
0
100
AcDbLine
 10
-31.43179
 20
-12.036
 30
0.0
 11
-31.624239999999997
 21
-12.166450000000001
 31
0.0
  0
LINE
  5
52B
330
17
100
AcDbEntity
  8
0
100
AcDbLine
 10
-31.624239999999997
 20
-12.166450000000001
 30
0.0
 11
-31.8236
 21
-12.27285
 31
0.0
  0
LINE
  5
52C
330
17
100
AcDbEntity
  8
0
100
AcDbLine
 10
-31.8236
 20
-12.27285
 30
0.0
 11
-32.03404
 21
-12.358640000000001
 31
0.0
  0
LINE
  5
52D
330
17
100
AcDbEntity
  8
0
100
AcDbLine
 10
-32.03404
 20
-12.358640000000001
 30
0.0
 11
-32.26039
 21
-12.42524
 31
0.0
  0
LINE
  5
52E
330
17
100
AcDbEntity
  8
0
100
AcDbLine
 10
-32.26039
 20
-12.42524
 30
0.0
 11
-32.50858
 21
-12.47227
 31
0.0
  0
LINE
  5
52F
330
17
100
AcDbEntity
  8
0
100
AcDbLine
 10
-32.50858
 20
-12.47227
 30
0.0
 11
-32.786210000000004
 21
-12.49742
 31
0.0
  0
LINE
  5
530
330
17
100
AcDbEntity
  8
0
100
AcDbLine
 10
-32.786210000000004
 20
-12.49742
 30
0.0
 11
-32.92708
 21
-12.50045
 31
0.0
  0
LINE
  5
531
330
17
100
AcDbEntity
  8
0
100
AcDbLine
 10
-32.92708
 20
-12.50045
 30
0.0
 11
-33.48152
 21
-12.4856
 31
0.0
  0
LINE
  5
532
330
17
100
AcDbEntity
  8
0
100
AcDbLine
 10
-33.48152
 20
-12.4856
 30
0.0
 11
-34.03388
 21
-12.43562
 31
0.0
  0
LINE
  5
533
330
17
100
AcDbEntity
  8
0
100
AcDbLine
 10
-34.03388
 20
-12.43562
 30
0.0
 11
-35.057289999999995
 21
-12.27129
 31
0.0
  0
LINE
  5
534
330
17
100
AcDbEntity
  8
0
100
AcDbLine
 10
-35.057289999999995
 20
-12.27129
 30
0.0
 11
-35.057289999999995
 21
-13.73582
 31
0.0
  0
LINE
  5
535
330
17
100
AcDbEntity
  8
0
100
AcDbLine
 10
-35.057289999999995
 20
-13.73582
 30
0.0
 11
-34.784929999999996
 21
-13.844570000000001
 31
0.0
  0
LINE
  5
536
330
17
100
AcDbEntity
  8
0
100
AcDbLine
 10
-34.784929999999996
 20
-13.844570000000001
 30
0.0
 11
-34.50513
 21
-13.93247
 31
0.0
  0
LINE
  5
537
330
17
100
AcDbEntity
  8
0
100
AcDbLine
 10
-34.50513
 20
-13.93247
 30
0.0
 11
-33.76301
 21
-14.10459
 31
0.0
  0
LINE
  5
538
330
17
100
AcDbEntity
  8
0
100
AcDbLine
 10
-33.76301
 20
-14.10459
 30
0.0
 11
-32.92707
 21
-14.21911
 31
0.0
  0
LINE
  5
539
330
17
100
AcDbEntity
  8
0
100
AcDbLine
 10
-32.92707
 20
-14.21911
 30
0.0
 11
-32.098960000000005
 21
-14.26087
 31
0.0
  0
LINE
  5
53A
330
17
100
AcDbEntity
  8
0
100
AcDbLine
 10
-32.098960000000005
 20
-14.26087
 30
0.0
 11
-31.04781
 21
-14.20818
 31
0.0
  0
LINE
  5
53B
330
17
100
AcDbEntity
  8
0
100
AcDbLine
 10
-31.04781
 20
-14.20818
 30
0.0
 11
-30.38391
 21
-14.106300000000001
 31
0.0
  0
LINE
  5
53C
330
17
100
AcDbEntity
  8
0
100
AcDbLine
 10
-30.38391
 20
-14.106300000000001
 30
0.0
 11
-29.91666
 21
-13.99004
 31
0.0
  0
LINE
  5
53D
330
17
100
AcDbEntity
  8
0
100
AcDbLine
 10
-29.91666
 20
-13.99004
 30
0.0
 11
-29.53872
 21
-13.85786
 31
0.0
  0
LINE
  5
53E
330
17
100
AcDbEntity
  8
0
100
AcDbLine
 10
-29.53872
 20
-13.85786
 30
0.0
 11
-29.21612
 21
-13.70823
 31
0.0
  0
LINE
  5
53F
330
17
100
AcDbEntity
  8
0
100
AcDbLine
 10
-29.21612
 20
-13.70823
 30
0.0
 11
-28.93523
 21
-13.54278
 31
0.0
  0
LINE
  5
540
330
17
100
AcDbEntity
  8
0
100
AcDbLine
 10
-28.93523
 20
-13.54278
 30
0.0
 11
-28.66318
 21
-13.34217
 31
0.0
  0
LINE
  5
541
330
17
100
AcDbEntity
  8
0
100
AcDbLine
 10
-28.66318
 20
-13.34217
 30
0.0
 11
-28.41927
 21
-13.11764
 31
0.0
  0
LINE
  5
542
330
17
100
AcDbEntity
  8
0
100
AcDbLine
 10
-37.02604
 20
2.54101
 30
0.0
 11
-36.93229
 21
2.541199999999998
 31
0.0
  0
LINE
  5
543
330
17
100
AcDbEntity
  8
0
100
AcDbLine
 10
-36.93229
 20
2.541199999999998
 30
0.0
 11
-36.93229
 21
3.9370400000000014
 31
0.0
  0
LINE
  5
544
330
17
100
AcDbEntity
  8
0
100
AcDbLine
 10
-36.93229
 20
3.9370400000000014
 30
0.0
 11
-42.88541
 21
3.9370400000000014
 31
0.0
  0
LINE
  5
545
330
17
100
AcDbEntity
  8
0
100
AcDbLine
 10
-42.88541
 20
3.9370400000000014
 30
0.0
 11
-42.88541
 21
-10.14109
 31
0.0
  0
LINE
  5
546
330
17
100
AcDbEntity
  8
0
100
AcDbLine
 10
-42.88541
 20
-10.14109
 30
0.0
 11
-42.90504
 21
-10.57886
 31
0.0
  0
LINE
  5
547
330
17
100
AcDbEntity
  8
0
100
AcDbLine
 10
-42.90504
 20
-10.57886
 30
0.0
 11
-42.94874
 21
-10.88814
 31
0.0
  0
LINE
  5
548
330
17
100
AcDbEntity
  8
0
100
AcDbLine
 10
-42.94874
 20
-10.88814
 30
0.0
 11
-43.00495
 21
-11.121970000000001
 31
0.0
  0
LINE
  5
549
330
17
100
AcDbEntity
  8
0
100
AcDbLine
 10
-43.00495
 20
-11.121970000000001
 30
0.0
 11
-43.066739999999996
 21
-11.30143
 31
0.0
  0
LINE
  5
54A
330
17
100
AcDbEntity
  8
0
100
AcDbLine
 10
-43.066739999999996
 20
-11.30143
 30
0.0
 11
-43.106770000000004
 21
-11.393690000000001
 31
0.0
  0
LINE
  5
54B
330
17
100
AcDbEntity
  8
0
100
AcDbLine
 10
-43.106770000000004
 20
-11.393690000000001
 30
0.0
 11
-43.2087
 21
-11.586490000000001
 31
0.0
  0
LINE
  5
54C
330
17
100
AcDbEntity
  8
0
100
AcDbLine
 10
-43.2087
 20
-11.586490000000001
 30
0.0
 11
-43.31317
 21
-11.744530000000001
 31
0.0
  0
LINE
  5
54D
330
17
100
AcDbEntity
  8
0
100
AcDbLine
 10
-43.31317
 20
-11.744530000000001
 30
0.0
 11
-43.42044
 21
-11.876660000000001
 31
0.0
  0
LINE
  5
54E
330
17
100
AcDbEntity
  8
0
100
AcDbLine
 10
-43.42044
 20
-11.876660000000001
 30
0.0
 11
-43.53134
 21
-11.98874
 31
0.0
  0
LINE
  5
54F
330
17
100
AcDbEntity
  8
0
100
AcDbLine
 10
-43.53134
 20
-11.98874
 30
0.0
 11
-43.65802
 21
-12.092880000000001
 31
0.0
  0
LINE
  5
550
330
17
100
AcDbEntity
  8
0
100
AcDbLine
 10
-43.65802
 20
-12.092880000000001
 30
0.0
 11
-43.692710000000005
 21
-12.11764
 31
0.0
  0
LINE
  5
551
330
17
100
AcDbEntity
  8
0
100
AcDbLine
 10
-43.692710000000005
 20
-12.11764
 30
0.0
 11
-43.85845
 21
-12.219660000000001
 31
0.0
  0
LINE
  5
552
330
17
100
AcDbEntity
  8
0
100
AcDbLine
 10
-43.85845
 20
-12.219660000000001
 30
0.0
 11
-44.03087
 21
-12.302520000000001
 31
0.0
  0
LINE
  5
553
330
17
100
AcDbEntity
  8
0
100
AcDbLine
 10
-44.03087
 20
-12.302520000000001
 30
0.0
 11
-44.22324
 21
-12.372530000000001
 31
0.0
  0
LINE
  5
554
330
17
100
AcDbEntity
  8
0
100
AcDbLine
 10
-44.22324
 20
-12.372530000000001
 30
0.0
 11
-44.44182
 21
-12.42882
 31
0.0
  0
LINE
  5
555
330
17
100
AcDbEntity
  8
0
100
AcDbLine
 10
-44.44182
 20
-12.42882
 30
0.0
 11
-44.5625
 21
-12.45097
 31
0.0
  0
LINE
  5
556
330
17
100
AcDbEntity
  8
0
100
AcDbLine
 10
-44.5625
 20
-12.45097
 30
0.0
 11
-45.08953
 21
-12.51229
 31
0.0
  0
LINE
  5
557
330
17
100
AcDbEntity
  8
0
100
AcDbLine
 10
-45.08953
 20
-12.51229
 30
0.0
 11
-45.61979
 21
-12.53157
 31
0.0
  0
LINE
  5
558
330
17
100
AcDbEntity
  8
0
100
AcDbLine
 10
-45.61979
 20
-12.53157
 30
0.0
 11
-46.0625
 21
-12.5317
 31
0.0
  0
LINE
  5
559
330
17
100
AcDbEntity
  8
0
100
AcDbLine
 10
-46.0625
 20
-12.5317
 30
0.0
 11
-46.0625
 21
-13.93275
 31
0.0
  0
LINE
  5
55A
330
17
100
AcDbEntity
  8
0
100
AcDbLine
 10
-46.0625
 20
-13.93275
 30
0.0
 11
-36.58854
 21
-13.93275
 31
0.0
  0
LINE
  5
55B
330
17
100
AcDbEntity
  8
0
100
AcDbLine
 10
-36.58854
 20
-13.93275
 30
0.0
 11
-36.58854
 21
-12.5317
 31
0.0
  0
LINE
  5
55C
330
17
100
AcDbEntity
  8
0
100
AcDbLine
 10
-36.58854
 20
-12.5317
 30
0.0
 11
-37.02604
 21
-12.53153
 31
0.0
  0
LINE
  5
55D
330
17
100
AcDbEntity
  8
0
100
AcDbLine
 10
-37.02604
 20
-12.53153
 30
0.0
 11
-37.55343
 21
-12.51446
 31
0.0
  0
LINE
  5
55E
330
17
100
AcDbEntity
  8
0
100
AcDbLine
 10
-37.55343
 20
-12.51446
 30
0.0
 11
-38.07812
 21
-12.45879
 31
0.0
  0
LINE
  5
55F
330
17
100
AcDbEntity
  8
0
100
AcDbLine
 10
-38.07812
 20
-12.45879
 30
0.0
 11
-38.33947
 21
-12.407490000000001
 31
0.0
  0
LINE
  5
560
330
17
100
AcDbEntity
  8
0
100
AcDbLine
 10
-38.33947
 20
-12.407490000000001
 30
0.0
 11
-38.56391
 21
-12.34013
 31
0.0
  0
LINE
  5
561
330
17
100
AcDbEntity
  8
0
100
AcDbLine
 10
-38.56391
 20
-12.34013
 30
0.0
 11
-38.76093
 21
-12.25925
 31
0.0
  0
LINE
  5
562
330
17
100
AcDbEntity
  8
0
100
AcDbLine
 10
-38.76093
 20
-12.25925
 30
0.0
 11
-38.94791
 21
-12.15931
 31
0.0
  0
LINE
  5
563
330
17
100
AcDbEntity
  8
0
100
AcDbLine
 10
-38.94791
 20
-12.15931
 30
0.0
 11
-39.0629
 21
-12.081900000000001
 31
0.0
  0
LINE
  5
564
330
17
100
AcDbEntity
  8
0
100
AcDbLine
 10
-39.0629
 20
-12.081900000000001
 30
0.0
 11
-39.17571
 21
-11.988150000000001
 31
0.0
  0
LINE
  5
565
330
17
100
AcDbEntity
  8
0
100
AcDbLine
 10
-39.17571
 20
-11.988150000000001
 30
0.0
 11
-39.280370000000005
 21
-11.88136
 31
0.0
  0
LINE
  5
566
330
17
100
AcDbEntity
  8
0
100
AcDbLine
 10
-39.280370000000005
 20
-11.88136
 30
0.0
 11
-39.37863
 21
-11.75863
 31
0.0
  0
LINE
  5
567
330
17
100
AcDbEntity
  8
0
100
AcDbLine
 10
-39.37863
 20
-11.75863
 30
0.0
 11
-39.47159
 21
-11.615820000000001
 31
0.0
  0
LINE
  5
568
330
17
100
AcDbEntity
  8
0
100
AcDbLine
 10
-39.47159
 20
-11.615820000000001
 30
0.0
 11
-39.54166
 21
-11.48484
 31
0.0
  0
LINE
  5
569
330
17
100
AcDbEntity
  8
0
100
AcDbLine
 10
-39.54166
 20
-11.48484
 30
0.0
 11
-39.60913
 21
-11.32586
 31
0.0
  0
LINE
  5
56A
330
17
100
AcDbEntity
  8
0
100
AcDbLine
 10
-39.60913
 20
-11.32586
 30
0.0
 11
-39.664539999999995
 21
-11.14934
 31
0.0
  0
LINE
  5
56B
330
17
100
AcDbEntity
  8
0
100
AcDbLine
 10
-39.664539999999995
 20
-11.14934
 30
0.0
 11
-39.712039999999995
 21
-10.92988
 31
0.0
  0
LINE
  5
56C
330
17
100
AcDbEntity
  8
0
100
AcDbLine
 10
-39.712039999999995
 20
-10.92988
 30
0.0
 11
-39.7468
 21
-10.65112
 31
0.0
  0
LINE
  5
56D
330
17
100
AcDbEntity
  8
0
100
AcDbLine
 10
-39.7468
 20
-10.65112
 30
0.0
 11
-39.76041
 21
-10.30255
 31
0.0
  0
LINE
  5
56E
330
17
100
AcDbEntity
  8
0
100
AcDbLine
 10
-39.76041
 20
-10.30255
 30
0.0
 11
-39.76041
 21
0.2599499999999999
 31
0.0
  0
LINE
  5
56F
330
17
100
AcDbEntity
  8
0
100
AcDbLine
 10
-39.76041
 20
0.2599499999999999
 30
0.0
 11
-39.742729999999995
 21
0.6543700000000001
 31
0.0
  0
LINE
  5
570
330
17
100
AcDbEntity
  8
0
100
AcDbLine
 10
-39.742729999999995
 20
0.6543700000000001
 30
0.0
 11
-39.7022
 21
0.9414200000000008
 31
0.0
  0
LINE
  5
571
330
17
100
AcDbEntity
  8
0
100
AcDbLine
 10
-39.7022
 20
0.9414200000000008
 30
0.0
 11
-39.6492
 21
1.1615699999999993
 31
0.0
  0
LINE
  5
572
330
17
100
AcDbEntity
  8
0
100
AcDbLine
 10
-39.6492
 20
1.1615699999999993
 30
0.0
 11
-39.58898
 21
1.3356999999999992
 31
0.0
  0
LINE
  5
573
330
17
100
AcDbEntity
  8
0
100
AcDbLine
 10
-39.58898
 20
1.3356999999999992
 30
0.0
 11
-39.54166
 21
1.4422499999999996
 31
0.0
  0
LINE
  5
574
330
17
100
AcDbEntity
  8
0
100
AcDbLine
 10
-39.54166
 20
1.4422499999999996
 30
0.0
 11
-39.4472
 21
1.6143399999999986
 31
0.0
  0
LINE
  5
575
330
17
100
AcDbEntity
  8
0
100
AcDbLine
 10
-39.4472
 20
1.6143399999999986
 30
0.0
 11
-39.34804
 21
1.759310000000001
 31
0.0
  0
LINE
  5
576
330
17
100
AcDbEntity
  8
0
100
AcDbLine
 10
-39.34804
 20
1.759310000000001
 30
0.0
 11
-39.24387
 21
1.8835099999999994
 31
0.0
  0
LINE
  5
577
330
17
100
AcDbEntity
  8
0
100
AcDbLine
 10
-39.24387
 20
1.8835099999999994
 30
0.0
 11
-39.122949999999996
 21
2.00075
 31
0.0
  0
LINE
  5
578
330
17
100
AcDbEntity
  8
0
100
AcDbLine
 10
-39.122949999999996
 20
2.00075
 30
0.0
 11
-38.99577
 21
2.100159999999999
 31
0.0
  0
LINE
  5
579
330
17
100
AcDbEntity
  8
0
100
AcDbLine
 10
-38.99577
 20
2.100159999999999
 30
0.0
 11
-38.94791
 21
2.1323500000000006
 31
0.0
  0
LINE
  5
57A
330
17
100
AcDbEntity
  8
0
100
AcDbLine
 10
-38.94791
 20
2.1323500000000006
 30
0.0
 11
-38.757039999999996
 21
2.2414499999999986
 31
0.0
  0
LINE
  5
57B
330
17
100
AcDbEntity
  8
0
100
AcDbLine
 10
-38.757039999999996
 20
2.2414499999999986
 30
0.0
 11
-38.55963
 21
2.3285099999999996
 31
0.0
  0
LINE
  5
57C
330
17
100
AcDbEntity
  8
0
100
AcDbLine
 10
-38.55963
 20
2.3285099999999996
 30
0.0
 11
-38.34066
 21
2.400170000000001
 31
0.0
  0
LINE
  5
57D
330
17
100
AcDbEntity
  8
0
100
AcDbLine
 10
-38.34066
 20
2.400170000000001
 30
0.0
 11
-38.07812
 21
2.4578699999999998
 31
0.0
  0
LINE
  5
57E
330
17
100
AcDbEntity
  8
0
100
AcDbLine
 10
-38.07812
 20
2.4578699999999998
 30
0.0
 11
-37.553830000000005
 21
2.5214599999999994
 31
0.0
  0
LINE
  5
57F
330
17
100
AcDbEntity
  8
0
100
AcDbLine
 10
-37.553830000000005
 20
2.5214599999999994
 30
0.0
 11
-37.02604
 21
2.54101
 31
0.0
  0
LINE
  5
580
330
17
100
AcDbEntity
  8
0
100
AcDbLine
 10
-39.33641
 20
8.751990000000001
 30
0.0
 11
-39.30403
 21
9.017280000000001
 31
0.0
  0
LINE
  5
581
330
17
100
AcDbEntity
  8
0
100
AcDbLine
 10
-39.30403
 20
9.017280000000001
 30
0.0
 11
-39.29166
 21
9.343289999999998
 31
0.0
  0
LINE
  5
582
330
17
100
AcDbEntity
  8
0
100
AcDbLine
 10
-39.29166
 20
9.343289999999998
 30
0.0
 11
-39.30129
 21
9.633450000000002
 31
0.0
  0
LINE
  5
583
330
17
100
AcDbEntity
  8
0
100
AcDbLine
 10
-39.30129
 20
9.633450000000002
 30
0.0
 11
-37.407830000000004
 21
10.46242
 31
0.0
  0
LINE
  5
584
330
17
100
AcDbEntity
  8
0
100
AcDbLine
 10
-37.407830000000004
 20
10.46242
 30
0.0
 11
-37.64847
 21
11.01205
 31
0.0
  0
LINE
  5
585
330
17
100
AcDbEntity
  8
0
100
AcDbLine
 10
-37.64847
 20
11.01205
 30
0.0
 11
-39.41084
 21
10.24047
 31
0.0
  0
LINE
  5
586
330
17
100
AcDbEntity
  8
0
100
AcDbLine
 10
-39.41084
 20
10.24047
 30
0.0
 11
-39.4375
 21
10.31725
 31
0.0
  0
LINE
  5
587
330
17
100
AcDbEntity
  8
0
100
AcDbLine
 10
-39.4375
 20
10.31725
 30
0.0
 11
-39.51496
 21
10.498119999999998
 31
0.0
  0
LINE
  5
588
330
17
100
AcDbEntity
  8
0
100
AcDbLine
 10
-39.51496
 20
10.498119999999998
 30
0.0
 11
-39.5974
 21
10.648179999999998
 31
0.0
  0
LINE
  5
589
330
17
100
AcDbEntity
  8
0
100
AcDbLine
 10
-39.5974
 20
10.648179999999998
 30
0.0
 11
-39.684400000000004
 21
10.77529
 31
0.0
  0
LINE
  5
58A
330
17
100
AcDbEntity
  8
0
100
AcDbLine
 10
-39.684400000000004
 20
10.77529
 30
0.0
 11
-39.776289999999996
 21
10.884739999999999
 31
0.0
  0
LINE
  5
58B
330
17
100
AcDbEntity
  8
0
100
AcDbLine
 10
-39.776289999999996
 20
10.884739999999999
 30
0.0
 11
-39.84375
 21
10.952659999999996
 31
0.0
  0
LINE
  5
58C
330
17
100
AcDbEntity
  8
0
100
AcDbLine
 10
-39.84375
 20
10.952659999999996
 30
0.0
 11
-39.93336
 21
11.030779999999998
 31
0.0
  0
LINE
  5
58D
330
17
100
AcDbEntity
  8
0
100
AcDbLine
 10
-39.93336
 20
11.030779999999998
 30
0.0
 11
-40.05813
 21
11.12074
 31
0.0
  0
LINE
  5
58E
330
17
100
AcDbEntity
  8
0
100
AcDbLine
 10
-40.05813
 20
11.12074
 30
0.0
 11
-40.19167
 21
11.197069999999998
 31
0.0
  0
LINE
  5
58F
330
17
100
AcDbEntity
  8
0
100
AcDbLine
 10
-40.19167
 20
11.197069999999998
 30
0.0
 11
-40.3325
 21
11.258929999999998
 31
0.0
  0
LINE
  5
590
330
17
100
AcDbEntity
  8
0
100
AcDbLine
 10
-40.3325
 20
11.258929999999998
 30
0.0
 11
-40.445229999999995
 21
11.296679999999997
 31
0.0
  0
LINE
  5
591
330
17
100
AcDbEntity
  8
0
100
AcDbLine
 10
-40.445229999999995
 20
11.296679999999997
 30
0.0
 11
-40.65733
 21
11.34679
 31
0.0
  0
LINE
  5
592
330
17
100
AcDbEntity
  8
0
100
AcDbLine
 10
-40.65733
 20
11.34679
 30
0.0
 11
-40.87285
 21
11.37917
 31
0.0
  0
LINE
  5
593
330
17
100
AcDbEntity
  8
0
100
AcDbLine
 10
-40.87285
 20
11.37917
 30
0.0
 11
-40.909929999999996
 21
13.23571
 31
0.0
  0
LINE
  5
594
330
17
100
AcDbEntity
  8
0
100
AcDbLine
 10
-40.909929999999996
 20
13.23571
 30
0.0
 11
-41.50981
 21
13.223729999999998
 31
0.0
  0
LINE
  5
595
330
17
100
AcDbEntity
  8
0
100
AcDbLine
 10
-41.50981
 20
13.223729999999998
 30
0.0
 11
-41.47303
 21
11.382220000000002
 31
0.0
  0
LINE
  5
596
330
17
100
AcDbEntity
  8
0
100
AcDbLine
 10
-41.47303
 20
11.382220000000002
 30
0.0
 11
-41.70198
 21
11.34944
 31
0.0
  0
LINE
  5
597
330
17
100
AcDbEntity
  8
0
100
AcDbLine
 10
-41.70198
 20
11.34944
 30
0.0
 11
-41.92709
 21
11.296460000000002
 31
0.0
  0
LINE
  5
598
330
17
100
AcDbEntity
  8
0
100
AcDbLine
 10
-41.92709
 20
11.296460000000002
 30
0.0
 11
-42.01512
 21
11.26826
 31
0.0
  0
LINE
  5
599
330
17
100
AcDbEntity
  8
0
100
AcDbLine
 10
-42.01512
 20
11.26826
 30
0.0
 11
-42.132830000000006
 21
11.22041
 31
0.0
  0
LINE
  5
59A
330
17
100
AcDbEntity
  8
0
100
AcDbLine
 10
-42.132830000000006
 20
11.22041
 30
0.0
 11
-42.24563
 21
11.16194
 31
0.0
  0
LINE
  5
59B
330
17
100
AcDbEntity
  8
0
100
AcDbLine
 10
-42.24563
 20
11.16194
 30
0.0
 11
-42.35258
 21
11.09333
 31
0.0
  0
LINE
  5
59C
330
17
100
AcDbEntity
  8
0
100
AcDbLine
 10
-42.35258
 20
11.09333
 30
0.0
 11
-42.452749999999995
 21
11.01517
 31
0.0
  0
LINE
  5
59D
330
17
100
AcDbEntity
  8
0
100
AcDbLine
 10
-42.452749999999995
 20
11.01517
 30
0.0
 11
-42.520830000000004
 21
10.952659999999996
 31
0.0
  0
LINE
  5
59E
330
17
100
AcDbEntity
  8
0
100
AcDbLine
 10
-42.520830000000004
 20
10.952659999999996
 30
0.0
 11
-42.62829
 21
10.835489999999998
 31
0.0
  0
LINE
  5
59F
330
17
100
AcDbEntity
  8
0
100
AcDbLine
 10
-42.62829
 20
10.835489999999998
 30
0.0
 11
-42.72414
 21
10.706849999999998
 31
0.0
  0
LINE
  5
5A0
330
17
100
AcDbEntity
  8
0
100
AcDbLine
 10
-42.72414
 20
10.706849999999998
 30
0.0
 11
-42.816430000000004
 21
10.554249999999998
 31
0.0
  0
LINE
  5
5A1
330
17
100
AcDbEntity
  8
0
100
AcDbLine
 10
-42.816430000000004
 20
10.554249999999998
 30
0.0
 11
-42.91055
 21
10.357540000000002
 31
0.0
  0
LINE
  5
5A2
330
17
100
AcDbEntity
  8
0
100
AcDbLine
 10
-42.91055
 20
10.357540000000002
 30
0.0
 11
-42.92462
 21
10.323379999999998
 31
0.0
  0
LINE
  5
5A3
330
17
100
AcDbEntity
  8
0
100
AcDbLine
 10
-42.92462
 20
10.323379999999998
 30
0.0
 11
-44.812310000000004
 21
11.061480000000001
 31
0.0
  0
LINE
  5
5A4
330
17
100
AcDbEntity
  8
0
100
AcDbLine
 10
-44.812310000000004
 20
11.061480000000001
 30
0.0
 11
-45.0308
 21
10.50268
 31
0.0
  0
LINE
  5
5A5
330
17
100
AcDbEntity
  8
0
100
AcDbLine
 10
-45.0308
 20
10.50268
 30
0.0
 11
-43.06366
 21
9.73351
 31
0.0
  0
LINE
  5
5A6
330
17
100
AcDbEntity
  8
0
100
AcDbLine
 10
-43.06366
 20
9.73351
 30
0.0
 11
-43.07871
 21
9.538670000000002
 31
0.0
  0
LINE
  5
5A7
330
17
100
AcDbEntity
  8
0
100
AcDbLine
 10
-43.07871
 20
9.538670000000002
 30
0.0
 11
-43.083330000000004
 21
9.343289999999998
 31
0.0
  0
LINE
  5
5A8
330
17
100
AcDbEntity
  8
0
100
AcDbLine
 10
-43.083330000000004
 20
9.343289999999998
 30
0.0
 11
-43.067260000000005
 21
8.98616
 31
0.0
  0
LINE
  5
5A9
330
17
100
AcDbEntity
  8
0
100
AcDbLine
 10
-43.067260000000005
 20
8.98616
 30
0.0
 11
-43.03011
 21
8.723739999999998
 31
0.0
  0
LINE
  5
5AA
330
17
100
AcDbEntity
  8
0
100
AcDbLine
 10
-43.03011
 20
8.723739999999998
 30
0.0
 11
-42.981199999999994
 21
8.521019999999998
 31
0.0
  0
LINE
  5
5AB
330
17
100
AcDbEntity
  8
0
100
AcDbLine
 10
-42.981199999999994
 20
8.521019999999998
 30
0.0
 11
-42.92708
 21
8.364120000000002
 31
0.0
  0
LINE
  5
5AC
330
17
100
AcDbEntity
  8
0
100
AcDbLine
 10
-42.92708
 20
8.364120000000002
 30
0.0
 11
-42.88097
 21
8.25652
 31
0.0
  0
LINE
  5
5AD
330
17
100
AcDbEntity
  8
0
100
AcDbLine
 10
-42.88097
 20
8.25652
 30
0.0
 11
-42.82951
 21
8.151379999999998
 31
0.0
  0
LINE
  5
5AE
330
17
100
AcDbEntity
  8
0
100
AcDbLine
 10
-42.82951
 20
8.151379999999998
 30
0.0
 11
-44.296960000000006
 21
6.62411
 31
0.0
  0
LINE
  5
5AF
330
17
100
AcDbEntity
  8
0
100
AcDbLine
 10
-44.296960000000006
 20
6.62411
 30
0.0
 11
-43.864309999999996
 21
6.208409999999999
 31
0.0
  0
LINE
  5
5B0
330
17
100
AcDbEntity
  8
0
100
AcDbLine
 10
-43.864309999999996
 20
6.208409999999999
 30
0.0
 11
-42.45705
 21
7.673020000000003
 31
0.0
  0
LINE
  5
5B1
330
17
100
AcDbEntity
  8
0
100
AcDbLine
 10
-42.45705
 20
7.673020000000003
 30
0.0
 11
-42.376200000000004
 21
7.608459999999999
 31
0.0
  0
LINE
  5
5B2
330
17
100
AcDbEntity
  8
0
100
AcDbLine
 10
-42.376200000000004
 20
7.608459999999999
 30
0.0
 11
-42.26515
 21
7.533679999999999
 31
0.0
  0
LINE
  5
5B3
330
17
100
AcDbEntity
  8
0
100
AcDbLine
 10
-42.26515
 20
7.533679999999999
 30
0.0
 11
-42.14773
 21
7.46937
 31
0.0
  0
LINE
  5
5B4
330
17
100
AcDbEntity
  8
0
100
AcDbLine
 10
-42.14773
 20
7.46937
 30
0.0
 11
-42.02492
 21
7.41605
 31
0.0
  0
LINE
  5
5B5
330
17
100
AcDbEntity
  8
0
100
AcDbLine
 10
-42.02492
 20
7.41605
 30
0.0
 11
-41.92708
 21
7.382329999999998
 31
0.0
  0
LINE
  5
5B6
330
17
100
AcDbEntity
  8
0
100
AcDbLine
 10
-41.92708
 20
7.382329999999998
 30
0.0
 11
-41.76527
 21
7.33883
 31
0.0
  0
LINE
  5
5B7
330
17
100
AcDbEntity
  8
0
100
AcDbLine
 10
-41.76527
 20
7.33883
 30
0.0
 11
-41.563959999999994
 21
7.3011800000000004
 31
0.0
  0
LINE
  5
5B8
330
17
100
AcDbEntity
  8
0
100
AcDbLine
 10
-41.563959999999994
 20
7.3011800000000004
 30
0.0
 11
-41.360220000000005
 21
7.280379999999999
 31
0.0
  0
LINE
  5
5B9
330
17
100
AcDbEntity
  8
0
100
AcDbLine
 10
-41.360220000000005
 20
7.280379999999999
 30
0.0
 11
-41.1927
 21
7.275900000000002
 31
0.0
  0
LINE
  5
5BA
330
17
100
AcDbEntity
  8
0
100
AcDbLine
 10
-41.1927
 20
7.275900000000002
 30
0.0
 11
-41.02225
 21
7.280069999999997
 31
0.0
  0
LINE
  5
5BB
330
17
100
AcDbEntity
  8
0
100
AcDbLine
 10
-41.02225
 20
7.280069999999997
 30
0.0
 11
-40.8149
 21
7.300559999999999
 31
0.0
  0
LINE
  5
5BC
330
17
100
AcDbEntity
  8
0
100
AcDbLine
 10
-40.8149
 20
7.300559999999999
 30
0.0
 11
-40.60998
 21
7.33827
 31
0.0
  0
LINE
  5
5BD
330
17
100
AcDbEntity
  8
0
100
AcDbLine
 10
-40.60998
 20
7.33827
 30
0.0
 11
-40.44524
 21
7.382109999999999
 31
0.0
  0
LINE
  5
5BE
330
17
100
AcDbEntity
  8
0
100
AcDbLine
 10
-40.44524
 20
7.382109999999999
 30
0.0
 11
-40.323100000000004
 21
7.42591
 31
0.0
  0
LINE
  5
5BF
330
17
100
AcDbEntity
  8
0
100
AcDbLine
 10
-40.323100000000004
 20
7.42591
 30
0.0
 11
-40.18667
 21
7.488750000000001
 31
0.0
  0
LINE
  5
5C0
330
17
100
AcDbEntity
  8
0
100
AcDbLine
 10
-40.18667
 20
7.488750000000001
 30
0.0
 11
-40.0742
 21
7.553420000000001
 31
0.0
  0
LINE
  5
5C1
330
17
100
AcDbEntity
  8
0
100
AcDbLine
 10
-40.0742
 20
7.553420000000001
 30
0.0
 11
-38.62982
 21
6.165609999999999
 31
0.0
  0
LINE
  5
5C2
330
17
100
AcDbEntity
  8
0
100
AcDbLine
 10
-38.62982
 20
6.165609999999999
 30
0.0
 11
-38.214110000000005
 21
6.598260000000002
 31
0.0
  0
LINE
  5
5C3
330
17
100
AcDbEntity
  8
0
100
AcDbLine
 10
-38.214110000000005
 20
6.598260000000002
 30
0.0
 11
-39.64006
 21
7.968359999999999
 31
0.0
  0
LINE
  5
5C4
330
17
100
AcDbEntity
  8
0
100
AcDbLine
 10
-39.64006
 20
7.968359999999999
 30
0.0
 11
-39.5503
 21
8.11493
 31
0.0
  0
LINE
  5
5C5
330
17
100
AcDbEntity
  8
0
100
AcDbLine
 10
-39.5503
 20
8.11493
 30
0.0
 11
-39.47315
 21
8.27483
 31
0.0
  0
LINE
  5
5C6
330
17
100
AcDbEntity
  8
0
100
AcDbLine
 10
-39.47315
 20
8.27483
 30
0.0
 11
-39.4375
 21
8.364120000000002
 31
0.0
  0
LINE
  5
5C7
330
17
100
AcDbEntity
  8
0
100
AcDbLine
 10
-39.4375
 20
8.364120000000002
 30
0.0
 11
-39.38027
 21
8.546029999999996
 31
0.0
  0
LINE
  5
5C8
330
17
100
AcDbEntity
  8
0
100
AcDbLine
 10
-39.38027
 20
8.546029999999996
 30
0.0
 11
-39.33641
 21
8.751990000000001
 31
0.0
  0
ENDSEC
  0
SECTION
  2
OBJECTS
  0
DICTIONARY
  5
A
330
0
100
AcDbDictionary
281
1
  3
ACAD_COLOR
350
B
  3
ACAD_GROUP
350
C
  3
ACAD_LAYOUT
350
D
  3
ACAD_MATERIAL
350
E
  3
ACAD_MLEADERSTYLE
350
F
  3
ACAD_MLINESTYLE
350
10
  3
ACAD_PLOTSETTINGS
350
11
  3
ACAD_PLOTSTYLENAME
350
12
  3
ACAD_SCALELIST
350
14
  3
ACAD_TABLESTYLE
350
15
  3
ACAD_VISUALSTYLE
350
16
  3
EZDXF_META
350
2D
  0
DICTIONARY
  5
B
330
A
100
AcDbDictionary
281
1
  0
DICTIONARY
  5
C
330
A
100
AcDbDictionary
281
1
  0
DICTIONARY
  5
D
330
A
100
AcDbDictionary
281
1
  3
Model
350
1A
  3
Layout1
350
1E
  0
DICTIONARY
  5
E
330
A
100
AcDbDictionary
281
1
  3
ByBlock
350
1F
  3
ByLayer
350
20
  3
Global
350
21
  0
DICTIONARY
  5
F
330
A
100
AcDbDictionary
281
1
  3
Standard
350
2C
  0
DICTIONARY
  5
10
330
A
100
AcDbDictionary
281
1
  3
Standard
350
22
  0
DICTIONARY
  5
11
330
A
100
AcDbDictionary
281
1
  0
ACDBDICTIONARYWDFLT
  5
12
330
A
100
AcDbDictionary
281
1
  3
Normal
350
13
100
AcDbDictionaryWithDefault
340
13
  0
ACDBPLACEHOLDER
  5
13
330
12
  0
DICTIONARY
  5
14
330
A
100
AcDbDictionary
281
1
  0
DICTIONARY
  5
15
330
A
100
AcDbDictionary
281
1
  0
DICTIONARY
  5
16
330
A
100
AcDbDictionary
281
1
  0
LAYOUT
  5
1A
330
D
100
AcDbPlotSettings
  1

  4
A3
  6

 40
7.5
 41
20.0
 42
7.5
 43
20.0
 44
420.0
 45
297.0
 46
0.0
 47
0.0
 48
0.0
 49
0.0
140
0.0
141
0.0
142
1.0
143
1.0
 70
1024
 72
1
 73
0
 74
5
  7

 75
16
 76
0
 77
2
 78
300
147
1.0
148
0.0
149
0.0
100
AcDbLayout
  1
Model
 70
1
 71
0
 10
0.0
 20
0.0
 11
420.0
 21
297.0
 12
0.0
 22
0.0
 32
0.0
 14
1e+20
 24
1e+20
 34
1e+20
 15
-1e+20
 25
-1e+20
 35
-1e+20
146
0.0
 13
0.0
 23
0.0
 33
0.0
 16
1.0
 26
0.0
 36
0.0
 17
0.0
 27
1.0
 37
0.0
 76
1
330
17
  0
LAYOUT
  5
1E
330
D
100
AcDbPlotSettings
  1

  4
A3
  6

 40
7.5
 41
20.0
 42
7.5
 43
20.0
 44
420.0
 45
297.0
 46
0.0
 47
0.0
 48
0.0
 49
0.0
140
0.0
141
0.0
142
1.0
143
1.0
 70
0
 72
1
 73
0
 74
5
  7

 75
16
 76
0
 77
2
 78
300
147
1.0
148
0.0
149
0.0
100
AcDbLayout
  1
Layout1
 70
1
 71
1
 10
0.0
 20
0.0
 11
420.0
 21
297.0
 12
0.0
 22
0.0
 32
0.0
 14
1e+20
 24
1e+20
 34
1e+20
 15
-1e+20
 25
-1e+20
 35
-1e+20
146
0.0
 13
0.0
 23
0.0
 33
0.0
 16
1.0
 26
0.0
 36
0.0
 17
0.0
 27
1.0
 37
0.0
 76
1
330
1B
  0
MATERIAL
  5
1F
102
{ACAD_REACTORS
330
E
102
}
330
E
100
AcDbMaterial
  1
ByBlock
  2

 70
0
 40
1.0
 71
1
 41
1.0
 91
-1023410177
 42
1.0
 72
1
  3

 73
1
 74
1
 75
1
 44
0.5
 73
0
 45
1.0
 46
1.0
 77
1
  4

 78
1
 79
1
170
1
 48
1.0
171
1
  6

172
1
173
1
174
1
140
1.0
141
1.0
175
1
  7

176
1
177
1
178
1
143
1.0
179
1
  8

270
1
271
1
272
1
145
1.0
146
1.0
273
1
  9

274
1
275
1
276
1
 42
1.0
 72
1
  3

 73
1
 74
1
 75
1
 94
63
  0
MATERIAL
  5
20
102
{ACAD_REACTORS
330
E
102
}
330
E
100
AcDbMaterial
  1
ByLayer
  2

 70
0
 40
1.0
 71
1
 41
1.0
 91
-1023410177
 42
1.0
 72
1
  3

 73
1
 74
1
 75
1
 44
0.5
 73
0
 45
1.0
 46
1.0
 77
1
  4

 78
1
 79
1
170
1
 48
1.0
171
1
  6

172
1
173
1
174
1
140
1.0
141
1.0
175
1
  7

176
1
177
1
178
1
143
1.0
179
1
  8

270
1
271
1
272
1
145
1.0
146
1.0
273
1
  9

274
1
275
1
276
1
 42
1.0
 72
1
  3

 73
1
 74
1
 75
1
 94
63
  0
MATERIAL
  5
21
102
{ACAD_REACTORS
330
E
102
}
330
E
100
AcDbMaterial
  1
Global
  2

 70
0
 40
1.0
 71
1
 41
1.0
 91
-1023410177
 42
1.0
 72
1
  3

 73
1
 74
1
 75
1
 44
0.5
 73
0
 45
1.0
 46
1.0
 77
1
  4

 78
1
 79
1
170
1
 48
1.0
171
1
  6

172
1
173
1
174
1
140
1.0
141
1.0
175
1
  7

176
1
177
1
178
1
143
1.0
179
1
  8

270
1
271
1
272
1
145
1.0
146
1.0
273
1
  9

274
1
275
1
276
1
 42
1.0
 72
1
  3

 73
1
 74
1
 75
1
 94
63
  0
MLINESTYLE
  5
22
102
{ACAD_REACTORS
330
10
102
}
330
10
100
AcDbMlineStyle
  2
Standard
 70
0
  3

 62
256
 51
90.0
 52
90.0
 71
2
 49
0.5
 62
256
  6
BYLAYER
 49
-0.5
 62
256
  6
BYLAYER
  0
MLEADERSTYLE
  5
2C
102
{ACAD_REACTORS
330
F
102
}
330
F
100
AcDbMLeaderStyle
179
2
170
2
171
1
172
0
 90
2
 40
0.0
 41
0.0
173
1
 91
-1056964608
 92
-2
290
1
 42
2.0
291
1
 43
8.0
  3
Standard
 44
4.0
300

342
29
174
1
175
1
176
0
178
1
 93
-1056964608
 45
4.0
292
0
297
0
 46
4.0
 94
-1056964608
 47
1.0
 49
1.0
140
1.0
294
1
141
0.0
177
0
142
1.0
295
0
296
0
143
3.75
271
0
272
9
273
9
  0
DICTIONARY
  5
2D
330
A
100
AcDbDictionary
280
1
281
1
  3
CREATED_BY_EZDXF
350
2E
  3
WRITTEN_BY_EZDXF
350
5CC
  0
DICTIONARYVAR
  5
2E
330
2D
100
DictionaryVariables
280
0
  1
1.4.4 @ 2026-09-02T16:50:38.501890+00:00
  0
DICTIONARYVAR
  5
5CC
330
2D
100
DictionaryVariables
280
0
  1
1.4.4 @ 2026-09-02T16:50:38.618527+00:00
  0
ENDSEC
  0
EOF
